# Blender v2.79 (sub 0) OBJ File: 'village_cottage.blend'
# www.blender.org
mtllib LOD2_village_cottage.mtl
o thatch_with_opacity.001_opacity.003
v -18.482735 11.777613 11.400977
v -18.102245 12.850740 9.930030
v -25.773636 13.012648 10.456090
v -22.855602 12.410886 11.740230
v -25.749138 14.094288 9.147667
v -23.942619 13.426060 11.364165
v -22.851357 13.280857 10.344086
v -28.842569 12.775120 10.951059
v -28.541195 13.687617 8.784948
v -17.762545 10.921900 12.997461
v -17.681107 12.415851 10.691374
v -20.814674 11.404177 11.676465
v -21.485676 12.834715 10.770672
v -25.762676 11.484179 10.774027
v -22.913944 11.765827 11.423721
v -24.857761 12.907681 10.412965
v -22.950340 13.080389 10.445818
v -28.738541 12.073789 10.549845
v -28.729504 13.152756 8.775551
v -27.209448 11.936510 10.794835
v -24.407475 13.270145 9.334961
v -24.304161 11.491892 10.983006
v -16.106741 12.935243 10.154031
v -15.854340 13.327211 9.080398
v -22.886089 14.542056 8.976142
v -16.128300 13.939070 7.222964
v -19.682144 14.751736 7.161446
v -22.882416 13.900461 9.234050
v -25.610992 13.966028 8.139921
v -22.744625 14.495007 7.037791
v -28.447357 14.553603 5.751129
v -28.521866 14.204793 7.889077
v -16.609657 12.640814 10.222387
v -16.517632 13.416831 9.150693
v -16.818293 13.697902 8.175221
v -21.928244 13.602082 9.690936
v -25.513775 14.629074 6.235597
v -28.697710 14.596165 6.167175
v -28.553463 13.926172 8.058358
v -21.046562 14.342350 8.052727
v -26.100750 13.986946 8.320944
v -22.957214 14.487957 7.044391
v -16.868822 14.210289 7.696327
v -17.060034 15.212032 6.991701
v -16.993164 15.909222 5.184250
v -20.266434 16.280825 5.042702
v -20.859951 15.041279 7.475592
v -26.076347 16.037556 4.347439
v -23.276745 16.103365 4.988152
v -28.558090 15.307945 5.786873
v -28.354694 15.845767 4.574509
v -17.320007 14.131584 7.869967
v -17.219790 15.567352 5.821519
v -20.343010 15.638887 5.992681
v -26.336037 15.610651 4.535811
v -28.612885 14.843601 6.291565
v -28.540737 15.629502 4.293904
v -21.807774 15.749040 5.396188
v -24.617912 15.137563 6.935137
v -24.664555 15.807864 4.719036
v -17.802420 16.346163 6.290077
v -17.962364 16.453659 5.251378
v -17.687426 17.077543 3.059479
v -20.762924 17.144192 2.653258
v -26.330790 16.378714 4.477738
v -26.271242 17.338909 2.870551
v -23.616909 16.939392 2.718503
v -28.938005 16.558079 2.809090
v -29.035141 16.073868 4.238800
v -17.897179 15.638071 4.643467
v -18.086027 16.494602 4.471418
v -18.071703 17.114817 3.701717
v -23.517582 16.167377 5.347231
v -26.471954 16.043690 4.859483
v -20.991182 16.777082 3.559813
v -28.791603 16.730343 3.026564
v -29.232496 15.861576 4.565417
v -27.642460 15.982020 4.929518
v -27.532270 16.730278 2.674012
v -17.720596 17.095785 3.087982
v -21.037872 17.117886 3.016126
v -17.892128 18.159504 0.657557
v -24.664829 17.419174 2.658679
v -24.165531 18.091284 2.203652
v -22.722591 18.284035 0.666078
v -29.254097 17.195927 2.399510
v -29.461658 17.171913 0.508971
v -29.000103 17.621996 1.680978
v -21.252607 17.150293 3.413031
v -17.603090 16.919127 3.399848
v -17.656841 18.159283 1.181131
v -21.090319 17.941618 1.345472
v -24.153515 17.675625 1.239635
v -26.671722 17.261377 3.167491
v -29.175812 16.754021 3.097535
v -29.207962 17.396685 0.474621
v -29.046469 17.356756 1.883591
v -22.586967 18.026360 1.270903
v -24.226868 17.236181 3.535336
v -29.565691 14.385223 4.569131
v -29.885574 15.214542 3.666438
v -29.284843 15.329933 4.861229
v -29.027357 16.160782 3.928767
v -29.706972 17.060501 -0.449041
v -29.780628 18.188019 0.043598
v -28.954155 17.092991 2.206870
v -29.905354 15.237189 2.658125
v -29.159008 16.638102 2.986553
v -28.976061 12.291693 8.728871
v -28.807503 13.375132 9.105054
v -29.341797 13.400642 7.649741
v -29.545826 14.797425 4.159032
v -29.352695 14.088526 5.835761
v -28.996895 15.905970 4.340968
v -28.492382 14.368691 7.074100
v -29.422997 13.479231 6.595122
v -28.802338 11.989067 10.181803
v -28.546070 12.706696 10.376749
v -29.325550 13.882830 8.011635
v -28.431709 13.500219 8.944158
v -29.398893 14.186461 5.115661
v -29.269611 13.772388 6.894988
v -28.901417 15.173553 5.230681
v -28.508686 14.535283 7.535450
v -29.430798 13.121520 8.319548
v -29.091522 14.122852 6.114527
v -29.375370 14.328958 6.613342
v -28.673859 14.737158 6.615973
v -29.826424 15.913660 1.496547
v -29.714256 15.740191 3.396445
v -29.264343 17.538839 1.655390
v -28.913239 16.670265 4.095057
v -20.931335 13.113386 10.375917
v -17.661642 12.099100 10.285021
v -17.651899 13.722016 7.756164
v -20.957697 14.749101 7.940297
v -28.024273 12.768583 8.371009
v -24.207079 13.606230 9.342448
v -27.887474 14.297294 6.210985
v -27.883980 14.183488 7.442703
v -24.161592 14.639286 6.792656
v -17.526024 12.174734 11.226444
v -17.469913 13.623563 8.752910
v -20.972925 12.717095 11.223543
v -28.371521 12.963248 9.964478
v -27.988283 14.311239 6.454255
v -24.625805 14.511711 6.960887
v -27.977962 14.106272 7.919645
v -21.933496 14.114704 8.252565
v -25.433189 13.538323 10.636918
v -17.981470 13.958903 8.753704
v -17.911633 15.596605 5.704293
v -28.397358 14.710695 6.608004
v -24.685459 14.866939 7.387603
v -28.275455 15.529457 4.697015
v -23.072567 16.050461 5.261566
v -18.088634 13.601974 8.947926
v -18.055382 15.294697 6.446906
v -21.442799 15.430427 5.974082
v -28.569553 14.508377 7.128084
v -24.614521 14.848017 7.855753
v -28.397778 15.387210 4.913273
v -23.986870 15.560048 5.279676
v -26.740192 15.372700 4.913937
v -18.732342 15.629292 6.388959
v -21.411976 16.013081 5.916309
v -18.706324 16.844009 3.505948
v -28.682758 15.655351 4.799137
v -28.536903 16.573439 3.190193
v -22.134918 17.229477 3.542031
v -18.851559 15.154649 6.500507
v -18.816586 16.657431 4.264740
v -22.099678 15.699180 5.786214
v -28.757349 15.565019 5.334738
v -28.634287 16.544630 3.559367
v -27.086943 15.390002 5.419523
v -25.108955 16.597790 3.588614
v -22.361931 16.639544 3.793318
v -18.774071 16.611986 4.040594
v -18.781967 18.111431 1.090040
v -25.392014 16.925432 3.737953
v -28.938566 16.518677 3.365656
v -28.838133 17.601833 1.179418
v -25.087708 17.801178 1.269132
v -22.483143 17.034145 4.075949
v -18.526733 16.272770 4.512673
v -18.526278 17.827574 1.743919
v -29.051010 16.419273 3.916259
v -25.665020 16.425091 4.186188
v -28.825558 17.237215 1.427994
v -25.529362 17.663568 1.650212
v -22.580750 17.696335 1.765399
v -27.076838 16.877228 4.042732
v -27.028921 17.570843 0.822182
v -26.550056 14.666210 7.257977
v -23.817541 14.098154 8.636835
v -24.616146 14.570796 6.017831
v -9.563436 11.649394 13.368670
v -9.919384 12.248775 10.910367
v -7.342831 11.579865 13.224861
v -7.477130 12.525375 10.716078
v -4.640444 11.990504 13.171196
v -1.631599 12.830345 11.362076
v -4.471332 12.400835 11.188601
v 1.626385 11.717354 13.282041
v 1.544829 12.215855 10.994122
v -9.936657 10.735748 13.533960
v -10.031809 12.243599 11.969267
v -2.821439 10.851055 13.444191
v -4.446687 11.273828 13.709509
v -1.279816 11.989902 11.522045
v 1.795928 11.823859 12.575162
v 1.815671 11.005438 13.164576
v 1.677164 11.868059 10.904399
v -6.157180 12.118580 11.383842
v 0.199642 11.385019 13.382021
v -2.937218 12.033148 11.263938
v -7.583624 13.197496 10.110362
v -11.600268 12.588604 9.990277
v -11.877705 13.130777 9.074992
v -11.577086 13.697603 7.173724
v -7.768074 14.257852 7.254200
v -3.287296 13.036251 9.986126
v -4.371091 13.583574 7.818630
v 1.131066 13.460732 7.635085
v 1.270488 12.956932 10.224730
v -11.116374 12.395592 10.361489
v -11.181520 13.152835 9.189450
v -10.849970 13.390510 8.183809
v -1.291177 12.750777 10.385316
v -4.620352 12.977370 10.141874
v -4.319656 13.509291 7.911097
v 1.342183 13.144108 8.160214
v 1.388865 12.676327 10.398302
v -2.641161 12.715831 10.649697
v -2.974085 13.302690 8.082868
v -10.798609 13.904621 7.681664
v -10.590446 14.938112 6.925893
v -10.625444 15.612007 5.101452
v -7.211097 15.824368 5.117857
v -1.053367 14.049497 7.648827
v -6.706771 14.301796 7.536277
v -1.389702 15.402368 5.396836
v 1.135569 14.480649 7.427899
v -4.166910 15.482754 5.725785
v 0.951300 15.295985 5.667048
v -10.322243 13.664906 7.538110
v -10.393597 15.281935 5.806446
v -5.536134 15.092230 5.797051
v -7.080808 15.072106 6.115762
v -3.787673 14.253272 8.198545
v -1.268727 14.784473 5.755642
v 1.253504 13.872145 8.230906
v 1.100680 15.029943 5.205473
v 0.327067 13.482136 8.244723
v -0.023787 15.214022 5.905642
v -2.906161 14.994512 5.726398
v -9.737270 15.780561 5.426069
v -9.601786 16.077717 5.039092
v -9.881419 16.932453 2.976388
v -6.627065 17.047134 2.606804
v -1.257867 15.841825 5.433604
v -3.627070 15.742495 5.898343
v -1.239894 17.242891 3.369316
v -3.815947 16.837839 2.969080
v 1.536795 15.701599 5.265513
v 1.511616 16.185707 3.242844
v 1.441612 16.124729 4.672908
v -6.566087 15.670413 5.436241
v -9.710970 15.425625 5.155344
v -9.464657 16.242538 4.396717
v -9.480339 16.940006 3.615080
v -6.494148 16.529112 3.684961
v -1.182400 15.300146 5.771249
v 1.656317 15.614479 5.565733
v 1.091680 16.363577 3.824051
v 1.477937 16.117088 4.750820
v -4.988486 16.625389 3.715059
v 0.049740 15.350151 6.065964
v -1.914515 15.279082 6.257790
v -0.454285 16.524292 3.528102
v -9.832808 16.946640 3.034434
v -6.339434 16.999512 3.063287
v -9.676853 18.232319 0.596596
v -0.998499 17.189667 2.984805
v -3.618773 17.589514 3.499494
v -2.188270 18.867659 0.833065
v 1.507470 17.197865 2.700258
v 1.708798 17.968866 0.966972
v 1.252803 17.710911 1.895565
v -6.197284 16.988863 3.448134
v -9.970228 16.731852 3.332009
v -9.919811 18.190226 1.091901
v -6.126762 18.099117 1.273754
v 1.622714 16.525150 3.614027
v 1.344163 17.704390 0.952769
v -4.594629 18.304588 1.230407
v 0.395107 16.499744 3.511486
v 0.507499 18.065229 0.883506
v -3.349098 16.881472 3.756694
v -0.826983 17.042620 3.690454
v -3.150199 17.915236 1.205213
v 2.227115 15.073235 4.593502
v 1.968568 13.686090 5.946914
v 1.955746 14.779995 6.259004
v 1.471603 15.885439 4.725712
v 2.165963 17.629124 -0.109850
v 1.903008 16.477541 2.424814
v 2.435237 18.204153 0.189956
v 1.616302 16.629051 3.695388
v 1.976011 10.977087 11.051194
v 1.791874 12.284929 11.465894
v 2.213510 12.027491 9.937043
v 1.363342 12.852472 10.151849
v 2.156928 14.327085 5.276322
v 2.041678 12.984448 7.725318
v 1.548842 15.625103 5.469616
v 1.350959 13.511697 9.031048
v 2.182162 12.112364 8.804288
v 1.804015 10.923286 12.778546
v 1.539571 11.760813 12.555383
v 1.544032 14.480832 6.752581
v 2.009654 13.228971 6.715182
v 1.988400 12.434582 9.152968
v 1.203805 12.975564 10.179209
v 2.131312 11.942939 10.061238
v 1.886326 12.951317 8.145173
v 1.444577 13.661713 8.301188
v 1.675579 17.739122 2.024539
v 1.117210 14.688166 6.775489
v 1.967186 16.533131 1.715821
v 1.908237 15.716180 4.161254
v 1.344969 15.763943 5.532997
v 2.026221 14.761408 5.286478
v -6.511067 12.575506 10.954509
v -9.750554 11.967880 11.041405
v -6.322750 13.976342 8.091875
v -9.740404 13.265038 7.714758
v 0.930779 11.649128 10.731437
v -2.980263 12.418571 11.057208
v 0.578554 12.935001 8.343447
v -6.386354 12.189020 12.154033
v -10.171879 11.935173 12.620685
v -10.156176 13.187588 8.683694
v -3.692195 13.280024 8.598412
v 1.967186 12.020023 12.253791
v 1.398968 12.992569 8.641041
v 1.390424 12.901188 10.287593
v -1.290528 12.319598 12.737292
v -9.623606 13.637325 8.912001
v 0.979932 14.480517 7.731608
v -9.641621 15.206450 5.639088
v -6.068143 15.324626 5.678344
v 1.157640 13.595764 8.702308
v -4.175756 13.910630 8.691467
v 0.954100 14.931869 5.944798
v -2.774297 14.972720 6.024691
v -5.787175 13.588006 8.712729
v -9.498583 13.216423 8.995396
v -9.505298 14.868144 6.350223
v 1.228263 13.522850 9.719240
v 1.007302 14.583835 6.512012
v -0.212621 14.288010 6.468923
v -0.939600 13.866098 9.375235
v -1.356736 14.643229 6.435682
v -8.772346 15.154257 6.077422
v -5.539719 15.423489 6.434760
v -8.801182 16.618397 3.419805
v -5.502090 16.998930 3.480739
v -2.261133 14.997458 6.709717
v 0.956403 16.134178 3.713169
v 1.233902 15.235763 6.217196
v -2.562434 16.295660 3.840787
v -5.252122 15.030510 6.315744
v -8.645485 14.654771 6.480422
v -8.701553 16.364563 4.192435
v -2.737914 16.236454 4.246146
v 1.372397 14.942087 6.714374
v 1.105227 16.245119 4.407337
v -0.279317 14.643264 7.334118
v -1.103543 15.923286 4.222510
v -5.146384 16.300329 4.086642
v -8.736876 16.313963 3.970912
v -8.673990 18.179197 1.070972
v -4.817983 18.059259 0.961497
v 1.320624 16.284531 3.966846
v -2.279696 16.538317 4.285633
v 1.132460 17.772900 1.408624
v -1.792422 18.047539 1.470211
v -5.048678 16.780403 4.340360
v -8.998772 15.916962 4.454582
v -8.953238 17.795773 1.678234
v -1.787783 17.825655 1.799991
v 1.395292 16.135967 4.676483
v -2.070773 15.747005 4.917890
v 1.229229 17.413015 1.707280
v -0.902471 16.571930 4.888417
v -0.373361 18.260237 1.080346
v -3.359996 13.599592 9.505047
v -29.489426 16.052147 1.908017
v -28.816004 13.471447 10.046070
v -27.979082 12.408280 10.702718
v -11.202806 13.035289 10.413684
v -7.395159 12.729076 10.121045
v -7.393795 13.958696 7.312347
v -11.194296 14.911854 7.372067
v -19.121260 12.838396 9.550580
v -14.888356 13.324905 10.857469
v -19.077604 14.433843 7.433671
v -13.070259 14.533189 7.595562
v -7.519670 12.135141 10.549555
v -7.510115 13.694404 8.040044
v -11.319818 14.063864 8.116812
v -19.251993 12.712536 9.826238
v -13.723031 13.205641 11.115680
v -19.201302 14.035305 7.665084
v -15.021731 14.201475 8.141061
v -16.945776 12.595990 10.732649
v -16.883888 13.737484 7.994351
v -8.240866 14.087296 8.034629
v -8.298473 15.202448 5.129282
v -11.911198 16.068642 5.129952
v -19.478912 14.397856 7.796644
v -14.172464 14.223696 8.417833
v -19.406443 15.594928 5.165095
v -14.690671 15.434715 5.486426
v -12.034099 14.485505 8.190587
v -8.358956 13.734306 8.312167
v -8.398559 15.185492 5.805587
v -13.742358 15.769669 5.826684
v -19.600962 14.343469 8.222765
v -15.621637 14.206389 9.125657
v -19.510857 15.906119 5.054674
v -17.366388 13.944447 8.660364
v -15.339545 15.663474 5.518460
v -11.983952 14.579071 8.170758
v -13.090943 12.910119 10.627479
v -20.201786 17.298773 1.923090
v -20.092014 15.833565 4.752182
v -16.828514 15.898227 5.861487
v -7.238441 14.487312 6.409946
v -7.535653 15.283501 3.815325
v -13.866776 15.048967 6.060616
v -10.562384 15.097137 5.769455
v -10.509486 14.300701 8.056744
v -17.417189 15.785309 5.742602
v -20.749874 15.624794 4.341610
v -16.626518 15.201688 7.993878
v -20.919174 15.004563 6.311506
v -20.597048 14.325396 7.276355
v -17.038570 14.464909 8.757334
v -29.383793 12.721562 9.099103
v -28.375294 13.785634 8.439007
v -28.302116 12.798018 10.630675
v -29.414251 13.242317 8.199747
v -28.978918 12.798781 10.398643
v -29.262909 13.722166 7.799890
v -28.964302 13.981998 6.662274
v -29.486538 13.150977 7.780668
v -28.285091 14.403581 7.712326
v -28.628168 13.212006 9.367775
v -28.905090 14.447492 6.941632
v -29.159800 13.813484 8.938174
v -27.839077 14.636479 6.787413
v -27.505577 13.614714 8.440583
v -29.243099 14.244059 8.048174
v -27.517859 14.154257 7.604394
v -28.129774 13.710896 9.339860
v -29.073917 14.053953 5.690479
v -29.545666 13.667018 7.058333
v -28.554085 14.694497 6.542926
v -28.799255 14.094798 8.559584
v -28.492191 14.487327 7.707307
v -29.404560 13.947165 8.255351
v -29.070351 14.527159 4.873557
v -29.575039 13.762395 5.890965
v -28.441553 14.936380 5.751930
v -28.979666 14.415520 7.558925
v -28.534328 14.712319 6.809725
v -29.580856 14.221951 7.134052
v -29.066345 15.041089 5.144400
v -29.369202 14.548664 6.986640
v -28.100960 15.250593 4.972044
v -27.632145 14.635550 6.503552
v -29.427420 14.802994 6.179429
v -27.596741 14.942025 5.715673
v -28.343189 14.688157 7.357594
v -29.221018 15.191797 4.363760
v -29.709064 14.406512 5.498596
v -28.395258 15.592152 5.131981
v -28.422455 14.948934 6.790277
v -28.122986 15.113459 5.837364
v -29.257010 14.703085 6.594740
v -29.186790 15.756255 3.637140
v -29.593174 14.693281 4.516247
v -28.360235 16.044252 4.510781
v -28.454281 15.580914 5.359544
v -28.756580 15.002025 5.729290
v -28.993675 16.176895 3.954046
v -29.211155 15.332650 5.532454
v -27.991367 16.492029 3.790974
v -27.524000 15.528570 4.937043
v -29.309860 15.743012 4.892934
v -27.605873 16.002239 4.305253
v -28.152813 15.459761 5.805438
v -29.432375 16.142117 2.881891
v -29.824955 15.048252 3.984482
v -28.648428 16.614384 3.717782
v -28.830944 15.660430 5.281744
v -28.536209 16.131498 4.616951
v -29.634243 15.431648 5.146905
v -29.313396 16.700314 2.064871
v -29.912460 15.565237 3.017256
v -28.629807 17.067207 3.017420
v -29.035515 16.013206 4.502747
v -28.600857 16.546860 3.897078
v -29.865505 15.837788 4.252935
v -28.328365 17.247784 1.984856
v -27.760609 16.612612 3.472015
v -29.403082 16.131374 3.678953
v -29.080318 16.888849 2.295665
v -28.402618 16.414772 4.356144
v -27.799526 17.202942 2.872854
v -29.802835 17.134081 0.740314
v -30.032780 16.130308 2.096844
v -29.022839 17.748854 1.664609
v -28.975080 16.850723 3.528299
v -28.797115 17.364443 2.790020
v -29.706203 16.471300 3.320324
v -29.937645 16.518934 0.561872
v -29.070618 17.795546 0.317159
v -29.175030 17.070824 2.271058
v -29.880630 17.756435 -0.050158
v -29.912989 16.753271 1.926165
v -29.108902 17.853701 1.907616
v -28.889101 12.192177 10.748985
v -27.818501 13.407673 9.274649
v -27.444859 12.481421 11.686975
v -28.659842 13.075718 8.708543
v -28.555687 12.512183 11.814565
v 1.175121 12.604375 10.785847
v 1.229262 11.825996 13.010951
v 2.408593 11.356783 11.312227
v 1.913794 11.701118 12.678453
v 2.119121 12.370739 10.095494
v 1.665392 12.765820 8.926690
v 2.146632 11.708862 10.068118
v 1.173694 12.734140 11.107121
v 1.569748 12.057032 11.602804
v 1.041683 13.101147 10.002461
v 1.515464 13.281827 9.131135
v 0.527681 13.460304 9.041057
v 0.106428 12.594028 10.895597
v 1.937376 12.358524 10.815180
v 0.988879 12.621123 11.663550
v 1.710765 13.087282 7.536602
v 2.234582 12.316596 9.312331
v 1.591753 12.879375 10.930012
v 1.193555 13.276747 10.060655
v 2.178351 12.650867 10.583760
v 1.279161 13.610025 8.661866
v 1.563638 13.703472 6.360518
v 2.120849 12.598989 7.828335
v 1.424929 12.949436 9.693711
v 2.215325 13.036161 9.344206
v 1.085851 13.970505 7.560515
v 1.934867 13.469808 9.108539
v 0.708014 14.334913 6.375390
v 0.382798 13.393564 8.646974
v 1.935323 13.905059 7.988367
v 0.289445 13.866154 7.561903
v 1.509590 14.243697 6.593669
v 1.102909 13.582376 9.739134
v 1.652572 14.672111 5.465515
v 2.223931 13.492214 7.131632
v 0.953025 14.376401 7.825722
v 1.275137 13.547365 8.342231
v 0.981805 14.951820 6.525246
v 1.562400 15.476570 4.360890
v 2.062657 14.111658 5.770126
v 1.115078 14.086038 7.279663
v 2.008801 14.241336 7.292417
v 0.853296 15.298902 5.277518
v 1.372696 15.921256 4.749921
v 1.684188 14.656714 6.980433
v 0.035984 14.768113 6.343543
v 1.750795 15.282288 6.010833
v 0.513368 15.768057 4.214733
v 0.642046 14.657963 7.426407
v 0.842515 16.028635 4.854027
v 2.001233 16.203749 3.535532
v 2.253568 14.753904 4.943272
v 1.286965 15.092972 6.621163
v 0.958489 15.670671 5.657718
v 2.084067 14.930695 6.401340
v 1.047731 16.300844 4.376005
v 1.395846 16.373615 2.135381
v 2.206155 15.947658 3.597516
v 0.954391 16.610897 3.294596
v 1.440100 15.572672 5.491309
v 0.948050 16.148504 4.638894
v 2.250533 15.636956 5.109778
v 1.460394 16.745985 2.998600
v 1.350033 16.857061 2.602166
v 0.623244 17.128603 2.329435
v 0.120350 16.231602 4.197658
v 1.810211 15.843356 4.260110
v 0.806734 15.979657 5.257093
v 0.176579 16.978195 3.323859
v 2.133096 17.373304 0.909341
v 1.149647 17.617174 1.593543
v 1.279427 16.483166 4.084158
v 2.388457 16.606344 1.953054
v 1.001842 17.171579 3.145085
v 2.060054 16.449751 3.883083
v 2.070062 16.983721 0.659027
v 1.426306 17.958960 0.456840
v 1.330170 16.964966 2.554093
v 2.208844 17.752237 -0.023273
v 2.030997 16.754974 2.110273
v 1.356464 17.915123 2.101387
v 1.718808 10.309132 11.911327
v 0.995391 12.040844 11.891458
v 0.456380 10.884825 13.103612
v 2.230117 11.127089 11.548274
v 0.621099 11.549712 12.559537
v 1.894710 11.774258 11.309539
v 1.398624 10.508009 13.453923
v -10.034668 15.790922 3.815200
v -13.206526 15.840164 5.883635
v -10.449315 16.939650 3.148023
v -13.422720 16.972124 3.503417
v -7.734157 17.182863 1.583660
v -7.543494 16.384954 3.493188
v -16.811178 15.450958 6.226396
v -19.643946 15.693701 4.915675
v -19.945530 17.004917 2.543864
v -16.887861 16.702421 4.397981
v -10.155375 15.469954 6.382922
v -10.196141 16.296953 2.759814
v -7.356606 15.586737 4.106570
v -7.567972 17.054995 1.438823
v -15.280518 16.713516 3.976243
v -8.691307 17.000389 1.893170
v -13.270632 15.833008 6.365328
v -12.912258 16.691429 3.929336
v -16.662455 17.357468 3.883854
v -19.439077 17.530651 2.088903
v -19.345688 17.794254 1.809759
v -13.339521 17.549952 3.811813
v -20.103310 18.341234 0.533758
v -10.239523 17.496227 1.359599
v -16.621117 18.379158 0.904142
v -7.094708 17.709875 1.150107
v -7.165944 18.253725 0.233574
v -15.529349 15.278076 6.992016
v -18.991909 15.447002 5.832356
v -19.304081 17.003584 2.462872
v -15.879284 17.053251 3.988633
v -7.529772 15.337824 4.849587
v -11.813692 15.452677 6.970841
v -7.797791 16.956114 2.192573
v -12.117819 16.554932 3.935519
v -18.511618 17.109303 3.087736
v -15.142094 17.088827 4.622274
v -18.860819 18.121296 -0.024584
v -15.513358 18.402706 1.376683
v -7.441956 17.113680 2.037691
v -11.546429 16.619040 4.557171
v -7.650589 18.369871 -0.368222
v -11.825741 17.629890 1.531614
v -18.313515 16.507151 3.277286
v -18.659485 17.986761 0.791362
v -7.306412 16.877396 2.658262
v -11.530222 16.534647 4.998619
v -7.489749 18.243849 -0.039344
v -11.706969 17.620289 1.863436
v -15.230683 17.818068 2.239045
v -9.479040 16.025631 2.957269
v -9.789026 17.507732 0.270724
v -12.584365 14.351470 8.308754
v -12.445773 14.969897 7.658589
v -16.174389 8.567800 15.552130
v -15.879620 9.038764 15.271719
v -20.469200 9.526855 16.518541
v -16.111795 9.418294 14.042349
v -25.612720 9.688431 15.631628
v -21.848217 10.399240 14.570154
v -28.119953 10.769831 12.990212
v -28.229548 10.296743 15.353267
v -16.436543 8.023893 16.298836
v -16.665516 9.445740 15.118701
v -24.127441 9.354213 16.736450
v -22.823975 10.128772 14.444360
v -28.033119 9.191515 16.166990
v -28.398550 10.771179 13.454158
v -22.283802 9.756118 15.790465
v -20.566385 9.896339 15.267072
v -25.769630 10.479202 13.813334
v -24.118408 10.236446 14.371441
v -16.849003 9.755219 14.625457
v -16.985132 10.529346 14.474038
v -16.875870 10.819641 12.567949
v -23.152718 10.653893 14.304891
v -25.752916 11.833649 11.668500
v -28.179041 11.516624 13.124986
v -23.001442 11.363258 12.622760
v -27.981302 11.868391 11.677785
v -17.280451 9.769450 14.947415
v -17.125351 10.583393 13.075929
v -20.156784 10.684797 13.344160
v -23.651737 10.705455 14.803097
v -25.051571 11.494569 11.929943
v -26.988701 11.663275 11.833606
v -22.886551 11.226936 12.838114
v -28.300570 11.018566 13.356349
v -28.162819 11.764101 11.457429
v -25.936527 10.904428 14.462365
v -17.770372 10.900341 12.591364
v -20.425997 11.172060 13.105763
v -17.510586 11.388618 10.332566
v -23.494884 11.624974 12.564751
v -25.894238 12.825329 10.316596
v -25.775372 12.271086 12.084859
v -28.627594 12.438477 9.859853
v -28.581520 12.121328 11.445658
v -17.748735 10.592297 12.323491
v -17.897251 11.214357 11.839451
v -17.852686 11.664867 10.970066
v -25.548552 11.578112 11.594514
v -23.342817 11.630336 13.288103
v -23.396702 11.961779 10.817743
v -27.322910 12.008789 12.163880
v -28.441429 12.589612 10.152148
v -28.808502 11.992025 11.680018
v -20.675900 11.462117 11.217930
v -27.152287 12.504682 9.923635
v -17.520546 11.676277 10.669505
v -20.745064 11.714107 10.552803
v -17.557484 12.879203 8.807152
v -24.631868 13.328140 8.378645
v -24.033234 12.659245 10.458435
v -28.836723 13.072491 9.730999
v -28.776733 13.994869 8.575518
v -28.606840 13.478045 9.191154
v -20.933510 11.765776 11.028208
v -17.406513 11.538600 10.936788
v -17.355528 12.871595 9.386438
v -20.694490 12.640608 9.301645
v -23.775476 12.338562 11.130932
v -28.746393 12.477573 9.919455
v -28.575069 13.806482 8.651393
v -22.131653 12.878624 9.085208
v -27.506504 13.382538 8.255832
v -24.731911 12.589602 10.678890
v -23.578606 12.856594 8.865030
v -28.947514 10.521719 11.346635
v -28.928560 11.472424 11.954458
v -29.493414 11.191311 10.468922
v -28.673775 12.118171 11.005172
v -29.254990 13.307129 6.978044
v -29.085810 14.366651 7.959586
v -28.500938 12.956997 9.493354
v -29.568836 11.185179 9.297281
v -28.860645 12.496959 10.070492
v -29.034178 9.379363 14.481689
v -29.010300 7.684091 14.409371
v -28.644306 9.043262 15.904552
v -28.466667 10.210702 15.487318
v -29.149761 10.823762 10.902069
v -29.039207 10.257208 12.774024
v -28.537144 11.930243 11.468057
v -28.284729 11.020473 13.667975
v -29.161594 9.521142 13.383902
v -28.746534 10.322130 13.141388
v -29.052509 11.562666 12.102283
v -29.475555 11.921128 8.334188
v -29.163597 11.685869 10.324800
v -28.893238 13.411961 9.085939
v -28.450729 12.529976 10.953995
v -29.121323 11.219944 11.075458
v -28.375221 10.902920 13.849513
v -16.913673 7.794834 15.696165
v -16.880306 8.855364 15.492556
v -21.168444 8.924685 16.947824
v -16.815525 9.212145 14.447443
v -27.925568 8.371094 14.934528
v -24.283113 9.120848 16.171434
v -27.633831 10.465448 13.610900
v -27.661644 10.328090 15.054081
v -21.585459 10.171613 14.998100
v -21.182829 8.287385 16.465681
v -17.630934 7.744381 16.152327
v -17.490450 9.332851 15.347398
v -20.795727 9.667564 15.501850
v -28.472294 8.184897 15.736878
v -27.747704 10.461559 13.915521
v -24.606878 8.501245 16.529373
v -27.773674 10.083838 15.447924
v -24.714769 10.129825 14.630902
v -17.957581 9.726768 15.627585
v -17.792316 10.596928 13.037944
v -28.133228 10.933274 14.043331
v -23.069576 10.317665 15.235117
v -27.909386 11.877821 11.913645
v -21.123161 10.997200 12.932524
v -17.951920 10.493284 13.779830
v -18.087006 9.418576 15.484064
v -21.772190 10.725283 13.455251
v -28.224258 10.719555 14.560083
v -28.078667 11.501358 12.006725
v -25.391186 11.352306 12.519876
v -18.594843 10.748425 13.871942
v -23.760365 11.432005 13.424129
v -18.475393 11.415951 10.936437
v -21.622868 11.884480 11.024858
v -28.190254 12.465826 10.195861
v -28.278805 11.925152 12.173310
v -21.865829 10.943159 13.407694
v -18.732809 10.368961 13.757720
v -18.592461 11.299910 11.642106
v -25.045021 11.333305 13.482509
v -28.289341 12.320795 10.490926
v -28.375450 11.751594 12.544236
v -24.809462 12.084015 10.960910
v -21.849041 11.537666 11.575507
v -26.484352 11.263818 12.655384
v -18.556011 11.225626 11.490241
v -22.031918 11.575928 11.450416
v -28.566359 12.388841 10.472971
v -25.029510 12.403023 11.164371
v -28.407784 13.516369 8.722476
v -18.438427 12.745813 9.274429
v -22.138941 11.910070 11.763645
v -18.332218 11.001646 11.969069
v -18.213099 12.432697 9.452654
v -28.603289 12.357990 11.043927
v -25.221149 11.939312 11.367862
v -28.448229 13.198032 8.775966
v -24.946144 12.992083 9.162315
v -21.717518 12.606646 9.621143
v -26.756706 12.818053 11.557224
v -26.520418 13.169480 8.343477
v -25.108101 10.596316 15.508440
v -23.889198 9.816922 16.066704
v -24.106562 10.196513 15.651518
v -23.801210 10.356589 14.057927
v -7.618292 9.415312 16.271776
v -11.571898 8.306760 14.849710
v -7.350002 10.208630 16.121670
v -11.602435 9.374324 13.900724
v -7.813148 10.508802 14.256001
v -1.479838 9.194366 15.753646
v -1.553832 9.706549 14.245375
v -3.865877 9.637751 14.535542
v 1.087543 9.632631 14.383413
v 1.444652 8.948121 16.296814
v -7.795073 8.741854 15.830545
v -11.140779 8.196311 15.731087
v -11.211990 8.994642 15.329182
v -10.882463 9.216794 14.692554
v -1.239432 8.987493 15.867761
v -4.217974 9.171462 16.340580
v 1.380369 9.345083 14.823834
v -4.410732 9.707427 14.587579
v 1.533072 8.626824 15.993702
v -7.004336 9.794924 14.973639
v -0.566554 9.535818 14.287224
v -2.608537 8.823790 16.287323
v -3.075295 9.585099 14.771932
v -10.833534 9.698009 14.460371
v -10.625017 10.579465 14.119415
v -7.119801 10.585135 14.832222
v -10.646712 10.982773 12.470060
v -7.201040 11.448481 12.433638
v -1.442690 10.184540 14.334681
v -1.407478 11.171818 12.171344
v 0.807061 11.252236 12.574169
v -4.181340 11.262583 12.748658
v 1.155878 10.639473 14.642704
v -7.233483 10.154502 14.594992
v -10.355417 9.655656 14.595872
v -10.427929 10.808995 13.131183
v -5.899731 10.919646 12.921610
v -0.762433 10.797104 12.496421
v 1.027554 11.086575 12.313101
v 1.235399 10.128505 15.397540
v 0.378965 9.726337 14.791137
v -3.456540 10.345655 15.139201
v -3.640710 10.831949 12.658526
v -9.673426 11.294607 12.819686
v -1.293406 11.681072 12.554866
v -9.894230 12.177133 10.763056
v -6.708364 12.434002 10.161440
v -3.865973 11.402740 12.692412
v 1.234942 12.476419 10.344112
v 1.430194 11.654925 12.139410
v -6.561465 11.380958 12.683149
v -9.731092 10.924589 12.469967
v -9.475814 11.559186 11.933043
v -9.491641 12.231663 11.387733
v -6.537256 12.024338 11.110469
v -3.830089 11.516891 13.454363
v -1.169034 11.199842 12.736650
v 1.529846 11.605748 12.476177
v 1.060615 12.347414 10.754584
v 1.408381 11.992584 11.644848
v -4.723077 12.137850 10.960690
v 0.191957 11.246052 12.911647
v -0.208822 12.057479 10.376323
v -6.410215 12.353716 10.452724
v -9.844837 12.174476 10.809880
v -9.694126 13.477226 8.804509
v -3.713974 12.834202 10.457447
v -1.313536 13.375319 7.897058
v -4.453691 13.995029 8.446493
v -1.272792 12.483956 10.114460
v 1.333763 13.028076 9.791227
v 1.209725 14.061756 8.315517
v 1.090850 13.516800 9.101505
v -6.239066 12.420134 10.945660
v -9.984395 12.007005 11.066061
v -9.937940 13.399132 9.355332
v -4.983214 13.474184 8.748226
v 1.331268 12.452888 10.549451
v 0.931779 13.887384 8.597154
v -1.024068 13.256544 8.281201
v -3.015459 12.307579 10.786799
v -3.570444 13.159634 8.612990
v 2.098166 9.693247 12.632728
v 2.161109 10.707108 11.373156
v 1.708771 10.757683 13.231736
v 1.727862 13.136251 7.036856
v 1.730607 11.917126 9.031527
v 1.522134 14.286385 7.462116
v 1.125922 12.885996 9.471861
v 1.997375 10.884403 9.892034
v 1.882684 9.080611 14.647289
v 1.550004 9.831318 15.195584
v 1.202374 10.754406 13.894900
v 1.926192 11.780245 8.564798
v 1.803881 11.331982 10.937713
v 1.324333 11.833374 12.331881
v 1.904124 9.945508 13.650503
v 1.386170 13.524263 9.108244
v -6.533338 8.549720 16.452110
v -10.873546 7.540505 15.747362
v -10.823395 9.042523 14.247733
v -5.267687 9.767836 16.281107
v 1.026670 7.516486 15.149972
v -2.927169 8.401862 16.349880
v 0.650545 9.229203 14.665238
v -6.113679 10.232160 15.033979
v -9.665276 9.632525 15.557878
v -5.486952 10.214119 15.716684
v -9.666206 10.808632 12.904902
v 1.173172 9.745839 15.369797
v -2.581524 10.094409 15.490618
v 0.757427 10.998259 12.929479
v -6.049243 11.170072 12.866711
v -5.836576 9.853640 15.377327
v -9.541189 9.261272 15.367693
v -9.538069 10.673406 13.594907
v -5.542297 10.726715 13.367484
v 1.390889 9.374711 15.708465
v -2.430127 10.122972 15.985579
v 0.995646 10.640765 13.586771
v -0.394850 10.345175 13.240520
v -0.793849 9.938175 15.616541
v -1.082306 10.537466 13.120695
v -5.497185 11.186043 13.275960
v -8.792071 10.892684 13.384290
v -8.811162 11.985308 11.032404
v -5.561505 12.566088 11.015690
v 1.055999 11.161594 13.134904
v -2.337606 10.946156 13.595990
v 0.930470 12.036013 10.589562
v -2.521811 11.784361 10.726562
v -5.322272 10.961514 13.392052
v -8.678095 10.629351 13.612401
v -8.695339 11.720375 11.658781
v -2.959156 11.809749 11.154236
v 1.307606 10.976263 13.854156
v -2.194165 11.003294 14.205732
v 0.976531 12.228024 11.120377
v -0.394181 10.437517 13.630520
v -0.897243 11.570192 11.181927
v -8.735331 13.366894 9.048604
v -5.165005 13.442476 8.763806
v 1.269678 12.138089 10.870862
v -8.742331 11.756357 11.720803
v 0.864229 13.731992 8.891639
v -2.297046 13.083497 8.597524
v -5.042668 12.294997 11.657666
v -9.000788 11.349381 11.877253
v -8.998730 13.009034 9.736256
v -4.640028 13.200930 9.328168
v 1.334730 12.016586 11.574193
v -1.968306 11.418407 11.734275
v 0.944768 13.151587 8.731835
v -2.132148 12.984314 8.938233
v -0.616707 12.219244 11.800844
v -0.890791 13.341188 8.199300
v -3.293501 9.235983 16.261044
v -3.100841 9.747053 15.978925
v -29.076466 12.015539 8.793447
v -29.191265 13.947329 8.800046
v -7.430773 8.949106 16.101034
v -13.373054 9.712745 15.577415
v -7.441064 10.267173 14.289285
v -11.218445 10.436671 14.207754
v -19.179102 8.681234 15.816000
v -15.024299 8.895466 16.077114
v -19.039549 9.891115 14.546968
v -13.164354 10.038602 14.590020
v -7.555276 8.090454 15.891285
v -7.555719 9.936697 14.931808
v -19.319731 8.527136 16.078323
v -15.110649 8.798158 16.342886
v -19.165920 9.623243 14.771202
v -15.111111 9.718135 14.930183
v -17.000360 8.323953 15.963158
v -16.862217 9.381323 14.791691
v -8.282032 10.391529 15.187731
v -8.299187 10.863503 12.299631
v -11.902781 10.908792 11.543421
v -15.074903 9.908057 15.204648
v -19.252602 10.520151 12.449631
v -19.417852 9.956280 14.917692
v -15.416147 10.529717 12.732083
v -12.062501 10.109540 15.067236
v -8.410335 9.875818 15.061130
v -8.415380 11.009527 13.156272
v -19.558750 9.908138 15.236384
v -19.328285 10.812592 12.551497
v -11.710211 10.656702 12.766159
v -15.959685 9.815297 15.668810
v -16.705271 10.739786 12.842002
v -11.649509 10.155421 15.002903
v -13.724359 10.526217 12.325559
v -13.124007 8.523848 15.468454
v -26.891033 10.730544 12.854616
v -26.855307 10.416197 15.226244
v -25.268574 10.115349 15.773474
v -26.122557 10.392435 15.504363
v -23.110783 10.014692 15.115047
v -23.085037 10.161874 13.558241
v -28.781063 10.222340 13.945492
v -29.264889 9.056086 14.344964
v -28.092283 10.559486 15.274362
v -28.557453 8.875175 16.595842
v -28.142380 9.691846 16.300787
v -27.715466 10.657246 14.198136
v -27.377972 9.423120 15.859559
v -28.903008 9.610044 15.875941
v -28.602341 10.573280 14.273044
v -28.096752 9.280866 16.491510
v -27.293629 10.402444 15.246382
v -29.089907 10.501241 12.908495
v -29.303761 9.733549 13.935260
v -28.296946 10.942812 13.987671
v -29.215878 10.078975 13.222362
v -28.267181 10.608284 15.176620
v -28.444481 9.864165 15.808382
v -28.743645 10.677034 11.827809
v -29.317907 9.867146 12.638045
v -28.163658 11.171030 13.029669
v -28.323641 10.909185 14.257977
v -28.541388 10.446348 14.840279
v -28.987482 10.723766 14.233858
v -27.408731 10.796508 14.063171
v -29.051542 11.042043 13.344211
v -27.828724 11.004456 12.036976
v -28.530758 10.970546 12.206169
v -28.116856 10.994091 14.982103
v -28.833395 11.254753 11.302320
v -29.363785 10.569284 12.339962
v -28.037670 11.650360 12.250065
v -28.235340 11.137059 14.274180
v -27.934500 11.347439 13.195657
v -28.899164 10.920681 13.853634
v -28.743160 11.661135 10.560103
v -29.232784 10.769041 11.244864
v -27.990322 12.014293 11.578512
v -28.092873 11.735300 12.614408
v -28.419483 11.342916 13.177707
v -28.653442 12.144421 10.993390
v -28.862885 11.535187 12.656510
v -27.698261 12.226532 10.741264
v -27.192154 11.586518 12.198027
v -28.961609 11.848785 11.944150
v -27.258512 11.967268 11.498184
v -27.935421 11.661215 13.172630
v -28.135319 12.378795 11.118055
v -28.970678 12.015964 9.797568
v -29.446442 11.062290 10.692670
v -28.244534 12.389071 10.747189
v -28.223873 12.159332 11.798628
v -28.393017 11.685123 12.348044
v -28.885735 12.579760 9.150898
v -29.553429 11.519668 9.762235
v -28.248566 12.849968 10.196479
v -28.304482 12.458284 11.078058
v -28.550186 11.889724 11.377825
v -28.823524 12.930168 9.571762
v -27.370075 12.391727 10.700960
v -28.954924 12.139124 10.824127
v -27.833483 12.943295 9.258672
v -28.279129 13.059427 9.640734
v -28.079891 12.447829 11.729381
v -28.538887 13.529926 9.108225
v -28.443033 12.674984 10.626593
v -29.759193 12.127501 8.976183
v -29.271736 12.382250 10.397563
v -29.650858 13.277550 8.282220
v -29.444721 12.604816 7.716700
v -28.437214 13.798961 8.015981
v -28.782711 12.960405 9.560179
v -29.286140 13.869236 7.596369
v -28.603157 13.674823 9.589025
v 0.695091 9.368738 15.266334
v 0.445195 8.425129 15.920204
v 2.095021 8.255855 15.651683
v 1.715657 9.339751 15.643492
v 0.333604 9.134427 15.908347
v 1.977177 9.392908 14.552593
v 2.156770 8.207541 14.742992
v 1.818033 8.693977 16.222818
v 1.448262 9.261132 16.099319
v 1.309071 9.730770 15.444605
v 1.830261 9.885944 13.347927
v 2.333142 8.692634 14.090545
v 1.353503 9.718526 15.570482
v 1.884002 9.066766 15.804630
v 1.066537 10.115125 14.478962
v 1.627224 10.373964 13.711203
v 0.341700 9.576253 15.043567
v 2.088609 9.472034 15.524572
v 0.702501 10.169680 13.170379
v 1.231104 9.577945 15.971944
v 0.987674 10.584339 13.773562
v 1.539094 10.540579 12.483294
v 2.335284 9.625161 13.961609
v 1.345447 9.977607 15.531630
v 0.994070 10.515987 14.843472
v 1.953605 9.803657 15.361134
v 0.861836 10.896297 13.509952
v 1.392061 11.193871 11.169595
v 2.270047 10.056654 12.602158
v 1.421482 10.445473 14.753879
v 0.936774 10.947260 13.882516
v 2.054515 10.351840 14.389538
v 0.778480 11.330084 12.266979
v -0.021402 10.752418 13.179707
v 1.702983 10.799629 14.254483
v 0.532511 11.542315 10.930411
v 0.807878 10.768118 14.486752
v 1.373812 11.739254 11.628088
v 1.375849 11.755890 10.216362
v 2.152789 10.519345 11.766316
v 1.299032 11.094797 13.722699
v 0.964212 11.621107 12.531153
v 2.025489 10.916494 13.547457
v 0.922957 12.072304 11.170232
v 1.267511 12.406668 9.290856
v 2.182559 11.233586 10.342975
v 1.393203 11.551572 12.387542
v 0.934891 12.115944 11.549589
v 2.237353 11.461778 11.978700
v 0.721641 12.679960 10.401503
v 1.322853 12.856668 9.664186
v 0.043989 11.995474 11.058246
v 1.707081 11.830580 11.456684
v 0.489275 12.657141 9.145738
v 0.831378 11.934320 12.161489
v 0.704571 13.088477 9.747252
v 1.499330 13.071055 7.976291
v 2.124400 11.999493 9.283361
v 1.126086 12.537720 11.071937
v 0.921516 13.130640 10.236142
v 1.919411 12.224655 10.767831
v 1.049627 13.590307 9.056978
v 1.942955 12.590254 7.708249
v 0.789408 13.823149 7.735330
v 1.319359 12.895563 9.619851
v 1.687828 13.797426 7.278364
v 1.965986 12.687281 9.192284
v 1.154677 13.667197 9.399225
v -8.290120 8.479842 16.660019
v -8.286354 9.508305 15.024864
v -11.964596 9.825578 15.166118
v -19.656654 8.401597 15.936491
v -13.974102 8.204132 16.274406
v -19.602610 9.293110 14.725699
v -14.304221 9.261164 15.134800
v -12.075660 8.443548 16.451506
v -8.409789 8.010782 16.642021
v -8.407051 9.646625 15.697892
v -12.066876 9.417895 15.500912
v -19.726381 9.614655 15.001212
v -19.779690 8.335105 16.057995
v -14.066791 9.478782 15.400063
v -17.059799 8.075964 16.492825
v -12.213522 8.501777 16.367193
v -20.344202 10.743996 12.247812
v -20.293755 9.489980 14.410697
v -7.189101 9.060423 15.976041
v -7.463426 9.642238 13.887144
v -13.463891 8.829070 15.271996
v -10.604891 9.096201 15.306216
v -10.554232 8.386771 16.521807
v -17.578312 9.473661 15.220160
v -20.954241 9.289835 13.907667
v -16.864601 9.115777 16.339287
v -21.136751 8.882249 15.269250
v -20.782310 8.280859 15.625869
v -17.190973 8.481678 16.257683
v -10.066566 9.770384 13.951761
v -15.996456 9.458329 15.180083
v -10.482737 10.671444 13.692848
v -7.422056 10.709018 14.192272
v -14.364518 10.605206 14.167010
v -7.734981 10.945349 12.250851
v -16.954931 9.221433 15.389589
v -19.847404 9.362299 14.510634
v -20.087065 10.451348 12.715549
v -17.086807 10.217951 14.469469
v -10.199286 9.557700 16.007536
v -10.239491 10.106517 13.069438
v -13.637914 10.171807 14.133695
v -7.535600 11.303053 12.171087
v -8.348397 9.560134 14.383460
v -7.322683 10.210338 14.755118
v -13.535817 9.554933 15.765459
v -15.635730 9.114456 15.906716
v -19.204433 9.171464 15.228996
v -19.437080 10.411430 12.663629
v -15.948029 10.409073 14.197973
v -7.456528 9.735371 14.876919
v -12.298223 9.347188 16.521246
v -7.806377 10.805521 12.495892
v -12.152716 10.153502 14.005376
v -12.553653 8.250083 16.452333
v -12.295210 8.846871 16.307583
v -8.812654 10.490808 15.020683
v -8.784458 11.083979 12.350447
v -12.230340 11.561840 12.568173
v -14.271389 10.160172 15.038262
v -19.180187 10.923279 12.055552
v -19.248009 10.396253 14.512556
v -15.129450 10.891292 12.575438
v -12.296824 10.386574 15.001051
v -8.922174 10.072049 14.993175
v -8.903696 11.184580 13.150783
v -19.286346 11.222405 12.172423
v -19.370392 10.251545 14.664870
v -13.746362 11.311077 13.224631
v -15.924376 10.079931 15.447070
v -16.207659 11.081521 12.619473
v -12.443281 10.445278 15.018372
v -19.782841 11.226614 11.950721
v -7.788162 10.812355 13.530191
v -8.021780 11.121454 11.032660
v -13.671377 10.712575 13.130603
v -10.933620 10.859630 12.923005
v -10.893771 10.318979 14.882102
v -17.313978 11.186642 12.885713
v -16.739796 10.502005 15.542430
v -20.405956 10.657907 11.037887
v -20.271725 10.196959 13.770954
v -19.943401 12.506280 9.551596
v -10.434877 11.439427 11.225176
v -16.512159 11.277790 13.079985
v -10.818943 12.457027 10.996791
v -14.037685 12.469057 11.627981
v -8.286810 12.821623 9.559962
v -8.019924 12.109350 11.127431
v -19.404858 11.001783 11.871296
v -19.692558 12.083939 9.933148
v -16.761446 10.983273 13.309608
v -16.798878 11.917818 11.975471
v -10.563879 11.260418 13.713984
v -10.581532 11.880096 10.354575
v -8.097422 12.724249 9.307819
v -15.306316 11.993313 11.547025
v -8.839066 11.040154 11.634965
v -7.883794 11.533467 11.833415
v -9.183670 12.587442 9.779217
v -13.467118 11.367828 13.682757
v -13.255440 12.125685 11.602299
v -18.815033 10.879545 12.714824
v -15.565681 11.023649 14.255472
v -19.081091 12.132057 9.949533
v -15.841133 12.182116 11.520412
v -8.016304 11.222195 12.132257
v -12.105873 11.155230 14.200174
v -8.329292 12.572474 9.915530
v -12.357852 12.037039 11.583508
v -14.386672 12.246437 12.243546
v -18.348335 12.079395 10.626692
v -18.568684 13.697279 8.040279
v -15.334058 13.732283 9.696020
v -11.833149 12.081274 12.266845
v -8.217623 13.623320 8.503865
v -7.990698 12.790222 10.094388
v -12.078253 13.109764 9.627277
v -18.160900 11.617321 10.627062
v -18.412083 13.305990 8.725096
v -15.250150 13.084751 10.210929
v -7.818290 12.536534 10.509682
v -11.738523 12.072180 12.786305
v -8.110939 13.760642 8.736206
v -11.953873 13.080463 9.970255
v -9.914053 11.667141 10.462824
v -10.107021 12.978743 8.735321
v -12.712585 10.231356 15.113410
v -12.808560 10.783782 14.731010
v -18.497910 11.752277 -11.330740
v -18.073204 12.852463 -9.947237
v -25.773632 13.012648 -10.456094
v -22.855598 12.410886 -11.740233
v -25.749134 14.094288 -9.147671
v -24.197155 13.370859 -11.319648
v -22.851353 13.280857 -10.344090
v -28.842566 12.775120 -10.951065
v -28.541191 13.687617 -8.784952
v -17.762541 10.921900 -12.997463
v -17.680027 12.394741 -10.842336
v -20.616154 11.365386 -11.727108
v -25.762672 11.484179 -10.774031
v -22.913940 11.765827 -11.423725
v -28.774605 12.775784 -10.123833
v -28.738537 12.073789 -10.549850
v -28.716908 13.159466 -8.748961
v -22.856911 13.144024 -10.650543
v -21.574917 12.816809 -10.752658
v -27.209444 11.936510 -10.794839
v -24.304157 11.491892 -10.983010
v -24.357388 13.222603 -9.271822
v -16.141518 12.826471 -9.919750
v -15.854337 13.327211 -9.080398
v -22.741306 14.489867 -9.126039
v -16.128296 13.939070 -7.222965
v -19.682142 14.751736 -7.161448
v -22.993149 13.951193 -9.370465
v -22.744623 14.495007 -7.037794
v -28.447355 14.553603 -5.751133
v -28.515079 14.268126 -7.996715
v -16.609653 12.640814 -10.222387
v -16.517630 13.416831 -9.150693
v -16.818289 13.697902 -8.175221
v -21.944977 13.608208 -9.711203
v -28.708885 14.495055 -6.193138
v -28.543125 13.925354 -8.064661
v -21.205755 14.322746 -7.945119
v -26.283962 13.868488 -8.129966
v -25.661980 14.433838 -6.027624
v -22.944031 14.511438 -7.072427
v -16.868820 14.210289 -7.696328
v -17.056141 15.250103 -7.119729
v -16.993162 15.909222 -5.184251
v -20.266432 16.280825 -5.042704
v -20.836781 15.002451 -7.344423
v -26.076345 16.037556 -4.347443
v -28.538155 15.308723 -5.781384
v -23.276743 16.103365 -4.988155
v -28.374825 15.826978 -4.541842
v -17.320004 14.131584 -7.869968
v -17.216002 15.582272 -5.879237
v -20.445944 15.593614 -5.865545
v -24.855991 15.109941 -6.821774
v -26.822412 15.703964 -4.632274
v -28.607555 14.849088 -6.339983
v -28.514217 15.517789 -4.171490
v -21.855080 15.754656 -5.379503
v -24.685421 15.808956 -4.720424
v -20.660645 16.202002 -5.524781
v -17.909367 16.128584 -5.331722
v -26.341198 16.439297 -4.660124
v -17.687426 17.077543 -3.059481
v -20.762924 17.144192 -2.653260
v -26.227682 17.484150 -3.075607
v -28.938005 16.558079 -2.809094
v -29.035137 16.073868 -4.238805
v -17.846764 15.798114 -5.229539
v -18.089540 16.528122 -4.482203
v -18.071701 17.114817 -3.701719
v -21.744694 16.320654 -5.486034
v -29.232494 15.861576 -4.565422
v -27.706018 15.923430 -4.818993
v -28.793753 16.767801 -3.061424
v -27.555183 16.769836 -2.700514
v -26.305023 16.027317 -4.813856
v -21.089664 16.808392 -3.616811
v -17.720469 17.112207 -3.119180
v -21.143925 17.134369 -3.036443
v -17.892128 18.159504 -0.657558
v -24.488098 17.426323 -2.673591
v -23.921524 18.097738 -2.215867
v -28.998150 17.635841 -1.697955
v -23.398550 18.254751 -0.592138
v -29.254097 17.195927 -2.399515
v -29.529823 17.610920 -0.249332
v -21.252607 17.150293 -3.413033
v -17.603088 16.919127 -3.399849
v -17.656841 18.159283 -1.181132
v -21.090319 17.941618 -1.345474
v -26.671764 17.220551 -3.115058
v -24.057522 17.693129 -1.280971
v -29.175808 16.754021 -3.097540
v -29.263088 17.616581 -0.525332
v -22.586967 18.026360 -1.270905
v -29.043224 17.390413 -1.851276
v -24.444323 17.120697 -3.369009
v -29.662672 15.209322 -3.716751
v -29.307804 14.447252 -4.567331
v -29.336367 15.371758 -4.991949
v -29.730839 16.469397 -2.534238
v -29.027355 16.160782 -3.928772
v -29.706972 17.060501 0.449036
v -28.954155 17.092991 -2.206875
v -29.905354 15.237189 -2.658130
v -29.136539 16.613279 -2.971800
v -28.976059 12.291693 -8.728877
v -28.767685 13.363990 -9.048008
v -29.353777 13.403543 -7.664618
v -29.545822 14.797425 -4.159037
v -29.352695 14.088526 -5.835766
v -28.989655 15.934365 -4.361766
v -28.477791 14.330665 -7.033920
v -29.422993 13.479231 -6.595127
v -28.802334 11.989067 -10.181808
v -29.272430 13.916059 -7.907641
v -28.467533 12.757988 -10.348113
v -29.398891 14.186461 -5.115665
v -29.269609 13.772388 -6.894993
v -28.915302 15.221037 -5.262112
v -28.514610 14.410810 -7.672592
v -29.345261 13.025278 -8.518572
v -29.129436 14.091742 -6.122069
v -29.710339 15.746570 -3.537620
v -28.682957 14.725176 -6.589681
v -29.826424 15.913660 -1.496553
v -29.217331 17.547564 -1.627119
v -28.881855 16.596581 -4.084245
v -29.594770 15.157150 -4.298590
v -20.931332 13.113386 -10.375919
v -17.661640 12.099100 -10.285023
v -17.651731 13.722071 -7.755253
v -20.837549 14.713846 -7.917395
v -28.024271 12.768583 -8.371013
v -24.207075 13.606230 -9.342452
v -27.887470 14.297294 -6.210989
v -27.883980 14.183488 -7.442708
v -24.161591 14.639286 -6.792659
v -21.068394 12.679446 -11.131214
v -17.526020 12.174734 -11.226446
v -17.470852 13.607289 -8.733769
v -28.371517 12.963248 -9.964482
v -27.988281 14.311239 -6.454260
v -27.977959 14.106272 -7.919650
v -24.817074 14.304586 -6.801049
v -21.957047 14.082689 -8.202309
v -25.327763 13.660101 -10.788505
v -17.972685 14.025244 -8.892056
v -22.996853 16.055973 -5.246992
v -17.911631 15.596605 -5.704294
v -28.397356 14.710695 -6.608008
v -24.789284 14.888489 -7.437221
v -28.284779 15.607985 -4.766726
v -18.088633 13.601974 -8.947927
v -18.056005 15.268981 -6.400558
v -21.519386 15.429152 -5.949451
v -28.569551 14.508377 -7.128089
v -28.397116 15.393457 -4.920844
v -26.780193 15.357353 -4.900136
v -23.907824 15.549022 -5.284024
v -18.738735 15.584442 -6.187613
v -21.869816 16.004097 -5.895078
v -18.706324 16.844009 -3.505949
v -28.682758 15.655351 -4.799141
v -28.537159 16.582218 -3.196578
v -22.125286 17.199251 -3.513125
v -22.101341 15.700374 -5.788426
v -18.851557 15.154649 -6.500509
v -18.815916 16.646248 -4.243692
v -25.072908 16.610085 -3.595555
v -28.757347 15.565019 -5.334743
v -28.652100 16.474701 -3.433765
v -27.095631 15.395534 -5.428170
v -22.361931 16.639544 -3.793321
v -18.766674 16.748091 -4.350901
v -25.448376 16.923899 -3.733739
v -18.773262 17.763153 -0.769965
v -28.938564 16.518677 -3.365660
v -28.848101 17.825184 -1.435745
v -22.483139 17.034145 -4.075952
v -18.526731 16.272770 -4.512675
v -18.527084 17.791351 -1.762631
v -25.289434 17.648882 -1.707455
v -29.051010 16.419273 -3.916263
v -25.554485 16.298346 -4.029190
v -28.825558 17.237215 -1.427999
v -27.076836 16.877228 -4.042736
v -27.037113 17.740576 -0.802670
v -25.737946 14.921219 -7.541953
v -23.889944 14.110159 -8.706178
v -24.347897 14.594529 -6.139982
v -9.562017 11.650122 -13.369310
v -7.316779 11.596437 -13.241290
v -9.922670 12.231752 -10.887969
v -7.477127 12.525375 -10.716076
v -4.506925 11.976164 -13.094828
v -1.502195 12.817407 -11.356361
v -4.471328 12.400835 -11.188597
v 1.561205 12.264160 -11.051770
v 1.623598 11.703543 -13.294355
v -9.944219 10.715410 -13.492935
v -10.018587 12.147065 -11.655714
v -7.449683 12.136620 -11.648398
v -2.726539 10.816317 -13.332897
v -4.339979 11.159206 -13.406825
v -2.334918 11.857790 -12.589980
v -5.108500 12.373371 -11.629911
v 1.815675 11.005438 -13.164570
v 1.656354 12.128670 -11.154821
v 0.199646 11.385019 -13.382017
v -1.339299 12.058439 -11.504756
v -2.793112 12.077003 -11.250435
v -7.583621 13.197496 -10.110360
v -11.600266 12.588604 -9.990277
v -11.877702 13.130777 -9.074992
v -11.577084 13.697603 -7.173723
v -7.727898 14.277014 -7.276444
v -3.287759 13.036106 -9.985393
v -4.348936 13.570280 -7.813912
v 1.131068 13.460732 -7.635080
v 1.270492 12.956932 -10.224725
v -11.116371 12.395592 -10.361489
v -11.181517 13.152835 -9.189450
v -4.655853 12.933277 -10.088564
v -10.849968 13.390510 -8.183807
v -1.291173 12.750777 -10.385312
v -2.974083 13.302690 -8.082864
v 1.342185 13.144108 -8.160209
v 1.388868 12.676327 -10.398296
v -4.337958 13.484194 -7.896567
v -2.641157 12.715831 -10.649693
v -10.798607 13.904621 -7.681663
v -10.589652 14.953578 -6.932164
v -10.625443 15.612007 -5.101451
v -7.211095 15.824368 -5.117856
v -1.053365 14.049497 -7.648823
v -6.701628 14.304801 -7.548277
v -1.389700 15.402368 -5.396832
v 1.135571 14.480649 -7.427895
v -4.166908 15.482754 -5.725782
v 0.951302 15.295985 -5.667043
v -10.318478 13.665062 -7.524218
v -10.423666 14.834398 -6.569280
v -5.531769 15.111854 -5.834766
v -10.349783 15.213582 -5.689745
v -7.080806 15.072106 -6.115760
v -1.261046 14.770550 -5.738613
v 1.253506 13.872145 -8.230901
v 1.119718 15.038926 -5.210624
v 0.169090 13.442268 -8.269775
v -0.114845 15.197250 -5.901936
v -3.686989 14.302472 -8.263352
v -2.906159 14.994512 -5.726394
v -9.649254 15.735324 -5.038651
v -1.365050 15.930771 -5.708458
v -9.881418 16.932453 -2.976387
v -6.627064 17.047134 -2.606802
v -4.207918 15.608355 -5.618522
v -1.239461 17.217663 -3.346017
v -3.815945 16.837839 -2.969076
v 1.536797 15.701599 -5.265508
v 1.511618 16.185707 -3.242838
v 1.441614 16.124729 -4.672904
v -9.710968 15.425625 -5.155343
v -9.464655 16.242538 -4.396715
v -9.480337 16.940006 -3.615079
v -6.518981 16.544518 -3.719850
v -1.182398 15.300146 -5.771245
v -5.701238 15.860478 -5.985689
v 1.483145 16.105387 -4.763665
v -5.049182 16.624882 -3.714039
v 1.656319 15.614479 -5.565729
v 1.091681 16.363577 -3.824046
v 0.049742 15.350151 -6.065959
v -0.527869 16.452604 -3.409605
v -2.279843 15.020132 -5.795396
v -9.832949 16.944712 -3.030494
v -6.360016 16.988209 -3.036899
v -9.676853 18.232319 -0.596594
v -0.998497 17.189667 -2.984801
v -3.633668 17.585327 -3.472221
v -0.725955 18.372540 -0.663194
v -5.354789 18.517353 -0.572531
v 1.507470 17.197865 -2.700253
v 1.708798 17.968866 -0.966967
v 1.252803 17.710911 -1.895560
v -6.197283 16.988863 -3.448131
v -9.970228 16.731852 -3.332008
v -9.920703 18.194902 -1.107540
v -6.138503 18.101425 -1.280269
v -1.738946 18.180183 -1.265688
v -3.148949 17.931438 -1.290313
v -0.825536 17.041502 -3.688818
v 1.622716 16.525150 -3.614022
v 1.344163 17.704390 -0.952764
v -4.594629 18.304588 -1.230404
v 0.395109 16.499744 -3.511481
v 0.494400 18.049498 -0.855890
v -3.271368 16.913424 -3.821270
v 2.227115 15.073235 -4.593496
v 1.845511 13.689741 -5.938204
v 1.967522 15.055380 -6.179376
v 1.471605 15.885439 -4.725708
v 2.165963 17.629124 0.109855
v 1.844100 16.659185 -2.135215
v 2.404307 18.225800 -0.203811
v 1.196813 16.994261 -2.482399
v 1.483684 16.314899 -3.422187
v 2.407477 10.938416 -10.902258
v 2.172252 12.017572 -9.954026
v 1.649282 12.155870 -11.173601
v 1.363346 12.852472 -10.151843
v 2.156928 14.327085 -5.276317
v 2.041682 12.984448 -7.725314
v 1.534017 15.609475 -5.448672
v 1.204758 13.770323 -8.407985
v 2.182166 12.112364 -8.804282
v 1.859791 10.925141 -12.795690
v 1.593136 11.792965 -12.615400
v 2.009658 13.228971 -6.715178
v 1.988404 12.434582 -9.152963
v 1.515994 14.450470 -6.718481
v 1.199400 13.080395 -10.032093
v 2.090985 11.928036 -10.072488
v 1.767920 12.941771 -8.121874
v 1.487634 13.695208 -8.422812
v 1.117212 14.688166 -6.775484
v 1.967186 16.533131 -1.715816
v 1.508341 17.658707 -1.915763
v 1.369538 16.041443 -5.449965
v 2.026221 14.761408 -5.286473
v 1.967656 15.722149 -4.172077
v -6.511064 12.575506 -10.954507
v -9.738628 11.936600 -10.980204
v -9.740401 13.265038 -7.714757
v 0.930782 11.649128 -10.731431
v -2.980259 12.418571 -11.057204
v 0.578556 12.935001 -8.343443
v -6.297558 13.986340 -8.104342
v -6.386351 12.189020 -12.154031
v -10.171874 11.935173 -12.620683
v -10.156109 13.193590 -8.686690
v 1.967190 12.020023 -12.253785
v 1.398970 12.992569 -8.641035
v 1.390428 12.901188 -10.287587
v -1.290524 12.319598 -12.737288
v -3.605572 13.288450 -8.606206
v -9.623720 13.621151 -8.882674
v 0.981277 14.477697 -7.750870
v -9.641619 15.206450 -5.639087
v -6.068141 15.324626 -5.678341
v 1.157642 13.595764 -8.702302
v -4.146924 13.923834 -8.723239
v 0.954102 14.931869 -5.944793
v -2.774295 14.972720 -6.024687
v -5.787173 13.588006 -8.712728
v -9.492719 13.238686 -9.038245
v -9.507815 14.886509 -6.388235
v 1.228267 13.522850 -9.719234
v 1.004087 14.599717 -6.535794
v -0.939596 13.866098 -9.375231
v -1.359177 14.642088 -6.433073
v -8.791706 15.188892 -6.318022
v -6.079013 15.480001 -6.356675
v -8.801182 16.618397 -3.419803
v -5.502089 16.998930 -3.480736
v -2.261131 14.997458 -6.709713
v 0.956405 16.134178 -3.713164
v 1.233904 15.235763 -6.217191
v -2.562432 16.295660 -3.840784
v -5.252120 15.030510 -6.315741
v -8.645483 14.654771 -6.480421
v -8.701553 16.364563 -4.192433
v 1.372399 14.942087 -6.714369
v 1.100788 16.262775 -4.455511
v -2.737912 16.236454 -4.246142
v -0.244644 14.634704 -7.333268
v -1.104414 15.928124 -4.233877
v -5.146382 16.300329 -4.086639
v -8.751441 16.407154 -4.255229
v -2.472466 18.124418 -1.486781
v -8.671883 18.073198 -0.915307
v -4.817983 18.059259 -0.961494
v 1.320626 16.284531 -3.966842
v -2.279695 16.538317 -4.285629
v 1.132460 17.772900 -1.408619
v -5.048676 16.780403 -4.340357
v -8.998770 15.916962 -4.454580
v -8.955162 17.833256 -1.670392
v -4.970179 17.942917 -1.823201
v 1.395294 16.135967 -4.676478
v -2.070771 15.747005 -4.917886
v 1.229229 17.413015 -1.707275
v -1.782121 17.834454 -1.821566
v -0.902469 16.571930 -4.888413
v -0.327961 18.344154 -1.146582
v -0.227238 14.290106 -6.465139
v -3.379857 13.615228 -9.501549
v -29.485069 16.056892 -1.906159
v -29.726505 18.166851 -0.039694
v -28.810656 13.468094 -9.999921
v -27.979078 12.408280 -10.702722
v -11.202803 13.035289 -10.413684
v -7.418157 12.675980 -9.971886
v -7.393793 13.958696 -7.312345
v -11.186446 14.950756 -7.430884
v -19.121258 12.838396 -9.550582
v -14.886140 13.331322 -10.874587
v -19.077600 14.433843 -7.433673
v -13.053424 14.537250 -7.595276
v -7.519666 12.135141 -10.549553
v -7.510794 13.689836 -8.030996
v -15.022647 14.198845 -8.136110
v -11.319817 14.063864 -8.116812
v -19.251991 12.712536 -9.826240
v -13.619005 13.190589 -11.094682
v -19.206549 14.043419 -7.667638
v -16.945774 12.595990 -10.732651
v -16.873985 13.757711 -8.026586
v -11.957191 14.579927 -8.161275
v -8.259155 14.042814 -7.937680
v -8.298471 15.202448 -5.129280
v -11.907007 16.097704 -5.164359
v -19.478909 14.397856 -7.796646
v -14.169472 14.219309 -8.408928
v -19.406626 15.619485 -5.192918
v -14.704206 15.400671 -5.451953
v -12.034096 14.485505 -8.190587
v -8.358953 13.734306 -8.312165
v -8.400532 15.174322 -5.786336
v -13.755899 15.767702 -5.817212
v -19.600960 14.343469 -8.222767
v -15.621634 14.206389 -9.125657
v -19.510054 15.875978 -4.994291
v -15.470959 15.659894 -5.506627
v -17.347891 13.967089 -8.698221
v -13.090268 12.915759 -10.640851
v -20.201784 17.298773 -1.923092
v -20.092014 15.833565 -4.752184
v -7.241704 14.486081 -6.391263
v -7.535652 15.283501 -3.815323
v -15.148544 15.493627 -6.187410
v -12.614485 14.997268 -7.721658
v -10.509483 14.300701 -8.056742
v -20.749874 15.624794 -4.341612
v -16.661825 14.544761 -9.059629
v -20.919174 15.004563 -6.311508
v -20.597046 14.325396 -7.276357
v -29.383789 12.721562 -9.099109
v -28.375290 13.785634 -8.439011
v -28.302113 12.798018 -10.630679
v -29.414249 13.242317 -8.199753
v -28.978914 12.798781 -10.398649
v -29.262905 13.722166 -7.799895
v -28.964302 13.981998 -6.662279
v -29.486536 13.150977 -7.780673
v -28.628164 13.212006 -9.367779
v -28.285091 14.403581 -7.712331
v -28.905088 14.447492 -6.941637
v -29.159796 13.813484 -8.938180
v -27.574303 13.530819 -8.165388
v -29.243099 14.244059 -8.048180
v -28.129770 13.710896 -9.339864
v -27.836220 14.639144 -6.787765
v -29.073917 14.053953 -5.690484
v -29.545662 13.667018 -7.058338
v -28.799252 14.094798 -8.559589
v -28.492188 14.487327 -7.707312
v -29.404560 13.947165 -8.255357
v -28.554098 14.694537 -6.542956
v -29.095554 14.508103 -4.893928
v -29.575037 13.762395 -5.890969
v -28.979664 14.415520 -7.558929
v -28.534327 14.712319 -6.809730
v -29.580854 14.221951 -7.134057
v -28.436485 14.912563 -5.751356
v -29.066341 15.041089 -5.144404
v -29.369200 14.548664 -6.986645
v -27.632143 14.635550 -6.503557
v -29.427418 14.802994 -6.179433
v -27.596739 14.942025 -5.715678
v -28.343185 14.688157 -7.357598
v -28.099033 15.254543 -4.972912
v -29.196590 15.129745 -4.367419
v -29.709064 14.406512 -5.498600
v -28.422453 14.948934 -6.790282
v -28.122984 15.113459 -5.837368
v -29.257008 14.703085 -6.594745
v -28.394495 15.566899 -5.109603
v -29.130920 15.673064 -3.591159
v -29.593172 14.693281 -4.516252
v -28.784618 15.153151 -5.961458
v -28.454281 15.580914 -5.359549
v -29.518270 15.000874 -5.710912
v -28.356762 16.035114 -4.509499
v -29.211153 15.332650 -5.532459
v -28.045645 16.371214 -3.614206
v -27.523998 15.528570 -4.937047
v -29.309860 15.743012 -4.892939
v -27.605873 16.002239 -4.305257
v -28.968967 16.130062 -3.920487
v -28.132778 15.497424 -5.898547
v -29.393612 16.062639 -2.851177
v -29.824953 15.048252 -3.984488
v -28.830944 15.660430 -5.281749
v -28.536207 16.131498 -4.616956
v -29.634239 15.431648 -5.146910
v -28.640015 16.599318 -3.702538
v -29.247576 16.616375 -2.019442
v -29.912458 15.565237 -3.017262
v -29.035513 16.013206 -4.502751
v -28.600855 16.546860 -3.897083
v -29.865505 15.837788 -4.252940
v -28.626682 17.060307 -3.012010
v -28.328365 17.247784 -1.984861
v -27.760609 16.612612 -3.472019
v -29.398743 16.136122 -3.677238
v -29.080219 16.894226 -2.286753
v -28.402618 16.414772 -4.356149
v -27.796076 17.202972 -2.887146
v -29.880951 17.195795 -0.798222
v -28.975079 16.850723 -3.528304
v -30.235477 16.179960 -2.121217
v -28.797115 17.364443 -2.790025
v -29.706200 16.471300 -3.320330
v -29.023867 17.756155 -1.665904
v -29.742195 17.645988 0.097915
v -29.937645 16.518934 -0.561877
v -29.087608 17.872707 -0.342237
v -29.175030 17.070824 -2.271063
v -29.912989 16.753271 -1.926170
v -29.104267 17.851082 -1.894980
v -28.889097 12.192177 -10.748991
v -27.818497 13.407673 -9.274652
v -27.444855 12.481421 -11.686976
v -28.659840 13.075718 -8.708549
v -28.555683 12.512183 -11.814569
v 1.175125 12.604375 -10.785841
v 1.229266 11.825996 -13.010945
v 2.408597 11.356783 -11.312222
v 1.913797 11.701118 -12.678448
v 2.119124 12.370739 -10.095489
v 1.709785 12.785795 -8.946419
v 2.146636 11.708862 -10.068112
v 1.045313 13.106310 -10.006104
v 1.173697 12.734140 -11.107116
v 1.601012 12.200990 -11.745665
v 0.666102 13.236299 -8.857030
v 0.228695 12.500635 -10.753778
v 1.936203 12.357698 -10.815890
v 0.988883 12.621123 -11.663545
v 1.513796 13.344538 -9.207909
v 1.710767 13.087282 -7.536597
v 2.234586 12.316596 -9.312325
v 1.279724 13.611580 -8.663321
v 1.591757 12.879375 -10.930006
v 1.193559 13.276747 -10.060649
v 2.178355 12.650867 -10.583755
v 1.563640 13.703472 -6.360513
v 2.120852 12.598989 -7.828330
v 1.085853 13.970505 -7.560510
v 1.424932 12.949436 -9.693706
v 2.215329 13.036161 -9.344200
v 1.934871 13.469808 -9.108533
v 0.708015 14.334913 -6.375385
v 0.382800 13.393564 -8.646970
v 1.935325 13.905059 -7.988362
v 0.289447 13.866154 -7.561898
v 1.498450 14.226709 -6.591564
v 1.092903 13.588797 -9.751621
v 1.652574 14.672111 -5.465510
v 2.223935 13.492214 -7.131627
v 0.983711 14.960426 -6.538038
v 0.953027 14.376401 -7.825717
v 1.226722 13.549767 -8.334229
v 1.562402 15.476570 -4.360886
v 2.062657 14.111658 -5.770122
v 0.853298 15.298902 -5.277513
v 1.115080 14.086038 -7.279658
v 2.008805 14.241336 -7.292412
v 1.372698 15.921256 -4.749916
v 1.684190 14.656714 -6.980428
v 0.035986 14.768113 -6.343538
v 1.750797 15.282288 -6.010828
v 0.524747 15.768939 -4.249636
v 0.642048 14.657963 -7.426403
v 0.916495 16.041847 -4.914042
v 2.001233 16.203749 -3.535527
v 2.253568 14.753904 -4.943266
v 1.048120 16.308092 -4.385256
v 1.286967 15.092972 -6.621158
v 0.958491 15.670671 -5.657713
v 2.084071 14.930695 -6.401336
v 1.395846 16.373615 -2.135375
v 2.206155 15.947658 -3.597511
v 0.954393 16.610897 -3.294591
v 1.440102 15.572672 -5.491304
v 0.948052 16.148504 -4.638889
v 2.250533 15.636956 -5.109773
v 1.463095 16.748989 -2.998694
v 1.829269 16.108377 -4.811681
v 0.619995 17.161343 -2.276220
v 0.120352 16.231602 -4.197653
v 1.814371 16.607536 -3.865072
v 1.315805 16.793182 -2.581730
v 0.806736 15.979657 -5.257089
v 0.187760 16.936653 -3.285050
v 2.133096 17.373304 -0.909335
v 1.149647 17.617174 -1.593538
v 1.279428 16.483166 -4.084154
v 2.388457 16.606344 -1.953049
v 1.001843 17.171579 -3.145080
v 2.064130 16.451509 -3.885789
v 2.070062 16.983721 -0.659022
v 1.426306 17.958960 -0.456835
v 1.330170 16.964966 -2.554088
v 2.208844 17.752237 0.023278
v 2.030997 16.754974 -2.110268
v 1.346023 17.900831 -2.091146
v 1.928658 11.809519 -11.333435
v 1.718812 10.309132 -11.911322
v 0.988723 12.002619 -11.856977
v 0.456384 10.884825 -13.103608
v 2.230121 11.127089 -11.548268
v 0.621102 11.549712 -12.559533
v 1.397479 10.508168 -13.452794
v -10.034666 15.790922 -3.815198
v -16.139145 15.702378 -5.592458
v -10.520623 17.137384 -3.441568
v -13.443188 16.973600 -3.497335
v -7.734156 17.182863 -1.583657
v -7.552458 16.401314 -3.412230
v -16.811176 15.450958 -6.226397
v -19.643944 15.693701 -4.915677
v -19.945528 17.004917 -2.543866
v -16.898611 16.706333 -4.395073
v -10.155373 15.469954 -6.382921
v -10.198829 16.294050 -2.757037
v -7.328954 15.546677 -3.934791
v -7.555241 17.006645 -1.343923
v -15.273637 16.729029 -4.001957
v -8.691307 17.000389 -1.893168
v -13.365296 15.818274 -6.348567
v -12.912257 16.691429 -3.929336
v -16.662453 17.357468 -3.883855
v -19.439075 17.530651 -2.088905
v -19.345688 17.794254 -1.809761
v -13.271935 17.569971 -3.784691
v -20.103310 18.341234 -0.533760
v -10.239523 17.496227 -1.359597
v -16.621117 18.379158 -0.904143
v -7.094708 17.709875 -1.150105
v -7.165981 18.252815 -0.231978
v -15.529347 15.278076 -6.992017
v -18.991909 15.447002 -5.832358
v -19.304079 17.003584 -2.462874
v -15.850716 16.947752 -3.869499
v -7.529770 15.337824 -4.849586
v -12.144218 15.525952 -7.236824
v -7.820203 16.856390 -2.061127
v -12.117818 16.554932 -3.935519
v -18.511616 17.109303 -3.087738
v -15.135337 17.092794 -4.633718
v -18.860819 18.121296 0.024583
v -15.513358 18.402706 -1.376684
v -7.441955 17.113680 -2.037689
v -11.546427 16.619040 -4.557170
v -7.652500 18.345591 0.396915
v -11.825741 17.629890 -1.531613
v -18.313515 16.507151 -3.277287
v -18.659485 17.986761 -0.791364
v -7.306411 16.877396 -2.658259
v -11.468347 16.540396 -5.017719
v -7.512679 18.273275 -0.086002
v -11.732372 17.606194 -1.847291
v -15.230682 17.818068 -2.239045
v -9.391451 16.044559 -2.917936
v -9.808789 17.515886 -0.292821
v -12.584418 14.351273 -8.307626
v -10.884523 14.830210 -5.795349
v -16.174383 8.567800 -15.552130
v -15.879614 9.038764 -15.271719
v -20.216759 9.448347 -16.350132
v -16.104128 9.480947 -14.050046
v -25.612715 9.688431 -15.631632
v -22.862328 10.200733 -14.402858
v -28.111145 10.942972 -13.005780
v -28.220764 10.322399 -15.395323
v -16.438425 8.040688 -16.329678
v -16.630943 9.468064 -15.339222
v -24.211180 9.317831 -16.633705
v -22.823971 10.128772 -14.444364
v -28.025970 9.189376 -16.168077
v -24.134014 10.364516 -14.487538
v -20.994852 9.828882 -15.034789
v -28.392563 10.746672 -13.441878
v -25.769627 10.479202 -13.813338
v -16.846632 9.732007 -14.588143
v -16.984600 10.518552 -14.479111
v -16.875864 10.819641 -12.567949
v -23.012316 10.722980 -14.577382
v -25.752913 11.833649 -11.668504
v -28.178535 11.521338 -13.128648
v -23.001009 11.366825 -12.625257
v -27.981298 11.868391 -11.677789
v -17.283285 9.801869 -14.973505
v -17.113394 10.632056 -13.188377
v -20.311735 10.706337 -13.323476
v -24.553432 11.253442 -12.022464
v -22.830767 11.139921 -12.764122
v -25.974415 10.870641 -14.411424
v -28.272774 11.086902 -13.526722
v -28.162392 11.796696 -11.483566
v -23.665028 10.685246 -14.782079
v -20.424809 11.173354 -13.107969
v -17.760275 10.957386 -12.724559
v -23.221947 11.506729 -12.542622
v -17.478748 11.689839 -10.635804
v -25.958580 13.051769 -10.441250
v -25.950794 12.227724 -11.899065
v -21.390312 11.711078 -10.101292
v -28.627590 12.438477 -9.859857
v -28.584253 12.128464 -11.466160
v -17.710564 10.704940 -12.581081
v -17.897247 11.214357 -11.839453
v -17.852684 11.664867 -10.970068
v -20.696487 11.443211 -11.190231
v -25.784836 11.653502 -11.694777
v -23.362816 11.644274 -13.266473
v -23.339325 11.971136 -10.864139
v -28.438381 12.657779 -10.184779
v -28.808498 11.992025 -11.680024
v -27.393291 11.957223 -12.079193
v -27.154858 12.466580 -9.906440
v -17.520544 11.680882 -10.682014
v -20.745358 11.725019 -10.579721
v -17.555117 12.960966 -8.931656
v -23.520472 12.620064 -10.729399
v -25.158775 13.149821 -8.339386
v -28.817802 13.110620 -9.738672
v -28.776731 13.994869 -8.575523
v -28.606836 13.478045 -9.191157
v -20.933506 11.765776 -11.028210
v -17.406509 11.538600 -10.936790
v -17.355526 12.871595 -9.386440
v -20.694487 12.640608 -9.301647
v -23.775473 12.338562 -11.130936
v -28.740746 12.572357 -10.104765
v -28.559940 13.807041 -8.700182
v -22.072573 12.926247 -9.203129
v -27.251392 13.345324 -8.283223
v -25.004059 12.656063 -10.572846
v -23.432781 12.894260 -8.974346
v -29.267933 11.191504 -10.483284
v -28.947510 10.521719 -11.346641
v -28.912781 11.471859 -11.946997
v -28.922153 12.544647 -10.171734
v -28.673771 12.118171 -11.005177
v -29.254986 13.307129 -6.978049
v -29.114967 14.366505 -7.957259
v -28.500935 12.956997 -9.493358
v -29.568832 11.185179 -9.297287
v -29.010296 7.684091 -14.409377
v -28.593304 9.043591 -15.860127
v -29.143219 9.397330 -14.508811
v -29.149757 10.823762 -10.902075
v -29.039204 10.257208 -12.774030
v -28.587814 11.973961 -11.523602
v -28.317432 10.389474 -15.056777
v -29.161591 9.521142 -13.383907
v -28.987843 10.268900 -13.237555
v -28.975761 13.468468 -9.184576
v -28.384903 10.882472 -13.828344
v -29.475554 11.921128 -8.334194
v -29.163593 11.685869 -10.324805
v -28.472672 12.464478 -11.161180
v -29.107224 11.178701 -11.222722
v -20.982803 8.853913 -16.654921
v -16.913670 7.794834 -15.696165
v -16.880302 8.855364 -15.492556
v -21.700645 9.815606 -16.297033
v -16.815521 9.212145 -14.447443
v -27.925560 8.371094 -14.934532
v -24.283108 9.120848 -16.171438
v -27.633827 10.465448 -13.610904
v -27.659943 10.288919 -14.989979
v -21.561098 10.204666 -15.031062
v -21.182823 8.287385 -16.465685
v -17.630928 7.744381 -16.152327
v -17.490572 9.331391 -15.344206
v -20.756845 9.662296 -15.498817
v -28.472290 8.184897 -15.736882
v -27.747700 10.461559 -13.915524
v -24.606873 8.501245 -16.529377
v -27.771019 10.085647 -15.434659
v -25.118500 10.241558 -14.602633
v -17.962297 9.726716 -15.564819
v -28.125687 11.126432 -14.409036
v -17.792313 10.596928 -13.037946
v -21.110197 10.968777 -12.919600
v -22.803598 10.305906 -15.343641
v -27.956696 11.635749 -11.813825
v -17.954449 10.461955 -13.732843
v -18.066254 9.556286 -15.670892
v -28.224255 10.719555 -14.560087
v -28.078003 11.540236 -12.045774
v -21.947235 10.676107 -13.313152
v -18.597721 10.762070 -13.765611
v -18.475389 11.415951 -10.936439
v -24.821262 11.484413 -13.042006
v -28.203909 12.374094 -10.218789
v -28.277412 11.944866 -12.232404
v -21.884785 11.818031 -10.937534
v -18.732805 10.368961 -13.757722
v -18.593754 11.282095 -11.621695
v -21.811249 10.926714 -13.400595
v -28.378220 11.730115 -12.517031
v -28.279963 12.408819 -10.526507
v -25.161274 12.003641 -10.740492
v -21.851864 11.548590 -11.588058
v -24.935444 11.405722 -13.523342
v -18.556007 11.225626 -11.490243
v -18.435085 12.730459 -9.167998
v -22.060051 11.571077 -11.431015
v -28.566355 12.388841 -10.472975
v -25.036970 12.390964 -11.140800
v -28.391317 13.641555 -8.889780
v -23.972370 12.847731 -8.752701
v -22.138937 11.910070 -11.763647
v -18.332214 11.001646 -11.969071
v -18.213802 12.428074 -9.442694
v -21.921690 12.612876 -9.614080
v -28.603285 12.357990 -11.043931
v -25.221146 11.939312 -11.367866
v -28.448227 13.198032 -8.775970
v -24.969986 12.988000 -9.147125
v -26.702021 12.710143 -11.443800
v -26.496437 13.333516 -8.326739
v -25.087479 10.590988 -15.511494
v -26.409685 11.361579 -12.247895
v -23.889236 9.808813 -15.993317
v -24.044224 10.181549 -15.692037
v -7.618286 9.415312 -16.271772
v -11.574308 8.290092 -14.866001
v -7.345976 10.246048 -16.086012
v -11.602431 9.374324 -13.900724
v -7.813144 10.508802 -14.255999
v -1.479833 9.194366 -15.753642
v -1.553828 9.706549 -14.245371
v -3.842820 9.610989 -14.540910
v 1.087547 9.632631 -14.383408
v 1.444657 8.948121 -16.296810
v -7.795068 8.741854 -15.830544
v -11.140775 8.196311 -15.731087
v -11.211986 8.994642 -15.329182
v -10.882459 9.216794 -14.692552
v -1.239427 8.987493 -15.867757
v -4.229259 9.172204 -16.343248
v -4.534290 9.767701 -14.649702
v 1.380375 9.345083 -14.823829
v 1.533077 8.626824 -15.993696
v -0.566550 9.535818 -14.287220
v -2.608531 8.823790 -16.287319
v -3.075290 9.585099 -14.771928
v -10.833529 9.698009 -14.460369
v -10.625012 10.579465 -14.119413
v -7.082794 10.578365 -14.815696
v -10.646708 10.982773 -12.470058
v -7.201036 11.448481 -12.433636
v -1.442686 10.184540 -14.334677
v -1.407475 11.171818 -12.171340
v -4.181336 11.262583 -12.748654
v 0.805207 11.275623 -12.588605
v 1.155884 10.639473 -14.642698
v -10.355412 9.655656 -14.595870
v -10.418030 10.785806 -13.042192
v -7.126637 10.960224 -13.250547
v -0.762429 10.797103 -12.496417
v 1.027557 11.086575 -12.313095
v 1.235405 10.128505 -15.397534
v -5.568712 10.973259 -12.895806
v 0.378971 9.726337 -14.791133
v -5.758177 10.553314 -15.207239
v -3.640706 10.831949 -12.658523
v -9.654672 11.203073 -12.465631
v -9.894226 12.177133 -10.763054
v -6.708361 12.434002 -10.161438
v -3.590258 11.585289 -12.991297
v -1.185301 11.684868 -12.527502
v 1.224802 12.372831 -10.304526
v 1.430198 11.654925 -12.139404
v -6.561461 11.380958 -12.683147
v -9.731089 10.924589 -12.469965
v -9.477561 11.547939 -11.924901
v -9.491637 12.231663 -11.387732
v -3.830085 11.516891 -13.454359
v -1.171572 11.165896 -12.694921
v 1.529850 11.605748 -12.476171
v 1.060618 12.347414 -10.754579
v 1.408385 11.992584 -11.644842
v -6.216867 11.964964 -10.887801
v 0.191961 11.246052 -12.911643
v -0.534377 11.847975 -10.240220
v -9.844606 12.171162 -10.799384
v -6.421051 12.375003 -10.521412
v -9.694391 13.508827 -8.859303
v -3.736819 12.920791 -10.733389
v -1.247008 12.481648 -10.113659
v -5.432701 13.907919 -8.545810
v 1.333767 13.028076 -9.791222
v 1.396107 13.543552 -7.678825
v 1.090854 13.516800 -9.101500
v -6.239062 12.420134 -10.945658
v -9.984391 12.007005 -11.066059
v -9.938557 13.400981 -9.364544
v -4.980746 13.473526 -8.746905
v -2.645802 12.255584 -10.640908
v 1.341409 12.462530 -10.515733
v 1.050264 13.844074 -8.396214
v 1.074513 13.197071 -9.249853
v -1.137348 13.280460 -8.311810
v -3.537928 13.133965 -8.538836
v 2.035192 9.690974 -12.634416
v 2.163281 10.707355 -11.355874
v 1.772967 10.804636 -13.312655
v 1.727864 13.136251 -7.036851
v 1.730611 11.917126 -9.031521
v 1.517570 14.277064 -7.447486
v 1.136161 12.860119 -9.539973
v 1.997378 10.884403 -9.892028
v 1.882689 9.080611 -14.647284
v 1.570038 9.857766 -15.281851
v 1.981468 10.867381 -13.457731
v 1.202377 10.754406 -13.894895
v 1.926194 11.780245 -8.564793
v 1.803885 11.331982 -10.937707
v 1.359785 13.483659 -9.065784
v 1.342525 12.088927 -12.119752
v 1.949965 9.806633 -13.917006
v -6.533332 8.549720 -16.452106
v -10.873541 7.540505 -15.747360
v -10.825058 9.054629 -14.248896
v -5.316523 9.767127 -16.292942
v 1.026676 7.516486 -15.149966
v -2.927163 8.401862 -16.349876
v 0.650551 9.229203 -14.665233
v -6.106060 10.248812 -15.053596
v -9.655771 9.582536 -15.416858
v -5.351967 10.216318 -15.723228
v -9.666203 10.808632 -12.904901
v 1.173178 9.745839 -15.369791
v -2.581518 10.094409 -15.490614
v 0.757431 10.998259 -12.929473
v -6.043960 11.172312 -12.868597
v -5.836570 9.853640 -15.377325
v -9.541184 9.261272 -15.367691
v -9.538496 10.696426 -13.634676
v -5.728106 10.740735 -13.395303
v 1.390895 9.374711 -15.708459
v -2.430121 10.122972 -15.985575
v 0.995649 10.640765 -13.586765
v -0.793843 9.938175 -15.616537
v -1.082302 10.537466 -13.120691
v -8.816554 10.937066 -13.713923
v -5.958692 11.262935 -13.321425
v -8.811158 11.985308 -11.032402
v -5.548231 12.447737 -10.884751
v 1.056003 11.161594 -13.134898
v -2.337603 10.946156 -13.595986
v 0.929729 12.020363 -10.580845
v -2.521807 11.784361 -10.726559
v -5.322268 10.961514 -13.392050
v -8.678089 10.629351 -13.612399
v -8.695532 11.731903 -11.676381
v 1.307610 10.976263 -13.854151
v -2.194161 11.003294 -14.205729
v 0.947515 12.239592 -11.265553
v -2.985657 11.823875 -11.178731
v -0.354147 10.414803 -13.597979
v -0.897239 11.570192 -11.181923
v -8.737069 13.429806 -9.157996
v -5.191833 13.389746 -8.679072
v 1.269682 12.138089 -10.870856
v -8.732416 11.711601 -11.601604
v 0.953528 13.555506 -8.578407
v 1.000104 12.993238 -9.819884
v -2.297044 13.083497 -8.597520
v -5.042665 12.294997 -11.657662
v -9.000784 11.349381 -11.877251
v -9.000408 13.051123 -9.709538
v -5.583896 13.349024 -9.530461
v 1.334734 12.016586 -11.574187
v -1.970042 11.428236 -11.747810
v 0.944770 13.151587 -8.731830
v -2.213060 13.036512 -9.032300
v -0.616703 12.219244 -11.800840
v -0.877154 13.204507 -8.146733
v -0.394846 10.345175 -13.240516
v -3.293314 9.235953 -16.261829
v -3.135220 9.764704 -15.987731
v -29.105978 12.047083 -8.745014
v -29.205830 13.962087 -8.775106
v -11.233470 8.838764 -16.097073
v -7.431755 8.931995 -16.016396
v -13.420417 9.697790 -15.595410
v -7.441059 10.267173 -14.289283
v -11.218440 10.436671 -14.207754
v -19.179096 8.681234 -15.816002
v -15.024293 8.895466 -16.077114
v -19.039545 9.891115 -14.546969
v -13.164350 10.038602 -14.590020
v -7.555271 8.090454 -15.891283
v -7.554632 9.929819 -14.911773
v -15.108377 9.714507 -14.918332
v -19.319725 8.527136 -16.078323
v -15.074140 8.795968 -16.330168
v -19.173161 9.594960 -14.687736
v -17.000355 8.323953 -15.963160
v -16.852213 9.381265 -14.786244
v -12.190831 10.140814 -15.057034
v -8.295744 10.431473 -15.128493
v -13.733597 10.522390 -12.327110
v -8.299183 10.863503 -12.299629
v -11.902778 10.908792 -11.543421
v -15.074898 9.908056 -15.204648
v -19.252598 10.520151 -12.449633
v -19.417847 9.956280 -14.917694
v -15.416143 10.529717 -12.732083
v -12.062496 10.109540 -15.067236
v -8.410330 9.875818 -15.061128
v -8.400519 10.952385 -13.076502
v -11.481924 10.650067 -12.806299
v -19.558746 9.908138 -15.236386
v -19.327663 10.757044 -12.471491
v -16.890709 10.858206 -12.929917
v -15.859039 9.779250 -15.615369
v -13.141229 8.540133 -15.803313
v -23.081734 10.151263 -15.556228
v -26.891167 10.666014 -12.893011
v -26.853893 10.413605 -15.234086
v -25.272583 10.123981 -15.807956
v -26.034212 10.323006 -15.308751
v -25.869793 11.125751 -13.208327
v -23.116756 9.965589 -14.940719
v -23.090961 10.160869 -13.545775
v -28.759834 10.201841 -13.921606
v -29.233879 9.037309 -14.327621
v -28.142374 9.691846 -16.300791
v -28.693958 8.974752 -16.868805
v -28.080009 10.522742 -15.213246
v -27.715462 10.657246 -14.198140
v -27.377966 9.423120 -15.859563
v -28.902018 9.613334 -15.909591
v -28.606045 10.588791 -14.286846
v -28.096745 9.280866 -16.491514
v -27.292946 10.413937 -15.242155
v -29.089903 10.501241 -12.908501
v -29.303757 9.733549 -13.935266
v -29.215874 10.078975 -13.222367
v -28.267176 10.608284 -15.176623
v -28.444477 9.864165 -15.808386
v -28.296942 10.942812 -13.987675
v -28.736855 10.660601 -11.815326
v -29.317904 9.867146 -12.638051
v -28.303013 10.305677 -14.680458
v -29.221546 10.368935 -14.270041
v -28.159943 11.166349 -13.027673
v -28.987478 10.723766 -14.233864
v -27.408728 10.796508 -14.063175
v -29.051538 11.042043 -13.344216
v -27.836617 10.977596 -11.982174
v -28.546070 10.976753 -12.192738
v -28.119371 10.998394 -14.988793
v -28.833391 11.254753 -11.302326
v -29.363781 10.569284 -12.339968
v -27.934496 11.347439 -13.195661
v -28.282703 10.750803 -13.846602
v -28.038620 11.629280 -12.228561
v -28.723186 11.569576 -10.552680
v -29.232780 10.769041 -11.244869
v -28.092869 11.735300 -12.614412
v -28.372404 11.145538 -12.946313
v -27.996370 12.030104 -11.599883
v -28.653439 12.144421 -10.993396
v -28.862881 11.535187 -12.656516
v -27.698257 12.226532 -10.741268
v -27.192150 11.586518 -12.198030
v -28.961605 11.848785 -11.944156
v -27.258509 11.967268 -11.498188
v -27.935417 11.661215 -13.172634
v -28.128155 12.383350 -11.118297
v -28.959240 11.929076 -9.792762
v -29.446438 11.062290 -10.692676
v -28.436600 11.805977 -12.479694
v -28.223869 12.159332 -11.798632
v -29.198359 11.575793 -12.165529
v -28.253744 12.400579 -10.772319
v -28.849602 12.495132 -9.100545
v -29.553425 11.519668 -9.762240
v -28.602415 12.047189 -11.618929
v -28.304478 12.458284 -11.078062
v -29.406086 11.862426 -11.215500
v -28.246696 12.843884 -10.196435
v -28.823521 12.930168 -9.571768
v -27.370071 12.391727 -10.700964
v -28.964277 12.148098 -10.837173
v -27.831272 12.933077 -9.249093
v -28.279125 13.059427 -9.640738
v -28.079803 12.443343 -11.719484
v -29.318466 13.065588 -8.050765
v -29.686480 12.111489 -9.019842
v -28.441938 12.674276 -10.624516
v -29.271732 12.382250 -10.397569
v -28.606644 13.606859 -9.222053
v -29.425503 12.584311 -7.669521
v -28.437212 13.798961 -8.015985
v -28.782707 12.960405 -9.560184
v -29.284483 13.779322 -7.527930
v -28.594603 13.656085 -9.553495
v 0.695097 9.368738 -15.266328
v 0.526777 8.426256 -15.533572
v 2.091771 8.262131 -15.663535
v 1.759365 9.413742 -15.792673
v 1.237379 9.625361 -15.272860
v 1.818039 8.693977 -16.222815
v 1.448268 9.261132 -16.099316
v 2.189132 8.216564 -14.738416
v 2.138757 9.439189 -14.616901
v 1.907073 9.935111 -13.372425
v 2.333146 8.692634 -14.090539
v 1.069809 10.118653 -14.481035
v 1.353509 9.718526 -15.570477
v 1.839561 9.099426 -15.830410
v 1.627228 10.373964 -13.711197
v 0.633683 10.366949 -13.302851
v 0.319798 9.575148 -14.891191
v 2.088504 9.477242 -15.540752
v 1.231110 9.577945 -15.971938
v 0.993739 10.607798 -13.794389
v 1.539098 10.540579 -12.483288
v 2.335288 9.625161 -13.961603
v 0.862639 10.899486 -13.513111
v 1.345452 9.977607 -15.531624
v 0.994076 10.515987 -14.843467
v 1.953610 9.803657 -15.361128
v 1.392065 11.193871 -11.169589
v 2.270051 10.056654 -12.602152
v 0.779156 11.331987 -12.268796
v 1.421488 10.445473 -14.753873
v 0.936778 10.947260 -13.882510
v 2.054519 10.351840 -14.389532
v 1.400303 11.747902 -11.592347
v 0.330241 11.888538 -11.384934
v -0.021399 10.752418 -13.179703
v 1.709471 10.827025 -14.290806
v 0.053307 11.305290 -12.169741
v 0.807881 10.768118 -14.486746
v 1.375853 11.755890 -10.216356
v 2.152793 10.519345 -11.766311
v 0.924528 12.078856 -11.178324
v 1.299036 11.094797 -13.722693
v 0.964216 11.621107 -12.531147
v 2.025493 10.916494 -13.547451
v 1.258018 12.428740 -9.290696
v 2.182563 11.233586 -10.342969
v 0.719888 12.685377 -10.401838
v 1.393207 11.551572 -12.387536
v 0.934895 12.115944 -11.549583
v 2.237357 11.461778 -11.978694
v 1.322857 12.856668 -9.664180
v 0.043993 11.995474 -11.058242
v 1.704018 11.831831 -11.459030
v 0.481606 12.669405 -9.182067
v 0.831382 11.934320 -12.161484
v 0.726566 13.093714 -9.757602
v 1.623458 13.136669 -7.998297
v 2.124404 11.999493 -9.283356
v 1.048667 13.594050 -9.050687
v 1.126090 12.537720 -11.071931
v 0.921520 13.130640 -10.236136
v 1.919415 12.224655 -10.767825
v 1.942957 12.590254 -7.708244
v 0.789410 13.823149 -7.735325
v 1.748413 13.951510 -7.366254
v 1.288013 12.847570 -9.471867
v 1.178226 13.649136 -9.458899
v -12.107340 8.521137 -16.388645
v -8.292206 8.455898 -16.583414
v -8.286349 9.508305 -15.024862
v -11.964817 9.836802 -15.187325
v -19.656651 8.401597 -15.936493
v -13.967528 8.204407 -16.266022
v -19.602304 9.302649 -14.739074
v -14.346229 9.244450 -15.118244
v -12.075655 8.443548 -16.451506
v -8.407602 7.997885 -16.568863
v -8.405094 9.631557 -15.600010
v -12.185360 9.415565 -15.491332
v -19.722191 9.574568 -14.807619
v -14.373905 9.451868 -15.360919
v -19.779551 8.340282 -16.093019
v -17.003716 8.070962 -16.466812
v -20.344198 10.743996 -12.247814
v -20.293751 9.489980 -14.410699
v -7.192380 9.037080 -15.913288
v -7.463421 9.642238 -13.887142
v -17.506073 9.306306 -15.077418
v -10.604886 9.096201 -15.306214
v -10.554226 8.386771 -16.521807
v -20.954235 9.289835 -13.907669
v -13.597282 8.950851 -16.461012
v -21.136745 8.882249 -15.269252
v -20.782305 8.280859 -15.625871
v -17.190969 8.481678 -16.257683
v -10.066562 9.770384 -13.951759
v -15.996451 9.458329 -15.180083
v -10.482732 10.671444 -13.692846
v -7.443735 10.705563 -14.049294
v -14.320471 10.601679 -14.177840
v -7.734977 10.945349 -12.250849
v -19.847401 9.362299 -14.510636
v -20.087061 10.451348 -12.715550
v -17.212610 10.173672 -14.350028
v -16.773438 9.179331 -15.230540
v -10.202085 10.115299 -13.054099
v -7.608973 11.389102 -12.395126
v -7.322640 10.183200 -14.756989
v -10.075281 9.399506 -15.797219
v -13.620416 10.170260 -14.127604
v -15.635724 9.114456 -15.906716
v -19.204430 9.171464 -15.228998
v -19.437077 10.411430 -12.663630
v -15.948024 10.409073 -14.197973
v -7.456523 9.735371 -14.876917
v -12.159354 9.340180 -16.473339
v -7.805798 10.831071 -12.515437
v -12.152711 10.153502 -14.005376
v -12.555557 8.250506 -16.446980
v -12.803578 8.926090 -15.225609
v -12.356411 10.465242 -15.027849
v -8.822195 10.421368 -14.925384
v -8.784454 11.083979 -12.350445
v -12.184913 11.625367 -12.626446
v -19.251078 10.328688 -14.388590
v -14.288845 10.207596 -15.133329
v -19.166714 11.019648 -12.100354
v -15.134644 10.887108 -12.572744
v -8.922169 10.072049 -14.993173
v -8.903086 11.181040 -13.143834
v -12.339355 10.357735 -14.957291
v -19.286343 11.222405 -12.172425
v -16.404713 11.077869 -12.622190
v -19.370932 10.249849 -14.689653
v -13.748523 11.364748 -13.353942
v -15.784293 10.136209 -15.512085
v -19.782837 11.226614 -11.950723
v -7.794639 10.796652 -13.472267
v -8.021776 11.121454 -11.032658
v -13.613145 10.681332 -13.128257
v -12.804474 10.787321 -14.756108
v -10.933616 10.859630 -12.923003
v -10.893766 10.318979 -14.882100
v -17.313974 11.186642 -12.885715
v -16.739792 10.502005 -15.542430
v -20.405952 10.657907 -11.037889
v -20.271721 10.196959 -13.770956
v -19.943398 12.506280 -9.551598
v -10.434874 11.439427 -11.225174
v -16.512154 11.277790 -13.079985
v -10.818939 12.457027 -10.996789
v -13.115321 11.967352 -12.540442
v -14.175694 12.466770 -11.584577
v -8.286807 12.821623 -9.559960
v -8.031502 12.142951 -11.058380
v -16.747059 10.973505 -13.294728
v -19.404854 11.001783 -11.871298
v -19.692556 12.083939 -9.933151
v -16.805040 11.888823 -11.913671
v -10.564838 11.256426 -13.711003
v -13.517967 11.347294 -13.655713
v -10.592945 11.867725 -10.342669
v -8.097418 12.724249 -9.307817
v -7.895852 11.549681 -11.912713
v -15.323460 12.006604 -11.572434
v -8.893970 11.060663 -11.727592
v -9.183668 12.587442 -9.779215
v -13.116114 12.142448 -11.610534
v -15.546475 10.953389 -14.073345
v -18.815029 10.879545 -12.714826
v -19.081089 12.132057 -9.949534
v -15.841129 12.182116 -11.520412
v -8.016300 11.222195 -12.132256
v -12.394732 11.233524 -14.485075
v -8.341027 12.498810 -9.816957
v -12.357848 12.037039 -11.583508
v -18.367147 12.098019 -10.770785
v -18.568680 13.697279 -8.040281
v -15.334055 13.732283 -9.696020
v -11.835272 12.103096 -12.321100
v -8.217621 13.623320 -8.503863
v -7.991151 12.801945 -10.096469
v -12.078250 13.109764 -9.627277
v -18.160896 11.617321 -10.627064
v -18.412081 13.305990 -8.725098
v -7.818286 12.536534 -10.509680
v -11.718353 12.079794 -12.801491
v -8.128829 13.762020 -8.889143
v -12.007273 13.056698 -9.930831
v -15.250147 13.084751 -10.210929
v -9.798162 11.659941 -10.350599
v -10.223721 12.988955 -8.807763
v -12.713959 10.231233 -15.111463
vt 0.000000 0.000000
vt 1.000000 0.000586
vt 0.000000 0.225712
vt 0.635355 0.225712
vt 1.000000 0.451423
vt 0.000000 0.451424
vt 1.000000 0.000000
vt -0.000299 0.225712
vt 0.250000 0.000000
vt 0.000000 0.026119
vt 1.000000 0.429796
vt 0.000000 0.451424
vt 0.394120 0.225712
vt 1.000000 0.451423
vt 0.490153 0.451424
vt 0.000000 0.225712
vt 0.493775 0.432056
vt 0.000000 0.451424
vt 0.999781 0.000000
vt 1.000000 0.225712
vt 0.000000 0.225712
vt 0.995139 0.447316
vt 0.004397 0.451424
vt 0.000000 0.001355
vt 0.998081 0.013608
vt 1.000000 0.451423
vt 0.000000 0.451424
vt 1.000000 0.196429
vt 0.000000 0.225712
vt 0.000000 0.000000
vt 0.571033 0.000000
vt 1.000000 0.458672
vt 0.500000 0.451207
vt -0.000038 0.000000
vt 1.000011 0.447204
vt 0.498958 0.458672
vt 0.999406 0.225712
vt 1.000000 0.451423
vt 0.000000 0.451424
vt 0.664221 0.225712
vt 1.000000 0.451423
vt 0.000000 0.451424
vt -0.007225 0.000000
vt 1.000000 0.225712
vt 0.000000 0.448036
vt 1.000000 0.448036
vt 0.000000 0.451424
vt 0.000000 0.007265
vt 1.000000 0.225712
vt 0.980583 0.451423
vt 0.033535 0.018342
vt 1.000000 0.000000
vt 0.000000 0.000000
vt 1.000000 -0.000576
vt 0.000000 0.225712
vt 0.909196 0.225712
vt 1.000000 0.451423
vt 0.000000 0.451424
vt 1.000239 -0.001340
vt 1.000000 0.451423
vt 0.062738 0.451424
vt 0.912916 0.359938
vt 0.683614 0.359938
vt 0.677123 0.024313
vt 0.912916 0.018759
vt 0.504404 0.357163
vt 0.361643 0.014482
vt 0.006093 0.366078
vt 0.710196 0.020242
vt 0.951871 0.362155
vt 0.583901 0.359938
vt 0.004748 0.014482
vt 0.004748 0.351121
vt 0.510978 0.192291
vt 0.912916 0.360950
vt 0.683614 0.359938
vt 0.919337 0.192291
vt 0.908058 0.359938
vt 0.372934 0.359938
vt 0.338999 0.014482
vt 0.004178 0.351930
vt 0.000000 -0.009416
vt 1.000000 0.450762
vt 0.000000 0.451424
vt 0.000000 0.225712
vt 0.861730 0.444977
vt 0.000000 0.451424
vt 0.000000 0.000000
vt 1.000000 0.001553
vt 0.000000 0.378026
vt 0.000000 0.000016
vt 1.000000 0.451366
vt 0.000000 0.451424
vt 0.000000 0.000000
vt 0.486989 0.005485
vt 0.000000 0.439762
vt 1.000000 0.450657
vt 0.000000 0.451424
vt 0.000000 0.225712
vt 1.000000 0.005593
vt 0.000000 0.448748
vt 0.000000 0.000000
vt 0.500000 0.000000
vt 1.000000 0.001409
vt 1.002020 0.452335
vt 1.000000 0.000000
vt 0.914592 0.393964
vt 0.000735 0.001409
vt 0.671830 0.225712
vt 1.000000 0.451423
vt 0.302707 0.451424
vt 0.000000 0.225712
vt 1.000000 -0.001186
vt 0.000000 0.000000
vt 0.000000 0.451424
vt 0.500000 0.000000
vt -0.001381 0.225712
vt 1.000000 0.000000
vt 0.000000 0.451424
vt 0.602017 0.443455
vt 0.000000 0.001789
vt 0.000000 0.000000
vt 0.000000 0.451224
vt 1.000000 0.451423
vt 1.000000 0.225712
vt 0.000000 0.451424
vt 1.000000 0.451224
vt 0.000000 0.225712
vt 0.000000 0.449158
vt 1.000000 0.451423
vt 1.000000 0.225712
vt 0.486601 0.448707
vt 1.000000 -0.002053
vt 0.500000 0.000000
vt 0.850847 0.356433
vt 1.000000 0.000000
vt 0.000185 0.001859
vt -0.000059 0.451424
vt 0.000000 0.000000
vt 0.000000 0.000000
vt 0.999306 0.225712
vt 1.000000 0.000000
vt 0.881063 0.225712
vt 1.000000 0.000000
vt 0.000000 0.000000
vt 0.000000 0.451424
vt 1.000000 0.447276
vt 0.000000 0.225712
vt 0.000000 0.451424
vt 0.500043 0.450803
vt 0.000000 0.225712
vt 0.000000 0.452671
vt 1.000000 0.001404
vt 0.000000 0.000000
vt 1.000000 0.451423
vt 0.649327 0.436040
vt 1.000000 0.000000
vt 0.500000 0.000000
vt 0.000000 0.451424
vt 0.000000 0.225712
vt 0.000000 -0.000229
vt 0.582006 0.451423
vt 1.000000 0.000492
vt 0.683614 0.014482
vt 0.884132 0.268841
vt 0.912916 0.014482
vt 0.391983 0.043486
vt 0.004554 0.358076
vt 0.483785 0.359938
vt 0.709181 0.018005
vt 0.951871 0.368464
vt 0.951871 0.014482
vt 0.004748 0.359027
vt 0.514434 0.359938
vt 0.359240 0.014482
vt 0.528733 0.014482
vt 0.004554 0.014482
vt 0.006463 0.359494
vt 0.344538 0.014482
vt 0.503866 0.014482
vt 0.507095 0.014482
vt 0.007577 0.358184
vt 0.908414 0.014482
vt 0.004554 0.014482
vt 0.344538 0.014482
vt 0.000000 0.434744
vt 1.000000 0.451423
vt 1.000000 0.004903
vt 0.584923 0.225712
vt 1.000000 0.000000
vt 0.000000 0.000000
vt 0.000000 0.451424
vt 0.992592 0.379034
vt 0.000000 0.225712
vt -0.000808 0.225712
vt 1.000000 0.000000
vt 0.000000 0.000000
vt 0.251277 0.446083
vt 0.567364 0.000000
vt 0.010739 0.000000
vt 0.000000 0.000000
vt 0.999998 0.450372
vt 1.000000 0.000000
vt 0.000000 0.450965
vt 1.000000 0.451423
vt 0.000000 0.000000
vt 1.000000 0.000092
vt 0.000000 0.451516
vt 1.000000 0.451516
vt 0.501268 0.451424
vt 0.500000 0.000174
vt 1.000000 -0.001111
vt 0.000000 0.454139
vt 0.000000 0.000000
vt 0.000000 0.225712
vt 1.000000 0.451387
vt 0.000000 0.451424
vt 0.000000 0.000000
vt 1.000000 0.000049
vt 0.000000 0.451526
vt 1.000000 0.451526
vt 0.217607 0.451424
vt 0.984495 0.007345
vt 0.000000 0.000000
vt 0.500000 0.000210
vt 0.000000 0.451522
vt 0.000000 0.002696
vt 1.000000 0.225712
vt 1.000000 0.000000
vt 0.834601 0.225712
vt 1.000000 0.000000
vt 0.000000 0.000000
vt 0.436849 0.225712
vt 0.531339 0.000000
vt 0.000000 0.000000
vt 0.633471 0.003151
vt 0.832888 0.006406
vt 0.517429 0.462929
vt 1.028288 0.462612
vt 1.101163 0.003151
vt 1.110750 0.267829
vt 1.228555 0.462654
vt 1.536973 0.267884
vt 1.456445 0.462929
vt 1.140985 0.009023
vt 1.340360 0.003151
vt 0.396010 0.267883
vt 0.315501 0.462929
vt 0.062135 0.434537
vt -0.000056 0.003151
vt 0.199416 0.004336
vt 0.087111 0.466327
vt 0.832872 0.007408
vt 0.633471 0.003151
vt 0.518463 0.462886
vt 0.551922 0.459879
vt 0.668339 0.020371
vt 0.469150 0.003151
vt 0.353061 0.462928
vt 0.269889 0.016019
vt 0.212774 0.008633
vt 0.013392 0.003151
vt 0.122714 0.461773
vt 0.236700 0.462835
vt 0.351335 0.001051
vt 0.156188 0.267827
vt 0.151864 0.003151
vt 1.114983 0.008910
vt 0.915607 0.003151
vt 1.022848 0.462443
vt 0.982440 0.462928
vt 1.098527 0.452439
vt 0.903383 0.267827
vt 1.538348 0.267935
vt 1.539831 0.003151
vt 1.340360 0.003151
vt 0.396194 0.267890
vt 0.398887 0.003151
vt 0.199416 0.003151
vt 0.315501 0.462929
vt 0.051986 0.384324
vt 0.083938 0.462889
vt 0.199416 0.001175
vt 0.004269 0.267827
vt -0.000056 0.003151
vt 0.000000 0.003308
vt 1.000000 0.225712
vt 1.000000 0.000000
vt 0.000000 0.451424
vt 0.500000 0.451053
vt 0.000000 0.011461
vt 0.003845 0.424216
vt 1.000000 0.000000
vt 0.000000 0.000000
vt 0.000000 0.452724
vt 1.000000 0.000076
vt 0.000000 0.000000
vt 0.000000 0.451424
vt 1.000000 0.452724
vt 0.000000 0.000024
vt 0.000000 0.446279
vt 1.000000 0.451423
vt 1.000000 0.000024
vt 0.000000 0.448958
vt 1.000000 0.451423
vt 1.000000 0.225712
vt 0.000000 0.451424
vt 1.000000 0.450043
vt 0.000000 -0.011160
vt 0.991780 0.451423
vt 0.039059 -0.000436
vt -0.000045 0.451630
vt 0.928600 0.451423
vt 1.000000 0.225712
vt 0.000000 0.000000
vt 1.000000 0.026718
vt 0.000000 0.225712
vt 0.256591 0.451424
vt 0.546947 0.000000
vt 0.440803 0.225712
vt 0.000000 0.000000
vt 1.000000 0.225712
vt 0.864600 0.451423
vt 0.000180 0.439683
vt 0.311905 0.225712
vt 0.728890 0.451423
vt 0.000000 0.451424
vt 1.000000 0.000000
vt 0.609354 0.225712
vt 0.000000 0.000000
vt 0.000000 -0.000703
vt 1.000000 0.451423
vt 0.000000 0.451424
vt 0.999390 0.000000
vt 1.000000 0.447301
vt 0.000000 0.451104
vt 0.999470 0.451103
vt 0.021032 0.451424
vt 0.000000 0.070556
vt 0.015705 0.000000
vt 0.556732 0.411140
vt 0.000000 0.447124
vt 0.998724 0.000000
vt 1.000000 0.225712
vt 0.000000 0.444657
vt 0.000000 0.225712
vt 0.894119 0.462340
vt 0.000000 0.451424
vt 0.209502 0.000000
vt 1.000000 0.031879
vt 0.000000 0.225712
vt 0.000000 0.000000
vt 0.525374 -0.001267
vt 0.981448 0.451423
vt 0.000000 0.451424
vt 0.678774 0.021257
vt 0.912916 0.363738
vt 0.683614 0.359938
vt 0.364653 0.014482
vt 0.505668 0.358466
vt 0.174546 0.364333
vt 0.712784 0.014482
vt 0.711415 0.351710
vt 0.528733 0.014482
vt 0.622116 0.192291
vt 0.910863 0.359938
vt 0.344538 0.359938
vt 0.000000 0.000000
vt 1.000000 0.004399
vt 0.000000 0.225712
vt 0.749801 0.451423
vt 1.000000 0.000000
vt 0.000496 0.225712
vt 0.000000 0.000000
vt 1.000000 0.451423
vt 0.000000 0.451424
vt 1.000000 0.225712
vt 0.744248 0.451423
vt 0.000774 0.225712
vt 0.000000 0.451424
vt 0.995803 0.000000
vt 0.000000 0.000000
vt 0.480418 0.000000
vt 1.000012 0.008845
vt 0.000089 0.438636
vt 1.000000 0.450956
vt 0.000000 0.451424
vt 0.999177 0.000002
vt 0.888425 0.000000
vt 1.000000 0.225712
vt 0.712300 0.449369
vt 0.312026 0.090078
vt 1.000000 0.451423
vt 0.000000 0.451424
vt 0.000000 0.000000
vt 1.000000 0.451099
vt 0.000000 0.225712
vt 0.000000 0.451424
vt 0.000418 0.004589
vt 0.972401 0.451423
vt 0.000000 0.451424
vt 1.000000 -0.000007
vt 0.746043 0.451423
vt 0.000000 0.000831
vt 1.000000 0.000831
vt 0.000000 0.448829
vt 0.000000 0.000000
vt 0.500000 0.001795
vt 1.000000 0.449444
vt 0.500000 0.451424
vt 0.000000 0.453946
vt 0.000000 0.000000
vt 1.000000 0.451423
vt 0.494809 0.451424
vt 0.921752 0.225712
vt 1.000000 0.000000
vt 0.000000 0.000000
vt 0.425082 0.225712
vt 0.529848 0.000000
vt 0.000000 0.000000
vt 0.000000 0.000000
vt 1.000000 0.225712
vt 1.000000 0.000000
vt 0.000130 0.451369
vt 1.000000 0.000000
vt 0.006792 0.000703
vt 0.000000 0.009014
vt 1.000000 0.225712
vt 1.000000 0.000000
vt 0.000000 0.451424
vt 0.609570 0.451492
vt 0.000000 0.021045
vt 0.000000 0.451424
vt 0.799502 0.449468
vt 0.000000 -0.005372
vt 0.000000 0.449173
vt 0.833365 0.021045
vt 0.000000 0.000000
vt 0.153293 0.225712
vt 0.998006 0.052726
vt 0.000000 0.000000
vt -0.002669 0.451424
vt 1.000000 0.014585
vt 0.000000 0.000416
vt 0.000000 0.000000
vt 1.001337 0.225712
vt 1.000000 0.000000
vt 0.843339 0.458420
vt 1.000000 0.000000
vt 0.016647 -0.000523
vt 0.000000 0.451424
vt 1.000000 0.432186
vt 0.000000 0.002010
vt 0.000000 0.000000
vt 0.001340 0.447228
vt 0.783133 0.000000
vt 0.683157 0.014895
vt 0.913498 0.359938
vt 0.912916 0.018197
vt 0.004554 0.359227
vt 0.338007 0.359938
vt 0.344538 0.014482
vt 0.507095 0.014482
vt 0.684559 0.014482
vt 0.912833 0.358803
vt 0.912916 0.014482
vt 0.004554 0.014482
vt 0.005718 0.359649
vt 0.344538 0.014482
vt 0.636199 0.225712
vt 1.000000 0.000000
vt 0.000000 0.000000
vt 0.000000 0.458728
vt 1.000000 0.000000
vt 0.000000 0.000000
vt 0.250426 0.449396
vt 1.000000 0.000000
vt 0.500000 0.000000
vt 0.268302 0.451424
vt 0.910598 0.402148
vt 0.000000 0.225712
vt 0.000761 0.000000
vt 0.000000 0.451444
vt 1.000000 0.451423
vt 1.000000 0.058827
vt 0.000000 0.451424
vt 1.000000 0.451444
vt 1.018185 -0.004105
vt 0.500000 0.451424
vt 1.000000 0.392871
vt 0.500000 0.004818
vt 0.000000 0.449722
vt 0.000000 0.449372
vt 1.000000 0.451423
vt 0.999644 0.003251
vt 0.000000 0.447150
vt 1.000000 0.451423
vt 1.000000 0.225712
vt 0.704123 0.451423
vt 1.000000 0.225712
vt 0.000000 0.000000
vt 1.000000 0.000125
vt 0.000000 0.225712
vt 0.000000 0.000000
vt 1.000000 0.000533
vt 0.000000 0.225712
vt 0.000000 0.000000
vt 0.908429 0.000426
vt 0.000000 0.451172
vt 1.000000 0.000000
vt 1.053615 0.447217
vt 0.000040 0.000479
vt 0.250941 0.010813
vt 0.006696 0.451424
vt 0.000000 0.017232
vt 0.998889 0.016010
vt 0.500000 -0.000312
vt 0.863677 0.460587
vt 0.783020 0.003151
vt 1.074967 0.460831
vt 0.653200 0.267419
vt 0.585235 0.462929
vt 0.352535 0.462961
vt 0.967631 0.003151
vt 0.971233 0.267829
vt 0.888782 0.462410
vt 0.580942 0.267827
vt 0.659999 0.462928
vt 0.208380 0.003151
vt 0.208536 0.267829
vt 0.128013 0.462894
vt 0.351335 -0.000529
vt 0.550806 0.003151
vt 0.472282 0.450929
vt 0.151864 0.003151
vt 0.156188 0.267827
vt 1.027766 0.462572
vt 1.107918 0.003151
vt 1.110750 0.267829
vt -0.084144 0.462797
vt -0.006156 0.003151
vt -0.002290 0.267829
vt -0.144757 0.462619
vt -0.069302 0.003151
vt -0.061198 0.267829
vt 1.340360 -0.000067
vt 1.539831 0.003151
vt 1.458604 0.457600
vt 0.000064 0.010471
vt 0.199416 0.003151
vt 0.081638 0.463048
vt 0.396546 0.267903
vt 0.315501 0.462929
vt 0.067363 0.435560
vt 0.004273 0.003151
vt 0.660388 0.267685
vt 0.668621 0.003151
vt 0.271332 0.011989
vt 0.585235 0.462929
vt 0.353189 0.462920
vt 0.235246 0.462928
vt 0.351333 0.456932
vt 0.151891 0.004814
vt 1.224271 0.462928
vt 1.340358 0.453838
vt 1.140970 0.008120
vt 0.395409 0.267861
vt 0.398887 0.003151
vt 0.199416 0.003151
vt 0.315501 0.462929
vt 0.066535 0.422578
vt 0.000000 0.000000
vt 1.000000 0.000205
vt 0.000000 0.451429
vt 1.000000 0.451429
vt 0.351897 0.451424
vt 0.932521 0.032053
vt 1.000000 0.000000
vt 1.000000 0.225712
vt 0.468426 0.449042
vt 0.000000 -0.006647
vt 1.000000 0.225712
vt 1.000000 0.000000
vt 0.865686 0.225712
vt 1.000000 0.000000
vt 0.000000 0.000000
vt 0.386724 0.225712
vt 0.496165 0.000000
vt 0.000000 0.000000
vt 0.567775 0.225712
vt 1.000000 0.000000
vt 0.000000 0.000000
vt 0.500000 0.000000
vt 1.000000 0.450811
vt 1.000000 0.000000
vt 0.000000 0.225712
vt 1.000000 -0.001398
vt 0.000000 0.000000
vt 0.000000 0.449229
vt 1.000000 0.451423
vt 1.000000 0.034371
vt 0.760271 0.451423
vt 1.000000 0.225712
vt 0.000000 0.000000
vt 1.000000 0.000215
vt 0.000000 0.450273
vt 1.000000 0.450273
vt 0.105365 0.451424
vt 0.937353 0.030776
vt 1.000000 0.451423
vt 1.000000 0.225712
vt 0.000000 -0.001458
vt 0.000000 0.451424
vt 1.000000 0.000000
vt 0.000000 0.451424
vt 1.000000 0.449269
vt 0.000000 -0.012925
vt 0.000000 0.225712
vt 1.000000 -0.012925
vt 0.000000 0.000000
vt 0.481496 0.225712
vt 0.510116 0.000000
vt 0.000000 0.000000
vt 0.975508 0.431468
vt 1.000000 0.000000
vt 0.000000 0.000000
vt 0.000000 0.010022
vt 1.000000 0.225712
vt 1.000000 0.000000
vt 1.000000 0.451423
vt 0.000000 0.451424
vt 1.000000 0.449873
vt 0.000000 0.000642
vt 0.500000 0.450598
vt 1.000000 0.451423
vt 1.000000 0.000642
vt 0.500000 0.000000
vt 1.000000 0.450793
vt 1.000000 0.000000
vt 0.000000 0.451424
vt 0.000000 0.009960
vt 0.000000 0.450794
vt 0.809980 0.451423
vt 0.948433 0.009960
vt 0.000000 0.448545
vt 1.000000 0.451423
vt 1.000000 0.000023
vt 0.000000 0.445041
vt 1.000000 0.007849
vt 0.000000 0.000000
vt 0.000000 0.451424
vt 1.000000 0.445041
vt 0.772888 0.051262
vt 0.000000 0.006083
vt 1.000000 0.225712
vt 1.000000 0.000000
vt 0.000000 0.000000
vt 0.559228 0.225712
vt 1.000000 0.000000
vt 0.001437 0.225712
vt 1.000000 0.000000
vt 0.250000 0.000000
vt 0.000000 0.020704
vt 1.000000 0.397782
vt 1.000000 0.000000
vt 0.005447 0.431455
vt 0.498713 0.451424
vt 1.000000 0.020704
vt 0.500000 0.000000
vt 0.990843 0.427321
vt 1.000000 0.000000
vt 0.500000 0.000000
vt -0.001214 0.225712
vt 1.000000 0.000000
vt 0.000000 0.000000
vt 0.000000 0.454370
vt 1.000000 0.451423
vt 1.000000 0.225712
vt 0.000018 0.448403
vt 0.780240 0.000000
vt 0.000000 0.000000
vt 0.000000 0.000000
vt 1.000556 0.225712
vt 1.000000 0.000000
vt -0.000486 0.451643
vt 1.000000 -0.001968
vt 0.500000 0.000000
vt 0.494026 0.451424
vt 0.000000 0.225712
vt 0.182412 0.451424
vt 1.000000 0.000773
vt 0.002046 0.225712
vt 1.000000 0.000000
vt 0.000000 0.000000
vt 0.003272 0.225712
vt -0.021633 0.451424
vt 1.000000 0.225712
vt 0.000000 0.000000
vt 1.001494 0.451201
vt 0.862507 0.000000
vt 0.507095 0.014482
vt 0.431994 0.192291
vt 0.683614 0.014482
vt 0.009260 0.356909
vt 0.344538 0.359938
vt 0.361162 0.014482
vt 0.709691 0.017894
vt 0.951871 0.365377
vt 0.951871 0.014482
vt 0.004748 0.359886
vt 0.588400 0.359938
vt 0.359240 0.014482
vt 0.528733 0.014482
vt 0.004554 0.359911
vt 0.427456 0.359938
vt 0.501135 0.192291
vt 0.344538 0.014482
vt 0.609579 0.014482
vt 0.004554 0.359464
vt 0.386187 0.359938
vt 0.355091 0.024315
vt 1.000000 0.451423
vt 0.000000 0.451424
vt 0.000000 0.000000
vt 0.997355 0.448593
vt 1.000000 0.000000
vt 0.000000 0.452722
vt 1.000000 0.451423
vt 1.000000 0.004630
vt 0.000000 0.225712
vt 0.253065 0.451424
vt 0.992386 0.444242
vt 0.000000 0.447585
vt 1.000000 0.451423
vt 1.000000 0.225712
vt 0.000000 0.451007
vt 0.973912 0.440274
vt 0.483255 0.005980
vt 0.000000 0.225712
vt 1.000000 0.002712
vt 0.000000 0.000000
vt 0.999593 0.451423
vt -0.003517 0.450786
vt 1.000000 0.000156
vt 0.000000 0.000000
vt 0.545748 -0.000382
vt 0.381896 0.451424
vt 0.749142 0.225712
vt 1.000000 0.000000
vt 0.000000 0.000000
vt 1.000000 0.001415
vt 0.000000 0.461105
vt 1.000000 0.461104
vt 0.000000 0.451424
vt -0.008205 0.023776
vt 0.999521 0.000000
vt 1.000000 0.442919
vt 0.000000 0.443808
vt 0.986713 0.443808
vt 0.244581 0.451424
vt 0.000000 0.225712
vt 1.000000 0.449144
vt 0.000000 0.451424
vt 0.000000 0.225712
vt 1.000000 0.000000
vt 0.850847 0.356433
vt 0.000185 0.001859
vt -0.000059 0.451424
vt 0.500000 0.000000
vt 0.486601 0.448707
vt 0.000000 0.000000
vt 0.998787 0.225712
vt 1.000000 0.451423
vt 0.000000 0.451424
vt 1.000000 0.000000
vt 0.881063 0.225712
vt 0.000000 0.000000
vt 0.999629 0.000000
vt 1.000000 0.225712
vt 0.000000 0.225712
vt 0.000000 0.451424
vt 0.542258 0.000000
vt 1.000000 0.450934
vt 0.500000 0.449149
vt 0.499994 0.450981
vt 0.000000 0.451424
vt 0.000000 0.225712
vt 0.915999 0.000000
vt 0.007708 0.447396
vt 0.000000 0.000000
vt 0.000000 0.000000
vt 1.000000 0.030903
vt 0.000000 0.225712
vt 0.025841 0.017197
vt 1.000000 0.451423
vt 0.000000 0.451424
vt 1.000000 0.017197
vt 0.000000 0.225712
vt 0.000000 0.000000
vt 1.000000 0.000000
vt 1.009673 0.463530
vt 0.500000 0.000000
vt 1.000000 0.000000
vt -0.001529 0.225712
vt 0.500000 0.000000
vt 0.000000 0.000000
vt 0.679413 0.000000
vt 1.000000 0.450545
vt 0.390747 0.463530
vt 0.999974 0.000248
vt 1.000000 0.451423
vt 0.500000 0.451424
vt 0.683614 0.359938
vt 0.507095 0.359938
vt 0.348906 0.018826
vt 0.875659 0.332699
vt 0.683614 0.014482
vt 0.912916 0.013551
vt 0.004554 0.014482
vt 0.004554 0.370071
vt 0.344538 0.359938
vt 0.711426 0.017501
vt 0.712784 0.359938
vt 0.420118 0.359938
vt 0.004554 0.014482
vt 0.344698 0.017377
vt 0.004554 0.348404
vt 0.000000 0.000000
vt 1.000000 0.003720
vt 0.000000 0.435702
vt 1.000000 0.000000
vt 0.617679 0.225712
vt 0.000000 0.000000
vt 0.992500 0.378872
vt 0.000000 0.451424
vt 0.000000 0.225712
vt 0.000000 0.000000
vt 1.000000 0.000633
vt 0.000000 0.225712
vt 1.000000 0.000000
vt -0.000957 0.225712
vt 0.000000 0.000000
vt 0.567364 0.000000
vt 0.251011 0.446586
vt 0.010739 0.000000
vt 1.000000 0.451423
vt 0.000000 0.451424
vt 0.000000 0.013431
vt 1.000000 0.000197
vt 0.000000 0.000000
vt 1.000000 0.000466
vt 0.000000 0.225712
vt 0.004554 0.014482
vt 0.000000 0.000000
vt 0.000000 0.451798
vt 1.000000 0.451423
vt 1.000000 0.012089
vt 0.505514 0.451424
vt 1.000000 0.451797
vt 0.500000 0.000200
vt 0.000000 0.454139
vt 1.000000 -0.001184
vt 0.000000 0.000000
vt 0.000000 0.451834
vt 1.000000 0.451423
vt 1.000000 0.007788
vt 0.213420 0.451424
vt 1.000000 0.451834
vt 0.989530 0.004946
vt 0.000000 0.451247
vt 1.000000 0.451423
vt 1.000000 0.225712
vt 0.000000 0.451250
vt 0.686739 0.367125
vt 0.500000 -0.000032
vt 0.000000 -0.001184
vt 1.000000 -0.012583
vt 0.000000 0.225712
vt 0.000000 0.000000
vt 0.337414 0.451424
vt 0.531302 0.000000
vt 0.492749 0.225712
vt 0.000000 0.000000
vt 0.832888 0.006406
vt 0.633471 0.003151
vt 0.517429 0.462929
vt 0.567530 0.461271
vt 0.668411 0.016006
vt 0.469150 0.003151
vt 0.353061 0.462928
vt 0.274003 0.267827
vt 0.235246 0.462928
vt 0.456897 0.462035
vt 0.156188 0.267827
vt 0.982698 0.462911
vt 1.098530 0.001247
vt 0.903383 0.267827
vt 0.899058 0.003151
vt 1.536358 0.267861
vt 1.539831 0.003151
vt 1.340360 0.003151
vt 1.229299 0.462606
vt 1.141013 0.010748
vt 0.083326 0.462928
vt 0.311378 0.462647
vt -0.000018 0.005468
vt 0.396032 0.267884
vt 0.398887 0.003151
vt 0.199416 0.003151
vt 0.199416 0.004336
vt -0.000056 0.003151
vt 0.087111 0.466327
vt 0.633471 0.003151
vt 0.832872 0.007408
vt 0.518463 0.462886
vt 1.092512 0.462800
vt 1.169590 0.003151
vt 1.175859 0.267829
vt 0.362041 0.462126
vt 0.668359 0.019138
vt 0.585235 0.462929
vt 0.013392 0.003151
vt 0.212774 0.008633
vt 0.122714 0.461773
vt 0.351335 0.000978
vt 0.550806 0.003151
vt 0.546479 0.267829
vt 0.151864 0.003151
vt 0.156188 0.267827
vt 0.711662 0.462718
vt 0.752195 0.003151
vt 0.794510 0.267829
vt 0.915607 0.003151
vt 1.114983 0.008910
vt 1.022848 0.462443
vt 1.218106 0.463322
vt 1.535534 0.267831
vt 1.456445 0.462929
vt 0.199416 0.001629
vt 0.398887 0.003151
vt 0.394560 0.267829
vt 0.395746 0.267873
vt 0.315501 0.462929
vt 0.051986 0.384324
vt 0.199416 0.001260
vt 0.398887 0.003151
vt 0.394560 0.267829
vt -0.000056 0.003151
vt 0.004269 0.267827
vt 1.000000 0.000000
vt 0.028940 0.442415
vt 0.000000 0.000000
vt 0.000000 0.021150
vt 1.000000 0.442415
vt 0.000000 0.451424
vt 0.007415 0.000034
vt 1.000000 0.449763
vt 0.500000 0.451424
vt 0.500000 0.451014
vt 0.000000 0.451424
vt 0.000000 0.006988
vt 0.000000 0.000000
vt 0.966202 0.006988
vt 0.000000 0.449764
vt 0.000000 0.000000
vt 1.000000 -0.014016
vt 0.000000 0.460818
vt 1.000000 0.000000
vt 0.003246 0.424343
vt 0.000000 0.000000
vt 1.000000 0.000076
vt 0.000000 0.225712
vt 0.000000 0.000000
vt 0.000000 0.000000
vt 1.000000 0.027586
vt 0.000000 0.448588
vt 1.000000 0.450043
vt 0.000000 0.451424
vt 0.000000 -0.011160
vt 0.020143 -0.000225
vt 0.991780 0.451423
vt 0.000148 0.450805
vt 0.500000 0.003651
vt 1.000000 0.450804
vt 0.500000 0.451424
vt 0.000000 0.000000
vt 0.000000 0.437390
vt 1.000000 0.451423
vt 0.079107 0.451424
vt 0.996543 0.451423
vt 1.000000 0.225712
vt 0.000000 0.018202
vt 0.474548 0.225712
vt 0.543840 0.000000
vt 0.000000 0.000000
vt 0.000000 -0.006620
vt 1.000000 0.225712
vt 1.000000 0.000000
vt 0.000467 0.451424
vt 0.864600 0.451423
vt 1.000000 0.225712
vt 0.000030 0.440102
vt 0.000000 0.000000
vt 1.000616 0.225712
vt 1.000000 0.000000
vt 0.000000 -0.000885
vt 1.000000 0.225712
vt 1.000000 0.000000
vt 1.000000 0.451423
vt 0.015774 0.450188
vt 1.000000 0.451423
vt 1.000000 0.003454
vt 0.000000 0.003454
vt 0.440244 0.451424
vt 0.995663 0.450010
vt 0.848654 0.000000
vt 0.000000 0.225712
vt 0.671599 0.451423
vt 0.021506 0.004854
vt 0.000000 0.447743
vt 1.000000 0.451423
vt 0.008000 0.001806
vt 0.000000 -0.002499
vt 1.000000 0.447743
vt 1.000000 0.000000
vt 0.000000 0.451424
vt 0.111613 0.000000
vt 0.943414 0.469663
vt 1.000000 0.000000
vt 0.500000 0.000000
vt -0.001886 0.452252
vt 1.000000 0.000000
vt 0.000000 0.007233
vt -0.031853 0.451424
vt 1.000000 -0.000006
vt 0.000000 0.035755
vt 0.339050 0.451424
vt 1.000000 0.007233
vt 0.000000 0.225712
vt 1.000000 0.451423
vt 0.006809 0.000243
vt 0.439625 0.000627
vt 1.035125 0.451636
vt 1.000000 0.000000
vt 0.000064 0.443218
vt 0.610720 0.451423
vt 1.000000 0.005186
vt 0.506238 0.358288
vt 0.683614 0.014482
vt 0.507095 0.014482
vt 0.174546 0.363248
vt 0.344538 0.359938
vt 0.353572 0.014482
vt 0.712938 0.017422
vt 0.951871 0.366942
vt 0.951871 0.014482
vt 0.004748 0.014482
vt 0.004736 0.358987
vt 0.359240 0.014482
vt 0.665757 0.359938
vt 0.008055 0.358485
vt 0.912423 0.359938
vt 0.912916 0.027626
vt 0.004554 0.014482
vt 0.344538 0.014482
vt 0.529295 0.014482
vt 0.000000 0.000000
vt 0.753805 0.225712
vt 1.000000 0.000000
vt 0.646744 0.451423
vt 1.000000 0.225712
vt 0.000956 0.225712
vt 0.995803 0.000000
vt 0.000000 0.000000
vt 0.000000 0.451424
vt 1.000000 0.451080
vt 0.993938 0.000114
vt 0.391369 0.440200
vt 1.000000 0.451423
vt 1.000000 0.225712
vt 0.000044 0.011120
vt 0.915680 0.451423
vt 1.000000 0.001804
vt 0.000000 -0.005675
vt 1.000000 0.451336
vt 1.000000 0.000000
vt 0.000000 0.452058
vt 0.971008 0.451423
vt 1.011022 -0.005675
vt 0.000000 0.451424
vt 1.000000 0.451270
vt 0.000000 0.000426
vt 0.305397 0.451424
vt 1.000000 0.000426
vt 0.000000 -0.000138
vt 0.000000 0.449734
vt 1.000000 -0.000138
vt 0.000000 0.000000
vt 1.000000 0.451423
vt 0.000000 0.000000
vt 1.000000 0.011148
vt 0.000000 0.225712
vt 1.000000 0.000000
vt 0.922289 0.225712
vt 0.000000 0.000000
vt 0.529828 0.000000
vt 0.436598 0.225712
vt 0.000000 0.000000
vt 0.000000 0.000000
vt 1.000000 0.225712
vt 0.000000 0.225712
vt 1.000000 0.000000
vt 0.000131 0.451369
vt 0.006792 0.000703
vt 0.500000 0.450463
vt 0.000000 0.451424
vt 0.595769 0.008507
vt 0.799502 0.449468
vt 0.000000 0.451424
vt 0.000000 -0.005372
vt 0.833365 0.021045
vt 0.000000 0.449173
vt 0.000000 0.000000
vt 1.000000 0.443267
vt 0.863435 0.065545
vt 1.000000 0.451423
vt 0.000000 0.451424
vt 1.000000 0.006221
vt -0.002879 0.451424
vt 0.000000 0.000416
vt 0.826717 0.449216
vt 0.000000 0.451424
vt 0.000000 0.225712
vt 1.000000 0.451423
vt 0.000000 0.451424
vt 0.000000 -0.000048
vt 1.000000 0.000754
vt 0.000000 0.000000
vt 1.000000 0.001535
vt 0.000000 0.225712
vt 0.000000 0.225712
vt 0.962646 0.453882
vt 0.000000 0.451424
vt 0.002935 0.000000
vt 0.682538 0.015837
vt 0.914001 0.359938
vt 0.347962 0.359938
vt 0.630535 0.192291
vt 0.912916 0.363346
vt 0.683614 0.359938
vt 0.440903 0.359938
vt 0.004554 0.014482
vt 0.004554 0.347238
vt 0.000000 0.225712
vt 1.000000 0.446426
vt 0.000000 0.451424
vt 1.000000 0.000000
vt 0.650021 0.225712
vt 0.000000 0.000000
vt 1.000000 0.000000
vt 0.000000 0.458728
vt 0.000000 0.000000
vt 1.000000 0.000000
vt 0.250426 0.449396
vt 0.500000 0.000000
vt 0.960170 0.425230
vt 0.268302 0.451424
vt 0.000000 0.225712
vt 0.000761 0.000000
vt 1.000000 0.393295
vt 0.500000 0.451424
vt 0.500000 0.003965
vt 0.000000 0.000000
vt 0.000000 0.430890
vt 0.500000 0.000000
vt 1.000000 0.000354
vt 1.002711 0.452647
vt 1.052716 0.451518
vt 0.000000 0.451424
vt 0.000000 0.000354
vt 0.697145 0.451423
vt 0.000000 0.451424
vt 0.425572 0.225712
vt 1.000000 0.000000
vt 0.500000 0.000000
vt 0.000000 0.451233
vt 0.594046 0.449161
vt 0.926447 0.000179
vt 0.000000 0.000000
vt 0.000000 0.014257
vt 0.249971 0.450976
vt 0.500119 -0.000954
vt 0.000000 0.451424
vt 1.000404 0.451423
vt 1.004069 0.206604
vt 0.250000 0.000000
vt 1.175859 0.267829
vt 1.176824 0.003151
vt 1.078345 0.461231
vt 0.652428 0.267390
vt 0.668621 0.003151
vt 0.469150 0.003151
vt 0.585235 0.462929
vt 0.353407 0.462906
vt 0.269786 0.009749
vt 0.971233 0.267829
vt 0.967631 0.003151
vt 0.888782 0.462410
vt 0.580942 0.267827
vt 0.659999 0.462928
vt 0.212600 0.019233
vt 0.013392 0.003151
vt 0.128144 0.462829
vt 0.244790 0.462318
vt 0.469552 0.457667
vt 0.351335 -0.000733
vt 0.151864 0.003151
vt 0.156188 0.267827
vt 0.982440 0.462928
vt 1.098527 0.452720
vt 0.903383 0.267827
vt 1.340358 0.455509
vt 1.458637 0.457519
vt 1.340360 -0.000022
vt 0.310113 0.462606
vt 0.398767 0.010451
vt 0.199416 0.003151
vt 0.396631 0.267906
vt 0.398887 0.003151
vt -0.002512 0.003151
vt 0.315501 0.462929
vt 0.060170 0.412081
vt 0.126485 0.462803
vt 0.197254 0.003151
vt 0.208536 0.267829
vt 0.351333 0.455744
vt 0.550403 0.027783
vt 0.467420 0.462929
vt 0.151885 0.004480
vt 0.351335 0.003151
vt 0.899066 0.003653
vt 1.098530 0.003151
vt 1.201038 0.461963
vt 1.140972 0.008225
vt 1.340360 0.003151
vt 1.340358 0.453359
vt 0.395528 0.267865
vt 0.315501 0.462929
vt 0.079618 0.454893
vt 0.000000 0.451476
vt 1.000000 0.451423
vt 1.000000 0.001860
vt 0.339968 0.451424
vt 1.000000 0.451476
vt 0.958248 0.020080
vt 0.000000 0.450685
vt 1.000000 0.451423
vt 1.000000 0.225712
vt 0.000000 -0.008306
vt 1.000000 0.451423
vt 0.000000 0.451424
vt 1.000000 0.000000
vt 0.883602 0.225712
vt 0.000000 0.000000
vt 0.496872 0.000000
vt 0.564686 0.225712
vt 0.000000 0.000000
vt 1.000000 0.000000
vt 0.628840 0.225712
vt 0.000000 0.000000
vt 1.000000 0.451423
vt 0.000000 0.451424
vt -0.001497 0.052156
vt 1.000000 0.451423
vt 0.000000 0.451424
vt 1.000000 0.000000
vt 0.966828 0.418930
vt -0.001064 0.000000
vt 0.000000 0.451232
vt 1.000000 -0.001398
vt 0.000000 0.225712
vt 0.000000 0.000000
vt 0.000000 0.000000
vt 1.000000 0.022929
vt 0.000000 0.446715
vt 1.000000 0.451423
vt 0.529846 0.451424
vt 0.000000 0.451424
vt 0.000000 0.451461
vt 1.000000 0.451423
vt 1.000000 0.003214
vt 0.103662 0.451424
vt 1.000000 0.451460
vt 0.958335 0.020217
vt 0.000000 0.450417
vt 1.000000 0.451423
vt 1.000000 0.225712
vt 0.000000 0.004033
vt 1.000000 0.451358
vt 1.000000 0.000000
vt 0.000000 0.451424
vt 1.000000 0.449269
vt 0.000000 0.451424
vt 0.000000 -0.012925
vt 1.000000 -0.012925
vt 0.000000 0.225712
vt 0.000000 0.000000
vt 0.510361 0.000000
vt 0.492714 0.225712
vt 0.000000 0.000000
vt 1.000000 0.225712
vt 0.086561 0.451424
vt 0.000000 0.225712
vt 1.000000 0.000000
vt 0.754241 0.225712
vt 0.000000 0.000000
vt 1.000000 0.451423
vt 0.000000 0.451424
vt 0.500000 -0.000235
vt 1.000000 0.449694
vt 0.500000 0.451424
vt 0.500000 0.450032
vt 0.000000 0.451424
vt 0.000000 0.016701
vt 0.000304 0.000000
vt 0.965281 0.016701
vt 0.000000 0.449694
vt 1.000000 -0.000008
vt 0.000000 0.225712
vt 0.000000 0.000000
vt 0.000000 0.000000
vt 1.000000 0.030345
vt 0.000000 0.450862
vt 1.000000 0.445041
vt 0.000000 0.451424
vt 0.000000 -0.000042
vt 0.500000 0.004626
vt 1.000000 0.453168
vt 0.500000 0.451424
vt 0.000000 0.000000
vt 0.000000 0.418748
vt 0.787889 0.451423
vt 0.000000 0.451424
vt 0.886717 0.225712
vt 0.000000 0.446049
vt 0.000000 0.000000
vt 0.500000 0.000000
vt 0.000000 0.000000
vt 1.000000 0.000000
vt 1.000000 0.225712
vt 1.000000 0.000000
vt 0.500000 0.000000
vt 1.000000 0.000000
vt 1.000000 0.000000
vt 0.765546 0.451423
vt 0.000000 0.000000
vt 1.000000 0.026119
vt 0.000000 0.000000
vt 1.000000 0.451423
vt 0.000000 0.451424
vt 1.000000 0.451423
vt 0.000000 0.451424
vt 0.000000 -0.004409
vt 1.000000 -0.002201
vt 0.000000 0.000000
vt 1.000000 0.000000
vt 0.177360 0.225712
vt 1.000000 0.451423
vt 0.000000 0.451424
vt 0.570354 0.000000
vt 0.000000 -0.002201
vt 1.000000 0.225712
vt 0.000000 0.436045
vt 0.000000 0.000000
vt 1.000000 0.000000
vt 0.587182 0.448742
vt 0.000000 0.451424
vt 0.000000 0.225712
vt 0.304894 0.017042
vt 1.000000 0.451423
vt 1.000000 0.451423
vt 0.000000 0.451424
vt 0.000000 0.013608
vt 1.000000 0.225712
vt 0.823208 0.000000
vt 0.000000 0.447317
vt 0.147044 0.006660
vt 0.992454 0.451423
vt 1.000000 0.000000
vt 1.000000 0.451423
vt 0.000000 0.451424
vt 0.000000 0.433624
vt 0.000000 0.000000
vt 1.000000 0.000000
vt 1.000000 0.451423
vt 0.005997 0.000000
vt 0.993109 0.433624
vt 0.008535 0.438902
vt 0.000000 0.451424
vt 0.000000 0.001005
vt 0.500000 0.002712
vt 0.502190 0.451424
vt 0.000000 0.000000
vt 1.000000 0.000000
vt 1.000000 0.451423
vt 1.000000 0.000000
vt 1.001357 0.225712
vt 1.000000 0.451423
vt 0.000000 0.451424
vt 0.983219 0.018342
vt 1.000000 0.451423
vt 0.180624 0.451424
vt 1.000000 -0.000258
vt 1.000000 0.451423
vt 0.000000 0.451424
vt 0.000000 -0.000576
vt 1.000000 0.000109
vt -0.042749 -0.000280
vt 0.000000 0.225712
vt 0.000000 0.000000
vt 1.000000 0.000000
vt 1.000000 0.225712
vt 0.427967 0.451424
vt 0.000000 0.451938
vt 0.000000 0.000000
vt 1.000000 0.000000
vt 1.000000 0.449106
vt 0.050830 0.451424
vt 0.000000 0.225712
vt 0.000686 0.000000
vt 0.000000 -0.001340
vt 0.972743 0.000000
vt 0.969903 0.451134
vt 0.000000 0.000000
vt 1.000000 0.000000
vt 1.000000 0.451938
vt 0.500000 0.440017
vt 0.000000 0.451779
vt 0.507095 0.014482
vt 0.344538 0.359938
vt 0.579569 0.014482
vt 0.912916 0.014482
vt 0.951871 0.014482
vt 0.359240 0.014482
vt 0.528733 0.014482
vt 0.004554 0.344523
vt 0.004554 0.014482
vt 0.344538 0.014482
vt 0.388806 0.359938
vt 1.000000 0.449731
vt 0.000000 0.441344
vt 0.000000 0.000000
vt 1.000000 0.000000
vt 0.910326 0.014482
vt 0.004554 0.014482
vt 0.000000 0.225712
vt 0.000000 0.000000
vt 1.000000 0.000000
vt 1.000000 0.225712
vt 0.000000 0.000000
vt 1.000000 0.000000
vt 0.992573 0.441343
vt 1.000000 0.451423
vt 0.000000 0.451424
vt 0.000000 0.000000
vt 0.675734 0.000000
vt 1.000000 0.000000
vt 0.000000 0.442504
vt 1.016130 -0.009416
vt 0.717632 0.451423
vt 0.000000 0.447834
vt 0.000000 0.000000
vt 1.000000 0.000000
vt 1.000000 0.313897
vt 0.000000 0.000000
vt 1.000000 0.451423
vt 1.000000 0.451497
vt 0.000000 0.453044
vt 0.000000 0.000000
vt 1.000000 0.000000
vt 0.371725 0.450738
vt 0.459049 0.000000
vt 1.000000 0.000000
vt 1.000000 0.225712
vt 1.000000 0.451423
vt 0.000000 0.451424
vt 0.000000 -0.018075
vt 1.000000 -0.000031
vt 1.000000 0.451423
vt 0.000000 0.000000
vt 1.000000 0.000000
vt -0.000752 0.000000
vt 1.000000 0.225712
vt 0.000000 0.447734
vt 1.000000 0.451423
vt 1.000000 0.000000
vt 0.957964 0.438626
vt 0.000000 0.000000
vt 1.000000 0.000016
vt 0.047684 0.437451
vt 1.000000 0.451394
vt 0.000000 0.393964
vt 0.000000 0.000000
vt 1.000000 0.000000
vt 1.000000 0.451423
vt 0.000000 0.441006
vt 0.000000 0.000000
vt 0.000000 0.451424
vt 0.500000 0.451424
vt 0.000000 0.451138
vt 0.000000 0.000000
vt 1.000000 0.409429
vt 1.000000 0.000000
vt 0.000000 0.000000
vt 0.000000 0.447265
vt 1.000000 0.000000
vt 0.000000 -0.001186
vt 1.000000 0.450300
vt 1.000000 0.000000
vt 0.000000 0.451424
vt 1.000000 0.451423
vt 0.999730 0.001789
vt 0.000000 0.225712
vt 0.000000 0.451424
vt 0.542997 0.451424
vt 0.996035 0.000000
vt 0.000000 0.449658
vt 1.000000 0.409661
vt 0.001433 0.451424
vt 1.000000 0.451423
vt 1.000000 0.000000
vt 0.000000 0.000000
vt 0.491463 0.000000
vt 1.000000 0.000000
vt 1.000000 0.000000
vt 0.000000 0.000000
vt 1.000000 0.225712
vt 0.000000 0.000739
vt 0.000000 0.451424
vt 1.000000 0.451423
vt 1.000000 0.000000
vt 1.000000 0.000000
vt 0.000000 0.000000
vt 1.000000 0.225712
vt -0.000083 0.011281
vt 0.000000 0.451424
vt 1.000000 0.451423
vt 1.000000 0.451423
vt 0.000000 0.451424
vt 1.000000 0.451423
vt 0.861557 0.000000
vt 1.000000 0.446048
vt 1.000000 0.000000
vt 0.500000 0.000000
vt 0.500000 0.447857
vt 0.000000 0.451424
vt 1.000000 0.451423
vt 0.000000 0.451424
vt 1.000000 0.451423
vt 1.000935 0.000000
vt 0.000000 0.000000
vt 0.000000 0.457831
vt 0.000000 0.000000
vt 1.000000 0.000000
vt 1.000000 0.451423
vt 1.000000 0.225712
vt 0.000000 0.225712
vt 0.000000 0.451424
vt 1.001433 0.000000
vt 1.000000 0.000000
vt 0.000000 0.000000
vt 0.000000 0.225712
vt 1.000000 0.452671
vt 0.000000 0.451424
vt 1.000000 0.451423
vt -0.000258 0.001404
vt 1.000000 0.225712
vt 1.000000 0.000000
vt 0.000000 0.000000
vt 0.000000 0.448614
vt 0.000000 0.451424
vt 0.000000 0.000000
vt 1.000000 0.451423
vt 1.004310 0.456794
vt 0.475611 0.000000
vt 0.000000 0.000000
vt 0.478966 0.441928
vt 0.389822 0.456794
vt 1.000000 0.448614
vt 1.000000 0.000000
vt 0.000000 0.000000
vt 1.000000 0.451423
vt 1.000000 0.000539
vt 0.000000 0.000492
vt 0.000000 0.451424
vt 1.000000 0.000000
vt 0.000000 0.000000
vt 0.000000 0.225712
vt 1.000000 0.225712
vt 1.000000 0.451423
vt 0.000000 0.451424
vt 1.000000 0.448520
vt 1.000000 0.000000
vt 0.000000 0.000000
vt 0.000000 0.450055
vt 0.500000 0.000000
vt 0.000000 0.000000
vt 0.000000 0.448777
vt 0.999985 0.000227
vt 0.942294 0.000000
vt 0.000042 0.000227
vt 1.001037 0.450999
vt 0.496501 0.451424
vt 0.000000 0.451424
vt 0.500000 0.443344
vt 1.000000 0.450055
vt 1.000000 0.000000
vt 0.000000 0.000000
vt 0.000000 0.451000
vt 0.683614 0.359938
vt 0.004748 0.014482
vt 0.004554 0.014482
vt 0.712784 0.359938
vt 0.912916 0.360810
vt 0.912916 0.014482
vt 1.000000 0.000000
vt 0.000000 0.000000
vt 0.000000 0.449629
vt 1.000000 0.434744
vt 0.480031 0.359938
vt 0.912916 0.359752
vt 0.683614 0.359938
vt 0.515178 0.359938
vt 0.000000 0.000000
vt 1.000000 0.450683
vt 1.000000 0.000000
vt 0.000000 0.000000
vt 0.000000 0.439022
vt 0.562004 0.000000
vt 0.000000 0.000000
vt 1.000000 0.001534
vt 0.000000 0.225712
vt 0.000000 0.451424
vt 1.000000 0.451423
vt 1.000000 0.000000
vt 0.000000 0.000000
vt 0.338520 0.372569
vt 0.000000 0.000000
vt 1.000000 0.451331
vt 1.000000 0.000000
vt 0.000000 0.000000
vt 0.000000 0.445269
vt 0.000000 0.451424
vt 1.000000 0.451423
vt 0.256023 0.225712
vt 0.000000 0.451424
vt 1.000000 0.451423
vt 0.000000 0.000000
vt 0.000000 0.225712
vt 0.298439 0.445269
vt 1.000000 0.000000
vt 1.000000 0.451423
vt 1.000000 0.028114
vt 0.000000 0.013715
vt 0.000000 0.451424
vt 1.000000 0.225712
vt 0.000000 0.000511
vt 0.000000 0.451424
vt 1.000000 0.451423
vt 0.000000 0.451424
vt 1.000000 0.451423
vt 0.995607 0.013715
vt 1.000000 0.000000
vt 1.000000 0.000000
vt 0.000000 0.000000
vt 0.000000 0.439684
vt 1.000000 0.451403
vt 0.500000 0.452747
vt 0.518790 0.000000
vt 0.000000 0.000000
vt 0.000000 0.422051
vt 1.000000 0.439683
vt 1.000000 0.000000
vt 0.000000 0.000000
vt 1.000000 0.000000
vt 0.000000 0.000000
vt 0.353268 0.225712
vt 1.000000 0.000000
vt 0.000000 0.000000
vt 0.000000 0.455569
vt 1.000000 0.450965
vt 1.000000 0.440443
vt 1.000000 0.000000
vt 0.000000 0.000000
vt 0.000000 0.382033
vt 1.000000 0.451578
vt 1.000000 0.000000
vt 0.500000 0.000000
vt 0.500000 0.454503
vt 0.000000 0.000000
vt 0.000000 0.452169
vt -0.000343 0.451424
vt 1.000000 0.451423
vt 1.000000 0.000000
vt 0.000000 0.000000
vt 0.010691 0.449910
vt 0.000000 0.451126
vt 0.004554 0.014482
vt 0.000000 0.000000
vt 0.000000 0.000000
vt 1.000000 0.000000
vt 1.000000 0.451423
vt 1.000000 0.000000
vt 1.000000 0.451423
vt 0.500000 0.451013
vt 0.500000 0.000000
vt 1.000000 0.000000
vt 1.000000 0.445538
vt 0.000000 0.450133
vt 0.000000 0.000000
vt 1.000000 0.225712
vt 0.000000 0.451551
vt 0.000000 0.000000
vt 1.000000 0.000000
vt 1.000000 0.451423
vt 1.000000 0.450285
vt 0.000000 0.442892
vt 0.000000 0.000000
vt 1.000000 0.000000
vt 1.000000 0.451423
vt 0.000000 0.000000
vt 1.000000 0.000000
vt 0.544792 0.450813
vt 0.000000 0.526682
vt 1.000000 0.000000
vt 0.713119 0.355217
vt 1.000000 0.000000
vt 0.000000 0.000000
vt 0.000000 0.225712
vt 1.000000 0.225712
vt 0.000000 -0.001111
vt 0.000000 0.029518
vt -0.120798 0.458223
vt 1.000000 0.000000
vt 1.000000 0.451423
vt 0.000000 0.451424
vt 0.000000 0.451424
vt 1.000000 0.451423
vt 1.000000 0.000000
vt 0.000000 0.000000
vt 0.000000 0.395141
vt 1.000000 0.448278
vt 0.000000 0.451424
vt 1.000000 0.451423
vt 0.438324 0.267827
vt 0.433999 0.003151
vt 0.749555 0.462929
vt 1.090290 0.462243
vt 0.859261 0.449689
vt 0.781243 0.003151
vt 1.184308 0.006239
vt 0.668621 0.003151
vt 0.664294 0.267829
vt 0.568356 0.461470
vt 0.469150 0.003151
vt 0.274003 0.267827
vt 0.269679 0.003151
vt 0.353061 0.462928
vt 0.975560 0.003151
vt 0.971233 0.267829
vt 0.889460 0.462693
vt 0.776089 0.003151
vt 0.635670 0.402888
vt 0.576617 0.003151
vt 0.212863 0.003151
vt 0.208536 0.267829
vt 0.124886 0.462569
vt 0.013392 0.003151
vt -0.108023 0.449785
vt -0.186079 0.003151
vt 0.550806 0.003151
vt 0.546479 0.267829
vt 0.457460 0.462110
vt 0.351335 0.003151
vt 0.156188 0.267827
vt 0.151864 0.003151
vt 0.235246 0.462928
vt 0.798837 0.003151
vt 0.794510 0.267829
vt 0.715529 0.462939
vt 0.599367 0.003151
vt 0.476665 0.446610
vt 0.399895 0.003151
vt 0.797637 0.458289
vt 0.716135 0.003151
vt 1.298001 0.003151
vt 1.293674 0.267829
vt 1.202741 0.462093
vt 1.098530 0.003151
vt 0.903383 0.267827
vt 0.899058 0.003151
vt 0.982440 0.462928
vt 0.002037 0.003151
vt -0.002290 0.267829
vt -0.085657 0.462335
vt -0.197434 0.003151
vt -0.316795 0.454855
vt -0.396906 0.003151
vt -0.056871 0.003151
vt -0.061198 0.267829
vt -0.147410 0.462344
vt -0.256342 0.003151
vt -0.373771 0.459621
vt -0.455813 0.003151
vt 0.398887 0.003151
vt 0.394560 0.267829
vt 0.313244 0.462626
vt 0.199416 0.003151
vt 1.539831 0.003151
vt 0.078678 0.451456
vt -0.000056 0.003151
vt 0.199416 0.003151
vt -0.000056 0.003151
vt 0.398887 0.003151
vt 0.315501 0.462929
vt 0.398839 0.006074
vt 1.146347 0.003151
vt 0.781243 0.003151
vt 0.860848 0.453606
vt 1.091150 0.462454
vt 0.749555 0.462929
vt 0.434009 0.003743
vt 1.175859 0.267829
vt 0.975560 0.003151
vt 0.776089 0.003151
vt 0.877930 0.460923
vt 0.971233 0.267829
vt 0.576617 0.003151
vt 0.649035 0.435870
vt -0.186079 0.003151
vt -0.105781 0.455317
vt 0.546479 0.267829
vt 0.467420 0.462929
vt 0.550806 0.003151
vt 0.399895 0.003151
vt 0.478467 0.451057
vt 0.711764 0.462719
vt 0.736419 0.003151
vt 0.794510 0.267829
vt 0.716135 0.003151
vt 0.796353 0.455120
vt 1.298001 0.003151
vt 1.098530 0.003151
vt 1.215207 0.461467
vt 0.899058 0.003151
vt 0.002037 0.003151
vt -0.197434 0.003151
vt -0.106249 0.461602
vt -0.002290 0.267829
vt -0.396906 0.003151
vt -0.312734 0.464876
vt -0.056871 0.003151
vt -0.256342 0.003151
vt -0.256344 0.451052
vt -0.061198 0.267829
vt -0.455813 0.003151
vt -0.385963 0.429535
vt -0.140257 0.462929
vt 1.141094 0.015702
vt 1.224271 0.462928
vt 1.448868 0.462445
vt 0.001690 0.109958
vt 0.083326 0.462928
vt 0.277595 0.460506
vt 0.199416 0.001694
vt 0.394560 0.267829
vt 0.398887 0.003151
vt -0.000056 0.003151
vt 0.315501 0.462929
vt 0.394560 0.267829
vt 0.398887 0.003151
vt 1.000000 0.451423
vt 0.000000 0.451424
vt 0.959636 0.029518
vt 0.000000 0.451424
vt 1.000000 0.451423
vt 1.000000 0.000000
vt 0.000000 0.000000
vt 0.000000 0.445990
vt 1.000000 0.452111
vt 1.000000 0.449993
vt 1.000000 0.000000
vt 0.017318 0.000000
vt 0.000009 0.447221
vt 1.000000 0.445990
vt 1.000000 0.000000
vt 0.500000 0.451424
vt 0.000000 0.449993
vt 0.759225 0.451423
vt 0.944222 0.011461
vt 0.000000 0.000000
vt 1.000000 0.000000
vt 0.000000 0.000000
vt 0.000000 0.225712
vt 1.000000 0.225712
vt 0.000000 0.451424
vt 1.000000 0.451423
vt 1.000000 0.006654
vt 0.000000 0.022959
vt 0.000000 0.451424
vt 1.000000 0.451423
vt 0.000000 0.000000
vt 0.000000 0.422115
vt 1.000000 -0.005482
vt 1.000000 0.451423
vt 1.000000 0.451423
vt 1.000000 0.000000
vt 0.000000 0.000000
vt 1.000000 0.000000
vt 0.000000 0.000000
vt 0.000000 0.451424
vt 1.000000 0.451423
vt 0.983769 0.022959
vt 1.000000 0.451630
vt 1.000000 0.000000
vt 0.500000 0.000000
vt 0.500000 0.451401
vt 1.000000 0.000000
vt 0.000000 0.000000
vt 0.000000 0.450936
vt 0.000000 0.451424
vt 0.000000 0.026718
vt 1.000000 0.225712
vt 1.000000 0.451423
vt 0.000000 0.451424
vt 1.000000 0.000000
vt 1.000000 0.451423
vt 0.000000 0.451424
vt 0.000000 -0.008903
vt 1.000000 0.225712
vt 1.000000 0.000000
vt 0.006216 0.000000
vt 1.000000 0.000000
vt 1.000000 0.225712
vt 0.924760 0.225712
vt 1.000000 0.451423
vt 0.500000 0.451424
vt 1.000000 0.000000
vt 0.000000 0.000000
vt 0.000000 0.451424
vt 1.000000 0.451423
vt 0.279019 0.451424
vt 0.000021 0.000009
vt 0.523814 0.010750
vt 0.999655 0.225712
vt 1.000000 0.451423
vt 0.000000 0.451424
vt 1.000000 0.000000
vt 1.000000 0.225712
vt 0.003425 0.225712
vt 1.000000 0.451423
vt 0.000000 0.451424
vt 1.000000 0.451423
vt 0.000000 0.451424
vt 0.000000 0.023947
vt 1.000000 0.000174
vt 1.000000 0.000000
vt 0.000000 0.225712
vt 1.000000 0.000000
vt 0.000000 0.000174
vt 1.000000 0.040926
vt 0.987472 0.451423
vt 0.000000 0.451424
vt 0.000000 -0.000330
vt 1.000000 0.006098
vt 1.000000 0.451423
vt 0.000000 0.006098
vt 1.000000 0.023947
vt 0.002973 0.451424
vt 0.000000 0.451424
vt 0.000000 0.001260
vt 0.501383 0.005898
vt 0.490439 0.451424
vt 1.000000 0.451423
vt 1.000000 0.000000
vt 0.000000 0.000000
vt 1.000000 0.000000
vt 0.993621 0.444657
vt 0.000000 0.465417
vt 1.000000 0.451423
vt 0.000000 0.451424
vt 0.000000 0.031879
vt 1.000000 0.000000
vt 0.000000 0.000000
vt 1.000000 0.000650
vt 0.997525 0.451423
vt 1.000000 0.451423
vt 0.000000 0.451424
vt 0.000000 0.451070
vt 0.000000 0.000000
vt 1.000000 0.000000
vt 1.000000 0.447764
vt 1.000000 0.000000
vt 1.000000 0.451069
vt 0.482839 0.428974
vt 0.000000 0.000000
vt 1.000000 0.000000
vt 1.000000 0.225712
vt 0.000000 0.450394
vt 0.999980 0.000831
vt 0.520270 0.451424
vt 0.009432 0.000000
vt 0.507095 0.014482
vt 0.912916 0.014482
vt 0.344538 0.359938
vt 0.951871 0.364659
vt 0.951871 0.014482
vt 0.004748 0.350998
vt 0.004748 0.014482
vt 0.359240 0.014482
vt 0.004554 0.344597
vt 0.004554 0.014482
vt 0.344538 0.014482
vt 0.399354 0.359938
vt 0.908000 0.015620
vt 0.507095 0.014482
vt 0.000000 0.451424
vt 0.000000 0.004399
vt 1.000000 0.225712
vt 1.000000 0.451423
vt 1.000000 0.000000
vt 1.000000 0.449066
vt 0.000000 0.459546
vt 0.000000 0.000000
vt 1.000000 0.000000
vt 1.000000 0.451423
vt 0.000000 0.451424
vt 0.000000 0.225712
vt 0.999472 0.000375
vt 0.000000 0.000000
vt 1.000000 0.000000
vt 1.031883 0.459546
vt 1.000000 0.451423
vt 0.000000 0.451424
vt 0.994943 0.451423
vt 0.000000 0.000000
vt 1.000000 0.000000
vt 0.000000 0.000000
vt 1.000000 0.002352
vt 0.850710 0.448921
vt 1.000000 0.451423
vt 0.000467 0.451424
vt 0.500000 0.001119
vt 1.000000 0.004589
vt 0.000000 0.012375
vt 1.000000 0.090078
vt -0.000253 0.451424
vt 1.000000 0.000000
vt 1.000000 0.451146
vt 0.000000 0.462815
vt 0.000000 0.000000
vt 1.000000 0.000000
vt 0.000000 0.000602
vt 1.000000 0.000000
vt 0.999795 0.451270
vt 0.000000 -0.000007
vt 1.000000 0.451423
vt 0.000000 0.000000
vt 1.000000 0.000000
vt 1.061480 0.454985
vt 0.000000 0.449444
vt 1.000000 0.000000
vt 0.000466 0.451156
vt 0.000000 0.000000
vt 1.000000 0.451423
vt 1.000000 0.017458
vt 0.000000 0.225712
vt 0.000000 0.451424
vt 0.000000 0.000000
vt 1.000000 0.225712
vt 0.000000 -0.000146
vt 0.000000 0.451424
vt 1.000000 0.451423
vt 0.000000 0.451424
vt 1.000000 0.451423
vt 1.000000 0.000000
vt 1.000000 0.451423
vt 0.000000 0.225712
vt 0.000000 0.451424
vt 1.029892 -0.027050
vt 0.000000 0.225712
vt 0.000000 0.451424
vt 0.500000 0.451424
vt 1.000000 0.451423
vt -0.031856 -0.027050
vt 0.000000 0.451424
vt 0.789607 0.451423
vt 0.500000 0.000000
vt 0.000000 0.000000
vt 1.000000 0.451423
vt 0.000000 0.451424
vt 1.000000 0.451423
vt 1.000000 0.225712
vt 0.000000 0.225712
vt 0.000000 0.451424
vt 0.000000 0.451424
vt 1.000000 0.451423
vt 0.997351 0.009014
vt 0.115795 0.000000
vt 1.000000 0.426574
vt 1.000000 0.000000
vt 0.000000 0.000000
vt 0.000000 0.456932
vt 0.000000 -0.001102
vt 0.000412 0.451331
vt 1.000000 0.000000
vt 1.000000 0.451423
vt 0.000000 0.225712
vt 0.000000 0.451424
vt 0.500914 0.000000
vt 0.799988 0.451423
vt 1.000000 0.000000
vt 0.999955 -0.000541
vt 0.000000 0.225712
vt 0.000000 0.451424
vt 0.526473 0.451424
vt 0.000000 0.451424
vt 1.000000 0.451423
vt 0.000000 0.451424
vt 1.000000 0.451423
vt 0.333801 0.458420
vt 1.000000 0.451423
vt 1.000000 0.225712
vt 0.500000 0.000000
vt 0.000000 0.000000
vt 1.000000 0.000000
vt 0.000000 0.000000
vt 0.000000 0.451424
vt 1.000000 0.225712
vt 1.000000 0.000000
vt 0.000000 0.000000
vt 0.294097 0.432186
vt 0.000000 0.000000
vt 0.999615 0.451337
vt 1.000000 0.000734
vt 1.000000 0.451423
vt 1.000000 0.002010
vt 0.000000 0.225712
vt 0.000000 0.451424
vt 1.000000 0.000000
vt 0.000000 0.000000
vt 1.000000 0.448855
vt 1.000000 0.000000
vt 0.000000 0.000000
vt 0.000000 0.450872
vt 0.000000 0.000000
vt 0.000000 0.451900
vt 0.496812 0.438713
vt 1.000000 0.000000
vt 0.991527 0.451892
vt 0.005605 0.000000
vt 0.000016 0.443365
vt 0.913868 0.447951
vt 0.004554 0.014482
vt 0.683614 0.359938
vt 0.496330 0.359938
vt 1.000000 0.444669
vt 1.000000 0.000000
vt 0.000000 0.000000
vt 0.000000 0.225712
vt 1.000000 0.000000
vt 0.000000 0.000000
vt 0.000000 0.447399
vt 1.000000 0.225712
vt 0.000000 0.451424
vt 1.000000 0.451423
vt 1.000000 0.006610
vt 0.000000 0.050451
vt 0.000000 0.451424
vt 1.000000 0.451423
vt 1.000000 0.451515
vt 1.000000 0.000000
vt 0.000000 0.000000
vt 0.000000 0.402149
vt 1.000000 0.225712
vt 1.000000 0.451423
vt 0.000000 0.000000
vt 1.000000 0.000000
vt 1.000000 0.225712
vt 1.000000 0.000000
vt 0.000000 0.000000
vt 0.000000 0.446685
vt 0.000000 0.000000
vt 1.000000 0.449344
vt 1.000000 0.000000
vt 0.000000 0.000000
vt 0.000000 0.434194
vt 1.000000 0.451423
vt 1.000000 0.000000
vt 0.000000 0.000000
vt 1.000000 0.000000
vt 0.000000 0.000000
vt 1.000000 0.000000
vt 0.000000 0.000000
vt 0.706833 0.434193
vt 1.000000 0.431019
vt 1.000000 0.000000
vt 0.000000 0.000000
vt 0.000000 0.376639
vt 1.000000 0.451440
vt 1.000000 0.000000
vt 0.500000 0.000000
vt 0.500000 0.451504
vt 0.000000 0.000000
vt 0.000000 0.452367
vt 0.000000 0.000000
vt 0.000000 0.451441
vt 0.770809 0.377774
vt 1.000000 0.000000
vt 0.004554 0.362127
vt 0.004554 0.014482
vt 0.000000 0.451422
vt 0.000000 0.451424
vt 1.000000 0.451423
vt 0.000000 0.451424
vt 0.000000 0.452261
vt 0.000000 0.000000
vt 1.000000 0.000000
vt 1.000000 0.225712
vt 0.437764 0.225712
vt 1.000000 0.451423
vt 0.480777 0.451424
vt 1.000000 0.451170
vt 0.000000 0.449133
vt 0.000000 0.000000
vt 1.000000 0.000000
vt 1.000000 0.451423
vt 0.500000 0.453064
vt 0.500000 0.000000
vt 1.000000 0.000000
vt 1.000000 0.452345
vt 0.000000 0.439801
vt 0.000000 0.000000
vt 1.000000 0.451423
vt 0.000000 0.451424
vt 0.000000 0.451424
vt 0.000000 0.000035
vt 1.000000 0.225712
vt 1.000000 0.451423
vt 1.000000 0.000000
vt 1.000000 0.450921
vt 0.000000 0.447625
vt 0.000000 0.000000
vt 1.000000 0.000000
vt 1.001474 0.451423
vt 0.000000 0.451424
vt 0.649612 0.451423
vt 1.072770 -0.027737
vt 0.489649 0.456096
vt 0.000000 0.451424
vt 0.000000 0.000000
vt 0.497333 0.000000
vt 1.175859 0.267829
vt 1.180186 0.003151
vt 0.576617 0.003151
vt 0.469150 0.003151
vt 0.668621 0.003151
vt 0.269821 0.011894
vt -0.107807 0.450318
vt -0.186079 0.003151
vt 0.798837 0.003151
vt 0.794510 0.267829
vt 0.712268 0.462606
vt 0.599367 0.003151
vt 0.247821 0.462124
vt 0.474006 0.440048
vt 0.399895 0.003151
vt 0.794037 0.449403
vt 0.716135 0.003151
vt 1.298001 0.003151
vt 1.293674 0.267829
vt 1.098527 0.452689
vt 1.098530 0.003151
vt 0.903383 0.267827
vt 0.899058 0.003151
vt 1.214614 0.462929
vt 0.982440 0.462928
vt -0.319611 0.447905
vt -0.396906 0.003151
vt -0.375730 0.454787
vt -0.455813 0.003151
vt 1.340358 0.455509
vt 1.224271 0.462928
vt 1.141072 0.014363
vt 0.975560 0.003151
vt 0.573574 0.003151
vt 0.878827 0.462045
vt 0.971233 0.267829
vt 0.398768 0.010432
vt 0.315501 0.462929
vt 0.398887 0.003151
vt 0.178746 0.003151
vt -0.186079 0.003151
vt -0.103224 0.461628
vt 0.126231 0.462701
vt 0.659814 0.462471
vt 0.208536 0.267829
vt 0.550806 0.003151
vt 0.351335 0.003151
vt 0.469750 0.457179
vt 0.798837 0.003151
vt 0.599367 0.003151
vt 0.710165 0.462520
vt 0.794510 0.267829
vt 0.399895 0.003151
vt 0.477205 0.447943
vt 1.115077 0.003151
vt 0.915607 0.003151
vt 1.027949 0.462676
vt 1.110750 0.267829
vt 0.716135 0.003151
vt 0.798202 0.459683
vt 1.298001 0.003151
vt 1.098530 0.003151
vt 0.986273 0.462654
vt 1.216016 0.459470
vt 0.002037 0.003151
vt -0.197434 0.003151
vt -0.085854 0.462636
vt -0.002290 0.267829
vt 0.899059 0.003176
vt -0.396906 0.003151
vt -0.317985 0.451919
vt -0.056871 0.003151
vt -0.256342 0.003151
vt -0.146651 0.462503
vt -0.061198 0.267829
vt -0.455813 0.003151
vt -0.377498 0.450424
vt 1.539831 0.003151
vt 1.340360 0.003151
vt 1.458661 0.457460
vt 0.398887 0.003151
vt 0.199416 0.003151
vt 0.310835 0.462576
vt 0.394560 0.267829
vt -0.000056 0.003151
vt 0.074068 0.440078
vt -0.000056 0.003151
vt 1.000000 0.225712
vt 0.000000 0.451324
vt 0.000000 0.000000
vt 1.000000 0.000000
vt 1.000000 0.451423
vt 1.000000 0.000000
vt 0.000000 0.000000
vt 0.000000 0.225712
vt 1.000000 0.225712
vt 1.000000 0.451423
vt 0.999994 0.000377
vt 1.000000 0.451423
vt 0.000000 0.451424
vt 1.000000 0.451423
vt 0.615743 0.001166
vt 1.000000 0.451423
vt 0.001638 0.451424
vt 0.000000 0.005750
vt 0.000000 0.004598
vt 0.000000 0.225712
vt 0.178379 0.444936
vt 0.710215 0.000000
vt 1.000000 0.451423
vt 0.000000 0.451424
vt 0.000000 0.451424
vt 1.000000 0.451423
vt 1.000000 0.000000
vt 0.000000 0.000000
vt 0.000000 0.415053
vt 1.000000 0.447424
vt 0.000000 0.451424
vt 1.000000 0.451423
vt 1.000000 0.000000
vt 0.000000 0.000000
vt 0.000000 0.440051
vt 1.000000 0.451396
vt 0.000000 0.451424
vt 1.000000 0.451423
vt -0.002701 0.042019
vt 0.000000 0.451424
vt 1.000000 0.451423
vt 0.967739 0.422139
vt 0.990424 0.000000
vt 0.000000 0.000000
vt 0.000000 0.450811
vt 0.000029 -0.003119
vt 0.003217 0.451424
vt 0.000000 0.000000
vt 0.000000 0.422139
vt 1.012396 0.439815
vt 1.000000 0.000000
vt 0.000000 0.451424
vt 1.000000 0.451423
vt 1.000000 0.451423
vt 0.000000 0.451424
vt 0.000000 -0.003219
vt 1.000000 0.225712
vt 0.000000 0.451424
vt 1.000000 0.451423
vt 0.095599 0.034371
vt 0.000000 0.000000
vt 0.000000 0.451424
vt 1.000000 0.451423
vt 1.000000 0.000000
vt 0.613975 0.399972
vt 0.000000 0.451424
vt 0.000000 0.007590
vt 0.907633 -0.000010
vt 0.000000 0.000000
vt 1.000000 0.000000
vt 0.999998 0.451151
vt 0.000000 0.000000
vt 1.000000 0.000000
vt 0.570198 0.422579
vt 0.000000 0.326824
vt 0.000000 0.451424
vt 1.000000 0.451423
vt 0.999775 0.008998
vt 0.080844 0.431468
vt 1.000000 0.225712
vt 0.918927 0.000000
vt 1.000000 0.000000
vt 0.000000 0.451424
vt 1.000000 0.451423
vt 1.000000 -0.000008
vt 0.000000 0.000262
vt 0.000000 0.451424
vt 1.000000 0.451423
vt 0.000000 0.451424
vt 1.000000 0.000000
vt -0.000002 -0.001228
vt 0.500000 0.451424
vt 0.000000 0.451424
vt 0.000000 0.000000
vt 1.000000 0.000262
vt 0.000000 0.000023
vt 0.000000 0.451424
vt 1.000000 0.451423
vt 1.000000 0.451423
vt 0.000000 0.451424
vt 0.000000 0.000000
vt 1.000000 0.451423
vt 1.000000 0.000000
vt 0.000000 0.000000
vt 0.000000 0.446870
vt 1.000000 0.451702
vt 1.000000 0.452235
vt 1.000000 0.000000
vt 0.500000 0.000000
vt 0.500000 0.446561
vt 0.000000 0.000000
vt 0.000000 0.450105
vt 1.000000 0.451423
vt 1.000000 0.000690
vt 0.000000 0.225712
vt 0.000000 0.451424
vt 0.011360 0.000000
vt 0.000000 0.452236
vt 1.005011 0.446870
vt 0.000000 0.451424
vt 0.808144 0.451423
vt 0.000000 0.000000
vt 0.500000 0.451424
vt 0.000000 0.225712
vt 0.000000 0.451424
vt 0.000000 0.451424
vt 1.000000 0.451423
vt 1.000000 0.225712
vt 0.000000 0.451424
vt 0.000000 0.000000
vt 1.000000 0.225712
vt 1.000000 0.000000
vt 0.000000 0.000000
vt 0.000000 0.225712
vt 0.000000 0.000000
vt 1.000000 0.451423
vt 0.000000 0.451424
vt 1.000000 0.451423
vt 1.000000 -0.009479
vt 0.000000 -0.005652
vt 0.000000 0.451424
vt 0.000000 0.451424
vt 1.000000 0.451423
vt 0.182219 0.225712
vt 1.000000 0.000000
vt 0.000000 0.000000
vt 1.000000 0.225712
vt 1.000000 0.000000
vt 0.114330 0.000000
vt 0.997797 0.451963
vt 1.000000 0.451423
vt 1.000000 0.225712
vt 0.000000 0.225712
vt 0.000000 0.451424
vt 0.000000 0.451424
vt 0.000000 0.451424
vt 1.000000 0.451423
vt 0.816930 0.000000
vt 1.000000 0.440973
vt 1.000000 0.000000
vt 0.000000 0.000000
vt 0.000000 0.433937
vt 0.002634 0.003279
vt 0.000000 0.451424
vt 1.000000 0.451423
vt 0.000000 0.451424
vt 1.000000 0.451423
vt 0.006591 0.225712
vt 0.500000 0.451424
vt 0.971714 0.433936
vt 0.000021 0.226368
vt 0.000000 0.451424
vt 0.492655 0.001398
vt 0.000000 0.225712
vt 0.000000 0.451424
vt 0.495961 0.451424
vt 0.000000 0.446405
vt 0.751253 0.451050
vt 0.007752 -0.000084
vt 1.000000 0.451423
vt 1.000000 0.035806
vt 0.000000 0.225712
vt 0.000000 0.451424
vt 0.000000 0.000000
vt 1.000000 0.006854
vt 0.000000 0.007265
vt 0.000000 0.451424
vt 1.000000 0.451423
vt -0.000725 0.006854
vt 0.000000 0.451424
vt 1.000000 0.451423
vt 1.000000 0.225712
vt 1.000000 0.000000
vt 0.000000 0.000000
vt 0.000000 0.436874
vt 1.000000 0.451423
vt 1.000000 0.000705
vt 0.000000 0.000773
vt 0.000000 0.451424
vt 1.000000 0.451423
vt 0.010431 -0.001913
vt 0.993818 0.231227
vt 1.000000 0.000000
vt 0.000000 0.001005
vt 0.000000 0.451424
vt 1.000000 0.451423
vt 1.000000 0.225712
vt 0.000000 0.225712
vt 0.000000 0.451424
vt 0.000000 0.000000
vt 0.758724 0.000000
vt 1.000000 0.000000
vt 0.000000 0.000000
vt 0.000000 0.451938
vt 1.000000 0.449106
vt 1.000000 0.000000
vt 0.000686 0.000000
vt 0.500000 0.440017
vt 1.000000 0.451938
vt 1.000000 0.000000
vt 0.000000 0.000000
vt 0.000000 0.451215
vt 0.912916 0.369400
vt 0.912916 0.014482
vt 0.004748 0.014482
vt 0.683614 0.359938
vt 0.507095 0.359938
vt 0.903193 0.362823
vt 0.912916 0.014482
vt 0.004554 0.014482
vt 0.908284 0.359395
vt 0.912916 0.014482
vt 0.517935 0.014482
vt 1.000000 0.449823
vt 1.000000 0.000000
vt 0.000000 0.000000
vt 0.000000 0.448593
vt 0.004554 0.014482
vt 1.000000 0.000000
vt 0.000000 0.000000
vt 0.000000 0.225712
vt 1.000000 0.225712
vt 1.000000 0.451423
vt 0.000000 0.451424
vt 1.000000 0.450600
vt 1.000000 0.000000
vt 0.000000 0.000000
vt 0.000000 0.423982
vt 0.747745 0.002117
vt 0.000000 0.000000
vt 0.000000 0.225712
vt 0.827094 0.451426
vt 0.000000 0.004272
vt 0.000000 0.451424
vt 0.716447 0.438149
vt 0.000000 0.451424
vt 1.000000 0.000000
vt 0.000000 0.000000
vt 0.000000 0.448155
vt 1.000000 0.452722
vt 1.000000 0.000000
vt 0.000000 0.000000
vt 1.000000 0.450434
vt 1.000000 0.000000
vt 0.000000 0.000000
vt 0.000000 0.444243
vt 1.000000 0.451423
vt 1.000000 0.021859
vt 0.000000 0.006112
vt 0.000000 0.451424
vt 0.044268 0.000000
vt 1.000000 0.451088
vt 1.000000 0.000000
vt 0.000000 0.000000
vt 0.000000 0.440275
vt -0.000752 0.000000
vt 1.000000 0.438383
vt 1.000000 0.000000
vt 0.000000 0.000000
vt 0.000000 0.411197
vt 0.000000 0.000000
vt 1.000000 0.000000
vt 0.000000 0.000000
vt 0.248850 0.225712
vt 0.000277 0.000156
vt 0.000000 0.451424
vt 1.000000 0.451423
vt 1.000000 0.448997
vt 1.000000 0.000000
vt 0.500000 0.000000
vt 0.500000 0.451305
vt 0.000000 0.000000
vt 0.000000 0.441006
vt 0.708510 0.000000
vt 0.000000 0.000000
vt 0.000000 0.451066
vt 0.365080 0.449667
vt 1.000000 0.000000
vt 0.000000 0.000000
vt 0.065568 0.444722
vt 1.000000 0.451423
vt 0.000000 0.451424
vt 0.000000 -0.001581
vt 1.000000 -0.000112
vt 1.000000 0.451423
vt 0.000000 0.451424
vt 0.000000 0.001415
vt 1.000000 -0.001581
vt 1.000000 0.451423
vt 0.000000 0.451318
vt 0.000000 0.000000
vt 0.500000 0.000000
vt 0.827448 0.225712
vt 1.000000 0.451423
vt 0.458965 0.000000
vt 1.000000 0.000000
vt 0.466671 0.225712
vt 1.000000 0.451423
vt 0.500000 0.451424
vt 1.000000 0.000000
vt 1.018788 0.451423
vt 0.000000 0.000000
vt 1.000000 0.000000
vt 0.000000 0.451424
vt 1.000000 0.225712
vt 0.000000 0.449144
vt 0.000000 0.000000
vt 1.000000 0.000000
vt 0.000000 0.000000
vt 1.000000 0.000000
vt 1.000000 0.451423
vt 0.000000 0.451424
vt 0.000000 0.000739
vt 1.000000 0.225712
vt 1.000000 0.451423
vt 1.000000 0.000000
vt 1.000000 0.451423
vt 0.000000 0.451424
vt 0.000000 0.007748
vt 1.000000 0.225712
vt 1.000000 0.000000
vt 1.000000 0.000000
vt 1.000000 0.451101
vt 0.000000 0.451424
vt -0.000083 0.011281
vt 1.000000 0.225712
vt 1.000000 0.451423
vt 0.000000 0.000000
vt 1.000000 0.000000
vt 0.859883 0.000000
vt 0.000000 0.458602
vt 0.000000 0.000000
vt 1.000000 0.451423
vt 0.000000 0.451424
vt 1.000000 0.451423
vt 0.000000 0.451424
vt 1.000000 0.451423
vt 0.000000 0.000000
vt 1.000000 0.000000
vt 1.000000 0.451423
vt 0.000000 0.451424
vt 1.000000 0.451423
vt 0.000000 0.451424
vt 0.158008 0.225712
vt 1.000000 0.451423
vt 0.000000 0.451424
vt 1.000000 0.225712
vt 0.000000 0.450545
vt 0.000000 0.000000
vt 1.000000 0.000000
vt 0.000000 0.225712
vt 0.000000 0.000000
vt 1.000000 0.451423
vt 0.639727 0.451423
vt 0.000000 0.451424
vt 0.043318 0.451424
vt 1.000000 0.451423
vt 0.000000 0.451424
vt 0.000000 -0.000104
vt 1.000000 0.000432
vt 0.000000 0.225712
vt 0.000000 0.000000
vt 1.000000 0.000000
vt 1.000000 0.225712
vt 0.000000 -0.000589
vt 1.000000 -0.000104
vt 0.729652 0.451423
vt 1.000219 -0.000589
vt 1.000000 0.451423
vt 0.000000 0.451424
vt 1.000000 0.451423
vt 0.000000 0.451424
vt 1.000000 0.448696
vt 0.000000 0.449538
vt 0.000000 0.000000
vt 1.000000 0.000000
vt 0.000000 0.448777
vt 0.000000 0.000000
vt 0.500000 0.000000
vt 0.000000 0.000248
vt 1.000297 0.451686
vt 0.480277 0.451424
vt 0.918726 0.000000
vt 0.000000 0.000000
vt 1.000000 0.000000
vt 1.000000 0.449538
vt 0.500000 0.443344
vt 0.000000 0.451552
vt 0.951871 0.359938
vt 0.951871 0.023988
vt 0.004748 0.355809
vt 0.004748 0.014482
vt 0.359240 0.014482
vt 0.913117 0.361532
vt 0.004554 0.349594
vt 0.004554 0.014482
vt 0.344538 0.014482
vt 0.528733 0.014482
vt 0.507095 0.014482
vt 0.912295 0.014482
vt 0.912737 0.352797
vt 0.507095 0.014482
vt 0.911986 0.014482
vt 0.447106 0.359938
vt 0.683614 0.359938
vt 0.468731 0.359938
vt 0.000000 0.449629
vt 0.000000 0.000000
vt 1.000000 0.000000
vt 1.000000 0.435701
vt 1.000000 0.451423
vt 1.000000 0.451169
vt 0.000000 0.438104
vt 0.000000 0.000000
vt 1.000000 0.000000
vt 0.000000 0.000000
vt 0.562004 0.000000
vt 0.000000 0.451424
vt 1.000000 0.451423
vt 0.000000 0.000000
vt 1.000000 0.000000
vt 0.326578 0.371854
vt 0.263588 0.225712
vt 1.000000 0.451423
vt 0.000000 0.451424
vt 1.000000 0.451423
vt 0.000000 0.451424
vt 0.999982 0.000618
vt 1.000000 0.451423
vt 0.000000 0.451424
vt 0.000000 0.000000
vt 1.000000 0.000000
vt 1.000000 0.225712
vt 0.310743 0.432270
vt 0.000000 0.225712
vt 0.000000 0.451424
vt 0.000000 0.000511
vt 1.000000 0.225712
vt 1.000000 0.451423
vt 0.994544 0.013431
vt 1.000000 0.451423
vt 0.000000 0.451424
vt 1.000000 0.000000
vt 0.000000 0.439684
vt 0.000000 0.000000
vt 1.000000 0.000000
vt 1.000000 0.451403
vt 0.500000 0.452925
vt 0.000000 0.418402
vt 0.000000 0.000000
vt 0.509108 0.000000
vt 1.000000 0.439683
vt 1.000000 0.451423
vt 0.000000 0.451424
vt 0.000000 0.000000
vt 1.000000 0.000000
vt 0.353268 0.225712
vt 0.000000 0.455569
vt 0.000000 0.000000
vt 1.000000 0.000000
vt 1.000000 0.417245
vt 0.000000 0.000000
vt 1.000000 0.000000
vt 0.023335 0.417246
vt 1.000000 0.451799
vt 0.000000 0.377605
vt 0.000000 0.000000
vt 1.000000 0.000000
vt 1.000000 0.450987
vt 0.500000 0.454031
vt 0.500000 0.000000
vt 1.000000 0.000000
vt 0.000000 0.452169
vt 0.000000 0.000000
vt 0.000000 0.000000
vt 1.000000 0.000000
vt 0.974974 0.362313
vt 0.000000 0.450987
vt -0.000343 0.451424
vt 1.000000 0.451423
vt 0.000000 0.451191
vt 1.000000 0.451438
vt 1.000000 0.000000
vt 0.000000 0.000000
vt 0.000000 0.225712
vt 0.000000 0.000000
vt 1.000000 0.000000
vt 1.000000 0.451423
vt 1.000000 0.000000
vt 0.500000 0.000000
vt 0.500000 0.451034
vt 1.000000 0.445667
vt 0.000000 0.451424
vt 0.000000 0.000000
vt 0.000000 0.451154
vt 1.000000 0.000000
vt 0.000000 0.000000
vt 0.000000 0.000000
vt 1.000000 0.449452
vt 1.000000 0.000000
vt 0.000000 0.000000
vt 0.000000 0.452344
vt 0.000000 0.000000
vt 0.000000 0.477408
vt 0.524780 0.452344
vt 1.000000 0.000000
vt 1.000000 0.000000
vt 0.000000 0.000000
vt 1.000000 0.451423
vt 0.000000 0.451424
vt 0.000000 0.004888
vt 1.000000 0.225712
vt 0.787928 0.000000
vt -0.113136 0.457791
vt 0.000000 0.225712
vt 1.000000 0.000000
vt 1.000000 0.225712
vt 0.000000 -0.012583
vt 1.000000 0.000000
vt 0.000000 0.451424
vt 1.000000 0.451423
vt 0.000000 0.395141
vt 0.000000 0.000000
vt 1.000000 0.000000
vt 1.000000 0.448278
vt 0.433999 0.003151
vt 0.438324 0.267827
vt 0.749555 0.462929
vt 0.781243 0.003151
vt 0.859261 0.449689
vt 1.090290 0.462243
vt 1.184308 0.006239
vt 0.269679 0.003151
vt 0.975560 0.003151
vt 0.776089 0.003151
vt 0.889462 0.462693
vt 0.971233 0.267829
vt 0.576617 0.003151
vt 0.635670 0.402888
vt 0.212863 0.003151
vt 0.013392 0.003151
vt 0.125315 0.462543
vt 0.208536 0.267829
vt -0.186079 0.003151
vt -0.112972 0.437571
vt 0.550806 0.003151
vt 0.351335 0.003151
vt 0.546479 0.267829
vt 0.151864 0.003151
vt 0.798837 0.003151
vt 0.599367 0.003151
vt 0.717488 0.463083
vt 0.794510 0.267829
vt 0.399895 0.003151
vt 0.468944 0.427556
vt 1.115077 0.003151
vt 0.915607 0.003151
vt 1.027015 0.462611
vt 1.110750 0.267829
vt 0.716135 0.003151
vt 0.791032 0.441988
vt 1.293674 0.267829
vt 1.214614 0.462929
vt 1.298001 0.003151
vt 0.002037 0.003151
vt -0.197434 0.003151
vt -0.087072 0.462627
vt -0.002290 0.267829
vt -0.396906 0.003151
vt -0.323223 0.438991
vt -0.056871 0.003151
vt -0.256342 0.003151
vt -0.147447 0.462416
vt -0.061198 0.267829
vt -0.455813 0.003151
vt -0.376999 0.451656
vt 0.398887 0.003151
vt 0.199416 0.003151
vt 0.394560 0.267829
vt 1.456445 0.462929
vt -0.000056 0.003151
vt 0.069582 0.429010
vt 0.304931 0.462253
vt 0.315501 0.462929
vt 0.398839 0.006074
vt 0.861934 0.456286
vt 0.781243 0.003151
vt 0.749555 0.462929
vt 0.434009 0.003743
vt 0.975560 0.003151
vt 0.971233 0.267829
vt 0.878185 0.460997
vt 0.776089 0.003151
vt 0.469150 0.003151
vt 0.269883 0.015673
vt 0.649035 0.435870
vt 0.576617 0.003151
vt -0.105781 0.455317
vt -0.186079 0.003151
vt 0.467420 0.462929
vt 0.237956 0.462754
vt 0.478467 0.451057
vt 0.399895 0.003151
vt 0.796353 0.455120
vt 0.716135 0.003151
vt 1.298001 0.003151
vt 1.216238 0.458922
vt 1.098527 0.449509
vt 1.098530 0.003151
vt 0.903383 0.267827
vt 0.899058 0.003151
vt 0.982440 0.462928
vt 0.002037 0.003151
vt -0.002290 0.267829
vt -0.107632 0.461521
vt -0.197434 0.003151
vt -0.312734 0.464876
vt -0.396906 0.003151
vt -0.056871 0.003151
vt -0.061198 0.267829
vt -0.256344 0.451026
vt -0.256342 0.003151
vt -0.385963 0.429535
vt -0.455813 0.003151
vt -0.140257 0.462929
vt 1.145213 0.267827
vt 1.140889 0.003151
vt 1.340360 0.003151
vt 1.539831 0.003151
vt 0.277595 0.460506
vt 0.083326 0.462928
vt 0.001690 0.109958
vt -0.000056 0.003151
vt 0.199416 0.003151
vt 0.398887 0.003151
vt 0.313956 0.462830
vt 0.083326 0.462928
vt 0.000000 0.448063
vt 0.000000 0.000000
vt 1.000000 0.000000
vt 1.000000 0.452111
vt 1.000000 0.000000
vt 1.000000 0.000000
vt 1.000000 0.448063
vt 1.000000 0.000000
vt 0.000000 0.450353
vt 0.759225 0.451423
vt 0.000000 0.225712
vt 0.000000 0.000000
vt 1.000000 0.000000
vt 1.000000 0.225712
vt 0.000000 0.451424
vt 1.000000 0.451423
vt 0.000000 0.451424
vt 1.000000 0.451423
vt 1.000000 0.451423
vt 0.000000 0.451424
vt 0.000000 0.022909
vt 1.000000 0.006654
vt 1.000000 0.451423
vt 0.060845 0.027586
vt 1.000000 0.451423
vt 0.000000 0.451424
vt 1.000000 0.451423
vt 1.000000 0.225712
vt 0.000000 0.450834
vt 0.000000 0.000000
vt 1.000000 0.000000
vt 0.984265 0.022909
vt 1.000000 0.451423
vt 0.000000 0.451424
vt 1.000000 0.018202
vt 0.000000 0.225712
vt 0.000000 0.451424
vt 1.000000 0.451423
vt 1.000000 0.451423
vt 1.000000 0.000000
vt 1.000000 0.000000
vt 1.000000 0.000000
vt 0.000000 0.000000
vt 1.000000 0.000000
vt 0.009578 0.000000
vt 0.998661 0.000000
vt 0.000000 0.453129
vt 1.000000 0.330446
vt 0.282620 0.225712
vt 0.594699 0.451746
vt 1.000000 0.000000
vt 0.000000 0.000000
vt 0.000000 0.451424
vt 0.000000 0.000000
vt 0.051556 0.450156
vt 0.950175 0.424663
vt 1.000000 0.000000
vt 0.000000 0.451424
vt 1.000000 0.451423
vt 0.000000 0.451424
vt 0.000000 0.451424
vt 1.000000 0.451423
vt 0.004276 0.225712
vt 0.996250 0.000000
vt 0.000000 0.424663
vt 1.000000 0.430008
vt 0.015899 0.000000
vt 1.000000 0.451423
vt 1.000000 0.032403
vt 0.000000 0.225712
vt 0.000000 0.451424
vt 0.000000 0.000000
vt 1.000000 0.225712
vt 1.000000 0.000000
vt 0.000000 0.000000
vt 0.000000 0.433675
vt 1.000000 0.451423
vt 1.000000 0.000812
vt 0.000000 -0.000006
vt 0.000000 0.451424
vt 1.000000 0.451423
vt 0.000000 0.001260
vt 0.000000 0.225712
vt 0.000000 0.451424
vt -0.007715 0.000000
vt 0.012602 0.472630
vt 0.993372 0.433674
vt 1.000000 0.000000
vt 0.000000 0.000000
vt 0.000000 0.451070
vt 1.000000 0.447764
vt 0.000000 0.451424
vt 0.005095 0.000000
vt 0.000000 0.451424
vt 0.500000 0.437177
vt 1.000000 0.451069
vt 1.000000 0.000000
vt 0.000000 0.000000
vt 0.000000 0.451623
vt 0.912916 0.364889
vt 0.912916 0.014482
vt 0.528733 0.014482
vt 0.683614 0.359938
vt 1.000000 0.225712
vt 1.000000 0.000000
vt 0.000000 0.000000
vt 0.000000 0.225712
vt 0.386573 0.359938
vt 0.000000 0.451424
vt 1.000000 0.451423
vt 1.000000 0.000000
vt 0.000000 0.000000
vt 0.000000 0.225712
vt 1.000000 0.225712
vt 1.000000 0.451423
vt 0.000000 0.451424
vt 1.000000 0.449117
vt 1.000000 0.000000
vt 0.000000 0.000000
vt 0.000000 0.462525
vt 1.000000 0.009737
vt 0.000000 0.225712
vt 0.000000 0.451424
vt 1.000000 0.451423
vt 0.000000 0.451424
vt 1.000000 0.000000
vt 0.000000 0.000000
vt 1.042974 0.462525
vt 0.000000 0.000000
vt 0.884729 0.451847
vt 0.990989 0.000000
vt 0.000000 0.000000
vt 0.000000 0.451159
vt 0.136563 0.225712
vt 0.000000 0.451424
vt 1.000000 0.451423
vt 0.895331 0.000000
vt 0.994865 0.044739
vt 0.000000 0.451424
vt 1.000000 0.451423
vt 0.000000 0.000000
vt 0.000000 0.451424
vt 1.000000 0.451423
vt 0.000000 0.451424
vt 1.000000 0.451130
vt 1.000000 0.000000
vt 0.000000 0.000000
vt 0.000000 0.409058
vt 0.000000 0.000000
vt 1.000000 0.000000
vt 1.000000 0.450232
vt 1.000000 0.000000
vt 0.500000 0.000000
vt 0.500000 0.451467
vt 0.000000 0.000000
vt 0.000000 0.453946
vt 0.000000 0.000000
vt 0.000000 0.450232
vt 0.992083 0.409641
vt 1.000000 0.000000
vt 0.000000 0.000000
vt 0.000000 0.451257
vt 1.000000 0.451423
vt 0.000000 0.451424
vt 0.000000 0.451424
vt 0.899305 0.451423
vt 0.000000 0.451424
vt 0.000000 -0.000146
vt 1.000000 0.225712
vt 1.000000 0.451423
vt 1.000000 0.451423
vt 0.000000 0.451424
vt 1.000000 0.000000
vt 1.000000 0.451423
vt 0.000000 0.451424
vt 1.000000 0.000000
vt 0.000000 0.451424
vt 0.000000 0.225712
vt 1.022635 -0.025315
vt 0.500000 0.451424
vt 1.000000 0.451423
vt 0.000000 0.000000
vt 0.500000 0.000000
vt 1.000000 0.451423
vt 0.000000 0.451424
vt 0.000000 0.005037
vt 1.000000 0.225712
vt 1.000000 0.000000
vt 1.000000 0.451423
vt 0.000000 0.451424
vt 0.000000 0.225712
vt 1.000000 0.225712
vt 0.999531 0.005037
vt 1.000000 0.451423
vt 0.000000 0.451424
vt 0.115795 0.000000
vt 1.000000 0.441478
vt 0.000000 0.443267
vt 0.000000 0.000000
vt 1.000000 0.000000
vt 1.000000 0.000000
vt 0.000182 0.451383
vt 0.000000 -0.001102
vt 1.000000 0.451423
vt 0.000000 0.451424
vt 0.000000 0.065545
vt 1.000000 0.054300
vt 0.500914 0.000000
vt 0.799988 0.451423
vt 0.000000 0.451424
vt 0.000000 0.225712
vt 1.000024 0.001180
vt 0.524898 0.451424
vt 0.000000 0.006221
vt 1.000000 -0.022600
vt 0.339573 0.451424
vt 0.000000 0.000000
vt 1.000000 0.000000
vt 1.002047 0.225712
vt 1.000000 0.451423
vt 0.000000 0.451424
vt 0.000000 0.000000
vt 0.500000 0.000000
vt 0.000000 0.000000
vt 1.000000 0.000000
vt 1.000000 0.225712
vt 0.000000 0.451424
vt 0.000000 0.001535
vt 1.000000 0.005672
vt 1.000000 0.451423
vt 0.000000 0.005672
vt 1.000000 -0.000048
vt 0.625728 0.451423
vt 1.000000 0.449065
vt 0.000000 0.450437
vt 0.000000 0.000000
vt 1.000000 0.000000
vt 0.028457 0.451424
vt 0.004554 0.356354
vt 0.004554 0.014482
vt 0.344538 0.014482
vt 0.610848 -0.000153
vt 1.000000 0.225712
vt 0.980617 0.451423
vt 1.000000 0.000000
vt 0.000000 0.454088
vt 0.000000 0.000000
vt 1.000000 0.000000
vt 0.484108 0.436188
vt 0.912916 0.015419
vt 0.719725 0.014482
vt 0.912916 0.014482
vt 0.507095 0.014482
vt 0.000000 0.000000
vt 1.000000 0.000000
vt 0.344538 0.014482
vt 0.000000 0.447399
vt 0.000000 0.000000
vt 1.000000 0.000000
vt 1.000000 0.225712
vt 1.000000 0.451423
vt 0.000000 0.451424
vt 0.000000 0.056340
vt 1.000000 0.002629
vt 1.000000 0.451423
vt 1.000000 0.451704
vt 0.000000 0.425230
vt 0.000000 0.000000
vt 1.000000 0.000000
vt 1.000000 0.225712
vt 1.000000 0.451423
vt 0.000000 0.000000
vt 1.000000 0.000000
vt 1.000000 0.451423
vt 0.000000 0.451424
vt 0.000000 -0.074859
vt 1.000000 0.000435
vt 1.000000 0.225712
vt 0.000000 0.446708
vt 0.000000 0.000000
vt 1.000000 0.000000
vt 1.102054 -0.074859
vt 1.000000 0.451423
vt 0.000000 0.451424
vt 1.000000 0.450642
vt 0.000000 0.446930
vt 0.000000 0.000000
vt 1.000000 0.000000
vt 1.000000 0.451423
vt 0.000000 0.225712
vt 0.000000 0.000000
vt 1.000000 0.000000
vt 1.000000 0.225712
vt 1.000000 0.000000
vt 0.000000 0.000000
vt 1.000000 0.000000
vt 0.737034 0.446930
vt 0.999965 0.449395
vt 1.000000 0.451423
vt 0.000000 0.451424
vt 1.000000 0.451423
vt 0.000000 0.451424
vt 1.000000 0.448939
vt 0.000000 0.467585
vt 0.000000 0.000000
vt 1.000000 0.000000
vt 0.000000 0.452367
vt 0.000000 0.000000
vt 0.500000 0.451424
vt 0.004554 0.014482
vt 0.004554 0.354413
vt 1.000000 0.000000
vt 0.000000 0.451422
vt 1.000000 0.225712
vt 1.000000 0.451423
vt 1.000000 0.003201
vt 0.000000 0.225712
vt 0.000000 0.451424
vt 0.000000 0.000000
vt 1.000000 0.000000
vt 0.000000 0.000000
vt 0.000000 0.452261
vt 1.000000 0.225712
vt 0.480777 0.451424
vt 1.000000 0.451423
vt 1.000000 0.451292
vt 1.000000 0.000000
vt 0.000000 0.000000
vt 0.000000 0.440043
vt 1.000000 0.451423
vt 1.000000 0.000000
vt 0.500000 0.000000
vt 0.500000 0.454185
vt 1.000000 0.452345
vt 0.000000 0.000000
vt 0.000000 0.450701
vt 1.000000 0.451423
vt 1.000000 0.017233
vt 0.000000 0.225712
vt 0.000000 0.451424
vt 0.000000 0.000000
vt 1.000000 0.225712
vt 0.000000 0.000035
vt 0.000000 0.451424
vt 1.000000 0.451423
vt 1.000000 0.000000
vt 1.000000 0.450501
vt 1.000000 0.000000
vt 0.000000 0.000000
vt 0.000000 0.441964
vt 0.250079 0.334196
vt 1.000000 0.441964
vt 1.000000 0.000000
vt 0.000000 0.000000
vt 0.000000 0.000000
vt 0.781243 0.003151
vt 0.861944 0.456311
vt 0.000000 0.451424
vt 0.487534 0.457051
vt 0.935402 0.024622
vt 1.001867 0.000000
vt 0.576617 0.003151
vt -0.186079 0.003151
vt -0.109599 0.445896
vt 0.399895 0.003151
vt 0.474006 0.440048
vt 0.711112 0.462492
vt 0.716951 0.003151
vt 0.550806 0.003151
vt 0.794510 0.267829
vt 1.083429 0.003151
vt 0.716135 0.003151
vt 0.784526 0.425932
vt 1.026040 0.462521
vt 1.110750 0.267829
vt 1.298001 0.003151
vt 1.098530 0.003151
vt 1.293674 0.267829
vt 0.899058 0.003151
vt 1.214614 0.462929
vt 0.002037 0.003151
vt -0.197434 0.003151
vt -0.085562 0.462653
vt -0.002290 0.267829
vt -0.396906 0.003151
vt -0.329421 0.423697
vt -0.056871 0.003151
vt -0.256342 0.003151
vt -0.145177 0.462588
vt -0.061198 0.267829
vt -0.455813 0.003151
vt -0.381227 0.441222
vt 1.141099 0.016048
vt 1.224271 0.462928
vt 1.539831 0.003151
vt -0.000056 0.003151
vt 0.066619 0.421696
vt 0.975560 0.003151
vt 0.971233 0.267829
vt 0.663823 0.462471
vt 0.572821 0.003462
vt 0.352899 0.462424
vt 0.271019 0.015865
vt 0.668407 0.016235
vt 0.585235 0.462929
vt -0.101831 0.465065
vt -0.186079 0.003151
vt 0.892174 0.462929
vt 0.798837 0.003151
vt 0.794510 0.267829
vt 0.710068 0.462522
vt 0.599367 0.003151
vt 0.235246 0.462928
vt 0.477205 0.447943
vt 0.399895 0.003151
vt 1.115077 0.003151
vt 1.110750 0.267829
vt 1.027886 0.462691
vt 0.915607 0.003151
vt 0.798202 0.459683
vt 0.716135 0.003151
vt 1.298001 0.003151
vt 1.293674 0.267829
vt 0.002037 0.003151
vt -0.002290 0.267829
vt -0.086037 0.462618
vt -0.197434 0.003151
vt 0.982440 0.462928
vt -0.317985 0.451919
vt -0.396906 0.003151
vt -0.056871 0.003151
vt -0.061198 0.267829
vt -0.146302 0.462486
vt -0.256342 0.003151
vt -0.375230 0.456021
vt -0.455813 0.003151
vt 1.539831 0.003151
vt 1.460066 0.453991
vt 0.398887 0.003151
vt 0.394560 0.267829
vt 0.311386 0.462627
vt 0.199416 0.003151
vt 1.224271 0.462928
vt 0.077717 0.449085
vt -0.000056 0.003151
vt 0.390281 0.003151
vt -0.000056 0.003151
vt 1.000000 0.000000
vt 0.000000 0.000000
vt 0.000000 0.000000
vt 1.000000 0.451218
vt 1.000000 0.000000
vt 0.000000 0.000000
vt 0.000000 0.438015
vt 0.743378 0.341557
vt 0.633752 0.000297
vt 0.000000 0.002348
vt 0.000000 0.451424
vt 0.000000 0.000000
vt 0.270555 0.537500
vt 0.969054 0.438015
vt 1.000000 0.000000
vt 0.000000 0.225712
vt 0.000000 0.000000
vt 1.000000 0.000000
vt 1.000000 0.225712
vt 0.710215 0.000000
vt 0.163501 0.445477
vt 0.000000 0.225712
vt 0.000000 0.451424
vt 1.000000 0.451423
vt 1.000000 0.000000
vt 1.000000 0.225712
vt 0.000000 0.415054
vt 0.000000 0.000000
vt 1.000000 0.000000
vt 1.000000 0.447424
vt 0.000000 0.444856
vt 0.000000 0.000000
vt 1.000000 0.000000
vt 1.000000 0.451396
vt 0.000000 0.451424
vt 1.000000 0.451423
vt 0.000000 -0.009372
vt 0.989927 0.446689
vt 0.046329 0.451424
vt 0.960656 0.000000
vt 0.000000 0.418930
vt 0.952161 0.000000
vt 1.040888 0.444410
vt 1.000000 0.000000
vt 0.000000 0.000000
vt 0.064681 0.022929
vt 1.000000 0.451423
vt 0.000000 0.451424
vt 1.000000 0.451423
vt 0.000000 0.000000
vt 0.587723 0.411823
vt 0.943641 -0.000674
vt 0.000000 0.003777
vt 0.000000 0.451424
vt 0.000000 0.303336
vt 0.559234 0.451424
vt 0.990607 0.004033
vt 1.000000 0.451423
vt 0.000000 0.451424
vt 0.000000 0.008651
vt 1.000000 0.225712
vt 0.000000 0.000000
vt 0.999775 0.008998
vt 1.000000 0.451423
vt 0.000000 0.451424
vt 0.918927 0.000000
vt 1.000000 0.000000
vt 1.000000 0.000000
vt 0.000000 0.451424
vt 1.000000 0.451423
vt 1.000000 0.451423
vt 0.000000 0.451424
vt 0.000000 0.035028
vt 1.000000 0.225712
vt 1.000000 0.000000
vt 0.000000 0.446951
vt 0.000000 0.000000
vt 1.000000 0.000000
vt 1.000000 0.449873
vt 0.000000 0.451424
vt 0.000000 -0.005187
vt 1.000000 0.000000
vt 1.000000 0.000000
vt 1.000000 0.446951
vt 0.765687 0.451423
vt 0.000000 0.451424
vt 1.000000 0.451423
vt 1.000000 0.451423
vt 0.000000 0.451424
vt 0.000000 0.009676
vt 1.000000 -0.000042
vt 0.070900 0.030345
vt 1.000000 0.451423
vt 0.000000 0.451424
vt 1.000000 0.451423
vt 0.997708 0.007831
vt 1.000000 0.451423
vt 0.000000 0.445041
vt 1.000000 0.000000
vt 0.000000 0.446870
vt 0.000000 0.000000
vt 1.000000 0.000000
vt 1.000000 0.451702
vt 1.000000 0.000000
vt 0.000000 0.453169
vt 0.004844 0.000000
vt 1.005011 0.446870
vn 0.0415 0.3845 0.9222
vn 0.0890 0.9152 0.3930
vn -0.2477 0.7133 0.6556
vn 0.2078 0.9169 0.3407
vn -0.0420 0.9686 0.2451
vn -0.2226 -0.5060 0.8333
vn 0.0311 0.7751 0.6311
vn 0.1201 0.5618 0.8185
vn -0.0290 0.6132 0.7894
vn -0.0159 0.7870 0.6168
vn -0.0285 0.5866 0.8094
vn -0.1712 0.7546 0.6335
vn -0.0888 0.7135 0.6950
vn -0.0788 0.9547 0.2870
vn 0.1388 0.9046 0.4029
vn 0.1656 0.9345 0.3151
vn -0.2833 0.8042 0.5225
vn -0.0108 0.9396 0.3420
vn -0.0169 0.9421 0.3350
vn -0.0024 0.9485 0.3168
vn 0.0142 0.8887 0.4583
vn 0.0023 0.9034 0.4287
vn -0.0765 0.8997 0.4297
vn -0.0539 0.9110 0.4088
vn -0.0653 0.9166 0.3945
vn -0.0618 0.9421 0.3295
vn -0.0408 0.9190 0.3921
vn -0.0885 0.9543 0.2853
vn 0.0227 0.8072 0.5899
vn -0.0170 0.9800 0.1982
vn -0.0151 0.9622 0.2720
vn -0.0490 0.9488 0.3121
vn 0.1030 0.9929 -0.0598
vn -0.0944 0.8642 0.4942
vn -0.0291 0.9070 0.4202
vn -0.2750 0.9162 0.2916
vn -0.1623 0.9084 0.3853
vn 0.0182 0.5780 0.8159
vn -0.0343 0.9433 0.3301
vn -0.0443 0.9491 0.3119
vn 0.1231 0.2423 0.9624
vn -0.0806 0.6961 0.7134
vn 0.0537 0.9175 0.3941
vn -0.0224 0.9183 0.3952
vn 0.0393 0.9625 0.2684
vn -0.0975 0.9632 -0.2506
vn -0.0640 0.9838 0.1674
vn -0.0371 0.9694 0.2428
vn -0.0446 0.9960 0.0779
vn -0.8367 0.3917 0.3828
vn -0.7810 0.4745 0.4061
vn -0.7791 0.5463 0.3075
vn -0.7205 0.3601 0.5927
vn -0.8693 0.4723 0.1461
vn -0.9934 0.0909 0.0699
vn -0.9926 -0.0570 0.1072
vn -0.7605 0.5636 0.3225
vn -0.8736 0.4189 0.2476
vn -0.5239 0.7414 0.4193
vn -0.9028 0.3786 0.2042
vn -0.8619 0.4908 0.1273
vn -0.8051 0.5508 0.2203
vn -0.7760 0.4946 0.3915
vn -0.1484 0.8593 0.4895
vn -0.8940 0.3436 0.2874
vn -0.4108 0.7015 0.5823
vn -0.7891 0.5094 0.3432
vn -0.8675 0.4093 0.2828
vn -0.9374 0.2896 0.1932
vn 0.0900 0.9111 0.4023
vn 0.1041 0.8840 0.4558
vn -0.0542 0.8977 0.4372
vn -0.1150 0.9499 0.2907
vn -0.0578 0.9397 0.3371
vn -0.0797 0.9871 0.1386
vn -0.0682 0.8997 0.4311
vn -0.0220 0.8829 0.4690
vn -0.0081 0.8798 0.4752
vn -0.0367 0.8647 0.5009
vn -0.0096 0.8553 0.5180
vn -0.0729 0.8676 0.4918
vn 0.0667 0.8716 0.4856
vn 0.0214 0.8696 0.4932
vn 0.0139 0.8432 0.5375
vn 0.0050 0.8889 0.4581
vn -0.0453 0.9422 0.3320
vn -0.0542 0.9272 0.3707
vn -0.1248 0.8991 0.4197
vn -0.1475 0.8889 0.4336
vn -0.0529 0.9453 0.3218
vn 0.0778 0.9270 0.3668
vn -0.0456 0.9248 0.3777
vn -0.0368 0.9347 0.3535
vn -0.1074 0.8948 0.4334
vn -0.0370 0.9987 0.0349
vn -0.1458 0.9727 0.1807
vn 0.0993 0.9216 0.3752
vn -0.0294 0.9745 0.2222
vn -0.0833 0.9674 0.2390
vn -0.1229 0.9683 0.2173
vn -0.1066 0.9433 0.3144
vn 0.0537 0.9461 0.3194
vn 0.1959 0.0994 0.9756
vn -0.0194 0.9583 0.2851
vn -0.0436 0.8581 0.5116
vn 0.0495 0.9445 0.3248
vn 0.2398 0.5712 0.7850
vn -0.0153 0.9269 0.3749
vn -0.1459 0.9541 0.2614
vn -0.1277 0.9454 0.2999
vn 0.1774 0.9835 -0.0363
vn 0.1167 0.9488 0.2937
vn 0.0278 0.9534 0.3005
vn -0.0082 0.9738 0.2274
vn -0.0188 0.9489 0.3149
vn 0.0404 0.9671 0.2513
vn 0.0596 0.9544 0.2925
vn 0.0493 0.9766 0.2091
vn 0.0233 0.9759 0.2169
vn 0.0161 0.9810 0.1933
vn 0.0323 0.9785 0.2038
vn -0.0087 0.6618 0.7496
vn -0.0037 0.7715 0.6362
vn -0.0291 0.5938 0.8041
vn -0.0177 0.8743 0.4850
vn 0.0089 0.4403 0.8978
vn -0.0473 -0.9719 -0.2306
vn 0.0301 0.6917 0.7216
vn -0.0333 0.8925 0.4499
vn 0.0452 0.4449 0.8944
vn 0.0314 0.8937 0.4475
vn -0.0144 0.8894 0.4570
vn -0.0189 0.9096 0.4150
vn 0.0746 0.8243 0.5613
vn -0.0659 0.9327 0.3546
vn -0.0089 0.9025 0.4307
vn -0.0288 0.9017 0.4315
vn -0.0942 0.8886 0.4490
vn 0.0559 0.9704 0.2348
vn -0.0329 0.9093 0.4149
vn -0.1373 0.9228 0.3600
vn 0.0213 0.8884 0.4587
vn -0.1332 0.8849 0.4463
vn 0.8593 0.4614 0.2207
vn 0.9736 -0.0267 0.2267
vn 0.9874 -0.0327 0.1551
vn 0.9697 0.1387 0.2013
vn 0.9008 -0.2840 -0.3286
vn 0.8545 0.4445 0.2689
vn 0.8332 0.4875 0.2609
vn 0.8795 0.3250 0.3476
vn 0.9649 0.0544 0.2569
vn 0.9283 0.3640 0.0760
vn 0.6824 0.6222 0.3836
vn 0.9471 0.2887 0.1401
vn 0.9884 0.1512 -0.0100
vn 0.9317 0.3429 0.1199
vn 0.9047 0.3582 0.2305
vn 0.9896 0.1223 -0.0754
vn 0.8473 0.4802 0.2269
vn 0.8474 0.4399 0.2972
vn 0.9702 0.1775 0.1647
vn 0.8290 0.4682 0.3058
vn 0.9729 0.2112 0.0940
vn 0.9974 0.0713 -0.0049
vn -0.0904 0.8981 0.4305
vn -0.2278 0.9074 0.3531
vn -0.1926 0.9015 0.3875
vn -0.0736 0.8974 0.4350
vn 0.1295 0.9088 0.3967
vn 0.0558 0.9969 0.0556
vn -0.0306 0.9600 0.2785
vn 0.0510 0.9714 0.2321
vn -0.0057 0.8889 0.4580
vn -0.0297 0.9156 0.4010
vn 0.0425 0.7423 0.6688
vn -0.0692 0.9548 0.2891
vn 0.0938 0.9708 0.2208
vn 0.0103 0.9686 0.2484
vn -0.0314 0.8501 0.5257
vn -0.0220 0.8640 0.5031
vn -0.0142 0.8411 0.5407
vn 0.0301 0.8723 0.4881
vn 0.0299 0.9907 -0.1329
vn 0.0799 0.8596 0.5047
vn 0.1846 0.8810 0.4357
vn 0.0173 0.8578 0.5137
vn -0.0289 0.9119 0.4094
vn 0.1144 0.8703 0.4791
vn 0.0726 0.9228 0.3784
vn -0.1663 0.8588 0.4846
vn -0.2668 0.7723 0.5765
vn -0.1147 0.8994 0.4218
vn 0.1307 0.9057 0.4032
vn -0.0029 -0.2217 0.9751
vn 0.0056 0.9357 0.3528
vn 0.1860 0.9051 0.3823
vn -0.0157 0.8835 0.4683
vn -0.0431 0.9524 0.3019
vn 0.0728 0.8936 0.4429
vn -0.0499 0.9055 0.4215
vn 0.0214 0.8804 0.4738
vn 0.1369 0.9593 0.2471
vn -0.0161 0.9173 0.3979
vn 0.1714 0.8522 0.4944
vn -0.0939 0.8804 0.4649
vn -0.1316 0.7458 0.6530
vn 0.1477 0.7179 0.6803
vn -0.3174 0.8941 0.3160
vn -0.1349 0.9204 0.3670
vn -0.4718 0.7458 0.4703
vn -0.7241 0.5495 0.4169
vn -0.7026 0.6092 0.3676
vn -0.7962 0.5678 0.2092
vn -0.3629 0.8710 0.3313
vn -0.2123 0.9116 0.3521
vn -0.3335 0.9105 0.2446
vn -0.3862 0.8582 0.3380
vn -0.2606 0.8925 0.3683
vn -0.7995 0.4522 0.3954
vn -0.0313 0.9988 -0.0373
vn -0.6718 0.7402 0.0265
vn -0.8589 0.4981 0.1192
vn -0.4152 0.8838 0.2159
vn -0.3621 0.8937 0.2648
vn 0.2957 0.9125 0.2828
vn 0.4834 0.8454 0.2272
vn 0.5149 0.7633 0.3902
vn 0.1141 0.9136 0.3903
vn -0.3226 0.8836 0.3395
vn 0.1386 0.9501 0.2796
vn 0.1181 0.8829 0.4545
vn 0.3757 0.8896 0.2597
vn 0.0616 0.9064 0.4179
vn 0.4486 0.8699 0.2051
vn 0.8140 0.5760 0.0747
vn -0.0801 0.9705 0.2275
vn -0.0317 0.9559 0.2921
vn 0.1242 0.9611 0.2467
vn 0.3720 0.8652 0.3363
vn -0.1646 0.8388 0.5189
vn 0.2219 0.8946 0.3879
vn 0.6123 0.7292 0.3054
vn 0.2542 0.8913 0.3754
vn -0.3033 0.8735 0.3807
vn 0.1616 0.8565 0.4902
vn 0.2561 0.8658 0.4298
vn -0.5603 0.6472 0.5169
vn 0.2160 0.8944 0.3916
vn 0.8533 0.3646 0.3727
vn 0.5737 0.3393 0.7455
vn 0.8421 0.3531 0.4078
vn 0.2766 0.9603 0.0373
vn 0.7402 0.6663 0.0907
vn 0.5618 0.6305 0.5356
vn 0.5633 0.5398 0.6255
vn 0.8441 0.2476 0.4755
vn 0.8676 -0.4374 0.2365
vn 0.1760 0.8274 0.5332
vn 0.0535 0.8830 0.4663
vn 0.2654 -0.8713 0.4127
vn 0.1778 0.9226 0.3424
vn -0.0540 0.8953 0.4422
vn 0.0874 0.9384 0.3343
vn 0.0269 0.8652 0.5008
vn 0.3887 -0.7192 0.5760
vn -0.0243 0.8589 0.5115
vn -0.1062 0.8859 0.4517
vn -0.1426 0.8659 0.4795
vn -0.0766 0.8544 0.5139
vn 0.0867 0.9392 0.3324
vn 0.0595 0.9175 0.3933
vn 0.1184 0.8803 0.4594
vn 0.1065 0.9143 0.3907
vn -0.1091 0.9922 0.0598
vn -0.0008 0.9393 0.3431
vn -0.1801 0.7793 0.6002
vn -0.1541 0.8239 0.5454
vn 0.2158 0.8995 0.3799
vn 0.3073 0.8850 0.3498
vn 0.0521 0.9909 0.1242
vn -0.0429 0.7272 0.6851
vn 0.1661 0.9414 0.2934
vn -0.0755 0.9146 0.3972
vn 0.0545 0.9479 0.3139
vn -0.0825 0.2517 0.9643
vn 0.0396 0.8516 0.5228
vn 0.0658 0.9723 0.2244
vn 0.0282 0.9029 0.4290
vn 0.0862 0.8402 0.5354
vn 0.0527 0.9674 0.2478
vn -0.0206 0.1875 0.9820
vn -0.0257 0.6896 0.7237
vn 0.0006 0.7903 0.6127
vn 0.0411 0.9575 0.2855
vn 0.0537 0.9654 0.2550
vn 0.0445 0.9560 0.2898
vn 0.0807 0.9281 0.3634
vn 0.0639 0.9033 0.4243
vn 0.0957 0.9378 0.3337
vn 0.0807 0.9593 0.2706
vn 0.0990 0.9609 0.2586
vn -0.0745 0.9424 0.3262
vn -0.0030 0.9468 0.3218
vn -0.0315 0.9250 0.3786
vn -0.0317 0.7932 0.6081
vn -0.0805 0.7363 0.6719
vn 0.1442 0.9557 0.2566
vn 0.0599 0.9462 0.3179
vn 0.0649 0.9686 0.2400
vn 0.0351 0.9649 0.2604
vn 0.2493 0.4228 0.8712
vn 0.1071 0.8940 0.4351
vn 0.0491 0.8733 0.4848
vn -0.0209 0.8036 0.5948
vn 0.0716 0.9610 0.2672
vn 0.0016 0.9892 0.1466
vn 0.2840 0.9586 -0.0199
vn -0.8617 0.4691 0.1936
vn -0.8926 0.3710 0.2563
vn -0.7967 0.5270 0.2959
vn -0.9974 0.0701 -0.0138
vn -0.8705 0.4488 0.2021
vn -0.9886 0.1325 0.0714
vn -0.9274 0.2805 0.2474
vn -0.9441 0.2479 0.2173
vn -0.9146 0.3514 0.2002
vn -0.7923 0.5067 0.3400
vn -0.8299 0.3248 0.4535
vn -0.4212 0.7832 0.4574
vn -0.2391 0.2152 0.9469
vn 0.1529 0.8119 0.5634
vn -0.0842 0.7135 0.6955
vn 0.0939 0.8754 0.4742
vn -0.3188 -0.0149 0.9477
vn 0.0265 0.9951 0.0952
vn 0.0602 0.5416 0.8385
vn 0.0602 0.9634 0.2614
vn -0.0874 0.6715 0.7359
vn 0.0495 0.9696 0.2398
vn 0.0227 0.5368 0.8434
vn -0.2133 0.2232 0.9512
vn 0.0901 0.9400 0.3292
vn 0.0578 0.9430 0.3276
vn 0.0524 0.9107 0.4098
vn 0.0055 0.8462 0.5328
vn 0.1087 0.9312 0.3479
vn 0.0596 0.8829 0.4657
vn 0.1038 0.9542 0.2804
vn 0.0412 0.9550 0.2938
vn 0.0792 0.9706 0.2275
vn 0.1068 0.9621 0.2510
vn 0.0447 0.9664 0.2530
vn 0.1156 0.8918 0.4374
vn 0.1104 0.9222 0.3706
vn 0.0499 0.9473 0.3163
vn 0.0744 0.9686 0.2370
vn 0.0253 0.9392 0.3423
vn 0.1285 0.7713 0.6233
vn 0.0851 0.8368 0.5408
vn 0.0446 0.9031 0.4270
vn -0.0618 0.8669 0.4947
vn -0.1073 0.8402 0.5315
vn 0.0643 0.9583 0.2786
vn 0.0919 0.9632 0.2525
vn 0.0382 0.9932 0.1103
vn -0.0840 0.9774 0.1939
vn -0.3103 0.8982 0.3115
vn -0.0379 0.9958 0.0835
vn -0.1840 0.7237 0.6652
vn -0.2502 0.2667 0.9307
vn 0.1952 0.4328 0.8801
vn 0.1347 0.8833 0.4491
vn -0.1428 -0.6827 0.7166
vn -0.1409 0.0557 0.9885
vn -0.1147 0.6380 0.7614
vn -0.0983 0.4405 0.8924
vn 0.0617 0.8604 0.5059
vn 0.1429 0.7457 0.6508
vn 0.0871 0.8599 0.5030
vn -0.0381 0.9324 0.3593
vn -0.1589 0.7833 0.6010
vn -0.1839 0.3922 0.9013
vn 0.0457 0.9821 0.1826
vn -0.0512 0.9246 0.3775
vn 0.0622 0.9644 0.2569
vn -0.1220 0.9455 0.3019
vn -0.0332 0.9438 0.3289
vn -0.4523 0.7612 0.4647
vn -0.3926 0.7327 0.5559
vn 0.0158 0.9375 0.3477
vn -0.0167 0.9263 0.3765
vn 0.0142 0.3301 0.9438
vn 0.0298 0.9265 0.3751
vn 0.0096 0.9075 0.4200
vn -0.0861 0.9366 0.3396
vn -0.0442 0.7126 0.7001
vn -0.1456 0.6725 0.7256
vn 0.0063 0.9488 0.3158
vn 0.0385 0.9772 0.2088
vn 0.0127 0.9478 0.3185
vn 0.0071 0.9224 0.3863
vn 0.0620 0.8519 0.5200
vn -0.0130 0.9124 0.4090
vn -0.1519 0.8678 0.4731
vn -0.0911 0.8967 0.4332
vn 0.0275 0.9194 0.3923
vn 0.8450 0.4978 0.1953
vn 0.9204 0.3349 0.2019
vn 0.8614 0.1551 0.4837
vn 0.9478 0.2123 -0.2380
vn 0.5004 0.6918 0.5206
vn 0.9980 0.0603 -0.0181
vn 0.9779 0.1785 -0.1087
vn 0.9055 0.3795 0.1900
vn 0.9537 0.2734 0.1252
vn 0.9406 0.2461 0.2338
vn 0.9589 0.2659 0.0996
vn 0.9679 0.1967 0.1562
vn 0.9484 0.2831 0.1426
vn 0.0446 0.6309 0.7746
vn -0.2404 0.5016 0.8310
vn 0.2705 0.3741 0.8871
vn 0.0286 0.9130 0.4069
vn 0.0611 0.9076 0.4153
vn 0.0970 0.8921 0.4413
vn 0.0126 0.9269 0.3751
vn 0.0166 0.9694 0.2450
vn 0.1499 0.9734 0.1731
vn 0.0596 0.6833 0.7277
vn -0.0302 0.9181 0.3951
vn 0.0346 0.9308 0.3639
vn 0.0890 0.8603 0.5020
vn -0.1578 0.8951 0.4171
vn -0.1363 0.8923 0.4304
vn 0.0047 0.9714 0.2372
vn 0.0421 0.8936 0.4469
vn -0.0921 0.8995 0.4271
vn 0.0569 0.9356 0.3486
vn -0.0150 0.9321 0.3618
vn -0.2965 0.8369 0.4601
vn -0.0048 0.8701 0.4929
vn 0.0230 0.8562 0.5161
vn 0.0101 0.8468 0.5318
vn 0.0069 0.8719 0.4896
vn -0.0028 0.4168 -0.9090
vn 0.0581 0.9983 -0.0005
vn 0.0691 -0.0926 0.9933
vn 0.0397 0.7688 0.6383
vn 0.0702 0.6164 0.7843
vn -0.0670 0.9897 0.1264
vn -0.0579 0.9801 0.1900
vn -0.0715 0.9872 0.1424
vn -0.0138 0.9479 0.3181
vn 0.0206 0.9586 0.2839
vn -0.0142 0.9462 0.3233
vn -0.0389 0.9571 0.2872
vn -0.0591 0.9370 0.3442
vn 0.0808 0.9959 0.0416
vn 0.0810 0.9938 0.0764
vn -0.1181 0.9930 0.0001
vn 0.0936 0.9923 0.0814
vn 0.1154 0.9163 0.3834
vn -0.8455 0.4577 0.2750
vn -0.8220 0.5126 0.2481
vn -0.8532 0.3360 0.3989
vn -0.0610 0.8529 0.5185
vn -0.0690 0.9627 0.2618
vn -0.1714 0.9050 0.3893
vn -0.8547 0.4790 0.2001
vn -0.9339 0.3404 0.1089
vn -0.8338 0.4947 0.2451
vn -0.7786 0.5497 0.3026
vn -0.7809 0.5056 0.3669
vn -0.8528 0.5211 0.0340
vn -0.9122 0.4072 -0.0462
vn -0.8101 0.5502 0.2028
vn -0.0003 0.9968 0.0805
vn 0.3088 0.9505 0.0336
vn 0.0281 0.9995 0.0163
vn -0.5211 0.7910 0.3205
vn -0.0334 0.9977 0.0596
vn -0.7396 0.6257 0.2482
vn -0.6970 0.6899 0.1957
vn -0.6504 0.7491 0.1258
vn -0.7530 0.5814 0.3080
vn -0.7631 0.6005 0.2387
vn -0.8840 0.4540 0.1116
vn -0.7642 0.5504 0.3361
vn -0.7692 0.5738 0.2813
vn -0.8758 0.4605 0.1450
vn -0.0512 0.9565 0.2873
vn 0.3870 0.8959 0.2183
vn 0.4176 0.8753 0.2438
vn -0.9264 0.2452 0.2858
vn -0.5999 0.7081 0.3724
vn -0.6655 0.5973 0.4475
vn -0.9016 0.3249 0.2855
vn 0.0414 0.9957 0.0829
vn -0.7533 0.6119 0.2411
vn -0.9312 0.2002 0.3046
vn 0.1128 0.4298 0.8959
vn 0.1647 0.0424 0.9854
vn 0.1781 0.0581 0.9823
vn -0.0838 0.9504 0.2997
vn 0.1307 0.3273 0.9358
vn 0.3232 0.8775 0.3542
vn -0.2938 0.8894 0.3503
vn 0.2959 0.8795 0.3727
vn 0.3683 0.8387 0.4011
vn -0.3176 0.8746 0.3663
vn 0.3758 0.8357 0.4004
vn 0.8202 0.5012 0.2760
vn 0.5924 0.3358 0.7323
vn 0.8660 0.4250 0.2636
vn 0.0683 0.9946 0.0782
vn 0.6268 0.7781 0.0408
vn -0.1021 0.7519 0.6513
vn 0.0595 0.8063 0.5885
vn -0.1172 0.6709 0.7322
vn -0.0772 0.8129 0.5773
vn 0.0347 0.7458 0.6652
vn -0.0730 0.5833 0.8090
vn -0.0439 0.6565 0.7530
vn -0.0337 0.9580 0.2848
vn -0.1386 0.7587 0.6365
vn 0.0170 0.5222 0.8527
vn -0.1053 0.6509 0.7518
vn -0.1644 0.1070 0.9806
vn 0.0409 0.2398 0.9699
vn -0.0151 0.9441 0.3292
vn -0.1022 0.7676 0.6328
vn 0.1883 -0.6949 0.6940
vn -0.2917 0.6522 0.6996
vn -0.0667 0.9381 0.3398
vn 0.0933 0.9649 0.2454
vn -0.0002 0.9371 0.3491
vn -0.1298 0.8316 0.5400
vn -0.1851 0.0661 0.9805
vn -0.0289 0.9171 0.3976
vn 0.0126 0.9520 0.3058
vn 0.0206 0.9983 0.0545
vn -0.0855 0.9424 0.3234
vn 0.0895 0.9519 0.2931
vn -0.1051 0.9058 0.4105
vn -0.0721 0.9733 0.2181
vn -0.0059 0.9968 0.0792
vn 0.0736 0.8333 0.5479
vn 0.0131 0.9929 0.1181
vn -0.0021 0.9961 0.0883
vn 0.1234 0.7793 0.6144
vn -0.2022 0.9486 0.2436
vn -0.1830 0.9554 0.2318
vn -0.0865 0.9787 0.1864
vn 0.1437 0.5570 0.8180
vn 0.1263 0.6044 0.7866
vn -0.1051 0.8473 0.5206
vn 0.1035 -0.0572 0.9930
vn 0.1016 0.8199 0.5634
vn 0.0950 0.8967 0.4323
vn -0.1365 0.8210 0.5544
vn -0.2890 0.7930 0.5363
vn -0.1645 0.8549 0.4920
vn -0.0915 0.8940 0.4387
vn -0.1126 0.7502 0.6516
vn 0.0293 0.9158 0.4006
vn 0.1425 0.9690 0.2020
vn 0.1191 0.9319 0.3427
vn 0.0144 0.9531 0.3023
vn 0.0905 0.8840 0.4587
vn 0.0039 0.9417 0.3365
vn 0.0121 0.9361 0.3514
vn -0.1166 0.8388 0.5318
vn -0.2829 0.7856 0.5503
vn -0.0056 0.8879 0.4600
vn 0.0636 0.9135 0.4018
vn 0.0387 0.9203 0.3893
vn 0.0549 0.9172 0.3947
vn -0.2363 -0.5418 -0.8066
vn -0.3283 0.6138 -0.7180
vn 0.0808 0.4995 -0.8626
vn 0.0411 0.8421 -0.5378
vn 0.1233 0.5855 -0.8012
vn -0.0325 0.5917 -0.8055
vn -0.0365 0.7751 -0.6308
vn -0.1202 0.8218 -0.5570
vn -0.1059 0.5151 -0.8506
vn 0.0724 0.5954 -0.8001
vn -0.1775 0.3254 -0.9288
vn -0.2081 0.4958 -0.8432
vn 0.2266 0.8346 -0.5021
vn 0.0110 0.8263 -0.5631
vn -0.0821 0.3195 -0.9440
vn -0.0907 0.5133 -0.8534
vn -0.0262 0.9064 -0.4215
vn 0.1246 0.9630 -0.2391
vn 0.0940 0.9160 -0.3899
vn 0.0320 0.9599 -0.2786
vn -0.0547 0.9336 -0.3541
vn 0.0157 0.9569 -0.2899
vn -0.0351 0.9022 -0.4299
vn -0.0048 0.7358 -0.6772
vn 0.0199 0.4876 -0.8728
vn -0.0204 0.9131 -0.4073
vn -0.0412 0.9374 -0.3458
vn -0.0802 0.8782 -0.4716
vn 0.0498 0.9449 -0.3235
vn 0.0149 0.8827 -0.4698
vn 0.0636 0.9791 -0.1934
vn 0.0516 0.9271 -0.3713
vn -0.0671 0.9615 -0.2665
vn -0.1069 0.6281 -0.7707
vn -0.0708 0.8565 -0.5112
vn -0.0514 0.9705 -0.2354
vn -0.0398 0.9839 -0.1744
vn -0.0435 0.9490 -0.3122
vn -0.0546 0.9594 -0.2766
vn -0.0380 0.9488 -0.3136
vn -0.9930 0.0442 -0.1096
vn -0.8714 0.4884 -0.0458
vn -0.9662 0.1088 -0.2338
vn -0.9730 0.0409 -0.2271
vn -0.4161 0.7797 -0.4679
vn -0.9175 -0.2116 0.3367
vn -0.7175 0.6019 -0.3507
vn -0.8949 0.1692 -0.4129
vn -0.9184 0.0621 -0.3908
vn -0.7779 0.5302 -0.3372
vn -0.4513 0.7454 -0.4907
vn -0.9248 0.3395 -0.1719
vn -0.9713 0.2234 -0.0815
vn -0.8166 0.5339 -0.2192
vn -0.4002 0.8162 -0.4167
vn -0.8240 0.4417 -0.3548
vn -0.9042 0.4228 0.0603
vn -0.9185 0.2712 -0.2877
vn -0.7609 0.5707 -0.3089
vn -0.7627 0.5033 -0.4061
vn -0.7865 0.5588 -0.2630
vn 0.1982 0.8765 0.4388
vn -0.1416 0.8024 -0.5797
vn 0.0617 0.8244 -0.5626
vn 0.1327 0.8313 -0.5398
vn -0.0507 0.8864 -0.4602
vn 0.0411 0.8959 -0.4424
vn 0.0308 0.9138 -0.4051
vn -0.0931 0.9534 -0.2871
vn -0.1346 0.7713 -0.6221
vn 0.0094 0.8793 -0.4761
vn -0.1030 0.8724 -0.4778
vn -0.0122 0.8952 -0.4455
vn 0.0039 0.9026 -0.4305
vn 0.0191 0.8784 -0.4776
vn -0.0541 0.8706 -0.4890
vn -0.0628 0.8850 -0.4614
vn -0.0150 0.9232 -0.3841
vn -0.0046 0.9475 -0.3197
vn -0.0776 -0.7422 -0.6657
vn 0.0048 0.9566 -0.2913
vn -0.0665 0.8773 -0.4754
vn -0.1533 0.8216 -0.5490
vn -0.3020 0.9257 -0.2279
vn 0.0028 0.9793 -0.2025
vn 0.0030 0.8895 -0.4570
vn -0.2002 0.6665 -0.7181
vn 0.1055 0.9437 -0.3134
vn -0.0131 0.9679 -0.2511
vn 0.0118 0.9215 -0.3881
vn 0.1952 0.9527 -0.2327
vn -0.0266 0.8079 -0.5888
vn 0.1012 0.7865 -0.6093
vn -0.0099 0.7588 -0.6513
vn -0.0602 0.8289 -0.5561
vn -0.0600 0.9050 -0.4211
vn -0.0938 0.9246 -0.3693
vn 0.1662 0.9848 0.0499
vn -0.0100 0.9056 -0.4241
vn 0.0233 0.9759 -0.2169
vn 0.0497 0.9618 -0.2690
vn 0.0157 0.9809 -0.1936
vn 0.0323 0.9785 -0.2038
vn 0.0317 0.9757 -0.2168
vn -0.0010 0.7974 -0.6034
vn -0.0600 0.9389 -0.3389
vn 0.0046 0.8975 -0.4409
vn -0.0049 0.6617 -0.7497
vn -0.0039 0.8829 -0.4695
vn -0.0014 0.4323 -0.9017
vn 0.0534 0.7459 -0.6639
vn 0.0438 0.7963 -0.6033
vn -0.0313 0.8998 -0.4352
vn 0.1582 -0.6214 -0.7673
vn 0.0312 0.8863 -0.4620
vn -0.0717 0.8723 -0.4836
vn -0.1338 0.8202 -0.5562
vn 0.0535 0.4746 -0.8786
vn 0.0213 0.9274 -0.3734
vn -0.0820 0.4789 -0.8740
vn -0.0173 0.8900 -0.4557
vn 0.0147 0.9129 -0.4080
vn -0.0316 0.9431 -0.3309
vn 0.0035 0.9119 -0.4103
vn 0.1959 0.9095 -0.3666
vn 0.1497 0.8159 -0.5585
vn 0.0767 0.9275 -0.3659
vn 0.0457 0.9171 -0.3959
vn -0.0105 0.8384 -0.5449
vn -0.0567 0.8264 -0.5602
vn -0.0177 0.8987 -0.4382
vn -0.1042 0.9049 -0.4127
vn 0.0209 0.8547 -0.5186
vn -0.0507 0.9033 -0.4259
vn 0.0791 0.9046 -0.4188
vn -0.0288 0.8992 -0.4365
vn 0.2175 0.8874 -0.4066
vn 0.4171 0.8683 -0.2685
vn 0.4583 0.8183 -0.3470
vn 0.6357 0.5739 -0.5162
vn 0.9831 0.1573 -0.0933
vn 0.9279 0.3288 -0.1761
vn 0.9624 -0.2590 0.0818
vn 0.9324 -0.3608 0.0222
vn 0.9457 -0.0132 -0.3248
vn 0.5978 0.6558 -0.4610
vn 0.7771 0.5782 -0.2487
vn 0.7486 0.6144 -0.2492
vn 0.5533 0.6889 -0.4682
vn 0.9267 0.3569 -0.1177
vn 0.7515 0.5611 -0.3471
vn 0.7916 0.5294 -0.3051
vn -0.0746 0.8960 -0.4378
vn -0.2036 0.8967 -0.3931
vn -0.0255 0.8970 -0.4413
vn 0.1212 0.9087 -0.3994
vn 0.0112 0.9600 -0.2797
vn 0.0585 0.9967 -0.0556
vn 0.0421 0.9871 -0.1545
vn -0.0323 0.9412 -0.3363
vn -0.0275 0.9205 -0.3898
vn -0.0005 0.8687 -0.4954
vn 0.0482 0.7370 -0.6742
vn 0.0023 0.9759 -0.2182
vn -0.0801 0.9510 -0.2987
vn 0.0632 0.9777 -0.2002
vn -0.1068 0.8897 -0.4438
vn 0.0320 0.8802 -0.4736
vn -0.0007 0.8986 -0.4388
vn -0.0709 0.8839 -0.4623
vn 0.0048 0.8133 -0.5818
vn -0.0161 0.8831 -0.4688
vn 0.0166 0.8679 -0.4964
vn -0.9961 -0.0497 -0.0727
vn 0.4560 0.7119 -0.5340
vn 0.0792 0.8479 -0.5241
vn 0.2416 0.8732 -0.4233
vn 0.1763 0.8539 -0.4897
vn -0.0603 0.9113 -0.4073
vn 0.1189 0.8677 -0.4827
vn -0.1651 0.8611 -0.4809
vn 0.0155 0.9280 -0.3722
vn -0.2699 0.7716 -0.5760
vn 0.0567 0.8760 -0.4789
vn 0.2272 0.9013 -0.3690
vn 0.1855 0.8910 -0.4144
vn -0.0244 0.9588 -0.2830
vn 0.0312 0.9333 -0.3578
vn -0.0265 0.8935 -0.4482
vn 0.0215 0.8923 -0.4509
vn -0.0468 0.8953 -0.4430
vn -0.0973 0.9100 -0.4031
vn -0.0250 0.9422 -0.3342
vn 0.1966 0.9103 -0.3643
vn 0.0959 0.6504 -0.7535
vn 0.0250 0.9607 -0.2764
vn 0.1834 0.8451 -0.5021
vn -0.1768 0.9020 -0.3939
vn -0.2327 0.8876 -0.3975
vn -0.5794 0.6629 -0.4742
vn 0.1663 0.9337 -0.3171
vn 0.7872 0.5449 -0.2887
vn 0.2794 0.8840 -0.3747
vn -0.1565 0.9788 -0.1322
vn -0.0135 0.9493 -0.3142
vn -0.1859 0.9697 -0.1582
vn 0.0057 0.9676 -0.2524
vn -0.1592 0.9639 -0.2132
vn -0.0384 0.9353 -0.3517
vn -0.0099 0.9029 -0.4298
vn -0.1533 0.9069 -0.3926
vn -0.3049 0.7795 -0.5472
vn -0.1922 0.8908 -0.4117
vn 0.5866 0.5875 -0.5574
vn -0.2593 0.8916 -0.3713
vn -0.3629 0.8719 -0.3288
vn -0.4049 0.8651 -0.2960
vn -0.7142 0.6344 -0.2957
vn -0.7245 0.6360 -0.2656
vn -0.7444 0.6353 -0.2056
vn -0.8133 0.5494 -0.1916
vn -0.5247 0.4078 -0.7473
vn -0.8078 0.4720 -0.3532
vn -0.3722 0.8956 -0.2436
vn -0.8589 0.4981 -0.1192
vn -0.3444 0.9030 -0.2569
vn 0.4036 0.8612 -0.3090
vn 0.3380 0.8898 -0.3066
vn 0.5578 0.7281 -0.3983
vn 0.8500 0.5113 -0.1266
vn 0.7221 0.6761 -0.1466
vn 0.6491 0.7344 -0.1984
vn -0.1065 0.9418 -0.3188
vn -0.3440 0.9158 -0.2074
vn -0.2426 0.9220 -0.3017
vn 0.3419 0.8669 -0.3628
vn 0.1008 0.8942 -0.4362
vn 0.8155 0.5785 0.0156
vn -0.0478 0.9571 -0.2859
vn -0.6968 0.6337 -0.3359
vn -0.1912 0.9522 -0.2383
vn 0.3781 0.8629 -0.3354
vn 0.1140 0.9692 -0.2184
vn 0.7318 0.5937 -0.3347
vn 0.6970 0.6439 -0.3155
vn 0.8801 0.4173 -0.2266
vn 0.1073 0.8635 -0.4929
vn -0.1430 0.8320 -0.5360
vn 0.6227 0.7421 -0.2479
vn 0.2366 0.9539 -0.1848
vn 0.1084 0.9465 -0.3039
vn 0.3215 0.8857 -0.3350
vn 0.3021 0.8748 -0.3789
vn 0.1718 0.8180 -0.5489
vn 0.3466 0.8691 -0.3528
vn 0.8550 0.4211 -0.3028
vn 0.2825 0.9581 -0.0480
vn 0.7441 0.6607 -0.0993
vn 0.5133 0.5580 -0.6520
vn -0.0305 0.6375 -0.7698
vn 0.2099 0.7316 -0.6486
vn 0.8676 -0.4370 -0.2373
vn 0.7642 0.4177 -0.4915
vn -0.0341 0.8583 -0.5120
vn 0.2001 0.5100 -0.8366
vn 0.1581 0.3094 -0.9377
vn 0.1932 0.8012 -0.5663
vn 0.2276 0.9034 -0.3635
vn 0.1029 0.9183 -0.3824
vn 0.1119 0.9280 -0.3554
vn 0.1191 0.8534 -0.5075
vn 0.0135 0.8962 -0.4434
vn 0.1803 0.9158 -0.3588
vn 0.0652 0.9368 -0.3438
vn 0.1307 0.9612 -0.2429
vn 0.3885 -0.7173 -0.5785
vn 0.0151 0.9494 -0.3136
vn 0.0819 0.8381 -0.5394
vn -0.0244 0.8597 -0.5103
vn -0.1288 0.8903 -0.4368
vn 0.0478 0.9374 -0.3449
vn -0.0964 0.9027 -0.4194
vn 0.2627 0.8586 -0.4402
vn 0.1938 0.8709 -0.4517
vn -0.1545 0.8241 -0.5450
vn -0.1714 0.7816 -0.5998
vn 0.1762 0.9184 -0.3541
vn 0.2948 0.8939 -0.3377
vn 0.1387 0.8860 -0.4425
vn 0.0264 0.8765 -0.4806
vn -0.2746 0.8357 -0.4755
vn -0.2675 0.8268 -0.4948
vn 0.1386 0.9791 -0.1490
vn 0.1552 0.9474 -0.2801
vn 0.2090 0.7480 -0.6300
vn 0.1245 0.9684 -0.2163
vn -0.0296 0.8916 -0.4519
vn -0.1341 0.6283 -0.7663
vn -0.0812 0.1716 -0.9818
vn -0.0221 0.9248 -0.3797
vn 0.0455 0.9724 -0.2287
vn 0.1052 0.9887 0.1072
vn 0.0642 0.8789 -0.4726
vn -0.0384 0.8716 -0.4888
vn 0.0358 0.9106 -0.4118
vn 0.0220 0.6303 -0.7760
vn 0.0209 0.1409 -0.9898
vn 0.0402 0.9643 -0.2616
vn 0.0617 0.9637 -0.2597
vn 0.0490 0.9556 -0.2905
vn 0.0543 0.9818 -0.1822
vn 0.0539 0.9753 -0.2141
vn 0.0612 0.9671 -0.2468
vn 0.0709 0.9590 -0.2742
vn 0.1027 0.8898 -0.4446
vn 0.1015 0.9605 -0.2593
vn 0.1593 0.9617 -0.2230
vn -0.0223 0.8995 -0.4364
vn -0.2153 0.9407 -0.2621
vn -0.2590 0.9471 -0.1898
vn 0.0577 0.9405 -0.3348
vn 0.0527 0.9761 -0.2109
vn 0.0495 0.9919 -0.1172
vn 0.1363 0.9513 -0.2766
vn 0.0681 0.9497 -0.3056
vn 0.2397 0.9702 -0.0343
vn 0.1251 0.9553 -0.2680
vn 0.0383 0.8867 -0.4607
vn 0.1984 0.8763 -0.4390
vn 0.2166 0.7807 -0.5861
vn 0.0950 0.9594 -0.2657
vn 0.0942 0.9395 -0.3293
vn 0.0962 0.9325 -0.3481
vn 0.0833 0.9037 -0.4200
vn 0.2697 0.9626 -0.0251
vn -0.9295 0.2632 -0.2582
vn -0.9487 0.2357 -0.2109
vn -0.9455 0.2872 -0.1532
vn -0.9734 0.0080 -0.2291
vn 0.3420 0.7029 -0.6236
vn -0.9935 0.0829 0.0783
vn -0.8707 0.3161 -0.3769
vn -0.9320 0.0196 -0.3620
vn -0.9305 -0.0928 -0.3544
vn -0.9184 0.3604 -0.1633
vn -0.9086 0.3731 -0.1878
vn -0.9397 0.3263 -0.1019
vn -0.7889 0.4854 -0.3769
vn -0.9364 0.2014 -0.2874
vn -0.7926 0.4829 -0.3722
vn -0.8860 0.4443 -0.1330
vn -0.9609 0.2137 -0.1759
vn -0.9541 0.2554 -0.1564
vn -0.9780 0.1473 -0.1475
vn -0.2366 0.2161 -0.9473
vn 0.0015 0.7050 -0.7092
vn 0.1542 0.3248 -0.9331
vn 0.0405 0.9441 -0.3271
vn 0.1032 0.5298 -0.8418
vn -0.0776 0.7392 -0.6690
vn -0.0408 0.5423 -0.8392
vn -0.2135 0.2297 -0.9495
vn 0.0571 0.9303 -0.3623
vn 0.0051 0.9056 -0.4242
vn 0.0246 0.9357 -0.3519
vn 0.0173 0.9590 -0.2827
vn 0.0769 0.9759 -0.2044
vn 0.0858 0.9618 -0.2600
vn 0.0917 0.9675 -0.2359
vn 0.0843 0.9493 -0.3029
vn 0.1032 0.9229 -0.3710
vn 0.1189 0.9102 -0.3968
vn 0.0786 0.9552 -0.2855
vn 0.0616 0.9433 -0.3263
vn 0.1372 0.9358 -0.3247
vn 0.0360 0.8648 -0.5007
vn 0.0753 0.9048 -0.4192
vn 0.1550 0.9330 -0.3247
vn 0.0290 0.8758 -0.4818
vn -0.1156 0.7851 -0.6085
vn -0.2394 0.2953 -0.9249
vn -0.3628 0.7654 -0.5315
vn -0.0281 0.7023 -0.7114
vn 0.0898 0.4241 -0.9012
vn 0.0234 0.8558 -0.5168
vn -0.1387 -0.6809 -0.7191
vn -0.1414 0.0500 -0.9887
vn -0.0927 0.7210 -0.6867
vn 0.0082 0.9377 -0.3475
vn 0.1431 0.7452 -0.6513
vn 0.0280 0.8813 -0.4716
vn 0.0763 0.8551 -0.5128
vn 0.1046 0.9761 -0.1907
vn 0.0324 0.9905 -0.1339
vn 0.0010 0.9613 -0.2757
vn -0.0029 0.9413 -0.3375
vn -0.1220 0.9455 -0.3019
vn -0.4457 0.7675 -0.4608
vn -0.4267 0.7188 -0.5488
vn -0.1085 0.9256 -0.3625
vn -0.0163 0.9496 -0.3131
vn -0.0415 0.9226 -0.3834
vn 0.0324 0.9427 -0.3320
vn -0.0233 0.9553 -0.2948
vn 0.0601 0.9525 -0.2985
vn 0.0529 0.9637 -0.2619
vn -0.1260 0.9526 -0.2768
vn -0.0665 0.9627 -0.2622
vn -0.0182 0.8089 -0.5877
vn -0.0141 0.8489 -0.5284
vn -0.0586 0.8378 -0.5429
vn 0.0200 0.8088 -0.5877
vn -0.0940 0.7964 -0.5974
vn 0.0810 0.9240 -0.3737
vn -0.3206 0.9317 -0.1707
vn -0.1851 0.8233 -0.5365
vn -0.0698 0.8932 -0.4443
vn -0.2223 0.7740 -0.5929
vn -0.1038 0.8866 -0.4508
vn 0.8718 0.4551 -0.1814
vn 0.9416 0.3000 -0.1526
vn 0.5448 0.6674 -0.5076
vn 0.8209 0.5236 -0.2281
vn 0.7708 0.3915 -0.5026
vn 0.1825 0.8223 -0.5390
vn 0.6151 0.7179 -0.3259
vn 0.9635 0.2648 -0.0385
vn 0.8369 0.4914 -0.2410
vn 0.0124 0.7018 -0.7123
vn -0.3095 0.6276 -0.7144
vn -0.1474 0.8885 -0.4346
vn -0.2320 0.4923 -0.8389
vn 0.2617 0.3764 -0.8887
vn 0.0937 0.9034 -0.4185
vn 0.0794 0.8918 -0.4455
vn 0.0970 0.8921 -0.4413
vn 0.0670 0.9666 -0.2472
vn -0.0105 0.9284 -0.3715
vn 0.2259 0.9599 -0.1663
vn -0.0154 0.9113 -0.4116
vn 0.0772 0.6888 -0.7208
vn 0.0859 0.9462 -0.3121
vn 0.0618 0.9331 -0.3544
vn -0.0726 0.8945 -0.4411
vn -0.0850 0.9199 -0.3829
vn -0.3473 0.8228 -0.4499
vn -0.3499 0.8158 -0.4604
vn -0.1786 0.9022 -0.3925
vn -0.1987 0.8613 -0.4677
vn 0.0430 0.9176 -0.3952
vn 0.0516 0.8227 -0.5661
vn 0.0787 0.9965 0.0276
vn 0.0685 0.9866 -0.1483
vn -0.0453 0.6644 -0.7460
vn -0.0532 0.4752 -0.8782
vn -0.0255 0.1706 -0.9850
vn -0.0362 0.9397 -0.3402
vn -0.0593 0.9175 -0.3934
vn -0.0444 0.9473 -0.3173
vn 0.0199 0.6290 -0.7771
vn -0.1290 0.9188 -0.3732
vn -0.1700 0.9405 -0.2941
vn 0.0414 0.9039 -0.4257
vn -0.4346 0.8947 -0.1034
vn 0.3233 0.9462 -0.0165
vn 0.3462 0.0218 -0.9379
vn -0.0675 -0.9676 0.2434
vn -0.3895 0.7275 -0.5648
vn -0.6788 0.6489 -0.3439
vn -0.8737 0.4596 -0.1594
vn -0.0434 0.8311 -0.5544
vn 0.5576 0.4040 -0.7252
vn 0.0807 0.7119 -0.6976
vn -0.0499 0.9680 -0.2458
vn -0.1594 0.9089 -0.3854
vn -0.1702 0.8135 -0.5561
vn -0.9364 0.3241 -0.1345
vn -0.7799 0.5806 -0.2338
vn -0.8047 0.4957 -0.3267
vn -0.7791 0.5478 -0.3048
vn -0.7809 0.5056 -0.3669
vn -0.1533 0.8721 -0.4648
vn -0.3945 0.8589 -0.3264
vn -0.7200 0.6933 0.0304
vn 0.0180 0.9998 0.0105
vn 0.0489 0.9988 -0.0004
vn -0.0299 0.9965 -0.0784
vn -0.5271 0.7874 -0.3197
vn -0.0352 0.9987 -0.0375
vn -0.4367 0.8894 -0.1350
vn 0.0710 0.9730 -0.2198
vn -0.2986 0.9007 -0.3156
vn 0.0301 0.9503 -0.3099
vn 0.3932 0.8892 -0.2339
vn -0.1027 0.9510 -0.2917
vn -0.7754 0.5852 -0.2372
vn -0.4069 0.7379 -0.5385
vn -0.5981 0.6895 -0.4085
vn -0.8792 0.4497 -0.1573
vn -0.9300 0.2540 -0.2657
vn -0.9219 0.1611 -0.3524
vn -0.0720 0.9938 -0.0850
vn -0.7970 0.5597 -0.2267
vn 0.8401 0.5176 -0.1624
vn 0.7420 0.6491 -0.1677
vn 0.7830 0.6200 -0.0500
vn -0.2903 0.8901 -0.3514
vn -0.5355 0.7564 -0.3756
vn -0.7145 0.6723 -0.1939
vn 0.3056 0.8796 -0.3646
vn 0.0135 0.9045 -0.4263
vn 0.0217 0.9458 -0.3239
vn -0.1474 0.9226 -0.3565
vn -0.1230 0.9246 -0.3606
vn 0.4000 0.8437 -0.3581
vn -0.0158 0.9207 -0.3900
vn -0.2257 0.8859 -0.4053
vn 0.8979 0.3949 -0.1944
vn -0.0865 0.9891 -0.1194
vn 0.6664 0.7149 -0.2120
vn -0.0372 0.6720 -0.7396
vn 0.0982 0.8246 -0.5572
vn 0.0542 0.7831 -0.6196
vn -0.0575 0.8354 -0.5466
vn -0.0749 0.7527 -0.6541
vn -0.0499 0.7003 -0.7121
vn -0.0616 0.9329 -0.3548
vn -0.0169 0.9903 -0.1381
vn -0.0351 0.9563 -0.2903
vn -0.1382 0.5381 -0.8315
vn -0.0068 0.7217 -0.6921
vn -0.0789 -0.0965 -0.9922
vn 0.0586 0.4566 -0.8877
vn -0.0963 0.7693 -0.6316
vn -0.0107 0.9432 -0.3321
vn 0.1856 -0.6225 -0.7603
vn -0.0473 0.7141 -0.6985
vn -0.0215 0.9986 -0.0473
vn -0.0271 0.9903 -0.1364
vn -0.0808 0.7218 -0.6873
vn -0.0253 0.8560 -0.5164
vn -0.0639 0.9486 -0.3101
vn -0.0888 0.9399 -0.3296
vn -0.1557 0.8439 -0.5133
vn -0.0056 0.9355 -0.3532
vn -0.1725 0.3109 -0.9346
vn 0.0636 0.9088 -0.4123
vn 0.0378 0.8952 -0.4440
vn -0.0466 0.9371 -0.3459
vn 0.0842 0.9955 0.0433
vn -0.0166 0.9009 -0.4338
vn 0.1719 0.9534 -0.2479
vn 0.1028 0.9360 -0.3366
vn -0.0356 0.9824 -0.1833
vn -0.0570 0.9470 -0.3162
vn -0.0362 0.9431 -0.3304
vn -0.0065 0.8859 -0.4638
vn 0.0735 0.8460 -0.5281
vn 0.0661 0.8554 -0.5137
vn -0.1745 0.7679 -0.6163
vn -0.2459 0.9311 -0.2693
vn -0.2043 0.9492 -0.2395
vn -0.0329 0.9810 -0.1914
vn 0.1497 0.8754 -0.4596
vn 0.0586 0.5267 -0.8480
vn 0.1380 0.7811 -0.6090
vn -0.1463 0.8876 -0.4367
vn -0.0853 0.8478 -0.5235
vn 0.2091 0.2292 -0.9506
vn -0.1144 0.9002 -0.4201
vn 0.2313 -0.6395 -0.7331
vn 0.0856 0.9082 -0.4096
vn 0.0131 0.9124 -0.4090
vn 0.0866 0.9152 -0.3935
vn -0.1419 0.8335 -0.5340
vn -0.0514 0.8999 -0.4331
vn 0.1497 0.9132 -0.3790
vn 0.0092 0.9443 -0.3290
vn 0.1284 0.9711 -0.2013
vn -0.1928 0.8864 -0.4208
vn -0.0006 0.9509 -0.3094
vn -0.1154 0.9675 -0.2250
vn 0.2401 0.8639 -0.4427
vn 0.1675 0.8782 -0.4480
vn -0.1288 0.8065 -0.5770
vn 0.1061 0.9270 -0.3597
vn 0.0456 0.9054 -0.4221
vn 0.1034 0.8169 -0.5674
vn 0.2940 0.8792 -0.3750
vn 0.0365 0.7648 -0.6432
vn -0.3624 0.7087 -0.6054
vn -0.3418 0.6908 -0.6371
vn 0.0369 0.9900 -0.1359
vn -0.0089 0.9966 -0.0821
vn -0.1261 0.8318 0.5405
vn -0.1496 0.7932 0.5904
vn -0.1017 0.7003 0.7065
vn -0.1008 0.8366 0.5384
vn -0.2556 0.2782 0.9259
vn -0.0828 0.5153 0.8530
vn 0.0001 0.2477 0.9688
vn 0.1715 0.9234 0.3434
vn 0.1280 0.9512 0.2808
vn 0.0150 0.9749 0.2220
vn 0.0113 0.9877 0.1558
vn -0.0959 0.9822 0.1617
vn -0.1863 0.4225 0.8870
vn -0.2549 -0.1262 0.9587
vn 0.1019 0.8998 0.4242
vn 0.0467 0.9017 0.4298
vn 0.0068 0.9113 0.4117
vn 0.0801 0.8573 0.5085
vn -0.0404 0.9464 0.3206
vn -0.0337 0.9484 0.3154
vn 0.1399 0.9621 0.2341
vn 0.0461 0.9059 0.4209
vn 0.0681 0.8134 0.5778
vn 0.0767 0.5834 0.8086
vn -0.0848 0.9030 0.4213
vn -0.0841 0.9470 0.3100
vn -0.0582 0.9462 0.3184
vn 0.0390 0.8174 0.5748
vn -0.0216 -0.9952 -0.0952
vn -0.0259 0.9246 0.3802
vn -0.0405 0.9213 0.3867
vn -0.0326 0.9274 0.3727
vn -0.0451 0.9367 0.3472
vn -0.0526 0.9347 0.3516
vn -0.0187 0.9942 0.1058
vn -0.1198 0.7741 0.6216
vn -0.0769 0.9420 0.3266
vn 0.0131 0.9081 0.4185
vn 0.0144 0.9234 0.3836
vn -0.0993 0.9830 0.1542
vn -0.1090 0.7598 0.6410
vn -0.0038 0.9077 0.4196
vn -0.0057 0.9258 0.3779
vn 0.0125 0.9035 0.4285
vn -0.0420 0.9054 0.4225
vn -0.0717 0.9799 0.1862
vn -0.1870 0.8858 0.4248
vn -0.0025 0.9642 0.2651
vn -0.0882 0.9363 0.3400
vn -0.8877 0.4524 -0.0851
vn -0.1010 0.8642 0.4928
vn -0.9275 0.1264 0.3518
vn -0.8716 0.2455 0.4243
vn -0.9383 0.0262 0.3449
vn -0.4641 -0.8332 -0.3008
vn -0.9662 0.2385 0.0982
vn -0.9118 0.4102 -0.0193
vn -0.9468 0.3167 0.0572
vn -0.9164 0.3318 0.2239
vn -0.4147 0.8244 0.3853
vn 0.2719 0.8039 0.5290
vn 0.0598 0.8207 0.5683
vn 0.1433 0.8247 0.5471
vn 0.2719 0.8049 0.5274
vn -0.7585 -0.6080 -0.2345
vn -0.9442 0.3183 0.0848
vn -0.1524 0.8796 0.4506
vn -0.1835 0.7838 0.5933
vn -0.1557 0.7941 0.5875
vn -0.1000 0.9863 0.1313
vn -0.0975 0.9863 0.1331
vn -0.1317 0.9384 0.3195
vn 0.0240 0.9487 0.3153
vn 0.1339 0.8538 0.5031
vn -0.0633 0.9122 0.4049
vn -0.1287 0.9093 0.3957
vn 0.0368 0.8800 0.4735
vn 0.0444 0.8734 0.4850
vn -0.0074 0.8951 0.4459
vn -0.0524 0.9455 0.3215
vn 0.0449 0.8728 0.4860
vn -0.0569 0.9401 0.3360
vn -0.0283 0.9572 0.2879
vn 0.0852 0.9086 0.4089
vn -0.0391 0.8908 0.4527
vn 0.0153 0.9063 0.4223
vn 0.1067 0.9206 0.3757
vn -0.1315 0.7444 0.6546
vn 0.0150 0.8666 0.4987
vn 0.0184 0.8677 0.4968
vn -0.1149 0.8682 0.4827
vn -0.1225 0.8591 0.4969
vn 0.0164 0.8297 0.5580
vn 0.0667 0.8528 0.5179
vn 0.0514 0.9157 0.3987
vn -0.1719 0.9559 0.2380
vn -0.1763 0.9523 0.2490
vn -0.1442 0.9802 0.1357
vn -0.0715 0.9435 0.3236
vn -0.0484 0.9434 0.3282
vn 0.0969 0.9236 0.3709
vn 0.0629 0.9286 0.3657
vn 0.0096 0.9453 0.3259
vn 0.0454 0.9720 0.2304
vn -0.0484 0.9323 0.3584
vn -0.0200 0.9724 0.2327
vn 0.0484 0.7998 0.5983
vn 0.1276 0.6482 0.7507
vn 0.0462 0.9987 0.0220
vn -0.1106 0.9098 0.4001
vn -0.0702 0.9079 0.4132
vn -0.0356 0.8047 0.5927
vn 0.0638 0.9925 0.1042
vn 0.0700 0.9931 0.0944
vn -0.0262 0.9354 0.3526
vn 0.0206 0.8899 0.4557
vn -0.0036 0.8954 0.4453
vn -0.0599 0.9360 0.3469
vn -0.0321 0.9107 0.4117
vn 0.0689 0.8902 0.4503
vn 0.0605 0.8770 0.4768
vn 0.0570 0.9319 0.3581
vn -0.0073 0.9071 0.4208
vn 0.0147 0.8074 0.5898
vn 0.0743 0.8809 0.4675
vn 0.0703 0.8742 0.4804
vn 0.0024 0.9279 0.3728
vn -0.0173 0.8842 0.4668
vn 0.0059 0.9286 0.3711
vn -0.0413 0.7994 0.5994
vn 0.0724 0.8232 0.5631
vn 0.1908 0.8636 0.4667
vn 0.0100 0.8036 0.5950
vn -0.0335 0.8332 0.5520
vn -0.0268 0.8735 0.4860
vn -0.0293 0.8513 0.5239
vn 0.3604 0.9310 0.0573
vn -0.0572 0.8882 0.4558
vn 0.0869 0.7442 0.6623
vn 0.0087 0.8794 0.4761
vn 0.0373 0.9098 0.4134
vn -0.0660 0.8540 0.5161
vn -0.0677 0.8734 0.4823
vn 0.1507 0.7233 0.6739
vn 0.1603 0.7195 0.6757
vn 0.1652 0.8092 0.5638
vn 0.1541 0.8768 0.4555
vn 0.0152 0.8682 0.4959
vn -0.0387 0.8641 0.5018
vn -0.0087 0.8715 0.4903
vn 0.0317 0.8591 0.5108
vn 0.1905 0.8567 0.4794
vn 0.1959 0.8572 0.4762
vn 0.2737 0.8478 0.4542
vn 0.0647 0.9173 0.3928
vn -0.0311 0.9028 0.4289
vn -0.0017 0.9069 0.4213
vn 0.1886 0.8877 0.4201
vn -0.0377 0.8805 0.4725
vn 0.7920 0.5177 0.3235
vn 0.9483 0.2889 0.1310
vn 0.9182 -0.3878 -0.0809
vn 0.7102 0.6516 0.2666
vn 0.7798 0.5085 0.3652
vn 0.8542 0.4630 0.2365
vn 0.1555 0.9128 0.3776
vn 0.1610 0.8835 0.4400
vn 0.2629 0.8637 0.4300
vn 0.7170 0.4740 0.5111
vn 0.1263 0.8275 0.5470
vn 0.9611 -0.2743 -0.0335
vn -0.0171 0.9505 0.3102
vn -0.0165 0.9560 0.2930
vn -0.0281 0.9592 0.2814
vn 0.0367 0.9661 0.2555
vn 0.0390 0.9618 0.2711
vn 0.0280 0.9005 0.4339
vn -0.0088 0.9152 0.4029
vn -0.0254 0.8975 0.4403
vn -0.0023 0.8778 0.4790
vn -0.0029 0.8773 0.4799
vn -0.0051 0.8951 0.4458
vn -0.0260 0.9462 0.3227
vn 0.0874 0.9918 0.0938
vn 0.0159 0.9695 0.2447
vn -0.1172 0.8733 0.4729
vn -0.1370 0.8872 0.4405
vn -0.0160 0.8946 0.4466
vn 0.0050 0.8785 0.4776
vn 0.0278 0.9227 0.3846
vn 0.0434 0.9364 0.3482
vn 0.0701 0.9219 0.3811
vn 0.0420 0.7515 0.6584
vn -0.0156 0.8350 0.5500
vn -0.0198 0.8292 0.5586
vn 0.0316 0.8791 0.4756
vn 0.0400 0.9226 0.3837
vn -0.0926 0.8947 0.4370
vn -0.0933 0.8913 0.4437
vn -0.0926 0.8812 0.4635
vn 0.0255 0.8607 0.5084
vn 0.0987 0.8667 0.4890
vn 0.1120 0.8513 0.5126
vn -0.0895 0.8226 0.5616
vn -0.0720 0.8922 0.4459
vn -0.0209 0.8717 0.4895
vn -0.1775 0.8297 0.5293
vn 0.0187 0.8601 0.5098
vn -0.0359 0.9025 0.4292
vn -0.0035 0.8912 0.4537
vn 0.2479 0.8826 0.3995
vn 0.2569 0.8729 0.4148
vn -0.0766 0.9442 0.3205
vn -0.2290 0.9254 0.3018
vn -0.9946 -0.0885 0.0539
vn 0.4555 0.6990 0.5512
vn 0.0193 0.9036 0.4279
vn 0.1239 0.9103 0.3950
vn 0.2297 0.8915 0.3904
vn -0.1425 0.8940 0.4248
vn -0.1365 0.8959 0.4227
vn -0.0435 0.8860 0.4617
vn -0.0398 0.8930 0.4482
vn 0.0025 0.9078 0.4193
vn -0.0439 0.8933 0.4473
vn -0.0648 0.8898 0.4518
vn 0.2188 0.9124 0.3459
vn 0.1020 0.8916 0.4411
vn 0.0009 0.8854 0.4649
vn 0.0735 0.8948 0.4404
vn 0.1258 0.8836 0.4511
vn -0.0808 0.9204 0.3825
vn -0.0433 0.8927 0.4486
vn -0.2743 0.7508 0.6009
vn -0.2152 0.9083 0.3588
vn 0.0207 0.9013 0.4327
vn -0.0617 0.9119 0.4057
vn 0.1093 0.9696 0.2190
vn 0.1294 0.9612 0.2437
vn -0.0472 0.9646 0.2596
vn -0.1625 0.9423 0.2927
vn -0.0821 0.9147 0.3956
vn -0.0253 0.9134 0.4063
vn -0.8671 0.4336 0.2450
vn -0.8598 0.4402 0.2590
vn -0.3454 0.8512 0.3951
vn -0.7435 0.5546 0.3737
vn -0.7058 0.6661 0.2412
vn -0.6859 0.6730 0.2768
vn -0.7422 0.6225 0.2482
vn 0.5071 0.7752 0.3768
vn 0.5086 0.7694 0.3865
vn 0.0760 0.9474 0.3110
vn 0.1876 0.9050 0.3819
vn -0.0147 0.9421 0.3351
vn 0.0190 0.9298 0.3675
vn -0.1544 0.9790 0.1328
vn -0.3976 0.8916 0.2168
vn -0.3810 0.9013 0.2063
vn -0.7067 0.6997 0.1050
vn -0.5841 0.8085 0.0711
vn -0.7345 0.6723 -0.0919
vn -0.7344 0.6754 -0.0666
vn -0.3812 0.9123 0.1495
vn -0.3613 0.9220 0.1391
vn -0.6960 0.7100 0.1071
vn -0.5897 0.8076 -0.0036
vn -0.7437 0.6602 -0.1048
vn -0.7218 0.6886 -0.0700
vn 0.2968 0.9141 0.2763
vn 0.2977 0.9106 0.2868
vn -0.0254 0.9707 0.2391
vn -0.0095 0.9669 0.2552
vn -0.1605 0.9590 0.2337
vn -0.1553 0.9592 0.2364
vn -0.1820 0.9702 0.1597
vn -0.0965 0.9285 0.3586
vn -0.0913 0.9331 0.3479
vn -0.4990 0.8061 0.3181
vn -0.4350 0.8709 0.2289
vn -0.6465 0.7480 0.1499
vn -0.6377 0.7545 0.1550
vn -0.7224 0.5957 0.3510
vn -0.6862 0.6278 0.3674
vn 0.4715 0.7603 0.4468
vn 0.4738 0.7538 0.4554
vn 0.0176 0.8895 0.4567
vn 0.0400 0.8744 0.4835
vn -0.1706 0.8733 0.4564
vn -0.1569 0.8693 0.4688
vn -0.2305 0.9106 0.3432
vn -0.3014 0.8293 0.4706
vn -0.2987 0.8326 0.4665
vn -0.6927 0.6523 0.3076
vn -0.6221 0.7375 0.2631
vn -0.8088 0.5774 0.1114
vn -0.7836 0.6093 0.1213
vn -0.3176 0.8121 0.4895
vn -0.3152 0.8148 0.4866
vn -0.6738 0.6896 0.2654
vn -0.6086 0.7545 0.2455
vn -0.7898 0.6112 0.0510
vn -0.7589 0.6481 0.0640
vn -0.5258 0.7609 0.3802
vn -0.5239 0.7645 0.3757
vn -0.7564 0.5886 0.2853
vn -0.7082 0.6585 0.2544
vn 0.5775 0.6000 0.5536
vn -0.8222 0.5413 0.1758
vn -0.8142 0.5542 0.1729
vn -0.8644 0.3898 0.3176
vn -0.9065 0.3822 0.1792
vn -0.5229 0.3949 0.7554
vn -0.2061 0.9401 0.2716
vn -0.2150 0.9376 0.2732
vn 0.8058 0.5775 0.1311
vn 0.7646 0.6158 0.1904
vn 0.7808 0.6066 0.1497
vn 0.8411 0.4860 0.2373
vn 0.4243 0.8579 0.2898
vn 0.8590 0.4749 0.1914
vn 0.8166 0.5717 0.0795
vn 0.4370 0.8720 0.2207
vn 0.6387 0.7650 0.0829
vn 0.8168 0.5728 0.0694
vn 0.4209 0.8821 0.2113
vn 0.8136 0.5800 -0.0418
vn 0.8115 0.5804 -0.0682
vn 0.8014 0.5967 -0.0416
vn 0.8187 0.5688 -0.0789
vn -0.2007 0.9439 0.2620
vn -0.1166 0.9662 0.2298
vn -0.6845 0.6450 0.3398
vn 0.6356 0.6871 0.3520
vn 0.6438 0.6819 0.3472
vn 0.7131 0.5955 0.3701
vn 0.7213 0.6244 0.2997
vn 0.8460 0.4851 0.2213
vn 0.6384 0.7392 0.2143
vn 0.6816 0.7047 0.1971
vn -0.6269 0.7282 0.2768
vn -0.1541 0.8800 0.4492
vn -0.6294 0.7230 0.2846
vn 0.1483 0.8567 0.4940
vn 0.2787 0.8578 0.4318
vn 0.5006 0.7983 0.3348
vn 0.6769 0.6497 0.3460
vn 0.2758 0.8609 0.4276
vn 0.7093 0.6515 0.2689
vn 0.7395 0.6206 0.2606
vn 0.1967 0.8865 0.4189
vn 0.3416 0.8894 0.3036
vn 0.5754 0.7949 0.1927
vn 0.1673 0.8980 0.4069
vn 0.7488 0.6608 -0.0515
vn 0.7742 0.6308 -0.0524
vn -0.0622 0.9439 0.3244
vn 0.3997 0.8543 0.3324
vn 0.3226 0.8673 0.3790
vn 0.5684 0.7776 0.2688
vn 0.5650 0.7839 0.2573
vn 0.5262 0.8034 0.2788
vn 0.3255 0.8758 0.3565
vn 0.3488 0.8727 0.3416
vn 0.1761 0.8180 0.5476
vn 0.9120 0.3371 0.2336
vn 0.4368 0.6959 0.5700
vn 0.3266 0.6870 0.6492
vn -0.0312 0.6376 0.7697
vn 0.1117 0.8972 0.4273
vn 0.1195 0.8943 0.4313
vn -0.2045 0.8273 0.5232
vn -0.1107 0.8687 0.4828
vn -0.1198 0.8581 0.4993
vn -0.2017 0.8152 0.5430
vn 0.1137 0.9329 0.3417
vn 0.1080 0.9516 0.2879
vn 0.0700 0.9422 0.3277
vn 0.1112 0.8782 0.4651
vn 0.3001 0.3602 0.8833
vn -0.0931 0.9431 0.3191
vn -0.0928 0.9432 0.3190
vn 0.0265 0.9498 0.3118
vn -0.0873 0.9386 0.3338
vn -0.0443 0.9358 0.3496
vn -0.0737 0.9240 0.3751
vn -0.2133 0.9224 0.3220
vn -0.0495 0.9306 0.3626
vn -0.1912 0.9146 0.3563
vn -0.2026 0.8817 0.4261
vn 0.2614 0.8358 0.4827
vn 0.1403 0.8937 0.4262
vn 0.1410 0.8923 0.4288
vn 0.1470 0.8745 0.4621
vn 0.0029 0.8884 0.4591
vn -0.1355 0.8430 0.5206
vn -0.2375 0.8495 0.4712
vn -0.2371 0.8391 0.4895
vn 0.2489 0.8105 0.5302
vn 0.1821 0.9428 0.2791
vn 0.2801 0.3556 0.8917
vn 0.0339 0.9863 0.1614
vn -0.0015 0.9550 0.2966
vn -0.0589 0.8923 0.4476
vn -0.0043 0.8585 0.5128
vn 0.1463 0.6760 0.7222
vn 0.0622 0.9669 0.2473
vn 0.1444 0.6942 0.7051
vn 0.0457 0.9690 0.2427
vn 0.0138 0.9653 0.2609
vn 0.0887 0.9839 0.1549
vn 0.0161 0.9711 0.2382
vn 0.1403 0.9563 0.2564
vn -0.0029 0.9647 0.2635
vn 0.1493 0.9482 0.2804
vn 0.1266 0.9552 0.2673
vn 0.1424 0.9683 0.2051
vn -0.1432 0.9562 0.2555
vn -0.0811 0.9587 0.2725
vn 0.0009 0.9653 0.2612
vn -0.0020 0.9605 0.2784
vn 0.0058 0.9646 0.2635
vn -0.0235 0.8881 0.4590
vn 0.1100 0.9852 0.1316
vn 0.0217 0.8535 0.5206
vn 0.0960 0.9066 0.4109
vn 0.0748 0.8868 0.4561
vn -0.0067 0.8597 0.5108
vn 0.1111 0.9210 0.3735
vn 0.0776 0.8424 0.5333
vn 0.0880 0.8646 0.4946
vn 0.0001 0.8293 0.5588
vn -0.0552 0.8332 0.5502
vn 0.1002 0.9206 0.3774
vn 0.1329 0.9168 0.3766
vn 0.0329 0.8981 0.4386
vn -0.1489 0.6890 0.7093
vn -0.8774 0.4693 -0.0998
vn -0.8952 -0.2273 0.3834
vn 0.2615 0.6586 0.7056
vn -0.8376 0.3230 0.4406
vn -0.9556 0.0853 0.2820
vn -0.8769 0.4777 0.0541
vn -0.8906 0.4141 0.1880
vn -0.8905 0.4016 0.2137
vn -0.9360 0.3490 -0.0462
vn -0.9607 0.2446 0.1311
vn -0.9596 0.2287 0.1639
vn -0.1528 0.9022 0.4034
vn -0.9266 -0.0748 0.3684
vn -0.9967 -0.0502 0.0643
vn 0.2777 0.6252 0.7294
vn 0.1977 0.8737 0.4446
vn 0.3192 0.1690 0.9325
vn 0.1210 0.4759 0.8711
vn 0.0821 0.5314 0.8432
vn 0.1218 0.4920 0.8620
vn 0.1221 0.9597 0.2531
vn 0.1441 0.9651 0.2187
vn 0.1029 0.9409 0.3227
vn 0.0695 0.9402 0.3335
vn 0.0153 0.9134 0.4067
vn 0.0909 0.9412 0.3254
vn 0.0288 0.9373 0.3475
vn 0.0463 0.9608 0.2733
vn 0.1206 0.9057 0.4065
vn 0.1402 0.8295 0.5406
vn 0.0283 0.8830 0.4685
vn 0.0866 0.9089 0.4079
vn 0.1305 0.8960 0.4243
vn 0.2495 0.9292 0.2725
vn 0.0762 0.8203 0.5668
vn 0.1903 0.8840 0.4270
vn -0.0447 0.9640 0.2621
vn -0.0223 0.9632 0.2678
vn -0.3949 0.7972 0.4566
vn -0.4114 0.7851 0.4631
vn -0.1622 0.9279 0.3356
vn 0.0858 0.9686 0.2335
vn 0.1051 0.9729 0.2061
vn 0.0738 0.9851 0.1554
vn -0.1195 0.8537 0.5069
vn 0.0456 0.9375 0.3451
vn -0.0908 0.8808 0.4648
vn 0.0530 0.9666 0.2508
vn 0.0454 0.9640 0.2621
vn 0.0579 0.9571 0.2839
vn 0.1570 0.7313 0.6638
vn -0.0935 0.9495 0.2995
vn -0.0414 0.9478 0.3163
vn 0.0142 0.9648 0.2625
vn -0.0824 0.9210 0.3808
vn 0.0149 0.9715 0.2365
vn 0.0330 0.8312 0.5549
vn -0.0534 0.8485 0.5264
vn -0.0548 0.8616 0.5047
vn -0.0716 0.8920 0.4464
vn -0.1996 0.9365 0.2883
vn -0.0238 0.9282 0.3713
vn -0.0239 0.9290 0.3694
vn -0.1567 0.9171 0.3666
vn -0.2044 0.9292 0.3081
vn -0.0947 0.9353 0.3410
vn -0.0208 0.8944 0.4468
vn 0.1163 0.6272 0.7701
vn -0.0906 0.8939 0.4389
vn -0.0922 0.8941 0.4384
vn 0.0235 0.8182 0.5745
vn -0.0600 0.8127 0.5796
vn 0.0832 0.8572 0.5082
vn 0.0115 0.8580 0.5135
vn -0.1906 0.8441 0.5011
vn -0.2575 0.8743 0.4114
vn -0.0923 0.7968 0.5971
vn 0.0503 0.8554 0.5155
vn -0.0033 0.8481 0.5298
vn 0.0312 0.8646 0.5015
vn 0.0563 0.8631 0.5018
vn 0.0734 0.9090 0.4103
vn -0.3380 0.7194 0.6069
vn 0.9962 0.0345 -0.0802
vn 0.6576 0.6406 0.3966
vn 0.6355 0.6446 0.4249
vn -0.3084 0.6333 0.7098
vn -0.3092 0.6018 0.7363
vn 0.3044 0.4222 0.8539
vn 0.2750 0.4772 0.8347
vn -0.1545 0.8898 0.4294
vn -0.1172 0.9219 0.3692
vn -0.0648 0.9270 0.3694
vn -0.0464 0.9444 0.3254
vn -0.0665 0.9358 0.3462
vn -0.0567 0.8572 0.5119
vn -0.0573 0.8565 0.5129
vn -0.0304 0.9214 0.3874
vn 0.0110 0.9372 0.3487
vn 0.0111 0.9362 0.3514
vn -0.0017 0.9537 0.3008
vn -0.0090 0.9094 0.4157
vn -0.0321 0.9132 0.4062
vn -0.0103 0.8359 0.5488
vn 0.1175 0.9729 0.1991
vn -0.3235 0.8449 0.4260
vn -0.0975 0.7910 0.6040
vn -0.0816 0.8676 0.4905
vn 0.0253 0.8777 0.4785
vn 0.0569 0.8423 0.5359
vn -0.1218 0.8803 0.4586
vn 0.0121 0.9039 0.4276
vn -0.0875 0.9299 0.3573
vn -0.1147 0.9159 0.3847
vn 0.0716 0.9436 0.3231
vn 0.0834 0.9368 0.3399
vn -0.9633 -0.0396 -0.2656
vn -0.9994 0.0075 0.0323
vn -0.2949 0.8053 0.5143
vn 0.0445 0.8268 0.5607
vn 0.0790 0.8446 0.5296
vn -0.0892 0.7341 0.6732
vn -0.0955 0.7010 0.7067
vn -0.0841 0.6036 0.7928
vn -0.0994 0.9591 0.2650
vn 0.0494 0.6320 0.7734
vn -0.1203 0.7019 0.7021
vn -0.0793 0.7015 0.7083
vn 0.0436 0.6504 0.7584
vn -0.1052 0.7677 0.6322
vn -0.0664 0.7680 0.6369
vn 0.0811 0.7380 0.6699
vn 0.0854 0.7471 0.6592
vn -0.0599 0.9783 0.1983
vn 0.0043 0.9767 0.2147
vn -0.0243 0.9770 0.2119
vn -0.0201 0.9809 0.1933
vn -0.0121 0.9817 0.1900
vn -0.0486 0.8273 0.5596
vn -0.0612 0.9329 0.3549
vn -0.0363 0.9290 0.3683
vn 0.1188 0.9886 0.0928
vn 0.0082 0.9463 0.3232
vn -0.8051 0.4985 0.3214
vn -0.8209 0.4752 0.3167
vn -0.7451 0.6086 0.2728
vn 0.0678 0.7192 0.6915
vn 0.5569 0.4058 0.7247
vn -0.1807 0.8118 0.5553
vn -0.7791 0.6236 0.0646
vn -0.7597 0.6425 0.1002
vn -0.2710 0.9390 0.2117
vn -0.2635 0.9435 0.2008
vn -0.5757 0.7934 0.1975
vn -0.4628 0.8786 0.1179
vn -0.0129 0.9999 -0.0066
vn -0.6347 0.7687 0.0796
vn -0.6261 0.7751 0.0854
vn -0.7544 0.6394 0.1485
vn -0.7200 0.6726 0.1708
vn 0.3762 0.8726 0.3116
vn 0.3842 0.8817 0.2740
vn 0.0238 0.9723 0.2323
vn 0.0168 0.9333 0.3586
vn -0.2991 0.8930 0.3362
vn -0.2699 0.8924 0.3617
vn 0.3927 0.9157 0.0855
vn -0.4353 0.8900 0.1357
vn -0.7494 0.6188 0.2356
vn -0.7231 0.6449 0.2474
vn -0.7580 0.5880 0.2822
vn -0.7281 0.6161 0.3006
vn 0.0104 0.9505 0.3105
vn -0.4856 0.8025 0.3468
vn -0.4663 0.8053 0.3662
vn 0.8707 0.4857 0.0776
vn 0.8797 0.4120 0.2374
vn 0.9159 0.3069 0.2588
vn 0.8605 0.5029 0.0813
vn -0.4350 0.7934 0.4259
vn -0.5011 0.7402 0.4484
vn -0.9305 0.2221 0.2913
vn 0.7838 0.6116 0.1080
vn 0.7584 0.6231 0.1912
vn 0.7800 0.6076 0.1500
vn 0.8269 0.5226 0.2075
vn 0.8267 0.2256 0.5154
vn 0.7543 0.6560 0.0275
vn -0.6169 0.7384 0.2724
vn -0.0463 0.9266 0.3733
vn -0.6186 0.7341 0.2799
vn 0.4779 0.8371 0.2661
vn 0.5921 0.7927 0.1448
vn 0.6605 0.7301 0.1751
vn 0.4683 0.8455 0.2567
vn 0.6307 0.7688 0.1060
vn 0.6389 0.7627 0.1002
vn 0.3781 0.8988 0.2219
vn 0.5228 0.8449 0.1134
vn 0.6630 0.7352 0.1414
vn 0.3687 0.9050 0.2124
vn 0.6387 0.7663 0.0690
vn 0.6775 0.7337 0.0509
vn -0.3837 0.8957 0.2247
vn -0.1335 0.9466 0.2936
vn -0.3486 0.9061 0.2396
vn -0.3873 0.8918 0.2338
vn 0.3120 0.9017 0.2993
vn 0.5469 0.8235 0.1508
vn 0.7801 0.6195 0.0875
vn 0.3087 0.9043 0.2949
vn 0.0427 0.9415 0.3344
vn 0.7832 0.6218 0.0039
vn 0.8068 0.5908 -0.0074
vn 0.3078 0.8682 0.3892
vn 0.5278 0.8285 0.1873
vn 0.6843 0.7205 0.1123
vn 0.3048 0.8705 0.3864
vn 0.7035 0.7107 -0.0040
vn 0.7356 0.6771 -0.0197
vn -0.6725 0.6988 0.2438
vn -0.0184 0.9230 0.3845
vn -0.6767 0.6870 0.2649
vn 0.4986 0.7759 0.3864
vn 0.6884 0.6946 0.2092
vn 0.7990 0.5805 0.1569
vn 0.4962 0.7796 0.3821
vn 0.8246 0.5638 0.0468
vn 0.8328 0.5515 0.0473
vn 0.8860 0.4452 0.1295
vn -0.0152 0.7329 0.6801
vn -0.0496 0.7233 0.6888
vn -0.0698 0.7181 0.6925
vn 0.0931 0.8427 0.5303
vn -0.2179 0.2073 0.9537
vn -0.2108 0.7789 0.5906
vn -0.0776 0.4985 0.8634
vn -0.0248 0.5830 0.8121
vn -0.0168 0.6720 0.7403
vn -0.0398 0.6377 0.7693
vn -0.0545 0.6347 0.7708
vn -0.0367 0.7275 0.6851
vn -0.0411 0.9721 0.2311
vn -0.0376 0.9692 0.2434
vn -0.0644 0.9543 0.2917
vn -0.1510 0.9350 0.3208
vn -0.1316 0.8212 0.5552
vn -0.0789 0.8191 0.5682
vn -0.2256 0.7574 0.6127
vn -0.1200 0.8173 0.5635
vn -0.1482 0.7828 0.6043
vn -0.2222 0.7438 0.6304
vn -0.0143 0.9993 0.0344
vn -0.0327 0.9915 0.1260
vn 0.0130 0.9187 0.3946
vn 0.0034 0.9152 0.4030
vn -0.3758 0.7356 0.5637
vn -0.2932 0.8774 0.3799
vn -0.1029 0.8776 0.4682
vn -0.1551 0.8406 0.5190
vn -0.0210 0.9784 0.2055
vn -0.0094 0.9749 0.2222
vn 0.0631 0.9137 0.4014
vn 0.1475 0.9652 0.2160
vn -0.0892 0.4897 0.8673
vn -0.0318 0.9180 0.3954
vn -0.0207 0.9372 0.3482
vn -0.0134 0.9360 0.3518
vn 0.0040 0.9227 0.3854
vn -0.0233 0.8972 0.4409
vn 0.0807 0.8529 0.5158
vn -0.0018 0.8671 0.4981
vn -0.0705 0.8962 0.4379
vn -0.1608 0.8663 0.4729
vn -0.1347 0.8593 0.4934
vn -0.1701 0.9703 0.1720
vn -0.0346 0.9882 0.1495
vn -0.1739 0.8855 0.4309
vn -0.0712 0.9280 0.3657
vn -0.1202 0.9198 0.3736
vn -0.2229 0.8846 0.4097
vn 0.0947 0.9123 0.3984
vn -0.2661 0.8243 0.4997
vn -0.2298 0.7329 0.6403
vn -0.1045 0.8664 0.4883
vn 0.0686 0.9046 0.4207
vn 0.0280 0.9222 0.3857
vn 0.2301 0.8452 0.4824
vn -0.2781 0.8035 0.5263
vn -0.2651 0.7107 0.6516
vn 0.1091 0.8818 0.4587
vn -0.2155 0.7666 0.6048
vn 0.3081 0.8666 0.3925
vn 0.1402 0.8272 0.5442
vn -0.0069 0.8338 0.5520
vn -0.3092 0.7493 0.5856
vn -0.3073 0.7366 0.6025
vn 0.1867 0.8473 -0.4972
vn 0.0884 0.8991 -0.4288
vn 0.1894 0.8899 -0.4149
vn -0.0599 0.9782 -0.1989
vn -0.0607 0.9786 -0.1967
vn -0.0492 0.9629 -0.2654
vn 0.1325 0.8066 -0.5761
vn 0.0898 0.6961 -0.7123
vn 0.1744 0.9247 -0.3385
vn 0.1255 0.9528 -0.2764
vn 0.0576 0.9831 -0.1740
vn -0.0067 0.9873 -0.1585
vn -0.0066 0.9976 -0.0685
vn 0.0805 0.8725 -0.4819
vn -0.0189 0.9114 -0.4111
vn -0.0498 0.9468 -0.3180
vn -0.0328 0.8796 -0.4745
vn -0.0370 0.9255 -0.3770
vn -0.0599 0.8701 -0.4892
vn 0.0188 0.9929 0.1175
vn 0.0929 0.9416 -0.3237
vn -0.0048 0.8219 -0.5696
vn 0.0194 0.8219 -0.5692
vn -0.0548 0.9333 -0.3548
vn 0.0262 0.8373 -0.5461
vn -0.0831 0.9410 -0.3279
vn -0.0526 0.9238 -0.3793
vn -0.0424 0.9425 -0.3314
vn -0.0614 0.9421 -0.3296
vn -0.1137 0.9432 -0.3122
vn -0.1121 0.9363 -0.3328
vn -0.1663 0.9416 -0.2927
vn -0.0028 0.9340 -0.3572
vn -0.0195 0.9429 -0.3325
vn -0.0687 0.8831 -0.4641
vn 0.0055 0.9234 -0.3837
vn 0.0314 0.9972 -0.0677
vn -0.2618 0.8951 -0.3610
vn -0.2612 0.8681 -0.4221
vn -0.0703 0.8658 -0.4954
vn 0.0087 0.8651 -0.5015
vn 0.0669 0.9005 -0.4296
vn -0.0466 0.9599 -0.2764
vn -0.0045 0.9188 -0.3947
vn 0.0054 0.9157 -0.4019
vn -0.0324 0.9140 -0.4043
vn -0.0977 0.7966 -0.5966
vn -0.0978 0.8679 -0.4870
vn -0.0912 0.9956 -0.0229
vn 0.0125 0.9035 -0.4285
vn -0.0235 0.9185 -0.3947
vn -0.0206 0.9007 -0.4339
vn 0.0237 0.8790 -0.4763
vn -0.0822 0.9590 -0.2711
vn 0.0093 0.9277 -0.3732
vn -0.9436 0.0512 -0.3271
vn -0.9692 0.0413 -0.2427
vn -0.9276 0.3268 -0.1808
vn -0.4987 0.7727 -0.3927
vn -0.4908 0.7669 -0.4134
vn -0.7887 0.2892 -0.5425
vn -0.8335 0.3245 -0.4473
vn -0.9465 0.3141 -0.0733
vn -0.8100 0.3158 -0.4941
vn -0.8549 0.3278 -0.4021
vn -0.8563 0.2864 -0.4299
vn 0.2692 0.8064 -0.5265
vn 0.2711 0.8059 -0.5264
vn -0.9360 0.3424 -0.0813
vn -0.1775 0.7920 -0.5842
vn -0.1354 0.9421 -0.3067
vn -0.0913 0.9846 -0.1492
vn -0.0944 0.9842 -0.1497
vn 0.0549 0.8909 -0.4509
vn 0.0731 0.8883 -0.4534
vn 0.1125 0.8972 -0.4271
vn 0.0903 0.9287 -0.3597
vn -0.0532 0.9646 -0.2584
vn -0.1254 0.9562 -0.2645
vn -0.0788 0.9810 -0.1771
vn -0.0468 0.9752 -0.2164
vn -0.0131 0.9903 -0.1386
vn -0.0772 0.9011 -0.4267
vn -0.1234 0.9057 -0.4056
vn -0.1236 0.8761 -0.4660
vn 0.0348 0.8697 -0.4923
vn 0.0337 0.8701 -0.4917
vn -0.0697 0.9523 -0.2972
vn 0.0874 0.8979 -0.4314
vn 0.0498 0.8934 -0.4466
vn -0.0228 0.8734 -0.4864
vn -0.0387 0.8558 -0.5159
vn -0.1206 0.8650 -0.4870
vn -0.0983 0.9310 -0.3516
vn 0.0368 0.9294 -0.3672
vn -0.0417 0.9145 -0.4024
vn 0.0440 0.8871 -0.4595
vn 0.0673 0.8985 -0.4337
vn 0.0095 0.8992 -0.4375
vn -0.0290 0.9456 -0.3239
vn -0.0928 0.9383 -0.3331
vn -0.2052 0.9416 -0.2669
vn -0.1894 0.9488 -0.2529
vn -0.1055 0.9545 -0.2790
vn -0.1083 0.9607 -0.2555
vn -0.0303 0.9561 -0.2916
vn -0.0439 0.9541 -0.2963
vn 0.0157 0.9742 -0.2249
vn 0.0590 0.9563 -0.2864
vn -0.1017 0.9614 -0.2558
vn 0.1132 0.9224 -0.3692
vn 0.1329 0.9107 -0.3910
vn 0.1024 0.8837 -0.4567
vn 0.0370 0.5555 -0.8307
vn -0.0158 0.7847 -0.6196
vn 0.0811 0.9876 -0.1347
vn -0.0056 0.9843 -0.1763
vn -0.1249 0.9048 -0.4070
vn -0.0628 0.9051 -0.4205
vn -0.1118 0.9074 -0.4051
vn -0.0160 0.7962 -0.6049
vn -0.1505 0.9537 -0.2605
vn 0.0706 0.9936 -0.0883
vn -0.0031 0.9858 -0.1677
vn -0.0018 0.9710 -0.2391
vn 0.0590 0.9660 -0.2516
vn 0.0084 0.9637 -0.2669
vn -0.0214 0.9216 -0.3876
vn -0.0468 0.8378 -0.5439
vn 0.0199 0.8919 -0.4518
vn -0.0308 0.5851 -0.8103
vn 0.0347 0.8753 -0.4824
vn 0.0461 0.8796 -0.4734
vn 0.0475 0.9324 -0.3582
vn -0.0073 0.9071 -0.4208
vn -0.0117 0.9186 -0.3950
vn -0.0356 0.8974 -0.4399
vn -0.0236 0.9059 -0.4229
vn 0.2075 0.9183 -0.3371
vn -0.0376 0.8349 -0.5492
vn -0.1036 0.8830 -0.4578
vn 0.0760 0.7447 -0.6630
vn 0.0406 0.9805 -0.1922
vn -0.0165 0.9623 -0.2713
vn -0.0356 0.8700 -0.4918
vn -0.0691 0.9045 -0.4209
vn -0.0944 0.8909 -0.4442
vn 0.0026 0.8687 -0.4953
vn 0.1331 0.8732 -0.4688
vn 0.1552 0.7271 -0.6688
vn 0.1644 0.7295 -0.6640
vn -0.0276 0.9316 -0.3624
vn 0.0589 0.9462 -0.3182
vn 0.0958 0.9329 -0.3471
vn -0.0489 0.8339 -0.5498
vn -0.0472 0.8589 -0.5100
vn -0.0098 0.8723 -0.4888
vn -0.0380 0.8624 -0.5048
vn 0.2665 0.8511 -0.4523
vn 0.1954 0.8574 -0.4761
vn 0.2003 0.8547 -0.4790
vn -0.0458 0.8921 -0.4495
vn 0.0130 0.9046 -0.4261
vn 0.0760 0.8800 -0.4688
vn 0.7930 0.5418 -0.2786
vn 0.8779 0.4779 -0.0299
vn 0.8329 0.4777 -0.2794
vn 0.9378 0.3125 -0.1512
vn 0.9344 0.3260 -0.1438
vn 0.9110 0.4021 -0.0913
vn 0.7585 0.5763 -0.3040
vn 0.8989 0.4069 -0.1625
vn 0.8909 0.4239 -0.1634
vn 0.9791 0.2017 -0.0278
vn 0.8281 0.5194 -0.2108
vn 0.9174 0.3589 -0.1717
vn 0.9157 0.3161 -0.2480
vn 0.9300 0.2679 -0.2518
vn 0.9078 0.3287 -0.2603
vn 0.3324 0.8618 -0.3832
vn 0.6502 0.6090 -0.4542
vn 0.7165 0.5918 -0.3692
vn 0.0884 0.9205 -0.3805
vn 0.1570 0.9118 -0.3794
vn -0.2303 0.9013 -0.3668
vn 0.0014 0.9558 -0.2941
vn -0.0281 0.9586 -0.2833
vn -0.0166 0.9554 -0.2949
vn 0.0404 0.9613 -0.2725
vn -0.0192 0.9661 -0.2574
vn -0.0264 0.9132 -0.4066
vn -0.0272 0.8948 -0.4455
vn 0.0872 0.9917 -0.0947
vn 0.0158 0.9697 -0.2436
vn 0.0126 0.8716 -0.4901
vn 0.0226 0.8491 -0.5278
vn -0.0085 0.9446 -0.3281
vn -0.0311 0.9592 -0.2810
vn 0.0437 0.9365 -0.3479
vn 0.0462 0.9310 -0.3621
vn 0.0741 0.9209 -0.3826
vn 0.0379 0.7694 -0.6376
vn 0.0358 0.8777 -0.4779
vn -0.0225 0.8290 -0.5588
vn -0.0156 0.8350 -0.5500
vn 0.0933 0.9158 -0.3908
vn -0.1238 0.8828 -0.4532
vn -0.1016 0.8855 -0.4534
vn 0.0196 0.8999 -0.4356
vn -0.0448 0.9134 -0.4046
vn -0.0484 0.9118 -0.4079
vn 0.0713 0.8742 -0.4803
vn 0.0997 0.8660 -0.4899
vn -0.0038 0.8674 -0.4976
vn 0.0255 0.8716 -0.4895
vn 0.0337 0.8197 -0.5717
vn 0.0234 0.8573 -0.5143
vn -0.1080 0.8608 -0.4974
vn -0.0869 0.8655 -0.4932
vn 0.0379 0.8836 -0.4666
vn -0.0959 0.8890 -0.4477
vn -0.1529 0.8652 -0.4775
vn 0.2598 0.8796 -0.3986
vn 0.2713 0.8700 -0.4118
vn -0.0873 0.9355 -0.3424
vn -0.2299 0.9188 -0.3209
vn 0.1321 0.9045 -0.4054
vn 0.1235 0.9105 -0.3946
vn -0.0261 0.9025 -0.4299
vn -0.0738 0.9008 -0.4280
vn 0.0429 0.8498 -0.5254
vn -0.1547 0.8921 -0.4246
vn -0.1189 0.8929 -0.4343
vn -0.0036 -0.2702 -0.9628
vn -0.0469 0.8895 -0.4546
vn -0.0313 0.8902 -0.4545
vn -0.0225 0.8865 -0.4621
vn -0.0437 0.8880 -0.4578
vn 0.1392 0.8732 -0.4671
vn 0.1274 0.8858 -0.4463
vn 0.0768 0.8964 -0.4366
vn 0.0436 0.8840 -0.4655
vn -0.1740 0.9061 -0.3856
vn 0.0599 0.9011 -0.4294
vn 0.0670 0.9850 -0.1593
vn 0.0588 0.9730 -0.2230
vn -0.0674 0.8708 -0.4869
vn -0.3187 0.7217 -0.6144
vn -0.1451 0.8880 -0.4363
vn -0.0749 0.9560 -0.2838
vn -0.0655 0.8864 -0.4582
vn -0.0662 0.8593 -0.5072
vn -0.8598 0.4402 -0.2590
vn -0.8683 0.4263 -0.2537
vn -0.3454 0.8512 -0.3951
vn -0.6859 0.6730 -0.2768
vn -0.6773 0.6946 -0.2425
vn -0.7882 0.5880 -0.1817
vn -0.6307 0.7303 -0.2624
vn 0.0181 0.9296 -0.3681
vn -0.3976 0.8916 -0.2168
vn -0.5009 0.8446 -0.1890
vn -0.7476 0.6622 0.0511
vn -0.3850 0.8925 -0.2347
vn -0.7345 0.6754 0.0666
vn -0.7375 0.6692 0.0912
vn -0.3858 0.9127 -0.1350
vn -0.5012 0.8543 -0.1377
vn -0.7252 0.6842 0.0770
vn -0.3765 0.9129 -0.1577
vn -0.7131 0.6980 0.0653
vn -0.6852 0.7214 0.1000
vn 0.3001 0.9126 -0.2775
vn -0.0092 0.9665 -0.2564
vn 0.2953 0.9169 -0.2684
vn -0.1564 0.9587 -0.2374
vn -0.1098 0.9335 -0.3414
vn -0.3296 0.8988 -0.2889
vn -0.5636 0.8066 -0.1780
vn -0.1044 0.9299 -0.3526
vn -0.6346 0.7621 -0.1288
vn -0.6278 0.7688 -0.1215
vn -0.3237 0.8480 -0.4197
vn -0.5065 0.8013 -0.3183
vn -0.7109 0.6922 -0.1247
vn -0.3209 0.8425 -0.4326
vn -0.7328 0.6757 -0.0803
vn -0.6956 0.7151 -0.0689
vn 0.1048 0.9219 -0.3729
vn -0.0131 0.9341 -0.3568
vn 0.6230 0.6625 -0.4159
vn -0.3101 0.8332 -0.4579
vn -0.5467 0.7769 -0.3123
vn -0.7392 0.6529 -0.1653
vn -0.3087 0.8308 -0.4632
vn -0.7840 0.6147 -0.0868
vn -0.7595 0.6460 -0.0760
vn -0.3203 0.8143 -0.4841
vn -0.5486 0.7820 -0.2958
vn -0.7052 0.6982 -0.1236
vn -0.3200 0.8120 -0.4881
vn -0.7580 0.6520 -0.0176
vn -0.7254 0.6881 -0.0178
vn -0.5236 0.7607 -0.3836
vn -0.6090 0.7254 -0.3208
vn -0.5218 0.7592 -0.3891
vn -0.3320 0.9119 -0.2412
vn -0.8908 0.4388 -0.1184
vn -0.7030 0.7028 -0.1090
vn -0.3536 0.9352 0.0183
vn -0.2061 0.9401 -0.2716
vn -0.2060 0.9426 -0.2626
vn 0.7590 0.6397 -0.1212
vn 0.7720 0.6155 -0.1586
vn 0.4243 0.8579 -0.2898
vn 0.8590 0.4749 -0.1914
vn 0.4365 0.8720 -0.2216
vn 0.4253 0.8728 -0.2396
vn 0.8272 0.5618 0.0015
vn 0.5606 0.8026 -0.2036
vn 0.0332 0.9568 -0.2890
vn 0.5230 0.7808 -0.3418
vn 0.8147 0.5759 0.0682
vn 0.8141 0.5792 0.0420
vn 0.7744 0.6291 0.0676
vn 0.8014 0.5967 0.0416
vn -0.1072 0.9682 -0.2262
vn -0.0741 0.9721 -0.2226
vn 0.6291 0.6905 -0.3570
vn 0.6352 0.6826 -0.3614
vn 0.5936 0.7758 -0.2140
vn 0.6384 0.7392 -0.2143
vn -0.6126 0.7388 -0.2810
vn -0.6060 0.7416 -0.2877
vn -0.1997 0.8961 -0.3965
vn -0.1478 0.8777 -0.4558
vn 0.1878 0.8579 -0.4782
vn 0.1681 0.8466 -0.5050
vn 0.3520 0.8732 -0.3369
vn 0.2751 0.8568 -0.4362
vn 0.2733 0.8546 -0.4415
vn 0.6942 0.6511 -0.3070
vn 0.4238 0.8043 -0.4165
vn 0.6839 0.6814 -0.2609
vn 0.7125 0.6487 -0.2676
vn 0.1962 0.8861 -0.4200
vn 0.1681 0.8938 -0.4158
vn 0.6172 0.7785 -0.1142
vn 0.2933 0.8755 -0.3839
vn 0.7264 0.6859 0.0440
vn 0.7517 0.6573 0.0532
vn -0.0675 0.9436 -0.3242
vn 0.0755 0.9490 -0.3061
vn 0.0457 0.8978 -0.4380
vn -0.0666 0.8836 -0.4635
vn -0.5157 0.6960 -0.4996
vn 0.5388 0.8034 -0.2536
vn 0.5655 0.7840 -0.2559
vn 0.5682 0.7862 -0.2429
vn 0.9077 0.3460 -0.2374
vn 0.7892 0.3692 -0.4908
vn 0.5738 0.3553 -0.7379
vn 0.4992 0.6631 -0.5577
vn 0.5732 0.6264 -0.5283
vn -0.1426 0.8545 -0.4995
vn -0.1063 0.8658 -0.4891
vn -0.2056 0.8267 -0.5238
vn -0.1855 0.8240 -0.5354
vn 0.2069 0.8549 -0.4758
vn -0.0941 0.9427 -0.3202
vn -0.0835 0.9241 -0.3730
vn -0.0534 0.9358 -0.3485
vn -0.0739 0.9242 -0.3746
vn -0.0847 0.9073 -0.4119
vn -0.1286 0.8764 -0.4642
vn -0.0395 0.9308 -0.3635
vn 0.0212 0.9382 -0.3454
vn -0.1652 0.9074 -0.3863
vn -0.1918 0.9148 -0.3554
vn 0.0772 0.9517 -0.2972
vn 0.0832 0.9235 -0.3745
vn 0.1400 0.8956 -0.4222
vn 0.1393 0.8969 -0.4197
vn -0.0939 0.9934 -0.0657
vn 0.0539 0.9693 -0.2399
vn -0.1365 0.8428 -0.5206
vn 0.2569 0.3706 -0.8925
vn 0.0183 0.8621 -0.5065
vn -0.0498 0.8786 -0.4749
vn 0.0268 0.6526 -0.7572
vn 0.0934 0.8325 -0.5461
vn -0.0199 0.5698 -0.8215
vn 0.1713 0.9841 0.0465
vn 0.1213 0.9392 -0.3213
vn 0.0544 0.9249 -0.3762
vn 0.0893 0.9831 -0.1600
vn 0.0541 0.9562 -0.2877
vn 0.0161 0.9719 -0.2347
vn 0.0151 0.9047 -0.4257
vn -0.0229 0.9441 -0.3288
vn 0.0424 0.9743 -0.2213
vn 0.0285 0.9771 -0.2111
vn 0.0959 0.9894 -0.1090
vn 0.0724 0.9426 -0.3260
vn 0.1344 0.9653 -0.2239
vn 0.1347 0.9610 -0.2414
vn -0.0193 0.8175 -0.5756
vn -0.0565 0.8149 -0.5768
vn -0.0337 0.8881 -0.4585
vn -0.0683 0.9191 -0.3882
vn 0.1525 0.9879 0.0271
vn 0.0001 0.8293 -0.5588
vn 0.0580 0.8729 -0.4844
vn 0.0497 0.8501 -0.5243
vn 0.0090 0.7971 -0.6038
vn 0.2199 0.7762 -0.5909
vn -0.1028 0.7565 -0.6459
vn 0.1711 0.8881 -0.4267
vn -0.9609 0.0736 -0.2670
vn -0.9686 0.1338 -0.2094
vn -0.9494 0.3005 -0.0909
vn -0.2675 0.8383 -0.4750
vn 0.2693 0.6937 -0.6681
vn 0.2564 0.3382 -0.9055
vn -0.2888 0.8308 -0.4757
vn 0.1260 0.9542 -0.2712
vn 0.2337 0.9191 -0.3173
vn -0.2559 0.2137 -0.9428
vn -0.1350 0.7864 -0.6028
vn 0.0121 0.9777 -0.2098
vn 0.1040 0.4954 -0.8624
vn 0.1223 0.4929 -0.8615
vn 0.0823 0.5334 -0.8418
vn 0.0951 0.9562 -0.2768
vn 0.0970 0.9702 -0.2221
vn 0.0986 0.9495 -0.2980
vn 0.0921 0.9390 -0.3313
vn 0.0184 0.9705 -0.2404
vn 0.1033 0.9613 -0.2555
vn 0.0515 0.9737 -0.2218
vn 0.0596 0.9647 -0.2564
vn 0.0856 0.9629 -0.2561
vn 0.0636 0.9785 -0.1962
vn 0.0520 0.9801 -0.1917
vn 0.1141 0.9669 -0.2284
vn 0.0982 0.9852 -0.1405
vn 0.0619 0.9757 -0.2102
vn -0.0046 0.9117 -0.4109
vn 0.1289 0.8990 -0.4186
vn 0.0497 0.9144 -0.4018
vn 0.1035 0.8782 -0.4669
vn 0.0731 0.8352 -0.5450
vn 0.2097 0.9101 -0.3573
vn 0.1956 0.9107 -0.3637
vn 0.1075 0.9525 -0.2849
vn 0.0304 0.9559 -0.2922
vn -0.1183 0.9602 -0.2530
vn -0.0996 0.9656 -0.2403
vn -0.0022 0.9640 -0.2659
vn -0.0029 0.9700 -0.2430
vn -0.3967 0.7975 -0.4546
vn -0.1660 0.9302 -0.3273
vn 0.1075 0.9733 -0.2028
vn 0.0287 0.9567 -0.2896
vn -0.0754 0.9412 -0.3295
vn -0.0011 0.9481 -0.3180
vn -0.0983 0.4405 -0.8924
vn 0.0458 0.9671 -0.2501
vn 0.0653 0.9605 -0.2704
vn 0.1445 0.7314 -0.6664
vn -0.0917 0.9486 -0.3028
vn -0.0342 0.9468 -0.3201
vn -0.0415 0.9313 -0.3618
vn -0.1684 0.6943 -0.6997
vn -0.1774 0.3913 -0.9030
vn 0.0078 0.9662 -0.2578
vn 0.0002 0.9734 -0.2291
vn -0.0876 0.9190 -0.3845
vn 0.0360 0.8246 -0.5645
vn -0.1406 0.8796 -0.4545
vn -0.1661 0.8767 -0.4516
vn -0.2213 0.9207 -0.3214
vn -0.0595 0.9101 -0.4101
vn -0.0403 0.9113 -0.4098
vn -0.2608 0.9283 -0.2652
vn -0.1992 0.9223 -0.3313
vn 0.0127 0.9779 -0.2086
vn -0.1466 0.6843 -0.7144
vn -0.0098 0.7386 -0.6741
vn 0.1679 0.6112 -0.7735
vn -0.1123 0.8995 -0.4223
vn -0.1136 0.8989 -0.4231
vn 0.0576 0.9861 -0.1557
vn -0.1585 0.9710 -0.1793
vn 0.0414 0.8875 -0.4590
vn -0.0133 0.8169 -0.5766
vn 0.1110 0.8682 -0.4836
vn 0.0296 0.8538 -0.5197
vn -0.0023 0.8474 -0.5310
vn 0.8841 0.3789 -0.2735
vn 0.9961 0.0362 0.0801
vn 0.9898 0.1161 0.0819
vn 0.0303 0.9187 -0.3939
vn 0.1612 0.9296 -0.3314
vn 0.9982 -0.0331 0.0490
vn 0.9750 0.0574 -0.2147
vn 0.9574 0.1215 -0.2620
vn 0.9841 0.1590 0.0797
vn -0.3109 0.5942 -0.7418
vn 0.1621 -0.9628 0.2161
vn 0.2762 0.4748 -0.8357
vn 0.3040 0.4233 -0.8535
vn -0.1281 0.9128 -0.3879
vn -0.0533 0.9324 -0.3575
vn -0.0279 0.9426 -0.3328
vn -0.1270 0.9321 -0.3393
vn -0.0568 0.8470 -0.5285
vn -0.0281 0.9201 -0.3908
vn -0.0556 0.8474 -0.5280
vn -0.0833 0.9158 -0.3928
vn 0.0883 0.8953 -0.4367
vn 0.0139 0.9264 -0.3762
vn -0.0447 0.9121 -0.4075
vn 0.0111 0.9532 -0.3020
vn 0.0230 0.9336 -0.3575
vn 0.0229 0.9346 -0.3549
vn -0.0007 0.9818 -0.1899
vn -0.0088 0.9056 -0.4240
vn -0.0356 0.9097 -0.4138
vn 0.0049 0.9341 -0.3569
vn 0.0025 0.8053 -0.5928
vn -0.0011 0.8070 -0.5906
vn 0.0097 0.8292 -0.5589
vn 0.2308 0.9524 -0.1990
vn 0.0942 0.7432 -0.6624
vn -0.0026 0.9940 -0.1093
vn -0.0073 0.9956 -0.0933
vn 0.0212 0.8495 -0.5272
vn 0.1080 0.8761 -0.4700
vn -0.1104 0.8301 -0.5465
vn 0.0440 0.9600 -0.2765
vn 0.0485 0.9486 -0.3129
vn -0.0290 0.9872 -0.1570
vn -0.9997 0.0048 -0.0256
vn -0.9447 0.0659 -0.3214
vn -0.2826 0.8019 -0.5263
vn 0.0484 0.8153 -0.5770
vn 0.0247 0.7822 -0.6226
vn -0.0312 0.8298 -0.5571
vn -0.0964 0.6995 -0.7081
vn -0.0866 0.7355 -0.6720
vn -0.0948 0.9586 -0.2684
vn 0.0198 0.6590 -0.7518
vn 0.0436 0.6548 -0.7546
vn -0.1275 0.6988 -0.7039
vn -0.0855 0.7083 -0.7007
vn -0.0913 0.7748 -0.6256
vn -0.0878 0.7761 -0.6244
vn 0.0710 0.7644 -0.6408
vn 0.0854 0.7646 -0.6388
vn -0.0605 0.9797 -0.1913
vn -0.0734 0.9780 -0.1954
vn 0.0344 0.9936 -0.1076
vn -0.1193 0.9682 -0.2199
vn -0.0440 0.9922 -0.1168
vn 0.0092 0.9739 -0.2267
vn -0.0252 0.9773 -0.2103
vn -0.0105 0.9821 -0.1879
vn -0.0106 0.7836 -0.6212
vn -0.0115 0.9261 -0.3770
vn -0.0234 0.9353 -0.3530
vn -0.0025 0.9451 -0.3267
vn -0.0093 0.9226 -0.3857
vn 0.0032 0.9559 -0.2938
vn -0.8302 0.5078 -0.2300
vn -0.8169 0.5406 -0.2012
vn 0.0468 -0.9616 -0.2706
vn -0.7451 0.6086 -0.2728
vn -0.7352 0.6747 0.0650
vn -0.7063 0.7019 0.0922
vn -0.5858 0.7615 -0.2776
vn -0.5792 0.7685 -0.2720
vn -0.6652 0.7073 -0.2391
vn -0.6123 0.7297 -0.3044
vn 0.2991 0.9540 -0.0215
vn -0.6683 0.6861 -0.2875
vn -0.7952 0.5748 -0.1929
vn -0.7268 0.6501 -0.2217
vn -0.6945 0.6869 -0.2141
vn -0.8141 0.5634 -0.1406
vn -0.8942 0.4438 -0.0588
vn 0.3802 0.8704 -0.3128
vn 0.0171 0.9328 -0.3600
vn 0.3827 0.8883 -0.2537
vn -0.2708 0.8918 -0.3624
vn 0.4020 0.9122 -0.0789
vn -0.4234 0.8687 -0.2572
vn -0.5522 0.8109 -0.1938
vn -0.7312 0.6806 -0.0449
vn -0.4219 0.8677 -0.2631
vn -0.7470 0.6644 -0.0236
vn -0.7194 0.6944 -0.0166
vn -0.4068 0.8366 -0.3669
vn -0.5572 0.7960 -0.2364
vn -0.6835 0.7254 -0.0807
vn -0.4063 0.8349 -0.3712
vn -0.7151 0.6988 -0.0209
vn -0.6802 0.7326 -0.0264
vn -0.4696 0.8220 -0.3221
vn -0.4719 0.8105 -0.3471
vn 0.3761 0.9009 -0.2164
vn -0.8089 0.5599 -0.1791
vn -0.8000 0.5718 -0.1818
vn 0.9179 0.2569 -0.3025
vn 0.8097 0.4775 -0.3412
vn 0.8201 0.3839 -0.4244
vn 0.9073 0.2255 -0.3549
vn -0.2320 0.0076 -0.9727
vn -0.0964 -0.1383 -0.9857
vn -0.2815 0.1072 -0.9535
vn -0.4312 0.3166 -0.8449
vn 0.7354 0.6463 -0.2034
vn 0.7589 0.6099 -0.2282
vn 0.3893 0.8754 -0.2865
vn 0.4767 0.8371 -0.2683
vn 0.4741 0.8336 -0.2835
vn 0.6719 0.7288 -0.1323
vn 0.5011 0.8302 -0.2443
vn 0.3647 0.8691 -0.3340
vn 0.6244 0.7747 -0.1002
vn 0.6321 0.7676 -0.1055
vn 0.3776 0.8987 -0.2230
vn 0.3755 0.8959 -0.2374
vn 0.6741 0.7346 -0.0773
vn 0.4419 0.8660 -0.2341
vn 0.5975 0.7991 -0.0665
vn 0.6396 0.7656 -0.0686
vn -0.5695 0.7404 -0.3571
vn -0.5673 0.7462 -0.3484
vn 0.3081 0.9017 -0.3034
vn 0.3064 0.9003 -0.3090
vn 0.7875 0.6150 -0.0400
vn 0.4759 0.8481 -0.2329
vn 0.0632 0.9467 -0.3158
vn 0.7594 0.6507 -0.0015
vn 0.7850 0.6194 -0.0030
vn 0.3068 0.8676 -0.3913
vn 0.3063 0.8658 -0.3956
vn 0.6888 0.7216 -0.0697
vn 0.4747 0.8367 -0.2733
vn 0.6692 0.7431 -0.0063
vn 0.7044 0.7098 0.0013
vn -0.6593 0.7084 -0.2522
vn -0.6429 0.7173 -0.2685
vn 0.4986 0.7759 -0.3864
vn 0.4968 0.7743 -0.3921
vn 0.7970 0.5806 -0.1662
vn 0.6205 0.7205 -0.3096
vn 0.3922 0.8322 -0.3919
vn 0.8093 0.5785 -0.1022
vn 0.8181 0.5664 -0.0991
vn 0.9244 0.2171 -0.3135
vn 0.9367 0.1810 -0.2997
vn -0.0332 0.7030 -0.7104
vn -0.0534 0.7067 -0.7055
vn 0.0058 0.5746 -0.8184
vn -0.0061 0.5948 -0.8038
vn -0.0229 0.6392 -0.7687
vn -0.0073 0.6150 -0.7885
vn -0.0474 0.6761 -0.7353
vn -0.0833 0.7006 -0.7087
vn -0.0494 0.7060 -0.7065
vn -0.0475 0.7002 -0.7124
vn -0.1470 0.5614 -0.8144
vn -0.1019 0.7780 -0.6199
vn -0.0879 0.9225 -0.3757
vn -0.1313 0.8215 -0.5548
vn -0.1321 0.7898 -0.5989
vn -0.1150 0.7111 -0.6936
vn -0.1924 0.7500 -0.6328
vn -0.1728 0.7464 -0.6427
vn -0.1156 0.8736 -0.4726
vn -0.1518 0.8372 -0.5254
vn -0.2464 0.8979 -0.3647
vn -0.2665 0.8313 -0.4878
vn -0.0287 0.9408 -0.3376
vn -0.0494 0.9421 -0.3317
vn 0.0127 0.9497 -0.3130
vn -0.0574 0.9215 -0.3842
vn -0.0548 0.9481 -0.3131
vn -0.0303 0.9440 -0.3285
vn -0.0285 0.9414 -0.3361
vn 0.0035 0.9956 -0.0939
vn -0.0086 0.9854 -0.1698
vn -0.1607 0.8664 -0.4729
vn -0.1701 0.9703 -0.1720
vn 0.0931 0.9070 -0.4108
vn 0.1319 0.8075 -0.5749
vn -0.2093 0.8489 -0.4853
vn -0.1678 0.8648 -0.4733
vn -0.2841 0.8081 -0.5159
vn -0.2645 0.8064 -0.5290
vn -0.1805 0.8372 -0.5162
vn -0.1899 0.8447 -0.5005
vn -0.1523 0.9020 -0.4040
vn -0.1951 0.8666 -0.4593
vn 0.0246 0.9205 -0.3899
vn 0.0266 0.9267 -0.3748
vn 0.0193 0.9635 -0.2671
vn -0.2251 0.7766 -0.5884
vn -0.2657 0.8232 -0.5018
vn -0.2059 0.7708 -0.6029
vn 0.2259 0.9024 -0.3671
vn -0.2657 0.7116 -0.6504
usemtl thatch_opacity.003
s 1
f 4/1/1 1/2/2 6/3/3
f 6/4/3 7/5/4 5/6/5
f 3/7/6 401/8/7 402/9/8
f 12/10/9 11/11/10 13/12/11
f 16/13/12 17/14/13 21/15/14
f 16/16/12 13/17/11 17/18/13
f 23/19/15 24/20/16 25/21/17
f 37/22/18 38/23/19 39/24/20
f 47/25/21 46/26/22 49/27/23
f 47/28/21 51/29/24 50/30/25
f 59/31/26 58/32/27 60/33/28
f 59/34/26 53/35/29 58/36/27
f 62/37/30 63/38/31 64/39/32
f 62/40/30 64/41/32 67/42/33
f 65/43/34 62/44/30 66/45/35
f 66/46/35 68/47/36 69/48/37
f 71/49/38 75/50/39 73/51/40
f 70/52/41 71/49/38 73/51/40
f 83/53/42 81/54/43 84/55/44
f 84/56/44 85/57/45 87/58/46
f 94/59/47 93/60/48 96/61/49
f 102/62/50 103/63/51 101/64/52 100/65/53
f 101/64/52 103/63/51 108/66/54
f 400/67/55 108/66/54 105/68/56
f 111/69/57 110/70/58 115/71/59
f 112/72/60 111/69/57 114/73/61
f 119/74/62 118/75/63 120/76/64
f 127/77/65 128/78/66 132/79/67
f 130/80/68 127/77/65 131/81/69
f 144/82/70 143/83/71 149/84/72
f 148/85/73 147/86/74 146/87/75
f 154/88/76 151/89/77 156/90/78
f 173/91/79 172/92/80 177/93/81
f 174/94/82 176/95/83 175/96/84
f 180/97/85 184/98/86 181/99/87
f 181/100/87 183/101/88 182/102/89
f 193/103/90 189/104/91 191/105/92
f 185/106/93 192/107/94 189/108/91
f 25/109/17 30/110/95 197/111/96
f 203/112/97 200/113/98 202/114/99
f 204/115/100 200/113/98 203/112/97
f 216/116/101 212/117/102 209/118/103
f 217/119/104 215/120/105 210/121/106
f 212/117/102 216/116/101 213/122/107
f 222/123/108 221/124/109 220/125/110
f 224/126/111 222/127/108 399/128/112
f 232/129/113 229/130/114 228/131/115
f 236/132/116 231/133/117 235/134/118
f 236/135/116 230/136/119 234/137/120
f 233/138/121 236/135/116 234/137/120
f 236/132/116 235/134/118 230/139/119
f 242/140/122 238/141/123 237/142/124
f 244/143/125 242/144/122 241/145/126
f 250/146/127 248/147/128 249/148/129
f 257/149/130 249/150/129 252/151/131
f 264/152/132 263/153/133 262/154/134
f 264/152/132 265/155/135 263/153/133
f 281/156/136 274/157/137 279/158/138
f 276/159/139 281/156/136 277/160/140
f 286/161/141 287/162/142 283/163/143
f 303/164/144 305/165/145 304/166/146
f 308/167/147 305/165/145 303/164/144
f 309/168/148 310/169/149 308/167/147
f 313/170/150 312/171/151 311/172/152
f 317/173/153 318/174/154 313/170/150
f 316/175/155 313/170/150 319/176/156
f 323/177/157 322/178/158 324/179/159
f 324/179/159 322/178/158 326/180/160
f 334/181/161 329/182/162 327/183/163
f 331/184/164 329/182/162 332/185/165
f 332/185/165 329/182/162 334/181/161
f 337/186/166 338/187/167 336/188/168
f 337/189/166 335/190/169 340/191/170
f 347/192/171 345/193/172 348/194/173
f 351/195/174 355/196/175 354/197/176
f 363/198/177 364/199/178 361/200/179
f 382/201/180 384/202/181 383/203/182
f 389/204/183 385/205/184 384/202/181
f 403/206/185 404/207/186 406/208/187
f 406/209/187 410/210/188 437/211/189
f 408/212/190 409/213/191 407/214/192
f 417/215/193 412/216/194 413/217/195
f 436/218/196 420/219/197 422/220/198
f 422/221/198 426/222/199 436/223/196
f 431/224/200 434/225/201 433/226/202
f 441/227/203 682/228/204 445/229/205
f 448/230/206 451/231/207 681/232/208
f 682/233/204 681/234/208 445/235/205
f 456/236/209 454/237/210 457/238/211
f 496/239/212 498/240/213 497/241/214
f 521/242/215 523/243/216 518/244/217
f 520/245/218 522/246/219 523/243/216
f 535/247/220 531/248/221 533/249/222
f 536/250/223 540/251/224 539/252/225
f 542/253/226 544/254/227 545/255/228
f 552/256/229 553/257/230 555/258/231
f 551/259/232 552/256/229 554/260/233
f 564/261/234 565/262/235 566/263/236
f 572/264/237 573/265/238 570/266/239
f 573/265/238 567/267/240 570/266/239
f 581/268/241 582/269/242 583/270/243
f 584/271/244 590/272/245 587/273/246
f 609/274/247 606/275/248 608/276/249
f 621/277/250 618/278/251 620/279/252
f 617/280/253 621/277/250 619/281/254
f 627/282/255 628/283/256 625/284/257
f 628/283/256 622/285/258 625/284/257
f 634/286/259 630/287/260 629/288/261
f 646/289/262 643/290/263 645/291/264
f 655/292/265 652/293/266 654/294/267
f 659/295/268 657/296/269 656/297/270
f 663/298/271 659/299/268 661/300/272
f 662/301/273 663/302/271 661/303/272
f 670/304/274 671/305/275 665/306/276
f 678/307/277 673/308/278 675/309/279
f 678/310/277 675/311/279 677/312/280
f 682/233/204 443/313/281 448/314/206
f 845/315/282 685/316/283 846/317/284
f 685/316/283 688/318/285 846/317/284
f 845/319/282 846/320/284 687/321/286
f 697/322/287 699/323/288 696/324/289
f 697/325/287 698/326/290 694/327/291
f 701/328/292 702/329/293 704/330/294
f 706/331/295 707/332/296 705/333/297
f 709/334/298 710/335/299 711/336/300
f 711/337/300 715/338/301 712/339/302
f 716/340/303 714/341/304 717/342/305
f 727/343/306 728/344/307 736/345/308
f 733/346/309 732/347/310 737/348/311
f 730/349/312 732/347/310 733/346/309
f 742/350/313 745/351/314 743/352/315
f 755/353/316 756/354/317 754/355/318
f 759/356/319 758/357/320 760/358/321
f 1006/359/322 765/360/323 1007/361/324
f 766/362/325 769/363/326 774/364/327
f 776/365/328 782/366/329 780/367/330
f 788/368/331 785/369/332 790/370/333
f 785/369/332 791/371/334 790/370/333
f 788/372/331 790/373/333 787/374/335
f 790/373/333 791/375/334 789/376/336
f 795/377/337 800/378/338 799/379/339
f 799/379/339 800/378/338 797/380/340
f 798/381/341 799/379/339 796/382/342
f 804/383/343 801/384/344 805/385/345
f 807/386/346 809/387/347 808/388/348
f 844/389/349 809/390/347 812/391/350
f 814/392/351 816/393/352 817/394/353
f 819/395/354 821/396/355 822/397/356
f 822/397/356 821/396/355 826/398/357
f 822/399/356 826/400/357 825/401/358
f 829/402/359 833/403/360 831/404/361
f 831/405/361 832/406/362 830/407/363
f 842/408/364 840/409/365 843/410/366
f 842/408/364 839/411/367 837/412/368
f 846/320/284 688/413/285 847/414/369
f 850/415/370 848/416/371 1004/417/372
f 1005/418/373 1004/419/372 853/420/374
f 858/421/375 860/422/376 859/423/377
f 864/424/378 862/425/379 866/426/380
f 873/427/381 872/428/382 871/429/383
f 890/430/384 884/431/385 889/432/386
f 886/433/387 885/434/388 887/435/389
f 885/436/388 889/437/386 888/438/390
f 892/439/391 891/440/392 895/441/393
f 896/442/394 892/443/391 897/444/395
f 898/445/396 900/446/397 899/447/398
f 908/448/399 903/449/400 904/450/401
f 915/451/402 916/452/403 917/453/404
f 925/454/405 927/455/406 928/456/407
f 931/457/408 932/458/409 930/459/410
f 935/460/411 936/461/412 931/457/408
f 934/462/413 931/457/408 937/463/414
f 944/464/415 939/465/416 938/466/417
f 941/467/418 945/468/419 942/469/420
f 942/469/420 945/468/419 944/464/415
f 949/470/421 946/471/422 951/472/423
f 959/473/424 958/474/425 957/475/426
f 968/476/427 966/477/428 969/478/429
f 970/479/430 964/480/431 968/481/427
f 968/476/427 969/478/429 965/482/432
f 974/483/433 973/484/434 972/485/435
f 978/486/436 974/487/433 971/488/437
f 987/489/438 982/490/439 986/491/440
f 985/492/441 987/489/438 986/491/440
f 989/493/442 988/494/443 991/495/444
f 992/496/445 993/497/446 989/498/442
f 1005/418/373 855/499/447 850/500/370
f 1041/501/448 1008/502/449 1009/503/450
f 1039/504/451 1024/505/452 1040/506/453
f 1034/507/454 1037/508/455 1035/509/456
f 1031/510/457 1036/511/458 1037/512/455
f 1045/513/459 1042/514/460 1043/515/461
f 1046/516/462 1045/513/459 1044/517/463
f 1048/518/464 1049/519/465 1050/520/466
f 1058/521/467 1053/522/468 1056/523/469
f 1064/524/470 1063/525/471 1061/526/472
f 1062/527/473 1061/526/472 1059/528/474
f 1069/529/475 1068/530/476 1067/531/477
f 1075/532/478 1071/533/479 1073/534/480
f 1070/535/481 1075/532/478 1072/536/482
f 1084/537/483 1086/538/484 1085/539/485
f 1097/540/486 1099/541/487 1098/542/488
f 1102/543/489 1104/544/490 1103/545/491
f 1110/546/492 1106/547/493 1108/548/494
f 1113/549/495 1114/550/496 1115/551/497
f 1120/552/498 1117/553/499 1119/554/500
f 1119/554/500 1116/555/501 1120/552/498
f 1125/556/502 1122/557/503 1123/558/504
f 1121/559/505 1125/556/502 1124/560/506
f 1124/560/506 1125/556/502 1123/558/504
f 1136/561/507 1141/562/508 1138/563/509
f 1171/564/510 1176/565/511 1173/566/512
f 1188/567/513 1185/568/514 1187/569/515
f 1184/570/516 1188/567/513 1186/571/517
f 1204/572/518 1189/573/519 1191/574/520
f 1191/575/520 1195/576/521 1204/577/518
f 1196/578/522 1197/579/523 1202/580/524
f 1207/581/525 1244/582/526 1211/583/527
f 1214/584/528 1217/585/529 1243/586/530
f 1244/587/526 1243/588/530 1211/589/527
f 1221/590/531 1219/591/532 1218/592/533
f 1232/593/534 1229/594/535 1228/595/536
f 1240/596/537 1236/597/538 1235/598/539
f 1241/599/540 1242/600/541 1240/601/537
f 1244/587/526 1209/602/542 1214/603/528
f 1260/604/543 1245/605/544 1247/606/545
f 1247/607/545 1251/608/546 1260/609/543
f 1265/610/547 1317/611/548 1262/612/549 1263/613/550
f 1262/612/549 1317/611/548 1266/614/551
f 1267/615/552 1269/616/553 1268/617/554
f 1317/618/548 1268/619/554 1316/620/555
f 1317/621/548 1316/622/555 1266/623/551
f 1275/624/556 1273/625/557 1272/626/558
f 1277/627/559 1275/628/556 1272/629/558
f 1277/627/559 1274/630/560 1275/628/556
f 1281/631/561 1279/632/562 1280/633/563
f 1285/634/564 1281/635/561 1280/636/563
f 1286/637/565 1283/638/566 1282/639/567
f 1290/640/568 1285/634/564 1289/641/569
f 1283/642/566 1290/643/568 1289/644/569
f 1297/645/570 1298/646/571 1296/647/572
f 1302/648/573 1300/649/574 1299/650/575
f 1306/651/576 1302/652/573 1299/653/575
f 1305/654/577 1299/655/575 1303/656/578
f 1320/657/579 1323/658/580 1321/659/581
f 1718/660/582 1320/661/579 1719/662/583
f 1329/663/584 1328/664/585 1327/665/586
f 1335/666/587 1336/667/588 1329/668/584
f 1338/669/589 1335/670/587 1331/671/590
f 1337/672/591 1332/673/592 1330/674/593
f 1333/675/594 1332/673/592 1337/672/591
f 1355/676/595 1351/677/596 1350/678/597
f 1353/679/598 1356/680/599 1354/681/600
f 1363/682/601 1360/683/602 1359/684/603
f 1391/685/604 1393/686/605 1390/687/606
f 1391/685/604 1392/688/607 1393/686/605
f 1399/689/608 1401/690/609 1396/691/610
f 1400/692/611 1398/693/612 1402/694/613
f 1413/695/614 1411/696/615 1409/697/616
f 1408/698/617 1409/699/616 1414/700/618
f 1422/701/619 1418/702/620 1415/703/621
f 1717/704/622 1421/705/623 1418/702/620
f 1716/706/624 1418/702/620 1422/701/619
f 1426/707/625 1425/708/626 1424/709/627
f 1429/710/628 1430/711/629 1426/707/625
f 1428/712/630 1426/707/625 1431/713/631
f 1437/714/632 1438/715/633 1433/716/634
f 1436/717/635 1433/716/634 1439/718/636
f 1444/719/637 1445/720/638 1441/721/639
f 2/722/640 7/723/4 6/3/3 1/2/2
f 1452/724/641 1450/725/642 1447/726/643
f 1466/727/644 1467/728/645 1465/729/646
f 1476/730/647 1477/731/648 1473/732/649
f 1482/733/650 1483/734/651 1479/735/652
f 1489/736/653 1487/737/654 1490/738/655
f 1493/739/656 1492/740/657 1491/741/658
f 1494/742/659 1492/740/657 1493/739/656
f 1496/743/660 1493/744/656 1495/745/661
f 1507/746/662 1508/747/663 1342/748/664
f 1507/746/662 1342/748/664 1345/749/665
f 1517/750/666 1513/751/667 1514/752/668
f 1514/753/668 1516/754/669 1517/755/666
f 1518/756/670 1519/757/671 1520/758/672
f 1520/759/672 1524/760/673 1523/761/674
f 1534/762/675 1536/763/676 1715/764/677
f 1543/765/678 1544/766/679 1546/767/680
f 1544/766/679 1545/768/681 1546/767/680
f 1548/769/682 1544/770/679 1543/771/678
f 1550/772/683 1551/773/684 1552/774/685
f 1554/775/686 1556/776/687 1553/777/688
f 1559/778/689 1560/779/690 1561/780/691
f 1560/779/690 1563/781/692 1561/780/691
f 1567/782/693 1564/783/694 1568/784/695
f 1561/785/691 1570/786/696 1564/787/694
f 1569/788/697 1564/789/694 1567/790/693
f 1575/791/698 1571/792/699 1572/793/700
f 1572/794/700 1577/795/701 1576/796/702
f 1572/797/700 1580/798/703 1578/799/704
f 1586/800/705 1588/801/706 1593/802/707
f 1585/803/708 1587/804/709 1591/805/710
f 1591/805/710 1587/804/709 1589/806/711
f 1586/807/705 1584/808/712 1588/809/706
f 1610/810/713 1608/811/714 1615/812/715
f 1620/813/716 1625/814/717 1622/815/718 1619/816/719
f 1617/817/720 1618/818/721 1619/816/719
f 1621/819/722 1622/815/718 1623/820/723
f 1622/815/718 1625/814/717 1624/821/724
f 1627/822/725 1629/823/726 1633/824/727
f 1645/825/728 1649/826/729 1646/827/730
f 1650/828/731 1651/829/732 1656/830/733
f 1650/831/731 1656/832/733 1654/833/734
f 1664/834/735 1661/835/736 1662/836/737
f 1670/837/738 1665/838/739 1666/839/740
f 1670/840/738 1666/841/740 1669/842/741
f 1678/843/742 1714/844/743 1676/845/744
f 1682/846/745 1683/847/746 1681/848/747 1680/849/748
f 1696/850/749 1697/851/750 1698/852/751
f 1420/853/752 1717/704/622 1716/706/624
f 1325/854/753 1718/660/582 1719/662/583
f 1723/855/754 1722/856/755 1721/857/756
f 1727/858/757 1723/859/754 1754/860/758
f 1726/861/759 1725/862/760 1724/863/761
f 1740/864/762 1739/865/763 1738/866/764
f 1744/867/765 1740/868/762 1737/869/766
f 1743/870/767 1744/871/765 1737/872/766
f 1751/873/768 1752/874/769 1753/875/770
f 1725/876/760 1727/858/757 1754/860/758
f 1763/877/771 1760/878/772 1996/879/773
f 1763/877/771 1759/880/774 1760/878/772
f 1996/881/773 1760/882/772 1761/883/775
f 1768/884/776 1770/885/777 1771/886/778
f 1781/887/779 1778/888/780 1780/889/781
f 1776/890/782 1781/887/779 1779/891/783
f 1794/892/784 1800/893/785 1797/894/786
f 1818/895/787 1819/896/788 1816/897/789
f 1819/896/788 1813/898/790 1816/897/789
f 1837/899/791 1833/900/792 1836/901/793
f 1835/902/794 1837/899/791 1834/903/795
f 1838/904/796 1843/905/797 1840/906/798
f 1849/907/799 1847/908/800 1848/909/801
f 1854/910/802 1850/911/803 1853/912/804
f 1858/913/805 1856/914/806 1859/915/807
f 1862/916/808 1864/917/809 1863/918/810
f 1869/919/811 1866/920/812 1865/921/813
f 1880/922/814 1879/923/815 1878/924/816
f 1887/925/817 1883/926/818 1885/927/819
f 1881/928/820 1887/925/817 1884/929/821
f 1890/930/822 1892/931/823 1891/932/824
f 1897/933/825 1896/934/826 1895/935/827
f 1922/936/828 1924/937/829 1919/938/830
f 1930/939/831 1927/940/832 1929/941/833
f 1936/942/834 1932/943/835 1934/944/836
f 1943/945/837 1940/946/838 1942/947/839
f 1938/948/840 1943/945/837 1941/949/841
f 1945/950/842 1946/951/843 1944/952/844
f 1949/953/845 1946/954/843 1948/955/846
f 1956/956/847 1955/957/848 1959/958/849
f 1958/959/850 1961/960/851 1960/961/852
f 1954/962/853 1960/963/852 1955/964/848
f 1967/965/854 1965/966/855 1970/967/856
f 1967/968/854 1970/969/856 1969/970/857
f 1972/971/858 1976/972/859 1971/973/860
f 1975/974/861 1976/975/859 1977/976/862
f 1988/977/863 1993/978/864 1990/979/865
f 1990/980/865 1993/981/864 1992/982/866
f 1994/983/867 1992/984/866 1995/985/868
f 1989/986/869 1994/983/867 1991/987/870
f 1760/882/772 1759/988/774 1997/989/871
f 2001/990/872 1999/991/873 2000/992/874
f 2159/993/875 2158/994/876 2002/995/877
f 2005/996/878 2159/997/875 2002/998/877
f 2005/996/878 2004/999/879 2159/997/875
f 2014/1000/880 2011/1001/881 2013/1002/882
f 2018/1003/883 2016/1004/884 2015/1005/885
f 2020/1006/886 2016/1007/884 2018/1008/883
f 2020/1006/886 2021/1009/887 2016/1007/884
f 2030/1010/888 2026/1011/889 2028/1012/890
f 2028/1013/890 2026/1014/889 2027/1015/891
f 2028/1013/890 2027/1015/891 2031/1016/892
f 2037/1017/893 2038/1018/894 2034/1019/895
f 2036/1020/896 2038/1021/894 2037/1022/893
f 2040/1023/897 2036/1024/896 2037/1025/893
f 2039/1026/898 2036/1024/896 2040/1023/897
f 2045/1027/899 2047/1028/900 2046/1029/901
f 2050/1030/902 2048/1031/903 2045/1032/899
f 2055/1033/904 2056/1034/905 2053/1035/906
f 2057/1036/907 2056/1037/905 2055/1038/904
f 2059/1039/908 2056/1040/905 2057/1041/907
f 2069/1042/909 2070/1043/910 2064/1044/911
f 2066/1045/912 2068/1046/913 2069/1047/909
f 2074/1048/914 2071/1049/915 2079/1050/916
f 2319/1051/917 2078/1052/918 2074/1048/914
f 2318/1053/919 2074/1048/914 2079/1050/916
f 2082/1054/920 2081/1055/921 2080/1056/922
f 2083/1057/923 2085/1058/924 2084/1059/925
f 2085/1058/924 2086/1060/926 2082/1054/920
f 2089/1061/927 2090/1062/928 2088/1063/929
f 2091/1064/930 2089/1061/927 2092/1065/931
f 2092/1065/931 2089/1061/927 2094/1066/932
f 2101/1067/933 2098/1068/934 2095/1069/935
f 2113/1070/936 2108/1071/937 2112/1072/938
f 2112/1072/938 2111/1073/939 2109/1074/940
f 2124/1075/941 2120/1076/942 2121/1077/943
f 2157/1078/944 2124/1079/941 2121/1080/943
f 2129/1081/945 2130/1082/946 2125/1083/947
f 2133/1084/948 2132/1085/949 2131/1086/950
f 2136/1087/951 2137/1088/952 2133/1089/948
f 2145/1090/953 2140/1091/954 2141/1092/955
f 2145/1093/953 2141/1094/955 2143/1095/956
f 2144/1096/957 2143/1097/956 2142/1098/958
f 2144/1096/957 2145/1099/953 2143/1097/956
f 2160/1100/959 2161/1101/960 2162/1102/961
f 2160/1103/959 2162/1104/961 2316/1105/962
f 2316/1106/962 2317/1107/963 2165/1108/964
f 2170/1109/965 2172/1110/966 2175/1111/967
f 2174/1112/968 2177/1113/969 2178/1114/970
f 2198/1115/971 2201/1116/972 2200/1117/973
f 2195/1118/974 2196/1119/975 2197/1120/976
f 2200/1121/973 2195/1122/974 2199/1123/977
f 2200/1117/973 2194/1124/978 2198/1115/971
f 2205/1125/979 2204/1126/980 2207/1127/981
f 2206/1128/982 2207/1129/981 2208/1130/983
f 2218/1131/984 2220/1132/985 2214/1133/986
f 2223/1134/987 2226/1135/988 2222/1136/989 2221/1137/990
f 2227/1138/991 2225/1139/992 2229/1140/993
f 2237/1141/994 2238/1142/995 2236/1143/996
f 2235/1144/997 2238/1142/995 2237/1141/994
f 2241/1145/998 2242/1146/999 2246/1147/1000
f 2250/1148/1001 2249/1149/1002 2251/1150/1003
f 2250/1148/1001 2251/1150/1003 2255/1151/1004
f 2252/1152/1005 2250/1148/1001 2254/1153/1006
f 2260/1154/1007 2259/1155/1008 2264/1156/1009
f 2257/1157/1010 2260/1158/1007 2262/1159/1011
f 2269/1160/1012 2270/1161/1013 2268/1162/1014
f 2277/1163/1015 2315/1164/1016 2279/1165/1017
f 2275/1166/1018 2280/1167/1019 2315/1168/1016
f 2279/1165/1017 2315/1164/1016 2276/1169/1020
f 2295/1170/1021 2297/1171/1022 2296/1172/1023
f 2292/1173/1024 2296/1172/1023 2294/1174/1025
f 2313/1175/1026 2310/1176/1027 2312/1177/1028
f 2308/1178/1029 2312/1179/1028 2310/1180/1027
f 2317/1107/963 2167/1181/1030 2166/1182/1031
f 2322/1183/1032 2320/1184/1033 2354/1185/1034
f 2351/1186/1035 2352/1187/1036 2353/1188/1037
f 2326/1189/1038 2322/1183/1032 2354/1185/1034
f 2357/1190/1039 2360/1191/1040 2358/1192/1041
f 2356/1193/1042 2360/1191/1040 2357/1190/1039
f 2362/1194/1043 2355/1195/1044 2360/1191/1040
f 2357/1190/1039 2358/1192/1041 2359/1196/1045
f 2365/1197/1046 2366/1198/1047 2367/1199/1048
f 2373/1200/1049 2369/1201/1050 2372/1202/1051
f 2368/1203/1052 2373/1200/1049 2371/1204/1053
f 2371/1204/1053 2373/1200/1049 2370/1205/1054
f 2377/1206/1055 2378/1207/1056 2379/1208/1057
f 2379/1208/1057 2376/1209/1058 2374/1210/1059
f 2382/1211/1060 2383/1212/1061 2384/1213/1062
f 2389/1214/1063 2388/1215/1064 2390/1216/1065
f 2390/1216/1065 2385/1217/1066 2387/1218/1067
f 2401/1219/1068 2408/1220/1069 2405/1221/1070
f 2425/1222/1071 2424/1223/1072 2426/1224/1073
f 2431/1225/1074 2429/1226/1075 2430/1227/1076
f 2436/1228/1077 2434/1229/1078 2432/1230/1079
f 2433/1231/1080 2436/1228/1077 2435/1232/1081
f 2448/1233/1082 2450/1234/1083 2449/1235/1084
f 2456/1236/1085 2453/1237/1086 2452/1238/1087
f 2454/1239/1088 2455/1240/1089 2456/1236/1085
f 2472/1241/1090 2474/1242/1091 2470/1243/1092
f 2489/1244/1093 2491/1245/1094 2492/1246/1095
f 2503/1247/1096 2500/1248/1097 2501/1249/1098
f 2507/1250/1099 2506/1251/1100 2505/1252/1101
f 2511/1253/1102 2507/1254/1099 2504/1255/1103
f 2510/1256/1104 2511/1257/1102 2504/1258/1103
f 2522/1259/1105 2525/1260/1106 2523/1261/1107
f 2531/1262/1108 2528/1263/1109 2555/1264/1110
f 2555/1265/1110 2528/1266/1109 2526/1267/1111
f 2533/1268/1112 2535/1269/1113 2532/1270/1114
f 2535/1269/1113 2536/1271/1115 2534/1272/1116
f 2535/1273/1113 2534/1274/1116 2537/1275/1117
f 2541/1276/1118 2546/1277/1119 2545/1278/1120
f 2545/1278/1120 2546/1277/1119 2542/1279/1121
f 2548/1280/1122 2552/1281/1123 2547/1282/1124
f 2551/1283/1125 2552/1284/1123 2553/1285/1126
f 2528/1266/1109 2524/1286/1127 2556/1287/1128
f 2528/1266/1109 2556/1287/1128 2525/1288/1106
f 2560/1289/1129 2559/1290/1130 2558/1291/1131
f 2564/1292/1132 2560/1293/1129 2557/1294/1133
f 2563/1295/1134 2564/1296/1132 2557/1297/1133
f 2567/1298/1135 2566/1299/1136 2565/1300/1137
f 2571/1301/1138 2566/1299/1136 2567/1298/1135
f 2582/1302/1139 2580/1303/1140 2581/1304/1141
f 2581/1305/1141 2577/1306/1142 2629/1307/1143
f 2629/1308/1143 2577/1309/1142 2579/1310/1144
f 2573/1311/1145 2589/1312/1146 2588/1313/1147
f 2586/1314/1148 2588/1315/1147 2585/1316/1149
f 2588/1315/1147 2589/1317/1146 2587/1318/1150
f 2602/1319/1151 2598/1320/1152 2603/1321/1153
f 2601/1322/1154 2604/1323/1155 2597/1324/1156
f 2596/1325/1157 2597/1326/1156 2598/1327/1152
f 2606/1328/1158 2610/1329/1159 2605/1330/1160
f 2609/1331/1161 2610/1332/1159 2611/1333/1162
f 2615/1334/1163 2619/1335/1164 2616/1336/1165
f 2627/1337/1166 2625/1338/1167 2628/1339/1168
f 2622/1340/1169 2627/1337/1166 2624/1341/1170
f 2577/1309/1142 2576/1342/1171 2578/1343/1172
f 16/1344/12 19/1345/1173 18/1346/1174 20/1347/1175
f 3/1348/6 4/1349/1 6/4/3
f 3/7/6 6/1350/3 401/8/7
f 12/10/9 10/1351/1176 11/11/10
f 22/1352/1177 15/1353/1178 16/13/12
f 20/1347/1175 14/1354/1179 16/1344/12
f 19/1345/1173 16/1344/12 21/1355/14
f 15/1356/1178 12/1357/9 13/17/11 16/16/12
f 14/1358/1179 22/1352/1177 16/13/12
f 26/1359/1180 27/1360/1181 25/21/17 24/20/16
f 197/1361/96 31/1362/1182 32/1363/1183 29/1364/1184
f 28/1365/1185 23/1366/15 25/1367/17
f 25/1367/17 27/1368/1181 30/1369/95
f 196/1370/1186 25/109/17 29/1371/1184
f 34/1372/1187 40/1373/1188 36/1374/1189 33/1375/1190
f 40/1376/1188 42/1377/1191 41/1378/1192 36/1379/1189
f 40/1373/1188 34/1372/1187 35/1380/1193
f 45/1381/1194 46/1382/22 47/1383/21 44/1384/1195
f 41/1385/1192 37/22/18 39/24/20
f 37/1386/18 41/1387/1192 42/1388/1191
f 47/1383/21 43/1389/1196 44/1384/1195
f 49/1390/23 48/1391/1197 51/29/24 47/28/21
f 60/33/28 55/1392/1198 56/1393/1199 59/31/26
f 59/34/26 52/1394/1200 53/35/29
f 58/36/27 53/35/29 54/1395/1201
f 56/1396/1199 55/1397/1198 57/1398/1202
f 76/1399/1203 77/1400/1204 78/1401/1205 79/1402/1206
f 65/1403/34 61/1404/1207 62/40/30
f 66/45/35 62/44/30 67/1405/33
f 65/1406/34 66/46/35 69/48/37
f 71/1407/38 72/1408/1208 75/1409/39
f 73/1410/40 75/1411/39 79/1412/1206
f 78/1401/1205 74/1413/1209 79/1402/1206
f 82/1414/1210 85/1415/45 81/1416/43 80/1417/1211
f 74/1418/1209 73/1410/40 79/1412/1206
f 88/1419/1212 86/1420/1213 83/1421/42 84/1422/44
f 84/55/44 81/54/43 85/1423/45
f 92/1424/1214 89/1425/1215 90/1426/1216 91/1427/1217
f 88/1419/1212 84/1422/44 87/1428/46
f 97/1429/1218 94/59/47 96/61/49
f 95/1430/1219 94/59/47 97/1429/1218
f 94/1431/47 99/1432/1220 93/1433/48
f 99/1434/1220 89/1435/1215 92/1436/1214 98/1437/1221 93/1438/48
f 101/64/52 108/66/54 400/67/55 107/1439/1222
f 105/68/56 108/66/54 106/1440/1223
f 118/75/63 119/74/62 125/1441/1224 117/1442/1225
f 111/69/57 109/1443/1226 110/70/58
f 112/72/60 113/1444/1227 111/69/57
f 114/73/61 111/69/57 115/71/59
f 113/1444/1227 116/1445/1228 111/69/57
f 119/74/62 123/1446/1229 121/1447/1230 122/1448/1231
f 119/74/62 120/76/64 124/1449/1232
f 135/1450/1233 136/1451/1234 133/1452/1235 134/1453/1236
f 123/1446/1229 119/74/62 124/1449/1232
f 122/1448/1231 125/1441/1224 119/74/62
f 130/80/68 126/1454/1237 127/77/65
f 129/1455/1238 130/80/68 131/81/69
f 131/81/69 127/77/65 132/79/67
f 140/1456/1239 137/1457/1240 138/1458/1241 136/1459/1234
f 138/1460/1241 133/1461/1235 136/1462/1234
f 141/1463/1242 139/1464/1243 140/1456/1239 136/1459/1234
f 148/85/73 145/1465/1244 150/1466/1245 147/86/74
f 144/82/70 142/1467/1246 143/83/71
f 147/1468/74 144/1469/70 149/1470/72
f 155/1471/1247 153/1472/1248 154/1473/76 156/1474/78
f 147/1468/74 150/1475/1245 144/1469/70
f 156/90/78 151/89/77 152/1476/1249
f 158/1477/1250 159/1478/1251 161/1479/1252 157/1480/1253
f 164/1481/1254 195/1482/1255 161/1483/1252 159/1484/1251
f 167/1485/1256 170/1486/1257 166/1487/1258 165/1488/1259
f 164/1481/1254 159/1484/1251 163/1489/1260
f 181/99/87 178/1490/1261 179/1491/1262 180/97/85
f 168/1492/1263 166/1493/1258 169/1494/1264
f 169/1494/1264 166/1493/1258 170/1495/1257
f 173/91/79 171/1496/1265 172/92/80
f 175/96/84 176/95/83 177/1497/81
f 176/1498/83 173/1499/79 177/1500/81
f 187/1501/1266 192/1502/94 185/1503/93 186/1504/1267
f 183/101/88 181/100/87 184/1505/86
f 190/1506/1268 188/1507/1269 193/103/90 191/105/92
f 189/108/91 192/107/94 191/1508/92
f 191/105/92 194/1509/1270 190/1506/1268
f 162/1510/1271 160/1511/1272 195/1482/1255 164/1481/1254
f 203/1512/97 202/1513/99 205/1514/1273 206/1515/1274
f 29/1371/1184 25/109/17 197/111/96
f 196/1370/1186 28/1516/1185 25/109/17
f 200/1517/98 199/1518/1275 198/1519/1276
f 200/1517/98 201/1520/1277 199/1518/1275
f 204/115/100 201/1521/1277 200/113/98
f 210/1522/106 212/1523/102 211/1524/1278 217/1525/104
f 207/1526/1279 215/1527/105 208/1528/1280
f 212/117/102 214/1529/1281 211/1530/1278
f 220/125/110 219/1531/1282 218/1532/1283 222/123/108
f 209/1533/103 212/1523/102 210/1522/106
f 207/1534/1279 210/121/106 215/120/105
f 218/1535/1283 223/1536/1284 399/128/112 222/127/108
f 399/1537/112 226/1538/1285 225/1539/1286 224/1540/111
f 226/1538/1285 399/1537/112 223/1541/1284
f 228/131/115 227/1542/1287 231/1543/117 232/129/113
f 238/1544/123 244/1545/125 245/1546/1288 240/1547/1289
f 236/132/116 232/1548/113 231/133/117
f 238/141/123 240/1549/1289 239/1550/1290
f 244/1545/125 238/1544/123 242/1551/122
f 252/1552/131 251/1553/1291 255/1554/1292 256/1555/1293
f 243/1556/1294 245/1557/1288 244/143/125
f 246/1558/1295 243/1559/1294 244/1545/125
f 247/1560/1296 249/148/129 248/147/128
f 256/1555/1293 255/1554/1292 253/1561/1297 254/1562/1298
f 251/1563/1291 252/151/131 249/150/129 247/1564/1296
f 260/1565/1299 259/1566/1300 263/1567/133 261/1568/1301
f 258/1569/1302 263/1567/133 259/1566/1300
f 262/1570/134 266/1571/1303 268/1572/1304 264/1573/132
f 265/1574/135 261/1575/1301 263/1576/133
f 271/1577/1305 270/1578/1306 269/1579/1307 273/1580/1308
f 268/1572/1304 267/1581/1309 264/1573/132
f 279/158/138 275/1582/1310 277/160/140 281/156/136
f 273/1580/1308 272/1583/1311 271/1577/1305
f 278/1584/1312 280/1585/1313 274/1586/137 281/1587/136
f 278/1588/1312 273/1589/1308 269/1590/1307 280/1591/1313
f 284/1592/1314 282/1593/1315 283/1594/143 287/1595/142
f 285/1596/1316 288/1597/1317 290/1598/1318 286/1599/141
f 287/1600/142 286/1599/141 290/1598/1318 289/1601/1319
f 293/1602/1320 292/1603/1321 291/1604/1322 294/1605/1323
f 298/1606/1324 295/1607/1325 296/1608/1326 301/1609/1327
f 300/1610/1328 301/1611/1327 302/1612/1329
f 296/1608/1326 299/1613/1330 301/1609/1327
f 301/1611/1327 299/1614/1330 302/1612/1329
f 297/1615/1331 294/1616/1323 291/1617/1322 300/1618/1328 302/1619/1329
f 306/1620/1332 305/165/145 308/167/147 310/169/149
f 313/170/150 316/175/155 315/1621/1333 317/173/153
f 307/1622/1334 309/168/148 308/167/147
f 313/170/150 314/1623/1335 312/171/151
f 313/170/150 318/174/154 314/1623/1335
f 321/1624/1336 320/1625/1337 326/180/160 322/178/158
f 340/1626/170 339/1627/1338 341/1628/1339 337/1629/166
f 322/178/158 325/1630/1340 321/1624/1336
f 327/183/163 329/182/162 328/1631/1341
f 329/182/162 330/1632/1342 328/1631/1341
f 329/182/162 333/1633/1343 330/1632/1342
f 335/1634/169 337/186/166 336/188/168
f 344/1635/1344 343/1636/1345 342/1637/1346 345/1638/172
f 349/1639/1347 346/1640/1348 348/194/173 345/193/172
f 350/1641/1349 351/1642/174 353/1643/1350 352/1644/1351
f 342/1645/1346 349/1646/1347 345/1647/172
f 355/1648/175 351/1642/174 350/1641/1349
f 360/1649/1352 359/1650/1353 358/1651/1354 365/1652/1355
f 357/1653/1356 353/1654/1350 351/1655/174
f 356/1656/1357 357/1657/1356 351/195/174
f 364/1658/178 363/1659/177 365/1660/1355 358/1661/1354
f 368/1662/1358 366/1663/1359 367/1664/1360 369/1665/1361
f 367/1666/1360 372/1667/1362 371/1668/1363 373/1669/1364
f 373/1670/1364 369/1671/1361 367/1672/1360
f 372/1667/1362 367/1666/1360 370/1673/1365
f 375/1674/1366 374/1675/1367 377/1676/1368 376/1677/1366
f 381/1678/1369 380/1679/1370 378/1680/1371 379/1681/1372
f 381/1678/1369 377/1682/1368 380/1679/1370
f 384/202/181 382/1683/180 387/1684/1373 389/204/183
f 374/1685/1367 380/1686/1370 377/1687/1368
f 387/1688/1373 386/1689/1374 388/1690/1375 389/1691/183
f 392/1692/1376 391/1693/1377 390/1694/1378 393/1695/1379
f 393/1696/1379 395/1697/1380 397/1698/1381 398/1699/1382
f 397/1698/1381 394/1700/1383 396/1701/1384 398/1699/1382
f 9/1702/1385 401/8/7 6/1350/3 5/1703/5
f 390/1704/1378 395/1705/1380 393/1706/1379
f 362/1707/1386 363/198/177 361/200/179
f 104/1708/1387 400/67/55 105/68/56
f 8/1709/1388 402/9/8 401/8/7
f 412/216/194 417/215/193 415/1710/1389 411/1711/1390
f 406/208/187 404/207/186 405/1712/1391
f 403/1713/185 406/209/187 437/211/189
f 408/212/190 410/1714/188 409/213/191
f 419/1715/1392 418/1716/1393 415/1717/1389 417/1718/193
f 419/1715/1392 416/1719/1394 414/1720/1395 418/1716/1393
f 436/1721/196 425/1722/1396 423/1723/1397 424/1724/1398
f 422/220/198 420/219/197 421/1725/1399
f 429/1726/1400 430/1727/1401 427/1728/1402 428/1729/1403
f 425/1722/1396 436/1721/196 426/1730/199
f 432/1731/1404 427/1732/1402 430/1733/1401 435/1734/1405
f 432/1735/1404 435/1736/1405 434/225/201
f 433/226/202 434/225/201 435/1736/1405
f 450/1737/1406 451/1738/207 448/1739/206 449/1740/1407
f 408/1741/190 437/211/189 410/210/188
f 630/1742/260 632/1743/1408 440/1744/1409
f 444/1745/1410 682/228/204 441/227/203 442/1746/1411
f 449/1740/1407 448/1739/206 446/1747/1412 447/1748/1413
f 439/1749/1414 440/1750/1409 632/1751/1408 438/1752/1415
f 443/1753/281 446/1754/1412 448/230/206
f 457/238/211 455/1755/1416 452/1756/1417 456/236/209
f 457/238/211 454/237/210 453/1757/1418
f 460/1758/1419 458/1759/1420 459/1760/1421 461/1761/1422
f 465/1762/1423 467/1763/1424 464/1764/1425 468/1765/1426
f 464/1764/1425 466/1766/1427 463/1767/1428 468/1765/1426
f 462/1768/1429 466/1766/1427 464/1764/1425
f 472/1769/1430 473/1770/1431 471/1771/1432 474/1772/1433
f 471/1771/1432 469/1773/1434 470/1774/1435 474/1772/1433
f 478/1775/1436 479/1776/1437 477/1777/1438 480/1778/1439
f 477/1777/1438 475/1779/1440 476/1780/1441 480/1778/1439
f 484/1781/1442 486/1782/1443 483/1783/1444 487/1784/1445
f 483/1783/1444 485/1785/1446 482/1786/1447 487/1784/1445
f 481/1787/1448 485/1785/1446 483/1783/1444
f 491/1788/1449 492/1789/1450 490/1790/1451 493/1791/1452
f 493/1791/1452 490/1790/1451 488/1792/1453 489/1793/1454
f 498/240/213 496/239/212 494/1794/1455 495/1795/1456
f 502/1796/1457 504/1797/1458 501/1798/1459 505/1799/1460
f 501/1798/1459 503/1800/1461 500/1801/1462 505/1799/1460
f 499/1802/1463 503/1800/1461 501/1798/1459
f 509/1803/1464 510/1804/1465 508/1805/1466 511/1806/1467
f 511/1806/1467 508/1805/1466 506/1807/1468 507/1808/1469
f 515/1809/1470 516/1810/1471 514/1811/1472 517/1812/1473
f 517/1812/1473 514/1811/1472 512/1813/1474 513/1814/1475
f 527/1815/1476 528/1816/1477 526/1817/1478 529/1818/1479
f 523/243/216 522/246/219 519/1819/1480
f 521/242/215 520/245/218 523/243/216
f 529/1818/1479 526/1817/1478 524/1820/1481 525/1821/1482
f 534/1822/1483 535/247/220 533/249/222 530/1823/1484
f 535/247/220 534/1822/1483 532/1824/1485
f 537/1825/1486 539/252/225 540/251/224 538/1826/1487
f 549/1827/1488 547/1828/1489 546/1829/1490 550/1830/1491
f 541/1831/1492 542/253/226 545/255/228
f 545/255/228 544/254/227 543/1832/1493
f 550/1830/1491 548/1833/1494 549/1827/1488
f 558/1834/1495 560/1835/1496 561/1836/1497 559/1837/1498
f 552/256/229 555/258/231 554/260/233
f 557/1838/1499 556/1839/1500 561/1836/1497 560/1835/1496
f 563/1840/1501 562/1841/1502 566/263/236 565/262/235
f 571/1842/1503 573/265/238 572/264/237 568/1843/1504
f 573/265/238 571/1842/1503 569/1844/1505
f 575/1845/1506 574/1846/1507 578/1847/1508 577/1848/1509
f 578/1847/1508 576/1849/1510 577/1848/1509
f 580/1850/1511 579/1851/1512 583/270/243 582/269/242
f 586/1852/1513 589/1853/1514 590/272/245 588/1854/1515
f 585/1855/1516 587/273/246 590/272/245 589/1853/1514
f 593/1856/1517 595/1857/1518 596/1858/1519 594/1859/1520
f 592/1860/1521 591/1861/1522 596/1858/1519 595/1857/1518
f 600/1862/1523 602/1863/1524 603/1864/1525 601/1865/1526
f 598/1866/1527 597/1867/1528 603/1864/1525 602/1863/1524
f 599/1868/1529 601/1865/1526 603/1864/1525
f 609/274/247 607/1869/1530 604/1870/1531 605/1871/1531
f 613/1872/1532 610/1873/1533 611/1874/1534 615/1875/1535
f 609/274/247 608/276/249 607/1869/1530
f 615/1875/1535 614/1876/1536 612/1877/1537
f 611/1874/1534 614/1876/1536 615/1875/1535
f 616/1878/1538 619/281/254 621/277/250 620/279/252
f 628/283/256 627/282/255 623/1879/1539 626/1880/1540
f 628/283/256 626/1880/1540 624/1881/1541
f 631/1882/1542 630/287/260 634/286/259 633/1883/1543
f 630/1884/260 631/1885/1542 632/1886/1408
f 636/1887/1544 635/1888/1545 638/1889/1546 637/1890/1547
f 640/1891/1548 639/1892/1549 641/1893/1550 642/1894/1551
f 643/290/263 638/1895/1546 635/1896/1545 645/291/264
f 642/1894/1551 644/1897/1552 640/1891/1548
f 640/1898/1548 646/1899/262 645/1900/264
f 639/1901/1549 640/1898/1548 645/1900/264
f 648/1902/1553 647/1903/1554 650/1904/1555 649/1905/1556
f 649/1905/1556 650/1904/1555 653/1906/1557 651/1907/1558
f 664/1908/1559 665/1909/276 667/1910/1560 666/1911/1561
f 652/1912/266 655/1913/265 650/1914/1555
f 655/1913/265 653/1915/1557 650/1914/1555
f 659/295/268 658/1916/1562 657/296/269
f 661/300/272 659/299/268 656/1917/270
f 660/1918/1563 662/301/273 661/303/272
f 665/306/276 669/1919/1564 668/1920/1565 670/304/274
f 671/1921/275 667/1922/1560 665/1923/276
f 677/1924/280 675/1925/279 679/1926/1566 680/1927/1567
f 675/309/279 673/308/278 672/1928/1568
f 680/1927/1567 679/1926/1566 674/1929/1569 676/1930/1570
f 688/1931/285 685/1932/283 684/1933/1571 686/1934/1572
f 682/233/204 444/1935/1410 443/313/281
f 682/233/204 448/314/206 681/234/208
f 683/1936/1573 684/1933/1571 685/1932/283
f 847/1937/369 689/1938/1574 690/1939/1575 846/1940/284
f 690/1939/1575 687/1941/286 846/1940/284
f 697/322/287 696/324/289 695/1942/1576 693/1943/1577
f 697/325/287 692/1944/1578 698/326/290
f 697/1945/287 694/1946/291 700/1947/1579
f 691/1948/1580 692/1944/1578 697/325/287 693/1949/1577
f 697/1945/287 700/1947/1579 699/1950/288
f 715/1951/301 713/1952/1581 718/1953/1582 712/1954/302
f 702/1955/293 703/1956/1583 707/1957/296
f 706/331/295 704/1958/294 702/1959/293
f 706/331/295 702/1959/293 707/332/296
f 706/1960/295 705/1961/297 708/1962/1584
f 721/1963/1585 723/1964/1586 722/1965/1587 720/1966/1588
f 716/340/303 718/1967/1582 714/341/304
f 714/1968/304 718/1953/1582 713/1952/1581
f 712/339/302 709/1969/298 711/337/300
f 720/1970/1588 719/1971/1589 721/1972/1585
f 725/1973/1590 726/1974/1591 724/1975/1592 723/1976/1586
f 724/1977/1592 722/1978/1587 723/1979/1586
f 734/1980/1593 735/1981/1594 733/1982/309 737/1983/311
f 728/344/307 729/1984/1595 736/345/308
f 730/349/312 731/1985/1596 732/347/310
f 731/1986/1596 727/1987/306 736/1988/308 732/1989/310
f 740/1990/1597 741/1991/1598 742/1992/313 739/1993/1599
f 739/1994/1599 738/1995/1600 740/1996/1597
f 741/1997/1598 744/1998/1601 745/351/314 742/350/313
f 749/1999/1602 746/2000/1603 747/2001/1604 748/2002/1605
f 746/2003/1603 749/2004/1602 753/2005/1606 750/2006/1607
f 755/353/316 750/2007/1607 753/2008/1606
f 755/353/316 753/2008/1606 756/354/317
f 752/2009/1608 755/2010/316 754/2011/318
f 751/2012/1609 755/2010/316 752/2009/1608
f 759/356/319 765/360/323 1006/359/322 764/2013/1610
f 759/356/319 757/2014/1611 758/357/320
f 759/356/319 760/358/321 765/360/323
f 1007/361/324 765/360/323 763/2015/1612
f 768/2016/1613 769/363/326 766/362/325 767/2017/1614
f 769/363/326 772/2018/1615 770/2019/1616 771/2020/1617
f 776/365/328 779/2021/1618 777/2022/1619 778/2023/1620
f 772/2018/1615 769/363/326 773/2024/1621
f 771/2020/1617 774/364/327 769/363/326
f 776/365/328 775/2025/1622 782/366/329
f 781/2026/1623 775/2025/1622 776/365/328
f 791/2027/334 785/2028/332 784/2029/1624 786/2030/1625
f 779/2021/1618 776/365/328 780/367/330
f 778/2023/1620 781/2026/1623 776/365/328
f 785/2028/332 783/2031/1626 784/2029/1624
f 794/2032/1627 795/2033/337 792/2034/1628 793/2035/1629
f 815/2036/1630 816/2037/352 814/2038/351 813/2039/1631
f 798/381/341 795/377/337 799/379/339
f 798/2040/341 792/2041/1628 795/2042/337
f 801/384/344 802/2043/1632 806/2044/1633
f 805/385/345 801/384/344 806/2045/1633
f 803/2046/1634 804/2047/343 805/385/345
f 844/2048/349 808/2049/348 809/2050/347
f 825/2051/358 823/2052/1635 827/2053/1636 822/2054/356
f 818/2055/1637 814/2056/351 817/2057/353
f 819/395/354 820/2058/1638 821/396/355
f 836/2059/1639 841/2060/1640 834/2061/1641 835/2062/1642
f 824/2063/1643 827/2053/1636 823/2052/1635
f 828/2064/1644 833/2065/360 829/2066/359
f 832/406/362 831/405/361 833/2067/360
f 838/2068/1645 834/2069/1641 841/2070/1640 840/2071/365
f 842/408/364 838/2072/1645 840/409/365
f 842/408/364 843/410/366 839/411/367
f 812/391/350 811/2073/1646 810/2074/1647 844/389/349
f 851/2075/1648 849/2076/1649 850/2077/370 852/2078/1650
f 848/2079/371 850/2077/370 849/2076/1649
f 1005/2080/373 857/2081/1651 856/2082/1652 854/2083/1653
f 855/2084/447 852/2085/1650 850/415/370
f 857/2081/1651 1005/2080/373 853/2086/374
f 861/2087/1654 860/422/376 863/2088/1655 867/2089/1656
f 858/421/375 863/2088/1655 860/422/376
f 863/2090/1655 864/2091/378 868/2092/1657 870/2093/1658
f 870/2093/1658 865/2094/1659 863/2090/1655
f 863/2095/1655 865/2096/1659 867/2097/1656
f 869/2098/1660 862/2099/379 864/2091/378 863/2090/1655
f 874/2100/1661 872/428/382 873/427/381 875/2101/1662
f 879/2102/1663 873/2103/381 878/2104/1664 877/2105/1665
f 879/2106/1663 875/2107/1662 873/2108/381
f 878/2104/1664 873/2103/381 876/2109/1666
f 883/2110/1667 882/2111/1668 881/2112/1669 884/2113/385
f 880/2114/1670 878/2115/1664 876/2116/1666
f 893/2117/1671 891/440/392 892/2118/391 894/2119/1672
f 887/435/389 885/434/388 888/2120/390
f 885/436/388 890/2121/384 889/437/386
f 881/2122/1669 889/432/386 884/431/385
f 904/2123/401 907/2124/1673 906/2125/1674 910/2126/1675
f 892/439/391 896/2127/394 894/2128/1672
f 902/2129/1676 901/2130/1677 900/446/397
f 908/2131/399 902/2132/1676 900/2133/397
f 904/2123/401 909/2134/1678 905/2135/1679 907/2124/1673
f 908/2131/399 900/2133/397 898/2136/396 903/2137/400
f 904/450/401 910/2138/1675 908/448/399
f 913/2139/1680 911/2140/1681 914/2141/1682 916/2142/403
f 911/2143/1681 913/2144/1680 912/2145/1683
f 915/2146/402 917/2147/404 920/2148/1684 919/2149/1685
f 917/453/404 916/452/403 914/2150/1682
f 918/2151/1686 920/2148/1684 917/2147/404
f 923/2152/1687 922/2153/1688 921/2154/1689 924/2155/1690
f 928/2156/407 929/2157/1691 924/2158/1690 921/2159/1689
f 928/456/407 927/455/406 929/2160/1691
f 925/2161/405 926/2162/1692 927/2163/406
f 931/457/408 934/462/413 933/2164/1693 935/460/411
f 931/457/408 936/461/412 932/458/409
f 940/2165/1694 939/465/416 945/468/419 943/2166/1695
f 944/464/415 945/468/419 939/465/416
f 948/2167/1696 947/2168/1697 946/2169/422 949/2170/421
f 951/2171/423 950/2172/1698 952/2173/1699 949/2174/421
f 949/2170/421 953/2175/1700 948/2167/1696
f 956/2176/1701 954/2177/1702 955/2178/1703 960/2179/1704
f 952/2173/1699 953/2180/1700 949/2174/421
f 963/2181/1705 962/2182/1706 961/2183/1707 964/2184/431
f 959/473/424 955/2185/1703 958/474/425
f 959/473/424 960/2186/1704 955/2185/1703
f 966/2187/428 968/481/427 964/480/431 961/2188/1707
f 971/2189/437 976/2190/1708 975/2191/1709 977/2192/1710
f 971/2193/437 974/483/433 972/485/435
f 981/2194/1711 980/2195/1711 979/2196/1712 982/2197/439
f 977/2192/1710 978/2198/436 971/2189/437
f 991/2199/444 990/2200/1713 992/496/445 989/498/442
f 986/491/440 982/490/439 984/2201/1714
f 983/2202/1715 985/492/441 986/491/440
f 979/2203/1712 984/2204/1714 982/2205/439
f 996/2206/1716 995/2207/1717 994/2208/1718 997/2209/1719
f 1001/2210/1720 999/2211/1721 1002/2212/1722 1003/2213/1723
f 1002/2212/1722 998/2214/1724 1000/2215/1725 1003/2213/1723
f 999/2216/1721 1001/2217/1720 997/2218/1719 994/2219/1718
f 1007/361/324 762/2220/1726 761/2221/1727 1006/359/322
f 967/2222/1728 968/476/427 965/482/432
f 1005/418/373 854/2223/1653 855/499/447
f 1005/418/373 850/500/370 1004/419/372
f 1010/2224/1729 1011/2225/1730 1009/503/450 1008/502/449
f 1014/2226/1731 1012/2227/1732 1013/2228/1733 1009/2229/450
f 1009/2230/450 1011/2231/1730 1015/2232/1734
f 1017/2233/1735 1021/2234/1736 1019/2235/1737 1016/2236/1738
f 1009/2229/450 1015/2237/1734 1014/2226/1731
f 1023/2238/1739 1022/2239/1740 1019/2240/1737 1021/2241/1736
f 1023/2238/1739 1020/2242/1741 1018/2243/1742 1022/2239/1740
f 1025/2244/1743 1026/2245/1744 1040/506/453 1024/505/452
f 1028/2246/1745 1029/2247/1746 1039/2248/451 1030/2249/1747
f 1027/2250/1748 1039/2248/451 1029/2247/1746
f 1033/2251/1749 1036/2252/458 1031/2253/457 1032/2254/1750
f 1047/2255/1751 1042/514/460 1045/513/459 1046/516/462
f 1037/512/455 1036/511/458 1038/2256/1752
f 1035/509/456 1037/508/455 1038/2257/1752
f 1039/2258/451 1040/2259/453 1030/2260/1747
f 1013/2261/1733 1041/2262/448 1009/2230/450
f 1052/2263/1753 1050/520/466 1049/519/465 1051/2264/1754
f 1061/526/472 1062/527/473 1060/2265/1755 1064/524/470
f 1058/521/467 1057/2266/1756 1054/2267/1757
f 1056/523/469 1055/2268/1758 1058/521/467
f 1055/2268/1758 1057/2266/1756 1058/521/467
f 1069/529/475 1067/531/477 1065/2269/1759 1066/2270/1760
f 1079/2271/1761 1080/2272/1762 1078/2273/1763 1081/2274/1764
f 1074/2275/1765 1075/532/478 1073/534/480
f 1072/536/482 1075/532/478 1074/2275/1765
f 1078/2273/1763 1076/2276/1766 1077/2277/1767 1081/2274/1764
f 1086/538/484 1084/537/483 1082/2278/1768 1083/2279/1769
f 1090/2280/1770 1092/2281/1771 1094/2282/1772 1093/2283/1773
f 1094/2282/1772 1091/2284/1774 1088/2285/1775 1093/2283/1773
f 1094/2282/1772 1092/2281/1771 1089/2286/1776
f 1087/2287/1777 1091/2284/1774 1094/2282/1772
f 1099/541/487 1097/540/486 1095/2288/1778 1096/2289/1779
f 1104/544/490 1102/543/489 1100/2290/1780 1101/2291/1781
f 1110/546/492 1109/2292/1782 1105/2293/1783 1107/2294/1784
f 1109/2292/1782 1110/546/492 1108/548/494
f 1128/2295/1785 1127/2296/1786 1130/2297/1787 1129/2298/1788
f 1115/551/497 1114/550/496 1112/2299/1789
f 1115/551/497 1112/2299/1789 1111/2300/1790
f 1120/552/498 1116/555/501 1118/2301/1791
f 1134/2302/1792 1132/2303/1793 1131/2304/1794 1135/2305/1795
f 1126/2306/1796 1130/2297/1787 1127/2296/1786
f 1135/2305/1795 1133/2307/1797 1134/2302/1792
f 1137/2308/1798 1140/2309/1799 1141/562/508 1139/2310/1800
f 1144/2311/1801 1146/2312/1802 1147/2313/1803 1145/2314/1804
f 1138/563/509 1141/562/508 1140/2309/1799
f 1143/2315/1805 1142/2316/1806 1147/2313/1803 1146/2312/1802
f 1150/2317/1807 1152/2318/1808 1153/2319/1809 1151/2320/1810
f 1149/2321/1811 1148/2322/1812 1153/2319/1809 1152/2318/1808
f 1154/2323/1813 1157/2324/1814 1158/2325/1815 1156/2326/1816
f 1161/2327/1817 1163/2328/1818 1164/2329/1819 1162/2330/1820
f 1155/2331/1821 1158/2325/1815 1157/2324/1814
f 1160/2332/1822 1159/2333/1823 1164/2329/1819 1163/2328/1818
f 1167/2334/1824 1169/2335/1825 1170/2336/1826 1168/2337/1827
f 1166/2338/1828 1165/2339/1829 1170/2336/1826 1169/2335/1825
f 1172/2340/1830 1175/2341/1831 1176/565/511 1174/2342/1832
f 1179/2343/1833 1181/2344/1834 1182/2345/1835 1180/2346/1836
f 1173/566/512 1176/565/511 1175/2341/1831
f 1178/2347/1837 1177/2348/1838 1182/2345/1835 1181/2344/1834
f 1187/569/515 1183/2349/1839 1186/571/517 1188/567/513
f 1204/2350/518 1194/2351/1840 1192/2352/1841 1193/2353/1842
f 1191/574/520 1189/573/519 1190/2354/1843
f 1216/2355/1844 1217/2356/529 1214/2357/528 1215/2358/1845
f 1194/2351/1840 1204/2350/518 1195/2359/521
f 1197/2360/523 1198/2361/1846 1199/2362/1847
f 1202/580/524 1197/579/523 1199/2363/1847
f 1203/2364/1848 1202/2365/524 1200/2366/1849
f 1201/2367/1850 1203/2364/1848 1200/2366/1849
f 1203/2368/1848 1196/578/522 1202/580/524
f 1221/2369/531 1222/2370/1851 1219/2371/532
f 1210/2372/1852 1244/582/526 1207/581/525 1208/2373/1853
f 1215/2358/1845 1214/2357/528 1212/2374/1854 1213/2375/1855
f 1206/2376/1856 1219/2377/532 1222/2378/1851 1205/2379/1857
f 1209/2380/542 1212/2381/1854 1214/584/528
f 1225/2382/1858 1224/2383/1859 1227/2384/1860 1226/2385/1861
f 1221/590/531 1220/2386/1862 1222/2387/1851
f 1221/2388/531 1223/2389/1863 1220/2390/1862
f 1230/2391/1864 1234/2392/1865 1228/2393/536 1229/2394/535
f 1232/593/534 1233/2395/1866 1229/594/535
f 1233/2395/1866 1231/2396/1867 1229/594/535
f 1234/2397/1865 1230/2398/1864 1227/2399/1860 1224/2400/1859
f 1236/597/538 1240/596/537 1238/2401/1868 1237/2402/1869
f 1251/2403/546 1249/2404/1870 1250/2405/1871 1260/2406/543
f 1242/2407/541 1238/2408/1868 1240/2409/537
f 1239/2410/1872 1241/599/540 1240/601/537
f 1244/587/526 1210/2411/1852 1209/602/542
f 1244/587/526 1214/603/528 1243/588/530
f 1247/606/545 1245/605/544 1246/2412/1873
f 1250/2405/1871 1248/2413/1874 1260/2406/543
f 1259/2414/1875 1255/2415/1876 1256/2416/1877 1258/2417/1878
f 1252/2418/1879 1253/2419/1880 1254/2420/1881
f 1258/2421/1878 1252/2422/1879 1254/2420/1881 1257/2423/1882 1259/2424/1875
f 1275/2425/556 1271/2426/1883 1261/2427/1884
f 1275/2428/556 1261/2429/1884 1273/2430/557
f 1268/617/554 1269/616/553 1270/2431/1885
f 1268/619/554 1317/618/548 1264/2432/1886 1267/2433/552
f 1291/2434/1887 1292/2435/1888 1294/2436/1889 1293/2437/1890
f 1277/627/559 1276/2438/1891 1274/630/560
f 1280/633/563 1279/632/562 1278/2439/1892
f 1286/637/565 1287/2440/1893 1283/638/566
f 1287/2440/1893 1288/2441/1894 1283/638/566
f 1287/2440/1893 1284/2442/1895 1288/2441/1894
f 1282/2443/567 1283/642/566 1289/644/569
f 1280/636/563 1289/641/569 1285/634/564
f 1292/2444/1888 1296/2445/572 1298/2446/571 1294/2447/1889
f 1306/2448/576 1299/655/575 1305/654/577 1304/2449/1896
f 1295/2450/1897 1297/645/570 1296/647/572
f 1302/648/573 1301/2451/1898 1300/649/574
f 1307/2452/1899 1311/2453/1900 1309/2454/1901 1308/2455/1899
f 1313/2456/1902 1311/2457/1900 1314/2458/1903 1315/2459/1904
f 1315/2459/1904 1314/2458/1903 1310/2460/1905 1312/2461/1906
f 1319/2462/1907 1318/2463/1908 1323/2464/580 1324/2465/1909
f 1311/2466/1900 1313/2467/1902 1309/2468/1901
f 1317/621/548 1265/2469/547 1264/2470/1886
f 1321/2471/581 1323/2464/580 1318/2463/1908
f 1339/2472/1910 1335/670/587 1332/2473/592 1334/2474/1911
f 1323/658/580 1322/2475/1912 1324/2476/1909
f 1718/660/582 1323/2477/580 1320/661/579
f 1329/663/584 1336/2478/588 1328/664/585
f 1335/670/587 1338/669/589 1330/2479/593 1332/2473/592
f 1341/2480/1913 1340/2481/1914 1345/2482/665 1342/2483/664
f 1329/668/584 1331/2484/590 1335/666/587
f 1343/2485/1915 1341/2480/1913 1342/2483/664 1344/2486/1916
f 1508/2487/663 1507/2488/662 1348/2489/1917 1347/2490/1918
f 1346/2491/1919 1344/2492/1916 1342/2493/664
f 1350/678/597 1349/2494/1920 1352/2495/1921 1355/676/595
f 1355/2496/595 1352/2497/1921 1356/2498/599 1358/2499/1922
f 1362/2500/1923 1360/2501/602 1365/2502/1924 1366/2503/1925
f 1353/679/598 1357/2504/1926 1358/2499/1922
f 1356/2498/599 1353/679/598 1358/2499/1922
f 1360/683/602 1362/2505/1923 1361/2506/1927
f 1365/2502/1924 1360/2501/602 1363/2507/601
f 1369/2508/1928 1368/2509/1929 1371/2510/1930 1370/2511/1931
f 1365/2512/1924 1364/2513/1932 1366/2514/1925
f 1367/2515/1933 1364/2516/1932 1365/2517/1924
f 1375/2518/1934 1370/2519/1931 1371/2520/1930 1376/2521/1935
f 1371/2522/1930 1373/2523/1936 1372/2524/1937 1376/2525/1935
f 1374/2526/1938 1372/2527/1937 1373/2528/1936
f 1380/2529/1939 1378/2530/1940 1379/2531/1941 1381/2532/1942
f 1377/2533/1943 1379/2531/1941 1378/2530/1940
f 1379/2534/1941 1384/2535/1944 1383/2536/1945 1382/2537/1946
f 1379/2538/1941 1382/2539/1946 1381/2540/1942
f 1386/2541/1947 1385/2542/1948 1388/2543/1949 1394/2544/1950
f 1397/2545/1951 1395/2546/1952 1396/2547/610 1401/2548/609
f 1394/2544/1950 1387/2549/1953 1386/2541/1947
f 1393/2550/605 1394/2551/1950 1388/2552/1949
f 1389/2553/1954 1391/685/604 1390/687/606
f 1393/2550/605 1392/2554/607 1394/2551/1950
f 1401/2555/609 1399/2556/608 1400/2557/611 1403/2558/1955
f 1398/2559/612 1399/689/608 1396/691/610
f 1398/2560/612 1400/2557/611 1399/2556/608
f 1405/2561/1956 1404/2562/1957 1407/2563/1958 1406/2564/1959
f 1408/2565/617 1410/2566/1960 1413/695/614 1409/697/616
f 1412/2567/1961 1407/2568/1958 1404/2569/1957 1414/2570/618 1409/2571/616
f 1417/2572/1962 1416/2573/1963 1415/703/621 1418/702/620
f 1426/707/625 1428/712/630 1427/2574/1964 1429/710/628
f 1418/702/620 1419/2575/1965 1417/2572/1962
f 1418/702/620 1423/2576/1966 1419/2575/1965
f 1716/706/624 1717/704/622 1418/702/620
f 1418/702/620 1421/705/623 1423/2576/1966
f 1426/707/625 1430/711/629 1425/708/626
f 1434/2577/1967 1432/2578/1968 1439/718/636 1433/716/634
f 1433/716/634 1436/717/635 1435/2579/1969 1437/714/632
f 1438/715/633 1434/2577/1967 1433/716/634
f 1442/2580/1970 1440/2581/1971 1446/2582/1972 1441/721/639
f 1449/2583/1973 1448/2584/1974 1447/2585/643 1450/2586/642
f 1441/721/639 1445/720/638 1442/2580/1970
f 1443/2587/1975 1444/719/637 1441/721/639
f 1452/2588/641 1451/2589/1976 1454/2590/1977 1450/2591/642
f 1455/2592/1978 1450/2591/642 1454/2590/1977 1453/2593/1979
f 1458/2594/1980 1457/2595/1981 1456/2596/1982 1463/2597/1983
f 1464/2598/1984 1459/2599/1985 1461/2600/1986 1462/2601/1987
f 1464/2602/1984 1462/2603/1987 1463/2604/1983
f 1461/2600/1986 1460/2605/1988 1462/2601/1987
f 1469/2606/1989 1468/2607/1990 1470/2608/1991 1466/2609/644
f 1456/2610/1982 1464/2602/1984 1463/2604/1983
f 1469/2611/1989 1466/727/644 1465/729/646
f 1472/2612/1992 1471/2613/1993 1506/2614/1994 1473/2615/649
f 1480/2616/1995 1478/2617/1996 1479/2618/652 1483/2619/651
f 1506/2620/1994 1476/730/647 1473/732/649
f 1486/2621/1997 1485/2622/1997 1484/2623/1998 1487/2624/654
f 1482/733/650 1479/735/652 1481/2625/1999
f 1499/2626/2000 1498/2627/2001 1497/2628/2002 1500/2629/2003
f 1488/2630/2004 1489/736/653 1490/738/655
f 1484/2631/1998 1490/2632/655 1487/2633/654
f 1493/2634/656 1496/2635/660 1494/2636/659
f 1500/2637/2003 1502/2638/2005 1504/2639/2006 1505/2640/2007
f 1504/2639/2006 1501/2641/2008 1503/2642/2009 1505/2640/2007
f 1506/2643/1994 1474/2644/2010 1475/2645/2011 1476/2646/647
f 1497/2647/2002 1502/2648/2005 1500/2649/2003
f 1511/2650/2012 1512/2651/2013 1510/2652/2014 1509/2653/2015
f 1342/748/664 1508/747/663 1346/2654/1919
f 1515/2655/2016 1513/2656/667 1510/2657/2014 1512/2658/2013
f 1526/2659/2017 1525/2660/2018 1527/2661/2019 1523/2662/674
f 1513/751/667 1515/2663/2016 1514/752/668
f 1521/2664/2020 1522/2665/2021 1523/2666/674
f 1523/2666/674 1524/2667/673 1529/2668/2022
f 1527/2661/2019 1521/2669/2020 1523/2662/674
f 1526/2659/2017 1523/2662/674 1528/2670/2023
f 1522/2671/2021 1518/2672/670 1520/759/672 1523/761/674
f 1523/2666/674 1529/2668/2022 1528/2673/2023
f 1532/2674/2024 1534/2675/675 1530/2676/2025 1531/2677/2026
f 1715/764/677 1535/2678/2027 1530/2679/2025 1534/762/675
f 1534/2675/675 1532/2674/2024 1533/2680/2028
f 1537/2681/2029 1538/2682/2030 1715/2683/677 1536/2684/676
f 1535/2685/2027 1715/2683/677 1538/2682/2030
f 1542/2686/2031 1547/2687/2032 1541/2688/2033 1540/2689/2034
f 1541/2688/2033 1539/2690/2035 1540/2689/2034
f 1544/770/679 1548/769/682 1541/2691/2033 1547/2692/2032
f 1557/2693/2036 1556/2694/687 1550/2695/683 1552/2696/685
f 1554/2697/686 1549/2698/2037 1550/772/683
f 1554/2699/686 1550/2695/683 1556/2694/687
f 1568/784/695 1566/2700/2038 1565/2701/2039 1567/782/693
f 1556/776/687 1557/2702/2036 1555/2703/2040
f 1556/2694/687 1555/2704/2040 1558/2705/2041
f 1560/779/690 1562/2706/2042 1563/781/692
f 1569/2707/697 1559/2708/689 1561/785/691 1564/787/694
f 1573/2709/2043 1574/2710/2044 1572/793/700 1571/792/699
f 1576/2711/702 1579/2712/2045 1580/798/703 1572/797/700
f 1572/2713/700 1574/2714/2044 1577/2715/701
f 1582/2716/2046 1584/2717/712 1586/2718/705 1581/2719/2047
f 1588/801/706 1587/2720/709 1585/2721/708 1593/802/707
f 1582/2716/2046 1583/2722/2048 1584/2717/712
f 1587/804/709 1592/2723/2049 1590/2724/2050
f 1587/2720/709 1588/801/706 1592/2725/2049
f 1596/2726/2051 1600/2727/2052 1595/2728/2053 1594/2729/2054
f 1603/2730/2055 1601/2731/2056 1597/2732/2057 1598/2733/2058
f 1598/2734/2058 1595/2735/2053 1600/2736/2052
f 1598/2737/2058 1600/2738/2052 1599/2739/2059
f 1599/2740/2059 1602/2741/2060 1603/2730/2055 1598/2733/2058
f 1606/2742/2061 1607/2743/2062 1604/2744/2063 1605/2745/2064
f 1612/2746/2065 1611/2747/2066 1614/2748/2067 1610/810/713
f 1610/810/713 1615/812/715 1612/2746/2065
f 1610/2749/713 1609/2750/2068 1608/2751/714
f 1610/2749/713 1616/2752/2069 1609/2750/2068
f 1616/2753/2069 1604/2754/2063 1607/2755/2062 1613/2756/2070 1609/2757/2068
f 1622/815/718 1617/817/720 1619/816/719
f 1628/2758/2071 1629/823/726 1627/822/725 1626/2759/2072
f 1623/820/723 1622/815/718 1624/821/724
f 1627/822/725 1632/2760/2073 1630/2761/2074 1631/2762/2075
f 1636/2763/2076 1639/2764/2077 1637/2765/2078 1638/2766/2079
f 1632/2760/2073 1627/822/725 1633/824/727
f 1631/2762/2075 1634/2767/2080 1627/822/725
f 1641/2768/2081 1635/2769/2082 1636/2763/2076
f 1643/2770/2083 1649/826/729 1648/2771/2084 1642/2772/2085
f 1639/2764/2077 1636/2763/2076 1640/2773/2086
f 1638/2766/2079 1641/2768/2081 1636/2763/2076
f 1644/2774/2087 1647/2775/2088 1649/826/729 1643/2770/2083
f 1655/2776/2089 1653/2777/2090 1654/2778/734 1656/2779/733
f 1646/827/730 1649/826/729 1647/2775/2088
f 1656/830/733 1651/829/732 1652/2780/2091
f 1659/2781/2092 1664/2782/735 1657/2783/2093 1658/2784/2094
f 1662/836/737 1660/2785/2095 1663/2786/2096 1664/834/735
f 1668/2787/2097 1666/839/740 1665/838/739 1667/2788/2098
f 1663/2789/2096 1657/2790/2093 1664/2791/735
f 1666/2792/740 1668/2793/2097 1672/2794/2099
f 1666/841/740 1672/2795/2099 1671/2796/2100
f 1674/2797/2101 1675/2798/2102 1679/2799/2103
f 1678/2800/742 1673/2801/2104 1674/2802/2101 1679/2803/2103 1714/2804/743
f 1685/2805/2105 1686/2806/2106 1681/2807/747 1687/2808/2107
f 1681/2809/747 1683/2810/746 1687/2811/2107
f 1684/2812/2108 1681/2807/747 1686/2806/2106
f 1693/2813/2109 1688/2814/2110 1689/2815/2111 1690/2816/2111
f 1695/2817/2112 1692/2818/2113 1691/2819/2114 1694/2820/2115
f 1694/2820/2115 1693/2821/2109 1695/2817/2112
f 1699/2822/2116 1700/2823/2117 1698/852/751 1697/851/750
f 1694/2824/2115 1688/2825/2110 1693/2826/2109
f 1703/2827/2118 1701/2828/2119 1702/2829/2120 1698/2830/751
f 1702/2831/2120 1696/2832/749 1698/2833/751
f 1706/2834/2121 1707/2835/2122 1704/2836/2123 1705/2837/2124
f 1711/2838/2125 1713/2839/2126 1712/2840/2127 1709/2841/2128
f 1710/2842/2129 1708/2843/2130 1712/2840/2127 1713/2839/2126
f 1709/2844/2128 1704/2845/2123 1707/2846/2122 1711/2847/2125
f 1323/2477/580 1718/660/582 1326/2848/2131 1322/2849/1912
f 1676/845/744 1714/844/743 1677/2850/2132
f 1729/2851/2133 1728/2852/2134 1733/2853/2135 1730/2854/2136
f 1720/2855/2137 1723/855/754 1721/857/756
f 1754/860/758 1723/859/754 1720/2856/2137
f 1726/861/759 1727/2857/757 1725/862/760
f 1733/2858/2135 1735/2859/2138 1736/2860/2139 1730/2861/2136
f 1730/2854/2136 1731/2862/2140 1729/2851/2133
f 1736/2860/2139 1735/2859/2138 1732/2863/2141 1734/2864/2142
f 1737/872/766 1742/2865/2143 1741/2866/2144 1743/870/767
f 1737/2867/766 1740/864/762 1738/866/764
f 1747/2868/2145 1746/2869/2146 1745/2870/2147 1748/2871/2148
f 1750/2872/2149 1752/2873/769 1748/2874/2148 1745/2875/2147
f 1753/875/770 1752/874/769 1750/2876/2149
f 1749/2877/2150 1751/873/768 1753/875/770
f 1997/2878/871 1758/2879/2151 1757/2880/2152 1760/2881/772
f 1945/2882/842 1947/2883/2153 1946/2884/843
f 1765/2885/2154 1764/2886/2155 1763/2887/771
f 1757/2880/2152 1761/2888/775 1760/2881/772
f 1759/2889/774 1763/2887/771 1764/2886/2155 1762/2890/2156
f 1947/2891/2153 1945/2892/842 1756/2893/2157 1755/2894/2158
f 1766/2895/2159 1769/2896/2160 1771/886/778 1770/885/777
f 1767/2897/2161 1768/884/776 1771/886/778
f 1773/2898/2162 1772/2899/2163 1775/2900/2164 1774/2901/2165
f 1777/2902/2166 1779/891/783 1781/887/779 1780/889/781
f 1784/2903/2167 1786/2904/2168 1787/2905/2169 1785/2906/2170
f 1783/2907/2171 1782/2908/2172 1787/2905/2169 1786/2904/2168
f 1790/2909/2173 1792/2910/2174 1793/2911/2175 1791/2912/2176
f 1789/2913/2177 1788/2914/2178 1793/2911/2175 1792/2910/2174
f 1796/2915/2179 1799/2916/2180 1800/893/785 1798/2917/2181
f 1795/2918/2182 1797/894/786 1800/893/785 1799/2916/2180
f 1803/2919/2183 1805/2920/2184 1806/2921/2185 1804/2922/2186
f 1805/2920/2184 1802/2923/2187 1801/2924/2188 1806/2921/2185
f 1809/2925/2189 1811/2926/2190 1812/2927/2191 1810/2928/2192
f 1811/2926/2190 1808/2929/2193 1807/2930/2194 1812/2927/2191
f 1817/2931/2195 1819/896/788 1818/895/787 1814/2932/2196
f 1819/896/788 1817/2931/2195 1815/2933/2197
f 1822/2934/2198 1824/2935/2199 1825/2936/2200 1823/2937/2201
f 1824/2935/2199 1821/2938/2202 1820/2939/2203 1825/2936/2200
f 1828/2940/2204 1830/2941/2205 1831/2942/2206 1829/2943/2207
f 1830/2941/2205 1827/2944/2208 1826/2945/2209 1831/2942/2206
f 1839/2946/2210 1842/2947/2211 1843/905/797 1841/2948/2212
f 1835/902/794 1832/2949/2213 1837/899/791
f 1834/903/795 1837/899/791 1836/901/793
f 1848/909/801 1845/2950/2214 1844/2951/2215 1849/907/799
f 1840/906/798 1843/905/797 1842/2947/2211
f 1844/2951/2215 1846/2952/2216 1849/907/799
f 1854/910/802 1853/912/804 1851/2953/2217 1852/2954/2218
f 1864/917/809 1862/916/808 1860/2955/2219 1861/2956/2220
f 1859/915/807 1856/914/806 1855/2957/2221
f 1857/2958/2222 1858/913/805 1859/915/807
f 1873/2959/2223 1874/2960/2224 1872/2961/2225 1875/2962/2226
f 1869/919/811 1868/2963/2227 1866/920/812
f 1867/2964/2228 1868/2963/2227 1869/919/811
f 1872/2961/2225 1870/2965/2229 1871/2966/2230 1875/2962/2226
f 1878/924/816 1876/2967/2231 1877/2968/2232 1880/922/814
f 1885/927/819 1882/2969/2233 1886/2970/2234 1887/925/817
f 1890/930/822 1888/2971/2235 1889/2972/2236 1892/931/823
f 1886/2970/2234 1884/929/821 1887/925/817
f 1895/935/827 1893/2973/2237 1894/2974/2238 1897/933/825
f 1900/2975/2239 1902/2976/2240 1904/2977/2241 1903/2978/2242
f 1904/2977/2241 1901/2979/2243 1899/2980/2244 1903/2978/2242
f 1898/2981/2245 1901/2979/2243 1904/2977/2241
f 1908/2982/2246 1909/2983/2247 1907/2984/2248 1910/2985/2249
f 1907/2984/2248 1905/2986/2250 1906/2987/2251 1910/2985/2249
f 1914/2988/2252 1915/2989/2253 1917/2990/2254 1916/2991/2255
f 1917/2990/2254 1911/2992/2256 1912/2993/2257 1916/2991/2255
f 1917/2990/2254 1915/2989/2253 1913/2994/2258
f 1924/937/829 1921/2995/2259 1918/2996/2260 1923/2997/2261
f 1924/937/829 1923/2997/2261 1920/2998/2262
f 1922/936/828 1921/2995/2259 1924/937/829
f 1926/2999/2263 1925/3000/2264 1928/3001/2265 1930/939/831
f 1930/939/831 1929/941/833 1926/2999/2263
f 1936/942/834 1934/944/836 1931/3002/2266 1935/3003/2267
f 1936/942/834 1935/3003/2267 1933/3004/2268
f 1943/945/837 1939/3005/2269 1937/3006/2270 1941/949/841
f 1943/945/837 1942/947/839 1939/3005/2269
f 1953/3007/2271 1950/3008/2272 1951/3009/2273 1952/3010/2274
f 1949/953/845 1944/3011/844 1946/954/843
f 1950/3012/2272 1953/3013/2271 1958/959/850 1960/961/852
f 1956/956/847 1954/3014/853 1955/957/848
f 1957/3015/2275 1956/956/847 1959/958/849
f 1960/963/852 1961/3016/851 1955/964/848
f 1965/3017/855 1962/3018/2276 1963/3019/2276 1964/3020/2277
f 1968/3021/2278 1965/3017/855 1964/3020/2277 1966/3022/2279
f 1974/3023/2280 1976/972/859 1972/971/858 1973/3024/2281
f 1965/966/855 1968/3025/2278 1970/967/856
f 1982/3026/2282 1980/3027/2283 1979/3028/2284 1981/3029/2285
f 1976/3030/859 1974/3031/2280 1978/3032/2286
f 1977/976/862 1976/975/859 1978/3033/2286
f 1980/3034/2283 1985/3035/2287 1983/3036/2288 1984/3037/2289
f 1980/3038/2283 1982/3039/2282 1986/3040/2290
f 2000/3041/874 2159/3042/875 2003/3043/2291 2001/3044/872
f 1985/3035/2287 1980/3034/2283 1986/3045/2290
f 1987/3046/2292 1988/977/863 1990/979/865
f 1994/983/867 1990/3047/865 1992/984/866
f 1991/987/870 1994/983/867 1995/985/868
f 2000/992/874 1999/991/873 1998/3048/2293
f 2158/3049/876 2159/3042/875 2000/3041/874
f 2011/1001/881 2008/3050/2294 2010/3051/2295 2013/1002/882
f 2006/3052/2296 2012/3053/2297 2007/3054/2298
f 2011/3055/881 2012/3056/2297 2006/3057/2296 2008/3058/2294
f 2011/3055/881 2009/3059/2299 2012/3056/2297
f 2031/3060/892 2027/3061/891 2025/3062/2300 2023/3063/2301
f 2021/3064/887 2017/3065/2302 2016/1004/884
f 2020/1006/886 2019/3066/2303 2021/1009/887
f 2022/3067/2304 2019/3068/2303 2020/3069/886
f 2023/3070/2301 2025/3071/2300 2024/3072/2305
f 2029/3073/2306 2030/1010/888 2028/1012/890
f 2035/3074/2307 2033/3075/2308 2034/3076/895 2038/3077/894
f 2032/3078/2309 2034/3076/895 2033/3075/2308
f 2042/3079/2310 2041/3080/2311 2046/3081/901 2044/3082/2312
f 2054/3083/2313 2052/3084/2314 2053/3085/906 2056/3086/905
f 2044/3082/2312 2043/3087/2315 2042/3079/2310
f 2049/3088/2316 2048/1031/903 2050/1030/902
f 2048/3089/903 2051/3090/2317 2047/1028/900
f 2045/1027/899 2048/3089/903 2047/1028/900
f 2046/3091/901 2047/3092/900 2044/3093/2312
f 2061/3094/2318 2060/3095/2319 2063/3096/2320 2062/3097/2321
f 2059/1039/908 2058/3098/2322 2056/1040/905
f 2065/3099/2323 2066/1045/912 2069/1047/909
f 2069/1042/909 2068/3100/913 2070/1043/910
f 2067/3101/2324 2063/3102/2320 2060/3103/2319 2064/3104/911 2070/3105/910
f 2073/3106/2325 2072/3107/2326 2071/1049/915 2074/1048/914
f 2082/1054/920 2087/3108/2327 2084/1059/925 2085/1058/924
f 2074/1048/914 2075/3109/2328 2073/3106/2325
f 2318/1053/919 2319/1051/917 2074/1048/914
f 2082/1054/920 2086/1060/926 2081/1055/921
f 2097/3110/2329 2096/3111/2330 2095/3112/935 2098/3113/934
f 2094/1066/932 2089/1061/927 2088/1063/929
f 2089/1061/927 2093/3114/2331 2090/1062/928
f 2097/3110/2329 2098/3113/934 2104/3115/2332 2099/3116/2333
f 2101/3117/933 2100/3118/2334 2103/3119/2335 2098/3120/934
f 2104/3121/2332 2098/3120/934 2103/3119/2335 2102/3122/2336
f 2107/3123/2337 2106/3124/2338 2105/3125/2339 2108/3126/937
f 2114/3127/2340 2115/3128/2341 2117/3129/2342 2116/3130/2343
f 2112/1072/938 2108/1071/937 2111/1073/939
f 2112/1072/938 2110/3131/2344 2113/1070/936
f 2105/3132/2339 2111/3133/939 2108/3134/937
f 2118/3135/2345 2115/3128/2341 2114/3127/2340
f 2136/3136/951 2138/3137/2346 2134/3138/2347 2135/3139/2348
f 2115/3140/2341 2119/3141/2349 2117/3142/2342
f 2156/3143/2350 2157/1078/944 2121/1080/943
f 2125/3144/947 2130/3145/946 2126/3146/2351
f 2127/3147/2352 2129/1081/945 2125/1083/947
f 2129/1081/945 2128/3148/2353 2130/3149/946
f 2133/1084/948 2137/3150/952 2132/1085/949
f 2148/3151/2354 2147/3152/2355 2146/3153/2356 2149/3154/2357
f 2138/3155/2346 2136/1087/951 2133/1089/948
f 2141/1092/955 2140/1091/954 2139/3156/2358
f 2153/3157/2359 2151/3158/2360 2154/3159/2361 2155/3160/2362
f 2154/3159/2361 2150/3161/2363 2152/3162/2364 2155/3160/2362
f 2151/3163/2360 2153/3164/2359 2149/3165/2357 2146/3166/2356
f 2157/1078/944 2156/3143/2350 2122/3167/2365 2123/3168/2366
f 2163/3169/2367 2164/3170/2368 2162/1102/961 2161/1101/960
f 2159/993/875 2004/3171/879 2003/3172/2291
f 2168/3173/2369 2169/3174/2370 2317/3175/963 2166/3176/1031
f 2162/1104/961 2164/3177/2368 2167/3178/1030
f 2165/3179/964 2317/3175/963 2169/3174/2370
f 2173/3180/2371 2176/3181/2372 2175/1111/967 2172/1110/966
f 2170/1109/965 2171/3182/2373 2172/1110/966
f 2179/3183/2374 2177/3184/969 2175/3185/967 2181/3186/2375
f 2175/3185/967 2176/3187/2372 2181/3186/2375
f 2177/3184/969 2174/3188/968 2180/3189/2376 2175/3185/967
f 2185/3190/2377 2186/3191/2378 2184/3192/2379 2183/3193/2380
f 2184/3192/2379 2182/3194/2381 2183/3193/2380
f 2189/3195/2382 2188/3196/2383 2190/3197/2384 2184/3198/2379
f 2184/3199/2379 2186/3200/2378 2189/3201/2382
f 2187/3202/2385 2184/3198/2379 2190/3197/2384
f 2193/3203/2386 2194/3204/978 2200/3205/973 2192/3206/2387
f 2187/3207/2385 2190/3208/2384 2191/3209/2388
f 2203/3210/2389 2204/3211/980 2205/3212/979 2202/3213/2390
f 2199/3214/977 2195/1118/974 2197/1120/976
f 2200/1121/973 2201/3215/972 2195/1122/974
f 2216/3216/2391 2217/3217/2392 2214/3218/986 2220/3219/985
f 2206/3220/982 2205/3221/979 2207/3222/981
f 2209/3223/2393 2210/3224/2394 2211/3225/2395
f 2211/3225/2395 2212/3226/2396 2218/3227/984
f 2214/3218/986 2217/3217/2392 2215/3228/2397 2219/3229/2398
f 2213/3230/2399 2209/3231/2393 2211/3232/2395 2218/1131/984 2214/1133/986
f 2228/3233/2400 2225/3234/992 2224/3235/2401 2226/3236/988
f 2224/3237/2401 2222/3238/989 2226/3239/988
f 2232/3240/2402 2233/3241/2403 2230/3242/2404 2231/3243/2405
f 2229/1140/993 2225/1139/992 2228/3244/2400
f 2241/1145/998 2245/3245/2406 2243/3246/2407 2244/3247/2408
f 2234/3248/2409 2233/3249/2403 2239/3250/2410
f 2235/1144/997 2234/3251/2409 2238/1142/995
f 2238/3252/995 2234/3248/2409 2239/3250/2410
f 2234/3253/2409 2230/3254/2404 2233/3255/2403
f 2241/1145/998 2240/3256/2411 2242/1146/999
f 2249/1149/1002 2250/1148/1001 2256/3257/2412 2248/3258/2413
f 2245/3245/2406 2241/1145/998 2246/1147/1000
f 2244/3247/2408 2247/3259/2414 2241/1145/998
f 2259/1155/1008 2260/1154/1007 2257/3260/1010 2258/3261/2415
f 2252/1152/1005 2253/3262/2416 2250/1148/1001
f 2254/1153/1006 2250/1148/1001 2255/1151/1004
f 2253/3262/2416 2256/3257/2412 2250/1148/1001
f 2263/3263/2417 2261/3264/2418 2262/3265/1011 2260/3266/1007
f 2267/3267/2419 2271/3268/2420 2266/3269/2421 2265/3270/2422
f 2260/3266/1007 2264/3271/1009 2263/3263/2417
f 2274/3272/2423 2275/3273/1018 2272/3274/2424 2273/3275/2425
f 2269/1160/1012 2266/3276/2421 2270/1161/1013
f 2266/3276/2421 2271/3277/2420 2270/1161/1013
f 2277/3278/1015 2272/3279/2424 2275/1166/1018 2315/1168/1016
f 2283/3280/2426 2284/3281/2427 2282/3282/2428 2281/3283/2429
f 2282/3284/2428 2287/3285/2430 2285/3286/2431 2286/3287/2432
f 2282/3288/2428 2284/3289/2427 2288/3290/2433
f 2291/3291/2434 2295/3292/1021 2289/3293/2435 2290/3294/2434
f 2282/3284/2428 2288/3295/2433 2287/3285/2430
f 2303/3296/2436 2300/3297/2437 2301/3298/2438 2298/3299/2439
f 2293/3300/2440 2295/1170/1021 2296/1172/1023
f 2294/1174/1025 2296/1172/1023 2297/1171/1022
f 2293/3301/2440 2289/3302/2435 2295/3303/1021
f 2298/3304/2439 2299/3305/2441 2304/3306/2442
f 2304/3307/2442 2302/3308/2443 2303/3296/2436 2298/3299/2439
f 2307/3309/2444 2308/3310/1029 2305/3311/2445 2306/3312/2446
f 2311/3313/2447 2309/3314/2448 2313/1175/1026 2312/1177/1028
f 2312/1177/1028 2314/3315/2449 2311/3313/2447
f 2319/1051/917 2318/1053/919 2076/3316/2450 2077/3317/2451
f 2310/1180/1027 2305/3318/2445 2308/1178/1029
f 2276/1169/1020 2315/1164/1016 2278/3319/2452
f 2317/1107/963 2162/3320/961 2167/1181/1030
f 2316/1106/962 2162/3320/961 2317/1107/963
f 2323/3321/2453 2321/3322/2454 2322/3323/1032 2324/3324/2455
f 2320/3325/1033 2322/3323/1032 2321/3322/2454
f 2326/3326/1038 2325/3327/2456 2327/3328/2457 2322/3329/1032
f 2328/3330/2458 2324/3331/2455 2322/1183/1032
f 2330/3332/2459 2329/3333/2460 2333/3334/2461 2331/3335/2462
f 2327/3328/2457 2328/3336/2458 2322/3329/1032
f 2333/3337/2461 2335/3338/2463 2336/3339/2464 2331/3340/2462
f 2336/3339/2464 2335/3338/2463 2332/3341/2465 2334/3342/2466
f 2340/3343/2467 2338/3344/2468 2339/3345/2469 2341/3346/2470
f 2337/3347/2471 2339/3345/2469 2338/3344/2468
f 2337/3348/2471 2344/3349/2472 2343/3350/2473 2345/3351/2474
f 2344/3349/2472 2337/3348/2471 2342/3352/2475
f 2348/3353/2476 2347/3354/2477 2346/3355/2478 2349/3356/2479
f 2352/3357/1036 2349/3358/2479 2346/3359/2478 2353/3360/1037
f 2350/3361/2480 2351/1186/1035 2353/1188/1037
f 2366/1198/1047 2364/3362/2481 2363/3363/2482 2367/1199/1048
f 2345/3364/2474 2339/3365/2469 2337/3366/2471
f 2360/1191/1040 2355/1195/1044 2358/1192/1041
f 2361/3367/2483 2358/1192/1041 2355/1195/1044
f 2375/3368/2484 2376/1209/1058 2379/1208/1057 2378/1207/1056
f 2373/1200/1049 2372/1202/1051 2370/1205/1054
f 2383/1212/1061 2381/3369/2485 2380/3370/2486 2384/1213/1062
f 2392/3371/2487 2391/3372/2488 2395/3373/2489 2394/3374/2490
f 2390/1216/1065 2388/1215/1064 2386/3375/2491
f 2389/1214/1063 2390/1216/1065 2387/1218/1067
f 2395/3373/2489 2393/3376/2492 2394/3374/2490
f 2399/3377/2493 2397/3378/2494 2396/3379/2495 2400/3380/2496
f 2400/3380/2496 2398/3381/2497 2399/3377/2493
f 2404/3382/2498 2407/3383/2499 2408/1220/1069 2406/3384/2500
f 2402/3385/2501 2405/1221/1070 2408/1220/1069 2407/3383/2499
f 2403/3386/2502 2406/3384/2500 2408/1220/1069
f 2411/3387/2503 2413/3388/2504 2414/3389/2505 2412/3390/2506
f 2413/3388/2504 2410/3391/2507 2409/3392/2508 2414/3389/2505
f 2417/3393/2509 2419/3394/2510 2420/3395/2511 2418/3396/2512
f 2419/3394/2510 2416/3397/2513 2415/3398/2514 2420/3395/2511
f 2426/1224/1073 2423/3399/2515 2421/3400/2516 2425/1222/1071
f 2426/1224/1073 2424/1223/1072 2422/3401/2517
f 2430/1227/1076 2428/3402/2518 2427/3403/2519 2431/1225/1074
f 2442/3404/2520 2443/3405/2521 2445/3406/2522 2444/3407/2523
f 2435/1232/1081 2436/1228/1077 2432/1230/1079
f 2440/3408/2524 2439/3409/2525 2438/3410/2526
f 2440/3408/2524 2438/3410/2526 2437/3411/2527
f 2450/1234/1083 2448/1233/1082 2446/3412/2528 2447/3413/2529
f 2445/3406/2522 2443/3405/2521 2441/3414/2530
f 2460/3415/2531 2461/3416/2532 2459/3417/2533 2462/3418/2534
f 2456/1236/1085 2455/1240/1089 2453/1237/1086
f 2451/3419/2535 2454/1239/1088 2456/1236/1085
f 2459/3417/2533 2457/3420/2536 2458/3421/2537 2462/3418/2534
f 2466/3422/2538 2467/3423/2539 2465/3424/2540 2468/3425/2541
f 2465/3424/2540 2463/3426/2542 2464/3427/2543 2468/3425/2541
f 2471/3428/2544 2473/3429/2545 2470/1243/1092 2474/1242/1091
f 2478/3430/2546 2479/3431/2547 2477/3432/2548 2480/3433/2549
f 2469/3434/2550 2472/1241/1090 2470/1243/1092
f 2477/3432/2548 2475/3435/2551 2476/3436/2552 2480/3433/2549
f 2484/3437/2553 2485/3438/2554 2483/3439/2555 2486/3440/2556
f 2483/3439/2555 2481/3441/2557 2482/3442/2558 2486/3440/2556
f 2488/3443/2559 2490/3444/2560 2492/1246/1095 2491/1245/1094
f 2496/3445/2561 2497/3446/2562 2495/3447/2563 2498/3448/2564
f 2487/3449/2565 2489/1244/1093 2492/1246/1095
f 2495/3447/2563 2493/3450/2566 2494/3451/2567 2498/3448/2564
f 2502/3452/2568 2503/1247/1096 2501/1249/1098 2499/3453/2569
f 2504/1258/1103 2509/3454/2570 2508/3455/2571 2510/1256/1104
f 2504/3456/1103 2507/1250/1099 2505/1252/1101
f 2514/3457/2572 2513/3458/2573 2512/3459/2574 2515/3460/2575
f 2517/3461/2576 2519/3462/2577 2518/3463/2578 2516/3464/2579
f 2519/3465/2577 2517/3466/2576 2515/3467/2575 2512/3468/2574
f 2528/3469/1109 2531/3470/1108 2530/3471/2580 2529/3472/2581
f 2533/3473/1112 2536/3474/1115 2535/3475/1113
f 2524/3476/1127 2528/3469/1109 2529/3472/2581 2527/3477/2582
f 2522/1259/1105 2526/3478/1111 2528/3479/1109
f 2522/1259/1105 2528/3479/1109 2525/1260/1106
f 2536/3480/1115 2533/3481/1112 2521/3482/2583 2520/3483/2584
f 2540/3484/2585 2541/3485/1118 2538/3486/2586 2539/3487/2587
f 2550/3488/2588 2552/1281/1123 2548/1280/1122 2549/3489/2589
f 2544/3490/2590 2542/3491/1121 2543/3492/2591
f 2544/3490/2590 2545/3493/1120 2542/3491/1121
f 2546/3494/1119 2541/3495/1118 2540/3496/2585
f 2557/1297/1133 2562/3497/2592 2561/3498/2593 2563/1295/1134
f 2552/3499/1123 2550/3500/2588 2554/3501/2594
f 2553/1285/1126 2552/1284/1123 2554/3502/2594
f 2557/3503/1133 2560/1289/1129 2558/1291/1131
f 2569/3504/2595 2572/3505/2596 2570/3506/2597 2568/3507/2598
f 2569/3508/2595 2571/3509/1138 2567/3510/1135
f 2578/3511/1172 2575/3512/2599 2574/3513/2600 2577/3514/1142
f 2572/3515/2596 2569/3508/2595 2567/3510/1135
f 2573/3516/1145 2584/3517/2601 2589/3518/1146
f 2586/3519/1148 2573/1311/1145 2588/1313/1147
f 2583/3520/2602 2582/1302/1139 2581/1304/1141
f 2574/3513/2600 2579/3521/1144 2577/3514/1142
f 2576/3522/1171 2577/1306/1142 2581/1305/1141 2580/3523/1140
f 2587/3524/1150 2590/3525/2603 2591/3526/2604 2588/3527/1147
f 2591/3526/2604 2585/3528/1149 2588/3527/1147
f 2595/3529/2605 2592/3530/2606 2593/3531/2607 2594/3532/2608
f 2603/1321/1153 2599/3533/2609 2600/3534/2610 2602/1319/1151
f 2602/1319/1151 2596/3535/1157 2598/1320/1152
f 2592/3536/2606 2595/3537/2605 2601/1322/1154 2597/1324/1156
f 2598/1327/1152 2597/1326/1156 2604/3538/1155
f 2608/3539/2611 2610/1329/1159 2606/1328/1158 2607/3540/2612
f 2619/3541/1164 2617/3542/2613 2618/3543/2614 2616/3544/1165
f 2610/3545/1159 2608/3546/2611 2612/3547/2615
f 2611/1333/1162 2610/1332/1159 2612/3548/2615
f 2613/3549/2616 2614/3550/2617 2615/3551/1163
f 2613/3552/2616 2615/1334/1163 2616/1336/1165
f 2626/3553/2618 2623/3554/2619 2620/3555/2620 2621/3556/2620
f 2627/1337/1166 2623/3557/2619 2625/1338/1167
f 2624/1341/1170 2627/1337/1166 2628/1339/1168
f 2625/3558/1167 2623/3559/2619 2626/3560/2618
o construction.022_Cube.031
v -0.221512 7.359496 3.634962
v 0.769308 7.359491 3.506376
v 0.749285 7.359491 3.764861
v -0.220701 2.882793 3.635011
v 0.759476 2.865995 3.635707
v -0.221512 7.359497 7.255904
v 0.769308 7.359491 7.127317
v 0.749285 7.359492 7.385804
v -0.220701 2.882794 7.255952
v 0.759476 2.865996 7.256649
v -0.475336 7.045046 7.688368
v 1.027912 7.173634 7.688362
v 0.997522 6.915149 7.688363
v -0.473572 7.044999 3.211653
v 1.013552 7.044305 3.194860
v -0.508034 3.159324 7.688367
v 1.061214 3.287913 7.688363
v 1.029490 3.029427 7.688362
v -0.506157 3.159277 3.211653
v 1.046259 3.158584 3.194861
v -27.064377 10.324889 -7.508035
v -25.841152 10.324883 -7.666781
v -25.865871 10.324883 -7.347667
v -27.063374 4.798152 -7.507975
v -25.853294 4.777413 -7.507116
v -27.064377 10.324889 -3.037782
v -25.841152 10.324883 -3.196529
v -25.865871 10.324883 -2.877414
v -27.063374 4.798153 -3.037722
v -25.853294 4.777414 -3.036863
v -27.377735 9.936683 -2.503882
v -25.521893 10.095432 -2.503888
v -25.559410 9.776317 -2.503888
v -27.375557 9.936625 -8.030634
v -25.539623 9.935768 -8.051365
v -27.418100 5.139544 -2.503881
v -25.480782 5.298295 -2.503888
v -25.519943 4.979179 -2.503888
v -27.415785 5.139487 -8.030633
v -25.499241 5.138632 -8.051365
v 0.198067 16.270704 -2.309900
v 0.219505 -0.924232 -2.315564
v 0.728714 15.881594 -2.257313
v -0.386328 -0.375245 -2.146410
v 0.134075 16.730890 -1.757637
v 0.348454 -0.423473 -2.898284
v 0.100639 15.952869 -2.897922
v 0.716696 -0.394121 -1.938045
v -0.265745 15.973873 -2.097680
v 0.219658 12.888834 -8.106338
v 0.197912 -0.924232 -8.101985
v 0.812967 -0.375341 -8.233864
v 0.137251 12.594769 -8.687725
v 0.034483 -0.423617 -7.528443
v 0.311012 12.581826 -7.533496
v -0.282598 12.523017 -7.997968
v -0.275530 -0.394267 -8.509061
v 0.714462 12.583982 -8.234308
v -26.321350 12.974861 -8.106338
v -26.343098 -0.838205 -8.101985
v -25.728043 -0.289314 -8.233864
v -26.403759 12.680795 -8.687724
v -26.506527 -0.337590 -7.528443
v -26.229996 12.667852 -7.533496
v -26.823608 12.609041 -7.997968
v -26.816540 -0.308241 -8.509061
v -25.826548 12.670007 -8.234307
v -26.384951 16.270704 -2.309900
v -26.363512 -0.924232 -2.315564
v -26.763874 -0.336164 -1.910020
v -26.924030 -0.361137 -2.450064
v -26.267191 15.976530 -1.734582
v -26.234566 -0.423473 -2.898284
v -26.482380 15.952869 -2.897922
v -25.891266 15.908468 -2.424387
v -25.866251 -0.394086 -1.938056
v -26.871048 15.966003 -2.152031
v -27.660320 10.330187 13.262607
v -26.682648 10.330185 13.262510
v -0.193333 9.869137 13.262213
v 0.942234 9.869218 13.256079
v -27.665726 -0.010665 13.165252
v -26.681011 -0.011037 13.262466
v -27.652424 -0.010038 13.359947
v 0.951559 -0.011384 13.139404
v 0.942310 -0.010119 13.381135
v -0.193453 -0.011121 13.261940
v -12.119312 -0.010476 -13.097199
v -12.106359 -0.011977 -13.300220
v -13.104433 -0.011064 -13.199724
v -12.110780 9.732221 -13.196813
v -13.104415 9.732231 -13.199139
v -0.193453 -0.011125 -13.180118
v 0.942310 -0.010123 -13.060922
v 0.951559 -0.011389 -13.302651
v -27.652424 -0.010042 -13.082109
v -26.681011 -0.011041 -13.179590
v -27.665726 -0.010670 -13.276804
v 0.942234 9.869214 -13.185979
v -0.193333 9.869133 -13.179845
v -26.682648 10.330181 -13.179546
v -27.660320 10.330183 -13.179451
v 0.419027 9.910352 -7.881347
v 0.529036 10.292207 -7.919511
v 0.425896 10.354005 -2.575416
v 0.418247 9.871482 -2.434619
v -12.525674 9.732251 13.291514
v -12.522100 9.732225 12.297406
v -12.526577 -0.011043 13.290891
v -12.681101 -0.011971 12.292280
v -12.368923 -0.010471 12.305234
v -16.953760 9.732257 13.291941
v -16.949831 9.732225 12.297661
v -16.954752 -0.011037 13.291083
v -17.124660 -0.011971 12.292280
v -16.781397 -0.010471 12.305234
vt 0.586788 0.066425
vt 0.621835 0.252629
vt 0.547260 0.256214
vt 0.094631 0.066425
vt 0.129678 0.252629
vt 0.055104 0.256214
vt 0.586783 -0.255938
vt 0.621835 -0.069734
vt 0.547260 -0.066148
vt 0.586783 -0.255938
vt 0.621835 -0.069734
vt 0.547260 -0.066148
vt 0.586788 0.066425
vt 0.621835 0.252629
vt 0.547260 0.256214
vt 0.094631 0.066425
vt 0.129678 0.252629
vt 0.055104 0.256214
vt 0.586783 -0.255938
vt 0.621835 -0.069734
vt 0.547260 -0.066148
vt 0.586783 -0.255938
vt 0.621835 -0.069734
vt 0.547260 -0.066148
vt 0.656645 0.486680
vt 0.736451 0.430178
vt 0.552316 0.452570
vt 0.969013 1.070953
vt 0.999165 -0.219274
vt 0.853300 -0.218969
vt 0.402083 1.069743
vt 0.202710 -0.220196
vt 0.166164 1.071022
vt 0.779419 1.070353
vt 0.592645 -0.220421
vt 0.417594 -0.221083
vt 0.893784 -0.077514
vt 0.969078 0.929165
vt 0.999165 -0.077822
vt 0.402068 0.928220
vt 0.211330 -0.078663
vt 0.166226 0.929218
vt 0.403977 -0.079244
vt 0.779465 0.928696
vt 0.656274 -0.078425
vt 0.893784 -0.077514
vt 0.969078 0.929165
vt 0.999165 -0.077822
vt 0.402068 0.928220
vt 0.211330 -0.078663
vt 0.166225 0.929218
vt 0.403976 -0.079244
vt 0.779465 0.928696
vt 0.656274 -0.078425
vt 0.969013 1.070953
vt 0.999165 -0.219274
vt 0.888429 -0.218869
vt 0.333727 1.070279
vt 0.202711 -0.220196
vt 0.166164 1.071022
vt 0.403972 -0.221095
vt 0.779418 1.070353
vt 0.656320 -0.220045
vt 2.035936 -0.147944
vt 2.063013 -0.801991
vt 2.090258 -0.145925
vt 2.035936 -0.147944
vt 2.063013 -0.801991
vt 2.090258 -0.145925
vt 0.743216 0.257438
vt 0.763178 0.315165
vt 0.739405 0.315250
vt 0.750911 0.797276
vt 0.739405 -0.010070
vt 0.763178 -0.010240
vt 0.750911 0.350819
vt 0.739405 -0.456527
vt 0.763178 -0.456697
vt 0.743215 -0.189018
vt 0.763178 -0.131292
vt 0.739405 -0.131206
vt 0.750912 1.429755
vt 0.739405 0.622410
vt 0.763178 0.622239
vt 0.743215 0.889918
vt 0.763178 0.947645
vt 0.739405 0.947730
vt 2.063144 0.362324
vt 2.090396 0.639019
vt 2.036075 0.636139
vt 0.502207 1.135556
vt 0.502155 0.724007
vt 0.742898 0.725569
vt 0.743601 1.135553
vt 0.242731 0.335772
vt 0.004309 0.335801
vt 0.004309 -0.076643
vt 0.243188 -0.078242
vt 1.570987 0.362324
vt 1.598240 0.639019
vt 1.543918 0.636139
vt 0.010050 1.135556
vt 0.009999 0.724007
vt 0.250741 0.725569
vt 0.251444 1.135553
vt 0.734887 0.013410
vt 0.496466 0.013439
vt 0.496465 -0.399005
vt 0.735345 -0.400605
vt 2.063134 0.039961
vt 2.090396 0.316657
vt 2.036075 0.313776
vt 0.502207 0.813193
vt 0.502155 0.401644
vt 0.742898 0.403207
vt 0.743601 0.813191
vt 0.734887 0.013410
vt 0.496466 0.013439
vt 0.496465 -0.399005
vt 0.735345 -0.400605
vt 2.063132 0.039961
vt 2.090396 0.316657
vt 2.036075 0.313776
vt 0.502207 0.813193
vt 0.502155 0.401644
vt 0.742898 0.403207
vt 0.743601 0.813191
vt 0.734887 0.335772
vt 0.496466 0.335801
vt 0.496465 -0.076643
vt 0.735345 -0.078242
vt 2.063144 0.362324
vt 2.090396 0.639019
vt 2.036075 0.636139
vt 0.502207 1.135556
vt 0.502155 0.724007
vt 0.742898 0.725569
vt 0.743601 1.135553
vt 0.242731 0.335772
vt 0.004309 0.335801
vt 0.004309 -0.076643
vt 0.243188 -0.078242
vt 1.570988 0.362324
vt 1.598240 0.639019
vt 1.543918 0.636139
vt 0.010050 1.135556
vt 0.009999 0.724007
vt 0.250741 0.725569
vt 0.251444 1.135553
vt 0.734887 0.013410
vt 0.496466 0.013439
vt 0.496465 -0.399005
vt 0.735345 -0.400605
vt 2.063134 0.039961
vt 2.090396 0.316657
vt 2.036075 0.313776
vt 0.502207 0.813193
vt 0.502155 0.401644
vt 0.742898 0.403207
vt 0.743601 0.813191
vt 0.734887 0.013410
vt 0.496466 0.013439
vt 0.496465 -0.399005
vt 0.735345 -0.400605
vt 2.063133 0.039961
vt 2.090396 0.316657
vt 2.036075 0.313776
vt 0.502207 0.813193
vt 0.502155 0.401644
vt 0.742898 0.403207
vt 0.743601 0.813191
vt 0.653834 1.564289
vt 0.653633 0.976292
vt 0.750093 0.976292
vt 0.749845 1.564312
vt 0.788778 0.491983
vt 0.612181 0.544153
vt 0.647773 0.323734
vt 0.548400 0.358097
vt 0.760424 0.339653
vt 0.625157 0.267261
vt 0.656645 0.486680
vt 0.788506 0.500278
vt 0.693950 0.424396
vt 0.527225 0.470389
vt 0.620968 0.545362
vt 0.647773 0.323734
vt 0.548382 0.358062
vt 0.760427 0.339646
vt 0.625265 0.267237
vt 0.656645 0.486680
vt 0.788506 0.500278
vt 0.693950 0.424396
vt 0.527225 0.470389
vt 0.620967 0.545362
vt 0.647773 0.323734
vt 0.548382 0.358062
vt 0.760427 0.339646
vt 0.734887 0.335772
vt 0.496466 0.335801
vt 0.496465 -0.076643
vt 0.735345 -0.078242
vt 0.625265 0.267237
vt 0.656645 0.486680
vt 0.788506 0.500281
vt 0.693919 0.424394
vt 0.527225 0.467210
vt 0.612181 0.544153
vt 0.647773 0.323734
vt 0.548409 0.358074
vt 0.740323 0.372114
vt 0.779881 0.308229
vt 0.625157 0.267261
vt 0.472698 1.069189
vt 0.770072 0.336977
vt 0.773432 0.363878
vt 0.501509 0.349660
vt 0.526948 0.402140
vt 0.527261 -0.185904
vt 0.610246 -0.185858
vt 0.610246 0.402256
vt 0.610198 0.992343
vt 0.526949 0.992382
vt 0.526948 0.404366
vt 0.610373 0.404352
vt 0.594808 1.564312
vt 0.496773 1.564312
vt 0.497219 0.976162
vt 0.594531 0.976204
vt 0.499360 1.190663
vt 0.501932 1.163007
vt 0.739159 1.178035
vt 0.267733 0.926758
vt 0.197824 0.925231
vt 0.230064 0.020146
vt 0.610198 0.992343
vt 0.526949 0.992382
vt 0.526948 0.404366
vt 0.610373 0.404352
vt 0.614634 0.797207
vt 0.614435 -0.010206
vt 0.594808 1.564312
vt 0.496773 1.564312
vt 0.497219 0.976162
vt 0.594531 0.976204
vt 0.499360 1.190663
vt 0.501932 1.163007
vt 0.739159 1.178035
vt 0.484883 -0.010244
vt 0.484882 0.797275
vt 0.653834 1.564289
vt 0.653633 0.976292
vt 0.750093 0.976292
vt 0.749845 1.564312
vt 0.267733 0.926758
vt 0.197824 0.925231
vt 0.230063 0.020146
vt 0.526948 0.402140
vt 0.527261 -0.185904
vt 0.610246 -0.185858
vt 0.610246 0.402256
vt 0.074904 0.898951
vt 0.074904 0.463937
vt 0.148074 0.454874
vt 0.148074 0.904606
vt 0.770072 0.336977
vt 0.773432 0.363878
vt 0.501509 0.349660
vt 0.179753 0.492781
vt 0.106582 0.480444
vt 0.161204 0.041938
vt 0.151530 1.071499
vt 0.129414 1.071499
vt 0.140455 0.531047
vt 0.484883 -0.456700
vt 0.614435 -0.456663
vt 0.614641 0.350750
vt 0.484882 0.350818
vt 0.484883 0.622236
vt 0.614435 0.622274
vt 0.614642 1.429687
vt 0.484882 1.429755
vn 0.0000 1.0000 0.0000
vn 0.0000 0.0000 1.0000
vn -0.0138 0.8261 -0.5633
vn -0.0320 0.7660 -0.6420
vn 0.5486 0.6830 -0.4822
vn 0.8490 0.0010 -0.5284
vn 0.7146 0.0108 -0.6994
vn 0.9824 0.0060 -0.1870
vn -0.9782 -0.0105 0.2074
vn -0.8156 -0.0023 -0.5786
vn -0.7155 -0.0108 -0.6985
vn 0.6717 -0.0087 0.7407
vn -0.0197 -0.0033 0.9998
vn -0.9997 0.0073 0.0243
vn -0.9751 0.0062 0.2215
vn -0.4009 -0.0095 0.9161
vn 0.4683 0.0004 0.8836
vn 0.9753 -0.0136 -0.2207
vn 0.9888 0.0076 -0.1488
vn -0.7576 -0.0110 -0.6526
vn 0.0188 -0.0020 -0.9998
vn 0.5125 -0.0047 -0.8587
vn -0.3957 0.0054 -0.9184
vn 0.9642 0.0045 -0.2653
vn -0.8836 0.0008 -0.4682
vn -0.9766 0.0083 0.2148
vn 0.8799 -0.0041 0.4752
vn 0.1585 0.0042 0.9874
vn -0.0494 0.0038 0.9988
vn -0.0494 0.0047 0.9988
vn -0.9977 -0.0001 0.0682
vn -0.0002 -1.0000 0.0074
vn 0.0492 0.0050 0.9988
vn 0.0493 0.0050 0.9988
vn 0.9980 -0.0002 0.0637
vn 0.0415 -0.0002 -0.9991
vn 0.0048 -1.0000 0.0002
vn 0.0377 -0.0001 -0.9993
vn 0.0044 -1.0000 0.0002
vn 0.0649 -0.0143 0.9978
vn 0.9970 0.0000 0.0772
vn 0.0649 -0.0150 0.9978
vn -0.0649 -0.0143 -0.9978
vn -0.0669 -0.0144 0.9977
vn 0.0428 -0.9990 -0.0138
vn -0.0442 -0.9989 -0.0145
vn 0.0428 -0.9990 -0.0143
vn 0.9932 -0.1168 0.0002
vn -0.0428 0.9990 -0.0143
vn 0.0410 -0.9991 -0.0137
vn -0.0423 -0.9990 -0.0145
vn 0.0410 -0.9991 -0.0143
vn 0.9926 -0.1218 0.0002
vn -0.0410 0.9991 -0.0143
vn -0.0497 0.0063 0.9987
vn -0.6180 0.6577 -0.4307
vn 0.0051 0.8793 -0.4762
vn -0.1725 -0.4589 0.8716
vn -0.6293 -0.5151 -0.5819
vn 0.7922 -0.5384 -0.2873
vn -0.0564 0.9982 0.0197
vn 0.5107 0.8571 -0.0673
vn -0.1559 0.8902 -0.4281
vn -0.5725 0.8143 0.0953
vn 0.0561 0.8837 0.4647
vn 0.2253 -0.4589 -0.8594
vn 0.5927 -0.5155 0.6188
vn -0.8082 -0.5381 0.2394
vn 0.0504 0.9983 -0.0296
vn -0.5114 0.8559 0.0772
vn 0.1694 0.8911 0.4210
vn 0.5687 0.8135 -0.1218
vn -0.0772 0.8824 -0.4642
vn -0.0585 -0.9967 0.0567
vn 0.5409 -0.7616 0.3570
vn -0.3368 -0.6791 0.6522
vn -0.6452 -0.7098 -0.2828
vn 0.2640 -0.7596 -0.5944
vn -0.4880 -0.0029 0.8728
vn -0.0007 -1.0000 0.0033
vn 0.0494 0.0047 -0.9988
vn 0.0500 0.0047 0.9987
vn -0.0563 0.0059 -0.9984
vn 0.0003 -1.0000 0.0052
vn 0.9993 0.0005 0.0382
vn -0.0529 0.0051 0.9986
vn -0.0492 0.0053 -0.9988
vn -0.9911 0.1329 -0.0098
vn 0.9998 -0.0102 0.0194
vn 0.9609 -0.2770 -0.0018
vn -0.9971 0.0082 0.0755
vn 0.9967 0.0078 0.0812
vn -0.9965 0.0090 0.0830
vn 0.9960 0.0086 0.0892
usemtl pattern_logwood.003
s 1
f 2630/3561/2621 2632/3562/2621 2631/3563/2621
f 2635/3564/2621 2637/3565/2621 2636/3566/2621
f 2640/3567/2622 2642/3568/2622 2641/3569/2622
f 2645/3570/2622 2647/3571/2622 2646/3572/2622
f 2650/3573/2621 2652/3574/2621 2651/3575/2621
f 2655/3576/2621 2657/3577/2621 2656/3578/2621
f 2660/3579/2622 2662/3580/2622 2661/3581/2622
f 2665/3582/2622 2667/3583/2622 2666/3584/2622
f 2670/3585/2623 2674/3586/2624 2672/3587/2625
f 2675/3588/2626 2676/3589/2627 2672/3590/2628
f 2673/3591/2629 2676/3592/2630 2675/3593/2631
f 2677/3594/2632 2672/3590/2628 2674/3595/2633
f 2676/3592/2630 2673/3591/2629 2678/3596/2634
f 2685/3597/2635 2683/3598/2636 2684/3599/2637
f 2681/3600/2638 2684/3601/2637 2683/3602/2636
f 2684/3601/2637 2681/3600/2638 2687/3603/2639
f 2686/3604/2640 2685/3597/2635 2682/3605/2641
f 2694/3606/2635 2692/3607/2636 2693/3608/2637
f 2690/3609/2638 2693/3610/2637 2692/3611/2636
f 2693/3610/2637 2690/3609/2638 2696/3612/2639
f 2695/3613/2640 2694/3606/2635 2691/3614/2641
f 2702/3615/2642 2703/3616/2643 2704/3617/2644
f 2700/3618/2645 2703/3619/2643 2702/3620/2642
f 2703/3619/2643 2700/3618/2645 2706/3621/2646
f 2705/3622/2647 2704/3617/2644 2701/3623/2648
f 2713/3624/2649 2707/3625/2650 2711/3626/2651
f 2725/3627/2649 2731/3628/2650 2727/3629/2651
f 2719/3630/2652 2718/3631/2652 2717/3632/2652
f 2720/3633/2653 2717/3634/2654 2718/3635/2655
f 2737/3636/2656 2740/3637/2656 2739/3638/2656
f 2738/3639/2657 2739/3640/2657 2740/3641/2657
f 2742/3642/2658 2745/3643/2658 2744/3644/2658
f 2743/3645/2659 2744/3646/2659 2745/3647/2659
f 2634/3648/2660 2631/3649/2661 2632/3650/2662
f 2631/3651/2663 2634/3652/2663 2633/3653/2663 2630/3654/2663
f 2637/3655/2662 2635/3656/2664 2638/3657/2664 2639/3658/2660
f 2639/3659/2660 2636/3660/2661 2637/3661/2662
f 2636/3662/2663 2639/3663/2663 2638/3664/2663 2635/3665/2663
f 2642/3666/2665 2640/3667/2666 2643/3668/2666 2644/3669/2667
f 2644/3670/2667 2641/3671/2668 2642/3672/2665
f 2641/3673/2669 2644/3674/2669 2643/3675/2669 2640/3676/2669
f 2647/3677/2670 2645/3678/2671 2648/3679/2671 2649/3680/2672
f 2649/3681/2672 2646/3682/2673 2647/3683/2670
f 2646/3684/2674 2649/3685/2674 2648/3686/2674 2645/3687/2674
f 2652/3688/2662 2650/3689/2664 2653/3690/2664 2654/3691/2660
f 2654/3692/2660 2651/3693/2661 2652/3694/2662
f 2651/3695/2663 2654/3696/2663 2653/3697/2663 2650/3698/2663
f 2657/3699/2662 2655/3700/2664 2658/3701/2664 2659/3702/2660
f 2659/3703/2660 2656/3704/2661 2657/3705/2662
f 2656/3706/2663 2659/3707/2663 2658/3708/2663 2655/3709/2663
f 2662/3710/2665 2660/3711/2666 2663/3712/2666 2664/3713/2667
f 2664/3714/2667 2661/3715/2668 2662/3716/2665
f 2661/3717/2669 2664/3718/2669 2663/3719/2669 2660/3720/2669
f 2667/3721/2670 2665/3722/2671 2668/3723/2671 2669/3724/2672
f 2669/3725/2672 2666/3726/2673 2667/3727/2670
f 2666/3728/2674 2669/3729/2674 2668/3730/2674 2665/3731/2674
f 2715/3732/2675 2710/3733/2675 2709/3734/2675 2716/3735/2675
f 2670/3585/2623 2678/3736/2676 2674/3586/2624
f 2670/3585/2623 2672/3587/2625 2676/3737/2677
f 2670/3585/2623 2676/3737/2677 2678/3736/2676
f 2677/3594/2632 2675/3588/2626 2672/3590/2628
f 2671/3738/2678 2677/3739/2678 2673/3740/2678
f 2671/3738/2679 2673/3740/2679 2675/3741/2679
f 2671/3738/2680 2675/3741/2680 2677/3739/2680
f 2673/3591/2629 2677/3594/2632 2674/3595/2633
f 2673/3591/2629 2674/3595/2633 2678/3596/2634
f 2679/3742/2681 2687/3743/2682 2682/3744/2683
f 2679/3742/2681 2682/3744/2683 2685/3745/2684
f 2679/3742/2681 2685/3745/2684 2684/3746/2685
f 2679/3742/2681 2684/3746/2685 2687/3743/2682
f 2686/3604/2640 2683/3598/2636 2685/3597/2635
f 2680/3747/2686 2686/3748/2686 2681/3749/2686
f 2680/3747/2687 2681/3749/2687 2683/3750/2687
f 2680/3747/2688 2683/3750/2688 2686/3748/2688
f 2681/3600/2638 2686/3604/2640 2682/3605/2641
f 2681/3600/2638 2682/3605/2641 2687/3603/2639
f 2688/3751/2681 2696/3752/2682 2691/3753/2683
f 2688/3751/2681 2691/3753/2683 2694/3754/2684
f 2688/3751/2681 2694/3754/2684 2693/3755/2685
f 2688/3751/2681 2693/3755/2685 2696/3752/2682
f 2695/3613/2640 2692/3607/2636 2694/3606/2635
f 2689/3756/2686 2695/3757/2686 2690/3758/2686
f 2632/3759/2662 2630/3760/2664 2633/3761/2664 2634/3762/2660
f 2689/3756/2687 2690/3758/2687 2692/3763/2687
f 2689/3756/2688 2692/3763/2688 2695/3757/2688
f 2690/3609/2638 2695/3613/2640 2691/3614/2641
f 2690/3609/2638 2691/3614/2641 2696/3612/2639
f 2697/3764/2689 2706/3765/2690 2701/3766/2691
f 2697/3764/2689 2701/3766/2691 2704/3767/2692
f 2697/3764/2689 2704/3767/2692 2703/3768/2693
f 2697/3764/2689 2703/3768/2693 2706/3765/2690
f 2705/3622/2647 2702/3615/2642 2704/3617/2644
f 2698/3769/2694 2705/3770/2695 2699/3771/2696
f 2698/3769/2694 2699/3771/2696 2700/3772/2697
f 2698/3769/2694 2700/3772/2697 2702/3773/2698
f 2698/3769/2694 2702/3773/2698 2705/3770/2695
f 2699/3774/2699 2705/3622/2647 2701/3623/2648
f 2699/3774/2699 2701/3623/2648 2706/3621/2646
f 2706/3621/2646 2700/3618/2645 2699/3774/2699
f 2713/3775/2700 2711/3776/2700 2712/3777/2700
f 2711/3778/2701 2707/3779/2701 2708/3780/2701 2712/3781/2701
f 2713/3782/2649 2712/3783/2702 2708/3784/2702 2707/3785/2650
f 2714/3786/2703 2716/3787/2703 2709/3788/2703 2710/3789/2703
f 2714/3790/2704 2715/3791/2704 2716/3792/2704
f 2715/3793/2705 2714/3794/2705 2710/3795/2705
f 2725/3796/2649 2726/3797/2702 2730/3798/2702 2731/3799/2650
f 2721/3800/2706 2719/3801/2706 2717/3634/2654 2720/3633/2653
f 2724/3802/2703 2722/3803/2703 2729/3804/2703 2728/3805/2703
f 2724/3806/2704 2723/3807/2704 2722/3808/2704
f 2718/3809/2707 2719/3801/2707 2721/3800/2707 2720/3810/2707
f 2723/3811/2675 2728/3812/2675 2729/3813/2675 2722/3814/2675
f 2723/3815/2705 2724/3816/2705 2728/3817/2705
f 2727/3818/2701 2731/3819/2701 2730/3820/2701 2726/3821/2701
f 2734/3822/2708 2733/3823/2708 2732/3824/2708 2735/3825/2708
f 2725/3826/2700 2727/3827/2700 2726/3828/2700
f 2734/3829/2709 2735/3830/2709 2733/3831/2709
f 2732/3832/2710 2733/3833/2710 2735/3834/2710
f 2739/3835/2711 2738/3836/2711 2736/3837/2711 2737/3838/2711
f 2736/3837/2712 2738/3836/2712 2740/3637/2712 2737/3636/2712
f 2744/3839/2713 2743/3840/2713 2741/3841/2713 2742/3842/2713
f 2741/3841/2714 2743/3840/2714 2745/3643/2714 2742/3642/2714
o construction.021_Cube.019
v -27.923639 8.286342 16.942490
v -28.333687 8.387550 16.992382
v -27.987000 8.477119 17.057096
v -27.901543 15.968890 3.585180
v -28.203705 15.785785 3.472865
v -28.276369 15.975949 3.593933
v -23.127523 11.710370 10.879337
v -23.174555 11.650198 11.064209
v -23.156971 11.802570 10.999475
v -29.526035 11.615180 10.918104
v -29.488298 11.808511 10.964150
v -23.119736 13.301395 8.312323
v -23.180416 13.176239 8.404396
v -23.165447 13.138182 8.213576
v -29.501808 13.092329 8.333170
v -29.528709 13.299801 8.256860
v -23.184456 10.462917 13.419563
v -23.196737 10.288778 13.516356
v -23.178328 10.300846 13.332928
v -29.538147 10.410151 13.533944
v -29.509859 10.259209 13.429543
v -29.549072 10.411276 13.306075
v -25.143686 10.507055 13.690405
v -25.374689 10.661989 13.612347
v -25.369869 10.524720 13.527207
v -24.003578 8.286342 16.942492
v -24.413628 8.387549 16.992382
v -24.066946 8.477120 17.057096
v -23.981485 15.968890 3.585180
v -24.283646 15.785786 3.472865
v -24.356308 15.975949 3.593933
v -23.190170 14.695167 5.751282
v -23.160442 14.650475 5.907202
v -23.124628 14.517032 5.774508
v -29.510166 14.559486 6.058772
v -29.513966 14.418275 6.020648
v -29.528025 14.498915 5.860543
v -23.186546 9.056030 15.852304
v -23.159962 9.011230 16.008411
v -23.123144 8.877662 15.875937
v -29.512766 8.945482 16.114784
v -29.517281 8.804284 16.076630
v -29.527756 8.884968 15.916444
v -27.914268 15.880836 3.549238
v -28.328959 15.971180 3.594969
v -27.984814 16.066952 3.662465
v -23.162630 18.089838 -0.073944
v -23.123159 17.934845 -0.172319
v -23.177094 18.067829 -0.299283
v -29.506334 18.144979 -0.181352
v -29.485933 17.998753 -0.077862
v -29.502392 17.956303 -0.293226
v -23.184456 17.488813 1.019987
v -23.196737 17.314674 1.116784
v -23.178328 17.326744 0.933352
v -29.538147 17.436045 1.134368
v -29.509859 17.285105 1.029967
v -29.549072 17.437172 0.906502
v -25.143688 17.532951 1.290830
v -25.374693 17.687885 1.212771
v -25.369871 17.550617 1.127632
v -23.993999 15.880913 3.549230
v -24.408722 15.971006 3.594889
v -24.064932 16.066975 3.662492
v -23.986546 18.597059 -0.959472
v -24.368103 18.598507 -0.978194
v -24.047083 18.428875 -1.053686
v -23.186546 16.081928 3.452729
v -23.159962 16.037128 3.608838
v -23.123142 15.903558 3.476363
v -29.512766 15.971378 3.715210
v -29.517281 15.830180 3.677056
v -29.527758 15.910862 3.516867
v -27.852934 18.963699 -1.681080
v -27.913706 18.795479 -1.775297
v -28.234619 18.965233 -1.699776
v -21.839827 7.984086 17.572239
v -22.249884 8.085400 17.622156
v -21.903021 8.174889 17.686827
v -21.758127 15.968898 3.585186
v -22.060266 15.785761 3.472857
v -22.132998 15.975949 3.593933
v -17.499298 8.286341 16.942492
v -17.909348 8.387549 16.992382
v -17.562662 8.477119 17.057096
v -17.477203 15.968890 3.585180
v -17.779364 15.785786 3.472865
v -17.852026 15.975949 3.593933
v -16.682264 9.056030 15.852304
v -16.655680 9.011230 16.008411
v -16.618862 8.877662 15.875937
v -23.008484 8.945482 16.114784
v -23.012999 8.804284 16.076630
v -23.023472 8.884968 15.916444
v -21.770687 15.880913 3.549231
v -22.185411 15.971008 3.594887
v -21.841612 16.066975 3.662493
v -16.658346 18.089838 -0.073944
v -16.618877 17.934845 -0.172319
v -16.672812 18.067829 -0.299283
v -23.002052 18.144979 -0.181352
v -22.981651 17.998753 -0.077862
v -22.998112 17.956303 -0.293226
v -16.680174 17.488813 1.019987
v -16.692457 17.314674 1.116784
v -16.674046 17.326744 0.933352
v -23.033867 17.436045 1.134368
v -23.005577 17.285105 1.029967
v -23.044790 17.437170 0.906502
v -18.639408 17.532951 1.290830
v -18.870411 17.687885 1.212771
v -18.865589 17.550617 1.127632
v -17.489944 15.880830 3.549239
v -17.904631 15.971192 3.594978
v -17.560467 16.066952 3.662462
v -17.424009 18.995045 -1.742778
v -17.805696 18.996588 -1.761471
v -17.484795 18.826822 -1.836995
v -21.763235 18.597059 -0.959471
v -21.823772 18.428875 -1.053686
v -22.144794 18.598505 -0.978194
v -15.299211 8.168490 17.188036
v -15.709262 8.269743 17.237938
v -15.362504 8.359279 17.302633
v -15.253872 15.968894 3.585182
v -15.556023 15.785775 3.472862
v -15.628717 15.975949 3.593933
v -11.054567 7.984095 17.572241
v -11.464627 8.085407 17.622160
v -11.117768 8.174898 17.686829
v -10.972874 15.968898 3.585186
v -11.275016 15.785762 3.472857
v -11.347745 15.975949 3.593933
v -10.177982 9.056030 15.852304
v -10.151400 9.011230 16.008411
v -10.114580 8.877662 15.875937
v -16.504204 8.945482 16.114784
v -16.508717 8.804284 16.076630
v -16.519192 8.884968 15.916444
v -15.266407 15.880913 3.549230
v -15.681129 15.971008 3.594887
v -15.337332 16.066975 3.662493
v -10.154066 18.089838 -0.073944
v -10.114595 17.934845 -0.172319
v -10.168531 18.067829 -0.299283
v -16.497770 18.144979 -0.181352
v -16.477369 17.998753 -0.077862
v -16.493830 17.956303 -0.293226
v -10.175894 17.488813 1.019987
v -10.188175 17.314674 1.116784
v -10.169764 17.326744 0.933352
v -16.529585 17.436045 1.134368
v -16.501295 17.285105 1.029967
v -16.540508 17.437172 0.906502
v -12.135127 17.532951 1.290830
v -12.366131 17.687885 1.212771
v -12.361308 17.550617 1.127632
v -10.985436 15.880913 3.549230
v -11.400160 15.971006 3.594889
v -11.056369 16.066975 3.662492
v -10.977983 18.597059 -0.959472
v -11.359540 18.598507 -0.978194
v -11.038520 18.428875 -1.053686
v -15.258954 18.597059 -0.959471
v -15.319491 18.428875 -1.053686
v -15.640512 18.598505 -0.978194
v -8.049317 8.286341 16.942492
v -8.459363 8.387550 16.992382
v -8.112677 8.477119 17.057096
v -8.027220 15.968890 3.585180
v -8.329377 15.785785 3.472865
v -8.402046 15.975949 3.593933
v -3.384568 8.041797 17.452015
v -3.794626 8.143089 17.501930
v -3.447799 8.232594 17.566607
v -3.314251 15.968897 3.585185
v -3.616398 15.785766 3.472858
v -3.689114 15.975949 3.593933
v -3.642058 9.056030 15.852304
v -3.615476 9.011229 16.008413
v -3.578657 8.877661 15.875938
v -9.999921 8.945483 16.114784
v -10.004436 8.804284 16.076630
v -10.014908 8.884968 15.916444
v -8.039948 15.880836 3.549238
v -8.454636 15.971180 3.594969
v -8.110493 16.066952 3.662465
v -3.618142 18.089836 -0.073944
v -3.578670 17.934845 -0.172318
v -3.632608 18.067829 -0.299284
v -9.993487 18.144979 -0.181352
v -9.973087 17.998753 -0.077862
v -9.989547 17.956303 -0.293226
v -3.639970 17.488825 1.020034
v -3.652244 17.314686 1.116803
v -3.633832 17.326710 0.933372
v -10.025303 17.436045 1.134368
v -9.997014 17.285105 1.029967
v -10.036228 17.437172 0.906502
v -5.629198 17.533030 1.290902
v -5.862094 17.687862 1.212765
v -5.857568 17.550556 1.127610
v -3.326804 15.880913 3.549230
v -3.741528 15.971006 3.594889
v -3.397737 16.066975 3.662492
v -3.319350 18.597059 -0.959472
v -3.700908 18.598507 -0.978194
v -3.379888 18.428875 -1.053686
v -7.978614 18.963699 -1.681080
v -8.039383 18.795479 -1.775297
v -8.360295 18.965233 -1.699776
v 1.415086 8.830567 16.168875
v 2.028223 9.168904 16.078094
v 2.339406 8.984791 15.839432
v 1.914047 8.704245 15.863918
v 1.610450 8.640291 16.099506
v 1.342307 8.756355 16.102873
v 1.412454 9.023220 16.075140
v 1.844716 9.215702 16.025469
v 2.199443 9.071266 15.793463
v 1.963160 8.827945 15.760850
v 1.574216 8.676232 15.921654
v 1.676225 9.256089 15.925351
v 1.481522 8.937813 15.733534
v 1.954445 8.671526 15.865345
v 2.230631 8.752270 16.063559
v 2.185200 9.084028 16.076473
v 1.555607 9.216191 15.969310
v 1.389281 8.908264 15.788910
v 1.648738 8.826204 16.068558
v 1.871354 9.019985 16.021856
v 1.989189 9.022367 16.019339
v 2.115131 8.940298 15.939251
v 1.908407 8.846610 15.925008
v 1.740250 8.786228 16.045732
v 1.560599 8.844773 16.027344
v 1.559360 8.963890 15.969906
v 1.789755 9.097771 15.927542
v 1.986597 8.985018 15.879529
v 1.835219 8.897651 15.871858
v 1.614133 8.826210 15.959013
v 2.090830 8.868788 15.963820
v 2.034208 9.069759 15.951346
v 1.802065 9.105809 15.907022
v 1.727463 9.022205 15.912312
v 1.679034 8.966455 15.855492
v 1.756589 8.892414 15.847293
v 1.939549 8.824158 15.904300
v 1.999063 8.842083 16.008932
v 1.950138 9.036839 15.992929
v 1.711234 9.075413 15.970763
v 1.597610 8.935761 15.895734
v 1.674520 8.859437 15.890625
v 1.856578 8.798036 15.948309
v 2.854500 11.063942 12.325633
v 2.893969 10.908949 12.227257
v 2.840037 11.041935 12.100296
v -3.457564 11.119083 12.218222
v -3.437163 10.972858 12.321714
v -3.453623 10.930407 12.106350
v 2.887554 12.462439 9.860122
v 2.879574 12.327373 9.845606
v 2.882101 12.409536 9.647943
v -3.475365 12.405137 9.819707
v -3.454250 12.459443 9.612353
v 2.826957 13.993987 7.007261
v 2.856688 13.949296 7.163177
v 2.892504 13.815853 7.030485
v -3.461397 13.858305 7.314750
v -3.465196 13.717096 7.276626
v -3.479254 13.797733 7.116523
v 3.103823 9.666621 14.818183
v 3.118962 9.506594 14.741954
v 3.148096 9.691042 14.628159
v -3.491137 9.719156 14.786216
v -3.468863 9.546225 14.606601
v -0.273399 12.455097 9.689286
v -3.477947 12.323881 9.692651
v -3.464458 12.513607 9.766809
v 1.953997 7.984094 17.572241
v 1.543937 8.085407 17.622160
v 1.890796 8.174897 17.686829
v 2.035691 15.968898 3.585186
v 1.733548 15.785762 3.472857
v 1.660819 15.975949 3.593933
v 3.066799 9.073915 15.868845
v 3.093371 9.029076 16.025002
v 3.130203 8.895539 15.892508
v -3.463994 8.945460 16.114822
v -3.468510 8.804284 16.076630
v -3.478971 8.885008 15.916426
v 3.145559 15.348343 4.814780
v 3.130212 15.187707 4.735306
v 3.137508 15.334283 4.612779
v -3.468944 15.334395 4.728205
v -3.483853 15.145948 4.618947
v -3.456335 15.292057 4.536709
v -0.183029 15.223428 4.729403
v -0.095743 15.220703 4.886639
v -0.231182 15.084586 4.811649
v 2.854500 18.089838 -0.073944
v 2.893969 17.934845 -0.172320
v 2.840036 18.067829 -0.299283
v -3.457564 18.144979 -0.181352
v -3.437163 17.998755 -0.077861
v -3.453624 17.956303 -0.293226
v 1.718559 17.301376 1.115245
v 1.731456 17.440880 0.956874
v -3.488107 17.437351 1.130386
v -3.464510 17.288914 1.043071
v -3.496483 17.419336 0.889728
v 3.200524 16.692585 2.427900
v 3.215654 16.532541 2.351727
v 3.244799 16.716986 2.237898
v -3.491138 16.745068 2.386622
v -3.468855 16.572123 2.207035
v 2.022918 15.880836 3.549238
v 1.608228 15.971180 3.594972
v 1.952364 16.066954 3.662464
v 2.084249 18.963699 -1.681080
v 1.702569 18.965237 -1.699775
v 2.023481 18.795479 -1.775297
v -27.923639 8.286336 -16.942490
v -28.333687 8.387545 -16.992382
v -27.987000 8.477114 -17.057096
v -27.901543 15.968888 -3.585183
v -28.203705 15.785783 -3.472869
v -28.276369 15.975947 -3.593936
v -23.127523 11.710366 -10.879339
v -23.174555 11.650194 -11.064211
v -23.156971 11.802567 -10.999476
v -29.526035 11.615176 -10.918106
v -29.488298 11.808507 -10.964152
v -23.119736 13.301394 -8.312325
v -23.180416 13.176235 -8.404398
v -23.165447 13.138179 -8.213578
v -29.501808 13.092327 -8.333172
v -29.528709 13.299798 -8.256862
v -23.184456 10.462914 -13.419565
v -23.196737 10.288774 -13.516358
v -23.178328 10.300841 -13.332930
v -29.538147 10.410145 -13.533946
v -29.509859 10.259204 -13.429545
v -29.549072 10.411272 -13.306077
v -25.143686 10.507051 -13.690407
v -25.374689 10.661983 -13.612349
v -25.369869 10.524715 -13.527209
v -24.003578 8.286336 -16.942492
v -24.413628 8.387544 -16.992382
v -24.066946 8.477115 -17.057096
v -23.981485 15.968888 -3.585183
v -24.283646 15.785784 -3.472869
v -24.356308 15.975947 -3.593936
v -23.190170 14.695165 -5.751285
v -23.160442 14.650473 -5.907205
v -23.124628 14.517030 -5.774511
v -29.510166 14.559484 -6.058775
v -29.513966 14.418273 -6.020650
v -29.528025 14.498913 -5.860546
v -23.186546 9.056025 -15.852305
v -23.159962 9.011225 -16.008411
v -23.123144 8.877657 -15.875939
v -29.512766 8.945477 -16.114784
v -29.517281 8.804278 -16.076630
v -29.527756 8.884962 -15.916446
v -27.914268 15.880835 -3.549242
v -28.328959 15.971178 -3.594972
v -27.984814 16.066952 -3.662468
v -23.162630 18.089838 0.073940
v -23.123159 17.934845 0.172315
v -23.177094 18.067829 0.299279
v -29.506334 18.144979 0.181348
v -29.485933 17.998753 0.077858
v -29.502392 17.956303 0.293222
v -23.184456 17.488813 -1.019991
v -23.196737 17.314674 -1.116787
v -23.178328 17.326744 -0.933356
v -29.538147 17.436045 -1.134372
v -29.509859 17.285105 -1.029971
v -29.549072 17.437172 -0.906506
v -25.143688 17.532951 -1.290834
v -25.374693 17.687885 -1.212775
v -25.369871 17.550617 -1.127636
v -23.993999 15.880911 -3.549233
v -24.408722 15.971004 -3.594892
v -24.064932 16.066973 -3.662495
v -23.986546 18.597059 0.959467
v -24.368103 18.598507 0.978190
v -24.047083 18.428875 1.053682
v -23.186546 16.081926 -3.452732
v -23.159962 16.037127 -3.608841
v -23.123142 15.903556 -3.476366
v -29.512766 15.971376 -3.715213
v -29.517281 15.830178 -3.677059
v -29.527758 15.910860 -3.516871
v -27.852934 18.963699 1.681076
v -27.913706 18.795479 1.775293
v -28.234619 18.965233 1.699772
v -21.839827 7.984080 -17.572239
v -22.249884 8.085394 -17.622156
v -21.903021 8.174883 -17.686827
v -21.758127 15.968896 -3.585190
v -22.060266 15.785759 -3.472861
v -22.132998 15.975947 -3.593936
v -17.499298 8.286335 -16.942492
v -17.909348 8.387544 -16.992382
v -17.562662 8.477114 -17.057096
v -17.477203 15.968888 -3.585183
v -17.779364 15.785784 -3.472869
v -17.852026 15.975947 -3.593936
v -16.682264 9.056025 -15.852305
v -16.655680 9.011225 -16.008411
v -16.618862 8.877656 -15.875939
v -23.008484 8.945477 -16.114784
v -23.012999 8.804278 -16.076630
v -23.023472 8.884962 -15.916446
v -21.770687 15.880911 -3.549234
v -22.185411 15.971006 -3.594890
v -21.841612 16.066971 -3.662496
v -16.658346 18.089838 0.073940
v -16.618877 17.934845 0.172315
v -16.672812 18.067829 0.299279
v -23.002052 18.144979 0.181348
v -22.981651 17.998753 0.077858
v -22.998112 17.956303 0.293222
v -16.680174 17.488813 -1.019991
v -16.692457 17.314674 -1.116787
v -16.674046 17.326744 -0.933356
v -23.033867 17.436045 -1.134372
v -23.005577 17.285105 -1.029971
v -23.044790 17.437170 -0.906506
v -18.639408 17.532951 -1.290834
v -18.870411 17.687885 -1.212775
v -18.865589 17.550617 -1.127636
v -17.489944 15.880828 -3.549242
v -17.904631 15.971190 -3.594981
v -17.560467 16.066952 -3.662465
v -17.424009 18.995045 1.742774
v -17.805696 18.996588 1.761467
v -17.484795 18.826822 1.836991
v -21.763235 18.597059 0.959467
v -21.823772 18.428875 1.053682
v -22.144794 18.598505 0.978190
v -15.299211 8.168485 -17.188036
v -15.709262 8.269737 -17.237938
v -15.362504 8.359273 -17.302633
v -15.253872 15.968892 -3.585185
v -15.556023 15.785773 -3.472865
v -15.628717 15.975947 -3.593936
v -11.054567 7.984089 -17.572241
v -11.464627 8.085402 -17.622160
v -11.117768 8.174892 -17.686829
v -10.972874 15.968896 -3.585190
v -11.275016 15.785760 -3.472861
v -11.347745 15.975947 -3.593936
v -10.177982 9.056025 -15.852305
v -10.151400 9.011225 -16.008411
v -10.114580 8.877657 -15.875939
v -16.504204 8.945477 -16.114784
v -16.508717 8.804278 -16.076630
v -16.519192 8.884963 -15.916446
v -15.266407 15.880911 -3.549233
v -15.681129 15.971006 -3.594890
v -15.337332 16.066971 -3.662496
v -10.154066 18.089838 0.073940
v -10.114595 17.934845 0.172315
v -10.168531 18.067829 0.299279
v -16.497770 18.144979 0.181348
v -16.477369 17.998753 0.077858
v -16.493830 17.956303 0.293222
v -10.175894 17.488813 -1.019991
v -10.188175 17.314674 -1.116788
v -10.169764 17.326744 -0.933356
v -16.529585 17.436045 -1.134372
v -16.501295 17.285105 -1.029971
v -16.540508 17.437172 -0.906506
v -12.135127 17.532951 -1.290834
v -12.366131 17.687885 -1.212775
v -12.361308 17.550617 -1.127636
v -10.985436 15.880911 -3.549233
v -11.400160 15.971004 -3.594893
v -11.056369 16.066973 -3.662495
v -10.977983 18.597059 0.959467
v -11.359540 18.598507 0.978190
v -11.038520 18.428875 1.053682
v -15.258954 18.597059 0.959467
v -15.319491 18.428875 1.053682
v -15.640512 18.598505 0.978190
v -8.049317 8.286335 -16.942492
v -8.459363 8.387545 -16.992382
v -8.112677 8.477114 -17.057096
v -8.027220 15.968888 -3.585183
v -8.329377 15.785783 -3.472869
v -8.402046 15.975947 -3.593936
v -3.384568 8.041791 -17.452015
v -3.794626 8.143084 -17.501930
v -3.447799 8.232589 -17.566607
v -3.314251 15.968895 -3.585189
v -3.616398 15.785764 -3.472862
v -3.689114 15.975947 -3.593936
v -3.642058 9.056025 -15.852305
v -3.615476 9.011224 -16.008413
v -3.578657 8.877655 -15.875940
v -9.999921 8.945477 -16.114784
v -10.004436 8.804278 -16.076630
v -10.014908 8.884963 -15.916446
v -8.039948 15.880835 -3.549242
v -8.454636 15.971178 -3.594972
v -8.110493 16.066952 -3.662468
v -3.618142 18.089836 0.073940
v -3.578670 17.934845 0.172314
v -3.632608 18.067829 0.299279
v -9.993487 18.144979 0.181348
v -9.973087 17.998753 0.077858
v -9.989547 17.956303 0.293222
v -3.639970 17.488825 -1.020037
v -3.652244 17.314686 -1.116806
v -3.633832 17.326710 -0.933376
v -10.025303 17.436045 -1.134372
v -9.997014 17.285105 -1.029971
v -10.036228 17.437172 -0.906506
v -5.629198 17.533030 -1.290906
v -5.862094 17.687862 -1.212769
v -5.857568 17.550556 -1.127614
v -3.326804 15.880911 -3.549233
v -3.741528 15.971004 -3.594893
v -3.397737 16.066973 -3.662495
v -3.319350 18.597059 0.959467
v -3.700908 18.598507 0.978189
v -3.379888 18.428875 1.053682
v -7.978614 18.963699 1.681076
v -8.039383 18.795479 1.775293
v -8.360295 18.965233 1.699772
v 1.415086 8.830563 -16.168875
v 2.028223 9.168900 -16.078094
v 2.339406 8.984785 -15.839434
v 1.914047 8.704239 -15.863920
v 1.610450 8.640286 -16.099506
v 1.342307 8.756350 -16.102873
v 1.412454 9.023215 -16.075140
v 1.844716 9.215697 -16.025469
v 2.199443 9.071260 -15.793465
v 1.963160 8.827940 -15.760852
v 1.574216 8.676227 -15.921656
v 1.676225 9.256084 -15.925353
v 1.481522 8.937808 -15.733536
v 1.954445 8.671520 -15.865347
v 2.230631 8.752265 -16.063559
v 2.185200 9.084023 -16.076473
v 1.555607 9.216187 -15.969312
v 1.389281 8.908259 -15.788912
v 1.648738 8.826199 -16.068558
v 1.871354 9.019980 -16.021856
v 1.989189 9.022362 -16.019339
v 2.115131 8.940293 -15.939253
v 1.908407 8.846605 -15.925010
v 1.740250 8.786223 -16.045732
v 1.560599 8.844769 -16.027344
v 1.559360 8.963884 -15.969908
v 1.789755 9.097765 -15.927544
v 1.986597 8.985012 -15.879531
v 1.835219 8.897645 -15.871860
v 1.614133 8.826204 -15.959015
v 2.090830 8.868782 -15.963822
v 2.034208 9.069754 -15.951348
v 1.802065 9.105804 -15.907024
v 1.727463 9.022201 -15.912313
v 1.679034 8.966450 -15.855494
v 1.756589 8.892408 -15.847295
v 1.939549 8.824153 -15.904302
v 1.999063 8.842078 -16.008932
v 1.950138 9.036835 -15.992930
v 1.711234 9.075407 -15.970765
v 1.597610 8.935757 -15.895736
v 1.674520 8.859431 -15.890627
v 1.856578 8.798031 -15.948311
v 2.854500 11.063938 -12.325635
v 2.893969 10.908945 -12.227259
v 2.840037 11.041931 -12.100298
v -3.457564 11.119080 -12.218224
v -3.437163 10.972855 -12.321716
v -3.453623 10.930403 -12.106352
v 2.887554 12.462435 -9.860124
v 2.879574 12.327370 -9.845608
v 2.882101 12.409533 -9.647945
v -3.475365 12.405134 -9.819709
v -3.454250 12.459440 -9.612355
v 2.826957 13.993985 -7.007264
v 2.856688 13.949294 -7.163179
v 2.892504 13.815851 -7.030488
v -3.461397 13.858303 -7.314753
v -3.465196 13.717094 -7.276629
v -3.479254 13.797731 -7.116526
v 3.103823 9.666616 -14.818185
v 3.118962 9.506590 -14.741956
v 3.148096 9.691037 -14.628160
v -3.491137 9.719151 -14.786218
v -3.468863 9.546220 -14.606603
v -0.273399 12.455094 -9.689288
v -3.477947 12.323877 -9.692653
v -3.464458 12.513604 -9.766811
v 1.953997 7.984088 -17.572241
v 1.543937 8.085402 -17.622160
v 1.890796 8.174891 -17.686829
v 2.035691 15.968896 -3.585190
v 1.733548 15.785760 -3.472861
v 1.660819 15.975947 -3.593936
v 3.066799 9.073910 -15.868847
v 3.093371 9.029071 -16.025002
v 3.130203 8.895534 -15.892509
v -3.463994 8.945455 -16.114822
v -3.468510 8.804278 -16.076630
v -3.478971 8.885002 -15.916428
v 3.145559 15.348341 -4.814783
v 3.130212 15.187705 -4.735309
v 3.137508 15.334281 -4.612782
v -3.468944 15.334394 -4.728208
v -3.483853 15.145947 -4.618950
v -3.456335 15.292055 -4.536712
v -0.183029 15.223426 -4.729406
v -0.095743 15.220701 -4.886642
v -0.231182 15.084584 -4.811652
v 2.854500 18.089838 0.073940
v 2.893969 17.934845 0.172315
v 2.840036 18.067829 0.299279
v -3.457564 18.144979 0.181348
v -3.437163 17.998755 0.077857
v -3.453624 17.956303 0.293222
v 1.718559 17.301376 -1.115249
v 1.731456 17.440880 -0.956878
v -3.488107 17.437351 -1.130390
v -3.464510 17.288914 -1.043075
v -3.496483 17.419336 -0.889732
v 3.200524 16.692585 -2.427904
v 3.215654 16.532541 -2.351731
v 3.244799 16.716986 -2.237902
v -3.491138 16.745068 -2.386626
v -3.468855 16.572123 -2.207039
v 2.022918 15.880835 -3.549242
v 1.608228 15.971178 -3.594975
v 1.952364 16.066952 -3.662467
v 2.084249 18.963699 1.681076
v 1.702569 18.965237 1.699771
v 2.023481 18.795479 1.775293
vt 0.461420 1.407045
vt 0.528925 -0.086968
vt 0.558439 1.407045
vt 0.223769 1.407045
vt 0.187727 -0.086968
vt 0.329638 -0.086968
vt 0.790352 0.264109
vt 0.756367 0.215819
vt 0.857432 0.213444
vt 0.061473 -0.056101
vt 0.009952 0.443533
vt -0.002373 -0.056100
vt 0.121204 0.443533
vt 0.192515 -0.056101
vt 0.224228 0.443533
vt 0.212723 0.714408
vt 0.232378 1.214042
vt 0.144676 1.214042
vt 0.147267 0.932405
vt 0.112689 1.254315
vt 0.080343 0.932406
vt 0.031980 1.254315
vt 0.018446 0.932406
vt 0.232302 0.932405
vt 0.252512 1.254315
vt 0.190363 1.254315
vt 0.963002 1.120583
vt 1.030506 -0.373430
vt 1.060020 1.120583
vt 0.725351 1.120583
vt 0.689308 -0.373430
vt 0.831220 -0.373430
vt 0.790351 0.014109
vt 0.756367 -0.034181
vt 0.857432 -0.036556
vt 0.521715 0.321812
vt 0.551062 0.821446
vt 0.512052 0.821446
vt 0.006093 0.276890
vt 0.035437 0.776524
vt -0.003573 0.776524
vt 0.515525 0.697524
vt 0.554987 0.681595
vt 0.553314 0.704301
vt 0.138351 0.676128
vt 0.143792 0.708835
vt 0.082251 0.701307
vt 0.162443 0.462641
vt 0.104505 0.439298
vt 0.165608 0.423897
vt 0.624239 0.513489
vt 0.671890 0.013855
vt 0.706918 0.513489
vt 0.580028 0.013855
vt 0.556145 0.513489
vt 0.513460 0.013855
vt 0.147267 0.932405
vt 0.112690 1.254315
vt 0.080343 0.932406
vt 0.031979 1.254315
vt 0.018446 0.932406
vt 0.232302 0.932405
vt 0.252512 1.254315
vt 0.190363 1.254315
vt 0.006093 0.276890
vt 0.035437 0.776524
vt -0.003573 0.776524
vt 0.650628 0.682453
vt 0.680726 0.695500
vt 0.637877 0.704723
vt 0.515525 0.697524
vt 0.554987 0.681595
vt 0.553315 0.704301
vt 0.836813 1.370583
vt 0.811854 0.810328
vt 0.936785 0.810328
vt 0.162443 0.462641
vt 0.104505 0.439298
vt 0.165608 0.423896
vt 0.335180 1.157045
vt 0.310274 0.596790
vt 0.435198 0.596790
vt 0.461390 1.407045
vt 0.528949 -0.086968
vt 0.558439 1.407045
vt 0.223739 1.407045
vt 0.187727 -0.086968
vt 0.329635 -0.086968
vt 0.790378 0.264116
vt 0.756367 0.215819
vt 0.857445 0.213443
vt 0.963002 1.370583
vt 1.030506 -0.123430
vt 1.060020 1.370583
vt 0.725350 1.370583
vt 0.689308 -0.123430
vt 0.831220 -0.123430
vt 0.790351 0.264109
vt 0.756367 0.215819
vt 0.857432 0.213444
vt 0.006093 0.026891
vt 0.035437 0.526524
vt -0.003573 0.526524
vt 0.624239 0.513489
vt 0.671890 0.013855
vt 0.706918 0.513489
vt 0.580028 0.013855
vt 0.556145 0.513489
vt 0.513460 0.013855
vt 0.147267 0.682405
vt 0.112690 1.004315
vt 0.080344 0.682406
vt 0.031979 1.004315
vt 0.018446 0.682406
vt 0.232303 0.682405
vt 0.252512 1.004315
vt 0.190364 1.004315
vt 0.650628 0.682453
vt 0.680726 0.695500
vt 0.637877 0.704723
vt 0.515525 0.447524
vt 0.554987 0.431595
vt 0.553314 0.454301
vt 0.836758 1.370583
vt 0.811854 0.810328
vt 0.936778 0.810328
vt 0.162443 0.212641
vt 0.104505 0.189298
vt 0.165608 0.173896
vt 0.335231 1.407045
vt 0.310274 0.846790
vt 0.435204 0.846790
vt 0.461407 1.407045
vt 0.528935 -0.086968
vt 0.558439 1.407045
vt 0.223757 1.407045
vt 0.187727 -0.086968
vt 0.329637 -0.086968
vt 0.790362 0.264112
vt 0.756367 0.215819
vt 0.857437 0.213444
vt 0.962972 1.370583
vt 1.030529 -0.123430
vt 1.060020 1.370583
vt 0.725320 1.370583
vt 0.689308 -0.123430
vt 0.831216 -0.123430
vt 0.790377 0.264116
vt 0.756367 0.215819
vt 0.857445 0.213443
vt 0.006093 0.276890
vt 0.035437 0.776524
vt -0.003573 0.776524
vt 0.624239 0.513489
vt 0.671890 0.013855
vt 0.706918 0.513489
vt 0.580028 0.013855
vt 0.556145 0.513489
vt 0.513460 0.013855
vt 0.147267 0.932405
vt 0.112690 1.254315
vt 0.080343 0.932406
vt 0.031979 1.254315
vt 0.018446 0.932406
vt 0.232303 0.932405
vt 0.252512 1.254315
vt 0.190363 1.254315
vt 0.650628 0.682453
vt 0.680726 0.695500
vt 0.637877 0.704723
vt 0.515525 0.697524
vt 0.554987 0.681595
vt 0.553314 0.704301
vt 0.836813 1.370583
vt 0.811854 0.810328
vt 0.936785 0.810328
vt 0.162443 0.462641
vt 0.104505 0.439298
vt 0.165608 0.423896
vt 0.335231 1.407045
vt 0.310274 0.846790
vt 0.435205 0.846790
vt 0.461420 1.407045
vt 0.528926 -0.086968
vt 0.558439 1.407045
vt 0.223770 1.407045
vt 0.187727 -0.086968
vt 0.329638 -0.086968
vt 0.790352 0.264109
vt 0.756367 0.215819
vt 0.857432 0.213444
vt 0.962977 1.120583
vt 1.030525 -0.373430
vt 1.060020 1.120583
vt 0.725325 1.120583
vt 0.689308 -0.373430
vt 0.831217 -0.373430
vt 0.790372 0.014115
vt 0.756367 -0.034181
vt 0.857443 -0.036557
vt 0.006093 0.276890
vt 0.035437 0.776524
vt -0.003573 0.776524
vt 0.624238 0.513489
vt 0.671891 0.013855
vt 0.706918 0.513489
vt 0.580028 0.013855
vt 0.556144 0.513489
vt 0.513460 0.013855
vt 0.147258 0.682405
vt 0.112690 1.004315
vt 0.080437 0.682406
vt 0.031979 1.004315
vt 0.018446 0.682406
vt 0.232277 0.682406
vt 0.252512 1.004315
vt 0.190363 1.004315
vt 0.650628 0.682453
vt 0.680726 0.695499
vt 0.637877 0.704723
vt 0.515525 0.447524
vt 0.554987 0.431595
vt 0.553314 0.454301
vt 0.836813 1.370583
vt 0.811854 0.810328
vt 0.936785 0.810328
vt 0.162451 0.212639
vt 0.104505 0.189306
vt 0.165626 0.173902
vt 0.335180 1.157045
vt 0.310274 0.596790
vt 0.435198 0.596790
vt 0.734776 0.712191
vt 0.676836 0.712707
vt 0.667783 0.462891
vt 0.624239 0.513489
vt 0.671889 0.013855
vt 0.706919 0.513489
vt 0.580028 0.013855
vt 0.556145 0.513489
vt 0.513460 0.013855
vt 0.539720 0.213174
vt 0.578735 0.712641
vt 0.516280 0.712191
vt 0.593383 0.213074
vt 0.617745 0.712446
vt 0.517808 -0.039516
vt 0.547156 0.460118
vt 0.508145 0.460118
vt 0.176994 0.148621
vt 0.214276 0.648254
vt 0.101688 0.648254
vt 0.500708 0.213074
vt 0.962972 1.370583
vt 1.030529 -0.123430
vt 1.060020 1.370583
vt 0.725320 1.370583
vt 0.689308 -0.123430
vt 0.831216 -0.123430
vt 0.790377 0.264116
vt 0.756367 0.215819
vt 0.857445 0.213443
vt 0.006108 0.026891
vt 0.035437 0.526524
vt -0.003573 0.526524
vt 0.650629 0.682453
vt 0.680726 0.695500
vt 0.637876 0.704723
vt 0.624239 0.513489
vt 0.671890 0.013855
vt 0.706918 0.513489
vt 0.580028 0.013855
vt 0.556145 0.513489
vt 0.513460 0.013855
vt 0.114018 1.004315
vt 0.184340 0.504682
vt 0.200999 1.004315
vt 0.176998 0.148621
vt 0.214275 0.648254
vt 0.101698 0.648254
vt 0.650629 0.682453
vt 0.680726 0.695500
vt 0.637877 0.704723
vt 0.515525 0.447059
vt 0.561191 0.432600
vt 0.551363 0.455433
vt 0.836762 1.370583
vt 0.811854 0.810328
vt 0.936779 0.810328
vt 0.435808 -0.086968
vt 0.032309 1.214042
vt 0.061737 0.714409
vt 0.133232 0.714408
vt 0.335752 1.407045
vt 0.889584 0.308606
vt 0.783273 0.339038
vt 0.783229 0.285037
vt 0.114662 -0.056101
vt -0.001691 0.714409
vt 0.156706 0.754682
vt 0.228498 0.754682
vt 0.018444 0.754682
vt 0.069131 0.754682
vt 0.937389 -0.373430
vt 0.837333 1.120583
vt 0.613904 0.821446
vt 0.609197 0.321812
vt 0.668092 0.321812
vt 0.710506 0.821446
vt 0.889584 0.058607
vt 0.783272 0.089038
vt 0.783230 0.035037
vt 0.743376 0.321812
vt 0.098280 0.776524
vt 0.093568 0.276890
vt 0.152467 0.276890
vt 0.194879 0.776524
vt 0.227756 0.276890
vt 0.227450 1.157045
vt 0.215008 0.596790
vt 0.566099 0.492149
vt 0.551667 0.512373
vt 0.530964 0.496568
vt 0.653285 0.742149
vt 0.638855 0.762375
vt 0.618149 0.746568
vt 0.095957 0.782446
vt 0.164079 0.765008
vt 0.167007 0.797244
vt 0.189788 0.312428
vt 0.264444 0.327129
vt 0.209070 0.348885
vt 0.189783 0.646322
vt 0.264443 0.661021
vt 0.209066 0.682777
vt 0.156707 0.754682
vt 0.228497 0.754682
vt 0.889584 0.060099
vt 0.779220 0.087868
vt 0.782626 0.035211
vt 0.723060 0.013855
vt 0.488996 0.513489
vt 0.018444 0.754682
vt 0.069131 0.754682
vt 0.729104 1.370583
vt 0.716657 0.810328
vt 0.098279 0.776524
vt 0.093568 0.276890
vt 0.152467 0.276890
vt 0.194880 0.776524
vt 0.889584 0.310143
vt 0.779140 0.337845
vt 0.782681 0.285195
vt 0.227755 0.276890
vt 1.060020 0.810328
vt 1.060020 1.370583
vt 0.965490 1.370583
vt 0.463838 1.157045
vt 0.653285 0.742149
vt 0.638855 0.762375
vt 0.618149 0.746568
vt 0.192303 0.592030
vt 0.118008 0.619250
vt 0.118888 0.581215
vt 0.558439 0.596790
vt 0.558439 1.157045
vt 0.189784 0.646322
vt 0.264443 0.661021
vt 0.209066 0.682777
vt 0.435808 -0.086968
vt 0.335729 1.407045
vt 0.062725 0.186580
vt 0.127587 0.202866
vt 0.079202 0.225179
vt 0.062733 0.483820
vt 0.127587 0.500089
vt 0.079252 0.522402
vt 0.937389 -0.123430
vt 0.837332 1.370583
vt 0.889584 0.308588
vt 0.783307 0.339048
vt 0.783205 0.285044
vt 0.098280 0.526524
vt 0.093568 0.026890
vt 0.152467 0.026890
vt 0.194879 0.526524
vt 0.889584 0.308607
vt 0.783273 0.339038
vt 0.783229 0.285037
vt 0.227757 0.026890
vt 0.227523 1.407045
vt 0.215076 0.846790
vt 0.653285 0.492149
vt 0.638855 0.512375
vt 0.618149 0.496568
vt 0.189783 0.396322
vt 0.264443 0.411021
vt 0.209066 0.432777
vt 0.156707 0.504682
vt 0.228497 0.504682
vt 0.889584 0.310142
vt 0.779139 0.337845
vt 0.782680 0.285195
vt 0.723060 0.013855
vt 0.488996 0.513489
vt 0.018444 0.504682
vt 0.069131 0.504682
vt 0.729025 1.370583
vt 0.716583 0.810328
vt 1.060020 0.810328
vt 1.060020 1.370583
vt 0.965415 1.370583
vt 0.889584 0.310096
vt 0.779226 0.337870
vt 0.782623 0.285212
vt 0.463908 1.407045
vt 0.192303 0.592030
vt 0.118008 0.619250
vt 0.118888 0.581215
vt 0.558439 0.846790
vt 0.558439 1.407045
vt 0.435808 -0.086968
vt 0.335743 1.407045
vt 0.062732 0.436597
vt 0.127587 0.452866
vt 0.079252 0.475179
vt 0.062726 0.483802
vt 0.127587 0.500089
vt 0.079197 0.522402
vt 0.937389 -0.123430
vt 0.837310 1.370583
vt 0.889584 0.308598
vt 0.783286 0.339042
vt 0.783219 0.285040
vt 0.098280 0.776524
vt 0.093568 0.276890
vt 0.152467 0.276890
vt 0.194879 0.776524
vt 0.889584 0.308588
vt 0.783306 0.339048
vt 0.783205 0.285044
vt 0.227756 0.276890
vt 0.227523 1.407045
vt 0.215076 0.846790
vt 0.653285 0.742149
vt 0.638855 0.762375
vt 0.618149 0.746568
vt 0.189783 0.646322
vt 0.264443 0.661021
vt 0.209066 0.682777
vt 0.156707 0.754682
vt 0.228497 0.754682
vt 0.889584 0.310142
vt 0.779139 0.337845
vt 0.782680 0.285195
vt 0.723060 0.013855
vt 0.488996 0.513489
vt 0.018444 0.754682
vt 0.069131 0.754682
vt 0.729104 1.370583
vt 0.716657 0.810328
vt 1.060020 0.810328
vt 1.060020 1.370583
vt 0.965490 1.370583
vt 0.889584 0.310143
vt 0.779140 0.337845
vt 0.782681 0.285195
vt 0.463908 1.407045
vt 0.192303 0.592030
vt 0.118008 0.619250
vt 0.118888 0.581215
vt 0.558439 0.846790
vt 0.558439 1.407045
vt 0.435808 -0.086968
vt 0.335752 1.407045
vt 0.062732 0.436598
vt 0.127587 0.452866
vt 0.079252 0.475179
vt 0.062732 0.483820
vt 0.127587 0.500089
vt 0.079252 0.522402
vt 0.937389 -0.373430
vt 0.837314 1.120583
vt 0.889584 0.308606
vt 0.783273 0.339038
vt 0.783229 0.285037
vt 0.098280 0.776524
vt 0.093567 0.276890
vt 0.152467 0.276890
vt 0.194879 0.776524
vt 0.889584 0.058592
vt 0.783300 0.089046
vt 0.783210 0.035042
vt 0.227756 0.276890
vt 0.227450 1.157045
vt 0.215008 0.596790
vt 0.653285 0.742149
vt 0.638855 0.762375
vt 0.618149 0.746568
vt 0.189783 0.646322
vt 0.264443 0.661021
vt 0.209065 0.682777
vt 0.156689 0.504682
vt 0.228511 0.504682
vt 0.889584 0.060099
vt 0.779220 0.087868
vt 0.782626 0.035211
vt 0.723060 0.013855
vt 0.488996 0.513489
vt 0.018444 0.504682
vt 0.069140 0.504682
vt 0.729104 1.370583
vt 0.716657 0.810328
vt 1.060020 0.810328
vt 1.060020 1.370583
vt 0.965490 1.370583
vt 0.889584 0.310143
vt 0.779139 0.337845
vt 0.782681 0.285195
vt 0.463838 1.157045
vt 0.192303 0.592030
vt 0.118008 0.619250
vt 0.118888 0.581215
vt 0.558439 0.596790
vt 0.558439 1.157045
vt 0.062726 0.186580
vt 0.127587 0.202866
vt 0.079201 0.225179
vt 0.062733 0.483820
vt 0.127587 0.500089
vt 0.079252 0.522401
vt 0.609997 0.460118
vt 0.605292 -0.039516
vt 0.664186 -0.039516
vt 0.706600 0.460118
vt 0.723060 0.013855
vt 0.488996 0.513489
vt 0.739470 -0.039516
vt 0.001199 0.648254
vt 0.014290 0.148621
vt 0.089477 0.148621
vt 0.227188 0.148621
vt 0.683437 0.213074
vt 0.937389 -0.123430
vt 0.837310 1.370583
vt 0.098264 0.526524
vt 0.093543 0.026890
vt 0.152467 0.026890
vt 0.194866 0.526524
vt 0.889584 0.308588
vt 0.783306 0.339048
vt 0.783205 0.285044
vt 0.227686 0.026890
vt 0.658996 0.624355
vt 0.685109 0.632290
vt 0.666046 0.649048
vt 0.631903 0.639861
vt 0.688931 0.962707
vt 0.693355 0.712891
vt 0.746496 0.712891
vt 0.746495 0.962707
vt 0.664448 0.317055
vt 0.650016 0.337278
vt 0.629312 0.321473
vt 0.653276 0.492147
vt 0.638867 0.512383
vt 0.618149 0.496568
vt 0.192303 0.592031
vt 0.118008 0.619250
vt 0.118888 0.581215
vt 0.185444 0.734828
vt 0.247715 0.757303
vt 0.204730 0.771987
vt 0.189789 0.228535
vt 0.264444 0.243236
vt 0.209071 0.264992
vt 0.254035 0.816138
vt 0.208430 0.847825
vt 0.170690 0.820318
vt 0.189791 0.396335
vt 0.264443 0.411021
vt 0.209040 0.432777
vt 0.610423 0.962707
vt 0.609465 0.712891
vt 0.528646 0.962708
vt 0.544700 0.712891
vt 0.528744 0.463074
vt 0.605011 0.463074
vt 0.684590 0.463074
vt 0.746497 0.463074
vt 0.252514 0.504682
vt 0.252512 1.004315
vt 0.631903 0.639651
vt 0.672363 0.628417
vt 0.665794 0.649066
vt 0.191703 0.729269
vt 0.247715 0.757351
vt 0.176082 0.766235
vt 0.723060 0.013855
vt 0.488996 0.513489
vt 0.001201 0.648254
vt 0.014305 0.148621
vt 0.089490 0.148621
vt 0.066653 0.504682
vt 0.227188 0.148621
vt 0.729031 1.370583
vt 0.716589 0.810328
vt 0.037830 1.004315
vt 1.060020 0.810328
vt 1.060020 1.370583
vt 0.965420 1.370583
vt 0.889584 0.310099
vt 0.779220 0.337868
vt 0.782627 0.285210
vt 0.192303 0.592030
vt 0.118008 0.619250
vt 0.118888 0.581215
vt 0.254034 0.816136
vt 0.208443 0.847824
vt 0.170681 0.820325
vt 0.062726 0.483803
vt 0.127587 0.500089
vt 0.079202 0.522402
vt 0.461420 1.407045
vt 0.558439 1.407045
vt 0.528925 -0.086968
vt 0.223769 1.407045
vt 0.329638 -0.086968
vt 0.187727 -0.086968
vt 0.790352 0.264109
vt 0.857432 0.213444
vt 0.756367 0.215819
vt 0.061473 -0.056101
vt -0.002373 -0.056100
vt 0.009952 0.443533
vt 0.121204 0.443533
vt 0.224228 0.443533
vt 0.192515 -0.056101
vt 0.212723 0.714408
vt 0.144676 1.214042
vt 0.232378 1.214042
vt 0.147267 0.932405
vt 0.080343 0.932406
vt 0.112689 1.254315
vt 0.031980 1.254315
vt 0.018446 0.932406
vt 0.232302 0.932405
vt 0.190363 1.254315
vt 0.252512 1.254315
vt 0.963002 1.120583
vt 1.060020 1.120583
vt 1.030506 -0.373430
vt 0.725351 1.120583
vt 0.831220 -0.373430
vt 0.689308 -0.373430
vt 0.790351 0.014109
vt 0.857432 -0.036556
vt 0.756367 -0.034181
vt 0.521715 0.321812
vt 0.512052 0.821446
vt 0.551062 0.821446
vt 0.006093 0.276890
vt -0.003573 0.776524
vt 0.035437 0.776524
vt 0.515525 0.697524
vt 0.553314 0.704301
vt 0.554987 0.681595
vt 0.138351 0.676128
vt 0.082251 0.701307
vt 0.143792 0.708835
vt 0.162443 0.462641
vt 0.165608 0.423897
vt 0.104505 0.439298
vt 0.624239 0.513489
vt 0.706918 0.513489
vt 0.671890 0.013855
vt 0.580028 0.013855
vt 0.556145 0.513489
vt 0.513460 0.013855
vt 0.147267 0.932405
vt 0.080343 0.932406
vt 0.112690 1.254315
vt 0.031979 1.254315
vt 0.018446 0.932406
vt 0.232302 0.932405
vt 0.190363 1.254315
vt 0.252512 1.254315
vt 0.006093 0.276890
vt -0.003573 0.776524
vt 0.035437 0.776524
vt 0.650628 0.682453
vt 0.637877 0.704723
vt 0.680726 0.695500
vt 0.515525 0.697524
vt 0.553315 0.704301
vt 0.554987 0.681595
vt 0.836813 1.370583
vt 0.936785 0.810328
vt 0.811854 0.810328
vt 0.162443 0.462641
vt 0.165608 0.423896
vt 0.104505 0.439298
vt 0.335180 1.157045
vt 0.435198 0.596790
vt 0.310274 0.596790
vt 0.461390 1.407045
vt 0.558439 1.407045
vt 0.528949 -0.086968
vt 0.223739 1.407045
vt 0.329635 -0.086968
vt 0.187727 -0.086968
vt 0.790378 0.264116
vt 0.857445 0.213443
vt 0.756367 0.215819
vt 0.963002 1.370583
vt 1.060020 1.370583
vt 1.030506 -0.123430
vt 0.725350 1.370583
vt 0.831220 -0.123430
vt 0.689308 -0.123430
vt 0.790351 0.264109
vt 0.857432 0.213444
vt 0.756367 0.215819
vt 0.006093 0.026891
vt -0.003573 0.526524
vt 0.035437 0.526524
vt 0.624239 0.513489
vt 0.706918 0.513489
vt 0.671890 0.013855
vt 0.580028 0.013855
vt 0.556145 0.513489
vt 0.513460 0.013855
vt 0.147267 0.682405
vt 0.080344 0.682406
vt 0.112690 1.004315
vt 0.031979 1.004315
vt 0.018446 0.682406
vt 0.232303 0.682405
vt 0.190364 1.004315
vt 0.252512 1.004315
vt 0.650628 0.682453
vt 0.637877 0.704723
vt 0.680726 0.695500
vt 0.515525 0.447524
vt 0.553314 0.454301
vt 0.554987 0.431595
vt 0.836758 1.370583
vt 0.936778 0.810328
vt 0.811854 0.810328
vt 0.162443 0.212641
vt 0.165608 0.173896
vt 0.104505 0.189298
vt 0.335231 1.407045
vt 0.435204 0.846790
vt 0.310274 0.846790
vt 0.461407 1.407045
vt 0.558439 1.407045
vt 0.528935 -0.086968
vt 0.223757 1.407045
vt 0.329637 -0.086968
vt 0.187727 -0.086968
vt 0.790362 0.264112
vt 0.857437 0.213444
vt 0.756367 0.215819
vt 0.962972 1.370583
vt 1.060020 1.370583
vt 1.030529 -0.123430
vt 0.725320 1.370583
vt 0.831216 -0.123430
vt 0.689308 -0.123430
vt 0.790377 0.264116
vt 0.857445 0.213443
vt 0.756367 0.215819
vt 0.006093 0.276890
vt -0.003573 0.776524
vt 0.035437 0.776524
vt 0.624239 0.513489
vt 0.706918 0.513489
vt 0.671890 0.013855
vt 0.580028 0.013855
vt 0.556145 0.513489
vt 0.513460 0.013855
vt 0.147267 0.932405
vt 0.080343 0.932406
vt 0.112690 1.254315
vt 0.031979 1.254315
vt 0.018446 0.932406
vt 0.232303 0.932405
vt 0.190363 1.254315
vt 0.252512 1.254315
vt 0.650628 0.682453
vt 0.637877 0.704723
vt 0.680726 0.695500
vt 0.515525 0.697524
vt 0.553314 0.704301
vt 0.554987 0.681595
vt 0.836813 1.370583
vt 0.936785 0.810328
vt 0.811854 0.810328
vt 0.162443 0.462641
vt 0.165608 0.423896
vt 0.104505 0.439298
vt 0.335231 1.407045
vt 0.435205 0.846790
vt 0.310274 0.846790
vt 0.461420 1.407045
vt 0.558439 1.407045
vt 0.528926 -0.086968
vt 0.223770 1.407045
vt 0.329638 -0.086968
vt 0.187727 -0.086968
vt 0.790352 0.264109
vt 0.857432 0.213444
vt 0.756367 0.215819
vt 0.962977 1.120583
vt 1.060020 1.120583
vt 1.030525 -0.373430
vt 0.725325 1.120583
vt 0.831217 -0.373430
vt 0.689308 -0.373430
vt 0.790372 0.014115
vt 0.857443 -0.036557
vt 0.756367 -0.034181
vt 0.006093 0.276890
vt -0.003573 0.776524
vt 0.035437 0.776524
vt 0.624238 0.513489
vt 0.706918 0.513489
vt 0.671891 0.013855
vt 0.580028 0.013855
vt 0.556144 0.513489
vt 0.513460 0.013855
vt 0.147258 0.682405
vt 0.080437 0.682406
vt 0.112690 1.004315
vt 0.031979 1.004315
vt 0.018446 0.682406
vt 0.232277 0.682406
vt 0.190363 1.004315
vt 0.252512 1.004315
vt 0.650628 0.682453
vt 0.637877 0.704723
vt 0.680726 0.695499
vt 0.515525 0.447524
vt 0.553314 0.454301
vt 0.554987 0.431595
vt 0.836813 1.370583
vt 0.936785 0.810328
vt 0.811854 0.810328
vt 0.162451 0.212639
vt 0.165626 0.173902
vt 0.104505 0.189306
vt 0.335180 1.157045
vt 0.435198 0.596790
vt 0.310274 0.596790
vt 0.734776 0.712191
vt 0.667783 0.462891
vt 0.676836 0.712707
vt 0.624239 0.513489
vt 0.706919 0.513489
vt 0.671889 0.013855
vt 0.580028 0.013855
vt 0.556145 0.513489
vt 0.513460 0.013855
vt 0.539720 0.213174
vt 0.516280 0.712191
vt 0.578735 0.712641
vt 0.617745 0.712446
vt 0.593383 0.213074
vt 0.517808 -0.039516
vt 0.508145 0.460118
vt 0.547156 0.460118
vt 0.176994 0.148621
vt 0.101688 0.648254
vt 0.214276 0.648254
vt 0.500708 0.213074
vt 0.962972 1.370583
vt 1.060020 1.370583
vt 1.030529 -0.123430
vt 0.725320 1.370583
vt 0.831216 -0.123430
vt 0.689308 -0.123430
vt 0.790377 0.264116
vt 0.857445 0.213443
vt 0.756367 0.215819
vt 0.006108 0.026891
vt -0.003573 0.526524
vt 0.035437 0.526524
vt 0.650629 0.682453
vt 0.637876 0.704723
vt 0.680726 0.695500
vt 0.624239 0.513489
vt 0.706918 0.513489
vt 0.671890 0.013855
vt 0.580028 0.013855
vt 0.556145 0.513489
vt 0.513460 0.013855
vt 0.114018 1.004315
vt 0.200999 1.004315
vt 0.184340 0.504682
vt 0.176998 0.148621
vt 0.101698 0.648254
vt 0.214275 0.648254
vt 0.650629 0.682453
vt 0.637877 0.704723
vt 0.680726 0.695500
vt 0.515525 0.447059
vt 0.551363 0.455433
vt 0.561191 0.432600
vt 0.836762 1.370583
vt 0.936779 0.810328
vt 0.811854 0.810328
vt 0.435808 -0.086968
vt 0.133232 0.714408
vt 0.061737 0.714409
vt 0.032309 1.214042
vt 0.335752 1.407045
vt 0.889584 0.308606
vt 0.783229 0.285037
vt 0.783273 0.339038
vt 0.114662 -0.056101
vt -0.001691 0.714409
vt 0.228498 0.754682
vt 0.156706 0.754682
vt 0.069131 0.754682
vt 0.018444 0.754682
vt 0.837333 1.120583
vt 0.937389 -0.373430
vt 0.613904 0.821446
vt 0.710506 0.821446
vt 0.668092 0.321812
vt 0.609197 0.321812
vt 0.889584 0.058607
vt 0.783230 0.035037
vt 0.783272 0.089038
vt 0.743376 0.321812
vt 0.098280 0.776524
vt 0.194879 0.776524
vt 0.152467 0.276890
vt 0.093568 0.276890
vt 0.227756 0.276890
vt 0.227450 1.157045
vt 0.215008 0.596790
vt 0.566099 0.492149
vt 0.530964 0.496568
vt 0.551667 0.512373
vt 0.653285 0.742149
vt 0.618149 0.746568
vt 0.638855 0.762375
vt 0.095957 0.782446
vt 0.167007 0.797244
vt 0.164079 0.765008
vt 0.189788 0.312428
vt 0.209070 0.348885
vt 0.264444 0.327129
vt 0.189783 0.646322
vt 0.209066 0.682777
vt 0.264443 0.661021
vt 0.228497 0.754682
vt 0.156707 0.754682
vt 0.889584 0.060099
vt 0.782626 0.035211
vt 0.779220 0.087868
vt 0.723060 0.013855
vt 0.488996 0.513489
vt 0.069131 0.754682
vt 0.018444 0.754682
vt 0.729104 1.370583
vt 0.716657 0.810328
vt 0.098279 0.776524
vt 0.194880 0.776524
vt 0.152467 0.276890
vt 0.093568 0.276890
vt 0.889584 0.310143
vt 0.782681 0.285195
vt 0.779140 0.337845
vt 0.227755 0.276890
vt 1.060020 0.810328
vt 0.965490 1.370583
vt 1.060020 1.370583
vt 0.463838 1.157045
vt 0.653285 0.742149
vt 0.618149 0.746568
vt 0.638855 0.762375
vt 0.192303 0.592030
vt 0.118888 0.581215
vt 0.118008 0.619250
vt 0.558439 0.596790
vt 0.558439 1.157045
vt 0.189784 0.646322
vt 0.209066 0.682777
vt 0.264443 0.661021
vt 0.335729 1.407045
vt 0.435808 -0.086968
vt 0.062725 0.186580
vt 0.079202 0.225179
vt 0.127587 0.202866
vt 0.062733 0.483820
vt 0.079252 0.522402
vt 0.127587 0.500089
vt 0.837332 1.370583
vt 0.937389 -0.123430
vt 0.889584 0.308588
vt 0.783205 0.285044
vt 0.783307 0.339048
vt 0.098280 0.526524
vt 0.194879 0.526524
vt 0.152467 0.026890
vt 0.093568 0.026890
vt 0.889584 0.308607
vt 0.783229 0.285037
vt 0.783273 0.339038
vt 0.227757 0.026890
vt 0.227523 1.407045
vt 0.215076 0.846790
vt 0.653285 0.492149
vt 0.618149 0.496568
vt 0.638855 0.512375
vt 0.189783 0.396322
vt 0.209066 0.432777
vt 0.264443 0.411021
vt 0.228497 0.504682
vt 0.156707 0.504682
vt 0.889584 0.310142
vt 0.782680 0.285195
vt 0.779139 0.337845
vt 0.723060 0.013855
vt 0.488996 0.513489
vt 0.069131 0.504682
vt 0.018444 0.504682
vt 0.729025 1.370583
vt 0.716583 0.810328
vt 1.060020 0.810328
vt 0.965415 1.370583
vt 1.060020 1.370583
vt 0.889584 0.310096
vt 0.782623 0.285212
vt 0.779226 0.337870
vt 0.463908 1.407045
vt 0.192303 0.592030
vt 0.118888 0.581215
vt 0.118008 0.619250
vt 0.558439 0.846790
vt 0.558439 1.407045
vt 0.335743 1.407045
vt 0.435808 -0.086968
vt 0.062732 0.436597
vt 0.079252 0.475179
vt 0.127587 0.452866
vt 0.062726 0.483802
vt 0.079197 0.522402
vt 0.127587 0.500089
vt 0.837310 1.370583
vt 0.937389 -0.123430
vt 0.889584 0.308598
vt 0.783219 0.285040
vt 0.783286 0.339042
vt 0.098280 0.776524
vt 0.194879 0.776524
vt 0.152467 0.276890
vt 0.093568 0.276890
vt 0.889584 0.308588
vt 0.783205 0.285044
vt 0.783306 0.339048
vt 0.227756 0.276890
vt 0.227523 1.407045
vt 0.215076 0.846790
vt 0.653285 0.742149
vt 0.618149 0.746568
vt 0.638855 0.762375
vt 0.189783 0.646322
vt 0.209066 0.682777
vt 0.264443 0.661021
vt 0.228497 0.754682
vt 0.156707 0.754682
vt 0.889584 0.310142
vt 0.782680 0.285195
vt 0.779139 0.337845
vt 0.723060 0.013855
vt 0.488996 0.513489
vt 0.069131 0.754682
vt 0.018444 0.754682
vt 0.729104 1.370583
vt 0.716657 0.810328
vt 1.060020 0.810328
vt 0.965490 1.370583
vt 1.060020 1.370583
vt 0.889584 0.310143
vt 0.782681 0.285195
vt 0.779140 0.337845
vt 0.463908 1.407045
vt 0.192303 0.592030
vt 0.118888 0.581215
vt 0.118008 0.619250
vt 0.558439 0.846790
vt 0.558439 1.407045
vt 0.335752 1.407045
vt 0.435808 -0.086968
vt 0.062732 0.436598
vt 0.079252 0.475179
vt 0.127587 0.452866
vt 0.062732 0.483820
vt 0.079252 0.522402
vt 0.127587 0.500089
vt 0.837314 1.120583
vt 0.937389 -0.373430
vt 0.889584 0.308606
vt 0.783229 0.285037
vt 0.783273 0.339038
vt 0.098280 0.776524
vt 0.194879 0.776524
vt 0.152467 0.276890
vt 0.093567 0.276890
vt 0.889584 0.058592
vt 0.783210 0.035042
vt 0.783300 0.089046
vt 0.227756 0.276890
vt 0.227450 1.157045
vt 0.215008 0.596790
vt 0.653285 0.742149
vt 0.618149 0.746568
vt 0.638855 0.762375
vt 0.189783 0.646322
vt 0.209065 0.682777
vt 0.264443 0.661021
vt 0.228511 0.504682
vt 0.156689 0.504682
vt 0.889584 0.060099
vt 0.782626 0.035211
vt 0.779220 0.087868
vt 0.723060 0.013855
vt 0.488996 0.513489
vt 0.069140 0.504682
vt 0.018444 0.504682
vt 0.729104 1.370583
vt 0.716657 0.810328
vt 1.060020 0.810328
vt 0.965490 1.370583
vt 1.060020 1.370583
vt 0.889584 0.310143
vt 0.782681 0.285195
vt 0.779139 0.337845
vt 0.463838 1.157045
vt 0.192303 0.592030
vt 0.118888 0.581215
vt 0.118008 0.619250
vt 0.558439 0.596790
vt 0.558439 1.157045
vt 0.062726 0.186580
vt 0.079201 0.225179
vt 0.127587 0.202866
vt 0.062733 0.483820
vt 0.079252 0.522401
vt 0.127587 0.500089
vt 0.609997 0.460118
vt 0.706600 0.460118
vt 0.664186 -0.039516
vt 0.605292 -0.039516
vt 0.723060 0.013855
vt 0.488996 0.513489
vt 0.739470 -0.039516
vt 0.089477 0.148621
vt 0.014290 0.148621
vt 0.001199 0.648254
vt 0.227188 0.148621
vt 0.683437 0.213074
vt 0.837310 1.370583
vt 0.937389 -0.123430
vt 0.098264 0.526524
vt 0.194866 0.526524
vt 0.152467 0.026890
vt 0.093543 0.026890
vt 0.889584 0.308588
vt 0.783205 0.285044
vt 0.783306 0.339048
vt 0.227686 0.026890
vt 0.658996 0.624355
vt 0.631903 0.639861
vt 0.666046 0.649048
vt 0.685109 0.632290
vt 0.688931 0.962707
vt 0.746495 0.962707
vt 0.746496 0.712891
vt 0.693355 0.712891
vt 0.664448 0.317055
vt 0.629312 0.321473
vt 0.650016 0.337278
vt 0.653276 0.492147
vt 0.618149 0.496568
vt 0.638867 0.512383
vt 0.192303 0.592031
vt 0.118888 0.581215
vt 0.118008 0.619250
vt 0.185444 0.734828
vt 0.204730 0.771987
vt 0.247715 0.757303
vt 0.189789 0.228535
vt 0.209071 0.264992
vt 0.264444 0.243236
vt 0.254035 0.816138
vt 0.170690 0.820318
vt 0.208430 0.847825
vt 0.189791 0.396335
vt 0.209040 0.432777
vt 0.264443 0.411021
vt 0.610423 0.962707
vt 0.609465 0.712891
vt 0.544700 0.712891
vt 0.528646 0.962708
vt 0.605011 0.463074
vt 0.528744 0.463074
vt 0.684590 0.463074
vt 0.746497 0.463074
vt 0.252512 1.004315
vt 0.252514 0.504682
vt 0.631903 0.639651
vt 0.665794 0.649066
vt 0.672363 0.628417
vt 0.191703 0.729269
vt 0.176082 0.766235
vt 0.247715 0.757351
vt 0.723060 0.013855
vt 0.488996 0.513489
vt 0.089490 0.148621
vt 0.014305 0.148621
vt 0.001201 0.648254
vt 0.066653 0.504682
vt 0.227188 0.148621
vt 0.729031 1.370583
vt 0.716589 0.810328
vt 0.037830 1.004315
vt 1.060020 0.810328
vt 0.965420 1.370583
vt 1.060020 1.370583
vt 0.889584 0.310099
vt 0.782627 0.285210
vt 0.779220 0.337868
vt 0.192303 0.592030
vt 0.118888 0.581215
vt 0.118008 0.619250
vt 0.254034 0.816136
vt 0.170681 0.820325
vt 0.208443 0.847824
vt 0.062726 0.483803
vt 0.079202 0.522402
vt 0.127587 0.500089
vt 0.222689 -0.808009
vt 0.187087 -0.889753
vt 0.240026 -1.030477
vt 0.213421 -0.478147
vt 0.182331 -0.547628
vt 0.230536 -0.623892
vt 0.896885 2.076764
vt 0.897597 1.827017
vt 0.929468 2.066478
vt 0.178709 -1.069580
vt 0.200057 -1.061028
vt 0.848399 1.716112
vt 0.879481 1.455182
vt 0.894838 1.649535
vt 0.925928 1.592918
vt 0.950302 2.060046
vt 0.929536 2.203690
vt 0.184843 -0.201285
vt 0.160604 -0.384887
vt 0.228978 -0.187664
vt 0.183698 -0.702217
vt 0.201250 -0.024125
vt 0.242710 -0.024139
vt 0.896986 2.215037
vt 0.234778 -0.328304
vt 0.230540 -0.460144
vt 0.885180 1.219907
vt 0.918636 1.205806
vt 0.256685 -0.178041
vt 0.245208 -0.270743
vt 0.254854 -0.948236
vt 0.248165 -0.791145
vt 0.244967 -0.608196
vt 0.154910 -0.613784
vt 0.141236 -0.374985
vt 0.160150 -0.115505
vt 0.177709 0.028492
vt 0.157573 -0.698443
vt 0.164247 -0.941836
vt 0.838540 1.360932
vt 0.860654 1.125069
vt 0.881028 2.127433
vt 0.879154 2.197125
vt 0.866768 0.986062
vt 0.872177 2.063059
vt 0.855221 1.898693
vt 0.917950 1.440038
vt 0.929522 1.330262
vt 0.948930 1.916186
vt 0.937376 1.743812
vt 0.945300 1.280125
vt 0.222689 -0.808009
vt 0.240026 -1.030477
vt 0.187087 -0.889753
vt 0.213421 -0.478147
vt 0.230536 -0.623892
vt 0.182331 -0.547628
vt 0.896885 2.076764
vt 0.929468 2.066478
vt 0.897597 1.827017
vt 0.200057 -1.061028
vt 0.178709 -1.069580
vt 0.848399 1.716112
vt 0.894838 1.649535
vt 0.879481 1.455182
vt 0.925928 1.592918
vt 0.950302 2.060046
vt 0.929536 2.203690
vt 0.184843 -0.201285
vt 0.228978 -0.187664
vt 0.160604 -0.384887
vt 0.183698 -0.702217
vt 0.201250 -0.024125
vt 0.242710 -0.024139
vt 0.896986 2.215037
vt 0.234778 -0.328304
vt 0.230540 -0.460144
vt 0.885180 1.219907
vt 0.918636 1.205806
vt 0.256685 -0.178041
vt 0.245208 -0.270743
vt 0.248165 -0.791145
vt 0.254854 -0.948236
vt 0.244967 -0.608196
vt 0.154910 -0.613784
vt 0.141236 -0.374985
vt 0.160150 -0.115505
vt 0.177709 0.028492
vt 0.164247 -0.941836
vt 0.157573 -0.698443
vt 0.860654 1.125069
vt 0.838540 1.360932
vt 0.881028 2.127433
vt 0.879154 2.197125
vt 0.866768 0.986062
vt 0.855221 1.898693
vt 0.872177 2.063059
vt 0.917950 1.440038
vt 0.929522 1.330262
vt 0.948930 1.916186
vt 0.937376 1.743812
vt 0.945300 1.280125
vn -0.9530 0.2580 0.1589
vn -0.3015 -0.8309 -0.4676
vn 0.7093 -0.6166 -0.3416
vn 0.8485 -0.4595 -0.2625
vn -0.0097 0.5344 -0.8452
vn 0.0123 -0.9517 -0.3066
vn -0.0101 -0.4670 -0.8842
vn -0.0168 -0.0500 -0.9986
vn 0.0054 0.4973 -0.8676
vn 0.0069 -0.4389 -0.8985
vn 0.0074 -0.8361 -0.5486
vn -0.0065 0.0502 -0.9987
vn -0.0082 0.9993 0.0365
vn -0.1237 0.4941 0.8606
vn 0.0004 -0.5450 0.8384
vn 0.0606 -0.9951 -0.0775
vn 0.0148 -0.5116 -0.8591
vn 0.0099 0.6019 -0.7985
vn 0.7094 -0.6165 -0.3416
vn 0.0006 -0.9933 0.1157
vn 0.0313 -0.8709 0.4904
vn -0.0116 -0.5885 -0.8084
vn -0.0058 -0.9944 0.1057
vn 0.0258 -0.8698 0.4927
vn -0.0064 -0.5884 -0.8085
vn -0.9757 -0.2145 0.0457
vn 0.9697 -0.0082 0.2440
vn 0.0160 0.3627 0.9318
vn -0.0283 0.0556 0.9981
vn 0.1861 0.5010 0.8452
vn 0.9950 -0.0152 0.0989
vn 0.2099 0.5027 0.8386
vn -0.0339 0.9908 -0.1310
vn 0.0083 0.4826 -0.8758
vn -0.0327 -0.6374 -0.7698
vn -0.0315 0.5844 0.8108
vn -0.0096 -0.5275 0.8495
vn -0.0032 -0.9878 0.1556
vn 0.0258 -0.8698 0.4928
vn -0.0975 0.8688 0.4854
vn -0.0202 0.8771 0.4798
vn -0.2520 0.8441 0.4733
vn 0.1862 0.5010 0.8452
vn -0.0969 0.8720 0.4798
vn -0.0198 0.8792 0.4761
vn -0.2511 0.8477 0.4673
vn -0.9530 0.2610 0.1538
vn -0.3011 -0.8318 -0.4662
vn 0.7088 -0.6192 -0.3380
vn 0.8483 -0.4620 -0.2587
vn -0.3016 -0.8309 -0.4676
vn 0.7093 -0.6165 -0.3416
vn 0.0083 0.4825 -0.8759
vn -0.0316 0.5844 0.8108
vn -0.0969 0.8723 0.4793
vn -0.0197 0.8793 0.4758
vn -0.2511 0.8480 0.4668
vn -0.9530 0.2592 0.1569
vn -0.3014 -0.8313 -0.4670
vn 0.7091 -0.6176 -0.3402
vn 0.8485 -0.4605 -0.2610
vn -0.3011 -0.8318 -0.4663
vn 0.0257 -0.8698 0.4928
vn -0.0315 0.5844 0.8109
vn -0.0032 -0.9878 0.1557
vn -0.9530 0.2604 0.1548
vn -0.3012 -0.8317 -0.4665
vn 0.7089 -0.6187 -0.3386
vn 0.8484 -0.4615 -0.2594
vn -0.0059 -0.9944 0.1057
vn -0.0064 -0.5884 -0.8086
vn -0.0338 0.9908 -0.1310
vn 0.0083 0.4825 -0.8758
vn -0.0326 -0.6374 -0.7698
vn -0.0095 -0.5275 0.8495
vn -0.0078 0.9993 0.0363
vn -0.1237 0.4940 0.8606
vn 0.0005 -0.5447 0.8387
vn 0.0605 -0.9952 -0.0773
vn 0.0140 -0.5116 -0.8591
vn 0.1833 0.5012 0.8457
vn 0.2070 0.5027 0.8393
vn 0.0166 -0.9206 -0.3903
vn 0.0201 -0.5121 -0.8587
vn 0.0174 0.7627 -0.6465
vn -0.0341 0.9908 -0.1309
vn 0.0082 0.4825 -0.8758
vn -0.0329 -0.6375 -0.7698
vn -0.0316 0.5843 0.8109
vn -0.0098 -0.5275 0.8495
vn 0.0075 -0.9282 0.3720
vn -0.0079 -0.2749 0.9614
vn -0.0011 0.8289 0.5594
vn -0.0058 0.9976 0.0694
vn 0.0006 -0.9933 0.1158
vn 0.0314 -0.8709 0.4904
vn -0.0361 0.5756 -0.8169
vn 0.0088 0.1970 -0.9804
vn -0.0050 0.9238 -0.3829
vn 0.0483 0.2158 -0.9752
vn -0.0045 -0.9946 0.1041
vn 0.0254 -0.8695 0.4934
vn -0.0026 -0.5875 -0.8092
vn -0.0319 0.7591 0.6502
vn 0.0052 0.9522 0.3054
vn -0.0032 0.9972 -0.0745
vn -0.0350 0.5753 -0.8172
vn 0.0102 0.1966 -0.9804
vn -0.0045 0.9238 -0.3828
vn -0.0171 -0.7757 -0.6309
vn 0.0100 -0.9578 -0.2871
vn -0.6348 0.6739 0.3781
vn -0.0119 0.4526 0.8916
vn 0.9618 0.2367 0.1377
vn -0.0247 -0.5208 0.8533
vn 0.0041 0.7938 -0.6082
vn -0.0050 0.0493 0.9988
vn -0.0211 -0.2277 0.9735
vn 0.0073 0.5161 -0.8565
vn 0.0002 -0.9769 0.2135
vn -0.0287 0.4967 -0.8674
vn -0.1080 -0.9939 -0.0205
vn -0.1364 0.8642 0.4843
vn -0.0235 0.9989 -0.0416
vn -0.0129 -0.1340 -0.9909
vn 0.0344 -0.5249 0.8505
vn -0.0192 0.9989 -0.0420
vn -0.0064 -0.1336 -0.9910
vn 0.0262 -0.5251 0.8506
vn 0.9997 0.0154 0.0208
vn 0.9907 0.0843 -0.1070
vn 0.9994 0.0067 0.0353
vn -0.9960 0.0028 0.0889
vn -0.9974 0.0126 0.0715
vn 0.9277 -0.3455 0.1417
vn 0.9387 0.3345 -0.0831
vn 0.9429 0.3263 -0.0669
vn -0.0206 -0.5253 0.8506
vn 0.9997 0.0210 0.0143
vn 0.9892 0.0906 -0.1149
vn 0.9996 0.0103 0.0255
vn -0.0205 -0.5256 0.8505
vn -0.3620 -0.8121 -0.4576
vn -0.3207 0.8269 0.4619
vn -0.9974 0.0125 0.0716
vn 0.9499 0.2991 -0.0902
vn -0.3626 -0.8130 -0.4556
vn -0.1362 0.8658 0.4815
vn -0.6344 0.6767 0.3737
vn -0.3218 0.8222 0.4695
vn 0.0449 0.4758 -0.8784
vn 0.0449 0.4759 -0.8784
vn 0.9620 0.2348 0.1396
vn -0.0248 -0.5207 0.8534
vn -0.9974 0.0125 0.0715
vn 0.9997 0.0150 0.0213
vn 0.9908 0.0839 -0.1064
vn 0.9993 0.0064 0.0361
vn -0.3626 -0.8131 -0.4555
vn -0.0206 -0.5253 0.8507
vn 0.9499 0.2992 -0.0902
vn -0.1363 0.8649 0.4832
vn -0.6346 0.6750 0.3763
vn -0.3206 0.8273 0.4613
vn 0.0449 0.4757 -0.8784
vn 0.9619 0.2359 0.1385
vn -0.1362 0.8655 0.4820
vn -0.6345 0.6761 0.3745
vn -0.0191 0.9989 -0.0420
vn 0.0261 -0.5252 0.8506
vn 0.9619 0.2351 0.1393
vn -0.0283 0.4967 -0.8674
vn -0.1064 -0.9941 -0.0203
vn -0.0236 0.9989 -0.0416
vn -0.0935 0.9321 -0.3498
vn -0.0130 -0.1340 -0.9909
vn 0.0345 -0.5249 0.8505
vn -0.0143 -0.6102 0.7921
vn -0.0037 -0.5849 0.8111
vn -0.0305 -0.5899 0.8069
vn 0.0073 0.9916 0.1291
vn 0.0143 -0.5266 -0.8500
vn -0.0212 0.9989 -0.0415
vn -0.0034 -0.1327 -0.9912
vn 0.0247 -0.5255 0.8504
vn -0.9922 0.0998 -0.0749
vn 0.0407 -0.5076 -0.8606
vn 0.0167 -0.5494 -0.8354
vn 0.0167 -0.5445 -0.8386
vn 0.9983 -0.0578 -0.0113
vn 0.9387 0.3346 -0.0831
vn 0.9742 -0.0150 0.2250
vn 0.9429 0.3263 -0.0667
vn -0.0088 0.9889 -0.1483
vn -0.0011 0.9979 -0.0652
vn -0.0031 0.9972 -0.0751
vn 0.0325 0.9858 -0.1649
vn -0.0591 -0.4720 0.8796
vn -0.0133 -0.4743 0.8803
vn -0.0184 -0.4750 0.8798
vn 0.0649 -0.9978 0.0098
vn 0.0904 -0.4880 0.8681
vn -0.0369 0.9991 -0.0217
vn 0.0280 -0.5776 -0.8158
vn 0.0112 -0.7556 -0.6550
vn -0.9867 0.1327 -0.0943
vn -0.0152 -0.6101 0.7921
vn -0.0049 -0.5846 0.8113
vn -0.0319 -0.5895 0.8072
vn 0.0022 0.2557 0.9668
vn 0.0070 0.9916 0.1290
vn 0.0153 -0.5269 -0.8498
vn 0.9994 0.0067 0.0354
vn 0.9742 -0.0150 0.2251
vn -0.9933 -0.1102 0.0344
vn 0.7459 -0.5837 0.3207
vn -0.3044 -0.8302 0.4671
vn 0.5465 -0.4611 0.6991
vn -0.0097 0.5344 0.8452
vn 0.0123 -0.9517 0.3066
vn -0.0278 -0.2160 0.9760
vn -0.6410 0.2687 0.7189
vn -0.2796 0.2676 0.9221
vn 0.3437 -0.8824 0.3214
vn -0.3889 -0.3541 0.8505
vn -0.5890 -0.3450 0.7308
vn -0.0003 0.9910 -0.1338
vn 0.0245 -0.3941 -0.9187
vn -0.4644 -0.1447 -0.8737
vn -0.5354 -0.6870 -0.4912
vn 0.0288 -0.2901 0.9566
vn 0.0582 0.4004 0.9145
vn -0.9933 -0.1102 0.0345
vn -0.1209 -0.9764 0.1788
vn -0.4455 -0.8110 0.3793
vn -0.0129 -0.9999 -0.0007
vn -0.1205 -0.9737 0.1936
vn -0.4463 -0.8076 0.3854
vn -0.0129 -0.9999 -0.0024
vn -0.9757 -0.2145 -0.0457
vn 0.9697 -0.0082 -0.2440
vn 0.7922 0.3140 -0.5232
vn 0.9210 -0.0800 -0.3812
vn 0.7864 0.5227 -0.3292
vn 0.7785 0.0249 -0.6271
vn 0.9950 -0.0152 -0.0989
vn -0.7463 0.4472 0.4930
vn -0.8711 -0.0320 0.4900
vn 0.0775 -0.0392 0.9962
vn 0.0976 0.1484 -0.9841
vn -0.8410 0.0268 -0.5404
vn -0.0061 -0.9933 -0.1151
vn -0.3174 0.6969 -0.6431
vn -0.0119 0.9607 -0.2774
vn -0.0202 0.8771 -0.4798
vn 0.7863 0.5228 -0.3292
vn -0.3178 0.7017 -0.6376
vn -0.0105 0.9623 -0.2718
vn -0.0198 0.8792 -0.4761
vn -0.9940 -0.1017 0.0396
vn 0.7450 -0.5868 0.3173
vn -0.3002 -0.8321 0.4664
vn 0.5476 -0.4645 0.6960
vn -0.3179 0.7021 -0.6372
vn -0.0104 0.9624 -0.2714
vn -0.0197 0.8793 -0.4758
vn -0.9936 -0.1068 0.0365
vn 0.7456 -0.5849 0.3193
vn -0.3027 -0.8309 0.4668
vn 0.5470 -0.4624 0.6979
vn 0.7450 -0.5867 0.3173
vn -0.3002 -0.8320 0.4665
vn 0.0976 0.1485 -0.9841
vn 0.7863 0.5227 -0.3292
vn -0.3043 -0.8302 0.4671
vn -0.9939 -0.1032 0.0386
vn 0.7452 -0.5862 0.3179
vn -0.3010 -0.8317 0.4665
vn 0.5474 -0.4638 0.6966
vn -0.1205 -0.9737 0.1934
vn -0.4464 -0.8076 0.3854
vn -0.0130 -0.9999 -0.0023
vn -0.7462 0.4473 0.4931
vn -0.8711 -0.0319 0.4900
vn 0.0776 -0.0392 0.9962
vn 0.0977 0.1485 -0.9841
vn -0.8409 0.0269 -0.5405
vn -0.0001 0.9911 -0.1331
vn 0.0240 -0.3951 -0.9183
vn -0.4643 -0.1447 -0.8738
vn -0.5352 -0.6872 -0.4913
vn 0.0278 -0.2903 0.9565
vn 0.7858 0.5239 -0.3288
vn 0.7781 0.0235 -0.6276
vn -0.0235 -0.9997 -0.0057
vn 0.0206 0.6176 0.7862
vn 0.0201 -0.5121 0.8587
vn -0.7464 0.4472 0.4929
vn -0.8712 -0.0322 0.4899
vn 0.0774 -0.0392 0.9962
vn 0.0975 0.1484 -0.9841
vn -0.8410 0.0266 -0.5404
vn -0.0060 -0.9933 -0.1151
vn 0.4201 -0.9009 0.1089
vn -0.0116 -0.3233 -0.9462
vn -0.4217 0.8442 0.3310
vn -0.0077 0.6889 -0.7248
vn -0.1210 -0.9764 0.1791
vn -0.4454 -0.8110 0.3793
vn -0.0128 -0.9999 -0.0008
vn -0.0031 0.3758 0.9267
vn -0.3621 0.6540 0.6642
vn -0.5626 0.5580 0.6100
vn 0.3592 -0.4513 0.8169
vn -0.1173 -0.9749 0.1895
vn -0.4442 -0.8085 0.3860
vn -0.0139 -0.9999 0.0017
vn -0.7464 0.4473 0.4929
vn -0.6268 -0.2287 -0.7449
vn -0.0032 0.9972 0.0745
vn 0.3988 0.6740 -0.6219
vn -0.0023 0.3766 0.9264
vn -0.3614 0.6542 0.6644
vn -0.5622 0.5584 0.6101
vn -0.0025 -0.8107 -0.5855
vn -0.5774 -0.8096 0.1058
vn -0.9773 0.1932 -0.0872
vn -0.0119 0.4526 -0.8916
vn 0.9618 0.2367 -0.1377
vn -0.0247 -0.5208 -0.8533
vn 0.0041 0.7938 0.6082
vn -0.0211 -0.2277 -0.9735
vn -0.2853 -0.1759 -0.9422
vn 0.0073 0.5161 0.8565
vn 0.7713 -0.6321 0.0738
vn -0.0287 0.4967 0.8674
vn -0.1080 -0.9939 0.0205
vn -0.1364 0.8642 -0.4843
vn -0.9773 0.1931 -0.0872
vn -0.0235 0.9989 0.0416
vn -0.0129 -0.1340 0.9909
vn 0.0344 -0.5249 -0.8505
vn -0.0192 0.9989 0.0420
vn -0.0064 -0.1336 0.9910
vn 0.0262 -0.5251 -0.8506
vn 0.9997 0.0154 -0.0208
vn 0.2516 0.4684 0.8470
vn 0.4026 0.7209 0.5641
vn -0.9960 0.0028 -0.0889
vn -0.9974 0.0126 -0.0715
vn 0.9277 -0.3455 -0.1417
vn 0.9387 0.3345 0.0831
vn 0.9429 0.3263 0.0669
vn -0.0206 -0.5253 -0.8507
vn 0.9997 0.0210 -0.0143
vn 0.2500 0.4702 0.8464
vn 0.4045 0.7202 0.5637
vn -0.0205 -0.5256 -0.8505
vn -0.3620 -0.8121 0.4576
vn -0.3207 0.8269 -0.4619
vn -0.9974 0.0125 -0.0716
vn 0.9499 0.2991 0.0902
vn -0.3626 -0.8130 0.4556
vn -0.1362 0.8658 -0.4815
vn -0.9773 0.1948 -0.0831
vn -0.3218 0.8222 -0.4695
vn 0.0449 0.4758 0.8784
vn 0.0449 0.4759 0.8784
vn 0.9620 0.2348 -0.1396
vn -0.0248 -0.5207 -0.8534
vn -0.9974 0.0125 -0.0715
vn 0.9997 0.0150 -0.0213
vn 0.2517 0.4682 0.8470
vn 0.4025 0.7209 0.5641
vn -0.3626 -0.8131 0.4555
vn 0.9499 0.2992 0.0902
vn -0.1363 0.8649 -0.4832
vn -0.9773 0.1938 -0.0856
vn -0.3206 0.8273 -0.4613
vn 0.0449 0.4757 0.8784
vn 0.9619 0.2359 -0.1385
vn 0.2500 0.4703 0.8464
vn -0.1362 0.8655 -0.4820
vn -0.9773 0.1945 -0.0839
vn -0.0191 0.9989 0.0421
vn 0.0261 -0.5252 -0.8506
vn 0.9619 0.2351 -0.1393
vn -0.0283 0.4967 0.8674
vn -0.1064 -0.9941 0.0203
vn -0.0236 0.9989 0.0416
vn -0.9226 0.3849 0.0267
vn -0.0130 -0.1340 0.9909
vn 0.0345 -0.5249 -0.8505
vn -0.0143 -0.6102 -0.7921
vn 0.8086 -0.5505 -0.2079
vn 0.8014 -0.0696 -0.5940
vn 0.0073 0.9916 -0.1291
vn 0.0143 -0.5266 0.8500
vn -0.0212 0.9989 0.0415
vn -0.0034 -0.1327 0.9912
vn 0.0247 -0.5255 -0.8504
vn -0.9922 0.0998 0.0749
vn 0.0407 -0.5076 0.8606
vn 0.0277 -0.5444 0.8384
vn 0.0111 -0.5495 0.8354
vn 0.9983 -0.0578 0.0113
vn 0.9387 0.3346 0.0831
vn 0.9742 -0.0150 -0.2251
vn 0.9429 0.3263 0.0668
vn -0.5738 0.6711 0.4694
vn -0.9006 0.4010 -0.1674
vn 0.0221 0.9970 0.0747
vn -0.0258 0.9975 0.0655
vn -0.0591 -0.4720 -0.8796
vn 0.0392 -0.4743 -0.8795
vn -0.0539 -0.4741 -0.8788
vn 0.7991 -0.5670 -0.1997
vn 0.0671 -0.9912 -0.1137
vn -0.0369 0.9991 0.0217
vn 0.7595 -0.6031 0.2438
vn 0.0112 -0.7556 0.6550
vn -0.9867 0.1327 0.0943
vn -0.0152 -0.6101 -0.7921
vn 0.8092 -0.5498 -0.2073
vn 0.8007 -0.0691 -0.5951
vn 0.5561 0.5967 -0.5786
vn 0.0070 0.9916 -0.1290
vn 0.0153 -0.5269 0.8498
vn 0.2516 0.4684 0.8469
vn 0.5039 -0.8260 0.2526
vn -0.1971 0.0424 -0.9795
vn 0.9693 -0.1091 0.2202
vn 0.1271 0.0059 0.9919
vn -0.8571 -0.2166 -0.4674
vn 0.3256 -0.6482 0.6884
vn 0.2036 0.1588 -0.9661
vn 0.0281 -0.8746 -0.4840
vn -0.9278 -0.3008 0.2206
vn -0.3265 0.4841 -0.8118
vn 0.0826 0.7062 -0.7032
vn 0.5934 0.1115 -0.7972
vn 0.5887 0.2317 -0.7744
vn 0.5907 0.1064 -0.7998
vn -0.2066 0.0206 0.9782
vn -0.3158 -0.2874 0.9043
vn -0.2911 -0.2973 0.9093
vn -0.3400 -0.3235 0.8831
vn -0.3286 -0.2050 0.9220
vn -0.2003 0.9797 -0.0089
vn -0.7027 0.7031 0.1093
vn 0.4298 0.2634 0.8637
vn -0.4773 -0.2850 -0.8312
vn -0.4868 0.6364 -0.5984
vn 0.4524 -0.5068 0.7338
vn 0.4618 -0.3056 0.8327
vn 0.0266 0.7029 0.7108
vn 0.3614 -0.4473 0.8181
vn 0.3675 -0.3421 0.8648
vn 0.5025 -0.4129 0.7596
vn 0.5470 -0.1692 0.8198
vn -0.4883 0.1628 -0.8573
vn -0.4355 0.3377 -0.8344
vn -0.3403 0.5156 -0.7864
vn -0.4785 0.3889 -0.7873
vn -0.4527 0.4017 -0.7961
vn 0.4184 0.3210 -0.8496
vn 0.5246 0.3669 -0.7683
vn 0.3875 0.5182 -0.7625
vn 0.5194 0.2889 -0.8042
vn 0.3933 0.1532 -0.9065
vn 0.3994 0.3181 -0.8598
vn 0.4434 0.1943 -0.8750
vn -0.2427 -0.2227 0.9442
vn -0.2112 -0.3101 0.9269
vn -0.3778 -0.6189 0.6886
vn -0.3485 -0.6183 0.7044
vn 0.2005 -0.9067 0.3710
vn 0.8772 0.1783 0.4458
vn -0.2208 0.0191 0.9751
vn -0.6735 0.0752 -0.7354
vn 0.0977 -0.9160 -0.3891
vn -0.9402 -0.0085 0.3405
vn -0.3078 0.4076 0.8598
vn -0.9477 0.0256 0.3181
vn -0.0052 -0.9051 0.4251
vn 0.1823 0.5197 0.8347
vn -0.3227 0.5352 0.7806
vn 0.5791 0.0778 0.8115
vn 0.5776 0.0817 0.8122
vn 0.5621 0.2668 0.7828
vn -0.1876 -0.0029 -0.9822
vn -0.2708 -0.2599 -0.9269
vn -0.3466 -0.3573 -0.8673
vn -0.3336 -0.3825 -0.8616
vn -0.0361 0.0326 -0.9988
vn -0.2253 0.9742 0.0116
vn 0.3895 0.6983 -0.6005
vn -0.7421 0.6573 -0.1312
vn -0.3293 -0.6977 0.6362
vn -0.4868 0.6364 0.5984
vn 0.2973 -0.5748 -0.7624
vn 0.4451 -0.1006 -0.8898
vn 0.0266 0.7029 -0.7108
vn 0.3607 -0.4521 -0.8158
vn 0.1183 -0.2824 -0.9520
vn 0.4309 -0.4454 -0.7848
vn 0.5657 -0.1702 -0.8068
vn -0.5016 0.1955 0.8427
vn -0.4598 0.3082 0.8328
vn -0.3337 0.5161 0.7889
vn -0.3638 0.4461 0.8177
vn -0.4905 0.3890 0.7798
vn 0.2637 0.2694 0.9262
vn -0.1155 0.3604 0.9256
vn 0.3865 0.4830 0.7857
vn 0.5115 0.3862 0.7676
vn 0.3573 0.1114 0.9273
vn 0.4503 0.1938 0.8716
vn 0.3891 0.3251 0.8619
vn -0.2639 -0.2037 -0.9428
vn -0.2316 -0.3171 -0.9197
vn -0.3839 -0.6156 -0.6882
vn -0.3518 -0.6181 -0.7030
usemtl pattern_logwood.003
s 1
f 2747/3843/2715 2750/3844/2716 2746/3845/2717
f 2746/3846/2717 2750/3847/2716 2749/3848/2718
f 2750/3849/2719 2751/3850/2719 2749/3851/2719
f 2753/3852/2720 2755/3853/2721 2752/3854/2722
f 2756/3855/2723 2752/3856/2722 2755/3857/2721
f 2759/3858/2724 2760/3859/2725 2761/3860/2726
f 2769/3861/2727 2765/3862/2728 2768/3863/2729
f 2768/3863/2729 2765/3862/2728 2766/3864/2730
f 2768/3863/2729 2766/3864/2730 2770/3865/2731
f 2770/3866/2731 2766/3867/2730 2767/3868/2732
f 2770/3866/2731 2767/3868/2732 2769/3861/2727
f 2772/3869/2715 2775/3870/2716 2771/3871/2733
f 2771/3872/2733 2775/3873/2716 2774/3874/2718
f 2775/3875/2719 2776/3876/2719 2774/3877/2719
f 2779/3878/2734 2781/3879/2735 2782/3880/2736
f 2785/3881/2737 2787/3882/2738 2788/3883/2739
f 2765/3884/2728 2767/3885/2740 2766/3886/2730
f 2752/3887/2741 2754/3888/2742 2753/3889/2743
f 2763/3890/2744 2764/3891/2745 2762/3892/2746
f 2795/3893/2747 2794/3894/2748 2797/3895/2749
f 2792/3896/2750 2795/3893/2747 2796/3897/2751
f 2792/3896/2750 2796/3897/2751 2793/3898/2752
f 2794/3894/2748 2795/3893/2747 2792/3896/2750
f 2805/3899/2727 2801/3900/2728 2804/3901/2729
f 2804/3901/2729 2801/3900/2728 2802/3902/2730
f 2804/3901/2729 2802/3902/2730 2806/3903/2731
f 2806/3904/2731 2802/3905/2730 2803/3906/2732
f 2806/3904/2731 2803/3906/2732 2805/3899/2727
f 2815/3907/2737 2817/3908/2753 2818/3909/2739
f 2796/3910/2751 2795/3911/2747 2797/3912/2749
f 2801/3913/2728 2803/3914/2740 2802/3915/2730
f 2809/3916/2754 2810/3917/2755 2811/3918/2756
f 2799/3919/2757 2800/3920/2745 2798/3921/2746
f 2791/3922/2758 2819/3923/2759 2821/3924/2760
f 2823/3925/2761 2826/3926/2762 2822/3927/2763
f 2822/3928/2763 2826/3929/2762 2825/3930/2764
f 2826/3931/2719 2827/3932/2719 2825/3933/2719
f 2829/3934/2715 2832/3935/2765 2828/3936/2766
f 2828/3937/2766 2832/3938/2765 2831/3939/2718
f 2832/3940/2719 2833/3941/2719 2831/3942/2719
f 2836/3943/2737 2838/3944/2738 2839/3945/2739
f 2846/3946/2747 2845/3947/2767 2848/3948/2749
f 2843/3949/2768 2846/3946/2747 2847/3950/2751
f 2843/3949/2768 2847/3950/2751 2844/3951/2752
f 2845/3947/2767 2846/3946/2747 2843/3949/2768
f 2856/3952/2727 2852/3953/2728 2855/3954/2729
f 2855/3954/2729 2852/3953/2728 2853/3955/2730
f 2855/3954/2729 2853/3955/2730 2857/3956/2731
f 2857/3957/2731 2853/3958/2730 2854/3959/2732
f 2857/3957/2731 2854/3959/2732 2856/3952/2727
f 2847/3960/2751 2846/3961/2747 2848/3962/2749
f 2852/3963/2728 2854/3964/2740 2853/3965/2730
f 2860/3966/2769 2861/3967/2770 2862/3968/2771
f 2850/3969/2757 2851/3970/2745 2849/3971/2746
f 2842/3972/2754 2864/3973/2755 2866/3974/2756
f 2868/3975/2772 2871/3976/2773 2867/3977/2774
f 2867/3978/2774 2871/3979/2773 2870/3980/2775
f 2871/3981/2719 2872/3982/2719 2870/3983/2719
f 2874/3984/2761 2877/3985/2776 2873/3986/2763
f 2873/3987/2763 2877/3988/2776 2876/3989/2764
f 2877/3990/2719 2878/3991/2719 2876/3992/2719
f 2881/3993/2737 2883/3994/2777 2884/3995/2739
f 2891/3996/2747 2890/3997/2767 2893/3998/2749
f 2888/3999/2778 2891/3996/2747 2892/4000/2751
f 2888/3999/2778 2892/4000/2751 2889/4001/2779
f 2890/3997/2767 2891/3996/2747 2888/3999/2778
f 2901/4002/2727 2897/4003/2728 2900/4004/2729
f 2900/4004/2729 2897/4003/2728 2898/4005/2730
f 2900/4004/2729 2898/4005/2730 2902/4006/2731
f 2902/4007/2731 2898/4008/2730 2899/4009/2732
f 2902/4007/2731 2899/4009/2732 2901/4002/2727
f 2892/4010/2751 2891/4011/2747 2893/4012/2749
f 2897/4013/2728 2899/4014/2740 2898/4015/2730
f 2905/4016/2754 2906/4017/2755 2907/4018/2756
f 2895/4019/2757 2896/4020/2745 2894/4021/2746
f 2887/4022/2754 2909/4023/2755 2911/4024/2756
f 2913/4025/2715 2916/4026/2716 2912/4027/2766
f 2912/4028/2766 2916/4029/2716 2915/4030/2718
f 2916/4031/2719 2917/4032/2719 2915/4033/2719
f 2919/4034/2780 2922/4035/2781 2918/4036/2782
f 2918/4037/2782 2922/4038/2781 2921/4039/2783
f 2922/4040/2719 2923/4041/2719 2921/4042/2719
f 2926/4043/2784 2928/4044/2777 2929/4045/2785
f 2936/4046/2786 2935/4047/2787 2938/4048/2788
f 2933/4049/2778 2936/4046/2786 2937/4050/2789
f 2933/4049/2778 2937/4050/2789 2934/4051/2752
f 2935/4047/2787 2936/4046/2786 2933/4049/2778
f 2946/4052/2790 2942/4053/2791 2945/4054/2792
f 2945/4054/2792 2942/4053/2791 2943/4055/2793
f 2945/4054/2792 2943/4055/2793 2947/4056/2794
f 2947/4057/2794 2943/4058/2793 2944/4059/2732
f 2947/4057/2794 2944/4059/2732 2946/4052/2790
f 2937/4060/2789 2936/4061/2786 2938/4062/2788
f 2942/4063/2791 2944/4064/2740 2943/4065/2793
f 2950/4066/2754 2951/4067/2755 2952/4068/2756
f 2940/4069/2795 2941/4070/2745 2939/4071/2796
f 2932/4072/2758 2954/4073/2759 2956/4074/2760
f 3023/4075/2797 3010/4076/2798 3022/4077/2799
f 3003/4078/2800 3002/4079/2801 3005/4080/2802
f 3000/4081/2803 3003/4078/2800 3004/4082/2804
f 3000/4081/2803 3004/4082/2804 3001/4083/2752
f 3007/4084/2805 3009/4085/2806 3023/4086/2797
f 3002/4079/2801 3003/4078/2800 3000/4081/2803
f 3009/4085/2806 3006/4087/2807 3024/4088/2808
f 3013/4089/2809 3015/4090/2810 3016/4091/2736
f 3019/4092/2811 3021/4093/2812 3020/4094/2813
f 3007/4084/2805 3023/4086/2797 3008/4095/2814
f 3026/4096/2761 3029/4097/2762 3025/4098/2763
f 3025/4099/2763 3029/4100/2762 3028/4101/2764
f 3029/4102/2719 3030/4103/2719 3028/4104/2719
f 3033/4105/2815 3035/4106/2816 3036/4107/2817
f 3004/4108/2804 3003/4109/2800 3005/4110/2802
f 3049/4111/2800 3048/4112/2801 3051/4113/2802
f 3046/4114/2803 3049/4111/2800 3050/4115/2804
f 3046/4114/2803 3050/4115/2804 3047/4116/2752
f 3048/4112/2801 3049/4111/2800 3046/4114/2803
f 3054/4117/2818 3053/4118/2819 3056/4119/2820
f 3059/4120/2821 3061/4121/2822 3060/4122/2823
f 3050/4123/2804 3049/4124/2800 3051/4125/2802
f 3054/4126/2818 3056/4127/2824 3055/4128/2825
f 3064/4129/2758 3065/4130/2759 3066/4131/2760
f 2747/3843/2715 2751/4132/2826 2750/3844/2716
f 2761/3860/2827 2760/4133/2827 2758/4134/2827 2757/4135/2827
f 2749/3848/2718 2748/4136/2828 2746/3846/2717
f 2747/4137/2829 2746/4138/2829 2748/4139/2829
f 2754/4140/2830 2752/3856/2722 2756/3855/2723
f 2753/3852/2743 2756/3855/2831 2755/3853/2832
f 2756/3855/2831 2753/3852/2743 2754/4140/2742
f 2761/3860/2726 2757/4135/2833 2759/3858/2724
f 2759/4141/2724 2758/4134/2834 2760/4133/2725
f 2770/3866/2731 2769/3861/2727 2762/4142/2835 2764/4143/2835
f 2770/3865/2731 2764/4144/2836 2763/4145/2836 2768/3863/2729
f 2762/4142/2746 2769/3861/2727 2768/3863/2729 2763/4145/2744
f 2769/3861/2727 2767/3868/2732 2765/3862/2728
f 2774/3874/2837 2776/4146/2826 2772/3869/2715 2773/4147/2837
f 2772/3869/2715 2776/4146/2826 2775/3870/2716
f 2780/4148/2838 2778/4149/2838 2777/4150/2838 2782/4151/2838
f 2772/4152/2829 2771/4153/2829 2773/4154/2829
f 2777/4150/2839 2779/4155/2734 2782/4151/2736
f 2781/3879/2735 2779/3878/2734 2778/4149/2840 2780/4148/2840
f 2786/4156/2841 2784/4157/2841 2783/4158/2841 2788/4159/2841
f 2783/4158/2842 2785/4160/2737 2788/4159/2739
f 2787/3882/2738 2785/3881/2737 2784/4157/2843 2786/4156/2843
f 2789/4161/2844 2820/4162/2845 2819/3923/2846 2791/3922/2844
f 2780/4163/2847 2782/4164/2847 2781/4165/2847
f 2786/4166/2848 2788/4167/2848 2787/4168/2848
f 2759/4169/2724 2757/4170/2849 2758/4171/2834
f 2779/4172/2850 2777/4173/2850 2778/4174/2850
f 2785/4175/2851 2783/4176/2851 2784/4177/2851
f 2774/3874/2718 2773/4147/2828 2771/3872/2733
f 2806/3904/2731 2805/3899/2727 2798/4178/2835 2800/4179/2835
f 2790/4180/2852 2789/4181/2852 2791/4182/2852
f 2794/3894/2748 2793/4183/2752 2797/3895/2749
f 2793/3898/2752 2796/3897/2751 2797/4184/2749
f 2806/3903/2731 2800/4185/2836 2799/4186/2836 2804/3901/2729
f 2798/4178/2746 2805/3899/2727 2804/3901/2729 2799/4186/2757
f 2805/3899/2727 2803/3906/2732 2801/3900/2728
f 2807/4187/2853 2812/4188/2854 2810/3917/2855 2809/3916/2853
f 2816/4189/2841 2814/4190/2841 2813/4191/2841 2818/4192/2841
f 2808/4193/2856 2807/4194/2856 2809/4195/2856
f 2813/4191/2842 2815/4196/2737 2818/4192/2739
f 2817/3908/2753 2815/3907/2737 2814/4190/2843 2816/4189/2843
f 2812/4197/2857 2807/4198/2857 2808/4199/2857 2811/3918/2857
f 2790/4200/2858 2791/3922/2758 2821/3924/2760
f 2816/4201/2859 2818/4202/2859 2817/4203/2859
f 2794/4204/2860 2792/4205/2860 2793/4206/2860
f 2820/4207/2861 2789/4208/2861 2790/4200/2861 2821/3924/2861
f 2815/4209/2851 2813/4210/2851 2814/4211/2851
f 2825/3930/2862 2827/4212/2863 2823/3925/2761 2824/4213/2862
f 2808/4199/2864 2809/3916/2754 2811/3918/2756
f 2821/4214/2865 2819/4215/2846 2820/4216/2845
f 2811/4217/2866 2810/4218/2855 2812/4219/2854
f 2823/3925/2761 2827/4212/2863 2826/3926/2762
f 2831/3939/2837 2833/4220/2826 2829/3934/2715 2830/4221/2837
f 2825/3930/2764 2824/4213/2867 2822/3928/2763
f 2823/4222/2868 2822/4223/2868 2824/4224/2868
f 2829/3934/2715 2833/4220/2826 2832/3935/2765
f 2837/4225/2841 2835/4226/2841 2834/4227/2841 2839/4228/2841
f 2829/4229/2829 2828/4230/2829 2830/4231/2829
f 2834/4227/2842 2836/4232/2737 2839/4228/2739
f 2838/3944/2738 2836/3943/2737 2835/4226/2843 2837/4225/2843
f 2840/4233/2853 2865/4234/2854 2864/3973/2855 2842/3972/2853
f 2837/4235/2869 2839/4236/2869 2838/4237/2869
f 2836/4238/2851 2834/4239/2851 2835/4240/2851
f 2831/3939/2718 2830/4221/2828 2828/3937/2766
f 2857/3957/2731 2856/3952/2727 2849/4241/2835 2851/4242/2835
f 2841/4243/2856 2840/4244/2856 2842/4245/2856
f 2845/3947/2767 2844/4246/2752 2848/3948/2749
f 2844/3951/2752 2847/3950/2751 2848/4247/2749
f 2857/3956/2731 2851/4248/2836 2850/4249/2836 2855/3954/2729
f 2849/4241/2746 2856/3952/2727 2855/3954/2729 2850/4249/2757
f 2856/3952/2727 2854/3959/2732 2852/3953/2728
f 2858/4250/2870 2863/4251/2871 2861/3967/2872 2860/3966/2870
f 2863/4252/2873 2858/4253/2873 2859/4254/2873 2862/3968/2873
f 2859/4255/2874 2858/4256/2874 2860/4257/2874
f 2841/4258/2864 2842/3972/2754 2866/3974/2756
f 2845/4259/2875 2843/4260/2875 2844/4261/2875
f 2865/4262/2857 2840/4263/2857 2841/4258/2857 2866/3974/2857
f 2870/3980/2876 2872/4264/2877 2868/3975/2772 2869/4265/2876
f 2859/4254/2878 2860/3966/2769 2862/3968/2771
f 2866/4266/2866 2864/4267/2855 2865/4268/2854
f 2862/4269/2879 2861/4270/2872 2863/4271/2871
f 2868/3975/2772 2872/4264/2877 2871/3976/2773
f 2876/3989/2862 2878/4272/2863 2874/3984/2761 2875/4273/2862
f 2870/3980/2775 2869/4265/2880 2867/3978/2774
f 2868/4274/2829 2867/4275/2829 2869/4276/2829
f 2874/3984/2761 2878/4272/2863 2877/3985/2776
f 2882/4277/2841 2880/4278/2841 2879/4279/2841 2884/4280/2841
f 2874/4281/2868 2873/4282/2868 2875/4283/2868
f 2879/4279/2842 2881/4284/2737 2884/4280/2739
f 2883/3994/2777 2881/3993/2737 2880/4278/2843 2882/4277/2843
f 2885/4285/2853 2910/4286/2854 2909/4023/2855 2887/4022/2853
f 2882/4287/2869 2884/4288/2869 2883/4289/2869
f 2881/4290/2851 2879/4291/2851 2880/4292/2851
f 2876/3989/2764 2875/4273/2867 2873/3987/2763
f 2902/4007/2731 2901/4002/2727 2894/4293/2835 2896/4294/2835
f 2886/4295/2856 2885/4296/2856 2887/4297/2856
f 2890/3997/2767 2889/4298/2779 2893/3998/2749
f 2889/4001/2779 2892/4000/2751 2893/4299/2749
f 2902/4006/2731 2896/4300/2836 2895/4301/2836 2900/4004/2729
f 2894/4293/2746 2901/4002/2727 2900/4004/2729 2895/4301/2757
f 2901/4002/2727 2899/4009/2732 2897/4003/2728
f 2903/4302/2853 2908/4303/2854 2906/4017/2855 2905/4016/2853
f 2908/4304/2857 2903/4305/2857 2904/4306/2857 2907/4018/2857
f 2904/4307/2856 2903/4308/2856 2905/4309/2856
f 2886/4310/2864 2887/4022/2754 2911/4024/2756
f 2890/4311/2875 2888/4312/2875 2889/4313/2875
f 2910/4314/2857 2885/4315/2857 2886/4310/2857 2911/4024/2857
f 2915/4030/2837 2917/4316/2826 2913/4025/2715 2914/4317/2837
f 2904/4306/2864 2905/4016/2754 2907/4018/2756
f 2911/4318/2866 2909/4319/2855 2910/4320/2854
f 2907/4321/2866 2906/4322/2855 2908/4323/2854
f 2913/4025/2715 2917/4316/2826 2916/4026/2716
f 2921/4039/2881 2923/4324/2882 2919/4034/2780 2920/4325/2881
f 2915/4030/2718 2914/4317/2828 2912/4028/2766
f 2913/4326/2829 2912/4327/2829 2914/4328/2829
f 2919/4034/2780 2923/4324/2882 2922/4035/2781
f 2927/4329/2883 2925/4330/2883 2924/4331/2883 2929/4332/2883
f 2919/4333/2868 2918/4334/2868 2920/4335/2868
f 2924/4331/2842 2926/4336/2784 2929/4332/2785
f 2928/4044/2777 2926/4043/2784 2925/4330/2884 2927/4329/2884
f 2930/4337/2844 2955/4338/2845 2954/4073/2846 2932/4072/2844
f 2927/4339/2848 2929/4340/2848 2928/4341/2848
f 2926/4342/2851 2924/4343/2851 2925/4344/2851
f 2921/4039/2783 2920/4325/2885 2918/4037/2782
f 2947/4057/2794 2946/4052/2790 2939/4345/2886 2941/4346/2886
f 2931/4347/2852 2930/4348/2852 2932/4349/2852
f 2935/4047/2787 2934/4350/2752 2938/4048/2788
f 2934/4051/2752 2937/4050/2789 2938/4351/2788
f 2947/4056/2794 2941/4352/2887 2940/4353/2887 2945/4054/2792
f 2939/4345/2796 2946/4052/2790 2945/4054/2792 2940/4353/2795
f 2946/4052/2790 2944/4059/2732 2942/4053/2791
f 2948/4354/2853 2953/4355/2854 2951/4067/2855 2950/4066/2853
f 2953/4356/2857 2948/4357/2857 2949/4358/2857 2952/4068/2857
f 2949/4359/2856 2948/4360/2856 2950/4361/2856
f 2931/4362/2858 2932/4072/2758 2956/4074/2760
f 2935/4363/2875 2933/4364/2875 2934/4365/2875
f 2955/4366/2861 2930/4367/2861 2931/4362/2861 2956/4074/2861
f 2749/3848/2837 2751/4132/2826 2747/3843/2715 2748/4136/2837
f 2949/4358/2864 2950/4066/2754 2952/4068/2756
f 2956/4368/2865 2954/4369/2846 2955/4370/2845
f 2952/4371/2866 2951/4372/2855 2953/4373/2854
f 3014/4374/2888 3012/4375/2888 3011/4376/2888 3016/4377/2888
f 3002/4079/2801 3001/4378/2752 3005/4080/2802
f 3001/4083/2752 3004/4082/2804 3005/4379/2802
f 3022/4077/2799 3010/4076/2889 3024/4088/2808
f 3011/4376/2890 3013/4380/2809 3016/4377/2736
f 3015/4090/2810 3013/4089/2809 3012/4375/2891 3014/4374/2891
f 3020/4094/2892 3021/4381/2892 3018/4382/2893 3017/4383/2894
f 3017/4383/2895 3019/4092/2811 3020/4094/2813
f 3019/4092/2811 3018/4384/2896 3021/4093/2812
f 3024/4088/2808 3006/4087/2807 3008/4385/2814 3022/4077/2799
f 3007/4084/2805 3006/4087/2807 3009/4085/2806
f 3028/4101/2862 3030/4386/2863 3026/4096/2761 3027/4387/2862
f 3008/4385/2814 3023/4075/2797 3022/4077/2799
f 3026/4096/2761 3030/4386/2863 3029/4097/2762
f 3034/4388/2897 3032/4389/2897 3031/4390/2897 3036/4391/2897
f 3026/4392/2868 3025/4393/2868 3027/4394/2868
f 3031/4390/2898 3033/4395/2815 3036/4391/2817
f 3035/4106/2816 3033/4105/2815 3032/4389/2899 3034/4388/2899
f 3009/4396/2900 3024/4397/2808 3010/4398/2889 3023/4399/2900
f 3042/4400/2901 3043/4401/2902 3045/4402/2903 3041/4403/2901
f 3014/4404/2847 3016/4405/2847 3015/4406/2847
f 3034/4407/2848 3036/4408/2848 3035/4409/2848
f 3002/4410/2860 3000/4411/2860 3001/4412/2860
f 3008/4413/2814 3006/4414/2904 3007/4415/2805
f 3013/4416/2905 3011/4417/2905 3012/4418/2905
f 3019/4419/2906 3017/4420/2894 3018/4421/2893
f 3033/4422/2907 3031/4423/2907 3032/4424/2907
f 3040/4425/2908 3044/4426/2909 3043/4401/2910 3042/4400/2911
f 3040/4425/2912 3041/4427/2912 3045/4428/2913 3044/4426/2914
f 3044/4426/2914 3045/4428/2913 3038/4429/2915 3037/4430/2916
f 3044/4426/2909 3037/4430/2917 3039/4431/2917 3043/4401/2910
f 3043/4401/2902 3039/4431/2918 3038/4432/2915 3045/4402/2903
f 3053/4118/2919 3052/4433/2919 3055/4434/2825 3056/4119/2824
f 3041/4435/2920 3040/4436/2908 3042/4437/2911
f 3039/4438/2918 3037/4439/2916 3038/4440/2915
f 3028/4101/2764 3027/4387/2867 3025/4099/2763
f 3048/4112/2801 3047/4441/2752 3051/4113/2802
f 3047/4116/2752 3050/4115/2804 3051/4442/2802
f 3060/4122/2921 3061/4443/2921 3058/4444/2922 3057/4445/2923
f 3052/4446/2924 3053/4118/2819 3054/4117/2818
f 3057/4445/2925 3059/4120/2821 3060/4122/2823
f 3059/4120/2821 3058/4447/2926 3061/4121/2822
f 3062/4448/2844 3067/4449/2845 3065/4130/2927 3064/4129/2844
f 3054/4117/2818 3055/4450/2825 3052/4446/2924
f 3067/4451/2861 3062/4452/2861 3063/4453/2861 3066/4131/2861
f 3063/4454/2874 3062/4455/2874 3064/4456/2874
f 3048/4457/2860 3046/4458/2860 3047/4459/2860
f 3059/4460/2928 3057/4461/2923 3058/4462/2922
f 3063/4453/2858 3064/4129/2758 3066/4131/2760
f 3066/4463/2865 3065/4464/2927 3067/4465/2845
f 3069/4466/2929 3068/4467/2930 3072/4468/2931
f 3068/4469/2930 3071/4470/2932 3072/4471/2931
f 3072/4472/2933 3071/4473/2933 3073/4474/2933
f 3075/4475/2934 3074/4476/2935 3077/4477/2936
f 3078/4478/2937 3077/4479/2936 3074/4480/2935
f 3081/4481/2938 3083/4482/2939 3082/4483/2940
f 3091/4484/2941 3090/4485/2942 3087/4486/2943
f 3090/4485/2942 3088/4487/2944 3087/4486/2943
f 3090/4485/2942 3092/4488/2945 3088/4487/2944
f 3092/4489/2945 3089/4490/2946 3088/4491/2944
f 3092/4489/2945 3091/4484/2941 3089/4490/2946
f 3094/4492/2947 3093/4493/2930 3097/4494/2931
f 3093/4495/2930 3096/4496/2932 3097/4497/2931
f 3097/4498/2933 3096/4499/2933 3098/4500/2933
f 3101/4501/2948 3104/4502/2949 3103/4503/2950
f 3107/4504/2951 3110/4505/2952 3109/4506/2953
f 3087/4507/2943 3088/4508/2944 3089/4509/2954
f 3074/4510/2955 3075/4511/2956 3076/4512/2957
f 3085/4513/2958 3084/4514/2959 3086/4515/2960
f 3117/4516/2961 3119/4517/2962 3116/4518/2963
f 3114/4519/2964 3118/4520/2965 3117/4516/2961
f 3114/4519/2964 3115/4521/2966 3118/4520/2965
f 3116/4518/2963 3114/4519/2964 3117/4516/2961
f 3127/4522/2941 3126/4523/2942 3123/4524/2943
f 3126/4523/2942 3124/4525/2944 3123/4524/2943
f 3126/4523/2942 3128/4526/2945 3124/4525/2944
f 3128/4527/2945 3125/4528/2946 3124/4529/2944
f 3128/4527/2945 3127/4522/2941 3125/4528/2946
f 3137/4530/2951 3140/4531/2952 3139/4532/2953
f 3118/4533/2965 3119/4534/2962 3117/4535/2961
f 3123/4536/2943 3124/4537/2944 3125/4538/2954
f 3131/4539/2967 3133/4540/2968 3132/4541/2969
f 3121/4542/2970 3120/4543/2959 3122/4544/2960
f 3113/4545/2971 3143/4546/2972 3141/4547/2973
f 3145/4548/2974 3144/4549/2975 3148/4550/2976
f 3144/4551/2975 3147/4552/2977 3148/4553/2976
f 3148/4554/2933 3147/4555/2933 3149/4556/2933
f 3151/4557/2929 3150/4558/2930 3154/4559/2931
f 3150/4560/2930 3153/4561/2932 3154/4562/2931
f 3154/4563/2933 3153/4564/2933 3155/4565/2933
f 3158/4566/2951 3161/4567/2952 3160/4568/2953
f 3168/4569/2961 3170/4570/2962 3167/4571/2963
f 3165/4572/2964 3169/4573/2965 3168/4569/2961
f 3165/4572/2964 3166/4574/2966 3169/4573/2965
f 3167/4571/2963 3165/4572/2964 3168/4569/2961
f 3178/4575/2941 3177/4576/2942 3174/4577/2943
f 3177/4576/2942 3175/4578/2944 3174/4577/2943
f 3177/4576/2942 3179/4579/2945 3175/4578/2944
f 3179/4580/2945 3176/4581/2946 3175/4582/2944
f 3179/4580/2945 3178/4575/2941 3176/4581/2946
f 3169/4583/2965 3170/4584/2962 3168/4585/2961
f 3174/4586/2943 3175/4587/2944 3176/4588/2954
f 3182/4589/2978 3184/4590/2979 3183/4591/2980
f 3172/4592/2970 3171/4593/2959 3173/4594/2960
f 3164/4595/2967 3188/4596/2968 3186/4597/2969
f 3190/4598/2981 3189/4599/2982 3193/4600/2983
f 3189/4601/2982 3192/4602/2984 3193/4603/2983
f 3193/4604/2933 3192/4605/2933 3194/4606/2933
f 3196/4607/2974 3195/4608/2985 3199/4609/2986
f 3195/4610/2985 3198/4611/2977 3199/4612/2986
f 3199/4613/2933 3198/4614/2933 3200/4615/2933
f 3203/4616/2951 3206/4617/2952 3205/4618/2953
f 3213/4619/2961 3215/4620/2962 3212/4621/2963
f 3210/4622/2987 3214/4623/2965 3213/4619/2961
f 3210/4622/2987 3211/4624/2966 3214/4623/2965
f 3212/4621/2963 3210/4622/2987 3213/4619/2961
f 3223/4625/2941 3222/4626/2942 3219/4627/2943
f 3222/4626/2942 3220/4628/2944 3219/4627/2943
f 3222/4626/2942 3224/4629/2945 3220/4628/2944
f 3224/4630/2945 3221/4631/2946 3220/4632/2944
f 3224/4630/2945 3223/4625/2941 3221/4631/2946
f 3214/4633/2965 3215/4634/2962 3213/4635/2961
f 3219/4636/2943 3220/4637/2944 3221/4638/2954
f 3227/4639/2967 3229/4640/2968 3228/4641/2969
f 3217/4642/2988 3216/4643/2959 3218/4644/2960
f 3209/4645/2967 3233/4646/2968 3231/4647/2969
f 3235/4648/2929 3234/4649/2930 3238/4650/2989
f 3234/4651/2930 3237/4652/2932 3238/4653/2989
f 3238/4654/2933 3237/4655/2933 3239/4656/2933
f 3241/4657/2990 3240/4658/2991 3244/4659/2992
f 3240/4660/2991 3243/4661/2993 3244/4662/2992
f 3244/4663/2933 3243/4664/2933 3245/4665/2933
f 3248/4666/2994 3251/4667/2995 3250/4668/2996
f 3258/4669/2997 3260/4670/2998 3257/4671/2999
f 3255/4672/3000 3259/4673/3001 3258/4669/2997
f 3255/4672/3000 3256/4674/2966 3259/4673/3001
f 3257/4671/2999 3255/4672/3000 3258/4669/2997
f 3268/4675/3002 3267/4676/3003 3264/4677/3004
f 3267/4676/3003 3265/4678/3005 3264/4677/3004
f 3267/4676/3003 3269/4679/3006 3265/4678/3005
f 3269/4680/3006 3266/4681/2946 3265/4682/3005
f 3269/4680/3006 3268/4675/3002 3266/4681/2946
f 3259/4683/3001 3260/4684/2998 3258/4685/2997
f 3264/4686/3004 3265/4687/3005 3266/4688/2954
f 3272/4689/2967 3274/4690/2968 3273/4691/2969
f 3262/4692/3007 3261/4693/3008 3263/4694/2960
f 3254/4695/2971 3278/4696/2972 3276/4697/2973
f 3345/4698/3009 3344/4699/3010 3332/4700/3011
f 3325/4701/3012 3327/4702/3013 3324/4703/3014
f 3322/4704/3015 3326/4705/3016 3325/4701/3012
f 3322/4704/3015 3323/4706/3017 3326/4705/3016
f 3329/4707/3018 3345/4708/3009 3331/4709/3019
f 3324/4703/3014 3322/4704/3015 3325/4701/3012
f 3331/4709/3019 3346/4710/3020 3328/4711/3021
f 3335/4712/3022 3338/4713/3023 3337/4714/3024
f 3341/4715/3025 3342/4716/3026 3343/4717/3027
f 3329/4707/3018 3330/4718/3028 3345/4708/3009
f 3348/4719/2974 3347/4720/2985 3351/4721/2976
f 3347/4722/2985 3350/4723/2977 3351/4724/2976
f 3351/4725/2933 3350/4726/2933 3352/4727/2933
f 3355/4728/3029 3358/4729/3030 3357/4730/3031
f 3326/4731/3016 3327/4732/3013 3325/4733/3012
f 3371/4734/3032 3373/4735/3013 3370/4736/3014
f 3368/4737/3015 3372/4738/3016 3371/4734/3032
f 3368/4737/3015 3369/4739/3017 3372/4738/3016
f 3370/4736/3014 3368/4737/3015 3371/4734/3032
f 3376/4740/3033 3378/4741/3034 3375/4742/3035
f 3381/4743/3036 3382/4744/3037 3383/4745/3038
f 3372/4746/3016 3373/4747/3013 3371/4748/3032
f 3376/4749/3033 3377/4750/3039 3378/4751/3040
f 3386/4752/2971 3388/4753/2972 3387/4754/2973
f 3069/4466/2929 3072/4468/2931 3073/4755/3041
f 3083/4482/3042 3079/4756/3042 3080/4757/3042 3082/4758/3042
f 3071/4470/2932 3068/4469/2930 3070/4759/3043
f 3069/4760/3044 3070/4761/3044 3068/4762/3044
f 3076/4763/3045 3078/4478/2937 3074/4480/2935
f 3075/4475/2956 3077/4477/3046 3078/4478/3047
f 3078/4478/3047 3076/4763/2957 3075/4475/2956
f 3083/4482/2939 3081/4481/2938 3079/4756/3048
f 3081/4764/2938 3082/4758/2940 3080/4757/3049
f 3092/4489/2945 3086/4765/3050 3084/4766/3050 3091/4484/2941
f 3092/4488/2945 3090/4485/2942 3085/4767/3051 3086/4768/3051
f 3084/4766/2959 3085/4767/2958 3090/4485/2942 3091/4484/2941
f 3091/4484/2941 3087/4486/2943 3089/4490/2946
f 3096/4496/3052 3095/4769/3052 3094/4492/2947 3098/4770/3053
f 3094/4492/2947 3097/4494/2931 3098/4770/3053
f 3102/4771/3054 3104/4772/3054 3099/4773/3054 3100/4774/3054
f 3094/4775/3044 3095/4776/3044 3093/4777/3044
f 3099/4773/3055 3104/4772/2949 3101/4778/2948
f 3103/4503/2950 3102/4771/3056 3100/4774/3056 3101/4501/2948
f 3108/4779/3057 3110/4780/3057 3105/4781/3057 3106/4782/3057
f 3105/4781/3058 3110/4780/2952 3107/4783/2951
f 3109/4506/2953 3108/4779/3059 3106/4782/3059 3107/4504/2951
f 3111/4784/3060 3113/4545/3060 3141/4547/3061 3142/4785/3062
f 3102/4786/3063 3103/4787/3063 3104/4788/3063
f 3108/4789/3064 3109/4790/3064 3110/4791/3064
f 3081/4792/2938 3080/4793/3049 3079/4794/3065
f 3101/4795/3066 3100/4796/3066 3099/4797/3066
f 3107/4798/3067 3106/4799/3067 3105/4800/3067
f 3096/4496/2932 3093/4495/2930 3095/4769/3043
f 3128/4527/2945 3122/4801/3050 3120/4802/3050 3127/4522/2941
f 3112/4803/3068 3113/4804/3068 3111/4805/3068
f 3116/4518/2963 3119/4517/2962 3115/4806/2966
f 3115/4521/2966 3119/4807/2962 3118/4520/2965
f 3128/4526/2945 3126/4523/2942 3121/4808/3051 3122/4809/3051
f 3120/4802/2959 3121/4808/2970 3126/4523/2942 3127/4522/2941
f 3127/4522/2941 3123/4524/2943 3125/4528/2946
f 3129/4810/3069 3131/4539/3069 3132/4541/3070 3134/4811/3071
f 3138/4812/3057 3140/4813/3057 3135/4814/3057 3136/4815/3057
f 3130/4816/3072 3131/4817/3072 3129/4818/3072
f 3135/4814/3058 3140/4813/2952 3137/4819/2951
f 3139/4532/2953 3138/4812/3059 3136/4815/3059 3137/4530/2951
f 3134/4820/3073 3133/4540/3073 3130/4821/3073 3129/4822/3073
f 3112/4823/3074 3143/4546/2972 3113/4545/2971
f 3138/4824/3075 3139/4825/3075 3140/4826/3075
f 3116/4827/3076 3115/4828/3076 3114/4829/3076
f 3142/4830/3077 3143/4546/3077 3112/4823/3077 3111/4831/3077
f 3137/4832/3067 3136/4833/3067 3135/4834/3067
f 3147/4552/3078 3146/4835/3078 3145/4548/2974 3149/4836/3079
f 3130/4821/3080 3133/4540/2968 3131/4539/2967
f 3143/4837/3081 3142/4838/3062 3141/4839/3061
f 3133/4840/3082 3134/4841/3071 3132/4842/3070
f 3145/4548/2974 3148/4550/2976 3149/4836/3079
f 3153/4561/3052 3152/4843/3052 3151/4557/2929 3155/4844/3053
f 3147/4552/2977 3144/4551/2975 3146/4835/3083
f 3145/4845/3084 3146/4846/3084 3144/4847/3084
f 3151/4557/2929 3154/4559/2931 3155/4844/3053
f 3159/4848/3057 3161/4849/3057 3156/4850/3057 3157/4851/3057
f 3151/4852/3044 3152/4853/3044 3150/4854/3044
f 3156/4850/3058 3161/4849/2952 3158/4855/2951
f 3160/4568/2953 3159/4848/3059 3157/4851/3059 3158/4566/2951
f 3162/4856/3069 3164/4595/3069 3186/4597/3070 3187/4857/3071
f 3159/4858/3085 3160/4859/3085 3161/4860/3085
f 3158/4861/3067 3157/4862/3067 3156/4863/3067
f 3153/4561/2932 3150/4560/2930 3152/4843/3043
f 3179/4580/2945 3173/4864/3050 3171/4865/3050 3178/4575/2941
f 3163/4866/3072 3164/4867/3072 3162/4868/3072
f 3167/4571/2963 3170/4570/2962 3166/4869/2966
f 3166/4574/2966 3170/4870/2962 3169/4573/2965
f 3179/4579/2945 3177/4576/2942 3172/4871/3051 3173/4872/3051
f 3171/4865/2959 3172/4871/2970 3177/4576/2942 3178/4575/2941
f 3178/4575/2941 3174/4577/2943 3176/4581/2946
f 3180/4873/3086 3182/4589/3086 3183/4591/3087 3185/4874/3088
f 3185/4875/3089 3184/4590/3089 3181/4876/3089 3180/4877/3089
f 3181/4878/3068 3182/4879/3068 3180/4880/3068
f 3163/4881/3080 3188/4596/2968 3164/4595/2967
f 3167/4882/3090 3166/4883/3090 3165/4884/3090
f 3187/4885/3073 3188/4596/3073 3163/4881/3073 3162/4886/3073
f 3192/4602/3091 3191/4887/3091 3190/4598/2981 3194/4888/3092
f 3181/4876/3093 3184/4590/2979 3182/4589/2978
f 3188/4889/3082 3187/4890/3071 3186/4891/3070
f 3184/4892/3094 3185/4893/3088 3183/4894/3087
f 3190/4598/2981 3193/4600/2983 3194/4888/3092
f 3198/4611/3078 3197/4895/3078 3196/4607/2974 3200/4896/3079
f 3192/4602/2984 3189/4601/2982 3191/4887/3095
f 3190/4897/3044 3191/4898/3044 3189/4899/3044
f 3196/4607/2974 3199/4609/2986 3200/4896/3079
f 3204/4900/3057 3206/4901/3057 3201/4902/3057 3202/4903/3057
f 3196/4904/3084 3197/4905/3084 3195/4906/3084
f 3201/4902/3058 3206/4901/2952 3203/4907/2951
f 3205/4618/2953 3204/4900/3059 3202/4903/3059 3203/4616/2951
f 3207/4908/3069 3209/4645/3069 3231/4647/3070 3232/4909/3071
f 3204/4910/3085 3205/4911/3085 3206/4912/3085
f 3203/4913/3067 3202/4914/3067 3201/4915/3067
f 3198/4611/2977 3195/4610/2985 3197/4895/3083
f 3224/4630/2945 3218/4916/3050 3216/4917/3050 3223/4625/2941
f 3208/4918/3072 3209/4919/3072 3207/4920/3072
f 3212/4621/2963 3215/4620/2962 3211/4921/2966
f 3211/4624/2966 3215/4922/2962 3214/4623/2965
f 3224/4629/2945 3222/4626/2942 3217/4923/3051 3218/4924/3051
f 3216/4917/2959 3217/4923/2988 3222/4626/2942 3223/4625/2941
f 3223/4625/2941 3219/4627/2943 3221/4631/2946
f 3225/4925/3069 3227/4639/3069 3228/4641/3096 3230/4926/3071
f 3230/4927/3073 3229/4640/3073 3226/4928/3073 3225/4929/3073
f 3226/4930/3072 3227/4931/3072 3225/4932/3072
f 3208/4933/3080 3233/4646/2968 3209/4645/2967
f 3212/4934/3090 3211/4935/3090 3210/4936/3090
f 3232/4937/3073 3233/4646/3073 3208/4933/3073 3207/4938/3073
f 3237/4652/3052 3236/4939/3052 3235/4648/2929 3239/4940/3053
f 3226/4928/3080 3229/4640/2968 3227/4639/2967
f 3233/4941/3082 3232/4942/3071 3231/4943/3070
f 3229/4944/3082 3230/4945/3071 3228/4946/3096
f 3235/4648/2929 3238/4650/2989 3239/4940/3053
f 3243/4661/3097 3242/4947/3097 3241/4657/2990 3245/4948/3098
f 3237/4652/2932 3234/4651/2930 3236/4939/3043
f 3235/4949/3044 3236/4950/3044 3234/4951/3044
f 3241/4657/2990 3244/4659/2992 3245/4948/3098
f 3249/4952/3099 3251/4953/3099 3246/4954/3099 3247/4955/3099
f 3241/4956/3084 3242/4957/3084 3240/4958/3084
f 3246/4954/3058 3251/4953/2995 3248/4959/2994
f 3250/4668/2996 3249/4952/3100 3247/4955/3100 3248/4666/2994
f 3252/4960/3060 3254/4695/3060 3276/4697/3061 3277/4961/3062
f 3249/4962/3064 3250/4963/3064 3251/4964/3064
f 3248/4965/3067 3247/4966/3067 3246/4967/3067
f 3243/4661/2993 3240/4660/2991 3242/4947/3101
f 3269/4680/3006 3263/4968/3102 3261/4969/3102 3268/4675/3002
f 3253/4970/3068 3254/4971/3068 3252/4972/3068
f 3257/4671/2999 3260/4670/2998 3256/4973/2966
f 3256/4674/2966 3260/4974/2998 3259/4673/3001
f 3269/4679/3006 3267/4676/3003 3262/4975/3103 3263/4976/3103
f 3261/4969/3008 3262/4975/3007 3267/4676/3003 3268/4675/3002
f 3268/4675/3002 3264/4677/3004 3266/4681/2946
f 3270/4977/3069 3272/4689/3069 3273/4691/3096 3275/4978/3071
f 3275/4979/3073 3274/4690/3073 3271/4980/3073 3270/4981/3073
f 3271/4982/3072 3272/4983/3072 3270/4984/3072
f 3253/4985/3074 3278/4696/2972 3254/4695/2971
f 3257/4986/3090 3256/4987/3090 3255/4988/3090
f 3277/4989/3077 3278/4696/3077 3253/4985/3077 3252/4990/3077
f 3071/4470/3052 3070/4759/3052 3069/4466/2929 3073/4755/3041
f 3271/4980/3080 3274/4690/2968 3272/4689/2967
f 3278/4991/3081 3277/4992/3062 3276/4993/3061
f 3274/4994/3082 3275/4995/3071 3273/4996/3096
f 3336/4997/3104 3338/4998/3104 3333/4999/3104 3334/5000/3104
f 3324/4703/3014 3327/4702/3013 3323/5001/3017
f 3323/4706/3017 3327/5002/3013 3326/4705/3016
f 3344/4699/3010 3346/4710/3020 3332/4700/3105
f 3333/4999/3106 3338/4998/3023 3335/5003/3022
f 3337/4714/3024 3336/4997/3107 3334/5000/3107 3335/4712/3022
f 3342/4716/3108 3339/5004/3109 3340/5005/3110 3343/5006/3108
f 3339/5004/3111 3342/4716/3026 3341/4715/3025
f 3341/4715/3025 3343/4717/3027 3340/5007/3112
f 3346/4710/3020 3344/4699/3010 3330/5008/3028 3328/4711/3021
f 3329/4707/3018 3331/4709/3019 3328/4711/3021
f 3350/4723/3078 3349/5009/3078 3348/4719/2974 3352/5010/3079
f 3330/5008/3028 3344/4699/3010 3345/4698/3009
f 3348/4719/2974 3351/4721/2976 3352/5010/3079
f 3356/5011/3113 3358/5012/3113 3353/5013/3113 3354/5014/3113
f 3348/5015/3084 3349/5016/3084 3347/5017/3084
f 3353/5013/3114 3358/5012/3030 3355/5018/3029
f 3357/4730/3031 3356/5011/3115 3354/5014/3115 3355/4728/3029
f 3331/5019/3116 3345/5020/3116 3332/5021/3105 3346/5022/3020
f 3364/5023/3117 3363/5024/3117 3367/5025/3118 3365/5026/3119
f 3336/5027/3063 3337/5028/3063 3338/5029/3063
f 3356/5030/3064 3357/5031/3064 3358/5032/3064
f 3324/5033/3076 3323/5034/3076 3322/5035/3076
f 3330/5036/3028 3329/5037/3018 3328/5038/3120
f 3335/5039/3121 3334/5040/3121 3333/5041/3121
f 3341/5042/3122 3340/5043/3110 3339/5044/3109
f 3355/5045/3123 3354/5046/3123 3353/5047/3123
f 3362/5048/3124 3364/5023/3125 3365/5026/3126 3366/5049/3127
f 3362/5048/3128 3366/5049/3129 3367/5050/3130 3363/5051/3128
f 3366/5049/3129 3359/5052/3131 3360/5053/3132 3367/5050/3130
f 3366/5049/3127 3365/5026/3126 3361/5054/3133 3359/5052/3133
f 3365/5026/3119 3367/5025/3118 3360/5055/3132 3361/5054/3134
f 3375/4742/3135 3378/4741/3040 3377/5056/3039 3374/5057/3135
f 3363/5058/3136 3364/5059/3125 3362/5060/3124
f 3361/5061/3134 3360/5062/3132 3359/5063/3131
f 3350/4723/2977 3347/4722/2985 3349/5009/3083
f 3370/4736/3014 3373/4735/3013 3369/5064/3017
f 3369/4739/3017 3373/5065/3013 3372/4738/3016
f 3382/4744/3137 3379/5066/3138 3380/5067/3139 3383/5068/3137
f 3374/5069/3140 3376/4740/3033 3375/4742/3035
f 3379/5066/3141 3382/4744/3037 3381/4743/3036
f 3381/4743/3036 3383/4745/3038 3380/5070/3142
f 3384/5071/3060 3386/4752/3060 3387/4754/3143 3389/5072/3062
f 3376/4740/3033 3374/5069/3140 3377/5073/3039
f 3389/5074/3077 3388/4753/3077 3385/5075/3077 3384/5076/3077
f 3385/5077/3068 3386/5078/3068 3384/5079/3068
f 3370/5080/3076 3369/5081/3076 3368/5082/3076
f 3381/5083/3122 3380/5084/3139 3379/5085/3138
f 3385/5075/3074 3388/4753/2972 3386/4752/2971
f 3388/5086/3081 3389/5087/3062 3387/5088/3143
usemtl rope.003
f 2960/5089/3144 2966/5090/3145 2959/5091/3146
f 2957/5092/3147 2962/5093/3148 2961/5094/3149
f 2969/5095/3150 2970/5096/3151 2974/5097/3152
f 2966/5090/3145 2984/5098/3153 2965/5099/3154
f 2987/5100/3155 2972/5101/3156 2971/5102/3157
f 2972/5101/3158 2994/5103/3159 2971/5102/3160
f 2997/5104/3161 2973/5105/3162 2974/5097/3152
f 2964/5106/3163 2963/5107/3164 2957/5092/3147 2958/5108/3165
f 2960/5089/3144 2967/5109/3166 2966/5090/3145
f 2965/5110/3154 2964/5106/3163 2958/5108/3165 2959/5111/3146
f 2960/5089/3144 2961/5094/3149 2967/5109/3166
f 2959/5091/3146 2966/5090/3145 2965/5099/3154
f 2961/5094/3149 2962/5093/3148 2967/5109/3166
f 2973/5105/3167 2968/5112/3167 2969/5095/3150 2974/5097/3152
f 2957/5092/3147 2963/5107/3164 2962/5093/3148
f 2976/5113/3168 2958/5108/3165 2957/5092/3147 2975/5114/3169
f 2968/5115/3170 2973/5116/3162 2972/5101/3158
f 2978/5117/3171 2959/5111/3146 2958/5108/3165 2977/5118/3172
f 2958/5108/3165 2976/5113/3168 2977/5118/3172
f 2960/5089/3144 2959/5091/3146 2978/5119/3171 2979/5120/3173
f 2980/5121/3174 2961/5094/3149 2960/5089/3144 2979/5120/3173
f 2975/5114/3169 2957/5092/3147 2961/5094/3149 2980/5121/3174
f 2981/5122/3175 2962/5093/3148 2963/5107/3164 2982/5123/3176
f 2982/5123/3176 2963/5107/3164 2964/5106/3163 2983/5124/3177
f 2983/5124/3177 2964/5106/3163 2965/5110/3154 2984/5125/3153
f 2966/5090/3145 2967/5109/3166 2986/5126/3178 2985/5127/3179
f 2966/5090/3145 2985/5127/3179 2984/5098/3153
f 2967/5109/3166 2962/5093/3148 2981/5122/3175 2986/5126/3178
f 2968/5115/3180 2972/5101/3156 2988/5128/3181 2989/5129/3182
f 2972/5101/3156 2987/5100/3155 2988/5128/3181
f 2991/5130/3183 2969/5095/3150 2968/5112/3180 2990/5131/3184
f 2989/5129/3182 2990/5132/3184 2968/5115/3180
f 2970/5096/3151 2969/5095/3150 2992/5133/3185 2993/5134/3186
f 2991/5130/3183 2992/5133/3185 2969/5095/3150
f 2987/5100/3155 2971/5102/3157 2970/5096/3151 2993/5134/3186
f 2995/5135/3187 2972/5101/3158 2973/5116/3162 2996/5136/3188
f 2995/5135/3187 2994/5103/3159 2972/5101/3158
f 2998/5137/3189 2974/5097/3152 2970/5096/3151 2999/5138/3190
f 2973/5116/3162 2997/5139/3161 2996/5136/3188
f 2974/5097/3152 2998/5137/3189 2997/5104/3161
f 2970/5096/3151 2971/5102/3160 2994/5103/3159 2999/5138/3190
f 3282/5140/3191 3281/5141/3192 3288/5142/3193
f 3279/5143/3194 3283/5144/3195 3284/5145/3196
f 3291/5146/3197 3296/5147/3198 3292/5148/3199
f 3288/5142/3193 3287/5149/3200 3306/5150/3201
f 3309/5151/3202 3293/5152/3203 3294/5153/3204
f 3294/5153/3205 3293/5152/3206 3316/5154/3207
f 3319/5155/3208 3296/5147/3198 3295/5156/3209
f 3286/5157/3210 3280/5158/3211 3279/5143/3194 3285/5159/3212
f 3282/5140/3191 3288/5142/3193 3289/5160/3213
f 3287/5161/3200 3281/5162/3192 3280/5158/3211 3286/5157/3210
f 3282/5140/3191 3289/5160/3213 3283/5144/3195
f 3281/5141/3192 3287/5149/3200 3288/5142/3193
f 3283/5144/3195 3289/5160/3213 3284/5145/3196
f 3295/5156/3214 3296/5147/3198 3291/5146/3197 3290/5163/3214
f 3279/5143/3194 3284/5145/3196 3285/5159/3212
f 3298/5164/3215 3297/5165/3216 3279/5143/3194 3280/5158/3211
f 3290/5166/3217 3294/5153/3205 3295/5167/3209
f 3300/5168/3218 3299/5169/3219 3280/5158/3211 3281/5162/3192
f 3280/5158/3211 3299/5169/3219 3298/5164/3215
f 3282/5140/3191 3301/5170/3220 3300/5171/3218 3281/5141/3192
f 3302/5172/3221 3301/5170/3220 3282/5140/3191 3283/5144/3195
f 3297/5165/3216 3302/5172/3221 3283/5144/3195 3279/5143/3194
f 3303/5173/3222 3304/5174/3223 3285/5159/3212 3284/5145/3196
f 3304/5174/3223 3305/5175/3224 3286/5157/3210 3285/5159/3212
f 3305/5175/3224 3306/5176/3201 3287/5161/3200 3286/5157/3210
f 3288/5142/3193 3307/5177/3225 3308/5178/3226 3289/5160/3213
f 3288/5142/3193 3306/5150/3201 3307/5177/3225
f 3289/5160/3213 3308/5178/3226 3303/5173/3222 3284/5145/3196
f 3290/5166/3227 3311/5179/3228 3310/5180/3229 3294/5153/3204
f 3294/5153/3204 3310/5180/3229 3309/5151/3202
f 3313/5181/3230 3312/5182/3231 3290/5163/3227 3291/5146/3197
f 3311/5179/3228 3290/5166/3227 3312/5183/3231
f 3292/5148/3199 3315/5184/3232 3314/5185/3233 3291/5146/3197
f 3313/5181/3230 3291/5146/3197 3314/5185/3233
f 3309/5151/3202 3315/5184/3232 3292/5148/3199 3293/5152/3203
f 3317/5186/3234 3318/5187/3235 3295/5167/3209 3294/5153/3205
f 3317/5186/3234 3294/5153/3205 3316/5154/3207
f 3320/5188/3236 3321/5189/3237 3292/5148/3199 3296/5147/3198
f 3295/5167/3209 3318/5187/3235 3319/5190/3208
f 3296/5147/3198 3319/5155/3208 3320/5188/3236
f 3292/5148/3199 3321/5189/3237 3316/5154/3207 3293/5152/3206
o Door.002_Cube.022
v 2.899647 0.143604 -7.670264
v 3.627369 0.143601 -7.587985
v 2.921363 0.143604 -7.504615
v 5.358891 0.143604 -7.671511
v 5.332300 0.143604 -7.480643
v 4.532815 0.143523 -7.591813
v 2.908788 9.723014 -7.587430
v 3.624153 9.713589 -7.587906
v 5.340047 9.717657 -7.581617
v 4.532910 9.711327 -7.590919
v 0.482097 0.143604 -7.670264
v 1.209814 0.144127 -7.588014
v 0.503812 0.162284 -7.504614
v 1.226432 0.143604 -7.695243
v 2.103010 0.143607 -7.608395
v 1.237470 0.143604 -7.512123
v 2.941342 0.143604 -7.671511
v 2.914751 0.143604 -7.480643
v 2.115266 0.143523 -7.591813
v 1.232505 9.711996 -7.602944
v 2.105103 9.709944 -7.605769
v 0.491239 9.722450 -7.587429
v 1.206603 9.713568 -7.587905
v 2.922498 9.717656 -7.581617
v 2.115360 9.711326 -7.590919
v 5.152002 0.311333 -7.447473
v 5.155110 1.037662 -7.455832
v 0.726469 0.311987 -7.446623
v 0.726766 1.031515 -7.575407
v 0.726589 1.054603 -7.346297
v 0.726766 9.669806 -7.389409
v 0.726766 9.645909 -7.560938
v 0.726623 8.927423 -7.461031
v 5.155296 9.652872 -7.470197
v 5.152259 8.927509 -7.461837
v 4.505928 9.709944 -7.605769
v 3.633331 9.711996 -7.602944
v 3.638295 0.143604 -7.512123
v 4.503835 0.143607 -7.608395
v 3.627257 0.143604 -7.695243
v 4.970551 5.687386 -7.180015
v 5.078939 4.591485 -7.173288
v 4.860419 4.592382 -7.168647
v 4.967760 5.551463 -7.025426
v 5.023259 5.550615 -8.121354
v 4.911561 5.545766 -8.120447
v 4.967760 4.665862 -7.025425
v 5.023259 4.665014 -8.121354
v 4.911561 4.660164 -8.120447
v 4.973454 5.687386 -7.991988
v 4.865066 4.591485 -7.998714
v 5.083586 4.592382 -8.003356
v 1.405807 0.862015 -7.515841
v 0.701861 0.862066 -7.511060
v 4.020886 9.197687 -7.522570
v 3.309824 9.185495 -7.610558
v 3.324510 9.199989 -7.424382
vt -0.408563 0.300994
vt -0.123104 0.288234
vt -0.120506 0.314280
vt 0.772081 1.270599
vt 0.520427 1.283035
vt 0.523249 1.252373
vt 0.236586 1.102777
vt 0.274162 1.876028
vt 0.207727 1.874254
vt -0.408561 -0.460720
vt -0.123104 -0.473485
vt -0.120506 -0.447439
vt -0.664991 0.331359
vt -0.492313 0.317348
vt -0.477297 0.347781
vt 0.265160 0.905067
vt 0.013506 0.917502
vt 0.016328 0.886840
vt -0.270335 0.737244
vt -0.232759 1.510496
vt -0.299194 1.508721
vt 0.772068 0.508841
vt 0.520427 0.521316
vt 0.523249 0.490654
vt 0.236228 0.341049
vt 0.274162 1.114310
vt 0.207727 1.112535
vt 0.772081 0.508881
vt 0.520427 0.521316
vt 0.523249 0.490654
vt 0.236587 0.341058
vt 0.274162 1.114310
vt 0.207727 1.112535
vt -0.664991 -0.425137
vt -0.492313 -0.439148
vt -0.477297 -0.408715
vt 0.525197 0.149200
vt 0.698807 0.149192
vt 0.698809 1.192935
vt 0.524053 1.193989
vt 0.725355 0.515595
vt 0.712601 0.724967
vt 0.684159 0.515430
vt 0.685137 0.306429
vt 0.672366 0.515800
vt 0.643940 0.306263
vt 0.683911 0.022960
vt 0.663579 0.176864
vt 0.623766 0.022854
vt 0.039208 0.732850
vt 0.006980 1.428792
vt -0.022815 0.736098
vt 0.231368 0.793671
vt -0.005625 0.783901
vt 0.234810 0.770348
vt 0.714611 -0.198133
vt 0.713313 0.845006
vt 0.536919 0.843940
vt 0.536586 -0.198155
vt 2.063101 0.362322
vt 2.090493 1.143826
vt 2.036170 1.139202
vt 0.532683 -0.126008
vt 0.737890 -0.126009
vt 0.737022 0.915783
vt 0.535033 0.916286
vt 0.711479 -0.284379
vt 0.712379 0.759983
vt 0.517803 0.759225
vt 0.518768 -0.284379
vt 0.239665 -0.042075
vt 0.239325 0.999749
vt 0.023422 0.999511
vt 0.024769 -0.042083
vt 0.525197 -0.320534
vt 0.698807 -0.320542
vt 0.698809 0.723201
vt 0.524053 0.724256
vt 0.729375 0.338594
vt 0.728078 1.381732
vt 0.551684 1.380667
vt 0.551350 0.338571
vt 2.063105 -0.399397
vt 2.090493 0.382107
vt 2.036170 0.377483
vt 0.025762 -0.199556
vt 0.230968 -0.199557
vt 0.230101 0.842235
vt 0.028112 0.842738
vt 0.219322 -0.409603
vt 0.220222 0.634758
vt 0.025646 0.634001
vt 0.026611 -0.409603
vt 1.937201 0.307766
vt 1.966387 1.129655
vt 1.908703 1.143826
vt 0.727828 0.685623
vt 0.516656 0.685791
vt 0.516656 -0.357845
vt 0.728162 -0.357833
vt 0.071724 0.135437
vt 0.234375 0.135436
vt 0.233687 0.845361
vt 0.073587 0.845703
vt 0.711479 -1.364214
vt 0.712379 0.329318
vt 0.517803 0.328090
vt 0.518768 -1.364214
vt 0.071724 0.135437
vt 0.234375 0.135436
vt 0.233687 0.845361
vt 0.073587 0.845703
vt 0.711479 -1.364214
vt 0.712379 0.329318
vt 0.517803 0.328090
vt 0.518768 -1.364214
vt 0.239665 -0.798571
vt 0.239325 0.243253
vt 0.023422 0.243015
vt 0.024769 -0.798579
vt 0.025762 -0.199556
vt 0.230968 -0.199557
vt 0.230101 0.842235
vt 0.028112 0.842738
vt 1.937201 -0.448730
vt 1.966387 0.373159
vt 1.908703 0.387330
vt 0.560421 0.022935
vt 0.622832 0.022854
vt 0.575535 0.176568
vt 0.204558 -0.357927
vt 0.205458 0.686435
vt 0.010882 0.685677
vt 0.011847 -0.357927
vt 0.727828 -0.070872
vt 0.516656 -0.070704
vt 0.516656 -1.114340
vt 0.728162 -1.114329
vn -0.0000 -1.0000 0.0000
vn 0.0001 -1.0000 0.0000
vn 0.0431 0.0052 0.9991
vn 0.0431 0.0053 0.9991
vn 0.9904 0.0007 0.1380
vn 0.0588 -0.0044 0.9983
vn -0.0566 -0.0044 0.9984
vn -0.0121 -0.9935 0.1136
vn -1.0000 0.0003 -0.0008
vn 0.0134 0.0625 -0.9980
vn 0.0013 0.9950 -0.1003
vn -1.0000 0.0002 -0.0000
vn 0.0102 0.0431 -0.9990
vn 0.0013 0.9904 -0.1380
vn -0.0566 0.0041 0.9984
vn 0.0589 0.0044 0.9983
vn -0.0566 0.0043 0.9984
vn -0.0434 0.9991 -0.0030
vn 0.0213 -0.0082 0.9997
vn -0.9528 0.2992 0.0519
vn -0.0076 0.9970 -0.0770
vn 0.0566 0.0043 -0.9984
vn -0.9915 -0.0002 0.1300
vn -0.0431 0.0047 -0.9991
vn -0.0748 0.0052 0.9972
vn 0.0480 0.0049 -0.9988
vn 0.0590 0.0044 0.9982
vn -0.0565 0.0043 0.9984
vn -0.0480 0.0046 0.9988
vn -0.9982 0.0001 0.0602
vn -0.0480 0.0049 0.9988
vn 0.0569 0.0046 0.9984
vn 0.0123 -0.0625 0.9980
vn 0.0134 -0.0945 -0.9954
vn 0.0091 -0.0431 0.9990
vn 0.0102 -0.0748 -0.9971
vn 0.0589 -0.0248 -0.9980
vn 0.0213 0.0082 0.9997
vn 0.0733 -0.0278 0.9969
usemtl pattern_logwood.003
s 1
f 3391/5191/3238 3392/5192/3238 3390/5193/3238
f 3395/5194/3239 3393/5195/3239 3394/5196/3239
f 3398/5197/3240 3394/5198/3241 3393/5199/3242
f 3401/5200/3243 3402/5201/3244 3400/5202/3245
f 3404/5203/3238 3405/5204/3238 3403/5205/3238
f 3408/5206/3239 3406/5207/3239 3407/5208/3239
f 3413/5209/3240 3407/5210/3241 3406/5211/3242
f 3417/5212/3246 3419/5213/3246 3418/5214/3246
f 3416/5215/3247 3418/5216/3247 3419/5217/3248
f 3422/5218/3249 3420/5219/3249 3421/5220/3249
f 3423/5221/3250 3421/5222/3250 3420/5223/3251
f 3428/5224/3238 3427/5225/3238 3429/5226/3238
f 3392/5227/3252 3391/5228/3253 3397/5229/3253 3396/5230/3254
f 3435/5231/3255 3433/5232/3255 3434/5233/3255
f 3438/5234/3255 3436/5235/3255 3437/5236/3255
f 3441/5237/3256 3439/5238/3256 3440/5239/3256
f 3445/5240/3257 3443/5241/3257 3446/5242/3257
f 3446/5243/3258 3444/5244/3258 3445/5245/3258
f 3390/5246/3259 3396/5247/3259 3397/5248/3259 3391/5249/3259
f 3396/5250/3254 3390/5251/3260 3392/5252/3252
f 3393/5253/3261 3395/5254/3261 3399/5255/3261 3398/5256/3261
f 3394/5257/3241 3398/5258/3240 3399/5259/3262 3395/5260/3262
f 3403/5261/3263 3409/5262/3263 3410/5263/3263 3404/5264/3263
f 3402/5265/3244 3401/5266/3243 3412/5267/3264 3411/5268/3265
f 3400/5269/3259 3411/5270/3259 3412/5271/3259 3401/5272/3259
f 3411/5273/3265 3400/5274/3260 3402/5275/3244
f 3406/5276/3261 3408/5277/3261 3414/5278/3261 3413/5279/3261
f 3407/5280/3241 3413/5281/3240 3414/5282/3262 3408/5283/3262
f 3409/5284/3266 3403/5285/3267 3405/5286/3268
f 3410/5287/3269 3409/5288/3266 3405/5289/3268 3404/5290/3269
f 3419/5291/3270 3417/5292/3270 3415/5293/3270 3416/5294/3270
f 3418/5295/3247 3416/5296/3247 3415/5297/3271 3417/5298/3271
f 3420/5299/3272 3422/5300/3272 3424/5301/3272 3423/5302/3272
f 3421/5303/3250 3423/5304/3250 3424/5305/3273 3422/5306/3273
f 3429/5307/3263 3426/5308/3263 3425/5309/3263 3428/5310/3263
f 3442/5311/3274 3443/5312/3274 3445/5313/3274 3444/5314/3274
f 3426/5315/3266 3429/5316/3267 3427/5317/3268
f 3432/5318/3275 3431/5319/3275 3430/5320/3275
f 3442/5321/3276 3444/5322/3276 3446/5323/3276 3443/5324/3276
f 3425/5325/3269 3426/5326/3266 3427/5327/3268 3428/5328/3269
o construction.020_Cube.021
v -26.643845 12.492190 9.222950
v -26.449471 13.615879 7.664117
v -26.248276 12.515391 9.289394
v -26.292862 12.443389 9.889501
v -26.653656 12.451028 9.889235
v -26.448627 11.252975 12.010673
v -26.433908 8.881626 -7.762767
v -26.426056 9.921140 -7.762760
v -26.443836 15.366963 4.357590
v -26.453325 13.650860 7.418519
v -26.241842 13.618138 -6.097054
v -26.432541 15.375269 -3.179306
v -26.618156 13.654727 -6.099707
v -26.448254 12.510391 -8.047667
v -26.444889 13.622953 -6.101352
v -26.445936 11.252788 -10.281563
v -26.460838 12.477082 -8.141775
v -26.600597 9.927644 -13.526259
v -26.435102 8.882197 -13.526264
v -26.252304 9.915901 -13.526259
v -26.645298 8.828351 13.701760
v -26.449965 9.940871 13.701684
v -26.267073 8.834308 13.701760
v -26.260426 11.192857 12.158528
v -26.650696 10.003575 14.471002
v -26.616041 5.105633 13.720893
v -26.438553 3.267451 13.720903
v -26.258217 5.059988 13.720893
v -26.500834 7.076884 13.621066
v -26.383263 8.800563 13.621049
v -26.671457 2.109925 13.720894
v -26.471252 3.219823 13.720812
v -26.293232 2.115882 13.720894
v -26.473988 3.220683 -13.363923
v -26.469608 2.103744 -13.363869
v -26.437433 5.097107 -13.363856
v -26.437605 3.285350 -13.363846
v -26.492943 8.801308 -13.556848
v -26.376163 7.068766 -13.556836
v -26.616589 11.192856 -10.599529
v -26.454010 9.956591 -12.722176
v -26.252304 7.089895 -13.413708
v -26.435061 5.108633 -13.413713
v -26.600597 7.112431 -13.413708
v -26.462563 -0.040821 13.721106
v -26.676250 2.109247 13.720894
v -26.767189 -0.023888 -13.363862
v -26.477880 2.084018 -13.363376
v -26.295603 2.055681 13.720894
v -26.222584 -0.022839 -13.363862
v 0.062277 13.616655 6.968505
v 0.255732 12.503846 8.766081
v 0.440498 13.610700 6.921930
v 0.414713 12.443389 9.180806
v 0.053919 12.451028 9.222109
v 0.258991 11.252990 11.109604
v 0.262917 15.366034 3.839786
v 0.450609 13.634485 6.028524
v 0.067465 13.655696 6.083791
v 0.277328 13.637573 -5.892649
v 0.272034 15.376068 -3.468117
v 0.261166 12.510189 -8.116520
v 0.264774 13.623181 -6.642539
v 0.261646 11.216639 -10.295569
v 0.246708 12.477087 -8.531661
v 0.063728 9.952814 13.701760
v 0.251299 8.830164 13.701755
v 0.459297 9.929615 13.701760
v 0.234308 9.997991 13.363977
v 0.447151 11.192857 11.342668
v 0.070847 11.192857 11.395896
v 0.091530 5.105633 13.621796
v 0.269072 3.267924 13.621803
v 0.449356 5.059988 13.621796
v 0.264118 7.075902 13.621056
v 0.450609 8.810522 13.621021
v 0.067463 8.789309 13.621021
v 0.037569 3.234392 13.635828
v 0.225122 2.110591 13.635822
v 0.433138 3.211189 13.635828
v 0.233656 3.221555 -13.385503
v 0.237963 2.103728 -13.385438
v 0.270140 5.096825 -13.385423
v 0.269962 3.285598 -13.385411
v 0.214638 8.801259 -13.441576
v 0.331440 7.068681 -13.441564
v 0.265862 11.192310 -10.863728
v 0.252747 9.966699 -12.825505
v 0.455269 7.089895 -13.381774
v 0.272474 5.108646 -13.381782
v 0.106974 7.112431 -13.381774
v 0.088837 -0.063849 13.613634
v 0.022392 -0.023888 -13.385429
v 0.342909 2.080347 -13.384895
v 0.501139 -0.007954 13.613634
v 0.261408 2.084687 13.613861
v 0.484989 -0.022839 -13.385429
v 0.232571 3.220666 -7.605086
v 0.236992 3.221469 -2.511914
v 0.046398 2.097762 -7.603352
v 0.043091 2.101675 -2.485915
v 0.422514 2.112324 -7.606133
v 0.419880 2.113470 -2.527996
v 0.089783 5.106839 -7.605773
v 0.270433 5.088469 -2.539169
v 0.269468 3.276078 -2.515844
v 0.269876 3.282569 -7.605078
v 0.450470 5.082200 -7.606937
v 0.281616 7.102887 -7.606971
v 0.273964 5.110229 -7.606631
v 0.338219 8.812424 -7.606963
v 0.265970 8.800922 -2.637532
v 0.211123 7.071305 -7.606948
v 0.268177 7.071427 -2.585030
v 0.338825 -0.022445 -7.605471
v 0.282879 -0.024843 -2.525867
v 0.201195 2.090313 -7.604082
v 0.263271 2.083891 -2.510260
v -26.636461 11.192858 12.162600
v -26.286125 9.999240 14.480330
v -26.278427 11.192857 -10.596131
v -26.474892 3.219677 -7.762834
v -26.660521 2.096983 -7.762779
v -26.284538 2.112096 -7.762779
v -26.488640 -0.025681 -7.762438
v -26.726149 2.097252 -7.762779
v -26.232868 2.072072 -7.762779
v -26.617882 5.106901 -7.762780
v -26.437683 3.281438 -7.762770
v -26.257050 5.083342 -7.762780
v -26.369076 8.812625 -7.762780
v -26.496313 7.071099 -7.762769
v -26.426018 7.102366 -7.762760
v -26.433861 5.109744 -7.762766
v -26.472401 3.218714 -7.748368
v -26.478573 2.104810 -7.748292
v -26.739838 -0.040340 -7.748255
v -26.215946 -0.016721 -7.748255
v -26.481754 2.085466 -7.747942
v -26.438084 3.280671 -7.748237
v -26.436852 5.094832 -7.748247
v -26.500656 8.798578 -2.553798
v -26.380634 7.070770 -2.553781
v -26.372219 7.102533 -2.553792
v -26.483612 5.107212 -2.553814
v 0.256981 8.823322 -2.662656
v 0.263149 9.939896 -2.700477
v -26.446362 9.936249 -2.553934
v -26.447176 8.824835 -2.553861
v 0.267828 5.099439 -2.585045
v 0.267517 7.050158 -2.637733
v 0.214626 9.951833 -13.526252
v 0.331425 8.829541 -13.526239
v 0.338203 9.959023 -7.606964
v 0.211115 8.831206 -7.606949
v 0.325186 7.050782 13.584373
v 0.208172 5.104375 13.584383
v -26.375160 5.125290 13.732896
v -26.483097 7.029343 13.680720
v 0.266800 5.101316 3.701705
v 0.323067 5.100349 7.332072
v 0.456181 7.065716 3.701682
v 0.075563 7.035414 3.701682
v 0.199852 7.042738 7.332064
v 0.449812 5.069095 3.701682
v 0.270624 5.084822 7.332049
v 0.090811 5.106129 3.701682
v 0.269402 3.274079 3.701690
v 0.269142 3.269899 7.332057
v 1.198696 5.080846 12.864295
v 1.198690 3.573711 12.866036
v 1.198685 -0.063849 13.046195
v 1.198685 -0.007953 12.633893
v 1.198809 1.672797 12.874054
v -27.849802 5.088257 12.864560
v -27.821190 3.582426 12.865547
v -27.833639 -0.024019 12.852016
v -27.814569 1.672813 12.872111
v 1.198685 5.105629 -13.127500
v 1.198690 3.573858 -12.950028
v 1.198685 5.059983 -12.769673
v 1.198685 -0.063853 -13.130192
v 1.198685 -0.007957 -12.717890
v 1.198809 1.672822 -12.958347
v -27.849794 5.086318 -12.948325
v -27.821218 3.584567 -12.949612
v -27.833624 -0.017746 -12.935712
v -27.814575 1.672742 -12.956096
v 1.198685 8.622833 13.097460
v 1.198681 6.780181 12.909856
v 1.198685 8.599630 12.701893
v 1.198685 5.017988 13.046194
v 1.198685 5.073884 12.633892
v 1.198809 6.755091 12.874425
v -27.816326 8.610058 12.898076
v -27.784481 6.770867 13.091943
v -27.836090 6.782662 12.715154
v -27.832977 5.056104 12.857152
v -27.814808 6.756991 12.870151
v 1.198683 8.644304 -13.127501
v 1.198689 6.763926 -12.950025
v 1.198683 8.588261 -12.769674
v -27.849796 8.620951 -12.948343
v -27.821226 6.777409 -12.949616
v -27.814575 6.750737 -12.956097
v -27.833624 5.060249 -12.935713
v -27.821218 8.662562 -12.949613
v -27.849794 10.164313 -12.948326
v 1.198809 6.750818 -12.958348
v 1.198685 5.070038 -12.717891
v 1.198685 5.014142 -13.130193
v 1.198685 10.137979 -12.769674
v 1.198690 8.651854 -12.950029
v 1.198685 10.183624 -13.127501
v -27.836090 1.718825 12.715155
v -27.821226 1.699413 -12.949615
v -27.849796 3.542955 -12.948342
v -27.784481 1.707031 13.091944
v -27.816326 3.546221 12.898077
v 1.198683 3.510265 -12.769673
v 1.198689 1.685930 -12.950024
v 1.198685 3.535794 12.701894
v 1.198681 1.716344 12.909857
v 1.198683 3.566309 -13.127500
v 1.198685 3.558997 13.097461
v 1.198685 10.117040 13.043500
v 1.198689 8.587282 12.865766
v 1.198685 10.071394 12.685674
v -27.849766 10.097783 12.864561
v -27.821186 8.594003 12.865589
v -16.929499 5.068771 12.685236
v -16.906641 5.106112 13.044195
v -16.903524 3.580323 12.865686
v -16.895988 5.030465 13.066938
v -16.925226 5.069235 12.638937
v -16.902046 6.756044 12.869134
v -12.447057 5.083945 12.864487
v -12.421118 3.585197 13.034556
v -12.443923 3.572505 12.697206
v -12.416523 6.774847 13.036638
v -12.438124 5.058220 12.844575
v -12.441605 6.729787 12.704250
v 0.174948 17.140356 -0.334770
v 0.175257 17.132872 0.246690
v 0.117397 15.138140 -0.328553
v 0.232574 15.138140 -0.340435
v 0.175278 15.138138 0.247332
vt -1.176242 0.189035
vt -0.988711 0.176777
vt -0.987080 0.202398
vt 0.138372 0.687431
vt 0.110728 1.143502
vt 0.083220 0.687431
vt 0.633566 0.794124
vt 0.798965 0.781737
vt 0.796640 0.809289
vt -0.408555 0.301010
vt -0.123104 0.288234
vt -0.120506 0.314280
vt 2.569120 1.143777
vt 2.515663 1.143826
vt 2.518287 0.013432
vt 0.107243 0.665188
vt 0.136936 1.108400
vt 0.077385 1.108413
vt 0.994335 1.106675
vt 1.023283 0.274142
vt 1.049085 1.102409
vt 0.522764 0.107702
vt 0.839858 0.095311
vt 0.836048 0.122864
vt -0.462117 0.228440
vt -0.655138 0.216479
vt -0.462341 0.204452
vt -0.459566 0.175369
vt -0.633199 0.161524
vt -0.459722 0.148485
vt -0.987080 0.202398
vt -1.176242 0.189018
vt -0.988711 0.176777
vt 2.787209 0.202717
vt 2.814115 1.142294
vt 2.759606 1.143826
vt -0.643976 0.162746
vt -0.918543 0.175369
vt -0.919634 0.148076
vt 2.821484 1.142907
vt 2.848401 0.201314
vt 2.875221 1.143826
vt 0.570446 0.199438
vt 0.744304 0.183090
vt 0.747895 0.214394
vt 0.588285 0.184307
vt 0.765478 0.199287
vt 0.590483 0.214302
vt 0.567327 0.570121
vt 0.851154 0.556841
vt 0.857984 0.585180
vt 0.829729 0.075826
vt 0.559277 0.058819
vt 0.833732 0.045528
vt 0.551156 0.199441
vt 0.725014 0.183090
vt 0.728605 0.214394
vt 0.600209 0.108171
vt 0.629902 0.565484
vt 0.570334 0.565719
vt 0.586410 0.201372
vt 0.614999 0.699082
vt 0.557910 0.699084
vt 0.519827 0.056030
vt 0.836921 0.043642
vt 0.833111 0.071195
vt 0.827767 0.109057
vt 0.487758 0.120770
vt 0.497339 0.088196
vt 0.099112 1.184287
vt 0.127590 0.727028
vt 0.156328 1.184374
vt 0.138648 0.677634
vt 0.110970 1.134599
vt 0.083411 0.677634
vt 0.803889 0.152109
vt 0.626179 0.166199
vt 0.628908 0.136445
vt 0.015145 0.417886
vt 0.013678 -0.244312
vt 0.103232 -0.323091
vt 0.103232 0.495978
vt 0.582206 0.861498
vt 0.535160 0.404086
vt 0.608370 0.404207
vt 0.523274 0.174610
vt 0.556671 1.451802
vt 0.490830 1.451787
vt 0.591043 0.551834
vt 0.546377 0.994988
vt 0.504853 0.551709
vt 0.107170 0.674994
vt 0.135776 1.118210
vt 0.078549 1.118211
vt 0.135876 0.710812
vt 0.108200 1.157971
vt 0.080640 0.710812
vt 0.471181 0.106670
vt 0.803758 0.088365
vt 0.806835 0.127419
vt 0.803496 0.103057
vt 0.625691 0.117080
vt 0.628526 0.087338
vt 2.359375 0.307679
vt 2.385985 1.143233
vt 2.332237 1.143826
vt 0.559716 0.240001
vt 0.844001 0.226642
vt 0.849495 0.255069
vt 0.819786 0.304951
vt 0.514170 0.288489
vt 0.825104 0.274855
vt 0.772082 1.270602
vt 0.520427 1.283035
vt 0.523249 1.252373
vt 0.236584 1.102777
vt 0.274162 1.876028
vt 0.207727 1.874254
vt 0.537108 0.520647
vt 0.704039 0.534671
vt 0.539150 0.548733
vt 0.048100 0.300355
vt 0.220777 0.286344
vt 0.235793 0.316777
vt 0.235761 0.341038
vt 0.271326 0.632563
vt 0.203354 0.630660
vt 0.048100 0.300355
vt 0.220777 0.286344
vt 0.235793 0.316777
vt 0.537108 0.520647
vt 0.704039 0.534671
vt 0.539150 0.548733
vt -0.408563 0.300993
vt -0.123104 0.288234
vt -0.120506 0.314280
vt 0.772094 0.508920
vt 0.520427 0.521316
vt 0.523249 0.490654
vt 2.001143 1.137869
vt 1.973755 0.763556
vt 2.028506 0.772664
vt 0.543554 0.704608
vt 0.514370 1.032569
vt 0.485387 0.708363
vt 0.559716 0.240001
vt 0.844001 0.226642
vt 0.849495 0.255069
vt -0.632773 0.175369
vt -0.633650 0.146868
vt -0.459648 0.161365
vt 2.665289 0.122398
vt 2.693609 1.143826
vt 2.637314 1.139323
vt 2.729455 0.097587
vt 2.752238 1.143826
vt 2.700976 1.143770
vt 0.079790 0.497878
vt 0.163669 0.426898
vt 0.163669 1.060562
vt 0.081054 1.004658
vt 0.489114 0.465380
vt 0.655906 0.465362
vt 0.655959 0.921429
vt 0.489061 0.921448
vt 0.085933 0.657272
vt 0.085074 0.383579
vt 0.211289 0.275804
vt 0.211289 0.771386
vt 2.760403 0.202734
vt 2.814116 0.202700
vt 2.785858 1.143088
vt 0.146446 0.662031
vt 0.018548 0.770472
vt 0.018481 0.275741
vt 0.147386 0.383453
vt 0.248023 0.496460
vt 0.248295 1.002597
vt 0.167888 1.061569
vt 0.167863 0.425342
vt 0.106377 0.446543
vt 0.197895 0.525243
vt 0.193896 1.187551
vt 0.106348 1.265458
vt 0.654675 0.440531
vt 0.654735 0.896598
vt 0.493052 0.896594
vt 0.492918 0.440527
vt -0.135463 0.194348
vt -0.421909 0.206823
vt -0.416978 0.180079
vt -0.475493 0.315506
vt -0.668181 0.314395
vt -0.665991 0.288784
vt -0.474208 0.288784
vt -0.656755 0.286942
vt -0.655442 0.260075
vt -0.476972 0.273140
vt 0.415687 0.513688
vt 0.687611 0.513688
vt 0.687398 0.972175
vt 0.415701 0.972175
vt 0.263532 0.497728
vt 0.263405 0.944889
vt -0.046812 0.944832
vt -0.046807 0.497672
vt -0.046084 0.405908
vt 0.273976 0.405856
vt 0.273976 0.853016
vt -0.046291 0.853069
vt 0.088844 1.656961
vt 0.006235 1.656961
vt 0.006194 0.564698
vt 0.089566 0.564698
vt -0.661804 0.345357
vt -0.668181 0.317348
vt -0.484849 0.332477
vt 0.062137 1.093560
vt 0.062840 0.001287
vt 0.220098 0.001287
vt 0.221794 1.093560
vt 0.206043 -0.504183
vt 0.206043 0.588083
vt 0.071310 0.588007
vt 0.072545 -0.504258
vt 0.113598 1.479198
vt -0.011824 1.327704
vt -0.012301 0.458131
vt 0.113598 0.458101
vt 0.289902 0.424928
vt 0.290404 1.181240
vt 0.209927 1.275341
vt 0.209699 0.424929
vt 0.061853 1.251913
vt 0.061432 0.253014
vt 0.152675 0.330872
vt 0.141099 -0.504199
vt 0.273942 -0.504221
vt 0.273055 0.588048
vt 0.141101 0.588070
vt 1.275669 0.568025
vt 1.284001 0.593252
vt 1.029597 0.578505
vt 0.563508 0.240952
vt 0.602859 0.684168
vt 0.524690 0.684168
vt 0.374404 0.834641
vt 0.043430 0.834642
vt 0.042855 0.391425
vt 0.375114 0.391423
vt 0.550945 0.758243
vt 0.548621 0.350437
vt 0.606153 0.309785
vt 0.606186 0.802202
vt 0.803940 0.057334
vt 0.470856 0.079674
vt 0.469583 0.036584
vt 2.090493 1.143826
vt 2.036170 1.139202
vt 2.063106 0.184343
vt 2.729461 0.097588
vt 2.752238 1.143826
vt 2.700976 1.143770
vt 0.567848 0.884990
vt 0.567056 0.572388
vt 0.619516 0.538745
vt 0.619516 0.925975
vt 0.094624 1.071107
vt 0.034900 1.030850
vt 0.034491 0.904112
vt 0.094624 0.861511
vt 0.657694 -0.298100
vt 0.656415 0.039197
vt 0.496486 0.137681
vt 0.496449 -0.410044
vt 0.755549 1.036903
vt 0.654997 1.122094
vt 0.654968 0.346588
vt 0.755213 0.413838
vt 0.601153 -0.344976
vt 0.718684 -0.263673
vt 0.710953 0.550034
vt 0.601156 0.637424
vt 0.075998 1.006464
vt 0.075928 -0.290385
vt 0.255262 -0.287269
vt 0.253957 1.006464
vt 2.541417 0.013256
vt 2.569120 1.143826
vt 2.515663 1.143826
vt -0.667086 0.301590
vt -0.474208 0.288784
vt -0.475493 0.315506
vt 0.026621 0.966932
vt 0.026563 -0.318270
vt 0.297530 -0.314153
vt 0.296640 0.966932
vt 0.266278 0.447267
vt 0.266207 0.904230
vt -0.043981 0.904179
vt -0.044061 0.447213
vt 0.071984 0.336497
vt 0.350209 0.336495
vt 0.349952 0.798191
vt 0.072090 0.798193
vt 0.028448 0.477209
vt 0.348508 0.477126
vt 0.348621 0.934173
vt 0.028306 0.934173
vt 0.070505 1.023755
vt 0.070432 -0.252383
vt 0.249765 -0.251970
vt 0.248463 1.023755
vt 0.080982 0.724873
vt 0.080939 0.227162
vt 0.370407 0.227162
vt 0.371229 0.724873
vt 0.054069 0.996124
vt 0.054007 0.503721
vt 0.342047 0.505591
vt 0.342888 0.996121
vt 0.331890 0.828499
vt -0.012046 0.828499
vt -0.010784 -0.445818
vt 0.328784 -0.446718
vt -0.054361 0.810250
vt -0.055054 0.352983
vt 0.277206 0.352983
vt 0.276349 0.810290
vt 0.839680 0.145661
vt 0.843246 0.174213
vt 0.554632 0.159122
vt 0.657556 0.719735
vt 0.477569 0.719702
vt 0.477493 0.262200
vt 0.658206 0.262196
vt 0.808935 0.161653
vt 0.476070 0.175029
vt 0.474963 0.138428
vt 0.658799 0.307723
vt 0.658799 0.765031
vt 0.486117 0.765004
vt 0.486301 0.307686
vt 0.521683 0.195422
vt 0.555283 1.473155
vt 0.492569 1.473179
vt 0.044940 1.147709
vt 0.046016 0.690363
vt 0.331861 0.690539
vt 0.331861 1.148007
vt 0.331801 1.105416
vt 0.045049 1.105511
vt 0.045044 0.648213
vt 0.332404 0.648161
vt 0.299832 0.927853
vt 0.024853 0.927854
vt 0.024507 -0.355843
vt 0.301116 -0.359938
vt 0.079636 -0.235060
vt 0.252547 -0.237740
vt 0.252494 1.061214
vt 0.079124 1.061185
vt 0.525988 0.201524
vt 0.555717 1.487971
vt 0.494981 1.487950
vt 0.053261 -0.257251
vt 0.140185 -0.187854
vt 0.136991 0.589039
vt 0.053283 0.658630
vt 0.121843 0.394673
vt 0.121250 0.005284
vt 0.163863 -0.029384
vt 0.163863 0.429635
vt -0.003042 0.879606
vt -0.004253 -0.399325
vt 0.325240 -0.397967
vt 0.323856 0.879606
vt 0.527385 0.174940
vt 0.561010 1.472801
vt 0.498300 1.472825
vt 0.278586 0.213324
vt 0.280017 0.670779
vt -0.057669 0.670779
vt -0.056609 0.213253
vt 0.073971 -0.200931
vt 0.246875 -0.201254
vt 0.247716 1.078135
vt 0.074345 1.078135
vt 0.493131 0.227752
vt 0.552793 0.224412
vt 0.522843 1.503549
vt 0.197120 1.063794
vt 0.017003 1.063794
vt 0.016970 0.620578
vt 0.197683 0.620578
vt 0.193484 0.647210
vt 0.193493 1.090427
vt 0.020848 1.090396
vt 0.020986 0.647180
vt 0.140995 0.588062
vt -0.010751 0.588065
vt -0.011412 -0.504201
vt 0.141774 -0.504207
vt 0.352037 0.300452
vt 0.353557 0.743670
vt 0.016291 0.743670
vt 0.016842 0.300452
vt 0.747492 1.185325
vt 0.707295 0.275927
vt 0.776625 0.277304
vt -0.035927 1.029091
vt -0.035968 0.585874
vt 0.249877 0.585874
vt 0.250795 1.029091
vt 0.250375 0.986827
vt -0.036497 0.986827
vt -0.036230 0.543610
vt 0.251130 0.543610
vt 0.108596 0.330494
vt 0.198021 0.252767
vt 0.198229 1.251361
vt 0.110003 1.166604
vt 0.149705 1.166707
vt 2.566257 0.013256
vt 0.187062 1.656961
vt 0.186861 0.564695
vt 0.267084 0.564696
vt 0.267540 1.656962
vt 2.484228 -0.072202
vt 2.508295 1.144003
vt 2.457028 1.143041
vt 0.742047 0.248843
vt 0.522276 0.267988
vt 0.518960 0.232780
vt 0.839351 0.096577
vt 0.842751 0.125140
vt 0.554259 0.110040
vt 1.901336 1.143826
vt 1.841814 1.136078
vt 1.870979 0.118309
vt 0.204204 0.070354
vt 0.287631 0.070319
vt 0.287632 0.921975
vt 0.204932 0.823165
vt 0.486275 0.375401
vt 0.662426 0.375401
vt 0.662257 0.843798
vt 0.486283 0.843798
vt 0.278997 0.644837
vt -0.032374 0.644839
vt -0.032476 0.146064
vt 0.279375 0.141969
vt 0.298806 0.095694
vt 0.298594 0.851454
vt 0.149190 0.837223
vt 0.149889 0.095704
vt 0.341593 1.081825
vt 0.056331 1.081859
vt 0.056330 0.588386
vt 0.342140 0.586472
vt 0.585594 0.460279
vt 0.615610 0.961852
vt 0.555182 0.961838
vt 0.351501 0.907144
vt 0.046753 0.907144
vt 0.046735 0.412395
vt 0.351746 0.412395
vt 0.342030 1.041464
vt 0.057772 1.041499
vt 0.057765 0.543788
vt 0.342572 0.543753
vt -0.030029 0.783960
vt -0.030048 0.283682
vt 0.275444 0.287800
vt 0.275200 0.783960
vt 0.585328 0.171908
vt 0.613920 0.665785
vt 0.556802 0.665786
vt 0.216723 0.772047
vt 0.216235 1.408478
vt 0.039841 1.406750
vt 0.039716 0.771164
vt 0.532683 -0.345682
vt 0.737890 -0.345684
vt 0.737022 1.343682
vt 0.535033 1.344497
vt 0.711479 -0.602496
vt 0.712379 1.091037
vt 0.517803 1.089809
vt 0.518768 -0.602496
vt 0.525197 0.100593
vt 0.524053 1.794820
vt 0.698809 1.793110
vt 0.698807 0.100580
vt -0.408555 0.301011
vt -0.120506 0.314280
vt -0.123104 0.288234
vt 0.039841 1.406750
vt 0.216235 1.408478
vt 0.217533 -0.283071
vt 0.039508 -0.283108
vt 2.036170 1.139202
vt 2.090493 1.143826
vt 2.063073 0.362321
vt 0.532683 -0.345682
vt 0.535033 1.344497
vt 0.737022 1.343682
vt 0.737890 -0.345684
vt 0.517803 1.089809
vt 0.712379 1.091037
vt 0.711479 -0.602496
vt 0.518768 -0.602496
vt 0.772090 1.270626
vt 0.523249 1.252373
vt 0.520427 1.283035
vt 0.239665 -0.209577
vt 0.239325 1.479840
vt 0.023422 1.479455
vt 0.024769 -0.209589
vt 0.236693 1.102780
vt 0.207727 1.874254
vt 0.274162 1.876028
vt 0.712040 -0.308010
vt 0.712379 0.329318
vt 0.517803 0.328090
vt 0.518166 -0.308611
vt 1.937200 0.307766
vt 1.966387 1.129655
vt 1.908703 1.143826
vt 1.841815 0.283546
vt 1.901333 0.287463
vt 1.871562 1.139950
vt 0.245514 1.245793
vt 0.034343 1.246066
vt 0.034342 -0.446290
vt 0.245849 -0.446271
vt 0.239665 -0.209577
vt 0.239325 1.479840
vt 0.023422 1.479455
vt 0.024769 -0.209589
vt 0.039841 2.273937
vt 0.216235 2.275665
vt 0.217533 0.584116
vt 0.039508 0.584080
vt 2.036170 2.006389
vt 2.090493 2.011013
vt 2.063056 1.229507
vt 1.841815 0.283546
vt 1.901333 0.287463
vt 1.871562 1.139950
vt 0.772090 1.270626
vt 0.523249 1.252373
vt 0.520427 1.283035
vt 0.525197 0.967781
vt 0.524053 2.662008
vt 0.698809 2.660298
vt 0.698807 0.967768
vt 1.937200 0.307766
vt 1.966387 1.129655
vt 1.908703 1.143826
vt 0.245514 1.245793
vt 0.034343 1.246066
vt 0.034342 -0.446290
vt 0.245849 -0.446271
vt 0.236693 1.102780
vt 0.207727 1.874254
vt 0.274162 1.876028
vt 2.036170 1.139202
vt 2.090493 1.143826
vt 2.063073 0.362321
vt -0.408555 1.168198
vt -0.120506 1.181467
vt -0.123104 1.155421
vt 0.039841 1.406750
vt 0.216235 1.408478
vt 0.217533 -0.283071
vt 0.039508 -0.283108
vt 0.039841 2.273937
vt 0.216235 2.275665
vt 0.217533 0.584116
vt 0.039508 0.584080
vt -0.408555 0.301011
vt -0.120506 0.314280
vt -0.123104 0.288234
vt 0.525197 0.100593
vt 0.524053 1.794820
vt 0.698809 1.793110
vt 0.698807 0.100580
vt 0.525197 0.967781
vt 0.524053 2.662008
vt 0.698809 2.660298
vt 0.698807 0.967768
vt 2.036170 2.006389
vt 2.090493 2.011013
vt 2.063056 1.229507
vt 0.532683 -0.345682
vt 0.535033 1.344497
vt 0.737022 1.343682
vt 0.737890 -0.345684
vt -0.408555 1.168198
vt -0.120506 1.181467
vt -0.123104 1.155421
vt 0.517803 1.089809
vt 0.712379 1.091037
vt 0.711479 -0.602496
vt 0.518768 -0.602496
vt 0.525197 0.100593
vt 0.698807 0.100580
vt 0.698809 1.793110
vt 0.524053 1.794820
vt 0.217533 -0.283071
vt 0.216235 1.408478
vt 0.039841 1.406750
vt 0.039508 -0.283108
vt 2.063109 0.362322
vt 2.090493 1.143826
vt 2.036170 1.139202
vt 0.534149 -0.052897
vt 0.737348 -0.053306
vt 0.737022 0.581963
vt 0.535033 0.582779
vt 2.063133 0.362323
vt 2.090400 0.657087
vt 2.036078 0.654041
vt 0.524484 1.157052
vt 0.698808 1.156190
vt 0.698809 1.793110
vt 0.524053 1.794820
vt 0.217533 -0.283071
vt 0.216923 0.511491
vt 0.039664 0.510609
vt 0.039508 -0.283108
vt 0.698808 0.895633
vt 0.524660 0.896494
vt 0.525197 0.100593
vt 0.698807 0.100580
vt 0.737482 -0.313949
vt 0.533787 -0.313540
vt 0.532683 -1.107400
vt 0.737890 -1.107403
vt 0.711479 -1.364214
vt 0.711902 -0.568684
vt 0.518315 -0.569301
vt 0.518768 -1.364214
vt 0.054069 0.996124
vt 0.054007 0.503721
vt 0.342047 0.505591
vt 0.342888 0.996121
vt 0.274162 1.114310
vt 0.207727 1.112535
vt 0.239195 0.750637
vt 0.341593 1.081825
vt 0.056331 1.081859
vt 0.056330 0.588386
vt 0.342140 0.586472
vt 0.585328 0.171908
vt 0.613920 0.665785
vt 0.556802 0.665786
vn 0.0181 0.8713 0.4903
vn 0.0337 0.9994 0.0001
vn 0.0000 0.0000 -1.0000
vn 0.0000 0.0000 1.0000
vn 0.0001 0.9997 0.0258
vn 0.0009 0.9988 0.0490
vn 0.0001 0.9999 -0.0126
vn 0.0402 -0.9992 0.0002
vn 0.9937 0.1121 0.0016
vn 0.9937 0.1121 0.0014
vn 0.1394 0.9902 0.0002
vn 0.0051 0.8643 -0.5030
vn 0.0025 0.9997 -0.0246
vn 0.0773 0.8514 0.5188
vn 0.0784 0.8455 0.5282
vn -0.0552 -0.9985 0.0005
vn 0.1311 0.7829 0.6081
vn 0.0158 0.9999 0.0007
vn -0.9999 -0.0000 -0.0121
vn -0.9999 0.0028 -0.0121
vn -0.1109 -0.0039 -0.9938
vn 0.0387 -0.9993 0.0003
vn 0.1265 0.9920 0.0003
vn 0.0000 -0.0001 1.0000
vn 0.9987 0.0494 -0.0147
vn 0.9987 0.0494 -0.0155
vn 0.0682 0.9977 0.0004
vn 0.0646 0.9979 -0.0003
vn 0.0074 0.0003 1.0000
vn -0.9959 -0.0904 -0.0049
vn 0.0023 -1.0000 0.0001
vn 0.9993 -0.0359 -0.0067
vn 0.1343 -0.9909 -0.0008
vn 0.9917 -0.1286 0.0018
vn 0.9907 -0.1284 0.0456
vn 0.0019 -1.0000 -0.0004
vn 0.0652 0.9979 0.0004
vn 0.0646 0.9979 -0.0002
vn 0.9923 0.1156 0.0454
vn 0.0000 0.0002 1.0000
vn 0.0157 -0.9999 0.0004
vn 1.0000 -0.0001 -0.0000
vn -0.0037 -0.0442 -0.9990
vn -0.0038 -0.0443 -0.9990
vn -0.0005 -0.9909 -0.1343
vn -0.0068 -0.0005 1.0000
vn -0.0067 0.0017 1.0000
vn -0.9908 -0.0029 0.1356
vn 1.0000 -0.0000 0.0000
vn -0.0100 -0.0539 -0.9985
vn -0.0101 -0.0539 -0.9985
vn -0.0006 -0.9959 -0.0902
vn -0.0004 -0.9993 0.0376
vn -0.0002 0.9909 -0.1343
vn -0.0000 -1.0000 -0.0000
vn -0.9943 0.1068 0.0062
vn -0.1428 0.8113 0.5670
vn -0.9943 0.1067 0.0063
vn 0.0586 -0.9983 -0.0004
vn 0.0212 0.9998 0.0017
vn -0.9960 0.0892 -0.0064
vn -0.9970 -0.0754 0.0152
vn -0.9983 0.0570 0.0073
vn -0.9966 -0.0821 0.0073
vn -0.0968 -0.9953 0.0009
vn 0.9986 0.0525 0.0105
vn 0.9959 0.0899 -0.0063
vn 0.9983 -0.0582 -0.0041
vn 0.9957 -0.0916 0.0149
vn 0.0868 0.8559 -0.5098
vn 0.0020 0.8891 0.4576
vn 0.0000 0.0001 1.0000
vn -1.0000 0.0030 0.0003
vn 0.9987 -0.0479 0.0153
vn -0.9991 -0.0394 0.0155
vn -0.9957 0.0924 -0.0045
vn -0.9999 0.0104 0.0019
vn -0.9988 -0.0482 -0.0042
vn -1.0000 -0.0007 -0.0001
vn 0.9966 0.0818 -0.0054
vn 0.9966 -0.0828 -0.0036
vn 0.9914 -0.1306 -0.0059
vn 0.9987 -0.0503 -0.0042
vn 0.9933 0.1157 0.0018
vn 0.0510 0.9987 -0.0001
vn -0.9960 -0.0894 -0.0049
vn 0.0000 0.0002 -1.0000
vn 0.1265 0.9920 0.0006
vn 0.0214 0.9998 0.0017
vn -0.9963 -0.0860 -0.0068
vn -0.9984 0.0556 -0.0114
vn 0.9984 0.0561 -0.0085
vn 0.9963 -0.0855 -0.0056
vn 0.9983 -0.0576 -0.0042
vn -0.9967 -0.0808 -0.0062
vn -0.0000 1.0000 -0.0000
vn 0.0726 0.8552 0.5132
vn -0.9983 -0.0578 -0.0062
vn 0.9987 -0.0479 0.0149
vn 1.0000 -0.0030 -0.0003
vn -0.9991 -0.0395 0.0152
vn -1.0000 0.0028 -0.0005
vn -0.9987 -0.0481 -0.0142
vn -0.9987 -0.0488 -0.0143
vn -0.9993 0.0359 -0.0060
vn 0.9975 0.0662 0.0248
vn 0.0033 0.0007 1.0000
vn -0.9966 0.0809 -0.0166
vn 0.0000 0.0003 -1.0000
vn 0.9961 0.0869 -0.0159
vn 0.9865 0.1637 -0.0001
vn 0.0586 0.9983 -0.0001
vn -0.9987 -0.0494 -0.0156
vn 0.9986 -0.0500 -0.0156
vn 0.9986 -0.0532 -0.0055
vn 0.9953 -0.0963 -0.0058
vn -0.0553 0.9985 0.0000
vn 0.9957 -0.0930 -0.0033
vn -0.9981 -0.0620 -0.0044
vn 0.9981 0.0616 -0.0067
vn 0.0585 0.9983 -0.0001
vn -0.9989 0.0433 0.0151
vn 0.9999 -0.0114 -0.0000
vn 0.0313 -0.9995 0.0002
vn -0.9966 0.0807 -0.0170
vn 0.9961 0.0872 -0.0164
vn 0.9950 -0.1002 0.0014
vn 0.9950 -0.1001 0.0010
vn -0.9999 0.0122 0.0027
vn 0.0450 -0.9990 -0.0006
vn -0.9986 -0.0494 -0.0161
vn 0.9986 -0.0500 -0.0162
vn -0.9981 -0.0614 -0.0043
vn -0.9757 -0.2192 -0.0039
vn -0.9757 -0.2193 -0.0040
vn 0.9997 -0.0231 -0.0008
vn 0.9970 0.0772 -0.0044
vn -0.0119 -0.9999 0.0016
vn -0.0000 0.0001 -1.0000
vn -0.9961 0.0879 -0.0062
vn -1.0000 0.0046 0.0003
vn 0.9987 -0.0484 -0.0148
vn -1.0000 0.0009 -0.0001
vn 0.9987 0.0488 -0.0141
vn 0.9986 -0.0503 -0.0145
vn 0.9987 0.0488 -0.0143
vn -0.0794 0.9968 -0.0001
vn -1.0000 -0.0016 0.0008
vn 0.9986 -0.0503 -0.0143
vn -0.9987 -0.0494 -0.0153
vn 0.1026 0.9947 0.0001
vn -0.0082 -0.0585 0.9983
vn -0.0033 0.0443 0.9990
vn -0.0037 0.0768 -0.9970
vn -0.0030 0.0580 0.9983
vn -0.0031 -0.0607 0.9982
vn -0.0031 -0.0580 -0.9983
vn 0.0001 0.9920 0.1265
vn -0.0034 0.0442 -0.9990
vn -0.0037 0.0772 0.9970
vn -0.0037 -0.0442 0.9990
vn -0.0043 -0.0442 0.9990
vn -0.0003 0.0017 1.0000
vn -0.0007 -0.9909 0.1343
vn -0.0101 0.0717 -0.9974
vn -0.0000 0.1004 -0.9949
vn -0.0000 0.9983 -0.0586
vn -0.0001 0.1004 -0.9949
vn 0.0001 -0.9995 -0.0313
vn -0.0000 -0.0069 -1.0000
vn -0.0031 -0.0473 -0.9989
vn -0.0030 0.0473 0.9989
vn 0.0002 0.9880 0.1547
vn -0.0031 -0.0495 0.9988
vn -0.0031 0.0473 0.9989
vn -0.0029 0.0582 -0.9983
vn -0.0031 -0.0605 -0.9982
vn -0.0030 0.0582 -0.9983
vn -0.0031 -0.0582 0.9983
vn 0.0001 0.9920 -0.1265
vn -0.0095 0.0539 0.9985
vn -0.0081 0.0585 -0.9983
vn 0.0001 0.9946 -0.1035
vn -0.0082 -0.0606 -0.9981
vn 0.0062 0.0571 0.9983
vn 0.0062 0.0548 -0.9985
vn -0.0015 -0.0059 1.0000
vn -0.0016 -0.0912 -0.9958
vn -0.0015 0.0299 -0.9996
vn 0.9987 0.0143 0.0488
vn -0.0009 -0.9909 -0.1343
vn -0.9987 0.0141 -0.0488
vn -0.9986 0.0145 0.0503
vn -0.9987 0.0143 -0.0488
vn -0.1026 -0.0001 -0.9947
usemtl painted_wood.003
s 1
f 3452/5329/3277 3450/5330/3277 3451/5331/3277
f 3464/5332/3278 3454/5333/3278 3466/5334/3278
f 3465/5335/3279 3464/5336/3279 3466/5337/3279
f 3473/5338/3280 3474/5339/3280 3472/5340/3280
f 3565/5341/3281 3470/5342/3282 3567/5343/3283
f 3481/5344/3284 3570/5345/3284 3569/5346/3284
f 3495/5347/3285 3585/5348/3286 3492/5349/3287
f 3489/5350/3279 3490/5351/3279 3488/5352/3279
f 3567/5353/3283 3487/5354/3288 3486/5355/3289
f 3497/5356/3290 3498/5357/3290 3499/5358/3290
f 3501/5359/3291 3502/5360/3291 3500/5361/3291
f 3506/5362/3292 3504/5363/3292 3505/5364/3292
f 3503/5365/3293 3505/5366/3293 3504/5367/3293
f 3499/5368/3294 3509/5369/3294 3497/5370/3294
f 3513/5371/3280 3514/5372/3280 3512/5373/3280
f 3547/5374/3295 3545/5375/3296 3549/5376/3297
f 3519/5377/3280 3520/5378/3280 3518/5379/3280
f 3523/5380/3280 3521/5381/3280 3522/5382/3280
f 3525/5383/3280 3526/5384/3280 3524/5385/3280
f 3528/5386/3298 3548/5387/3298 3546/5388/3298
f 3612/5389/3299 3518/5390/3299 3520/5391/3299
f 3536/5392/3279 3537/5393/3279 3535/5394/3279
f 3542/5395/3300 3538/5396/3300 3541/5397/3300
f 3554/5398/3301 3529/5399/3302 3550/5400/3303
f 3537/5401/3304 3555/5402/3304 3535/5403/3304
f 3544/5404/3305 3546/5405/3305 3548/5406/3305
f 3451/5407/3306 3463/5408/3306 3462/5409/3306 3452/5410/3306
f 3561/5411/3307 3539/5412/3307 3543/5413/3307
f 3562/5414/3308 3541/5415/3308 3538/5416/3309
f 3496/5417/3310 3571/5418/3311 3493/5419/3312
f 3482/5420/3313 3574/5421/3313 3576/5422/3313
f 3490/5423/3314 3579/5424/3314 3488/5425/3314
f 3571/5426/3311 3573/5427/3315 3572/5428/3316
f 3568/5429/3280 3569/5430/3280 3570/5431/3280
f 3595/5432/3317 3469/5433/3317 3467/5434/3317
f 3614/5435/3280 3611/5436/3280 3613/5437/3280
f 3609/5438/3280 3606/5439/3280 3608/5440/3280
f 3620/5441/3318 3618/5442/3318 3619/5443/3318
f 3623/5444/3319 3619/5445/3320 3618/5446/3321
f 3642/5447/3322 3641/5448/3323 3643/5449/3324
f 3636/5450/3325 3637/5451/3325 3635/5452/3325
f 3644/5453/3326 3681/5454/3327 3680/5455/3328
f 3669/5456/3325 3668/5457/3325 3671/5458/3325
f 3664/5459/3322 3665/5460/3323 3661/5461/3324
f 3673/5462/3325 3674/5463/3325 3672/5464/3325
f 3640/5465/3318 3638/5466/3318 3639/5467/3318
f 3617/5468/3329 3684/5469/3329 3685/5470/3329
f 3686/5471/3330 3640/5472/3330 3688/5473/3330
f 3693/5474/3331 3691/5475/3331 3692/5476/3331
f 3447/5477/3332 3449/5478/3333 3448/5479/3334
f 3460/5480/3335 3449/5481/3335 3447/5482/3335
f 3463/5483/3336 3451/5484/3336 3450/5485/3336
f 3461/5486/3337 3460/5487/3337 3447/5488/3332 3448/5489/3334
f 3464/5490/3338 3465/5491/3338 3453/5492/3338 3454/5493/3338
f 3455/5494/3339 3458/5495/3339 3459/5496/3340 3456/5497/3340
f 3459/5498/3340 3457/5499/3341 3456/5500/3340
f 3455/5501/3342 3456/5502/3342 3457/5503/3342 3458/5504/3342
f 3461/5505/3343 3448/5506/3343 3449/5507/3343 3460/5508/3343
f 3462/5509/3344 3463/5510/3344 3450/5511/3344 3452/5512/3344
f 3466/5513/3345 3454/5514/3345 3453/5515/3345 3465/5516/3345
f 3458/5517/3346 3457/5518/3346 3459/5519/3346
f 3565/5520/3281 3471/5521/3347 3566/5522/3347 3470/5523/3282
f 3467/5524/3348 3469/5525/3348 3468/5526/3348
f 3484/5527/3349 3485/5528/3349 3578/5529/3349 3577/5530/3349
f 3488/5531/3350 3579/5532/3350 3580/5533/3350 3489/5534/3350
f 3490/5535/3351 3489/5536/3351 3580/5537/3351 3579/5538/3351
f 3477/5539/3352 3478/5540/3352 3581/5541/3352 3582/5542/3352
f 3477/5543/3348 3479/5544/3348 3478/5545/3348
f 3492/5546/3353 3585/5547/3353 3583/5548/3353 3491/5549/3353
f 3586/5550/3354 3473/5551/3354 3472/5552/3354 3587/5553/3354
f 3475/5554/3355 3476/5555/3355 3588/5556/3355 3589/5557/3355
f 3594/5558/3356 3468/5559/3356 3469/5560/3356 3595/5561/3356
f 3566/5562/3357 3487/5563/3358 3567/5564/3357
f 3586/5565/3359 3587/5566/3359 3474/5567/3359 3473/5568/3359
f 3495/5569/3348 3492/5570/3348 3491/5571/3348
f 3494/5572/3360 3572/5573/3361 3573/5574/3315
f 3573/5575/3315 3571/5576/3311 3496/5577/3310 3494/5578/3360
f 3501/5579/3362 3511/5580/3362 3510/5581/3362 3502/5582/3362
f 3494/5583/3363 3496/5584/3363 3493/5585/3363
f 3472/5586/3364 3474/5587/3364 3587/5588/3364
f 3511/5589/3365 3501/5590/3365 3500/5591/3365
f 3497/5592/3366 3509/5593/3366 3508/5594/3366 3498/5595/3366
f 3505/5596/3367 3503/5597/3367 3507/5598/3367 3506/5599/3367
f 3507/5600/3368 3503/5601/3368 3504/5602/3368 3506/5603/3368
f 3499/5604/3369 3498/5605/3369 3508/5606/3369 3509/5607/3369
f 3510/5608/3370 3511/5609/3370 3500/5610/3370 3502/5611/3370
f 3512/5612/3371 3593/5613/3371 3592/5614/3371 3513/5615/3371
f 3533/5616/3372 3517/5617/3372 3516/5618/3372
f 3515/5619/3373 3516/5620/3373 3517/5621/3373
f 3523/5622/3374 3558/5623/3374 3560/5624/3374 3521/5625/3374
f 3535/5626/3375 3555/5627/3375 3556/5628/3375 3536/5629/3375
f 3532/5630/3376 3531/5631/3376 3557/5632/3376 3559/5633/3376
f 3537/5634/3377 3536/5635/3377 3556/5636/3377 3555/5637/3377
f 3524/5638/3378 3545/5639/3296 3547/5640/3295 3525/5641/3378
f 3518/5642/3379 3612/5643/3379 3615/5644/3379 3519/5645/3379
f 3613/5646/3380 3551/5647/3380 3552/5648/3380 3614/5649/3380
f 3538/5650/3381 3542/5651/3381 3564/5652/3381 3562/5653/3381
f 3561/5654/3382 3543/5655/3382 3540/5656/3382 3563/5657/3382
f 3554/5658/3383 3550/5659/3383 3553/5660/3383
f 3546/5661/3384 3544/5662/3384 3527/5663/3384 3528/5664/3384
f 3540/5665/3385 3543/5666/3385 3539/5667/3385
f 3527/5668/3386 3544/5669/3386 3548/5670/3386 3528/5671/3386
f 3545/5672/3387 3524/5673/3388 3526/5674/3387
f 3550/5675/3389 3529/5676/3389 3530/5677/3389 3553/5678/3389
f 3554/5679/3301 3553/5680/3390 3530/5681/3390 3529/5682/3302
f 3522/5683/3391 3521/5684/3391 3560/5685/3391 3558/5686/3391
f 3592/5687/3392 3593/5688/3392 3514/5689/3392 3513/5690/3392
f 3558/5691/3393 3523/5692/3393 3522/5693/3393
f 3534/5694/3394 3533/5695/3394 3516/5696/3394 3515/5697/3394
f 3517/5698/3395 3533/5699/3395 3534/5700/3395 3515/5701/3395
f 3541/5702/3308 3562/5703/3308 3564/5704/3396 3542/5705/3396
f 3593/5706/3397 3512/5707/3397 3514/5708/3397
f 3539/5709/3398 3561/5710/3398 3563/5711/3398 3540/5712/3398
f 3549/5713/3399 3545/5714/3387 3526/5715/3387 3525/5716/3399
f 3547/5717/3400 3549/5718/3400 3525/5719/3400
f 3569/5720/3401 3568/5721/3401 3480/5722/3401 3481/5723/3401
f 3480/5724/3402 3568/5725/3402 3570/5726/3402 3481/5727/3402
f 3495/5728/3285 3491/5729/3403 3584/5730/3404 3585/5731/3286
f 3493/5732/3405 3571/5733/3405 3572/5734/3405 3494/5735/3405
f 3491/5736/3403 3583/5737/3406 3584/5738/3404
f 3574/5739/3407 3482/5740/3407 3483/5741/3407 3575/5742/3407
f 3576/5743/3408 3575/5744/3408 3483/5745/3408 3482/5746/3408
f 3486/5747/3409 3487/5748/3410 3471/5749/3411 3565/5750/3409
f 3566/5562/3357 3567/5564/3357 3470/5751/3412
f 3486/5752/3289 3565/5341/3281 3567/5343/3283
f 3479/5753/3413 3582/5754/3413 3581/5755/3413 3478/5756/3413
f 3487/5757/3410 3566/5758/3414 3471/5759/3411
f 3585/5760/3415 3584/5761/3415 3583/5762/3415
f 3576/5763/3280 3574/5764/3280 3575/5765/3280
f 3479/5766/3317 3477/5767/3317 3582/5768/3317
f 3594/5769/3416 3595/5770/3416 3467/5771/3416 3468/5772/3416
f 3598/5773/3417 3599/5774/3417 3601/5775/3417 3600/5776/3417
f 3608/5777/3418 3606/5778/3418 3596/5779/3418 3597/5780/3418
f 3591/5781/3419 3604/5782/3419 3605/5783/3419 3590/5784/3419
f 3611/5785/3420 3614/5786/3421 3552/5787/3421 3551/5788/3422
f 3597/5789/3423 3609/5790/3423 3608/5791/3423
f 3603/5792/3424 3602/5793/3424 3610/5794/3424 3607/5795/3424
f 3520/5796/3425 3519/5797/3425 3615/5798/3425 3612/5799/3425
f 3609/5800/3426 3597/5801/3426 3596/5802/3426 3606/5803/3426
f 3551/5804/3422 3613/5805/3427 3611/5806/3420
f 3678/5807/3428 3621/5808/3428 3622/5809/3428 3679/5810/3428
f 3618/5811/3429 3620/5812/3429 3624/5813/3429 3623/5814/3429
f 3619/5815/3320 3623/5816/3319 3624/5817/3430 3620/5818/3430
f 3627/5819/3431 3631/5820/3431 3632/5821/3432 3626/5822/3432
f 3626/5823/3325 3625/5824/3325 3627/5825/3325
f 3632/5826/3433 3631/5827/3433 3625/5828/3433 3626/5829/3433
f 3627/5830/3431 3625/5831/3434 3631/5832/3431
f 3628/5833/3435 3633/5834/3435 3634/5835/3435 3630/5836/3435
f 3634/5837/3436 3633/5838/3437 3629/5839/3438 3630/5840/3436
f 3630/5841/3318 3629/5842/3318 3628/5843/3318
f 3635/5844/3439 3641/5845/3323 3642/5846/3322 3636/5847/3439
f 3633/5848/3437 3628/5849/3440 3629/5850/3438
f 3681/5851/3327 3644/5852/3326 3645/5853/3441 3682/5854/3441
f 3641/5855/3442 3635/5856/3443 3637/5857/3444
f 3642/5858/3445 3643/5859/3445 3636/5860/3445
f 3643/5861/3446 3641/5862/3442 3637/5863/3444 3636/5864/3446
f 3671/5865/3439 3665/5866/3323 3664/5867/3322 3669/5868/3439
f 3662/5869/3447 3663/5870/3447 3670/5871/3447 3667/5872/3447
f 3666/5873/3448 3670/5874/3449 3663/5875/3448
f 3664/5876/3445 3661/5877/3445 3669/5878/3445
f 3655/5879/3318 3656/5880/3318 3657/5881/3318
f 3666/5882/3448 3663/5883/3448 3662/5884/3450 3667/5885/3450
f 3665/5886/3442 3671/5887/3443 3668/5888/3444
f 3661/5889/3446 3665/5890/3442 3668/5891/3444 3669/5892/3446
f 3652/5893/3437 3657/5894/3440 3656/5895/3438
f 3658/5896/3431 3660/5897/3434 3654/5898/3431
f 3667/5899/3325 3670/5900/3325 3666/5901/3325
f 3653/5902/3433 3654/5903/3433 3660/5904/3433 3659/5905/3433
f 3650/5906/3447 3649/5907/3447 3646/5908/3447 3647/5909/3447
f 3659/5910/3325 3660/5911/3325 3658/5912/3325
f 3658/5913/3431 3654/5914/3431 3653/5915/3432 3659/5916/3432
f 3648/5917/3451 3649/5918/3448 3650/5919/3450 3647/5920/3450
f 3648/5921/3451 3646/5922/3449 3649/5923/3448
f 3657/5924/3435 3652/5925/3435 3651/5926/3435 3655/5927/3435
f 3647/5928/3325 3646/5929/3325 3648/5930/3325
f 3651/5931/3436 3652/5932/3437 3656/5933/3438 3655/5934/3436
f 3674/5935/3452 3673/5936/3453 3676/5937/3453 3675/5938/3454
f 3672/5939/3455 3675/5940/3455 3676/5941/3455 3673/5942/3455
f 3675/5943/3454 3672/5944/3456 3674/5945/3452
f 3680/5946/3457 3682/5947/3457 3645/5948/3457 3644/5949/3457
f 3621/5950/3458 3678/5951/3459 3677/5952/3458
f 3677/5953/3458 3679/5954/3460 3622/5955/3460 3621/5956/3458
f 3616/5957/3461 3683/5958/3461 3684/5959/3461 3617/5960/3461
f 3685/5961/3462 3683/5962/3462 3616/5963/3462 3617/5964/3462
f 3686/5965/3463 3687/5966/3463 3638/5967/3463 3640/5968/3463
f 3639/5969/3464 3687/5970/3464 3688/5971/3465 3640/5972/3465
f 3692/5973/3466 3689/5974/3466 3690/5975/3466 3693/5976/3466
f 3639/5977/3464 3638/5978/3467 3687/5979/3464
f 3691/5980/3468 3693/5981/3469 3690/5982/3469 3689/5983/3470
f 3689/5984/3470 3692/5985/3471 3691/5986/3468
o construction.017_Cube.020
v -12.288176 18.357569 -0.781420
v -12.574259 17.811647 -0.836420
v -12.462205 8.321579 15.904828
v -12.048435 18.357569 0.599455
v -12.247115 7.889833 -17.422958
v -12.326641 17.811922 0.655192
v -12.230630 7.510399 -16.812706
v -28.349743 17.952429 -1.242454
v -28.075703 18.519478 -1.208380
v -28.172937 8.264849 15.858703
v -28.156820 8.732994 16.337950
v -28.110001 17.952429 1.060490
v -27.832573 18.515421 1.027911
v -27.924603 7.508989 -16.809164
v -27.917650 7.978364 -17.290916
v 1.198685 12.386574 8.625457
v 1.197100 11.374988 8.508008
v 1.142044 12.356390 8.388832
v -27.848061 12.373840 8.507125
v -27.821125 11.379416 8.507808
v -27.923967 12.819860 -6.247327
v 1.527485 13.500614 -6.482816
v -28.377340 13.373323 -6.339507
v 1.527344 12.889116 -6.135550
v -6.224977 7.847432 -16.446974
v -5.009336 7.840569 -16.447769
v -5.138220 16.982084 0.140187
v -5.027502 17.213118 -0.036042
v -8.071355 7.885949 -16.304937
v -7.589528 7.863128 -16.430628
v -6.217134 7.805120 -16.299246
v -6.087615 8.076704 -16.476553
v -11.165895 7.857828 -16.420601
v -9.614662 7.872874 -16.502296
v -12.514727 7.741241 -16.333366
v -9.727711 7.831262 -16.458094
v -8.454511 7.791403 -16.336088
v -8.282728 8.058809 -16.508801
v -12.417707 7.903086 -16.466038
v -13.136941 7.631024 -16.356161
v -14.777607 7.937240 -16.329588
v -13.525248 7.694549 -16.261581
v -13.383108 7.884211 -16.490488
v -13.613414 16.853868 0.297629
v -14.594693 17.088823 0.043696
v -13.506679 17.140232 0.217599
v -12.161352 17.147175 0.037883
v -13.383492 17.016647 0.091621
v -13.363726 17.208645 0.000256
v -11.029061 17.264841 -0.057440
v -12.518996 17.046440 0.083149
v -8.572637 17.113150 0.028771
v -9.872936 17.195917 -0.009036
v -8.454822 17.400534 -0.118104
v -7.463275 17.242186 -0.045701
v -7.631305 17.020462 0.126739
v -8.355034 17.107182 0.057347
v -6.108924 16.899742 0.152121
v -5.922288 17.152946 0.021745
v -7.470334 16.971037 0.118513
v -9.847860 16.968748 0.107517
v -11.310972 17.063065 0.086526
v -9.645960 17.230360 0.013860
v -16.417650 7.822073 -16.438759
v -15.917132 7.864585 -16.479914
v -14.595013 7.811749 -16.344103
v -14.417550 8.068194 -16.487362
v -19.504848 7.896943 -16.393875
v -18.059008 7.936058 -16.150255
v -17.867939 8.094468 -16.399199
v -19.465368 7.898329 -16.457016
v -20.861820 7.877728 -16.401672
v -18.077967 7.894567 -16.444462
v -16.764223 7.857406 -16.446722
v -20.877443 7.863543 -16.453043
v -21.731634 7.899373 -16.494793
v -22.899601 7.954769 -16.316502
v -21.694324 7.905706 -16.474710
v -21.721037 17.038050 0.100054
v -22.899277 17.121914 0.037231
v -21.605133 17.278786 -0.049340
v -20.737648 17.260061 -0.094430
v -20.945980 17.032181 0.094091
v -21.704571 17.082548 0.046614
v -19.421507 17.335430 -0.099600
v -20.905659 17.184378 0.025851
v -19.596905 17.085880 0.054715
v -16.728468 16.983044 0.118769
v -18.023048 17.039665 0.090237
v -16.610176 17.203798 -0.046016
v -15.865418 17.152739 0.024259
v -16.763847 17.030674 0.097042
v -16.792807 17.201797 -0.009975
v -14.574983 17.041891 0.108170
v -14.393833 17.274775 -0.054831
v -15.941206 17.112911 0.012299
v -17.873920 17.121326 0.053860
v -24.207577 8.025025 -16.523966
v -25.076931 7.807041 -16.429781
v -24.230738 7.871231 -16.469896
v -22.838169 7.935061 -16.425524
v -27.852873 7.864896 -16.451990
v -26.306644 7.880811 -16.501907
v -26.403173 7.814813 -16.579519
v -25.132954 7.802337 -16.386124
v -25.002651 8.028638 -16.595064
v -25.107761 17.031359 0.093722
v -26.414007 17.126362 0.045276
v -24.990583 17.285847 -0.058787
v -24.229660 17.349632 -0.080704
v -24.371389 17.100513 0.044684
v -25.216198 17.162241 0.008317
v -22.861122 17.172682 0.011397
v -24.283962 17.045868 0.076703
v -24.262356 17.195534 -0.026383
v -26.361832 17.034502 0.106783
v -27.845922 17.109798 0.031320
v -26.237438 17.279682 -0.060394
v -4.749675 10.714453 -11.018893
v -6.354054 17.155344 0.015764
v -5.928383 10.436561 -10.846900
v -4.905868 10.965836 -10.055333
v -18.142759 16.870052 0.187257
v -19.540400 13.656172 -5.310833
v -24.346441 7.793827 -16.401550
v -11.232759 7.823415 -16.387018
v 0.784399 7.846809 -16.496931
v -0.118765 7.900561 -16.334257
v 0.852266 7.804020 -16.361338
v 1.813520 7.774508 -15.996535
v -2.870290 7.836450 -16.402288
v -1.458230 7.795663 -16.450001
v -4.134748 7.804391 -16.374411
v -1.373926 7.842245 -16.472000
v -0.106140 7.758546 -16.370956
v 0.013899 7.988712 -16.557653
v -4.660859 8.012011 -16.111296
v -4.077125 17.283903 -0.035074
v -4.210697 17.030308 0.120244
v -5.060478 17.092813 0.055664
v -2.806826 17.345146 -0.120273
v -4.043875 17.312511 0.052136
v -0.229984 17.119907 0.039429
v -1.382408 17.265890 -0.019794
v -0.087772 17.393499 -0.082501
v 0.816547 17.309723 -0.035752
v 0.655912 17.066523 0.088145
v -0.158163 17.128069 0.009113
v 2.021711 17.168438 0.047574
v 0.796749 17.100006 0.055015
v -1.376391 17.019831 0.130872
v -2.844494 17.105888 0.058417
v -1.216492 17.221848 -0.022910
v -2.732671 7.849132 -16.405922
v -11.196051 17.013384 0.100448
v -19.595671 17.079090 0.084146
v -3.075692 17.064022 0.071213
v 1.996319 17.005854 0.104799
v 0.993471 10.681953 -10.470775
v -10.849305 8.271436 -16.380823
v -10.954243 7.733546 -16.037422
v -11.137449 16.815866 0.214485
v -11.014584 17.387175 -0.115389
v -10.650301 16.844992 0.197669
v -12.495878 12.600424 -8.088861
v -13.745019 12.550268 -8.096517
v -12.571680 12.484499 -7.856874
v -13.473589 12.436241 -7.865666
v -6.798349 13.487510 -6.794574
v -7.980556 13.317631 -6.677789
v -4.658602 8.927093 -14.479731
v -5.985838 8.871926 -14.613697
v -1.220183 17.320049 -0.150356
v -1.461614 14.231350 -5.345745
v -2.534520 14.203979 -5.254583
v -25.357002 13.445084 -6.581996
v -26.525202 13.391899 -6.707530
v -25.193516 10.315677 -12.095830
v -24.168947 10.571358 -12.007024
v -8.021075 17.260759 0.139354
v -6.792254 17.126352 0.160692
v -6.814775 17.321331 0.076172
v -7.215855 13.466916 -7.020512
v -5.972966 13.499132 -6.934337
v -19.531691 13.518097 -6.476285
v -18.355965 13.357821 -6.354733
v -20.065233 9.621764 -13.334114
v -18.742182 9.719458 -13.201475
v -19.493893 17.254658 0.013532
v -18.915388 14.081848 -5.444496
v -19.712496 14.210112 -5.455943
v 0.399088 13.453526 -6.636804
v 0.551466 13.294597 -6.575816
v 1.654608 13.451277 -6.613477
v 0.279861 10.300678 -12.104169
v 1.452360 10.264386 -12.076566
v -28.463367 10.411261 -11.513259
v -29.063892 10.643217 -10.716663
v -28.492903 9.992039 -11.243483
v 1.391411 10.226524 -11.371760
v 1.625944 10.655319 -10.692023
v -27.923965 12.722795 6.448087
v 1.527384 13.403015 6.682847
v -28.379082 13.279198 6.544379
v 1.527288 12.790377 6.342383
v -11.171986 8.599910 15.835282
v -9.623482 8.591711 15.940668
v -11.026716 8.764775 15.960023
v -12.515081 8.611183 15.946374
v -9.721657 8.442644 15.651513
v -8.454510 8.394773 15.532162
v -8.282726 8.662180 15.704875
v -12.568145 8.767213 15.661183
v -13.287350 8.497185 15.550347
v -14.283334 8.709644 15.597071
v -13.261337 9.062325 15.462841
v -13.613412 16.847742 0.060644
v -14.585712 17.072420 0.309936
v -13.506677 17.134106 0.140673
v -12.162164 17.140041 0.319781
v -13.383490 17.010521 0.266652
v -13.363725 17.202518 0.358016
v -11.029060 17.258713 0.415712
v -12.518477 17.098562 0.308889
v -8.572635 17.107023 0.329502
v -9.879160 17.189590 0.367182
v -8.454820 17.394409 0.476377
v -9.847859 16.962624 0.250756
v -11.305874 17.058786 0.272670
v -9.645958 17.224236 0.344413
v -16.417873 8.559793 15.864007
v -15.921550 8.606741 15.888348
v -14.595012 8.548058 15.770432
v -14.417548 8.804502 15.913691
v -19.503355 8.625748 15.823088
v -18.059006 8.672366 15.576584
v -17.867937 8.830776 15.825527
v -19.475851 8.637897 15.857022
v -20.855028 8.603885 15.845613
v -18.074707 8.636458 15.865428
v -16.760944 8.590013 15.884948
v -20.882597 8.765550 16.160753
v -21.736914 8.799414 16.207769
v -22.898258 8.696221 15.733612
v -21.691353 8.636729 15.916172
v -21.721035 17.031923 0.258219
v -22.901161 17.116116 0.321237
v -21.605129 17.272657 0.407613
v -20.737644 17.253937 0.452703
v -20.945976 17.026056 0.264181
v -21.713387 17.071777 0.309599
v -19.421505 17.329304 0.457873
v -20.913895 17.178226 0.332243
v -19.596903 17.079754 0.303558
v -16.728466 16.976919 0.239504
v -18.029507 17.032944 0.267865
v -16.610174 17.197672 0.404288
v -15.866554 17.145433 0.333335
v -16.763847 17.024548 0.261230
v -16.792805 17.195673 0.368248
v -14.574982 17.035767 0.250102
v -14.393832 17.268650 0.413103
v -15.939626 17.107014 0.346078
v -17.855083 17.089693 0.289000
v -24.215717 8.670815 15.918837
v -25.068331 8.517333 15.800700
v -24.219307 8.615468 15.886552
v -22.843212 8.663353 15.865703
v -27.853046 8.668524 15.980618
v -26.308319 8.672531 16.048206
v -26.405252 8.382964 15.679708
v -25.132950 8.361179 15.505074
v -25.002647 8.587481 15.714014
v -25.107759 17.025232 0.264551
v -26.413181 17.120255 0.312976
v -24.990582 17.279720 0.417060
v -24.229656 17.343508 0.438976
v -24.371387 17.094387 0.313589
v -25.205101 17.157742 0.350804
v -22.855646 17.165075 0.346050
v -24.283960 17.039742 0.281569
v -24.262352 17.189409 0.384655
v -26.361830 17.028378 0.251489
v -27.847973 17.103992 0.327120
v -26.237434 17.273558 0.418667
v -18.132862 16.840967 0.157447
v -19.540129 13.656727 5.657483
v -24.435482 10.800274 11.336800
v -11.410704 8.457417 15.876705
v 0.278276 8.569518 15.808211
v 0.754084 8.552564 15.780748
v 1.509119 8.625306 15.487839
v -2.840961 8.735770 16.111115
v -1.451256 8.701285 16.166018
v -4.137561 8.476393 15.793116
v -1.392540 8.488925 15.750672
v -0.106140 8.419951 15.667549
v 0.013901 8.650118 15.854246
v -2.806826 17.298033 0.407554
v -4.044580 17.271872 0.238778
v -0.229982 17.113781 0.318843
v -1.362144 17.259865 0.378285
v -0.087770 17.387375 0.440773
v 0.816547 17.303598 0.394025
v 0.655914 17.060398 0.270127
v -0.158276 17.121187 0.348781
v 1.462006 17.162312 0.310698
v 0.780195 17.143160 0.342864
v -1.376390 17.013704 0.227400
v -2.820809 17.097761 0.298526
v -1.216491 17.215721 0.381182
v -2.730620 8.566206 15.770470
v -11.196049 17.007256 0.257825
v -19.595713 17.073397 0.274471
v -3.075692 17.016909 0.216069
v 0.959059 16.841272 -0.041989
v 1.427227 10.677341 10.893755
v 1.443050 11.020422 11.324628
v -10.920950 9.009122 15.799294
v -10.871629 8.469160 15.474661
v -11.165953 17.307283 0.353024
v -10.888975 16.760477 0.037296
v -10.701237 17.318972 0.359773
v -12.496737 12.594057 8.447053
v -13.746136 12.545046 8.455380
v -13.083035 12.408875 8.195151
v -16.529467 15.336443 3.868118
v -17.708845 15.177246 3.744493
v -14.454637 10.842930 11.600352
v -15.783090 10.794593 11.733480
v -4.525983 17.184576 0.340738
v -3.380709 10.966283 11.871853
v -4.462334 10.997475 11.891439
v -25.349680 13.442309 6.945115
v -26.522013 13.387768 7.062346
v -25.201941 10.305162 12.453836
v -24.168943 10.565235 12.365299
v -8.525824 17.308210 0.170676
v -7.308472 17.129711 0.179075
v -7.322067 17.322676 0.268885
v -8.493028 10.690500 12.056053
v -7.240795 10.678505 12.004275
v -19.531689 13.511974 6.834559
v -18.352068 13.340702 6.717625
v -20.066818 9.620272 13.695270
v -18.743711 9.713072 13.559576
v -19.443964 17.196142 0.360008
v -18.872906 14.055222 5.794789
v -19.712494 14.203987 5.814217
v -7.482788 17.203857 0.371829
v -7.287291 17.001780 0.214978
v -6.164442 17.212828 0.233109
v -7.044544 10.730533 11.676420
v -5.790370 10.838613 11.666855
v -6.102499 17.422022 0.227870
v -5.953661 17.190058 0.091281
v -4.808399 17.235596 0.218156
v -5.847431 10.705947 11.967092
v -4.531416 10.838486 11.780305
v -11.825937 13.324338 6.922320
v -11.722026 12.808372 7.173907
v -2.228819 13.017359 7.150606
v -2.298934 13.421486 6.467949
v -4.579339 10.592525 11.487176
v -3.743211 8.552423 15.612062
v -4.853680 8.585473 15.624732
v -7.823015 10.655359 11.309956
v -7.822199 8.642159 15.511271
v -8.397874 8.858123 15.680807
v -7.533470 10.622986 11.505517
v -6.432242 10.523703 11.330220
v -7.305434 8.466795 15.700932
v -6.049296 8.570364 15.701668
v -6.149330 10.838963 11.375059
v -5.113524 10.565006 11.295415
v -6.147397 8.486558 15.952882
v -4.834606 8.450867 15.790314
v -28.479118 10.058624 11.894365
v 1.559326 10.695889 11.060380
v -29.084019 10.600848 11.232991
v -28.519199 10.357422 11.913134
v 1.559347 10.285206 11.703198
v -29.317657 17.345564 0.238352
v -29.125000 17.077236 -0.318936
v -29.683624 17.014925 0.073743
v 2.708641 17.397923 0.197938
v 2.772600 17.157209 -0.311882
v 2.653652 16.886381 0.142110
vt 0.750951 3.413346
vt 0.712549 -0.544039
vt 0.486416 3.354279
vt 0.422410 -0.464891
vt 0.611398 2.689720
vt 0.674699 -1.100637
vt 0.422410 -1.208375
vt 1.041404 -1.208101
vt 1.003240 2.749283
vt 1.079495 2.749283
vt 0.674699 -1.100637
vt 0.610755 2.689922
vt 0.422410 -1.208375
vt 1.003240 2.749283
vt 1.043229 -1.208101
vt 1.079495 2.749283
vt -0.408558 -0.460715
vt -0.123104 -0.473485
vt -0.120506 -0.447439
vt 1.003240 3.166516
vt 1.043219 -0.639409
vt 1.079495 3.166516
vt 0.713197 -0.639409
vt 0.639294 3.147244
vt 0.422410 -0.563290
vt 0.902733 2.984849
vt 0.674698 -1.431325
vt 0.750952 -1.431325
vt 0.548481 2.984849
vt 0.422409 -1.431326
vt 0.625232 1.085960
vt 0.534476 1.025426
vt 0.625232 0.967767
vt 0.687492 0.855328
vt 0.715708 -1.352759
vt 0.747540 0.855328
vt 0.625232 0.592998
vt 0.535021 0.495901
vt 0.625232 0.474805
vt 0.822001 1.424054
vt 0.797702 0.572574
vt 0.847323 0.572574
vt 0.901680 2.984849
vt 0.422409 -1.431326
vt 0.713322 -1.431325
vt 0.727734 2.984849
vt 0.674698 -1.431325
vt 0.750952 -1.431325
vt 0.512258 0.063048
vt 0.710930 0.798612
vt 0.512257 0.799078
vt 0.515121 3.276078
vt 0.487092 0.855328
vt 0.538724 0.855328
vt 0.479619 -0.474682
vt 0.511454 -2.682769
vt 0.542568 -0.474682
vt 0.625232 0.592998
vt 0.534576 0.525761
vt 0.625232 0.474805
vt 0.687492 1.644068
vt 0.716319 -0.564020
vt 0.747540 1.644068
vt 0.032835 -0.507818
vt 0.192480 -0.502120
vt 0.192480 0.969866
vt 0.489233 0.855008
vt 0.741522 0.119299
vt 0.741522 0.855328
vt 0.750952 -1.431325
vt 0.716058 2.984849
vt 0.674698 -1.431325
vt 0.687492 0.855328
vt 0.715849 -1.352759
vt 0.747540 0.855328
vt 0.625232 1.085960
vt 0.534723 1.008843
vt 0.625232 0.967767
vt 0.889589 3.773589
vt 0.674698 -0.642586
vt 0.750952 -0.642585
vt 0.461565 3.773589
vt 0.422409 -0.642586
vt 0.241073 -2.674364
vt 0.000133 -1.905109
vt 0.000133 -2.682770
vt 0.208401 -0.474682
vt 0.271350 -0.474682
vt 0.641841 0.520048
vt 0.614912 -0.352659
vt 0.809212 -0.352659
vt 0.853840 0.520055
vt 0.614912 -0.352659
vt 0.642745 0.520048
vt 0.810284 -0.352659
vt 0.853921 0.520055
vt 0.533813 0.690264
vt 0.590320 0.571623
vt 0.644518 0.689932
vt 1.003240 2.223662
vt 1.043171 -0.489838
vt 1.079495 2.223662
vt 1.041407 -0.639409
vt 1.003240 3.166516
vt 1.079495 3.166516
vt 0.638735 3.147447
vt 0.713096 -0.639409
vt 0.422410 -0.563290
vt 0.668395 0.252030
vt 0.617937 0.341935
vt 0.728453 0.343800
vt 0.712690 -1.352759
vt 0.687492 0.855328
vt 0.747540 0.855328
vt 0.064018 0.349189
vt 0.025553 2.557276
vt 0.185198 2.557277
vt 0.540277 0.747930
vt 0.630873 0.810796
vt 0.630873 0.694680
vt 0.422409 -1.431326
vt 0.901587 2.984849
vt 0.713700 -1.431325
vt 0.589169 0.812055
vt 0.540272 0.905065
vt 0.638296 0.906776
vt 0.271350 3.346017
vt 0.227204 1.137929
vt 0.208401 3.346016
vt 0.674698 -1.431325
vt 0.727867 2.984849
vt 0.750952 -1.431325
vt 0.271350 2.557277
vt 0.237344 0.349189
vt 0.208401 2.557277
vt 1.003241 -1.431325
vt 0.715187 -0.564020
vt 0.687492 1.644068
vt 0.747540 1.644068
vt 0.741522 0.119299
vt 0.489233 0.854919
vt 0.741522 0.855328
vt 1.026408 3.765239
vt 0.750951 2.301531
vt 0.696714 3.769547
vt 1.003240 3.334198
vt 1.003242 -0.464891
vt 0.747540 0.855328
vt 0.717642 -1.352759
vt 0.687492 0.855328
vt 0.101870 -1.905232
vt 0.208403 -2.682769
vt 0.000133 -2.682770
vt 0.217901 -0.474682
vt 0.009632 -2.201084
vt 0.009631 -0.474682
vt 0.542568 1.619777
vt 0.509737 -0.588310
vt 0.479619 1.619777
vt 0.614912 -0.352659
vt 0.642642 0.520048
vt 0.810811 -0.352659
vt 0.853877 0.520055
vt 0.631471 0.031439
vt 0.608711 0.929648
vt 0.806911 0.929656
vt 0.846442 0.031439
vt 0.258414 0.685796
vt 0.244080 0.167671
vt 0.274275 0.167670
vt 0.641865 0.520048
vt 0.614912 -0.352659
vt 0.808724 -0.352659
vt 0.853871 0.520055
vt 0.579976 0.564939
vt 0.564196 0.015086
vt 0.596239 0.015086
vt 0.590724 0.977663
vt 0.578358 0.496893
vt 0.606375 0.496893
vt 0.608645 0.249230
vt 0.596724 0.868111
vt 0.486102 0.249230
vt 0.580036 0.564939
vt 0.564196 0.015086
vt 0.691242 0.015086
vt 0.717707 0.564943
vt 0.593673 0.977663
vt 0.578358 0.496893
vt 0.686042 0.496893
vt 0.713591 0.977667
vt 0.533813 1.354326
vt 0.593998 1.235710
vt 0.644518 1.353994
vt 1.003240 2.697117
vt 1.046316 -0.016384
vt 1.079495 2.697117
vt 0.653777 0.438014
vt 0.617882 0.544799
vt 0.695774 0.490659
vt 0.946025 1.713123
vt 0.999165 -0.863620
vt 0.713413 -0.864621
vt 0.750951 3.413346
vt 0.486440 3.354286
vt 0.857007 -0.504693
vt 0.713042 -1.178756
vt 0.711015 2.748856
vt 1.003240 2.669708
vt 1.003242 -1.129380
vt 0.713170 -1.178756
vt 1.003242 -1.129380
vt 1.003240 2.669708
vt 0.712819 2.748856
vt 0.525197 -0.661125
vt 0.698807 -0.661138
vt 0.698809 1.031392
vt 0.524053 1.033102
vt 0.217533 -1.044790
vt 0.216235 0.646759
vt 0.039841 0.645031
vt 0.039508 -1.044827
vt 2.063117 -0.399396
vt 2.090493 0.382107
vt 2.036170 0.377483
vt 1.003242 -0.563290
vt 1.003240 3.090397
vt 0.192481 -1.238149
vt 0.032835 -1.238149
vt 0.271351 1.868260
vt 0.208402 1.975348
vt 0.230330 1.137929
vt 0.009632 -3.471509
vt 0.217901 -3.471509
vt 0.217901 -1.263422
vt 0.009631 -1.263421
vt 0.185199 1.975348
vt 0.185198 3.346016
vt 0.025553 3.345944
vt 0.741523 -1.352759
vt 0.741522 0.855328
vt 0.489233 0.855328
vt 0.489234 -1.352759
vt 0.540416 0.755487
vt 0.630873 0.694680
vt 0.630873 0.810796
vt 0.208403 1.137929
vt 0.271351 1.137929
vt 0.271350 3.346017
vt 0.208401 3.346016
vt 0.009632 -1.238149
vt 0.217901 -1.238149
vt 0.217901 0.969938
vt 0.009631 0.969938
vt 0.208403 -3.471509
vt 0.271351 -3.471509
vt 0.271350 -1.263421
vt 0.208401 -1.263422
vt 0.025553 1.873958
vt 0.025554 1.137928
vt 0.185199 1.137929
vt 0.208403 0.349189
vt 0.271351 0.349189
vt 0.271350 2.557277
vt 0.208401 2.557277
vt 0.032835 -2.026889
vt 0.192481 -2.026889
vt 0.192480 0.181199
vt 0.032834 0.181199
vt 0.025553 2.557276
vt 0.025554 0.349189
vt 0.185199 0.349189
vt 0.185198 2.557277
vt 0.000132 3.346016
vt 0.000133 1.137928
vt 0.000132 -1.263422
vt 0.000133 -3.471509
vt 1.042014 -1.431325
vt 0.710930 0.799078
vt 0.512257 0.799078
vt 0.512259 -1.409010
vt 0.710931 -1.409009
vt 0.009632 -3.471509
vt 0.217901 -3.471509
vt 0.217901 -1.263422
vt 0.009631 -1.263421
vt 0.489234 -1.352759
vt 0.741523 -1.352759
vt 0.540152 0.741124
vt 0.630873 0.694680
vt 0.630873 0.810796
vt 0.590803 0.812021
vt 0.638296 0.906776
vt 0.540272 0.905065
vt 0.271350 3.346017
vt 0.208401 3.346016
vt 0.226369 1.137929
vt 0.217901 -1.238149
vt 0.217901 0.969938
vt 0.009631 0.969938
vt 0.009632 -1.238149
vt 0.208403 -3.471509
vt 0.271351 -3.471509
vt 0.271350 -1.263421
vt 0.208401 -1.263422
vt 0.422407 2.984849
vt 0.422409 -1.431326
vt 0.192481 -2.026889
vt 0.192480 0.181199
vt 0.032834 0.181199
vt 0.032835 -2.026889
vt 0.271350 2.557277
vt 0.208401 2.557277
vt 0.236125 0.349189
vt 0.025554 0.349189
vt 0.185199 0.349189
vt 0.185198 2.557277
vt 0.025553 2.557276
vt 1.036756 -1.431325
vt 1.052051 2.984849
vt 0.094793 3.281983
vt 0.094794 0.861233
vt 0.265622 0.861234
vt 0.265621 3.281984
vt 0.734598 0.855328
vt 0.739145 3.276078
vt 0.000132 3.346016
vt 0.000133 1.137928
vt 0.000132 -1.263422
vt 0.000133 -3.471509
vt 1.003241 -1.431325
vt 1.079495 -1.431325
vt 0.009632 -2.682769
vt 0.217901 -2.682769
vt 0.217901 -0.474682
vt 0.009631 -0.474682
vt 0.526967 0.776980
vt 0.616560 0.692177
vt 0.616560 0.814315
vt 0.741523 -0.564019
vt 0.741522 1.644068
vt 0.489233 1.644068
vt 0.489234 -0.564019
vt 0.208403 0.349189
vt 0.271351 0.349189
vt 0.271350 2.557277
vt 0.208401 2.557277
vt 0.009632 -2.026889
vt 0.217901 -2.026889
vt 0.217901 0.181199
vt 0.009631 0.181199
vt 0.000132 2.557276
vt 0.000133 0.349189
vt 0.422409 -0.642586
vt 0.674698 -0.642586
vt 0.674696 3.772822
vt 0.422407 3.772372
vt 0.000132 -0.474682
vt 0.000133 -2.682770
vt 0.238739 -2.682769
vt 0.238837 -0.474682
vt 0.710930 1.587818
vt 0.512257 1.587817
vt 0.512259 -0.620270
vt 0.710931 -0.620270
vt 0.271350 3.346017
vt 0.208401 3.346016
vt 0.032834 0.969938
vt 0.687493 -1.352760
vt 0.747541 -1.352759
vt 0.747540 0.855008
vt 0.687492 0.854862
vt 0.932028 3.773589
vt 0.674696 3.773589
vt 0.715356 1.573010
vt 0.750952 -0.642585
vt 0.750951 3.771881
vt 1.033371 -0.642585
vt 1.027531 3.772372
vt 0.714823 0.855328
vt 0.735455 3.272882
vt 0.518679 3.274617
vt 0.538724 0.855328
vt 0.487092 0.855328
vt 0.094793 3.278793
vt 0.094794 0.861233
vt 0.265622 0.861234
vt 0.265621 3.280969
vt 0.000132 -0.474682
vt 0.422407 2.984849
vt 0.422409 -1.431326
vt 0.208403 1.137929
vt 0.271351 1.137929
vt 0.271350 3.346017
vt 0.208401 3.346016
vt 0.009632 -1.238149
vt 0.217901 -1.238149
vt 0.217901 0.969938
vt 0.009631 0.969938
vt 0.710930 0.799078
vt 0.512257 0.799078
vt 0.512259 -1.409010
vt 0.710931 -1.409009
vt 0.094793 3.280364
vt 0.094794 0.861233
vt 0.265622 0.861234
vt 0.265621 3.280958
vt 1.039594 -0.642585
vt 0.000132 3.346016
vt 0.000133 1.137928
vt 1.042505 2.984849
vt 1.040998 -1.431325
vt 0.745466 3.274454
vt 0.523527 3.273002
vt 0.538724 0.855328
vt 0.735669 0.855328
vt 0.741523 -1.352759
vt 0.741522 0.855328
vt 0.489233 0.855328
vt 0.489234 -1.352759
vt 0.512259 -1.409010
vt 0.710931 -1.409009
vt 0.487092 0.855328
vt 0.009632 -2.674361
vt 0.217901 -2.676802
vt 0.217901 -0.474682
vt 0.009631 -0.474682
vt 0.192481 -2.026889
vt 0.192480 0.181199
vt 0.032834 0.181199
vt 0.032835 -2.026889
vt 0.500581 -0.474682
vt 0.517532 -2.676802
vt 0.542568 -1.905108
vt 0.271350 2.557277
vt 0.208401 2.557277
vt 0.229217 0.349189
vt 0.025553 2.557276
vt 0.025554 0.349189
vt 0.185199 0.349189
vt 0.185198 2.557277
vt 0.419736 0.572574
vt 0.611169 0.572574
vt 0.610036 1.424047
vt 0.419736 1.424056
vt 0.422408 1.572986
vt 0.422407 3.773589
vt 0.450739 0.520057
vt 0.450740 -0.352660
vt 1.040554 1.572991
vt 0.444539 0.031439
vt 0.633034 0.031439
vt 0.608711 0.929648
vt 0.444539 0.929660
vt 0.455153 0.673768
vt 0.610336 1.552281
vt 0.425936 1.552291
vt 0.807058 0.929656
vt 0.592516 0.907009
vt 0.593677 0.227703
vt 0.440852 0.227703
vt 0.440851 0.907016
vt 0.845995 0.031439
vt 0.762013 0.907014
vt 0.781981 0.227703
vt 0.742393 0.227703
vt 0.450739 0.520057
vt 0.450740 -0.352660
vt 0.444539 0.929660
vt 0.653111 0.929651
vt 0.608712 0.031439
vt 0.444539 0.031439
vt 0.515332 0.673768
vt 0.425936 1.552291
vt 0.590109 1.552280
vt 0.658332 0.031439
vt 0.853861 0.929658
vt 0.847422 0.031439
vt 0.422407 2.223662
vt 0.422410 -0.489839
vt 0.674699 -0.415965
vt 0.674696 2.169392
vt 0.551932 0.243644
vt 0.676192 0.236255
vt 0.659003 0.254511
vt 0.713318 -0.469424
vt 1.003242 -0.435568
vt 1.003240 2.169392
vt 0.712833 2.223662
vt 1.003240 3.090397
vt 1.003242 -0.563290
vt 0.489233 0.855328
vt 0.741522 0.855328
vt 0.741523 -1.352759
vt 0.489234 -1.352759
vt 0.208403 1.137929
vt 0.208401 3.346016
vt 0.271350 3.346017
vt 0.271351 1.137929
vt 0.009632 -1.238149
vt 0.009631 0.969938
vt 0.217901 0.969938
vt 0.217901 -1.238149
vt 0.625232 1.085960
vt 0.625232 0.967767
vt 0.534531 1.021700
vt 0.208401 2.557277
vt 0.271350 2.557277
vt 0.271351 0.349189
vt 0.208403 0.349189
vt 0.032835 -2.026889
vt 0.032834 0.181199
vt 0.192480 0.181199
vt 0.192481 -2.026889
vt 0.000132 3.346016
vt 0.000133 1.137928
vt 0.822250 1.424054
vt 0.847323 0.572574
vt 0.797702 0.572574
vt 0.710930 0.799078
vt 0.710931 -1.409009
vt 0.512259 -1.409010
vt 0.512257 0.799078
vt 0.009632 -3.471509
vt 0.009631 -1.263421
vt 0.217901 -1.263422
vt 0.217901 -3.471509
vt 0.489234 -1.352759
vt 0.741523 -1.352759
vt 0.009631 0.969938
vt 0.217901 0.969938
vt 0.217901 -1.238149
vt 0.009632 -1.238149
vt 0.208403 -3.471509
vt 0.208401 -1.263422
vt 0.271350 -1.263421
vt 0.271351 -3.471509
vt 0.422407 2.984849
vt 0.422409 -1.431326
vt 0.032834 0.181199
vt 0.192480 0.181199
vt 0.192481 -2.026889
vt 0.032835 -2.026889
vt 0.185198 2.557277
vt 0.185199 0.349189
vt 0.025554 0.349189
vt 0.025553 2.557276
vt 1.034454 -1.431325
vt 1.052548 2.984849
vt 0.265622 0.861234
vt 0.094794 0.861233
vt 0.094793 3.281983
vt 0.265621 3.281984
vt 0.538724 0.855328
vt 0.517340 3.276078
vt 0.736267 3.276078
vt 0.734688 0.855328
vt 0.000132 3.346016
vt 0.000133 1.137928
vt 0.000133 -3.471509
vt 0.000132 -1.263422
vt 1.079495 -1.431325
vt 0.009632 -2.682769
vt 0.009631 -0.474682
vt 0.217901 -0.474682
vt 0.217901 -2.682769
vt 0.512258 0.063048
vt 0.512257 0.799078
vt 0.710930 0.798511
vt 0.487092 0.855328
vt 0.479619 -0.474682
vt 0.542568 -0.474682
vt 0.512606 -2.682769
vt 0.489233 1.644068
vt 0.741522 1.644068
vt 0.741523 -0.564019
vt 0.489234 -0.564019
vt 0.208403 0.349189
vt 0.208401 2.557277
vt 0.271350 2.557277
vt 0.271351 0.349189
vt 0.009632 -2.026889
vt 0.009631 0.181199
vt 0.217901 0.181199
vt 0.217901 -2.026889
vt 0.625232 0.592998
vt 0.625232 0.474805
vt 0.534634 0.521830
vt 0.000132 2.557276
vt 0.000133 0.349189
vt 0.674698 -0.642586
vt 0.422409 -0.642586
vt 0.422407 3.765239
vt 0.238666 -2.682769
vt 0.000133 -2.682770
vt 0.000132 -0.474682
vt 0.238879 -0.474682
vt 0.710930 1.587818
vt 0.710931 -0.620270
vt 0.512259 -0.620270
vt 0.512257 1.587817
vt 0.687493 -1.352760
vt 0.687492 0.854761
vt 0.747540 0.854919
vt 0.747541 -1.352759
vt 0.548376 1.572996
vt 0.674696 3.773589
vt 0.932147 3.773589
vt 0.750952 -0.642585
vt 1.034150 -0.642585
vt 0.538724 0.855328
vt 0.487092 0.855328
vt 0.487091 3.258895
vt 0.538724 3.272295
vt 0.735152 0.855328
vt 0.733912 3.272233
vt 0.265621 3.264801
vt 0.265622 0.861234
vt 0.094794 0.861233
vt 0.094793 3.278150
vt 0.208403 1.137929
vt 0.208401 3.346016
vt 0.271350 3.346017
vt 0.271351 1.137929
vt 0.750952 -1.431325
vt 0.674698 -1.431325
vt 0.896703 2.984849
vt 0.422409 -1.431326
vt 0.554772 2.984849
vt 0.009632 -1.238149
vt 0.009631 0.969938
vt 0.217901 0.969938
vt 0.217901 -1.238149
vt 0.625232 1.085960
vt 0.625232 0.967767
vt 0.534536 1.021389
vt 0.710930 0.799078
vt 0.710931 -1.409009
vt 0.512259 -1.409010
vt 0.512257 0.799078
vt 0.094793 3.278114
vt 0.265621 3.274751
vt 0.265622 0.861234
vt 0.094794 0.861233
vt 0.000132 3.346016
vt 0.000133 1.137928
vt 0.538724 0.855328
vt 0.524519 3.263452
vt 0.743540 3.272203
vt 0.737803 0.855328
vt 1.040622 -1.431325
vt 0.479620 -1.904996
vt 0.542568 -1.905108
vt 0.504637 -2.682769
vt 0.489233 0.855328
vt 0.741522 0.855328
vt 0.741523 -1.352759
vt 0.489234 -1.352759
vt 0.710931 -1.409009
vt 0.512259 -1.409010
vt 0.487092 0.855328
vt 0.118545 0.825893
vt 0.116376 -0.182296
vt 0.189912 -0.171220
vt 0.140455 1.228283
vt 0.217901 -1.904995
vt 0.217901 -2.682769
vt 0.479619 -0.474682
vt 0.542568 -0.474682
vt 0.032835 -2.026889
vt 0.032834 0.181199
vt 0.192480 0.181199
vt 0.192481 -2.026889
vt 0.025553 2.557276
vt 0.185198 2.557277
vt 0.185199 0.349189
vt 0.025554 0.349189
vt 0.692182 1.389594
vt 0.692183 0.538123
vt 0.528010 0.538123
vt 0.528010 1.389605
vt 0.611393 0.572574
vt 0.610109 1.424047
vt 0.529485 0.771057
vt 0.693657 0.771046
vt 0.693658 -0.101659
vt 0.529485 -0.101660
vt 0.444539 0.031439
vt 0.444539 0.929660
vt 0.619981 1.552282
vt 0.833572 1.552289
vt 0.758196 0.673768
vt 0.014088 0.167670
vt 0.130271 0.167670
vt 0.129579 0.685792
vt 0.014088 0.685798
vt 0.450739 0.520057
vt 0.450740 -0.352660
vt 0.458178 0.564945
vt 0.458178 0.015086
vt 0.498177 0.673768
vt 0.782480 1.552287
vt 0.590109 1.552280
vt 0.717679 0.564943
vt 0.719300 0.015086
vt 0.485660 0.977668
vt 0.485660 0.496893
vt 0.711911 0.977667
vt 0.715661 0.496893
vt 0.738668 0.868116
vt 0.734747 0.249230
vt 0.461338 0.868117
vt 0.458178 0.564945
vt 0.458178 0.015086
vt 0.619871 1.552281
vt 0.830633 1.552289
vt 0.758226 0.673768
vt 0.214136 0.685795
vt 0.113987 0.685791
vt 0.063281 0.167670
vt 0.485660 0.977668
vt 0.485660 0.496893
vt 0.704978 -0.016384
vt 1.003242 0.037887
vt 1.003240 2.642847
vt 0.715419 2.697117
vt 0.422407 2.642847
vt 0.422410 0.037887
vt 0.433600 1.703619
vt 0.404287 -0.867262
vt 0.208286 -0.865652
vt 0.199189 1.706249
vt 0.770054 1.711640
vt 0.656648 0.276972
vt 0.570865 0.354989
vt 0.749187 0.350956
vn -0.8753 0.4222 -0.2356
vn -0.9996 -0.0268 0.0103
vn 0.9996 -0.0249 -0.0093
vn 0.8793 -0.4104 -0.2416
vn 0.9999 -0.0123 0.0024
vn 0.8737 -0.4160 0.2522
vn 0.0040 -0.0584 -0.9983
vn -0.0467 0.0827 -0.9955
vn 0.9714 0.0259 -0.2358
vn -0.0041 0.1610 0.9869
vn 0.0021 0.4938 0.8696
vn 0.1849 -0.8610 0.4737
vn 0.8539 -0.4642 0.2352
vn 0.2456 -0.8493 0.4674
vn -0.1854 0.8547 -0.4849
vn -0.1030 -0.8972 0.4294
vn -0.0837 -0.8355 0.5431
vn 0.0608 -0.5688 -0.8202
vn 0.0331 -0.8767 0.4798
vn 0.1169 -0.8685 0.4817
vn 0.8047 -0.5159 0.2938
vn -0.2464 -0.8727 0.4216
vn -0.2455 -0.8277 0.5046
vn -0.1054 -0.7326 -0.6725
vn -0.9951 0.0979 -0.0095
vn 0.0641 0.8673 -0.4937
vn 0.8131 -0.5078 0.2847
vn -0.0012 -0.8747 0.4847
vn 0.1047 -0.8715 0.4791
vn -0.1575 -0.8346 0.5279
vn 0.8582 -0.4456 0.2548
vn -0.0823 0.8639 -0.4969
vn -0.0954 0.8671 -0.4888
vn -0.9930 0.1021 -0.0598
vn -0.1209 -0.8960 0.4273
vn -0.1029 -0.8377 0.5363
vn 0.0999 -0.7054 -0.7017
vn 0.0664 -0.8685 0.4913
vn 0.1217 -0.8673 0.4828
vn 0.9217 -0.3384 0.1896
vn -0.1301 0.8607 -0.4923
vn -0.2038 0.8546 -0.4776
vn -0.2078 0.8337 -0.5116
vn -0.2442 0.8486 -0.4693
vn -0.2435 0.8500 -0.4672
vn -0.0301 0.8439 -0.5357
vn 0.1046 -0.8594 0.5005
vn 0.1884 -0.8536 0.4857
vn 0.8616 -0.4408 0.2517
vn 0.0127 -0.8709 0.4912
vn 0.0860 -0.8693 0.4867
vn 0.8434 -0.4712 0.2580
vn -0.1324 -0.8872 0.4419
vn -0.1204 -0.8347 0.5375
vn 0.0195 -0.6360 -0.7715
vn 0.9115 -0.3698 0.1802
vn -0.2098 0.8503 -0.4828
vn 0.2840 -0.8424 0.4580
vn -0.1748 -0.8554 0.4876
vn -0.7571 -0.5698 0.3196
vn 0.2400 -0.8410 0.4849
vn 0.9892 -0.1318 0.0644
vn 0.1717 -0.8255 0.5377
vn -0.0128 -0.8737 0.4863
vn -0.1674 -0.8515 0.4968
vn 0.0183 -0.8833 0.4684
vn -0.8039 -0.2808 -0.5243
vn 0.0006 -0.5412 -0.8409
vn -0.0039 0.1674 -0.9859
vn 0.0020 0.4858 -0.8741
vn -0.1187 0.8986 0.4225
vn 0.0207 -0.2856 0.9581
vn -0.1203 0.8940 0.4317
vn 0.1138 -0.8738 -0.4728
vn 0.0295 -0.8819 -0.4705
vn 0.8052 -0.5183 -0.2880
vn -0.3092 -0.8369 -0.4517
vn -0.0887 -0.8469 -0.5244
vn -0.1059 -0.9052 -0.4116
vn 0.0533 -0.5149 0.8556
vn 0.0656 0.8723 0.4846
vn 0.0729 -0.8658 -0.4951
vn 0.0657 -0.9140 -0.4004
vn 0.1089 -0.8744 0.4728
vn 0.9172 -0.3520 -0.1868
vn 0.8116 -0.5171 -0.2719
vn 0.9253 -0.3335 -0.1805
vn 0.1549 -0.8669 -0.4738
vn 0.1206 -0.8753 -0.4682
vn 0.0657 -0.8766 -0.4767
vn 0.9215 -0.3420 -0.1840
vn -0.1695 0.8668 0.4689
vn -0.2691 0.8500 0.4529
vn -0.0124 0.8442 0.5359
vn -0.2855 -0.8415 -0.4587
vn 0.2818 -0.8405 -0.4628
vn 0.8070 -0.5212 -0.2779
vn 0.9744 -0.1954 0.1115
vn 0.8424 -0.4794 -0.2461
vn 0.7842 -0.5409 -0.3041
vn 0.8936 -0.4156 -0.1694
vn -0.0696 -0.9113 -0.4058
vn -0.0014 0.8716 0.4903
vn -0.0290 0.8804 0.4734
vn 0.1677 -0.8321 -0.5286
vn -0.0159 -0.8782 -0.4779
vn 0.1729 -0.8539 -0.4909
vn -0.0090 -0.8690 -0.4947
vn 0.9980 0.0582 0.0260
vn -0.1727 -0.8509 -0.4961
vn 0.0140 -0.8837 -0.4678
vn -0.7896 -0.5453 -0.2816
vn -0.8749 -0.4283 -0.2260
vn -0.0074 0.4371 0.8994
vn -0.1505 -0.8826 -0.4454
vn 0.0751 -0.9080 -0.4123
vn -0.2610 -0.8586 -0.4411
vn -0.0766 -0.9041 -0.4205
vn 0.0826 0.8647 0.4955
vn 0.0059 0.8720 0.4895
vn -0.7860 -0.1432 0.6015
vn 0.0068 -0.0618 0.9981
vn 0.0323 0.8937 -0.4476
vn 0.0394 0.8987 -0.4368
vn -0.4400 0.7402 -0.5085
vn -0.0021 0.9025 -0.4308
vn -0.8679 0.4297 0.2494
vn -0.9698 0.2115 0.1216
vn -0.9708 0.2064 -0.1224
vn -0.0021 -0.0606 -0.9982
vn -0.0023 0.0553 -0.9985
vn -0.0020 -0.0581 0.9983
vn 0.0001 0.9920 -0.1266
vn 0.0007 -0.3527 -0.9357
vn -0.1322 0.8909 -0.4346
vn 0.8728 -0.4257 0.2387
vn 0.8946 -0.3819 0.2321
vn 0.7569 -0.5918 0.2771
vn -0.1349 0.8686 -0.4768
vn 0.0425 -0.8714 0.4887
vn -0.1721 -0.8501 0.4977
vn -0.0272 -0.8570 0.5146
vn -0.0728 0.8692 -0.4890
vn -0.0801 -0.8434 0.5313
vn 0.0550 -0.5641 -0.8239
vn -0.0941 -0.9003 0.4251
vn 0.9111 -0.3546 0.2101
vn -0.1568 0.8575 -0.4900
vn 0.8872 -0.4071 0.2172
vn 0.0405 -0.8752 0.4821
vn 0.0594 -0.9019 0.4278
vn -0.0600 -0.8766 0.4774
vn 0.9156 -0.3494 0.1992
vn 0.0031 0.8738 -0.4862
vn -0.2489 -0.8462 0.4712
vn -0.0719 -0.8670 0.4931
vn -0.0704 -0.8733 0.4822
vn -0.1497 -0.8625 0.4835
vn -0.0133 -0.8752 0.4835
vn -0.1158 0.8664 -0.4857
vn -0.2044 0.8623 -0.4633
vn -0.1621 0.8626 -0.4792
vn -0.1618 0.8631 -0.4785
vn -0.0928 -0.8399 0.5348
vn 0.0666 -0.5213 -0.8508
vn -0.1129 -0.9011 0.4187
vn 0.0433 -0.8592 0.5099
vn 0.1038 -0.8733 -0.4760
vn 0.0343 -0.9090 0.4155
vn 0.9174 -0.3494 0.1905
vn -0.0653 0.8703 -0.4882
vn 0.8491 -0.4612 0.2574
vn -0.0941 0.8671 -0.4892
vn -0.0854 0.8673 -0.4903
vn 0.9254 -0.3313 0.1840
vn -0.0293 -0.8737 0.4855
vn -0.0734 -0.8722 0.4836
vn -0.0826 0.8652 -0.4946
vn -0.0203 -0.8718 0.4894
vn -0.0363 -0.8749 0.4830
vn -0.0821 -0.8692 0.4875
vn -0.9895 -0.1338 0.0538
vn 0.1562 -0.8615 0.4831
vn 0.0017 0.8708 -0.4916
vn -0.2379 0.8781 -0.4150
vn 0.2185 0.8427 -0.4920
vn 0.8869 -0.4298 0.1692
vn -0.0732 0.8679 -0.4913
vn 0.9235 -0.3351 0.1866
vn -0.1348 0.8646 -0.4841
vn -0.0820 -0.8695 0.4870
vn -0.2321 0.8452 -0.4813
vn 0.0626 -0.8714 0.4866
vn -0.0212 -0.8738 0.4858
vn 0.9158 -0.3357 0.2205
vn -0.0573 0.8586 -0.5095
vn -0.1284 -0.8512 0.5089
vn 0.7633 -0.5657 0.3120
vn 0.1313 -0.8672 0.4804
vn 0.3757 -0.8153 0.4406
vn 0.2728 -0.8414 0.4666
vn 0.8874 -0.4006 0.2282
vn -0.0615 -0.8682 0.4924
vn 0.0233 -0.8715 0.4898
vn 0.8713 -0.4295 0.2375
vn -0.1279 0.8611 -0.4922
vn -0.2568 -0.8351 0.4865
vn -0.1132 0.8633 -0.4919
vn 0.9140 -0.3497 0.2058
vn -0.1154 0.8621 -0.4934
vn -0.0426 -0.8718 0.4881
vn -0.0640 0.8629 -0.5013
vn -0.1008 -0.8685 0.4853
vn -0.1145 -0.8627 0.4927
vn -0.0348 -0.8720 0.4883
vn -0.0720 -0.8671 0.4929
vn -0.0424 0.8687 -0.4935
vn 0.7839 -0.5348 0.3154
vn 0.0660 0.8646 -0.4981
vn 0.9796 0.1735 -0.1015
vn -0.0793 -0.8600 0.5040
vn 0.0689 -0.8705 0.4873
vn -0.9849 0.1462 -0.0924
vn 0.0131 0.8694 -0.4939
vn -0.1989 0.8567 -0.4760
vn 0.0729 -0.8743 0.4799
vn -0.0732 0.8555 -0.5126
vn 0.0417 -0.8688 0.4934
vn -0.0738 0.8664 -0.4939
vn -0.0651 0.8591 -0.5077
vn 0.1708 -0.8547 0.4902
vn -0.0288 0.8791 -0.4758
vn -0.0134 -0.8698 0.4933
vn 0.9899 0.1342 0.0457
vn -0.0566 -0.8882 0.4560
vn 0.0711 0.8721 -0.4842
vn 0.0243 0.8645 -0.5021
vn 0.1457 0.8619 -0.4856
vn 0.0773 -0.8234 0.5621
vn -0.7398 -0.5757 0.3481
vn -0.0620 -0.8695 0.4900
vn 0.0483 -0.8715 0.4880
vn 0.0494 -0.8871 0.4590
vn 0.0042 -0.7445 0.6676
vn -0.0168 0.3441 0.9388
vn 0.0037 0.9131 -0.4077
vn 0.0006 -0.3498 0.9368
vn -0.0694 0.8745 0.4800
vn 0.9111 -0.3538 -0.2115
vn -0.1549 0.8565 0.4923
vn -0.1033 -0.8966 -0.4307
vn 0.0560 -0.5668 0.8219
vn -0.0851 -0.8343 -0.5447
vn 0.4332 -0.8003 -0.4145
vn -0.1045 0.8754 0.4719
vn -0.0741 -0.8657 -0.4951
vn -0.9951 0.0980 0.0094
vn -0.0174 -0.8804 -0.4739
vn -0.1171 0.8715 0.4762
vn -0.2247 0.8655 0.4477
vn -0.0652 0.8756 0.4787
vn 0.8490 -0.4642 -0.2525
vn -0.0957 0.8796 0.4659
vn -0.0855 0.8725 0.4810
vn -0.0291 -0.8791 -0.4757
vn -0.0697 -0.8851 -0.4602
vn -0.0793 0.8703 0.4861
vn -0.0240 -0.8769 -0.4801
vn -0.0361 -0.8803 -0.4730
vn -0.0802 -0.8745 -0.4783
vn -0.9895 -0.1353 -0.0514
vn 0.0029 0.8760 0.4822
vn -0.0811 0.8690 0.4881
vn -0.0945 0.8722 0.4799
vn 0.1340 -0.8807 -0.4544
vn -0.1743 -0.8322 -0.5264
vn 0.1343 -0.8800 -0.4556
vn 0.8581 -0.4485 -0.2501
vn -0.9930 0.1024 0.0594
vn -0.0722 0.8760 0.4769
vn 0.9236 -0.3337 -0.1885
vn -0.1350 0.8614 0.4896
vn -0.1172 -0.8929 -0.4347
vn 0.0850 -0.7019 0.7072
vn -0.0998 -0.8353 -0.5407
vn -0.0819 -0.8664 -0.4926
vn -0.2121 0.8523 0.4781
vn 0.0616 -0.8768 -0.4770
vn -0.0221 -0.8819 -0.4708
vn 0.7541 -0.5795 -0.3090
vn 0.3748 -0.8228 -0.4272
vn 0.8778 -0.4179 -0.2343
vn -0.1851 -0.8561 -0.4825
vn 0.7401 -0.5921 -0.3188
vn -0.1118 -0.8722 -0.4762
vn -0.1112 0.8728 0.4753
vn 0.9140 -0.3501 -0.2051
vn 0.2215 -0.8543 -0.4701
vn 0.8618 -0.4536 -0.2269
vn 0.1836 -0.8645 -0.4679
vn -0.1828 0.8581 0.4798
vn -0.1233 0.8625 0.4908
vn -0.1224 -0.8880 -0.4433
vn 0.0159 -0.6349 0.7725
vn -0.1107 -0.8383 -0.5339
vn -0.0397 -0.8846 -0.4647
vn -0.0653 0.8681 0.4921
vn -0.1058 -0.8646 -0.4912
vn -0.0699 -0.8727 -0.4832
vn -0.1113 -0.8709 -0.4786
vn -0.9953 -0.0762 -0.0602
vn -0.9926 -0.1068 -0.0578
vn -0.9873 0.1399 -0.0752
vn -0.0462 0.8813 0.4703
vn 0.0113 -0.8797 -0.4753
vn 0.0115 -0.8793 -0.4761
vn 0.7836 -0.5384 -0.3099
vn 0.8797 -0.4067 -0.2463
vn 0.1087 0.8624 0.4944
vn -0.9818 -0.1827 -0.0518
vn 0.3263 -0.8171 -0.4753
vn 0.9941 -0.0981 -0.0462
vn -0.9680 -0.2244 -0.1123
vn 0.0142 0.8694 0.4938
vn 0.0719 -0.8744 -0.4799
vn -0.0693 0.8610 0.5038
vn -0.0773 0.8655 0.4950
vn -0.0340 -0.8811 -0.4718
vn -0.0101 0.8719 0.4896
vn -0.0758 -0.8734 -0.4811
vn 0.0762 0.8720 0.4836
vn -0.0112 0.8704 0.4922
vn -0.1638 -0.8615 -0.4807
vn 0.1183 -0.8679 -0.4825
vn 0.0548 0.8707 0.4888
vn 0.0516 -0.8748 -0.4816
vn -0.0061 -0.7130 -0.7011
vn 0.0155 0.8611 0.5082
vn 0.0302 0.9021 0.4306
vn -0.0317 -0.8985 -0.4379
vn -0.4221 -0.8176 -0.3917
vn 0.1615 0.8874 0.4319
vn 0.0007 -0.8073 -0.5902
vn 0.0024 0.8968 0.4424
vn -0.0179 -0.9004 0.4346
vn 0.0544 -0.9975 0.0451
vn -0.0003 -0.9305 -0.3663
vn 0.0202 -0.9480 -0.3176
vn -0.0020 0.9042 -0.4272
vn 0.0179 -0.1310 0.9912
vn 0.0156 -0.2554 0.9667
usemtl pattern_logwood.003
s 1
f 3697/5987/3472 3698/5988/3472 3699/5989/3472
f 3700/5990/3473 3699/5989/3473 3698/5988/3473
f 3702/5991/3474 3704/5992/3474 3703/5993/3474
f 3703/5994/3475 3701/5995/3475 3702/5996/3475
f 3708/5997/3476 3706/5998/3476 3707/5999/3476
f 3705/6000/3477 3707/6001/3477 3706/6002/3477
f 3710/6003/3478 3711/6004/3479 3709/6005/3480
f 3714/6006/3481 3717/6007/3481 3716/6008/3481
f 3715/6009/3482 3716/6010/3482 3717/6011/3482
f 3722/6012/3483 3748/6013/3484 3749/6014/3485
f 3748/6013/3486 3722/6015/3486 3750/6016/3486
f 3730/6017/3487 3729/6018/3488 3731/6019/3489
f 3754/6020/3490 3727/6021/3491 3756/6022/3492
f 3735/6023/3493 3734/6024/3494 3736/6025/3495
f 3859/6026/3496 3741/6027/3496 3742/6028/3496
f 3757/6029/3497 3786/6030/3497 3784/6031/3497
f 3768/6032/3498 3775/6033/3498 3776/6034/3498
f 3817/6035/3499 3816/6036/3500 3849/6037/3501
f 3764/6038/3502 3778/6039/3502 3780/6040/3502
f 3808/6041/3503 3793/6042/3504 3807/6043/3505
f 3798/6044/3506 3797/6045/3507 3799/6046/3508
f 3809/6047/3509 3796/6048/3510 3811/6049/3511
f 3812/6050/3512 3814/6051/3513 3813/6052/3514
f 3790/6053/3515 3817/6054/3516 3849/6055/3517
f 3840/6056/3518 3820/6057/3519 3839/6058/3520
f 3844/6059/3521 3825/6060/3522 3846/6061/3523
f 3828/6062/3524 3827/6063/3525 3829/6064/3526
f 3830/6065/3527 3831/6066/3527 3832/6067/3527
f 3830/6068/3528 3833/6069/3528 3831/6066/3528
f 3823/6070/3529 3852/6071/3530 3822/6072/3531
f 3851/6073/3532 3823/6070/3529 3842/6074/3533
f 3864/6075/3534 3862/6076/3534 3863/6077/3534
f 3863/6077/3535 3865/6078/3535 3864/6075/3535
f 3878/6079/3536 3880/6080/3536 3879/6081/3536
f 3881/6082/3537 3879/6081/3537 3880/6080/3537
f 3892/6083/3538 3891/6084/3538 3890/6085/3538
f 3890/6086/3539 3893/6087/3539 3892/6088/3539
f 3898/6089/3540 3895/6090/3540 3897/6091/3540
f 3897/6092/3541 3896/6093/3541 3898/6094/3541
f 3902/6095/3542 3982/6096/3543 3901/6097/3544
f 3900/6098/3545 3921/6099/3546 3923/6100/3547
f 3908/6101/3548 3911/6102/3548 3910/6103/3548
f 3925/6104/3549 3926/6105/3550 3927/6106/3551
f 3953/6107/3552 3924/6108/3552 3951/6109/3552
f 3928/6110/3553 3929/6111/3554 3930/6112/3555
f 3950/6113/3556 3934/6114/3556 3948/6115/3556
f 3942/6116/3557 3935/6117/3557 3943/6118/3557
f 3941/6119/3558 3938/6120/3558 3939/6121/3558
f 3924/6108/3559 3952/6122/3559 3951/6109/3559
f 3963/6123/3560 3976/6124/3561 3978/6125/3562
f 3980/6126/3563 3957/6127/3564 4007/6128/3565
f 3959/6129/3566 3981/6130/3567 3958/6131/3568
f 3697/5987/3569 3699/6132/3569 3700/6133/3569 3698/5988/3569
f 4004/6134/3570 3987/6135/3570 4002/6136/3570
f 4010/6137/3571 3985/6138/3572 3984/6139/3573
f 4001/6140/3574 3985/6141/3574 4000/6142/3574
f 4014/6143/3575 4012/6144/3575 4016/6145/3575
f 4020/6146/3576 4022/6147/3576 4021/6148/3576
f 4023/6149/3577 4021/6148/3577 4022/6147/3577
f 4027/6150/3578 4030/6151/3578 4029/6152/3578
f 4029/6152/3579 4028/6153/3579 4027/6150/3579
f 4035/6154/3580 4032/6155/3580 4033/6156/3580
f 4038/6157/3581 4036/6158/3581 4037/6159/3581
f 4037/6159/3582 4039/6160/3582 4038/6157/3582
f 4046/6161/3583 4043/6162/3583 4044/6163/3583
f 4051/6164/3584 4048/6165/3584 4049/6166/3584
f 4054/6167/3585 4055/6168/3585 4053/6169/3585
f 4065/6170/3586 4063/6171/3586 4064/6172/3586
f 4064/6172/3587 4066/6173/3587 4065/6170/3587
f 4069/6174/3588 4067/6175/3588 4068/6176/3588
f 4068/6176/3589 4070/6177/3589 4069/6174/3589
f 4074/6178/3590 4073/6179/3591 4071/6180/3592
f 4071/6181/3593 4075/6182/3593 4074/6183/3593
f 4076/6184/3594 4077/6185/3595 4078/6186/3596
f 4080/6187/3597 4077/6188/3595 4076/6189/3594
f 3694/6190/3598 3695/6191/3598 3696/6192/3598
f 3704/6193/3599 3702/6194/3599 3701/6195/3599 3703/6196/3599
f 3708/6197/3600 3707/6198/3600 3705/6199/3600 3706/6200/3600
f 3711/6201/3479 3710/6202/3478 3713/6203/3601 3712/6204/3602
f 3709/6205/3603 3712/6206/3603 3713/6207/3603 3710/6208/3603
f 3712/6209/3602 3709/6210/3604 3711/6211/3479
f 3715/6009/3605 3717/6212/3605 3714/6213/3605 3716/6010/3605
f 3718/6214/3606 3814/6051/3513 3812/6050/3512 3719/6215/3606
f 3812/6216/3607 3815/6217/3608 3719/6218/3609
f 3725/6219/3610 3723/6220/3610 3753/6221/3610 3752/6222/3610
f 3815/6223/3611 3720/6224/3612 3813/6225/3613
f 3726/6226/3614 3755/6227/3614 3756/6228/3614 3727/6229/3614
f 3723/6230/3615 3725/6231/3616 3724/6232/3617
f 3730/6233/3618 3731/6234/3618 3747/6235/3618 3745/6236/3618
f 3731/6237/3619 3729/6238/3619 3746/6239/3619 3747/6240/3619
f 3724/6241/3620 3725/6242/3620 3752/6243/3620 3751/6244/3620
f 3814/6245/3621 3718/6246/3622 3719/6247/3622 3815/6223/3623
f 3735/6248/3624 3736/6249/3624 3739/6250/3624 3737/6251/3624
f 3736/6252/3625 3734/6253/3625 3738/6254/3625 3739/6255/3625
f 3738/6256/3626 3734/6257/3494 3735/6258/3493 3737/6259/3626
f 3746/6260/3627 3729/6261/3488 3730/6233/3487 3745/6236/3627
f 3753/6262/3628 3723/6263/3615 3724/6241/3617 3751/6244/3628
f 3749/6014/3485 3750/6264/3629 3722/6012/3483
f 3754/6265/3490 3755/6266/3630 3726/6267/3630 3727/6268/3491
f 3760/6269/3631 3758/6270/3631 3789/6271/3631 3788/6272/3631
f 3763/6273/3632 3761/6274/3632 3817/6054/3633 3790/6053/3634
f 3758/6275/3635 3760/6276/3636 3759/6277/3637
f 3761/6278/3638 3763/6279/3639 3762/6280/3640
f 3783/6281/3641 3781/6282/3641 3767/6283/3641
f 3766/6284/3642 3782/6285/3642 3783/6286/3642 3767/6287/3642
f 3759/6288/3643 3760/6289/3643 3788/6290/3643 3787/6291/3643
f 3769/6292/3644 3777/6293/3644 3775/6033/3644 3768/6032/3644
f 3770/6294/3645 3773/6295/3645 3774/6296/3645 3771/6297/3645
f 3774/6298/3646 3772/6299/3646 3771/6300/3646
f 3770/6301/3647 3771/6302/3647 3772/6303/3647 3773/6304/3647
f 3777/6305/3648 3769/6306/3648 3768/6032/3648 3776/6034/3648
f 3765/6307/3649 3779/6308/3649 3778/6309/3649 3764/6310/3649
f 3780/6040/3650 3779/6311/3650 3765/6312/3650 3764/6038/3650
f 3782/6313/3651 3766/6314/3651 3767/6283/3651 3781/6282/3651
f 3789/6315/3652 3758/6316/3635 3759/6288/3637 3787/6291/3652
f 3757/6029/3653 3785/6317/3653 3786/6318/3653
f 3757/6029/3654 3784/6031/3654 3785/6317/3654
f 3794/6319/3655 3793/6320/3504 3808/6321/3503 3806/6322/3655
f 3792/6323/3656 3791/6324/3657 3818/6325/3658
f 3795/6326/3659 3810/6327/3659 3811/6328/3659 3796/6329/3659
f 3798/6330/3660 3799/6331/3660 3802/6332/3660 3800/6333/3660
f 3799/6334/3661 3797/6335/3661 3801/6336/3661 3802/6337/3661
f 3801/6338/3662 3797/6339/3507 3798/6330/3506 3800/6333/3662
f 3805/6340/3663 3803/6341/3663 3791/6342/3657 3792/6343/3656
f 3807/6344/3664 3793/6345/3664 3794/6346/3664 3806/6347/3664
f 3809/6348/3509 3810/6349/3665 3795/6350/3665 3796/6351/3510
f 3815/6217/3608 3812/6216/3607 3721/6352/3666 3720/6353/3666
f 3721/6354/3667 3812/6050/3512 3813/6052/3514
f 3815/6223/3623 3813/6225/3668 3814/6245/3621
f 3762/6355/3669 3763/6356/3669 3790/6357/3669 3816/6358/3669
f 3733/6359/3670 3732/6360/3671 3860/6361/3672
f 3791/6342/3657 3803/6341/3673 3804/6362/3673 3818/6363/3658
f 3805/6364/3674 3792/6365/3674 3818/6363/3674 3804/6362/3674
f 3744/6366/3675 3728/6367/3675 3819/6368/3675 3848/6369/3675
f 3743/6370/3676 3848/6369/3676 3819/6368/3676
f 3728/6371/3677 3744/6372/3677 3743/6373/3677 3819/6374/3677
f 3852/6071/3530 3823/6070/3529 3851/6073/3532 3843/6375/3678
f 3821/6376/3679 3841/6377/3679 3839/6058/3679 3820/6057/3679
f 3828/6378/3680 3829/6379/3680 3838/6380/3680 3836/6381/3680
f 3829/6382/3681 3827/6383/3681 3837/6384/3681 3838/6385/3681
f 3844/6386/3521 3845/6387/3682 3824/6388/3682 3825/6389/3522
f 3826/6390/3683 3835/6391/3683 3834/6392/3683 3847/6393/3683
f 3830/6065/3684 3832/6067/3684 3833/6394/3684
f 3837/6395/3685 3827/6396/3525 3828/6378/3524 3836/6381/3685
f 3821/6397/3686 3820/6057/3519 3840/6056/3518 3841/6398/3686
f 3826/6399/3687 3847/6400/3687 3850/6401/3687 3835/6402/3687
f 3824/6403/3688 3845/6404/3688 3846/6405/3688 3825/6406/3688
f 3817/6035/3499 3761/6407/3638 3762/6408/3640 3816/6036/3500
f 3834/6409/3689 3850/6401/3689 3847/6400/3689
f 3823/6410/3690 3822/6411/3690 3843/6412/3690 3842/6413/3690
f 3853/6414/3691 3856/6415/3691 3857/6416/3691 3854/6417/3691
f 3843/6418/3692 3822/6419/3531 3852/6420/3530
f 3857/6421/3693 3855/6422/3693 3854/6423/3693
f 3856/6424/3694 3853/6425/3694 3854/6426/3694 3855/6427/3694
f 3742/6428/3695 3740/6429/3695 3858/6430/3695 3859/6431/3695
f 3861/6432/3696 3860/6361/3696 3732/6360/3696 3733/6433/3696
f 3741/6027/3697 3859/6026/3697 3858/6430/3697 3740/6429/3697
f 3865/6434/3698 3863/6435/3698 3862/6076/3698 3864/6075/3698
f 3733/6359/3670 3860/6361/3672 3861/6436/3699
f 3870/6437/3700 3869/6438/3700 3872/6439/3700 3871/6440/3700
f 3866/6441/3701 3867/6442/3701 3868/6443/3701
f 3869/6438/3702 3871/6444/3702 3872/6439/3702
f 3876/6445/3703 3873/6446/3703 3875/6447/3703 3877/6448/3703
f 3871/6444/3704 3869/6438/3704 3870/6449/3704
f 3877/6450/3705 3875/6451/3705 3874/6452/3705
f 3874/6452/3706 3873/6446/3706 3876/6445/3706 3877/6450/3706
f 3881/6453/3707 3880/6080/3707 3878/6079/3707 3879/6454/3707
f 3889/6455/3708 3888/6456/3708 3885/6457/3708 3887/6458/3708
f 3882/6459/3709 3883/6460/3709 3884/6461/3709
f 3886/6462/3710 3885/6457/3711 3888/6456/3712
f 3886/6462/3710 3888/6456/3712 3889/6463/3713 3887/6464/3714
f 3892/6465/3715 3893/6466/3715 3894/6467/3715 3891/6468/3715
f 3887/6469/3714 3885/6470/3716 3886/6471/3710
f 3894/6472/3717 3893/6473/3717 3890/6474/3717 3891/6475/3717
f 3896/6093/3718 3897/6092/3718 3895/6476/3718 3898/6477/3718
f 3923/6478/3719 3922/6479/3719 3899/6480/3719 3900/6481/3719
f 3904/6482/3720 3918/6483/3720 3920/6484/3720 3905/6485/3720
f 3905/6486/3721 3920/6487/3721 3919/6488/3721 3903/6489/3721
f 3904/6490/3722 3905/6491/3723 3903/6492/3724
f 3910/6493/3725 3912/6494/3725 3909/6495/3725 3908/6496/3725
f 3909/6497/3726 3912/6498/3726 3911/6499/3726 3908/6500/3726
f 3919/6501/3727 3918/6483/3727 3904/6482/3722 3903/6502/3724
f 4018/6503/3728 3915/6504/3728 3914/6505/3728
f 3921/6506/3546 3900/6507/3545 3899/6508/3729 3922/6509/3729
f 3927/6510/3730 3955/6511/3730 3956/6512/3730 3925/6513/3730
f 3930/6514/3731 3957/6127/3564 3980/6126/3563 3928/6515/3731
f 3950/6516/3732 3949/6517/3732 3933/6518/3732 3934/6519/3732
f 3926/6520/3733 3954/6521/3733 3955/6522/3733 3927/6523/3733
f 3936/6524/3734 3935/6117/3734 3942/6116/3734 3944/6525/3734
f 3941/6526/3735 3940/6527/3735 3937/6528/3735 3938/6529/3735
f 3939/6530/3736 3938/6531/3736 3937/6532/3736 3940/6533/3736
f 3944/6534/3737 3943/6118/3737 3935/6117/3737 3936/6535/3737
f 3945/6536/3738 3946/6537/3738 3932/6538/3738 3931/6539/3738
f 3947/6540/3739 3931/6541/3739 3932/6542/3739 3946/6543/3739
f 3949/6544/3740 3948/6115/3740 3934/6114/3740 3933/6545/3740
f 3926/6520/3550 3925/6546/3549 3956/6547/3741 3954/6521/3741
f 3953/6548/3742 3952/6122/3742 3924/6108/3742
f 3961/6549/3743 3973/6550/3743 3975/6551/3744 3960/6552/3745
f 3980/6553/3746 4007/6554/3747 3979/6555/3748
f 3931/6541/3749 3947/6540/3749 3945/6556/3749
f 3975/6557/3744 3974/6558/3750 3960/6559/3745
f 3978/6560/3751 3977/6561/3751 3962/6562/3751 3963/6563/3751
f 3965/6564/3752 3967/6565/3752 3969/6566/3752 3966/6567/3752
f 3966/6568/3753 3969/6569/3753 3968/6570/3753 3964/6571/3753
f 3965/6572/3754 3966/6573/3755 3964/6574/3756
f 3968/6575/3757 3967/6565/3757 3965/6564/3754 3964/6576/3756
f 3958/6131/3758 3970/6577/3758 3972/6578/3758 3959/6579/3758
f 3961/6580/3759 3960/6581/3759 3974/6582/3759 3973/6583/3759
f 3976/6584/3561 3963/6585/3560 3962/6586/3760 3977/6587/3760
f 3929/6588/3761 3979/6589/3761 3957/6590/3761 3930/6591/3761
f 4019/6592/3762 3906/6593/3762 3907/6594/3762
f 3958/6131/3568 3981/6130/3567 3971/6595/3763 3970/6577/3763
f 3972/6596/3764 3971/6595/3764 3981/6130/3567 3959/6129/3566
f 4006/6597/3765 3916/6598/3765 3901/6599/3765 3982/6600/3765
f 3917/6601/3766 4006/6597/3766 3982/6600/3766 3902/6602/3766
f 3901/6603/3544 3916/6604/3767 3917/6605/3767 3902/6606/3542
f 3990/6607/3768 3994/6608/3768 3996/6609/3768 3991/6610/3768
f 3998/6611/3769 3997/6612/3770 3983/6613/3771
f 3997/6612/3772 3999/6614/3772 3983/6615/3772
f 3991/6616/3773 3996/6617/3773 3995/6618/3773 3989/6619/3773
f 3990/6620/3774 3991/6621/3775 3989/6622/3776
f 4002/6623/3777 3987/6624/3777 3986/6625/3777 4003/6626/3777
f 3988/6627/3778 4005/6628/3778 3992/6629/3778 3993/6630/3778
f 3995/6631/3779 3994/6608/3779 3990/6607/3774 3989/6632/3776
f 4008/6633/3780 4005/6634/3780 3988/6635/3780 3993/6636/3780
f 3983/6613/3771 3999/6637/3781 3998/6611/3769
f 4011/6638/3782 4010/6639/3783 3984/6640/3784
f 4004/6641/3785 4003/6642/3785 3986/6643/3785 3987/6644/3785
f 3980/6553/3786 3979/6555/3787 3929/6645/3554 3928/6646/3553
f 4005/6634/3788 4008/6633/3788 3992/6647/3788
f 4010/6648/3571 4009/6649/3789 4000/6650/3789 3985/6651/3572
f 4011/6652/3790 3984/6653/3790 3985/6141/3790
f 4010/6639/3783 4011/6638/3782 4001/6654/3791 4009/6655/3791
f 4001/6140/3792 4011/6652/3792 3985/6141/3792
f 4013/6656/3793 4015/6657/3793 4016/6658/3793 4012/6659/3793
f 4014/6660/3794 4015/6661/3794 4013/6662/3794 4012/6663/3794
f 4017/6664/3795 3913/6665/3795 3915/6666/3795 4018/6667/3795
f 3914/6505/3796 3913/6668/3796 4017/6669/3796 4018/6503/3796
f 4023/6670/3797 4022/6671/3797 4020/6672/3797 4021/6673/3797
f 4030/6151/3798 4027/6150/3798 4028/6674/3798 4029/6675/3798
f 4025/6676/3799 4026/6677/3799 4024/6678/3799
f 4033/6679/3800 4031/6680/3800 4034/6681/3800 4035/6682/3800
f 4032/6155/3801 4035/6154/3801 4034/6681/3801 4031/6680/3801
f 4039/6683/3802 4037/6684/3802 4036/6158/3802 4038/6157/3802
f 4047/6685/3803 4045/6686/3803 4043/6162/3803 4046/6161/3803
f 4040/6687/3804 4041/6688/3804 4042/6689/3804
f 4047/6690/3805 4046/6161/3805 4044/6163/3805 4045/6691/3805
f 4052/6692/3806 4050/6693/3806 4048/6165/3806 4051/6164/3806
f 4052/6694/3807 4051/6164/3807 4049/6166/3807 4050/6695/3807
f 4056/6696/3808 4055/6168/3808 4054/6167/3808 4053/6697/3808
f 4053/6169/3809 4055/6168/3809 4056/6698/3809
f 4066/6699/3810 4064/6700/3810 4063/6171/3810 4065/6170/3810
f 4058/6701/3811 4059/6702/3811 4057/6703/3811
f 4061/6704/3812 4062/6705/3812 4060/6706/3812
f 4070/6707/3813 4068/6708/3813 4067/6175/3813 4069/6174/3813
f 4072/6709/3814 4075/6710/3814 4071/6711/3814 4073/6712/3814
f 4074/6713/3590 4075/6714/3815 4072/6709/3815 4073/6712/3591
f 4081/6715/3816 4078/6716/3817 4077/6717/3818 4080/6718/3819
f 4079/6719/3820 4080/6187/3597 4076/6189/3594
f 4081/6715/3816 4079/6719/3821 4076/6189/3822
f 4081/6715/3816 4076/6189/3822 4078/6716/3817
f 4080/6720/3819 4079/6721/3821 4081/6722/3816
