# Blender v2.79 (sub 0) OBJ File: '-z_hut_002.blend'
# www.blender.org
mtllib -LOD0_z_hut_002.mtl
o Cube.009_Cube.010
v 0.051169 4.106299 -8.677713
v 0.157697 4.105822 -8.656771
v 0.197957 4.106997 -8.599554
v 0.196964 4.112022 -8.521393
v 0.197957 4.118354 -8.443232
v 0.157430 4.122261 -8.386013
v 0.052019 4.123732 -8.365070
v -0.061224 4.122891 -8.386013
v -0.120470 4.119625 -8.443232
v -0.134244 4.114169 -8.521393
v -0.120470 4.108247 -8.599554
v -0.061225 4.106284 -8.656771
v -0.083141 4.129560 -6.928647
v 0.100262 4.129195 -6.895855
v 0.100262 4.113390 -6.398017
v -0.083140 4.113390 -6.398017
v 0.207662 3.932415 -6.008214
v 0.134549 3.925443 -5.978266
v 0.360578 3.950030 -5.977258
v 0.293212 3.930847 -6.007895
v 0.105444 3.942443 -5.686554
v 0.172097 3.940525 -5.656043
v 0.257122 3.923391 -5.655817
v 0.330503 3.938319 -5.685717
v 0.109621 4.129195 -7.398445
v 0.109621 4.129195 -7.143940
v -0.088079 4.136650 -7.232131
v 0.131525 4.156937 -7.242195
v 0.144364 4.122975 -8.223104
v 0.143638 4.122975 -8.064402
v 0.192752 4.122975 -8.108121
v -0.080529 4.129531 -9.176958
v -0.121624 4.131724 -9.117418
v -0.121624 4.132186 -8.892870
v -0.080529 4.133912 -8.821753
v 0.083309 4.134903 -8.822533
v 0.127942 4.133708 -8.892857
v 0.135298 4.132370 -9.118143
v 0.086627 4.129326 -9.176958
v 0.051170 4.248725 -4.994654
v 0.157698 4.248216 -4.973711
v 0.197958 4.249471 -4.916493
v 0.196966 4.254830 -4.838332
v 0.197958 4.261586 -4.760171
v 0.157431 4.265754 -4.702954
v 0.052021 4.267323 -4.682011
v -0.061223 4.266426 -4.702954
v -0.120468 4.262941 -4.760171
v -0.134243 4.257121 -4.838332
v -0.120468 4.250803 -4.916493
v -0.061223 4.248709 -4.973711
v -0.083139 3.994599 -3.245588
v 0.100263 3.994256 -3.212795
v 0.100264 4.113391 -2.714957
v -0.083139 4.113391 -2.714957
v -0.034245 4.129195 -2.321368
v -0.104053 4.120799 -2.291104
v 0.121178 4.152480 -2.291104
v 0.051370 4.129195 -2.321368
v -0.104053 4.146370 -1.999418
v -0.034245 4.146370 -1.969155
v 0.051370 4.129195 -1.969155
v 0.121178 4.146370 -1.999418
v 0.085479 4.124242 -3.763275
v 0.078499 4.130258 -3.615141
v -0.116856 4.135328 -3.667706
v 0.102736 4.155687 -3.673360
v 0.144366 4.122975 -4.540044
v 0.143640 4.122975 -4.381341
v 0.192754 4.122975 -4.425061
v -0.080528 3.994571 -5.493898
v -0.121623 3.996627 -5.434358
v -0.121623 3.997060 -5.209810
v -0.080528 3.998677 -5.138693
v 0.083310 3.999607 -5.139473
v 0.127943 3.998486 -5.209796
v 0.135300 3.997231 -5.435083
v 0.086629 3.994378 -5.493898
v 0.051171 4.092816 -1.311594
v 0.157699 4.092340 -1.290651
v 0.197959 4.093513 -1.233433
v 0.196968 4.098525 -1.155272
v 0.197959 4.104842 -1.077112
v 0.157433 4.108738 -1.019895
v 0.052022 4.110206 -0.998951
v -0.061222 4.109367 -1.019894
v -0.120467 4.106109 -1.077112
v -0.134241 4.100667 -1.155272
v -0.120467 4.094759 -1.233433
v -0.061222 4.092801 -1.290651
v -0.083138 4.288023 0.437473
v 0.100265 4.287632 0.470264
v 0.100265 4.113391 0.968103
v -0.083138 4.113391 0.968103
v -0.034244 4.129195 1.361694
v -0.104052 4.120799 1.391956
v 0.121179 4.152480 1.391956
v 0.051371 4.129195 1.361694
v -0.104052 4.146370 1.683642
v -0.034244 4.146370 1.713906
v 0.051372 4.129195 1.713906
v 0.121180 4.146370 1.683642
v 0.109624 4.129195 -0.032325
v 0.109624 4.129195 0.222178
v -0.088076 4.136651 0.133988
v 0.131528 4.156938 0.123925
v 0.259375 4.123072 -0.685216
v 0.272543 4.110509 -0.527070
v 0.317807 4.114190 -0.571053
v -0.080527 4.129532 -1.810839
v -0.121622 4.131725 -1.751298
v -0.121621 4.132187 -1.526750
v -0.080526 4.133912 -1.455633
v 0.083312 4.134903 -1.456412
v 0.127944 4.133708 -1.526737
v 0.135301 4.132370 -1.752023
v 0.086630 4.129326 -1.810839
v 0.051173 3.960156 2.371466
v 0.157700 3.959710 2.392409
v 0.197961 3.960810 2.449627
v 0.196969 3.965507 2.527788
v 0.197961 3.971429 2.605948
v 0.157434 3.975081 2.663166
v 0.052023 3.976456 2.684109
v -0.061220 3.975670 2.663166
v -0.120466 3.972616 2.605948
v -0.134240 3.967515 2.527788
v -0.120466 3.961977 2.449627
v -0.061220 3.960142 2.392409
v -0.083136 4.129561 4.120531
v 0.100266 4.129196 4.153323
v 0.100266 4.270730 4.651161
v -0.083136 4.270730 4.651161
v -0.034242 4.129196 5.044752
v -0.104050 4.120799 5.075016
v 0.121181 4.152480 5.075016
v 0.051373 4.129196 5.044752
v -0.104050 4.146371 5.366701
v -0.034242 4.146371 5.396963
v 0.051373 4.129196 5.396963
v 0.121181 4.146371 5.366701
v 0.109626 4.179228 3.650736
v 0.109626 4.179228 3.905238
v -0.088075 4.186856 3.817049
v 0.131529 4.207612 3.806986
v 0.144368 4.122976 2.826076
v 0.143643 4.122976 2.984778
v 0.192757 4.122976 2.941057
v -0.080525 4.129532 1.872221
v -0.121620 4.131725 1.931761
v -0.121620 4.132187 2.156310
v -0.080525 4.133912 2.227426
v 0.083313 4.134903 2.226647
v 0.127946 4.133708 2.156323
v 0.135303 4.132370 1.931037
v 0.086632 4.129326 1.872221
v 0.218704 4.096683 6.124126
v 0.325232 4.095529 6.145043
v 0.365492 4.094846 6.202269
v 0.364501 4.097320 6.280552
v 0.365492 4.101099 6.358878
v 0.324966 4.103139 6.416194
v 0.219555 4.103927 6.437170
v 0.106312 4.103767 6.416211
v 0.047066 4.102365 6.358919
v 0.033292 4.099461 6.280622
v 0.047066 4.096091 6.202312
v 0.106311 4.095989 6.145057
v -0.333468 4.285326 7.803593
v -0.150146 4.287217 7.836388
v -0.075233 4.110112 8.294783
v -0.258614 4.109238 8.294975
v -0.034241 4.129196 8.727814
v -0.104049 4.120799 8.758076
v 0.121182 4.152480 8.758076
v 0.051374 4.129196 8.727814
v -0.104049 4.146371 9.049763
v -0.034241 4.146371 9.080027
v 0.051374 4.129196 9.080027
v 0.121182 4.146371 9.049763
v 0.109627 4.129196 7.333795
v 0.109627 4.129196 7.588299
v -0.088073 4.136651 7.500108
v 0.131531 4.156938 7.490046
v 0.144370 4.122976 6.509136
v 0.143644 4.122976 6.667839
v 0.192758 4.122976 6.624118
v -0.080524 3.994572 5.555281
v -0.121619 3.996628 5.614821
v -0.121619 3.997061 5.839370
v -0.080524 3.998678 5.910485
v 0.083314 3.999607 5.909705
v 0.127948 3.998487 5.839381
v 0.135304 3.997232 5.614096
v 0.086633 3.994379 5.555281
v 0.003902 4.719804 5.721654
v 0.008567 4.858754 8.903917
v 0.216374 4.818756 6.277957
v 0.003901 4.855943 2.038593
v 0.008565 4.845119 5.220857
v 0.048842 4.685989 2.524744
v 0.003900 4.855943 -1.644464
v 0.008564 4.610610 1.537800
v 0.048841 4.509863 -1.158317
v 0.003898 4.719804 -5.327525
v 0.008563 4.845119 -2.145261
v 0.048839 4.977130 -4.841378
v 0.003897 4.750643 -9.010586
v 0.243861 4.640785 -5.780901
v 0.008561 4.394220 -6.862092
v 0.048838 4.453333 -8.524437
v 0.215078 3.674171 -6.059655
v 0.207127 3.688251 -5.969509
v 0.211935 1.621641 -6.059440
v 0.209817 1.607396 -6.023155
v 0.194289 3.674172 -6.103069
v 0.192195 3.683117 -6.096076
v 0.192871 1.621071 -6.102591
v 0.188861 1.605131 -6.092649
v 0.122890 3.674172 -6.103069
v 0.141786 3.694439 -6.090960
v 0.122890 1.621544 -6.103068
v 0.141711 1.609674 -6.082593
v 0.105336 3.674172 -6.059431
v 0.108903 3.683117 -6.055237
v 0.105336 1.622367 -6.059431
v 0.110843 1.613855 -6.053061
v 0.105337 3.674172 -5.921649
v 0.111219 3.677235 -5.957739
v 0.105336 1.622588 -5.921648
v 0.110581 1.612531 -5.957621
v 0.122890 3.674172 -5.885114
v 0.124984 3.683117 -5.892056
v 0.122890 1.623634 -5.885115
v 0.126018 1.614206 -5.895836
v 0.175361 3.688558 -5.892604
v 0.175402 1.614235 -5.894005
v 0.239618 1.626763 -6.876143
v 0.218640 1.626763 -6.902969
v 0.211102 1.603787 -6.873996
v 0.218950 1.626763 -6.805589
v 0.214024 3.701498 -6.854687
v 0.218640 3.688170 -6.902969
v 0.239618 3.688170 -6.876143
v 0.218950 3.688170 -6.805590
v 0.155369 1.604068 -6.835306
v 0.144324 3.701323 -6.855687
v 0.128425 3.943323 -8.971249
v 0.209838 1.610127 -5.927471
v 0.215077 1.622280 -5.921204
v 0.212951 3.674171 -5.921468
v 0.194288 1.623732 -5.885115
v 0.193430 3.674172 -5.885693
v 0.158589 1.606552 -5.957810
v 0.276223 2.982692 -9.310556
v 0.247892 2.901537 -9.326902
v 0.151340 2.955305 -9.307991
v 0.240632 2.967029 -5.712803
v 0.240632 2.901424 -5.737013
v 0.091556 2.901424 -5.712803
v 0.219549 3.827909 -5.806384
v 0.258755 3.785150 -5.806384
v 0.211319 3.634178 -5.806384
v 0.154749 3.621677 -5.806384
v 0.099453 3.639147 -5.806384
v 0.060247 3.681907 -5.806384
v 0.064999 3.793757 -5.806384
v 0.107683 3.832879 -5.806384
v 0.164253 3.845379 -5.806384
v 0.215079 3.674172 -2.382050
v 0.207129 3.688252 -2.291904
v 0.211937 1.621642 -2.381835
v 0.209819 1.607396 -2.345551
v 0.194290 3.674172 -2.425464
v 0.192196 3.683117 -2.418471
v 0.192872 1.621071 -2.424986
v 0.188862 1.605131 -2.415046
v 0.122891 3.674172 -2.425464
v 0.141788 3.694439 -2.413355
v 0.122891 1.621544 -2.425465
v 0.141712 1.609674 -2.404989
v 0.105338 3.674172 -2.381827
v 0.108904 3.683117 -2.377633
v 0.105338 1.622367 -2.381827
v 0.110844 1.613856 -2.375457
v 0.105338 3.674172 -2.244044
v 0.111221 3.677235 -2.280134
v 0.105338 1.622588 -2.244044
v 0.110582 1.612531 -2.280018
v 0.122892 3.674172 -2.207510
v 0.124985 3.683117 -2.214451
v 0.122891 1.623634 -2.207510
v 0.126020 1.614207 -2.218232
v 0.175362 3.688558 -2.214999
v 0.175404 1.614235 -2.216401
v 0.239619 1.626763 -3.198538
v 0.218641 1.626763 -3.225365
v 0.211104 1.603787 -3.196391
v 0.218951 1.626763 -3.127985
v 0.214025 3.701498 -3.177082
v 0.218641 3.688171 -3.225365
v 0.239619 3.688171 -3.198538
v 0.218951 3.688171 -3.127985
v 0.155371 1.604068 -3.157701
v 0.144326 3.701323 -3.178083
v 0.177998 1.619699 -5.543807
v 0.143811 3.666770 -5.435408
v 0.209839 1.610127 -2.249867
v 0.215079 1.622280 -2.243599
v 0.212952 3.674172 -2.243864
v 0.194290 1.623733 -2.207510
v 0.193431 3.674172 -2.208088
v 0.158590 1.606552 -2.280206
v 0.284782 2.923263 -5.633185
v 0.256430 2.841612 -5.646798
v 0.159852 2.896121 -5.630291
v 0.230951 3.034837 -2.037357
v 0.230990 2.968417 -2.059231
v 0.081793 2.969436 -2.035799
v 0.221058 3.827111 -5.806384
v 0.219551 3.827909 -2.049823
v 0.259843 3.784081 -5.806384
v 0.258757 3.785150 -2.049823
v 0.271833 3.727448 -5.806384
v 0.253813 3.672387 -5.806384
v 0.254005 3.673300 -2.049823
v 0.154751 3.621678 -2.049823
v 0.099455 3.639148 -2.049823
v 0.060248 3.681907 -2.049823
v 0.047842 3.739177 -5.806384
v 0.065000 3.793758 -2.049823
v 0.109062 3.832975 -5.806384
v 0.107685 3.832879 -2.049823
v 0.165868 3.845007 -5.806384
v 0.164254 3.845379 -2.049823
v 0.215081 3.674172 1.295554
v 0.207130 3.688252 1.385700
v 0.211938 1.621642 1.295769
v 0.209820 1.607397 1.332054
v 0.194292 3.674172 1.252140
v 0.192198 3.683117 1.259133
v 0.192874 1.621071 1.252619
v 0.188864 1.605132 1.262558
v 0.122893 3.674172 1.252140
v 0.141789 3.694439 1.264250
v 0.122892 1.621544 1.252139
v 0.141713 1.609675 1.272616
v 0.105339 3.674172 1.295778
v 0.108906 3.683117 1.299971
v 0.105339 1.622368 1.295777
v 0.110846 1.613856 1.302148
v 0.105339 3.674172 1.433561
v 0.111222 3.677236 1.397470
v 0.105339 1.622588 1.433560
v 0.110584 1.612531 1.397586
v 0.122893 3.674172 1.470095
v 0.124986 3.683117 1.463154
v 0.122892 1.623635 1.470094
v 0.126021 1.614207 1.459372
v 0.175363 3.688558 1.462605
v 0.175405 1.614235 1.461204
v 0.239621 1.626763 0.479066
v 0.218642 1.626763 0.452239
v 0.211105 1.603787 0.481213
v 0.218952 1.626763 0.549619
v 0.214027 3.701499 0.500522
v 0.218643 3.688171 0.452239
v 0.239621 3.688171 0.479066
v 0.218953 3.688171 0.549619
v 0.155372 1.604068 0.519903
v 0.144327 3.701324 0.499521
v 0.179229 1.623795 -1.920343
v 0.142660 3.662269 -1.704225
v 0.209841 1.610127 1.427738
v 0.215080 1.622280 1.434005
v 0.212953 3.674172 1.433741
v 0.194291 1.623733 1.470094
v 0.193433 3.674172 1.469516
v 0.158592 1.606552 1.397398
v 0.276226 2.982693 -1.955348
v 0.247895 2.901538 -1.971695
v 0.151343 2.955305 -1.952782
v 0.240635 2.967030 1.642405
v 0.240635 2.901425 1.618195
v 0.091558 2.901425 1.642405
v 0.221059 3.827111 -2.049823
v 0.219552 3.827910 1.706741
v 0.259845 3.784082 -2.049823
v 0.258758 3.785150 1.706741
v 0.271835 3.727449 -2.049823
v 0.271370 3.728559 1.706741
v 0.210614 3.633651 -2.049823
v 0.211322 3.634178 1.706741
v 0.060250 3.681907 1.706741
v 0.047843 3.739177 -2.049823
v 0.109063 3.832975 -2.049823
v 0.107686 3.832879 1.706741
v 0.165869 3.845008 -2.049823
v 0.164256 3.845380 1.706741
v 0.215082 3.674172 4.973159
v 0.207131 3.688252 5.063305
v 0.211939 1.621642 4.973373
v 0.209822 1.607397 5.009657
v 0.194293 3.674173 4.929744
v 0.192199 3.683118 4.936737
v 0.192875 1.621071 4.930222
v 0.188865 1.605132 4.940163
v 0.122894 3.674173 4.929744
v 0.141791 3.694440 4.941853
v 0.122894 1.621545 4.929744
v 0.141715 1.609675 4.950219
v 0.105341 3.674173 4.973381
v 0.108907 3.683118 4.977574
v 0.105341 1.622368 4.973382
v 0.110847 1.613856 4.979752
v 0.105341 3.674173 5.111164
v 0.111224 3.677236 5.075074
v 0.105341 1.622589 5.111165
v 0.110585 1.612532 5.075192
v 0.122894 3.674173 5.147698
v 0.124988 3.683118 5.140757
v 0.122894 1.623635 5.147699
v 0.126022 1.614207 5.136977
v 0.175365 3.688559 5.140208
v 0.175407 1.614236 5.138808
v 0.239622 1.626763 4.156670
v 0.218644 1.626763 4.129843
v 0.211107 1.603788 4.158817
v 0.218954 1.626763 4.227224
v 0.214028 3.701499 4.178126
v 0.218644 3.688171 4.129843
v 0.239622 3.688171 4.156670
v 0.218954 3.688171 4.227223
v 0.155374 1.604068 4.197508
v 0.144329 3.701324 4.177126
v 0.189709 1.625615 1.980443
v 0.133404 3.662330 1.752315
v 0.209842 1.610128 5.105341
v 0.215082 1.622281 5.111609
v 0.212955 3.674172 5.111345
v 0.194293 1.623733 5.147699
v 0.193434 3.674173 5.147120
v 0.158593 1.606553 5.075003
v 0.276228 2.753834 1.722257
v 0.247896 2.672679 1.705909
v 0.151344 2.726447 1.724821
v 0.240636 2.738171 5.320008
v 0.240636 2.672566 5.295800
v 0.091560 2.672566 5.320008
v 0.221060 3.827111 1.706741
v 0.219553 3.827910 5.463305
v 0.259846 3.784082 1.706741
v 0.258760 3.785151 5.463305
v 0.253816 3.672388 1.706741
v 0.254008 3.673300 5.463305
v 0.211323 3.634179 5.463305
v 0.153810 3.621619 1.706741
v 0.098620 3.639516 1.706741
v 0.099457 3.639148 5.463305
v 0.060251 3.681908 5.463305
v 0.047845 3.739178 1.706741
v 0.065865 3.794239 1.706741
v 0.065003 3.793758 5.463305
v 0.109065 3.832976 1.706741
v 0.107688 3.832880 5.463305
v 0.165871 3.845008 1.706741
v 0.164257 3.845380 5.463305
v 0.259337 3.967479 8.595541
v 0.245198 3.996051 8.755852
v 0.249982 -0.046544 8.660448
v 0.222367 3.967479 8.518335
v 0.218644 3.985631 8.530771
v 0.212714 -0.046544 8.536863
v 0.095395 3.967479 8.518335
v 0.129000 4.008606 8.539867
v 0.128865 -0.046544 8.554747
v 0.064179 3.967479 8.595936
v 0.070521 3.985631 8.603397
v 0.073971 -0.046544 8.607265
v 0.064179 3.967479 8.840963
v 0.074641 3.973696 8.776783
v 0.073505 -0.046544 8.776989
v 0.095395 3.967479 8.905935
v 0.099118 3.985631 8.893589
v 0.100958 -0.046544 8.886864
v 0.188706 3.996672 8.892614
v 0.188780 -0.046544 8.890121
v 0.239624 1.626764 7.834275
v 0.218645 1.626764 7.807448
v 0.211108 1.603788 7.836421
v 0.218955 1.626764 7.904828
v 0.214030 3.701499 7.855731
v 0.218646 3.688171 7.807447
v 0.239624 3.688171 7.834274
v 0.218956 3.688172 7.904827
v 0.155375 1.604069 7.875113
v 0.144330 3.701324 7.854731
v 0.128102 4.108481 5.741205
v 0.250019 -0.046544 8.830610
v 0.255554 3.967479 8.841284
v 0.220840 3.967479 8.904903
v 0.158881 -0.046544 8.776653
v 0.276229 2.982694 5.399862
v 0.247898 2.901538 5.383515
v 0.151346 2.955306 5.402426
v 0.240637 2.967030 8.997614
v 0.240637 2.901425 8.973404
v 0.091561 2.901425 8.997614
v 0.221062 3.827112 5.463305
v 0.259848 3.784082 5.463305
v 0.271837 3.727449 5.463305
v 0.153812 3.621620 5.463305
v 0.047846 3.739178 5.463305
v 0.109066 3.832976 5.463305
v 0.165872 3.845008 5.463305
v 0.281495 1.585424 -6.228729
v 0.329234 1.533359 -6.228729
v 0.271474 1.349532 -6.228729
v 0.202593 1.334311 -6.228729
v 0.135263 1.355583 -6.228729
v 0.087524 1.407647 -6.228729
v 0.093310 1.543840 -6.228729
v 0.145285 1.591475 -6.228729
v 0.214165 1.606696 -6.228729
v 0.283332 1.584452 -6.228729
v 0.281497 1.585424 -2.190604
v 0.330559 1.532058 -6.228729
v 0.329235 1.533359 -2.190604
v 0.345157 1.463101 -6.228729
v 0.323216 1.396056 -6.228729
v 0.323450 1.397167 -2.190604
v 0.202595 1.334311 -2.190604
v 0.135265 1.355583 -2.190604
v 0.087526 1.407648 -2.190604
v 0.072420 1.477382 -6.228729
v 0.093312 1.543840 -2.190604
v 0.146963 1.591592 -6.228729
v 0.145286 1.591475 -2.190604
v 0.216131 1.606243 -6.228729
v 0.214167 1.606696 -2.190604
v 0.283334 1.584452 -2.190604
v 0.281498 1.585425 1.847524
v 0.330561 1.532059 -2.190604
v 0.329237 1.533360 1.847524
v 0.345159 1.463101 -2.190604
v 0.344593 1.464453 1.847524
v 0.270616 1.348890 -2.190604
v 0.271477 1.349532 1.847524
v 0.087528 1.407648 1.847525
v 0.072422 1.477382 -2.190604
v 0.146965 1.591593 -2.190604
v 0.145288 1.591476 1.847525
v 0.216133 1.606243 -2.190604
v 0.214168 1.606696 1.847524
v 0.283335 1.584453 1.847524
v 0.281500 1.585425 5.885651
v 0.330562 1.532059 1.847524
v 0.329239 1.533360 5.885651
v 0.323219 1.396057 1.847524
v 0.323453 1.397168 5.885651
v 0.271479 1.349533 5.885651
v 0.201449 1.334240 1.847524
v 0.134249 1.356031 1.847525
v 0.135268 1.355584 5.885651
v 0.087529 1.407648 5.885651
v 0.072423 1.477383 1.847525
v 0.094364 1.544427 1.847525
v 0.093315 1.543841 5.885651
v 0.146966 1.591593 1.847525
v 0.145289 1.591476 5.885651
v 0.216135 1.606244 1.847524
v 0.214170 1.606697 5.885651
v 0.283337 1.584453 5.885651
v 0.330564 1.532059 5.885651
v 0.345162 1.463102 5.885651
v 0.201451 1.334240 5.885651
v 0.072425 1.477383 5.885651
v 0.146968 1.591593 5.885651
v 0.216136 1.606244 5.885651
v 0.179230 1.623795 -0.018217
v 0.142661 3.662269 0.197901
v 0.150130 1.586122 5.101058
v 0.196456 2.533410 8.991461
v 0.196456 2.470575 8.978855
v 0.119114 2.476886 9.005068
v 0.175227 1.586121 -5.448849
v 0.128901 2.533409 -9.339251
v 0.128901 2.470573 -9.326645
v 0.206243 2.476884 -9.352858
v 1.265107 1.923355 -8.428881
v 1.329254 1.882492 -8.413882
v 1.354013 1.867867 -8.372903
v 1.355327 1.871278 -8.316921
v 1.358339 1.874725 -8.260942
v 1.335354 1.892520 -8.219960
v 1.272261 1.933559 -8.204961
v 1.203557 1.976185 -8.219959
v 1.166537 1.996778 -8.260941
v 1.156141 1.998731 -8.316920
v 1.162203 1.989908 -8.372902
v 1.197231 1.966156 -8.413881
v 1.316229 1.893880 -6.741296
v 1.416308 1.809441 -6.717810
v 1.314740 1.870759 -6.252145
v 1.207418 1.945775 -6.252145
v 1.441621 1.723127 -5.819272
v 1.398456 1.752898 -5.797823
v 1.533294 1.662519 -5.797101
v 1.487662 1.682976 -5.819044
v 1.390356 1.775558 -5.588894
v 1.425907 1.743895 -5.567041
v 1.464511 1.695477 -5.566880
v 1.511477 1.669932 -5.588294
v 1.485314 1.522255 -7.185493
v 1.485314 1.522255 -7.003213
v 1.393798 1.629848 -7.066377
v 1.510481 1.524126 -7.073584
v 1.418440 1.815895 -8.003489
v 1.418043 1.816229 -7.889824
v 1.444889 1.793670 -7.921137
v 1.215684 1.951977 -8.911253
v 1.192533 1.970069 -8.868610
v 1.192722 1.970339 -8.707785
v 1.217476 1.954540 -8.656850
v 1.313755 1.888106 -8.657410
v 1.339384 1.869151 -8.707777
v 1.343142 1.865359 -8.869130
v 1.313416 1.883485 -8.911254
v 1.309975 1.995862 -4.836484
v 1.372104 1.951991 -4.821484
v 1.396176 1.936258 -4.780504
v 1.397789 1.939800 -4.724524
v 1.401132 1.943348 -4.668544
v 1.379121 1.962363 -4.627564
v 1.318080 2.006397 -4.612564
v 1.251446 2.052191 -4.627564
v 1.215351 2.074384 -4.668544
v 1.204910 2.076613 -4.724524
v 1.210386 2.067281 -4.780504
v 1.244198 2.041824 -4.821484
v 1.267451 1.815298 -3.148901
v 1.367540 1.730872 -3.125414
v 1.275230 1.900726 -2.659749
v 1.164480 1.970583 -2.659749
v 1.345723 1.658739 -2.222603
v 1.304860 1.687897 -2.200927
v 1.438910 1.596243 -2.200927
v 1.390884 1.617548 -2.222603
v 1.317164 1.701386 -1.992017
v 1.353987 1.667799 -1.970342
v 1.390885 1.617548 -1.970342
v 1.435971 1.593021 -1.992017
v 1.395116 1.817148 -3.637791
v 1.394064 1.823642 -3.531695
v 1.289613 1.916143 -3.569343
v 1.418992 1.826410 -3.573392
v 1.418442 1.815895 -4.411092
v 1.418045 1.816229 -4.297427
v 1.444890 1.793670 -4.328740
v 1.147845 1.888063 -5.318857
v 1.123812 1.904957 -5.276214
v 1.123977 1.905219 -5.115388
v 1.149409 1.890542 -5.064453
v 1.248698 1.828699 -5.065012
v 1.275224 1.811021 -5.115378
v 1.279188 1.807462 -5.276733
v 1.248711 1.824277 -5.318857
v 1.376513 1.829194 -1.244088
v 1.434522 1.780004 -1.229088
v 1.457067 1.762153 -1.188108
v 1.458826 1.765348 -1.132128
v 1.462270 1.768345 -1.076148
v 1.441908 1.789090 -1.035168
v 1.384966 1.838308 -1.020168
v 1.322682 1.889863 -1.035168
v 1.288803 1.915295 -1.076148
v 1.278774 1.918647 -1.132128
v 1.283590 1.909091 -1.188108
v 1.315073 1.880809 -1.229088
v 1.322255 2.004822 0.443497
v 1.422321 1.920369 0.466982
v 1.384907 1.809602 0.932648
v 1.284660 1.893841 0.932649
v 1.326327 1.877222 1.369795
v 1.284314 1.904696 1.391470
v 1.421975 1.818561 1.391470
v 1.373124 1.837898 1.369795
v 1.296060 1.918673 1.600380
v 1.334216 1.886610 1.622056
v 1.373124 1.837898 1.622056
v 1.419169 1.815222 1.600380
v 1.283404 1.910353 -0.000700
v 1.283404 1.910353 0.181579
v 1.166860 1.990158 0.118416
v 1.307198 1.918763 0.111209
v 1.514184 1.846913 -0.684546
v 1.515612 1.833998 -0.571280
v 1.542043 1.815220 -0.602781
v 1.287501 1.901182 -1.726461
v 1.266046 1.921256 -1.683817
v 1.266258 1.921508 -1.522992
v 1.289513 1.903576 -1.472057
v 1.379521 1.828865 -1.472615
v 1.403367 1.807711 -1.522983
v 1.406774 1.803601 -1.684337
v 1.378773 1.824292 -1.726461
v 1.335647 1.749371 2.348309
v 1.393669 1.700199 2.363309
v 1.416180 1.682308 2.404289
v 1.417795 1.685331 2.460270
v 1.421057 1.688112 2.516250
v 1.400583 1.708723 2.557230
v 1.343599 1.757891 2.572230
v 1.281339 1.809475 2.557230
v 1.247553 1.835018 2.516250
v 1.237682 1.838556 2.460270
v 1.242667 1.829203 2.404289
v 1.274207 1.800987 2.363309
v 1.291269 1.902977 4.035893
v 1.391347 1.818539 4.059380
v 1.407528 1.913693 4.525043
v 1.307281 1.997931 4.525043
v 1.312865 1.882128 4.962191
v 1.270852 1.909602 4.983867
v 1.408513 1.823468 4.983867
v 1.359661 1.842804 4.962191
v 1.282597 1.923580 5.192776
v 1.320754 1.891516 5.214451
v 1.359661 1.842804 5.214451
v 1.405707 1.820128 5.192776
v 1.419977 1.844718 3.591697
v 1.419977 1.844718 3.773976
v 1.315419 1.939693 3.710813
v 1.444986 1.850171 3.703605
v 1.531238 1.510638 2.773701
v 1.530887 1.511019 2.887366
v 1.554597 1.485185 2.856052
v 1.167368 1.978777 1.865935
v 1.143388 1.995754 1.908579
v 1.143564 1.996033 2.069405
v 1.169037 1.981422 2.120339
v 1.268350 1.919616 2.119781
v 1.294847 1.901893 2.069414
v 1.298779 1.898283 1.908060
v 1.268229 1.914983 1.865935
v 1.407362 1.894309 5.995144
v 1.469227 1.850061 6.010125
v 1.492507 1.833194 6.051111
v 1.492939 1.835048 6.107178
v 1.495065 1.836853 6.163277
v 1.472184 1.854623 6.204328
v 1.410823 1.898199 6.219351
v 1.344490 1.944425 6.204340
v 1.309248 1.967838 6.163306
v 1.299999 1.971772 6.107228
v 1.306681 1.964166 6.051142
v 1.341308 1.939874 6.010135
v 1.294469 1.813529 7.628291
v 1.383960 1.718011 7.651780
v 1.272335 1.842587 8.108790
v 1.171699 1.926338 8.108929
v 1.344907 1.659058 8.554589
v 1.304044 1.688215 8.576264
v 1.438094 1.596562 8.576264
v 1.390069 1.617866 8.554589
v 1.316348 1.701704 8.785174
v 1.353171 1.668118 8.806849
v 1.390069 1.617866 8.806849
v 1.435155 1.593339 8.785174
v 1.393286 1.818723 7.184093
v 1.393286 1.818723 7.366374
v 1.288649 1.913604 7.303209
v 1.418001 1.823826 7.296003
v 1.308410 1.907239 6.366098
v 1.307972 1.907515 6.479765
v 1.337630 1.888808 6.448450
v 1.263964 1.813404 5.458333
v 1.242446 1.833403 5.500977
v 1.242646 1.833640 5.661802
v 1.265850 1.815648 5.712735
v 1.355829 1.740903 5.712177
v 1.379711 1.719790 5.661810
v 1.383156 1.715726 5.500456
v 1.355242 1.736521 5.458333
v 1.643219 2.171032 5.577492
v 1.718499 2.023297 8.680717
v 1.701343 2.317801 6.105320
v 1.495036 2.385272 1.985094
v 1.665095 2.253784 5.088320
v 1.667756 2.147177 2.458089
v 1.667296 2.259454 -1.607301
v 1.570845 2.120697 1.495926
v 1.566794 2.058218 -1.134309
v 1.475064 2.293846 -5.199697
v 1.712755 2.015786 -2.096472
v 1.606546 2.423060 -4.726706
v 1.519137 2.280903 -8.792095
v 1.786770 2.093689 -5.656467
v 1.487914 1.996422 -6.693629
v 1.395883 2.133804 -8.319102
v 0.149333 -0.031560 -7.579684
v 0.142006 -0.031586 -7.572250
v 0.142070 -0.038848 -7.579513
v -0.109977 -0.032487 -7.572250
v -0.117355 -0.032513 -7.579710
v -0.110092 -0.039750 -7.579513
v 0.149333 -0.031560 -7.913076
v 0.142070 -0.038848 -7.913144
v 0.142102 -0.031586 -7.920407
v -0.117355 -0.032513 -7.912918
v -0.109823 -0.032486 -7.920407
v -0.110093 -0.039750 -7.913144
v 0.149333 4.267856 -7.579684
v 0.142007 4.267159 -7.572250
v -0.109976 4.267159 -7.572250
v -0.117354 4.267159 -7.579711
v 0.142103 4.298892 -7.920407
v 0.149333 4.299090 -7.913076
v -0.117355 4.267159 -7.912919
v -0.109823 4.268081 -7.920407
v 0.057170 -0.037234 -8.670327
v 0.057223 -0.029980 -8.677713
v 0.164820 -0.029932 -8.656771
v 0.160241 -0.037186 -8.650266
v 0.198643 -0.029841 -8.599552
v 0.191373 -0.037102 -8.597581
v 0.198308 -0.029727 -8.521391
v 0.191048 -0.036992 -8.521423
v 0.197956 -0.029685 -8.443232
v 0.190704 -0.036955 -8.445542
v 0.157773 -0.029688 -8.386013
v 0.153506 -0.036951 -8.392573
v 0.051586 -0.029691 -8.365070
v 0.051544 -0.036957 -8.372464
v -0.061225 -0.029710 -8.386013
v -0.057750 -0.036981 -8.392755
v -0.120471 -0.029776 -8.443232
v -0.113728 -0.037048 -8.446816
v -0.134244 -0.029901 -8.521391
v -0.126870 -0.037136 -8.521391
v -0.120471 -0.029923 -8.599552
v -0.113728 -0.037191 -8.595967
v -0.061225 -0.029983 -8.656769
v -0.057776 -0.037236 -8.650003
v -0.083141 -0.030572 -6.993315
v -0.075879 -0.030573 -7.000577
v -0.075879 -0.037835 -6.993315
v 0.092999 -0.030573 -7.000577
v 0.100261 -0.030572 -6.993315
v 0.092999 -0.037835 -6.993315
v -0.075878 -0.029949 -6.648365
v -0.083141 -0.029973 -6.655628
v -0.075878 -0.037236 -6.655628
v 0.100261 -0.029973 -6.655628
v 0.092999 -0.029949 -6.648365
v 0.092999 -0.037236 -6.655628
v 0.092999 -0.037809 -6.824472
v 0.100261 -0.030547 -6.824596
v -0.075879 -0.037809 -6.824472
v -0.083141 -0.030547 -6.824654
v -0.075878 4.109358 -7.000578
v -0.083141 4.111398 -6.993315
v -0.081121 4.115632 -6.997528
v 0.100262 4.110734 -6.993315
v 0.092999 4.109358 -7.000578
v 0.098242 4.115632 -6.997528
v -0.083141 4.121873 -6.655629
v -0.075878 4.121668 -6.648366
v -0.081282 4.127193 -6.652698
v 0.093000 4.121668 -6.648366
v 0.100262 4.121889 -6.655629
v 0.098403 4.127193 -6.652698
v -0.075818 -0.030199 -6.320471
v -0.083141 -0.030191 -6.327739
v -0.075878 -0.037453 -6.327734
v 0.092939 -0.030199 -6.320471
v 0.092999 -0.037453 -6.327734
v 0.100261 -0.030191 -6.327740
v -0.083141 -0.029725 -6.516758
v -0.075849 -0.029679 -6.524031
v -0.075878 -0.036988 -6.516768
v -0.075878 -0.037291 -6.469516
v -0.083141 -0.030029 -6.469391
v 0.100261 -0.030029 -6.469391
v 0.092999 -0.037291 -6.469516
v 0.092939 -0.029679 -6.524031
v 0.100261 -0.029725 -6.516747
v 0.092999 -0.036988 -6.516768
v -0.083140 4.120620 -6.516758
v -0.075848 4.121063 -6.524031
v 0.092940 4.121063 -6.524031
v 0.100262 4.120620 -6.516748
v -0.075818 4.117827 -6.320471
v -0.083140 4.117411 -6.327740
v 0.100262 4.117411 -6.327741
v 0.092940 4.117827 -6.320471
v -0.070817 -0.030308 -6.236195
v -0.063476 -0.030311 -6.243491
v -0.063554 -0.037565 -6.236228
v 0.116153 -0.030169 -6.243491
v 0.123672 -0.030164 -6.236161
v 0.116409 -0.037432 -6.236228
v -0.070817 -0.030172 -6.122732
v -0.063554 -0.037435 -6.122624
v -0.063395 -0.030164 -6.115361
v 0.123672 -0.030164 -6.122729
v 0.116156 -0.030164 -6.115361
v 0.116409 -0.037426 -6.122624
v -0.070816 4.121929 -6.236195
v -0.063475 4.121929 -6.243492
v 0.116154 4.121929 -6.243492
v 0.123672 4.121929 -6.236162
v -0.063395 4.121929 -6.115362
v -0.070816 4.121929 -6.122733
v 0.123673 4.121929 -6.122730
v 0.116157 4.121929 -6.115362
v 0.010801 -0.033305 -5.996291
v 0.004282 -0.026022 -6.001322
v 0.078377 -0.033274 -6.024079
v 0.077195 -0.026004 -6.031304
v 0.157745 -0.033329 -6.023784
v 0.162745 -0.026031 -6.030986
v 0.210560 -0.033947 -5.902850
v 0.218241 -0.026747 -5.904135
v 0.040887 -0.034197 -5.686804
v 0.039534 -0.026939 -5.679504
v -0.019580 -0.034146 -5.714483
v -0.027120 -0.026906 -5.710015
v 0.190922 -0.034226 -5.714287
v 0.197939 -0.026977 -5.709179
v 0.123418 -0.034223 -5.686497
v 0.125084 -0.026966 -5.679186
v -0.087093 -0.031036 -7.435257
v -0.080928 -0.031044 -7.441003
v -0.079495 -0.038298 -7.433241
v 0.102358 -0.038276 -7.392625
v 0.109621 -0.031043 -7.398444
v -0.078612 -0.037698 -7.109340
v -0.080898 -0.030412 -7.101388
v -0.086508 -0.030434 -7.107141
v 0.109621 -0.030412 -7.143940
v 0.102358 -0.037674 -7.149759
v -0.088079 4.129457 -7.435192
v -0.080927 4.129195 -7.441003
v -0.080897 4.129195 -7.101388
v -0.088079 4.129619 -7.107307
v -0.052440 -0.038122 -7.231847
v -0.059854 -0.030818 -7.232131
v 0.102358 -0.037682 -7.242194
v 0.109658 -0.030412 -7.242194
v -0.102269 -0.037723 -8.239949
v -0.109532 -0.030460 -8.240655
v -0.102201 -0.030460 -8.247240
v -0.102269 -0.037723 -8.047626
v -0.102147 -0.030460 -8.040341
v -0.109532 -0.030460 -8.046944
v -0.109531 4.122975 -8.240655
v -0.102200 4.122975 -8.247240
v -0.102147 4.122975 -8.040341
v -0.109531 4.122975 -8.046944
v 0.139348 -0.037723 -8.216297
v 0.144364 -0.030460 -8.223104
v 0.184043 -0.037723 -8.110091
v 0.192752 -0.030460 -8.108121
v 0.140576 -0.037723 -8.071399
v 0.143638 -0.030460 -8.064402
v -0.080530 -0.029953 -9.176958
v -0.076733 -0.037216 -9.169674
v -0.114363 -0.037216 -9.115155
v -0.121625 -0.029953 -9.117418
v -0.114363 -0.037216 -8.894817
v -0.121625 -0.029953 -8.892870
v -0.076339 -0.037216 -8.829017
v -0.080530 -0.029953 -8.821754
v 0.082808 -0.037216 -8.829017
v 0.086621 -0.029953 -8.821755
v 0.127985 -0.037216 -8.894690
v 0.135285 -0.029953 -8.892507
v 0.123110 -0.037216 -9.115134
v 0.130326 -0.029953 -9.117713
v 0.081065 -0.037216 -9.168772
v 0.084619 -0.029953 -9.176016
v 0.149334 -0.029189 -3.896610
v 0.142012 -0.029213 -3.889190
v 0.142072 -0.036476 -3.896453
v -0.109984 -0.030056 -3.889190
v -0.117353 -0.030081 -3.896637
v -0.110091 -0.037319 -3.896453
v 0.149334 -0.029189 -4.230018
v 0.142071 -0.036476 -4.230085
v 0.142097 -0.029213 -4.237348
v -0.117354 -0.030081 -4.229875
v -0.109845 -0.030055 -4.237348
v -0.110091 -0.037319 -4.230085
v 0.149335 4.110703 -3.896610
v 0.142013 4.110053 -3.889190
v -0.109984 4.110053 -3.889190
v -0.117353 4.110053 -3.896637
v 0.142098 4.139722 -4.237348
v 0.149335 4.139908 -4.230019
v -0.117353 4.110053 -4.229876
v -0.109844 4.110911 -4.237348
v 0.057172 -0.039710 -4.987267
v 0.057225 -0.032456 -4.994653
v 0.164821 -0.032405 -4.973710
v 0.160242 -0.039658 -4.967205
v 0.198644 -0.032308 -4.916492
v 0.191374 -0.039570 -4.914521
v 0.198310 -0.032187 -4.838332
v 0.191050 -0.039452 -4.838365
v 0.197958 -0.032142 -4.760171
v 0.190706 -0.039412 -4.762481
v 0.157775 -0.032146 -4.702954
v 0.153509 -0.039408 -4.709515
v 0.051587 -0.032149 -4.682010
v 0.051545 -0.039414 -4.689404
v -0.061223 -0.032168 -4.702954
v -0.057750 -0.039440 -4.709696
v -0.120469 -0.032239 -4.760171
v -0.113726 -0.039512 -4.763756
v -0.134243 -0.032372 -4.838332
v -0.126869 -0.039606 -4.838332
v -0.120469 -0.032396 -4.916492
v -0.113726 -0.039664 -4.912908
v -0.061223 -0.032460 -4.973710
v -0.057774 -0.039712 -4.966945
v -0.083140 -0.028213 -3.310016
v -0.075849 -0.028214 -3.317518
v -0.075877 -0.035475 -3.310256
v 0.092943 -0.028214 -3.317518
v 0.100263 -0.028213 -3.309870
v 0.093000 -0.035475 -3.310256
v -0.075821 -0.027629 -2.965306
v -0.083140 -0.027653 -2.972948
v -0.075877 -0.034914 -2.972569
v 0.100263 -0.027653 -2.972953
v 0.092944 -0.027629 -2.965306
v 0.093000 -0.034914 -2.972569
v 0.093000 -0.035452 -3.141412
v 0.100263 -0.028189 -3.141541
v -0.075877 -0.035452 -3.141412
v -0.083140 -0.028190 -3.141600
v -0.083139 3.977637 -3.310016
v -0.075849 3.975662 -3.317519
v 0.092944 3.975662 -3.317519
v 0.100263 3.977020 -3.309871
v -0.075821 3.987200 -2.965306
v -0.083139 3.987402 -2.972948
v 0.100263 3.987418 -2.972953
v 0.092945 3.987200 -2.965306
v -0.075817 -0.030199 -2.637411
v -0.083139 -0.030190 -2.644680
v -0.075877 -0.037453 -2.644674
v 0.092940 -0.030199 -2.637411
v 0.093000 -0.037453 -2.644674
v 0.100263 -0.030190 -2.644680
v -0.083139 -0.029725 -2.833697
v -0.075847 -0.029678 -2.840970
v -0.075877 -0.036988 -2.833707
v -0.075877 -0.037291 -2.786456
v -0.083139 -0.030029 -2.786331
v 0.100263 -0.030029 -2.786331
v 0.093000 -0.037291 -2.786456
v 0.092940 -0.029678 -2.840970
v 0.100263 -0.029725 -2.833687
v 0.093000 -0.036988 -2.833707
v -0.075847 4.121064 -2.840970
v -0.083139 4.120621 -2.833697
v 0.100264 4.120620 -2.833687
v 0.092941 4.121064 -2.840970
v -0.075817 4.117827 -2.637411
v -0.083139 4.117412 -2.644680
v 0.100264 4.117412 -2.644680
v 0.092941 4.117827 -2.637411
v -0.070815 -0.032757 -2.553159
v -0.063528 -0.032760 -2.560432
v -0.063553 -0.040013 -2.553169
v 0.116331 -0.032608 -2.560432
v 0.123673 -0.032602 -2.553148
v 0.116411 -0.039870 -2.553169
v -0.070815 -0.032611 -2.439598
v -0.063553 -0.039873 -2.439564
v -0.063503 -0.032602 -2.432302
v 0.123673 -0.032602 -2.439598
v 0.116332 -0.032602 -2.432302
v 0.116411 -0.039864 -2.439564
v -0.070815 4.279862 -2.553159
v -0.063527 4.279862 -2.560432
v 0.116332 4.279862 -2.560432
v 0.123674 4.279862 -2.553148
v -0.063503 4.279862 -2.432302
v -0.070814 4.279862 -2.439598
v 0.123674 4.279862 -2.439598
v 0.116332 4.279862 -2.432302
v -0.096791 -0.036836 -2.286336
v -0.104054 -0.029554 -2.291103
v -0.032739 -0.036792 -2.314105
v -0.034246 -0.029522 -2.321367
v 0.047074 -0.036825 -2.314105
v 0.051370 -0.029522 -2.321367
v 0.113915 -0.037436 -2.192464
v 0.121177 -0.030234 -2.194496
v -0.032739 -0.037674 -1.976417
v -0.034246 -0.030411 -1.969154
v -0.096791 -0.037651 -2.004185
v -0.104054 -0.030411 -1.999418
v 0.113915 -0.037667 -2.004185
v 0.121177 -0.030411 -1.999418
v 0.049863 -0.037674 -1.976417
v 0.051370 -0.030411 -1.969154
v -0.053571 -0.031071 -3.604948
v -0.047680 -0.031092 -3.611122
v -0.045835 -0.038331 -3.603246
v 0.134077 -0.038273 -3.578859
v 0.141587 -0.031070 -3.585466
v -0.053049 -0.037627 -3.422507
v -0.057544 -0.030322 -3.414949
v -0.061915 -0.030362 -3.420740
v 0.134136 -0.030335 -3.438823
v 0.127267 -0.037598 -3.444966
v -0.111334 4.123639 -3.782676
v -0.103790 4.122953 -3.788931
v -0.113093 4.130980 -3.591277
v -0.120051 4.131421 -3.597773
v -0.024915 -0.038080 -3.488849
v -0.032597 -0.030780 -3.489992
v 0.129674 -0.037642 -3.496045
v 0.136869 -0.030374 -3.496011
v -0.102268 -0.037723 -4.556889
v -0.109530 -0.030460 -4.557595
v -0.102200 -0.030460 -4.564179
v -0.102268 -0.037723 -4.364566
v -0.102146 -0.030460 -4.357281
v -0.109530 -0.030460 -4.363883
v -0.109529 4.122975 -4.557595
v -0.102199 4.122975 -4.564180
v -0.102145 4.122975 -4.357282
v -0.109529 4.122975 -4.363884
v 0.139350 -0.037723 -4.533237
v 0.144365 -0.030460 -4.540043
v 0.184044 -0.037723 -4.427032
v 0.192753 -0.030460 -4.425061
v 0.140578 -0.037723 -4.388339
v 0.143639 -0.030460 -4.381341
v -0.080529 -0.027633 -5.493899
v -0.076732 -0.034895 -5.486615
v -0.114361 -0.034895 -5.432095
v -0.121624 -0.027633 -5.434358
v -0.114361 -0.034895 -5.211758
v -0.121623 -0.027633 -5.209810
v -0.076338 -0.034895 -5.145955
v -0.080529 -0.027633 -5.138692
v 0.082809 -0.034895 -5.145955
v 0.086622 -0.027633 -5.138694
v 0.127987 -0.034895 -5.211631
v 0.135286 -0.027633 -5.209447
v 0.123112 -0.034895 -5.432074
v 0.130328 -0.027633 -5.434653
v 0.081066 -0.034895 -5.485713
v 0.084621 -0.027633 -5.492957
v 0.149336 -0.029189 -0.213533
v 0.142022 -0.029213 -0.206130
v 0.142073 -0.036476 -0.213393
v -0.109997 -0.030056 -0.206130
v -0.117352 -0.030080 -0.213551
v -0.110090 -0.037319 -0.213393
v 0.149335 -0.029189 -0.546979
v 0.142073 -0.036476 -0.547026
v 0.142105 -0.029213 -0.554288
v -0.117353 -0.030080 -0.546845
v -0.109868 -0.030055 -0.554288
v -0.110090 -0.037319 -0.547026
v 0.149336 4.110702 -0.213534
v 0.142023 4.110053 -0.206130
v -0.109997 4.110053 -0.206130
v -0.117352 4.110053 -0.213551
v 0.142106 4.139724 -0.554289
v 0.149336 4.139910 -0.546980
v -0.117352 4.110053 -0.546845
v -0.109867 4.110909 -0.554289
v 0.057173 -0.037281 -1.304207
v 0.057226 -0.030027 -1.311594
v 0.164823 -0.029980 -1.290650
v 0.160243 -0.037233 -1.284145
v 0.198645 -0.029889 -1.233433
v 0.191376 -0.037150 -1.231462
v 0.198311 -0.029775 -1.155272
v 0.191051 -0.037040 -1.155305
v 0.197959 -0.029733 -1.077111
v 0.190707 -0.037003 -1.079422
v 0.157776 -0.029737 -1.019894
v 0.153510 -0.036999 -1.026455
v 0.051589 -0.029739 -0.998950
v 0.051547 -0.037005 -1.006345
v -0.061222 -0.029758 -1.019894
v -0.057748 -0.037029 -1.026636
v -0.120468 -0.029824 -1.077111
v -0.113725 -0.037096 -1.080696
v -0.134242 -0.029949 -1.155272
v -0.126867 -0.037184 -1.155272
v -0.120468 -0.029971 -1.233433
v -0.113725 -0.037239 -1.229848
v -0.061222 -0.030030 -1.290650
v -0.057773 -0.037283 -1.283885
v -0.083139 -0.033038 0.373092
v -0.075844 -0.033039 0.365541
v -0.075876 -0.040301 0.372804
v 0.092936 -0.033039 0.365541
v 0.100264 -0.033038 0.373269
v 0.093001 -0.040301 0.372804
v -0.075812 -0.032372 0.717754
v -0.083138 -0.032400 0.710045
v -0.075876 -0.039661 0.710492
v 0.100264 -0.032400 0.710039
v 0.092937 -0.032372 0.717754
v 0.093002 -0.039661 0.710492
v 0.093001 -0.040274 0.541648
v 0.100264 -0.033011 0.541528
v -0.075876 -0.040274 0.541648
v -0.083139 -0.033011 0.541473
v -0.083138 4.268685 0.373091
v -0.075843 4.266418 0.365541
v 0.092937 4.266418 0.365541
v 0.100265 4.267983 0.373269
v -0.075811 4.279583 0.717754
v -0.083138 4.279815 0.710045
v 0.100265 4.279834 0.710039
v 0.092938 4.279583 0.717754
v -0.075815 -0.030199 1.045649
v -0.083138 -0.030190 1.038380
v -0.075875 -0.037453 1.038386
v 0.092942 -0.030199 1.045649
v 0.093002 -0.037453 1.038386
v 0.100264 -0.030190 1.038380
v -0.083138 -0.029725 0.849362
v -0.075846 -0.029678 0.842089
v -0.075875 -0.036987 0.849352
v -0.075875 -0.037291 0.896604
v -0.083138 -0.030029 0.896729
v 0.100264 -0.030029 0.896729
v 0.093002 -0.037291 0.896604
v 0.092942 -0.029678 0.842089
v 0.100264 -0.029725 0.849372
v 0.093002 -0.036987 0.849352
v -0.083138 4.120621 0.849362
v -0.075845 4.121064 0.842089
v 0.092942 4.121064 0.842089
v 0.100265 4.120620 0.849372
v -0.075815 4.117827 1.045648
v -0.083138 4.117412 1.038380
v 0.100265 4.117412 1.038379
v 0.092943 4.117827 1.045648
v -0.070814 -0.030308 1.129901
v -0.063526 -0.030311 1.122627
v -0.063551 -0.037565 1.129890
v 0.116329 -0.030169 1.122627
v 0.123675 -0.030163 1.129912
v 0.116412 -0.037431 1.129890
v -0.070814 -0.030172 1.243460
v -0.063551 -0.037434 1.243496
v -0.063500 -0.030163 1.250758
v 0.123675 -0.030163 1.243460
v 0.116329 -0.030163 1.250758
v 0.116412 -0.037426 1.243496
v -0.070813 4.121930 1.129901
v -0.063525 4.121930 1.122627
v 0.116330 4.121930 1.122627
v 0.123675 4.121930 1.129912
v -0.063499 4.121930 1.250758
v -0.070813 4.121930 1.243460
v 0.123675 4.121930 1.243460
v 0.116330 4.121930 1.250758
v -0.096790 -0.036836 1.396724
v -0.104052 -0.029554 1.391957
v -0.032738 -0.036792 1.368956
v -0.034244 -0.029521 1.361694
v 0.047075 -0.036825 1.368956
v 0.051371 -0.029521 1.361694
v 0.113916 -0.037436 1.490597
v 0.121179 -0.030234 1.488565
v -0.032738 -0.037674 1.706644
v -0.034244 -0.030411 1.713907
v -0.096790 -0.037650 1.678875
v -0.104052 -0.030411 1.683642
v 0.113916 -0.037666 1.678875
v 0.121179 -0.030411 1.683642
v 0.049865 -0.037674 1.706644
v 0.051371 -0.030411 1.713907
v -0.087091 -0.031035 -0.069138
v -0.080925 -0.031043 -0.074883
v -0.079492 -0.038297 -0.067121
v 0.102361 -0.038275 -0.026505
v 0.109623 -0.031043 -0.032324
v -0.078609 -0.037698 0.256779
v -0.080895 -0.030411 0.264731
v -0.086505 -0.030434 0.258979
v 0.109623 -0.030411 0.222178
v 0.102361 -0.037674 0.216359
v -0.088077 4.129458 -0.069072
v -0.080924 4.129195 -0.074883
v -0.080895 4.129195 0.264731
v -0.088076 4.129619 0.258813
v -0.052437 -0.038122 0.134272
v -0.059852 -0.030818 0.133988
v 0.102361 -0.037682 0.123926
v 0.109661 -0.030411 0.123926
v 0.175404 -0.037474 -1.045051
v 0.167764 -0.030219 -1.045174
v 0.174474 -0.030228 -1.051798
v 0.192237 -0.037737 -0.853456
v 0.192693 -0.030507 -0.845628
v 0.184714 -0.030484 -0.852229
v 0.004056 4.123321 -0.700593
v 0.010769 4.123871 -0.707172
v 0.028985 4.107498 -0.501003
v 0.021015 4.107990 -0.507560
v 0.418729 -0.037487 -1.023562
v 0.423080 -0.030242 -1.029843
v 0.472887 -0.037630 -0.917749
v 0.481511 -0.030395 -0.915679
v 0.433269 -0.037685 -0.879251
v 0.436247 -0.030457 -0.871694
v -0.080527 -0.029953 -1.810839
v -0.076731 -0.037215 -1.803555
v -0.114360 -0.037215 -1.749035
v -0.121622 -0.029953 -1.751298
v -0.114360 -0.037215 -1.528697
v -0.121622 -0.029953 -1.526750
v -0.076336 -0.037215 -1.462896
v -0.080527 -0.029953 -1.455634
v 0.082811 -0.037215 -1.462896
v 0.086624 -0.029953 -1.455635
v 0.127988 -0.037215 -1.528571
v 0.135288 -0.029953 -1.526387
v 0.123113 -0.037215 -1.749015
v 0.130329 -0.029953 -1.751594
v 0.081068 -0.037215 -1.802654
v 0.084622 -0.029953 -1.809898
v 0.149337 -0.029188 3.469480
v 0.142001 -0.029213 3.476929
v 0.142074 -0.036475 3.469667
v -0.109954 -0.030055 3.476929
v -0.117351 -0.030080 3.469436
v -0.110088 -0.037318 3.469667
v 0.149337 -0.029188 3.136141
v 0.142074 -0.036475 3.136034
v 0.142085 -0.029213 3.128771
v -0.117351 -0.030080 3.136297
v -0.109800 -0.030055 3.128771
v -0.110089 -0.037318 3.136034
v 0.149338 4.110706 3.469479
v 0.142001 4.110054 3.476929
v -0.109954 4.110054 3.476929
v -0.117350 4.110054 3.469435
v 0.142085 4.139721 3.128771
v 0.149338 4.139905 3.136140
v -0.117350 4.110053 3.136297
v -0.109799 4.110917 3.128771
v 0.057175 -0.034957 2.378853
v 0.057227 -0.027702 2.371466
v 0.164824 -0.027658 2.392409
v 0.160245 -0.034912 2.398914
v 0.198647 -0.027572 2.449627
v 0.191377 -0.034834 2.451598
v 0.198312 -0.027466 2.527788
v 0.191052 -0.034731 2.527755
v 0.197961 -0.027426 2.605948
v 0.190708 -0.034696 2.603638
v 0.157778 -0.027430 2.663167
v 0.153511 -0.034692 2.656605
v 0.051590 -0.027433 2.684110
v 0.051548 -0.034698 2.676715
v -0.061221 -0.027450 2.663167
v -0.057747 -0.034720 2.656425
v -0.120466 -0.027512 2.605948
v -0.113723 -0.034783 2.602364
v -0.134240 -0.027629 2.527788
v -0.126866 -0.034865 2.527788
v -0.120466 -0.027649 2.449627
v -0.113723 -0.034917 2.453212
v -0.061221 -0.027705 2.392409
v -0.057772 -0.034959 2.399175
v -0.083137 -0.030571 4.056115
v -0.075847 -0.030572 4.048601
v -0.075875 -0.037834 4.055863
v 0.092946 -0.030572 4.048601
v 0.100265 -0.030571 4.056265
v 0.093003 -0.037834 4.055863
v -0.075818 -0.029948 4.400814
v -0.083137 -0.029974 4.393167
v -0.075874 -0.037235 4.393551
v 0.100266 -0.029974 4.393162
v 0.092947 -0.029948 4.400814
v 0.093003 -0.037235 4.393551
v 0.093003 -0.037808 4.224707
v 0.100265 -0.030546 4.224583
v -0.075875 -0.037808 4.224707
v -0.083137 -0.030546 4.224525
v -0.083136 4.111469 4.056114
v -0.075846 4.109359 4.048600
v 0.100266 4.110811 4.056265
v 0.092947 4.109359 4.048600
v -0.075818 4.121669 4.400813
v -0.083136 4.121885 4.393166
v 0.100266 4.121902 4.393162
v 0.092948 4.121669 4.400813
v -0.075826 -0.032639 4.728710
v -0.083137 -0.032630 4.721450
v -0.075874 -0.039893 4.721447
v 0.092955 -0.032639 4.728710
v 0.093003 -0.039893 4.721447
v 0.100266 -0.032630 4.721450
v -0.083137 -0.032132 4.532414
v -0.075851 -0.032082 4.525149
v -0.075874 -0.039395 4.532411
v -0.075874 -0.039720 4.579663
v -0.083137 -0.032457 4.579783
v 0.100266 -0.032457 4.579783
v 0.093003 -0.039720 4.579663
v 0.092955 -0.032082 4.525149
v 0.100266 -0.032132 4.532417
v 0.093003 -0.039395 4.532411
v -0.083136 4.278463 4.532414
v -0.075850 4.278936 4.525148
v 0.100266 4.278463 4.532417
v 0.092956 4.278936 4.525148
v -0.075825 4.275475 4.728709
v -0.083136 4.275031 4.721450
v 0.100267 4.275031 4.721450
v 0.092956 4.275475 4.728709
v -0.070812 -0.030308 4.812962
v -0.063524 -0.030311 4.805687
v -0.063550 -0.037564 4.812950
v 0.116330 -0.030169 4.805687
v 0.123676 -0.030163 4.812973
v 0.116413 -0.037431 4.812950
v -0.070812 -0.030171 4.926519
v -0.063550 -0.037434 4.926555
v -0.063498 -0.030163 4.933817
v 0.123676 -0.030163 4.926519
v 0.116331 -0.030163 4.933817
v 0.116413 -0.037425 4.926555
v -0.063523 4.121930 4.805687
v -0.070812 4.121930 4.812961
v 0.123677 4.121930 4.812972
v 0.116331 4.121930 4.805687
v -0.070812 4.121930 4.926519
v -0.063497 4.121930 4.933817
v 0.116332 4.121930 4.933817
v 0.123677 4.121930 4.926519
v -0.096788 -0.036836 5.079783
v -0.104051 -0.029553 5.075016
v -0.032737 -0.036791 5.052015
v -0.034243 -0.029521 5.044753
v 0.047076 -0.036824 5.052015
v 0.051372 -0.029521 5.044753
v 0.113918 -0.037436 5.173656
v 0.121180 -0.030233 5.171624
v -0.032737 -0.037673 5.389701
v -0.034243 -0.030411 5.396964
v -0.096788 -0.037650 5.361934
v -0.104051 -0.030411 5.366702
v 0.113918 -0.037666 5.361934
v 0.121180 -0.030411 5.366702
v 0.049867 -0.037673 5.389701
v 0.051373 -0.030411 5.396964
v -0.087060 -0.031910 3.614141
v -0.080812 -0.031918 3.608202
v -0.079490 -0.039172 3.615938
v 0.102362 -0.039150 3.656556
v 0.109625 -0.031918 3.650736
v -0.078607 -0.038559 3.939838
v -0.080722 -0.031272 3.947752
v -0.086585 -0.031294 3.942416
v 0.109625 -0.031272 3.905239
v 0.102362 -0.038534 3.899419
v -0.080811 4.179228 3.608201
v -0.088075 4.179505 3.614208
v -0.080721 4.179228 3.947752
v -0.088075 4.179640 3.942259
v -0.052435 -0.038993 3.817333
v -0.059850 -0.031687 3.817050
v 0.102362 -0.038542 3.806986
v 0.109662 -0.031272 3.806986
v -0.102265 -0.037722 2.809230
v -0.109527 -0.030459 2.808593
v -0.102016 -0.030459 2.801957
v -0.102265 -0.037722 3.001553
v -0.101849 -0.030459 3.008809
v -0.109527 -0.030459 3.002124
v -0.109527 4.122976 2.808593
v -0.102015 4.122976 2.801957
v -0.101849 4.122976 3.008809
v -0.109527 4.122976 3.002124
v 0.139353 -0.037722 2.832882
v 0.144368 -0.030459 2.826076
v 0.184047 -0.037722 2.939087
v 0.192756 -0.030459 2.941058
v 0.140580 -0.037722 2.977781
v 0.143642 -0.030459 2.984778
v -0.080526 -0.029952 1.872221
v -0.076729 -0.037215 1.879506
v -0.114358 -0.037215 1.934025
v -0.121621 -0.029952 1.931762
v -0.114358 -0.037215 2.154361
v -0.121621 -0.029952 2.156309
v -0.076334 -0.037215 2.220163
v -0.080526 -0.029952 2.227426
v 0.082812 -0.037215 2.220163
v 0.086625 -0.029952 2.227424
v 0.127990 -0.037215 2.154490
v 0.135290 -0.029952 2.156673
v 0.123115 -0.037215 1.934044
v 0.130331 -0.029952 1.931466
v 0.081069 -0.037215 1.880407
v 0.084624 -0.029952 1.873163
v 0.149338 -0.029188 7.152567
v 0.142017 -0.029213 7.159987
v 0.142076 -0.036475 7.152724
v -0.109980 -0.030055 7.159987
v -0.117349 -0.030080 7.152541
v -0.110087 -0.037318 7.152724
v 0.149338 -0.029188 6.819161
v 0.142076 -0.036475 6.819095
v 0.142101 -0.029212 6.811832
v -0.117350 -0.030080 6.819304
v -0.109841 -0.030055 6.811832
v -0.110087 -0.037318 6.819095
v 0.149339 4.110703 7.152566
v 0.142017 4.110054 7.159986
v -0.109979 4.110054 7.159986
v -0.117349 4.110054 7.152540
v 0.149339 4.139909 6.819161
v 0.142102 4.139723 6.811831
v -0.117349 4.110054 6.819304
v -0.109840 4.110912 6.811831
v 0.224703 -0.037179 5.992504
v 0.224759 -0.029923 5.985362
v 0.332356 -0.029888 6.006383
v 0.327771 -0.037142 6.012641
v 0.366178 -0.029829 6.063741
v 0.358909 -0.037089 6.065464
v 0.365844 -0.029759 6.142076
v 0.358584 -0.037021 6.141799
v 0.365492 -0.029760 6.220274
v 0.358240 -0.037027 6.217719
v 0.325309 -0.029795 6.277456
v 0.321044 -0.037052 6.270651
v 0.219122 -0.029810 6.298382
v 0.219081 -0.037069 6.290744
v 0.106311 -0.029817 6.277413
v 0.109789 -0.037082 6.270429
v 0.047065 -0.029851 6.220104
v 0.053810 -0.037119 6.216280
v 0.033291 -0.029932 6.141749
v 0.040666 -0.037165 6.141506
v 0.047065 -0.029910 6.063590
v 0.053809 -0.037178 6.066927
v 0.106311 -0.029938 6.006288
v 0.109763 -0.037192 6.012809
v 0.166839 -0.033079 7.739196
v 0.174169 -0.033030 7.731661
v 0.174937 -0.040291 7.738924
v 0.342793 -0.032994 7.731661
v 0.350118 -0.033039 7.739391
v 0.343691 -0.040255 7.738924
v 0.170017 -0.032363 8.083876
v 0.162850 -0.032440 8.076180
v 0.170934 -0.039652 8.076613
v 0.346130 -0.032400 8.076173
v 0.338626 -0.032327 8.083876
v 0.339684 -0.039615 8.076613
v 0.343523 -0.040228 7.907604
v 0.349949 -0.033012 7.907650
v 0.174768 -0.040264 7.907776
v 0.166670 -0.033052 7.907595
v -0.331376 4.265996 7.739196
v -0.323813 4.263825 7.731661
v -0.155168 4.265924 7.731661
v -0.148021 4.267580 7.739390
v -0.332580 4.277123 8.076179
v -0.325219 4.276982 8.083876
v -0.149303 4.279422 8.076171
v -0.156589 4.279081 8.083876
v -0.044963 -0.029995 8.679574
v -0.052308 -0.029984 8.672298
v -0.044685 -0.037238 8.672849
v 0.123875 -0.029981 8.679399
v 0.124170 -0.037224 8.672673
v 0.131072 -0.029969 8.672108
v -0.054910 -0.029751 8.481672
v -0.047814 -0.029727 8.474382
v -0.047286 -0.037006 8.482179
v -0.046117 -0.037251 8.530575
v -0.053736 -0.029997 8.530338
v 0.129644 -0.029982 8.530146
v 0.122741 -0.037238 8.530631
v 0.121025 -0.029713 8.474208
v 0.128471 -0.029736 8.481483
v 0.121565 -0.036992 8.482005
v -0.259782 4.107980 8.176012
v -0.252583 4.107938 8.168728
v -0.076400 4.108854 8.175863
v -0.083765 4.108742 8.168552
v -0.258321 4.118262 8.364798
v -0.250993 4.119228 8.371998
v -0.074941 4.119136 8.364605
v -0.082205 4.120033 8.371820
v -0.096787 -0.036835 8.762843
v -0.104049 -0.029553 8.758076
v -0.032735 -0.036791 8.735076
v -0.034242 -0.029521 8.727814
v 0.047078 -0.036824 8.735076
v 0.051374 -0.029521 8.727814
v 0.113919 -0.037436 8.856717
v 0.121182 -0.030233 8.854685
v -0.032734 -0.037673 9.072764
v -0.034241 -0.030410 9.080027
v -0.096787 -0.037650 9.044995
v -0.104050 -0.030410 9.049763
v 0.113919 -0.037666 9.044995
v 0.121182 -0.030410 9.049763
v 0.049867 -0.037673 9.072764
v 0.051374 -0.030410 9.080027
v -0.087088 -0.031035 7.296981
v -0.080922 -0.031042 7.291235
v -0.079489 -0.038297 7.298997
v 0.102364 -0.038275 7.339614
v 0.109626 -0.031042 7.333795
v -0.078606 -0.037697 7.622899
v -0.080892 -0.030411 7.630850
v -0.086502 -0.030433 7.625098
v 0.109626 -0.030411 7.588299
v 0.102364 -0.037673 7.582480
v -0.080921 4.129196 7.291235
v -0.088074 4.129458 7.297046
v -0.080892 4.129196 7.630850
v -0.088074 4.129620 7.624931
v -0.052434 -0.038121 7.500391
v -0.059849 -0.030817 7.500108
v 0.102364 -0.037681 7.490046
v 0.109664 -0.030411 7.490046
v -0.102263 -0.037722 6.492291
v -0.109526 -0.030459 6.491585
v -0.102195 -0.030459 6.485001
v -0.102263 -0.037722 6.684614
v -0.102142 -0.030459 6.691899
v -0.109526 -0.030459 6.685297
v -0.109525 4.122976 6.491585
v -0.102195 4.122976 6.485000
v -0.102141 4.122976 6.691898
v -0.109525 4.122976 6.685296
v 0.139354 -0.037722 6.515943
v 0.144369 -0.030459 6.509137
v 0.184049 -0.037722 6.622148
v 0.192757 -0.030459 6.624118
v 0.140582 -0.037722 6.660842
v 0.143644 -0.030459 6.667840
v -0.080524 -0.027632 5.555281
v -0.076727 -0.034895 5.562565
v -0.114357 -0.034895 5.617085
v -0.121620 -0.027632 5.614822
v -0.114356 -0.034895 5.837423
v -0.121619 -0.027632 5.839370
v -0.076333 -0.034895 5.903223
v -0.080524 -0.027632 5.910486
v 0.082813 -0.034895 5.903223
v 0.086626 -0.027632 5.910484
v 0.127991 -0.034895 5.837547
v 0.135291 -0.027632 5.839730
v 0.123116 -0.034895 5.617103
v 0.130332 -0.027632 5.614524
v 0.081071 -0.034895 5.563465
v 0.084625 -0.027632 5.556221
v 0.046226 4.795052 6.594495
v 0.064208 4.840785 6.594914
v 0.010971 4.813511 7.474958
v 0.021682 4.837632 7.475490
v -0.167286 4.763143 8.271900
v -0.173727 4.769006 8.280101
v -0.167135 4.763805 8.288097
v -0.160619 4.768773 8.280126
v -0.240881 4.888991 7.887231
v -0.236943 4.913556 7.871717
v -0.240778 4.887996 7.859090
v -0.244804 4.914083 7.871517
v 0.017772 4.811316 6.991467
v 0.012311 4.802067 6.981812
v 0.006411 4.810310 6.991522
v 0.012198 4.801358 7.001028
v 0.064453 4.529910 2.911853
v 0.046079 4.503738 2.911406
v 0.011716 4.567292 3.793460
v 0.021829 4.577745 3.792422
v 0.027352 4.755258 4.863347
v 0.015814 4.782822 4.858254
v 0.005224 4.755316 4.863341
v 0.015829 4.782728 4.867905
v 0.008553 5.003329 4.628388
v 0.002011 5.009243 4.636564
v 0.008565 5.002950 4.644602
v 0.015096 5.009228 4.636565
v 0.008551 4.771711 4.176054
v 0.004686 4.799331 4.188481
v 0.008565 4.772589 4.204143
v 0.012519 4.798772 4.188651
v 0.012203 4.723248 3.317994
v 0.017798 4.732131 3.308412
v 0.012324 4.723940 3.298713
v 0.006372 4.731104 3.308465
v 0.186207 4.833741 -0.597854
v 0.168213 4.787933 -0.598238
v 0.010968 4.813511 0.108838
v 0.021680 4.837631 0.109370
v 0.015827 4.782727 1.184845
v 0.027350 4.755258 1.180287
v 0.015813 4.782821 1.175195
v 0.005223 4.755318 1.180281
v 0.008549 4.768386 0.945317
v 0.002001 4.773657 0.953501
v 0.008564 4.768013 0.961553
v 0.015105 4.773618 0.953505
v 0.008564 4.880934 0.521104
v 0.012545 4.905025 0.505594
v 0.008547 4.879993 0.492986
v 0.004669 4.905628 0.505396
v 0.012192 4.857914 -0.365106
v 0.017754 4.868649 -0.374653
v 0.012299 4.858634 -0.384286
v 0.006429 4.867656 -0.374597
v 0.046222 4.795050 -4.454686
v 0.064204 4.840784 -4.454266
v -0.020249 4.500400 -3.682232
v -0.006299 4.525778 -3.681526
v 0.015812 4.956466 -2.507863
v 0.005223 4.928303 -2.502778
v 0.015826 4.956374 -2.498217
v 0.027347 4.928243 -2.502772
v 0.002000 4.773656 -2.729559
v 0.008562 4.768013 -2.721507
v 0.015103 4.773617 -2.729555
v 0.008547 4.768386 -2.737743
v 0.008548 4.637316 -3.190063
v 0.004682 4.664860 -3.177631
v 0.008562 4.638133 -3.161975
v 0.012513 4.664329 -3.177470
v 0.006406 4.810309 -4.057657
v 0.012194 4.801357 -4.048152
v 0.017768 4.811316 -4.057713
v 0.012307 4.802066 -4.067368
v 0.046221 4.795052 -8.137746
v 0.064202 4.840782 -8.137326
v 0.010965 4.813509 -7.257282
v 0.021677 4.837631 -7.256751
v 0.005156 4.477675 -6.185858
v 0.015809 4.492810 -6.181172
v 0.027446 4.477579 -6.185838
v 0.015763 4.492970 -6.190990
v 0.008561 4.768013 -6.404568
v 0.015102 4.773617 -6.412615
v 0.008546 4.768386 -6.420803
v 0.001998 4.773656 -6.412620
v 0.006394 4.940399 -7.740716
v 0.012195 4.931818 -7.731204
v 0.017772 4.941468 -7.740778
v 0.012320 4.932585 -7.750439
v 0.110502 1.626763 -6.910913
v 0.117693 1.626763 -6.917164
v 0.113863 1.625062 -6.911967
v 0.117694 1.626763 -6.791350
v 0.110502 1.626763 -6.797602
v 0.115333 1.624319 -6.795180
v 0.117694 3.688170 -6.917165
v 0.110502 3.688170 -6.910913
v 0.113901 3.689492 -6.911896
v 0.110502 3.688170 -6.797602
v 0.117694 3.688170 -6.791351
v 0.113788 3.689448 -6.796689
v 0.252656 -0.039283 -7.839463
v 0.245347 -0.046545 -7.839946
v 0.084222 -0.039283 -7.850554
v 0.091450 -0.046545 -7.850076
v 0.235905 4.414277 -7.839463
v 0.228726 4.422805 -7.840074
v 0.235878 4.423017 -7.832353
v 0.105846 4.437236 -7.850555
v 0.113099 4.443708 -7.847829
v 0.229482 -0.046545 -7.942183
v 0.235877 -0.039282 -7.947758
v 0.084187 -0.039282 -7.989165
v 0.091102 -0.039282 -7.994209
v 0.091450 -0.046545 -7.986471
v 0.229024 -0.046545 -7.672667
v 0.235877 -0.039282 -7.667239
v 0.091102 -0.039282 -7.620788
v 0.084187 -0.039282 -7.625832
v 0.091450 -0.046545 -7.628526
v 0.228615 4.421540 -7.942461
v 0.235878 4.414277 -7.947758
v 0.091103 4.414277 -7.994210
v 0.085256 4.415362 -7.989245
v 0.092648 4.422784 -7.986200
v 0.231480 4.456888 -7.673442
v 0.235878 4.450058 -7.667240
v 0.235878 4.455843 -7.674350
v 0.084864 4.449611 -7.625800
v 0.091103 4.450058 -7.620788
v 0.092686 4.456888 -7.628910
v 0.239221 -0.046545 -9.318525
v 0.246484 -0.039283 -9.322557
v 0.191381 -0.046545 -9.348319
v 0.193458 -0.039283 -9.355581
v 0.139007 -0.046545 -9.352621
v 0.128425 -0.039282 -9.355581
v 0.075399 -0.039281 -9.322557
v 0.082661 -0.046545 -9.322557
v 0.184926 -0.046545 -8.973636
v 0.193458 -0.039281 -8.971249
v 0.246484 -0.039283 -9.004463
v 0.239221 -0.046545 -9.004272
v 0.082661 -0.046545 -9.008305
v 0.075399 -0.039281 -9.004272
v 0.128425 -0.039281 -8.971249
v 0.131667 -0.046545 -8.977785
v 0.182039 3.993165 -9.352386
v 0.193458 3.985903 -9.355581
v 0.246484 3.985902 -9.322557
v 0.231372 3.993165 -9.322557
v 0.082588 3.992975 -9.318463
v 0.075399 3.985903 -9.322557
v 0.128425 3.985903 -9.355581
v 0.131667 3.993165 -9.349045
v 0.238659 3.982188 -9.109547
v 0.246484 3.975980 -9.109680
v 0.193458 3.936099 -8.971249
v 0.185791 3.943323 -8.971249
v 0.082542 3.946724 -9.008681
v 0.075399 3.937871 -9.004272
v 0.081561 3.944923 -9.000435
v 0.192848 1.629542 -8.623251
v 0.192848 1.636482 -8.630507
v 0.200110 1.636805 -8.623244
v 0.129035 1.629542 -8.623251
v 0.121773 1.636805 -8.623244
v 0.129035 1.636482 -8.630507
v 0.200111 1.635296 -8.512864
v 0.192848 1.634937 -8.505602
v 0.192848 1.628018 -8.512856
v 0.121773 1.635296 -8.512864
v 0.129035 1.628018 -8.512856
v 0.129035 1.634937 -8.505602
v 0.192848 3.666597 -8.505602
v 0.200111 3.661266 -8.512864
v 0.192848 3.676265 -8.539051
v 0.200111 3.668880 -8.539209
v 0.129036 3.676265 -8.539051
v 0.121773 3.668880 -8.539209
v 0.129036 3.666597 -8.505602
v 0.121773 3.661266 -8.512864
v 0.192848 3.673700 -8.630507
v 0.192848 3.680590 -8.623254
v 0.200111 3.673197 -8.623244
v 0.129036 3.673700 -8.630507
v 0.121773 3.673197 -8.623244
v 0.129036 3.680590 -8.623254
v 0.129035 1.631336 -8.582924
v 0.121773 1.638606 -8.582767
v 0.192848 1.631336 -8.582924
v 0.200111 1.638606 -8.582767
v 0.282608 2.991182 -9.254419
v 0.289870 2.983920 -9.257030
v 0.288173 2.990126 -9.261401
v 0.289870 2.884532 -9.292750
v 0.282608 2.877270 -9.295361
v 0.284600 2.880317 -9.299321
v 0.042314 2.983920 -9.257030
v 0.049576 2.991182 -9.254419
v 0.048565 2.989125 -9.257491
v 0.050328 2.877270 -9.295361
v 0.042314 2.884338 -9.292820
v 0.065077 2.886509 -9.311333
v 0.064499 2.891986 -9.310327
v 0.289872 2.983920 -5.752209
v 0.282610 2.991182 -5.751499
v 0.284577 2.988585 -5.747971
v 0.282610 2.877270 -5.752209
v 0.289872 2.884533 -5.752209
v 0.283588 2.880352 -5.750269
v 0.049578 2.991182 -5.728709
v 0.042315 2.983920 -5.729543
v 0.045770 2.984884 -5.726933
v 0.049504 2.990307 -5.727448
v 0.042315 2.884338 -5.750707
v 0.050304 2.877270 -5.752209
v 0.047610 2.879868 -5.747971
v 0.216965 3.820802 -9.490168
v 0.221053 3.827112 -9.482905
v 0.259840 3.784083 -9.482905
v 0.253141 3.780668 -9.490168
v 0.271832 3.727448 -9.482905
v 0.264322 3.727853 -9.490168
v 0.253812 3.672387 -9.482905
v 0.247515 3.676495 -9.490168
v 0.210613 3.633651 -9.482905
v 0.207208 3.640353 -9.490168
v 0.153808 3.621619 -9.482905
v 0.154200 3.629126 -9.490168
v 0.098618 3.639514 -9.482905
v 0.102708 3.645823 -9.490168
v 0.059831 3.682543 -9.482905
v 0.066531 3.685958 -9.490168
v 0.047840 3.739177 -9.482905
v 0.055350 3.738772 -9.490168
v 0.065858 3.794237 -9.482904
v 0.072157 3.790130 -9.490168
v 0.109058 3.832974 -9.482905
v 0.112464 3.826272 -9.490168
v 0.165863 3.845008 -9.482904
v 0.165472 3.837500 -9.490168
v 0.110503 1.626763 -3.233310
v 0.117695 1.626763 -3.239561
v 0.113865 1.625062 -3.234363
v 0.117695 1.626763 -3.113746
v 0.110503 1.626763 -3.119997
v 0.115334 1.624319 -3.117576
v 0.117695 3.688171 -3.239561
v 0.110503 3.688171 -3.233310
v 0.113903 3.689492 -3.234292
v 0.110503 3.688171 -3.119997
v 0.117695 3.688171 -3.113746
v 0.113790 3.689449 -3.119084
v 0.213433 1.617938 -4.152997
v 0.206154 1.611311 -4.153479
v 0.119707 1.627504 -4.159171
v 0.126890 1.619492 -4.158695
v 0.204143 3.679509 -4.152997
v 0.196941 3.687941 -4.153609
v 0.131700 3.690746 -4.159172
v 0.138976 3.697204 -4.157022
v 0.197735 1.622082 -4.207918
v 0.204110 1.631175 -4.213284
v 0.119665 1.630746 -4.233117
v 0.126580 1.631175 -4.238161
v 0.126927 1.623461 -4.230430
v 0.197250 1.622720 -4.062463
v 0.204110 1.631176 -4.057121
v 0.126581 1.631176 -4.032246
v 0.119665 1.630860 -4.037290
v 0.126928 1.623585 -4.039981
v 0.196855 3.686830 -4.207986
v 0.204110 3.679509 -4.213285
v 0.126581 3.679509 -4.238161
v 0.120734 3.680492 -4.233196
v 0.128536 3.687924 -4.229993
v 0.196941 3.703656 -4.067232
v 0.204111 3.696951 -4.057122
v 0.120342 3.696653 -4.037259
v 0.126581 3.696951 -4.032246
v 0.127992 3.703856 -4.041077
v 0.207673 1.619664 -5.524985
v 0.199659 1.614228 -5.510056
v 0.200397 1.612455 -5.524661
v 0.200680 1.612352 -5.526612
v 0.201687 1.613904 -5.528471
v 0.149928 1.611683 -5.541206
v 0.141428 1.618832 -5.544036
v 0.148504 1.613146 -5.543684
v 0.111472 1.619855 -5.525719
v 0.120134 1.612581 -5.525271
v 0.151053 1.632256 -5.335356
v 0.176389 1.638321 -5.328376
v 0.206324 1.626154 -5.346314
v 0.191498 1.621290 -5.345962
v 0.118007 1.632824 -5.350457
v 0.110151 1.641450 -5.347635
v 0.139820 1.638378 -5.328654
v 0.141494 1.632271 -5.335429
v 0.170608 3.680064 -5.649131
v 0.182037 3.672626 -5.651852
v 0.211714 3.673556 -5.633081
v 0.196617 3.680832 -5.633578
v 0.122701 3.680996 -5.630056
v 0.115513 3.673707 -5.633813
v 0.145468 3.672683 -5.652131
v 0.148676 3.680275 -5.645960
v 0.202932 3.681306 -5.513420
v 0.210804 3.674967 -5.513187
v 0.180365 3.659497 -5.434750
v 0.172663 3.666725 -5.435188
v 0.121341 3.667886 -5.458663
v 0.114121 3.659479 -5.453844
v 0.120269 3.666739 -5.450336
v 0.192849 1.629542 -4.945645
v 0.192849 1.636482 -4.952901
v 0.200112 1.636806 -4.945638
v 0.129037 1.629542 -4.945645
v 0.121774 1.636805 -4.945638
v 0.129037 1.636482 -4.952901
v 0.200112 1.635296 -4.835260
v 0.192849 1.634938 -4.827997
v 0.192849 1.628018 -4.835252
v 0.121774 1.635296 -4.835260
v 0.129037 1.628018 -4.835252
v 0.129037 1.634938 -4.827997
v 0.192850 3.666597 -4.827998
v 0.200112 3.661266 -4.835260
v 0.192850 3.676265 -4.861447
v 0.200112 3.668880 -4.861605
v 0.129037 3.676265 -4.861447
v 0.121775 3.668880 -4.861605
v 0.129037 3.666597 -4.827998
v 0.121775 3.661267 -4.835260
v 0.192850 3.673700 -4.952901
v 0.192850 3.680590 -4.945648
v 0.200112 3.673197 -4.945639
v 0.129037 3.673701 -4.952901
v 0.121775 3.673198 -4.945639
v 0.129037 3.680590 -4.945648
v 0.129037 1.631336 -4.905319
v 0.121774 1.638606 -4.905163
v 0.192850 1.631336 -4.905319
v 0.200112 1.638606 -4.905163
v 0.290893 2.933725 -5.577353
v 0.298159 2.926367 -5.579667
v 0.296492 2.932417 -5.584264
v 0.298214 2.825779 -5.611852
v 0.290955 2.818437 -5.614241
v 0.292971 2.821340 -5.618296
v 0.050606 2.926639 -5.580931
v 0.057865 2.933981 -5.578542
v 0.056866 2.931818 -5.581544
v 0.058678 2.818692 -5.615427
v 0.050660 2.825854 -5.613180
v 0.073520 2.827344 -5.631639
v 0.072944 2.832854 -5.630831
v 0.280412 3.050270 -2.077082
v 0.273155 3.057561 -2.076666
v 0.275101 3.055088 -2.073039
v 0.273013 2.943695 -2.073349
v 0.280285 2.950945 -2.073569
v 0.273986 2.946843 -2.071515
v 0.040011 3.058622 -2.055081
v 0.032743 3.051343 -2.055694
v 0.036187 3.052395 -2.053102
v 0.039929 3.057792 -2.053790
v 0.032723 2.951075 -2.073325
v 0.040711 2.943950 -2.074535
v 0.037999 2.946699 -2.070406
v 0.110505 1.626763 0.444296
v 0.117696 1.626763 0.438044
v 0.113866 1.625063 0.443242
v 0.117697 1.626763 0.563858
v 0.110505 1.626763 0.557607
v 0.115336 1.624320 0.560028
v 0.117697 3.688171 0.438044
v 0.110505 3.688171 0.444295
v 0.113904 3.689493 0.443313
v 0.110505 3.688171 0.557607
v 0.117697 3.688171 0.563858
v 0.113791 3.689449 0.558520
v 0.216436 1.627880 -0.607345
v 0.209170 1.621328 -0.608528
v 0.122584 1.637645 -0.610586
v 0.129798 1.629674 -0.611254
v 0.200784 3.672928 -0.347156
v 0.193546 3.681331 -0.346570
v 0.128205 3.684463 -0.350567
v 0.135499 3.690638 -0.347751
v 0.199717 1.638830 -0.661015
v 0.205965 1.648561 -0.665304
v 0.121171 1.650181 -0.683520
v 0.127991 1.651280 -0.688592
v 0.128503 1.642655 -0.681904
v 0.201908 1.621125 -0.516656
v 0.208839 1.628877 -0.510414
v 0.131781 1.625324 -0.484355
v 0.124775 1.625610 -0.489274
v 0.132009 1.618771 -0.492991
v 0.192462 3.687083 -0.400641
v 0.199641 3.680527 -0.406951
v 0.121667 3.683245 -0.430239
v 0.115910 3.683563 -0.425086
v 0.123747 3.690574 -0.421111
v 0.195087 3.686032 -0.258915
v 0.202463 3.678145 -0.249860
v 0.119075 3.674895 -0.228699
v 0.125404 3.674592 -0.223802
v 0.126631 3.682563 -0.231715
v 0.209047 1.622830 -1.901773
v 0.201155 1.616600 -1.887091
v 0.201784 1.615599 -1.901773
v 0.202052 1.615599 -1.903730
v 0.203043 1.617249 -1.905512
v 0.151192 1.615599 -1.917956
v 0.142660 1.622870 -1.920343
v 0.149746 1.617188 -1.920343
v 0.112842 1.622870 -1.901773
v 0.121519 1.615599 -1.901773
v 0.153849 1.625327 -1.711324
v 0.179229 1.631066 -1.704225
v 0.209047 1.619918 -1.723002
v 0.194231 1.615012 -1.722795
v 0.120690 1.626623 -1.726124
v 0.112842 1.635073 -1.722795
v 0.142660 1.631066 -1.704225
v 0.144292 1.625327 -1.711324
v 0.167810 3.686830 -1.917149
v 0.179229 3.679568 -1.920343
v 0.209047 3.679568 -1.901773
v 0.193935 3.686830 -1.901773
v 0.120048 3.686664 -1.897692
v 0.112842 3.679568 -1.901773
v 0.142660 3.679568 -1.920343
v 0.145903 3.686830 -1.913807
v 0.201163 3.681001 -1.781808
v 0.209047 3.674674 -1.781967
v 0.179229 3.655043 -1.704225
v 0.171513 3.662269 -1.704225
v 0.120012 3.664561 -1.727220
v 0.112842 3.655898 -1.722795
v 0.119005 3.662976 -1.718957
v 0.192851 1.629542 -1.268041
v 0.192851 1.636482 -1.275296
v 0.200113 1.636806 -1.268034
v 0.129038 1.629542 -1.268041
v 0.121776 1.636806 -1.268034
v 0.129038 1.636482 -1.275296
v 0.200113 1.635296 -1.157655
v 0.192851 1.634938 -1.150393
v 0.192851 1.628019 -1.157647
v 0.121776 1.635296 -1.157655
v 0.129038 1.628019 -1.157647
v 0.129038 1.634938 -1.150393
v 0.192851 3.666598 -1.150393
v 0.200114 3.661267 -1.157655
v 0.192851 3.676265 -1.183843
v 0.200114 3.668881 -1.184001
v 0.129039 3.676265 -1.183843
v 0.121776 3.668881 -1.184001
v 0.129039 3.666598 -1.150393
v 0.121776 3.661266 -1.157655
v 0.192851 3.673701 -1.275297
v 0.192851 3.680590 -1.268044
v 0.200114 3.673198 -1.268034
v 0.129039 3.673701 -1.275296
v 0.121776 3.673198 -1.268034
v 0.129039 3.680591 -1.268044
v 0.129038 1.631337 -1.227714
v 0.121776 1.638607 -1.227558
v 0.192851 1.631337 -1.227714
v 0.200114 1.638606 -1.227558
v 0.282611 2.991183 -1.899211
v 0.289873 2.983920 -1.901821
v 0.288176 2.990127 -1.906193
v 0.289873 2.884533 -1.937542
v 0.282611 2.877270 -1.940153
v 0.284603 2.880317 -1.944113
v 0.042317 2.983920 -1.901821
v 0.049579 2.991183 -1.899211
v 0.048568 2.989125 -1.902283
v 0.050331 2.877270 -1.940152
v 0.042316 2.884338 -1.937612
v 0.065080 2.886510 -1.956124
v 0.064502 2.891986 -1.955118
v 0.289875 2.983921 1.603000
v 0.282612 2.991183 1.603710
v 0.284580 2.988586 1.607237
v 0.282612 2.877271 1.603000
v 0.289875 2.884533 1.603000
v 0.283591 2.880353 1.604939
v 0.049581 2.991183 1.626499
v 0.042318 2.983921 1.625666
v 0.045773 2.984885 1.628276
v 0.049507 2.990308 1.627760
v 0.042318 2.884338 1.604502
v 0.050307 2.877271 1.603000
v 0.047613 2.879869 1.607238
v 0.110506 1.626763 4.121900
v 0.117698 1.626763 4.115648
v 0.113868 1.625063 4.120846
v 0.117698 1.626763 4.241463
v 0.110506 1.626763 4.235211
v 0.115337 1.624320 4.237633
v 0.117698 3.688171 4.115648
v 0.110506 3.688171 4.121899
v 0.113905 3.689493 4.120917
v 0.110506 3.688171 4.235211
v 0.117698 3.688171 4.241462
v 0.113792 3.689449 4.236125
v 0.213436 1.617938 3.202211
v 0.206157 1.611312 3.201729
v 0.119710 1.627505 3.196037
v 0.126893 1.619492 3.196512
v 0.204146 3.679510 3.202211
v 0.196944 3.687942 3.201599
v 0.131703 3.690747 3.196037
v 0.138979 3.697204 3.198186
v 0.197738 1.622082 3.147291
v 0.204113 1.631176 3.141924
v 0.119668 1.630747 3.122092
v 0.126583 1.631176 3.117048
v 0.126930 1.623462 3.124779
v 0.197253 1.622720 3.292744
v 0.204113 1.631176 3.298086
v 0.126583 1.631176 3.322963
v 0.119668 1.630861 3.317919
v 0.126930 1.623585 3.315227
v 0.196858 3.686831 3.147223
v 0.204113 3.679510 3.141924
v 0.126584 3.679510 3.117048
v 0.120737 3.680493 3.122013
v 0.128539 3.687924 3.125216
v 0.196944 3.703656 3.287976
v 0.204114 3.696952 3.298086
v 0.120345 3.696654 3.317950
v 0.126584 3.696952 3.322963
v 0.127994 3.703856 3.314131
v 0.221702 1.628563 1.994679
v 0.215935 1.625727 2.011272
v 0.214674 1.621545 1.997205
v 0.214686 1.621117 1.995277
v 0.215397 1.622334 1.993065
v 0.162422 1.618287 1.988230
v 0.153483 1.624908 1.985471
v 0.160642 1.619324 1.985768
v 0.126340 1.629116 2.007368
v 0.135113 1.621974 2.007799
v 0.191683 1.672821 2.185634
v 0.217628 1.679834 2.187906
v 0.245007 1.664701 2.168225
v 0.230463 1.660038 2.171445
v 0.156860 1.671035 2.175414
v 0.149314 1.680050 2.177838
v 0.181379 1.680030 2.192733
v 0.182209 1.672872 2.186895
v 0.130079 3.639739 1.537720
v 0.141155 3.631894 1.534698
v 0.173124 3.635784 1.548723
v 0.157973 3.642952 1.549143
v 0.085268 3.644073 1.562880
v 0.077763 3.636297 1.561422
v 0.104905 3.632089 1.539525
v 0.108798 3.640585 1.543844
v 0.180868 3.663382 1.665490
v 0.188812 3.657131 1.665666
v 0.169824 3.655083 1.749054
v 0.162005 3.662176 1.748506
v 0.107912 3.659674 1.732565
v 0.101585 3.652223 1.739670
v 0.108025 3.659935 1.741034
v 0.192852 1.629543 2.409562
v 0.192852 1.636483 2.402307
v 0.200115 1.636806 2.409569
v 0.129040 1.629543 2.409562
v 0.121777 1.636806 2.409569
v 0.129040 1.636483 2.402307
v 0.200115 1.635297 2.519949
v 0.192852 1.634938 2.527211
v 0.192852 1.628019 2.519957
v 0.121777 1.635297 2.519949
v 0.129040 1.628019 2.519957
v 0.129040 1.634938 2.527211
v 0.192853 3.666598 2.527211
v 0.200115 3.661267 2.519949
v 0.192853 3.676265 2.493762
v 0.200115 3.668881 2.493603
v 0.129040 3.676265 2.493762
v 0.121778 3.668881 2.493603
v 0.129040 3.666598 2.527211
v 0.121778 3.661267 2.519949
v 0.192853 3.673701 2.402307
v 0.192853 3.680591 2.409560
v 0.200115 3.673198 2.409569
v 0.129040 3.673701 2.402307
v 0.121778 3.673198 2.409569
v 0.129040 3.680591 2.409560
v 0.129040 1.631337 2.449888
v 0.121777 1.638607 2.450044
v 0.192853 1.631337 2.449888
v 0.200115 1.638607 2.450044
v 0.282612 2.762324 1.778392
v 0.289875 2.755062 1.775782
v 0.288177 2.761268 1.771410
v 0.289875 2.655675 1.740062
v 0.282612 2.648412 1.737452
v 0.284604 2.651459 1.733491
v 0.042318 2.755062 1.775782
v 0.049581 2.762324 1.778393
v 0.048569 2.760267 1.775321
v 0.050332 2.648412 1.737452
v 0.042318 2.655480 1.739992
v 0.065081 2.657651 1.721480
v 0.064503 2.663128 1.722486
v 0.289876 2.755062 5.280604
v 0.282614 2.762325 5.281314
v 0.284581 2.759727 5.284842
v 0.282614 2.648413 5.280604
v 0.289876 2.655675 5.280604
v 0.283593 2.651495 5.282543
v 0.049582 2.762325 5.304104
v 0.042319 2.755062 5.303270
v 0.045775 2.756026 5.305880
v 0.049508 2.761449 5.305365
v 0.042319 2.655480 5.282106
v 0.050308 2.648413 5.280604
v 0.047615 2.651010 5.284842
v 0.246521 -0.046544 8.597533
v 0.253759 -0.039281 8.595922
v 0.216056 -0.046544 8.528578
v 0.219850 -0.039281 8.519182
v 0.102784 -0.046544 8.526375
v 0.095394 -0.039281 8.518335
v 0.070055 -0.046544 8.602735
v 0.064178 -0.039281 8.595936
v 0.064179 -0.039281 8.840963
v 0.070715 -0.046544 8.837797
v 0.095394 -0.039281 8.905935
v 0.098439 -0.046544 8.895500
v 0.110507 1.626764 7.799504
v 0.117699 1.626764 7.793253
v 0.113869 1.625063 7.798450
v 0.117699 1.626764 7.919067
v 0.110508 1.626764 7.912816
v 0.115338 1.624320 7.915237
v 0.117699 3.688171 7.793252
v 0.110508 3.688171 7.799504
v 0.113907 3.689493 7.798522
v 0.110508 3.688172 7.912816
v 0.117699 3.688172 7.919067
v 0.113794 3.689450 7.913729
v 0.211498 1.618705 6.934248
v 0.204210 1.612074 6.934057
v 0.117840 1.628084 6.926880
v 0.125004 1.620095 6.927825
v 0.206210 3.677501 6.827032
v 0.199028 3.685902 6.825928
v 0.133836 3.688514 6.819736
v 0.141108 3.695063 6.821601
v 0.196217 1.620013 6.879069
v 0.202650 1.628805 6.873286
v 0.118354 1.627477 6.852868
v 0.125307 1.627632 6.847861
v 0.125581 1.620330 6.855984
v 0.194653 1.628213 7.024287
v 0.201490 1.636924 7.029233
v 0.123777 1.638337 7.053491
v 0.116899 1.637771 7.048419
v 0.124167 1.630354 7.046163
v 0.199345 3.681965 6.771683
v 0.206625 3.674367 6.766827
v 0.129282 3.673194 6.741403
v 0.123401 3.674443 6.746265
v 0.131193 3.682019 6.749136
v 0.198417 3.706085 6.911368
v 0.205498 3.699904 6.921867
v 0.121583 3.700769 6.941089
v 0.127786 3.701317 6.946126
v 0.129275 3.707752 6.936959
v 0.240091 -0.046544 5.390376
v 0.247354 -0.039281 5.386343
v 0.191716 -0.046544 5.360249
v 0.193792 -0.039281 5.352986
v 0.138684 -0.046544 5.355946
v 0.128102 -0.039281 5.352986
v 0.074540 -0.039280 5.386343
v 0.081802 -0.046544 5.386343
v 0.185260 -0.046544 5.738819
v 0.193792 -0.039280 5.741206
v 0.247354 -0.039281 5.707664
v 0.240092 -0.046544 5.707848
v 0.081803 -0.046544 5.703815
v 0.074540 -0.039280 5.707848
v 0.128102 -0.039280 5.741206
v 0.131344 -0.046544 5.734669
v 0.182373 4.158866 5.356179
v 0.193793 4.151604 5.352985
v 0.247354 4.151603 5.386343
v 0.232242 4.158866 5.386343
v 0.081730 4.158676 5.390438
v 0.074541 4.151604 5.386343
v 0.128102 4.151604 5.352985
v 0.131344 4.158866 5.359522
v 0.239529 4.147780 5.601501
v 0.247354 4.141573 5.601362
v 0.193793 4.101256 5.741205
v 0.186126 4.108481 5.741205
v 0.081683 4.111904 5.703439
v 0.074541 4.103048 5.707848
v 0.080703 4.110100 5.711685
v 0.192854 1.629543 6.087167
v 0.192854 1.636483 6.079912
v 0.200116 1.636806 6.087174
v 0.129041 1.629543 6.087167
v 0.121778 1.636806 6.087174
v 0.129041 1.636483 6.079912
v 0.200116 1.635297 6.197553
v 0.192854 1.634938 6.204815
v 0.192854 1.628019 6.197561
v 0.121779 1.635297 6.197553
v 0.129041 1.628019 6.197561
v 0.129041 1.634938 6.204815
v 0.192854 3.666598 6.204815
v 0.200117 3.661267 6.197552
v 0.192854 3.676266 6.171366
v 0.200117 3.668881 6.171207
v 0.129042 3.676266 6.171366
v 0.121779 3.668881 6.171207
v 0.129042 3.666598 6.204815
v 0.121779 3.661267 6.197552
v 0.192854 3.673701 6.079911
v 0.192854 3.680591 6.087164
v 0.200117 3.673198 6.087174
v 0.129042 3.673702 6.079911
v 0.121779 3.673198 6.087174
v 0.129042 3.680591 6.087164
v 0.129041 1.631337 6.127493
v 0.121778 1.638607 6.127649
v 0.192854 1.631337 6.127493
v 0.200117 1.638607 6.127649
v 0.259330 -0.039281 8.841751
v 0.253263 -0.046544 8.834490
v 0.222364 -0.039281 8.905933
v 0.205400 -0.046544 8.897946
v 0.282614 2.991183 5.455998
v 0.289876 2.983921 5.453388
v 0.288179 2.990127 5.449016
v 0.289876 2.884534 5.417666
v 0.282614 2.877271 5.415056
v 0.284606 2.880318 5.411096
v 0.042319 2.983921 5.453388
v 0.049582 2.991183 5.455998
v 0.048571 2.989126 5.452926
v 0.050334 2.877271 5.415056
v 0.042319 2.884339 5.417596
v 0.065083 2.886510 5.399086
v 0.064505 2.891987 5.400091
v 0.289878 2.983921 8.958208
v 0.282615 2.991184 8.958919
v 0.284583 2.988586 8.962446
v 0.282615 2.877271 8.958208
v 0.289878 2.884534 8.958208
v 0.283594 2.880354 8.960147
v 0.049583 2.991184 8.981708
v 0.042321 2.983921 8.980875
v 0.045776 2.984885 8.983484
v 0.049509 2.990308 8.982969
v 0.042321 2.884339 8.959710
v 0.050310 2.877271 8.958208
v 0.047616 2.879869 8.962446
v 0.219558 3.827909 9.139825
v 0.215515 3.821570 9.147087
v 0.252095 3.781675 9.147087
v 0.258763 3.785149 9.139825
v 0.263861 3.728880 9.147087
v 0.271374 3.728558 9.139825
v 0.247665 3.677337 9.147087
v 0.254010 3.673301 9.139825
v 0.207855 3.640850 9.147087
v 0.211325 3.634179 9.139825
v 0.155088 3.629190 9.147087
v 0.154753 3.621679 9.139824
v 0.103499 3.645489 9.147087
v 0.099459 3.639148 9.139825
v 0.066919 3.685384 9.147087
v 0.060252 3.681908 9.139825
v 0.055153 3.738179 9.147087
v 0.047641 3.738500 9.139825
v 0.071349 3.789722 9.147087
v 0.065004 3.793759 9.139825
v 0.111159 3.826209 9.147087
v 0.107692 3.832880 9.139825
v 0.163926 3.837869 9.147087
v 0.164262 3.845379 9.139825
v 0.279239 1.578144 -9.217628
v 0.283326 1.584454 -9.210365
v 0.330555 1.532061 -9.210365
v 0.323857 1.528645 -9.217628
v 0.345156 1.463100 -9.210365
v 0.337647 1.463505 -9.217628
v 0.323215 1.396056 -9.210365
v 0.316918 1.400164 -9.217628
v 0.270615 1.348891 -9.210365
v 0.267209 1.355592 -9.217628
v 0.201448 1.334239 -9.210365
v 0.201839 1.341746 -9.217628
v 0.134247 1.356029 -9.210365
v 0.138336 1.362339 -9.217628
v 0.087019 1.408422 -9.210365
v 0.093718 1.411837 -9.217628
v 0.072419 1.477382 -9.210365
v 0.079928 1.476977 -9.217628
v 0.094358 1.544424 -9.210365
v 0.100657 1.540318 -9.217628
v 0.146958 1.591592 -9.210365
v 0.150366 1.584890 -9.217628
v 0.216125 1.606244 -9.210365
v 0.215736 1.598736 -9.217628
v 0.281505 1.585423 8.978756
v 0.277461 1.579085 8.986019
v 0.322574 1.529884 8.986019
v 0.329243 1.533357 8.978756
v 0.337084 1.464774 8.986019
v 0.344597 1.464450 8.978756
v 0.317110 1.401205 8.986019
v 0.323454 1.397168 8.978757
v 0.268010 1.356204 8.986019
v 0.271480 1.349533 8.978757
v 0.202932 1.341823 8.986019
v 0.202597 1.334312 8.978757
v 0.139309 1.361924 8.986019
v 0.135269 1.355584 8.978757
v 0.094196 1.411125 8.986019
v 0.087530 1.407649 8.978757
v 0.079687 1.476236 8.986019
v 0.072175 1.476558 8.978757
v 0.099660 1.539804 8.986019
v 0.093316 1.543841 8.978757
v 0.148761 1.584805 8.986019
v 0.145294 1.591476 8.978757
v 0.213839 1.599186 8.986019
v 0.214176 1.606696 8.978757
v 0.209047 1.622830 0.000353
v 0.201155 1.616600 0.015035
v 0.201785 1.615599 0.000353
v 0.202053 1.615599 -0.001603
v 0.203044 1.617250 -0.003386
v 0.151192 1.615599 -0.015830
v 0.142660 1.622870 -0.018217
v 0.149747 1.617188 -0.018217
v 0.112843 1.622870 0.000353
v 0.121520 1.615599 0.000353
v 0.153850 1.625327 0.190802
v 0.179230 1.631066 0.197902
v 0.209047 1.619918 0.179124
v 0.194231 1.615012 0.179332
v 0.120691 1.626623 0.176002
v 0.112843 1.635073 0.179332
v 0.142660 1.631066 0.197902
v 0.144293 1.625327 0.190802
v 0.167811 3.686831 -0.015023
v 0.179230 3.679568 -0.018217
v 0.209048 3.679568 0.000353
v 0.193936 3.686831 0.000353
v 0.120049 3.686664 0.004434
v 0.112843 3.679568 0.000353
v 0.142660 3.679568 -0.018217
v 0.145903 3.686831 -0.011681
v 0.201164 3.681001 0.120319
v 0.209048 3.674675 0.120159
v 0.179230 3.655044 0.197901
v 0.171514 3.662269 0.197901
v 0.120013 3.664561 0.174906
v 0.112843 3.655898 0.179331
v 0.119006 3.662977 0.183170
v 0.214715 1.630998 5.151623
v 0.222000 1.622939 5.150090
v 0.214322 1.604325 5.099803
v 0.208109 1.606639 5.093491
v 0.222000 1.529357 5.132285
v 0.214217 1.522179 5.130919
v 0.193140 1.534171 5.092892
v 0.205096 1.540084 5.098015
v 0.093567 1.623169 5.150134
v 0.100830 1.630998 5.151623
v 0.098227 1.627301 5.147457
v 0.101068 1.522179 5.130919
v 0.093567 1.529628 5.132337
v 0.108835 1.526301 5.110983
v 0.106084 1.532190 5.111428
v 0.222002 2.536681 8.945531
v 0.214717 2.544307 8.945268
v 0.218635 2.542561 8.950065
v 0.214218 2.445803 8.967409
v 0.222002 2.452277 8.965851
v 0.217039 2.450616 8.969633
v 0.100831 2.549903 8.968513
v 0.093568 2.542745 8.969810
v 0.095745 2.544008 8.972983
v 0.100588 2.549110 8.971460
v 0.093568 2.452954 8.967587
v 0.101070 2.445803 8.967409
v 0.096935 2.449899 8.972372
v 0.110642 1.630997 -5.499414
v 0.103357 1.622938 -5.497880
v 0.111036 1.604325 -5.447594
v 0.117249 1.606638 -5.441282
v 0.103357 1.529357 -5.480075
v 0.111141 1.522178 -5.478710
v 0.132217 1.534170 -5.440682
v 0.120261 1.540084 -5.445805
v 0.231791 1.623169 -5.497924
v 0.224528 1.630997 -5.499414
v 0.227131 1.627300 -5.495248
v 0.224289 1.522178 -5.478710
v 0.231791 1.529628 -5.480127
v 0.216522 1.526300 -5.458774
v 0.219274 1.532189 -5.459219
v 0.103355 2.536679 -9.293323
v 0.110641 2.544306 -9.293059
v 0.106722 2.542559 -9.297856
v 0.111139 2.445801 -9.315201
v 0.103355 2.452276 -9.313643
v 0.108319 2.450614 -9.317425
v 0.224526 2.549901 -9.316305
v 0.231789 2.542744 -9.317601
v 0.229612 2.544007 -9.320775
v 0.224769 2.549109 -9.319252
v 0.231789 2.452952 -9.315378
v 0.224287 2.445801 -9.315201
v 0.228422 2.449898 -9.320164
v -0.533899 -0.457623 -7.443405
v -0.539525 -0.452930 -7.435970
v -0.544148 -0.458531 -7.443233
v -0.674441 -0.340378 -7.435970
v -0.680107 -0.335652 -7.443432
v -0.679202 -0.345864 -7.443233
v -0.533899 -0.457623 -7.677993
v -0.544148 -0.458531 -7.678063
v -0.539452 -0.452991 -7.685326
v -0.680107 -0.335652 -7.677835
v -0.674323 -0.340477 -7.685325
v -0.679202 -0.345864 -7.678062
v 1.439663 1.890963 -7.443406
v 1.433608 1.895144 -7.435971
v 1.299096 2.008178 -7.435971
v 1.293447 2.012924 -7.443433
v 1.448093 1.912234 -7.685326
v 1.453757 1.907735 -7.677994
v 1.293447 2.012924 -7.677836
v 1.299806 2.008784 -7.685326
v -0.309534 -0.581039 -8.421494
v -0.305618 -0.574932 -8.428882
v -0.240627 -0.615886 -8.413881
v -0.248376 -0.619574 -8.407380
v -0.220165 -0.628716 -8.372901
v -0.230188 -0.630979 -8.370935
v -0.220324 -0.628519 -8.316920
v -0.230341 -0.630790 -8.316953
v -0.220520 -0.628360 -8.260941
v -0.230532 -0.630640 -8.263245
v -0.244786 -0.613057 -8.219959
v -0.252275 -0.616919 -8.226518
v -0.308910 -0.572612 -8.204960
v -0.312822 -0.578735 -8.212356
v -0.377039 -0.529655 -8.219959
v -0.377974 -0.537661 -8.226699
v -0.412840 -0.507128 -8.260941
v -0.411015 -0.516878 -8.264517
v -0.421206 -0.501957 -8.316920
v -0.418829 -0.512010 -8.316920
v -0.412896 -0.507217 -8.372901
v -0.411068 -0.516963 -8.369325
v -0.377143 -0.529819 -8.413880
v -0.378089 -0.537798 -8.407118
v -0.593231 -0.378423 -6.785552
v -0.587672 -0.383096 -6.792814
v -0.592344 -0.388655 -6.785552
v -0.498546 -0.457991 -6.792814
v -0.492985 -0.462662 -6.785552
v -0.503217 -0.463550 -6.785552
v -0.587385 -0.382755 -6.540554
v -0.592961 -0.378102 -6.547816
v -0.592073 -0.388334 -6.547816
v -0.492715 -0.462340 -6.547816
v -0.498259 -0.457649 -6.540554
v -0.502947 -0.463228 -6.547816
v -0.503206 -0.463536 -6.666684
v -0.492974 -0.462649 -6.666809
v -0.592332 -0.388642 -6.666684
v -0.593220 -0.378410 -6.666866
v 1.312510 1.878166 -6.792815
v 1.308258 1.884395 -6.785552
v 1.312529 1.886340 -6.789757
v 1.408079 1.799649 -6.785552
v 1.401636 1.803271 -6.792815
v 1.409685 1.804698 -6.789757
v 1.312736 1.889722 -6.547817
v 1.318164 1.884894 -6.540554
v 1.317576 1.892597 -6.544895
v 1.407291 1.810000 -6.540554
v 1.412993 1.805496 -6.547817
v 1.414980 1.810747 -6.544895
v -0.480216 -0.481441 -6.196606
v -0.486213 -0.477240 -6.203875
v -0.484421 -0.487353 -6.203868
v -0.384897 -0.548067 -6.196606
v -0.389004 -0.554047 -6.203868
v -0.378891 -0.552255 -6.203875
v -0.486031 -0.476980 -6.335126
v -0.480028 -0.481119 -6.342399
v -0.484240 -0.487093 -6.335136
v -0.484356 -0.487260 -6.303354
v -0.486148 -0.477147 -6.303228
v -0.378826 -0.552163 -6.303228
v -0.388939 -0.553954 -6.303354
v -0.384684 -0.547763 -6.342399
v -0.378709 -0.551996 -6.335115
v -0.388822 -0.553788 -6.335136
v 1.210303 1.949903 -6.335126
v 1.216533 1.946087 -6.342399
v 1.311877 1.879444 -6.342399
v 1.317625 1.874887 -6.335116
v 1.215234 1.944176 -6.196606
v 1.208995 1.948032 -6.203876
v 1.316317 1.873016 -6.203876
v 1.310553 1.877550 -6.196606
v -0.591492 -0.373521 -6.071328
v -0.585874 -0.378246 -6.078625
v -0.590601 -0.383749 -6.071362
v -0.490881 -0.457942 -6.078625
v -0.485121 -0.462774 -6.071295
v -0.495357 -0.463667 -6.071362
v -0.591433 -0.373450 -5.994228
v -0.590545 -0.383683 -5.994119
v -0.585746 -0.378218 -5.986856
v -0.485121 -0.462774 -5.994225
v -0.490875 -0.457939 -5.986856
v -0.495354 -0.463662 -5.994119
v 1.314341 1.894465 -6.071329
v 1.319961 1.889742 -6.078626
v 1.414891 1.809972 -6.078626
v 1.420647 1.805135 -6.071295
v 1.320023 1.889691 -5.986856
v 1.314341 1.894465 -5.994228
v 1.420647 1.805135 -5.994226
v 1.414893 1.809970 -5.986856
v -0.486006 -0.355332 -5.809298
v -0.486312 -0.345562 -5.814323
v -0.450219 -0.385371 -5.828572
v -0.446451 -0.379042 -5.835797
v -0.408230 -0.420717 -5.828367
v -0.399702 -0.418350 -5.835569
v -0.380205 -0.444807 -5.743484
v -0.369693 -0.444236 -5.744767
v -0.471094 -0.368685 -5.591132
v -0.467465 -0.362255 -5.583832
v -0.502770 -0.342014 -5.610147
v -0.503882 -0.331622 -5.605684
v -0.390936 -0.436067 -5.610188
v -0.380899 -0.435033 -5.605086
v -0.426663 -0.406046 -5.590916
v -0.420716 -0.401564 -5.583605
v -0.796273 -0.381377 -7.209774
v -0.792109 -0.385926 -7.215516
v -0.796486 -0.391885 -7.207753
v -0.711746 -0.484190 -7.179677
v -0.701506 -0.484651 -7.185492
v -0.795583 -0.392250 -6.981149
v -0.791756 -0.385643 -6.973196
v -0.795569 -0.381522 -6.978945
v -0.701174 -0.484346 -7.003212
v -0.711435 -0.483905 -7.009028
v 1.390069 1.626426 -7.209709
v 1.394711 1.620980 -7.215517
v 1.394731 1.620958 -6.973197
v 1.390187 1.626535 -6.979111
v -0.783578 -0.405786 -7.066093
v -0.783209 -0.395385 -7.066376
v -0.711441 -0.483911 -7.073583
v -0.701148 -0.484374 -7.073583
v -0.625834 -0.346363 -8.013278
v -0.626722 -0.336131 -8.013987
v -0.621110 -0.340847 -8.020569
v -0.625834 -0.346364 -7.880084
v -0.621069 -0.340882 -7.872798
v -0.626722 -0.336131 -7.879399
v 1.279663 1.932512 -8.013988
v 1.285275 1.927796 -8.020570
v 1.285316 1.927762 -7.872799
v 1.279663 1.932512 -7.879400
v -0.496461 -0.455078 -7.996684
v -0.487945 -0.452748 -8.003489
v -0.472830 -0.474936 -7.923103
v -0.461496 -0.474973 -7.921136
v -0.495363 -0.456001 -7.896820
v -0.488341 -0.452415 -7.889824
v -0.484453 -0.480346 -8.911254
v -0.485496 -0.488478 -8.903970
v -0.506709 -0.473651 -8.866353
v -0.508501 -0.463537 -8.868610
v -0.506709 -0.473651 -8.709727
v -0.508501 -0.463537 -8.707786
v -0.485173 -0.488704 -8.664114
v -0.484453 -0.480346 -8.656852
v -0.393934 -0.552478 -8.664114
v -0.386642 -0.548714 -8.656853
v -0.368310 -0.570388 -8.709702
v -0.358166 -0.568618 -8.707525
v -0.371138 -0.568411 -8.866250
v -0.361063 -0.566593 -8.868822
v -0.394891 -0.551809 -8.903336
v -0.387811 -0.547897 -8.910580
v -0.489617 -0.472065 -3.850994
v -0.495239 -0.467373 -3.843574
v -0.499865 -0.472972 -3.850836
v -0.630138 -0.354782 -3.843574
v -0.635796 -0.350060 -3.851021
v -0.634892 -0.360274 -3.850836
v -0.489617 -0.472065 -4.085599
v -0.499865 -0.472972 -4.085667
v -0.495173 -0.467428 -4.092930
v -0.635796 -0.350060 -4.085455
v -0.630032 -0.354871 -4.092929
v -0.634893 -0.360274 -4.085667
v 1.410665 1.789316 -3.850995
v 1.404643 1.793530 -3.843575
v 1.270121 1.906572 -3.843575
v 1.264479 1.911313 -3.851022
v 1.418183 1.809512 -4.092930
v 1.423845 1.804999 -4.085599
v 1.264479 1.911313 -4.085456
v 1.270780 1.907139 -4.092930
v -0.440596 -0.516066 -4.829096
v -0.436397 -0.510150 -4.836483
v -0.373415 -0.554130 -4.821484
v -0.381329 -0.557446 -4.814982
v -0.353580 -0.567909 -4.780503
v -0.363699 -0.569696 -4.778538
v -0.353726 -0.567701 -4.724524
v -0.363839 -0.569497 -4.724557
v -0.353913 -0.567531 -4.668543
v -0.364023 -0.569335 -4.670848
v -0.377429 -0.551098 -4.627563
v -0.385093 -0.554601 -4.634121
v -0.439569 -0.507666 -4.612563
v -0.443766 -0.513597 -4.619959
v -0.505590 -0.461535 -4.627563
v -0.506903 -0.469490 -4.634303
v -0.540288 -0.437344 -4.668543
v -0.538926 -0.447169 -4.672120
v -0.548403 -0.431788 -4.724524
v -0.546503 -0.441941 -4.724524
v -0.540353 -0.437436 -4.780503
v -0.538988 -0.447257 -4.776927
v -0.505710 -0.461706 -4.821484
v -0.507031 -0.469630 -4.814721
v -0.578937 -0.381947 -3.192915
v -0.573356 -0.386638 -3.200417
v -0.578049 -0.392180 -3.193155
v -0.484295 -0.461478 -3.200417
v -0.478690 -0.466186 -3.192769
v -0.488923 -0.467074 -3.193155
v -0.573066 -0.386336 -2.948157
v -0.578684 -0.381647 -2.955801
v -0.577795 -0.391878 -2.955420
v -0.478438 -0.465885 -2.955806
v -0.484025 -0.461159 -2.948157
v -0.488669 -0.466772 -2.955420
v -0.488912 -0.467061 -3.074287
v -0.478680 -0.466173 -3.074416
v -0.578038 -0.392167 -3.074287
v -0.578926 -0.381935 -3.074476
v 1.260020 1.806455 -3.192916
v 1.264335 1.800257 -3.200418
v 1.353396 1.725417 -3.200418
v 1.359870 1.721745 -3.192770
v 1.269656 1.806546 -2.948158
v 1.264183 1.811408 -2.955802
v 1.364439 1.727182 -2.955806
v 1.358697 1.731724 -2.948158
v -0.406490 -0.533721 -2.604208
v -0.412679 -0.529808 -2.611478
v -0.410411 -0.539825 -2.611471
v -0.308127 -0.595765 -2.604208
v -0.311947 -0.601933 -2.611471
v -0.301929 -0.599665 -2.611478
v -0.412510 -0.529540 -2.742728
v -0.406317 -0.533391 -2.750000
v -0.410242 -0.539557 -2.742738
v -0.410350 -0.539729 -2.710957
v -0.412619 -0.529712 -2.710832
v -0.301869 -0.599569 -2.710832
v -0.311886 -0.601837 -2.710957
v -0.307929 -0.595451 -2.750000
v -0.301760 -0.599397 -2.742717
v -0.311778 -0.601665 -2.742738
v 1.173571 1.971326 -2.750001
v 1.167168 1.974843 -2.742728
v 1.277917 1.904986 -2.742718
v 1.271959 1.909266 -2.750001
v 1.172364 1.969356 -2.604209
v 1.165949 1.972912 -2.611479
v 1.276699 1.903055 -2.611479
v 1.270727 1.907312 -2.604209
v -0.656473 -0.351591 -2.478956
v -0.650897 -0.356281 -2.486229
v -0.655582 -0.361818 -2.478966
v -0.555723 -0.436120 -2.486229
v -0.550098 -0.440839 -2.478945
v -0.560334 -0.441731 -2.478966
v -0.656410 -0.351515 -2.401757
v -0.655522 -0.361747 -2.401722
v -0.650806 -0.356212 -2.394460
v -0.550098 -0.440839 -2.401756
v -0.555719 -0.436116 -2.394460
v -0.560330 -0.441727 -2.401722
v 1.323025 2.004059 -2.478956
v 1.328604 1.999371 -2.486230
v 1.423710 1.919451 -2.486230
v 1.429330 1.914728 -2.478945
v 1.328623 1.999355 -2.394461
v 1.323025 2.004059 -2.401757
v 1.429330 1.914728 -2.401757
v 1.423710 1.919451 -2.394461
v -0.690131 -0.510113 -2.196165
v -0.690589 -0.499838 -2.200926
v -0.657534 -0.539798 -2.215339
v -0.653751 -0.533408 -2.222602
v -0.616690 -0.577096 -2.215339
v -0.608590 -0.574600 -2.222602
v -0.582329 -0.608989 -2.129755
v -0.572110 -0.608562 -2.131783
v -0.657957 -0.540261 -1.977604
v -0.654179 -0.533877 -1.970341
v -0.690515 -0.510534 -1.996777
v -0.691002 -0.500291 -1.992016
v -0.582450 -0.609122 -1.996777
v -0.572195 -0.608656 -1.992016
v -0.615028 -0.579417 -1.977604
v -0.609018 -0.575069 -1.970341
v -0.587870 -0.388871 -3.522453
v -0.583371 -0.392679 -3.528625
v -0.586619 -0.399405 -3.520747
v -0.491867 -0.478959 -3.503923
v -0.481485 -0.478276 -3.510530
v -0.589675 -0.396205 -3.396218
v -0.588407 -0.387730 -3.388659
v -0.591784 -0.384944 -3.394451
v -0.485219 -0.474452 -3.405501
v -0.495152 -0.475592 -3.411640
v 1.287321 1.907439 -3.649635
v 1.292656 1.902063 -3.655886
v 1.291266 1.910689 -3.514865
v 1.286221 1.915503 -3.521359
v -0.575386 -0.408632 -3.441008
v -0.576570 -0.398103 -3.442149
v -0.493920 -0.476670 -3.446492
v -0.483735 -0.475735 -3.446460
v -0.625833 -0.346363 -4.420881
v -0.626720 -0.336131 -4.421589
v -0.621108 -0.340847 -4.428172
v -0.625832 -0.346363 -4.287687
v -0.621067 -0.340881 -4.280401
v -0.626720 -0.336131 -4.287002
v 1.279665 1.932512 -4.421590
v 1.285277 1.927796 -4.428173
v 1.285318 1.927762 -4.280402
v 1.279665 1.932512 -4.287003
v -0.496460 -0.455077 -4.404287
v -0.487943 -0.452748 -4.411091
v -0.472828 -0.474935 -4.330706
v -0.461495 -0.474973 -4.328739
v -0.495362 -0.456000 -4.304422
v -0.488340 -0.452414 -4.297426
v -0.383084 -0.539035 -5.318857
v -0.383741 -0.547207 -5.311573
v -0.405631 -0.533399 -5.273956
v -0.407900 -0.523382 -5.276213
v -0.405631 -0.533399 -5.117331
v -0.407899 -0.523382 -5.115388
v -0.383408 -0.547417 -5.071715
v -0.383084 -0.539035 -5.064453
v -0.289255 -0.606805 -5.071715
v -0.282149 -0.602701 -5.064454
v -0.262813 -0.623484 -5.117307
v -0.252765 -0.621235 -5.115129
v -0.265732 -0.621643 -5.273852
v -0.255753 -0.619350 -5.276425
v -0.290242 -0.606182 -5.310939
v -0.283355 -0.601940 -5.318183
v -0.493048 -0.470814 -0.258581
v -0.498663 -0.466128 -0.251177
v -0.503296 -0.471721 -0.258440
v -0.633580 -0.353522 -0.251177
v -0.639227 -0.348809 -0.258599
v -0.638323 -0.359023 -0.258440
v -0.493048 -0.470814 -0.493223
v -0.503296 -0.471721 -0.493271
v -0.498599 -0.466181 -0.500533
v -0.639227 -0.348809 -0.493089
v -0.633481 -0.353605 -0.500533
v -0.638324 -0.359023 -0.493271
v 1.407233 1.790566 -0.258582
v 1.401218 1.794776 -0.251178
v 1.266679 1.907832 -0.251178
v 1.261048 1.912564 -0.258600
v 1.414758 1.810759 -0.500534
v 1.420415 1.806252 -0.493224
v 1.261048 1.912564 -0.493090
v 1.267329 1.908404 -0.500534
v -0.517221 -0.431027 -1.236700
v -0.512513 -0.425508 -1.244087
v -0.453680 -0.474902 -1.229087
v -0.461858 -0.477504 -1.222586
v -0.435148 -0.490389 -1.188107
v -0.445386 -0.491272 -1.186141
v -0.435280 -0.490173 -1.132128
v -0.445512 -0.491065 -1.132160
v -0.435452 -0.489989 -1.076147
v -0.445681 -0.490889 -1.078451
v -0.457418 -0.471535 -1.035168
v -0.465362 -0.474345 -1.041725
v -0.515460 -0.422763 -1.020167
v -0.520166 -0.428298 -1.027562
v -0.577130 -0.370958 -1.035167
v -0.579142 -0.378764 -1.041906
v -0.609543 -0.343782 -1.076147
v -0.609057 -0.353689 -1.079724
v -0.617129 -0.337523 -1.132128
v -0.616139 -0.347806 -1.132128
v -0.609611 -0.343862 -1.188107
v -0.609122 -0.353766 -1.184530
v -0.577255 -0.371106 -1.229087
v -0.579275 -0.378883 -1.222324
v -0.661123 -0.355445 0.399530
v -0.655539 -0.360139 0.391979
v -0.660235 -0.365677 0.399242
v -0.566488 -0.434970 0.391979
v -0.560877 -0.439684 0.399708
v -0.571109 -0.440571 0.399242
v -0.655208 -0.359794 0.644240
v -0.660835 -0.355102 0.636529
v -0.659946 -0.365333 0.636978
v -0.560589 -0.439341 0.636523
v -0.566180 -0.434606 0.644240
v -0.570820 -0.440227 0.636978
v -0.571097 -0.440557 0.518110
v -0.560865 -0.439669 0.517990
v -0.660223 -0.365662 0.518110
v -0.661111 -0.355430 0.517935
v 1.313785 1.994743 0.399529
v 1.317915 1.988318 0.391978
v 1.406967 1.913487 0.391978
v 1.413581 1.909968 0.399708
v 1.323987 1.995494 0.644239
v 1.318526 2.000385 0.636528
v 1.418785 1.916160 0.636522
v 1.413015 1.920682 0.644239
v -0.611597 -0.374132 0.988189
v -0.617197 -0.369415 0.980919
v -0.616309 -0.379647 0.980926
v -0.522562 -0.448949 0.988189
v -0.527183 -0.454541 0.980926
v -0.516951 -0.453653 0.980919
v -0.616993 -0.369172 0.849669
v -0.611381 -0.373828 0.842396
v -0.616105 -0.379404 0.849658
v -0.616237 -0.379560 0.881440
v -0.617125 -0.369328 0.881566
v -0.516878 -0.453567 0.881566
v -0.527111 -0.454455 0.881440
v -0.522323 -0.448665 0.842396
v -0.516747 -0.453411 0.849680
v -0.526980 -0.454299 0.849658
v 1.287900 1.897697 0.849668
v 1.293767 1.893343 0.842395
v 1.382825 1.818506 0.842395
v 1.388146 1.813457 0.849679
v 1.292304 1.891555 0.988188
v 1.286431 1.895948 0.980919
v 1.386678 1.811709 0.980918
v 1.381338 1.816738 0.988188
v -0.782031 -0.385795 1.113442
v -0.777105 -0.391167 1.106168
v -0.782466 -0.396053 1.113430
v -0.693040 -0.482623 1.106168
v -0.688069 -0.488031 1.113453
v -0.698334 -0.487595 1.113430
v -0.781963 -0.385733 1.190639
v -0.782403 -0.395994 1.190674
v -0.777011 -0.391116 1.197937
v -0.688069 -0.488031 1.190639
v -0.693035 -0.482619 1.197937
v -0.698330 -0.487591 1.190674
v 1.400579 1.617247 1.113441
v 1.405507 1.611877 1.106167
v 1.489500 1.520355 1.106167
v 1.494467 1.514943 1.113452
v 1.405525 1.611858 1.197936
v 1.400579 1.617247 1.190637
v 1.494467 1.514943 1.190638
v 1.489500 1.520355 1.197936
v -0.619779 -0.372509 1.396232
v -0.620654 -0.362262 1.391471
v -0.586004 -0.400846 1.377058
v -0.582483 -0.394308 1.369796
v -0.543679 -0.436455 1.377058
v -0.535687 -0.433632 1.369796
v -0.508051 -0.466927 1.462643
v -0.497857 -0.466085 1.460615
v -0.586407 -0.401326 1.614794
v -0.582892 -0.394794 1.622057
v -0.620146 -0.372945 1.595620
v -0.621048 -0.362731 1.600381
v -0.508167 -0.467064 1.595620
v -0.497939 -0.466182 1.600381
v -0.541924 -0.438706 1.614794
v -0.536095 -0.434118 1.622057
v -0.418649 -0.525313 -0.024980
v -0.413436 -0.528610 -0.030722
v -0.416097 -0.535509 -0.022959
v -0.310102 -0.602341 0.005116
v -0.300101 -0.600098 -0.000699
v -0.415129 -0.535624 0.203643
v -0.413170 -0.528244 0.211597
v -0.417931 -0.525268 0.205848
v -0.299861 -0.599716 0.181580
v -0.309878 -0.601985 0.175764
v 1.164160 1.985878 -0.024915
v 1.170069 1.981841 -0.030723
v 1.170094 1.981825 0.211596
v 1.164246 1.986014 0.205682
v -0.399992 -0.545536 0.118699
v -0.402367 -0.535402 0.118417
v -0.309882 -0.601991 0.111210
v -0.299828 -0.599737 0.111210
v -0.440954 -0.390111 -0.939993
v -0.442136 -0.379642 -0.940116
v -0.437003 -0.383966 -0.946739
v -0.432175 -0.397725 -0.807317
v -0.427176 -0.392482 -0.799487
v -0.433268 -0.387333 -0.806086
v 1.374776 1.964080 -0.693508
v 1.380270 1.960180 -0.700085
v 1.382722 1.942893 -0.552835
v 1.376937 1.948395 -0.559390
v -0.310730 -0.499553 -0.924923
v -0.302732 -0.496809 -0.931201
v -0.282114 -0.523727 -0.851503
v -0.270865 -0.523731 -0.849434
v -0.302570 -0.506587 -0.825489
v -0.295634 -0.502974 -0.817931
v -0.621663 -0.370768 -1.726461
v -0.623423 -0.378775 -1.719176
v -0.643237 -0.362125 -1.681560
v -0.644125 -0.351892 -1.683817
v -0.643237 -0.362125 -1.524934
v -0.644125 -0.351892 -1.522992
v -0.623121 -0.379028 -1.479319
v -0.621663 -0.370768 -1.472057
v -0.537897 -0.450643 -1.479319
v -0.530301 -0.447541 -1.472058
v -0.513963 -0.470756 -1.524910
v -0.503703 -0.469892 -1.522732
v -0.516605 -0.468536 -1.681456
v -0.506409 -0.467618 -1.684028
v -0.538791 -0.449892 -1.718543
v -0.531393 -0.446623 -1.725787
v -0.268136 -0.615987 3.333769
v -0.274354 -0.612094 3.341219
v -0.278166 -0.618276 3.333957
v -0.423250 -0.518871 3.341220
v -0.429519 -0.514946 3.333725
v -0.427238 -0.524942 3.333957
v -0.268136 -0.615987 3.099234
v -0.278167 -0.618276 3.099126
v -0.274283 -0.612138 3.091863
v -0.429519 -0.514945 3.099391
v -0.423119 -0.518952 3.091863
v -0.427238 -0.524942 3.099126
v 1.307718 1.882335 3.333768
v 1.301166 1.885699 3.341219
v 1.152585 1.979419 3.341219
v 1.146329 1.983365 3.333724
v 1.312411 1.903369 3.091862
v 1.318644 1.899657 3.099234
v 1.146329 1.983365 3.099390
v 1.153176 1.980067 3.091862
v -0.496088 -0.437067 2.355697
v -0.491380 -0.431547 2.348310
v -0.432548 -0.480943 2.363310
v -0.440726 -0.483546 2.369812
v -0.414019 -0.496434 2.404290
v -0.424256 -0.497317 2.406256
v -0.414153 -0.496222 2.460271
v -0.424385 -0.497113 2.460238
v -0.414327 -0.496039 2.516251
v -0.424556 -0.496939 2.513947
v -0.436292 -0.477584 2.557231
v -0.444236 -0.480395 2.550673
v -0.494334 -0.428813 2.572231
v -0.499041 -0.434348 2.564836
v -0.556004 -0.377007 2.557231
v -0.558016 -0.384813 2.550492
v -0.588416 -0.349829 2.516251
v -0.587929 -0.359735 2.512674
v -0.595998 -0.343566 2.460271
v -0.595008 -0.353850 2.460271
v -0.588479 -0.349904 2.404290
v -0.587990 -0.359807 2.407867
v -0.556121 -0.377146 2.363310
v -0.558141 -0.384924 2.370073
v -0.618192 -0.369326 3.991889
v -0.612611 -0.374017 3.984375
v -0.617304 -0.379558 3.991637
v -0.523550 -0.448857 3.984375
v -0.517946 -0.453565 3.992041
v -0.528178 -0.454452 3.991637
v -0.612303 -0.373694 4.236636
v -0.617922 -0.369005 4.228988
v -0.617034 -0.379237 4.229373
v -0.517676 -0.453244 4.228983
v -0.523262 -0.448516 4.236636
v -0.527908 -0.454131 4.229373
v -0.528167 -0.454439 4.110506
v -0.517934 -0.453551 4.110381
v -0.617293 -0.379545 4.110506
v -0.618181 -0.369312 4.110323
v 1.283343 1.893546 3.991888
v 1.287571 1.887245 3.984374
v 1.383167 1.808804 3.992040
v 1.376633 1.812405 3.984374
v 1.293247 1.893956 4.236635
v 1.287782 1.898828 4.228987
v 1.388040 1.814602 4.228982
v 1.382288 1.819133 4.236635
v -0.662373 -0.357367 4.580586
v -0.667965 -0.352658 4.573327
v -0.667077 -0.362890 4.573324
v -0.573321 -0.432200 4.580586
v -0.577951 -0.437784 4.573323
v -0.567718 -0.436897 4.573326
v -0.667747 -0.352398 4.442059
v -0.662136 -0.357048 4.434793
v -0.666859 -0.362630 4.442056
v -0.666999 -0.362797 4.473837
v -0.667887 -0.352565 4.473958
v -0.567641 -0.436804 4.473957
v -0.577873 -0.437692 4.473836
v -0.573065 -0.431896 4.434793
v -0.567500 -0.436637 4.442062
v -0.577733 -0.437525 4.442055
v 1.310747 2.002056 4.442058
v 1.316629 1.997729 4.434793
v 1.410993 1.917817 4.442061
v 1.405700 1.922881 4.434793
v 1.315057 1.995822 4.580585
v 1.309176 2.000186 4.573326
v 1.409422 1.915947 4.573326
v 1.404110 1.920989 4.580585
v -0.609455 -0.366973 4.705839
v -0.603877 -0.371664 4.698565
v -0.608563 -0.377201 4.705828
v -0.508711 -0.451506 4.698565
v -0.503084 -0.456227 4.705850
v -0.513320 -0.457119 4.705828
v -0.609395 -0.366903 4.783035
v -0.608507 -0.377135 4.783071
v -0.603790 -0.371602 4.790333
v -0.503084 -0.456227 4.783035
v -0.508707 -0.451501 4.790333
v -0.513316 -0.457115 4.783071
v 1.301958 1.896324 4.698565
v 1.296379 1.901013 4.705839
v 1.402684 1.811682 4.705850
v 1.397061 1.816408 4.698565
v 1.296379 1.901013 4.783034
v 1.301978 1.896308 4.790333
v 1.397061 1.816408 4.790333
v 1.402685 1.811682 4.783035
v -0.633242 -0.367603 4.988629
v -0.634117 -0.357356 4.983868
v -0.599467 -0.395939 4.969454
v -0.595946 -0.389402 4.962191
v -0.557142 -0.431549 4.969453
v -0.549149 -0.428726 4.962191
v -0.521514 -0.462021 5.055037
v -0.511320 -0.461179 5.053010
v -0.599870 -0.396420 5.207189
v -0.596355 -0.389888 5.214451
v -0.633608 -0.368039 5.188015
v -0.634511 -0.357824 5.192777
v -0.521629 -0.462158 5.188015
v -0.511402 -0.461276 5.192776
v -0.555387 -0.433801 5.207189
v -0.549558 -0.429212 5.214451
v -0.620196 -0.365309 3.567636
v -0.615417 -0.369337 3.561700
v -0.619074 -0.375738 3.569438
v -0.523128 -0.456334 3.597514
v -0.512916 -0.455470 3.591698
v -0.618124 -0.375976 3.796039
v -0.615050 -0.369041 3.803954
v -0.619555 -0.365284 3.798620
v -0.512618 -0.455116 3.773977
v -0.522851 -0.456004 3.768162
v 1.317476 1.930851 3.561699
v 1.312093 1.935735 3.567703
v 1.317545 1.930793 3.803953
v 1.312179 1.935838 3.798462
v -0.604477 -0.387856 3.711097
v -0.605454 -0.377493 3.710814
v -0.522856 -0.456010 3.703606
v -0.512590 -0.455141 3.703606
v -0.775009 -0.369693 2.763911
v -0.774569 -0.359432 2.763272
v -0.769490 -0.364966 2.756638
v -0.775009 -0.369693 2.897106
v -0.769378 -0.365089 2.904363
v -0.774569 -0.359432 2.897679
v 1.408673 1.644190 2.763271
v 1.413752 1.638656 2.756637
v 1.413864 1.638533 2.904362
v 1.408673 1.644190 2.897678
v -0.660750 -0.494196 2.780506
v -0.652004 -0.492985 2.773702
v -0.639879 -0.516938 2.854086
v -0.628645 -0.518438 2.856053
v -0.659780 -0.495253 2.880371
v -0.652354 -0.492603 2.887367
v -0.415850 -0.531219 1.865936
v -0.416508 -0.539391 1.873220
v -0.438398 -0.525584 1.910837
v -0.440666 -0.515566 1.908580
v -0.438397 -0.525583 2.067463
v -0.440666 -0.515566 2.069405
v -0.416174 -0.539601 2.113077
v -0.415850 -0.531219 2.120340
v -0.322021 -0.598990 2.113077
v -0.314915 -0.594885 2.120338
v -0.295579 -0.615668 2.067487
v -0.285530 -0.613420 2.069665
v -0.298498 -0.613827 1.910940
v -0.288520 -0.611535 1.908368
v -0.323008 -0.598367 1.873854
v -0.316122 -0.594124 1.866610
v -0.489613 -0.472064 6.926193
v -0.495234 -0.467372 6.933614
v -0.499861 -0.472971 6.926352
v -0.630134 -0.354781 6.933615
v -0.635792 -0.350059 6.926167
v -0.634888 -0.360273 6.926352
v -0.489613 -0.472064 6.691590
v -0.499861 -0.472971 6.691522
v -0.495169 -0.467427 6.684259
v -0.635792 -0.350059 6.691733
v -0.630027 -0.354870 6.684259
v -0.634889 -0.360273 6.691522
v 1.410669 1.789317 6.926193
v 1.404647 1.793531 6.933614
v 1.270125 1.906572 6.933614
v 1.264483 1.911314 6.926166
v 1.423849 1.805000 6.691589
v 1.418188 1.809512 6.684258
v 1.264483 1.911314 6.691732
v 1.270784 1.907140 6.684258
v -0.279989 -0.527165 5.902971
v -0.275786 -0.521250 5.895829
v -0.212809 -0.565239 5.910885
v -0.220730 -0.568554 5.917138
v -0.192990 -0.579040 5.951966
v -0.203108 -0.580826 5.953683
v -0.193158 -0.578862 6.008070
v -0.203269 -0.580656 6.007792
v -0.193364 -0.578720 6.064077
v -0.203471 -0.580521 6.061527
v -0.216892 -0.562304 6.105031
v -0.224551 -0.565805 6.098228
v -0.279036 -0.518880 6.120019
v -0.283229 -0.524806 6.112379
v -0.345053 -0.472741 6.105000
v -0.346359 -0.480693 6.098018
v -0.379736 -0.448529 6.063954
v -0.378370 -0.458351 6.060137
v -0.387829 -0.442942 6.007836
v -0.385930 -0.453095 6.007592
v -0.379760 -0.448563 5.951857
v -0.378395 -0.458385 5.955186
v -0.345103 -0.472813 5.910817
v -0.346423 -0.480740 5.917334
v -0.734204 -0.532732 7.584309
v -0.729212 -0.538100 7.576774
v -0.734042 -0.543575 7.584036
v -0.650626 -0.623693 7.576774
v -0.645707 -0.629120 7.584504
v -0.655369 -0.629265 7.584036
v -0.730860 -0.535598 7.829036
v -0.735763 -0.530370 7.821339
v -0.735610 -0.541202 7.821773
v -0.647265 -0.626759 7.821331
v -0.652285 -0.621181 7.829036
v -0.656940 -0.626889 7.821773
v -0.655434 -0.629165 7.702740
v -0.645773 -0.629020 7.702785
v -0.734109 -0.543475 7.702912
v -0.734270 -0.532632 7.702731
v 1.285736 1.803581 7.584308
v 1.289255 1.796546 7.576773
v 1.368902 1.711898 7.576773
v 1.374951 1.707749 7.584503
v 1.290627 1.809151 7.821336
v 1.295501 1.803633 7.829035
v 1.380315 1.713859 7.821328
v 1.375137 1.718997 7.829035
v -0.609873 -0.433951 8.384229
v -0.615489 -0.429217 8.376953
v -0.614319 -0.439675 8.377505
v -0.520766 -0.508816 8.384108
v -0.525199 -0.514552 8.377383
v -0.515247 -0.513437 8.376816
v -0.616756 -0.427948 8.244555
v -0.611307 -0.432496 8.237266
v -0.615587 -0.438407 8.245065
v -0.615093 -0.439037 8.277619
v -0.616259 -0.428582 8.277380
v -0.516018 -0.512802 8.277243
v -0.525971 -0.513916 8.277729
v -0.522200 -0.507361 8.237145
v -0.516514 -0.512169 8.244420
v -0.526470 -0.513281 8.244945
v 1.170512 1.926191 8.025789
v 1.175996 1.921527 8.018505
v 1.271149 1.842439 8.025695
v 1.265439 1.847091 8.018384
v 1.175828 1.930940 8.156893
v 1.182058 1.926963 8.164093
v 1.276463 1.847189 8.156753
v 1.271477 1.852547 8.163968
v -0.690947 -0.509794 8.581026
v -0.691405 -0.499520 8.576265
v -0.658350 -0.539479 8.561852
v -0.654567 -0.533089 8.554590
v -0.617506 -0.576778 8.561852
v -0.609406 -0.574281 8.554590
v -0.583145 -0.608671 8.647438
v -0.572926 -0.608244 8.645411
v -0.658772 -0.539944 8.799588
v -0.654995 -0.533558 8.806850
v -0.691331 -0.510215 8.780415
v -0.691818 -0.499972 8.785175
v -0.583266 -0.608803 8.780414
v -0.573011 -0.608337 8.785175
v -0.615845 -0.579097 8.799588
v -0.609833 -0.574750 8.806850
v -0.623527 -0.363459 7.159812
v -0.618810 -0.367434 7.154070
v -0.622382 -0.373907 7.161833
v -0.526437 -0.454504 7.189909
v -0.516224 -0.453639 7.184093
v -0.621439 -0.374153 7.388436
v -0.618497 -0.367107 7.396390
v -0.622810 -0.363513 7.390640
v -0.515934 -0.453293 7.366374
v -0.526166 -0.454181 7.360559
v 1.290699 1.904928 7.154069
v 1.285392 1.909729 7.159876
v 1.290722 1.904909 7.396389
v 1.285496 1.909853 7.390474
v -0.607787 -0.386027 7.303493
v -0.608765 -0.375665 7.303210
v -0.526171 -0.454187 7.296004
v -0.515905 -0.453318 7.296004
v -0.423553 -0.512414 6.356308
v -0.425822 -0.502397 6.355600
v -0.419622 -0.506308 6.349018
v -0.423553 -0.512414 6.489502
v -0.419576 -0.506337 6.496788
v -0.425822 -0.502397 6.490188
v 1.155093 2.003946 6.355600
v 1.161293 2.000035 6.349017
v 1.161338 2.000007 6.496788
v 1.155093 2.003946 6.490187
v -0.280625 -0.602568 6.372903
v -0.272504 -0.599104 6.366099
v -0.254518 -0.619036 6.446484
v -0.243284 -0.617535 6.448451
v -0.279412 -0.603333 6.472769
v -0.272942 -0.598828 6.479765
v -0.582145 -0.383509 5.458333
v -0.583905 -0.391517 5.465618
v -0.603719 -0.374866 5.503234
v -0.604607 -0.364634 5.500977
v -0.603719 -0.374866 5.659861
v -0.604607 -0.364634 5.661803
v -0.583603 -0.391770 5.705473
v -0.582145 -0.383509 5.712736
v -0.498379 -0.463385 5.705473
v -0.490783 -0.460283 5.712734
v -0.474445 -0.483498 5.659882
v -0.464185 -0.482633 5.662060
v -0.477087 -0.481277 5.503337
v -0.466890 -0.480360 5.500764
v -0.499274 -0.462634 5.466249
v -0.491875 -0.459365 5.459005
v 1.494659 2.340091 6.427101
v 1.534153 2.369066 6.427521
v 1.647090 2.232221 7.285006
v 1.670738 2.243734 7.285537
v 1.511529 2.229436 8.089841
v 1.510488 2.238177 8.098070
v 1.512072 2.229847 8.106091
v 1.520340 2.229589 8.098095
v 1.645518 2.045972 7.693097
v 1.666334 2.059745 7.677527
v 1.644855 2.045223 7.664866
v 1.661420 2.065875 7.677328
v 1.656173 2.224920 6.812835
v 1.645997 2.221272 6.803147
v 1.646857 2.231440 6.812890
v 1.645454 2.220801 6.822424
v 1.707340 1.747182 2.835122
v 1.675724 1.743056 2.834674
v 1.541283 2.099384 3.694170
v 1.555714 2.100855 3.693132
v 1.628803 2.182226 4.740093
v 1.637570 2.210533 4.734987
v 1.611954 2.196464 4.740087
v 1.637520 2.210452 4.744668
v 1.682359 2.342534 4.506171
v 1.681284 2.351393 4.514376
v 1.682124 2.342236 4.522437
v 1.691261 2.342990 4.514377
v 1.625778 2.199307 4.072495
v 1.640655 2.223000 4.084955
v 1.626354 2.199969 4.100672
v 1.646275 2.217548 4.085125
v 1.452713 2.295590 3.230054
v 1.462212 2.300196 3.220443
v 1.453185 2.296111 3.210712
v 1.452030 2.305407 3.220495
v 1.801069 2.266739 -0.622008
v 1.757952 2.243342 -0.622393
v 1.478753 2.354467 0.100212
v 1.500619 2.369082 0.100743
v 1.778805 1.880069 1.152270
v 1.766520 1.853206 1.147695
v 1.778865 1.880143 1.142589
v 1.751650 1.869499 1.147689
v 1.625305 2.197472 0.913764
v 1.623800 2.205826 0.921976
v 1.625075 2.197175 0.930051
v 1.633775 2.197392 0.921981
v 1.635099 2.275347 0.508295
v 1.653690 2.291299 0.492730
v 1.634481 2.274637 0.480088
v 1.648065 2.296813 0.492532
v 1.667400 2.252261 -0.362383
v 1.678615 2.256988 -0.371959
v 1.667945 2.252742 -0.381624
v 1.669333 2.263494 -0.371904
v 1.661703 2.219473 -4.350091
v 1.704763 2.242820 -4.349670
v 1.503129 2.066362 -3.579965
v 1.530061 2.076763 -3.579257
v 1.671202 2.321891 -2.449806
v 1.645168 2.307323 -2.444707
v 1.671153 2.321811 -2.440129
v 1.662014 2.293088 -2.444701
v 1.458149 2.325703 -2.670421
v 1.460587 2.317304 -2.662346
v 1.469177 2.318700 -2.670416
v 1.460773 2.317629 -2.678633
v 1.602232 2.111950 -3.112299
v 1.617060 2.135586 -3.099833
v 1.602768 2.112566 -3.084121
v 1.622694 2.130156 -3.099671
v 1.646852 2.231439 -3.964301
v 1.645450 2.220800 -3.954766
v 1.656169 2.224920 -3.964356
v 1.645993 2.221271 -3.974043
v 1.661704 2.219473 -7.942488
v 1.704762 2.242819 -7.942068
v 1.790364 1.899538 -7.084581
v 1.815299 1.907903 -7.084050
v 1.508766 2.045844 -6.037123
v 1.526544 2.050488 -6.032420
v 1.525716 2.031475 -6.037103
v 1.526612 2.050640 -6.042269
v 1.519589 2.278107 -6.254743
v 1.528234 2.279094 -6.262814
v 1.519790 2.278422 -6.271030
v 1.517550 2.286611 -6.262818
v 1.663609 2.318536 -7.556696
v 1.662460 2.308178 -7.547154
v 1.672981 2.312055 -7.556758
v 1.663050 2.308684 -7.566451
vt -0.333309 1.251300
vt -0.333308 0.439601
vt -0.201670 0.445170
vt -0.201670 1.251299
vt -0.338960 1.251561
vt -0.435013 1.260846
vt -0.435013 0.445130
vt -0.338960 0.439636
vt 4.925280 1.452644
vt 4.632716 1.410622
vt 5.057604 1.282654
vt -0.440842 0.445295
vt -0.440842 1.261119
vt -0.572408 1.261119
vt -0.572408 0.445295
vt -0.313724 0.826329
vt -0.313736 0.010488
vt -0.281789 0.010488
vt -0.281765 0.826328
vt -0.217846 0.826330
vt -0.217895 0.010487
vt -0.185948 0.010486
vt -0.185886 0.826332
vt -0.154000 0.010485
vt -0.153927 0.826332
vt -0.122053 0.010484
vt -0.121968 0.826332
vt -0.090106 0.010484
vt -0.090008 0.826331
vt -0.473521 0.826333
vt -0.473472 0.010487
vt -0.441525 0.010488
vt -0.441562 0.826333
vt -0.409578 0.010488
vt -0.409602 0.826331
vt -0.377631 0.010488
vt -0.377643 0.826329
vt -0.345683 0.010488
vt -0.345683 0.826329
vt -0.291372 0.833918
vt -0.291371 0.855913
vt -0.378498 0.855913
vt -0.378498 0.833918
vt -0.378498 0.811923
vt -0.291372 0.811922
vt -0.249805 0.826329
vt -0.249842 0.010487
vt 4.932125 1.275264
vt 4.707172 1.268134
vt 4.907366 1.100410
vt 0.822887 1.062650
vt 0.708667 1.067517
vt 0.625906 0.896020
vt -4.351849 0.891357
vt -4.513887 0.904119
vt -4.614779 0.750473
vt 0.682552 1.275645
vt 0.598770 1.275645
vt 0.574574 1.100576
vt -0.546391 1.599674
vt -0.623058 1.595101
vt -0.348104 1.433198
vt -1.135750 1.300683
vt -1.206844 1.307835
vt -1.427777 1.146702
vt -4.598776 0.906231
vt -4.718338 0.905357
vt -4.630042 0.749751
vt 5.365635 1.057760
vt 5.298132 1.069895
vt 4.939732 0.918352
vt -1.092206 0.827895
vt -1.164387 0.821462
vt -0.750538 0.678674
vt 3.487466 1.263532
vt 3.341802 1.242333
vt 3.762497 1.100576
vt -4.180858 0.863025
vt -4.277254 0.880909
vt -4.603864 0.747680
vt 0.600972 1.069882
vt -4.338485 0.889876
vt -4.111778 1.073236
vt -4.172358 1.065605
vt -4.067666 0.906165
vt 2.157585 1.260104
vt 2.197741 0.423283
vt 2.223790 0.429115
vt 2.222712 1.260612
vt 2.421794 1.249294
vt 2.395043 1.249209
vt 2.395042 0.422642
vt 2.421794 0.422728
vt 2.092314 1.249531
vt 2.092314 0.425736
vt -1.229231 0.807175
vt -1.287373 0.793400
vt 2.298094 0.420231
vt 2.325677 1.260250
vt 2.260371 1.260721
vt 2.260371 0.426136
vt -3.732326 0.838677
vt -3.745055 0.841108
vt -3.886535 0.817374
vt -3.882590 0.813468
vt -3.437241 0.685376
vt 2.391080 0.422568
vt 2.391081 1.249653
vt -4.653913 1.445106
vt -4.822067 1.451002
vt -4.822068 1.295176
vt -0.380402 1.222861
vt -0.460820 1.231621
vt -0.576108 1.059662
vt 2.060830 0.078028
vt 2.086687 0.078110
vt 2.086685 0.859606
vt 2.060828 0.859524
vt 1.974507 0.870811
vt 1.948451 0.870626
vt 1.956000 0.078722
vt 1.982056 0.078907
vt 2.031698 0.867979
vt 2.012362 0.080407
vt 2.056980 0.078162
vt 2.055988 0.860640
vt 1.925681 0.079982
vt 1.891296 0.867347
vt 1.867048 0.861628
vt 1.881026 0.077391
vt 1.952133 0.078833
vt 1.944586 0.870459
vt 5.015907 1.275264
vt -0.328609 1.297777
vt -0.400377 1.297776
vt -0.400371 0.654048
vt -0.328603 0.654048
vt -0.322732 1.297901
vt -0.322727 0.654048
vt -0.277927 0.654049
vt -0.277929 1.299825
vt -1.864005 0.967005
vt -1.963720 0.981019
vt -2.197058 0.842200
vt 0.841726 1.264872
vt -0.687201 1.587787
vt -0.538776 1.230127
vt -0.827334 1.216678
vt -0.406284 0.654048
vt -0.406290 1.297776
vt -0.451079 1.297776
vt -0.451072 0.654048
vt 5.224829 1.077980
vt 1.189581 -0.291960
vt 1.208716 0.444064
vt 1.162497 0.436958
vt 1.162484 -0.279999
vt 3.561746 1.268496
vt 1.373934 -0.293955
vt 1.358734 0.438379
vt 1.331679 0.438292
vt 1.346878 -0.294042
vt 1.278002 0.437848
vt 1.293031 -0.289338
vt 1.319808 -0.283955
vt 1.304838 0.438236
vt -0.198382 1.014874
vt -0.184424 1.041110
vt -0.278245 1.035819
vt -0.278245 1.016222
vt -0.278245 1.004181
vt -0.184879 0.998915
vt 1.477737 -0.285586
vt 1.462627 0.439228
vt 1.504721 -0.289734
vt 1.531700 -0.289318
vt 1.516503 0.439725
vt 1.489523 0.439309
vt -0.905494 1.212960
vt -0.978478 1.201419
vt 0.530588 1.068396
vt -0.726915 0.850138
vt -0.806410 0.846348
vt 5.175019 1.264433
vt -0.056744 1.177810
vt -0.308252 1.216419
vt 1.720313 0.432373
vt 1.720815 -0.433433
vt 1.770101 -0.435716
vt 1.769927 0.439624
vt 5.149040 1.084420
vt 1.850281 -0.433362
vt 1.850301 0.443729
vt 1.637074 -0.442370
vt 1.636843 0.431927
vt 1.575148 0.443837
vt 1.575236 -0.433316
vt 1.715875 0.431950
vt 1.675642 0.431941
vt 1.676096 -0.433304
vt 1.716328 -0.433296
vt 1.076255 0.878553
vt 0.904274 0.854617
vt 1.355144 0.721884
vt -3.250096 1.383102
vt -3.485259 1.362296
vt -3.094835 1.216369
vt 0.483517 1.469869
vt 0.430142 1.469869
vt 0.430147 0.630740
vt 0.483518 0.630740
vt 3.786688 1.275645
vt 0.912382 1.254055
vt -0.775619 1.571607
vt -0.835659 1.011354
vt -1.000588 1.037544
vt -1.266528 0.887458
vt 0.301506 0.630853
vt 0.355051 0.630853
vt 0.355039 1.469982
vt 0.301498 1.469981
vt 0.400823 1.469982
vt 0.400828 0.630853
vt 0.944935 0.866089
vt 0.960046 0.141212
vt 0.987030 0.137064
vt 0.971832 0.866171
vt -0.424557 0.989586
vt -0.443980 0.996686
vt -0.525391 0.996561
vt -0.547073 0.989572
vt -0.549549 0.960855
vt -0.526229 0.952302
vt -0.444123 0.952309
vt -0.424517 0.960882
vt 0.453559 1.064122
vt 0.466703 0.870695
vt 0.406885 0.870703
vt 0.407814 0.060705
vt 0.466450 0.060698
vt 0.378183 0.870754
vt 0.318566 0.870721
vt 0.319441 0.060723
vt 0.379112 0.060755
vt -0.569602 0.841918
vt -0.642335 0.845003
vt -0.410258 1.088027
vt -0.410258 1.044565
vt -0.280162 1.044565
vt -0.280162 1.088027
vt 0.554821 0.870620
vt 0.495405 0.870628
vt 0.495152 0.060631
vt 0.554571 0.060623
vt 0.583272 0.060529
vt 0.583522 0.870526
vt -4.350005 1.252048
vt -4.420622 1.253055
vt -4.397682 1.096839
vt 5.067480 1.088159
vt -2.685547 1.217256
vt -2.778674 1.200223
vt -2.303513 1.070968
vt 2.488690 1.263532
vt 2.343027 1.242333
vt 2.763723 1.100576
vt 0.289865 0.870791
vt 0.290739 0.060795
vt -5.162074 1.432563
vt -5.257110 1.416571
vt -4.883718 1.298170
vt 5.245562 1.253571
vt -4.977253 1.448537
vt -5.148953 1.434178
vt -4.858524 1.293955
vt 1.088501 1.218354
vt -1.043306 1.190964
vt -5.268167 1.414163
vt -5.389606 1.380309
vt -4.878525 1.290608
vt 3.870471 1.275645
vt -4.169615 1.242484
vt -4.335544 1.251552
vt -4.382772 1.097743
vt -0.169482 1.064793
vt -0.082355 1.064793
vt -0.082354 1.083263
vt -0.082353 1.089418
vt -0.169480 1.089419
vt -0.169481 1.083263
vt -1.801147 1.193489
vt -1.861038 1.207949
vt -0.291371 0.862016
vt -0.291372 0.898772
vt -0.324417 0.902390
vt -0.365594 0.902390
vt -0.400079 0.886544
vt -0.400078 0.862016
vt -0.367033 0.858399
vt -0.324417 0.858399
vt -0.333309 1.251247
vt -0.333309 0.439601
vt -0.201664 0.445171
vt -0.201665 1.251247
vt 0.376783 1.059668
vt -4.540076 1.251468
vt -0.338963 1.251509
vt -0.435022 1.260794
vt -0.435022 0.445131
vt -0.338962 0.439636
vt 1.742279 1.516915
vt 1.419505 1.492948
vt 1.720289 1.344111
vt 2.562970 1.268497
vt 4.951849 1.089890
vt -3.983905 1.220816
vt -4.089859 1.234859
vt -4.370819 1.095289
vt -0.440836 0.445295
vt -0.440836 1.261065
vt -0.572414 1.261066
vt -0.572413 0.445295
vt -3.542875 1.253026
vt -3.770935 1.233108
vt -3.546804 1.084230
vt -0.313724 0.826377
vt -0.313736 0.010488
vt -0.281789 0.010488
vt -0.281765 0.826377
vt -0.217846 0.826378
vt -0.217895 0.010487
vt -0.185948 0.010486
vt -0.185886 0.826380
vt -0.154000 0.010485
vt -0.153927 0.826381
vt -0.122053 0.010484
vt -0.121968 0.826381
vt -0.090106 0.010484
vt -0.090008 0.826380
vt -0.473521 0.826382
vt -0.473472 0.010487
vt -0.441525 0.010488
vt -0.441562 0.826381
vt -0.409578 0.010488
vt -0.409602 0.826380
vt -0.377631 0.010488
vt -0.377643 0.826378
vt -0.345683 0.010488
vt -0.345683 0.826377
vt -0.100942 0.834303
vt -0.100942 0.856298
vt -0.188069 0.856298
vt -0.188069 0.834303
vt -0.188069 0.812308
vt -0.100942 0.812308
vt -0.249805 0.826377
vt -0.249842 0.010487
vt 5.421436 1.217793
vt -4.155649 1.241415
vt 4.029646 1.264872
vt -4.268600 1.067770
vt -4.064063 0.906260
vt -1.929106 1.218570
vt 0.312247 1.052579
vt -3.868834 1.229480
vt -3.917876 1.070535
vt -4.069658 0.905574
vt 2.283765 1.449915
vt 2.016807 1.501088
vt 1.744649 1.342937
vt -3.058664 1.200860
vt -3.121385 1.206588
vt -3.525490 1.083349
vt 4.843754 1.089561
vt 2.787914 1.275645
vt 1.140123 1.205395
vt -3.360188 1.247497
vt -3.528313 1.253405
vt -3.532092 1.091087
vt -3.346585 1.246133
vt 1.406252 1.491421
vt 1.191929 1.456618
vt 1.702976 1.344594
vt 2.157587 1.260054
vt 2.197741 0.423283
vt 2.223693 0.429094
vt 2.222620 1.260562
vt 2.421785 1.249245
vt 2.395052 1.249159
vt 2.395051 0.422642
vt 2.421785 0.422728
vt 2.092461 1.249505
vt 2.092461 0.425733
vt -2.000539 1.227657
vt 2.298094 0.420231
vt 2.325676 1.260200
vt 2.260520 1.260670
vt 2.260521 0.426113
vt -3.882432 1.228077
vt -4.018148 1.202322
vt -3.572428 1.088252
vt 2.390931 0.422564
vt 2.390932 1.249627
vt -4.732749 0.904788
vt -4.895890 0.892929
vt -4.645222 0.750536
vt -3.727578 1.054283
vt -3.839363 1.062366
vt -4.045390 0.915425
vt 2.578519 -0.348770
vt 2.604378 -0.348689
vt 2.604375 0.432807
vt 2.578518 0.432725
vt 2.492198 0.444012
vt 2.466142 0.443828
vt 2.473691 -0.348075
vt 2.499746 -0.347892
vt 2.549387 0.441180
vt 2.530052 -0.346392
vt 2.574669 -0.348636
vt 2.573677 0.433842
vt 2.443372 -0.346816
vt 2.408985 0.440549
vt 2.384738 0.434829
vt 2.398716 -0.349407
vt 2.469824 -0.347965
vt 2.462276 0.443661
vt 4.774141 1.086586
vt -0.328565 1.297818
vt -0.400446 1.297818
vt -0.400441 0.654048
vt -0.328559 0.654048
vt -0.322761 1.297941
vt -0.322756 0.654048
vt -0.277918 0.654049
vt -0.277920 1.299867
vt 3.559682 1.065424
vt 3.455606 1.077305
vt 3.268491 0.933849
vt -1.822133 1.528547
vt -1.924679 1.515408
vt -1.535589 1.368966
vt 4.487257 1.241944
vt 4.436376 1.228800
vt 4.100303 1.254055
vt -0.406256 0.654048
vt -0.406262 1.297818
vt -0.451097 1.297818
vt -0.451090 0.654048
vt 2.003618 1.502652
vt 1.756638 1.517031
vt 1.734941 1.346523
vt 0.671890 0.134839
vt 0.691028 0.870927
vt 0.644807 0.863820
vt 0.644793 0.146799
vt -1.325176 1.050340
vt -1.448981 1.045190
vt -1.291381 0.878571
vt 0.856243 0.132844
vt 0.841043 0.865243
vt 0.813987 0.865157
vt 0.829188 0.132757
vt 0.760310 0.864713
vt 0.775341 0.137460
vt 0.802118 0.142844
vt 0.787146 0.865100
vt -0.095016 1.007591
vt -0.081322 1.022361
vt -0.174478 1.019994
vt -0.175402 1.003560
vt -0.174444 1.002389
vt -0.082246 0.998861
vt 0.960046 0.141212
vt 0.944935 0.866089
vt 0.987030 0.137064
vt 1.014010 0.137481
vt 0.998811 0.866588
vt 0.971832 0.866171
vt 0.221861 1.037107
vt -0.283284 0.809724
vt -0.283284 0.784670
vt -0.158629 0.787751
vt -0.135570 0.801587
vt -0.157996 0.806627
vt -0.418410 1.112390
vt -0.428537 1.125827
vt -0.455650 1.129912
vt -0.494941 1.129911
vt -0.534091 1.129907
vt -0.561497 1.125091
vt -0.572093 1.111819
vt -0.561861 1.097570
vt -0.534091 1.090249
vt -0.495645 1.088496
vt -0.457142 1.090168
vt -0.429142 1.097427
vt -3.903682 1.069659
vt -4.045323 0.915468
vt 2.871696 1.275645
vt 1.204331 0.859422
vt 1.205158 -0.006729
vt 1.252411 -0.008918
vt 1.252237 0.866422
vt -2.079141 1.234309
vt 1.330599 -0.006622
vt 1.330639 0.870425
vt 1.119384 -0.015572
vt 1.119153 0.858725
vt 1.057457 0.870634
vt 1.057546 -0.006518
vt 1.198189 0.858749
vt 1.157952 0.858740
vt 1.158405 -0.006506
vt 1.198623 -0.006497
vt -4.443429 1.047661
vt -4.060628 0.906020
vt 0.872729 1.043183
vt 0.872741 0.204055
vt 0.918519 0.204055
vt 0.918513 1.043183
vt 0.483517 1.469869
vt 0.430142 1.469869
vt 0.430147 0.630740
vt 0.483518 0.630740
vt -0.963434 1.470090
vt -1.013608 1.486741
vt -2.165979 0.995260
vt -2.280066 0.995407
vt -2.232493 0.844686
vt -0.169476 1.146129
vt -0.110866 1.146130
vt -0.110871 1.169574
vt -0.169482 1.169573
vt -2.637835 1.348061
vt -2.801952 1.374575
vt -3.072513 1.225017
vt 0.301506 0.630853
vt 0.355051 0.630853
vt 0.355039 1.469982
vt 0.301498 1.469981
vt 0.400823 1.469982
vt 0.400828 0.630853
vt -1.977386 0.982437
vt -2.151288 0.994736
vt -2.220651 0.837713
vt -0.424517 0.942710
vt -0.443931 0.949812
vt -0.525341 0.949695
vt -0.547033 0.942708
vt -0.549549 0.913990
vt -0.526241 0.905435
vt -0.444134 0.905435
vt -0.424517 0.914007
vt -2.824027 1.050880
vt -3.070763 1.057436
vt -3.069424 0.886617
vt 0.466703 0.870647
vt 0.406885 0.870655
vt 0.407814 0.060705
vt 0.466450 0.060698
vt 0.378183 0.870706
vt 0.318566 0.870673
vt 0.319441 0.060723
vt 0.379112 0.060755
vt 4.276421 1.218353
vt -0.416429 1.042079
vt -0.416429 0.998617
vt -0.286333 0.998617
vt -0.286333 1.042079
vt 0.554821 0.870572
vt 0.495405 0.870579
vt 0.495152 0.060631
vt 0.554571 0.060623
vt 0.583272 0.060529
vt 0.583522 0.870477
vt 4.698787 1.080755
vt -2.294781 0.994960
vt -2.470194 0.984032
vt -2.245149 0.837715
vt 4.013228 1.012753
vt 3.916318 1.002788
vt 4.012226 0.842892
vt 3.030871 1.264872
vt -5.242671 1.275098
vt -5.313240 1.273625
vt -5.242113 1.117909
vt 0.289865 0.870743
vt 0.290739 0.060795
vt 0.355039 1.469982
vt 0.355051 0.630853
vt 0.400828 0.630853
vt 0.400823 1.469982
vt -0.425352 1.009638
vt -0.495192 1.042079
vt -0.532888 1.042075
vt -0.570695 1.038103
vt -0.572141 1.020916
vt -0.525739 0.999176
vt -0.488076 0.999176
vt -0.448763 1.003305
vt 1.974515 0.870815
vt 1.948444 0.870630
vt 1.955996 0.078722
vt 1.982059 0.078907
vt -2.192551 1.240262
vt -1.074234 1.499926
vt 0.012726 1.051812
vt -0.235030 1.056300
vt -0.211001 0.885534
vt -2.395299 0.724049
vt -2.632032 0.712273
vt -2.494364 0.557421
vt -0.532222 1.420940
vt -0.615602 1.427707
vt -0.664893 1.253747
vt 2.021685 1.067534
vt 1.925417 1.057275
vt 2.033410 0.897152
vt -0.692627 1.424328
vt -0.974729 1.403938
vt -5.059931 1.269136
vt -5.228098 1.274997
vt -5.227546 1.119246
vt 0.184373 0.824449
vt 0.184373 0.012802
vt 0.316032 0.018373
vt 0.316032 0.824448
vt -1.051113 1.398339
vt -1.119364 1.385082
vt 4.623699 1.074767
vt 0.178730 0.824710
vt 0.082659 0.833996
vt 0.082659 0.018333
vt 0.178731 0.012838
vt 3.939666 1.505188
vt 3.609091 1.489343
vt 3.850530 1.333747
vt -5.430550 1.267680
vt -2.731290 0.712826
vt -2.299670 1.243935
vt 0.076866 0.018496
vt 0.076866 0.834267
vt -0.054734 0.834267
vt -0.054733 0.018496
vt -1.139141 1.511729
vt -0.313724 0.826324
vt -0.313736 0.010488
vt -0.281789 0.010488
vt -0.281765 0.826324
vt -0.217846 0.826325
vt -0.217895 0.010487
vt -0.185948 0.010486
vt -0.185886 0.826327
vt -0.154000 0.010485
vt -0.153927 0.826328
vt -0.122053 0.010484
vt -0.121968 0.826328
vt -0.090106 0.010484
vt -0.090008 0.826327
vt -0.473521 0.826329
vt -0.473472 0.010487
vt -0.441525 0.010488
vt -0.441562 0.826328
vt -0.409578 0.010488
vt -0.409602 0.826327
vt -0.377631 0.010488
vt -0.377643 0.826325
vt -0.345683 0.010488
vt -0.345683 0.826324
vt -0.196157 0.834303
vt -0.196157 0.856298
vt -0.283284 0.856298
vt -0.283284 0.834303
vt -0.283284 0.812308
vt -0.196157 0.812308
vt -0.249805 0.826324
vt -0.249842 0.010487
vt -4.872895 1.248246
vt -4.979445 1.261992
vt -5.214969 1.116955
vt 1.133268 1.418086
vt 0.827603 1.452806
vt 0.703124 1.283259
vt 4.328044 1.205395
vt -1.944111 0.655702
vt -2.004290 0.663285
vt -2.473602 0.555779
vt 3.101529 1.254056
vt -5.045794 1.268237
vt -3.136893 1.057640
vt -3.259253 1.050626
vt -3.062654 0.887110
vt -2.217154 0.712484
vt -2.380603 0.723931
vt -2.475885 0.563668
vt -2.204393 0.710649
vt -2.473672 0.555765
vt -0.192911 1.383953
vt -0.457953 1.416279
vt 4.561701 1.066359
vt 0.241260 1.408750
vt 0.063386 1.362678
vt 0.661042 1.282509
vt -2.370278 1.243609
vt -1.212639 1.521410
vt 3.459198 0.902625
vt 3.345019 0.903271
vt 3.382277 0.752211
vt -0.301152 1.055950
vt -0.422521 1.047914
vt -0.204199 0.885721
vt 0.813361 1.453582
vt 0.559902 1.453582
vt 0.690473 1.286202
vt 3.646913 0.888971
vt 3.473614 0.902049
vt 3.393358 0.745111
vt 2.157582 1.260158
vt 2.197741 0.423283
vt 2.223674 0.429089
vt 2.222601 1.260665
vt 2.421783 1.249348
vt 2.395053 1.249262
vt 2.395052 0.422642
vt 2.421783 0.422728
vt 2.092487 1.249613
vt 2.092487 0.425732
vt 3.277646 1.218354
vt 2.298094 0.420231
vt 2.325679 1.260304
vt 2.260551 1.260774
vt 2.260552 0.426108
vt -0.089862 0.792476
vt -0.227394 0.767350
vt 0.210803 0.650990
vt 2.390905 0.422563
vt 2.390906 1.249735
vt -5.161248 1.082269
vt -5.323515 1.069666
vt -5.062661 0.928443
vt 3.330490 0.902897
vt 3.154133 0.892727
vt 3.369370 0.745262
vt 2.060830 0.078028
vt 2.086687 0.078110
vt 2.086685 0.859606
vt 2.060828 0.859524
vt 1.974507 0.870811
vt 1.948451 0.870626
vt 1.956000 0.078722
vt 1.982056 0.078907
vt 2.031698 0.867979
vt 2.012362 0.080407
vt 2.056980 0.078162
vt 2.055988 0.860640
vt 1.925681 0.079982
vt 1.891296 0.867347
vt 1.867048 0.861628
vt 1.881026 0.077391
vt 1.952133 0.078833
vt 1.944586 0.870459
vt -0.418215 1.244135
vt -0.428363 1.257573
vt -0.455542 1.261660
vt -0.494924 1.261663
vt -0.534093 1.261663
vt -0.561489 1.256849
vt -0.572093 1.243578
vt -0.561867 1.229329
vt -0.534062 1.222005
vt -0.495516 1.220248
vt -0.457010 1.221916
vt -0.428958 1.229174
vt -0.328566 1.297776
vt -0.400445 1.297776
vt -0.400439 0.654048
vt -0.328560 0.654048
vt -0.322761 1.297899
vt -0.322755 0.654048
vt -0.277918 0.654049
vt -0.277920 1.299826
vt 3.759134 0.873049
vt 3.660312 0.887510
vt 3.417275 0.749617
vt -0.174576 0.862402
vt -0.174577 0.899158
vt -0.207623 0.902775
vt -0.248800 0.902775
vt -0.283284 0.886929
vt -0.283283 0.862402
vt -0.250237 0.858785
vt -0.207621 0.858785
vt -0.406257 0.654048
vt -0.406262 1.297776
vt -0.451097 1.297776
vt -0.451090 0.654048
vt 1.298332 1.263517
vt 1.152653 1.242325
vt 1.572764 1.100790
vt 0.671890 0.134839
vt 0.691028 0.870927
vt 0.644807 0.863820
vt 0.644793 0.146799
vt -3.488126 1.025864
vt -3.059479 0.886999
vt 0.856243 0.132844
vt 0.841043 0.865243
vt 0.813987 0.865157
vt 0.829188 0.132757
vt 0.760310 0.864713
vt 0.775341 0.137460
vt 0.802118 0.142844
vt 0.787146 0.865100
vt -0.192211 1.108163
vt -0.178252 1.134398
vt -0.272073 1.129107
vt -0.272074 1.109511
vt -0.272073 1.097469
vt -0.178708 1.092204
vt 0.960046 0.141212
vt 0.944935 0.866089
vt 0.987030 0.137064
vt 1.014010 0.137481
vt 0.998811 0.866588
vt 0.971832 0.866171
vt -1.320954 1.531777
vt -0.166454 0.925813
vt -0.107843 0.925812
vt -0.107843 0.949256
vt -0.166454 0.949256
vt -1.014186 1.038844
vt -1.259214 1.049135
vt -1.298221 0.878545
vt -1.179913 1.373101
vt 4.477760 1.048723
vt 1.202623 0.859171
vt 1.203125 -0.006635
vt 1.252411 -0.008918
vt 1.252237 0.866422
vt -2.448277 1.240708
vt 1.332591 -0.006564
vt 1.332610 0.870527
vt 1.119384 -0.015572
vt 1.119153 0.858725
vt 1.057458 0.870635
vt 1.057546 -0.006518
vt 1.198185 0.858748
vt 1.157952 0.858739
vt 1.158405 -0.006506
vt 1.198638 -0.006497
vt 2.319077 0.861961
vt 2.147252 0.837954
vt 2.598992 0.705410
vt -1.297163 0.878512
vt 0.483514 1.469868
vt 0.430142 1.469869
vt 0.430147 0.630740
vt 0.483516 0.630740
vt -4.466962 1.424158
vt -4.529167 1.432685
vt -4.809460 1.292902
vt 1.372569 1.268515
vt -0.648178 1.021228
vt -0.201484 0.885981
vt -3.438473 1.521542
vt -3.593838 1.551473
vt -3.886238 1.403140
vt 0.301497 0.630853
vt 0.355051 0.630853
vt 0.355039 1.469987
vt 0.301489 1.469987
vt 0.400823 1.469984
vt 0.400828 0.630853
vt -0.291372 0.942151
vt -0.310785 0.949253
vt -0.392196 0.949136
vt -0.413888 0.942148
vt -0.416403 0.913431
vt -0.393095 0.904876
vt -0.310989 0.904876
vt -0.291372 0.913448
vt 3.329270 1.205395
vt 0.466703 0.870695
vt 0.406885 0.870703
vt 0.407814 0.060705
vt 0.466450 0.060698
vt 0.378183 0.870754
vt 0.318566 0.870721
vt 0.319441 0.060723
vt 0.379112 0.060755
vt -1.424472 1.539642
vt -0.410258 1.133976
vt -0.410258 1.090514
vt -0.280162 1.090514
vt -0.280161 1.133976
vt 0.554821 0.870620
vt 0.495405 0.870628
vt 0.495152 0.060631
vt 0.554571 0.060623
vt 0.583272 0.060529
vt 0.583522 0.870526
vt -4.327452 1.393768
vt -4.454993 1.422049
vt -4.794348 1.291997
vt -2.526082 1.237622
vt -0.169482 1.091905
vt -0.082355 1.091905
vt -0.082355 1.110375
vt -0.082355 1.116531
vt -0.169482 1.116531
vt -0.169482 1.110375
vt -4.639829 1.444147
vt 1.597523 1.275645
vt 0.289865 0.870791
vt 0.290739 0.060795
vt -4.216778 1.350341
vt -4.276098 1.376571
vt -4.788869 1.288324
vt -1.494408 1.542111
vt -2.173850 1.445945
vt -2.404672 1.428163
vt -2.203585 1.277323
vt -4.317623 1.391044
vt 1.332580 0.891775
vt 1.236663 0.881309
vt 1.350078 0.721425
vt -2.592304 1.231606
vt 3.755554 1.001256
vt 4.014557 0.842917
vt -0.863108 1.552765
vt -2.503318 1.425750
vt -0.333293 1.251247
vt -0.333293 0.439602
vt -0.201676 0.445170
vt -0.201676 1.251247
vt 4.208488 1.007990
vt 4.009793 0.842375
vt 3.322367 1.418091
vt 3.016792 1.452801
vt 2.892352 1.283305
vt -0.338968 1.251509
vt -0.435006 1.260792
vt -0.435006 0.445130
vt -0.338968 0.439637
vt 2.735133 1.452650
vt 2.441994 1.410994
vt 2.867436 1.283052
vt -1.697641 1.389220
vt -1.760041 1.395341
vt -2.182425 1.276228
vt -0.166489 0.952140
vt -0.107878 0.952140
vt -0.107878 0.975583
vt -0.166489 0.975583
vt -3.606996 1.553000
vt -3.848017 1.565912
vt -3.919305 1.394566
vt -0.440857 0.445295
vt -0.440857 1.261066
vt -0.572395 1.261066
vt -0.572395 0.445295
vt -1.992145 1.438643
vt -2.159240 1.446185
vt -2.187835 1.284028
vt -0.831414 1.253074
vt -0.831426 0.437286
vt -0.799479 0.437286
vt -0.799455 1.253074
vt -0.735536 1.253075
vt -0.735585 0.437285
vt -0.703638 0.437284
vt -0.703577 1.253077
vt -0.671691 0.437284
vt -0.671617 1.253078
vt -0.639743 0.437283
vt -0.639658 1.253077
vt -0.607796 0.437282
vt -0.607698 1.253076
vt -0.991211 1.253078
vt -0.991162 0.437285
vt -0.959215 0.437286
vt -0.959252 1.253078
vt -0.927268 0.437286
vt -0.927292 1.253076
vt -0.895321 0.437286
vt -0.895333 1.253075
vt -0.863374 0.437286
vt -0.863374 1.253074
vt -0.424517 0.834087
vt -0.424517 0.856082
vt -0.511644 0.856082
vt -0.511644 0.834087
vt -0.511644 0.812092
vt -0.424517 0.812091
vt -0.767495 1.253074
vt -0.767532 0.437285
vt 2.575315 0.875291
vt 2.479467 0.864785
vt 2.593930 0.704949
vt -1.573243 1.542328
vt 1.681305 1.275645
vt -1.978764 1.437143
vt -4.956751 1.083236
vt -5.027403 1.084325
vt -5.047428 0.927727
vt 0.114289 1.565768
vt 0.049904 1.578940
vt 1.764921 1.054866
vt 2.035510 0.897243
vt 2.430393 1.408747
vt 2.252558 1.362685
vt 2.850083 1.282535
vt -1.683495 1.023922
vt -1.288583 0.878767
vt 2.217429 1.063660
vt 2.030582 0.897168
vt 4.507788 0.965147
vt 4.327772 0.989451
vt 4.026738 0.845986
vt 3.002479 1.453581
vt 2.749064 1.453581
vt 2.879613 1.286229
vt -3.911440 1.567009
vt -3.918165 1.394517
vt 1.840416 1.264814
vt -0.410258 1.207561
vt -0.410258 1.182508
vt -0.285603 1.185589
vt -0.262544 1.199424
vt -0.284970 1.204465
vt -0.021506 1.588068
vt -4.779448 1.070584
vt -4.942374 1.082602
vt -5.032219 0.928520
vt 2.157585 1.260104
vt 2.197741 0.423283
vt 2.223688 0.429093
vt 2.222615 1.260611
vt 2.421785 1.249294
vt 2.395051 1.249209
vt 2.395051 0.422642
vt 2.421785 0.422728
vt 2.092463 1.249555
vt 2.092463 0.425733
vt -0.418409 1.200227
vt -0.428545 1.213664
vt -0.455660 1.217747
vt -0.494952 1.217745
vt -0.534101 1.217741
vt -0.561505 1.212922
vt -0.572093 1.199651
vt -0.561852 1.185402
vt -0.534078 1.178082
vt -0.495631 1.176330
vt -0.457129 1.178003
vt -0.429133 1.185264
vt 2.298094 0.420231
vt 2.325677 1.260250
vt 2.260526 1.260719
vt 2.260527 0.426112
vt -2.517160 1.424501
vt -2.656746 1.400100
vt -2.228590 1.281602
vt 2.390930 0.422564
vt 2.390931 1.249677
vt -5.444366 1.266516
vt -5.597570 1.248038
vt -5.257570 1.118046
vt 4.222057 1.006816
vt 2.060828 0.078028
vt 2.086689 0.078110
vt 2.086687 0.859656
vt 2.060827 0.859574
vt 1.974508 0.870862
vt 1.948449 0.870677
vt 1.955998 0.078722
vt 1.982058 0.078907
vt 2.031699 0.868030
vt 2.012362 0.080407
vt 2.056982 0.078162
vt 2.055991 0.860690
vt 1.925681 0.079982
vt 1.891294 0.867398
vt 1.867040 0.861677
vt 1.881020 0.077391
vt 1.952137 0.078833
vt 1.944589 0.870511
vt -5.146880 1.082903
vt 0.189124 0.870978
vt 0.117245 0.870978
vt 0.117251 0.227250
vt 0.189130 0.227250
vt 0.194930 0.871101
vt 0.194935 0.227250
vt 0.239772 0.227250
vt 0.239770 0.873027
vt -4.849152 1.451729
vt -4.962956 1.449279
vt -4.849152 1.301109
vt -1.652000 1.542354
vt -4.606451 1.043039
vt -4.704115 1.060479
vt -5.021105 0.925777
vt 2.519753 1.022161
vt 2.337914 1.045704
vt 2.050863 0.901777
vt 0.111434 0.227250
vt 0.111428 0.870978
vt 0.066594 0.870978
vt 0.066601 0.227250
vt -4.765980 1.069164
vt 0.671890 0.134839
vt 0.691028 0.870927
vt 0.644807 0.863820
vt 0.644793 0.146799
vt -3.068306 0.886843
vt 0.856243 0.132844
vt 0.841043 0.865243
vt 0.813987 0.865157
vt 0.829188 0.132757
vt 0.760310 0.864713
vt 0.775341 0.137460
vt 0.802118 0.142844
vt 0.787146 0.865100
vt -0.192210 1.062910
vt -0.178252 1.089145
vt -0.272073 1.083855
vt -0.272074 1.064258
vt -0.272073 1.052217
vt -0.178708 1.046951
vt 0.960046 0.141212
vt 0.944935 0.866089
vt 0.987030 0.137064
vt 1.014010 0.137481
vt 0.998811 0.866588
vt 0.971832 0.866171
vt -4.038471 1.560978
vt -3.912179 1.394504
vt 0.487962 0.630740
vt 0.563089 0.630740
vt 0.563089 1.469869
vt 0.487961 1.469869
vt -0.169482 1.037681
vt -0.082355 1.037681
vt -0.082355 1.056151
vt -0.082355 1.062306
vt -0.169482 1.062306
vt -0.169482 1.056151
vt -0.095743 1.595605
vt 2.231236 1.062502
vt 1.202473 0.859167
vt 1.202973 -0.006627
vt 1.252411 -0.008918
vt 1.252237 0.866440
vt -1.721138 1.539032
vt 1.332504 -0.006566
vt 1.332524 0.870541
vt 1.119384 -0.015572
vt 1.119153 0.858743
vt 1.057457 0.870653
vt 1.057546 -0.006518
vt 1.198149 0.858766
vt 1.157952 0.858757
vt 1.158405 -0.006506
vt 1.198602 -0.006497
vt 3.581208 0.978501
vt 4.017916 0.842783
vt 1.910960 1.253951
vt 1.001143 1.043070
vt 0.947832 1.043070
vt 0.947838 0.203942
vt 1.001144 0.203942
vt -3.393726 0.857846
vt -3.399855 0.860909
vt -3.632356 0.844217
vt -1.761622 0.833534
vt -1.845435 0.839951
vt -1.883280 0.665807
vt -1.922227 0.836250
vt -2.202948 0.814679
vt -2.639059 1.026142
vt -2.809751 1.049767
vt -3.039365 0.896069
vt 0.819236 0.204055
vt 0.819228 1.043183
vt 1.352175 0.721521
vt -0.424517 0.895843
vt -0.443931 0.902946
vt -0.525342 0.902828
vt -0.547034 0.895841
vt -0.549549 0.867124
vt -0.526241 0.858568
vt -0.444134 0.858568
vt -0.424517 0.867140
vt -0.176254 1.600596
vt 0.984393 0.443897
vt 0.924575 0.443905
vt 0.925504 -0.366093
vt 0.984141 -0.366100
vt 0.895874 0.443956
vt 0.836256 0.443923
vt 0.837131 -0.366075
vt 0.896802 -0.366044
vt -3.731577 0.842274
vt -0.410062 1.261663
vt -0.410062 1.218202
vt -0.279967 1.218201
vt -0.279966 1.261663
vt 1.072511 0.443822
vt 1.013095 0.443829
vt 1.012843 -0.366167
vt 1.072261 -0.366176
vt 1.100963 -0.366269
vt 1.101213 0.443727
vt -2.278951 0.808761
vt -2.346326 0.795218
vt 1.528449 0.888324
vt 1.347250 0.721435
vt 0.131376 1.019190
vt 3.249504 1.087250
vt 3.135641 1.085007
vt 3.232646 0.935543
vt -4.278721 1.542608
vt -3.909563 1.394656
vt 0.807555 0.443993
vt 0.808430 -0.366003
vt 5.512646 1.418157
vt 5.206885 1.452805
vt 5.082418 1.282910
vt -2.932549 0.798571
vt -2.928165 0.801844
vt -2.990332 0.808290
vt 3.441696 1.078419
vt 3.264072 1.087042
vt 3.246481 0.928753
vt 2.086833 1.218173
vt -3.216459 0.848957
vt -3.219056 0.852701
vt -3.385661 0.861055
vt -1.285839 1.317386
vt 3.121338 1.084268
vt 2.949886 1.069697
vt 3.222565 0.928298
vt -3.206150 0.851200
vt -1.363964 1.316666
vt -1.654394 1.306087
vt -0.174577 0.955757
vt -0.174577 0.992513
vt -0.207622 0.996130
vt -0.248799 0.996130
vt -0.283284 0.980284
vt -0.283284 0.955757
vt -0.250238 0.952140
vt -0.207622 0.952140
vt -0.333309 1.251247
vt -0.333309 0.439601
vt -0.201664 0.445171
vt -0.201665 1.251247
vt 4.621134 1.408385
vt 4.441739 1.362624
vt 5.040278 1.282147
vt -1.419927 0.797975
vt -1.687059 0.829185
vt -0.338963 1.251509
vt -0.435022 1.260794
vt -0.435022 0.445131
vt -0.338962 0.439636
vt 0.546013 1.452654
vt 0.252815 1.410989
vt 0.678341 1.283021
vt 1.104118 1.023231
vt 1.042870 1.037327
vt -0.291196 1.604224
vt -1.733070 1.303147
vt -1.807791 1.292339
vt -0.440836 0.445295
vt -0.440836 1.261066
vt -0.572414 1.261066
vt -0.572413 0.445295
vt 1.832166 0.847480
vt 1.649538 0.870629
vt 1.367374 0.726088
vt -0.831414 1.253124
vt -0.831426 0.437286
vt -0.799479 0.437286
vt -0.799455 1.253124
vt -0.735536 1.253124
vt -0.735585 0.437285
vt -0.703638 0.437284
vt -0.703577 1.253124
vt -0.671691 0.437284
vt -0.671617 1.253124
vt -0.639743 0.437283
vt -0.639658 1.253124
vt -0.607796 0.437282
vt -0.607698 1.253123
vt -0.991211 1.253125
vt -0.991162 0.437285
vt -0.959215 0.437286
vt -0.959252 1.253125
vt -0.927268 0.437286
vt -0.927292 1.253125
vt -0.895321 0.437286
vt -0.895333 1.253124
vt -0.863374 0.437286
vt -0.863374 1.253124
vt 2.157582 1.260167
vt 2.197741 0.423283
vt 2.223680 0.429091
vt 2.222607 1.260674
vt -0.767495 1.253123
vt -0.767532 0.437285
vt 5.192618 1.453581
vt 4.939172 1.453581
vt 5.069738 1.285850
vt -1.015472 2.032001
vt -1.066794 2.032001
vt -1.066788 1.191405
vt -1.015471 1.191405
vt -0.253710 1.207561
vt -0.253710 1.182508
vt -0.129055 1.185589
vt -0.105996 1.199424
vt -0.128422 1.204465
vt -0.418409 1.156309
vt -0.428545 1.169746
vt -0.455661 1.173830
vt -0.494951 1.173827
vt -0.534101 1.173823
vt -0.561506 1.169005
vt -0.572093 1.155733
vt -0.561852 1.141484
vt -0.534078 1.134164
vt -0.495631 1.132413
vt -0.457129 1.134085
vt -0.429134 1.141346
vt 1.542296 0.887196
vt 0.974116 1.047671
vt -0.169482 1.119017
vt -0.082355 1.119017
vt -0.082355 1.137487
vt -0.082355 1.143643
vt -0.169482 1.143643
vt -0.169482 1.137487
vt -0.890441 1.259609
vt 0.583522 0.870477
vt 0.583272 0.060529
vt 0.643092 0.060522
vt 0.642624 0.870470
vt 0.299546 1.263532
vt 0.153882 1.242334
vt 0.483517 1.469869
vt 0.430142 1.469869
vt 0.430147 0.630740
vt 0.483518 0.630740
vt -0.399133 1.605741
vt 1.534997 -0.433318
vt 1.575236 -0.433316
vt 1.575148 0.443837
vt 1.534912 0.443835
vt 2.138276 1.205170
vt 1.014010 0.137481
vt 0.998811 0.866588
vt 0.251760 0.815551
vt 0.022674 0.796431
vt 0.236161 0.646865
vt 1.978372 0.870682
vt 1.985916 0.079054
vt 2.012362 0.080407
vt 2.031698 0.867979
vt -2.406076 0.782986
vt 2.596026 0.705045
vt 4.632936 1.263137
vt 0.373826 1.268497
vt 2.227879 0.429775
vt 2.254696 0.429878
vt 2.253496 1.260797
vt 2.226683 1.260693
vt -0.195943 0.445295
vt -0.099863 0.445295
vt -0.099862 1.260799
vt -0.195943 1.251512
vt 1.160782 -0.366276
vt 1.160314 0.443720
vt 1.005696 0.203942
vt 1.080752 0.203942
vt 1.080752 1.043070
vt 1.005695 1.043070
vt 1.017330 -0.006520
vt 1.017245 0.870652
vt 0.902097 1.056469
vt 0.245557 0.227250
vt 0.317446 0.227250
vt 0.317446 0.871059
vt 0.245555 0.873069
vt 1.978370 0.870733
vt 1.985918 0.079054
vt 2.298094 0.420231
vt 2.325679 1.260314
vt 2.260552 1.260783
vt 2.260552 0.426108
vt 2.421779 1.249347
vt 2.395053 1.249262
vt 2.395051 0.422642
vt 2.421781 0.422728
vt 2.092482 1.249620
vt 2.092482 0.425732
vt -0.469445 1.604048
vt -0.184692 1.239666
vt -0.184810 1.261663
vt -0.271873 1.261655
vt -0.271757 1.239681
vt -0.269746 1.217664
vt -0.182685 1.217672
vt -2.745685 0.711992
vt -2.895180 0.691750
vt -2.517534 0.562349
vt 2.390909 0.422563
vt 2.390910 1.249743
vt -4.554295 1.250719
vt -4.713251 1.235642
vt -4.413156 1.097381
vt -0.076026 0.793779
vt 0.236144 0.646878
vt 2.060826 0.078028
vt 2.086691 0.078110
vt 2.086693 0.859605
vt 2.060825 0.859523
vt 1.952138 0.078833
vt 1.944587 0.870461
vt 1.891296 0.867347
vt 1.925681 0.079982
vt 2.227874 0.429775
vt 2.254696 0.429878
vt 2.253498 1.260743
vt 2.226676 1.260639
vt 2.056983 0.078162
vt 2.056070 0.860612
vt 1.866962 0.861605
vt 1.881034 0.077392
vt -0.174475 1.217664
vt -0.087360 1.217665
vt -0.086702 1.236199
vt -0.086126 1.242504
vt -0.173239 1.242503
vt -0.173819 1.236168
vt 0.671890 0.134839
vt 0.691028 0.870927
vt 0.644807 0.863820
vt 0.644793 0.146799
vt 2.771206 0.871922
vt 2.591101 0.704957
vt -0.195937 0.445295
vt -0.099873 0.445295
vt -0.099873 1.260798
vt -0.195938 1.251512
vt 0.856243 0.132844
vt 0.841043 0.865243
vt 0.813987 0.865157
vt 0.829188 0.132757
vt 0.643092 0.060522
vt 0.642624 0.870518
vt 0.760310 0.864713
vt 0.775341 0.137460
vt 0.802118 0.142844
vt 0.787146 0.865100
vt 1.769926 0.439624
vt 1.770101 -0.435716
vt 1.850281 -0.433362
vt 1.850301 0.443729
vt -0.174543 0.908886
vt -0.174594 0.945642
vt -0.207644 0.949256
vt -0.248820 0.949252
vt -0.283284 0.933403
vt -0.283250 0.908876
vt -0.250199 0.905262
vt -0.207584 0.905265
vt 0.487978 0.630740
vt 0.563108 0.630740
vt 0.563091 1.469869
vt 0.487995 1.469867
vt 1.017307 -0.006520
vt 1.017222 0.870633
vt -0.272133 0.654049
vt -0.200244 0.654049
vt -0.200244 1.297858
vt -0.272135 1.299867
vt 0.733005 0.761529
vt 0.669482 0.767072
vt 0.257597 0.645876
vt 4.452468 1.425071
vt 4.206671 1.482630
vt 3.874235 1.331972
vt 0.434084 0.809230
vt 0.266411 0.815878
vt 0.251407 0.653624
vt 1.978374 0.870681
vt 1.985921 0.079054
vt 1.720313 0.432373
vt 1.720815 -0.433433
vt -1.874197 1.282534
vt 1.637074 -0.442370
vt 1.636843 0.431927
vt -0.192211 1.153416
vt -0.178252 1.179651
vt -0.272073 1.174360
vt -0.272074 1.154763
vt -0.272073 1.142722
vt -0.178708 1.137457
vt 1.715875 0.431950
vt 1.675642 0.431941
vt 1.676096 -0.433304
vt 1.716329 -0.433296
vt 1.592134 1.031303
vt 2.038491 0.897600
vt 2.227874 0.429775
vt 2.254695 0.429878
vt 2.253496 1.260797
vt 2.226677 1.260694
vt -0.546972 0.771950
vt -0.447750 0.771950
vt -0.459952 0.803425
vt -0.514745 0.809248
vt -0.534708 0.803585
vt 0.321744 0.018496
vt 0.417833 0.018496
vt 0.417834 0.834001
vt 0.321744 0.824713
vt 0.447639 0.807790
vt 0.257531 0.645854
vt 0.643092 0.060522
vt 0.642624 0.870470
vt 0.487962 0.630740
vt 0.563089 0.630740
vt 0.563089 1.469869
vt 0.487961 1.469869
vt 0.200610 1.028635
vt 0.026744 1.050837
vt -0.182729 0.895153
vt 0.301506 0.630853
vt 0.301498 1.469981
vt 1.017326 -0.006520
vt 1.017241 0.870632
vt 0.554821 0.870572
vt 0.554571 0.060623
vt -0.272134 0.654049
vt -0.200243 0.654049
vt -0.200243 1.297899
vt -0.272135 1.299909
vt 0.466703 0.870647
vt 0.406885 0.870655
vt 0.407814 0.060705
vt 0.466450 0.060698
vt 2.496064 0.443883
vt 2.503611 -0.347744
vt 0.378183 0.870706
vt 0.318566 0.870673
vt 0.319441 0.060723
vt 0.379112 0.060755
vt 3.595336 1.488154
vt 3.368479 1.458833
vt 3.833519 1.334657
vt -0.209935 0.885526
vt -0.291411 0.989027
vt -0.310835 0.996127
vt -0.392245 0.996003
vt -0.413928 0.989014
vt -0.416404 0.960296
vt -0.393084 0.951743
vt -0.310977 0.951750
vt -0.291372 0.960324
vt 2.227874 0.429775
vt 2.254696 0.429878
vt 2.253498 1.260694
vt 2.226676 1.260590
vt 0.495405 0.870579
vt 0.495152 0.060631
vt -0.195943 0.445295
vt -0.099863 0.445295
vt -0.099862 1.260799
vt -0.195943 1.251512
vt 0.643092 0.060522
vt 0.642624 0.870518
vt -0.166487 0.858785
vt -0.107876 0.858785
vt -0.107876 0.882228
vt -0.166487 0.882228
vt 0.487962 0.630740
vt 0.563089 0.630740
vt 0.563089 1.469869
vt 0.487961 1.469869
vt 3.075189 0.831205
vt 2.892410 0.854278
vt 2.611194 0.709618
vt -2.815509 1.375901
vt -3.060211 1.386674
vt -3.104481 1.216166
vt 1.534997 -0.433318
vt 1.534912 0.443835
vt 0.289865 0.870743
vt 0.290739 0.060795
vt -3.126137 1.388009
vt -3.097639 1.216178
vt -0.272112 0.654049
vt -0.200313 0.654049
vt -0.200313 1.297860
vt -0.272114 1.299867
vt 1.978374 0.870681
vt 1.985921 0.079054
vt 2.227869 0.429775
vt 2.254705 0.429878
vt 2.253507 1.260743
vt 2.226671 1.260640
vt -3.103424 1.216131
vt 4.194189 1.484508
vt 3.953976 1.504946
vt 3.866028 1.335787
vt -4.528216 0.904819
vt -0.439277 0.809418
vt -0.439277 0.784363
vt -0.315194 0.789925
vt -0.292138 0.804274
vt -0.314237 0.808818
vt -0.295627 0.814106
vt 2.785059 0.870799
vt -0.195941 0.445295
vt -0.099866 0.445295
vt -0.099866 1.260851
vt -0.195942 1.251564
vt -0.418410 1.068473
vt -0.428537 1.081911
vt -0.455650 1.085995
vt -0.494942 1.085994
vt -0.534091 1.085991
vt -0.561498 1.081174
vt -0.572093 1.067902
vt -0.561860 1.053654
vt -0.534091 1.046332
vt -0.495644 1.044580
vt -0.457141 1.046251
vt -0.429142 1.053510
vt 5.447498 1.037370
vt -1.579580 1.707103
vt -1.595842 1.690426
vt -1.546396 1.690420
vt -1.683316 1.704636
vt -1.704856 1.710871
vt -1.731469 1.700301
vt -1.118754 1.432832
vt -1.178371 1.432799
vt -1.177495 0.621388
vt -1.117824 0.621420
vt -1.615629 1.690023
vt -1.653267 1.656595
vt -1.494746 1.697815
vt -1.496489 1.674824
vt -1.635262 1.707351
vt -1.528585 1.707615
vt -1.594525 1.664788
vt -1.716224 1.685443
vt -1.701329 1.652566
vt -1.731058 1.660237
vt -1.705725 1.647493
vt -1.606336 1.701134
vt -1.605276 1.662149
vt -1.481972 1.700953
vt -1.506792 1.712480
vt -1.515530 1.658394
vt -1.561645 1.657145
vt -1.618499 1.663090
vt -1.608357 1.660939
vt -1.608358 1.701221
vt -2.265567 2.252479
vt -2.293355 2.256609
vt -2.286990 2.240245
vt -2.354747 2.284278
vt -2.358302 2.283507
vt -2.358302 2.238462
vt -2.355828 2.237909
vt -2.325281 2.266732
vt -1.222088 1.637881
vt -1.175555 1.640038
vt -1.182735 1.676060
vt -1.223989 1.685051
vt -3.368109 2.236549
vt -3.302578 2.231588
vt -3.300290 2.233692
vt -3.321593 2.255682
vt -3.360908 2.256184
vt -2.050897 1.670129
vt -2.052276 1.669901
vt -2.054100 1.635391
vt -2.051964 1.633751
vt -2.016080 1.632816
vt -0.294646 1.419881
vt -0.294180 0.555459
vt -0.244525 0.553165
vt -0.244699 1.427185
vt -0.521598 1.593159
vt -0.527794 1.590497
vt -0.497629 0.143491
vt -0.443661 0.135211
vt -0.474057 1.593312
vt -3.848737 1.950093
vt -3.848737 2.085176
vt -3.936863 2.083156
vt -3.932328 1.947618
vt -3.901726 1.934960
vt -3.848596 1.950072
vt -1.207073 1.432870
vt -1.206196 0.621460
vt -0.942114 1.432698
vt -1.001530 1.432706
vt -1.001783 0.621296
vt -0.942364 0.621288
vt -1.583747 1.648811
vt -1.507211 1.650481
vt -1.584892 1.712481
vt -1.482545 1.663635
vt -1.030232 1.432773
vt -1.030485 0.621363
vt -1.629769 1.647229
vt -3.381393 2.248232
vt -1.096113 2.032114
vt -1.096107 1.191518
vt -1.141897 2.032114
vt -1.141885 1.191518
vt -1.007224 1.191405
vt -0.935605 1.191405
vt -0.935605 2.032001
vt -1.007225 2.032001
vt -2.281981 2.283154
vt -3.367414 2.275558
vt -0.338531 0.555568
vt -0.338984 1.419506
vt -0.377783 1.419483
vt -0.377552 0.546516
vt -3.297910 2.234059
vt -3.297910 2.278121
vt -3.300211 2.278490
vt -0.299137 1.419514
vt -0.298685 0.555576
vt -0.164021 0.555528
vt -0.164016 1.431311
vt -0.867039 0.135964
vt -0.897044 1.587759
vt -1.035614 1.600173
vt -1.073817 0.130758
vt -0.380330 1.421399
vt -0.436931 1.432339
vt -0.439478 1.431414
vt -0.439390 0.555564
vt -0.789691 1.588646
vt -0.843373 1.588544
vt -0.813484 0.146712
vt -0.759346 0.126575
vt -0.479236 0.555562
vt -0.479321 1.431413
vt -1.630884 1.712481
vt -2.353240 2.286180
vt -0.913413 1.432605
vt -0.913663 0.621194
vt -0.853843 0.621187
vt -0.854313 1.432597
vt -2.050308 1.611958
vt -2.009594 1.602955
vt -3.302519 2.280588
vt -1.193365 1.191518
vt -1.193373 2.032114
vt -2.016000 1.632842
vt -2.009584 1.679504
vt -1.089122 0.621370
vt -1.090052 1.432781
vt -1.223940 1.608804
vt -1.182324 1.617600
vt -2.353559 2.235885
vt -3.883120 2.099367
vt -3.936361 2.083009
vt -3.540122 1.950690
vt -3.540130 2.083788
vt -3.626024 2.040440
vt -3.539453 2.087355
vt -3.564191 2.100070
vt -3.626093 2.040448
vt 0.453453 0.642378
vt 0.445947 1.429552
vt 0.394424 1.426544
vt 0.428624 0.643451
vt -3.911512 2.097112
vt -3.936964 2.083133
vt -0.735579 1.588819
vt -0.705234 0.126749
vt -3.626146 2.040491
vt -3.619683 1.948318
vt -3.540098 1.950643
vt -3.937005 2.083170
vt -3.592922 1.935683
vt -3.566001 1.937307
vt -1.081398 1.661755
vt -1.103670 1.661755
vt -1.103670 1.629509
vt -1.081398 1.629509
vt -3.871996 1.935175
vt -3.849629 1.951171
vt -1.128052 1.585967
vt -1.128080 0.154637
vt 0.301300 0.636355
vt 0.301300 0.329361
vt 0.381660 0.331345
vt 0.381660 0.636355
vt -1.074308 1.630358
vt -1.052037 1.630359
vt -1.052037 1.645794
vt -1.074308 1.645794
vt -0.389702 0.136044
vt -0.420042 1.591501
vt -0.426459 1.594047
vt 0.534726 1.427175
vt 0.515496 0.643876
vt 0.558322 0.641712
vt 0.556729 1.420522
vt 0.483172 1.429787
vt 0.490677 0.642613
vt 0.372455 1.421354
vt 0.385757 0.640960
vt 0.565382 0.641486
vt 0.588269 0.641558
vt 0.588267 1.421633
vt 0.565380 1.421561
vt -1.081398 1.675396
vt -1.103670 1.675396
vt -3.594889 2.100445
vt -1.052036 1.672618
vt -1.074308 1.672618
vt 0.476091 1.430043
vt 0.453024 1.429880
vt 0.460533 0.642206
vt 0.483599 0.642369
vt 0.175796 0.690942
vt 0.174237 0.690973
vt 0.177173 0.669730
vt 0.183581 0.671576
vt 0.187293 0.686098
vt 0.221627 0.999530
vt 0.223337 0.999702
vt 0.224316 1.020760
vt 0.223038 1.020807
vt 0.214092 1.016629
vt 0.207716 1.004108
vt 0.190927 1.015656
vt 0.180440 0.668841
vt 0.225043 0.666638
vt 0.227082 0.667161
vt 0.207118 0.678407
vt 0.185519 0.671528
vt 0.208693 0.687807
vt 0.226876 0.691161
vt 0.225932 0.691637
vt 0.177672 0.691637
vt 0.386669 0.331407
vt 0.420942 0.331407
vt 0.420941 0.639692
vt 0.386669 0.636582
vt 0.256760 0.331407
vt 0.256750 0.639920
vt 0.176650 0.639920
vt 0.176650 0.331407
vt 0.296291 0.636582
vt 0.261951 0.639698
vt 0.261952 0.331276
vt 0.296291 0.329434
vt 0.322205 -0.856211
vt 0.274488 -0.849233
vt 0.219393 -0.849233
vt 0.171669 -0.856211
vt 0.144104 -0.868301
vt 0.144099 -0.882264
vt 0.171654 -0.894354
vt 0.219371 -0.901332
vt 0.274466 -0.901332
vt 0.322190 -0.894354
vt 0.349755 -0.882264
vt 0.349761 -0.868301
vt 0.174754 0.999583
vt 0.176501 0.999338
vt 0.180173 1.020577
vt 0.178738 1.020519
vt 0.174284 0.999629
vt 0.228330 0.667215
vt 0.229425 0.690899
vt 0.177280 0.998978
vt 0.220254 0.998978
vt 0.221447 1.021402
vt 0.181776 1.021186
vt 1.144102 -0.145616
vt 1.143802 -0.832345
vt 1.202998 -0.832337
vt 1.203201 -0.145609
vt 1.321409 -0.145597
vt 1.322498 -0.832325
vt 1.380812 -0.832319
vt 1.380625 -0.145591
vt 1.439956 -0.832313
vt 1.439903 -0.145585
vt 1.499144 -0.832308
vt 1.499107 -0.145580
vt 1.558340 -0.832303
vt 1.558220 -0.145575
vt 0.848220 -0.145644
vt 0.848220 -0.832372
vt 0.908019 -0.832368
vt 0.907298 -0.145640
vt 0.966409 -0.832365
vt 0.966418 -0.145636
vt 1.025493 -0.832359
vt 1.025636 -0.145631
vt 1.084621 -0.832353
vt 1.084899 -0.145624
vt -1.015472 2.032001
vt -1.066794 2.032001
vt -1.066788 1.191405
vt -1.015471 1.191405
vt 1.262279 -0.145603
vt 1.263372 -0.832331
vt -1.579580 1.707103
vt -1.595842 1.690426
vt -1.546396 1.690420
vt -1.683316 1.704636
vt -1.704856 1.710871
vt -1.731469 1.700301
vt -1.118754 1.432832
vt -1.178371 1.432799
vt -1.177495 0.621388
vt -1.117824 0.621420
vt -1.615629 1.690023
vt -1.653267 1.656595
vt -1.494746 1.697815
vt -1.496489 1.674824
vt -1.635262 1.707351
vt -1.528585 1.707615
vt -1.594525 1.664788
vt -1.716224 1.685443
vt -1.701329 1.652566
vt -1.731058 1.660237
vt -1.705725 1.647493
vt -1.606336 1.701134
vt -1.605276 1.662149
vt -1.481972 1.700953
vt -1.506792 1.712480
vt -1.515530 1.658394
vt -1.561645 1.657145
vt -1.618499 1.663090
vt -1.608357 1.660939
vt -1.608358 1.701221
vt -2.265567 2.252479
vt -2.293355 2.256609
vt -2.286990 2.240245
vt -2.354747 2.284278
vt -2.358302 2.283507
vt -2.358302 2.238462
vt -2.355828 2.237909
vt -2.325281 2.266732
vt -1.220360 1.637961
vt -1.177309 1.639957
vt -1.184295 1.675136
vt -1.222203 1.683383
vt -3.368109 2.236549
vt -3.302578 2.231588
vt -3.300290 2.233692
vt -3.321593 2.255682
vt -3.360908 2.256184
vt -2.048396 1.667572
vt -2.050188 1.633682
vt -2.017864 1.633026
vt -0.292585 1.418519
vt -0.292109 0.557010
vt -0.244526 0.554814
vt -0.244699 1.425531
vt -0.546468 1.428041
vt -0.551973 1.425432
vt -0.536943 0.704471
vt -0.509960 0.700334
vt -0.525131 1.428109
vt -2.214377 1.611239
vt -2.217843 1.674023
vt -2.254650 1.672631
vt -2.252081 1.605281
vt -2.237747 1.599219
vt -2.213730 1.604864
vt -2.213883 1.605610
vt -1.207073 1.432870
vt -1.206196 0.621460
vt -0.942114 1.432698
vt -1.001530 1.432706
vt -1.001783 0.621296
vt -0.942364 0.621288
vt -1.583747 1.648811
vt -1.507211 1.650481
vt -1.584892 1.712481
vt -1.482545 1.663635
vt -1.030232 1.432773
vt -1.030485 0.621363
vt -1.629769 1.647229
vt -3.381393 2.248232
vt -1.096113 2.032114
vt -1.096107 1.191518
vt -1.141897 2.032114
vt -1.141885 1.191518
vt -1.007224 1.191405
vt -0.935605 1.191405
vt -0.935605 2.032001
vt -1.007225 2.032001
vt -2.281981 2.283154
vt -3.367414 2.275558
vt -0.338532 0.557260
vt -0.338983 1.417839
vt -0.377782 1.417818
vt -0.377553 0.548206
vt -3.297910 2.234059
vt -3.297910 2.278121
vt -3.300211 2.278491
vt -0.300652 1.417847
vt -0.300201 0.557268
vt -0.166093 0.557118
vt -0.166083 1.429561
vt -0.721647 0.700669
vt -0.736599 1.424088
vt -0.805942 1.430279
vt -0.824978 0.698081
vt -0.439478 1.429739
vt -0.439390 0.557264
vt -0.682922 1.424523
vt -0.709763 1.424479
vt -0.694818 0.703509
vt -0.672994 0.695376
vt -0.667801 0.695997
vt -0.477721 0.557263
vt -0.477806 1.429738
vt -0.716203 0.699209
vt -1.630884 1.712481
vt -2.353241 2.286180
vt -0.913413 1.432605
vt -0.913663 0.621194
vt -0.853843 0.621187
vt -0.854313 1.432597
vt -2.048661 1.612871
vt -2.011850 1.604754
vt -3.302519 2.280587
vt -1.193365 1.191518
vt -1.193373 2.032114
vt -2.017712 1.633082
vt -2.011518 1.677482
vt -1.089122 0.621370
vt -1.090052 1.432781
vt -1.222115 1.610461
vt -1.183735 1.618539
vt -2.353559 2.235885
vt -2.239325 1.678715
vt -2.254405 1.672674
vt -2.059704 1.607484
vt -2.059710 1.672603
vt -2.099411 1.651744
vt -2.059095 1.675781
vt -2.070198 1.681488
vt -2.099473 1.651747
vt 0.453452 0.642378
vt 0.445947 1.429552
vt 0.394424 1.426544
vt 0.428624 0.643451
vt -2.243873 1.678651
vt -2.254778 1.672779
vt -0.655866 1.424609
vt -0.640746 0.696084
vt -2.099519 1.651786
vt -2.094796 1.605634
vt -2.059675 1.607449
vt -2.254798 1.672621
vt -2.082200 1.599845
vt -2.071809 1.601195
vt -1.081398 1.661755
vt -1.103670 1.661755
vt -1.103670 1.629509
vt -1.081398 1.629509
vt -2.238103 1.597982
vt -2.222823 1.596775
vt -2.212923 1.603855
vt -0.852128 1.423191
vt -0.852142 0.710026
vt -0.198697 0.947674
vt -0.198699 0.640680
vt -0.118339 0.642664
vt -0.118338 0.947674
vt -1.074308 1.630359
vt -1.052037 1.630359
vt -1.052037 1.645794
vt -1.074308 1.645794
vt -0.482980 0.700751
vt -0.498097 1.425937
vt -0.503844 1.428438
vt 0.534726 1.427175
vt 0.515496 0.643876
vt 0.558322 0.641712
vt 0.556729 1.420522
vt 0.483172 1.429787
vt 0.490678 0.642613
vt 0.372455 1.421354
vt 0.385757 0.640960
vt 0.565382 0.641486
vt 0.588269 0.641558
vt 0.588267 1.421633
vt 0.565380 1.421561
vt -1.081398 1.675396
vt -1.103670 1.675396
vt -2.083927 1.681656
vt -1.052036 1.672618
vt -1.074308 1.672618
vt 0.476091 1.430043
vt 0.453024 1.429880
vt 0.460533 0.642206
vt 0.483599 0.642369
vt 0.175796 0.742660
vt 0.174237 0.742691
vt 0.177174 0.721448
vt 0.183582 0.723294
vt 0.187293 0.737816
vt 0.176330 0.899893
vt 0.177013 0.899461
vt 0.260408 0.899214
vt 0.260595 0.899537
vt 0.244051 0.901796
vt 0.194463 0.903406
vt 0.240194 0.907645
vt 0.180441 0.720559
vt 0.225044 0.718355
vt 0.227083 0.718879
vt 0.207119 0.730124
vt 0.185520 0.723246
vt 0.208693 0.739525
vt 0.226876 0.742879
vt 0.225933 0.743355
vt 0.177672 0.743355
vt -0.113330 0.642726
vt -0.079057 0.642726
vt -0.079059 0.951012
vt -0.113329 0.947902
vt -0.243239 0.642726
vt -0.243248 0.951239
vt -0.323348 0.951239
vt -0.323349 0.642726
vt -0.203706 0.947902
vt -0.238047 0.951018
vt -0.238047 0.642595
vt -0.203708 0.640752
vt -1.015472 2.032001
vt -1.066794 2.032001
vt -1.066788 1.191405
vt -1.015471 1.191405
vt 0.176540 0.911729
vt 0.175571 0.911287
vt 0.259687 0.910360
vt 0.259457 0.910722
vt 0.176724 0.911847
vt 0.228331 0.718933
vt 0.229425 0.742617
vt 0.174145 0.911091
vt 0.174145 0.900240
vt 0.262953 0.899938
vt 0.262098 0.909955
vt 0.374350 0.558934
vt 0.373107 -0.142722
vt 0.432284 -0.142720
vt 0.433558 0.558936
vt 0.551740 0.558939
vt 0.551863 -0.142717
vt 0.610051 -0.142716
vt 0.610886 0.558939
vt 0.670035 -0.142717
vt 0.669217 0.558939
vt 0.728340 -0.142717
vt 0.728347 0.558939
vt 0.787521 -0.142717
vt 0.787524 0.558939
vt 0.846725 -0.142717
vt 0.846725 0.558939
vt 0.136687 0.558932
vt 0.136697 -0.142724
vt 0.196499 -0.142724
vt 0.196491 0.558932
vt 0.254886 -0.142724
vt 0.254877 0.558932
vt 0.313977 -0.142724
vt 0.315080 0.558932
vt 0.492672 0.558938
vt 0.491492 -0.142718
vt -1.579580 1.707103
vt -1.595842 1.690426
vt -1.546396 1.690420
vt -1.683316 1.704636
vt -1.704856 1.710871
vt -1.731469 1.700301
vt -1.118754 1.432832
vt -1.178371 1.432799
vt -1.177495 0.621388
vt -1.117824 0.621420
vt -1.615629 1.690023
vt -1.653267 1.656595
vt -1.494746 1.697815
vt -1.496489 1.674824
vt -1.635262 1.707351
vt -1.528585 1.707615
vt -1.594525 1.664788
vt -1.716224 1.685443
vt -1.701329 1.652566
vt -1.731058 1.660237
vt -1.705725 1.647493
vt -1.606336 1.701134
vt -1.605276 1.662149
vt -1.481972 1.700953
vt -1.506792 1.712480
vt -1.515530 1.658394
vt -1.561645 1.657145
vt -1.618499 1.663090
vt -1.608357 1.660939
vt -1.608358 1.701221
vt -2.265567 2.252479
vt -2.293355 2.256609
vt -2.286990 2.240245
vt -2.354747 2.284277
vt -2.358302 2.283508
vt -2.358302 2.238462
vt -2.355828 2.237909
vt -2.325281 2.266732
vt -1.220360 1.637961
vt -1.177309 1.639957
vt -1.184295 1.675136
vt -1.222203 1.683382
vt -3.368109 2.236549
vt -3.302578 2.231588
vt -3.300290 2.233691
vt -3.321593 2.255682
vt -3.360908 2.256184
vt -2.048397 1.667572
vt -2.050188 1.633682
vt -2.017864 1.633026
vt -0.292585 1.418519
vt -0.292109 0.557010
vt -0.244526 0.554814
vt -0.244699 1.425531
vt -0.546468 1.428041
vt -0.551973 1.425431
vt -0.536943 0.704471
vt -0.509960 0.700334
vt -0.525131 1.428109
vt -2.214377 1.611239
vt -2.217843 1.674023
vt -2.254651 1.672631
vt -2.252081 1.605281
vt -2.237747 1.599219
vt -2.213730 1.604864
vt -2.213883 1.605610
vt -1.207073 1.432870
vt -1.206196 0.621460
vt -0.942114 1.432698
vt -1.001530 1.432706
vt -1.001783 0.621296
vt -0.942364 0.621288
vt -1.583747 1.648811
vt -1.507211 1.650481
vt -1.584892 1.712481
vt -1.482545 1.663635
vt -1.030232 1.432773
vt -1.030485 0.621363
vt -1.629769 1.647229
vt -3.381393 2.248232
vt -1.096113 2.032114
vt -1.096107 1.191518
vt -1.141897 2.032114
vt -1.141885 1.191518
vt -1.007224 1.191405
vt -0.935605 1.191405
vt -0.935605 2.032001
vt -1.007225 2.032001
vt -2.281981 2.283154
vt -3.367414 2.275558
vt -0.338532 0.557260
vt -0.338983 1.417839
vt -0.377782 1.417818
vt -0.377553 0.548206
vt -3.297909 2.234058
vt -3.297910 2.278121
vt -3.300211 2.278490
vt -0.300652 1.417847
vt -0.300201 0.557268
vt -0.166093 0.557118
vt -0.166083 1.429561
vt -0.721647 0.700669
vt -0.736598 1.424088
vt -0.805942 1.430279
vt -0.824978 0.698081
vt -0.439478 1.429739
vt -0.439390 0.557264
vt -0.682922 1.424523
vt -0.709763 1.424479
vt -0.694818 0.703509
vt -0.672994 0.695376
vt -0.667801 0.695997
vt -0.477721 0.557263
vt -0.477805 1.429737
vt -0.716204 0.699209
vt -1.630884 1.712481
vt -2.353241 2.286180
vt -0.913413 1.432605
vt -0.913663 0.621194
vt -0.853843 0.621187
vt -0.854313 1.432597
vt -2.048661 1.612871
vt -2.011850 1.604754
vt -3.302519 2.280588
vt -1.193365 1.191518
vt -1.193373 2.032114
vt -2.017712 1.633082
vt -2.011518 1.677482
vt -1.089122 0.621370
vt -1.090052 1.432781
vt -1.222115 1.610461
vt -1.183735 1.618539
vt -2.353559 2.235885
vt -2.239326 1.678715
vt -2.254405 1.672674
vt -2.059703 1.607484
vt -2.059711 1.672603
vt -2.099410 1.651744
vt -2.059095 1.675781
vt -2.070198 1.681488
vt -2.099473 1.651747
vt 0.453452 0.642378
vt 0.445947 1.429552
vt 0.394424 1.426544
vt 0.428624 0.643451
vt -2.243873 1.678651
vt -2.254778 1.672779
vt -0.655866 1.424609
vt -0.640746 0.696084
vt -2.099520 1.651786
vt -2.094796 1.605634
vt -2.059675 1.607449
vt -2.254799 1.672622
vt -2.082200 1.599845
vt -2.071809 1.601195
vt -1.081398 1.661755
vt -1.103670 1.661755
vt -1.103670 1.629509
vt -1.081398 1.629509
vt -2.238103 1.597982
vt -2.222823 1.596775
vt -2.212923 1.603855
vt -0.852128 1.423191
vt -0.852142 0.710026
vt -0.448699 0.636356
vt -0.448699 0.329362
vt -0.368339 0.331346
vt -0.368338 0.636356
vt -1.074308 1.630359
vt -1.052037 1.630359
vt -1.052037 1.645794
vt -1.074308 1.645794
vt -0.482980 0.700751
vt -0.498097 1.425937
vt -0.503844 1.428438
vt 0.534726 1.427175
vt 0.515496 0.643876
vt 0.558322 0.641712
vt 0.556729 1.420522
vt 0.483172 1.429787
vt 0.490677 0.642613
vt 0.372455 1.421354
vt 0.385757 0.640960
vt 0.565382 0.641486
vt 0.588269 0.641558
vt 0.588267 1.421633
vt 0.565380 1.421561
vt -1.081398 1.675396
vt -1.103670 1.675396
vt -2.083927 1.681656
vt -1.052036 1.672618
vt -1.074308 1.672618
vt 0.476091 1.430043
vt 0.453024 1.429880
vt 0.460533 0.642206
vt 0.483599 0.642369
vt 0.175796 0.716801
vt 0.174237 0.716832
vt 0.177173 0.695589
vt 0.183581 0.697435
vt 0.187293 0.711957
vt 0.221627 0.976392
vt 0.223337 0.976564
vt 0.224316 0.997622
vt 0.223038 0.997669
vt 0.214092 0.993491
vt 0.207716 0.980970
vt 0.190928 0.992518
vt 0.180440 0.694700
vt 0.225043 0.692496
vt 0.227082 0.693020
vt 0.207119 0.704266
vt 0.185519 0.697387
vt 0.208693 0.713666
vt 0.226876 0.717020
vt 0.225933 0.717496
vt 0.177672 0.717496
vt -0.363330 0.331408
vt -0.329057 0.331408
vt -0.329058 0.639693
vt -0.363330 0.636583
vt -0.493239 0.331408
vt -0.493248 0.639921
vt -0.573349 0.639920
vt -0.573348 0.331408
vt -0.453707 0.636583
vt -0.488048 0.639699
vt -0.488047 0.331277
vt -0.453707 0.329434
vt -1.015472 2.032001
vt -1.066794 2.032001
vt -1.066788 1.191405
vt -1.015471 1.191405
vt 0.174754 0.976445
vt 0.176501 0.976200
vt 0.180173 0.997440
vt 0.178738 0.997381
vt 0.174284 0.976491
vt 0.228330 0.693074
vt 0.229425 0.716758
vt 0.177280 0.975840
vt 0.220254 0.975840
vt 0.221447 0.998264
vt 0.181776 0.998048
vt 0.374352 1.262157
vt 0.372855 0.560516
vt 0.432038 0.560517
vt 0.433566 1.262158
vt 0.551753 1.262158
vt 0.550405 0.560517
vt 0.610462 0.560515
vt 0.609941 1.262156
vt 0.668792 0.560514
vt 0.669936 1.262154
vt 0.728866 0.560512
vt 0.728258 1.262153
vt 0.788075 0.560510
vt 0.787456 1.262151
vt 0.846426 0.560509
vt 0.846663 1.262150
vt 0.136694 1.262158
vt 0.136687 0.560518
vt 0.196487 0.560518
vt 0.196497 1.262158
vt 0.255610 0.560518
vt 0.254882 1.262158
vt 0.313727 0.560516
vt 0.315083 1.262157
vt 0.492687 1.262159
vt 0.491245 0.560518
vt -1.579580 1.707103
vt -1.595842 1.690426
vt -1.546396 1.690420
vt -1.683316 1.704636
vt -1.704856 1.710871
vt -1.731469 1.700301
vt -1.118754 1.432832
vt -1.178371 1.432799
vt -1.177495 0.621388
vt -1.117824 0.621420
vt -1.615629 1.690023
vt -1.653267 1.656595
vt -1.494746 1.697815
vt -1.496489 1.674824
vt -1.635262 1.707351
vt -1.528585 1.707615
vt -1.594525 1.664788
vt -1.716224 1.685443
vt -1.701329 1.652566
vt -1.731058 1.660237
vt -1.705725 1.647493
vt -1.606336 1.701134
vt -1.605276 1.662149
vt -1.481972 1.700953
vt -1.506792 1.712480
vt -1.515530 1.658394
vt -1.561645 1.657145
vt -1.618499 1.663090
vt -1.608357 1.660939
vt -1.608358 1.701221
vt -2.265567 2.252479
vt -2.293355 2.256609
vt -2.286990 2.240245
vt -2.354747 2.284278
vt -2.358302 2.283507
vt -2.358302 2.238462
vt -2.355828 2.237909
vt -2.325281 2.266732
vt -1.220360 1.637962
vt -1.177309 1.639957
vt -1.184294 1.675136
vt -1.222203 1.683382
vt -3.368109 2.236549
vt -3.302578 2.231588
vt -3.300290 2.233692
vt -3.321593 2.255682
vt -3.360908 2.256184
vt -2.048396 1.667572
vt -2.050188 1.633682
vt -2.017864 1.633026
vt -0.292585 1.418519
vt -0.292109 0.557010
vt -0.244526 0.554814
vt -0.244699 1.425531
vt -0.546468 1.428040
vt -0.551973 1.425432
vt -0.536943 0.704471
vt -0.509960 0.700334
vt -0.525131 1.428109
vt -2.214377 1.611239
vt -2.217843 1.674023
vt -2.254650 1.672631
vt -2.252081 1.605281
vt -2.237746 1.599219
vt -2.213730 1.604864
vt -2.213883 1.605610
vt -1.207073 1.432870
vt -1.206196 0.621460
vt -0.942114 1.432698
vt -1.001530 1.432706
vt -1.001783 0.621296
vt -0.942364 0.621288
vt -1.583747 1.648811
vt -1.507211 1.650481
vt -1.584892 1.712481
vt -1.482545 1.663635
vt -1.030232 1.432773
vt -1.030485 0.621363
vt -1.629769 1.647229
vt -3.381393 2.248232
vt -1.096113 2.032114
vt -1.096107 1.191518
vt -1.141897 2.032114
vt -1.141885 1.191518
vt -1.007224 1.191405
vt -0.935605 1.191405
vt -0.935605 2.032001
vt -1.007225 2.032001
vt -2.281981 2.283154
vt -3.367414 2.275558
vt -0.338532 0.557260
vt -0.338983 1.417839
vt -0.377782 1.417818
vt -0.377553 0.548206
vt -3.297910 2.234059
vt -3.297910 2.278121
vt -3.300211 2.278490
vt -0.300652 1.417847
vt -0.300201 0.557268
vt -0.166092 0.557118
vt -0.166082 1.429561
vt -0.721647 0.700669
vt -0.736598 1.424088
vt -0.805942 1.430279
vt -0.824978 0.698081
vt -0.439478 1.429739
vt -0.439390 0.557264
vt -0.682922 1.424523
vt -0.709763 1.424479
vt -0.694818 0.703509
vt -0.672994 0.695377
vt -0.667801 0.695997
vt -0.477721 0.557263
vt -0.477806 1.429738
vt -0.716204 0.699209
vt -1.630884 1.712481
vt -2.353241 2.286180
vt -0.913413 1.432605
vt -0.913663 0.621194
vt -0.853843 0.621187
vt -0.854313 1.432597
vt -2.048661 1.612871
vt -2.011850 1.604754
vt -3.302519 2.280588
vt -1.193365 1.191518
vt -1.193373 2.032114
vt -2.017712 1.633082
vt -2.011518 1.677482
vt -1.089122 0.621370
vt -1.090052 1.432781
vt -1.222115 1.610461
vt -1.183735 1.618539
vt -2.353559 2.235885
vt -2.239326 1.678715
vt -2.254405 1.672674
vt -2.059703 1.607484
vt -2.059711 1.672603
vt -2.099410 1.651744
vt -2.059095 1.675781
vt -2.070198 1.681488
vt -2.099473 1.651747
vt 0.453452 0.642378
vt 0.445947 1.429552
vt 0.394424 1.426544
vt 0.428624 0.643451
vt -2.243873 1.678651
vt -2.254779 1.672779
vt -0.655866 1.424609
vt -0.640746 0.696084
vt -2.099519 1.651785
vt -2.094796 1.605634
vt -2.059675 1.607449
vt -2.254799 1.672621
vt -2.082200 1.599845
vt -2.071809 1.601195
vt -1.081398 1.661755
vt -1.103670 1.661755
vt -1.103670 1.629509
vt -1.081398 1.629509
vt -2.238103 1.597982
vt -2.222823 1.596775
vt -2.212923 1.603855
vt -0.852128 1.423191
vt -0.852142 0.710026
vt -0.448701 1.258992
vt -0.448699 0.951999
vt -0.368338 0.953984
vt -0.368341 1.258992
vt -1.074308 1.630359
vt -1.052037 1.630359
vt -1.052037 1.645794
vt -1.074308 1.645794
vt -0.482980 0.700751
vt -0.498097 1.425937
vt -0.503844 1.428438
vt 0.534726 1.427175
vt 0.515496 0.643876
vt 0.558322 0.641712
vt 0.556729 1.420522
vt 0.483172 1.429787
vt 0.490677 0.642613
vt 0.372455 1.421354
vt 0.385757 0.640960
vt 0.565382 0.641486
vt 0.588269 0.641558
vt 0.588267 1.421633
vt 0.565380 1.421561
vt -1.081398 1.675396
vt -1.103670 1.675396
vt -2.083927 1.681656
vt -1.052036 1.672618
vt -1.074308 1.672618
vt 0.476091 1.430043
vt 0.453024 1.429880
vt 0.460533 0.642206
vt 0.483599 0.642369
vt 0.175796 0.768519
vt 0.174237 0.768550
vt 0.177173 0.747307
vt 0.183581 0.749153
vt 0.187293 0.763675
vt 0.176330 0.940015
vt 0.177013 0.939583
vt 0.260408 0.939336
vt 0.260595 0.939659
vt 0.244051 0.941918
vt 0.194463 0.943527
vt 0.240194 0.947767
vt 0.180440 0.746417
vt 0.225043 0.744214
vt 0.227082 0.744738
vt 0.207119 0.755983
vt 0.185519 0.749105
vt 0.208693 0.765384
vt 0.226876 0.768738
vt 0.225932 0.769214
vt 0.177672 0.769214
vt -0.363329 0.954046
vt -0.329056 0.954046
vt -0.329061 1.262330
vt -0.363333 1.259220
vt -0.493241 0.954046
vt -0.493251 1.262557
vt -0.573351 1.262557
vt -0.573350 0.954046
vt -0.453710 1.259220
vt -0.488050 1.262336
vt -0.488049 0.953915
vt -0.453708 0.952072
vt -2.427999 2.068720
vt -2.404393 2.134909
vt -2.413288 2.132724
vt -2.416774 2.086742
vt 0.176540 0.951850
vt 0.175571 0.951409
vt 0.259687 0.950482
vt 0.259457 0.950844
vt 0.176724 0.951969
vt 0.228330 0.744792
vt 0.229425 0.768476
vt 0.174145 0.951213
vt 0.174145 0.940362
vt 0.262953 0.940060
vt 0.262098 0.950077
vt -0.338052 0.558917
vt -0.339048 -0.142762
vt -0.279869 -0.142759
vt -0.278843 0.558921
vt -0.161861 0.558926
vt -0.160279 -0.142753
vt -0.102097 -0.142749
vt -0.101802 0.558929
vt -0.043012 -0.142747
vt -0.043493 0.558932
vt 0.017066 -0.142744
vt 0.016575 0.558935
vt 0.075359 -0.142742
vt 0.075793 0.558937
vt 0.134553 -0.142739
vt 0.134141 0.558939
vt -0.575457 0.558913
vt -0.575457 -0.142766
vt -0.515653 -0.142766
vt -0.515651 0.558913
vt -0.457265 -0.142766
vt -0.456534 0.558913
vt -0.398180 -0.142765
vt -0.397324 0.558914
vt -0.219727 0.558924
vt -0.220660 -0.142755
vt -2.582956 2.151300
vt -2.615479 2.117945
vt -2.516586 2.117934
vt -2.790426 2.146367
vt -2.833508 2.158835
vt -2.886734 2.137696
vt -2.447057 2.046464
vt -2.404364 2.066271
vt -2.454854 2.053881
vt -2.655054 2.117139
vt -2.730329 2.050284
vt -2.694319 2.151796
vt -2.480966 2.152324
vt -2.612846 2.066669
vt -2.856244 2.107980
vt -2.826452 2.042226
vt -2.885911 2.057568
vt -2.835244 2.032081
vt -1.251121 -0.017582
vt -1.250621 1.602303
vt -1.308023 1.602490
vt -1.308523 -0.017395
vt -0.448701 0.947674
vt -0.448701 0.640681
vt -0.368341 0.642665
vt -0.368340 0.947674
vt -2.547086 2.051385
vt -2.660793 2.063273
vt -2.640510 2.058972
vt -2.640512 2.139535
vt -2.265567 2.252479
vt -2.293355 2.256609
vt -2.286990 2.240245
vt -2.354747 2.284278
vt -2.358302 2.283507
vt -2.358302 2.238462
vt -2.355828 2.237909
vt -2.325281 2.266732
vt -1.220360 1.637961
vt -1.177309 1.639957
vt -1.184295 1.675136
vt -1.222203 1.683382
vt -3.368109 2.236549
vt -3.302578 2.231588
vt -3.300290 2.233691
vt -3.321593 2.255682
vt -3.360908 2.256184
vt -2.048397 1.667572
vt -2.050188 1.633682
vt -2.017864 1.633026
vt -0.292585 1.418519
vt -0.292109 0.557010
vt -0.244525 0.554814
vt -0.244699 1.425531
vt -0.548933 1.428033
vt -0.552001 1.426754
vt -0.536916 0.703146
vt -0.509932 0.699006
vt -0.525131 1.428109
vt -2.212451 1.606492
vt -2.212451 1.674041
vt -2.256555 1.673040
vt -2.254286 1.605262
vt -2.238994 1.598926
vt -2.212381 1.606481
vt -2.459399 2.157139
vt -2.622120 2.137600
vt -2.621446 2.064559
vt -1.427361 -0.017378
vt -1.426856 1.602505
vt -1.484259 1.602640
vt -1.484765 -0.017245
vt -1.131484 -0.017596
vt -1.132420 1.602288
vt -1.661303 1.602757
vt -1.780537 1.602692
vt -1.778788 -0.017194
vt -1.659446 -0.017131
vt -2.581530 2.038396
vt -2.683333 2.031553
vt -3.381393 2.248232
vt -1.096113 2.032114
vt -1.096107 1.191518
vt -1.066788 1.191405
vt -1.066794 2.032001
vt -1.141897 2.032114
vt -1.141885 1.191518
vt -1.007224 1.191405
vt -0.935605 1.191405
vt -0.935605 2.032001
vt -1.007225 2.032001
vt -2.281981 2.283154
vt -3.367414 2.275558
vt -0.338532 0.557259
vt -0.338983 1.417839
vt -0.377782 1.417818
vt -0.377553 0.548206
vt -3.297910 2.234059
vt -3.297910 2.278121
vt -3.300211 2.278490
vt -0.300652 1.417847
vt -0.300201 0.557268
vt -0.166092 0.557118
vt -0.166083 1.429562
vt -0.721621 0.699383
vt -0.736625 1.425385
vt -0.805908 1.431592
vt -0.825012 0.696780
vt -0.439478 1.429739
vt -0.439390 0.557264
vt -0.682949 1.425828
vt -0.709790 1.425777
vt -0.694843 0.704758
vt -0.667774 0.694689
vt -0.477721 0.557262
vt -0.477805 1.429737
vt -1.602043 -0.017230
vt -1.603899 1.602655
vt -2.685563 2.162055
vt -2.353241 2.286180
vt -2.587767 2.156170
vt -2.048661 1.612871
vt -2.011850 1.604754
vt -3.302519 2.280588
vt -2.625847 2.137936
vt -1.193365 1.191517
vt -1.193373 2.032114
vt -2.017712 1.633082
vt -2.011518 1.677482
vt -1.222115 1.610461
vt -1.183735 1.618540
vt -2.353559 2.235885
vt -2.229640 1.681142
vt -2.256306 1.672966
vt -2.058143 1.606789
vt -2.058148 1.673357
vt -2.101136 1.651672
vt -2.057813 1.675122
vt -2.070198 1.681488
vt -2.101170 1.651676
vt 0.453452 0.642378
vt 0.445947 1.429552
vt 0.394424 1.426544
vt 0.428624 0.643451
vt -2.243868 1.680024
vt -0.655893 1.425914
vt -0.640718 0.694776
vt -2.097984 1.605612
vt -2.084594 1.599288
vt -2.071094 1.600093
vt -1.081398 1.661755
vt -1.103670 1.661755
vt -1.103670 1.629509
vt -1.081398 1.629509
vt -2.224088 1.599018
vt -2.212892 1.607025
vt -0.852128 1.424488
vt -0.852142 0.708720
vt -1.837941 1.602834
vt -1.836191 -0.017050
vt -1.074308 1.630359
vt -1.052037 1.630359
vt -1.052037 1.645794
vt -1.074308 1.645794
vt -0.482952 0.699422
vt -0.498125 1.427256
vt -0.501300 1.428477
vt 0.534726 1.427175
vt 0.515496 0.643876
vt 0.558322 0.641712
vt 0.556729 1.420522
vt 0.483172 1.429787
vt 0.490678 0.642613
vt 0.372455 1.421354
vt 0.385757 0.640960
vt 0.565382 0.641486
vt 0.588269 0.641558
vt 0.588267 1.421633
vt 0.565380 1.421561
vt -1.081398 1.675396
vt -1.103670 1.675396
vt -2.085567 1.681676
vt -1.052036 1.672618
vt -1.074308 1.672618
vt 0.476091 1.430043
vt 0.453024 1.429880
vt 0.460533 0.642206
vt 0.483599 0.642369
vt -1.015472 2.032001
vt -1.015471 1.191405
vt 0.175796 0.897813
vt 0.174237 0.897844
vt 0.177175 0.876601
vt 0.183582 0.878447
vt 0.187293 0.892969
vt 0.221627 1.068944
vt 0.223337 1.069116
vt 0.224316 1.090173
vt 0.223038 1.090221
vt 0.214092 1.086043
vt 0.207715 1.073522
vt 0.190927 1.085070
vt 0.180442 0.875711
vt 0.225045 0.873508
vt 0.227083 0.874032
vt 0.207119 0.885277
vt 0.185521 0.878399
vt 0.208693 0.894678
vt 0.226876 0.898032
vt 0.225932 0.898508
vt 0.177672 0.898508
vt -0.363332 0.642727
vt -0.329059 0.642727
vt -0.329059 0.951012
vt -0.363332 0.947902
vt -0.493241 0.642727
vt -0.493251 0.951239
vt -0.573351 0.951239
vt -0.573350 0.642727
vt -0.453710 0.947902
vt -0.488050 0.951018
vt -0.488049 0.642596
vt -0.453710 0.640753
vt 0.366079 -0.868283
vt 0.366091 -0.882230
vt 0.393666 -0.894309
vt 0.441406 -0.901281
vt 0.496516 -0.901281
vt 0.544242 -0.894309
vt 0.571795 -0.882231
vt 0.571783 -0.868283
vt 0.544209 -0.856205
vt 0.496469 -0.849233
vt 0.441358 -0.849233
vt 0.393632 -0.856205
vt 0.174754 1.068997
vt 0.176501 1.068752
vt 0.180173 1.089991
vt 0.178738 1.089933
vt 0.174284 1.069043
vt 0.228332 0.874086
vt 0.229425 0.897770
vt 0.177279 1.068392
vt 0.220254 1.068392
vt 0.221447 1.090816
vt 0.181776 1.090600
vt 1.145067 1.234998
vt 1.144030 0.548285
vt 1.203238 0.548288
vt 1.204186 1.235001
vt 1.321445 1.235003
vt 1.321514 0.548290
vt 1.380603 0.548291
vt 1.380535 1.235004
vt 1.439725 0.548291
vt 1.440613 1.235004
vt 1.498918 0.548292
vt 1.498903 1.235004
vt 1.558123 0.548291
vt 1.558121 1.235004
vt 0.848220 1.234988
vt 0.848353 0.548276
vt 0.907534 0.548276
vt 0.908026 1.234989
vt 0.966630 0.548277
vt 0.966407 1.234990
vt 1.025722 0.548279
vt 1.026603 1.234991
vt 1.084850 0.548281
vt 1.085865 1.234994
vt 0.323177 -0.855967
vt 0.274844 -0.848898
vt 0.219037 -0.848898
vt 0.170698 -0.855967
vt 0.142780 -0.868212
vt 0.142774 -0.882354
vt 0.170683 -0.894599
vt 0.219015 -0.901667
vt 0.274822 -0.901666
vt 0.323161 -0.894598
vt 0.351079 -0.882353
vt 0.351085 -0.868212
vt 1.263261 1.235003
vt 1.262402 0.548290
vt 1.144102 -0.145932
vt 1.143802 -0.832345
vt 1.202998 -0.832337
vt 1.203200 -0.145924
vt 1.321409 -0.145912
vt 1.322498 -0.832325
vt 1.380812 -0.832319
vt 1.380625 -0.145907
vt 1.439956 -0.832313
vt 1.439903 -0.145901
vt 1.499144 -0.832308
vt 1.499107 -0.145895
vt 1.558340 -0.832303
vt 1.558220 -0.145891
vt 0.848220 -0.145959
vt 0.848220 -0.832372
vt 0.908019 -0.832368
vt 0.907299 -0.145956
vt 0.966409 -0.832365
vt 0.966418 -0.145951
vt 1.025493 -0.832359
vt 1.025636 -0.145946
vt 1.084621 -0.832353
vt 1.084899 -0.145939
vt 0.364755 -0.868193
vt 0.364767 -0.882320
vt 0.392695 -0.894553
vt 0.441050 -0.901615
vt 0.496872 -0.901615
vt 0.545213 -0.894554
vt 0.573120 -0.882321
vt 0.573108 -0.868194
vt 0.545179 -0.855960
vt 0.496825 -0.848898
vt 0.441002 -0.848898
vt 0.392661 -0.855960
vt 1.262280 -0.145918
vt 1.263372 -0.832331
vt 0.374350 0.558934
vt 0.373107 -0.142722
vt 0.432284 -0.142720
vt 0.433558 0.558936
vt 0.551740 0.558939
vt 0.551863 -0.142717
vt 0.610051 -0.142716
vt 0.610886 0.558939
vt 0.670035 -0.142717
vt 0.669217 0.558939
vt 0.728340 -0.142717
vt 0.728347 0.558939
vt 0.787521 -0.142717
vt 0.787524 0.558939
vt 0.846725 -0.142717
vt 0.846725 0.558939
vt 0.136687 0.558932
vt 0.136697 -0.142724
vt 0.196499 -0.142724
vt 0.196491 0.558932
vt 0.254886 -0.142724
vt 0.254877 0.558932
vt 0.313977 -0.142724
vt 0.315080 0.558932
vt 0.492672 0.558938
vt 0.491492 -0.142718
vt 0.374352 1.262157
vt 0.372855 0.560516
vt 0.432038 0.560517
vt 0.433566 1.262158
vt 0.551753 1.262158
vt 0.550405 0.560517
vt 0.610462 0.560515
vt 0.609941 1.262156
vt 0.668792 0.560514
vt 0.669936 1.262154
vt 0.728866 0.560512
vt 0.728258 1.262153
vt 0.788075 0.560510
vt 0.787456 1.262151
vt 0.846426 0.560509
vt 0.846663 1.262150
vt 0.136694 1.262158
vt 0.136687 0.560518
vt 0.196487 0.560518
vt 0.196497 1.262158
vt 0.255610 0.560518
vt 0.254882 1.262158
vt 0.313727 0.560516
vt 0.315083 1.262157
vt 0.492687 1.262159
vt 0.491245 0.560518
vt -0.338052 0.558917
vt -0.339048 -0.142762
vt -0.279869 -0.142759
vt -0.278843 0.558921
vt -0.161861 0.558926
vt -0.160279 -0.142753
vt -0.102097 -0.142749
vt -0.101802 0.558929
vt -0.043012 -0.142747
vt -0.043493 0.558932
vt 0.017066 -0.142744
vt 0.016575 0.558935
vt 0.075359 -0.142742
vt 0.075793 0.558937
vt 0.134553 -0.142739
vt 0.134141 0.558939
vt -0.575457 0.558913
vt -0.575457 -0.142766
vt -0.515653 -0.142766
vt -0.515651 0.558913
vt -0.457265 -0.142766
vt -0.456534 0.558913
vt -0.398180 -0.142765
vt -0.397324 0.558914
vt -0.219727 0.558924
vt -0.220660 -0.142755
vt 1.145067 1.234998
vt 1.144030 0.548541
vt 1.203239 0.548544
vt 1.204186 1.235001
vt 1.321445 1.235003
vt 1.321514 0.548546
vt 1.380603 0.548546
vt 1.380535 1.235004
vt 1.439726 0.548546
vt 1.440613 1.235004
vt 1.498918 0.548547
vt 1.498903 1.235004
vt 1.558123 0.548546
vt 1.558121 1.235004
vt 0.848220 1.234988
vt 0.848353 0.548531
vt 0.907534 0.548532
vt 0.908026 1.234989
vt 0.966630 0.548532
vt 0.966407 1.234990
vt 1.025723 0.548534
vt 1.026603 1.234991
vt 1.084850 0.548536
vt 1.085865 1.234994
vt -0.721647 0.700669
vt -0.736598 1.424088
vt -0.805942 1.430279
vt -0.824978 0.698081
vt 1.263261 1.235003
vt 1.262403 0.548545
vt -0.546468 1.428041
vt -0.551973 1.425431
vt -0.536943 0.704471
vt -0.509960 0.700334
vt -0.525131 1.428109
vt -2.214377 1.611239
vt -2.217843 1.674023
vt -2.254650 1.672631
vt -2.252081 1.605281
vt -2.237746 1.599219
vt -2.213730 1.604864
vt -2.213883 1.605610
vt -0.682922 1.424523
vt -0.709763 1.424479
vt -0.694818 0.703509
vt -0.672994 0.695376
vt -0.667801 0.695997
vt -0.716203 0.699209
vt -2.239326 1.678715
vt -2.254405 1.672674
vt -2.059703 1.607484
vt -2.059710 1.672603
vt -2.099411 1.651744
vt -2.059095 1.675781
vt -2.070198 1.681488
vt -2.099473 1.651747
vt 3.569347 0.252598
vt 3.569347 -0.560256
vt 3.691244 -0.555098
vt 3.691245 0.252598
vt -2.243873 1.678651
vt -2.254778 1.672779
vt -0.655866 1.424609
vt -0.640746 0.696084
vt -2.099520 1.651786
vt -2.094796 1.605634
vt -2.059675 1.607449
vt -2.254799 1.672621
vt -2.082200 1.599845
vt -2.071809 1.601195
vt -2.238103 1.597982
vt -2.222823 1.596775
vt -2.212923 1.603855
vt -0.852128 1.423191
vt -0.852142 0.710026
vt -0.482980 0.700751
vt -0.498097 1.425937
vt -0.503844 1.428438
vt -2.083927 1.681656
vt 3.960652 0.214994
vt 4.023640 0.195695
vt 4.032307 0.214894
vt 4.356704 0.180378
vt 4.361184 0.181898
vt 4.357002 0.225345
vt 4.351545 0.226308
vt 4.330112 0.217908
vt 4.325363 0.189344
vt 4.260696 0.215217
vt 3.958619 0.215087
vt 3.944594 0.186214
vt 3.952064 0.184762
vt 3.929674 0.225303
vt 3.929674 0.181253
vt 3.958877 0.215045
vt 4.348312 0.228221
vt 4.238781 0.226754
vt 4.233479 0.225124
vt 4.060059 0.226425
vt 3.938963 0.228198
vt 3.963113 0.219061
vt 4.029555 0.218428
vt 3.706573 -0.554769
vt 3.794016 -0.554769
vt 3.794016 0.261785
vt 3.706573 0.253326
vt 3.451862 -0.554769
vt 3.451862 0.262434
vt 3.330754 0.262434
vt 3.330755 -0.554769
vt 3.554259 0.253305
vt 3.466852 0.261761
vt 3.466852 -0.555167
vt 3.554259 -0.560167
vt 3.569347 0.252598
vt 3.569347 -0.560256
vt 3.691245 -0.555098
vt 3.691245 0.252598
vt 4.231487 0.179455
vt 4.237529 0.177902
vt 4.229348 0.223803
vt 4.229348 0.179652
vt 4.067741 0.174393
vt 4.071632 0.175522
vt 4.070557 0.223221
vt 4.238853 0.176993
vt 4.352417 0.178868
vt 3.939397 0.177932
vt 4.061483 0.172902
vt 3.960652 0.214994
vt 4.023640 0.195695
vt 4.032307 0.214894
vt 4.356704 0.180378
vt 4.361184 0.181898
vt 4.357002 0.225345
vt 4.351545 0.226308
vt 4.330112 0.217908
vt 4.325363 0.189344
vt 4.260696 0.215217
vt 3.958619 0.215087
vt 3.944594 0.186214
vt 3.952065 0.184762
vt 3.929674 0.225303
vt 3.929674 0.181253
vt 3.958877 0.215045
vt 4.348312 0.228221
vt 4.238781 0.226754
vt 4.233480 0.225123
vt 4.060060 0.226425
vt 3.938963 0.228198
vt 3.963113 0.219061
vt 4.029555 0.218428
vt 3.706573 -0.554769
vt 3.794016 -0.554769
vt 3.794016 0.261785
vt 3.706573 0.253326
vt 3.451862 -0.554769
vt 3.451862 0.262434
vt 3.330754 0.262434
vt 3.330754 -0.554769
vt 3.554259 0.253305
vt 3.466852 0.261761
vt 3.466852 -0.555167
vt 3.554259 -0.560167
vt -0.408756 1.179549
vt -0.408756 1.136837
vt -0.281663 1.136837
vt -0.281663 1.179549
vt 4.231487 0.179455
vt 4.237528 0.177902
vt 4.229348 0.223803
vt 4.229348 0.179652
vt 4.067741 0.174393
vt 4.071632 0.175522
vt 4.070557 0.223221
vt 4.238853 0.176993
vt 4.352418 0.178868
vt 3.939397 0.177932
vt 4.061483 0.172902
vt -0.332161 1.250754
vt -0.332161 0.439649
vt -0.202834 0.445121
vt -0.202834 1.250754
vt -0.340065 1.251121
vt -0.433863 1.260184
vt -0.433863 0.445065
vt -0.340064 0.439699
vt 4.922693 1.452272
vt 4.635267 1.410989
vt 5.052694 1.285267
vt -0.442015 0.445295
vt -0.442015 1.260566
vt -0.571240 1.260567
vt -0.571240 0.445295
vt -0.313724 0.825755
vt -0.313736 0.010488
vt -0.281789 0.010488
vt -0.281765 0.825755
vt -0.217846 0.825757
vt -0.217895 0.010487
vt -0.185948 0.010486
vt -0.185886 0.825759
vt -0.154000 0.010485
vt -0.153927 0.825761
vt -0.122053 0.010484
vt -0.121968 0.825761
vt -0.090106 0.010484
vt -0.090008 0.825759
vt -0.473521 0.825762
vt -0.473472 0.010487
vt -0.441525 0.010488
vt -0.441562 0.825761
vt -0.409578 0.010488
vt -0.409602 0.825758
vt -0.377631 0.010488
vt -0.377643 0.825756
vt -0.345683 0.010488
vt -0.345683 0.825755
vt -0.292873 0.833918
vt -0.292873 0.855538
vt -0.376997 0.855538
vt -0.376997 0.833918
vt -0.376997 0.812297
vt -0.292873 0.812297
vt -0.249805 0.825755
vt -0.249842 0.010487
vt 4.932125 1.275264
vt 4.707172 1.268134
vt 4.907366 1.100410
vt 0.822887 1.062650
vt 0.708667 1.067517
vt 0.625906 0.896020
vt -4.354666 0.891579
vt -4.511070 0.903897
vt -4.608455 0.755594
vt 0.682552 1.275645
vt 0.598770 1.275645
vt 0.574574 1.100576
vt -0.546391 1.599674
vt -0.623058 1.595101
vt -0.348104 1.433198
vt -1.135750 1.300683
vt -1.206844 1.307835
vt -1.427777 1.146702
vt -4.598776 0.906231
vt -4.715431 0.905378
vt -4.629835 0.754529
vt 5.365635 1.057760
vt 5.298132 1.069895
vt 4.939732 0.918352
vt -1.092206 0.827895
vt -1.164387 0.821462
vt -0.750538 0.678674
vt 3.487466 1.263532
vt 3.341802 1.242333
vt 3.762497 1.100576
vt -4.183197 0.863459
vt -4.277254 0.880909
vt -4.593283 0.751637
vt 0.600972 1.069882
vt -4.335975 0.889508
vt -4.111778 1.073236
vt -4.172358 1.065605
vt -4.069258 0.907086
vt 2.157613 1.259519
vt 2.197741 0.423283
vt 2.222631 0.428856
vt 2.221602 1.260019
vt 2.421333 1.248713
vt 2.395504 1.248631
vt 2.395503 0.422644
vt 2.421333 0.422726
vt 2.093426 1.249131
vt 2.093426 0.425710
vt -1.229231 0.807175
vt -1.287373 0.793400
vt 2.298094 0.420231
vt 2.325658 1.259662
vt 2.261485 1.260126
vt 2.261485 0.425962
vt -3.729668 0.837296
vt -3.747493 0.840699
vt -3.884097 0.817782
vt -3.878579 0.812315
vt -3.437241 0.685376
vt 2.389966 0.422540
vt 2.389967 1.249251
vt -4.656836 1.445208
vt -4.819157 1.450900
vt -4.819156 1.300479
vt -0.380402 1.222861
vt -0.460820 1.231621
vt -0.576108 1.059662
vt 2.061277 0.078029
vt 2.086237 0.078108
vt 2.086236 0.859056
vt 2.061275 0.858977
vt 1.974059 0.870252
vt 1.948910 0.870074
vt 1.956453 0.078726
vt 1.981603 0.078903
vt 2.031684 0.867426
vt 2.012362 0.080407
vt 2.055897 0.078216
vt 2.054513 0.860535
vt 1.925681 0.079982
vt 1.891320 0.866794
vt 1.868533 0.861424
vt 1.882111 0.077454
vt 1.951049 0.078880
vt 1.943508 0.869841
vt 5.015907 1.275264
vt -0.329797 1.297325
vt -0.399173 1.297325
vt -0.399167 0.654048
vt -0.329792 0.654048
vt -0.321578 1.297498
vt -0.321573 0.654049
vt -0.279069 0.654049
vt -0.279071 1.299324
vt -1.866546 0.967362
vt -1.961152 0.980658
vt -2.182536 0.848952
vt 0.841726 1.264872
vt -0.687201 1.587787
vt -0.538776 1.230127
vt -0.827334 1.216678
vt -0.407438 0.654048
vt -0.407443 1.297325
vt -0.449932 1.297325
vt -0.449925 0.654048
vt 5.224829 1.077980
vt 1.189581 -0.291960
vt 1.208702 0.443525
vt 1.162497 0.436432
vt 1.162484 -0.279999
vt 3.561746 1.268496
vt 1.373934 -0.293955
vt 1.358745 0.437842
vt 1.331690 0.437755
vt 1.346878 -0.294042
vt 1.278013 0.437315
vt 1.293031 -0.289338
vt 1.319808 -0.283955
vt 1.304849 0.437704
vt -0.199904 1.014860
vt -0.186196 1.040626
vt -0.276743 1.035519
vt -0.276744 1.016222
vt -0.276744 1.004480
vt -0.186832 0.999410
vt 1.477737 -0.285586
vt 1.462638 0.438694
vt 1.504721 -0.289734
vt 1.531700 -0.289318
vt 1.516514 0.439189
vt 1.489534 0.438773
vt -0.905494 1.212960
vt -0.978478 1.201419
vt 0.530588 1.068396
vt -0.726915 0.850138
vt -0.806410 0.846348
vt 5.175019 1.264433
vt -0.056744 1.177810
vt -0.308252 1.216419
vt 1.721471 0.431935
vt 1.721992 -0.433487
vt 1.770101 -0.435716
vt 1.769927 0.439013
vt 5.149040 1.084420
vt 1.849122 -0.433396
vt 1.849149 0.443057
vt 1.637074 -0.442370
vt 1.636843 0.431319
vt 1.575148 0.443223
vt 1.575236 -0.433316
vt 1.715268 0.431344
vt 1.675642 0.431336
vt 1.676096 -0.433304
vt 1.715721 -0.433296
vt 1.076255 0.878553
vt 0.906859 0.854977
vt 1.356032 0.722748
vt -3.250096 1.383102
vt -3.482458 1.362544
vt -3.093107 1.217027
vt 0.482874 1.469281
vt 0.430142 1.469281
vt 0.430147 0.630740
vt 0.482875 0.630740
vt 3.786688 1.275645
vt 0.912382 1.254055
vt -0.775619 1.571607
vt -0.838123 1.011745
vt -0.998116 1.037152
vt -1.256097 0.891557
vt 0.302144 0.630853
vt 0.355051 0.630853
vt 0.355039 1.469394
vt 0.302136 1.469393
vt 0.400823 1.469394
vt 0.400828 0.630853
vt 0.944946 0.865581
vt 0.960046 0.141212
vt 0.987030 0.137064
vt 0.971842 0.865661
vt -0.426058 0.989470
vt -0.444769 0.996310
vt -0.524651 0.996188
vt -0.545583 0.989441
vt -0.548038 0.960967
vt -0.525435 0.952677
vt -0.444994 0.952684
vt -0.426019 0.960982
vt 0.453559 1.064122
vt 0.466703 0.870129
vt 0.406886 0.870138
vt 0.407814 0.060705
vt 0.466450 0.060698
vt 0.378184 0.870188
vt 0.318567 0.870155
vt 0.319441 0.060723
vt 0.379112 0.060755
vt -0.569602 0.841918
vt -0.642335 0.845003
vt -0.408756 1.087652
vt -0.408756 1.044940
vt -0.281663 1.044940
vt -0.281663 1.087652
vt 0.554821 0.870054
vt 0.495405 0.870061
vt 0.495152 0.060631
vt 0.554571 0.060623
vt 0.583272 0.060529
vt 0.583522 0.869959
vt -4.352894 1.252089
vt -4.420622 1.253055
vt -4.399114 1.101617
vt 5.067480 1.088159
vt -2.685547 1.217256
vt -2.778674 1.200223
vt -2.303513 1.070968
vt 2.488690 1.263532
vt 2.343027 1.242333
vt 2.763723 1.100576
vt 0.289865 0.870224
vt 0.290739 0.060795
vt -5.164494 1.432156
vt -5.254694 1.416978
vt -4.900307 1.304603
vt 5.245562 1.253571
vt -4.980052 1.448303
vt -5.146142 1.434412
vt -4.865200 1.298770
vt 1.088501 1.218354
vt -1.043306 1.190964
vt -5.270154 1.413609
vt -5.387635 1.380858
vt -4.893214 1.294082
vt 3.870471 1.275645
vt -4.172490 1.242641
vt -4.332671 1.251395
vt -4.378246 1.102934
vt -0.167981 1.065168
vt -0.083856 1.065168
vt -0.083855 1.083263
vt -0.083855 1.089043
vt -0.167979 1.089044
vt -0.167979 1.083263
vt -1.801147 1.193489
vt -1.861038 1.207949
vt -0.292873 0.862261
vt -0.292873 0.898527
vt -0.324732 0.902015
vt -0.364701 0.902015
vt -0.398578 0.886448
vt -0.398577 0.862261
vt -0.366719 0.858774
vt -0.324731 0.858774
vt -0.332162 1.250680
vt -0.332162 0.439649
vt -0.202826 0.445122
vt -0.202826 1.250680
vt 0.376783 1.059668
vt -4.537164 1.251507
vt -0.340068 1.251047
vt -0.433875 1.260111
vt -0.433875 0.445065
vt -0.340068 0.439699
vt 1.739431 1.516704
vt 1.422318 1.493157
vt 1.717827 1.346931
vt 2.562970 1.268497
vt 4.951849 1.089890
vt -3.986472 1.221156
vt -4.089859 1.234859
vt -4.361605 1.099452
vt -0.442006 0.445295
vt -0.442006 1.260492
vt -0.571248 1.260492
vt -0.571248 0.445295
vt -3.545758 1.252774
vt -3.770935 1.233108
vt -3.549618 1.086991
vt -0.313724 0.825823
vt -0.313736 0.010488
vt -0.281789 0.010488
vt -0.281765 0.825822
vt -0.217846 0.825825
vt -0.217895 0.010487
vt -0.185948 0.010486
vt -0.185886 0.825827
vt -0.154000 0.010485
vt -0.153927 0.825828
vt -0.122053 0.010484
vt -0.121968 0.825828
vt -0.090106 0.010484
vt -0.090008 0.825827
vt -0.473521 0.825830
vt -0.473472 0.010487
vt -0.441525 0.010488
vt -0.441562 0.825828
vt -0.409578 0.010488
vt -0.409602 0.825826
vt -0.377631 0.010488
vt -0.377643 0.825824
vt -0.345683 0.010488
vt -0.345683 0.825823
vt -0.102443 0.834303
vt -0.102443 0.855923
vt -0.186567 0.855923
vt -0.186567 0.834303
vt -0.186567 0.812683
vt -0.102443 0.812683
vt -0.249805 0.825823
vt -0.249842 0.010487
vt 5.421436 1.217793
vt -4.152957 1.241147
vt 4.029646 1.264872
vt -4.268600 1.067770
vt -4.064238 0.907217
vt -1.929106 1.218570
vt 0.312247 1.052579
vt -3.865777 1.229593
vt -3.920835 1.070576
vt -4.072065 0.906258
vt 2.281392 1.450370
vt 2.019171 1.500635
vt 1.751845 1.345291
vt -3.061559 1.201124
vt -3.121385 1.206588
vt -3.519852 1.085760
vt 4.843754 1.089561
vt 2.787914 1.275645
vt 1.140123 1.205395
vt -3.363109 1.247600
vt -3.525392 1.253302
vt -3.529039 1.096624
vt -3.344082 1.245693
vt 1.403786 1.491021
vt 1.194488 1.457034
vt 1.693551 1.347637
vt 2.157616 1.259449
vt 2.197741 0.423283
vt 2.222496 0.428826
vt 2.221473 1.259949
vt 2.421320 1.248645
vt 2.395516 1.248562
vt 2.395515 0.422644
vt 2.421320 0.422726
vt 2.093632 1.249095
vt 2.093632 0.425705
vt -2.000539 1.227657
vt 2.298094 0.420231
vt 2.325656 1.259592
vt 2.261693 1.260055
vt 2.261694 0.425929
vt -3.884790 1.227630
vt -4.015799 1.202768
vt -3.585536 1.092653
vt 2.389758 0.422535
vt 2.389758 1.249215
vt -4.735585 0.904582
vt -4.893067 0.893135
vt -4.651094 0.755681
vt -3.730364 1.054485
vt -3.839363 1.062366
vt -4.038151 0.920006
vt 2.578967 -0.348769
vt 2.603928 -0.348690
vt 2.603926 0.432258
vt 2.578965 0.432179
vt 2.491750 0.443454
vt 2.466600 0.443275
vt 2.474143 -0.348072
vt 2.499293 -0.347895
vt 2.549374 0.440627
vt 2.530052 -0.346392
vt 2.573586 -0.348582
vt 2.572203 0.433737
vt 2.443372 -0.346816
vt 2.409009 0.439996
vt 2.386223 0.434626
vt 2.399801 -0.349344
vt 2.468740 -0.347918
vt 2.461198 0.443043
vt 4.774141 1.086586
vt -0.329736 1.297384
vt -0.399271 1.297384
vt -0.399265 0.654048
vt -0.329730 0.654048
vt -0.321619 1.297555
vt -0.321614 0.654048
vt -0.279056 0.654049
vt -0.279058 1.299383
vt 3.557041 1.065725
vt 3.458256 1.077002
vt 3.280653 0.940840
vt -1.822133 1.528547
vt -1.924679 1.515408
vt -1.535589 1.368966
vt 4.487257 1.241944
vt 4.436376 1.228800
vt 4.100303 1.254055
vt -0.407398 0.654048
vt -0.407403 1.297384
vt -0.449957 1.297384
vt -0.449950 0.654048
vt 2.000725 1.502820
vt 1.759513 1.516863
vt 1.738322 1.350338
vt 0.671890 0.134839
vt 0.691014 0.870415
vt 0.644807 0.863318
vt 0.644793 0.146799
vt -1.325176 1.050340
vt -1.448981 1.045190
vt -1.290809 0.879154
vt 0.856243 0.132844
vt 0.841053 0.864733
vt 0.813997 0.864647
vt 0.829188 0.132757
vt 0.760321 0.864207
vt 0.775341 0.137460
vt 0.802118 0.142844
vt 0.787157 0.864595
vt -0.096581 1.007537
vt -0.083249 1.021934
vt -0.173003 1.019510
vt -0.173816 1.004030
vt -0.172981 1.002500
vt -0.084538 0.999332
vt 0.960046 0.141212
vt 0.944946 0.865581
vt 0.987030 0.137064
vt 1.014010 0.137481
vt 0.998822 0.866078
vt 0.971842 0.865661
vt 0.221861 1.037107
vt -0.281783 0.809310
vt -0.281783 0.785084
vt -0.159670 0.788102
vt -0.137365 0.801486
vt -0.158634 0.806266
vt -0.419920 1.112388
vt -0.429869 1.125587
vt -0.456055 1.129533
vt -0.494941 1.129532
vt -0.533629 1.129528
vt -0.560163 1.124865
vt -0.570581 1.111815
vt -0.560481 1.097752
vt -0.533358 1.090600
vt -0.495638 1.088881
vt -0.457863 1.090521
vt -0.430520 1.097610
vt -3.900982 1.069353
vt -4.038059 0.920067
vt 2.871696 1.275645
vt 1.206169 0.859085
vt 1.207142 -0.006821
vt 1.252411 -0.008918
vt 1.252237 0.865811
vt -2.079141 1.234309
vt 1.328651 -0.006679
vt 1.328706 0.869713
vt 1.119384 -0.015572
vt 1.119153 0.858118
vt 1.057458 0.870020
vt 1.057546 -0.006518
vt 1.197583 0.858144
vt 1.157952 0.858136
vt 1.158405 -0.006506
vt 1.198010 -0.006497
vt -4.440766 1.047967
vt -4.059417 0.906883
vt 0.872729 1.042596
vt 0.872741 0.204055
vt 0.918519 0.204055
vt 0.918513 1.042596
vt 0.482874 1.469281
vt 0.430142 1.469281
vt 0.430147 0.630740
vt 0.482875 0.630740
vt -0.963434 1.470090
vt -1.013608 1.486741
vt -2.168916 0.995264
vt -2.277145 0.995404
vt -2.232014 0.852423
vt -0.167992 1.146508
vt -0.112351 1.146509
vt -0.112356 1.169195
vt -0.167997 1.169194
vt -2.640286 1.348457
vt -2.799492 1.374177
vt -3.061956 1.229095
vt 0.302144 0.630853
vt 0.355051 0.630853
vt 0.355039 1.469394
vt 0.302136 1.469393
vt 0.400823 1.469394
vt 0.400828 0.630853
vt -1.980265 0.982641
vt -2.148372 0.994530
vt -2.215423 0.842741
vt -0.426018 0.942594
vt -0.444720 0.949436
vt -0.524602 0.949321
vt -0.545543 0.942576
vt -0.548037 0.914102
vt -0.525446 0.905810
vt -0.445005 0.905810
vt -0.426018 0.914107
vt -2.827119 1.050962
vt -3.070763 1.057436
vt -3.071801 0.887177
vt 0.466703 0.870062
vt 0.406886 0.870070
vt 0.407814 0.060705
vt 0.466450 0.060698
vt 0.378184 0.870121
vt 0.318567 0.870087
vt 0.319441 0.060723
vt 0.379112 0.060755
vt 4.276421 1.218353
vt -0.414928 1.041704
vt -0.414928 0.998991
vt -0.287834 0.998991
vt -0.287834 1.041704
vt 0.554821 0.869986
vt 0.495405 0.869994
vt 0.495152 0.060631
vt 0.554571 0.060623
vt 0.583272 0.060529
vt 0.583522 0.869891
vt 4.698787 1.080755
vt -2.297723 0.994776
vt -2.467322 0.984211
vt -2.249736 0.842744
vt 4.013228 1.012753
vt 3.916318 1.002788
vt 4.010959 0.843814
vt 3.030871 1.264872
vt -5.245559 1.275038
vt -5.313240 1.273625
vt -5.245019 1.122625
vt 0.289865 0.870157
vt 0.290739 0.060795
vt 0.355039 1.469394
vt 0.355051 0.630853
vt 0.400828 0.630853
vt 0.400823 1.469394
vt -0.427180 1.009694
vt -0.496092 1.041703
vt -0.532598 1.041700
vt -0.569217 1.037853
vt -0.570634 1.021009
vt -0.524835 0.999551
vt -0.488368 0.999551
vt -0.449636 1.003620
vt 1.974070 0.870258
vt 1.948899 0.870080
vt 1.956447 0.078726
vt 1.981608 0.078903
vt -2.192551 1.240262
vt -1.074234 1.499926
vt 0.009744 1.051866
vt -0.235030 1.056300
vt -0.213356 0.886053
vt -2.398315 0.723899
vt -2.632032 0.712273
vt -2.495599 0.560268
vt -0.532222 1.420940
vt -0.615602 1.427707
vt -0.664893 1.253747
vt 2.021685 1.067534
vt 1.925417 1.057275
vt 2.032305 0.897835
vt -0.692627 1.424328
vt -0.974729 1.403938
vt -5.062849 1.269237
vt -5.225180 1.274895
vt -5.224647 1.124550
vt 0.185517 0.823882
vt 0.185517 0.012851
vt 0.314874 0.018324
vt 0.314874 0.823882
vt -1.051113 1.398339
vt -1.119364 1.385082
vt 4.623699 1.074767
vt 0.177626 0.824249
vt 0.083802 0.833314
vt 0.083802 0.018268
vt 0.177626 0.012901
vt 3.936757 1.505048
vt 3.611964 1.489481
vt 3.849180 1.336606
vt -5.427704 1.267824
vt -2.728155 0.712808
vt -2.299670 1.243935
vt 0.075701 0.018496
vt 0.075701 0.833694
vt -0.053572 0.833694
vt -0.053572 0.018496
vt -1.139141 1.511729
vt -0.313724 0.825748
vt -0.313736 0.010488
vt -0.281789 0.010488
vt -0.281765 0.825748
vt -0.217846 0.825750
vt -0.217895 0.010487
vt -0.185948 0.010486
vt -0.185886 0.825753
vt -0.154000 0.010485
vt -0.153927 0.825754
vt -0.122053 0.010484
vt -0.121968 0.825754
vt -0.090106 0.010484
vt -0.090008 0.825753
vt -0.473521 0.825755
vt -0.473472 0.010487
vt -0.441525 0.010488
vt -0.441562 0.825754
vt -0.409578 0.010488
vt -0.409602 0.825752
vt -0.377631 0.010488
vt -0.377643 0.825749
vt -0.345683 0.010488
vt -0.345683 0.825748
vt -0.197658 0.834303
vt -0.197658 0.855923
vt -0.281783 0.855923
vt -0.281782 0.834303
vt -0.281782 0.812683
vt -0.197658 0.812683
vt -0.249805 0.825748
vt -0.249842 0.010487
vt -4.875478 1.248580
vt -4.979445 1.261992
vt -5.207118 1.121294
vt 1.130551 1.418394
vt 0.830311 1.452498
vt 0.708041 1.285960
vt 4.328044 1.205395
vt -1.946902 0.656053
vt -2.004290 0.663285
vt -2.466605 0.557975
vt 3.101529 1.254056
vt -5.043079 1.267981
vt -3.136893 1.057640
vt -3.259253 1.050626
vt -3.062333 0.887869
vt -2.220003 0.712684
vt -2.377763 0.723732
vt -2.469728 0.569047
vt -2.202152 0.710119
vt -2.466701 0.557956
vt -0.192911 1.383953
vt -0.457953 1.416279
vt 4.561701 1.066359
vt 0.239213 1.408220
vt 0.065510 1.363228
vt 0.649151 1.284940
vt -2.370278 1.243609
vt -1.212639 1.521410
vt 3.456289 0.902641
vt 3.347921 0.903255
vt 3.383284 0.759882
vt -0.301152 1.055950
vt -0.422521 1.047914
vt -0.203844 0.886314
vt 0.810391 1.453582
vt 0.562853 1.453582
vt 0.690374 1.290112
vt 3.644089 0.889184
vt 3.476450 0.901835
vt 3.398815 0.750022
vt 2.157609 1.259595
vt 2.197741 0.423283
vt 2.222468 0.428820
vt 2.221447 1.260094
vt 2.421319 1.248789
vt 2.395518 1.248706
vt 2.395517 0.422644
vt 2.421319 0.422726
vt 2.093668 1.249245
vt 2.093668 0.425705
vt 3.277646 1.218354
vt 2.298094 0.420231
vt 2.325661 1.259739
vt 2.261737 1.260200
vt 2.261737 0.425922
vt -0.092254 0.792039
vt -0.225013 0.767785
vt 0.197974 0.655464
vt 2.389720 0.422534
vt 2.389721 1.249366
vt -5.164069 1.082050
vt -5.320706 1.069884
vt -5.068902 0.933560
vt 3.327605 0.902731
vt 3.156997 0.892892
vt 3.365217 0.750234
vt 2.061277 0.078029
vt 2.086237 0.078108
vt 2.086236 0.859056
vt 2.061275 0.858977
vt 1.974059 0.870252
vt 1.948910 0.870074
vt 1.956453 0.078726
vt 1.981603 0.078903
vt 2.031684 0.867426
vt 2.012362 0.080407
vt 2.055897 0.078216
vt 2.054513 0.860535
vt 1.925681 0.079982
vt 1.891320 0.866794
vt 1.868533 0.861425
vt 1.882111 0.077454
vt 1.951049 0.078880
vt 1.943508 0.869841
vt -0.419725 1.244133
vt -0.429693 1.257333
vt -0.455947 1.261281
vt -0.494924 1.261284
vt -0.533632 1.261284
vt -0.560154 1.256624
vt -0.570581 1.243574
vt -0.560488 1.229510
vt -0.533329 1.222357
vt -0.495510 1.220633
vt -0.457729 1.222270
vt -0.430336 1.229357
vt -0.329737 1.297325
vt -0.399269 1.297325
vt -0.399263 0.654048
vt -0.329732 0.654048
vt -0.321619 1.297497
vt -0.321613 0.654048
vt -0.279056 0.654049
vt -0.279058 1.299324
vt 3.756626 0.873416
vt 3.662829 0.887142
vt 3.432149 0.756260
vt -0.176077 0.862647
vt -0.176079 0.898913
vt -0.207937 0.902400
vt -0.247907 0.902400
vt -0.281783 0.886834
vt -0.281781 0.862647
vt -0.249922 0.859159
vt -0.207936 0.859160
vt -0.407398 0.654048
vt -0.407404 1.297325
vt -0.449957 1.297325
vt -0.449950 0.654048
vt 1.298332 1.263517
vt 1.152653 1.242325
vt 1.572764 1.100790
vt 0.671890 0.134839
vt 0.691014 0.870415
vt 0.644807 0.863318
vt 0.644793 0.146799
vt -3.485331 1.026167
vt -3.057870 0.887713
vt 0.856243 0.132844
vt 0.841053 0.864733
vt 0.813997 0.864647
vt 0.829188 0.132757
vt 0.760321 0.864207
vt 0.775341 0.137460
vt 0.802118 0.142844
vt 0.787157 0.864595
vt -0.193733 1.108148
vt -0.180024 1.133914
vt -0.270572 1.128808
vt -0.270572 1.109511
vt -0.270572 1.097769
vt -0.180661 1.092698
vt 0.960046 0.141212
vt 0.944946 0.865581
vt 0.987030 0.137064
vt 1.014010 0.137481
vt 0.998822 0.866078
vt 0.971842 0.865661
vt -1.320954 1.531777
vt -0.164969 0.926192
vt -0.109328 0.926192
vt -0.109328 0.948877
vt -0.164969 0.948877
vt -1.017135 1.038968
vt -1.259214 1.049135
vt -1.300376 0.879117
vt -1.179913 1.373101
vt 4.477760 1.048723
vt 1.203781 0.858733
vt 1.204302 -0.006689
vt 1.252411 -0.008918
vt 1.252237 0.865811
vt -2.448277 1.240708
vt 1.331431 -0.006598
vt 1.331459 0.869856
vt 1.119384 -0.015572
vt 1.119153 0.858118
vt 1.057458 0.870021
vt 1.057546 -0.006518
vt 1.197578 0.858142
vt 1.157952 0.858134
vt 1.158405 -0.006506
vt 1.198031 -0.006497
vt 2.319077 0.861961
vt 2.149835 0.838315
vt 2.599875 0.706273
vt -1.298879 0.879072
vt 0.482871 1.469280
vt 0.430142 1.469282
vt 0.430147 0.630740
vt 0.482873 0.630740
vt -4.469512 1.424507
vt -4.529167 1.432685
vt -4.801584 1.297247
vt 1.372569 1.268515
vt -0.645490 1.021546
vt -0.200028 0.886680
vt -3.440779 1.521986
vt -3.591496 1.551022
vt -3.875149 1.407126
vt 0.302131 0.630853
vt 0.355051 0.630853
vt 0.355039 1.469401
vt 0.302123 1.469401
vt 0.400823 1.469397
vt 0.400828 0.630853
vt -0.292873 0.942035
vt -0.311575 0.948877
vt -0.391457 0.948762
vt -0.412398 0.942017
vt -0.414892 0.913543
vt -0.392301 0.905251
vt -0.311860 0.905251
vt -0.292873 0.913548
vt 3.329270 1.205395
vt 0.466703 0.870129
vt 0.406886 0.870138
vt 0.407814 0.060705
vt 0.466450 0.060698
vt 0.378184 0.870188
vt 0.318567 0.870155
vt 0.319441 0.060723
vt 0.379112 0.060755
vt -1.424472 1.539642
vt -0.408756 1.133601
vt -0.408756 1.090889
vt -0.281663 1.090889
vt -0.281663 1.133601
vt 0.554821 0.870054
vt 0.495405 0.870061
vt 0.495152 0.060631
vt 0.554571 0.060623
vt 0.583272 0.060529
vt 0.583522 0.869959
vt -4.329669 1.394260
vt -4.452776 1.421557
vt -4.780333 1.296027
vt -2.526082 1.237622
vt -0.167981 1.092280
vt -0.083856 1.092280
vt -0.083856 1.110375
vt -0.083856 1.116156
vt -0.167981 1.116156
vt -0.167981 1.110375
vt -4.637140 1.443868
vt 1.597523 1.275645
vt 0.289865 0.870224
vt 0.290739 0.060795
vt -4.218218 1.350978
vt -4.276098 1.376571
vt -4.772832 1.290855
vt -1.494408 1.542111
vt -2.176769 1.445720
vt -2.404672 1.428163
vt -2.205972 1.280111
vt -4.315920 1.390451
vt 1.332580 0.891775
vt 1.236663 0.881309
vt 1.348950 0.722106
vt -2.592304 1.231606
vt 3.755554 1.001256
vt 4.014206 0.843849
vt -0.863108 1.552765
vt -2.500229 1.425826
vt -0.332140 1.250680
vt -0.332139 0.439650
vt -0.202842 0.445121
vt -0.202842 1.250680
vt 4.205467 1.008064
vt 4.007541 0.843090
vt 3.319629 1.418402
vt 3.019517 1.452491
vt 2.897302 1.286025
vt -0.340076 1.251048
vt -0.433853 1.260109
vt -0.433853 0.445064
vt -0.340076 0.439700
vt 2.732537 1.452281
vt 2.444564 1.411359
vt 2.862507 1.285672
vt -1.700525 1.389503
vt -1.760041 1.395341
vt -2.176423 1.278580
vt -0.165004 0.952519
vt -0.109362 0.952519
vt -0.109362 0.975204
vt -0.165004 0.975204
vt -3.609900 1.553155
vt -3.848017 1.565912
vt -3.921345 1.395160
vt -0.442035 0.445295
vt -0.442035 1.260492
vt -0.571222 1.260492
vt -0.571222 0.445295
vt -1.995048 1.438774
vt -2.156337 1.446054
vt -2.183938 1.289532
vt -0.831414 1.252479
vt -0.831426 0.437286
vt -0.799479 0.437286
vt -0.799455 1.252478
vt -0.735536 1.252481
vt -0.735585 0.437285
vt -0.703638 0.437284
vt -0.703577 1.252483
vt -0.671691 0.437284
vt -0.671617 1.252485
vt -0.639743 0.437283
vt -0.639658 1.252484
vt -0.607796 0.437282
vt -0.607698 1.252483
vt -0.991211 1.252486
vt -0.991162 0.437285
vt -0.959215 0.437286
vt -0.959252 1.252485
vt -0.927268 0.437286
vt -0.927292 1.252482
vt -0.895321 0.437286
vt -0.895333 1.252479
vt -0.863374 0.437286
vt -0.863374 1.252479
vt -0.426018 0.834087
vt -0.426018 0.855707
vt -0.510143 0.855707
vt -0.510143 0.834087
vt -0.510143 0.812466
vt -0.426018 0.812466
vt -0.767495 1.252479
vt -0.767532 0.437285
vt 2.575315 0.875291
vt 2.479467 0.864785
vt 2.592797 0.705628
vt -1.573243 1.542328
vt 1.681305 1.275645
vt -1.976331 1.436678
vt -4.959647 1.083281
vt -5.027403 1.084325
vt -5.047564 0.932506
vt 0.114289 1.565768
vt 0.049904 1.578940
vt 1.764921 1.054866
vt 2.035228 0.897962
vt 2.428342 1.408215
vt 2.254694 1.363238
vt 2.838149 1.284975
vt -1.680702 1.024175
vt -1.286874 0.879429
vt 2.214473 1.063718
vt 2.028333 0.897856
vt 4.505103 0.965510
vt 4.327772 0.989451
vt 4.031228 0.848125
vt 2.999499 1.453581
vt 2.752020 1.453581
vt 2.879511 1.290150
vt -3.911440 1.567009
vt -3.919734 1.395092
vt 1.840416 1.264814
vt -0.408756 1.207148
vt -0.408756 1.182921
vt -0.286644 1.185940
vt -0.264338 1.199323
vt -0.285608 1.204104
vt -0.021506 1.588068
vt -4.782280 1.070793
vt -4.939542 1.082393
vt -5.026262 0.933669
vt 2.157613 1.259519
vt 2.197741 0.423283
vt 2.222489 0.428824
vt 2.221466 1.260018
vt 2.421320 1.248713
vt 2.395516 1.248631
vt 2.395515 0.422644
vt 2.421320 0.422726
vt 2.093634 1.249164
vt 2.093634 0.425705
vt -0.419920 1.200225
vt -0.429876 1.213425
vt -0.456065 1.217368
vt -0.494951 1.217366
vt -0.533640 1.217361
vt -0.560170 1.212697
vt -0.570581 1.199647
vt -0.560473 1.185584
vt -0.533346 1.178434
vt -0.495625 1.176715
vt -0.457850 1.178356
vt -0.430512 1.185446
vt 2.298094 0.420231
vt 2.325658 1.259662
vt 2.261703 1.260124
vt 2.261703 0.425928
vt -2.519585 1.424078
vt -2.654330 1.400523
vt -2.241023 1.286134
vt 2.389755 0.422534
vt 2.389756 1.249285
vt -5.447024 1.266195
vt -5.594921 1.248357
vt -5.266701 1.122869
vt 4.224448 1.006423
vt 2.061276 0.078029
vt 2.086240 0.078108
vt 2.086238 0.859128
vt 2.061274 0.859048
vt 1.974061 0.870324
vt 1.948907 0.870146
vt 1.956450 0.078726
vt 1.981605 0.078903
vt 2.031686 0.867497
vt 2.012362 0.080407
vt 2.055901 0.078216
vt 2.054518 0.860605
vt 1.925681 0.079982
vt 1.891317 0.866866
vt 1.868522 0.861494
vt 1.882104 0.077454
vt 1.951054 0.078880
vt 1.943512 0.869913
vt -5.143975 1.082938
vt 0.187953 0.870527
vt 0.118422 0.870527
vt 0.118427 0.227250
vt 0.187958 0.227250
vt 0.196072 0.870699
vt 0.196077 0.227250
vt 0.238634 0.227250
vt 0.238632 0.872526
vt -4.852040 1.451667
vt -4.960058 1.449341
vt -4.852040 1.308706
vt -1.652000 1.542354
vt -4.608822 1.043463
vt -4.704115 1.060479
vt -5.010809 0.929783
vt 2.517123 1.022502
vt 2.337914 1.045704
vt 2.056676 0.904285
vt 0.110292 0.227250
vt 0.110286 0.870527
vt 0.067734 0.870527
vt 0.067740 0.227250
vt -4.763444 1.068808
vt 0.671890 0.134839
vt 0.691014 0.870415
vt 0.644807 0.863318
vt 0.644793 0.146799
vt -3.070220 0.887496
vt 0.856243 0.132844
vt 0.841053 0.864733
vt 0.813997 0.864647
vt 0.829188 0.132757
vt 0.760321 0.864207
vt 0.775341 0.137460
vt 0.802118 0.142844
vt 0.787157 0.864595
vt -0.193732 1.062896
vt -0.180024 1.088661
vt -0.270572 1.083555
vt -0.270572 1.064258
vt -0.270572 1.052516
vt -0.180660 1.047446
vt 0.960046 0.141212
vt 0.944946 0.865581
vt 0.987030 0.137064
vt 1.014010 0.137481
vt 0.998822 0.866078
vt 0.971842 0.865661
vt -4.038471 1.560978
vt -3.911381 1.395072
vt 0.489088 0.630740
vt 0.561966 0.630740
vt 0.561966 1.469281
vt 0.489087 1.469281
vt -0.167981 1.038056
vt -0.083856 1.038056
vt -0.083856 1.056151
vt -0.083856 1.061932
vt -0.167981 1.061931
vt -0.167981 1.056151
vt -0.095743 1.595605
vt 2.233785 1.062100
vt 1.203573 0.858729
vt 1.204090 -0.006679
vt 1.252411 -0.008918
vt 1.252237 0.865837
vt -1.721138 1.539032
vt 1.331309 -0.006601
vt 1.331337 0.869875
vt 1.119384 -0.015572
vt 1.119153 0.858143
vt 1.057458 0.870047
vt 1.057546 -0.006518
vt 1.197527 0.858168
vt 1.157952 0.858159
vt 1.158405 -0.006506
vt 1.197980 -0.006497
vt 3.583872 0.978849
vt 4.018918 0.843661
vt 1.910960 1.253951
vt 1.000475 1.042482
vt 0.947832 1.042483
vt 0.947838 0.203942
vt 1.000476 0.203942
vt -3.394086 0.856421
vt -3.402640 0.860709
vt -3.632356 0.844217
vt -1.761622 0.833534
vt -1.845435 0.839951
vt -1.883280 0.665807
vt -1.922227 0.836250
vt -2.202948 0.814679
vt -2.641635 1.026498
vt -2.807150 1.049407
vt -3.029800 0.900370
vt 0.819889 0.204055
vt 0.819881 1.042595
vt 1.351869 0.722239
vt -0.426018 0.895728
vt -0.444721 0.902570
vt -0.524603 0.902454
vt -0.545544 0.895709
vt -0.548037 0.867235
vt -0.525446 0.858943
vt -0.445006 0.858943
vt -0.426018 0.867240
vt -0.176254 1.600596
vt 0.984393 0.443331
vt 0.924576 0.443339
vt 0.925504 -0.366093
vt 0.984141 -0.366100
vt 0.895874 0.443390
vt 0.836257 0.443356
vt 0.837131 -0.366075
vt 0.896802 -0.366044
vt -3.728647 0.842331
vt -0.408561 1.261288
vt -0.408561 1.218576
vt -0.281468 1.218576
vt -0.281468 1.261288
vt 1.072511 0.443255
vt 1.013095 0.443263
vt 1.012843 -0.366167
vt 1.072261 -0.366176
vt 1.100963 -0.366269
vt 1.101213 0.443161
vt -2.278951 0.808761
vt -2.346326 0.795218
vt 1.525493 0.888376
vt 1.344979 0.722118
vt 0.131376 1.019190
vt 3.246605 1.087193
vt 3.138535 1.085064
vt 3.230604 0.943205
vt -4.275876 1.542825
vt -3.907700 1.395286
vt 0.807555 0.443426
vt 0.808430 -0.366003
vt 5.509922 1.418466
vt 5.209599 1.452497
vt 5.087347 1.285625
vt -2.937094 0.797552
vt -2.930932 0.802131
vt -2.990332 0.808290
vt 3.438803 1.078559
vt 3.266977 1.086901
vt 3.249960 0.933779
vt 2.086833 1.218173
vt -3.218282 0.847606
vt -3.221927 0.852845
vt -3.382790 0.860911
vt -1.285839 1.317386
vt 3.118535 1.084030
vt 2.952669 1.069934
vt 3.216462 0.933143
vt -3.203876 0.850748
vt -1.363964 1.316666
vt -1.654394 1.306087
vt -0.176078 0.956002
vt -0.176078 0.992268
vt -0.207937 0.995755
vt -0.247906 0.995755
vt -0.281783 0.980189
vt -0.281783 0.956002
vt -0.249924 0.952515
vt -0.207937 0.952515
vt -0.332162 1.250680
vt -0.332162 0.439649
vt -0.202826 0.445122
vt -0.202826 1.250680
vt 4.619071 1.407859
vt 4.443888 1.363172
vt 5.028374 1.284584
vt -1.419927 0.797975
vt -1.687059 0.829185
vt -0.340068 1.251047
vt -0.433875 1.260112
vt -0.433875 0.445065
vt -0.340068 0.439699
vt 0.543426 1.452287
vt 0.255371 1.411353
vt 0.673434 1.285629
vt 1.104118 1.023231
vt 1.042870 1.037327
vt -0.291196 1.604224
vt -1.733070 1.303147
vt -1.807791 1.292339
vt -0.442006 0.445295
vt -0.442006 1.260492
vt -0.571248 1.260492
vt -0.571248 0.445295
vt 1.829525 0.847815
vt 1.649538 0.870629
vt 1.373103 0.728608
vt -0.831414 1.252549
vt -0.831426 0.437286
vt -0.799479 0.437286
vt -0.799455 1.252549
vt -0.735536 1.252549
vt -0.735585 0.437285
vt -0.703638 0.437284
vt -0.703577 1.252550
vt -0.703577 1.252550
vt -0.671691 0.437284
vt -0.671617 1.252550
vt -0.639743 0.437283
vt -0.639658 1.252550
vt -0.607796 0.437282
vt -0.607698 1.252549
vt -0.991211 1.252551
vt -0.991162 0.437285
vt -0.959215 0.437286
vt -0.959252 1.252551
vt -0.927268 0.437286
vt -0.927292 1.252550
vt -0.895321 0.437286
vt -0.895333 1.252549
vt -0.863374 0.437286
vt -0.863374 1.252549
vt 2.157609 1.259607
vt 2.197741 0.423283
vt 2.222477 0.428822
vt 2.221455 1.260105
vt -0.767495 1.252548
vt -0.767532 0.437285
vt 5.189645 1.453581
vt 4.942124 1.453581
vt 5.069638 1.289772
vt -0.252208 1.207148
vt -0.252209 1.182922
vt -0.130096 1.185940
vt -0.107791 1.199323
vt -0.129059 1.204104
vt -0.419920 1.156307
vt -0.429876 1.169507
vt -0.456066 1.173451
vt -0.494951 1.173448
vt -0.533640 1.173443
vt -0.560169 1.168779
vt -0.570580 1.155729
vt -0.560473 1.141666
vt -0.533346 1.134516
vt -0.495625 1.132797
vt -0.457850 1.134439
vt -0.430512 1.141528
vt 1.544858 0.886800
vt 0.974116 1.047671
vt -0.167981 1.119392
vt -0.083856 1.119392
vt -0.083856 1.137487
vt -0.083856 1.143268
vt -0.167981 1.143268
vt -0.167981 1.137487
vt -0.890441 1.259609
vt 0.583522 0.869892
vt 0.583272 0.060529
vt 0.643092 0.060522
vt 0.642624 0.869884
vt 0.299546 1.263532
vt 0.153882 1.242334
vt 0.482874 1.469281
vt 0.430142 1.469281
vt 0.430147 0.630740
vt 0.482875 0.630740
vt -0.399133 1.605741
vt 1.535602 -0.433318
vt 1.575236 -0.433316
vt 1.575148 0.443223
vt 1.535517 0.443222
vt 2.138276 1.205170
vt 1.014010 0.137481
vt 0.998822 0.866078
vt 0.248837 0.815307
vt 0.022674 0.796431
vt 0.233519 0.649657
vt 1.979462 0.870073
vt 1.986998 0.079110
vt 2.012362 0.080407
vt 2.031684 0.867426
vt -2.406076 0.782986
vt 2.595715 0.705763
vt 4.632936 1.263137
vt 0.373826 1.268497
vt 2.228345 0.429777
vt 2.254230 0.429876
vt 2.253030 1.260232
vt 2.227150 1.260132
vt -0.194825 0.445295
vt -0.100988 0.445295
vt -0.100988 1.260118
vt -0.194825 1.251051
vt 1.160782 -0.366276
vt 1.160314 0.443153
vt 1.006839 0.203942
vt 1.079620 0.203942
vt 1.079620 1.042482
vt 1.006839 1.042482
vt 1.017945 -0.006520
vt 1.017860 0.870046
vt 0.902097 1.056469
vt 0.246724 0.227250
vt 0.316270 0.227250
vt 0.316270 0.870641
vt 0.246722 0.872584
vt 1.979457 0.870143
vt 1.987000 0.079110
vt 2.298094 0.420231
vt 2.325661 1.259752
vt 2.261738 1.260213
vt 2.261738 0.425922
vt 2.421313 1.248788
vt 2.395518 1.248706
vt 2.395515 0.422644
vt 2.421315 0.422726
vt 2.093660 1.249255
vt 2.093661 0.425705
vt -0.469445 1.604048
vt -0.186194 1.239666
vt -0.186309 1.261288
vt -0.270370 1.261280
vt -0.270256 1.239690
vt -0.268279 1.218040
vt -0.184220 1.218047
vt -2.748284 0.711640
vt -2.892581 0.692102
vt -2.528065 0.567199
vt 2.389726 0.422534
vt 2.389729 1.249378
vt -4.557046 1.250458
vt -4.710508 1.235902
vt -4.420803 1.102428
vt -0.072909 0.793863
vt 2.061272 0.078029
vt 2.086244 0.078108
vt 2.086246 0.859056
vt 2.061271 0.858977
vt 1.951056 0.078880
vt 1.943509 0.869843
vt 1.891320 0.866795
vt 1.925681 0.079982
vt 2.228338 0.429777
vt 2.254230 0.429876
vt 2.253033 1.260157
vt 2.227141 1.260057
vt 2.055902 0.078216
vt 2.054629 0.860496
vt 1.868410 0.861392
vt 1.882123 0.077455
vt -0.172961 1.218039
vt -0.088848 1.218040
vt -0.088203 1.236208
vt -0.087662 1.242129
vt -0.171772 1.242128
vt -0.172317 1.236165
vt 0.671890 0.134839
vt 0.691014 0.870415
vt 0.644807 0.863318
vt 0.644793 0.146799
vt 2.768248 0.871973
vt 2.588825 0.705639
vt -0.194817 0.445295
vt -0.101003 0.445295
vt -0.101002 1.260117
vt -0.194817 1.251052
vt 0.856243 0.132844
vt 0.841053 0.864733
vt 0.813997 0.864647
vt 0.829188 0.132757
vt 0.643092 0.060522
vt 0.642624 0.869951
vt 0.760321 0.864207
vt 0.775341 0.137460
vt 0.802118 0.142844
vt 0.787157 0.864595
vt 1.769927 0.439013
vt 1.770101 -0.435716
vt 1.849122 -0.433396
vt 1.849149 0.443057
vt -0.176044 0.909131
vt -0.176094 0.945397
vt -0.207957 0.948881
vt -0.247927 0.948878
vt -0.281782 0.933308
vt -0.281749 0.909121
vt -0.249884 0.905637
vt -0.207900 0.905640
vt 0.489111 0.630740
vt 0.561993 0.630740
vt 0.561969 1.469281
vt 0.489134 1.469278
vt 1.017912 -0.006520
vt 1.017827 0.870020
vt -0.270966 0.654049
vt -0.201421 0.654049
vt -0.201421 1.297439
vt -0.270968 1.299382
vt 0.730053 0.761786
vt 0.669482 0.767072
vt 0.263455 0.648275
vt 4.450292 1.425581
vt 4.208840 1.482122
vt 3.882282 1.334127
vt 0.431168 0.809345
vt 0.269328 0.815762
vt 0.254846 0.659153
vt 1.979463 0.870071
vt 1.987005 0.079110
vt 1.721471 0.431935
vt 1.721993 -0.433487
vt -1.874197 1.282534
vt 1.637074 -0.442370
vt 1.636843 0.431319
vt -0.193733 1.153401
vt -0.180024 1.179167
vt -0.270572 1.174060
vt -0.270572 1.154763
vt -0.270572 1.143022
vt -0.180660 1.137951
vt 1.715268 0.431344
vt 1.675642 0.431336
vt 1.676096 -0.433304
vt 1.715721 -0.433296
vt 1.594732 1.031657
vt 2.039410 0.898462
vt 2.228339 0.429777
vt 2.254228 0.429876
vt 2.253031 1.260233
vt 2.227142 1.260133
vt -0.545333 0.772329
vt -0.449389 0.772329
vt -0.461342 0.803162
vt -0.514345 0.808794
vt -0.533279 0.803424
vt 0.322861 0.018496
vt 0.416710 0.018496
vt 0.416710 0.833321
vt 0.322861 0.824253
vt 0.450128 0.807333
vt 0.263363 0.648245
vt 0.643092 0.060522
vt 0.642624 0.869884
vt 0.489088 0.630740
vt 0.561967 0.630740
vt 0.561966 1.469281
vt 0.489087 1.469281
vt 0.198012 1.028967
vt 0.029350 1.050505
vt -0.173853 0.899480
vt 0.302144 0.630853
vt 0.302136 1.469393
vt 1.017938 -0.006520
vt 1.017853 0.870018
vt 0.554821 0.869986
vt 0.554571 0.060623
vt -0.270967 0.654049
vt -0.201418 0.654049
vt -0.201418 1.297498
vt -0.270968 1.299441
vt 0.466703 0.870062
vt 0.406886 0.870070
vt 0.407814 0.060705
vt 0.466450 0.060698
vt 2.497154 0.443273
vt 2.504695 -0.347688
vt 0.378184 0.870121
vt 0.318567 0.870087
vt 0.319441 0.060723
vt 0.379112 0.060755
vt 3.592728 1.487817
vt 3.371179 1.459182
vt 3.825338 1.337911
vt -0.211849 0.886043
vt -0.292912 0.988911
vt -0.311624 0.995751
vt -0.391506 0.995629
vt -0.412437 0.988882
vt -0.414892 0.960408
vt -0.392290 0.952118
vt -0.311849 0.952125
vt -0.292874 0.960423
vt 2.228338 0.429777
vt 2.254230 0.429876
vt 2.253033 1.260088
vt 2.227141 1.259988
vt 0.495405 0.869994
vt 0.495152 0.060631
vt -0.194825 0.445295
vt -0.100988 0.445295
vt -0.100988 1.260118
vt -0.194825 1.251051
vt 0.643092 0.060522
vt 0.642624 0.869951
vt -0.165003 0.859164
vt -0.109361 0.859164
vt -0.109361 0.881849
vt -0.165003 0.881849
vt 0.489088 0.630740
vt 0.561967 0.630740
vt 0.561967 1.469281
vt 0.489087 1.469281
vt 3.072546 0.831539
vt 2.892410 0.854278
vt 2.616906 0.712141
vt -2.818455 1.376031
vt -3.060211 1.386674
vt -3.106617 1.216743
vt 1.535602 -0.433318
vt 1.535517 0.443222
vt 0.289865 0.870157
vt 0.290739 0.060795
vt -3.126137 1.388009
vt -3.097050 1.216760
vt -0.270936 0.654049
vt -0.201517 0.654049
vt -0.201517 1.297441
vt -0.270938 1.299382
vt 1.979464 0.870071
vt 1.987005 0.079110
vt 2.228332 0.429777
vt 2.254243 0.429876
vt 2.253045 1.260157
vt 2.227135 1.260057
vt -3.105122 1.216694
vt 4.191380 1.484747
vt 3.956769 1.504709
vt 3.870870 1.339494
vt -4.531108 0.904877
vt -0.437776 0.809036
vt -0.437776 0.784811
vt -0.316276 0.790258
vt -0.293940 0.804159
vt -0.314790 0.808446
vt -0.295627 0.814106
vt 2.787624 0.870404
vt -0.194822 0.445295
vt -0.100993 0.445295
vt -0.100992 1.260192
vt -0.194822 1.251125
vt -0.419920 1.068471
vt -0.429869 1.081671
vt -0.456056 1.085616
vt -0.494941 1.085615
vt -0.533630 1.085612
vt -0.560163 1.080949
vt -0.570581 1.067899
vt -0.560481 1.053835
vt -0.533358 1.046684
vt -0.495638 1.044965
vt -0.457863 1.046604
vt -0.430520 1.053693
vt 5.447498 1.037370
vt -0.198735 1.251304
vt -0.201603 1.252661
vt -0.097053 1.261119
vt -0.099822 1.262229
vt -0.333336 1.252661
vt -0.336203 1.251304
vt -0.437885 1.261114
vt -0.440753 1.262497
vt 2.225518 1.260635
vt 2.222711 1.262071
vt 2.254661 1.260747
vt 2.253505 1.262201
vt 2.422944 1.249303
vt 2.421794 1.250740
vt 2.393892 1.249205
vt 2.391081 1.251107
vt -3.885973 0.814441
vt -3.737123 0.841169
vt -3.213060 0.851476
vt -3.393384 0.859203
vt 1.975637 0.870817
vt 1.974503 0.872197
vt 1.948429 0.872012
vt 1.947321 0.870616
vt 2.059711 0.859520
vt 2.055983 0.862016
vt 2.087807 0.859618
vt 2.086694 0.860973
vt -0.275048 1.299947
vt -0.277916 1.300954
vt -0.197308 1.297777
vt -0.200211 1.298984
vt -0.322775 1.299026
vt -0.325642 1.297777
vt -0.403381 1.297776
vt -0.406249 1.298902
vt 1.853207 0.443876
vt 1.849121 0.445198
vt -0.183700 0.997880
vt -0.180803 0.998626
vt -0.257457 1.182416
vt -0.253675 1.181558
vt -0.253647 1.208511
vt -0.257457 1.207650
vt -0.198735 1.251251
vt -0.201602 1.252661
vt -0.097053 1.261066
vt -0.099822 1.262229
vt -0.333336 1.252661
vt -0.336203 1.251252
vt -0.437885 1.261061
vt -0.440753 1.262497
vt 2.225518 1.260586
vt 2.222711 1.262071
vt 2.254661 1.260698
vt 2.253505 1.262201
vt 2.422944 1.249254
vt 2.421793 1.250740
vt 2.393892 1.249156
vt 2.391081 1.251107
vt 2.493328 0.444019
vt 2.492193 0.445399
vt 2.466119 0.445214
vt 2.465011 0.443818
vt 2.577400 0.432722
vt 2.573673 0.435218
vt 2.605497 0.432820
vt 2.604385 0.434175
vt -0.275048 1.299989
vt -0.277916 1.300954
vt -0.197308 1.297818
vt -0.200211 1.298984
vt -0.322775 1.299026
vt -0.325642 1.297818
vt -0.403381 1.297818
vt -0.406248 1.298902
vt 1.335516 0.870702
vt 1.328800 0.871862
vt -0.080153 0.997832
vt -0.077824 0.998582
vt -0.287031 0.784578
vt -0.283249 0.783721
vt -0.283221 0.810673
vt -0.287031 0.809813
vt 0.318955 0.824453
vt 0.316088 0.825862
vt 0.420638 0.834267
vt 0.417869 0.835431
vt 0.184355 0.825862
vt 0.181487 0.824453
vt 0.079805 0.834262
vt 0.076937 0.835698
vt 2.225517 1.260689
vt 2.222711 1.262071
vt 2.254661 1.260801
vt 2.253505 1.262201
vt 2.422944 1.249357
vt 2.421794 1.250740
vt 2.393892 1.249259
vt 2.391081 1.251107
vt 1.975637 0.870817
vt 1.974503 0.872197
vt 1.948429 0.872012
vt 1.947321 0.870616
vt 2.059711 0.859520
vt 2.055983 0.862016
vt 2.087807 0.859618
vt 2.086694 0.860973
vt -0.275048 1.299947
vt -0.277916 1.300954
vt -0.197308 1.297777
vt -0.200211 1.298984
vt -0.322775 1.299026
vt -0.325642 1.297777
vt -0.403381 1.297776
vt -0.406249 1.298902
vt 1.335516 0.870674
vt 1.331430 0.871996
vt -0.177528 1.091168
vt -0.174632 1.091915
vt -0.443024 0.784258
vt -0.439395 0.783397
vt -0.439401 0.810365
vt -0.443024 0.809490
vt -0.198735 1.251251
vt -0.201602 1.252661
vt -0.097053 1.261066
vt -0.099822 1.262229
vt -0.333336 1.252661
vt -0.336203 1.251252
vt -0.437885 1.261061
vt -0.440753 1.262496
vt 2.225518 1.260635
vt 2.222711 1.262071
vt 2.254661 1.260747
vt 2.253505 1.262201
vt 2.422944 1.249303
vt 2.421794 1.250740
vt 2.393892 1.249205
vt 2.391081 1.251107
vt 1.975637 0.870869
vt 1.974503 0.872197
vt 1.948429 0.872012
vt 1.947320 0.870668
vt 2.059711 0.859571
vt 2.055983 0.862016
vt 2.087807 0.859669
vt 2.086694 0.860973
vt 0.242642 0.873149
vt 0.239774 0.874156
vt 0.320382 0.870978
vt 0.317479 0.872185
vt 0.194916 0.872227
vt 0.192048 0.870978
vt 0.114309 0.870978
vt 0.111442 0.872104
vt 1.335516 0.870693
vt 1.331430 0.871996
vt -0.177617 1.045921
vt -0.174590 1.046613
vt -0.414004 1.182425
vt -0.410129 1.181560
vt -0.410043 1.208507
vt -0.414004 1.207636
vt -0.198735 1.251251
vt -0.201603 1.252661
vt -0.097053 1.261066
vt -0.099822 1.262229
vt -0.333336 1.252661
vt -0.336203 1.251252
vt -0.437885 1.261061
vt -0.440753 1.262497
vt 2.225517 1.260850
vt 2.222714 1.262071
vt 2.254661 1.260810
vt 2.253503 1.262201
vt 2.422944 1.249369
vt 2.421767 1.250740
vt 2.393892 1.249100
vt 2.391145 1.251097
vt 1.975638 0.870718
vt 1.974513 0.872197
vt 1.948439 0.872012
vt 1.947322 0.870517
vt 2.059711 0.859587
vt 2.055987 0.862015
vt 2.087807 0.859716
vt 2.086719 0.860973
vt 1.853207 0.443876
vt 1.849121 0.445198
vt -0.177528 1.136421
vt -0.174632 1.137167
vt -0.447386 0.771004
vt -0.443989 0.771959
vt -0.550730 0.771966
vt -0.547324 0.771004
vt -4.416793 1.095254
vt -4.405417 1.097111
vt -4.404821 1.096464
vt -2.487139 0.557159
vt -2.484223 0.562063
vt -2.480340 0.556517
vt 0.666490 1.283731
vt 0.685469 1.283176
vt 0.683347 1.285896
vt -4.872925 1.291788
vt -4.875844 1.298345
vt -4.865062 1.293139
vt -5.260931 1.116005
vt -5.250241 1.118295
vt -5.249151 1.117428
vt -2.215933 1.275377
vt -2.219554 1.281183
vt -2.210166 1.276534
vt 2.874481 1.283349
vt 2.873617 1.284458
vt 2.885127 1.283606
vt 3.389530 0.752002
vt 3.386024 0.745145
vt 3.410651 0.750391
vt -5.067092 0.926502
vt -5.055158 0.928268
vt -5.054652 0.927477
vt 0.243471 0.646816
vt 0.256185 0.651203
vt 0.250514 0.646373
vt 3.857627 1.333631
vt 3.858395 1.335108
vt 3.868117 1.332960
vt 3.204492 0.933478
vt 3.229818 0.928502
vt 3.225423 0.935272
vt -4.608120 0.749721
vt -4.606155 0.747588
vt -4.603265 0.748760
vt -3.558864 1.082168
vt -3.563359 1.087932
vt -3.553258 1.083377
vt 1.741696 1.345831
vt 1.747223 1.341113
vt 1.756102 1.342875
vt -2.214428 0.836631
vt -2.207171 0.840948
vt -2.206342 0.835417
vt -4.803290 1.291918
vt -4.791192 1.290251
vt -4.793528 1.289742
vt 5.076929 1.285537
vt 5.086349 1.281206
vt 5.093532 1.283464
vt -2.356874 2.236923
vt -2.355932 2.284983
vt -3.299968 2.233359
vt -3.299221 2.279546
vt -0.377564 1.420906
vt -0.377783 1.420906
vt -0.296782 0.555577
vt -0.293214 0.554003
vt -0.481139 0.555562
vt -0.478530 0.554145
vt -0.297234 1.419725
vt -0.300165 1.420923
vt -2.052210 1.671139
vt -0.161419 1.431453
vt -0.165379 1.432668
vt -3.536295 2.085731
vt -1.052037 1.627582
vt -1.049502 1.630484
vt -1.076843 1.630484
vt -1.074308 1.627582
vt 0.381298 0.640693
vt 0.385798 0.638155
vt 0.558335 0.638913
vt 0.562777 0.641478
vt 0.452998 1.432688
vt 0.450401 1.429667
vt 0.478718 1.429868
vt 0.476064 1.432851
vt 0.228191 0.691404
vt 0.175343 0.691133
vt 0.227251 0.667066
vt 0.179896 1.020704
vt 0.223791 1.021158
vt 0.298795 0.329434
vt 0.299940 0.329327
vt 0.301232 0.329359
vt 0.221959 0.999421
vt -2.356874 2.236923
vt -2.355932 2.284983
vt -3.299968 2.233359
vt -3.299221 2.279546
vt -0.296782 0.557269
vt -0.290381 0.553871
vt -0.481140 0.557129
vt -0.476452 0.554145
vt -0.297233 1.418261
vt -0.302705 1.420923
vt -0.161419 1.429778
vt -0.168977 1.432484
vt -0.730069 0.697911
vt -0.721595 0.698125
vt -0.721595 0.698125
vt -0.721607 0.698706
vt -2.240971 1.598209
vt -2.056276 1.674332
vt -1.052037 1.627582
vt -1.049502 1.630485
vt -1.076843 1.630485
vt -1.074308 1.627582
vt 0.381298 0.640693
vt 0.385798 0.638155
vt 0.558335 0.638913
vt 0.562777 0.641478
vt 0.452998 1.432688
vt 0.450401 1.429667
vt 0.478718 1.429868
vt 0.476064 1.432851
vt 0.228191 0.743121
vt 0.175343 0.742851
vt 0.227252 0.718783
vt 0.260189 0.910430
vt 0.261988 0.899347
vt -0.201204 0.640752
vt -0.200059 0.640646
vt -0.198767 0.640678
vt 0.175898 0.899809
vt -2.356874 2.236923
vt -2.355932 2.284983
vt -3.299968 2.233359
vt -3.299221 2.279546
vt -0.296782 0.557269
vt -0.290382 0.553871
vt -0.481140 0.557129
vt -0.476452 0.554145
vt -0.297233 1.418261
vt -0.302705 1.420922
vt -0.161419 1.429778
vt -0.168976 1.432484
vt -0.730070 0.697911
vt -0.721595 0.698125
vt -0.721595 0.698125
vt -0.721607 0.698706
vt -2.240971 1.598209
vt -2.056276 1.674332
vt -1.052037 1.627582
vt -1.049502 1.630485
vt -1.076843 1.630485
vt -1.074308 1.627582
vt 0.381298 0.640693
vt 0.385798 0.638155
vt 0.558335 0.638913
vt 0.562777 0.641478
vt 0.452998 1.432688
vt 0.450401 1.429667
vt 0.478718 1.429867
vt 0.476064 1.432851
vt 0.228191 0.717263
vt 0.175343 0.716992
vt 0.227251 0.692924
vt 0.179896 0.997566
vt 0.223791 0.998021
vt -0.451203 0.329434
vt -0.450058 0.329328
vt -0.448766 0.329360
vt 0.221959 0.976283
vt -2.356874 2.236923
vt -2.355932 2.284983
vt -3.299968 2.233359
vt -3.299221 2.279546
vt -0.296782 0.557269
vt -0.290381 0.553871
vt -0.481140 0.557129
vt -0.476452 0.554145
vt -0.297233 1.418261
vt -0.302705 1.420923
vt -0.161419 1.429778
vt -0.168976 1.432484
vt -0.730070 0.697911
vt -0.721595 0.698125
vt -0.721595 0.698125
vt -0.721607 0.698706
vt -2.240971 1.598209
vt -2.056276 1.674332
vt -1.052037 1.627582
vt -1.049502 1.630485
vt -1.076843 1.630485
vt -1.074308 1.627582
vt 0.381298 0.640693
vt 0.385798 0.638155
vt 0.558335 0.638913
vt 0.562777 0.641478
vt 0.452998 1.432688
vt 0.450401 1.429667
vt 0.478718 1.429868
vt 0.476064 1.432851
vt 0.228191 0.768980
vt 0.175343 0.768709
vt 0.227251 0.744642
vt 0.260189 0.950552
vt 0.261988 0.939469
vt -0.451203 0.952072
vt -0.450059 0.951966
vt -0.448766 0.951998
vt 0.175898 0.939931
vt -2.356874 2.236923
vt -2.355932 2.284983
vt -3.299968 2.233359
vt -3.299221 2.279546
vt -0.296782 0.557268
vt -0.290382 0.553871
vt -0.481140 0.557129
vt -0.476452 0.554145
vt -0.297233 1.418261
vt -0.302705 1.420923
vt -0.161419 1.429778
vt -0.168977 1.432484
vt -2.056250 1.674318
vt -1.052037 1.627582
vt -1.049502 1.630485
vt -1.076843 1.630485
vt -1.074308 1.627582
vt 0.381298 0.640693
vt 0.385798 0.638155
vt 0.558335 0.638913
vt 0.562777 0.641478
vt 0.452998 1.432688
vt 0.450401 1.429667
vt 0.478718 1.429867
vt 0.476064 1.432851
vt 0.228191 0.898274
vt 0.175343 0.898003
vt 0.227252 0.873936
vt 0.179896 1.090118
vt 0.223791 1.090572
vt -0.451205 0.640753
vt -0.450061 0.640647
vt -0.448768 0.640679
vt 0.221959 1.068835
vt -0.730070 0.697911
vt -0.721595 0.698125
vt -0.721595 0.698125
vt -0.721607 0.698706
vt -2.240971 1.598209
vt -2.056276 1.674332
vt 4.069160 0.173708
vt 4.231962 0.225676
vt 4.354000 0.227270
vt 3.561574 -0.560183
vt 3.563495 -0.560504
vt 3.568522 -0.560291
vt 4.359184 0.179669
vt 4.069160 0.173708
vt 4.231962 0.225676
vt 4.354000 0.227270
vt 3.561574 -0.560183
vt 3.563495 -0.560504
vt 3.568521 -0.560291
vt 4.359183 0.179669
vt -0.198735 1.250760
vt -0.202739 1.252661
vt -0.097053 1.260566
vt -0.100931 1.262121
vt -0.332199 1.252661
vt -0.336203 1.250761
vt -0.437885 1.260559
vt -0.441889 1.262497
vt 2.225518 1.260051
vt 2.221600 1.262062
vt 2.254662 1.260163
vt 2.253042 1.262199
vt 2.422944 1.248725
vt 2.421333 1.250739
vt 2.393892 1.248626
vt 2.389967 1.251288
vt -3.883314 0.813676
vt -3.736385 0.840785
vt -3.213525 0.851131
vt -3.393608 0.858315
vt 1.975643 0.870261
vt 1.974054 0.872194
vt 1.948878 0.872016
vt 1.947326 0.870060
vt 2.059711 0.858972
vt 2.054506 0.862463
vt 2.087807 0.859074
vt 2.086248 0.860972
vt -0.275048 1.299494
vt -0.279052 1.300905
vt -0.197308 1.297325
vt -0.201374 1.299016
vt -0.321638 1.299075
vt -0.325642 1.297325
vt -0.403381 1.297325
vt -0.407385 1.298902
vt 1.853207 0.443262
vt 1.847500 0.445115
vt -0.185184 0.997963
vt -0.181124 0.999005
vt -0.257457 1.182793
vt -0.252159 1.181595
vt -0.252121 1.208473
vt -0.257457 1.207272
vt -0.198735 1.250687
vt -0.202739 1.252661
vt -0.097053 1.260492
vt -0.100931 1.262121
vt -0.332199 1.252661
vt -0.336203 1.250687
vt -0.437885 1.260485
vt -0.441889 1.262497
vt 2.225518 1.259982
vt 2.221600 1.262062
vt 2.254662 1.260094
vt 2.253042 1.262199
vt 2.422944 1.248657
vt 2.421333 1.250739
vt 2.393892 1.248557
vt 2.389967 1.251288
vt 2.493333 0.443463
vt 2.491744 0.445396
vt 2.466568 0.445217
vt 2.465016 0.443262
vt 2.577400 0.432174
vt 2.572196 0.435665
vt 2.605497 0.432276
vt 2.603939 0.434173
vt -0.275048 1.299553
vt -0.279052 1.300905
vt -0.197308 1.297384
vt -0.201374 1.299016
vt -0.321638 1.299075
vt -0.325642 1.297384
vt -0.403381 1.297384
vt -0.407385 1.298902
vt 1.335516 0.870099
vt 1.326139 0.871726
vt -0.081616 0.997897
vt -0.078350 0.998944
vt -0.287031 0.784955
vt -0.281733 0.783758
vt -0.281695 0.810635
vt -0.287031 0.809435
vt 0.318955 0.823889
vt 0.314952 0.825863
vt 0.420638 0.833694
vt 0.416759 0.835323
vt 0.185491 0.825862
vt 0.181487 0.823889
vt 0.079805 0.833687
vt 0.075801 0.835698
vt 2.225518 1.260127
vt 2.221600 1.262062
vt 2.254662 1.260239
vt 2.253042 1.262199
vt 2.422944 1.248801
vt 2.421333 1.250739
vt 2.393892 1.248701
vt 2.389967 1.251288
vt 1.975643 0.870261
vt 1.974054 0.872194
vt 1.948878 0.872016
vt 1.947326 0.870060
vt 2.059711 0.858972
vt 2.054506 0.862463
vt 2.087807 0.859074
vt 2.086248 0.860972
vt -0.275048 1.299494
vt -0.279052 1.300905
vt -0.197308 1.297325
vt -0.201374 1.299016
vt -0.321638 1.299075
vt -0.325642 1.297325
vt -0.403381 1.297325
vt -0.407385 1.298902
vt 1.335516 0.870061
vt 1.329810 0.871914
vt -0.179012 1.091252
vt -0.174952 1.092294
vt -0.443024 0.784665
vt -0.437941 0.783462
vt -0.437950 0.810358
vt -0.443024 0.809137
vt -0.198735 1.250687
vt -0.202739 1.252661
vt -0.097053 1.260492
vt -0.100931 1.262121
vt -0.332199 1.252661
vt -0.336203 1.250687
vt -0.437885 1.260485
vt -0.441889 1.262497
vt 2.225518 1.260051
vt 2.221600 1.262062
vt 2.254662 1.260163
vt 2.253042 1.262199
vt 2.422944 1.248726
vt 2.421333 1.250739
vt 2.393892 1.248626
vt 2.389967 1.251288
vt 1.975642 0.870333
vt 1.974054 0.872194
vt 1.948878 0.872016
vt 1.947325 0.870132
vt 2.059711 0.859043
vt 2.054506 0.862463
vt 2.087807 0.859145
vt 2.086248 0.860972
vt 0.242642 0.872696
vt 0.238638 0.874107
vt 0.320382 0.870527
vt 0.316316 0.872218
vt 0.196052 0.872276
vt 0.192048 0.870527
vt 0.114309 0.870527
vt 0.110305 0.872104
vt 1.335516 0.870086
vt 1.329810 0.871913
vt -0.179137 1.046006
vt -0.174894 1.046973
vt -0.414004 1.182805
vt -0.408576 1.181599
vt -0.408456 1.208468
vt -0.414004 1.207252
vt -0.198735 1.250687
vt -0.202739 1.252661
vt -0.097053 1.260492
vt -0.100931 1.262121
vt -0.332199 1.252661
vt -0.336203 1.250687
vt -0.437885 1.260485
vt -0.441889 1.262497
vt 2.225518 1.260352
vt 2.221604 1.262062
vt 2.254662 1.260252
vt 2.253040 1.262199
vt 2.422944 1.248818
vt 2.421295 1.250739
vt 2.393892 1.248478
vt 2.390056 1.251274
vt 1.975644 0.870121
vt 1.974068 0.872194
vt 1.948893 0.872016
vt 1.947328 0.869921
vt 2.059711 0.859066
vt 2.054512 0.862462
vt 2.087807 0.859211
vt 2.086284 0.860972
vt 1.853207 0.443262
vt 1.847500 0.445115
vt -0.179012 1.136504
vt -0.174952 1.137546
vt -0.448879 0.771004
vt -0.444137 0.772341
vt -0.550581 0.772351
vt -0.545826 0.771004
vt -4.425793 1.099400
vt -4.409960 1.102045
vt -4.409081 1.101091
vt -2.485511 0.559896
vt -2.481418 0.566781
vt -2.476020 0.559002
vt 0.656782 1.286650
vt 0.683389 1.285842
vt 0.680393 1.289683
vt -4.885371 1.295734
vt -4.889307 1.304845
vt -4.874357 1.297627
vt -5.271288 1.119965
vt -5.256430 1.123214
vt -5.254843 1.121952
vt -2.223209 1.277390
vt -2.243238 1.282934
vt -2.215157 1.279006
vt 2.872349 1.286083
vt 2.871119 1.287659
vt 2.887210 1.286443
vt 3.393410 0.759589
vt 3.388541 0.750068
vt 3.422898 0.757340
vt -5.075017 0.930792
vt -5.058390 0.933310
vt -5.057649 0.932154
vt 0.243727 0.649584
vt 0.261518 0.655746
vt 0.253557 0.648965
vt 3.859088 1.336442
vt 3.860177 1.338536
vt 3.873733 1.335505
vt 3.191297 0.940320
vt 3.226622 0.933426
vt 3.220521 0.942825
vt -4.599127 0.754539
vt -4.596483 0.751509
vt -4.592328 0.753194
vt -3.566450 1.084109
vt -3.572813 1.092197
vt -3.558625 1.085797
vt 1.747785 1.349370
vt 1.755429 1.342741
vt 1.767963 1.345228
vt -2.206707 0.841224
vt -2.196662 0.847200
vt -2.195381 0.839525
vt -4.792973 1.295872
vt -4.775923 1.293579
vt -4.779345 1.292834
vt 5.079710 1.289333
vt 5.092826 1.283242
vt 5.102965 1.286430
vt -0.195966 1.252929
vt -0.572486 1.262497
vt -0.338972 1.252929
vt -0.435116 1.262229
vt -0.575354 1.261114
vt -0.575354 0.445295
vt -0.282716 0.827761
vt -0.313331 0.827761
vt -5.394089 1.378860
vt -4.904278 1.292892
vt -0.250768 0.827761
vt -0.280195 0.827761
vt -0.217846 0.827761
vt -0.248987 0.827761
vt -0.186818 0.827760
vt -0.155259 0.827760
vt -0.184845 0.827760
vt -0.122378 0.827759
vt -0.153065 0.827759
vt -0.090617 0.827758
vt -0.121580 0.827759
vt -0.442477 0.827761
vt -0.472674 0.827760
vt -0.410118 0.827761
vt -0.440611 0.827761
vt -0.378593 0.827761
vt -0.409087 0.827761
vt -0.346544 0.827761
vt -0.376727 0.827761
vt -0.314082 0.827761
vt -0.345094 0.827761
vt -4.594850 0.747433
vt -4.175544 0.861769
vt 2.157515 1.261565
vt 2.226669 1.262097
vt 2.325726 1.261716
vt 2.395043 1.250655
vt 2.092314 1.250981
vt 2.260371 1.262185
vt 2.422944 0.422731
vt 2.257560 1.260742
vt 2.257560 0.426576
vt 2.031732 0.869359
vt 2.060823 0.860891
vt 1.891235 0.868727
vt 1.867021 0.863004
vt -0.078608 1.037682
vt -0.078608 1.056136
vt 1.944575 0.871845
vt 1.863326 0.860754
vt 1.878286 0.077232
vt -0.272145 1.300996
vt -0.451105 1.298902
vt -0.328545 1.298903
vt -0.400478 1.298902
vt -0.453973 1.297777
vt -0.453966 0.654048
vt -0.446577 1.002510
vt -0.420853 1.009469
vt -0.527976 0.998230
vt -0.487435 0.998230
vt -0.493072 1.043025
vt -0.533638 1.043021
vt -0.574390 1.038727
vt -0.575907 1.020694
vt -0.420770 1.009491
vt -0.492965 1.043025
vt 1.514982 0.441040
vt 1.489952 0.440653
vt 1.276442 0.439317
vt 1.209428 0.445346
vt 1.331159 0.439631
vt 1.305265 0.439564
vt 1.769926 0.441149
vt 1.573949 0.445368
vt 1.535549 0.445366
vt 1.673343 0.433451
vt 1.636843 0.433443
vt 1.715057 0.433460
vt 1.676841 0.433452
vt 1.853207 -0.433276
vt 1.721787 0.434104
vt 1.577446 0.444924
vt 0.562815 1.471336
vt 0.488226 1.471336
vt 0.565921 0.630740
vt 0.565921 1.469869
vt 0.429087 1.471340
vt 0.403139 1.471440
vt 0.354104 1.471449
vt 0.301637 1.471448
vt 0.398917 1.471449
vt 0.356627 1.471449
vt 0.483390 1.471336
vt 0.430653 1.471336
vt 0.582000 0.871945
vt 0.555719 0.872031
vt 0.554223 0.872034
vt 0.495921 0.872041
vt 0.494725 0.872043
vt 0.468168 0.872105
vt 0.465204 0.872108
vt 0.408250 0.872116
vt 0.405607 0.872118
vt 0.378965 0.872166
vt 0.377561 0.872167
vt 0.319205 0.872134
vt 0.317628 0.872136
vt 0.291223 0.872202
vt 0.641367 0.871933
vt 0.584897 0.871940
vt -0.195966 1.252929
vt -0.572487 1.262497
vt -0.338972 1.252929
vt -0.435116 1.262229
vt -0.575354 1.261061
vt -0.575354 0.445295
vt -0.282716 0.827761
vt -0.313331 0.827761
vt -0.250768 0.827761
vt -0.280195 0.827761
vt -0.217846 0.827761
vt -0.248986 0.827761
vt -0.186817 0.827760
vt -0.155260 0.827760
vt -0.184845 0.827760
vt -0.122378 0.827759
vt -0.153066 0.827759
vt -0.090616 0.827758
vt -0.121580 0.827759
vt -0.442477 0.827761
vt -0.472673 0.827760
vt -0.410118 0.827761
vt -0.440611 0.827761
vt -0.378593 0.827761
vt -0.409087 0.827761
vt -0.346544 0.827761
vt -0.376727 0.827761
vt -0.314082 0.827761
vt -0.345094 0.827761
vt 2.157515 1.261565
vt 2.226669 1.262097
vt 2.325726 1.261716
vt 2.395043 1.250655
vt 2.092314 1.250981
vt 2.260371 1.262185
vt 2.422944 0.422731
vt 2.257560 1.260692
vt 2.257560 0.426576
vt 2.549421 0.442561
vt 2.578513 0.434093
vt 2.408925 0.441929
vt 2.384711 0.436206
vt -0.078608 1.064795
vt -0.078607 1.083248
vt 2.462265 0.445046
vt 2.381015 0.433955
vt 2.395977 -0.349566
vt -0.272145 1.300996
vt -0.451105 1.298902
vt -0.328545 1.298903
vt -0.400478 1.298902
vt -0.453973 1.297819
vt -0.453966 0.654048
vt -0.206845 0.951194
vt -0.170830 0.955136
vt -0.287031 0.955136
vt -0.251016 0.951194
vt -0.170830 0.993134
vt -0.206845 0.997076
vt -0.251015 0.997076
vt -0.286985 0.980548
vt 0.997431 0.867840
vt 0.972280 0.867451
vt 0.758591 0.866130
vt 0.691723 0.872146
vt 0.813488 0.866429
vt 0.787592 0.866362
vt 1.252236 0.867947
vt 1.056048 0.872166
vt 1.017819 0.872165
vt 1.153807 0.860249
vt 1.119153 0.860241
vt 1.197077 0.860258
vt 1.159225 0.860250
vt 1.335516 -0.006459
vt 1.207726 0.861433
vt 1.062067 0.871275
vt 0.562815 1.471336
vt 0.488226 1.471336
vt 0.565921 0.630740
vt 0.565921 1.469869
vt 0.429087 1.471340
vt 0.403139 1.471440
vt 0.354104 1.471449
vt 0.301637 1.471448
vt 0.398916 1.471449
vt 0.356627 1.471449
vt 0.483390 1.471336
vt 0.430653 1.471336
vt 0.582000 0.871945
vt 0.555719 0.872031
vt 0.554223 0.872034
vt 0.495921 0.872041
vt -4.061897 0.904632
vt -3.722079 1.053106
vt 0.494725 0.872043
vt 0.468168 0.872105
vt 0.465204 0.872108
vt 0.408250 0.872116
vt 0.405607 0.872118
vt 0.378965 0.872166
vt 0.377561 0.872167
vt 0.319204 0.872134
vt 0.317628 0.872136
vt 0.291223 0.872202
vt 0.641367 0.871933
vt 0.584897 0.871940
vt 2.288210 1.448462
vt 0.321724 0.826130
vt -0.054796 0.835698
vt 0.178718 0.826130
vt 0.082574 0.835431
vt -0.057664 0.834262
vt -0.057663 0.018496
vt -0.282716 0.827761
vt -0.313331 0.827761
vt -0.250768 0.827761
vt -0.280195 0.827761
vt -0.217846 0.827761
vt -0.248986 0.827761
vt -0.186817 0.827760
vt -0.155260 0.827760
vt -0.184845 0.827760
vt -0.122378 0.827759
vt -0.153066 0.827760
vt -0.090616 0.827758
vt -0.121580 0.827759
vt -0.442477 0.827761
vt -0.472673 0.827760
vt -0.410118 0.827761
vt -0.440611 0.827761
vt -0.378593 0.827761
vt -0.409087 0.827761
vt -0.346544 0.827761
vt -0.376727 0.827761
vt -0.314082 0.827761
vt -0.345094 0.827761
vt 2.157515 1.261565
vt 2.226669 1.262097
vt 2.325726 1.261716
vt 2.395043 1.250655
vt 2.092314 1.250981
vt 2.260371 1.262185
vt 2.422944 0.422731
vt 2.257560 1.260796
vt 2.257560 0.426576
vt 2.031732 0.869359
vt 2.060823 0.860891
vt 1.891235 0.868727
vt 1.867021 0.863004
vt -0.078608 1.119019
vt -0.078608 1.137472
vt 1.944575 0.871845
vt 1.863326 0.860754
vt 1.878286 0.077232
vt -0.272145 1.300996
vt -0.451105 1.298902
vt -0.328545 1.298903
vt -0.400478 1.298902
vt -0.453973 1.297777
vt -0.453966 0.654048
vt -0.206844 0.857839
vt -0.170829 0.861781
vt -0.287030 0.861781
vt -0.251014 0.857839
vt -0.170831 0.899779
vt -0.206846 0.903721
vt -0.251016 0.903721
vt -0.286985 0.887193
vt 0.997431 0.867840
vt 0.972280 0.867451
vt 0.758591 0.866130
vt 0.691723 0.872146
vt 0.813488 0.866429
vt 0.787592 0.866362
vt 1.252236 0.867947
vt 1.056258 0.872166
vt 1.017858 0.872165
vt 1.155653 0.860249
vt 1.119153 0.860241
vt 1.197367 0.860258
vt 1.159151 0.860250
vt 1.335516 -0.006478
vt 1.204097 0.860902
vt 1.059755 0.871722
vt 0.562561 1.471336
vt 0.487990 1.471336
vt 0.565921 0.630792
vt 0.565921 1.469922
vt 0.428978 1.471340
vt 0.403316 1.471439
vt 0.354178 1.471449
vt 0.301765 1.471448
vt 0.398907 1.471449
vt 0.356472 1.471449
vt 0.483508 1.471336
vt 0.430688 1.471336
vt 0.582000 0.871945
vt 0.555719 0.872031
vt 0.554223 0.872034
vt 0.495921 0.872041
vt 0.494725 0.872043
vt 0.468168 0.872105
vt 0.465204 0.872108
vt 0.408250 0.872116
vt 0.405607 0.872118
vt 0.378965 0.872166
vt 0.377561 0.872167
vt 0.319204 0.872134
vt 0.317628 0.872136
vt 0.291223 0.872202
vt 0.641367 0.871933
vt 0.584897 0.871940
vt -0.195966 1.252929
vt -0.572487 1.262497
vt -0.338972 1.252929
vt -0.435116 1.262229
vt -0.575354 1.261061
vt -0.575354 0.445295
vt -0.800407 1.254559
vt -0.831021 1.254560
vt -0.768458 1.254559
vt -0.797885 1.254559
vt -0.735536 1.254559
vt -0.766677 1.254559
vt -0.704508 1.254558
vt -0.672950 1.254558
vt -0.702535 1.254558
vt 4.017635 0.841139
vt 4.512021 0.963605
vt -0.640068 1.254557
vt -0.670756 1.254558
vt -0.608307 1.254556
vt -0.639270 1.254557
vt -0.960168 1.254559
vt -0.990363 1.254559
vt -0.927808 1.254559
vt -0.958302 1.254559
vt -0.896283 1.254560
vt -0.926777 1.254559
vt -0.864235 1.254560
vt -0.894417 1.254560
vt -0.831773 1.254560
vt -0.862784 1.254560
vt 2.157515 1.261565
vt 2.226669 1.262097
vt 2.325726 1.261716
vt 2.395043 1.250655
vt 2.092314 1.250981
vt 2.260371 1.262185
vt 2.422944 0.422731
vt 2.257560 1.260742
vt 2.257560 0.426576
vt 2.031732 0.869359
vt 2.060823 0.860891
vt 1.891235 0.868727
vt 1.867021 0.863004
vt -0.078608 1.091906
vt -0.078608 1.110361
vt 1.944575 0.871845
vt 1.863325 0.860804
vt 1.878286 0.077232
vt 0.245545 0.874198
vt 0.066585 0.872104
vt 0.189145 0.872104
vt 0.117212 0.872104
vt 0.063717 0.870979
vt 0.063724 0.227250
vt 2.039867 0.896392
vt 2.525474 1.021068
vt -0.323640 0.857453
vt -0.287625 0.861395
vt -0.403825 0.861395
vt -0.367810 0.857453
vt -0.287625 0.899393
vt -0.323640 0.903336
vt -0.367810 0.903336
vt -0.403780 0.886807
vt 0.997431 0.867840
vt 0.972280 0.867451
vt 0.758591 0.866130
vt 0.691723 0.872146
vt 0.813488 0.866429
vt 0.787592 0.866362
vt 1.252236 0.867947
vt 1.056258 0.872166
vt 1.017858 0.872165
vt 1.155653 0.860249
vt 1.119153 0.860241
vt 1.197367 0.860258
vt 1.159151 0.860250
vt 1.335516 -0.006478
vt 1.204097 0.860902
vt 1.059755 0.871722
vt 1.080505 1.044538
vt 1.005917 1.044538
vt 1.083611 0.203942
vt 1.083611 1.043070
vt 0.946777 1.044542
vt 0.920829 1.044642
vt 0.871794 1.044651
vt 0.819327 1.044650
vt 0.916607 1.044651
vt 0.874318 1.044651
vt 1.001080 1.044538
vt 0.948344 1.044538
vt 1.099690 0.445147
vt 1.073410 0.445232
vt 1.071913 0.445235
vt 1.013611 0.445243
vt 1.012415 0.445244
vt 0.985858 0.445306
vt 0.982894 0.445310
vt 0.925941 0.445317
vt 0.923297 0.445320
vt 0.896656 0.445367
vt 0.895251 0.445368
vt 0.836895 0.445336
vt 0.835318 0.445338
vt 0.808913 0.445404
vt 1.159057 0.445134
vt 1.102587 0.445141
vt 5.518177 1.416957
vt -0.195966 1.252929
vt -0.572486 1.262497
vt -0.338972 1.252929
vt -0.435116 1.262229
vt -0.575354 1.261061
vt -0.575354 0.445295
vt -0.800407 1.254559
vt -0.831021 1.254560
vt -0.768454 1.254559
vt -0.797887 1.254559
vt -0.735536 1.254559
vt -0.766680 1.254559
vt -0.704508 1.254558
vt -0.672950 1.254558
vt -0.702534 1.254558
vt -0.640068 1.254557
vt -0.670756 1.254558
vt -0.608307 1.254556
vt -0.639270 1.254557
vt -0.960166 1.254559
vt -0.990363 1.254559
vt -0.927806 1.254559
vt -0.958305 1.254559
vt -0.896282 1.254560
vt -0.926778 1.254559
vt -0.864235 1.254560
vt -0.894419 1.254560
vt -0.831773 1.254560
vt -0.862783 1.254560
vt 2.157515 1.261565
vt 2.226669 1.262097
vt 2.325726 1.261716
vt 2.395018 1.250654
vt 2.092378 1.250991
vt 2.260374 1.262185
vt 2.422944 0.422731
vt 2.257560 1.260634
vt 2.257560 0.426576
vt 2.031732 0.869359
vt 2.060849 0.860891
vt 1.891184 0.868715
vt 1.866850 0.862964
vt -0.083611 1.217739
vt -0.082956 1.236178
vt 1.944557 0.871844
vt 1.863327 0.860686
vt 1.878286 0.077232
vt -0.206805 0.904320
vt -0.170795 0.908265
vt -0.286996 0.908255
vt -0.250975 0.904316
vt -0.170847 0.946263
vt -0.206868 0.950202
vt -0.251038 0.950198
vt -0.286985 0.933666
vt 0.997431 0.867840
vt 0.972280 0.867451
vt 0.758591 0.866130
vt 0.691723 0.872146
vt 0.813488 0.866429
vt 0.787593 0.866362
vt 1.769926 0.441149
vt 1.573949 0.445368
vt 1.535549 0.445366
vt 1.673343 0.433451
vt 1.636843 0.433443
vt 1.715057 0.433460
vt 1.676841 0.433452
vt 1.853207 -0.433276
vt 1.721787 0.434104
vt 1.577445 0.444924
vt 0.562815 1.471336
vt 0.488226 1.471336
vt 0.565921 0.630740
vt 0.565921 1.469869
vt 0.429087 1.471340
vt 0.403139 1.471440
vt 0.354104 1.471449
vt 0.301637 1.471448
vt 0.398916 1.471449
vt 0.356627 1.471449
vt 0.483390 1.471336
vt 0.430653 1.471336
vt 2.600417 0.704205
vt 3.080953 0.830126
vt 0.582000 0.871945
vt 0.555719 0.872031
vt 0.554223 0.872034
vt 0.495921 0.872041
vt 0.494725 0.872043
vt 0.468168 0.872105
vt 0.465204 0.872108
vt 0.408250 0.872116
vt 0.405607 0.872118
vt 0.378965 0.872166
vt 0.377561 0.872167
vt 0.319204 0.872134
vt 0.317628 0.872136
vt 0.291222 0.872202
vt 0.641367 0.871933
vt 0.584897 0.871940
vt -3.096998 1.215335
vt -2.632734 1.346754
vt 0.281797 0.649303
vt 0.739750 0.760707
vt 1.356561 0.720679
vt 1.837924 0.846399
vt -4.285488 1.541931
vt -3.939957 1.403404
vt 3.885793 1.331663
vt 4.456486 1.423549
vt 2.903346 1.283802
vt 3.327802 1.416847
vt 2.943163 1.068991
vt -1.689896 1.023080
vt -1.320190 0.887168
vt -2.157779 1.279564
vt -1.690984 1.388362
vt -0.654241 1.020239
vt -0.236052 0.893604
vt -4.781030 1.287174
vt -4.213945 1.348648
vt -3.493414 1.024562
vt -3.092480 0.894611
vt 0.714340 1.283847
vt 1.138893 1.416922
vt 3.147172 0.892188
vt 3.353452 0.750860
vt -5.012074 0.925571
vt -4.601049 1.041807
vt -5.205844 1.117114
vt -4.866759 1.247258
vt -2.447822 0.558436
vt -1.937891 0.654660
vt -2.476775 0.983204
vt -2.261007 0.842918
vt -3.501408 1.086907
vt -3.051961 1.200042
vt -4.361482 1.095357
vt -3.977975 1.219779
vt -0.376981 0.545225
vt -0.340143 0.553784
vt -0.161419 0.555604
vt -0.244699 1.428612
vt -0.293215 1.421512
vt -1.224151 1.607153
vt -1.180539 1.616339
vt -0.440079 1.432831
vt -0.478276 1.432829
vt -0.243988 1.428649
vt -3.878614 2.100495
vt -3.913412 2.100002
vt -3.844649 1.948373
vt -3.844649 2.085107
vt -0.897098 1.590379
vt -1.035545 1.602834
vt -0.337596 1.420915
vt -3.940951 2.084876
vt -3.936215 1.947584
vt -0.340882 1.420914
vt -3.536201 1.949359
vt -3.536201 2.085683
vt -0.244354 0.551752
vt -0.164987 0.554082
vt -3.907347 1.933639
vt -3.869441 1.930643
vt -0.440665 0.554147
vt -0.437697 0.553899
vt -0.377635 0.545105
vt -0.792422 1.591277
vt -0.834001 1.591170
vt -0.244525 0.551747
vt -0.931015 1.191405
vt -0.931015 2.032001
vt -3.598992 2.100495
vt -3.629910 2.041108
vt -3.844649 2.085189
vt -3.564188 1.934511
vt -3.536201 1.948898
vt -3.627771 1.948262
vt -3.598996 1.934268
vt 0.428746 0.640647
vt 0.453484 0.639573
vt -1.076843 1.645794
vt 0.565382 0.638697
vt 0.588269 0.638770
vt 0.515427 0.641071
vt 0.562775 1.421552
vt 0.534796 1.430024
vt 0.445926 1.432410
vt 0.394300 1.429392
vt 0.366364 1.422789
vt -1.078864 1.629658
vt -1.078864 1.661755
vt 0.460559 0.639398
vt 0.483626 0.639561
vt 0.174145 0.639692
vt 0.174145 0.331407
vt 1.201210 -0.144253
vt 1.146088 -0.144260
vt 1.260286 -0.144247
vt 1.205192 -0.144252
vt 1.319421 -0.144241
vt 1.264268 -0.144246
vt 1.378644 -0.144235
vt 1.323393 -0.144240
vt 1.437922 -0.144229
vt 1.382606 -0.144235
vt 1.497120 -0.144224
vt 1.441884 -0.144229
vt 1.556229 -0.144219
vt 1.501093 -0.144223
vt 0.905306 -0.144284
vt 0.850212 -0.144287
vt 0.964432 -0.144280
vt 0.909288 -0.144284
vt 1.023656 -0.144275
vt 0.968404 -0.144279
vt 1.082918 -0.144267
vt 1.027617 -0.144274
vt 1.142117 -0.144260
vt 1.086880 -0.144267
vt -0.377783 1.420906
vt -0.433111 1.431600
vt -0.376476 0.545342
vt -0.341399 0.553492
vt -0.161419 0.557304
vt -0.244699 1.428612
vt -0.289868 1.422002
vt -1.222493 1.607502
vt -1.180539 1.616339
vt -0.441238 1.432831
vt -0.475903 1.432830
vt -0.243786 1.428659
vt -2.227410 1.681701
vt -2.244809 1.681454
vt -2.210427 1.605640
vt -2.210427 1.673923
vt -0.736651 1.426643
vt -0.805875 1.432870
vt -0.336494 1.420915
vt -2.258578 1.673891
vt -2.256217 1.605435
vt -0.342395 1.420914
vt -0.377389 1.420906
vt -2.056202 1.606263
vt -2.056203 1.674294
vt -0.244232 0.551755
vt -0.167824 0.553999
vt -0.441697 0.554147
vt -0.436367 0.553704
vt -0.377762 0.545123
vt -0.685355 1.427089
vt -0.701434 1.427048
vt -0.244525 0.551747
vt -0.931015 1.191405
vt -0.931015 2.032001
vt -2.087598 1.681700
vt -2.102928 1.652255
vt -2.245130 1.681278
vt -2.211385 1.674479
vt -2.070196 1.598708
vt -2.056202 1.605902
vt -2.256210 1.605245
vt -2.241776 1.598273
vt -2.101988 1.605584
vt -2.087600 1.598587
vt 0.428746 0.640647
vt 0.453484 0.639573
vt -1.076843 1.645794
vt 0.565382 0.638697
vt 0.588269 0.638770
vt 0.515427 0.641071
vt 0.562775 1.421552
vt 0.534796 1.430024
vt 0.445925 1.432410
vt 0.394300 1.429392
vt 0.366364 1.422789
vt -1.078864 1.629658
vt -1.078864 1.661755
vt 0.460559 0.639398
vt 0.483626 0.639561
vt -0.325853 0.951012
vt -0.325854 0.642726
vt -0.377783 1.420906
vt -0.433111 1.431600
vt -0.376476 0.545343
vt -0.341399 0.553492
vt -0.161419 0.557304
vt -0.244699 1.428612
vt -0.289868 1.422002
vt -1.222493 1.607502
vt -1.180539 1.616339
vt -0.441238 1.432831
vt -0.475903 1.432830
vt -0.243786 1.428659
vt -2.227410 1.681701
vt -2.244809 1.681454
vt -2.210427 1.605640
vt -2.210427 1.673923
vt -0.736651 1.426643
vt -0.805875 1.432870
vt -0.336494 1.420915
vt -2.258578 1.673891
vt -2.256217 1.605434
vt -0.342395 1.420914
vt -0.377389 1.420906
vt -2.056202 1.606263
vt -2.056203 1.674294
vt -0.244232 0.551755
vt -0.167824 0.553999
vt -0.441696 0.554147
vt -0.436367 0.553704
vt -0.377763 0.545123
vt -0.685355 1.427089
vt -0.701434 1.427048
vt -0.244525 0.551747
vt -0.931015 1.191405
vt -0.931015 2.032001
vt -2.087598 1.681700
vt -2.102928 1.652255
vt -2.245130 1.681278
vt -2.211385 1.674479
vt -2.070196 1.598708
vt -2.056202 1.605902
vt -2.256210 1.605245
vt -2.241776 1.598273
vt -2.101988 1.605584
vt -2.087600 1.598587
vt 0.428746 0.640647
vt 0.453484 0.639573
vt -1.076843 1.645794
vt 0.565382 0.638697
vt 0.588269 0.638770
vt 0.515427 0.641071
vt 0.562775 1.421552
vt 0.534796 1.430024
vt 0.445925 1.432410
vt 0.394300 1.429392
vt 0.366364 1.422789
vt -1.078864 1.629658
vt -1.078864 1.661755
vt 0.460559 0.639398
vt 0.483626 0.639561
vt -0.575853 0.639693
vt -0.575853 0.331408
vt -0.377783 1.420906
vt -0.433111 1.431600
vt -0.376476 0.545342
vt -0.341400 0.553492
vt -0.161419 0.557304
vt -0.244699 1.428612
vt -0.289868 1.422002
vt -1.222493 1.607502
vt -1.180539 1.616339
vt -0.441238 1.432831
vt -0.475903 1.432830
vt -0.243786 1.428659
vt -2.227410 1.681701
vt -2.244809 1.681454
vt -2.210427 1.605640
vt -2.210427 1.673923
vt -0.736651 1.426643
vt -0.805875 1.432870
vt -0.336494 1.420915
vt -2.258578 1.673891
vt -2.256217 1.605434
vt -0.342395 1.420914
vt -0.377389 1.420906
vt -2.056202 1.606263
vt -2.056203 1.674294
vt -0.244232 0.551755
vt -0.167824 0.553999
vt -0.441696 0.554147
vt -0.436367 0.553704
vt -0.377763 0.545123
vt -0.685355 1.427089
vt -0.701434 1.427048
vt -0.244525 0.551747
vt -0.931015 1.191405
vt -0.931015 2.032001
vt -2.087598 1.681700
vt -2.102928 1.652256
vt -2.245130 1.681278
vt -2.211385 1.674479
vt -2.070196 1.598708
vt -2.056202 1.605902
vt -2.256210 1.605245
vt -2.241776 1.598273
vt -2.101988 1.605584
vt -2.087600 1.598587
vt 0.428746 0.640647
vt 0.453484 0.639573
vt -1.076843 1.645794
vt 0.565382 0.638697
vt 0.588269 0.638770
vt 0.515427 0.641071
vt 0.562775 1.421552
vt 0.534796 1.430024
vt 0.445925 1.432410
vt 0.394300 1.429392
vt 0.366364 1.422789
vt -1.078864 1.629658
vt -1.078864 1.661755
vt 0.460559 0.639398
vt 0.483626 0.639561
vt -0.575856 1.262330
vt -0.575855 0.954046
vt -1.775193 -0.020128
vt -1.660145 -0.020067
vt -1.836188 -0.019986
vt -1.778785 -0.020130
vt -1.248254 -0.020518
vt -1.147469 -0.020531
vt -1.658453 -0.020069
vt -1.606871 -0.020158
vt -1.308524 -0.020331
vt -1.257562 -0.020497
vt -0.377783 1.420906
vt -0.433111 1.431600
vt -0.376476 0.545342
vt -0.341399 0.553492
vt -0.161419 0.557305
vt -0.244699 1.428612
vt -0.289868 1.422002
vt -1.222493 1.607502
vt -1.180539 1.616339
vt -0.441238 1.432831
vt -0.475903 1.432830
vt -0.243787 1.428659
vt -2.227410 1.681701
vt -2.244809 1.681454
vt -2.210427 1.605640
vt -2.210427 1.674008
vt -0.736651 1.426643
vt -0.805875 1.432870
vt -0.336494 1.420915
vt -2.258578 1.673891
vt -2.256210 1.605245
vt -0.342395 1.420914
vt -0.377389 1.420906
vt -1.598529 -0.020167
vt -1.491781 -0.020180
vt -2.056202 1.606130
vt -0.244232 0.551755
vt -0.167824 0.553999
vt -2.241776 1.598273
vt -2.222823 1.596775
vt -0.441697 0.554147
vt -0.436366 0.553704
vt -0.377763 0.545124
vt -1.481540 -0.020188
vt -1.427362 -0.020314
vt -0.684300 1.427092
vt -0.705150 1.427038
vt -0.244525 0.551747
vt -1.424065 -0.020315
vt -1.310060 -0.020331
vt -0.931015 1.191405
vt -0.931015 2.032001
vt -2.087598 1.681700
vt -2.103060 1.652002
vt -2.070196 1.598708
vt -2.056202 1.605902
vt -2.101988 1.605584
vt -2.087600 1.598587
vt 0.428746 0.640647
vt 0.453483 0.639573
vt -1.076843 1.645794
vt 0.565382 0.638697
vt 0.588269 0.638770
vt 0.515427 0.641071
vt 0.562775 1.421552
vt 0.534796 1.430024
vt 0.445925 1.432410
vt 0.394300 1.429392
vt 0.366364 1.422789
vt -1.078864 1.629658
vt -1.078864 1.661755
vt 0.460559 0.639398
vt 0.483626 0.639561
vt -0.575856 0.951012
vt -0.575854 0.642727
vt 1.146010 0.546929
vt 1.201253 0.546932
vt 1.205219 0.546932
vt 1.260414 0.546933
vt 1.264387 0.546933
vt 1.319525 0.546934
vt 1.323503 0.546934
vt 1.378614 0.546934
vt 1.382592 0.546934
vt 1.437738 0.546935
vt 1.441710 0.546935
vt 1.496935 0.546935
vt 1.500901 0.546935
vt 1.556140 0.546935
vt 0.850336 0.546919
vt 0.905546 0.546920
vt 0.909519 0.546920
vt 0.964642 0.546921
vt 0.968620 0.546921
vt 1.023731 0.546922
vt 1.027709 0.546923
vt 1.082862 0.546924
vt 1.086833 0.546925
vt 1.142045 0.546929
vt 1.201566 -0.144253
vt 1.145733 -0.144260
vt 1.260642 -0.144247
vt 1.204836 -0.144252
vt 1.319776 -0.144241
vt 1.263913 -0.144246
vt 1.378998 -0.144235
vt 1.323037 -0.144240
vt 1.438276 -0.144229
vt 1.382252 -0.144235
vt 1.497476 -0.144224
vt 1.441530 -0.144229
vt 1.556585 -0.144219
vt 1.500737 -0.144224
vt 0.905661 -0.144284
vt 0.849856 -0.144287
vt 0.964787 -0.144280
vt 0.908932 -0.144284
vt 1.024010 -0.144275
vt 0.968049 -0.144280
vt 1.083273 -0.144267
vt 1.027263 -0.144274
vt 1.142472 -0.144260
vt 1.086526 -0.144267
vt 1.145656 0.546929
vt 1.201608 0.546932
vt 1.204865 0.546932
vt 1.260770 0.546933
vt 1.264032 0.546933
vt 1.319880 0.546934
vt 1.323148 0.546934
vt 1.378970 0.546934
vt 1.382237 0.546934
vt 1.438093 0.546935
vt 1.441355 0.546935
vt 1.497290 0.546935
vt 1.500546 0.546935
vt 1.556494 0.546935
vt 0.849982 0.546919
vt 0.905901 0.546920
vt 0.909164 0.546920
vt 0.964997 0.546921
vt 0.968264 0.546921
vt 1.024087 0.546922
vt 1.027354 0.546923
vt 1.083217 0.546925
vt 1.086478 0.546925
vt 1.142399 0.546929
vt -2.227410 1.681701
vt -2.244809 1.681454
vt -2.210427 1.605640
vt -2.210427 1.673923
vt -0.736651 1.426643
vt -0.805875 1.432870
vt -2.258578 1.673891
vt -2.256217 1.605434
vt -2.056202 1.606263
vt -2.056203 1.674294
vt -0.685355 1.427089
vt -0.701434 1.427048
vt -2.087598 1.681700
vt -2.102928 1.652255
vt -2.245130 1.681278
vt -2.211385 1.674479
vt -2.070196 1.598708
vt -2.056202 1.605902
vt -2.256210 1.605245
vt -2.241776 1.598273
vt -2.101988 1.605584
vt -2.087600 1.598587
vt 3.322423 0.261811
vt 3.322423 -0.554769
vt 3.322423 0.261811
vt 3.322423 -0.554769
vt -0.194856 1.253036
vt -0.571350 1.262497
vt -0.340082 1.253036
vt -0.434007 1.262121
vt -0.575354 1.260559
vt -0.575354 0.445295
vt -0.283099 0.827761
vt -0.313172 0.827761
vt -5.393911 1.378829
vt -4.929008 1.297233
vt -0.251147 0.827761
vt -0.279569 0.827761
vt -0.217846 0.827761
vt -0.248666 0.827761
vt -0.187183 0.827760
vt -0.155794 0.827760
vt -0.184435 0.827760
vt -0.122544 0.827759
vt -0.152719 0.827759
vt -0.090861 0.827758
vt -0.121423 0.827759
vt -0.442840 0.827761
vt -0.472333 0.827760
vt -0.410320 0.827761
vt -0.440238 0.827761
vt -0.378967 0.827761
vt -0.408885 0.827761
vt -0.346890 0.827761
vt -0.376364 0.827761
vt -0.314228 0.827761
vt -0.344856 0.827761
vt -4.580540 0.751335
vt -4.175781 0.861704
vt 2.157515 1.261565
vt 2.227132 1.262099
vt 2.325726 1.261716
vt 2.395504 1.250656
vt 2.093426 1.251161
vt 2.261485 1.262177
vt 2.422944 0.422731
vt 2.257560 1.260155
vt 2.257560 0.426576
vt 2.031732 0.869359
vt 2.061269 0.860892
vt 1.891235 0.868727
vt 1.868495 0.863353
vt -0.078608 1.038058
vt -0.078608 1.056129
vt 1.943493 0.871782
vt 1.863336 0.860204
vt 1.878286 0.077232
vt -0.270982 1.300964
vt -0.449969 1.298902
vt -0.329708 1.298903
vt -0.399315 1.298902
vt -0.453973 1.297326
vt -0.453966 0.654048
vt -0.446577 1.002510
vt -0.420886 1.009460
vt -0.527976 0.998230
vt -0.487477 0.998230
vt -0.493114 1.043025
vt -0.533638 1.043021
vt -0.574391 1.038722
vt -0.575907 1.020697
vt -0.420770 1.009491
vt -0.492965 1.043025
vt 1.514381 0.441030
vt 1.490137 0.440656
vt 1.275836 0.439372
vt 1.209693 0.445322
vt 1.330960 0.439630
vt 1.305449 0.439564
vt 1.769926 0.441149
vt 1.573469 0.445368
vt 1.536409 0.445366
vt 1.672435 0.433451
vt 1.636843 0.433443
vt 1.714123 0.433460
vt 1.677320 0.433452
vt 1.853207 -0.433276
vt 1.723529 0.434359
vt 1.578354 0.444748
vt 0.561583 1.471336
vt 0.489458 1.471336
vt 0.565921 0.630740
vt 0.565921 1.469281
vt 0.428663 1.471342
vt 0.404053 1.471437
vt 0.353728 1.471449
vt 0.302331 1.471448
vt 0.398167 1.471449
vt 0.357260 1.471449
vt 0.482695 1.471336
vt 0.430859 1.471336
vt 0.581391 0.871947
vt 0.556073 0.872029
vt 0.553988 0.872034
vt 0.496123 0.872041
vt 0.494457 0.872043
vt 0.468753 0.872103
vt 0.464599 0.872108
vt 0.408801 0.872116
vt 0.405097 0.872119
vt 0.379274 0.872165
vt 0.377318 0.872167
vt 0.319456 0.872135
vt 0.317258 0.872137
vt 0.291767 0.872201
vt 0.640861 0.871933
vt 0.585451 0.871940
vt -0.194856 1.253036
vt -0.571350 1.262497
vt -0.340082 1.253036
vt -0.434007 1.262121
vt -0.575354 1.260485
vt -0.575354 0.445295
vt -0.283099 0.827761
vt -0.313171 0.827761
vt -0.251147 0.827761
vt -0.279569 0.827761
vt -0.217846 0.827761
vt -0.248665 0.827761
vt -0.187183 0.827760
vt -0.155793 0.827760
vt -0.184435 0.827760
vt -0.122544 0.827759
vt -0.152719 0.827759
vt -0.090862 0.827758
vt -0.121423 0.827759
vt -0.442840 0.827761
vt -0.472334 0.827760
vt -0.410319 0.827761
vt -0.440237 0.827761
vt -0.378968 0.827761
vt -0.408885 0.827761
vt -0.346890 0.827761
vt -0.376364 0.827761
vt -0.314227 0.827761
vt -0.344856 0.827761
vt 2.157515 1.261565
vt 2.227132 1.262099
vt 2.325726 1.261716
vt 2.395504 1.250656
vt 2.093426 1.251161
vt 2.261485 1.262177
vt 2.422944 0.422731
vt 2.257560 1.260086
vt 2.257560 0.426576
vt 2.549421 0.442561
vt 2.578959 0.434094
vt 2.408925 0.441929
vt 2.386185 0.436554
vt -0.078608 1.065170
vt -0.078607 1.083241
vt 2.461183 0.444983
vt 2.381026 0.433406
vt 2.395977 -0.349566
vt -0.270982 1.300964
vt -0.449969 1.298902
vt -0.329708 1.298903
vt -0.399315 1.298902
vt -0.453973 1.297385
vt -0.453966 0.654048
vt -0.206845 0.951194
vt -0.170830 0.955136
vt -0.287031 0.955136
vt -0.251016 0.951194
vt -0.170830 0.993134
vt -0.206845 0.997076
vt -0.251015 0.997076
vt -0.286967 0.980556
vt 0.996886 0.867832
vt 0.972472 0.867454
vt 0.757923 0.866190
vt 0.691983 0.872122
vt 0.813297 0.866429
vt 0.787783 0.866363
vt 1.252236 0.867947
vt 1.055485 0.872166
vt 1.018663 0.872165
vt 1.152166 0.860249
vt 1.119153 0.860241
vt 1.196028 0.860258
vt 1.159735 0.860250
vt 1.335516 -0.006451
vt 1.210901 0.861898
vt 1.063890 0.870923
vt 0.561583 1.471336
vt 0.489458 1.471336
vt 0.565921 0.630740
vt 0.565921 1.469281
vt 0.428663 1.471342
vt 0.404053 1.471437
vt 0.353728 1.471449
vt 0.302331 1.471448
vt 0.398167 1.471449
vt 0.357260 1.471449
vt 0.482695 1.471336
vt 0.430859 1.471336
vt 0.581391 0.871947
vt 0.556073 0.872029
vt 0.553988 0.872034
vt 0.496123 0.872041
vt -4.061196 0.904938
vt -3.722692 1.052838
vt 0.494457 0.872043
vt 0.468753 0.872103
vt 0.464599 0.872108
vt 0.408801 0.872116
vt 0.405096 0.872119
vt 0.379274 0.872165
vt 0.377317 0.872167
vt 0.319456 0.872135
vt 0.317258 0.872137
vt 0.291767 0.872201
vt 0.640860 0.871933
vt 0.585450 0.871940
vt 2.287593 1.448339
vt 0.322834 0.826238
vt -0.053660 0.835698
vt 0.177609 0.826238
vt 0.083683 0.835323
vt -0.057664 0.833687
vt -0.057663 0.018496
vt -0.283099 0.827761
vt -0.313172 0.827761
vt -0.251147 0.827761
vt -0.279569 0.827761
vt -0.217846 0.827761
vt -0.248665 0.827761
vt -0.187183 0.827760
vt -0.155793 0.827760
vt -0.184435 0.827760
vt -0.122544 0.827759
vt -0.152719 0.827759
vt -0.090862 0.827758
vt -0.121423 0.827759
vt -0.442840 0.827761
vt -0.472333 0.827760
vt -0.410320 0.827761
vt -0.440237 0.827761
vt -0.378967 0.827761
vt -0.408885 0.827761
vt -0.346890 0.827761
vt -0.376364 0.827761
vt -0.314227 0.827761
vt -0.344856 0.827761
vt 2.157515 1.261565
vt 2.227132 1.262099
vt 2.325726 1.261716
vt 2.395504 1.250656
vt 2.093426 1.251161
vt 2.261485 1.262177
vt 2.422944 0.422731
vt 2.257560 1.260231
vt 2.257560 0.426576
vt 2.031732 0.869359
vt 2.061269 0.860892
vt 1.891235 0.868727
vt 1.868496 0.863353
vt -0.078608 1.119395
vt -0.078608 1.137466
vt 1.943493 0.871782
vt 1.863336 0.860204
vt 1.878286 0.077232
vt -0.270982 1.300964
vt -0.449969 1.298902
vt -0.329708 1.298903
vt -0.399315 1.298902
vt -0.453973 1.297326
vt -0.453966 0.654048
vt -0.206844 0.857839
vt -0.170829 0.861781
vt -0.287030 0.861781
vt -0.251014 0.857839
vt -0.170831 0.899779
vt -0.206846 0.903721
vt -0.251016 0.903721
vt -0.286967 0.887201
vt 0.996886 0.867832
vt 0.972472 0.867454
vt 0.757923 0.866190
vt 0.691983 0.872122
vt 0.813297 0.866429
vt 0.787784 0.866363
vt 1.252236 0.867947
vt 1.055779 0.872166
vt 1.018719 0.872165
vt 1.154745 0.860249
vt 1.119153 0.860241
vt 1.196433 0.860258
vt 1.159630 0.860250
vt 1.335516 -0.006478
vt 1.205840 0.861157
vt 1.060663 0.871547
vt 0.561230 1.471336
vt 0.489130 1.471336
vt 0.565921 0.630813
vt 0.565921 1.469355
vt 0.428511 1.471342
vt 0.404299 1.471436
vt 0.353832 1.471449
vt 0.302510 1.471448
vt 0.398154 1.471449
vt 0.357043 1.471449
vt 0.482860 1.471336
vt 0.430908 1.471336
vt 0.581391 0.871947
vt 0.556073 0.872029
vt 0.553988 0.872034
vt 0.496123 0.872041
vt 0.494457 0.872043
vt 0.468753 0.872103
vt 0.464599 0.872108
vt 0.408801 0.872116
vt 0.405096 0.872119
vt 0.379274 0.872165
vt 0.377317 0.872167
vt 0.319456 0.872135
vt 0.317258 0.872137
vt 0.291767 0.872201
vt 0.640861 0.871933
vt 0.585450 0.871940
vt -0.194856 1.253036
vt -0.571350 1.262497
vt -0.340082 1.253036
vt -0.434007 1.262121
vt -0.575354 1.260485
vt -0.575354 0.445295
vt -0.800789 1.254559
vt -0.830862 1.254560
vt -0.768837 1.254559
vt -0.797259 1.254559
vt -0.735536 1.254559
vt -0.766355 1.254559
vt -0.704873 1.254558
vt -0.673483 1.254558
vt -0.702125 1.254558
vt 4.018520 0.841359
vt 4.511001 0.963352
vt -0.640234 1.254557
vt -0.670409 1.254558
vt -0.608552 1.254556
vt -0.639113 1.254557
vt -0.960531 1.254559
vt -0.990024 1.254559
vt -0.928010 1.254559
vt -0.957927 1.254559
vt -0.896658 1.254559
vt -0.926575 1.254559
vt -0.864580 1.254560
vt -0.894055 1.254560
vt -0.831918 1.254560
vt -0.862547 1.254560
vt 2.157515 1.261565
vt 2.227132 1.262099
vt 2.325726 1.261716
vt 2.395504 1.250656
vt 2.093426 1.251161
vt 2.261485 1.262177
vt 2.422944 0.422731
vt 2.257560 1.260155
vt 2.257560 0.426576
vt 2.031732 0.869359
vt 2.061269 0.860892
vt 1.891235 0.868727
vt 1.868496 0.863353
vt -0.078608 1.092281
vt -0.078608 1.110355
vt 1.943493 0.871782
vt 1.863335 0.860276
vt 1.878286 0.077232
vt 0.246708 0.874166
vt 0.067721 0.872104
vt 0.187982 0.872104
vt 0.118375 0.872104
vt 0.063717 0.870528
vt 0.063724 0.227250
vt 2.041336 0.896769
vt 2.525105 1.020973
vt -0.323640 0.857453
vt -0.287625 0.861395
vt -0.403825 0.861395
vt -0.367810 0.857453
vt -0.287625 0.899393
vt -0.323640 0.903336
vt -0.367810 0.903336
vt -0.403762 0.886815
vt 0.996885 0.867832
vt 0.972472 0.867454
vt 0.757923 0.866190
vt 0.691983 0.872122
vt 0.813297 0.866429
vt 0.787783 0.866363
vt 1.252236 0.867947
vt 1.055779 0.872166
vt 1.018719 0.872165
vt 1.154745 0.860249
vt 1.119153 0.860241
vt 1.196433 0.860258
vt 1.159630 0.860250
vt 1.335516 -0.006478
vt 1.205839 0.861157
vt 1.060663 0.871547
vt 1.079273 1.044538
vt 1.007149 1.044538
vt 1.083611 0.203942
vt 1.083611 1.042482
vt 0.946354 1.044544
vt 0.921744 1.044638
vt 0.871418 1.044651
vt 0.820021 1.044650
vt 0.915858 1.044651
vt 0.874951 1.044651
vt 1.000386 1.044538
vt 0.948550 1.044538
vt 1.099081 0.445148
vt 1.073763 0.445231
vt 1.071678 0.445235
vt 1.013813 0.445243
vt 1.012147 0.445245
vt 0.986443 0.445305
vt 0.982289 0.445310
vt 0.926491 0.445317
vt 0.922787 0.445321
vt 0.896965 0.445367
vt 0.895008 0.445368
vt 0.837146 0.445336
vt 0.834948 0.445339
vt 0.809458 0.445402
vt 1.158551 0.445134
vt 1.103140 0.445141
vt 5.517641 1.416788
vt -0.194856 1.253036
vt -0.571350 1.262497
vt -0.340082 1.253036
vt -0.434007 1.262121
vt -0.575354 1.260485
vt -0.575354 0.445295
vt -0.800790 1.254559
vt -0.830861 1.254560
vt -0.768832 1.254559
vt -0.797262 1.254559
vt -0.735536 1.254559
vt -0.766360 1.254559
vt -0.704873 1.254558
vt -0.673483 1.254558
vt -0.702124 1.254558
vt -0.640234 1.254557
vt -0.670409 1.254558
vt -0.608552 1.254556
vt -0.639113 1.254557
vt -0.960528 1.254559
vt -0.990023 1.254559
vt -0.928007 1.254559
vt -0.957931 1.254559
vt -0.896656 1.254560
vt -0.926576 1.254559
vt -0.864581 1.254560
vt -0.894057 1.254560
vt -0.831918 1.254560
vt -0.862545 1.254560
vt 2.157515 1.261565
vt 2.227131 1.262099
vt 2.325726 1.261716
vt 2.395469 1.250656
vt 2.093514 1.251176
vt 2.325640 1.261717
vt 2.261489 1.262177
vt 2.422944 0.422731
vt 2.257560 1.260004
vt 2.257560 0.426576
vt 2.031732 0.869359
vt 2.061305 0.860893
vt 1.891164 0.868710
vt 1.868257 0.863296
vt -0.083596 1.218143
vt -0.082956 1.236178
vt 1.943467 0.871780
vt 1.863338 0.860109
vt 1.878286 0.077232
vt -0.206805 0.904320
vt -0.170795 0.908265
vt -0.286996 0.908255
vt -0.250975 0.904316
vt -0.170847 0.946263
vt -0.206868 0.950202
vt -0.251038 0.950198
vt -0.286967 0.933675
vt 0.996886 0.867832
vt 0.972472 0.867454
vt 0.757923 0.866190
vt 0.691983 0.872122
vt 0.813296 0.866429
vt 0.787784 0.866363
vt 1.769926 0.441149
vt 1.573469 0.445368
vt 1.536409 0.445366
vt 1.672435 0.433451
vt 1.636843 0.433443
vt 1.714123 0.433460
vt 1.677320 0.433452
vt 1.853207 -0.433276
vt 1.723529 0.434359
vt 1.578354 0.444748
vt 0.561583 1.471336
vt 0.489458 1.471336
vt 0.565921 0.630740
vt 0.565921 1.469281
vt 0.428663 1.471342
vt 0.404053 1.471437
vt 0.353728 1.471449
vt 0.302331 1.471448
vt 0.398167 1.471449
vt 0.357260 1.471449
vt 0.482696 1.471336
vt 0.430859 1.471336
vt 2.601869 0.704585
vt 3.080590 0.830031
vt 0.581391 0.871947
vt 0.556073 0.872029
vt 0.553988 0.872034
vt 0.496123 0.872041
vt 0.494457 0.872043
vt 0.468754 0.872103
vt 0.464600 0.872108
vt 0.408801 0.872116
vt 0.405096 0.872119
vt 0.379274 0.872165
vt 0.377317 0.872167
vt 0.319456 0.872135
vt 0.317259 0.872137
vt 0.291767 0.872201
vt 0.640860 0.871933
vt 0.585450 0.871940
vt -3.096137 1.215578
vt -2.633169 1.346631
vt 0.297411 0.653102
vt 0.739468 0.760638
vt 1.358017 0.721059
vt 1.837560 0.846304
vt -4.285352 1.541876
vt -3.950156 1.407493
vt 3.898556 1.333718
vt 4.455897 1.423454
vt 2.912753 1.286751
vt 3.327214 1.416662
vt 2.943254 1.068944
vt -1.689665 1.022995
vt -1.331023 0.891150
vt -2.141840 1.283279
vt -1.691233 1.388304
vt -0.653979 1.020160
vt -0.248307 0.897315
vt -4.761675 1.289272
vt -4.214264 1.348614
vt -3.492729 1.024340
vt -3.103956 0.898331
vt 0.723803 1.286814
vt 1.138401 1.416767
vt 3.147246 0.892137
vt 3.343038 0.757995
vt -4.998048 0.929538
vt -4.601281 1.041742
vt -5.194250 1.121564
vt -4.866913 1.247198
vt -2.430422 0.561720
vt -1.938219 0.654598
vt -2.476537 0.983049
vt -2.271824 0.849951
vt -3.486062 1.090770
vt -3.052201 1.199981
vt -4.348424 1.099593
vt -3.978196 1.219707
vt -0.410258 1.179924
vt -0.410258 1.136462
vt -0.280162 1.136462
vt -0.280162 1.179924
vn 0.8773 -0.3405 -0.3383
vn 0.9213 -0.0000 -0.3888
vn 0.9329 -0.0000 0.3601
vn 0.8778 -0.3397 0.3376
vn 0.3454 -0.3411 -0.8743
vn -0.3381 -0.3399 -0.8776
vn -0.3562 -0.0000 -0.9344
vn 0.4037 -0.0000 -0.9149
vn 0.8615 0.2709 0.4294
vn 0.8806 0.2824 -0.3806
vn 0.5696 0.8215 0.0255
vn -0.9190 0.0000 -0.3943
vn -0.8760 -0.3404 -0.3416
vn -0.8770 -0.3411 0.3383
vn -0.9250 0.0000 0.3801
vn 0.0070 0.0001 -1.0000
vn 0.0064 0.0001 -1.0000
vn 0.5614 0.0006 -0.8276
vn 0.5604 0.0006 -0.8282
vn 1.0000 0.0002 0.0022
vn 1.0000 0.0002 0.0019
vn 0.9495 0.0001 0.3137
vn 0.9538 0.0001 0.3003
vn 0.5371 0.0000 0.8435
vn 0.5447 0.0000 0.8387
vn 0.0057 0.0000 1.0000
vn 0.0061 0.0000 1.0000
vn -0.4538 0.0000 0.8911
vn -0.4580 0.0000 0.8890
vn -0.8776 0.0000 0.4794
vn -0.8831 0.0000 0.4692
vn -1.0000 0.0000 0.0080
vn -1.0000 0.0000 -0.0001
vn -0.8876 -0.0000 -0.4605
vn -0.8829 -0.0000 -0.4695
vn -0.4582 -0.0001 -0.8888
vn -0.4562 -0.0001 -0.8899
vn 0.0000 -1.0000 0.0018
vn 0.9601 0.0005 -0.2795
vn 0.9623 0.0005 -0.2719
vn 0.9670 0.1919 0.1677
vn 0.9701 0.1955 -0.1439
vn -0.0035 0.9999 -0.0103
vn -0.4034 0.2327 0.8849
vn 0.0007 0.2174 0.9761
vn 0.4754 0.8794 -0.0235
vn -0.3978 0.1683 0.9019
vn 0.3982 0.1683 0.9017
vn 0.0009 0.5266 0.8501
vn 0.3124 0.2705 0.9106
vn 0.9670 0.1917 0.1676
vn -0.0038 0.9999 -0.0111
vn 0.9795 0.2008 -0.0154
vn 0.9590 0.2152 -0.1846
vn 0.4754 0.8781 -0.0534
vn -0.9643 0.1809 0.1932
vn -0.1580 0.2458 0.9564
vn -0.0598 0.9979 -0.0248
vn 0.9918 0.1279 0.0001
vn 0.9090 0.1786 -0.3767
vn 0.6708 0.7415 0.0129
vn -0.4016 0.2224 -0.8884
vn -0.8468 0.2469 -0.4711
vn 0.4744 0.8791 -0.0465
vn 0.9751 0.1857 -0.1214
vn 0.1530 0.3106 -0.9381
vn -0.0384 0.9992 -0.0119
vn 0.2474 0.2826 -0.9268
vn -0.2590 0.2843 -0.9231
vn -0.0039 0.9999 -0.0131
vn -0.9090 0.1786 -0.3765
vn -0.9918 0.1279 0.0001
vn -0.6689 0.7432 0.0136
vn 0.4634 0.2347 0.8545
vn -0.9119 0.1668 0.3749
vn 0.4994 0.2465 0.8306
vn 0.9529 0.2831 0.1087
vn 0.8417 0.5367 0.0601
vn -1.0000 0.0000 0.0000
vn -0.9468 0.0746 -0.3130
vn -0.8756 -0.3416 -0.3415
vn -0.3415 -0.3408 0.8759
vn 0.3415 -0.3408 0.8759
vn 0.2989 0.2411 0.9233
vn -0.2988 0.2411 0.9233
vn -0.8754 -0.3412 0.3424
vn -0.9417 0.0910 0.3238
vn -0.1852 0.3088 -0.9329
vn -0.9280 0.2195 -0.3011
vn 1.0000 -0.0000 -0.0000
vn 0.8756 -0.3416 -0.3415
vn 0.9467 0.0735 -0.3136
vn 0.6629 0.2832 -0.6930
vn 0.3065 0.1399 -0.9415
vn -0.3083 0.1408 -0.9408
vn -0.6548 0.2722 -0.7051
vn 0.0004 0.9953 -0.0967
vn 0.9417 0.0911 0.3239
vn 0.8754 -0.3412 0.3424
vn 0.3957 0.1947 -0.8975
vn -0.3959 0.1947 -0.8974
vn 0.0002 0.5565 -0.8309
vn -0.1398 0.3625 0.9214
vn 0.1775 0.3522 0.9190
vn -0.0594 0.9979 -0.0261
vn -0.3768 -0.0000 -0.9263
vn 0.3762 -0.0000 -0.9266
vn 0.3400 -0.3397 -0.8769
vn -0.3407 -0.3399 -0.8766
vn -0.3398 -0.3416 0.8763
vn 0.3398 -0.3416 0.8763
vn 0.3761 0.0000 0.9266
vn -0.3760 0.0000 0.9266
vn -0.9183 0.0000 -0.3960
vn -0.8751 -0.3407 -0.3436
vn 0.8750 -0.3406 -0.3441
vn 0.9180 -0.0000 -0.3966
vn 0.9181 -0.0000 0.3963
vn 0.8752 -0.3415 0.3427
vn 0.3123 0.2708 0.9106
vn -0.3393 -0.3403 0.8770
vn 0.3362 -0.3400 0.8783
vn 0.3781 0.0000 0.9258
vn -0.3811 0.0000 0.9245
vn -0.8756 -0.3404 0.3427
vn -0.9232 0.0000 0.3843
vn -0.9233 0.0000 -0.3841
vn -0.8753 -0.3414 -0.3424
vn -0.8913 0.2444 -0.3819
vn -0.8853 0.2577 0.3870
vn -0.8954 0.4453 -0.0028
vn -0.3172 0.2732 0.9082
vn 0.4570 0.2238 -0.8608
vn 0.9153 0.3345 0.2242
vn 0.9135 0.3408 -0.2221
vn 0.9220 -0.0000 0.3873
vn 0.8748 -0.3401 0.3450
vn 0.8743 -0.3402 -0.3463
vn 0.9214 -0.0000 -0.3886
vn -0.9689 0.2468 -0.0174
vn 0.9689 -0.0350 -0.2450
vn 0.9619 -0.0349 -0.2711
vn 0.4351 -0.0138 -0.9003
vn 0.4796 -0.0159 -0.8773
vn 0.9618 0.2324 -0.1444
vn -0.8603 0.0256 0.5092
vn -0.8717 0.0261 0.4893
vn -0.2192 0.0016 0.9757
vn -0.2260 0.0018 0.9741
vn 0.7978 -0.0302 0.6022
vn 0.8302 -0.0310 0.5566
vn 0.1949 -0.0123 0.9808
vn 0.1883 -0.0121 0.9820
vn 0.0014 -1.0000 0.0021
vn -0.7941 0.0298 -0.6070
vn -0.8035 0.0301 -0.5945
vn -0.1836 0.0118 -0.9829
vn -0.1958 0.0122 -0.9806
vn 0.1282 0.3508 -0.9276
vn -0.1977 0.3526 -0.9147
vn 0.9625 0.2168 0.1630
vn 0.1839 0.1722 0.9677
vn 0.9353 0.1563 0.3174
vn -0.3170 0.2735 0.9082
vn -0.9296 0.3040 -0.2082
vn -0.9326 0.3140 0.1781
vn -0.8780 -0.3690 0.3050
vn -0.9407 -0.0021 0.3391
vn -0.9998 -0.0035 -0.0191
vn -0.9998 -0.0035 -0.0196
vn -0.8578 0.2544 0.4466
vn -0.9270 -0.0020 -0.3750
vn -0.8686 -0.3625 -0.3379
vn 0.9998 -0.0026 0.0173
vn 0.9998 -0.0026 0.0204
vn 0.7574 -0.0016 -0.6529
vn 0.7830 -0.0017 -0.6220
vn -0.2474 -0.3670 0.8967
vn 0.7445 -0.0016 0.6676
vn 0.7809 -0.0017 0.6247
vn -0.2642 -0.0001 0.9645
vn 0.6630 0.2251 -0.7140
vn 0.2128 0.2170 -0.9527
vn 0.9436 0.3310 0.0086
vn 0.5900 0.1604 -0.7913
vn 0.0966 0.1287 -0.9870
vn 0.9201 0.3917 0.0043
vn -0.2755 -0.3444 0.8975
vn 0.4009 -0.0000 0.9161
vn -0.3107 0.0000 0.9505
vn 0.9595 0.2266 0.1673
vn -0.9730 0.1886 0.1329
vn 0.0005 0.2059 -0.9786
vn -0.9742 0.2258 0.0000
vn -0.3119 0.0000 -0.9501
vn 0.5932 -0.0000 -0.8051
vn -0.2768 -0.3448 -0.8969
vn 0.9753 -0.0000 0.2207
vn -0.8364 0.0000 -0.5482
vn -0.8336 0.0000 -0.5524
vn -0.1957 0.0000 -0.9807
vn -0.2031 0.0000 -0.9792
vn -0.0000 -1.0000 0.0000
vn 0.9795 0.2011 -0.0082
vn -0.4988 0.0001 0.8667
vn 0.4747 0.0007 0.8801
vn 0.4731 0.0007 0.8810
vn -0.4945 0.0001 0.8692
vn 0.9569 0.0007 0.2905
vn 0.9439 -0.0003 -0.3302
vn 0.9457 -0.0002 -0.3251
vn 0.9563 0.0007 0.2925
vn -0.9742 0.2000 0.1049
vn -0.1704 0.1896 0.9670
vn 0.0033 -1.0000 0.0000
vn -0.9547 0.0000 -0.2975
vn -0.9659 0.0000 0.2590
vn -0.9654 0.0000 0.2609
vn -0.9557 0.0000 -0.2944
vn -0.4681 -0.0001 -0.8837
vn -0.4635 -0.0001 -0.8861
vn 0.9915 0.1281 -0.0207
vn 0.9916 0.1282 -0.0158
vn 0.6771 0.7358 -0.0128
vn -0.4056 0.2345 0.8835
vn 0.0007 0.4042 -0.9147
vn -0.3705 0.4359 -0.8202
vn 0.4501 0.8909 -0.0606
vn 0.2524 0.2418 -0.9369
vn -0.2646 0.2428 -0.9333
vn 0.4328 -0.0005 -0.9015
vn 0.4382 -0.0005 -0.8989
vn 0.9059 0.1762 0.3851
vn 0.9086 0.1686 -0.3822
vn 0.9531 0.3026 -0.0012
vn -0.9729 0.1889 0.1331
vn -0.3938 0.1379 0.9088
vn 0.3980 0.1508 0.9049
vn -0.0019 0.7605 0.6494
vn -0.9719 0.1874 -0.1421
vn 0.4004 0.1330 -0.9066
vn -0.3965 0.1200 -0.9102
vn -0.0017 0.7601 -0.6498
vn 0.3054 0.3152 0.8985
vn -0.4058 0.1697 0.8981
vn 0.0004 0.1290 0.9916
vn 0.0051 0.5496 0.8354
vn 0.0000 -1.0000 -0.0025
vn -0.7658 0.4711 -0.4378
vn -0.0009 -1.0000 -0.0025
vn 0.8771 -0.3406 -0.3386
vn 0.9215 -0.0000 -0.3884
vn 0.9323 -0.0000 0.3616
vn 0.8777 -0.3399 0.3379
vn 0.9604 0.2156 -0.1764
vn 0.8965 0.1785 -0.4056
vn 0.3451 -0.3411 -0.8744
vn -0.3384 -0.3400 -0.8774
vn -0.3580 -0.0000 -0.9337
vn 0.4022 -0.0000 -0.9155
vn 0.8658 0.2608 0.4270
vn 0.8834 0.2712 -0.3822
vn 0.5751 0.8177 0.0236
vn 0.9701 0.1953 -0.1441
vn 0.0006 0.2191 0.9757
vn -0.9023 0.1792 -0.3921
vn -0.9918 0.1276 -0.0016
vn -0.6640 0.7477 -0.0047
vn -0.9194 0.0000 -0.3934
vn -0.8760 -0.3405 -0.3415
vn -0.8769 -0.3412 0.3386
vn -0.9249 0.0000 0.3803
vn 0.8775 0.2393 0.4157
vn 0.9914 0.1304 -0.0108
vn 0.6489 0.7603 -0.0277
vn 0.5615 0.0006 -0.8275
vn 0.5603 0.0006 -0.8283
vn 0.9492 0.0001 0.3146
vn 0.5366 0.0000 0.8438
vn -0.4536 0.0000 0.8912
vn -0.8773 0.0000 0.4800
vn -1.0000 0.0000 0.0086
vn -0.8879 0.0000 -0.4600
vn -0.4584 -0.0001 -0.8888
vn 0.0000 -1.0000 0.0017
vn 0.9624 0.0005 -0.2715
vn -0.9719 0.1877 -0.1420
vn -0.9198 0.1659 0.3556
vn -0.3102 0.3185 0.8957
vn 0.5659 0.2867 -0.7730
vn -0.8795 0.4747 -0.0335
vn 0.4601 0.2263 -0.8586
vn 0.8710 0.1978 -0.4497
vn 0.1221 0.1897 0.9742
vn -0.8896 0.2511 -0.3816
vn -0.8842 0.2474 0.3963
vn -0.6494 0.7603 0.0155
vn -0.8537 0.2015 -0.4801
vn -0.9911 0.1317 -0.0183
vn -0.5962 0.8023 -0.0295
vn 0.4657 0.2365 0.8528
vn -0.3682 0.3123 0.8757
vn 0.3679 0.3123 0.8758
vn 0.0029 0.4420 0.8970
vn -0.8778 0.2392 0.4150
vn 0.3517 0.2968 -0.8878
vn -0.4251 0.2863 -0.8587
vn -0.0195 0.5546 -0.8319
vn -0.9462 0.0000 -0.3236
vn -0.8788 -0.3405 -0.3344
vn -0.3499 -0.3391 0.8732
vn 0.3501 -0.3391 0.8732
vn 0.3953 0.0000 0.9185
vn -0.3950 0.0000 0.9187
vn -0.8803 -0.3394 0.3315
vn -0.9301 0.0000 0.3673
vn -0.7791 0.4914 0.3892
vn 0.8805 -0.3397 -0.3305
vn 0.9416 -0.0000 -0.3369
vn 0.3635 0.2207 -0.9051
vn -0.3478 0.2200 -0.9114
vn 0.0105 0.3480 -0.9374
vn 0.9303 -0.0000 0.3667
vn 0.8803 -0.3394 0.3313
vn -0.9649 0.2525 -0.0720
vn -0.9660 0.2536 -0.0506
vn -0.9658 0.2533 -0.0561
vn 0.3760 -0.0000 0.9266
vn -0.8751 -0.3408 -0.3436
vn 0.8752 -0.3414 0.3428
vn 0.9634 0.2171 0.1570
vn -0.3409 -0.3410 0.8761
vn 0.3399 -0.3410 0.8765
vn 0.3813 -0.0000 0.9245
vn -0.3822 0.0000 0.9241
vn -0.8755 -0.3412 0.3421
vn -0.9237 0.0000 0.3832
vn -0.9237 0.0000 -0.3831
vn -0.8755 -0.3417 -0.3416
vn -0.9126 0.1369 -0.3852
vn -0.9100 0.1446 0.3886
vn -0.9631 0.2690 -0.0007
vn 0.0007 0.3451 -0.9386
vn -0.3825 0.3729 -0.8454
vn 0.4581 0.8871 -0.0567
vn -0.2648 0.2432 -0.9332
vn -0.9657 0.2232 0.1330
vn 0.9233 -0.0000 0.3841
vn 0.8754 -0.3411 0.3427
vn 0.8752 -0.3410 -0.3430
vn 0.9231 -0.0000 -0.3845
vn -0.3848 0.2709 0.8823
vn 0.3714 0.2738 0.8872
vn -0.0162 0.5234 0.8519
vn 0.9461 -0.0038 -0.3239
vn 0.9370 -0.0040 -0.3493
vn 0.4108 -0.0042 -0.9117
vn 0.4452 -0.0046 -0.8954
vn 0.9593 0.1806 0.2171
vn -0.8255 0.0000 0.5644
vn -0.8357 0.0000 0.5493
vn -0.2031 0.0000 0.9792
vn -0.2168 0.0000 0.9762
vn 0.8359 -0.0000 0.5489
vn 0.8645 -0.0000 0.5027
vn 0.2045 0.0000 0.9789
vn 0.2031 0.0000 0.9792
vn 0.0015 -1.0000 0.0045
vn -0.2031 -0.0000 -0.9791
vn 0.0004 0.2083 -0.9781
vn 0.0003 -1.0000 0.0010
vn -0.9666 0.2546 -0.0299
vn -0.8997 -0.3835 0.2085
vn -0.9744 -0.0058 0.2249
vn -0.9967 -0.0204 -0.0791
vn -0.9962 -0.0206 -0.0843
vn -0.3755 0.4672 0.8004
vn -0.9354 -0.0298 -0.3523
vn -0.8748 -0.3768 -0.3046
vn 0.9972 0.0138 0.0730
vn 0.9963 0.0143 0.0849
vn 0.7386 -0.0206 -0.6738
vn 0.7720 -0.0186 -0.6354
vn -0.3376 -0.3566 0.8711
vn 0.6614 0.0391 0.7490
vn 0.7233 0.0372 0.6896
vn -0.3580 0.0347 0.9331
vn 0.1293 0.2261 -0.9655
vn -0.3108 0.0000 0.9505
vn -0.7951 0.4059 -0.4507
vn 0.8737 0.3038 0.3799
vn 0.8795 0.2912 -0.3765
vn 0.8749 0.4842 -0.0040
vn 0.0004 -1.0000 0.0006
vn -0.3118 -0.0000 -0.9501
vn -0.3948 0.2416 0.8864
vn 0.3990 0.2638 0.8782
vn -0.0066 0.7911 0.6117
vn 0.0956 0.1936 0.9764
vn 0.4063 0.2372 0.8824
vn 0.8008 0.5988 0.0109
vn 0.4732 0.0007 0.8810
vn -0.4947 0.0001 0.8690
vn 0.9569 0.0008 0.2905
vn 0.9456 -0.0003 -0.3255
vn 0.9563 0.0008 0.2924
vn -0.9645 0.2225 -0.1426
vn -0.9654 0.0000 0.2608
vn -0.9556 0.0000 -0.2946
vn -0.4678 -0.0001 -0.8838
vn 0.9794 0.2013 -0.0136
vn 0.4039 0.2344 -0.8843
vn -0.4009 0.2117 -0.8913
vn -0.0062 0.7898 -0.6133
vn 0.5840 0.3376 0.7382
vn 0.9562 0.2859 0.0633
vn 0.8490 0.5280 0.0215
vn 0.9155 0.1494 0.3736
vn 0.9934 0.1146 0.0001
vn 0.6734 0.7392 0.0125
vn 0.4378 -0.0005 -0.8990
vn -0.0011 -1.0000 -0.0027
vn -0.3361 -0.3054 0.8909
vn 0.3514 -0.2826 0.8926
vn 0.3697 0.0869 0.9251
vn -0.3842 0.0493 0.9219
vn 0.0011 0.4356 0.9002
vn -0.9124 0.4082 -0.0291
vn 0.0968 0.1112 0.9891
vn 0.4074 0.1368 0.9029
vn 0.8728 0.2548 0.4164
vn 0.9905 0.1374 -0.0029
vn 0.6443 0.7642 -0.0292
vn -0.1573 0.2503 0.9553
vn 0.1852 0.2452 0.9516
vn 0.6277 0.1978 0.7529
vn 0.9855 0.1602 0.0553
vn 0.9546 0.1951 0.2252
vn 0.9554 0.1943 -0.2224
vn -0.3977 0.1508 0.9050
vn 0.3982 0.1508 0.9048
vn 0.0007 0.5000 0.8661
vn 0.8769 -0.3407 -0.3390
vn 0.9322 -0.0000 0.3619
vn 0.8775 -0.3400 0.3382
vn 0.1485 0.2447 -0.9582
vn -0.1986 0.2452 -0.9489
vn 0.9591 0.2158 -0.1831
vn 0.3448 -0.3412 -0.8745
vn -0.3384 -0.3403 -0.8773
vn -0.3579 0.0000 -0.9338
vn 0.4018 -0.0000 -0.9157
vn 0.8716 0.2420 0.4264
vn 0.8889 0.2511 -0.3832
vn 0.5816 0.8131 0.0233
vn 0.9129 0.1599 -0.3756
vn 0.8690 0.2113 -0.4475
vn 0.4267 0.4724 0.7712
vn -0.9193 0.0000 -0.3936
vn -0.8758 -0.3407 -0.3418
vn -0.8767 -0.3413 0.3390
vn -0.9247 0.0000 0.3806
vn -0.8088 0.4224 0.4091
vn -0.8776 0.0000 0.4793
vn -0.8876 0.0000 -0.4606
vn 0.0000 -1.0000 0.0019
vn 0.9623 0.0005 -0.2720
vn -0.9130 0.1599 -0.3753
vn -0.9934 0.1145 0.0001
vn -0.6729 0.7396 0.0132
vn -0.6494 0.7603 0.0154
vn -0.8348 0.2149 -0.5069
vn -0.9888 0.1438 -0.0401
vn -0.5906 0.8061 -0.0377
vn -0.9153 0.1494 0.3740
vn 0.9280 0.3077 0.2101
vn 0.5773 0.2754 -0.7687
vn -0.3708 0.3300 0.8681
vn 0.3613 0.3310 0.8717
vn 0.0028 0.4647 0.8855
vn -0.8732 0.2540 0.4160
vn -0.9576 0.1891 -0.2172
vn -0.9635 0.1860 0.1928
vn 0.4571 0.2246 -0.8606
vn 0.8892 0.4398 0.1261
vn -0.3879 0.3984 0.8311
vn -0.3849 0.2709 0.8823
vn 0.3714 0.2737 0.8872
vn -0.0163 0.5234 0.8519
vn -0.0020 0.7605 0.6493
vn -0.9490 0.0000 -0.3154
vn -0.8794 -0.3402 -0.3330
vn -0.3514 -0.3387 0.8728
vn 0.3516 -0.3387 0.8727
vn 0.3975 -0.0000 0.9176
vn -0.3971 0.0000 0.9178
vn -0.8811 -0.3391 0.3297
vn -0.9311 0.0000 0.3648
vn 0.8815 -0.3394 -0.3282
vn 0.9440 -0.0000 -0.3300
vn 0.3595 0.2369 -0.9026
vn -0.3409 0.2360 -0.9100
vn 0.0127 0.3699 -0.9290
vn 0.9313 -0.0000 0.3641
vn 0.8812 -0.3391 0.3295
vn 0.0002 0.5564 -0.8309
vn 0.0003 -1.0000 0.0004
vn -0.3408 -0.3410 0.8761
vn 0.3398 -0.3410 0.8765
vn 0.3812 0.0000 0.9245
vn -0.8755 -0.3417 -0.3417
vn -0.9122 0.1401 -0.3851
vn -0.9095 0.1479 0.3886
vn -0.9615 0.2748 -0.0007
vn 0.9233 -0.0000 0.3842
vn 0.8753 -0.3411 0.3427
vn 0.8752 -0.3410 -0.3431
vn 0.9231 -0.0000 -0.3846
vn 0.2525 0.2422 -0.9368
vn -0.0035 0.9999 -0.0104
vn 0.0950 0.2231 -0.9701
vn 0.0010 0.3706 0.9288
vn 0.0005 0.2066 -0.9784
vn 0.9171 0.3977 -0.0283
vn -0.8685 -0.3625 -0.3380
vn -0.2473 -0.3670 0.8967
vn -0.2459 -0.4020 0.8820
vn 0.4382 -0.0573 0.8970
vn 0.4189 -0.0589 0.9061
vn -0.2948 -0.0909 0.9512
vn 0.9121 0.1668 0.3745
vn 0.6708 0.7415 0.0128
vn -0.9692 0.2236 0.1029
vn -0.8405 0.2463 0.4826
vn -0.9329 0.3555 0.0573
vn -0.3468 0.0640 -0.9358
vn 0.5508 0.0906 -0.8297
vn 0.5545 0.0905 -0.8273
vn -0.3025 -0.3047 -0.9031
vn 0.9909 0.0282 0.1315
vn 0.9856 0.0249 0.1675
vn 0.4423 0.4029 0.8013
vn -0.3977 0.1683 0.9019
vn 0.0010 0.5266 0.8501
vn 0.8851 0.4315 -0.1746
vn 0.0000 -1.0000 -0.0026
vn 0.9089 0.1786 -0.3767
vn -0.9090 0.1786 -0.3766
vn 0.9174 0.3737 0.1369
vn 0.8772 0.2395 0.4162
vn 0.9914 0.1305 -0.0116
vn 0.6502 0.7592 -0.0289
vn 0.4177 0.4421 -0.7937
vn 0.6110 0.3813 -0.6938
vn -0.4014 0.2216 -0.8887
vn 0.8692 0.1980 -0.4530
vn 0.8776 -0.3403 -0.3376
vn 0.9218 -0.0000 -0.3877
vn 0.9325 -0.0000 0.3612
vn 0.8780 -0.3397 0.3374
vn 0.2073 0.3085 0.9284
vn -0.8814 0.2809 -0.3799
vn -0.8758 0.2769 0.3953
vn -0.6414 0.7670 0.0155
vn 0.3457 -0.3409 -0.8743
vn -0.3385 -0.3396 -0.8775
vn -0.3584 0.0000 -0.9336
vn 0.4030 -0.0000 -0.9152
vn 0.8557 0.2919 0.4274
vn 0.8734 0.3045 -0.3800
vn 0.5644 0.8251 0.0242
vn -0.8507 0.2019 -0.4853
vn -0.9911 0.1319 -0.0196
vn -0.5947 0.8033 -0.0309
vn -0.3081 0.1910 0.9320
vn 0.4209 0.1380 0.8965
vn 0.0889 0.9960 0.0120
vn -0.9195 0.0000 -0.3930
vn -0.8764 -0.3401 -0.3409
vn -0.8773 -0.3409 0.3378
vn -0.9251 0.0000 0.3797
vn -0.3680 0.3123 0.8758
vn 0.3677 0.3123 0.8759
vn 0.0030 0.4420 0.8970
vn 0.5613 0.0006 -0.8276
vn 0.9498 0.0001 0.3128
vn 0.5376 0.0000 0.8432
vn 0.0058 0.0000 1.0000
vn -0.4541 0.0000 0.8910
vn -0.8780 0.0000 0.4787
vn -1.0000 0.0000 0.0075
vn -0.8873 0.0000 -0.4611
vn -0.4581 -0.0001 -0.8889
vn 0.9601 0.0006 -0.2795
vn 0.9622 0.0006 -0.2724
vn 0.9406 0.3385 -0.0246
vn -0.8775 0.2393 0.4155
vn -0.8460 0.2461 -0.4729
vn 0.3476 0.3323 -0.8768
vn -0.4250 0.3195 -0.8470
vn -0.0215 0.5941 -0.8041
vn 0.2144 0.1795 0.9601
vn -0.9674 0.2532 -0.0092
vn -0.9672 0.2539 0.0033
vn -0.9673 0.2537 -0.0001
vn -0.3831 0.3025 0.8728
vn 0.3686 0.3056 0.8779
vn -0.0174 0.5613 0.8274
vn 0.9620 0.1835 0.2023
vn -0.9690 0.2463 -0.0198
vn -0.9474 0.0000 -0.3199
vn -0.8789 -0.3404 -0.3341
vn -0.3501 -0.3391 0.8732
vn 0.3502 -0.3390 0.8732
vn 0.3957 0.0000 0.9184
vn -0.3953 0.0000 0.9185
vn -0.8803 -0.3394 0.3314
vn -0.9303 0.0000 0.3668
vn 0.0003 -1.0000 0.0009
vn 0.8808 -0.3397 -0.3300
vn 0.9425 -0.0000 -0.3341
vn 0.3621 0.2204 -0.9057
vn -0.3454 0.2196 -0.9124
vn 0.0112 0.3473 -0.9377
vn 0.9305 -0.0000 0.3662
vn 0.8804 -0.3394 0.3312
vn 0.3961 0.1746 -0.9014
vn -0.3964 0.1746 -0.9013
vn -0.0001 0.5288 -0.8488
vn -0.9669 0.2545 0.0147
vn -0.3763 -0.0000 -0.9265
vn 0.3757 -0.0000 -0.9268
vn 0.3399 -0.3397 -0.8770
vn -0.3406 -0.3398 -0.8766
vn -0.3399 -0.3417 0.8762
vn 0.3399 -0.3417 0.8762
vn 0.3758 0.0000 0.9267
vn -0.3758 0.0000 0.9267
vn -0.9179 0.0000 -0.3969
vn -0.8750 -0.3408 -0.3438
vn 0.8749 -0.3406 -0.3443
vn 0.9175 -0.0000 -0.3976
vn 0.9178 -0.0000 0.3971
vn 0.8751 -0.3415 0.3427
vn -0.9094 0.1479 0.3886
vn 0.9125 0.3677 -0.1791
vn -0.9895 0.1446 -0.0051
vn -0.9895 0.1448 0.0017
vn -0.9895 0.1448 -0.0001
vn -0.8356 0.0000 0.5493
vn -0.2167 0.0000 0.9762
vn 0.0014 -1.0000 0.0022
vn 0.5705 0.1578 -0.8060
vn -0.9128 0.0000 0.4083
vn -0.9133 0.0000 -0.4073
vn -0.8639 -0.3449 -0.3671
vn -0.8637 -0.3445 0.3678
vn -0.8588 0.2541 0.4448
vn -0.9894 0.1451 0.0082
vn -0.8682 -0.3706 0.3299
vn -0.9318 -0.0021 0.3629
vn -0.9998 -0.0035 -0.0195
vn 0.4326 0.3782 -0.8184
vn -0.9288 -0.0020 -0.3706
vn -0.8713 -0.3606 -0.3329
vn 0.9998 -0.0026 0.0172
vn 0.7835 -0.0017 -0.6214
vn -0.2231 -0.3676 0.9028
vn 0.7816 -0.0017 0.6238
vn -0.2379 -0.0001 0.9713
vn 0.2027 0.3674 -0.9077
vn -0.2683 -0.3425 0.9004
vn -0.3045 0.0000 0.9525
vn 0.6604 0.4121 0.6277
vn 0.9434 0.3303 -0.0309
vn -0.9257 0.3783 0.0000
vn -0.3079 0.0000 -0.9514
vn -0.2723 -0.3436 -0.8988
vn -0.4062 0.2344 0.8832
vn 0.9457 -0.0002 -0.3252
vn 0.1484 0.2446 -0.9582
vn -0.4043 0.2241 -0.8867
vn 0.9066 0.1722 0.3851
vn 0.9092 0.1648 -0.3823
vn 0.9551 0.2964 -0.0011
vn 0.0876 0.1304 -0.9876
vn -0.8876 0.2603 -0.3800
vn -0.8816 0.2568 0.3960
vn -0.6487 0.7609 0.0165
vn -0.9391 0.3393 -0.0552
vn -0.3936 0.1348 0.9093
vn 0.3978 0.1473 0.9055
vn -0.0018 0.7594 0.6506
vn -0.6606 0.4122 0.6274
vn 0.1854 0.2409 0.9527
vn 0.4002 0.1299 -0.9072
vn -0.3963 0.1172 -0.9106
vn -0.0015 0.7591 -0.6509
vn 0.9557 0.1895 0.2250
vn 0.9566 0.1885 -0.2221
vn 0.8771 -0.3406 -0.3385
vn 0.3482 0.3087 -0.8851
vn -0.4281 0.2970 -0.8536
vn -0.0213 0.5687 -0.8223
vn -0.9635 0.1860 0.1927
vn -0.3385 -0.3400 -0.8774
vn -0.3581 -0.0000 -0.9337
vn 0.8659 0.2608 0.4270
vn 0.5751 0.8178 0.0236
vn -0.8501 0.2478 -0.4648
vn 0.0007 0.2190 0.9757
vn 0.1492 0.2404 -0.9592
vn -0.1986 0.2409 -0.9500
vn 0.0072 0.0337 -0.9994
vn 0.0066 0.0337 -0.9994
vn 0.5618 0.0284 -0.8268
vn 0.5567 0.0285 -0.8302
vn 1.0000 0.0001 0.0023
vn 1.0000 0.0001 0.0019
vn 0.9494 -0.0104 0.3138
vn 0.9556 -0.0098 0.2945
vn 0.5368 -0.0283 0.8432
vn 0.5480 -0.0280 0.8360
vn 0.0056 -0.0336 0.9994
vn 0.0060 -0.0336 0.9994
vn -0.4539 -0.0299 0.8906
vn -0.4605 -0.0298 0.8871
vn -0.8776 -0.0161 0.4791
vn -0.8859 -0.0156 0.4637
vn -1.0000 -0.0003 0.0080
vn -1.0000 0.0001 -0.0039
vn -0.8878 0.0155 -0.4601
vn -0.8803 0.0159 -0.4742
vn -0.4584 0.0298 -0.8883
vn -0.4537 0.0299 -0.8906
vn -0.9934 -0.1149 -0.0044
vn -0.9934 -0.1149 -0.0047
vn -0.9459 -0.1096 -0.3055
vn -0.8486 -0.4131 -0.3305
vn 0.9585 0.0101 -0.2848
vn 0.9624 0.0097 -0.2714
vn -0.3843 0.2810 0.8794
vn 0.3696 0.2838 0.8848
vn -0.0175 0.5351 0.8446
vn 0.1393 -0.0000 -0.9903
vn -0.9691 0.2466 -0.0103
vn -0.9585 0.1845 -0.2174
vn 0.4378 -0.0005 -0.8991
vn 0.4666 0.2364 0.8523
vn -0.2493 -0.0000 -0.9684
vn -0.2298 -0.3617 -0.9035
vn 0.8716 0.2585 0.4166
vn 0.9899 0.1414 -0.0135
vn 0.6462 0.7625 -0.0315
vn -0.8655 -0.3540 0.3543
vn -0.9174 -0.0161 0.3977
vn -0.9987 -0.0487 0.0122
vn -0.9987 -0.0487 0.0121
vn -0.4327 -0.0501 -0.9002
vn 0.3908 0.0453 -0.9194
vn 0.3636 -0.3099 -0.8785
vn -0.3338 -0.3668 -0.8683
vn 0.3932 0.0000 0.9194
vn -0.3851 0.0000 0.9229
vn -0.3423 -0.3408 0.8756
vn 0.3447 -0.3404 0.8748
vn -0.9101 0.0000 0.4143
vn -0.9116 0.0000 -0.4111
vn -0.8631 -0.3438 -0.3700
vn -0.8624 -0.3428 0.3725
vn -0.2540 -0.0000 -0.9672
vn -0.2333 -0.3601 -0.9033
vn -0.8552 0.2532 0.4522
vn -0.3823 -0.0000 -0.9241
vn 0.3808 -0.0000 -0.9247
vn 0.3397 -0.3411 -0.8765
vn -0.3409 -0.3417 -0.8758
vn -0.8751 -0.3415 0.3427
vn -0.9178 0.0000 0.3971
vn 0.9934 0.1148 0.0049
vn 0.9934 0.1148 0.0047
vn 0.9057 -0.2649 -0.3309
vn 0.9352 0.1083 -0.3372
vn -0.3413 -0.3661 0.8657
vn 0.3585 -0.3093 0.8808
vn 0.3724 0.0428 0.9271
vn -0.4193 -0.0482 0.9066
vn -0.8537 -0.4125 0.3178
vn -0.9310 -0.1073 0.3488
vn 0.9639 0.2166 0.1548
vn 0.0002 -1.0000 0.0019
vn 0.3588 0.2345 -0.9035
vn -0.3413 0.2315 -0.9110
vn 0.0203 0.3645 -0.9310
vn 0.9197 0.1059 0.3780
vn 0.9015 -0.2647 0.3424
vn 0.3825 0.1916 -0.9039
vn -0.3908 0.1926 -0.9001
vn -0.0026 0.5347 -0.8450
vn 0.8629 0.2139 -0.4579
vn -0.3898 -0.0870 -0.9168
vn 0.3640 -0.0507 -0.9300
vn 0.3395 -0.3746 -0.8628
vn -0.3387 -0.3987 -0.8522
vn 0.9182 0.0744 0.3891
vn 0.8927 -0.2924 0.3429
vn 0.9987 0.0487 -0.0121
vn 0.9987 0.0487 -0.0122
vn -0.4127 -0.0000 -0.9109
vn 0.4096 -0.0000 -0.9123
vn 0.3506 -0.3398 -0.8727
vn -0.3475 -0.3405 -0.8736
vn -0.9222 -0.0738 -0.3797
vn -0.8637 -0.3891 -0.3204
vn 0.8787 -0.3266 -0.3482
vn 0.9122 0.0150 -0.4095
vn 0.0001 -1.0000 -0.0012
vn 0.3937 -0.0000 0.9192
vn -0.3857 0.0000 0.9226
vn -0.3427 -0.3404 0.8756
vn 0.3451 -0.3402 0.8748
vn -0.8854 -0.0732 0.4591
vn -0.9395 -0.0087 -0.3424
vn -0.8783 -0.3551 -0.3202
vn -0.8269 -0.3889 0.4062
vn -0.2494 -0.0000 -0.9684
vn -0.3822 -0.0000 -0.9241
vn 0.3396 -0.3411 -0.8765
vn -0.8419 0.2185 -0.4934
vn -0.9894 0.1432 -0.0230
vn -0.5863 0.8094 -0.0338
vn -0.8941 0.2330 -0.3824
vn -0.8888 0.2295 0.3966
vn -0.6542 0.7562 0.0155
vn -0.3657 0.3352 0.8682
vn 0.3654 0.3352 0.8684
vn 0.0034 0.4705 0.8824
vn -0.8752 -0.3415 0.3428
vn -0.9181 0.0000 0.3963
vn -0.4152 0.0000 -0.9097
vn 0.4124 -0.0000 -0.9110
vn 0.3520 -0.3396 -0.8722
vn -0.3484 -0.3404 -0.8734
vn 0.3930 -0.0000 0.9196
vn -0.3847 0.0000 0.9230
vn -0.3421 -0.3409 0.8756
vn 0.3446 -0.3405 0.8748
vn -0.8720 0.2583 0.4159
vn -0.8639 -0.3449 -0.3670
vn -0.3108 -0.0449 -0.9494
vn -0.2829 -0.3872 -0.8776
vn 0.3809 -0.0000 -0.9246
vn 0.3398 -0.3412 -0.8765
vn -0.3409 -0.3418 -0.8758
vn -0.8752 -0.3414 0.3428
vn 0.9563 0.0008 0.2923
vn 0.3540 0.2753 -0.8938
vn -0.4249 0.2661 -0.8652
vn -0.0183 0.5284 -0.8488
vn -0.4110 -0.0000 -0.9116
vn 0.4081 -0.0000 -0.9129
vn 0.3501 -0.3399 -0.8728
vn -0.3472 -0.3406 -0.8738
vn -0.3423 -0.3407 0.8756
vn -0.2299 -0.3617 -0.9035
vn -0.3813 -0.0000 -0.9245
vn 0.3768 -0.0000 -0.9263
vn 0.3352 -0.3402 -0.8786
vn -0.3397 -0.3414 -0.8764
vn 0.3416 -0.3416 -0.8756
vn -0.3416 -0.3416 -0.8756
vn -0.3857 0.2517 0.8876
vn 0.3728 0.2544 0.8924
vn -0.0155 0.4984 0.8668
vn 0.0001 -1.0000 -0.0014
vn 0.3940 0.0000 0.9191
vn -0.3853 0.0000 0.9228
vn -0.3424 -0.3407 0.8756
vn 0.3450 -0.3403 0.8747
vn -0.1131 -0.9722 0.2050
vn -0.3028 -0.9527 0.0274
vn -0.0418 -0.9986 0.0312
vn -0.0574 0.9928 0.1048
vn 0.2018 0.6702 0.7142
vn 0.6893 0.7095 0.1465
vn 0.9937 -0.0007 -0.1119
vn 0.9937 -0.0000 0.1120
vn 0.9937 -0.0004 0.1121
vn 0.9937 -0.0005 -0.1119
vn -0.2781 0.9590 0.0550
vn -0.1414 0.9898 -0.0178
vn 0.2360 -0.9678 0.0881
vn 0.2581 -0.9661 -0.0065
vn -0.2030 0.9462 0.2521
vn 0.0454 -0.9740 0.2219
vn -0.2515 -0.9674 -0.0291
vn 0.3052 0.9522 -0.0097
vn 0.2844 0.9262 -0.2475
vn 0.7202 0.6891 -0.0802
vn 0.3648 0.7952 -0.4843
vn -0.7818 -0.6181 0.0825
vn -0.7275 -0.6777 -0.1071
vn 0.8626 -0.4853 0.1424
vn 0.2238 -0.7819 0.5819
vn 0.0715 -0.9916 -0.1075
vn -0.1539 -0.9814 -0.1147
vn -0.3626 0.9317 0.0202
vn -0.7146 0.6815 -0.1579
vn -0.6768 0.7330 0.0678
vn 0.6273 -0.7788 -0.0020
vn 0.3443 -0.9377 -0.0471
vn 0.1782 -0.9305 -0.3201
vn -0.3442 -0.8472 0.4046
vn -0.6601 -0.6009 0.4507
vn -0.6483 -0.6072 -0.4593
vn -0.3584 -0.8644 -0.3527
vn -0.0923 -0.9899 0.1081
vn 0.0811 0.9676 -0.2392
vn -0.3640 0.7187 -0.5924
vn -0.2754 0.9204 -0.2776
vn -0.1146 0.9934 -0.0045
vn 0.2235 0.9684 0.1103
vn 0.1887 0.9502 0.2479
vn 0.2638 0.9460 0.1886
vn 0.7676 0.6040 -0.2144
vn 0.4095 0.8874 -0.2116
vn 0.1041 0.9872 -0.1206
vn -0.9973 0.0025 0.0740
vn -0.9999 0.0025 0.0136
vn -1.0000 0.0025 0.0095
vn -0.5286 0.0000 0.8488
vn 0.8722 0.0007 0.4892
vn -0.9950 0.0000 0.1002
vn -0.9953 0.0000 -0.0963
vn -0.9954 0.0002 -0.0963
vn -0.2506 -0.8314 -0.4960
vn 0.3779 -0.7583 -0.5311
vn -0.3116 -0.8050 0.5048
vn 0.9078 -0.4032 -0.1156
vn -0.9278 0.0000 -0.3732
vn -0.3261 0.6718 -0.6651
vn 0.4609 0.8874 -0.0014
vn 1.0000 -0.0000 -0.0032
vn 1.0000 -0.0001 -0.0032
vn 0.7877 -0.0000 -0.6160
vn 0.9597 -0.0000 0.2811
vn 0.2532 -0.8959 0.3652
vn 0.1285 0.9707 0.2033
vn 0.9970 0.0019 -0.0774
vn 0.9625 0.2524 -0.0995
vn 0.9999 0.0019 -0.0145
vn -0.6004 0.6585 -0.4537
vn -0.5998 0.6588 0.4541
vn -0.2740 0.9222 0.2730
vn 0.3055 -0.0000 -0.9522
vn -0.9989 0.0025 -0.0468
vn 0.9708 0.0032 0.2400
vn 0.9608 0.0037 0.2774
vn 0.9988 0.0019 0.0485
vn 0.0000 0.0000 -1.0000
vn 0.3055 0.0000 0.9522
vn 0.5286 -0.0000 -0.8488
vn -0.2905 0.7328 0.6153
vn -0.3358 -0.6141 0.7142
vn 0.0041 0.0001 1.0000
vn 0.1076 0.9891 -0.1004
vn -0.3651 0.7226 0.5870
vn -0.9014 0.0000 0.4331
vn 0.1393 0.0000 0.9903
vn -0.0199 0.9979 -0.0619
vn 0.9084 -0.0011 -0.4182
vn 0.0034 -0.0001 -1.0000
vn -0.4003 -0.6476 -0.6484
vn -0.0391 0.9969 0.0688
vn -0.4425 0.8848 0.1462
vn -0.0817 0.9859 0.1460
vn -0.4006 0.9040 0.1491
vn -0.0594 0.9723 0.2259
vn -0.0002 0.9993 0.0383
vn -0.0010 1.0000 0.0025
vn 0.0005 1.0000 0.0070
vn 0.0000 0.9862 0.1656
vn 0.0000 0.9987 0.0513
vn 0.8500 0.0069 0.5268
vn -0.0000 1.0000 -0.0000
vn 0.0000 -0.9990 0.0444
vn 0.0000 -1.0000 -0.0014
vn 0.0000 0.0000 1.0000
vn 0.0000 0.9607 0.2777
vn 0.0000 0.9627 0.2705
vn 0.0000 -0.9989 -0.0473
vn -0.5287 0.0000 -0.8488
vn 0.6401 -0.5437 -0.5428
vn 0.4450 -0.8322 -0.3307
vn -0.4535 -0.4321 -0.7795
vn -0.2475 -0.4083 -0.8787
vn 0.3044 -0.3352 -0.8916
vn -0.4778 -0.6380 0.6039
vn -0.3839 -0.8525 0.3548
vn 0.4305 -0.7839 0.4474
vn 0.4042 -0.4960 0.7685
vn 0.2243 -0.4751 0.8509
vn -0.1662 -0.3797 0.9101
vn 0.2213 0.2398 0.9453
vn -0.4908 0.1636 -0.8558
vn -0.5714 0.5934 -0.5669
vn -0.4002 0.7213 -0.5653
vn -0.1486 0.5605 -0.8147
vn -0.3532 0.1763 -0.9188
vn 0.3368 0.4837 -0.8078
vn 0.6308 0.6944 -0.3463
vn 0.9006 0.3965 -0.1779
vn 0.8709 -0.3792 -0.3128
vn -0.2717 0.5384 0.7977
vn -0.4667 0.2081 0.8596
vn 0.5089 0.5354 0.6741
vn 0.4619 0.8322 0.3067
vn -0.4424 0.7939 0.4171
vn -0.4599 0.8542 -0.2426
vn 0.4093 0.9020 -0.1377
vn -0.7623 0.3465 0.5467
vn -0.7017 -0.5174 0.4898
vn 0.6706 -0.4460 0.5928
vn 0.7414 0.3597 0.5666
vn 0.5409 0.8411 0.0000
vn 0.5407 0.8412 0.0000
vn 0.8884 0.4590 0.0001
vn 0.8885 0.4589 0.0001
vn 0.8377 -0.5461 -0.0000
vn 0.8382 -0.5453 0.0000
vn 0.4564 -0.8898 0.0000
vn 0.4550 -0.8905 0.0000
vn -0.0471 -0.9989 0.0000
vn -0.0484 -0.9988 0.0000
vn -0.5372 -0.8434 0.0000
vn -0.5408 -0.8411 0.0000
vn -0.8888 -0.4583 0.0000
vn -0.8896 -0.4568 0.0000
vn -0.9989 0.0477 -0.0000
vn -0.9988 0.0497 -0.0000
vn -0.8411 0.5408 -0.0001
vn -0.8406 0.5417 -0.0001
vn -0.4572 0.8894 -0.0001
vn -0.4571 0.8894 -0.0001
vn 0.0482 0.9988 -0.0001
vn 0.0484 0.9988 -0.0001
vn 0.9987 -0.0502 0.0001
vn 0.9987 -0.0504 0.0001
vn -0.3028 -0.9527 0.0275
vn 0.0454 -0.9740 0.2218
vn -0.6484 -0.6072 -0.4593
vn -0.0472 -0.9986 -0.0249
vn -0.0477 -0.9988 -0.0148
vn -0.0520 -0.9961 0.0714
vn 0.0360 0.9949 -0.0947
vn 0.1334 0.9819 -0.1342
vn 0.0949 0.9896 -0.1084
vn -0.9973 0.0032 0.0740
vn -0.9999 0.0031 0.0133
vn -0.9999 0.0031 0.0100
vn -0.5350 0.0455 0.8436
vn 0.2452 -0.9659 0.0835
vn -0.1596 -0.9834 0.0859
vn -0.1162 -0.9880 0.1021
vn -0.0016 -0.9950 0.1003
vn -0.0709 -0.9393 -0.3357
vn 0.3810 -0.9149 -0.1337
vn 0.3695 -0.9245 0.0937
vn -0.9950 -0.0000 0.1001
vn 0.3780 -0.7583 -0.5311
vn 0.4609 0.8874 -0.0015
vn 1.0000 0.0001 -0.0032
vn 0.9970 0.0023 -0.0771
vn 0.9999 0.0023 -0.0110
vn 0.9999 0.0023 -0.0127
vn -0.5997 0.6588 0.4542
vn -0.2740 0.9222 0.2729
vn -0.9989 0.0031 -0.0468
vn 1.0000 -0.0016 0.0076
vn 0.9682 0.0148 0.2498
vn 0.9665 0.0152 0.2562
vn 0.9988 0.0022 0.0484
vn 0.0075 -0.0526 -0.9986
vn 0.5350 -0.0455 -0.8436
vn -0.2907 0.7328 0.6152
vn 0.0992 0.9911 -0.0891
vn -0.0195 0.9981 -0.0591
vn -0.0423 -0.9927 -0.1132
vn -0.1431 -0.9500 0.2775
vn -0.0313 0.9995 0.0090
vn -0.4336 0.8979 0.0762
vn -0.0741 0.9943 0.0761
vn -0.3896 0.9179 0.0751
vn -0.0507 0.9880 0.1458
vn -0.0013 -0.9994 -0.0347
vn -1.0000 0.0016 -0.0076
vn 0.0014 0.9999 -0.0163
vn 0.0003 0.9988 -0.0481
vn 0.0040 0.9992 -0.0387
vn -0.3806 -0.8754 -0.2981
vn 0.1754 -0.8003 -0.5733
vn 0.5033 -0.8277 -0.2483
vn 0.8464 0.0339 0.5314
vn 0.0013 0.9994 -0.0353
vn -0.0075 0.0526 0.9986
vn 0.0001 0.9831 0.1833
vn -0.5223 -0.0438 -0.8517
vn 0.6422 -0.5632 -0.5200
vn 0.4457 -0.8438 -0.2989
vn -0.4500 -0.4589 -0.7661
vn -0.2435 -0.4388 -0.8650
vn 0.3085 -0.3668 -0.8777
vn -0.4816 -0.6158 0.6236
vn -0.3868 -0.8390 0.3827
vn 0.4272 -0.7681 0.4771
vn 0.3996 -0.4690 0.7877
vn 0.2194 -0.4450 0.8683
vn -0.1713 -0.3471 0.9220
vn 0.2168 0.2728 0.9373
vn -0.4862 0.1337 -0.8636
vn -0.5677 0.5736 -0.5905
vn -0.3963 0.7014 -0.5924
vn -0.1437 0.5316 -0.8347
vn -0.3483 0.1441 -0.9262
vn 0.3415 0.4545 -0.8227
vn 0.6334 0.6811 -0.3674
vn 0.9020 0.3890 -0.1872
vn 0.8720 -0.3909 -0.2947
vn 1.0000 -0.0011 0.0051
vn -0.0013 -0.9994 0.0353
vn -1.0000 0.0011 -0.0051
vn 0.1392 -0.0000 -0.9903
vn -0.2750 0.5666 0.7768
vn -0.4708 0.2388 0.8493
vn 0.5061 0.5583 0.6573
vn 0.4614 0.8420 0.2795
vn -0.4435 0.8087 0.3865
vn -0.4576 0.8456 -0.2750
vn 0.4111 0.8961 -0.1674
vn -0.7646 0.3665 0.5302
vn -0.7048 -0.4990 0.5042
vn 0.6670 -0.4255 0.6116
vn 0.7389 0.3787 0.5573
vn 0.0483 0.9988 -0.0001
vn 0.9988 -0.0494 0.0001
vn 0.8397 -0.5430 0.0000
vn 0.4574 -0.8893 0.0000
vn -0.5376 -0.8432 -0.0000
vn -0.8884 -0.4590 -0.0000
vn -0.9989 0.0471 0.0000
vn -0.8411 0.5408 -0.0000
vn -0.4563 0.8898 -0.0001
vn -0.4562 0.8899 -0.0001
vn 0.8626 -0.4853 0.1425
vn -0.0445 -0.9877 -0.1498
vn -0.0449 -0.9892 -0.1398
vn -0.0476 -0.9974 -0.0539
vn -0.3640 0.7187 -0.5923
vn 0.0312 0.9990 0.0309
vn 0.1279 0.9917 -0.0116
vn 0.0898 0.9958 0.0156
vn -0.9957 -0.0116 0.0917
vn -0.9995 -0.0040 0.0315
vn -0.9996 -0.0035 0.0282
vn 0.2473 -0.9684 0.0308
vn -0.1574 -0.9869 0.0353
vn -0.1139 -0.9922 0.0509
vn 0.0007 -0.9989 0.0479
vn -0.0719 -0.9205 -0.3841
vn 0.3814 -0.9058 -0.1845
vn 0.3716 -0.9274 0.0422
vn -0.9953 0.0001 -0.0963
vn 0.9954 0.0173 -0.0940
vn 0.9996 0.0090 -0.0285
vn 0.9995 0.0092 -0.0301
vn -0.5998 0.6588 0.4542
vn 0.2879 0.1217 -0.9499
vn -0.9996 0.0036 -0.0282
vn 0.9700 0.0035 0.2430
vn 0.9684 0.0036 0.2494
vn 0.9995 0.0015 0.0304
vn 0.3230 -0.1184 0.9390
vn -0.2906 0.7328 0.6153
vn 0.0945 0.9949 0.0349
vn -0.0237 0.9974 0.0676
vn -0.0413 -0.9707 -0.2367
vn -0.1395 -0.9636 0.2282
vn -0.0328 0.9976 0.0617
vn -0.4344 0.8918 0.1266
vn -0.0751 0.9888 0.1288
vn -0.3905 0.9119 0.1262
vn -0.0512 0.9789 0.1979
vn -0.0000 -0.9962 -0.0873
vn -0.0002 0.9993 0.0363
vn -0.0017 1.0000 0.0045
vn 0.0021 0.9999 0.0137
vn -0.3816 -0.8593 -0.3407
vn 0.1723 -0.7687 -0.6159
vn 0.5027 -0.8125 -0.2952
vn 0.8504 0.0076 0.5261
vn 0.0000 0.9607 0.2776
vn 0.0000 0.9721 0.2347
vn -0.5286 -0.0000 -0.8488
vn 0.6402 -0.5436 -0.5428
vn 0.4451 -0.8322 -0.3307
vn -0.2474 -0.4083 -0.8787
vn 0.3044 -0.3351 -0.8916
vn 0.4041 -0.4960 0.7685
vn -0.4907 0.1636 -0.8558
vn -0.4001 0.7214 -0.5653
vn -0.1486 0.5606 -0.8147
vn 0.8709 -0.3791 -0.3127
vn 0.5406 0.8413 0.0000
vn 0.9988 -0.0481 0.0001
vn 0.8407 -0.5415 -0.0000
vn 0.4569 -0.8895 0.0000
vn -0.0486 -0.9988 0.0000
vn -0.5410 -0.8410 -0.0000
vn -0.9988 0.0486 0.0000
vn 0.8889 0.4581 0.0001
vn 0.8889 0.4582 0.0001
vn -0.2030 0.9462 0.2520
vn 0.8626 -0.4854 0.1424
vn -0.4137 0.1879 0.8908
vn 0.2720 -0.9397 0.2071
vn -0.1281 -0.9546 0.2689
vn -0.0829 -0.9566 0.2794
vn 0.0305 -0.9644 0.2628
vn -0.0995 -0.9817 -0.1624
vn 0.3754 -0.9263 -0.0324
vn 0.3958 -0.8979 0.1929
vn 0.9912 -0.0053 -0.1320
vn 0.9930 0.0512 0.1062
vn 0.9922 0.0527 0.1126
vn -0.1300 -0.2180 -0.9672
vn 0.4137 -0.1879 -0.8908
vn -0.0859 -0.8899 0.4481
vn -0.0481 0.9872 -0.1523
vn -0.4352 0.9002 -0.0136
vn -0.0811 0.9935 -0.0799
vn -0.3922 0.9196 -0.0242
vn -0.0481 0.9987 -0.0141
vn 0.0122 -0.9912 0.1316
vn -0.9912 0.0053 0.1320
vn -0.0191 0.9832 -0.1815
vn -0.0247 0.9769 -0.2123
vn -0.0198 0.9788 -0.2037
vn -0.4022 -0.9108 -0.0929
vn 0.1089 -0.8854 -0.4518
vn 0.4791 -0.8600 -0.1757
vn 0.9111 0.1176 0.3950
vn 0.1300 0.2180 0.9672
vn 0.0075 0.9998 0.0163
vn -0.6343 -0.1823 -0.7513
vn -0.4001 0.7214 -0.5652
vn 0.8709 -0.3791 -0.3128
vn 0.0239 -0.9901 0.1382
vn 0.1227 -0.9827 -0.1386
vn 0.5088 0.5354 0.6741
vn 0.9988 -0.0485 0.0001
vn 0.8413 -0.5405 0.0000
vn 0.4581 -0.8889 0.0000
vn -0.0476 -0.9989 0.0000
vn -0.5401 -0.8416 0.0000
vn -0.8881 -0.4597 0.0000
vn -0.9989 0.0463 -0.0000
vn 0.0290 -0.9954 -0.0916
vn 0.1239 -0.9923 -0.0005
vn -0.0001 -0.9999 -0.0119
vn -0.0342 0.9922 0.1195
vn 0.2259 0.6169 0.7539
vn 0.7332 0.6606 0.1617
vn 0.1082 -0.9905 -0.0848
vn -0.3244 0.9440 0.0603
vn -0.1616 0.9863 -0.0330
vn -0.2313 0.9336 0.2736
vn -0.0835 -0.9939 -0.0722
vn -0.1063 -0.9915 -0.0749
vn 0.3307 0.9437 -0.0090
vn 0.3184 0.9063 -0.2778
vn 0.7634 0.6397 -0.0895
vn 0.4019 0.7576 -0.5143
vn -0.9750 0.0000 0.2221
vn 0.0770 -0.9959 0.0471
vn -0.4107 0.9116 0.0176
vn -0.7574 0.6317 -0.1651
vn -0.7219 0.6877 0.0768
vn -0.0489 -0.9984 0.0267
vn -0.0495 -0.9981 0.0368
vn -0.0545 -0.9909 0.1227
vn 0.0386 0.9885 -0.1460
vn 0.1363 0.9734 -0.1840
vn 0.0976 0.9824 -0.1589
vn -0.9978 0.0086 0.0663
vn -1.0000 0.0054 0.0056
vn -1.0000 0.0052 0.0023
vn -0.9818 0.0000 -0.1901
vn -0.9277 0.0000 -0.3732
vn 0.9764 -0.0006 -0.2158
vn 0.9680 0.0002 0.2511
vn 0.9680 0.0002 0.2510
vn 0.9764 -0.0006 -0.2159
vn -0.3478 0.6189 -0.7043
vn 0.4609 0.8875 -0.0014
vn 0.9976 -0.0033 -0.0696
vn 1.0000 0.0001 -0.0036
vn 1.0000 0.0000 -0.0052
vn 0.3126 -0.0500 -0.9486
vn -0.9985 0.0022 -0.0544
vn 0.9707 0.0031 0.2401
vn 0.9608 0.0035 0.2772
vn 0.9984 0.0032 0.0557
vn 0.2984 0.0490 0.9532
vn 0.9083 -0.0010 -0.4182
vn -0.3248 0.6950 0.6414
vn 0.1018 0.9849 -0.1397
vn -0.0171 0.9937 -0.1111
vn -0.0434 -0.9971 -0.0617
vn -0.4425 0.8847 0.1464
vn -0.0817 0.9859 0.1461
vn -0.4007 0.9040 0.1493
vn -0.0595 0.9723 0.2261
vn 0.0005 1.0000 0.0069
vn 0.8500 0.0067 0.5267
vn 0.0000 0.9626 0.2708
vn 0.4451 -0.8322 -0.3308
vn -0.4534 -0.4321 -0.7796
vn -0.4777 -0.6381 0.6039
vn 0.4041 -0.4960 0.7686
vn -0.1662 -0.3797 0.9100
vn -0.2718 0.5384 0.7977
vn -0.4668 0.2081 0.8595
vn -0.4425 0.7939 0.4170
vn 0.7414 0.3597 0.5665
vn 0.8419 -0.5397 0.0001
vn 0.4609 -0.8874 -0.0000
vn -0.0463 -0.9989 0.0000
vn -0.5387 -0.8425 0.0000
vn -0.8874 -0.4610 -0.0000
vn -0.9990 0.0441 -0.0000
vn -0.8417 0.5400 -0.0001
vn 0.9988 -0.0486 0.0001
vn 0.5409 0.8411 0.0001
vn 0.5407 0.8412 0.0001
vn 0.8884 0.4591 0.0002
vn 0.8885 0.4589 0.0002
vn -0.0470 -0.9989 0.0000
vn -0.5372 -0.8435 0.0000
vn -0.5408 -0.8411 0.0001
vn -0.8896 -0.4568 0.0001
vn -0.8412 0.5408 -0.0001
vn -0.8406 0.5417 -0.0002
vn -0.4572 0.8894 -0.0002
vn -0.4571 0.8894 -0.0002
vn 0.5405 0.8414 0.0000
vn 0.4570 -0.8895 0.0000
vn -0.5406 -0.8413 -0.0000
vn -0.9989 0.0464 -0.0000
vn 0.8888 0.4582 0.0002
vn 0.8889 0.4580 0.0002
vn -0.4563 0.8898 -0.0002
vn -0.4562 0.8899 -0.0002
vn 0.9988 -0.0486 0.0002
vn -0.0720 -0.9205 -0.3841
vn -0.0000 0.9722 -0.2341
vn 0.0000 -0.9962 -0.0872
vn -0.0003 0.9993 0.0363
vn -0.3816 -0.8592 -0.3407
vn 0.1747 -0.5491 -0.8173
vn -0.2974 0.3715 -0.8795
vn 0.2515 0.4603 -0.8514
vn -0.5739 -0.5578 0.5996
vn -0.3754 -0.7922 0.4812
vn 0.3965 -0.7364 0.5482
vn 0.5487 -0.4328 0.7153
vn 0.4269 -0.3243 0.8441
vn -0.2835 -0.2155 0.9344
vn 0.3885 0.4395 0.8099
vn -0.3308 -0.6375 -0.6958
vn -0.5748 -0.0845 -0.8139
vn 0.3975 -0.8022 -0.4456
vn -0.4872 -0.7654 -0.4205
vn 0.7747 -0.3843 0.5021
vn 0.8676 0.4369 0.2376
vn 0.6592 0.6842 0.3121
vn 0.8155 0.4601 -0.3510
vn 0.8443 -0.3368 -0.4168
vn 0.7415 -0.2845 -0.6076
vn 0.8109 0.2575 -0.5255
vn 0.0000 -0.9722 0.2341
vn 0.0000 0.9722 0.2341
vn -0.2958 0.7875 0.5407
vn -0.6193 0.4432 0.6482
vn 0.4645 0.8856 0.0060
vn -0.4224 0.9003 0.1052
vn -0.5361 0.6421 -0.5480
vn -0.4763 0.7968 -0.3717
vn 0.2503 0.8197 -0.5152
vn -0.8549 0.4563 0.2468
vn -0.8283 -0.4223 0.3681
vn -0.7342 -0.0869 -0.6733
vn -0.7179 0.4701 -0.5135
vn -0.1747 -0.5491 0.8173
vn 0.2974 0.3715 0.8795
vn -0.2515 0.4603 0.8514
vn 0.5739 -0.5577 -0.5996
vn 0.3754 -0.7921 -0.4812
vn -0.3965 -0.7364 -0.5482
vn -0.5486 -0.4328 -0.7153
vn -0.4269 -0.3243 -0.8442
vn 0.2835 -0.2155 -0.9344
vn -0.3885 0.4395 -0.8099
vn 0.3308 -0.6375 0.6958
vn 0.5748 -0.0845 0.8139
vn -0.3975 -0.8022 0.4456
vn 0.4872 -0.7654 0.4205
vn -0.7747 -0.3843 -0.5021
vn -0.8676 0.4369 -0.2376
vn -0.6592 0.6841 -0.3121
vn -0.8155 0.4601 0.3510
vn -0.8443 -0.3368 0.4168
vn -0.7415 -0.2845 0.6076
vn -0.8109 0.2575 0.5255
vn 0.0000 -0.9722 -0.2341
vn -0.6406 -0.7679 0.0000
vn 0.2958 0.7875 -0.5407
vn 0.6193 0.4432 -0.6482
vn -0.4645 0.8856 -0.0060
vn 0.4224 0.9003 -0.1052
vn 0.5361 0.6421 0.5480
vn 0.4763 0.7968 0.3717
vn -0.2503 0.8197 0.5152
vn 0.8549 0.4563 -0.2468
vn 0.8283 -0.4223 -0.3681
vn 0.7342 -0.0869 0.6733
vn 0.7179 0.4701 0.5135
vn 0.4525 -0.8251 -0.3383
vn 0.7054 -0.5928 -0.3887
vn 0.7142 -0.6002 0.3601
vn 0.4535 -0.8248 0.3375
vn 0.0450 -0.4834 -0.8743
vn -0.4775 -0.0427 -0.8776
vn -0.2728 0.2292 -0.9344
vn 0.3091 -0.2597 -0.9149
vn 0.8340 -0.3465 0.4293
vn 0.8559 -0.3499 -0.3807
vn 0.9644 0.2631 0.0255
vn -0.7036 0.5912 -0.3942
vn -0.8897 0.3030 -0.3416
vn -0.8909 0.3031 0.3383
vn -0.7081 0.5951 0.3801
vn 0.0060 -0.0037 -1.0000
vn 0.0055 -0.0034 -1.0000
vn 0.4758 -0.2994 -0.8270
vn 0.4750 -0.2989 -0.8277
vn 0.8459 -0.5333 0.0022
vn 0.8459 -0.5333 0.0019
vn 0.8034 -0.5066 0.3129
vn 0.8070 -0.5089 0.2996
vn 0.4551 -0.2870 0.8429
vn 0.4614 -0.2910 0.8381
vn 0.0049 -0.0031 1.0000
vn 0.0052 -0.0033 1.0000
vn -0.3847 0.2426 0.8906
vn -0.3881 0.2448 0.8885
vn -0.7427 0.4685 0.4784
vn -0.7473 0.4714 0.4683
vn -0.8458 0.5335 0.0080
vn -0.8458 0.5335 -0.0001
vn -0.7512 0.4738 -0.4596
vn -0.7472 0.4713 -0.4686
vn -0.3884 0.2449 -0.8883
vn -0.3867 0.2438 -0.8894
vn -0.6433 -0.7656 0.0018
vn 0.8125 -0.5119 -0.2789
vn 0.8144 -0.5130 -0.2713
vn 0.8639 -0.4752 0.1671
vn 0.8686 -0.4744 -0.1433
vn 0.6406 0.7678 -0.0104
vn -0.1977 0.4227 0.8844
vn 0.1255 0.1783 0.9759
vn 0.8935 0.4485 -0.0242
vn -0.2464 0.3548 0.9019
vn 0.4267 -0.0697 0.9017
vn 0.2799 0.4420 0.8522
vn 0.4092 0.0625 0.9103
vn 0.9203 -0.3538 0.1670
vn 0.5304 0.8477 -0.0112
vn 0.9179 -0.3966 -0.0152
vn 0.9094 -0.3730 -0.1839
vn 0.8927 0.4474 -0.0535
vn -0.5903 0.7838 0.1929
vn 0.0492 0.2889 0.9561
vn 0.6283 0.7776 -0.0247
vn 0.9071 -0.4209 0.0001
vn 0.8641 -0.3336 -0.3768
vn 0.9625 0.2710 0.0129
vn -0.1647 0.4296 -0.8879
vn -0.4897 0.7342 -0.4703
vn 0.9288 0.3679 -0.0458
vn 0.8663 -0.4846 -0.1213
vn 0.3178 0.1398 -0.9378
vn 0.6133 0.7898 -0.0116
vn 0.3655 0.0902 -0.9264
vn -0.0493 0.3822 -0.9228
vn 0.5696 0.8218 -0.0131
vn -0.6734 0.6361 -0.3767
vn -0.7706 0.6373 0.0001
vn -0.1675 0.9858 0.0137
vn 0.5152 -0.0731 0.8540
vn -0.6822 0.6277 0.3750
vn 0.5401 -0.1341 0.8308
vn 0.9096 -0.4010 0.1087
vn 0.9888 -0.1368 0.0600
vn -0.7656 0.6433 0.0000
vn -0.6768 0.6663 -0.3131
vn -0.8901 0.3018 -0.3415
vn -0.4807 -0.0412 0.8759
vn 0.0422 -0.4806 0.8759
vn 0.3844 -0.0071 0.9231
vn -0.0732 0.3774 0.9232
vn -0.8897 0.3019 0.3424
vn -0.6624 0.6756 0.3239
vn 0.0570 0.3565 -0.9325
vn -0.5691 0.7654 -0.3006
vn 0.7656 -0.6433 -0.0000
vn 0.4506 -0.8248 -0.3416
vn 0.7721 -0.5527 -0.3136
vn 0.6902 -0.2090 -0.6928
vn 0.3250 -0.0896 -0.9414
vn -0.1450 0.3066 -0.9407
vn -0.3256 0.6303 -0.7048
vn 0.6406 0.7617 -0.0968
vn 0.7796 -0.5360 0.3239
vn 0.4507 -0.8244 0.3424
vn 0.4361 -0.0667 -0.8974
vn -0.2126 0.3867 -0.8974
vn 0.3170 0.4532 -0.8331
vn 0.1266 0.3684 0.9210
vn 0.3634 0.1559 0.9185
vn 0.5965 0.8022 -0.0260
vn -0.3088 0.2159 -0.9263
vn 0.3083 -0.2155 -0.9266
vn 0.0840 -0.4732 -0.8769
vn -0.4739 -0.0834 -0.8766
vn -0.4742 -0.0853 0.8763
vn 0.0828 -0.4746 0.8763
vn 0.3082 -0.2154 0.9266
vn -0.3083 0.2154 0.9266
vn -0.8196 0.5729 0.0000
vn -0.7526 0.5261 -0.3960
vn -0.9125 0.2221 -0.3436
vn 0.8196 -0.5729 -0.0000
vn 0.5220 -0.7804 -0.3441
vn 0.7524 -0.5259 -0.3966
vn 0.7525 -0.5260 0.3963
vn 0.5217 -0.7812 0.3428
vn 0.4141 0.0067 0.9102
vn -0.4787 -0.0422 0.8770
vn 0.0387 -0.4766 0.8783
vn 0.2895 -0.2433 0.9258
vn -0.2918 0.2452 0.9245
vn -0.8894 0.3027 0.3426
vn -0.7068 0.5940 0.3842
vn -0.7069 0.5940 -0.3841
vn -0.8898 0.3018 -0.3423
vn -0.5250 0.7606 -0.3820
vn -0.5118 0.7670 0.3870
vn -0.3975 0.9176 -0.0029
vn -0.1225 0.4010 0.9078
vn 0.5037 -0.0784 -0.8603
vn 0.9162 -0.3324 0.2239
vn 0.9189 -0.3262 -0.2217
vn 0.7059 -0.5931 0.3872
vn 0.4510 -0.8232 0.3450
vn 0.4505 -0.8229 -0.3463
vn 0.7055 -0.5928 -0.3885
vn -0.5830 0.8123 -0.0173
vn 0.7193 -0.6502 -0.2446
vn 0.7141 -0.6456 -0.2707
vn 0.3247 -0.2909 -0.9000
vn 0.3574 -0.3211 -0.8770
vn 0.9216 -0.3605 -0.1439
vn -0.6423 0.5732 0.5088
vn -0.6507 0.5809 0.4890
vn -0.1673 0.1426 0.9755
vn -0.1724 0.1472 0.9740
vn 0.5916 -0.5366 0.6016
vn 0.6159 -0.5581 0.5561
vn 0.1416 -0.1352 0.9806
vn 0.1367 -0.1308 0.9819
vn -0.7357 -0.6773 0.0021
vn -0.5891 0.5340 -0.6064
vn -0.5961 0.5403 -0.5939
vn -0.1333 0.1275 -0.9828
vn -0.1425 0.1357 -0.9805
vn 0.3247 0.1866 -0.9272
vn 0.0758 0.3981 -0.9142
vn 0.9132 -0.3737 0.1625
vn 0.2523 0.0136 0.9676
vn 0.8169 -0.4820 0.3168
vn -0.0665 0.4140 0.9078
vn -0.5159 0.8311 -0.2078
vn -0.5115 0.8407 0.1779
vn -0.8654 0.3972 0.3054
vn -0.6376 0.6915 0.3395
vn -0.6787 0.7342 -0.0190
vn -0.6787 0.7342 -0.0195
vn -0.4933 0.7470 0.4458
vn -0.6282 0.6815 -0.3753
vn -0.8543 0.3947 -0.3383
vn 0.6741 -0.7384 0.0173
vn 0.6741 -0.7384 0.0203
vn 0.5111 -0.5594 -0.6526
vn 0.5283 -0.5782 -0.6218
vn -0.4373 -0.0663 0.8969
vn 0.5025 -0.5499 0.6672
vn 0.5269 -0.5766 0.6244
vn -0.1783 0.1942 0.9646
vn 0.6134 -0.3370 -0.7142
vn 0.3046 -0.0101 -0.9524
vn 0.8799 -0.4750 0.0085
vn 0.5541 -0.2577 -0.7916
vn 0.1573 0.0365 -0.9869
vn 0.9552 -0.2959 0.0042
vn -0.4324 -0.0866 0.8975
vn 0.3076 -0.2584 0.9158
vn -0.2378 0.1998 0.9506
vn 0.9164 -0.3639 0.1667
vn -0.7224 0.6787 0.1324
vn 0.1187 0.1690 -0.9784
vn -0.6006 0.7996 0.0000
vn -0.2386 0.2005 -0.9502
vn 0.4546 -0.3820 -0.8046
vn -0.4336 -0.0860 -0.8970
vn 0.7467 -0.6275 0.2205
vn -0.6182 0.5638 -0.5477
vn -0.6161 0.5619 -0.5520
vn -0.1450 0.1323 -0.9805
vn -0.1505 0.1373 -0.9790
vn -0.5729 -0.8196 0.0000
vn 0.9181 -0.3964 -0.0080
vn -0.4093 0.2862 0.8664
vn 0.3900 -0.2718 0.8798
vn 0.3887 -0.2708 0.8806
vn -0.4057 0.2837 0.8689
vn 0.7849 -0.5477 0.2898
vn 0.7737 -0.5411 -0.3295
vn 0.7752 -0.5421 -0.3244
vn 0.7844 -0.5474 0.2918
vn -0.6169 0.7800 0.1047
vn -0.0085 0.2555 0.9668
vn -0.6408 -0.7677 0.0000
vn -0.7827 0.5471 -0.2968
vn -0.7918 0.5535 0.2583
vn -0.7914 0.5532 0.2602
vn -0.7835 0.5476 -0.2937
vn -0.3842 0.2685 -0.8833
vn -0.3805 0.2658 -0.8858
vn 0.8415 -0.5398 -0.0206
vn 0.8417 -0.5398 -0.0157
vn 0.9915 0.1294 -0.0129
vn -0.1599 0.4414 0.8829
vn 0.2168 0.3424 -0.9142
vn -0.0808 0.5674 -0.8195
vn 0.8560 0.5135 -0.0608
vn 0.3496 0.0230 -0.9366
vn -0.0463 0.3569 -0.9330
vn 0.6404 0.7679 -0.0111
vn 0.3550 -0.2487 -0.9012
vn 0.3594 -0.2518 -0.8986
vn 0.8069 -0.4478 0.3851
vn 0.8041 -0.4554 -0.3822
vn 0.9248 -0.3805 -0.0012
vn -0.6234 0.7706 0.1325
vn -0.2125 0.3591 0.9088
vn 0.4019 -0.1404 0.9049
vn 0.4878 0.5836 0.6492
vn -0.7221 0.6772 -0.1415
vn 0.3922 -0.1556 -0.9066
vn -0.2262 0.3471 -0.9101
vn 0.4878 0.5831 -0.6497
vn 0.4316 0.0838 0.8982
vn -0.2012 0.3911 0.8981
vn 0.0836 0.0988 0.9916
vn 0.3551 0.4147 0.8378
vn -0.5335 -0.8458 -0.0024
vn -0.3965 0.8074 -0.4370
vn -0.6440 -0.7650 -0.0025
vn 0.4524 -0.8251 -0.3385
vn 0.7055 -0.5928 -0.3883
vn 0.7138 -0.5998 0.3616
vn 0.4533 -0.8248 0.3379
vn 0.9108 -0.3736 -0.1757
vn 0.8012 -0.4399 -0.4056
vn 0.0448 -0.4832 -0.8744
vn -0.4779 -0.0426 -0.8774
vn -0.2741 0.2304 -0.9337
vn 0.3080 -0.2588 -0.9155
vn 0.8308 -0.3571 0.4270
vn 0.8509 -0.3604 -0.3823
vn 0.9662 0.2566 0.0236
vn 0.8684 -0.4746 -0.1435
vn 0.1419 0.1679 0.9755
vn -0.5753 0.7178 -0.3921
vn -0.6773 0.7357 -0.0016
vn -0.0253 0.9997 -0.0048
vn -0.7038 0.5915 -0.3934
vn -0.8897 0.3029 -0.3415
vn -0.8908 0.3030 0.3385
vn -0.7081 0.5950 0.3803
vn 0.8259 -0.3809 0.4157
vn 0.8429 -0.5379 -0.0108
vn 0.9860 0.1646 -0.0277
vn 0.0058 -0.0039 -1.0000
vn 0.0053 -0.0036 -1.0000
vn 0.4612 -0.3217 -0.8269
vn 0.4603 -0.3210 -0.8277
vn 0.8197 -0.5727 0.0022
vn 0.8197 -0.5727 0.0019
vn 0.7783 -0.5439 0.3138
vn 0.7820 -0.5465 0.2996
vn 0.4406 -0.3079 0.8433
vn 0.4471 -0.3125 0.8381
vn 0.0047 -0.0033 1.0000
vn 0.0050 -0.0035 1.0000
vn -0.3725 0.2604 0.8907
vn -0.3761 0.2629 0.8885
vn -0.7195 0.5029 0.4791
vn -0.7242 0.5062 0.4682
vn -0.8196 0.5729 0.0085
vn -0.8196 0.5729 -0.0001
vn -0.7282 0.5090 -0.4591
vn -0.7241 0.5061 -0.4686
vn -0.3765 0.2631 -0.8883
vn -0.3747 0.2618 -0.8894
vn -0.6433 -0.7656 0.0017
vn 0.7874 -0.5497 -0.2789
vn 0.7893 -0.5511 -0.2708
vn -0.6234 0.7691 -0.1413
vn -0.5973 0.7188 0.3558
vn -0.0716 0.4396 0.8953
vn 0.6168 -0.1462 -0.7734
vn -0.4907 0.8707 -0.0333
vn 0.5076 -0.0781 -0.8580
vn 0.7942 -0.4087 -0.4496
vn 0.2161 0.0669 0.9741
vn -0.5193 0.7647 -0.3817
vn -0.5175 0.7584 0.3963
vn -0.0075 0.9999 0.0154
vn -0.5237 0.7038 -0.4800
vn -0.6740 0.7385 -0.0182
vn 0.0599 0.9978 -0.0294
vn 0.5095 -0.1186 0.8522
vn 0.8638 -0.4754 0.1670
vn -0.0943 0.3473 -0.9330
vn -0.0804 0.4765 0.8755
vn 0.4830 0.0030 0.8756
vn 0.2868 0.3369 0.8968
vn -0.5178 0.7481 0.4151
vn 0.4605 0.0015 -0.8877
vn -0.1408 0.4931 -0.8585
vn 0.3412 0.4364 -0.8325
vn -0.7244 0.6087 -0.3237
vn -0.8918 0.3047 -0.3344
vn -0.4861 -0.0345 0.8732
vn 0.0499 -0.4849 0.8732
vn 0.3027 -0.2544 0.9185
vn -0.3025 0.2542 0.9186
vn -0.8923 0.3065 0.3314
vn -0.7121 0.5984 0.3672
vn -0.3969 0.8316 0.3886
vn 0.4556 -0.8266 -0.3305
vn 0.7208 -0.6057 -0.3369
vn 0.4207 -0.0645 -0.9049
vn -0.1244 0.3926 -0.9113
vn 0.2321 0.2598 -0.9373
vn 0.7123 -0.5985 0.3667
vn 0.4556 -0.8262 0.3313
vn 0.4387 -0.0460 -0.8974
vn -0.2306 0.3762 -0.8974
vn 0.2952 0.4677 -0.8332
vn -0.5763 0.8141 -0.0718
vn -0.5764 0.8156 -0.0504
vn -0.5764 0.8153 -0.0561
vn -0.3187 0.2010 -0.9263
vn 0.3182 -0.2007 -0.9265
vn 0.1063 -0.4687 -0.8769
vn -0.4695 -0.1057 -0.8766
vn -0.4697 -0.1076 0.8763
vn 0.1052 -0.4702 0.8763
vn 0.3181 -0.2006 0.9266
vn -0.3181 0.2006 0.9266
vn -0.8458 0.5335 -0.0000
vn -0.7767 0.4899 -0.3960
vn -0.9220 0.1787 -0.3436
vn 0.8458 -0.5335 -0.0000
vn 0.5584 -0.7549 -0.3441
vn 0.7764 -0.4897 -0.3966
vn 0.7766 -0.4898 0.3963
vn 0.5581 -0.7557 0.3427
vn 0.8774 -0.4536 0.1565
vn -0.4803 -0.0418 0.8761
vn 0.0408 -0.4797 0.8765
vn 0.2919 -0.2453 0.9245
vn -0.2926 0.2459 0.9241
vn -0.8898 0.3021 0.3421
vn -0.7072 0.5942 0.3832
vn -0.7072 0.5942 -0.3831
vn -0.8901 0.3016 -0.3416
vn -0.6105 0.6920 -0.3852
vn -0.6036 0.6962 0.3886
vn -0.5633 0.8262 -0.0007
vn 0.2232 0.2645 -0.9382
vn -0.0529 0.5326 -0.8447
vn 0.9214 0.3845 -0.0568
vn -0.0462 0.3573 -0.9329
vn -0.6637 0.7362 0.1324
vn 0.7069 -0.5940 0.3841
vn 0.4507 -0.8243 0.3427
vn 0.4507 -0.8242 -0.3430
vn 0.7067 -0.5939 -0.3845
vn -0.1199 0.4554 0.8822
vn 0.4607 -0.0288 0.8871
vn 0.3237 0.4105 0.8525
vn 0.6966 -0.6405 -0.3234
vn 0.6897 -0.6346 -0.3487
vn 0.3011 -0.2803 -0.9115
vn 0.3263 -0.3038 -0.8951
vn 0.8492 -0.4812 0.2173
vn -0.6102 0.5566 0.5638
vn -0.6176 0.5634 0.5488
vn -0.1505 0.1373 0.9790
vn -0.1606 0.1465 0.9761
vn 0.6178 -0.5635 0.5484
vn 0.6389 -0.5827 0.5023
vn 0.1515 -0.1382 0.9788
vn 0.1505 -0.1373 0.9790
vn -0.6421 -0.7666 0.0045
vn 0.1201 0.1711 -0.9779
vn -0.6433 -0.7656 -0.0000
vn -0.5726 -0.8198 0.0010
vn -0.5762 0.8168 -0.0298
vn 0.4139 0.0064 0.9103
vn -0.9354 0.2852 0.2091
vn -0.7496 0.6223 0.2253
vn -0.7762 0.6255 -0.0790
vn -0.7760 0.6251 -0.0842
vn -0.0683 0.5966 0.7997
vn -0.7353 0.5788 -0.3527
vn -0.9120 0.2742 -0.3050
vn 0.7724 -0.6310 0.0728
vn 0.7720 -0.6300 0.0847
vn 0.5523 -0.4912 -0.6736
vn 0.5790 -0.5110 -0.6353
vn -0.4875 -0.0560 0.8713
vn 0.5318 -0.3957 0.7487
vn 0.5779 -0.4370 0.6893
vn -0.2515 0.2567 0.9332
vn 0.2452 0.0902 -0.9653
vn 0.4015 -0.4375 -0.8046
vn 0.6595 -0.7186 0.2205
vn 0.3076 -0.2585 0.9158
vn -0.2377 0.1998 0.9506
vn -0.3477 0.8226 -0.4499
vn 0.8644 -0.3293 0.3799
vn 0.8607 -0.3427 -0.3765
vn 0.9816 -0.1907 -0.0040
vn -0.6430 -0.7658 0.0006
vn -0.1465 0.4393 0.8863
vn 0.4754 -0.0543 0.8781
vn 0.5039 0.6100 0.6115
vn -0.5335 -0.8458 0.0000
vn 0.2079 0.0607 0.9763
vn 0.4486 -0.1399 0.8827
vn 0.9815 -0.1910 0.0106
vn -0.4224 0.2665 0.8664
vn 0.4024 -0.2530 0.8798
vn 0.4012 -0.2522 0.8806
vn -0.4189 0.2643 0.8687
vn 0.8099 -0.5100 0.2898
vn 0.7984 -0.5039 -0.3295
vn 0.7998 -0.5048 -0.3248
vn 0.8094 -0.5097 0.2916
vn -0.6630 0.7350 -0.1419
vn -0.8077 0.5095 -0.2968
vn -0.8171 0.5154 0.2583
vn -0.8167 0.5151 0.2601
vn -0.8084 0.5099 -0.2939
vn -0.3963 0.2499 -0.8835
vn -0.3926 0.2476 -0.8858
vn 0.8793 -0.4760 -0.0136
vn 0.4602 -0.0801 -0.8842
vn -0.1704 0.4203 -0.8912
vn 0.5034 0.6087 -0.6132
vn 0.6636 -0.1185 0.7386
vn 0.9139 -0.4010 0.0631
vn 0.9887 -0.1483 0.0213
vn -0.0669 0.4140 0.9078
vn 0.7970 -0.4745 0.3737
vn 0.8343 -0.5514 0.0001
vn 0.9908 0.1345 0.0125
vn 0.3664 -0.2317 -0.9012
vn 0.3706 -0.2344 -0.8987
vn 0.5022 -0.3168 -0.8046
vn 0.8250 -0.5204 0.2205
vn -0.6442 -0.7649 -0.0027
vn -0.4537 -0.0175 0.8910
vn 0.0873 -0.4423 0.8926
vn 0.3392 -0.1712 0.9250
vn -0.2624 0.2851 0.9219
vn 0.2339 0.3687 0.8996
vn -0.4360 0.8995 -0.0290
vn 0.1416 0.0425 0.9890
vn 0.4175 -0.1024 0.9029
vn 0.9865 -0.1635 0.0042
vn 0.7781 -0.4703 0.4164
vn 0.7710 -0.6368 -0.0029
vn 0.9987 0.0420 -0.0291
vn 0.0527 0.2917 0.9550
vn 0.3029 0.0566 0.9513
vn 0.6283 0.7776 -0.0248
vn 0.6074 -0.2533 0.7529
vn 0.8561 -0.5139 0.0551
vn 0.9339 -0.3575 0.0085
vn 0.8370 -0.4989 0.2248
vn 0.8371 -0.5000 -0.2220
vn -0.2072 0.3715 0.9050
vn 0.4020 -0.1404 0.9048
vn 0.3197 0.3794 0.8682
vn 0.4522 -0.8250 -0.3390
vn 0.7054 -0.5927 -0.3887
vn 0.7137 -0.5997 0.3619
vn 0.4531 -0.8248 0.3382
vn 0.2753 0.0810 -0.9579
vn 0.0186 0.3159 -0.9486
vn 0.8732 -0.4519 -0.1824
vn 0.0445 -0.4830 -0.8745
vn -0.4780 -0.0427 -0.8773
vn -0.2740 0.2303 -0.9338
vn 0.3077 -0.2585 -0.9157
vn 0.8230 -0.3752 0.4264
vn 0.8421 -0.3793 -0.3833
vn 0.9683 0.2489 0.0233
vn 0.8018 -0.4647 -0.3757
vn 0.7434 -0.4972 -0.4474
vn 0.6137 0.1724 0.7705
vn -0.7038 0.5914 -0.3935
vn -0.8897 0.3026 -0.3418
vn -0.8908 0.3027 0.3390
vn -0.7080 0.5949 0.3806
vn -0.3475 0.8440 0.4085
vn 0.0054 -0.0044 -1.0000
vn 0.0050 -0.0041 -1.0000
vn 0.4308 -0.3612 -0.8270
vn 0.4300 -0.3606 -0.8277
vn 0.7657 -0.6432 0.0022
vn 0.7657 -0.6432 0.0019
vn 0.7272 -0.6110 0.3129
vn 0.7305 -0.6137 0.2996
vn 0.4119 -0.3461 0.8429
vn 0.4177 -0.3510 0.8381
vn 0.0044 -0.0037 1.0000
vn 0.0047 -0.0039 1.0000
vn -0.3482 0.2926 0.8906
vn -0.3513 0.2952 0.8885
vn -0.6723 0.5650 0.4784
vn -0.6765 0.5684 0.4683
vn -0.7656 0.6433 0.0080
vn -0.7656 0.6433 -0.0001
vn -0.6799 0.5713 -0.4597
vn -0.6763 0.5683 -0.4686
vn -0.3516 0.2954 -0.8883
vn -0.3500 0.2940 -0.8894
vn -0.6433 -0.7656 0.0019
vn 0.7356 -0.6174 -0.2788
vn 0.7372 -0.6188 -0.2713
vn -0.5960 0.7098 -0.3755
vn -0.6869 0.7268 0.0001
vn -0.0376 0.9992 0.0132
vn -0.4058 0.7606 -0.5067
vn -0.5625 0.8258 -0.0401
vn 0.1946 0.9802 -0.0375
vn -0.6236 0.7705 0.1324
vn -0.6045 0.7033 0.3741
vn 0.8517 -0.4797 0.2107
vn 0.5914 -0.2405 -0.7697
vn -0.0069 0.4968 0.8678
vn 0.4886 -0.0417 0.8715
vn 0.3446 0.3125 0.8852
vn -0.4029 0.8152 0.4160
vn -0.5800 0.7853 -0.2168
vn -0.5861 0.7870 0.1925
vn 0.4953 -0.1222 -0.8601
vn 0.9868 -0.1024 0.1257
vn -0.0406 0.5556 0.8305
vn 0.7424 -0.5482 0.3851
vn 0.7386 -0.5553 -0.3822
vn 0.8680 -0.4966 -0.0012
vn 0.9067 -0.3615 0.2173
vn 0.5839 -0.1801 -0.7916
vn 0.4608 -0.0288 0.8871
vn 0.3237 0.4104 0.8525
vn -0.1644 0.3835 0.9088
vn 0.3804 -0.1911 0.9049
vn 0.5590 0.5157 0.6492
vn -0.7265 0.6105 -0.3155
vn -0.8922 0.3053 -0.3330
vn -0.4870 -0.0332 0.8728
vn 0.0513 -0.4855 0.8727
vn 0.3044 -0.2558 0.9176
vn -0.3041 0.2555 0.9177
vn -0.8927 0.3073 0.3296
vn -0.7128 0.5990 0.3647
vn -0.6235 0.7689 -0.1415
vn 0.4566 -0.8270 -0.3282
vn 0.7227 -0.6073 -0.3301
vn 0.4280 -0.0494 -0.9024
vn -0.1088 0.4004 -0.9099
vn 0.2479 0.2752 -0.9289
vn 0.7130 -0.5992 0.3641
vn 0.4565 -0.8265 0.3294
vn 0.4285 -0.1051 -0.8974
vn -0.1775 0.4041 -0.8974
vn 0.3560 0.4233 -0.8331
vn 0.3689 -0.2049 -0.9066
vn -0.1795 0.3734 -0.9102
vn 0.5589 0.5153 -0.6497
vn -0.2885 0.2424 -0.9263
vn 0.2880 -0.2420 -0.9265
vn 0.0418 -0.4788 -0.8769
vn -0.4795 -0.0410 -0.8766
vn -0.4799 -0.0429 0.8763
vn 0.0404 -0.4801 0.8763
vn 0.2879 -0.2419 0.9266
vn -0.2879 0.2419 0.9266
vn -0.7030 0.5908 -0.3959
vn -0.8892 0.3021 -0.3436
vn 0.4508 -0.8237 -0.3440
vn 0.7028 -0.5906 -0.3966
vn 0.7029 -0.5907 0.3963
vn 0.4504 -0.8244 0.3428
vn -0.5726 -0.8198 0.0004
vn -0.4817 0.0205 0.8761
vn -0.0215 -0.4809 0.8765
vn 0.2577 -0.2808 0.9245
vn -0.2584 0.2816 0.9241
vn -0.8433 0.4144 0.3421
vn -0.6245 0.6805 0.3832
vn -0.6245 0.6805 -0.3831
vn -0.8437 0.4140 -0.3417
vn -0.5134 0.7668 -0.3852
vn -0.5058 0.7701 0.3887
vn -0.4466 0.8947 -0.0007
vn 0.6243 -0.6802 0.3842
vn 0.3406 -0.8755 0.3427
vn 0.3405 -0.8754 -0.3431
vn 0.6241 -0.6801 -0.3846
vn 0.3436 0.0704 -0.9365
vn -0.0942 0.3477 -0.9329
vn 0.5305 0.8476 -0.0104
vn 0.7220 -0.6116 -0.3234
vn 0.7149 -0.6061 -0.3487
vn 0.3122 -0.2679 -0.9115
vn 0.3384 -0.2903 -0.8951
vn 0.2293 0.0811 -0.9700
vn -0.6323 0.5313 0.5638
vn -0.6400 0.5378 0.5488
vn -0.1559 0.1310 0.9790
vn -0.1664 0.1398 0.9761
vn 0.6402 -0.5380 0.5484
vn 0.6620 -0.5563 0.5023
vn 0.1570 -0.1319 0.9788
vn 0.1559 -0.1310 0.9790
vn -0.5322 -0.8466 0.0021
vn -0.6384 0.5364 -0.5520
vn -0.6406 0.5383 -0.5477
vn -0.1503 0.1263 -0.9805
vn -0.1560 0.1310 -0.9790
vn 0.2398 0.2838 0.9284
vn 0.1461 0.0229 0.9890
vn 0.3998 -0.1581 0.9029
vn 0.1337 0.1584 -0.9783
vn -0.9393 0.1562 0.3054
vn -0.7967 0.5000 0.3395
vn -0.8476 0.5304 -0.0190
vn -0.8476 0.5303 -0.0195
vn 0.9878 -0.1528 -0.0282
vn -0.7851 0.4927 -0.3753
vn -0.9279 0.1567 -0.3383
vn 0.8443 -0.5356 0.0173
vn 0.8442 -0.5356 0.0203
vn 0.6400 -0.4056 -0.6526
vn 0.6615 -0.4193 -0.6218
vn -0.4046 -0.1787 0.8969
vn 0.6292 -0.3987 0.6672
vn 0.6597 -0.4182 0.6244
vn -0.2230 0.1406 0.9646
vn 0.6804 -0.1642 -0.7142
vn 0.2966 0.0702 -0.9524
vn 0.9738 -0.2274 0.0085
vn -0.4469 -0.1498 0.8820
vn 0.2992 -0.3265 0.8966
vn 0.2833 -0.3152 0.9057
vn -0.2841 0.1197 0.9513
vn 0.8432 -0.3857 0.3746
vn 0.8862 -0.4633 0.0001
vn 0.9742 0.2252 0.0129
vn 0.9249 -0.3522 -0.1433
vn 0.1509 0.0575 -0.9869
vn -0.5982 0.7947 0.1026
vn -0.4849 0.7295 0.4824
vn -0.4852 0.8726 0.0571
vn -0.2240 0.2721 -0.9358
vn 0.4807 -0.2853 -0.8292
vn 0.4833 -0.2876 -0.8269
vn -0.4273 -0.0386 -0.9033
vn 0.7768 -0.6160 0.1313
vn 0.7705 -0.6150 0.1675
vn -0.3823 0.3213 0.8664
vn 0.3644 -0.3053 0.8798
vn 0.3632 -0.3043 0.8806
vn -0.3790 0.3185 0.8689
vn 0.7332 -0.6152 0.2898
vn 0.7227 -0.6076 -0.3295
vn 0.7240 -0.6087 -0.3244
vn 0.7328 -0.6148 0.2917
vn 0.5987 0.0241 0.8006
vn -0.5307 -0.8476 -0.0000
vn -0.7311 0.6144 -0.2968
vn -0.7396 0.6215 0.2583
vn -0.7392 0.6212 0.2602
vn -0.7318 0.6150 -0.2937
vn -0.3589 0.3015 -0.8833
vn -0.3554 0.2985 -0.8858
vn -0.2293 0.3660 0.9019
vn 0.4229 -0.0899 0.9017
vn 0.3005 0.4283 0.8522
vn 0.9789 -0.1072 -0.1740
vn -0.6433 -0.7656 -0.0026
vn 0.8474 -0.3741 -0.3768
vn 0.9204 -0.3535 0.1671
vn 0.3316 -0.2792 -0.9012
vn 0.3357 -0.2827 -0.8986
vn -0.6426 0.6672 -0.3767
vn -0.7396 0.6730 0.0001
vn -0.1206 0.9926 0.0137
vn 0.9428 -0.3040 0.1365
vn 0.8258 -0.3806 0.4162
vn 0.8430 -0.5378 -0.0116
vn 0.9862 0.1629 -0.0289
vn -0.6517 0.6593 0.3750
vn 0.5696 -0.3296 0.7529
vn 0.7826 -0.6201 0.0551
vn 0.5900 0.1515 -0.7931
vn 0.7122 -0.1024 -0.6945
vn -0.2024 0.4125 -0.8882
vn 0.7930 -0.4074 -0.4529
vn 0.5607 -0.7561 -0.3376
vn 0.7797 -0.4918 -0.3875
vn 0.7887 -0.4975 0.3612
vn 0.5614 -0.7557 0.3373
vn 0.3582 0.1031 0.9279
vn -0.5953 0.7080 -0.3799
vn -0.5928 0.7017 0.3953
vn -0.1328 0.9910 0.0155
vn 0.1106 -0.4727 -0.8742
vn -0.4676 -0.1066 -0.8775
vn -0.3032 0.1912 -0.9336
vn 0.3410 -0.2150 -0.9152
vn 0.8795 -0.2093 0.4273
vn 0.9012 -0.2080 -0.3801
vn 0.9174 0.3973 0.0242
vn -0.5212 0.7022 -0.4851
vn -0.6738 0.7386 -0.0196
vn 0.0616 0.9976 -0.0308
vn -0.7365 -0.6764 0.0006
vn -0.1127 0.3446 0.9320
vn 0.4109 -0.1659 0.8965
vn 0.7099 0.7042 0.0119
vn -0.7778 0.4906 -0.3930
vn -0.9227 0.1799 -0.3409
vn -0.9239 0.1798 0.3377
vn -0.7825 0.4936 0.3796
vn -0.0802 0.4764 0.8756
vn 0.4828 0.0032 0.8757
vn 0.2870 0.3368 0.8968
vn 0.4307 -0.3611 -0.8271
vn 0.4301 -0.3606 -0.8277
vn 0.7274 -0.6111 0.3120
vn 0.4123 -0.3464 0.8426
vn 0.4177 -0.3509 0.8381
vn -0.3484 0.2928 0.8905
vn -0.6726 0.5652 0.4777
vn -0.7656 0.6433 0.0075
vn -0.6797 0.5712 -0.4602
vn -0.3515 0.2953 -0.8884
vn 0.7371 -0.6187 -0.2718
vn 0.6362 -0.1685 0.7529
vn 0.9179 -0.3930 0.0551
vn 0.9379 -0.3460 -0.0245
vn 0.4093 0.0628 0.9102
vn -0.5175 0.7480 0.4156
vn 0.8056 -0.4589 0.3746
vn 0.8416 -0.5401 0.0001
vn 0.9904 0.1379 0.0129
vn -0.5528 0.6869 -0.4717
vn 0.6518 -0.2550 -0.7142
vn 0.4715 0.0963 -0.8766
vn -0.1886 0.4975 -0.8467
vn 0.2983 0.5133 -0.8047
vn 0.2805 -0.0005 0.9599
vn -0.5777 0.8162 -0.0091
vn -0.5771 0.8166 0.0033
vn -0.5773 0.8165 -0.0001
vn -0.1622 0.4608 0.8726
vn 0.4751 0.0624 0.8777
vn 0.2844 0.4834 0.8279
vn 0.8532 -0.4808 0.2022
vn -0.1221 0.4012 0.9078
vn -0.7368 -0.6761 0.0000
vn -0.6531 0.7570 -0.0197
vn -0.1960 0.3849 0.9019
vn 0.4133 -0.1270 0.9017
vn 0.3373 0.3999 0.8522
vn -0.7253 0.6095 -0.3201
vn -0.8919 0.3048 -0.3341
vn -0.4862 -0.0343 0.8732
vn 0.0500 -0.4849 0.8732
vn 0.3029 -0.2546 0.9184
vn -0.3027 0.2544 0.9185
vn -0.8923 0.3065 0.3313
vn -0.7122 0.5985 0.3667
vn -0.6431 -0.7658 0.0009
vn 0.4558 -0.8267 -0.3299
vn 0.7216 -0.6064 -0.3341
vn 0.4194 -0.0638 -0.9056
vn -0.1228 0.3908 -0.9123
vn 0.2322 0.2589 -0.9376
vn 0.7124 -0.5987 0.3662
vn 0.4557 -0.8262 0.3312
vn 0.4158 -0.1208 -0.9014
vn -0.1908 0.3890 -0.9013
vn 0.3376 0.4020 -0.8511
vn -0.5765 0.8169 0.0146
vn -0.2881 0.2421 -0.9265
vn 0.2876 -0.2417 -0.9267
vn 0.0417 -0.4788 -0.8770
vn -0.4794 -0.0410 -0.8766
vn -0.4801 -0.0429 0.8762
vn 0.0404 -0.4803 0.8762
vn 0.2877 -0.2418 0.9267
vn -0.2877 0.2417 0.9267
vn -0.7027 0.5905 -0.3969
vn -0.8891 0.3021 -0.3438
vn 0.4506 -0.8236 -0.3443
vn 0.7025 -0.5903 -0.3976
vn 0.7026 -0.5905 0.3970
vn 0.4503 -0.8245 0.3427
vn 0.8109 -0.4478 -0.3768
vn 0.2918 -0.2452 0.9245
vn -0.7071 0.5942 0.3832
vn -0.6081 0.6942 -0.3852
vn -0.6010 0.6984 0.3886
vn -0.5584 0.8296 -0.0007
vn 0.9353 -0.3055 -0.1785
vn -0.5809 0.7216 -0.3766
vn -0.6770 0.7360 0.0001
vn -0.0321 0.9994 0.0137
vn -0.6645 0.7473 -0.0051
vn -0.6643 0.7475 0.0017
vn -0.6644 0.7474 -0.0001
vn 0.7068 -0.5940 0.3842
vn 0.4506 -0.8241 -0.3431
vn 0.7067 -0.5939 -0.3846
vn -0.5907 0.7144 0.3750
vn -0.6421 -0.7666 0.0022
vn -0.6384 0.5365 -0.5520
vn -0.1560 0.1311 -0.9790
vn 0.5375 -0.2472 -0.8063
vn -0.7720 0.4870 0.4084
vn -0.7725 0.4872 -0.4073
vn -0.9147 0.1692 -0.3671
vn -0.9143 0.1693 0.3679
vn -0.5729 -0.8196 -0.0024
vn -0.5585 0.7006 0.4440
vn -0.6641 0.7476 0.0081
vn -0.9030 0.2747 0.3303
vn -0.7147 0.5977 0.3632
vn -0.7677 0.6405 -0.0190
vn -0.7677 0.6405 -0.0195
vn 0.5754 0.0114 -0.8178
vn -0.7123 0.5959 -0.3709
vn -0.8989 0.2844 -0.3332
vn 0.7638 -0.6452 0.0172
vn 0.7638 -0.6452 0.0203
vn 0.5790 -0.4887 -0.6526
vn 0.5989 -0.5055 -0.6212
vn -0.4069 -0.1382 0.9030
vn 0.5692 -0.4804 0.6672
vn 0.5974 -0.5043 0.6235
vn -0.1818 0.1527 0.9714
vn 0.3926 0.1512 -0.9072
vn -0.7222 0.6789 0.1325
vn -0.4337 -0.0340 0.9004
vn 0.2716 -0.2960 0.9158
vn -0.2058 0.2242 0.9526
vn 0.7712 -0.1087 0.6273
vn 0.9347 -0.3540 -0.0308
vn 0.0408 0.2936 0.9550
vn 0.3004 0.0688 0.9513
vn 0.5962 0.8024 -0.0248
vn 0.8566 -0.4645 0.2248
vn 0.8567 -0.4656 -0.2220
vn -0.3472 0.9378 0.0000
vn -0.2080 0.2267 -0.9515
vn -0.4371 -0.0319 -0.8988
vn -0.1990 0.4258 0.8827
vn 0.4011 -0.2522 0.8806
vn -0.4187 0.2642 0.8689
vn 0.7999 -0.5048 -0.3244
vn 0.8094 -0.5097 0.2918
vn -0.8167 0.5151 0.2602
vn -0.8085 0.5100 -0.2937
vn -0.3965 0.2500 -0.8833
vn 0.2718 0.0921 -0.9579
vn 0.0058 0.3164 -0.9486
vn 0.2781 -0.0367 0.9599
vn -0.2034 0.4163 -0.8862
vn 0.8050 -0.4513 0.3852
vn 0.8021 -0.4587 -0.3823
vn 0.9223 -0.3865 -0.0012
vn 0.1515 0.0436 -0.9875
vn 0.3709 -0.2345 -0.8986
vn -0.5118 0.7705 -0.3800
vn -0.5095 0.7639 0.3961
vn -0.0067 0.9998 0.0165
vn -0.5007 0.8639 -0.0550
vn -0.2144 0.3566 0.9093
vn 0.3995 -0.1429 0.9055
vn 0.4872 0.5827 0.6505
vn -0.7219 0.6774 -0.1413
vn -0.2400 0.7411 0.6270
vn 0.3002 0.0532 0.9524
vn 0.3901 -0.1578 -0.9072
vn -0.2278 0.3448 -0.9106
vn 0.4872 0.5823 -0.6509
vn 0.8341 -0.5038 0.2246
vn 0.8341 -0.5051 -0.2217
vn -0.6745 -0.7383 -0.0025
vn 0.4525 -0.8251 -0.3385
vn 0.7055 -0.5929 -0.3883
vn 0.4654 0.0130 -0.8850
vn -0.1362 0.5032 -0.8534
vn 0.3489 0.4484 -0.8229
vn -0.6114 0.7611 -0.2168
vn -0.6176 0.7626 0.1924
vn -0.2742 0.2304 -0.9337
vn 0.8308 -0.3571 0.4269
vn 0.9662 0.2565 0.0236
vn -0.5550 0.6904 -0.4639
vn 0.1265 0.1797 0.9756
vn 0.2729 0.0773 -0.9589
vn 0.0157 0.3126 -0.9497
vn -0.7039 0.5915 -0.3934
vn -0.5625 0.8268 -0.0051
vn -0.5623 0.8269 0.0017
vn -0.5623 0.8269 -0.0001
vn 0.0252 0.0236 -0.9994
vn 0.0248 0.0239 -0.9994
vn 0.4775 -0.2990 -0.8262
vn 0.4733 -0.2960 -0.8297
vn 0.8197 -0.5728 0.0023
vn 0.8197 -0.5728 0.0019
vn 0.7724 -0.5526 0.3131
vn 0.7778 -0.5556 0.2938
vn 0.4244 -0.3313 0.8427
vn 0.4338 -0.3375 0.8354
vn -0.0147 -0.0308 0.9994
vn -0.0144 -0.0310 0.9994
vn -0.3900 0.2360 0.8901
vn -0.3954 0.2399 0.8866
vn -0.7290 0.4899 0.4781
vn -0.7354 0.4950 0.4628
vn -0.8198 0.5727 0.0080
vn -0.8195 0.5730 -0.0039
vn -0.7191 0.5216 -0.4591
vn -0.7127 0.5177 -0.4733
vn -0.3594 0.2876 -0.8878
vn -0.3555 0.2850 -0.8902
vn -0.7563 0.6542 -0.0044
vn -0.7563 0.6542 -0.0046
vn -0.7202 0.6228 -0.3057
vn -0.8781 0.3459 -0.3305
vn 0.7916 -0.5410 -0.2841
vn 0.7945 -0.5436 -0.2708
vn -0.1130 0.4628 0.8792
vn 0.4659 -0.0200 0.8846
vn 0.3303 0.4203 0.8451
vn -0.5332 -0.8460 0.0009
vn -0.5621 0.8270 0.0081
vn -0.6530 0.7573 -0.0103
vn -0.6433 -0.7656 -0.0024
vn -0.5838 0.7824 -0.2170
vn -0.3587 0.3013 -0.8835
vn 0.3354 -0.2825 -0.8987
vn 0.3315 -0.2793 -0.9012
vn 0.3433 0.0702 -0.9366
vn -0.4166 -0.1444 0.8975
vn 0.3398 -0.2143 0.9158
vn -0.2627 0.1657 0.9506
vn 0.5188 -0.0736 0.8518
vn -0.1905 0.1600 -0.9685
vn 0.5985 -0.5051 -0.6218
vn -0.4083 -0.1294 -0.9036
vn 0.3011 -0.2804 -0.9115
vn 0.8337 -0.3624 0.4166
vn 0.8488 -0.5285 -0.0135
vn 0.9853 0.1681 -0.0314
vn -0.8903 0.2859 0.3544
vn -0.7127 0.5780 0.3976
vn -0.7959 0.6052 0.0121
vn 0.3500 0.0232 -0.9365
vn 0.9248 -0.3524 -0.1435
vn -0.3294 0.2848 -0.9002
vn 0.2976 -0.2573 -0.9194
vn 0.0175 -0.4775 -0.8785
vn -0.4959 -0.0021 -0.8683
vn 0.3010 -0.2530 0.9194
vn -0.2948 0.2478 0.9229
vn -0.4813 -0.0406 0.8756
vn 0.0450 -0.4824 0.8748
vn -0.6154 0.6705 0.4144
vn -0.6164 0.6716 -0.4111
vn -0.8369 0.4034 -0.3701
vn -0.8357 0.4035 0.3726
vn -0.1941 0.1631 -0.9673
vn -0.4099 -0.1259 -0.9034
vn -0.5562 0.6978 0.4514
vn -0.2927 0.2459 -0.9241
vn 0.2915 -0.2450 -0.9247
vn 0.0406 -0.4797 -0.8765
vn -0.4808 -0.0423 -0.8758
vn -0.8897 0.3015 0.3427
vn -0.7027 0.5904 0.3970
vn 0.7563 -0.6542 0.0048
vn 0.7563 -0.6542 0.0047
vn 0.4172 -0.8464 -0.3309
vn 0.7121 -0.6158 -0.3373
vn -0.5006 0.0040 0.8657
vn 0.0146 -0.4733 0.8808
vn 0.2833 -0.2454 0.9271
vn -0.3191 0.2764 0.9065
vn -0.8812 0.3501 0.3178
vn -0.7086 0.6134 0.3488
vn 0.9142 -0.3747 0.1543
vn -0.7366 -0.6763 0.0019
vn 0.4157 -0.1054 -0.9033
vn -0.0598 0.4084 -0.9109
vn 0.2825 0.2316 -0.9309
vn 0.7000 -0.6060 0.3780
vn 0.4146 -0.8432 0.3423
vn 0.4163 -0.0990 -0.9038
vn -0.1749 0.3991 -0.9000
vn 0.3399 0.4087 -0.8470
vn 0.7984 -0.3911 -0.4578
vn -0.3544 0.1840 -0.9168
vn 0.2459 -0.2731 -0.9300
vn 0.0188 -0.5053 -0.8627
vn -0.5159 -0.0875 -0.8522
vn 0.7509 -0.5337 0.3890
vn 0.4954 -0.7981 0.3430
vn 0.7959 -0.6053 -0.0121
vn -0.3159 0.2655 -0.9109
vn 0.3135 -0.2635 -0.9123
vn 0.0498 -0.4858 -0.8727
vn -0.4852 -0.0371 -0.8736
vn -0.7534 0.5367 -0.3798
vn -0.9115 0.2577 -0.3205
vn 0.4626 -0.8154 -0.3481
vn 0.7079 -0.5755 -0.4095
vn -0.6433 -0.7656 -0.0012
vn 0.2780 0.0375 0.9599
vn 0.3330 -0.2101 0.9192
vn -0.3263 0.2058 0.9226
vn -0.4715 -0.1051 0.8756
vn 0.1104 -0.4718 0.8748
vn -0.7678 0.6405 -0.0195
vn -0.7678 0.6405 -0.0190
vn -0.7110 0.5947 -0.3753
vn -0.8981 0.2811 -0.3383
vn -0.7250 0.5135 0.4590
vn -0.7248 0.5978 -0.3425
vn -0.9007 0.2932 -0.3205
vn -0.8833 0.2341 0.4061
vn -0.2105 0.1327 -0.9685
vn -0.3870 -0.1836 -0.9036
vn -0.2584 0.2816 -0.9241
vn 0.2575 -0.2805 -0.9247
vn -0.0217 -0.4809 -0.8765
vn -0.4823 0.0201 -0.8758
vn -0.5038 0.7092 -0.4932
vn -0.6653 0.7462 -0.0230
vn 0.0720 0.9968 -0.0337
vn -0.5344 0.7538 -0.3824
vn -0.5326 0.7477 0.3966
vn -0.0139 0.9998 0.0155
vn -0.0637 0.4925 0.8680
vn 0.4959 0.0223 0.8681
vn 0.3056 0.3584 0.8821
vn -0.8897 0.3016 0.3428
vn -0.7029 0.5907 0.3963
vn -0.9094 0.2822 0.3054
vn -0.7215 0.6034 0.3395
vn 0.7638 -0.6452 0.0173
vn 0.7637 -0.6452 0.0203
vn -0.6422 -0.7666 0.0021
vn -0.4251 -0.1222 0.8969
vn 0.5969 -0.5038 0.6244
vn -0.2019 0.1695 0.9646
vn 0.3034 0.0293 -0.9524
vn -0.3179 0.2671 -0.9097
vn 0.3157 -0.2653 -0.9110
vn 0.0510 -0.4864 -0.8722
vn -0.4857 -0.0365 -0.8734
vn 0.3008 -0.2528 0.9196
vn -0.2946 0.2475 0.9230
vn -0.4812 -0.0409 0.8756
vn 0.0448 -0.4823 0.8748
vn -0.5010 0.7590 0.4159
vn -0.6988 0.5872 0.4084
vn -0.6992 0.5875 -0.4074
vn -0.8832 0.2917 -0.3671
vn -0.8829 0.2918 0.3679
vn -0.7035 0.7107 0.0000
vn -0.2636 0.1663 -0.9502
vn -0.4179 -0.1441 -0.8970
vn -0.2666 0.1652 -0.9495
vn -0.4654 -0.1147 -0.8776
vn -0.7311 0.6143 -0.2968
vn -0.7318 0.6149 -0.2939
vn -0.2926 0.2459 -0.9241
vn 0.2916 -0.2450 -0.9246
vn 0.0406 -0.4798 -0.8765
vn -0.3792 0.3187 0.8687
vn -0.9224 0.1781 0.3427
vn -0.7766 0.4898 0.3963
vn 0.7332 -0.6151 0.2898
vn 0.7239 -0.6087 -0.3248
vn 0.7328 -0.6148 0.2916
vn 0.4483 -0.0164 -0.8937
vn -0.1537 0.4775 -0.8651
vn 0.3252 0.4155 -0.8495
vn -0.3146 0.2644 -0.9117
vn 0.3124 -0.2625 -0.9130
vn 0.0494 -0.4855 -0.8728
vn -0.4850 -0.0373 -0.8737
vn -0.7392 0.6212 0.2601
vn 0.3011 -0.2530 0.9194
vn -0.6430 -0.7659 0.0006
vn -0.8833 0.2917 -0.3671
vn -0.7598 0.6502 -0.0051
vn -0.7596 0.6504 0.0017
vn -0.7596 0.6503 -0.0001
vn 0.3997 -0.1581 0.9029
vn -0.1683 0.1833 -0.9685
vn -0.4216 -0.0756 -0.9036
vn -0.2919 0.2453 -0.9244
vn 0.2885 -0.2424 -0.9263
vn 0.0378 -0.4761 -0.8786
vn -0.4798 -0.0428 -0.8763
vn -0.9129 0.2215 0.3428
vn -0.7525 0.5260 0.3963
vn 0.0417 -0.4813 -0.8756
vn -0.4813 -0.0418 -0.8756
vn -0.1329 0.4412 0.8875
vn 0.4494 -0.0446 0.8922
vn 0.3082 0.3909 0.8673
vn 0.8605 -0.3453 0.3746
vn -0.6433 -0.7656 -0.0014
vn -0.7594 0.6506 0.0081
vn 0.3017 -0.2535 0.9191
vn -0.2950 0.2479 0.9228
vn -0.4813 -0.0405 0.8756
vn 0.0453 -0.4825 0.8747
vn 0.4644 -0.7554 0.4622
vn -0.4620 -0.7563 0.4633
vn 0.4626 -0.7576 -0.4605
vn -0.4633 -0.7542 -0.4652
vn -0.4606 -0.7588 -0.4605
vn 0.4606 -0.7588 -0.4605
vn -0.4604 -0.7580 0.4620
vn 0.4604 -0.7580 0.4620
vn -0.4611 -0.7584 0.4607
vn 0.4611 -0.7584 0.4608
vn -0.4606 -0.7568 -0.4637
vn 0.4609 -0.7564 -0.4641
vn -0.4612 -0.7580 -0.4613
vn 0.4633 -0.7553 -0.4636
vn -0.4627 -0.7558 0.4634
vn 0.4635 -0.7548 0.4641
vn -0.3729 -0.8346 -0.4055
vn -0.3691 -0.8509 0.3737
vn -0.4229 -0.7769 -0.4665
vn -0.4234 -0.7761 0.4672
vn 0.4641 -0.7557 0.4621
vn -0.4618 -0.7565 0.4631
vn 0.4625 -0.7576 -0.4606
vn -0.4631 -0.7546 -0.4648
vn -0.4633 -0.7560 -0.4624
vn 0.4651 -0.7541 -0.4637
vn -0.4649 -0.7534 0.4651
vn 0.4650 -0.7533 0.4651
vn -0.4611 -0.7584 0.4608
vn 0.4616 -0.7576 -0.4614
vn -0.4611 -0.7577 0.4618
vn 0.4616 -0.7575 0.4618
vn -0.4038 -0.8354 -0.3729
vn -0.3786 -0.8718 0.3109
vn -0.4228 -0.7769 -0.4665
vn -0.4234 -0.7762 0.4672
vn 0.4639 -0.7559 0.4619
vn -0.4614 -0.7569 0.4628
vn 0.4623 -0.7578 -0.4604
vn -0.4626 -0.7552 -0.4644
vn -0.4639 -0.7554 -0.4628
vn 0.4661 -0.7531 -0.4643
vn -0.4657 -0.7524 0.4658
vn 0.4658 -0.7524 0.4658
vn 0.4611 -0.7584 0.4607
vn 0.4616 -0.7576 -0.4615
vn -0.4612 -0.7577 0.4618
vn 0.4616 -0.7574 0.4618
vn -0.4171 -0.7848 -0.4583
vn -0.3978 -0.7865 0.4724
vn 0.4645 -0.7552 0.4625
vn -0.4626 -0.7556 0.4637
vn 0.4631 -0.7570 -0.4610
vn -0.4640 -0.7536 -0.4657
vn -0.4635 -0.7559 -0.4625
vn 0.4653 -0.7539 -0.4638
vn -0.4650 -0.7533 0.4652
vn 0.4650 -0.7532 0.4652
vn -0.4609 -0.7586 0.4605
vn 0.4609 -0.7586 0.4605
vn -0.4605 -0.7569 -0.4638
vn 0.4607 -0.7566 -0.4641
vn -0.3753 -0.8323 -0.4079
vn -0.3673 -0.8521 0.3729
vn -0.4247 -0.7744 -0.4690
vn -0.4264 -0.7720 0.4714
vn -0.4259 -0.7797 -0.4590
vn 0.5037 -0.7249 -0.4699
vn -0.4291 -0.7814 0.4531
vn 0.5007 -0.7198 0.4809
vn -0.4469 -0.7507 0.4865
vn 0.4815 -0.7314 0.4829
vn -0.4442 -0.7870 -0.4281
vn 0.4710 -0.7583 -0.4506
vn -0.6836 -0.4813 -0.5487
vn -0.3413 -0.4848 -0.8053
vn -0.3330 -0.8254 -0.4559
vn -0.3365 -0.4842 0.8076
vn -0.6799 -0.4818 0.5527
vn -0.3330 -0.8254 0.4559
vn -0.3488 0.4457 -0.8244
vn -0.6426 0.4946 -0.5852
vn -0.3225 0.8287 -0.4575
vn 0.2332 0.7317 0.6405
vn -0.6910 0.5109 0.5113
vn -0.3678 0.5186 0.7719
vn -0.3132 0.8698 0.3812
vn -0.7499 0.6568 0.0791
vn 0.4623 -0.7691 -0.4412
vn 0.4625 -0.4749 -0.7487
vn 0.7673 -0.4636 -0.4431
vn -0.4623 -0.7691 -0.4412
vn -0.7672 -0.4636 -0.4432
vn -0.4625 -0.4749 -0.7487
vn 0.7682 -0.4631 0.4420
vn 0.4627 -0.4760 0.7479
vn 0.4629 -0.7695 0.4400
vn -0.7682 -0.4631 0.4420
vn -0.4629 -0.7695 0.4400
vn -0.4627 -0.4760 0.7479
vn 0.4643 0.4780 -0.7457
vn 0.4674 0.7681 -0.4378
vn 0.7724 0.4582 -0.4399
vn -0.4642 0.4780 -0.7457
vn -0.7723 0.4582 -0.4399
vn -0.4674 0.7681 -0.4378
vn -0.6739 -0.4733 -0.5673
vn -0.3310 -0.4483 -0.8303
vn -0.3376 -0.7943 -0.5052
vn -0.3290 -0.4594 0.8250
vn -0.6755 -0.4743 0.5646
vn -0.3395 -0.8033 0.4894
vn -0.3519 0.4546 -0.8182
vn -0.6420 0.5051 -0.5768
vn -0.3104 0.8370 -0.4506
vn -0.6800 0.5175 0.5195
vn -0.3699 0.5620 0.7398
vn -0.3185 0.8968 0.3071
vn 0.6349 -0.7685 0.0791
vn -0.4284 -0.6532 -0.6244
vn -0.7457 0.6658 0.0241
vn 0.4623 -0.7691 -0.4413
vn 0.7673 -0.4636 -0.4432
vn -0.7673 -0.4636 -0.4432
vn 0.7682 -0.4631 0.4419
vn 0.4628 -0.4759 0.7479
vn -0.4628 -0.4760 0.7479
vn 0.4643 0.4780 -0.7456
vn 0.4674 0.7681 -0.4377
vn -0.7724 0.4582 -0.4399
vn -0.4674 0.7681 -0.4377
vn -0.6827 -0.4017 -0.6104
vn -0.3448 -0.3418 -0.8742
vn -0.3444 -0.7261 -0.5952
vn -0.3123 -0.5615 0.7663
vn -0.6634 -0.5453 0.5123
vn -0.3279 -0.8604 0.3902
vn -0.3682 0.5523 -0.7479
vn -0.6540 0.5703 -0.4970
vn -0.3212 0.8855 -0.3358
vn -0.6718 0.4442 0.5927
vn -0.3579 0.4622 0.8113
vn -0.3155 0.8492 0.4234
vn 0.6367 -0.7704 0.0338
vn -0.4321 -0.6203 -0.6546
vn -0.7465 0.6622 0.0647
vn -0.4623 -0.7691 -0.4413
vn -0.4628 -0.4759 0.7479
vn 0.4642 0.4780 -0.7457
vn -0.6738 -0.4733 -0.5673
vn -0.3310 -0.4483 -0.8304
vn -0.3289 -0.4594 0.8251
vn -0.6754 -0.4743 0.5647
vn -0.3518 0.4547 -0.8182
vn -0.6420 0.5051 -0.5769
vn -0.6799 0.5175 0.5195
vn -0.3698 0.5620 0.7398
vn 0.6537 -0.7479 0.1157
vn -0.4987 -0.7458 -0.4416
vn -0.7472 0.6643 0.0175
vn -0.6705 -0.5011 -0.5470
vn -0.3256 -0.4903 -0.8084
vn -0.3354 -0.8189 -0.4657
vn -0.3360 -0.4154 0.8453
vn -0.6805 -0.4432 0.5835
vn -0.3447 -0.7762 0.5279
vn -0.3448 0.4120 -0.8434
vn -0.6366 0.4754 -0.6072
vn -0.3054 0.8130 -0.4958
vn -0.6828 0.5449 0.4868
vn -0.3742 0.6003 0.7069
vn -0.3190 0.9121 0.2576
vn -0.7499 0.6567 0.0793
vn -0.7673 -0.4636 -0.4431
vn -0.4643 0.4780 -0.7456
vn 0.6367 -0.7704 0.0339
vn -0.1304 -0.8771 0.4623
vn -0.8402 -0.2818 0.4633
vn -0.1332 -0.8776 -0.4605
vn -0.8400 -0.2793 -0.4652
vn -0.8408 -0.2846 -0.4605
vn -0.1356 -0.8772 -0.4605
vn -0.8401 -0.2841 0.4620
vn -0.1352 -0.8765 0.4620
vn -0.8124 -0.3574 0.4608
vn -0.0566 -0.8857 0.4607
vn -0.8111 -0.3564 -0.4637
vn -0.0555 -0.8840 -0.4641
vn -0.8407 -0.2835 -0.4613
vn -0.1312 -0.8763 -0.4636
vn -0.8404 -0.2809 0.4634
vn -0.1307 -0.8761 0.4641
vn -0.8668 -0.2898 -0.4057
vn -0.8763 -0.3036 0.3740
vn -0.8235 -0.3229 -0.4665
vn -0.8234 -0.3220 0.4672
vn -0.1308 -0.8771 0.4621
vn -0.8402 -0.2820 0.4631
vn -0.1332 -0.8775 -0.4606
vn -0.8400 -0.2798 -0.4648
vn -0.8411 -0.2807 -0.4624
vn -0.1290 -0.8765 -0.4637
vn -0.8406 -0.2776 0.4651
vn -0.1286 -0.8759 0.4651
vn -0.7946 -0.3954 0.4608
vn -0.0146 -0.8874 0.4608
vn -0.7934 -0.3944 -0.4637
vn -0.0137 -0.8857 -0.4641
vn -0.1340 -0.8770 -0.4614
vn -0.8405 -0.2835 0.4618
vn -0.1339 -0.8768 0.4618
vn -0.8465 -0.3799 -0.3731
vn -0.8506 -0.4237 0.3114
vn -0.8234 -0.3219 0.4672
vn -0.1312 -0.8772 0.4619
vn -0.8402 -0.2826 0.4628
vn -0.1336 -0.8776 -0.4604
vn -0.8400 -0.2806 -0.4644
vn -0.8411 -0.2799 -0.4628
vn -0.1277 -0.8764 -0.4643
vn -0.8406 -0.2764 0.4658
vn -0.1274 -0.8756 0.4659
vn -0.8409 -0.2840 0.4607
vn -0.1349 -0.8772 0.4608
vn -0.8395 -0.2831 -0.4637
vn -0.1337 -0.8756 -0.4641
vn -0.8705 -0.1736 -0.4605
vn -0.2461 -0.8524 -0.4615
vn -0.8701 -0.1726 0.4618
vn -0.2459 -0.8522 0.4618
vn -0.7604 -0.5072 -0.4057
vn -0.7659 -0.5229 0.3740
vn -0.8241 -0.3325 -0.4585
vn -0.8105 -0.3464 0.4723
vn -0.0100 -0.8866 0.4625
vn -0.7944 -0.3923 0.4637
vn -0.0122 -0.8873 -0.4610
vn -0.7945 -0.3898 -0.4657
vn -0.8411 -0.2805 -0.4625
vn -0.1288 -0.8765 -0.4638
vn -0.8406 -0.2775 0.4652
vn -0.1286 -0.8758 0.4652
vn -0.8409 -0.2843 0.4605
vn -0.1352 -0.8773 0.4605
vn -0.8395 -0.2832 -0.4638
vn -0.1340 -0.8756 -0.4641
vn -0.8408 -0.2845 -0.4605
vn -0.8405 -0.2834 0.4617
vn -0.8226 -0.3959 -0.4080
vn -0.8292 -0.4162 0.3732
vn -0.8577 -0.2109 -0.4690
vn -0.8571 -0.2080 0.4714
vn -0.1332 -0.8776 -0.4606
vn -0.8400 -0.2798 -0.4649
vn -0.8624 -0.2134 -0.4590
vn -0.1935 -0.8612 -0.4700
vn -0.8658 -0.2121 0.4531
vn -0.1917 -0.8556 0.4808
vn -0.8251 -0.2872 0.4866
vn -0.1020 -0.8697 0.4830
vn -0.8464 -0.3169 -0.4280
vn -0.1273 -0.8837 -0.4505
vn -0.8222 -0.3993 -0.4057
vn -0.8298 -0.4142 0.3740
vn -0.7720 -0.4317 -0.4665
vn -0.7721 -0.4307 0.4673
vn 0.0061 -0.7135 -0.7006
vn 0.3890 -0.7390 -0.5500
vn 0.3891 -0.7390 -0.5500
vn 0.0063 -0.7135 -0.7006
vn 0.6703 -0.7198 -0.1806
vn 0.6702 -0.7198 -0.1808
vn 0.7073 -0.7069 0.0038
vn 0.6580 -0.7232 0.2098
vn 0.6580 -0.7232 0.2097
vn 0.3710 -0.7329 0.5703
vn 0.0040 -0.7133 0.7009
vn -0.3166 -0.7219 0.6153
vn -0.3167 -0.7219 0.6153
vn -0.6080 -0.7246 0.3244
vn -0.6081 -0.7246 0.3242
vn -0.7011 -0.7130 0.0007
vn -0.7011 -0.7130 0.0006
vn -0.6084 -0.7249 -0.3230
vn -0.6084 -0.7249 -0.3231
vn -0.3141 -0.7230 -0.6153
vn -0.3140 -0.7230 -0.6153
vn -0.7071 -0.7071 0.0012
vn -0.7071 -0.7071 0.0013
vn 0.7071 -0.7071 0.0012
vn 0.7071 -0.7071 0.0013
vn -0.7071 -0.7071 -0.0027
vn 0.7071 -0.7071 -0.0027
vn -0.5575 -0.7705 0.3092
vn -0.1529 -0.7151 0.6821
vn -0.1485 -0.7152 0.6830
vn -0.5538 -0.7705 0.3155
vn 0.1314 -0.7185 0.6830
vn 0.5109 -0.7680 0.3862
vn 0.5139 -0.7680 0.3821
vn 0.1352 -0.7185 0.6822
vn -0.1376 -0.7088 -0.6918
vn -0.5310 -0.7493 -0.3957
vn -0.5276 -0.7493 -0.4002
vn -0.1338 -0.7089 -0.6925
vn 0.6732 -0.7319 -0.1058
vn 0.3419 -0.7703 -0.5384
vn 0.3496 -0.7705 -0.5331
vn 0.6728 -0.7319 -0.1083
vn -0.7011 -0.7126 -0.0256
vn -0.7011 -0.7126 -0.0253
vn 0.4801 -0.7896 -0.3822
vn 0.4794 -0.7896 -0.3830
vn 0.7063 -0.7079 0.0015
vn 0.4798 -0.7884 0.3850
vn 0.4797 -0.7884 0.3851
vn 0.6154 -0.7758 0.1393
vn 0.2762 -0.7247 0.6313
vn 0.3865 -0.7586 -0.5246
vn -0.6593 -0.7233 -0.2054
vn -0.3062 -0.7492 -0.5873
vn -0.3061 -0.7492 -0.5873
vn -0.6710 -0.7193 0.1799
vn -0.3272 -0.7559 0.5671
vn 0.3086 -0.7486 0.5868
vn 0.3087 -0.7486 0.5867
vn 0.6608 -0.7242 0.1974
vn 0.6480 -0.7255 -0.2317
vn 0.2945 -0.7433 -0.6007
vn 0.2944 -0.7433 -0.6007
vn 0.0062 -0.7135 -0.7006
vn 0.3891 -0.7390 -0.5499
vn 0.6703 -0.7198 -0.1805
vn 0.6702 -0.7198 -0.1807
vn 0.7073 -0.7069 0.0039
vn -0.3166 -0.7219 0.6154
vn -0.6080 -0.7246 0.3245
vn -0.6081 -0.7246 0.3243
vn -0.7011 -0.7130 0.0008
vn -0.6083 -0.7249 -0.3231
vn -0.5361 -0.7678 0.3508
vn -0.1420 -0.7148 0.6847
vn -0.5364 -0.7678 0.3503
vn 0.1421 -0.7146 0.6849
vn 0.5352 -0.7681 0.3515
vn 0.5353 -0.7681 0.3513
vn -0.1421 -0.7135 -0.6860
vn -0.5361 -0.7667 -0.3532
vn -0.5357 -0.7667 -0.3538
vn 0.6716 -0.7206 -0.1725
vn 0.3299 -0.7582 -0.5624
vn 0.3292 -0.7582 -0.5629
vn 0.6706 -0.7206 -0.1764
vn -0.6819 -0.7283 -0.0683
vn -0.6811 -0.7284 -0.0746
vn 0.4505 -0.8112 -0.3727
vn 0.4602 -0.8109 -0.3614
vn 0.7106 -0.7025 0.0387
vn 0.4552 -0.7852 0.4198
vn 0.4492 -0.7851 0.4264
vn 0.7106 -0.7025 0.0386
vn -0.5796 0.3379 -0.7416
vn -0.8755 0.4822 -0.0300
vn -0.8748 0.4823 -0.0467
vn -0.7012 -0.7130 0.0007
vn -0.7012 -0.7130 0.0006
vn -0.7071 -0.7071 0.0014
vn 0.6229 -0.7744 0.1110
vn 0.2783 -0.7465 0.6044
vn 0.2909 -0.7461 0.5990
vn 0.6295 -0.7730 0.0789
vn 0.3853 -0.7256 -0.5702
vn 0.3818 -0.7256 -0.5726
vn 0.0061 -0.7135 -0.7007
vn 0.3890 -0.7390 -0.5501
vn 0.0063 -0.7135 -0.7007
vn 0.6702 -0.7198 -0.1809
vn 0.3709 -0.7329 0.5703
vn -0.5522 0.4627 -0.6935
vn -0.7438 0.6607 0.1014
vn -0.7496 0.6610 -0.0335
vn -0.6081 -0.7246 0.3244
vn -0.6082 -0.7246 0.3242
vn -0.3140 -0.7230 -0.6154
vn -0.7071 -0.7071 -0.0028
vn -0.7071 -0.7071 -0.0029
vn 0.7071 -0.7071 -0.0028
vn 0.7071 -0.7071 -0.0029
vn -0.5981 0.2817 -0.7503
vn -0.9140 0.4058 0.0020
vn -0.9140 0.4057 0.0061
vn -0.1422 -0.7135 -0.6860
vn -0.1421 -0.7135 -0.6861
vn 0.3299 -0.7582 -0.5625
vn -0.7012 -0.7125 -0.0255
vn -0.7012 -0.7125 -0.0253
vn 0.4801 -0.7896 -0.3821
vn 0.3865 -0.7585 -0.5246
vn 0.0066 -0.7016 -0.7126
vn 0.3961 -0.7304 -0.5564
vn 0.3921 -0.7304 -0.5593
vn 0.0067 -0.7016 -0.7126
vn 0.6737 -0.7169 -0.1792
vn 0.6723 -0.7168 -0.1847
vn 0.7072 -0.7071 0.0034
vn 0.6538 -0.7268 0.2106
vn 0.6557 -0.7267 0.2050
vn 0.3644 -0.7418 0.5629
vn 0.3679 -0.7418 0.5607
vn 0.0038 -0.7248 0.6890
vn -0.3113 -0.7318 0.6062
vn -0.3138 -0.7318 0.6050
vn -0.6024 -0.7299 0.3231
vn -0.6052 -0.7298 0.3179
vn -0.7010 -0.7131 0.0018
vn -0.7011 -0.7131 -0.0020
vn -0.6142 -0.7197 -0.3236
vn -0.6116 -0.7196 -0.3289
vn -0.3199 -0.7129 -0.6241
vn -0.3172 -0.7129 -0.6254
vn -0.6651 -0.7467 -0.0064
vn -0.6651 -0.7467 -0.0065
vn 0.7466 -0.6652 0.0101
vn -0.6897 -0.7240 0.0101
vn -0.6897 -0.7240 0.0099
vn 0.7239 -0.6898 -0.0143
vn 0.7239 -0.6898 -0.0139
vn -0.1420 -0.7148 0.6848
vn 0.1421 -0.7146 0.6850
vn -0.9140 0.4057 0.0020
vn -0.6068 0.2531 0.7535
vn -0.6440 0.2595 -0.7196
vn -0.9307 0.3657 0.0020
vn -0.9307 0.3657 0.0022
vn -0.6457 0.2473 0.7224
vn -0.9140 0.4056 0.0061
vn -0.6823 0.2730 -0.6782
vn -0.9307 0.3657 0.0023
vn -0.6441 0.2595 -0.7196
vn -0.9307 0.3657 0.0021
vn -0.6457 0.2473 0.7225
vn -0.4436 0.4204 0.7915
vn -0.5992 0.4089 0.6883
vn -0.8192 0.5735 0.0061
vn -0.8191 0.5736 0.0048
vn -0.5947 0.4271 -0.6812
vn -0.6355 0.3314 0.6974
vn 0.7034 0.1821 0.6870
vn 0.4940 -0.7594 -0.4234
vn 0.7047 -0.7093 -0.0165
vn 0.7048 -0.7090 -0.0241
vn 0.4965 -0.7594 -0.4205
vn -0.6811 0.7307 -0.0478
vn -0.6777 0.7320 -0.0696
vn -0.1976 -0.6230 0.7569
vn 0.1034 -0.5427 0.8335
vn 0.3127 -0.5651 0.7635
vn -0.2239 -0.6375 0.7372
vn 0.5825 -0.6746 0.4535
vn 0.5754 -0.7528 -0.3195
vn 0.6500 -0.7067 0.2794
vn 0.5630 0.7947 0.2266
vn 0.4771 0.8651 -0.1546
vn 0.4266 0.8339 -0.3503
vn 0.5658 0.7893 0.2384
vn 0.5353 0.7485 -0.3914
vn 0.5354 0.7485 -0.3912
vn -0.5619 -0.7063 -0.4306
vn -0.5755 -0.7528 0.3196
vn -0.6338 -0.7245 -0.2709
vn -0.5992 0.7506 -0.2786
vn -0.6114 0.7490 -0.2554
vn -0.7080 -0.7062 0.0000
vn 0.2099 -0.6520 -0.7285
vn -0.0843 -0.5903 -0.8027
vn -0.3015 -0.6183 -0.7259
vn 0.2070 -0.6508 -0.7305
vn 0.4984 -0.7689 0.4004
vn 0.4962 -0.7689 0.4032
vn 0.2702 0.7238 -0.6349
vn -0.2198 0.6541 -0.7237
vn -0.1927 0.6414 -0.7426
vn 0.0774 0.6183 -0.7821
vn 0.5958 0.6831 0.4224
vn 0.7075 -0.7067 -0.0013
vn 0.7075 -0.7067 -0.0007
vn -0.7075 -0.7067 -0.0007
vn -0.7075 -0.7067 -0.0013
vn -0.7785 0.3760 0.5025
vn -0.7785 0.3803 0.4993
vn -0.7089 0.6946 0.1224
vn -0.7097 0.6956 0.1118
vn 0.7089 0.6946 0.1224
vn 0.7097 0.6956 0.1118
vn 0.7785 0.3803 0.4993
vn 0.7785 0.3760 0.5025
vn -0.6620 -0.7495 -0.0000
vn 0.3780 0.5829 -0.7193
vn 0.6190 0.3153 -0.7193
vn 0.6191 0.3153 -0.7193
vn 0.3781 0.5829 -0.7193
vn 0.6937 -0.0374 -0.7193
vn 0.5819 -0.3796 -0.7193
vn 0.3146 -0.6195 -0.7192
vn -0.0364 -0.6938 -0.7192
vn -0.3780 -0.5829 -0.7193
vn -0.3781 -0.5829 -0.7193
vn -0.6190 -0.3153 -0.7193
vn -0.6191 -0.3153 -0.7193
vn -0.6937 0.0374 -0.7193
vn -0.5818 0.3796 -0.7193
vn -0.3146 0.6195 -0.7192
vn 0.0364 0.6938 -0.7192
vn 0.4685 0.8315 0.2984
vn 0.7490 0.6597 -0.0614
vn 0.7493 0.6593 -0.0625
vn 0.5629 0.8036 0.1932
vn 0.4698 -0.7021 -0.5352
vn 0.7050 -0.7081 -0.0397
vn 0.7051 -0.7073 -0.0512
vn 0.4963 -0.7039 -0.5081
vn -0.6786 0.7333 -0.0415
vn -0.6786 0.7319 -0.0611
vn -0.2275 -0.7244 0.6508
vn 0.0087 -0.7328 0.6804
vn 0.0575 -0.6953 0.7164
vn -0.2236 -0.7251 0.6514
vn 0.2235 -0.8309 0.5096
vn 0.3356 -0.8925 0.3012
vn 0.5667 0.8060 0.1706
vn 0.4809 0.8525 -0.2050
vn 0.4296 0.8100 -0.3992
vn 0.5700 0.8006 0.1846
vn 0.5344 0.7492 -0.3914
vn 0.5347 0.7492 -0.3909
vn -0.5596 -0.7251 -0.4013
vn -0.5796 -0.7286 0.3650
vn -0.5938 -0.7314 0.3354
vn -0.6348 -0.7477 -0.1949
vn -0.5929 0.7360 -0.3268
vn -0.6038 0.7359 -0.3065
vn -0.7244 -0.6893 -0.0073
vn -0.7245 -0.6893 -0.0055
vn 0.4798 -0.7367 0.4765
vn 0.4935 -0.7379 0.4605
vn 0.2703 0.6861 -0.6755
vn -0.2244 0.6097 -0.7602
vn -0.2017 0.5967 -0.7767
vn 0.0648 0.5682 -0.8203
vn 0.6014 0.7087 0.3690
vn -0.7089 0.6946 0.1225
vn -0.6630 -0.7483 0.0231
vn 0.4714 0.7898 0.3925
vn 0.7457 0.6662 0.0089
vn 0.7460 0.6659 0.0077
vn 0.5639 0.7759 0.2829
vn 0.4620 -0.6265 -0.6278
vn 0.7063 -0.6937 -0.1413
vn 0.7062 -0.6914 -0.1526
vn 0.4890 -0.6316 -0.6016
vn -0.6815 0.7290 0.0634
vn -0.6819 0.7301 0.0439
vn -0.2214 -0.7580 0.6135
vn 0.0150 -0.7675 0.6409
vn 0.0640 -0.7319 0.6784
vn -0.2175 -0.7587 0.6140
vn 0.2287 -0.8561 0.4636
vn 0.3393 -0.9065 0.2514
vn 0.5667 0.7971 0.2085
vn 0.4780 0.8630 -0.1635
vn 0.4253 0.8307 -0.3593
vn 0.5702 0.7909 0.2222
vn 0.5247 0.7954 -0.3033
vn 0.5251 0.7953 -0.3028
vn -0.5615 -0.7042 -0.4346
vn -0.5756 -0.7479 0.3306
vn -0.5901 -0.7492 0.3009
vn -0.6351 -0.7376 -0.2292
vn -0.5965 0.7510 -0.2832
vn -0.6073 0.7498 -0.2629
vn -0.7223 -0.6868 -0.0812
vn -0.7223 -0.6870 -0.0794
vn 0.4908 -0.7883 0.3712
vn 0.5041 -0.7874 0.3548
vn 0.2641 0.7212 -0.6405
vn -0.2312 0.6484 -0.7254
vn -0.2085 0.6363 -0.7427
vn 0.0577 0.6106 -0.7898
vn 0.6031 0.6895 0.4012
vn 0.7493 0.6593 -0.0626
vn -0.1218 -0.6048 0.7870
vn 0.1163 -0.6094 0.7843
vn 0.1689 -0.5667 0.8064
vn -0.1178 -0.6054 0.7872
vn 0.3071 -0.7356 0.6038
vn 0.3904 -0.8316 0.3949
vn 0.5701 0.8203 -0.0460
vn 0.4322 0.8040 -0.4084
vn 0.3552 0.7301 -0.5838
vn 0.5754 0.8173 -0.0319
vn -0.5964 -0.7790 -0.1936
vn -0.5100 -0.6547 0.5579
vn -0.5281 -0.6624 0.5314
vn -0.6419 -0.7665 0.0221
vn -0.6458 0.6743 -0.3581
vn -0.6538 0.6776 -0.3367
vn 0.1615 0.5627 -0.8107
vn -0.3387 0.4758 -0.8117
vn -0.3183 0.4601 -0.8288
vn -0.0599 0.4234 -0.9040
vn 0.6336 0.7571 0.1589
vn 0.7009 -0.6965 -0.1538
vn 0.5178 -0.8381 0.1717
vn 0.6242 -0.7761 0.0895
vn 0.7008 -0.6965 -0.1540
vn 0.2953 -0.8844 0.3613
vn 0.1350 -0.8476 0.5133
vn -0.2785 -0.8025 0.5277
vn -0.3818 -0.7916 0.4771
vn 0.3057 -0.7958 -0.5228
vn 0.3779 -0.7898 -0.4832
vn -0.7017 -0.6911 0.1730
vn -0.7144 -0.6852 0.1417
vn 0.4679 0.8452 0.2583
vn 0.7508 0.6544 -0.0899
vn 0.7510 0.6539 -0.0911
vn 0.5630 0.8117 0.1554
vn 0.4723 -0.7297 -0.4944
vn 0.7039 -0.7103 0.0025
vn 0.7040 -0.7101 -0.0090
vn 0.4987 -0.7302 -0.4670
vn -0.6769 0.7312 -0.0847
vn -0.6768 0.7288 -0.1041
vn -0.1974 -0.6230 0.7569
vn 0.1036 -0.5428 0.8334
vn 0.3128 -0.5653 0.7633
vn -0.2238 -0.6376 0.7372
vn 0.5825 -0.6748 0.4532
vn 0.6499 -0.7068 0.2795
vn 0.5631 0.7947 0.2267
vn 0.4771 0.8652 -0.1545
vn 0.4266 0.8339 -0.3502
vn 0.5658 0.7892 0.2386
vn 0.5387 0.7270 -0.4258
vn 0.5391 0.7270 -0.4253
vn -0.5620 -0.7064 -0.4304
vn -0.6338 -0.7246 -0.2707
vn -0.3406 -0.8264 -0.4484
vn -0.2861 -0.8259 -0.4858
vn -0.5993 0.7505 -0.2785
vn -0.7257 -0.6877 0.0231
vn -0.7258 -0.6875 0.0249
vn 0.2097 -0.6521 -0.7285
vn -0.0847 -0.5905 -0.8026
vn -0.3017 -0.6184 -0.7256
vn 0.2068 -0.6509 -0.7304
vn 0.4748 -0.7117 0.5178
vn 0.4886 -0.7137 0.5019
vn -0.6474 -0.7443 -0.1639
vn -0.7050 -0.7038 -0.0866
vn 0.2703 0.7238 -0.6349
vn -0.2197 0.6542 -0.7237
vn -0.1926 0.6414 -0.7427
vn 0.0776 0.6183 -0.7821
vn 0.5959 0.6829 0.4225
vn 0.6160 0.3212 0.7193
vn 0.3734 0.5859 0.7192
vn 0.6941 -0.0296 0.7193
vn 0.5861 -0.3729 0.7193
vn 0.5861 -0.3730 0.7193
vn 0.3206 -0.6163 0.7193
vn -0.0308 -0.6941 0.7192
vn -0.0307 -0.6941 0.7192
vn -0.3734 -0.5859 0.7192
vn -0.6160 -0.3213 0.7192
vn -0.6941 0.0296 0.7193
vn -0.5861 0.3730 0.7193
vn -0.3205 0.6164 0.7193
vn -0.3206 0.6163 0.7193
vn 0.0308 0.6941 0.7192
vn 0.0307 0.6941 0.7192
vn 0.6190 0.3154 -0.7193
vn 0.5818 -0.3796 -0.7193
vn 0.3145 -0.6195 -0.7192
vn -0.0364 -0.6939 -0.7192
vn -0.6936 0.0374 -0.7193
vn -0.5818 0.3795 -0.7193
vn -0.3146 0.6194 -0.7193
vn -0.3145 0.6195 -0.7193
vn 0.0363 0.6938 -0.7192
vn 0.6161 0.3212 0.7192
vn 0.3734 0.5860 0.7192
vn 0.6160 0.3213 0.7192
vn -0.0308 -0.6940 0.7193
vn -0.0307 -0.6941 0.7193
vn -0.6161 -0.3212 0.7192
vn -0.3206 0.6164 0.7192
vn -0.3207 0.6163 0.7192
vn -0.6072 0.7498 -0.2629
vn 0.2641 0.7211 -0.6405
vn 0.7162 0.6785 -0.1633
vn 0.6501 -0.7388 0.1779
vn -0.6775 -0.7150 0.1721
vn -0.7162 0.6785 0.1633
vn -0.6501 -0.7388 -0.1779
vn 0.6775 -0.7150 -0.1721
vn -0.3754 -0.6068 -0.7006
vn -0.0648 -0.8329 -0.5496
vn -0.0647 -0.8329 -0.5496
vn -0.3753 -0.6069 -0.7006
vn 0.1831 -0.9665 -0.1801
vn 0.1831 -0.9664 -0.1804
vn 0.2211 -0.9752 0.0038
vn 0.1709 -0.9628 0.2093
vn -0.0768 -0.8181 0.5699
vn -0.0768 -0.8182 0.5698
vn -0.3772 -0.6055 0.7008
vn -0.6535 -0.4413 0.6150
vn -0.6536 -0.4413 0.6149
vn -0.9012 -0.2882 0.3238
vn -0.9012 -0.2882 0.3236
vn -0.9734 -0.2290 0.0007
vn -0.9734 -0.2290 0.0006
vn -0.9017 -0.2883 -0.3224
vn -0.9016 -0.2883 -0.3225
vn -0.6519 -0.4437 -0.6150
vn -0.9963 -0.0864 0.0012
vn -0.9963 -0.0864 0.0013
vn 0.0864 -0.9963 0.0012
vn 0.0864 -0.9963 0.0013
vn -0.9847 -0.1745 -0.0027
vn 0.1745 -0.9847 -0.0027
vn -0.9226 -0.2309 0.3091
vn -0.5775 -0.4488 0.6819
vn -0.5741 -0.4517 0.6828
vn -0.9199 -0.2333 0.3154
vn -0.3614 -0.6349 0.6829
vn -0.1026 -0.9168 0.3858
vn -0.1004 -0.9188 0.3818
vn -0.3585 -0.6373 0.6821
vn -0.5617 -0.4539 -0.6917
vn -0.8888 -0.2317 -0.3954
vn -0.8862 -0.2339 -0.3998
vn -0.5588 -0.4564 -0.6924
vn 0.0447 -0.9934 -0.1056
vn -0.2338 -0.8099 -0.5380
vn -0.2280 -0.8150 -0.5328
vn 0.0444 -0.9932 -0.1080
vn -0.9991 0.0348 -0.0255
vn -0.9991 0.0348 -0.0252
vn -0.2569 -0.8877 -0.3821
vn -0.2574 -0.8872 -0.3829
vn -0.0441 -0.9990 0.0015
vn -0.2563 -0.8867 0.3849
vn -0.2563 -0.8866 0.3850
vn -0.0274 -0.9899 0.1392
vn -0.2543 -0.7329 0.6310
vn -0.1919 -0.8297 -0.5242
vn -0.9549 -0.2149 -0.2050
vn -0.6805 -0.4386 -0.5870
vn -0.9622 -0.2049 0.1795
vn -0.7016 -0.4320 0.5667
vn -0.1757 -0.7907 0.5865
vn -0.1756 -0.7908 0.5864
vn 0.1269 -0.9722 0.1970
vn 0.1269 -0.9722 0.1969
vn 0.1157 -0.9660 -0.2312
vn -0.1842 -0.7783 -0.6003
vn -0.1843 -0.7782 -0.6004
vn -0.4037 -0.5884 -0.7006
vn -0.1041 -0.8290 -0.5495
vn -0.4036 -0.5885 -0.7006
vn 0.1372 -0.9740 -0.1801
vn 0.1371 -0.9740 -0.1803
vn 0.1748 -0.9846 0.0038
vn 0.1252 -0.9698 0.2094
vn 0.1252 -0.9698 0.2093
vn -0.1154 -0.8136 0.5699
vn -0.4054 -0.5869 0.7008
vn -0.6736 -0.4099 0.6150
vn -0.6737 -0.4099 0.6149
vn -0.9138 -0.2453 0.3238
vn -0.9139 -0.2452 0.3236
vn -0.9832 -0.1827 0.0008
vn -0.9832 -0.1827 0.0007
vn -0.9143 -0.2454 -0.3223
vn -0.9142 -0.2454 -0.3224
vn -0.6722 -0.4124 -0.6149
vn -0.6721 -0.4124 -0.6149
vn -0.9753 -0.2208 -0.0027
vn 0.2208 -0.9753 -0.0027
vn -0.9137 -0.2057 0.3506
vn -0.5870 -0.4322 0.6846
vn -0.9139 -0.2054 0.3501
vn -0.3763 -0.6240 0.6848
vn -0.1219 -0.9283 0.3513
vn -0.1218 -0.9284 0.3511
vn -0.5862 -0.4312 -0.6859
vn -0.9129 -0.2049 -0.3530
vn -0.9126 -0.2051 -0.3536
vn 0.0108 -0.9850 -0.1721
vn -0.2671 -0.7827 -0.5621
vn -0.2676 -0.7823 -0.5625
vn 0.0100 -0.9843 -0.1760
vn -0.9906 -0.1188 -0.0681
vn -0.9901 -0.1194 -0.0743
vn -0.1769 -0.9109 -0.3728
vn -0.1693 -0.9169 -0.3614
vn 0.0921 -0.9950 0.0386
vn -0.1565 -0.8941 0.4197
vn -0.1611 -0.8901 0.4264
vn 0.0921 -0.9950 0.0385
vn -0.2544 -0.7329 0.6309
vn -0.9436 -0.2598 -0.2050
vn -0.6590 -0.4703 -0.5870
vn -0.9514 -0.2502 0.1795
vn -0.2258 0.6319 -0.7414
vn -0.3593 0.9327 -0.0301
vn -0.3587 0.9323 -0.0465
vn -0.6804 -0.4647 0.5667
vn -0.1382 -0.7981 0.5865
vn -0.1380 -0.7982 0.5864
vn 0.1728 -0.9651 0.1970
vn 0.1728 -0.9651 0.1969
vn 0.1613 -0.9595 -0.2312
vn 0.1613 -0.9594 -0.2312
vn -0.1472 -0.7861 -0.6003
vn -0.1473 -0.7861 -0.6004
vn -0.4543 -0.5502 -0.7006
vn -0.1773 -0.8164 -0.5496
vn -0.1772 -0.8165 -0.5495
vn -0.4542 -0.5503 -0.7006
vn 0.0503 -0.9824 -0.1801
vn 0.0502 -0.9823 -0.1804
vn 0.0868 -0.9962 0.0038
vn 0.0387 -0.9771 0.2093
vn -0.1871 -0.8001 0.5699
vn -0.1871 -0.8002 0.5699
vn -0.4558 -0.5487 0.7008
vn -0.4559 -0.5487 0.7008
vn -0.7073 -0.3486 0.6150
vn -0.7074 -0.3485 0.6149
vn -0.9319 -0.1633 0.3238
vn -0.9320 -0.1632 0.3236
vn -0.9955 -0.0947 0.0007
vn -0.9955 -0.0947 0.0006
vn -0.9324 -0.1633 -0.3224
vn -0.9324 -0.1633 -0.3225
vn -0.7061 -0.3511 -0.6149
vn -0.7061 -0.3512 -0.6150
vn -0.9963 -0.0864 -0.0027
vn 0.0864 -0.9963 -0.0027
vn -0.9046 -0.2426 0.3506
vn -0.5689 -0.4556 0.6846
vn -0.9048 -0.2424 0.3501
vn -0.3507 -0.6388 0.6848
vn -0.0841 -0.9325 0.3513
vn -0.0840 -0.9326 0.3511
vn -0.5682 -0.4546 -0.6859
vn -0.9039 -0.2418 -0.3530
vn -0.9036 -0.2420 -0.3536
vn 0.0507 -0.9838 -0.1721
vn -0.2351 -0.7929 -0.5621
vn -0.2356 -0.7925 -0.5625
vn 0.0500 -0.9831 -0.1760
vn -0.9732 -0.2286 -0.0255
vn -0.9732 -0.2286 -0.0252
vn -0.0150 -0.9240 -0.3821
vn -0.0155 -0.9236 -0.3830
vn 0.2197 -0.9756 0.0015
vn -0.0146 -0.9228 0.3849
vn -0.0146 -0.9228 0.3850
vn -0.0208 -0.9936 0.1110
vn -0.2669 -0.7510 0.6040
vn -0.2569 -0.7588 0.5985
vn -0.0149 -0.9968 0.0788
vn -0.1715 -0.8037 -0.5698
vn -0.1743 -0.8014 -0.5722
vn -0.9702 -0.1294 -0.2050
vn -0.7167 -0.3765 -0.5870
vn -0.9766 -0.1188 0.1795
vn -0.7371 -0.3681 0.5667
vn -0.2452 -0.7720 0.5865
vn -0.2451 -0.7721 0.5864
vn 0.0402 -0.9796 0.1970
vn 0.0402 -0.9796 0.1969
vn 0.0296 -0.9725 -0.2312
vn 0.0296 -0.9724 -0.2312
vn -0.2525 -0.7589 -0.6003
vn -0.2526 -0.7588 -0.6004
vn -0.1773 -0.8164 -0.5497
vn -0.1772 -0.8164 -0.5496
vn 0.0503 -0.9823 -0.1802
vn 0.0867 -0.9962 0.0037
vn -0.1242 0.7099 -0.6933
vn -0.1434 0.9844 0.1022
vn -0.1476 0.9885 -0.0330
vn -0.7073 -0.3486 0.6149
vn -0.9320 -0.1633 0.3237
vn -0.9320 -0.1632 0.3235
vn -0.7061 -0.3511 -0.6150
vn -0.7060 -0.3511 -0.6150
vn -0.9963 -0.0864 -0.0028
vn -0.9963 -0.0864 -0.0029
vn 0.0864 -0.9963 -0.0028
vn 0.0864 -0.9963 -0.0029
vn -0.2760 0.6007 -0.7504
vn -0.4379 0.8990 0.0020
vn -0.4379 0.8990 0.0062
vn -0.5689 -0.4557 0.6846
vn 0.0508 -0.9838 -0.1721
vn -0.9952 -0.0944 -0.0254
vn -0.9952 -0.0944 -0.0252
vn -0.1402 -0.9134 -0.3821
vn -0.1407 -0.9130 -0.3829
vn 0.0853 -0.9964 0.0015
vn -0.1396 -0.9123 0.3849
vn -0.1397 -0.9123 0.3850
vn -0.1550 -0.9781 0.1392
vn -0.3468 -0.6940 0.6309
vn -0.2974 -0.7980 -0.5242
vn -0.3965 -0.5788 -0.7126
vn -0.0933 -0.8260 -0.5559
vn -0.0966 -0.8236 -0.5589
vn -0.3964 -0.5788 -0.7126
vn 0.1417 -0.9736 -0.1788
vn 0.1406 -0.9728 -0.1843
vn 0.1745 -0.9846 0.0034
vn 0.1197 -0.9703 0.2102
vn 0.1213 -0.9713 0.2045
vn -0.1259 -0.8172 0.5625
vn -0.1230 -0.8191 0.5603
vn -0.4122 -0.5963 0.6889
vn -0.6750 -0.4212 0.6058
vn -0.6770 -0.4197 0.6046
vn -0.9122 -0.2529 0.3224
vn -0.9145 -0.2512 0.3173
vn -0.9831 -0.1828 0.0018
vn -0.9832 -0.1827 -0.0020
vn -0.9161 -0.2377 -0.3230
vn -0.9138 -0.2392 -0.3283
vn -0.6711 -0.4007 -0.6237
vn -0.6690 -0.4022 -0.6251
vn -0.9999 -0.0149 -0.0064
vn -0.9999 -0.0149 -0.0065
vn 0.0148 -0.9998 0.0101
vn -0.9938 -0.1106 0.0100
vn -0.9938 -0.1106 0.0099
vn 0.1105 -0.9938 -0.0142
vn 0.1105 -0.9938 -0.0139
vn -0.5869 -0.4322 0.6846
vn -0.5870 -0.4321 0.6846
vn -0.1219 -0.9283 0.3512
vn -0.5862 -0.4311 -0.6859
vn -0.9129 -0.2048 -0.3530
vn -0.9952 -0.0944 -0.0255
vn 0.0852 -0.9964 0.0015
vn -0.1397 -0.9123 0.3849
vn 0.1071 -0.9845 0.1392
vn -0.1526 -0.7607 0.6309
vn -0.0775 -0.8480 -0.5242
vn -0.3549 0.5577 -0.7503
vn -0.5558 0.8313 0.0020
vn -0.5559 0.8312 0.0062
vn -0.2450 -0.7721 0.5864
vn 0.0403 -0.9796 0.1969
vn -0.2526 -0.7588 -0.6003
vn -0.3777 0.5381 0.7535
vn -0.3259 0.6131 -0.7196
vn -0.4769 0.8790 0.0020
vn -0.4769 0.8790 0.0023
vn -0.3350 0.6049 0.7224
vn -0.1962 0.6313 -0.7503
vn -0.3182 0.9480 0.0020
vn -0.3182 0.9480 0.0062
vn -0.2232 0.6184 0.7535
vn -0.3463 0.6481 -0.6783
vn -0.3012 0.5843 0.7535
vn -0.3258 0.6131 -0.7197
vn -0.0686 0.6068 0.7919
vn -0.5918 0.8061 0.0023
vn -0.4060 0.5633 -0.7196
vn -0.5918 0.8061 0.0020
vn -0.4140 0.5538 0.7224
vn -0.1035 0.7181 0.6882
vn -0.1306 0.9914 0.0063
vn -0.1306 0.9914 0.0048
vn -0.0869 0.7271 -0.6810
vn -0.2729 0.6629 0.6972
vn 0.6558 -0.3129 0.6871
vn 0.0036 -1.0000 0.0000
usemtl logs.001
s 1
f 807/1/1 818/2/2 813/3/3 801/4/4
f 809/5/5 811/6/6 820/7/7 817/8/8
f 813/9/9 818/10/10 1765/11/11
f 819/12/12 810/13/13 805/14/14 816/15/15
f 822/16/16 1/17/17 2/18/18 823/19/19
f 827/20/20 4/21/21 5/22/22 829/23/23
f 829/23/23 5/22/22 6/24/24 831/25/25
f 831/25/25 6/24/24 7/26/26 833/27/27
f 833/27/27 7/26/26 8/28/28 835/29/29
f 835/30/29 8/31/28 9/32/30 837/33/31
f 837/33/31 9/32/30 10/34/32 839/35/33
f 839/35/33 10/34/32 11/36/34 841/37/35
f 841/37/35 11/36/34 12/38/36 843/39/37
f 859/40/38 847/41/38 850/42/38 857/43/38 856/44/38 853/45/38
f 825/46/39 3/47/40 4/21/21 827/20/20
f 823/19/19 2/18/18 3/47/40 825/46/39
f 193/48/41 194/49/42 196/50/43
f 164/51/44 163/52/45 198/53/46
f 1071/54/47 1074/55/48 1740/56/49
f 153/57/50 154/58/51 199/59/52
f 43/60/53 42/61/54 207/62/55
f 177/63/56 178/64/57 197/65/58
f 54/66/59 1069/67/60 1741/68/61
f 129/69/62 128/70/63 201/71/64
f 19/72/65 20/73/66 209/74/67
f 39/75/68 32/76/69 208/77/70
f 1068/78/71 55/79/72 1739/80/73
f 163/52/45 162/81/74 198/53/46
f 55/79/72 1072/82/75 1739/80/73
f 65/83/76 67/84/77 1734/85/78
f 860/86/79 13/87/79 862/88/80 845/89/81
f 851/90/82 855/91/83 870/92/84 868/93/85
f 852/94/86 867/95/87 13/87/79 860/86/79
f 17/96/88 18/97/89 209/74/67
f 14/98/90 858/99/90 849/100/91 864/101/92
f 866/102/93 865/103/94 861/104/95 863/105/96 210/106/97
f 871/107/98 854/108/99 858/99/90 14/98/90
f 891/109/100 890/110/101 1761/111/102
f 100/112/103 101/113/104 203/114/105
f 890/115/106 891/116/107 886/117/108 880/118/109
f 873/119/110 876/120/111 896/121/112 893/122/113
f 883/123/79 16/124/79 889/125/114 879/126/115
f 15/127/90 884/128/90 887/129/116 892/130/117
f 895/131/118 878/132/119 884/128/90 15/127/90
f 192/133/120 193/48/41 196/50/43
f 905/134/121 907/135/122 916/136/123 913/137/124
f 903/138/125 914/139/126 909/140/127 897/141/128
f 909/142/129 914/143/130 1755/144/131
f 152/145/132 153/57/50 199/59/52
f 42/61/54 41/146/133 207/62/55
f 102/147/134 97/148/135 203/114/105
f 915/149/136 906/150/137 901/151/138 912/152/139
f 128/70/63 127/153/140 201/71/64
f 19/154/141 924/155/142 922/156/143 20/157/144
f 38/158/145 39/75/68 208/77/70
f 21/159/146 928/160/147 926/161/148 22/162/149
f 930/163/150 24/164/151 23/165/152 932/166/153
f 926/161/148 932/166/153 23/165/152 22/162/149
f 947/167/154 935/168/154 936/169/154 949/170/154 942/171/154 938/172/154
f 928/160/147 21/159/146 18/173/155 918/174/156
f 24/164/151 930/163/150 924/155/142 19/154/141
f 17/175/157 20/176/144 922/177/143 920/178/158
f 98/179/159 95/180/160 203/114/105
f 162/81/74 161/181/161 198/53/46
f 23/182/162 24/183/163 209/74/67
f 191/184/164 192/133/120 196/50/43
f 96/185/165 99/186/166 203/114/105
f 940/187/167 946/188/168 27/189/169 948/190/170
f 127/153/140 126/191/171 201/71/64
f 948/190/170 27/189/169 943/192/172 933/193/173
f 28/194/174 950/195/175 937/196/176 25/197/177
f 939/198/178 941/199/179 26/200/180 945/201/181
f 25/202/182 944/203/183 1754/204/184
f 26/200/180 941/199/179 950/195/175 28/194/174
f 68/205/185 1136/206/186 1732/207/187
f 955/208/188 966/209/189 30/210/189 959/211/190
f 37/212/191 38/158/145 208/77/70
f 151/213/192 152/145/132 199/59/52
f 41/146/133 40/214/193 207/62/55
f 957/215/194 960/216/194 1751/217/194
f 958/218/195 29/219/196 962/220/196 953/221/197
f 964/222/198 31/223/198 30/210/189 966/209/189
f 1610/224/199 174/225/200 173/226/201 1612/227/202
f 969/228/203 968/229/203 981/230/203 979/231/203 977/232/203 975/233/203 973/234/203 971/235/203
f 161/181/161 160/236/204 198/53/46
f 974/237/205 976/238/206 36/239/207 35/240/208
f 978/241/209 980/242/210 38/243/211 37/244/212
f 21/245/213 22/246/214 209/74/67
f 990/247/215 985/248/215 988/249/215 994/250/215
f 970/251/216 972/252/217 34/253/218 33/254/219
f 32/255/220 967/256/221 970/251/216 33/254/219
f 1607/257/222 171/258/223 1682/259/224
f 34/253/218 972/252/217 974/237/205 35/240/208
f 126/191/171 125/260/225 201/71/64
f 36/239/207 976/238/206 978/241/209 37/244/212
f 1/261/226 12/262/227 211/263/228
f 97/148/135 98/179/159 203/114/105
f 117/264/229 110/265/230 202/266/52
f 38/243/211 980/242/210 982/267/231 39/268/232
f 1450/269/233 1445/270/234 1695/271/235
f 190/272/236 191/184/164 196/50/43
f 1448/273/237 1449/274/238 1698/275/239
f 150/276/240 151/213/192 199/59/52
f 95/180/160 96/277/165 203/114/105
f 1446/278/241 1443/279/242 1696/280/243
f 36/281/244 37/212/191 208/77/70
f 1606/282/245 1608/283/246 1681/284/247
f 1055/285/248 1053/286/248 1060/287/248 1059/288/248 1066/289/248 1063/290/248
f 12/291/227 11/292/249 211/263/228
f 1461/293/250 1451/294/250 1453/295/250 1455/296/250 1457/297/250 1463/298/250 1465/299/250 1459/300/250
f 989/301/251 1000/302/252 995/303/253 983/304/254
f 160/236/204 159/305/255 198/53/46
f 171/258/223 1603/306/256 1682/259/224
f 991/307/257 993/308/258 1002/309/259 999/310/260
f 995/311/261 1000/312/262 1749/313/263
f 116/314/264 117/264/229 202/266/52
f 125/260/225 124/315/265 201/71/64
f 1601/316/266 172/317/267 1680/318/268
f 1001/319/269 992/320/270 987/321/271 998/322/272
f 1049/323/273 53/324/274 1746/325/275
f 1004/326/16 40/327/17 41/328/276 1005/329/277
f 1009/330/20 43/331/21 44/332/278 1011/333/23
f 1011/333/23 44/332/278 45/334/279 1013/335/25
f 1013/335/25 45/334/279 46/336/26 1015/337/27
f 1015/337/27 46/336/26 47/338/280 1017/339/29
f 1017/340/29 47/341/280 48/342/281 1019/343/31
f 1019/343/31 48/342/281 49/344/282 1021/345/33
f 1021/345/33 49/344/282 50/346/283 1023/347/35
f 1023/347/35 50/346/283 51/348/284 1025/349/37
f 1041/350/285 1029/351/285 1032/352/285 1039/353/285 1038/354/285 1035/355/285
f 1007/356/39 42/357/286 43/331/21 1009/330/20
f 189/358/287 190/272/236 196/50/43
f 1005/329/277 41/328/276 42/357/286 1007/356/39
f 172/317/267 1605/359/288 1680/318/268
f 101/113/104 102/147/134 203/114/105
f 35/360/289 36/281/244 208/77/70
f 67/84/77 64/361/290 1734/362/78
f 11/292/249 10/363/291 211/263/228
f 159/305/255 158/364/292 198/53/46
f 53/324/274 1046/365/293 1746/325/275
f 1123/366/294 65/83/76 1734/367/78
f 1001/368/295 998/369/296 1747/370/297
f 1043/371/298 52/372/299 1744/373/300
f 124/315/265 123/374/301 201/71/64
f 115/375/51 116/314/264 202/266/52
f 149/376/230 150/276/240 199/59/52
f 1047/377/302 1050/378/303 1745/379/304
f 52/372/299 1048/380/305 1744/373/300
f 999/381/306 1002/382/307 1750/383/308
f 99/186/166 100/112/103 203/114/105
f 1042/384/79 52/385/79 1043/386/309 1027/387/310
f 1033/388/311 1037/389/312 1050/390/313 1047/391/314
f 1034/392/315 1048/393/316 52/385/79 1042/384/79
f 10/363/291 9/394/317 211/263/228
f 53/395/90 1040/396/90 1031/397/318 1046/398/319
f 1045/399/320 1044/400/321 1743/401/322
f 1049/402/323 1036/403/324 1040/396/90 53/395/90
f 1070/404/100 1067/405/101 1742/406/102
f 1121/407/325 66/408/326 1733/409/327
f 1067/410/106 1070/411/107 1064/412/108 1058/413/109
f 1051/414/110 1054/415/111 1074/416/328 1071/417/113
f 1061/418/79 55/419/79 1068/420/114 1057/421/329
f 54/422/90 1062/423/90 1065/424/116 1069/425/117
f 1073/426/118 1056/427/330 1062/423/90 54/422/90
f 123/374/301 122/428/331 201/71/64
f 1083/429/332 1085/430/333 1094/431/334 1091/432/335
f 1081/433/336 1092/434/337 1087/435/338 1075/436/339
f 1087/437/340 1092/438/341 1736/439/342
f 79/440/343 90/441/344 204/442/345
f 188/443/346 189/444/287 196/50/43
f 34/445/347 35/360/289 208/77/70
f 1093/446/348 1084/447/349 1079/448/350 1090/449/351
f 997/450/352 996/451/353 1748/452/354
f 58/453/355 1102/454/356 1100/455/357 59/456/358
f 31/457/359 29/458/185 1752/459/187
f 60/460/360 1106/461/361 1104/462/362 61/463/363
f 1108/464/364 63/465/365 62/466/366 1110/467/367
f 1104/462/362 1110/467/367 62/466/366 61/463/363
f 1125/468/368 1113/469/368 1114/470/368 1127/471/368 1120/472/368 1116/473/368
f 1106/461/361 60/460/360 57/474/200 1096/475/199
f 63/465/365 1108/464/364 1102/454/356 58/453/355
f 56/476/201 59/477/358 1100/478/357 1098/479/369
f 158/364/292 157/480/370 198/53/46
f 1132/481/203 1129/482/203 1139/483/203 1141/484/203 1143/485/203
f 1003/486/371 1006/487/371 1008/488/371 1010/489/371 1012/490/371 1014/491/371 1016/492/371 1018/493/371 1020/494/371 1022/495/371 1024/496/371 1026/497/371
f 66/408/326 1124/498/372 1733/499/327
f 114/500/50 115/375/51 202/266/52
f 1118/501/373 1124/502/374 66/503/375 1126/504/376
f 9/394/317 8/505/377 211/263/228
f 1126/504/376 66/503/375 1121/506/378 1111/507/379
f 67/508/380 1128/509/381 1115/510/382 64/511/383
f 1117/512/384 1119/513/385 65/514/386 1123/515/387
f 64/361/290 1122/516/388 1734/517/78
f 65/514/386 1119/513/385 1128/509/381 67/508/380
f 1496/518/196 146/519/196 148/520/198 1498/521/198
f 1133/522/188 1144/523/189 69/524/189 1137/525/389
f 90/526/344 89/527/390 204/442/345
f 915/528/391 912/529/392 1757/530/393
f 1438/531/394 1433/532/394 1436/533/394 1442/534/394
f 1135/535/194 1138/536/194 1731/537/194
f 1136/538/395 68/539/196 1140/540/196 1131/541/197
f 1142/542/198 70/543/198 69/524/189 1144/523/189
f 913/544/396 916/545/397 1756/546/398
f 1147/547/203 1146/548/203 1159/549/203 1157/550/203 1155/551/203 1153/552/203 1151/553/203 1149/554/203
f 1493/555/399 147/556/400 1691/557/401
f 1152/558/205 1154/559/206 75/560/402 74/561/403
f 1156/562/404 1158/563/210 77/564/405 76/565/406
f 33/566/407 34/445/347 208/77/70
f 1168/567/215 1163/568/215 1166/569/215 1172/570/215
f 1148/571/216 1150/572/217 73/573/408 72/574/409
f 71/575/410 1145/576/221 1148/571/216 72/574/409
f 122/428/331 121/577/411 201/71/64
f 73/573/408 1150/572/217 1152/558/205 74/561/403
f 911/578/412 910/579/413 1758/580/414
f 75/560/402 1154/559/206 1156/562/404 76/565/406
f 143/581/415 145/582/416 1694/583/417
f 113/584/132 114/500/50 202/266/52
f 1429/585/418 132/586/419 1702/587/420
f 77/564/405 1158/563/210 1160/588/231 78/589/421
f 1654/590/196 185/591/196 187/592/198 1656/593/198
f 927/594/422 917/595/422 919/596/422 921/597/422 923/598/422 929/599/422 931/600/422 925/601/422
f 1585/602/423 1588/603/424 1608/604/425 1606/605/426
f 8/505/377 7/606/427 211/263/228
f 89/527/390 88/607/428 204/442/345
f 1651/608/429 186/609/430 1676/610/187
f 1583/611/431 170/612/432 1684/613/433
f 61/614/434 62/615/435 206/616/58
f 182/617/436 184/618/437 1678/619/184
f 63/620/438 58/621/439 206/616/58
f 1427/622/440 1430/623/441 1701/624/442
f 1167/625/443 1178/626/2 1173/627/444 1161/628/445
f 59/629/446 56/630/447 206/616/58
f 121/577/411 120/631/448 201/71/64
f 1169/632/449 1171/633/450 1180/634/451 1177/635/452
f 1173/636/453 1178/637/454 1728/638/455
f 132/586/419 1425/639/456 1702/587/420
f 170/612/432 1580/640/457 1684/613/433
f 7/606/427 6/641/458 211/263/228
f 1179/642/459 1170/643/460 1165/644/461 1176/645/462
f 88/607/428 87/646/463 204/442/345
f 1182/647/16 79/648/17 80/649/18 1183/650/19
f 1187/651/20 82/652/21 83/653/22 1189/654/23
f 1189/654/23 83/653/22 84/655/24 1191/656/25
f 1191/656/25 84/655/24 85/657/26 1193/658/27
f 1193/658/27 85/657/26 86/659/28 1195/660/29
f 1195/661/29 86/662/28 87/663/464 1197/664/31
f 1197/664/31 87/663/464 88/665/32 1199/666/33
f 1199/666/33 88/665/32 89/667/465 1201/668/35
f 1201/668/35 89/667/465 90/669/36 1203/670/37
f 1219/671/466 1207/672/466 1210/673/466 1217/674/466 1216/675/466 1213/676/466
f 1185/677/39 81/678/467 82/652/21 1187/651/20
f 1423/679/468 133/680/469 1700/681/470
f 1183/650/19 80/649/18 81/678/467 1185/677/39
f 1535/682/295 1532/683/296 1689/684/471
f 32/685/69 33/566/407 208/77/70
f 1577/686/472 169/687/473 1686/688/474
f 112/689/192 113/584/132 202/266/52
f 133/680/469 1428/690/475 1700/681/470
f 148/691/476 146/692/477 1691/693/401
f 1582/694/478 1584/695/479 1683/696/480
f 169/687/473 1581/697/481 1686/698/474
f 57/699/482 60/700/483 206/616/58
f 120/631/448 119/701/484 201/71/64
f 1534/702/306 1536/703/307 1688/704/308
f 6/641/458 5/705/485 211/263/228
f 87/646/463 86/706/486 204/442/345
f 1271/707/233 1268/708/234 1716/709/235
f 187/710/359 185/711/185 1676/712/187
f 1531/713/487 1530/714/488 1690/715/489
f 1269/716/237 1272/717/238 1715/718/490
f 1220/719/79 91/720/79 1221/721/491 1205/722/492
f 1211/723/493 1215/724/494 1228/725/495 1225/726/496
f 1212/727/497 1226/728/498 91/720/79 1220/719/79
f 111/729/240 112/689/192 202/266/52
f 92/730/90 1218/731/90 1209/732/499 1224/733/500
f 1223/734/501 1222/735/502 1725/736/503
f 1227/737/504 1214/738/505 1218/731/90 92/730/90
f 1247/739/100 1246/740/101 1719/741/506
f 1267/742/241 1266/743/242 1717/744/243
f 1246/745/106 1247/746/107 1242/747/108 1236/748/109
f 1229/749/110 1232/750/111 1252/751/328 1249/752/113
f 1239/753/79 94/754/79 1245/755/114 1235/756/115
f 93/757/90 1240/758/90 1243/759/116 1248/760/117
f 1251/761/118 1234/762/330 1240/758/90 93/757/90
f 1537/763/507 1540/764/507 1542/765/507 1544/766/507 1546/767/507 1548/768/507 1550/769/507 1552/770/507 1554/771/507 1556/772/507 1558/773/507 1560/774/507
f 1261/775/508 1263/776/509 1272/777/510 1269/778/335
f 1259/779/336 1270/780/337 1265/781/338 1253/782/511
f 1265/783/512 1270/784/513 1718/785/514
f 962/220/196 29/219/196 31/223/198 964/222/198
f 1283/786/250 1273/787/250 1275/788/250 1277/789/250 1279/790/250 1285/791/250 1287/792/250 1281/793/250
f 58/621/439 59/629/446 206/616/58
f 1271/794/515 1262/795/516 1257/796/517 1268/797/518
f 78/798/519 71/799/346 205/800/520
f 97/801/355 1280/802/356 1278/803/357 98/804/358
f 146/692/477 1492/805/521 1691/806/401
f 99/807/360 1284/808/361 1282/809/362 100/810/363
f 1286/811/364 102/812/365 101/813/366 1288/814/367
f 1282/809/362 1288/814/367 101/813/366 100/810/363
f 1303/815/154 1291/816/154 1292/817/154 1305/818/154 1298/819/154 1294/820/154
f 1284/808/361 99/807/360 96/821/200 1274/822/199
f 102/812/365 1286/811/364 1280/802/356 97/801/355
f 95/823/201 98/824/358 1278/825/357 1276/826/202
f 86/706/486 85/827/522 204/442/345
f 904/828/394 899/829/394 902/830/394 908/831/394
f 959/832/429 30/833/430 1752/834/187
f 56/630/447 57/835/482 206/616/58
f 119/701/484 118/836/523 201/71/64
f 1296/837/167 1302/838/168 105/839/169 1304/840/170
f 5/705/485 4/841/524 211/263/228
f 1304/840/170 105/839/169 1299/842/172 1289/843/525
f 106/844/174 1306/845/175 1293/846/176 103/847/177
f 1295/848/526 1297/849/179 104/850/180 1301/851/181
f 103/852/182 1300/853/183 1714/854/184
f 104/850/180 1297/849/179 1306/845/175 106/844/174
f 30/833/430 31/457/359 1752/855/187
f 1311/856/527 1322/857/528 108/858/529 1315/859/530
f 895/860/531 15/861/59 1760/862/532
f 77/863/42 78/798/519 205/800/520
f 185/711/185 1650/864/186 1676/865/187
f 1313/866/533 1316/867/534 1712/868/535
f 1314/869/536 107/870/537 1318/871/538 1309/872/539
f 1320/873/540 109/874/541 108/858/529 1322/857/528
f 62/615/435 63/620/438 206/616/58
f 1325/875/203 1324/876/203 1337/877/203 1335/878/203 1333/879/203 1331/880/203 1329/881/203 1327/882/203
f 110/883/230 111/729/240 202/266/52
f 1330/884/205 1332/885/206 114/886/207 113/887/208
f 1334/888/209 1336/889/210 116/890/211 115/891/212
f 85/827/522 84/892/542 204/442/345
f 1346/893/215 1341/894/215 1344/895/215 1350/896/215
f 1326/897/216 1328/898/217 112/899/218 111/900/219
f 110/901/220 1323/902/221 1326/897/216 111/900/219
f 893/903/543 896/904/48 1759/905/544
f 112/899/218 1328/898/217 1330/884/205 113/887/208
f 4/841/524 3/906/545 211/263/228
f 114/886/207 1332/885/206 1334/888/209 115/891/212
f 1411/907/546 1409/908/546 1416/909/546 1415/910/546 1422/911/546 1419/912/546
f 15/861/59 892/913/547 1760/862/532
f 76/914/41 77/863/42 205/800/520
f 116/890/211 1336/889/210 1338/915/231 117/916/232
f 889/917/548 16/918/72 1762/919/73
f 84/892/542 83/920/549 204/442/345
f 1405/921/550 131/922/551 1706/923/552
f 16/918/72 894/924/75 1762/919/73
f 26/925/436 28/926/437 1754/927/184
f 60/700/483 61/614/434 206/616/58
f 3/906/545 2/928/553 211/263/228
f 145/582/416 142/929/554 1694/930/417
f 40/214/193 51/931/555 207/62/55
f 1318/871/538 107/870/537 109/874/541 1320/873/540
f 131/922/551 1401/932/556 1706/923/552
f 1345/933/557 1356/934/558 1351/935/559 1339/936/560
f 1479/937/561 143/581/415 1694/938/417
f 1357/939/562 1354/940/563 1710/941/564
f 1347/942/565 1349/943/566 1358/944/567 1355/945/568
f 1351/946/569 1356/947/570 1708/948/571
f 1399/949/572 130/950/573 1704/951/574
f 1260/952/394 1255/953/394 1258/954/394 1264/955/394
f 1315/956/575 108/957/576 1711/958/577
f 1357/959/578 1348/960/579 1343/961/580 1354/962/581
f 1403/963/582 1406/964/583 1705/965/584
f 1360/966/16 118/967/17 119/968/585 1361/969/19
f 1365/970/20 121/971/21 122/972/586 1367/973/23
f 1367/973/23 122/972/586 123/974/587 1369/975/25
f 1369/975/25 123/974/587 124/976/588 1371/977/27
f 1371/977/27 124/976/588 125/978/589 1373/979/29
f 1373/980/29 125/981/589 126/982/590 1375/983/31
f 1375/983/31 126/982/590 127/984/591 1377/985/33
f 1377/985/33 127/984/591 128/986/592 1379/987/35
f 1379/987/35 128/986/592 129/988/593 1381/989/37
f 1397/990/38 1385/991/38 1388/992/38 1395/993/38 1394/994/38 1391/995/38
f 1363/996/594 120/997/595 121/971/21 1365/970/20
f 104/998/436 106/999/437 1714/1000/184
f 1361/969/19 119/968/585 120/997/595 1363/996/594
f 83/920/549 82/1001/596 204/442/345
f 75/1002/120 76/914/41 205/800/520
f 130/950/573 1404/1003/597 1704/951/574
f 1251/1004/531 93/1005/59 1722/1006/61
f 51/1007/555 50/1008/598 207/62/55
f 184/618/437 181/1009/182 1678/1010/184
f 1355/1011/599 1358/1012/600 1709/1013/601
f 29/458/185 958/1014/186 1752/1015/187
f 1637/1016/602 182/617/436 1678/1017/184
f 1478/1018/603 144/1019/604 1693/1020/605
f 1353/1021/606 1352/1022/607 1707/1023/608
f 2/928/553 1/261/226 211/263/228
f 108/957/576 109/1024/609 1711/1025/577
f 74/1026/164 75/1002/120 205/800/520
f 1488/1027/203 1485/1028/203 1495/1029/203 1497/1030/203 1499/1031/203
f 50/1008/598 49/1032/610 207/62/55
f 1249/1033/543 1252/1034/48 1721/1035/49
f 1398/1036/79 130/1037/79 1399/1038/611 1383/1039/612
f 1389/1040/613 1393/1041/614 1406/1042/615 1403/1043/616
f 1390/1044/617 1404/1045/618 130/1037/79 1398/1036/79
f 1359/1046/619 1362/1047/619 1364/1048/619 1366/1049/619 1368/1050/619 1370/1051/619 1372/1052/619 1374/1053/619 1376/1054/619 1378/1055/619 1380/1056/619 1382/1057/619
f 131/1058/90 1396/1059/90 1387/1060/620 1401/1061/621
f 1402/1062/622 1400/1063/623 1703/1064/624
f 1405/1065/625 1392/1066/626 1396/1059/90 131/1058/90
f 1426/1067/627 1424/1068/628 1699/1069/629
f 144/1019/604 1480/1070/630 1693/1020/605
f 1424/1071/631 1426/1072/632 1420/1073/633 1414/1074/634
f 1407/1075/635 1410/1076/636 1430/1077/637 1427/1078/638
f 1417/1079/79 133/1080/79 1423/1081/639 1413/1082/640
f 132/1083/90 1418/1084/90 1421/1085/641 1425/1086/642
f 1429/1087/643 1412/1088/644 1418/1084/90 132/1083/90
f 93/1005/59 1248/1089/60 1722/1006/61
f 1439/1090/508 1441/1091/509 1449/1092/510 1448/1093/335
f 1437/1094/336 1447/1095/337 1444/1096/338 1431/1097/339
f 1444/1098/512 1447/1099/645 1697/1100/514
f 82/1001/596 81/1101/646 204/442/345
f 1245/1102/71 94/1103/72 1720/1104/73
f 1636/1105/647 183/1106/648 1677/1107/649
f 1450/1108/515 1440/1109/516 1435/1110/517 1445/1111/518
f 94/1103/72 1250/1112/75 1720/1104/73
f 136/1113/355 1458/1114/356 1456/1115/357 137/1116/358
f 147/556/400 148/691/476 1691/1117/401
f 138/1118/360 1462/1119/650 1460/1120/362 139/1121/651
f 1464/1122/364 141/1123/365 140/1124/366 1466/1125/367
f 1460/1120/362 1466/1125/367 140/1124/366 139/1121/651
f 1481/1126/652 1469/1127/652 1470/1128/652 1483/1129/652 1476/1130/652 1472/1131/652
f 1462/1119/650 138/1118/360 135/1132/200 1452/1133/199
f 141/1123/365 1464/1122/364 1458/1114/356 136/1113/355
f 134/1134/201 137/1135/358 1456/1136/357 1454/1137/369
f 109/1024/609 107/1138/653 1711/1139/577
f 1652/1140/654 1649/1141/655 1644/1142/656 1648/1143/657
f 877/1144/248 875/1145/248 882/1146/248 881/1147/248 888/1148/248 885/1149/248
f 49/1032/610 48/1150/658 207/62/55
f 183/1106/648 1638/1151/659 1677/1107/649
f 1474/1152/660 1480/1153/661 144/1154/169 1482/1155/662
f 81/1101/646 80/1156/663 204/442/345
f 1482/1155/662 144/1154/169 1478/1157/664 1467/1158/665
f 145/1159/666 1484/1160/175 1471/1161/176 142/1162/667
f 1473/1163/668 1475/1164/179 143/1165/669 1479/1166/670
f 142/929/554 1477/1167/671 1694/1168/417
f 143/1165/669 1475/1164/179 1484/1160/175 145/1159/666
f 73/1169/236 74/1026/164 205/800/520
f 1489/1170/672 1500/1171/189 147/1172/189 1493/1173/673
f 872/1174/674 871/1175/98 14/1176/675 210/106/97
f 139/1177/434 140/1178/435 200/1179/58
f 141/1180/438 136/1181/439 200/1179/58
f 1491/1182/676 1494/1183/676 1692/1184/676
f 1492/1185/677 146/519/196 1496/518/196 1487/1186/678
f 1498/521/198 148/520/198 147/1172/189 1500/1171/189
f 28/926/437 25/202/182 1754/1187/184
f 1503/1188/203 1502/1189/203 1515/1190/203 1513/1191/203 1511/1192/203 1509/1193/203 1507/1194/203 1505/1195/203
f 48/1150/658 47/1196/679 207/62/55
f 1508/1197/205 1510/1198/206 153/1199/207 152/1200/208
f 1512/1201/209 1514/1202/210 155/1203/680 154/1204/212
f 14/1176/675 864/1205/92 866/102/93 210/106/97
f 1524/1206/215 1519/1207/215 1522/1208/215 1528/1209/215
f 1504/1210/216 1506/1211/217 151/1212/218 150/1213/219
f 149/1214/220 1501/1215/221 1504/1210/216 150/1213/219
f 137/1216/681 134/1217/447 200/1179/58
f 151/1212/218 1506/1211/217 1508/1197/205 152/1200/208
f 945/1218/602 26/925/436 1754/1219/184
f 153/1199/207 1510/1198/206 1512/1201/209 154/1204/212
f 157/480/370 168/1220/682 198/53/46
f 1093/1221/683 1090/1222/684 1738/1223/685
f 107/1138/653 1314/1224/686 1711/1225/577
f 155/1203/680 1514/1202/210 1516/1226/231 156/1227/232
f 819/1228/687 816/1229/688 1763/1230/689
f 863/1231/96 862/1232/80 13/1233/690 210/106/97
f 1091/1234/691 1094/1235/692 1737/1236/693
f 72/1237/287 73/1169/236 205/800/520
f 869/1238/694 868/1239/85 870/1240/84 872/1174/674 210/106/97
f 178/64/57 179/1241/695 197/65/58
f 1089/1242/696 1088/1243/697 1735/1244/698
f 80/1156/663 79/440/343 204/442/345
f 13/1233/690 867/1245/87 869/1238/694 210/106/97
f 180/1246/699 175/1247/700 197/65/58
f 1105/1248/250 1095/1249/250 1097/1250/250 1099/1251/250 1101/1252/250 1107/1253/250 1109/1254/250 1103/1255/250
f 1523/1256/701 1533/1257/252 1529/1258/253 1517/1259/254
f 817/1260/702 820/1261/703 1766/1262/704
f 135/1263/482 138/1264/705 200/1179/58
f 1525/1265/257 1527/1266/706 1536/1267/707 1534/1268/260
f 1529/1269/708 1533/1270/262 1687/1271/709
f 168/1272/682 167/1273/710 198/53/46
f 47/1196/679 46/1274/711 207/62/55
f 176/1275/712 173/1276/713 197/65/58
f 1535/1277/269 1526/1278/270 1521/1279/271 1532/1280/272
f 943/1281/647 27/1282/648 1753/1283/649
f 1538/1284/714 157/1285/715 158/1286/716 1539/1287/717
f 1543/1288/718 160/1289/719 161/1290/720 1545/1291/721
f 1545/1291/721 161/1290/720 162/1292/722 1547/1293/723
f 1547/1293/723 162/1292/722 163/1294/724 1549/1295/725
f 1549/1295/725 163/1294/724 164/1296/726 1551/1297/727
f 1551/1298/727 164/1299/726 165/1300/728 1553/1301/729
f 1553/1301/729 165/1300/728 166/1302/730 1555/1303/731
f 1555/1303/731 166/1302/730 167/1304/732 1557/1305/733
f 1557/1305/733 167/1304/732 168/1306/734 1559/1307/735
f 1576/1308/736 169/1309/737 1577/1310/738 1561/1311/739
f 1541/1312/740 159/1313/741 160/1289/719 1543/1288/718
f 815/1314/742 814/1315/743 1764/1316/744
f 1539/1287/717 158/1286/716 159/1313/741 1541/1312/740
f 1773/1317/745 243/1318/745 239/1319/745 1768/1320/745
f 954/1321/203 951/1322/203 961/1323/203 963/1324/203 965/1325/203
f 821/1326/371 824/1327/371 826/1328/371 828/1329/371 830/1330/371 832/1331/371 834/1332/371 836/1333/371 838/1334/371 840/1335/371 842/1336/371 844/1337/371
f 27/1282/648 946/1338/659 1753/1283/649
f 167/1273/710 166/1339/746 198/53/46
f 1233/1340/248 1231/1341/248 1238/1342/248 1237/1343/248 1244/1344/248 1241/1345/248
f 174/1346/747 177/63/56 197/65/58
f 136/1181/439 137/1216/681 200/1179/58
f 1659/1347/221 188/1348/410 195/1349/748 1674/1350/231
f 156/1351/229 149/1352/230 199/59/52
f 1647/1353/188 1658/1354/189 186/1355/189 1651/1356/389
f 46/1274/711 45/1357/749 207/62/55
f 1635/1358/750 181/1359/177 1629/1360/176 1626/1361/751
f 71/1362/346 72/1237/287 205/800/520
f 173/226/201 176/1363/358 1614/1364/357 1612/227/202
f 1227/1365/752 92/1366/753 1724/1367/754
f 1586/1368/755 1605/1369/756 172/1370/757 1595/1371/758
f 134/1217/447 135/1372/482 200/1179/58
f 106/999/437 103/852/182 1714/1373/184
f 195/1374/519 188/443/346 196/50/43
f 155/1375/264 156/1351/229 199/59/52
f 1578/1376/759 1579/1377/760 1564/1378/761 1562/1379/762
f 1559/1307/735 168/1306/734 157/1285/715 1538/1284/714
f 1530/1380/763 1531/1381/764 1520/1382/765 1518/1383/766
f 1501/1215/221 149/1214/220 156/1384/232 1516/1385/231
f 1494/1386/767 1491/1387/768 1486/1388/769 1490/1389/770
f 1477/1390/771 142/1162/667 1471/1161/176 1468/1391/772
f 1452/1133/199 135/1132/200 134/1134/201 1454/1137/369
f 166/1339/746 165/1392/773 198/53/46
f 1443/1393/774 1446/1394/775 1434/1395/776 1432/1396/777
f 1408/1397/778 1428/1398/779 133/1080/79 1417/1079/79
f 170/1399/780 1574/1400/781 1565/1401/782 1580/1402/783
f 1567/1403/784 1571/1404/785 1584/1405/786 1582/1406/787
f 1568/1407/788 1581/1408/789 169/1309/737 1576/1308/736
f 45/1357/749 44/1409/790 207/62/55
f 1575/1410/791 1563/1411/791 1566/1412/791 1573/1413/791 1572/1414/791 1569/1415/791
f 1579/1416/792 1578/1417/793 1685/1418/794
f 1583/1419/795 1570/1420/796 1574/1400/781 170/1399/780
f 1604/1421/797 1602/1422/798 1679/1423/799
f 92/1366/753 1224/1424/800 1724/1425/754
f 1602/1426/801 1604/1427/802 1598/1428/803 1592/1429/804
f 1607/1430/805 1590/1431/806 1596/1432/807 171/1433/808
f 1400/1434/809 1402/1435/810 1386/1436/811 1384/1437/812
f 1595/1371/758 172/1370/757 1601/1438/813 1591/1439/814
f 1381/989/37 129/988/593 118/967/17 1360/966/16
f 171/1433/808 1596/1432/807 1599/1440/815 1603/1441/816
f 1589/1442/817 1587/1443/817 1594/1444/817 1593/1445/817 1600/1446/817 1597/1447/817
f 175/1247/700 176/1275/712 197/65/58
f 175/1448/355 1616/1449/356 1614/1450/357 176/1451/358
f 1301/1452/602 104/998/436 1714/1453/184
f 1352/1454/818 1353/1455/819 1342/1456/820 1340/1457/821
f 177/1458/360 1620/1459/361 1618/1460/362 178/1461/363
f 1323/902/221 110/901/220 117/1462/232 1338/1463/231
f 1622/1464/364 180/1465/365 179/1466/366 1624/1467/367
f 1618/1460/362 1624/1467/367 179/1466/366 178/1461/363
f 1640/1468/170 183/1469/169 1636/1470/172 1625/1471/525
f 1620/1459/361 177/1458/360 174/225/200 1610/224/199
f 180/1465/365 1622/1464/364 1616/1449/356 175/1448/355
f 1619/1472/250 1609/1473/250 1611/1474/250 1613/1475/250 1615/1476/250 1621/1477/250 1623/1478/250 1617/1479/250
f 1316/1480/822 1313/1481/823 1308/1482/824 1312/1483/825
f 1300/1484/826 103/847/177 1293/846/176 1290/1485/751
f 1274/822/199 96/821/200 95/823/201 1276/826/202
f 1266/1486/827 1267/1487/775 1256/1488/828 1254/1489/777
f 1221/1490/829 91/1491/830 1726/1492/831
f 1179/1493/832 1176/1494/833 1730/1495/834
f 140/1178/435 141/1180/438 200/1179/58
f 22/246/214 23/182/162 209/74/67
f 1225/1496/835 1228/1497/836 1723/1498/837
f 1230/1499/838 1250/1500/839 94/754/79 1239/753/79
f 1632/1501/167 1638/1502/168 183/1469/169 1640/1468/170
f 173/1276/713 174/1503/747 197/65/58
f 184/1504/174 1642/1505/175 1629/1360/176 181/1359/177
f 1639/1506/154 1627/1507/154 1628/1508/154 1641/1509/154 1634/1510/154 1630/1511/154
f 1631/1512/178 1633/1513/179 182/1514/180 1637/1515/181
f 181/1009/182 1635/1516/183 1678/1517/184
f 182/1514/180 1633/1513/179 1642/1505/175 184/1504/174
f 24/183/163 19/72/65 209/74/67
f 1222/1518/840 1223/1519/841 1208/1520/842 1206/1521/843
f 1203/670/37 90/669/36 79/648/17 1182/647/16
f 1646/1522/203 1643/1523/203 1653/1524/203 1655/1525/203 1657/1526/203
f 1174/1527/844 1175/1528/845 1164/1529/846 1162/1530/847
f 91/1491/830 1226/1531/848 1726/1532/831
f 1145/576/221 71/575/410 78/1533/421 1160/1534/231
f 1140/540/196 68/539/196 70/543/198 1142/542/198
f 1138/1535/654 1135/1536/655 1130/1537/849 1134/1538/657
f 194/49/42 195/1374/519 196/50/43
f 1649/1539/194 1652/1540/194 1675/1541/194
f 1650/1542/395 185/591/196 1654/590/196 1645/1543/197
f 1656/593/198 187/592/198 186/1355/189 1658/1354/189
f 1122/1544/850 64/511/383 1115/510/382 1112/1545/851
f 1096/475/199 57/474/200 56/476/201 1098/479/369
f 20/73/66 17/96/88 209/74/67
f 188/1348/410 1659/1347/221 1662/1546/216 189/1547/409
f 165/1392/773 164/51/44 198/53/46
f 1088/1548/827 1089/1549/852 1078/1550/853 1076/1551/854
f 1666/1552/205 1668/1553/206 192/1554/402 191/1555/403
f 1052/1556/855 1072/1557/839 55/419/79 1061/418/79
f 1670/1558/404 1672/1559/210 194/1560/405 193/1561/856
f 1177/1562/857 1180/1563/858 1729/1564/859
f 186/609/430 187/710/359 1676/1565/187
f 1661/1566/203 1660/1567/203 1673/1568/203 1671/1569/203 1669/1570/203 1667/1571/203 1665/1572/203 1663/1573/203
f 1044/1574/860 1045/1575/861 1030/1576/862 1028/1577/863
f 1025/349/37 51/348/284 40/327/17 1004/326/16
f 1662/1546/216 1664/1578/217 190/1579/408 189/1547/409
f 154/58/51 155/1375/264 199/59/52
f 996/1580/763 997/1581/764 986/1582/864 984/1583/766
f 967/256/221 32/255/220 39/1584/232 982/1585/231
f 190/1579/408 1664/1578/217 1666/1552/205 191/1555/403
f 1082/1586/394 1077/1587/394 1080/1588/394 1086/1589/394
f 960/1590/654 957/1591/655 952/1592/849 956/1593/657
f 192/1554/402 1668/1553/206 1670/1558/404 193/1561/856
f 1299/1594/647 105/1595/648 1713/1596/649
f 1137/1597/429 69/1598/430 1732/1599/187
f 944/1600/826 25/197/177 937/196/176 934/1601/865
f 44/1409/790 43/60/53 207/62/55
f 194/1560/405 1672/1559/210 1674/1602/231 195/1603/748
f 179/1241/695 180/1246/699 197/65/58
f 918/174/156 18/173/155 17/175/157 920/178/158
f 70/1604/359 68/205/185 1732/1605/187
f 910/1606/866 911/1607/867 900/1608/868 898/1609/869
f 874/1610/838 894/1611/839 16/124/79 883/123/79
f 861/1612/95 865/1613/94 848/1614/870 846/1615/871
f 843/39/37 12/38/36 1/17/17 822/16/16
f 69/1598/430 70/1604/359 1732/1616/187
f 1175/1617/872 1174/1618/873 1727/1619/874
f 1073/1620/531 54/66/59 1741/68/61
f 1310/1621/875 1307/1622/875 1317/1623/875 1319/1624/875 1321/1625/875
f 138/1264/705 139/1177/434 200/1179/58
f 18/1626/89 21/245/213 209/74/67
f 105/1595/648 1302/1627/659 1713/1596/649
f 814/1628/876 815/1629/877 804/1630/878 802/1631/879
f 1181/1632/619 1184/1633/619 1186/1634/619 1188/1635/619 1190/1636/619 1192/1637/619 1194/1638/619 1196/1639/619 1198/1640/619 1200/1641/619 1202/1642/619 1204/1643/619
f 118/1644/523 129/69/62 201/71/64
f 235/1645/880 231/1646/881 254/1647/882
f 236/1648/883 253/1649/884 251/1650/885
f 212/1651/886 251/1652/887 250/1653/888 214/1654/889
f 229/1655/890 236/1648/883 221/1656/891
f 249/1657/892 254/1647/882 215/1658/893
f 229/1655/890 233/1659/894 236/1648/883
f 237/1660/895 235/1645/880 254/1647/882
f 249/1657/892 237/1660/895 254/1647/882
f 254/1647/882 231/1646/881 227/1661/896
f 213/1662/897 217/1663/898 221/1656/891
f 212/1664/899 216/1665/900 217/1663/898 213/1662/897
f 230/1666/901 226/1667/902 227/1661/896 231/1646/881
f 250/1668/903 252/1669/904 237/1660/895 249/1657/892
f 215/1658/893 254/1647/882 219/1670/905
f 219/1670/905 254/1647/882 223/1671/906
f 221/1656/891 225/1672/907 229/1655/890
f 224/1673/908 228/1674/909 229/1655/890 225/1672/907
f 238/1675/910 240/1676/911 239/1677/912
f 1772/1678/913 1771/1679/914 1767/1680/915 1769/1681/916 246/1682/917
f 1782/1683/203 1780/1684/203 1793/1685/203 1797/1686/203
f 243/1687/918 1773/1688/919 1775/1689/920 247/1690/921 242/1691/922
f 1803/1692/923 1805/1693/924 1785/1694/925 1784/1695/926 1787/1696/927
f 1801/1697/928 1790/1698/928 1781/1699/929 1786/1700/930
f 1839/1701/931 1838/1702/931 1822/1703/931 1823/1704/931 248/1705/931
f 1809/1706/203 1820/1707/203 1821/1708/203
f 1816/1709/203 1813/1710/203 1809/1711/203
f 213/1662/897 251/1650/885 212/1664/899
f 250/1653/888 251/1652/887 253/1712/932 252/1713/932
f 228/1714/933 224/1715/934 226/1716/935 230/1717/933
f 222/1718/936 218/1719/937 219/1670/905 223/1671/906
f 234/1720/938 230/1666/901 231/1646/881 235/1645/880
f 214/1721/939 250/1668/903 249/1657/892 215/1658/893
f 226/1716/935 224/1715/934 220/1722/940 222/1723/940
f 216/1665/900 220/1724/941 221/1656/891 217/1663/898
f 243/1687/918 242/1691/922 244/1725/942
f 244/1726/943 238/1727/944 239/1319/945 243/1318/945
f 245/1728/946 241/1729/946 238/1727/944 244/1726/943
f 1767/1730/79 1771/1731/79 1776/1732/79 1774/1733/79
f 241/1734/947 240/1676/911 238/1675/910
f 245/1735/948 244/1725/942 242/1691/922
f 1789/1736/949 1799/1737/949 1783/1738/950 1779/1739/951
f 1775/1689/920 1774/1740/952 1776/1741/953 1778/1742/954 247/1690/921
f 1800/1743/955 1799/1737/955 1789/1736/955 1791/1744/955
f 1786/1700/930 1781/1699/929 1796/1745/956 1806/1746/956
f 1810/1747/90 1827/1748/90 1834/1749/957 1819/1750/958
f 1779/1739/951 1783/1738/950 1785/1751/925 1805/1752/959 1804/1753/959 1794/1754/959
f 1831/1755/960 1826/1756/960 1812/1757/960 1814/1758/960
f 1795/1759/961 1794/1754/961 1804/1753/961 1807/1760/961
f 1827/1748/962 1810/1747/962 1812/1757/962 1826/1756/962
f 226/1667/902 222/1718/936 223/1671/906 227/1661/896
f 236/1648/883 213/1662/897 221/1656/891
f 218/1719/937 214/1721/939 215/1658/893 219/1670/905
f 228/1674/909 232/1761/963 233/1659/894 229/1655/890
f 1770/1762/964 1772/1678/913 246/1682/917 240/1676/911 241/1734/947
f 232/1763/965 234/1764/965 252/1765/965 253/1766/965
f 1787/1696/927 1784/1695/926 1798/1767/966 1802/1768/966
f 1778/1742/954 1777/1769/967 245/1735/948 242/1691/922 247/1690/921
f 234/1764/968 232/1763/968 228/1714/933 230/1717/933
f 1770/1770/969 241/1729/969 245/1728/969 1777/1771/969
f 1803/1692/923 1787/1772/927 1808/1773/970
f 218/1774/971 216/1775/971 212/1651/886 214/1654/889
f 220/1724/941 224/1673/908 225/1672/907 221/1656/891
f 220/1722/972 216/1775/972 218/1774/972 222/1723/972
f 1792/1776/203 1788/1777/203 1780/1684/203 1782/1683/203
f 240/1676/911 246/1682/917 1769/1681/916 1768/1778/973 239/1677/912
f 232/1761/963 253/1649/884 236/1648/883 233/1659/894
f 1820/1707/203 1817/1779/203 1821/1780/203
f 1829/1781/974 1837/1782/975 1833/1783/976
f 1837/1782/975 1839/1784/977 248/1785/978 1833/1786/976
f 1842/1787/90 1862/1788/90 1855/1789/90 1869/1790/90
f 1817/1779/203 1824/1791/203 1821/1792/203
f 1830/1793/79 1815/1794/79 1822/1703/79 1838/1702/79
f 1833/1795/976 1828/1796/979 1829/1797/974
f 1821/1798/203 1816/1709/203 1809/1711/203
f 1825/1799/980 1832/1800/981 1829/1797/974
f 1856/1801/982 1854/1802/982 1861/1803/983 1865/1804/983
f 1813/1710/203 1811/1805/203 1809/1806/203
f 1819/1750/958 1834/1749/957 1835/1807/984 1818/1808/984
f 1877/1809/985 1889/1810/985 1884/1811/985 1870/1812/985
f 1843/1813/986 1840/1814/986 1868/1815/987 1866/1816/987
f 1828/1796/979 1825/1799/980 1829/1797/974
f 1823/1704/988 1818/1817/988 1835/1818/988 1836/1819/988 248/1705/988
f 1857/1820/79 1867/1821/79 1849/1822/79 1859/1823/79
f 1864/1824/79 1844/1825/79 1867/1821/79 1857/1820/79
f 1869/1790/90 1855/1789/90 1853/1826/90 1846/1827/90
f 1851/1828/988 1847/1829/988 1852/1830/988 1858/1831/988
f 1858/1832/989 1852/1833/989 1854/1802/982 1856/1801/982
f 248/1785/978 1836/1834/990 1833/1795/976
f 1866/1816/987 1868/1815/987 1848/1835/991 1850/1836/991
f 1863/1837/960 1860/1838/960 1841/1839/960 1845/1840/960
f 1815/1794/992 1830/1793/992 1831/1755/992 1814/1758/992
f 254/1647/882 227/1661/896 223/1671/906
f 213/1662/897 236/1648/883 251/1650/885
f 252/1669/904 234/1720/938 235/1645/880 237/1660/895
f 1875/1841/993 1874/1842/994 1879/1843/995 1881/1844/996 256/1845/997
f 1895/1846/998 1894/1847/999 1886/1848/1000 1888/1849/1001 259/1850/1002 260/1851/1003
f 260/1851/1003 259/1850/1002 258/1852/1004
f 1880/1853/1005 1876/1854/1006 1878/1855/1007 257/1856/1008 1882/1857/1009
f 256/1845/997 257/1856/1008 255/1858/1010
f 256/1845/997 1881/1844/996 1882/1857/1009 257/1856/1008
f 1872/1859/1011 1871/1860/1012 1873/1861/1013 1875/1841/993 256/1845/997 255/1858/1010
f 1883/1862/90 1887/1863/90 1873/1864/90 1871/1865/90
f 1894/1866/203 1879/1867/203 1874/1868/203 1886/1869/203
f 1876/1870/79 1880/1871/79 1893/1872/79 1890/1873/79
f 1896/1874/960 1899/1875/960 1901/1876/960 1903/1877/960 1905/1878/960 1907/1879/960 1909/1880/960 1911/1881/960 1913/1882/960 1915/1883/960 1917/1884/960 1919/1885/960
f 1892/1886/1014 1891/1887/1015 260/1851/1003 258/1852/1004
f 258/1852/1004 1885/1888/1016 1884/1889/1017 1889/1890/1018 1892/1886/1014
f 1878/1855/1007 1877/1891/1019 1870/1892/1020 1872/1859/1011 255/1858/1010 257/1856/1008
f 1891/1887/1015 1890/1893/1021 1893/1894/1022 1895/1846/998 260/1851/1003
f 1888/1849/1001 1887/1895/1023 1883/1896/1024 1885/1888/1016 258/1852/1004 259/1850/1002
f 1897/1897/1025 261/1898/1026 262/1899/1027 1898/1900/1028
f 1902/1901/1029 325/1902/1030 263/1903/1031 1904/1904/1032
f 1904/1904/1032 263/1903/1031 264/1905/1033 1906/1906/1034
f 1906/1906/1034 264/1905/1033 265/1907/1035 1908/1908/1036
f 1908/1908/1036 265/1907/1035 266/1909/1037 1910/1910/1038
f 1910/1911/1038 266/1912/1037 330/1913/1039 1912/1914/1040
f 1912/1914/1040 330/1913/1039 267/1915/1041 1914/1916/1042
f 1914/1916/1042 267/1915/1041 268/1917/1043 1916/1918/1044
f 1916/1918/1044 268/1917/1043 269/1919/1045 1918/1920/1046
f 1926/1921/745 301/1922/745 297/1923/745 1921/1924/745
f 1900/1925/1047 324/1926/1048 325/1902/1030 1902/1901/1029
f 1898/1900/1028 262/1899/1027 324/1926/1048 1900/1925/1047
f 1918/1920/1046 269/1919/1045 261/1898/1026 1897/1897/1025
f 293/1927/880 289/1928/1049 313/1929/882
f 294/1930/883 312/1931/884 310/1932/885
f 270/1933/886 310/1934/887 309/1935/888 272/1936/889
f 287/1937/890 294/1930/883 279/1938/891
f 308/1939/892 313/1929/882 273/1940/893
f 287/1937/890 291/1941/894 294/1930/883
f 295/1942/1050 293/1927/880 313/1929/882
f 308/1939/892 295/1942/1050 313/1929/882
f 313/1929/882 289/1928/1049 285/1943/896
f 271/1944/897 275/1945/898 279/1938/891
f 270/1946/899 274/1947/900 275/1945/898 271/1944/897
f 288/1948/901 284/1949/902 285/1943/896 289/1928/1049
f 309/1950/903 311/1951/904 295/1942/1050 308/1939/892
f 273/1940/893 313/1929/882 277/1952/905
f 277/1952/905 313/1929/882 281/1953/906
f 279/1938/891 283/1954/907 287/1937/890
f 282/1955/908 286/1956/909 287/1937/890 283/1954/907
f 296/1957/910 298/1958/911 297/1959/912
f 1925/1960/913 1924/1961/914 1920/1962/1051 1922/1963/916 304/1964/917
f 1935/1965/1052 1933/1966/1053 1945/1967/1054 1949/1968/1054
f 301/1969/918 1926/1970/919 1928/1971/920 305/1972/921 300/1973/922
f 1955/1974/1055 1937/1975/1056 1939/1976/1057
f 1953/1977/1058 1942/1978/1058 1934/1979/1059 1938/1980/1060
f 1992/1981/1061 1991/1982/1061 1975/1983/1061 1976/1984/1061 307/1985/1061
f 1961/1986/1062 1973/1987/1063 1974/1988/1064
f 1969/1989/1065 1965/1990/1066 1963/1991/1067 1962/1992/1068
f 271/1944/897 310/1932/885 270/1946/899
f 309/1935/888 310/1934/887 312/1993/932 311/1994/932
f 286/1995/933 282/1996/934 284/1997/935 288/1998/1069
f 280/1999/936 276/2000/1070 277/1952/905 281/1953/906
f 292/2001/938 288/1948/901 289/1928/1049 293/1927/880
f 272/2002/939 309/1950/903 308/1939/892 273/1940/893
f 284/1997/935 282/1996/934 278/2003/940 280/2004/940
f 274/1947/900 278/2005/941 279/1938/891 275/1945/898
f 301/1969/918 300/1973/922 302/2006/1071
f 302/2007/943 296/2008/1072 297/1923/945 301/1922/945
f 303/2009/946 299/2010/946 296/2008/1072 302/2007/943
f 1920/2011/79 1924/2012/79 1929/2013/79 1927/2014/79
f 299/2015/947 298/1958/911 296/1957/910
f 303/2016/948 302/2006/1071 300/1973/922
f 1941/2017/1073 1951/2018/1073 1936/2019/1074 1932/2020/1075
f 1928/1971/920 1927/2021/952 1929/2022/1076 1931/2023/1077 305/1972/921
f 1952/2024/955 1951/2018/955 1941/2017/955 1943/2025/955
f 1938/1980/1060 1934/1979/1059 1948/2026/1078 1957/2027/1078
f 1960/2028/1079 1980/2029/1079 1987/2030/1080 1972/2031/1081
f 1932/2020/1075 1936/2019/1074 1956/2032/1082 1946/2033/1082
f 1984/2034/1083 1979/2035/1083 306/2036/1083 1967/2037/1083 1966/2038/1083
f 1947/2039/961 1946/2033/961 1956/2032/961 1958/2040/961
f 1980/2029/1084 1960/2028/1084 1964/2041/1084 306/2036/1084 1979/2035/1084
f 284/1949/902 280/1999/936 281/1953/906 285/1943/896
f 294/1930/883 271/1944/897 279/1938/891
f 276/2000/1070 272/2002/939 273/1940/893 277/1952/905
f 286/1956/909 290/2042/1085 291/1941/894 287/1937/890
f 1923/2043/964 1925/1960/913 304/1964/917 298/1958/911 299/2015/947
f 290/2044/965 292/2045/965 311/2046/965 312/2047/965
f 1939/1976/1057 1937/1975/1056 1950/2048/1086 1954/2049/1086
f 1931/2023/1077 1930/2050/967 303/2016/948 300/1973/922 305/1972/921
f 292/2045/968 290/2044/968 286/1995/933 288/1998/1069
f 1923/2051/969 299/2010/969 303/2009/969 1930/2052/969
f 1955/1974/1055 1939/2053/1057 1959/2054/1087
f 276/2055/971 274/2056/971 270/1933/886 272/1936/889
f 278/2005/941 282/1955/908 283/1954/907 279/1938/891
f 278/2003/972 274/2056/972 276/2055/972 280/2004/972
f 1944/2057/1088 1940/2058/1088 1933/1966/1053 1935/1965/1052
f 298/1958/911 304/1964/917 1922/1963/916 1921/2059/973 297/1959/912
f 290/2042/1085 312/1931/884 294/1930/883 291/1941/894
f 1973/1987/1063 1970/2060/1089 1974/2061/1064
f 1982/2062/1090 1990/2063/1091 1986/2064/1092
f 1990/2063/1091 1992/2065/1093 307/2066/1094 1986/2067/1092
f 1995/2068/90 2015/2069/90 2008/2070/90 2022/2071/90
f 1970/2060/1089 1977/2072/1095 1974/2073/1064
f 1983/2074/1096 1968/2075/1096 1975/1983/1096 1991/1982/1096
f 1986/2076/1092 1981/2077/1097 1982/2078/1090
f 1974/2079/1064 1969/1989/1065 1962/1992/1068 1961/1986/1062
f 1978/2080/1098 1985/2081/1099 1982/2078/1090
f 2009/2082/982 2007/2083/982 2014/2084/983 2018/2085/983
f 1965/1990/1066 1967/2086/1100 306/2087/1101 1964/2088/1102 1963/1991/1067
f 1972/2031/1081 1987/2030/1080 1988/2089/1103 1971/2090/1103
f 2030/2091/1104 2042/2092/1104 2037/2093/1104 2023/2094/1104
f 1996/2095/986 1993/2096/986 2021/2097/987 2019/2098/987
f 1981/2077/1097 1978/2080/1098 1982/2078/1090
f 1976/1984/1105 1971/2099/1105 1988/2100/1105 1989/2101/1105 307/1985/1105
f 2010/2102/79 2020/2103/79 2002/2104/79 2012/2105/79
f 2017/2106/79 1997/2107/79 2020/2103/79 2010/2102/79
f 2022/2071/90 2008/2070/90 2006/2108/90 1999/2109/90
f 2004/2110/988 2000/2111/988 2005/2112/988 2011/2113/988
f 2011/2114/989 2005/2115/989 2007/2083/982 2009/2082/982
f 307/2066/1094 1989/2116/1106 1986/2076/1092
f 2019/2098/987 2021/2097/987 2001/2117/991 2003/2118/991
f 2016/2119/960 2013/2120/960 1994/2121/960 1998/2122/960
f 1968/2075/1107 1983/2074/1107 1984/2034/1107 1966/2038/1107
f 313/1929/882 285/1943/896 281/1953/906
f 271/1944/897 294/1930/883 310/1932/885
f 311/1951/904 292/2001/938 293/1927/880 295/1942/1050
f 2028/2123/1108 2027/2124/1109 2032/2125/1110 2034/2126/1111 315/2127/1112
f 2048/2128/1113 2047/2129/1114 2039/2130/1115 2041/2131/1116 318/2132/1117 319/2133/1118
f 319/2133/1118 318/2132/1117 317/2134/1119
f 2033/2135/1120 2029/2136/1121 2031/2137/1122 316/2138/1123 2035/2139/1124
f 315/2127/1112 316/2138/1123 314/2140/1125
f 315/2127/1112 2034/2126/1111 2035/2139/1124 316/2138/1123
f 2025/2141/1126 2024/2142/1127 2026/2143/1128 2028/2123/1108 315/2127/1112 314/2140/1125
f 2036/2144/1129 2040/2145/1129 2026/2146/1129 2024/2147/1129
f 2047/2148/1130 2032/2149/1130 2027/2150/1130 2039/2151/1130
f 2029/2152/1131 2033/2153/1131 2046/2154/1131 2043/2155/1131
f 2055/2156/1132 367/2157/1132 363/2158/1132 2050/2159/1132
f 2045/2160/1133 2044/2161/1134 319/2133/1118 317/2134/1119
f 317/2134/1119 2038/2162/1135 2037/2163/1136 2042/2164/1137 2045/2160/1133
f 2031/2137/1122 2030/2165/1138 2023/2166/1139 2025/2141/1126 314/2140/1125 316/2138/1123
f 2044/2161/1134 2043/2167/1140 2046/2168/1141 2048/2128/1113 319/2133/1118
f 2041/2131/1116 2040/2169/1142 2036/2170/1143 2038/2162/1135 317/2134/1119 318/2132/1117
f 334/2171/1046 335/2172/1144 321/2173/1026 320/2174/1025
f 324/2175/1048 390/2176/1145 326/2177/1146 325/2178/1030
f 325/2178/1030 326/2177/1146 392/2179/1147 263/2180/1031
f 263/2180/1031 392/2179/1147 327/2181/1033 264/2182/1033
f 264/2182/1033 327/2181/1033 328/2183/1148 265/2184/1035
f 265/2184/1035 328/2183/1148 329/2185/1149 266/2186/1037
f 266/2187/1037 329/2188/1149 395/2189/1150 330/2190/1039
f 330/2190/1039 395/2189/1150 331/2191/1151 267/2192/1041
f 267/2192/1041 331/2191/1151 333/2193/1152 332/2194/1153
f 332/2194/1153 333/2193/1152 335/2172/1144 334/2171/1046
f 322/2195/1028 323/2196/1027 390/2176/1145 324/2175/1048
f 320/2174/1025 321/2173/1026 323/2196/1027 322/2195/1028
f 359/2197/880 355/2198/1049 379/2199/882
f 360/2200/883 378/2201/884 376/2202/885
f 336/2203/886 376/2204/887 375/2205/888 338/2206/889
f 353/2207/890 360/2200/883 345/2208/891
f 374/2209/892 379/2199/882 339/2210/893
f 353/2207/890 357/2211/894 360/2200/883
f 361/2212/1050 359/2197/880 379/2199/882
f 374/2209/892 361/2212/1050 379/2199/882
f 379/2199/882 355/2198/1049 351/2213/896
f 337/2214/897 341/2215/898 345/2208/891
f 336/2216/899 340/2217/900 341/2215/898 337/2214/897
f 354/2218/901 350/2219/902 351/2213/896 355/2198/1049
f 375/2220/1154 377/2221/904 361/2212/1050 374/2209/892
f 339/2210/893 379/2199/882 343/2222/905
f 343/2222/905 379/2199/882 347/2223/906
f 345/2208/891 349/2224/907 353/2207/890
f 348/2225/908 352/2226/909 353/2207/890 349/2224/907
f 362/2227/910 364/2228/911 363/2229/912
f 2054/2230/913 2053/2231/914 2049/2232/1051 2051/2233/916 370/2234/917
f 2064/2235/1155 2062/2236/1156 2074/2237/1157 2078/2238/1157
f 367/2239/918 2055/2240/1158 2057/2241/920 371/2242/921 366/2243/922
f 2084/2244/1159 2066/2245/1160 2068/2246/1161
f 2082/2247/1162 2071/2248/1162 2063/2249/1163 2067/2250/1164
f 2121/2251/931 2120/2252/931 2104/2253/931 2105/2254/931 373/2255/931
f 2090/2256/1165 2102/2257/1166 2103/2258/1167
f 2098/2259/1168 2094/2260/1169 2092/2261/1170 2091/2262/1171
f 337/2214/897 376/2202/885 336/2216/899
f 375/2205/888 376/2204/887 378/2263/932 377/2264/932
f 352/2265/933 348/2266/1172 350/2267/935 354/2268/933
f 346/2269/936 342/2270/1070 343/2222/905 347/2223/906
f 358/2271/938 354/2218/901 355/2198/1049 359/2197/880
f 338/2272/939 375/2220/1154 374/2209/892 339/2210/893
f 350/2267/935 348/2266/1172 344/2273/940 346/2274/940
f 340/2217/900 344/2275/941 345/2208/891 341/2215/898
f 367/2239/918 366/2243/922 368/2276/1071
f 368/2277/943 362/2278/943 363/2158/945 367/2157/945
f 369/2279/946 365/2280/946 362/2278/943 368/2277/943
f 2049/2281/79 2053/2282/79 2058/2283/79 2056/2284/79
f 365/2285/947 364/2228/911 362/2227/910
f 369/2286/948 368/2276/1071 366/2243/922
f 2070/2287/1173 2080/2288/1173 2065/2289/1174 2061/2290/1175
f 2057/2241/920 2056/2291/952 2058/2292/1176 2060/2293/954 371/2242/921
f 2081/2294/1177 2080/2288/1177 2070/2287/1177 2072/2295/1177
f 2067/2250/1164 2063/2249/1163 2077/2296/1178 2086/2297/1178
f 2089/2298/90 2109/2299/90 2116/2300/1179 2101/2301/1180
f 2061/2290/1175 2065/2289/1174 2085/2302/1181 2075/2303/1181
f 2113/2304/960 2108/2305/960 372/2306/960 2096/2307/960 2095/2308/960
f 2076/2309/1182 2075/2303/1182 2085/2302/1182 2087/2310/1182
f 2109/2299/962 2089/2298/962 2093/2311/962 372/2306/962 2108/2305/962
f 350/2219/902 346/2269/936 347/2223/906 351/2213/896
f 360/2200/883 337/2214/897 345/2208/891
f 342/2270/1070 338/2272/939 339/2210/893 343/2222/905
f 352/2226/909 356/2312/1183 357/2211/894 353/2207/890
f 2052/2313/964 2054/2230/913 370/2234/917 364/2228/911 365/2285/947
f 356/2314/965 358/2315/965 377/2316/965 378/2317/965
f 2068/2246/1161 2066/2245/1160 2079/2318/1184 2083/2319/1184
f 2060/2293/954 2059/2320/967 369/2286/948 366/2243/922 371/2242/921
f 358/2315/968 356/2314/968 352/2265/933 354/2268/933
f 2052/2321/969 365/2280/969 369/2279/969 2059/2322/969
f 2084/2244/1159 2068/2323/1161 2088/2324/1185
f 342/2325/971 340/2326/971 336/2203/886 338/2206/889
f 344/2275/941 348/2225/908 349/2224/907 345/2208/891
f 344/2273/972 340/2326/972 342/2325/972 346/2274/972
f 2073/2327/1186 2069/2328/1186 2062/2236/1156 2064/2235/1155
f 364/2228/911 370/2234/917 2051/2233/916 2050/2329/973 363/2229/912
f 356/2312/1183 378/2201/884 360/2200/883 357/2211/894
f 2102/2257/1166 2099/2330/1187 2103/2331/1167
f 2111/2332/1188 2119/2333/1189 2115/2334/1190
f 2119/2333/1189 2121/2335/1191 373/2336/1192 2115/2337/1190
f 2124/2338/90 2144/2339/90 2137/2340/90 2151/2341/90
f 2099/2330/1187 2106/2342/1193 2103/2343/1167
f 2112/2344/79 2097/2345/79 2104/2253/79 2120/2252/79
f 2115/2346/1190 2110/2347/1194 2111/2348/1188
f 2103/2349/1167 2098/2259/1168 2091/2262/1171 2090/2256/1165
f 2107/2350/1195 2114/2351/1196 2111/2348/1188
f 2138/2352/982 2136/2353/982 2143/2354/983 2147/2355/983
f 2094/2260/1169 2096/2356/1197 372/2357/1198 2093/2358/1199 2092/2261/1170
f 2101/2301/1180 2116/2300/1179 2117/2359/1200 2100/2360/1200
f 2159/2361/985 2171/2362/985 2166/2363/985 2152/2364/985
f 2125/2365/986 2122/2366/986 2150/2367/987 2148/2368/987
f 2110/2347/1194 2107/2350/1195 2111/2348/1188
f 2105/2254/988 2100/2369/988 2117/2370/988 2118/2371/988 373/2255/988
f 2139/2372/79 2149/2373/79 2131/2374/79 2141/2375/79
f 2146/2376/79 2126/2377/79 2149/2373/79 2139/2372/79
f 2151/2341/90 2137/2340/90 2135/2378/90 2128/2379/90
f 2133/2380/988 2129/2381/988 2134/2382/988 2140/2383/988
f 2140/2384/1201 2134/2385/1201 2136/2353/982 2138/2352/982
f 373/2336/1192 2118/2386/1202 2115/2346/1190
f 2148/2368/987 2150/2367/987 2130/2387/991 2132/2388/991
f 2145/2389/960 2142/2390/960 2123/2391/960 2127/2392/960
f 2097/2345/1203 2112/2344/1203 2113/2304/1203 2095/2308/1203
f 379/2199/882 351/2213/896 347/2223/906
f 337/2214/897 360/2200/883 376/2202/885
f 377/2221/904 358/2271/938 359/2197/880 361/2212/1050
f 2157/2393/1204 2156/2394/1205 2161/2395/995 2163/2396/1206 381/2397/1207
f 2177/2398/998 2176/2399/999 2168/2400/1000 2170/2401/1208 384/2402/1002 385/2403/1003
f 385/2403/1003 384/2402/1002 383/2404/1004
f 2162/2405/1209 2158/2406/1006 2160/2407/1210 382/2408/1211 2164/2409/1009
f 381/2397/1207 382/2408/1211 380/2410/1010
f 381/2397/1207 2163/2396/1206 2164/2409/1009 382/2408/1211
f 2154/2411/1011 2153/2412/1012 2155/2413/1212 2157/2393/1204 381/2397/1207 380/2410/1010
f 2165/2414/90 2169/2415/90 2155/2416/90 2153/2417/90
f 2176/2418/203 2161/2419/203 2156/2420/203 2168/2421/203
f 2158/2422/79 2162/2423/79 2175/2424/79 2172/2425/79
f 2184/2426/1132 431/2427/1132 427/2428/1132 2179/2429/1132
f 2174/2430/1014 2173/2431/1015 385/2403/1003 383/2404/1004
f 383/2404/1004 2167/2432/1016 2166/2433/1017 2171/2434/1018 2174/2430/1014
f 2160/2407/1210 2159/2435/1019 2152/2436/1020 2154/2411/1011 380/2410/1010 382/2408/1211
f 2173/2431/1015 2172/2437/1021 2175/2438/1022 2177/2398/998 385/2403/1003
f 2170/2401/1208 2169/2439/1023 2165/2440/1024 2167/2432/1016 383/2404/1004 384/2402/1002
f 398/2441/1046 399/2442/1144 387/2443/1026 386/2444/1213
f 390/2445/1145 391/2446/1214 454/2447/1215 326/2448/1146
f 326/2448/1146 454/2447/1215 393/2449/1216 392/2450/1147
f 392/2450/1147 393/2449/1216 457/2451/1217 327/2452/1033
f 327/2452/1033 457/2451/1217 458/2453/1218 328/2454/1148
f 328/2454/1148 458/2453/1218 394/2455/1037 329/2456/1149
f 329/2457/1149 394/2458/1037 461/2459/1219 395/2460/1150
f 395/2460/1150 461/2459/1219 462/2461/1042 331/2462/1151
f 331/2462/1151 462/2461/1042 397/2463/1043 396/2464/1044
f 396/2464/1044 397/2463/1043 399/2442/1144 398/2441/1046
f 388/2465/1220 389/2466/1221 391/2446/1214 390/2445/1145
f 386/2444/1213 387/2443/1026 389/2466/1221 388/2465/1220
f 423/2467/880 419/2468/881 443/2469/882
f 424/2470/883 442/2471/884 440/2472/885
f 400/2473/886 440/2474/887 439/2475/888 402/2476/889
f 417/2477/890 424/2470/883 409/2478/891
f 438/2479/892 443/2469/882 403/2480/893
f 417/2477/890 421/2481/1222 424/2470/883
f 425/2482/1050 423/2467/880 443/2469/882
f 438/2479/892 425/2482/1050 443/2469/882
f 443/2469/882 419/2468/881 415/2483/896
f 401/2484/897 405/2485/898 409/2478/891
f 400/2486/899 404/2487/900 405/2485/898 401/2484/897
f 418/2488/901 414/2489/902 415/2483/896 419/2468/881
f 439/2490/1223 441/2491/904 425/2482/1050 438/2479/892
f 403/2480/893 443/2469/882 407/2492/905
f 407/2492/905 443/2469/882 411/2493/906
f 409/2478/891 413/2494/907 417/2477/890
f 412/2495/908 416/2496/909 417/2477/890 413/2494/907
f 426/2497/910 428/2498/911 427/2499/912
f 2183/2500/913 2182/2501/914 2178/2502/1051 2180/2503/916 434/2504/917
f 2193/2505/1052 2191/2506/1053 2203/2507/1054 2207/2508/1054
f 431/2509/918 2184/2510/919 2186/2511/920 435/2512/921 430/2513/922
f 2213/2514/1055 2195/2515/1056 2197/2516/1057
f 2211/2517/1058 2200/2518/1058 2192/2519/1059 2196/2520/1060
f 2250/2521/1224 2249/2522/1224 2233/2523/1224 2234/2524/1224 437/2525/1224
f 2219/2526/1225 2231/2527/1226 2232/2528/1227
f 2227/2529/1228 2223/2530/1229 2221/2531/1230 2220/2532/1231
f 401/2484/897 440/2472/885 400/2486/899
f 439/2475/888 440/2474/887 442/2533/932 441/2534/932
f 416/2535/933 412/2536/934 414/2537/935 418/2538/1069
f 410/2539/936 406/2540/937 407/2492/905 411/2493/906
f 422/2541/938 418/2488/901 419/2468/881 423/2467/880
f 402/2542/939 439/2490/1223 438/2479/892 403/2480/893
f 414/2537/935 412/2536/934 408/2543/940 410/2544/940
f 404/2487/900 408/2545/941 409/2478/891 405/2485/898
f 431/2509/918 430/2513/922 432/2546/942
f 432/2547/943 426/2548/943 427/2428/945 431/2427/945
f 433/2549/946 429/2550/946 426/2548/943 432/2547/943
f 2178/2551/79 2182/2552/79 2187/2553/79 2185/2554/79
f 429/2555/947 428/2498/911 426/2497/910
f 433/2556/948 432/2546/942 430/2513/922
f 2199/2557/1073 2209/2558/1073 2194/2559/1074 2190/2560/1075
f 2186/2511/920 2185/2561/952 2187/2562/953 2189/2563/954 435/2512/921
f 2210/2564/955 2209/2558/955 2199/2557/955 2201/2565/955
f 2196/2520/1060 2192/2519/1059 2206/2566/1078 2215/2567/1078
f 2218/2568/1232 2238/2569/1232 2245/2570/1233 2230/2571/1234
f 2190/2560/1075 2194/2559/1074 2214/2572/1082 2204/2573/1082
f 2242/2574/1235 2237/2575/1235 436/2576/1235 2225/2577/1235 2224/2578/1235
f 2205/2579/961 2204/2573/961 2214/2572/961 2216/2580/961
f 2238/2569/1236 2218/2568/1236 2222/2581/1236 436/2576/1236 2237/2575/1236
f 414/2489/902 410/2539/936 411/2493/906 415/2483/896
f 424/2470/883 401/2484/897 409/2478/891
f 406/2540/937 402/2542/939 403/2480/893 407/2492/905
f 416/2496/909 420/2582/1183 421/2481/1222 417/2477/890
f 2181/2583/964 2183/2500/913 434/2504/917 428/2498/911 429/2555/947
f 420/2584/965 422/2585/965 441/2586/965 442/2587/965
f 2197/2516/1057 2195/2515/1056 2208/2588/1086 2212/2589/1086
f 2189/2563/954 2188/2590/967 433/2556/948 430/2513/922 435/2512/921
f 422/2585/968 420/2584/968 416/2535/933 418/2538/1069
f 2181/2591/969 429/2550/969 433/2549/969 2188/2592/969
f 2213/2514/1055 2197/2593/1057 2217/2594/1087
f 406/2595/971 404/2596/971 400/2473/886 402/2476/889
f 408/2545/941 412/2495/908 413/2494/907 409/2478/891
f 408/2543/972 404/2596/972 406/2595/972 410/2544/972
f 2202/2597/1088 2198/2598/1088 2191/2506/1053 2193/2505/1052
f 428/2498/911 434/2504/917 2180/2503/916 2179/2599/973 427/2499/912
f 420/2582/1183 442/2471/884 424/2470/883 421/2481/1222
f 2231/2527/1226 2228/2600/1237 2232/2601/1227
f 2240/2602/1238 2248/2603/1239 2244/2604/1240
f 2248/2603/1239 2250/2605/1241 437/2606/1242 2244/2607/1240
f 2253/2608/90 2273/2609/90 2266/2610/90 2280/2611/90
f 2228/2600/1237 2235/2612/1243 2232/2613/1227
f 2241/2614/1244 2226/2615/1244 2233/2523/1244 2249/2522/1244
f 2244/2616/1240 2239/2617/1245 2240/2618/1238
f 2232/2619/1227 2227/2529/1228 2220/2532/1231 2219/2526/1225
f 2236/2620/1246 2243/2621/1247 2240/2618/1238
f 2267/2622/982 2265/2623/982 2272/2624/983 2276/2625/983
f 2223/2530/1229 2225/2626/1248 436/2627/1249 2222/2628/1250 2221/2531/1230
f 2230/2571/1234 2245/2570/1233 2246/2629/1251 2229/2630/1251
f 2288/2631/985 2300/2632/985 2295/2633/985 2281/2634/985
f 2254/2635/986 2251/2636/986 2279/2637/987 2277/2638/987
f 2239/2617/1245 2236/2620/1246 2240/2618/1238
f 2234/2524/1252 2229/2639/1252 2246/2640/1252 2247/2641/1252 437/2525/1252
f 2268/2642/79 2278/2643/79 2260/2644/79 2270/2645/79
f 2275/2646/79 2255/2647/79 2278/2643/79 2268/2642/79
f 2280/2611/90 2266/2610/90 2264/2648/90 2257/2649/90
f 2262/2650/988 2258/2651/988 2263/2652/988 2269/2653/988
f 2269/2654/1201 2263/2655/1201 2265/2623/982 2267/2622/982
f 437/2606/1242 2247/2656/1253 2244/2616/1240
f 2277/2638/987 2279/2637/987 2259/2657/991 2261/2658/991
f 2274/2659/960 2271/2660/960 2252/2661/960 2256/2662/960
f 2226/2615/1254 2241/2614/1254 2242/2574/1254 2224/2578/1254
f 443/2469/882 415/2483/896 411/2493/906
f 401/2484/897 424/2470/883 440/2472/885
f 441/2491/904 422/2541/938 423/2467/880 425/2482/1050
f 2286/2663/1204 2285/2664/1205 2290/2665/995 2292/2666/1206 445/2667/997
f 2306/2668/998 2305/2669/999 2297/2670/1000 2299/2671/1208 448/2672/1002 449/2673/1003
f 449/2673/1003 448/2672/1002 447/2674/1004
f 2291/2675/1209 2287/2676/1006 2289/2677/1255 446/2678/1008 2293/2679/1009
f 445/2667/997 446/2678/1008 444/2680/1010
f 445/2667/997 2292/2666/1206 2293/2679/1009 446/2678/1008
f 2283/2681/1011 2282/2682/1012 2284/2683/1256 2286/2663/1204 445/2667/997 444/2680/1010
f 2294/2684/90 2298/2685/90 2284/2686/90 2282/2687/90
f 2305/2688/203 2290/2689/203 2285/2690/203 2297/2691/203
f 2287/2692/79 2291/2693/79 2304/2694/79 2301/2695/79
f 2307/2696/203 2421/2697/203 499/2698/1257 470/2699/1258
f 2303/2700/1014 2302/2701/1015 449/2673/1003 447/2674/1004
f 447/2674/1004 2296/2702/1259 2295/2703/1017 2300/2704/1018 2303/2700/1014
f 2289/2677/1255 2288/2705/1019 2281/2706/1020 2283/2681/1011 444/2680/1010 446/2678/1008
f 2302/2701/1015 2301/2707/1021 2304/2708/1022 2306/2668/998 449/2673/1003
f 2299/2671/1208 2298/2709/1023 2294/2710/1024 2296/2702/1259 447/2674/1004 448/2672/1002
f 466/2711/1046 467/2712/1144 451/2713/1026 450/2714/1025
f 391/2715/1214 511/2716/1260 455/2717/1261 454/2718/1215
f 454/2718/1215 455/2717/1261 456/2719/1262 393/2720/1216
f 393/2720/1216 456/2719/1262 512/2721/1263 457/2722/1217
f 457/2722/1217 512/2721/1263 459/2723/1264 458/2724/1218
f 458/2724/1218 459/2723/1264 460/2725/1265 394/2726/1037
f 394/2727/1037 460/2728/1265 513/2729/1266 461/2730/1219
f 461/2730/1219 513/2729/1266 463/2731/1041 462/2732/1042
f 462/2732/1042 463/2731/1041 465/2733/1043 464/2734/1044
f 464/2734/1044 465/2733/1043 467/2712/1144 466/2711/1046
f 452/2735/1220 453/2736/1221 511/2716/1260 391/2715/1214
f 450/2714/1025 451/2713/1026 453/2736/1221 452/2735/1220
f 485/2737/1267 482/2738/1268 502/2739/1269
f 486/2740/1270 501/2741/1271 500/2742/1272
f 2309/2743/203 2307/2744/203 470/2699/1258 473/2745/1273
f 481/2746/1274 486/2740/1270 475/2747/1275
f 499/2698/1257 502/2739/1269 470/2699/1258
f 481/2746/1274 484/2748/1276 486/2740/1270
f 487/2749/1277 485/2737/1267 502/2739/1269
f 499/2698/1257 487/2749/1277 502/2739/1269
f 502/2739/1269 482/2738/1268 479/2750/1278
f 469/2751/1279 472/2752/1280 475/2747/1275
f 468/2753/1281 471/2754/1282 472/2752/1280 469/2751/1279
f 2317/2755/968 483/2756/968 480/2757/1283 2315/2758/1283
f 2431/2759/985 2443/2760/985 2438/2761/985 2424/2762/985
f 470/2699/1258 502/2739/1269 473/2745/1273
f 473/2745/1273 502/2739/1269 476/2763/1284
f 475/2747/1275 478/2764/1285 481/2746/1274
f 477/2765/1286 480/2766/1287 481/2746/1274 478/2764/1285
f 488/2767/910 490/2768/911 489/2769/912
f 2324/2770/913 2323/2771/914 2319/2772/915 2321/2773/916 496/2774/917
f 2334/2775/1288 2332/2776/1289 2344/2777/1290 2348/2778/1290
f 493/2779/918 2325/2780/919 2327/2781/920 497/2782/921 492/2783/922
f 2354/2784/1291 2336/2785/1292 2338/2786/1293
f 2352/2787/1294 2341/2788/1294 2333/2789/1295 2337/2790/1296
f 2389/2791/931 2388/2792/931 2372/2793/931 2373/2794/931 498/2795/931
f 2359/2796/203 2370/2797/203 2371/2798/203
f 2366/2799/203 2363/2800/203 2359/2801/203
f 469/2751/1279 500/2742/1272 468/2753/1281
f 2421/2697/203 2423/2802/203 487/2749/1277 499/2698/1257
f 2316/2803/203 2313/2804/203 479/2750/1278 482/2738/1268
f 2314/2805/1297 477/2806/1297 474/2807/1298 2312/2808/1298
f 483/2756/965 2317/2755/965 2422/2809/965 501/2810/965
f 468/2811/1299 500/2812/1300 2420/2813/1301 2308/2814/1302
f 2313/2804/203 2311/2815/203 476/2763/1284 479/2750/1278
f 471/2754/1282 474/2816/1303 475/2747/1275 472/2752/1280
f 493/2779/918 492/2783/922 494/2817/1304
f 494/2818/943 488/2819/943 489/2820/945 493/2821/945
f 495/2822/946 491/2823/946 488/2819/943 494/2818/943
f 2319/2824/79 2323/2825/79 2328/2826/79 2326/2827/79
f 491/2828/947 490/2768/911 488/2767/910
f 495/2829/948 494/2817/1304 492/2783/922
f 2340/2830/1305 2350/2831/1305 2335/2832/1306 2331/2833/1307
f 2327/2781/920 2326/2834/952 2328/2835/1176 2330/2836/954 497/2782/921
f 2351/2837/1308 2350/2831/1308 2340/2830/1308 2342/2838/1308
f 2337/2790/1296 2333/2789/1295 2347/2839/1309 2356/2840/1309
f 2360/2841/90 2377/2842/90 2384/2843/1310 2369/2844/1311
f 2331/2833/1307 2335/2832/1306 2355/2845/1312 2345/2846/1312
f 2381/2847/960 2376/2848/960 2362/2849/960 2364/2850/960
f 2346/2851/1313 2345/2846/1313 2355/2845/1313 2357/2852/1313
f 2377/2842/962 2360/2841/962 2362/2849/962 2376/2848/962
f 480/2757/1283 477/2806/1297 2314/2805/1297 2315/2758/1283
f 486/2740/1270 469/2751/1279 475/2747/1275
f 2310/2853/1314 471/2854/1314 468/2811/1299 2308/2814/1302
f 480/2766/1287 483/2855/1315 484/2748/1276 481/2746/1274
f 2322/2856/964 2324/2770/913 496/2774/917 490/2768/911 491/2828/947
f 2423/2802/203 2318/2857/203 485/2737/1267 487/2749/1277
f 2338/2786/1293 2336/2785/1292 2349/2858/1316 2353/2859/1316
f 2330/2836/954 2329/2860/967 495/2829/948 492/2783/922 497/2782/921
f 2318/2857/203 2316/2861/203 482/2738/1268 485/2737/1267
f 2322/2862/969 491/2823/969 495/2822/969 2329/2863/969
f 2354/2784/1291 2338/2864/1293 2358/2865/1317
f 474/2807/972 471/2854/972 2310/2853/972 2312/2808/972
f 474/2816/1303 477/2765/1286 478/2764/1285 475/2747/1275
f 2311/2815/203 2309/2743/203 473/2745/1273 476/2763/1284
f 2343/2866/1318 2339/2867/1318 2332/2776/1289 2334/2775/1288
f 490/2768/911 496/2774/917 2321/2773/916 2320/2868/973 489/2769/912
f 483/2855/1315 501/2741/1271 486/2740/1270 484/2748/1276
f 2370/2797/203 2367/2869/203 2371/2870/203
f 2379/2871/974 2387/2872/1319 2383/2873/1320
f 2387/2872/1319 2389/2874/1321 498/2875/1322 2383/2876/1320
f 2392/2877/90 2412/2878/90 2405/2879/90 2419/2880/90
f 2367/2869/203 2374/2881/203 2371/2798/203
f 2380/2882/79 2365/2883/79 2372/2793/79 2388/2792/79
f 2383/2876/1320 2378/2884/979 2379/2871/974
f 2371/2798/203 2366/2799/203 2359/2801/203
f 2375/2885/980 2382/2886/1323 2379/2871/974
f 2406/2887/982 2404/2888/982 2411/2889/983 2415/2890/983
f 2363/2800/203 2361/2891/203 2359/2892/203
f 2369/2844/1311 2384/2843/1310 2385/2893/1324 2368/2894/1324
f 2420/2813/1301 500/2812/1300 501/2895/932 2422/2896/932
f 2393/2897/986 2390/2898/986 2418/2899/987 2416/2900/987
f 2378/2884/979 2375/2885/980 2379/2871/974
f 2373/2794/988 2368/2901/988 2385/2902/988 2386/2903/988 498/2795/988
f 2407/2904/79 2417/2905/79 2399/2906/79 2409/2907/79
f 2414/2908/79 2394/2909/79 2417/2905/79 2407/2904/79
f 2419/2880/90 2405/2879/90 2403/2910/90 2396/2911/90
f 2401/2912/988 2397/2913/988 2402/2914/988 2408/2915/988
f 2408/2916/989 2402/2917/989 2404/2888/982 2406/2887/982
f 498/2875/1322 2386/2918/1325 2383/2876/1320
f 2416/2900/987 2418/2899/987 2398/2919/991 2400/2920/991
f 2413/2921/960 2410/2922/960 2391/2923/960 2395/2924/960
f 2365/2883/992 2380/2882/992 2381/2847/992 2364/2850/992
f 502/2739/1269 479/2750/1278 476/2763/1284
f 469/2751/1279 486/2740/1270 500/2742/1272
f 2325/2925/1132 493/2821/1132 489/2820/1132 2320/2926/1132
f 2429/2927/1204 2428/2928/1326 2433/2929/1327 2435/2930/1206 504/2931/1207
f 2449/2932/1328 2448/2933/999 2440/2934/1000 2442/2935/1329 507/2936/1002 508/2937/1330
f 508/2937/1330 507/2936/1002 506/2938/1004
f 2434/2939/1209 2430/2940/1006 2432/2941/1255 505/2942/1008 2436/2943/1009
f 504/2931/1207 505/2942/1008 503/2944/1010
f 504/2931/1207 2435/2930/1206 2436/2943/1009 505/2942/1008
f 2426/2945/1011 2425/2946/1012 2427/2947/1256 2429/2927/1204 504/2931/1207 503/2944/1010
f 2437/2948/90 2441/2949/90 2427/2950/90 2425/2951/90
f 2448/2952/203 2433/2953/203 2428/2954/203 2440/2955/203
f 2430/2956/79 2434/2957/79 2447/2958/79 2444/2959/79
f 2452/2960/988 2451/2961/988 2472/2962/988 2470/2963/988 2468/2964/988 2466/2965/988 2464/2966/988 2462/2967/988 2460/2968/988 2458/2969/988 2456/2970/988 2454/2971/988
f 2446/2972/1331 2445/2973/1332 508/2937/1330 506/2938/1004
f 506/2938/1004 2439/2974/1016 2438/2975/1017 2443/2976/1333 2446/2972/1331
f 2432/2941/1255 2431/2977/1019 2424/2978/1020 2426/2945/1011 503/2944/1010 505/2942/1008
f 2445/2973/1332 2444/2979/1021 2447/2980/1022 2449/2932/1328 508/2937/1330
f 2442/2935/1329 2441/2981/1023 2437/2982/1334 2439/2974/1016 506/2938/1004 507/2936/1002
f 509/2983/1025 2450/2984/1026 2453/2985/1221 510/2986/1220
f 455/2987/1261 2457/2988/1335 2459/2989/1336 456/2990/1262
f 456/2990/1262 2459/2989/1336 2461/2991/1337 512/2992/1263
f 512/2992/1263 2461/2991/1337 2463/2993/1338 459/2994/1264
f 459/2994/1264 2463/2993/1338 2465/2995/1339 460/2996/1265
f 460/2997/1265 2465/2998/1339 2467/2999/1340 513/3000/1266
f 513/3000/1266 2467/2999/1340 2469/3001/1341 463/3002/1041
f 463/3002/1041 2469/3001/1341 2471/3003/1152 514/3004/1153
f 514/3004/1153 2471/3003/1152 2473/3005/1144 515/3006/1046
f 2474/3007/960 2477/3008/960 2479/3009/960 2481/3010/960 2483/3011/960 2485/3012/960 2487/3013/960 2489/3014/960 2491/3015/960 2493/3016/960 2495/3017/960 2497/3018/960
f 511/3019/1260 2455/3020/1342 2457/2988/1335 455/2987/1261
f 510/2986/1220 2453/2985/1221 2455/3020/1342 511/3019/1260
f 515/3006/1046 2473/3005/1144 2450/2984/1026 509/2983/1025
f 2475/3021/1343 516/3022/1344 517/3023/1345 2476/3024/1346
f 2480/3025/1029 530/3026/1030 518/3027/1031 2482/3028/1032
f 2482/3028/1032 518/3027/1031 519/3029/1347 2484/3030/1034
f 2484/3030/1034 519/3029/1347 520/3031/1348 2486/3032/1349
f 2486/3032/1349 520/3031/1348 521/3033/1037 2488/3034/1350
f 2488/3035/1350 521/3036/1037 535/3037/1039 2490/3038/1040
f 2490/3038/1040 535/3037/1039 522/3039/1351 2492/3040/1352
f 2492/3040/1352 522/3039/1351 523/3041/1353 2494/3042/1354
f 2494/3042/1354 523/3041/1353 524/3043/1045 2496/3044/1046
f 2500/3045/988 2499/3046/988 2520/3047/988 2518/3048/988 2516/3049/988 2514/3050/988 2512/3051/988 2510/3052/988 2508/3053/988 2506/3054/988 2504/3055/988 2502/3056/988
f 2478/3057/1047 529/3058/1048 530/3026/1030 2480/3025/1029
f 2476/3024/1346 517/3023/1345 529/3058/1048 2478/3057/1047
f 2496/3044/1046 524/3043/1045 516/3022/1344 2475/3021/1343
f 539/3059/1046 540/3060/1045 526/3061/1026 525/3062/1355
f 529/3063/1048 545/3064/1145 531/3065/1146 530/3066/1030
f 530/3066/1030 531/3065/1146 547/3067/1147 518/3068/1031
f 518/3068/1031 547/3067/1147 532/3069/1033 519/3070/1347
f 519/3070/1347 532/3069/1033 533/3071/1148 520/3072/1348
f 520/3072/1348 533/3071/1148 534/3073/1149 521/3074/1037
f 521/3075/1037 534/3076/1149 550/3077/1150 535/3078/1039
f 535/3078/1039 550/3077/1150 536/3079/1151 522/3080/1351
f 522/3080/1351 536/3079/1151 538/3081/1152 537/3082/1153
f 537/3082/1153 538/3081/1152 540/3060/1045 539/3059/1046
f 527/3083/1028 528/3084/1027 545/3064/1145 529/3063/1048
f 525/3062/1355 526/3061/1026 528/3084/1027 527/3083/1028
f 553/3085/1046 554/3086/1045 542/3087/1026 541/3088/1355
f 545/3089/1145 546/3090/1214 559/3091/1215 531/3092/1146
f 531/3092/1146 559/3091/1215 548/3093/1356 547/3094/1147
f 547/3094/1147 548/3093/1356 562/3095/1217 532/3096/1033
f 532/3096/1033 562/3095/1217 563/3097/1357 533/3098/1148
f 533/3098/1148 563/3097/1357 549/3099/1037 534/3100/1149
f 534/3101/1149 549/3102/1037 566/3103/1219 550/3104/1150
f 550/3104/1150 566/3103/1219 567/3105/1042 536/3106/1151
f 536/3106/1151 567/3105/1042 552/3107/1043 551/3108/1044
f 551/3108/1044 552/3107/1043 554/3086/1045 553/3085/1046
f 543/3109/1220 544/3110/1221 546/3090/1214 545/3089/1145
f 541/3088/1355 542/3087/1026 544/3110/1221 543/3109/1220
f 571/3111/1046 572/3112/1045 556/3113/1026 555/3114/1355
f 546/3115/1214 575/3116/1260 560/3117/1261 559/3118/1215
f 559/3118/1215 560/3117/1261 561/3119/1262 548/3120/1356
f 548/3120/1356 561/3119/1262 576/3121/1263 562/3122/1217
f 562/3122/1217 576/3121/1263 564/3123/1264 563/3124/1357
f 563/3124/1357 564/3123/1264 565/3125/1265 549/3126/1037
f 549/3127/1037 565/3128/1265 577/3129/1358 566/3130/1219
f 566/3130/1219 577/3129/1358 568/3131/1041 567/3132/1042
f 567/3132/1042 568/3131/1041 570/3133/1353 569/3134/1354
f 569/3134/1354 570/3133/1353 572/3112/1045 571/3111/1046
f 557/3135/1220 558/3136/1221 575/3116/1260 546/3115/1214
f 555/3114/1355 556/3113/1026 558/3136/1221 557/3135/1220
f 573/3137/1343 2498/3138/1344 2501/3139/1359 574/3140/1360
f 560/3141/1261 2505/3142/1335 2507/3143/1336 561/3144/1262
f 561/3144/1262 2507/3143/1336 2509/3145/1337 576/3146/1263
f 576/3146/1263 2509/3145/1337 2511/3147/1338 564/3148/1264
f 564/3148/1264 2511/3147/1338 2513/3149/1339 565/3150/1265
f 565/3151/1265 2513/3152/1339 2515/3153/1340 577/3154/1358
f 577/3154/1358 2515/3153/1340 2517/3155/1341 568/3156/1041
f 568/3156/1041 2517/3155/1341 2519/3157/1361 578/3158/1362
f 578/3158/1362 2519/3157/1361 2521/3159/1045 579/3160/1046
f 2522/3161/90 2542/3162/90 2549/3163/1179 2534/3164/1180
f 575/3165/1260 2503/3166/1363 2505/3142/1335 560/3141/1261
f 574/3140/1360 2501/3139/1359 2503/3166/1363 575/3165/1260
f 579/3160/1046 2521/3159/1045 2498/3138/1344 573/3137/1343
f 2554/3167/931 2553/3168/931 2537/3169/931 2538/3170/931 581/3171/931
f 2523/3172/1165 2535/3173/1166 2536/3174/1167
f 2531/3175/1168 2527/3176/1364 2525/3177/1170 2524/3178/1171
f 2546/3179/960 2541/3180/960 580/3181/960 2529/3182/960 2528/3183/960
f 2542/3162/962 2522/3161/962 2526/3184/962 580/3181/962 2541/3180/962
f 2535/3173/1166 2532/3185/1187 2536/3186/1167
f 2544/3187/1188 2552/3188/1189 2548/3189/1190
f 2552/3188/1189 2554/3190/1191 581/3191/1192 2548/3192/1190
f 2564/3193/1365 2576/3194/1365 2571/3195/1365 2555/3196/1365
f 2532/3185/1187 2539/3197/1366 2536/3198/1167
f 2545/3199/79 2530/3200/79 2537/3169/79 2553/3168/79
f 2548/3201/1190 2543/3202/1367 2544/3203/1188
f 2536/3204/1167 2531/3175/1168 2524/3178/1171 2523/3172/1165
f 2540/3205/1195 2547/3206/1196 2544/3203/1188
f 2527/3176/1364 2529/3207/1368 580/3208/1198 2526/3209/1199 2525/3177/1170
f 2534/3164/1180 2549/3163/1179 2550/3210/1200 2533/3211/1200
f 2543/3202/1367 2540/3205/1195 2544/3203/1188
f 2538/3170/988 2533/3212/988 2550/3213/988 2551/3214/988 581/3171/988
f 581/3191/1192 2551/3215/1202 2548/3201/1190
f 2530/3200/1203 2545/3199/1203 2546/3179/1203 2528/3183/1203
f 2561/3216/1369 582/3217/1370 2558/3218/1371
f 2582/3219/1372 2581/3220/1373 2573/3221/1374 2575/3222/1375 584/3223/1376 585/3224/1377
f 585/3224/1377 584/3223/1376 583/3225/1378
f 2561/3226/1369 2568/3227/1379 2569/3228/1380 582/3217/1370
f 2560/3229/1381 2566/3230/1382 2568/3227/1379 2561/3231/1369
f 2575/3222/1375 2574/3232/1383 2570/3233/1384 2572/3234/1385 583/3225/1378 584/3223/1376
f 2556/3235/1386 2559/3236/1387 2562/3237/1388 2557/3238/1389
f 2570/3239/90 2574/3240/90 2559/3241/90 2556/3242/90
f 2581/3243/1390 2566/3244/1390 2560/3245/1390 2573/3246/1390
f 2563/3247/79 2567/3248/79 2580/3249/79 2577/3250/79
f 2592/3251/1391 2604/3252/1391 2599/3253/1391 2583/3254/1391
f 2579/3255/1392 2578/3256/1393 585/3224/1377 583/3225/1378
f 583/3225/1378 2572/3234/1385 2571/3257/1394 2576/3258/1395 2579/3255/1392
f 2565/3259/1396 2564/3260/1397 2555/3261/1398 2558/3218/1371 582/3217/1370
f 2578/3256/1393 2577/3262/1399 2580/3263/1400 2582/3219/1372 585/3224/1377
f 2567/3264/1401 2563/3265/1402 2565/3259/1396 582/3217/1370 2569/3228/1380
f 2589/3266/1403 586/3267/1404 2586/3268/1405
f 2610/3269/1406 2609/3270/1407 2601/3271/1408 2603/3272/1409 588/3273/1410 589/3274/1411
f 589/3274/1411 588/3273/1410 587/3275/1412
f 2589/3276/1403 2596/3277/1413 2597/3278/1414 586/3267/1404
f 2588/3279/1415 2594/3280/1416 2596/3277/1413 2589/3281/1403
f 2603/3272/1409 2602/3282/1417 2598/3283/1418 2600/3284/1419 587/3275/1412 588/3273/1410
f 2584/3285/1420 2587/3286/1421 2590/3287/1422 2585/3288/1423
f 2598/3289/79 2602/3290/79 2587/3291/79 2584/3292/79
f 2609/3293/1424 2594/3294/1424 2588/3295/1424 2601/3296/1424
f 2591/3297/90 2595/3298/90 2608/3299/90 2605/3300/90
f 2618/3301/1425 2613/3302/1425 2616/3303/1425 2622/3304/1425
f 2607/3305/1426 2606/3306/1427 589/3274/1411 587/3275/1412
f 587/3275/1412 2600/3284/1419 2599/3307/1428 2604/3308/1429 2607/3305/1426
f 2593/3309/1430 2592/3310/1431 2583/3311/1432 2586/3268/1405 586/3267/1404
f 2606/3306/1427 2605/3312/1433 2608/3313/1434 2610/3269/1406 589/3274/1411
f 2595/3314/1435 2591/3315/1436 2593/3309/1430 586/3267/1404 2597/3278/1414
f 2617/3316/1437 2628/3317/1438 2623/3318/1439 2611/3319/1440
f 2619/3320/1441 2621/3321/1442 2630/3322/1443 2627/3323/1444
f 2623/3324/1445 2628/3325/1446 3575/3326/1447
f 2629/3327/1448 2620/3328/1449 2615/3329/1450 2626/3330/1451
f 2632/3331/1452 590/3332/1453 591/3333/1454 2633/3334/1455
f 2637/3335/1456 593/3336/1457 594/3337/1458 2639/3338/1459
f 2639/3338/1459 594/3337/1458 595/3339/1460 2641/3340/1461
f 2641/3340/1461 595/3339/1460 596/3341/1462 2643/3342/1463
f 2643/3342/1463 596/3341/1462 597/3343/1464 2645/3344/1465
f 2645/3345/1465 597/3346/1464 598/3347/1466 2647/3348/1467
f 2647/3348/1467 598/3347/1466 599/3349/1468 2649/3350/1469
f 2649/3350/1469 599/3349/1468 600/3351/1470 2651/3352/1471
f 2651/3352/1471 600/3351/1470 601/3353/1472 2653/3354/1473
f 2669/3355/1474 2657/3356/1474 2660/3357/1474 2667/3358/1474 2666/3359/1474 2663/3360/1474
f 2635/3361/1475 592/3362/1476 593/3336/1457 2637/3335/1456
f 2633/3334/1455 591/3333/1454 592/3362/1476 2635/3361/1475
f 782/3363/1477 783/3364/1478 785/3365/1479
f 753/3366/1480 752/3367/1481 787/3368/1482
f 2881/3369/1483 2884/3370/1484 3550/3371/1485
f 742/3372/1486 743/3373/1487 788/3374/1488
f 632/3375/1489 631/3376/1490 796/3377/1491
f 766/3378/1492 767/3379/1493 786/3380/1494
f 643/3381/1495 2879/3382/1496 3551/3383/1497
f 718/3384/1498 717/3385/1499 790/3386/1500
f 608/3387/1501 609/3388/1502 798/3389/1503
f 628/3390/1504 621/3391/1505 797/3392/1506
f 2878/3393/1507 644/3394/1508 3549/3395/1509
f 752/3367/1481 751/3396/1510 787/3368/1482
f 644/3394/1508 2882/3397/1511 3549/3395/1509
f 654/3398/1512 656/3399/1513 3544/3400/1514
f 2670/3401/1515 602/3402/1515 2672/3403/1516 2655/3404/1517
f 2661/3405/1518 2665/3406/1519 2680/3407/1520 2678/3408/1521
f 2662/3409/1522 2677/3410/1523 602/3402/1515 2670/3401/1515
f 606/3411/1524 607/3412/1525 798/3389/1503
f 603/3413/1526 2668/3414/1526 2659/3415/1527 2674/3416/1528
f 2676/3417/1529 2675/3418/1530 2671/3419/1531 2673/3420/1532 799/3421/1533
f 2681/3422/1534 2664/3423/1535 2668/3414/1526 603/3413/1526
f 2701/3424/1536 2700/3425/1537 3571/3426/1538
f 689/3427/1539 690/3428/1540 792/3429/1541
f 2700/3430/1542 2701/3431/1543 2696/3432/1544 2690/3433/1545
f 2683/3434/1546 2686/3435/1547 2706/3436/1548 2703/3437/1549
f 2693/3438/1550 605/3439/1550 2699/3440/1551 2689/3441/1552
f 604/3442/1553 2694/3443/1553 2697/3444/1554 2702/3445/1555
f 2705/3446/1556 2688/3447/1557 2694/3443/1553 604/3442/1553
f 781/3448/1558 782/3363/1477 785/3365/1479
f 2715/3449/1559 2717/3450/1560 2726/3451/1561 2723/3452/1562
f 2713/3453/1563 2724/3454/1564 2719/3455/1565 2707/3456/1566
f 2719/3457/1567 2724/3458/1568 3565/3459/1569
f 741/3460/1570 742/3372/1486 788/3374/1488
f 631/3376/1490 630/3461/1571 796/3377/1491
f 691/3462/1572 686/3463/1573 792/3429/1541
f 2725/3464/1574 2716/3465/1575 2711/3466/1576 2722/3467/1577
f 717/3385/1499 716/3468/1578 790/3386/1500
f 608/3469/1579 2734/3470/1580 2732/3471/1581 609/3472/1582
f 627/3473/1583 628/3390/1504 797/3392/1506
f 610/3474/1584 2738/3475/1585 2736/3476/1586 611/3477/1587
f 2740/3478/1588 613/3479/1589 612/3480/1590 2742/3481/1591
f 2736/3476/1586 2742/3481/1591 612/3480/1590 611/3477/1587
f 2757/3482/1592 2745/3483/1592 2746/3484/1592 2759/3485/1592 2752/3486/1592 2748/3487/1592
f 2738/3475/1585 610/3474/1584 607/3488/1593 2728/3489/1594
f 613/3479/1589 2740/3478/1588 2734/3470/1580 608/3469/1579
f 606/3490/1595 609/3491/1582 2732/3492/1581 2730/3493/1596
f 687/3494/1597 684/3495/1598 792/3429/1541
f 751/3396/1510 750/3496/1599 787/3368/1482
f 612/3497/1600 613/3498/1601 798/3389/1503
f 780/3499/1602 781/3448/1558 785/3365/1479
f 685/3500/1603 688/3501/1604 792/3429/1541
f 2750/3502/1605 2756/3503/1606 616/3504/1607 2758/3505/1608
f 716/3468/1578 715/3506/1609 790/3386/1500
f 2758/3505/1608 616/3504/1607 2753/3507/1610 2743/3508/1611
f 617/3509/1612 2760/3510/1613 2747/3511/1614 614/3512/1615
f 2749/3513/1616 2751/3514/1617 615/3515/1618 2755/3516/1619
f 614/3517/1620 2754/3518/1621 3564/3519/1622
f 615/3515/1618 2751/3514/1617 2760/3510/1613 617/3509/1612
f 657/3520/1623 2946/3521/1624 3542/3522/1625
f 2765/3523/1626 2776/3524/1627 619/3525/1627 2769/3526/1628
f 626/3527/1629 627/3473/1583 797/3392/1506
f 740/3528/1630 741/3460/1570 788/3374/1488
f 630/3461/1571 629/3529/1631 796/3377/1491
f 2767/3530/1632 2770/3531/1632 3561/3532/1632
f 2768/3533/1633 618/3534/1634 2772/3535/1634 2763/3536/1635
f 2774/3537/1636 620/3538/1636 619/3525/1627 2776/3524/1627
f 3420/3539/1637 763/3540/1638 762/3541/1639 3422/3542/1640
f 2779/3543/1641 2778/3544/1641 2791/3545/1641 2789/3546/1641 2787/3547/1641 2785/3548/1641 2783/3549/1641 2781/3550/1641
f 750/3496/1599 749/3551/1642 787/3368/1482
f 2784/3552/1643 2786/3553/1644 625/3554/1645 624/3555/1646
f 2788/3556/1647 2790/3557/1648 627/3558/1649 626/3559/1650
f 610/3560/1651 611/3561/1652 798/3389/1503
f 2800/3562/1653 2795/3563/1653 2798/3564/1653 2804/3565/1653
f 2780/3566/1654 2782/3567/1655 623/3568/1656 622/3569/1657
f 621/3570/1658 2777/3571/1659 2780/3566/1654 622/3569/1657
f 3417/3572/1660 760/3573/1661 3492/3574/1662
f 623/3568/1656 2782/3567/1655 2784/3552/1643 624/3555/1646
f 715/3506/1609 714/3575/1663 790/3386/1500
f 625/3554/1645 2786/3553/1644 2788/3556/1647 626/3559/1650
f 590/3576/1664 601/3577/1665 800/3578/1666
f 686/3463/1573 687/3494/1597 792/3429/1541
f 706/3579/1667 699/3580/1668 791/3581/1669
f 627/3558/1649 2790/3557/1648 2792/3582/1670 628/3583/1671
f 3260/3584/1672 3255/3585/1673 3505/3586/1674
f 779/3587/1675 780/3499/1602 785/3365/1479
f 3258/3588/1676 3259/3589/1677 3508/3590/1678
f 739/3591/1679 740/3528/1630 788/3374/1488
f 684/3495/1598 685/3592/1603 792/3429/1541
f 3256/3593/1680 3253/3594/1681 3506/3595/1682
f 625/3596/1683 626/3527/1629 797/3392/1506
f 3416/3597/1684 3418/3598/1685 3491/3599/1686
f 2865/3600/1687 2863/3601/1687 2870/3602/1687 2869/3603/1687 2876/3604/1687 2873/3605/1687
f 601/3606/1665 600/3607/1688 800/3578/1666
f 3271/3608/1689 3261/3609/1689 3263/3610/1689 3265/3611/1689 3267/3612/1689 3273/3613/1689 3275/3614/1689 3269/3615/1689
f 2799/3616/1690 2810/3617/1691 2805/3618/1692 2793/3619/1693
f 749/3551/1642 748/3620/1694 787/3368/1482
f 760/3573/1661 3413/3621/1695 3492/3574/1662
f 2801/3622/1696 2803/3623/1697 2812/3624/1698 2809/3625/1699
f 2805/3626/1700 2810/3627/1701 3559/3628/1702
f 705/3629/1703 706/3579/1667 791/3581/1669
f 714/3575/1663 713/3630/1704 790/3386/1500
f 3411/3631/1705 761/3632/1706 3490/3633/1707
f 2811/3634/1708 2802/3635/1709 2797/3636/1710 2808/3637/1711
f 2859/3638/1712 642/3639/1713 3556/3640/1714
f 2814/3641/1715 629/3642/1716 630/3643/1717 2815/3644/1718
f 2819/3645/1719 632/3646/1720 633/3647/1721 2821/3648/1722
f 2821/3648/1722 633/3647/1721 634/3649/1723 2823/3650/1724
f 2823/3650/1724 634/3649/1723 635/3651/1725 2825/3652/1726
f 2825/3652/1726 635/3651/1725 636/3653/1727 2827/3654/1728
f 2827/3655/1728 636/3656/1727 637/3657/1729 2829/3658/1730
f 2829/3658/1730 637/3657/1729 638/3659/1731 2831/3660/1732
f 2831/3660/1732 638/3659/1731 639/3661/1733 2833/3662/1734
f 2833/3662/1734 639/3661/1733 640/3663/1735 2835/3664/1736
f 2851/3665/1737 2839/3666/1737 2842/3667/1737 2849/3668/1737 2848/3669/1737 2845/3670/1737
f 2817/3671/1738 631/3672/1739 632/3646/1720 2819/3645/1719
f 778/3673/1740 779/3587/1675 785/3365/1479
f 2815/3644/1718 630/3643/1717 631/3672/1739 2817/3671/1738
f 761/3632/1706 3415/3674/1741 3490/3633/1707
f 690/3428/1540 691/3462/1572 792/3429/1541
f 624/3675/1742 625/3596/1683 797/3392/1506
f 656/3399/1513 653/3676/1743 3544/3677/1514
f 600/3607/1688 599/3678/1744 800/3578/1666
f 748/3620/1694 747/3679/1745 787/3368/1482
f 642/3639/1713 2856/3680/1746 3556/3640/1714
f 2933/3681/1747 654/3398/1512 3544/3682/1514
f 2811/3683/1748 2808/3684/1749 3557/3685/1750
f 2853/3686/1751 641/3687/1752 3554/3688/1753
f 713/3630/1704 712/3689/1754 790/3386/1500
f 704/3690/1755 705/3629/1703 791/3581/1669
f 738/3691/1756 739/3591/1679 788/3374/1488
f 2857/3692/1757 2860/3693/1758 3555/3694/1759
f 641/3687/1752 2858/3695/1760 3554/3688/1753
f 2809/3696/1761 2812/3697/1762 3560/3698/1763
f 688/3501/1604 689/3427/1539 792/3429/1541
f 2852/3699/1515 641/3700/1515 2853/3701/1764 2837/3702/1765
f 2843/3703/1766 2847/3704/1767 2860/3705/1768 2857/3706/1769
f 2844/3707/1770 2858/3708/1771 641/3700/1515 2852/3699/1515
f 599/3678/1744 598/3709/1772 800/3578/1666
f 642/3710/1526 2850/3711/1526 2841/3712/1773 2856/3713/1774
f 2855/3714/1775 2854/3715/1776 3553/3716/1777
f 2859/3717/1778 2846/3718/1779 2850/3711/1526 642/3710/1526
f 2880/3719/1780 2877/3720/1781 3552/3721/1782
f 2931/3722/1783 655/3723/1784 3543/3724/1785
f 2877/3725/1786 2880/3726/1787 2874/3727/1788 2868/3728/1789
f 2861/3729/1790 2864/3730/1791 2884/3731/1792 2881/3732/1793
f 2871/3733/1794 644/3734/1794 2878/3735/1795 2867/3736/1796
f 643/3737/1797 2872/3738/1797 2875/3739/1798 2879/3740/1799
f 2883/3741/1800 2866/3742/1801 2872/3738/1797 643/3737/1797
f 712/3689/1754 711/3743/1802 790/3386/1500
f 2893/3744/1803 2895/3745/1804 2904/3746/1805 2901/3747/1806
f 2891/3748/1807 2902/3749/1808 2897/3750/1809 2885/3751/1810
f 2897/3752/1811 2902/3753/1812 3546/3754/1813
f 668/3755/1814 679/3756/1815 793/3757/1816
f 777/3758/1817 778/3759/1740 785/3365/1479
f 623/3760/1818 624/3675/1742 797/3392/1506
f 2903/3761/1819 2894/3762/1820 2889/3763/1821 2900/3764/1822
f 2807/3765/1823 2806/3766/1824 3558/3767/1825
f 647/3768/1826 2912/3769/1827 2910/3770/1828 648/3771/1829
f 620/3772/1830 618/3773/1623 3562/3774/1625
f 649/3775/1831 2916/3776/1832 2914/3777/1833 650/3778/1834
f 2918/3779/1835 652/3780/1836 651/3781/1837 2920/3782/1838
f 2914/3777/1833 2920/3782/1838 651/3781/1837 650/3778/1834
f 2935/3783/1839 2923/3784/1839 2924/3785/1839 2937/3786/1839 2930/3787/1839 2926/3788/1839
f 2916/3776/1832 649/3775/1831 646/3789/1638 2906/3790/1637
f 652/3780/1836 2918/3779/1835 2912/3769/1827 647/3768/1826
f 645/3791/1639 648/3792/1829 2910/3793/1828 2908/3794/1640
f 747/3679/1745 746/3795/1840 787/3368/1482
f 2942/3796/1841 2939/3797/1841 2949/3798/1841 2951/3799/1841 2953/3800/1841
f 2813/3801/1842 2816/3802/1842 2818/3803/1842 2820/3804/1842 2822/3805/1842 2824/3806/1842 2826/3807/1842 2828/3808/1842 2830/3809/1842 2832/3810/1842 2834/3811/1842 2836/3812/1842
f 655/3723/1784 2934/3813/1843 3543/3814/1785
f 703/3815/1844 704/3690/1755 791/3581/1669
f 2928/3816/1845 2934/3817/1846 655/3818/1847 2936/3819/1848
f 598/3709/1772 597/3820/1849 800/3578/1666
f 2936/3819/1848 655/3818/1847 2931/3821/1850 2921/3822/1851
f 656/3823/1852 2938/3824/1853 2925/3825/1854 653/3826/1855
f 2927/3827/1856 2929/3828/1857 654/3829/1858 2933/3830/1859
f 653/3676/1743 2932/3831/1860 3544/3832/1514
f 654/3829/1858 2929/3828/1857 2938/3824/1853 656/3823/1852
f 3306/3833/1861 735/3834/1861 737/3835/1862 3308/3836/1862
f 2943/3837/1626 2954/3838/1627 658/3839/1863 2947/3840/1864
f 679/3841/1815 678/3842/1865 793/3757/1816
f 2725/3843/1866 2722/3844/1867 3567/3845/1868
f 3248/3846/1869 3243/3847/1869 3246/3848/1869 3252/3849/1869
f 2945/3850/1632 2948/3851/1632 3541/3852/1632
f 2946/3853/1633 657/3854/1634 2950/3855/1634 2941/3856/1635
f 2952/3857/1636 659/3858/1636 658/3839/1863 2954/3838/1627
f 2723/3859/1870 2726/3860/1871 3566/3861/1872
f 2957/3862/1873 2956/3863/1873 2969/3864/1873 2967/3865/1873 2965/3866/1873 2963/3867/1873 2961/3868/1873 2959/3869/1873
f 3303/3870/1874 736/3871/1875 3501/3872/1876
f 2962/3873/1877 2964/3874/1878 664/3875/1879 663/3876/1880
f 2966/3877/1881 2968/3878/1882 666/3879/1883 665/3880/1884
f 622/3881/1885 623/3760/1818 797/3392/1506
f 2978/3882/1653 2973/3883/1653 2976/3884/1653 2982/3885/1653
f 2958/3886/1886 2960/3887/1887 662/3888/1888 661/3889/1889
f 660/3890/1890 2955/3891/1891 2958/3886/1886 661/3889/1889
f 711/3743/1802 710/3892/1892 790/3386/1500
f 662/3888/1888 2960/3887/1887 2962/3873/1877 663/3876/1880
f 2721/3893/1893 2720/3894/1894 3568/3895/1895
f 664/3875/1879 2964/3874/1878 2966/3877/1881 665/3880/1884
f 732/3896/1896 734/3897/1897 3504/3898/1898
f 702/3899/1899 703/3815/1844 791/3581/1669
f 3239/3900/1900 721/3901/1901 3512/3902/1902
f 666/3879/1883 2968/3878/1882 2970/3903/1903 667/3904/1904
f 3464/3905/1905 774/3906/1905 776/3907/1906 3466/3908/1906
f 2737/3909/1907 2727/3910/1907 2729/3911/1907 2731/3912/1907 2733/3913/1907 2739/3914/1907 2741/3915/1907 2735/3916/1907
f 3395/3917/1908 3398/3918/1909 3418/3919/1910 3416/3920/1911
f 597/3820/1849 596/3921/1912 800/3578/1666
f 678/3842/1865 677/3922/1913 793/3757/1816
f 3461/3923/1914 775/3924/1915 3486/3925/1916
f 3393/3926/1917 759/3927/1918 3494/3928/1919
f 650/3929/1920 651/3930/1921 795/3931/1922
f 771/3932/1923 773/3933/1924 3488/3934/1925
f 652/3935/1926 647/3936/1927 795/3931/1922
f 3237/3937/1928 3240/3938/1929 3511/3939/1930
f 2977/3940/1931 2988/3941/1932 2983/3942/1933 2971/3943/1934
f 648/3944/1935 645/3945/1936 795/3931/1922
f 710/3892/1892 709/3946/1937 790/3386/1500
f 2979/3947/1938 2981/3948/1939 2990/3949/1940 2987/3950/1941
f 2983/3951/1942 2988/3952/1943 3538/3953/1944
f 721/3901/1901 3235/3954/1945 3512/3902/1902
f 759/3927/1918 3390/3955/1946 3494/3928/1919
f 596/3921/1912 595/3956/1947 800/3578/1666
f 2989/3957/1948 2980/3958/1949 2975/3959/1950 2986/3960/1951
f 677/3922/1913 676/3961/1952 793/3757/1816
f 2992/3962/1953 668/3963/1954 669/3964/1955 2993/3965/1956
f 2997/3966/1957 671/3967/1958 672/3968/1959 2999/3969/1960
f 2999/3969/1960 672/3968/1959 673/3970/1961 3001/3971/1962
f 3001/3971/1962 673/3970/1961 674/3972/1963 3003/3973/1964
f 3003/3973/1964 674/3972/1963 675/3974/1965 3005/3975/1966
f 3005/3976/1966 675/3977/1965 676/3978/1967 3007/3979/1968
f 3007/3979/1968 676/3978/1967 677/3980/1969 3009/3981/1970
f 3009/3981/1970 677/3980/1969 678/3982/1971 3011/3983/1972
f 3011/3983/1972 678/3982/1971 679/3984/1973 3013/3985/1974
f 3029/3986/1975 3017/3987/1975 3020/3988/1975 3027/3989/1975 3026/3990/1975 3023/3991/1975
f 2995/3992/1976 670/3993/1977 671/3967/1958 2997/3966/1957
f 3233/3994/1978 722/3995/1979 3510/3996/1980
f 2993/3965/1956 669/3964/1955 670/3993/1977 2995/3992/1976
f 3345/3997/1748 3342/3998/1749 3499/3999/1750
f 621/4000/1505 622/3881/1885 797/3392/1506
f 3387/4001/1981 758/4002/1982 3496/4003/1983
f 701/4004/1984 702/3899/1899 791/3581/1669
f 722/3995/1979 3238/4005/1985 3510/3996/1980
f 737/4006/1986 735/4007/1987 3501/4008/1876
f 3392/4009/1988 3394/4010/1989 3493/4011/1990
f 758/4002/1982 3391/4012/1991 3496/4013/1983
f 646/4014/1992 649/4015/1993 795/3931/1922
f 709/3946/1937 708/4016/1994 790/3386/1500
f 3344/4017/1761 3346/4018/1762 3498/4019/1763
f 595/3956/1947 594/4020/1995 800/3578/1666
f 676/3961/1952 675/4021/1996 793/3757/1816
f 3081/4022/1997 3078/4023/1998 3526/4024/1999
f 776/4025/2000 774/4026/2001 3486/4027/1916
f 3341/4028/1823 3340/4029/2002 3500/4030/2003
f 3079/4031/2004 3082/4032/2005 3525/4033/2006
f 3030/4034/1515 680/4035/1515 3031/4036/2007 3015/4037/2008
f 3021/4038/2009 3025/4039/2010 3038/4040/2011 3035/4041/2012
f 3022/4042/2013 3036/4043/2014 680/4035/1515 3030/4034/1515
f 700/4044/2015 701/4004/1984 791/3581/1669
f 681/4045/1526 3028/4046/1526 3019/4047/2016 3034/4048/2017
f 3033/4049/2018 3032/4050/2019 3535/4051/2020
f 3037/4052/2021 3024/4053/2022 3028/4046/1526 681/4045/1526
f 3057/4054/2023 3056/4055/2024 3529/4056/2025
f 3077/4057/2026 3076/4058/2027 3527/4059/2028
f 3056/4060/2029 3057/4061/2030 3052/4062/2031 3046/4063/2032
f 3039/4064/2033 3042/4065/2034 3062/4066/2035 3059/4067/2036
f 3049/4068/1515 683/4069/1515 3055/4070/2037 3045/4071/2038
f 682/4072/1526 3050/4073/1526 3053/4074/2039 3058/4075/2040
f 3061/4076/2041 3044/4077/2042 3050/4073/1526 682/4072/1526
f 3347/4078/2043 3350/4079/2043 3352/4080/2043 3354/4081/2043 3356/4082/2043 3358/4083/2043 3360/4084/2043 3362/4085/2043 3364/4086/2043 3366/4087/2043 3368/4088/2043 3370/4089/2043
f 3071/4090/2044 3073/4091/2045 3082/4092/2046 3079/4093/2047
f 3069/4094/2048 3080/4095/2049 3075/4096/2050 3063/4097/2051
f 3075/4098/2052 3080/4099/2053 3528/4100/2054
f 2772/3535/1634 618/3534/1634 620/3538/1636 2774/3537/1636
f 3093/4101/1689 3083/4102/1689 3085/4103/1689 3087/4104/1689 3089/4105/1689 3095/4106/1689 3097/4107/1689 3091/4108/1689
f 647/3936/1927 648/3944/1935 795/3931/1922
f 3081/4109/2055 3072/4110/2056 3067/4111/2057 3078/4112/2058
f 667/4113/2059 660/4114/2060 794/4115/2061
f 686/4116/2062 3090/4117/2063 3088/4118/2064 687/4119/2065
f 735/4007/1987 3302/4120/2066 3501/4121/1876
f 688/4122/2067 3094/4123/2068 3092/4124/2069 689/4125/2070
f 3096/4126/2071 691/4127/2072 690/4128/2073 3098/4129/2074
f 3092/4124/2069 3098/4129/2074 690/4128/2073 689/4125/2070
f 3113/4130/2075 3101/4131/2075 3102/4132/2075 3115/4133/2075 3108/4134/2075 3104/4135/2075
f 3094/4123/2068 688/4122/2067 685/4136/2076 3084/4137/2077
f 691/4127/2072 3096/4126/2071 3090/4117/2063 686/4116/2062
f 684/4138/2078 687/4139/2065 3088/4140/2064 3086/4141/2079
f 675/4021/1996 674/4142/2080 793/3757/1816
f 2714/4143/1869 2709/4144/1869 2712/4145/1869 2718/4146/1869
f 2769/4147/2081 619/4148/2082 3562/4149/1625
f 645/3945/1936 646/4150/1992 795/3931/1922
f 708/4016/1994 707/4151/2083 790/3386/1500
f 3106/4152/2084 3112/4153/2085 694/4154/2086 3114/4155/2087
f 594/4020/1995 593/4156/2088 800/3578/1666
f 3114/4155/2087 694/4154/2086 3109/4157/2089 3099/4158/2090
f 695/4159/2091 3116/4160/2092 3103/4161/2093 692/4162/2094
f 3105/4163/2095 3107/4164/2096 693/4165/2097 3111/4166/2098
f 692/4167/2099 3110/4168/2100 3524/4169/2101
f 693/4165/2097 3107/4164/2096 3116/4160/2092 695/4159/2091
f 619/4148/2082 620/3772/1830 3562/4170/1625
f 3121/4171/2102 3132/4172/2103 697/4173/2104 3125/4174/2105
f 2705/4175/2106 604/4176/2107 3570/4177/2108
f 666/4178/2109 667/4113/2059 794/4115/2061
f 774/4026/2001 3460/4179/2110 3486/4180/1916
f 3123/4181/2111 3126/4182/2112 3522/4183/2113
f 3124/4184/2114 696/4185/2115 3128/4186/2116 3119/4187/2117
f 3130/4188/2118 698/4189/2119 697/4173/2104 3132/4172/2103
f 651/3930/1921 652/3935/1926 795/3931/1922
f 3135/4190/1841 3134/4191/1841 3147/4192/1841 3145/4193/1841 3143/4194/1841 3141/4195/1841 3139/4196/1841 3137/4197/1841
f 699/4198/1668 700/4044/2015 791/3581/1669
f 3140/4199/2120 3142/4200/2121 703/4201/2122 702/4202/2123
f 3144/4203/2124 3146/4204/2125 705/4205/2126 704/4206/2127
f 674/4142/2080 673/4207/2128 793/3757/1816
f 3156/4208/2129 3151/4209/2129 3154/4210/2129 3160/4211/2129
f 3136/4212/2130 3138/4213/2131 701/4214/2132 700/4215/2133
f 699/4216/2134 3133/4217/2135 3136/4212/2130 700/4215/2133
f 2703/4218/2136 2706/4219/2137 3569/4220/2138
f 701/4214/2132 3138/4213/2131 3140/4199/2120 702/4202/2123
f 593/4156/2088 592/4221/2139 800/3578/1666
f 703/4201/2122 3142/4200/2121 3144/4203/2124 704/4206/2127
f 3221/4222/2140 3219/4223/2140 3226/4224/2140 3225/4225/2140 3232/4226/2140 3229/4227/2140
f 604/4176/2107 2702/4228/2141 3570/4177/2108
f 665/4229/2142 666/4178/2109 794/4115/2061
f 705/4205/2126 3146/4204/2125 3148/4230/2143 706/4231/2144
f 2699/4232/2145 605/4233/2146 3572/4234/2147
f 673/4207/2128 672/4235/2148 793/3757/1816
f 3215/4236/2149 720/4237/2150 3516/4238/2151
f 605/4233/2146 2704/4239/2152 3572/4234/2147
f 615/4240/2153 617/4241/2154 3564/4242/1622
f 649/4015/1993 650/3929/1920 795/3931/1922
f 592/4221/2139 591/4243/2155 800/3578/1666
f 734/3897/1897 731/4244/2156 3504/4245/1898
f 629/3529/1631 640/4246/2157 796/3377/1491
f 3128/4186/2116 696/4185/2115 698/4189/2119 3130/4188/2118
f 720/4237/2150 3211/4247/2158 3516/4238/2151
f 3155/4248/2159 3166/4249/2160 3161/4250/2161 3149/4251/2162
f 3289/4252/2163 732/3896/1896 3504/4253/1898
f 3167/4254/2164 3164/4255/2165 3520/4256/2166
f 3157/4257/2167 3159/4258/2168 3168/4259/2169 3165/4260/2170
f 3161/4261/2171 3166/4262/2172 3518/4263/2173
f 3209/4264/2174 719/4265/2175 3514/4266/2176
f 3070/4267/2177 3065/4268/2177 3068/4269/2177 3074/4270/2177
f 3125/4271/2178 697/4272/2179 3521/4273/2180
f 3167/4274/2181 3158/4275/2182 3153/4276/2183 3164/4277/2184
f 3213/4278/2185 3216/4279/2186 3515/4280/2187
f 3170/4281/1953 707/4282/1954 708/4283/2188 3171/4284/2189
f 3175/4285/1957 710/4286/1958 711/4287/2190 3177/4288/1960
f 3177/4288/1960 711/4287/2190 712/4289/2191 3179/4290/2192
f 3179/4290/2192 712/4289/2191 713/4291/1963 3181/4292/1964
f 3181/4292/1964 713/4291/1963 714/4293/2193 3183/4294/1966
f 3183/4295/1966 714/4296/2193 715/4297/2194 3185/4298/1968
f 3185/4298/1968 715/4297/2194 716/4299/2195 3187/4300/1970
f 3187/4300/1970 716/4299/2195 717/4301/2196 3189/4302/1972
f 3189/4302/1972 717/4301/2196 718/4303/2197 3191/4304/1974
f 3207/4305/1474 3195/4306/1474 3198/4307/1474 3205/4308/1474 3204/4309/1474 3201/4310/1474
f 3173/4311/1976 709/4312/2198 710/4286/1958 3175/4285/1957
f 693/4313/2199 695/4314/2200 3524/4315/2101
f 3171/4284/2189 708/4283/2188 709/4312/2198 3173/4311/1976
f 672/4235/2148 671/4316/2201 793/3757/1816
f 664/4317/2202 665/4229/2142 794/4115/2061
f 719/4265/2175 3214/4318/2203 3514/4266/2176
f 3061/4319/2204 682/4320/2205 3532/4321/2206
f 640/4322/2157 639/4323/2207 796/3377/1491
f 773/3933/1924 770/4324/2208 3488/4325/1925
f 3165/4326/2209 3168/4327/2210 3519/4328/2211
f 618/3773/1623 2768/4329/1624 3562/4330/1625
f 3447/4331/2212 771/3932/1923 3488/4332/1925
f 3288/4333/2213 733/4334/2214 3503/4335/2215
f 3163/4336/2216 3162/4337/2217 3517/4338/2218
f 591/4243/2155 590/3576/1664 800/3578/1666
f 697/4272/2179 698/4339/2219 3521/4340/2180
f 663/4341/2220 664/4317/2202 794/4115/2061
f 3298/4342/2221 3295/4343/2221 3305/4344/2221 3307/4345/2221 3309/4346/2221
f 639/4323/2207 638/4347/2222 796/3377/1491
f 3059/4348/2223 3062/4349/2224 3531/4350/2225
f 3208/4351/1515 719/4352/1515 3209/4353/2226 3193/4354/2227
f 3199/4355/2228 3203/4356/2229 3216/4357/2230 3213/4358/2231
f 3200/4359/2232 3214/4360/2233 719/4352/1515 3208/4351/1515
f 3169/4361/2234 3172/4362/2234 3174/4363/2234 3176/4364/2234 3178/4365/2234 3180/4366/2234 3182/4367/2234 3184/4368/2234 3186/4369/2234 3188/4370/2234 3190/4371/2234 3192/4372/2234
f 720/4373/1526 3206/4374/1526 3197/4375/2235 3211/4376/2236
f 3212/4377/2237 3210/4378/2238 3513/4379/2239
f 3215/4380/2240 3202/4381/2241 3206/4374/1526 720/4373/1526
f 3236/4382/2242 3234/4383/2243 3509/4384/2244
f 733/4334/2214 3290/4385/2245 3503/4335/2215
f 3234/4386/2246 3236/4387/2247 3230/4388/2248 3224/4389/2249
f 3217/4390/2250 3220/4391/2251 3240/4392/2252 3237/4393/2253
f 3227/4394/1515 722/4395/1515 3233/4396/2254 3223/4397/2255
f 721/4398/1526 3228/4399/1526 3231/4400/2256 3235/4401/2257
f 3239/4402/2258 3222/4403/2259 3228/4399/1526 721/4398/1526
f 682/4320/2205 3058/4404/2260 3532/4321/2206
f 3249/4405/1803 3251/4406/1804 3259/4407/2261 3258/4408/1806
f 3247/4409/1807 3257/4410/2262 3254/4411/1809 3241/4412/1810
f 3254/4413/2263 3257/4414/2264 3507/4415/2265
f 671/4316/2201 670/4416/2266 793/3757/1816
f 3055/4417/2267 683/4418/2268 3530/4419/2269
f 3446/4420/2270 772/4421/2271 3487/4422/2272
f 3260/4423/2273 3250/4424/1820 3245/4425/2274 3255/4426/2275
f 683/4418/2268 3060/4427/2276 3530/4419/2269
f 725/4428/2062 3268/4429/2063 3266/4430/2064 726/4431/2065
f 736/3871/1875 737/4006/1986 3501/4432/1876
f 727/4433/2067 3272/4434/2068 3270/4435/2069 728/4436/2070
f 3274/4437/2071 730/4438/2072 729/4439/2073 3276/4440/2074
f 3270/4435/2069 3276/4440/2074 729/4439/2073 728/4436/2070
f 3291/4441/2277 3279/4442/2277 3280/4443/2277 3293/4444/2277 3286/4445/2277 3282/4446/2277
f 3272/4434/2068 727/4433/2067 724/4447/2278 3262/4448/2077
f 730/4438/2072 3274/4437/2071 3268/4429/2063 725/4428/2062
f 723/4449/2078 726/4450/2065 3266/4451/2064 3264/4452/2279
f 698/4339/2219 696/4453/2280 3521/4454/2180
f 3462/4455/2281 3459/4456/2282 3454/4457/2283 3458/4458/2284
f 2687/4459/2285 2685/4460/2285 2692/4461/2285 2691/4462/2285 2698/4463/2285 2695/4464/2285
f 638/4347/2222 637/4465/2286 796/3377/1491
f 772/4421/2271 3448/4466/2287 3487/4422/2272
f 3284/4467/2288 3290/4468/2289 733/4469/2290 3292/4470/2291
f 670/4416/2266 669/4471/2292 793/3757/1816
f 3292/4470/2291 733/4469/2290 3288/4472/2293 3277/4473/2294
f 734/4474/2295 3294/4475/2296 3281/4476/2297 731/4477/2298
f 3283/4478/2299 3285/4479/2300 732/4480/2301 3289/4481/2302
f 731/4244/2156 3287/4482/2303 3504/4483/1898
f 732/4480/2301 3285/4479/2300 3294/4475/2296 734/4474/2295
f 662/4484/2304 663/4341/2220 794/4115/2061
f 3299/4485/2305 3310/4486/2306 736/4487/2306 3303/4488/2307
f 2682/4489/2308 2681/4490/1534 603/4491/2309 799/3421/1533
f 728/4492/2310 729/4493/2311 789/4494/2312
f 730/4495/2313 725/4496/2314 789/4494/2312
f 3301/4497/2315 3304/4498/2315 3502/4499/2315
f 3302/4500/2316 735/3834/1861 3306/3833/1861 3297/4501/2317
f 3308/3836/1862 737/3835/1862 736/4487/2306 3310/4486/2306
f 617/4241/2154 614/3517/1620 3564/4502/1622
f 3313/4503/1873 3312/4504/1873 3325/4505/1873 3323/4506/1873 3321/4507/1873 3319/4508/1873 3317/4509/1873 3315/4510/1873
f 637/4465/2286 636/4511/2318 796/3377/1491
f 3318/4512/1877 3320/4513/1878 742/4514/2319 741/4515/2320
f 3322/4516/1881 3324/4517/1882 744/4518/2321 743/4519/2322
f 603/4491/2309 2674/4520/1528 2676/3417/1529 799/3421/1533
f 3334/4521/1653 3329/4522/1653 3332/4523/1653 3338/4524/1653
f 3314/4525/1886 3316/4526/1887 740/4527/2323 739/4528/2324
f 738/4529/2325 3311/4530/1891 3314/4525/1886 739/4528/2324
f 726/4531/2326 723/4532/2327 789/4494/2312
f 740/4527/2323 3316/4526/1887 3318/4512/1877 741/4515/2320
f 2755/4533/2328 615/4240/2153 3564/4534/1622
f 742/4514/2319 3320/4513/1878 3322/4516/1881 743/4519/2322
f 746/3795/1840 757/4535/2329 787/3368/1482
f 2903/4536/2330 2900/4537/2331 3548/4538/2332
f 696/4453/2280 3124/4539/2333 3521/4540/2180
f 744/4518/2321 3324/4517/1882 3326/4541/1903 745/4542/2334
f 2629/4543/2335 2626/4544/2336 3573/4545/2337
f 2673/4546/1532 2672/4547/1516 602/4548/2338 799/3421/1533
f 2901/4549/2339 2904/4550/2340 3547/4551/2341
f 661/4552/2342 662/4484/2304 794/4115/2061
f 2679/4553/2343 2678/4554/1521 2680/4555/1520 2682/4489/2308 799/3421/1533
f 767/3379/1493 768/4556/2344 786/3380/1494
f 2899/4557/2345 2898/4558/2346 3545/4559/2347
f 669/4471/2292 668/3755/1814 793/3757/1816
f 602/4548/2338 2677/4560/1523 2679/4553/2343 799/3421/1533
f 769/4561/2348 764/4562/2349 786/3380/1494
f 2915/4563/2350 2905/4564/2350 2907/4565/2350 2909/4566/2350 2911/4567/2350 2917/4568/2350 2919/4569/2350 2913/4570/2350
f 3333/4571/2351 3343/4572/2352 3339/4573/1692 3327/4574/1693
f 2627/4575/2353 2630/4576/2354 3576/4577/2355
f 724/4578/2356 727/4579/2357 789/4494/2312
f 3335/4580/1696 3337/4581/1697 3346/4582/2358 3344/4583/1699
f 3339/4584/2359 3343/4585/1701 3497/4586/2360
f 757/4587/2329 756/4588/2361 787/3368/1482
f 636/4511/2318 635/4589/2362 796/3377/1491
f 765/4590/2363 762/4591/2364 786/3380/1494
f 3345/4592/2365 3336/4593/1709 3331/4594/1710 3342/4595/1711
f 2753/4596/2366 616/4597/2367 3563/4598/2368
f 3348/4599/2369 746/4600/2370 747/4601/2371 3349/4602/2372
f 3353/4603/2373 749/4604/2374 750/4605/2375 3355/4606/2376
f 3355/4607/2376 750/4605/2375 751/4608/2377 3357/4609/2378
f 3357/4609/2378 751/4608/2377 752/4610/2379 3359/4611/2380
f 3359/4611/2380 752/4610/2379 753/4612/2381 3361/4613/2382
f 3361/4614/2382 753/4615/2381 754/4616/2383 3363/4617/2384
f 3363/4617/2384 754/4616/2383 755/4618/2385 3365/4619/2386
f 3365/4619/2386 755/4618/2385 756/4620/2387 3367/4621/2388
f 3367/4621/2388 756/4620/2387 757/4622/2389 3369/4623/2390
f 3386/4624/2391 758/4625/2392 3387/4626/2393 3371/4627/2394
f 3351/4628/2395 748/4629/2396 749/4604/2374 3353/4603/2373
f 2625/4630/2397 2624/4631/2398 3574/4632/2399
f 3349/4602/2372 747/4601/2371 748/4629/2396 3351/4628/2395
f 2764/4633/1841 2761/4634/1841 2771/4635/1841 2773/4636/1841 2775/4637/1841
f 2631/4638/2400 2634/4639/2400 2636/4640/2400 2638/4641/2400 2640/4642/2400 2642/4643/2400 2644/4644/2400 2646/4645/2400 2648/4646/2400 2650/4647/2400 2652/4648/2400 2654/4649/2400
f 616/4597/2367 2756/4650/2401 3563/4598/2368
f 756/4588/2361 755/4651/2402 787/3368/1482
f 3043/4652/2403 3041/4653/2403 3048/4654/2403 3047/4655/2403 3054/4656/2403 3051/4657/2403
f 763/4658/2404 766/3378/1492 786/3380/1494
f 725/4496/2314 726/4531/2326 789/4494/2312
f 3469/4659/2135 777/4660/2405 784/4661/2406 3484/4662/2407
f 745/4663/2408 738/4664/1756 788/3374/1488
f 3457/4665/2409 3468/4666/2410 775/4667/2410 3461/4668/2411
f 635/4589/2362 634/4669/2412 796/3377/1491
f 3445/4670/2413 770/4671/2414 3439/4672/2297 3436/4673/2415
f 660/4674/2060 661/4552/2342 794/4115/2061
f 762/3541/1639 765/4675/1829 3424/4676/2416 3422/3542/1640
f 3037/4677/2417 681/4678/2418 3534/4679/2419
f 3396/4680/2420 3415/4681/2421 761/4682/2422 3405/4683/2422
f 723/4532/2327 724/4684/2356 789/4494/2312
f 695/4314/2200 692/4167/2099 3524/4685/2101
f 784/4686/2423 777/3758/1817 785/3365/1479
f 744/4687/2424 745/4663/2408 788/3374/1488
f 3388/4688/2425 3389/4689/2426 3374/4690/2427 3372/4691/2428
f 3369/4623/2390 757/4622/2389 746/4600/2370 3348/4599/2369
f 3340/4692/2429 3341/4693/2430 3330/4694/2431 3328/4695/2432
f 3311/4530/1891 738/4529/2325 745/4696/2334 3326/4697/1903
f 3304/4698/2433 3301/4699/2434 3296/4700/2435 3300/4701/2436
f 3287/4702/2437 731/4477/2298 3281/4476/2297 3278/4703/2438
f 3262/4448/2077 724/4447/2278 723/4449/2078 3264/4452/2279
f 755/4651/2402 754/4704/2439 787/3368/1482
f 3253/4705/2440 3256/4706/2441 3244/4707/2442 3242/4708/2443
f 3218/4709/2444 3238/4710/2445 722/4395/1515 3227/4394/1515
f 759/4711/2446 3384/4712/2447 3375/4713/2448 3390/4714/2449
f 3377/4715/2450 3381/4716/2451 3394/4717/2452 3392/4718/2453
f 3378/4719/2454 3391/4720/2455 758/4625/2392 3386/4624/2391
f 634/4669/2412 633/4721/2456 796/3377/1491
f 3385/4722/2457 3373/4723/2457 3376/4724/2457 3383/4725/2457 3382/4726/2457 3379/4727/2457
f 3389/4728/2458 3388/4729/2459 3495/4730/2460
f 3393/4731/2461 3380/4732/2462 3384/4712/2447 759/4711/2446
f 3414/4733/2463 3412/4734/2464 3489/4735/2465
f 681/4678/2418 3034/4736/2466 3534/4679/2419
f 3412/4737/2467 3414/4738/2468 3408/4739/2469 3402/4740/2470
f 3417/4741/2471 3400/4742/2472 3406/4743/2473 760/4744/2473
f 3210/4745/2474 3212/4746/2475 3196/4747/2476 3194/4748/2477
f 3405/4683/2422 761/4682/2422 3411/4749/2478 3401/4750/2479
f 3191/4304/1974 718/4303/2197 707/4282/1954 3170/4281/1953
f 760/4744/2473 3406/4743/2473 3409/4751/2480 3413/4752/2481
f 3399/4753/2482 3397/4754/2482 3404/4755/2482 3403/4756/2482 3410/4757/2482 3407/4758/2482
f 764/4562/2349 765/4590/2363 786/3380/1494
f 764/4759/1826 3426/4760/1827 3424/4761/2416 765/4762/1829
f 3111/4763/2483 693/4313/2199 3524/4764/2101
f 3162/4765/2484 3163/4766/2485 3152/4767/2486 3150/4768/2487
f 766/4769/1831 3430/4770/1832 3428/4771/1833 767/4772/1834
f 3133/4217/2135 699/4216/2134 706/4773/2144 3148/4774/2143
f 3432/4775/1835 769/4776/1836 768/4777/1837 3434/4778/1838
f 3428/4771/1833 3434/4778/1838 768/4777/1837 767/4772/1834
f 3450/4779/2488 772/4780/2489 3446/4781/2490 3435/4782/2491
f 3430/4770/1832 766/4769/1831 763/3540/1638 3420/3539/1637
f 769/4776/1836 3432/4775/1835 3426/4760/1827 764/4759/1826
f 3429/4783/2350 3419/4784/2350 3421/4785/2350 3423/4786/2350 3425/4787/2350 3431/4788/2350 3433/4789/2350 3427/4790/2350
f 3126/4791/2492 3123/4792/2493 3118/4793/2494 3122/4794/2495
f 3110/4795/2496 692/4162/2094 3103/4161/2093 3100/4796/2497
f 3084/4137/2077 685/4136/2076 684/4138/2078 3086/4141/2079
f 3076/4797/2498 3077/4798/2499 3066/4799/2500 3064/4800/2501
f 3031/4801/2502 680/4802/2503 3536/4803/2504
f 2989/4804/2505 2986/4805/2506 3540/4806/2507
f 729/4493/2311 730/4495/2313 789/4494/2312
f 611/3561/1652 612/3497/1600 798/3389/1503
f 3035/4807/2508 3038/4808/2509 3533/4809/2510
f 3040/4810/2511 3060/4811/2512 683/4069/1515 3049/4068/1515
f 3442/4812/2513 3448/4813/2514 772/4780/2489 3450/4779/2488
f 762/4591/2364 763/4814/2404 786/3380/1494
f 773/4815/2515 3452/4816/2516 3439/4672/2297 770/4671/2414
f 3449/4817/2517 3437/4818/2517 3438/4819/2517 3451/4820/2517 3444/4821/2517 3440/4822/2517
f 3441/4823/2518 3443/4824/2300 771/4825/2519 3447/4826/2520
f 770/4324/2208 3445/4827/2521 3488/4828/1925
f 771/4825/2519 3443/4824/2300 3452/4816/2516 773/4815/2515
f 613/3498/1601 608/3387/1501 798/3389/1503
f 3032/4829/2522 3033/4830/2523 3018/4831/2524 3016/4832/2525
f 3013/3985/1974 679/3984/1973 668/3963/1954 2992/3962/1953
f 3456/4833/1873 3453/4834/1873 3463/4835/1873 3465/4836/1873 3467/4837/1873
f 2984/4838/2526 2985/4839/2527 2974/4840/2528 2972/4841/2529
f 680/4802/2503 3036/4842/2530 3536/4843/2504
f 2955/3891/1891 660/3890/1890 667/4844/1904 2970/4845/1903
f 2950/3855/1634 657/3854/1634 659/3858/1636 2952/3857/1636
f 2948/4846/2531 2945/4847/2532 2940/4848/2533 2944/4849/2534
f 783/3364/1478 784/4686/2423 785/3365/1479
f 3459/4850/2535 3462/4851/2535 3485/4852/2535
f 3460/4853/2536 774/3906/1905 3464/3905/1905 3455/4854/2537
f 3466/3908/1906 776/3907/1906 775/4667/2410 3468/4666/2410
f 2932/4855/2538 653/3826/1855 2925/3825/1854 2922/4856/2539
f 2906/3790/1637 646/3789/1638 645/3791/1639 2908/3794/1640
f 609/3388/1502 606/3411/1524 798/3389/1503
f 777/4660/2405 3469/4659/2135 3472/4857/2540 778/4858/2541
f 754/4704/2439 753/3366/1480 787/3368/1482
f 2898/4859/2542 2899/4860/2543 2888/4861/2544 2886/4862/2443
f 3476/4863/2120 3478/4864/2121 781/4865/2122 780/4866/2545
f 2862/4867/2546 2882/4868/2547 644/3734/1794 2871/3733/1794
f 3480/4869/2548 3482/4870/2125 783/4871/2549 782/4872/2550
f 2987/4873/2551 2990/4874/2552 3539/4875/2553
f 775/3924/1915 776/4025/2000 3486/4876/1916
f 3471/4877/1841 3470/4878/1841 3483/4879/1841 3481/4880/1841 3479/4881/1841 3477/4882/1841 3475/4883/1841 3473/4884/1841
f 2854/4885/2554 2855/4886/2555 2840/4887/2556 2838/4888/2557
f 2835/3664/1736 640/3663/1735 629/3642/1716 2814/3641/1715
f 3472/4857/2540 3474/4889/2131 779/4890/2558 778/4858/2541
f 743/3373/1487 744/4687/2424 788/3374/1488
f 2806/4891/2559 2807/4892/2430 2796/4893/2431 2794/4894/2432
f 2777/3571/1659 621/3570/1658 628/4895/1671 2792/4896/1670
f 779/4890/2558 3474/4889/2131 3476/4863/2120 780/4866/2545
f 2892/4897/2560 2887/4898/2560 2890/4899/2560 2896/4900/2560
f 2770/4901/2531 2767/4902/2532 2762/4903/2561 2766/4904/2534
f 781/4865/2122 3478/4864/2121 3480/4869/2548 782/4872/2550
f 3109/4905/2562 694/4906/2563 3523/4907/2564
f 2947/4908/2081 658/4909/2565 3542/4910/1625
f 2754/4911/2566 614/3512/1615 2747/3511/1614 2744/4912/2567
f 633/4721/2456 632/3375/1489 796/3377/1491
f 783/4871/2549 3482/4870/2125 3484/4913/2407 784/4914/2406
f 768/4556/2344 769/4561/2348 786/3380/1494
f 2728/3489/1594 607/3488/1593 606/3490/1595 2730/3493/1596
f 659/4915/1830 657/3520/1623 3542/4916/1625
f 2720/4917/2568 2721/4918/2569 2710/4919/2570 2708/4920/2571
f 2684/4921/2572 2704/4922/2573 605/3439/1550 2693/3438/1550
f 2671/4923/1531 2675/4924/1530 2658/4925/2574 2656/4926/2575
f 2653/3354/1473 601/3353/1472 590/3332/1453 2632/3331/1452
f 658/4909/2565 659/4915/1830 3542/4927/1625
f 2985/4928/2576 2984/4929/2577 3537/4930/2578
f 2883/4931/2579 643/3381/1495 3551/3383/1497
f 3120/4932/2580 3117/4933/2580 3127/4934/2580 3129/4935/2580 3131/4936/2580
f 727/4579/2357 728/4492/2310 789/4494/2312
f 607/4937/1525 610/3560/1651 798/3389/1503
f 694/4906/2563 3112/4938/2581 3523/4907/2564
f 2624/4939/2582 2625/4940/2583 2614/4941/2584 2612/4942/2585
f 2991/4943/2234 2994/4944/2234 2996/4945/2234 2998/4946/2234 3000/4947/2234 3002/4948/2234 3004/4949/2234 3006/4950/2234 3008/4951/2234 3010/4952/2234 3012/4953/2234 3014/4954/2234
f 707/4955/2083 718/3384/1498 790/3386/1500
f 801/4/4 802/4956/879 803/4957/2586
f 804/1630/878 805/4958/14 806/4959/2587
f 807/1/1 808/4960/2588 809/4961/5
f 810/13/13 811/4962/6 812/4963/2589
f 845/89/81 846/4964/871 847/4965/2590
f 848/1614/870 849/4966/91 850/4967/2591
f 851/90/82 852/4968/86 853/4969/2592
f 854/108/99 855/4970/83 856/4971/2593
f 861/104/95 862/4972/80 863/105/96
f 864/1205/92 865/4973/94 866/102/93
f 867/1245/87 868/4974/85 869/1238/694
f 870/1240/84 871/4975/98 872/1174/674
f 873/119/110 874/4976/838 875/4977/2594
f 876/120/111 877/4978/2595 878/4979/119
f 879/126/115 880/4980/109 881/4981/2596
f 886/117/108 887/4982/116 888/4983/2597
f 897/141/128 898/4984/869 899/4985/2598
f 900/1608/868 901/4986/138 902/4987/2599
f 903/138/125 904/4988/2600 905/4989/121
f 906/150/137 907/4990/122 908/4991/2601
f 933/193/173 934/4992/865 935/4993/2602
f 938/172/2603 939/4994/178 940/4995/167
f 951/1322/2604 952/4996/849 953/4997/197
f 954/1321/2605 955/4998/188 956/4999/657
f 983/304/254 984/5000/766 985/5001/2606
f 986/1582/864 987/5002/271 988/5003/2607
f 989/301/251 990/5004/2608 991/5005/257
f 992/320/270 993/5006/258 994/5007/2609
f 1027/387/310 1028/5008/863 1029/5009/2610
f 1030/1576/862 1031/5010/318 1032/5011/2611
f 1033/388/311 1034/5012/315 1035/5013/2612
f 1036/403/324 1037/5014/312 1038/5015/2613
f 1051/414/110 1052/5016/855 1053/5017/2614
f 1054/415/111 1055/5018/2595 1056/5019/330
f 1057/421/329 1058/5020/109 1059/5021/2596
f 1064/412/108 1065/5022/116 1066/5023/2597
f 1075/436/339 1076/5024/854 1077/5025/2590
f 1078/1550/853 1079/5026/350 1080/5027/2615
f 1081/433/336 1082/5028/2616 1083/5029/332
f 1084/447/349 1085/5030/333 1086/5031/2617
f 1111/507/379 1112/5032/851 1113/5033/2618
f 1116/473/2619 1117/5034/384 1118/5035/373
f 1129/482/2620 1130/5036/849 1131/5037/197
f 1132/481/2621 1133/5038/188 1134/5039/657
f 1161/628/445 1162/5040/847 1163/5041/2622
f 1164/1529/846 1165/5042/461 1166/5043/2623
f 1167/625/443 1168/5044/2624 1169/5045/449
f 1170/643/460 1171/5046/450 1172/5047/2625
f 1205/722/492 1206/5048/843 1207/5049/2626
f 1208/1520/842 1209/5050/499 1210/5051/2627
f 1211/723/493 1212/5052/497 1213/5053/2628
f 1214/738/505 1215/5054/494 1216/5055/2629
f 1229/749/110 1230/5056/838 1231/5057/2594
f 1232/750/111 1233/5058/2630 1234/5059/330
f 1235/756/115 1236/5060/109 1237/5061/2596
f 1242/747/108 1243/5062/116 1244/5063/2597
f 1253/782/511 1254/5064/777 1255/5065/2590
f 1256/1488/828 1257/5066/517 1258/5067/2631
f 1259/779/336 1260/5068/2632 1261/5069/508
f 1262/795/516 1263/5070/509 1264/5071/2633
f 1289/843/525 1290/5072/751 1291/5073/2602
f 1294/820/2603 1295/5074/526 1296/5075/167
f 1307/1622/2634 1308/5076/824 1309/5077/539
f 1310/1621/2635 1311/5078/527 1312/5079/825
f 1339/936/560 1340/5080/821 1341/5081/2636
f 1342/1456/820 1343/5082/580 1344/5083/2637
f 1345/933/557 1346/5084/2638 1347/5085/565
f 1348/960/579 1349/5086/566 1350/5087/2639
f 1383/1039/612 1384/5088/812 1385/5089/2640
f 1386/1436/811 1387/5090/620 1388/5091/2641
f 1389/1040/613 1390/5092/617 1391/5093/2642
f 1392/1066/626 1393/5094/614 1394/5095/2643
f 1407/1075/635 1408/5096/778 1409/5097/2644
f 1410/1076/636 1411/5098/2645 1412/5099/644
f 1413/1082/640 1414/5100/634 1415/5101/2646
f 1420/1073/633 1421/5102/641 1422/5103/2647
f 1431/1097/339 1432/5104/777 1433/5105/2590
f 1434/1395/776 1435/5106/517 1436/5107/2615
f 1437/1094/336 1438/5108/2632 1439/5109/508
f 1440/1109/516 1441/5110/509 1442/5111/2633
f 1467/1158/665 1468/5112/772 1469/5113/2648
f 1472/1131/2649 1473/5114/668 1474/5115/660
f 1485/1028/2650 1486/5116/769 1487/5117/678
f 1488/1027/2651 1489/5118/672 1490/5119/770
f 1517/1259/254 1518/5120/766 1519/5121/2606
f 1520/1382/765 1521/5122/271 1522/5123/2607
f 1523/1256/701 1524/5124/2608 1525/5125/257
f 1526/1278/270 1527/5126/706 1528/5127/2609
f 1561/1311/739 1562/5128/762 1563/5129/2652
f 1564/1378/761 1565/5130/782 1566/5131/2653
f 1567/1403/784 1568/5132/788 1569/5133/2654
f 1570/1420/796 1571/5134/785 1572/5135/2655
f 1585/602/423 1586/5136/755 1587/5137/2656
f 1588/603/424 1589/5138/2657 1590/5139/806
f 1591/1439/814 1592/5140/804 1593/5141/2658
f 1598/1428/803 1599/5142/815 1600/5143/2659
f 1625/1471/525 1626/5144/751 1627/5145/2602
f 1630/1511/2603 1631/5146/178 1632/5147/167
f 1643/1523/2620 1644/5148/656 1645/5149/197
f 1646/1522/2605 1647/5150/188 1648/5151/657
f 1679/1423/799 1680/5152/268 1681/5153/247 1682/5154/224
f 1683/696/480 1684/5155/433 1685/5156/794 1686/5157/474
f 1687/1271/709 1688/5158/308 1689/5159/471 1690/5160/489
f 1695/271/235 1696/5161/243 1697/5162/514 1698/5163/239
f 1699/1069/629 1700/5164/470 1701/5165/442 1702/5166/420
f 1703/1064/624 1704/5167/574 1705/5168/584 1706/5169/552
f 1707/1023/608 1708/5170/571 1709/5171/601 1710/5172/564
f 1715/718/490 1716/5173/235 1717/5174/243 1718/5175/514
f 1719/741/506 1720/5176/73 1721/5177/49 1722/5178/61
f 1723/1498/837 1724/5179/754 1725/5180/503 1726/5181/831
f 1727/1619/874 1728/5182/455 1729/5183/859 1730/5184/834
f 1735/1244/698 1736/5185/342 1737/5186/693 1738/5187/685
f 1739/80/73 1740/5188/49 1741/5189/61 1742/5190/102
f 1743/401/322 1744/5191/300 1745/5192/304 1746/5193/275
f 1747/370/297 1748/5194/354 1749/5195/263 1750/5196/308
f 1755/144/131 1756/5197/398 1757/5198/393 1758/5199/414
f 1759/905/544 1760/5200/532 1761/5201/102 1762/5202/73
f 1763/1230/689 1764/5203/744 1765/5204/11 1766/5205/704
f 1767/1680/915 1768/5206/973 1769/1681/916
f 1770/1762/964 1771/5207/914 1772/1678/913
f 1773/1688/919 1774/5208/952 1775/1689/920
f 1776/1741/953 1777/5209/967 1778/1742/954
f 1783/1738/950 1784/5210/926 1785/5211/925
f 1790/1698/2660 1791/5212/2661 1792/5213/2662
f 1795/1759/2663 1796/5214/2664 1797/5215/2665
f 1800/1743/2666 1801/5216/2667 1802/5217/2668
f 1803/1692/923 1804/5218/2669 1805/1693/924
f 1806/1746/2670 1807/5219/2671 1808/5220/2672
f 1837/1782/975 1838/5221/2673 1839/1784/977
f 1840/1814/2674 1841/5222/2675 1842/5223/2676
f 1843/1813/2677 1844/5224/2678 1845/5225/2679
f 1846/1827/2680 1847/5226/2681 1848/5227/2682
f 1849/1822/2683 1850/5228/2684 1851/5229/2685
f 1860/1838/2686 1861/5230/2687 1862/5231/2688
f 1863/1837/2689 1864/5232/2690 1865/5233/2691
f 1870/1892/1020 1871/5234/1012 1872/1859/1011
f 1873/1861/1013 1874/5235/994 1875/1841/993
f 1876/1854/1006 1877/5236/1019 1878/1855/1007
f 1883/1896/1024 1884/5237/1017 1885/1888/1016
f 1886/1848/1000 1887/5238/1023 1888/1849/1001
f 1889/1810/1018 1890/5239/1021 1891/5240/1015 1892/5241/1014
f 1893/1894/1022 1894/5242/999 1895/1846/998
f 1920/1962/1051 1921/5243/973 1922/1963/916
f 1923/2043/964 1924/5244/914 1925/1960/913
f 1926/1970/919 1927/5245/952 1928/1971/920
f 1929/2022/1076 1930/5246/967 1931/2023/1077
f 1942/1978/2692 1943/5247/2693 1944/5248/2694
f 1947/2039/2695 1948/5249/2696 1949/5250/2697
f 1952/2024/2698 1953/5251/2699 1954/5252/2700
f 1957/2027/2701 1958/5253/2702 1959/5254/2703
f 1960/2028/2704 1961/5255/1062 1962/5256/1068 1963/5257/1067 1964/5258/1102
f 1965/1990/1066 1966/5259/2705 1967/2086/1100
f 1990/2063/1091 1991/5260/2706 1992/2065/1093
f 1993/2096/2707 1994/5261/2675 1995/5262/2708
f 1996/2095/2677 1997/5263/2709 1998/5264/2679
f 1999/2109/2710 2000/5265/2711 2001/5266/2682
f 2002/2104/2683 2003/5267/2684 2004/5268/2712
f 2013/2120/2713 2014/5269/2714 2015/5270/2688
f 2016/2119/2689 2017/5271/2715 2018/5272/2716
f 2023/2166/1139 2024/5273/1127 2025/2141/1126
f 2026/2143/1128 2027/5274/1109 2028/2123/1108
f 2029/2136/1121 2030/5275/1138 2031/2137/1122
f 2036/2170/1143 2037/5276/1136 2038/2162/1135
f 2039/2130/1115 2040/5277/1142 2041/2131/1116
f 2042/2092/1137 2043/5278/1140 2044/5279/1134 2045/5280/1133
f 2046/2168/1141 2047/5281/1114 2048/2128/1113
f 2049/2232/1051 2050/5282/973 2051/2233/916
f 2052/2313/964 2053/5283/914 2054/2230/913
f 2055/2240/1158 2056/5284/952 2057/2241/920
f 2058/2292/1176 2059/5285/967 2060/2293/954
f 2071/2248/2717 2072/5286/2718 2073/5287/2719
f 2076/2309/2720 2077/5288/2721 2078/5289/2722
f 2081/2294/2723 2082/5290/2724 2083/5291/2725
f 2086/2297/2726 2087/5292/2727 2088/5293/2728
f 2089/2298/2729 2090/5294/1165 2091/5295/1171 2092/5296/1170 2093/5297/1199
f 2094/2260/1169 2095/5298/2730 2096/2356/1197
f 2119/2333/1189 2120/5299/2731 2121/2335/1191
f 2122/2366/2707 2123/5300/2675 2124/5301/2708
f 2125/2365/2732 2126/5302/2709 2127/5303/2679
f 2128/2379/2680 2129/5304/2711 2130/5305/2682
f 2131/2374/2683 2132/5306/2684 2133/5307/2733
f 2142/2390/2734 2143/5308/2714 2144/5309/2688
f 2145/2389/2689 2146/5310/2715 2147/5311/2691
f 2152/2436/1020 2153/5312/1012 2154/2411/1011
f 2155/2413/1212 2156/5313/1205 2157/2393/1204
f 2158/2406/1006 2159/5314/1019 2160/2407/1210
f 2165/2440/1024 2166/5315/1017 2167/2432/1016
f 2168/2400/1000 2169/5316/1023 2170/2401/1208
f 2171/2362/1018 2172/5317/1021 2173/5318/1015 2174/5319/1014
f 2175/2438/1022 2176/5320/999 2177/2398/998
f 2178/2502/1051 2179/5321/973 2180/2503/916
f 2181/2583/964 2182/5322/914 2183/2500/913
f 2184/2510/919 2185/5323/952 2186/2511/920
f 2187/2562/953 2188/5324/967 2189/2563/954
f 2200/2518/2735 2201/5325/2736 2202/5326/2694
f 2205/2579/2737 2206/5327/2738 2207/5328/2697
f 2210/2564/2739 2211/5329/2740 2212/5330/2700
f 2215/2567/2741 2216/5331/2742 2217/5332/2703
f 2218/2568/2743 2219/5333/1225 2220/5334/1231 2221/5335/1230 2222/5336/1250
f 2223/2530/1229 2224/5337/2744 2225/2626/1248
f 2248/2603/1239 2249/5338/2745 2250/2605/1241
f 2251/2636/2707 2252/5339/2675 2253/5340/2708
f 2254/2635/2732 2255/5341/2709 2256/5342/2679
f 2257/2649/2680 2258/5343/2711 2259/5344/2682
f 2260/2644/2683 2261/5345/2684 2262/5346/2733
f 2271/2660/2734 2272/5347/2687 2273/5348/2688
f 2274/2659/2689 2275/5349/2690 2276/5350/2691
f 2281/2706/1020 2282/5351/1012 2283/2681/1011
f 2284/2683/1256 2285/5352/1205 2286/2663/1204
f 2287/2676/1006 2288/5353/1019 2289/2677/1255
f 2294/2710/1024 2295/5354/1017 2296/2702/1259
f 2297/2670/1000 2298/5355/1023 2299/2671/1208
f 2300/2632/1018 2301/5356/1021 2302/5357/1015 2303/5358/1014
f 2304/2708/1022 2305/5359/999 2306/2668/998
f 2319/2772/915 2320/5360/973 2321/2773/916
f 2322/2856/964 2323/5361/914 2324/2770/913
f 2325/2780/919 2326/5362/952 2327/2781/920
f 2328/2835/1176 2329/5363/967 2330/2836/954
f 2341/2788/2746 2342/5364/2747 2343/5365/2748
f 2346/2851/2749 2347/5366/2750 2348/5367/2751
f 2351/2837/2752 2352/5368/2753 2353/5369/2754
f 2356/2840/2755 2357/5370/2756 2358/5371/2757
f 2387/2872/1319 2388/5372/2758 2389/2874/1321
f 2390/2898/2707 2391/5373/2675 2392/5374/2708
f 2393/2897/2732 2394/5375/2759 2395/5376/2679
f 2396/2911/2680 2397/5377/2711 2398/5378/2682
f 2399/2906/2683 2400/5379/2684 2401/5380/2733
f 2410/2922/2713 2411/5381/2714 2412/5382/2688
f 2413/2921/2760 2414/5383/2715 2415/5384/2716
f 2424/2978/1020 2425/5385/1012 2426/2945/1011
f 2427/2947/1256 2428/5386/1326 2429/2927/1204
f 2430/2940/1006 2431/5387/1019 2432/2941/1255
f 2437/2982/1334 2438/5388/1017 2439/2974/1016
f 2440/2934/1000 2441/5389/1023 2442/2935/1329
f 2443/2760/1333 2444/5390/1021 2445/5391/1332 2446/5392/1331
f 2447/2980/1022 2448/5393/999 2449/2932/1328
f 2522/3161/2761 2523/5394/1165 2524/5395/1171 2525/5396/1170 2526/5397/1199
f 2527/3176/1364 2528/5398/2730 2529/3207/1368
f 2552/3188/1189 2553/5399/2731 2554/3190/1191
f 2563/3265/1402 2564/5400/1397 2565/3259/1396
f 2570/3233/1384 2571/5401/1394 2572/3234/1385
f 2573/3221/1374 2574/5402/1383 2575/3222/1375
f 2576/3194/1395 2577/5403/1399 2578/5404/1393 2579/5405/1392
f 2580/3263/1400 2581/5406/1373 2582/3219/1372
f 2591/3315/1436 2592/5407/1431 2593/3309/1430
f 2598/3283/1418 2599/5408/1428 2600/3284/1419
f 2601/3271/1408 2602/5409/1417 2603/3272/1409
f 2604/3252/1429 2605/5410/1433 2606/5411/1427 2607/5412/1426
f 2608/3313/1434 2609/5413/1407 2610/3269/1406
f 2611/3319/1440 2612/5414/2585 2613/5415/2762
f 2614/4941/2584 2615/5416/1450 2616/5417/2763
f 2617/3316/1437 2618/5418/2764 2619/5419/1441
f 2620/3328/1449 2621/5420/1442 2622/5421/2765
f 2655/3404/1517 2656/5422/2575 2657/5423/2766
f 2658/4925/2574 2659/5424/1527 2660/5425/2767
f 2661/3405/1518 2662/5426/1522 2663/5427/2768
f 2664/3423/1535 2665/5428/1519 2666/5429/2769
f 2671/3419/1531 2672/5430/1516 2673/3420/1532
f 2674/4520/1528 2675/5431/1530 2676/3417/1529
f 2677/4560/1523 2678/5432/1521 2679/4553/2343
f 2680/4555/1520 2681/5433/1534 2682/4489/2308
f 2683/3434/1546 2684/5434/2572 2685/5435/2770
f 2686/3435/1547 2687/5436/2771 2688/5437/1557
f 2689/3441/1552 2690/5438/1545 2691/5439/2772
f 2696/3432/1544 2697/5440/1554 2698/5441/2773
f 2707/3456/1566 2708/5442/2571 2709/5443/2774
f 2710/4919/2570 2711/5444/1576 2712/5445/2775
f 2713/3453/1563 2714/5446/2776 2715/5447/1559
f 2716/3465/1575 2717/5448/1560 2718/5449/2777
f 2743/3508/1611 2744/5450/2567 2745/5451/2778
f 2748/3487/2779 2749/5452/1616 2750/5453/1605
f 2761/4634/2780 2762/5454/2561 2763/5455/1635
f 2764/4633/2781 2765/5456/1626 2766/5457/2534
f 2793/3619/1693 2794/5458/2432 2795/5459/2782
f 2796/4893/2431 2797/5460/1710 2798/5461/2783
f 2799/3616/1690 2800/5462/2784 2801/5463/1696
f 2802/3635/1709 2803/5464/1697 2804/5465/2785
f 2837/3702/1765 2838/5466/2557 2839/5467/2786
f 2840/4887/2556 2841/5468/1773 2842/5469/2787
f 2843/3703/1766 2844/5470/1770 2845/5471/2788
f 2846/3718/1779 2847/5472/1767 2848/5473/2789
f 2861/3729/1790 2862/5474/2546 2863/5475/2790
f 2864/3730/1791 2865/5476/2791 2866/5477/1801
f 2867/3736/1796 2868/5478/1789 2869/5479/2792
f 2874/3727/1788 2875/5480/1798 2876/5481/2793
f 2885/3751/1810 2886/5482/2443 2887/5483/2766
f 2888/4861/2544 2889/5484/1821 2890/5485/2794
f 2891/3748/1807 2892/5486/2795 2893/5487/1803
f 2894/3762/1820 2895/5488/1804 2896/5489/2796
f 2921/3822/1851 2922/5490/2539 2923/5491/2797
f 2926/3788/2798 2927/5492/1856 2928/5493/1845
f 2939/3797/2780 2940/5494/2533 2941/5495/1635
f 2942/3796/2799 2943/5496/1626 2944/5497/2534
f 2971/3943/1934 2972/5498/2529 2973/5499/2800
f 2974/4840/2528 2975/5500/1950 2976/5501/2801
f 2977/3940/1931 2978/5502/2802 2979/5503/1938
f 2980/3958/1949 2981/5504/1939 2982/5505/2803
f 3015/4037/2008 3016/5506/2525 3017/5507/2804
f 3018/4831/2524 3019/5508/2016 3020/5509/2805
f 3021/4038/2009 3022/5510/2013 3023/5511/2806
f 3024/4053/2022 3025/5512/2010 3026/5513/2807
f 3039/4064/2033 3040/5514/2511 3041/5515/2808
f 3042/4065/2034 3043/5516/2809 3044/5517/2042
f 3045/4071/2038 3046/5518/2032 3047/5519/2810
f 3052/4062/2031 3053/5520/2039 3054/5521/2811
f 3063/4097/2051 3064/5522/2501 3065/5523/2812
f 3066/4799/2500 3067/5524/2057 3068/5525/2813
f 3069/4094/2048 3070/5526/2814 3071/5527/2044
f 3072/4110/2056 3073/5528/2045 3074/5529/2815
f 3099/4158/2090 3100/5530/2497 3101/5531/2816
f 3104/4135/2817 3105/5532/2095 3106/5533/2084
f 3117/4933/2818 3118/5534/2494 3119/5535/2117
f 3120/4932/2819 3121/5536/2102 3122/5537/2495
f 3149/4251/2162 3150/5538/2487 3151/5539/2820
f 3152/4767/2486 3153/5540/2183 3154/5541/2821
f 3155/4248/2159 3156/5542/2822 3157/5543/2167
f 3158/4275/2182 3159/5544/2168 3160/5545/2823
f 3193/4354/2227 3194/5546/2477 3195/5547/2824
f 3196/4747/2476 3197/5548/2235 3198/5549/2825
f 3199/4355/2228 3200/5550/2232 3201/5551/2826
f 3202/4381/2241 3203/5552/2229 3204/5553/2827
f 3217/4390/2250 3218/5554/2444 3219/5555/2828
f 3220/4391/2251 3221/5556/2829 3222/5557/2259
f 3223/4397/2255 3224/5558/2249 3225/5559/2830
f 3230/4388/2248 3231/5560/2256 3232/5561/2831
f 3241/4412/1810 3242/5562/2443 3243/5563/2832
f 3244/4707/2442 3245/5564/2274 3246/5565/2794
f 3247/4409/1807 3248/5566/2833 3249/5567/1803
f 3250/4424/1820 3251/5568/1804 3252/5569/2796
f 3277/4473/2294 3278/5570/2438 3279/5571/2834
f 3282/4446/2835 3283/5572/2299 3284/5573/2288
f 3295/4343/2836 3296/5574/2435 3297/5575/2317
f 3298/4342/2837 3299/5576/2305 3300/5577/2436
f 3327/4574/1693 3328/5578/2432 3329/5579/2782
f 3330/4694/2431 3331/5580/1710 3332/5581/2783
f 3333/4571/2351 3334/5582/2838 3335/5583/1696
f 3336/4593/1709 3337/5584/1697 3338/5585/2839
f 3371/4627/2394 3372/5586/2428 3373/5587/2840
f 3374/4690/2427 3375/5588/2448 3376/5589/2841
f 3377/4715/2450 3378/5590/2454 3379/5591/2842
f 3380/4732/2462 3381/5592/2451 3382/5593/2843
f 3395/3917/1908 3396/5594/2420 3397/5595/2844
f 3398/3918/1909 3399/5596/2845 3400/5597/2472
f 3401/4750/2479 3402/5598/2470 3403/5599/2846
f 3408/4739/2469 3409/5600/2480 3410/5601/2847
f 3435/4782/2491 3436/5602/2415 3437/5603/2848
f 3440/4822/2849 3441/5604/2518 3442/5605/2513
f 3453/4834/2850 3454/5606/2283 3455/5607/2537
f 3456/4833/2851 3457/5608/2409 3458/5609/2284
f 3489/4735/2465 3490/5610/1707 3491/5611/1686 3492/5612/1662
f 3493/4011/1990 3494/5613/1919 3495/5614/2460 3496/5615/1983
f 3497/4586/2360 3498/5616/1763 3499/5617/1750 3500/5618/2003
f 3505/3586/1674 3506/5619/1682 3507/5620/2265 3508/5621/1678
f 3509/4384/2244 3510/5622/1980 3511/5623/1930 3512/5624/1902
f 3513/4379/2239 3514/5625/2176 3515/5626/2187 3516/5627/2151
f 3517/4338/2218 3518/5628/2173 3519/5629/2211 3520/5630/2166
f 3525/4033/2006 3526/5631/1999 3527/5632/2028 3528/5633/2054
f 3529/4056/2025 3530/5634/2269 3531/5635/2225 3532/5636/2206
f 3533/4809/2510 3534/5637/2419 3535/5638/2020 3536/5639/2504
f 3537/4930/2578 3538/5640/1944 3539/5641/2553 3540/5642/2507
f 3545/4559/2347 3546/5643/1813 3547/5644/2341 3548/5645/2332
f 3549/3395/1509 3550/5646/1485 3551/5647/1497 3552/5648/1782
f 3553/3716/1777 3554/5649/1753 3555/5650/1759 3556/5651/1714
f 3557/3685/1750 3558/5652/1825 3559/5653/1702 3560/5654/1763
f 3565/3459/1569 3566/5655/1872 3567/5656/1868 3568/5657/1895
f 3569/4220/2138 3570/5658/2108 3571/5659/1538 3572/5660/2147
f 3573/4545/2337 3574/5661/2399 3575/5662/1447 3576/5663/2355
f 1682/259/224 1603/306/256 1604/1421/797 1679/1423/799
f 807/1/1 801/4/4 803/4957/2586 808/4960/2588
f 802/1631/879 804/1630/878 806/4959/2587 803/5664/2586
f 805/14/14 810/13/13 812/4963/2589 806/5665/2587
f 811/6/6 809/5/5 808/5666/2588 812/5667/2589
f 1450/269/233 1695/271/235 1698/275/239 1449/274/238
f 1697/1100/514 1447/1099/645 1448/273/237 1698/275/239
f 809/5/5 817/8/8 818/2/2 807/1/1
f 814/1628/876 802/1631/879 801/4/4 813/3/3
f 816/15/15 805/14/14 804/5668/878 815/5669/877
f 820/7/7 811/6/6 810/13/13 819/12/12
f 822/16/2852 823/19/2853 824/5670/2854 821/5671/2855
f 1696/280/243 1443/279/242 1444/5672/512 1697/5673/514
f 823/19/2853 825/46/2856 826/5674/2857 824/5675/2854
f 825/46/2856 827/20/2858 828/5676/2858 826/5677/2857
f 827/20/2858 829/23/2859 830/5678/2860 828/5676/2858
f 829/23/2859 831/25/2861 832/5679/2861 830/5680/2860
f 831/25/2861 833/27/2862 834/5681/2862 832/5682/2861
f 833/27/2862 835/29/2863 836/5683/2864 834/5684/2862
f 835/30/2863 837/33/2865 838/5685/2866 836/5686/2864
f 837/33/2865 839/35/2867 840/5687/2868 838/5688/2866
f 839/35/2867 841/37/2869 842/5689/2870 840/5690/2868
f 841/37/2869 843/39/2871 844/5691/2872 842/5692/2870
f 843/39/2871 822/16/2852 821/5693/2855 844/5694/2872
f 1068/78/71 1739/80/73 1742/5695/102 1067/5696/101
f 860/86/2873 845/89/81 847/4965/2590 859/5697/2874
f 846/1615/871 848/1614/870 850/4967/2591 847/5698/2590
f 858/99/2875 854/108/99 856/4971/2593 857/5699/2876
f 855/91/83 851/90/82 853/4969/2592 856/5700/2593
f 852/94/86 860/86/2873 859/5697/2874 853/5701/2592
f 849/100/91 858/99/2875 857/5699/2876 850/5702/2591
f 851/90/82 868/93/85 867/5703/87 852/4968/86
f 861/1612/95 846/1615/871 845/89/81 862/88/80
f 864/101/92 849/100/91 848/5704/870 865/5705/94
f 870/92/84 855/91/83 854/108/99 871/107/98
f 876/120/111 873/119/110 875/4977/2594 877/4978/2595
f 883/123/2877 879/126/115 881/4981/2596 882/5706/2877
f 880/118/109 886/117/108 888/4983/2597 881/5707/2596
f 887/129/116 884/128/2878 885/5708/2878 888/5709/2597
f 882/1146/2877 875/1145/2594 874/5710/838 883/5711/2877
f 884/128/2878 878/132/119 877/5712/2595 885/5708/2878
f 890/115/106 880/118/109 879/126/115 889/125/114
f 892/130/117 887/129/116 886/5713/108 891/5714/107
f 873/119/110 893/122/113 894/1611/839 874/1610/838
f 878/132/119 895/131/118 896/121/112 876/120/111
f 903/138/125 897/141/128 899/4985/2598 904/4988/2600
f 898/1609/869 900/1608/868 902/4987/2599 899/5715/2598
f 901/151/138 906/150/137 908/4991/2601 902/5716/2599
f 907/135/122 905/134/121 904/5717/2600 908/5718/2601
f 905/134/121 913/137/124 914/139/126 903/138/125
f 910/1606/866 898/1609/869 897/141/128 909/140/127
f 912/152/139 901/151/138 900/5719/868 911/5720/867
f 916/136/123 907/135/122 906/150/137 915/149/136
f 927/594/2879 925/601/2880 926/5721/2881 928/5722/2882
f 931/600/2883 929/599/2884 930/5723/2885 932/5724/2886
f 919/596/2887 917/595/2888 918/5725/2889 920/5726/2890
f 923/598/2891 921/597/2892 922/5727/2893 924/5728/2894
f 917/595/2888 927/594/2879 928/5729/2882 918/5730/2889
f 920/178/2890 922/177/2893 921/5731/2892 919/5732/2887
f 924/155/2894 930/163/2885 929/5733/2884 923/5734/2891
f 932/166/2886 926/161/2881 925/5735/2880 931/5736/2883
f 948/190/2895 933/193/173 935/4993/2602 947/5737/2896
f 934/1601/865 937/196/2897 936/5738/2898 935/5739/2602
f 950/195/2899 941/199/2900 942/5740/2901 949/5741/2899
f 941/199/2900 939/198/178 938/5742/2603 942/5743/2901
f 946/188/168 940/187/167 939/198/178 945/201/181
f 933/193/173 943/192/172 944/5744/826 934/4992/865
f 940/187/167 948/190/2895 947/5737/2896 938/5745/2603
f 937/196/2897 950/195/2899 949/5741/2899 936/5746/2898
f 956/1593/657 952/1592/849 951/5747/2604 954/5748/2605
f 952/1592/849 957/1591/655 958/5749/195 953/5750/197
f 960/1590/654 956/1593/657 955/208/188 959/211/190
f 964/222/2902 966/209/2903 965/5751/2903 963/5752/2902
f 953/221/197 962/220/2904 961/5753/2904 951/5754/2604
f 962/220/2904 964/222/2902 963/5755/2902 961/5756/2904
f 966/209/2903 955/208/188 954/5757/2605 965/5758/2903
f 970/251/2905 967/256/2906 968/5759/2907 969/5760/2905
f 972/252/2908 970/251/2905 969/5761/2905 971/5762/2908
f 974/237/2909 972/252/2908 971/5763/2908 973/5764/2909
f 976/238/2910 974/237/2909 973/5765/2909 975/5766/2911
f 978/241/2912 976/238/2910 975/5767/2911 977/5768/2912
f 980/242/2913 978/241/2912 977/5769/2912 979/5770/2913
f 982/267/2914 980/242/2913 979/5771/2913 981/5772/2915
f 967/256/2906 982/1585/2914 981/5773/2915 968/5774/2907
f 989/301/251 983/304/254 985/5001/2606 990/5004/2608
f 984/1583/766 986/1582/864 988/5003/2607 985/5775/2606
f 987/321/271 992/320/270 994/5007/2609 988/5776/2607
f 993/308/258 991/307/257 990/5777/2608 994/5778/2609
f 1741/68/61 1069/67/60 1070/404/100 1742/406/102
f 991/307/257 999/310/260 1000/302/252 989/301/251
f 996/1580/763 984/1583/766 983/304/254 995/303/253
f 998/322/272 987/321/271 986/5779/864 997/5780/764
f 1002/309/259 993/308/258 992/320/270 1001/319/269
f 1004/326/2916 1005/329/2853 1006/5781/2917 1003/5782/2855
f 1005/329/2853 1007/356/2918 1008/5783/2919 1006/5784/2917
f 1007/356/2918 1009/330/2920 1010/5785/2920 1008/5786/2919
f 1009/330/2920 1011/333/2859 1012/5787/2859 1010/5785/2920
f 1011/333/2859 1013/335/2861 1014/5788/2861 1012/5789/2859
f 1013/335/2861 1015/337/2862 1016/5790/2862 1014/5791/2861
f 1015/337/2862 1017/339/2921 1018/5792/2864 1016/5793/2862
f 1017/340/2921 1019/343/2922 1020/5794/2923 1018/5795/2864
f 1446/278/241 1696/280/243 1695/271/235 1445/270/234
f 1019/343/2922 1021/345/2924 1022/5796/2867 1020/5797/2923
f 1021/345/2924 1023/347/2869 1024/5798/2925 1022/5799/2867
f 1023/347/2869 1025/349/2871 1026/5800/2872 1024/5801/2925
f 1025/349/2871 1004/326/2916 1003/5802/2855 1026/5803/2872
f 1042/384/2873 1027/387/310 1029/5009/2610 1041/5804/2873
f 1028/1577/863 1030/1576/862 1032/5011/2611 1029/5805/2610
f 1040/396/2875 1036/403/324 1038/5015/2613 1039/5806/2875
f 1037/389/312 1033/388/311 1035/5013/2612 1038/5807/2613
f 1034/392/315 1042/384/2873 1041/5804/2873 1035/5808/2612
f 1031/397/318 1040/396/2875 1039/5806/2875 1032/5809/2611
f 1033/388/311 1047/391/314 1048/5810/316 1034/5012/315
f 1044/1574/860 1028/1577/863 1027/387/310 1043/386/309
f 1046/398/319 1031/397/318 1030/5811/862 1045/5812/861
f 1050/390/313 1037/389/312 1036/403/324 1049/402/323
f 1054/415/111 1051/414/110 1053/5017/2614 1055/5018/2595
f 1061/418/2877 1057/421/329 1059/5021/2596 1060/5813/2877
f 1058/413/109 1064/412/108 1066/5023/2597 1059/5814/2596
f 1065/424/116 1062/423/2878 1063/5815/2878 1066/5816/2597
f 1060/287/2877 1053/286/2614 1052/5817/855 1061/5818/2877
f 1062/423/2878 1056/427/330 1055/5819/2595 1063/5815/2878
f 1067/410/106 1058/413/109 1057/421/329 1068/420/114
f 1069/425/117 1065/424/116 1064/5820/108 1070/5821/107
f 1051/414/110 1071/417/113 1072/1557/839 1052/1556/855
f 1056/427/330 1073/426/118 1074/416/328 1054/415/111
f 1081/433/336 1075/436/339 1077/5025/2590 1082/5028/2616
f 1076/1551/854 1078/1550/853 1080/5027/2615 1077/5822/2590
f 1079/448/350 1084/447/349 1086/5031/2617 1080/5823/2615
f 1085/430/333 1083/429/332 1082/5824/2616 1086/5825/2617
f 1083/429/332 1091/432/335 1092/434/337 1081/433/336
f 1088/1548/827 1076/1551/854 1075/436/339 1087/435/338
f 1090/449/351 1079/448/350 1078/5826/853 1089/5827/852
f 1094/431/334 1085/430/333 1084/447/349 1093/446/348
f 1680/318/268 1605/359/288 1606/282/245 1681/284/247
f 1105/1248/2926 1103/1255/2927 1104/5828/2927 1106/5829/2928
f 1109/1254/2929 1107/1253/2930 1108/5830/2931 1110/5831/2929
f 1097/1250/2932 1095/1249/2933 1096/5832/2934 1098/5833/2932
f 1101/1252/2935 1099/1251/2936 1100/5834/2937 1102/5835/2938
f 1095/1249/2933 1105/1248/2926 1106/5829/2928 1096/5832/2934
f 1098/479/2932 1100/478/2937 1099/5836/2936 1097/5837/2932
f 1102/454/2938 1108/464/2931 1107/5838/2930 1101/5839/2935
f 1110/467/2929 1104/462/2927 1103/5840/2927 1109/5841/2929
f 1126/504/2939 1111/507/379 1113/5033/2618 1125/5842/2940
f 1112/1545/851 1115/510/2941 1114/5843/2942 1113/5844/2618
f 1128/509/2943 1119/513/2944 1120/5845/2945 1127/5846/2946
f 1119/513/2944 1117/512/384 1116/5847/2619 1120/5848/2945
f 1124/502/374 1118/501/373 1117/512/384 1123/515/387
f 1111/507/379 1121/506/378 1122/5849/850 1112/5032/851
f 1118/501/373 1126/504/2939 1125/5842/2940 1116/5850/2619
f 1115/510/2941 1128/509/2943 1127/5846/2946 1114/5851/2942
f 1134/1538/657 1130/1537/849 1129/5852/2620 1132/5853/2621
f 1130/1537/849 1135/1536/655 1136/5854/395 1131/5855/197
f 1138/1535/654 1134/1538/657 1133/522/188 1137/525/389
f 1142/542/2902 1144/523/2903 1143/5856/2903 1141/5857/2902
f 1131/541/197 1140/540/2904 1139/5858/2904 1129/5859/2620
f 1140/540/2904 1142/542/2902 1141/5860/2902 1139/5861/2904
f 1144/523/2903 1133/522/188 1132/5862/2621 1143/5863/2903
f 1045/399/320 1743/401/322 1746/325/275 1046/365/293
f 1148/571/2905 1145/576/2906 1146/5864/2907 1147/5865/2905
f 1150/572/2908 1148/571/2905 1147/5866/2905 1149/5867/2908
f 1121/407/2947 1733/409/2948 1734/5868/2949 1122/5869/2947
f 1152/558/2909 1150/572/2908 1149/5870/2908 1151/5871/2909
f 1154/559/2910 1152/558/2909 1151/5872/2909 1153/5873/2911
f 1156/562/2912 1154/559/2910 1153/5874/2911 1155/5875/2912
f 1158/563/2913 1156/562/2912 1155/5876/2912 1157/5877/2913
f 1160/588/2914 1158/563/2913 1157/5878/2913 1159/5879/2915
f 1145/576/2906 1160/1534/2914 1159/5880/2915 1146/5881/2907
f 1001/368/295 1747/370/297 1750/5196/308 1002/5882/307
f 1167/625/443 1161/628/445 1163/5041/2622 1168/5044/2624
f 1162/1530/847 1164/1529/846 1166/5043/2623 1163/5883/2622
f 1165/644/461 1170/643/460 1172/5047/2625 1166/5884/2623
f 1171/633/450 1169/632/449 1168/5885/2624 1172/5886/2625
f 1755/144/131 914/143/130 913/544/396 1756/546/398
f 1169/632/449 1177/635/452 1178/626/2 1167/625/443
f 1174/1527/844 1162/1530/847 1161/628/445 1173/627/444
f 1176/645/462 1165/644/461 1164/5887/846 1175/5888/845
f 1180/634/451 1171/633/450 1170/643/460 1179/642/459
f 1182/647/2852 1183/650/2853 1184/5889/2854 1181/5890/2855
f 1183/650/2853 1185/677/2856 1186/5891/2857 1184/5892/2854
f 1185/677/2856 1187/651/2858 1188/5893/2858 1186/5894/2857
f 1187/651/2858 1189/654/2859 1190/5895/2860 1188/5893/2858
f 1189/654/2859 1191/656/2861 1192/5896/2861 1190/5897/2860
f 1702/587/420 1425/639/456 1426/1067/627 1699/1069/629
f 1191/656/2861 1193/658/2862 1194/5898/2862 1192/5899/2861
f 1193/658/2862 1195/660/2863 1196/5900/2864 1194/5901/2862
f 1195/661/2863 1197/664/2865 1198/5902/2866 1196/5903/2864
f 1197/664/2865 1199/666/2950 1200/5904/2951 1198/5905/2866
f 1199/666/2950 1201/668/2869 1202/5906/2870 1200/5907/2951
f 1201/668/2869 1203/670/2871 1204/5908/2872 1202/5909/2870
f 1203/670/2871 1182/647/2852 1181/5910/2855 1204/5911/2872
f 1686/698/474 1581/697/481 1582/694/478 1683/696/480
f 1220/719/2874 1205/722/492 1207/5049/2626 1219/5912/2952
f 1206/1521/843 1208/1520/842 1210/5051/2627 1207/5913/2626
f 1218/731/2876 1214/738/505 1216/5055/2629 1217/5914/2876
f 1215/724/494 1211/723/493 1213/5053/2628 1216/5915/2629
f 1212/727/497 1220/719/2874 1219/5912/2952 1213/5916/2628
f 1209/732/499 1218/731/2876 1217/5914/2876 1210/5917/2627
f 1211/723/493 1225/726/496 1226/5918/498 1212/5052/497
f 1222/1518/840 1206/1521/843 1205/722/492 1221/721/491
f 1224/733/500 1209/732/499 1208/5919/842 1223/5920/841
f 1228/725/495 1215/724/494 1214/738/505 1227/737/504
f 1232/750/111 1229/749/110 1231/5057/2594 1233/5058/2630
f 1239/753/2877 1235/756/115 1237/5061/2596 1238/5921/2877
f 1236/748/109 1242/747/108 1244/5063/2597 1237/5922/2596
f 1243/759/116 1240/758/2878 1241/5923/2878 1244/5924/2597
f 1238/1342/2877 1231/1341/2594 1230/5925/838 1239/5926/2877
f 1240/758/2878 1234/762/330 1233/5927/2630 1241/5923/2878
f 1246/745/106 1236/748/109 1235/756/115 1245/755/114
f 1248/760/117 1243/759/116 1242/5928/108 1247/5929/107
f 1229/749/110 1249/752/113 1250/1500/839 1230/1499/838
f 1234/762/330 1251/761/118 1252/751/328 1232/750/111
f 1259/779/336 1253/782/511 1255/5065/2590 1260/5068/2632
f 1254/1489/777 1256/1488/828 1258/5067/2631 1255/5930/2590
f 1257/796/517 1262/795/516 1264/5071/2633 1258/5931/2631
f 1263/776/509 1261/775/508 1260/5932/2632 1264/5933/2633
f 1261/775/508 1269/778/335 1270/780/337 1259/779/336
f 1266/1486/827 1254/1489/777 1253/782/511 1265/781/338
f 1268/797/518 1257/796/517 1256/5934/828 1267/5935/775
f 1272/777/510 1263/776/509 1262/795/516 1271/794/515
f 1687/1271/709 1533/1270/262 1534/702/306 1688/704/308
f 1718/785/514 1270/784/513 1269/716/237 1715/718/490
f 1283/786/2926 1281/793/2927 1282/5936/2927 1284/5937/2928
f 1287/792/2929 1285/791/2930 1286/5938/2931 1288/5939/2929
f 1275/788/2932 1273/787/2933 1274/5940/2934 1276/5941/2932
f 1279/790/2935 1277/789/2936 1278/5942/2937 1280/5943/2938
f 1273/787/2933 1283/786/2926 1284/5937/2928 1274/5940/2934
f 1276/826/2932 1278/825/2937 1277/5944/2936 1275/5945/2932
f 1280/802/2938 1286/811/2931 1285/5946/2930 1279/5947/2935
f 1288/814/2929 1282/809/2927 1281/5948/2927 1287/5949/2929
f 1304/840/2895 1289/843/525 1291/5073/2602 1303/5950/2896
f 1290/1485/751 1293/846/2897 1292/5951/2898 1291/5952/2602
f 1306/845/2899 1297/849/2900 1298/5953/2901 1305/5954/2899
f 1297/849/2900 1295/848/526 1294/5955/2603 1298/5956/2901
f 1302/838/168 1296/837/167 1295/848/526 1301/851/181
f 1289/843/525 1299/842/172 1300/5957/826 1290/5072/751
f 1296/837/167 1304/840/2895 1303/5950/2896 1294/5958/2603
f 1293/846/2897 1306/845/2899 1305/5954/2899 1292/5959/2898
f 1312/1483/825 1308/1482/824 1307/5960/2634 1310/5961/2635
f 1308/1482/824 1313/1481/823 1314/5962/536 1309/5963/539
f 1316/1480/822 1312/1483/825 1311/856/527 1315/859/530
f 1320/873/2953 1322/857/2954 1321/5964/2955 1319/5965/2956
f 1309/872/539 1318/871/2957 1317/5966/2958 1307/5967/2634
f 1318/871/2957 1320/873/2953 1319/5968/2956 1317/5969/2958
f 1322/857/2954 1311/856/527 1310/5970/2635 1321/5971/2955
f 1326/897/2905 1323/902/2907 1324/5972/2906 1325/5973/2905
f 1328/898/2908 1326/897/2905 1325/5974/2905 1327/5975/2908
f 1330/884/2909 1328/898/2908 1327/5976/2908 1329/5977/2909
f 1332/885/2910 1330/884/2909 1329/5978/2909 1331/5979/2911
f 1334/888/2912 1332/885/2910 1331/5980/2911 1333/5981/2912
f 1336/889/2913 1334/888/2912 1333/5982/2912 1335/5983/2913
f 1338/915/2914 1336/889/2913 1335/5984/2913 1337/5985/2915
f 1323/902/2907 1338/1463/2914 1337/5986/2915 1324/5987/2906
f 1762/919/73 894/924/75 893/903/543 1759/905/544
f 1345/933/557 1339/936/560 1341/5081/2636 1346/5084/2638
f 1340/1457/821 1342/1456/820 1344/5083/2637 1341/5988/2636
f 1343/961/580 1348/960/579 1350/5087/2639 1344/5989/2637
f 1349/943/566 1347/942/565 1346/5990/2638 1350/5991/2639
f 1402/1062/622 1703/1064/624 1706/923/552 1401/932/556
f 1347/942/565 1355/945/568 1356/934/558 1345/933/557
f 1352/1454/818 1340/1457/821 1339/936/560 1351/935/559
f 1354/962/581 1343/961/580 1342/5992/820 1353/5993/819
f 1358/944/567 1349/943/566 1348/960/579 1357/959/578
f 1360/966/2959 1361/969/2960 1362/5994/2854 1359/5995/2961
f 1361/969/2960 1363/996/2856 1364/5996/2962 1362/5997/2854
f 1363/996/2856 1365/970/2858 1366/5998/2858 1364/5999/2962
f 1365/970/2858 1367/973/2859 1368/6000/2860 1366/5998/2858
f 1367/973/2859 1369/975/2963 1370/6001/2861 1368/6002/2860
f 1478/1018/2964 1693/1020/2965 1694/6003/2966 1477/6004/2964
f 1707/1023/608 1352/1022/607 1351/946/569 1708/948/571
f 1369/975/2963 1371/977/2862 1372/6005/2862 1370/6006/2861
f 1371/977/2862 1373/979/2863 1374/6007/2864 1372/6008/2862
f 1373/980/2863 1375/983/2967 1376/6009/2968 1374/6010/2864
f 1375/983/2967 1377/985/2950 1378/6011/2951 1376/6012/2968
f 1377/985/2950 1379/987/2869 1380/6013/2870 1378/6014/2951
f 1379/987/2869 1381/989/2871 1382/6015/2969 1380/6016/2870
f 1381/989/2871 1360/966/2959 1359/6017/2961 1382/6018/2969
f 1398/1036/2873 1383/1039/612 1385/5089/2640 1397/6019/2874
f 1384/1437/812 1386/1436/811 1388/5091/2641 1385/6020/2640
f 1396/1059/2875 1392/1066/626 1394/5095/2643 1395/6021/2876
f 1393/1041/614 1389/1040/613 1391/5093/2642 1394/6022/2643
f 1390/1044/617 1398/1036/2873 1397/6019/2874 1391/6023/2642
f 1387/1060/620 1396/1059/2875 1395/6021/2876 1388/6024/2641
f 1722/1006/61 1248/1089/60 1247/739/100 1719/741/506
f 1389/1040/613 1403/1043/616 1404/6025/618 1390/5092/617
f 1400/1434/809 1384/1437/812 1383/1039/612 1399/1038/611
f 1401/1061/621 1387/1060/620 1386/6026/811 1402/6027/810
f 1406/1042/615 1393/1041/614 1392/1066/626 1405/1065/625
f 1410/1076/636 1407/1075/635 1409/5097/2644 1411/5098/2645
f 1417/1079/2970 1413/1082/640 1415/5101/2646 1416/6028/2971
f 1414/1074/634 1420/1073/633 1422/5103/2647 1415/6029/2646
f 1421/1085/641 1418/1084/2972 1419/6030/2973 1422/6031/2647
f 1416/909/2971 1409/908/2644 1408/6032/778 1417/6033/2970
f 1418/1084/2972 1412/1088/644 1411/6034/2645 1419/6030/2973
f 1424/1071/631 1414/1074/634 1413/1082/640 1423/1081/639
f 1425/1086/642 1421/1085/641 1420/6035/633 1426/6036/632
f 1407/1075/635 1427/1078/638 1428/1398/779 1408/1397/778
f 1412/1088/644 1429/1087/643 1430/1077/637 1410/1076/636
f 1437/1094/336 1431/1097/339 1433/5105/2590 1438/5108/2632
f 1432/1396/777 1434/1395/776 1436/5107/2615 1433/6037/2590
f 1435/1110/517 1440/1109/516 1442/5111/2633 1436/6038/2615
f 1441/1091/509 1439/1090/508 1438/6039/2632 1442/6040/2633
f 1439/1090/508 1448/1093/335 1447/1095/337 1437/1094/336
f 1443/1393/774 1432/1396/777 1431/1097/339 1444/1096/338
f 1445/1111/518 1435/1110/517 1434/6041/776 1446/6042/775
f 1449/1092/510 1441/1091/509 1440/1109/516 1450/1108/515
f 1636/1105/2974 1677/1107/2975 1678/6043/2976 1635/6044/2974
f 1461/293/2926 1459/300/2927 1460/6045/2927 1462/6046/2928
f 1465/299/2929 1463/298/2930 1464/6047/2931 1466/6048/2929
f 1453/295/2977 1451/294/2933 1452/6049/2934 1454/6050/2978
f 1457/297/2935 1455/296/2979 1456/6051/2937 1458/6052/2938
f 1451/294/2933 1461/293/2926 1462/6046/2928 1452/6049/2934
f 1454/1137/2978 1456/1136/2937 1455/6053/2979 1453/6054/2977
f 1458/1114/2938 1464/1122/2931 1463/6055/2930 1457/6056/2935
f 1466/1125/2929 1460/1120/2927 1459/6057/2927 1465/6058/2929
f 1482/1155/2980 1467/1158/665 1469/5113/2648 1481/6059/2981
f 1468/1391/772 1471/1161/2982 1470/6060/2898 1469/6061/2648
f 1484/1160/2899 1475/1164/2900 1476/6062/2901 1483/6063/2899
f 1475/1164/2900 1473/1163/668 1472/6064/2649 1476/6065/2901
f 1480/1153/661 1474/1152/660 1473/1163/668 1479/1166/670
f 1467/1158/665 1478/1157/664 1477/6066/771 1468/5112/772
f 1474/1152/660 1482/1155/2980 1481/6059/2981 1472/6067/2649
f 1471/1161/2982 1484/1160/2899 1483/6063/2899 1470/6068/2898
f 1490/1389/770 1486/1388/769 1485/6069/2650 1488/6070/2651
f 1486/1388/769 1491/1387/768 1492/6071/677 1487/6072/678
f 1494/1386/767 1490/1389/770 1489/1170/672 1493/1173/673
f 1498/521/2902 1500/1171/2903 1499/6073/2903 1497/6074/2902
f 1487/1186/678 1496/518/2983 1495/6075/2983 1485/6076/2650
f 1496/518/2983 1498/521/2902 1497/6077/2902 1495/6078/2983
f 1500/1171/2903 1489/1170/672 1488/6079/2651 1499/6080/2903
f 1089/1242/696 1735/1244/698 1738/1223/685 1090/1222/684
f 1504/1210/2905 1501/1215/2907 1502/6081/2906 1503/6082/2905
f 1506/1211/2908 1504/1210/2905 1503/6083/2905 1505/6084/2908
f 1508/1197/2909 1506/1211/2908 1505/6085/2908 1507/6086/2909
f 1510/1198/2910 1508/1197/2909 1507/6087/2909 1509/6088/2911
f 1512/1201/2912 1510/1198/2910 1509/6089/2911 1511/6090/2912
f 1514/1202/2913 1512/1201/2912 1511/6091/2912 1513/6092/2913
f 1516/1226/2914 1514/1202/2913 1513/6093/2913 1515/6094/2915
f 1501/1215/2907 1516/1385/2914 1515/6095/2915 1502/6096/2906
f 819/1228/687 1763/1230/689 1766/5205/704 820/6097/703
f 1523/1256/701 1517/1259/254 1519/5121/2606 1524/5124/2608
f 1518/1383/766 1520/1382/765 1522/5123/2607 1519/6098/2606
f 1521/1279/271 1526/1278/270 1528/5127/2609 1522/6099/2607
f 1527/1266/706 1525/1265/257 1524/6100/2608 1528/6101/2609
f 1525/1265/257 1534/1268/260 1533/1257/252 1523/1256/701
f 1530/1380/763 1518/1383/766 1517/1259/254 1529/1258/253
f 1532/1280/272 1521/1279/271 1520/6102/765 1531/6103/764
f 1536/1267/707 1527/1266/706 1526/1278/270 1535/1277/269
f 1538/1284/2984 1539/1287/2985 1540/6104/2986 1537/6105/2987
f 1539/1287/2985 1541/1312/2988 1542/6106/2989 1540/6107/2986
f 1541/1312/2988 1543/1288/2990 1544/6108/2990 1542/6109/2989
f 1543/1288/2990 1545/1291/2991 1546/6110/2992 1544/6108/2990
f 1545/1291/2991 1547/1293/2993 1548/6111/2994 1546/6112/2992
f 1547/1293/2993 1549/1295/2995 1550/6113/2995 1548/6114/2994
f 1549/1295/2995 1551/1297/2996 1552/6115/2997 1550/6116/2995
f 1551/1298/2996 1553/1301/2998 1554/6117/2999 1552/6118/2997
f 1553/1301/2998 1555/1303/3000 1556/6119/3001 1554/6120/2999
f 1555/1303/3000 1557/1305/3002 1558/6121/3003 1556/6122/3001
f 1557/1305/3002 1559/1307/3004 1560/6123/3005 1558/6124/3003
f 1559/1307/3004 1538/1284/2984 1537/6125/2987 1560/6126/3005
f 1726/1532/831 1226/1531/848 1225/1496/835 1723/1498/837
f 1576/1308/3006 1561/1311/739 1563/5129/2652 1575/6127/3007
f 1562/1379/762 1564/1378/761 1566/5131/2653 1563/6128/2652
f 1574/1400/3008 1570/1420/796 1572/5135/2655 1573/6129/3008
f 1571/1404/785 1567/1403/784 1569/5133/2654 1572/6130/2655
f 1568/1407/788 1576/1308/3006 1575/6127/3007 1569/6131/2654
f 1565/1401/782 1574/1400/3008 1573/6129/3008 1566/6132/2653
f 1567/1403/784 1582/1406/787 1581/6133/789 1568/5132/788
f 1578/1376/759 1562/1379/762 1561/1311/739 1577/1310/738
f 1580/1402/783 1565/1401/782 1564/6134/761 1579/6135/760
f 1584/1405/786 1571/1404/785 1570/1420/796 1583/1419/795
f 1588/603/424 1585/602/423 1587/5137/2656 1589/5138/2657
f 1595/1371/3009 1591/1439/814 1593/5141/2658 1594/6136/3010
f 1592/1429/804 1598/1428/803 1600/5143/2659 1593/6137/2658
f 1599/1440/815 1596/1432/3011 1597/6138/3012 1600/6139/2659
f 1594/1444/3010 1587/1443/2656 1586/6140/755 1595/6141/3009
f 1596/1432/3011 1590/1431/806 1589/6142/2657 1597/6138/3012
f 1602/1426/801 1592/1429/804 1591/1439/814 1601/1438/813
f 1603/1441/816 1599/1440/815 1598/6143/803 1604/6144/802
f 1585/602/423 1606/605/426 1605/1369/756 1586/1368/755
f 1590/1431/806 1607/1430/805 1608/604/425 1588/603/424
f 1619/1472/2926 1617/1479/3013 1618/6145/2927 1620/6146/2928
f 1623/1478/3014 1621/1477/2930 1622/6147/2931 1624/6148/2929
f 1611/1474/2932 1609/1473/2933 1610/6149/2934 1612/6150/2978
f 1615/1476/2935 1613/1475/2979 1614/6151/2937 1616/6152/2938
f 1609/1473/2933 1619/1472/2926 1620/6146/2928 1610/6149/2934
f 1612/227/2978 1614/1364/2937 1613/6153/2979 1611/6154/2932
f 1616/1449/2938 1622/1464/2931 1621/6155/2930 1615/6156/2935
f 1624/1467/2929 1618/1460/2927 1617/6157/3013 1623/6158/3014
f 1640/1468/2895 1625/1471/525 1627/5145/2602 1639/6159/2896
f 1626/1361/751 1629/1360/2897 1628/6160/2898 1627/6161/2602
f 1642/1505/2899 1633/1513/2900 1634/6162/2901 1641/6163/2899
f 1633/1513/2900 1631/1512/178 1630/6164/2603 1634/6165/2901
f 1638/1502/168 1632/1501/167 1631/1512/178 1637/1515/181
f 1625/1471/525 1636/1470/172 1635/6166/750 1626/5144/751
f 1632/1501/167 1640/1468/2895 1639/6159/2896 1630/6167/2603
f 1629/1360/2897 1642/1505/2899 1641/6163/2899 1628/6168/2898
f 1648/1143/657 1644/1142/656 1643/6169/2620 1646/6170/2605
f 1175/1617/872 1727/1619/874 1730/1495/834 1176/1494/833
f 1644/1142/656 1649/1141/655 1650/6171/395 1645/6172/197
f 1652/1140/654 1648/1143/657 1647/1353/188 1651/1356/389
f 1656/593/2902 1658/1354/2903 1657/6173/2903 1655/6174/2902
f 1645/1543/197 1654/590/2904 1653/6175/2904 1643/6176/2620
f 1654/590/2904 1656/593/2902 1655/6177/2902 1653/6178/2904
f 1658/1354/2903 1647/1353/188 1646/6179/2605 1657/6180/2903
f 1299/1594/2974 1713/1596/3015 1714/6181/2976 1300/6182/2974
f 1662/1546/2905 1659/1347/2906 1660/6183/2906 1661/6184/2905
f 1664/1578/2908 1662/1546/2905 1661/6185/2905 1663/6186/2908
f 1666/1552/2909 1664/1578/2908 1663/6187/2908 1665/6188/2909
f 1668/1553/2910 1666/1552/2909 1665/6189/2909 1667/6190/2911
f 1670/1558/2912 1668/1553/2910 1667/6191/2911 1669/6192/2912
f 1672/1559/2913 1670/1558/2912 1669/6193/2912 1671/6194/2913
f 1674/1602/2914 1672/1559/2913 1671/6195/2913 1673/6196/2915
f 1659/1347/2906 1674/1350/2914 1673/6197/2915 1660/6198/2906
f 1071/54/47 1740/56/49 1739/80/73 1072/82/75
f 1713/1596/3015 1302/1627/3016 1301/1452/3016 1714/1453/2976
f 1740/56/49 1074/55/48 1073/1620/531 1741/68/61
f 1223/734/501 1725/736/503 1724/1425/754 1224/1424/800
f 1135/535/3017 1731/537/3018 1732/6199/3019 1136/6200/3017
f 1731/537/3018 1138/536/3020 1137/1597/3020 1732/1599/3019
f 1093/1221/683 1738/1223/685 1737/1236/693 1094/1235/692
f 1765/11/11 818/10/10 817/1260/702 1766/1262/704
f 1221/1490/829 1726/1492/831 1725/6201/503 1222/6202/502
f 943/1281/2974 1753/1283/3015 1754/6203/3021 944/6204/2974
f 815/1314/742 1764/1316/744 1763/1230/689 816/1229/688
f 1736/439/342 1092/438/341 1091/1234/691 1737/1236/693
f 1315/956/575 1711/958/577 1712/868/535 1316/867/534
f 1753/1283/3015 946/1338/3016 945/1218/3016 1754/1219/3021
f 1711/1225/577 1314/1224/3022 1313/6205/3022 1712/6206/535
f 1179/1493/832 1730/1495/834 1729/6207/859 1180/6208/858
f 1728/638/455 1178/637/454 1177/1562/857 1729/1564/859
f 1405/921/550 1706/923/552 1705/965/584 1406/964/583
f 1357/939/562 1710/941/564 1709/6209/601 1358/6210/600
f 1727/1619/874 1174/1618/873 1173/636/453 1728/638/455
f 1735/1244/698 1088/1243/697 1087/6211/340 1736/5185/342
f 1677/1107/2975 1638/1151/3016 1637/1016/3016 1678/1017/2976
f 1764/1316/744 814/1315/743 813/9/9 1765/11/11
f 1752/1015/3023 958/1014/3024 957/6212/3024 1751/6213/3025
f 1227/1365/752 1724/1367/754 1723/1498/837 1228/1497/836
f 1399/949/572 1704/951/574 1703/6214/624 1400/6215/623
f 1708/948/571 1356/947/570 1355/1011/599 1709/1013/601
f 959/832/3026 1752/834/3023 1751/217/3025 960/216/3026
f 1251/1004/531 1722/1006/61 1721/1035/49 1252/1034/48
f 1353/1021/606 1707/1023/608 1710/941/564 1354/940/563
f 1693/1020/2965 1480/1070/3027 1479/937/3027 1694/938/2966
f 1676/865/3023 1650/864/3024 1649/6216/3024 1675/6217/3018
f 1651/608/3020 1676/610/3023 1675/1541/3018 1652/1540/3020
f 895/860/531 1760/862/532 1759/905/544 896/904/48
f 889/917/548 1762/919/73 1761/6218/102 890/6219/101
f 1760/862/532 892/913/547 891/109/100 1761/111/102
f 1704/951/574 1404/1003/597 1403/963/582 1705/965/584
f 1720/1104/73 1250/1112/75 1249/1033/543 1721/1035/49
f 1493/555/3028 1691/557/3029 1692/1184/3030 1494/1183/3028
f 1691/806/3029 1492/805/3031 1491/6220/3031 1692/6221/3030
f 1535/682/295 1689/684/471 1688/6222/308 1536/6223/307
f 1717/744/243 1266/743/242 1265/6224/512 1718/6225/514
f 1690/715/489 1530/714/488 1529/1269/708 1687/1271/709
f 1531/713/487 1690/715/489 1689/684/471 1532/683/296
f 1245/1102/71 1720/1104/73 1719/6226/506 1246/6227/101
f 1271/707/233 1716/709/235 1715/718/490 1272/717/238
f 1583/611/431 1684/613/433 1683/696/480 1584/695/479
f 1267/742/241 1717/744/243 1716/709/235 1268/708/234
f 1423/679/468 1700/681/470 1699/6228/629 1424/6229/628
f 1579/1416/792 1685/1418/794 1684/613/433 1580/640/457
f 1429/585/418 1702/587/420 1701/624/442 1430/623/441
f 911/578/412 1758/580/414 1757/530/393 912/529/392
f 1749/313/263 1000/312/262 999/381/306 1750/383/308
f 1733/499/2948 1124/498/3032 1123/366/3032 1734/367/2949
f 915/528/391 1757/530/393 1756/546/398 916/545/397
f 1700/681/470 1428/690/475 1427/622/440 1701/624/442
f 1577/686/472 1686/688/474 1685/6230/794 1578/6231/793
f 1758/580/414 910/579/413 909/6232/129 1755/6233/131
f 1049/323/273 1746/325/275 1745/379/304 1050/378/303
f 1744/373/300 1048/380/305 1047/377/302 1745/379/304
f 1043/371/298 1744/373/300 1743/6234/322 1044/6235/321
f 1748/452/354 996/451/353 995/311/261 1749/313/263
f 997/450/352 1748/452/354 1747/370/297 998/369/296
f 1607/257/3033 1682/259/224 1681/284/247 1608/283/3033
f 1601/316/266 1680/318/268 1679/6236/799 1602/6237/798
f 1789/1736/3034 1779/1739/3035 1780/6238/3036 1788/6239/3037
f 1806/1746/2670 1796/1745/2664 1795/6240/2663 1807/5219/2671
f 1790/1698/2660 1801/1697/2667 1800/1743/2666 1791/1744/2661
f 1801/1697/2667 1786/1700/3038 1787/6241/3039 1802/6242/2668
f 1788/1777/3037 1792/1776/2662 1791/6243/2661 1789/6244/3034
f 1807/1760/2671 1804/1753/2669 1803/6245/923 1808/6246/2672
f 1786/1700/3038 1806/1746/2670 1808/5220/2672 1787/6247/3039
f 1824/1791/3040 1817/1779/3041 1818/6248/3042 1823/6249/3043
f 1767/1730/915 1774/1733/952 1773/1317/919 1768/1320/973
f 1820/1707/3044 1809/1706/3045 1810/6250/3045 1819/6251/3046
f 1834/1749/3047 1827/1748/3048 1828/6252/3049 1833/6253/3050
f 1799/1737/3051 1800/1743/2666 1802/5217/2668 1798/6254/3052
f 1816/1709/3053 1821/1798/3054 1822/6255/3054 1815/6256/3055
f 1783/1738/950 1799/1737/3051 1798/6257/3052 1784/5210/926
f 1837/1782/975 1829/1781/3056 1830/6258/3057 1838/6259/2673
f 1796/1745/2664 1781/1699/3058 1782/6260/3058 1797/6261/2665
f 1811/1805/3059 1813/1710/3060 1814/6262/3061 1812/6263/3062
f 1794/1754/3063 1795/1759/2663 1797/5215/2665 1793/6264/3064
f 1779/1739/3035 1794/1754/3063 1793/6265/3064 1780/6266/3036
f 1826/1756/3065 1831/1755/3066 1832/6267/3067 1825/6268/3068
f 1781/1699/3058 1790/1698/2660 1792/5213/2662 1782/6269/3058
f 1776/1732/953 1771/1731/914 1770/6270/964 1777/6271/967
f 1833/1795/3050 1836/1834/3069 1835/6272/3069 1834/6273/3047
f 1821/1792/3054 1824/1791/3040 1823/6249/3043 1822/6255/3054
f 1817/1779/3041 1820/1707/3044 1819/6274/3046 1818/6248/3042
f 1829/1797/3056 1832/1800/3067 1831/6275/3066 1830/6276/3057
f 1813/1710/3060 1816/1709/3053 1815/6256/3055 1814/6262/3061
f 1809/1806/3045 1811/1805/3059 1812/6263/3062 1810/6250/3045
f 1825/1799/3068 1828/1796/3049 1827/6277/3048 1826/6278/3065
f 1869/1790/3070 1846/1827/2680 1848/5227/2682 1868/6279/3071
f 1842/1787/2676 1869/1790/3070 1868/6279/3071 1840/6280/2674
f 1843/1813/2677 1866/1816/3072 1867/6281/3073 1844/5224/2678
f 1862/1788/2688 1842/1787/2676 1841/1839/2675 1860/1838/2686
f 1863/1837/2689 1845/1840/2679 1844/1825/2678 1864/1824/2690
f 1851/1828/2685 1858/1831/3074 1859/1823/3075 1849/1822/2683
f 1847/1829/2681 1851/1828/2685 1850/6282/2684 1848/6283/2682
f 1849/1822/2683 1867/1821/3073 1866/6284/3072 1850/5228/2684
f 1857/1820/3076 1859/1823/3075 1858/6285/3074 1856/6286/3077
f 1855/1789/3078 1862/1788/2688 1861/6287/2687 1854/6288/3079
f 1853/1826/3080 1855/1789/3078 1854/6288/3079 1852/6289/3081
f 1856/1801/3077 1865/1804/2691 1864/6290/2690 1857/6291/3076
f 1845/1840/2679 1841/1839/2675 1840/6292/2674 1843/6293/2677
f 1846/1827/2680 1853/1826/3080 1852/6289/3081 1847/5226/2681
f 1860/1838/2686 1863/1837/2689 1865/5233/2691 1861/5230/2687
f 1880/1853/1005 1882/1857/1009 1881/1844/996 1879/1843/995
f 1876/1870/1006 1890/1873/1021 1889/1810/1018 1877/1809/1019
f 1883/1862/1024 1871/1865/1012 1870/1812/1020 1884/1811/1017
f 1886/1869/1000 1874/1868/994 1873/6294/1013 1887/6295/1023
f 1893/1872/1022 1880/1871/3082 1879/1867/3082 1894/1866/999
f 1897/1897/3083 1898/1900/3084 1899/6296/3085 1896/6297/3086
f 1898/1900/3084 1900/1925/3087 1901/6298/3087 1899/6299/3085
f 1900/1925/3087 1902/1901/3088 1903/6300/3088 1901/6301/3087
f 1902/1901/3088 1904/1904/3089 1905/6302/3089 1903/6303/3088
f 1904/1904/3089 1906/1906/3090 1907/6304/3090 1905/6305/3089
f 1906/1906/3090 1908/1908/3091 1909/6306/3092 1907/6307/3090
f 1908/1908/3091 1910/1910/3093 1911/6308/3094 1909/6309/3092
f 1910/1911/3093 1912/1914/3095 1913/6310/3095 1911/6311/3094
f 1912/1914/3095 1914/1916/3096 1915/6312/3096 1913/6313/3095
f 1914/1916/3096 1916/1918/3097 1917/6314/3097 1915/6315/3096
f 1916/1918/3097 1918/1920/3098 1919/6316/3098 1917/6317/3097
f 1918/1920/3098 1897/1897/3083 1896/6318/3086 1919/6319/3098
f 1956/2032/3099 1936/2019/3100 1937/6320/3101 1955/6321/3102
f 1941/2017/3103 1932/2020/3104 1933/6322/3105 1940/6323/3106
f 1957/2027/2701 1948/2026/2696 1947/6324/2695 1958/5253/2702
f 1942/1978/2692 1953/1977/2699 1952/2024/2698 1943/2025/2693
f 1953/1977/2699 1938/1980/3107 1939/6325/3108 1954/6326/2700
f 1940/2058/3106 1944/2057/2694 1943/6327/2693 1941/6328/3103
f 1958/2040/2702 1956/2032/3099 1955/6329/3102 1959/6330/2703
f 1938/1980/3107 1957/2027/2701 1959/5254/2703 1939/6331/3108
f 1977/2072/3109 1970/2060/3110 1971/6332/3111 1976/6333/3112
f 1920/2011/1051 1927/2014/952 1926/1921/919 1921/1924/973
f 1973/1987/3113 1961/1986/1062 1960/6334/2704 1972/6335/3114
f 1987/2030/3115 1980/2029/3116 1981/6336/3117 1986/6337/3118
f 1951/2018/3119 1952/2024/2698 1954/5252/2700 1950/6338/3120
f 1969/1989/3121 1974/2079/3122 1975/6339/3123 1968/6340/3124
f 1936/2019/3100 1951/2018/3119 1950/6341/3120 1937/6342/3101
f 1990/2063/1091 1982/2062/3125 1983/6343/3126 1991/6344/2706
f 1948/2026/2696 1934/1979/3127 1935/6345/3128 1949/6346/2697
f 1946/2033/3129 1947/2039/2695 1949/5250/2697 1945/6347/3130
f 1932/2020/3104 1946/2033/3129 1945/6348/3130 1933/6349/3105
f 1979/2035/3131 1984/2034/3132 1985/6350/3133 1978/6351/3134
f 1934/1979/3127 1942/1978/2692 1944/5248/2694 1935/6352/3128
f 1929/2013/1076 1924/2012/914 1923/6353/964 1930/6354/967
f 1986/2076/3118 1989/2116/3135 1988/6355/3135 1987/6356/3115
f 1974/2073/3122 1977/2072/3109 1976/6357/3112 1975/6339/3123
f 1970/2060/3110 1973/1987/3113 1972/6358/3114 1971/6332/3111
f 1982/2078/3125 1985/2081/3133 1984/6359/3132 1983/6360/3126
f 1965/1990/1066 1969/1989/3121 1968/6361/3124 1966/6362/2705
f 1978/2080/3134 1981/2077/3117 1980/6363/3116 1979/6364/3131
f 2022/2071/3070 1999/2109/2710 2001/5266/2682 2021/6365/3071
f 1995/2068/2708 2022/2071/3070 2021/6365/3071 1993/6366/2707
f 1996/2095/2677 2019/2098/3072 2020/6367/3073 1997/5263/2709
f 2015/2069/2688 1995/2068/2708 1994/2121/2675 2013/2120/2713
f 2016/2119/2689 1998/2122/2679 1997/2107/2709 2017/2106/2715
f 2004/2110/2712 2011/2113/3074 2012/2105/3075 2002/2104/2683
f 2000/2111/2711 2004/2110/2712 2003/6368/2684 2001/6369/2682
f 2002/2104/2683 2020/2103/3073 2019/6370/3072 2003/5267/2684
f 2010/2102/3136 2012/2105/3075 2011/6371/3074 2009/6372/3077
f 2008/2070/3078 2015/2069/2688 2014/6373/2714 2007/6374/3079
f 2006/2108/3080 2008/2070/3078 2007/6374/3079 2005/6375/3081
f 2009/2082/3077 2018/2085/2716 2017/6376/2715 2010/6377/3136
f 1998/2122/2679 1994/2121/2675 1993/6378/2707 1996/6379/2677
f 1999/2109/2710 2006/2108/3080 2005/6375/3081 2000/5265/2711
f 2013/2120/2713 2016/2119/2689 2018/5272/2716 2014/5269/2714
f 2033/2135/1120 2035/2139/1124 2034/2126/1111 2032/2125/1110
f 2029/2152/1121 2043/2155/1140 2042/2092/1137 2030/2091/1138
f 2036/2144/1143 2024/2147/1127 2023/2094/1139 2037/2093/1136
f 2039/2151/1115 2027/2150/1109 2026/6380/1128 2040/6381/1142
f 2046/2154/1141 2033/2153/3137 2032/2149/3137 2047/2148/1114
f 2085/2302/3138 2065/2289/3139 2066/6382/3140 2084/6383/3141
f 2070/2287/3142 2061/2290/3143 2062/6384/3144 2069/6385/3145
f 2086/2297/2726 2077/2296/2721 2076/6386/2720 2087/5292/2727
f 2071/2248/2717 2082/2247/2724 2081/2294/2723 2072/2295/2718
f 2082/2247/2724 2067/2250/3146 2068/6387/3147 2083/6388/2725
f 2069/2328/3145 2073/2327/2719 2072/6389/2718 2070/6390/3142
f 2087/2310/2727 2085/2302/3138 2084/6391/3141 2088/6392/2728
f 2067/2250/3146 2086/2297/2726 2088/5293/2728 2068/6393/3147
f 2106/2342/3148 2099/2330/3149 2100/6394/3150 2105/6395/3151
f 2049/2281/1051 2056/2284/952 2055/2156/1158 2050/2159/973
f 2102/2257/3152 2090/2256/1165 2089/6396/2729 2101/6397/3153
f 2116/2300/3154 2109/2299/3155 2110/6398/3156 2115/6399/3157
f 2080/2288/3158 2081/2294/2723 2083/5291/2725 2079/6400/3159
f 2098/2259/3160 2103/2349/3161 2104/6401/3162 2097/6402/3163
f 2065/2289/3139 2080/2288/3158 2079/6403/3159 2066/6404/3140
f 2119/2333/1189 2111/2332/3164 2112/6405/3165 2120/6406/2731
f 2077/2296/2721 2063/2249/3166 2064/6407/3167 2078/6408/2722
f 2075/2303/3168 2076/2309/2720 2078/5289/2722 2074/6409/3169
f 2061/2290/3143 2075/2303/3168 2074/6410/3169 2062/6411/3144
f 2108/2305/3170 2113/2304/3171 2114/6412/3172 2107/6413/3173
f 2063/2249/3166 2071/2248/2717 2073/5287/2719 2064/6414/3167
f 2058/2283/1176 2053/2282/914 2052/6415/964 2059/6416/967
f 2115/2346/3157 2118/2386/3174 2117/6417/3174 2116/6418/3154
f 2103/2343/3161 2106/2342/3148 2105/6419/3151 2104/6401/3162
f 2099/2330/3149 2102/2257/3152 2101/6420/3153 2100/6394/3150
f 2111/2348/3164 2114/2351/3172 2113/6421/3171 2112/6422/3165
f 2094/2260/1169 2098/2259/3160 2097/6423/3163 2095/6424/2730
f 2107/2350/3173 2110/2347/3156 2109/6425/3155 2108/6426/3170
f 2151/2341/3070 2128/2379/2680 2130/5305/2682 2150/6427/3071
f 2124/2338/2708 2151/2341/3070 2150/6427/3071 2122/6428/2707
f 2125/2365/2732 2148/2368/3072 2149/6429/3073 2126/5302/2709
f 2144/2339/2688 2124/2338/2708 2123/2391/2675 2142/2390/2734
f 2145/2389/2689 2127/2392/2679 2126/2377/2709 2146/2376/2715
f 2133/2380/2733 2140/2383/3074 2141/2375/3075 2131/2374/2683
f 2129/2381/2711 2133/2380/2733 2132/6430/2684 2130/6431/2682
f 2131/2374/2683 2149/2373/3073 2148/6432/3072 2132/5306/2684
f 2139/2372/3076 2141/2375/3075 2140/6433/3074 2138/6434/3077
f 2137/2340/3078 2144/2339/2688 2143/6435/2714 2136/6436/3079
f 2135/2378/3080 2137/2340/3078 2136/6436/3079 2134/6437/3081
f 2138/2352/3077 2147/2355/2691 2146/6438/2715 2139/6439/3076
f 2127/2392/2679 2123/2391/2675 2122/6440/2707 2125/6441/2732
f 2128/2379/2680 2135/2378/3080 2134/6437/3081 2129/5304/2711
f 2142/2390/2734 2145/2389/2689 2147/5311/2691 2143/5308/2714
f 2162/2405/1209 2164/2409/1009 2163/2396/1206 2161/2395/995
f 2158/2422/1006 2172/2425/1021 2171/2362/1018 2159/2361/1019
f 2165/2414/1024 2153/2417/1012 2152/2364/1020 2166/2363/1017
f 2168/2421/1000 2156/2420/1205 2155/6442/1212 2169/6443/1023
f 2175/2424/1022 2162/2423/3082 2161/2419/3082 2176/2418/999
f 2214/2572/3099 2194/2559/3100 2195/6444/3175 2213/6445/3102
f 2199/2557/3103 2190/2560/3104 2191/6446/3105 2198/6447/3106
f 2215/2567/2741 2206/2566/2738 2205/6448/2737 2216/5331/2742
f 2200/2518/2735 2211/2517/2740 2210/2564/2739 2201/2565/2736
f 2211/2517/2740 2196/2520/3107 2197/6449/3108 2212/6450/2700
f 2198/2598/3106 2202/2597/2694 2201/6451/2736 2199/6452/3103
f 2216/2580/2742 2214/2572/3099 2213/6453/3102 2217/6454/2703
f 2196/2520/3107 2215/2567/2741 2217/5332/2703 2197/6455/3108
f 2235/2612/3176 2228/2600/3177 2229/6456/3178 2234/6457/3179
f 2178/2551/1051 2185/2554/952 2184/2426/919 2179/2429/973
f 2231/2527/3180 2219/2526/1225 2218/6458/2743 2230/6459/3181
f 2245/2570/3182 2238/2569/3183 2239/6460/3184 2244/6461/3185
f 2209/2558/3119 2210/2564/2739 2212/5330/2700 2208/6462/3120
f 2227/2529/3186 2232/2619/3187 2233/6463/3188 2226/6464/3189
f 2194/2559/3100 2209/2558/3119 2208/6465/3120 2195/6466/3175
f 2248/2603/1239 2240/2602/3190 2241/6467/3191 2249/6468/2745
f 2206/2566/2738 2192/2519/3127 2193/6469/3128 2207/6470/2697
f 2204/2573/3129 2205/2579/2737 2207/5328/2697 2203/6471/3130
f 2190/2560/3104 2204/2573/3129 2203/6472/3130 2191/6473/3105
f 2237/2575/3192 2242/2574/3193 2243/6474/3194 2236/6475/3195
f 2192/2519/3127 2200/2518/2735 2202/5326/2694 2193/6476/3128
f 2187/2553/953 2182/2552/914 2181/6477/964 2188/6478/967
f 2244/2616/3185 2247/2656/3196 2246/6479/3196 2245/6480/3182
f 2232/2613/3187 2235/2612/3176 2234/6481/3179 2233/6463/3188
f 2228/2600/3177 2231/2527/3180 2230/6482/3181 2229/6456/3178
f 2240/2618/3190 2243/2621/3194 2242/6483/3193 2241/6484/3191
f 2223/2530/1229 2227/2529/3186 2226/6485/3189 2224/6486/2744
f 2236/2620/3195 2239/2617/3184 2238/6487/3183 2237/6488/3192
f 2280/2611/3070 2257/2649/2680 2259/5344/2682 2279/6489/3071
f 2253/2608/2708 2280/2611/3070 2279/6489/3071 2251/6490/2707
f 2254/2635/2732 2277/2638/3072 2278/6491/3073 2255/5341/2709
f 2273/2609/2688 2253/2608/2708 2252/2661/2675 2271/2660/2734
f 2274/2659/2689 2256/2662/2679 2255/2647/2709 2275/2646/2690
f 2262/2650/2733 2269/2653/3074 2270/2645/3075 2260/2644/2683
f 2258/2651/2711 2262/2650/2733 2261/6492/2684 2259/6493/2682
f 2260/2644/2683 2278/2643/3073 2277/6494/3072 2261/5345/2684
f 2268/2642/3076 2270/2645/3075 2269/6495/3074 2267/6496/3077
f 2266/2610/3078 2273/2609/2688 2272/6497/2687 2265/6498/3079
f 2264/2648/3080 2266/2610/3078 2265/6498/3079 2263/6499/3081
f 2267/2622/3077 2276/2625/2691 2275/6500/2690 2268/6501/3076
f 2256/2662/2679 2252/2661/2675 2251/6502/2707 2254/6503/2732
f 2257/2649/2680 2264/2648/3080 2263/6499/3081 2258/5343/2711
f 2271/2660/2734 2274/2659/2689 2276/5350/2691 2272/5347/2687
f 2291/2675/1209 2293/2679/1009 2292/2666/1206 2290/2665/995
f 2287/2692/1006 2301/2695/1021 2300/2632/1018 2288/2631/1019
f 2294/2684/1024 2282/2687/1012 2281/2634/1020 2295/2633/1017
f 2297/2691/1000 2285/2690/1205 2284/6504/1256 2298/6505/1023
f 2304/2694/1022 2291/2693/3082 2290/2689/3082 2305/2688/999
f 2308/2814/3197 2420/2813/3198 2421/6506/3199 2307/6507/3200
f 2420/2813/3198 2422/2896/3201 2423/6508/3202 2421/6509/3199
f 2422/2809/3201 2317/2755/3203 2318/6510/3204 2423/6511/3202
f 2310/2853/3205 2308/2814/3197 2307/6512/3200 2309/6513/3206
f 2317/2755/3203 2315/2758/3207 2316/6514/3208 2318/6515/3204
f 2355/2845/3209 2335/2832/3210 2336/6516/3211 2354/6517/3212
f 2340/2830/3213 2331/2833/3214 2332/6518/3215 2339/6519/3216
f 2356/2840/2755 2347/2839/2750 2346/6520/2749 2357/5370/2756
f 2341/2788/2746 2352/2787/2753 2351/2837/2752 2342/2838/2747
f 2352/2787/2753 2337/2790/3217 2338/6521/3218 2353/6522/2754
f 2339/2867/3216 2343/2866/2748 2342/6523/2747 2340/6524/3213
f 2357/2852/2756 2355/2845/3209 2354/6525/3212 2358/6526/2757
f 2337/2790/3217 2356/2840/2755 2358/5371/2757 2338/6527/3218
f 2374/2881/3219 2367/2869/3220 2368/6528/3221 2373/6529/3222
f 2319/2824/915 2326/2827/952 2325/2925/919 2320/2926/973
f 2370/2797/3223 2359/2796/3045 2360/6530/3045 2369/6531/3224
f 2384/2843/3225 2377/2842/3226 2378/6532/3227 2383/6533/3228
f 2350/2831/3229 2351/2837/2752 2353/5369/2754 2349/6534/3230
f 2366/2799/3231 2371/2798/3054 2372/6535/3054 2365/6536/3232
f 2335/2832/3210 2350/2831/3229 2349/6537/3230 2336/6538/3211
f 2312/2808/3233 2310/2853/3205 2309/6539/3206 2311/6540/3234
f 2387/2872/1319 2379/2871/3235 2380/6541/3057 2388/5372/2758
f 2347/2839/2750 2333/2789/3236 2334/6542/3237 2348/6543/2751
f 2361/2891/3238 2363/2800/3239 2364/6544/3240 2362/6545/3241
f 2345/2846/3242 2346/2851/2749 2348/5367/2751 2344/6546/3243
f 2331/2833/3214 2345/2846/3242 2344/6547/3243 2332/6548/3215
f 2314/2805/3244 2312/2808/3233 2311/6549/3234 2313/6550/3245
f 2376/2848/3246 2381/2847/3247 2382/6551/3248 2375/6552/3249
f 2333/2789/3236 2341/2788/2746 2343/5365/2748 2334/6553/3237
f 2315/2758/3207 2314/2805/3244 2313/6554/3245 2316/6555/3208
f 2328/2826/1176 2323/2825/914 2322/6556/964 2329/6557/967
f 2383/2876/3228 2386/2918/3250 2385/6558/3250 2384/6559/3225
f 2371/2798/3054 2374/2881/3219 2373/6529/3222 2372/6535/3054
f 2367/2869/3220 2370/2797/3223 2369/6531/3224 2368/6528/3221
f 2379/2871/3235 2382/2886/3248 2381/6560/3247 2380/6561/3057
f 2363/2800/3239 2366/2799/3231 2365/6536/3232 2364/6544/3240
f 2359/2892/3045 2361/2891/3238 2362/6545/3241 2360/6530/3045
f 2375/2885/3249 2378/2884/3227 2377/6562/3226 2376/6563/3246
f 2419/2880/3070 2396/2911/2680 2398/5378/2682 2418/6564/3071
f 2392/2877/2708 2419/2880/3070 2418/6564/3071 2390/6565/2707
f 2393/2897/2732 2416/2900/3072 2417/6566/3073 2394/5375/2759
f 2412/2878/2688 2392/2877/2708 2391/2923/2675 2410/2922/2713
f 2413/2921/2760 2395/2924/2679 2394/2909/2759 2414/2908/2715
f 2401/2912/2733 2408/2915/3074 2409/2907/3075 2399/2906/2683
f 2397/2913/2711 2401/2912/2733 2400/6567/2684 2398/6568/2682
f 2399/2906/2683 2417/2905/3073 2416/6569/3072 2400/5379/2684
f 2407/2904/3076 2409/2907/3075 2408/6570/3074 2406/6571/3077
f 2405/2879/3078 2412/2878/2688 2411/6572/2714 2404/6573/3079
f 2403/2910/3080 2405/2879/3078 2404/6573/3079 2402/6574/3081
f 2406/2887/3077 2415/2890/2716 2414/6575/2715 2407/6576/3076
f 2395/2924/2679 2391/2923/2675 2390/6577/2707 2393/6578/2732
f 2396/2911/2680 2403/2910/3080 2402/6574/3081 2397/5377/2711
f 2410/2922/2713 2413/2921/2760 2415/5384/2716 2411/5381/2714
f 2434/2939/1209 2436/2943/1009 2435/2930/1206 2433/2929/1327
f 2430/2956/1006 2444/2959/1021 2443/2760/1333 2431/2759/1019
f 2437/2948/1334 2425/2951/1012 2424/2762/1020 2438/2761/1017
f 2440/2955/1000 2428/2954/1326 2427/6579/1256 2441/6580/1023
f 2447/2958/1022 2434/2957/3082 2433/2953/3082 2448/2952/999
f 2453/2985/3251 2450/2984/3252 2451/6581/3252 2452/6582/3251
f 2455/3020/3253 2453/2985/3251 2452/6583/3251 2454/6584/3253
f 2457/2988/3254 2455/3020/3253 2454/6585/3253 2456/6586/3255
f 2459/2989/3256 2457/2988/3254 2456/6587/3255 2458/6588/3256
f 2461/2991/3257 2459/2989/3256 2458/6589/3256 2460/6590/3258
f 2463/2993/3259 2461/2991/3257 2460/6591/3258 2462/6592/3259
f 2465/2995/3260 2463/2993/3259 2462/6593/3259 2464/6594/3260
f 2467/2999/3261 2465/2998/3260 2464/6595/3260 2466/6596/3261
f 2469/3001/3262 2467/2999/3261 2466/6597/3261 2468/6598/3262
f 2471/3003/3263 2469/3001/3262 2468/6599/3262 2470/6600/3264
f 2473/3005/3265 2471/3003/3263 2470/6601/3264 2472/6602/3266
f 2450/2984/3252 2473/3005/3265 2472/6603/3266 2451/6604/3252
f 2475/3021/3083 2476/3024/3267 2477/6605/3085 2474/6606/3086
f 2476/3024/3267 2478/3057/3087 2479/6607/3087 2477/6608/3085
f 2478/3057/3087 2480/3025/3268 2481/6609/3268 2479/6610/3087
f 2480/3025/3268 2482/3028/3089 2483/6611/3269 2481/6612/3268
f 2482/3028/3089 2484/3030/3270 2485/6613/3270 2483/6614/3269
f 2484/3030/3270 2486/3032/3091 2487/6615/3092 2485/6616/3270
f 2486/3032/3091 2488/3034/3093 2489/6617/3093 2487/6618/3092
f 2488/3035/3093 2490/3038/3271 2491/6619/3271 2489/6620/3093
f 2490/3038/3271 2492/3040/3272 2493/6621/3096 2491/6622/3271
f 2492/3040/3272 2494/3042/3273 2495/6623/3274 2493/6624/3096
f 2494/3042/3273 2496/3044/3275 2497/6625/3098 2495/6626/3274
f 2496/3044/3275 2475/3021/3083 2474/6627/3086 2497/6628/3098
f 2501/3139/3276 2498/3138/3252 2499/6629/3277 2500/6630/3278
f 2503/3166/3253 2501/3139/3276 2500/6631/3278 2502/6632/3253
f 2505/3142/3254 2503/3166/3253 2502/6633/3253 2504/6634/3254
f 2507/3143/3256 2505/3142/3254 2504/6635/3254 2506/6636/3256
f 2509/3145/3279 2507/3143/3256 2506/6637/3256 2508/6638/3280
f 2511/3147/3259 2509/3145/3279 2508/6639/3280 2510/6640/3259
f 2513/3149/3281 2511/3147/3259 2510/6641/3259 2512/6642/3281
f 2515/3153/3261 2513/3152/3281 2512/6643/3281 2514/6644/3261
f 2517/3155/3262 2515/3153/3261 2514/6645/3261 2516/6646/3262
f 2519/3157/3282 2517/3155/3262 2516/6647/3262 2518/6648/3283
f 2521/3159/3265 2519/3157/3282 2518/6649/3283 2520/6650/3266
f 2498/3138/3252 2521/3159/3265 2520/6651/3266 2499/6652/3277
f 2539/3197/3148 2532/3185/3149 2533/6653/3150 2538/6654/3151
f 2535/3173/3152 2523/3172/1165 2522/6655/2761 2534/6656/3153
f 2549/3163/3154 2542/3162/3155 2543/6657/3156 2548/6658/3157
f 2531/3175/3160 2536/3204/3161 2537/6659/3162 2530/6660/3163
f 2552/3188/1189 2544/3187/3164 2545/6661/3284 2553/6662/2731
f 2541/3180/3285 2546/3179/3171 2547/6663/3172 2540/6664/3173
f 2548/3201/3157 2551/3215/3174 2550/6665/3174 2549/6666/3154
f 2536/3198/3161 2539/3197/3148 2538/6667/3151 2537/6659/3162
f 2532/3185/3149 2535/3173/3152 2534/6668/3153 2533/6653/3150
f 2544/3203/3164 2547/3206/3172 2546/6669/3171 2545/6670/3284
f 2527/3176/1364 2531/3175/3160 2530/6671/3163 2528/6672/2730
f 2540/3205/3173 2543/3202/3156 2542/6673/3155 2541/6674/3285
f 2556/3235/1386 2557/3238/1389 2558/3218/1371 2555/3261/1398
f 2560/3229/1381 2561/3231/1369 2562/3237/1388 2559/3236/1387
f 2561/3216/1369 2558/3218/1371 2557/3238/1389 2562/3237/1388
f 2567/3264/1401 2569/3228/1380 2568/3227/1379 2566/3230/1382
f 2563/3247/1402 2577/3250/1399 2576/3194/1395 2564/3193/1397
f 2570/3239/1384 2556/3242/3286 2555/3196/3286 2571/3195/1394
f 2573/3246/1374 2560/3245/3287 2559/6675/3287 2574/6676/1383
f 2580/3249/1400 2567/3248/3288 2566/3244/3288 2581/3243/1373
f 2584/3285/1420 2585/3288/1423 2586/3268/1405 2583/3311/1432
f 2588/3279/1415 2589/3281/1403 2590/3287/1422 2587/3286/1421
f 2589/3266/1403 2586/3268/1405 2585/3288/1423 2590/3287/1422
f 2595/3314/1435 2597/3278/1414 2596/3277/1413 2594/3280/1416
f 2591/3297/1436 2605/3300/1433 2604/3252/1429 2592/3251/1431
f 2598/3289/1418 2584/3292/3289 2583/3254/3289 2599/3253/1428
f 2601/3296/1408 2588/3295/3290 2587/6677/3290 2602/6678/1417
f 2608/3299/1434 2595/3298/3291 2594/3294/3291 2609/3293/1407
f 3492/3574/1662 3413/3621/1695 3414/4733/2463 3489/4735/2465
f 2617/3316/1437 2611/3319/1440 2613/5415/2762 2618/5418/2764
f 2612/4942/2585 2614/4941/2584 2616/5417/2763 2613/6679/2762
f 2615/3329/1450 2620/3328/1449 2622/5421/2765 2616/6680/2763
f 2621/3321/1442 2619/3320/1441 2618/6681/2764 2622/6682/2765
f 3260/3584/1672 3505/3586/1674 3508/3590/1678 3259/3589/1677
f 3507/4415/2265 3257/4414/2264 3258/3588/1676 3508/3590/1678
f 2619/3320/1441 2627/3323/1444 2628/3317/1438 2617/3316/1437
f 2624/4939/2582 2612/4942/2585 2611/3319/1440 2623/3318/1439
f 2626/3330/1451 2615/3329/1450 2614/6683/2584 2625/6684/2583
f 2630/3322/1443 2621/3321/1442 2620/3328/1449 2629/3327/1448
f 2632/3331/3292 2633/3334/3293 2634/6685/3294 2631/6686/3295
f 3506/3595/1682 3253/3594/1681 3254/6687/2263 3507/6688/2265
f 2633/3334/3293 2635/3361/3296 2636/6689/3297 2634/6690/3294
f 2635/3361/3296 2637/3335/3298 2638/6691/3298 2636/6692/3297
f 2637/3335/3298 2639/3338/3299 2640/6693/3299 2638/6691/3298
f 2639/3338/3299 2641/3340/3300 2642/6694/3301 2640/6695/3299
f 2641/3340/3300 2643/3342/3302 2644/6696/3302 2642/6697/3301
f 2643/3342/3302 2645/3344/3303 2646/6698/3304 2644/6699/3302
f 2645/3345/3303 2647/3348/3305 2648/6700/3306 2646/6701/3304
f 2647/3348/3305 2649/3350/3307 2650/6702/3308 2648/6703/3306
f 2649/3350/3307 2651/3352/3309 2652/6704/3310 2650/6705/3308
f 2651/3352/3309 2653/3354/3311 2654/6706/3311 2652/6707/3310
f 2653/3354/3311 2632/3331/3292 2631/6708/3295 2654/6709/3311
f 2878/3393/1507 3549/3395/1509 3552/6710/1782 2877/6711/1781
f 2670/3401/3312 2655/3404/1517 2657/5423/2766 2669/6712/3313
f 2656/4926/2575 2658/4925/2574 2660/5425/2767 2657/6713/2766
f 2668/3414/3314 2664/3423/1535 2666/5429/2769 2667/6714/3315
f 2665/3406/1519 2661/3405/1518 2663/5427/2768 2666/6715/2769
f 2662/3409/1522 2670/3401/3312 2669/6712/3313 2663/6716/2768
f 2659/3415/1527 2668/3414/3314 2667/6714/3315 2660/6717/2767
f 2661/3405/1518 2678/3408/1521 2677/6718/1523 2662/5426/1522
f 2671/4923/1531 2656/4926/2575 2655/3404/1517 2672/3403/1516
f 2674/3416/1528 2659/3415/1527 2658/6719/2574 2675/6720/1530
f 2680/3407/1520 2665/3406/1519 2664/3423/1535 2681/3422/1534
f 2686/3435/1547 2683/3434/1546 2685/5435/2770 2687/5436/2771
f 2693/3438/3316 2689/3441/1552 2691/5439/2772 2692/6721/3316
f 2690/3433/1545 2696/3432/1544 2698/5441/2773 2691/6722/2772
f 2697/3444/1554 2694/3443/3317 2695/6723/3317 2698/6724/2773
f 2692/4461/3316 2685/4460/2770 2684/6725/2572 2693/6726/3316
f 2694/3443/3317 2688/3447/1557 2687/6727/2771 2695/6723/3317
f 2700/3430/1542 2690/3433/1545 2689/3441/1552 2699/3440/1551
f 2702/3445/1555 2697/3444/1554 2696/6728/1544 2701/6729/1543
f 2683/3434/1546 2703/3437/1549 2704/4922/2573 2684/4921/2572
f 2688/3447/1557 2705/3446/1556 2706/3436/1548 2686/3435/1547
f 2713/3453/1563 2707/3456/1566 2709/5443/2774 2714/5446/2776
f 2708/4920/2571 2710/4919/2570 2712/5445/2775 2709/6730/2774
f 2711/3466/1576 2716/3465/1575 2718/5449/2777 2712/6731/2775
f 2717/3450/1560 2715/3449/1559 2714/6732/2776 2718/6733/2777
f 2715/3449/1559 2723/3452/1562 2724/3454/1564 2713/3453/1563
f 2720/4917/2568 2708/4920/2571 2707/3456/1566 2719/3455/1565
f 2722/3467/1577 2711/3466/1576 2710/6734/2570 2721/6735/2569
f 2726/3451/1561 2717/3450/1560 2716/3465/1575 2725/3464/1574
f 2737/3909/3318 2735/3916/3319 2736/6736/3320 2738/6737/3321
f 2741/3915/3322 2739/3914/3323 2740/6738/3324 2742/6739/3325
f 2729/3911/3326 2727/3910/3327 2728/6740/3328 2730/6741/3329
f 2733/3913/3330 2731/3912/3331 2732/6742/3332 2734/6743/3333
f 2727/3910/3327 2737/3909/3318 2738/6744/3321 2728/6745/3328
f 2730/3493/3329 2732/3492/3332 2731/6746/3331 2729/6747/3326
f 2734/3470/3333 2740/3478/3324 2739/6748/3323 2733/6749/3330
f 2742/3481/3325 2736/3476/3320 2735/6750/3319 2741/6751/3322
f 2758/3505/3334 2743/3508/1611 2745/5451/2778 2757/6752/3335
f 2744/4912/2567 2747/3511/3336 2746/6753/3337 2745/6754/2778
f 2760/3510/3338 2751/3514/3339 2752/6755/3340 2759/6756/3338
f 2751/3514/3339 2749/3513/1616 2748/6757/2779 2752/6758/3340
f 2756/3503/1606 2750/3502/1605 2749/3513/1616 2755/3516/1619
f 2743/3508/1611 2753/3507/1610 2754/6759/2566 2744/5450/2567
f 2750/3502/1605 2758/3505/3334 2757/6752/3335 2748/6760/2779
f 2747/3511/3336 2760/3510/3338 2759/6756/3338 2746/6761/3337
f 2766/4904/2534 2762/4903/2561 2761/6762/2780 2764/6763/2781
f 2762/4903/2561 2767/4902/2532 2768/6764/1633 2763/6765/1635
f 2770/4901/2531 2766/4904/2534 2765/3523/1626 2769/3526/1628
f 2774/3537/3341 2776/3524/3342 2775/6766/3342 2773/6767/3341
f 2763/3536/1635 2772/3535/3343 2771/6768/3343 2761/6769/2780
f 2772/3535/3343 2774/3537/3341 2773/6770/3341 2771/6771/3343
f 2776/3524/3342 2765/3523/1626 2764/6772/2781 2775/6773/3342
f 2780/3566/3344 2777/3571/3345 2778/6774/3345 2779/6775/3344
f 2782/3567/3346 2780/3566/3344 2779/6776/3344 2781/6777/3346
f 2784/3552/3347 2782/3567/3346 2781/6778/3346 2783/6779/3347
f 2786/3553/3348 2784/3552/3347 2783/6780/3347 2785/6781/3349
f 2788/3556/3350 2786/3553/3348 2785/6782/3349 2787/6783/3351
f 2790/3557/3352 2788/3556/3350 2787/6784/3351 2789/6785/3352
f 2792/3582/3353 2790/3557/3352 2789/6786/3352 2791/6787/3354
f 2777/3571/3345 2792/4896/3353 2791/6788/3354 2778/6789/3345
f 2799/3616/1690 2793/3619/1693 2795/5459/2782 2800/5462/2784
f 2794/4894/2432 2796/4893/2431 2798/5461/2783 2795/6790/2782
f 2797/3636/1710 2802/3635/1709 2804/5465/2785 2798/6791/2783
f 2803/3623/1697 2801/3622/1696 2800/6792/2784 2804/6793/2785
f 3551/3383/1497 2879/3382/1496 2880/3719/1780 3552/3721/1782
f 2801/3622/1696 2809/3625/1699 2810/3617/1691 2799/3616/1690
f 2806/4891/2559 2794/4894/2432 2793/3619/1693 2805/3618/1692
f 2808/3637/1711 2797/3636/1710 2796/6794/2431 2807/6795/2430
f 2812/3624/1698 2803/3623/1697 2802/3635/1709 2811/3634/1708
f 2814/3641/3355 2815/3644/3356 2816/6796/3356 2813/6797/3357
f 2815/3644/3356 2817/3671/3358 2818/6798/3359 2816/6799/3356
f 2817/3671/3358 2819/3645/3360 2820/6800/3360 2818/6801/3359
f 2819/3645/3360 2821/3648/3361 2822/6802/3362 2820/6800/3360
f 2821/3648/3361 2823/3650/3363 2824/6803/3363 2822/6804/3362
f 2823/3650/3363 2825/3652/3364 2826/6805/3364 2824/6806/3363
f 2825/3652/3364 2827/3654/3365 2828/6807/3366 2826/6808/3364
f 2827/3655/3365 2829/3658/3367 2830/6809/3368 2828/6810/3366
f 3256/3593/1680 3506/3595/1682 3505/3586/1674 3255/3585/1673
f 2829/3658/3367 2831/3660/3369 2832/6811/3370 2830/6812/3368
f 2831/3660/3369 2833/3662/3371 2834/6813/3372 2832/6814/3370
f 2833/3662/3371 2835/3664/3373 2836/6815/3374 2834/6816/3372
f 2835/3664/3373 2814/3641/3355 2813/6817/3357 2836/6818/3374
f 2852/3699/3312 2837/3702/1765 2839/5467/2786 2851/6819/3312
f 2838/4888/2557 2840/4887/2556 2842/5469/2787 2839/6820/2786
f 2850/3711/3314 2846/3718/1779 2848/5473/2789 2849/6821/3314
f 2847/3704/1767 2843/3703/1766 2845/5471/2788 2848/6822/2789
f 2844/3707/1770 2852/3699/3312 2851/6819/3312 2845/6823/2788
f 2841/3712/1773 2850/3711/3314 2849/6821/3314 2842/6824/2787
f 2843/3703/1766 2857/3706/1769 2858/6825/1771 2844/5470/1770
f 2854/4885/2554 2838/4888/2557 2837/3702/1765 2853/3701/1764
f 2856/3713/1774 2841/3712/1773 2840/6826/2556 2855/6827/2555
f 2860/3705/1768 2847/3704/1767 2846/3718/1779 2859/3717/1778
f 2864/3730/1791 2861/3729/1790 2863/5475/2790 2865/5476/2791
f 2871/3733/3375 2867/3736/1796 2869/5479/2792 2870/6828/3375
f 2868/3728/1789 2874/3727/1788 2876/5481/2793 2869/6829/2792
f 2875/3739/1798 2872/3738/3376 2873/6830/3376 2876/6831/2793
f 2870/3602/3375 2863/3601/2790 2862/6832/2546 2871/6833/3375
f 2872/3738/3376 2866/3742/1801 2865/6834/2791 2873/6830/3376
f 2877/3725/1786 2868/3728/1789 2867/3736/1796 2878/3735/1795
f 2879/3740/1799 2875/3739/1798 2874/6835/1788 2880/6836/1787
f 2861/3729/1790 2881/3732/1793 2882/4868/2547 2862/4867/2546
f 2866/3742/1801 2883/3741/1800 2884/3731/1792 2864/3730/1791
f 2891/3748/1807 2885/3751/1810 2887/5483/2766 2892/5486/2795
f 2886/4862/2443 2888/4861/2544 2890/5485/2794 2887/6837/2766
f 2889/3763/1821 2894/3762/1820 2896/5489/2796 2890/6838/2794
f 2895/3745/1804 2893/3744/1803 2892/6839/2795 2896/6840/2796
f 2893/3744/1803 2901/3747/1806 2902/3749/1808 2891/3748/1807
f 2898/4859/2542 2886/4862/2443 2885/3751/1810 2897/3750/1809
f 2900/3764/1822 2889/3763/1821 2888/6841/2544 2899/6842/2543
f 2904/3746/1805 2895/3745/1804 2894/3762/1820 2903/3761/1819
f 3490/3633/1707 3415/3674/1741 3416/3597/1684 3491/3599/1686
f 2915/4563/3377 2913/4570/3378 2914/6843/3378 2916/6844/3379
f 2919/4569/3380 2917/4568/3381 2918/6845/3382 2920/6846/3380
f 2907/4565/3383 2905/4564/3384 2906/6847/3385 2908/6848/3383
f 2911/4567/3386 2909/4566/3387 2910/6849/3388 2912/6850/3389
f 2905/4564/3384 2915/4563/3377 2916/6844/3379 2906/6847/3385
f 2908/3794/3383 2910/3793/3388 2909/6851/3387 2907/6852/3383
f 2912/3769/3389 2918/3779/3382 2917/6853/3381 2911/6854/3386
f 2920/3782/3380 2914/3777/3378 2913/6855/3378 2919/6856/3380
f 2936/3819/3390 2921/3822/1851 2923/5491/2797 2935/6857/3391
f 2922/4856/2539 2925/3825/3392 2924/6858/3393 2923/6859/2797
f 2938/3824/3394 2929/3828/3395 2930/6860/3396 2937/6861/3397
f 2929/3828/3395 2927/3827/1856 2926/6862/2798 2930/6863/3396
f 2934/3817/1846 2928/3816/1845 2927/3827/1856 2933/3830/1859
f 2921/3822/1851 2931/3821/1850 2932/6864/2538 2922/5490/2539
f 2928/3816/1845 2936/3819/3390 2935/6857/3391 2926/6865/2798
f 2925/3825/3392 2938/3824/3394 2937/6861/3397 2924/6866/3393
f 2944/4849/2534 2940/4848/2533 2939/6867/2780 2942/6868/2799
f 2940/4848/2533 2945/4847/2532 2946/6869/1633 2941/6870/1635
f 2948/4846/2531 2944/4849/2534 2943/3837/1626 2947/3840/1864
f 2952/3857/3341 2954/3838/3398 2953/6871/3398 2951/6872/3341
f 2941/3856/1635 2950/3855/3343 2949/6873/3343 2939/6874/2780
f 2950/3855/3343 2952/3857/3341 2951/6875/3341 2949/6876/3343
f 2954/3838/3398 2943/3837/1626 2942/6877/2799 2953/6878/3398
f 2855/3714/1775 3553/3716/1777 3556/3640/1714 2856/3680/1746
f 2958/3886/3399 2955/3891/3400 2956/6879/3400 2957/6880/3399
f 2960/3887/3401 2958/3886/3399 2957/6881/3399 2959/6882/3401
f 2931/3722/3402 3543/3724/3403 3544/6883/3404 2932/6884/3402
f 2962/3873/3405 2960/3887/3401 2959/6885/3401 2961/6886/3405
f 2964/3874/3406 2962/3873/3405 2961/6887/3405 2963/6888/3407
f 2966/3877/3408 2964/3874/3406 2963/6889/3407 2965/6890/3409
f 2968/3878/3410 2966/3877/3408 2965/6891/3409 2967/6892/3411
f 2970/3903/3412 2968/3878/3410 2967/6893/3411 2969/6894/3413
f 2955/3891/3400 2970/4845/3412 2969/6895/3413 2956/6896/3400
f 2811/3683/1748 3557/3685/1750 3560/5654/1763 2812/6897/1762
f 2977/3940/1931 2971/3943/1934 2973/5499/2800 2978/5502/2802
f 2972/4841/2529 2974/4840/2528 2976/5501/2801 2973/6898/2800
f 2975/3959/1950 2980/3958/1949 2982/5505/2803 2976/6899/2801
f 2981/3948/1939 2979/3947/1938 2978/6900/2802 2982/6901/2803
f 3565/3459/1569 2724/3458/1568 2723/3859/1870 3566/3861/1872
f 2979/3947/1938 2987/3950/1941 2988/3941/1932 2977/3940/1931
f 2984/4838/2526 2972/4841/2529 2971/3943/1934 2983/3942/1933
f 2986/3960/1951 2975/3959/1950 2974/6902/2528 2985/6903/2527
f 2990/3949/1940 2981/3948/1939 2980/3958/1949 2989/3957/1948
f 2992/3962/3414 2993/3965/3415 2994/6904/3416 2991/6905/3417
f 2993/3965/3415 2995/3992/3418 2996/6906/3419 2994/6907/3416
f 2995/3992/3418 2997/3966/3420 2998/6908/3420 2996/6909/3419
f 2997/3966/3420 2999/3969/3421 3000/6910/3421 2998/6908/3420
f 2999/3969/3421 3001/3971/3422 3002/6911/3423 3000/6912/3421
f 3512/3902/1902 3235/3954/1945 3236/4382/2242 3509/4384/2244
f 3001/3971/3422 3003/3973/3424 3004/6913/3425 3002/6914/3423
f 3003/3973/3424 3005/3975/3426 3006/6915/3427 3004/6916/3425
f 3005/3976/3426 3007/3979/3428 3008/6917/3429 3006/6918/3427
f 3007/3979/3428 3009/3981/3430 3010/6919/3431 3008/6920/3429
f 3009/3981/3430 3011/3983/3432 3012/6921/3433 3010/6922/3431
f 3011/3983/3432 3013/3985/3434 3014/6923/3435 3012/6924/3433
f 3013/3985/3434 2992/3962/3414 2991/6925/3417 3014/6926/3435
f 3496/4013/1983 3391/4012/1991 3392/4009/1988 3493/4011/1990
f 3030/4034/3313 3015/4037/2008 3017/5507/2804 3029/6927/3313
f 3016/4832/2525 3018/4831/2524 3020/5509/2805 3017/6928/2804
f 3028/4046/3315 3024/4053/2022 3026/5513/2807 3027/6929/3315
f 3025/4039/2010 3021/4038/2009 3023/5511/2806 3026/6930/2807
f 3022/4042/2013 3030/4034/3313 3029/6927/3313 3023/6931/2806
f 3019/4047/2016 3028/4046/3315 3027/6929/3315 3020/6932/2805
f 3021/4038/2009 3035/4041/2012 3036/6933/2014 3022/5510/2013
f 3032/4829/2522 3016/4832/2525 3015/4037/2008 3031/4036/2007
f 3034/4048/2017 3019/4047/2016 3018/6934/2524 3033/6935/2523
f 3038/4040/2011 3025/4039/2010 3024/4053/2022 3037/4052/2021
f 3042/4065/2034 3039/4064/2033 3041/5515/2808 3043/5516/2809
f 3049/4068/3436 3045/4071/2038 3047/5519/2810 3048/6936/3436
f 3046/4063/2032 3052/4062/2031 3054/5521/2811 3047/6937/2810
f 3053/4074/2039 3050/4073/3437 3051/6938/3437 3054/6939/2811
f 3048/4654/3436 3041/4653/2808 3040/6940/2511 3049/6941/3436
f 3050/4073/3437 3044/4077/2042 3043/6942/2809 3051/6938/3437
f 3056/4060/2029 3046/4063/2032 3045/4071/2038 3055/4070/2037
f 3058/4075/2040 3053/4074/2039 3052/6943/2031 3057/6944/2030
f 3039/4064/2033 3059/4067/2036 3060/4811/2512 3040/4810/2511
f 3044/4077/2042 3061/4076/2041 3062/4066/2035 3042/4065/2034
f 3069/4094/2048 3063/4097/2051 3065/5523/2812 3070/5526/2814
f 3064/4800/2501 3066/4799/2500 3068/5525/2813 3065/6945/2812
f 3067/4111/2057 3072/4110/2056 3074/5529/2815 3068/6946/2813
f 3073/4091/2045 3071/4090/2044 3070/6947/2814 3074/6948/2815
f 3071/4090/2044 3079/4093/2047 3080/4095/2049 3069/4094/2048
f 3076/4797/2498 3064/4800/2501 3063/4097/2051 3075/4096/2050
f 3078/4112/2058 3067/4111/2057 3066/6949/2500 3077/6950/2499
f 3082/4092/2046 3073/4091/2045 3072/4110/2056 3081/4109/2055
f 3497/4586/2360 3343/4585/1701 3344/4017/1761 3498/4019/1763
f 3528/4100/2054 3080/4099/2053 3079/4031/2004 3525/4033/2006
f 3093/4101/3438 3091/4108/3439 3092/6951/3439 3094/6952/3440
f 3097/4107/3441 3095/4106/3442 3096/6953/3443 3098/6954/3441
f 3085/4103/3444 3083/4102/3445 3084/6955/3446 3086/6956/3444
f 3089/4105/3447 3087/4104/3448 3088/6957/3449 3090/6958/3450
f 3083/4102/3445 3093/4101/3438 3094/6952/3440 3084/6955/3446
f 3086/4141/3444 3088/4140/3449 3087/6959/3448 3085/6960/3444
f 3090/4117/3450 3096/4126/3443 3095/6961/3442 3089/6962/3447
f 3098/4129/3441 3092/4124/3439 3091/6963/3439 3097/6964/3441
f 3114/4155/3451 3099/4158/2090 3101/5531/2816 3113/6965/3452
f 3100/4796/2497 3103/4161/3453 3102/6966/3454 3101/6967/2816
f 3116/4160/3455 3107/4164/3456 3108/6968/3457 3115/6969/3455
f 3107/4164/3456 3105/4163/2095 3104/6970/2817 3108/6971/3457
f 3112/4153/2085 3106/4152/2084 3105/4163/2095 3111/4166/2098
f 3099/4158/2090 3109/4157/2089 3110/6972/2496 3100/5530/2497
f 3106/4152/2084 3114/4155/3451 3113/6965/3452 3104/6973/2817
f 3103/4161/3453 3116/4160/3455 3115/6969/3455 3102/6974/3454
f 3122/4794/2495 3118/4793/2494 3117/6975/2818 3120/6976/2819
f 3118/4793/2494 3123/4792/2493 3124/6977/2114 3119/6978/2117
f 3126/4791/2492 3122/4794/2495 3121/4171/2102 3125/4174/2105
f 3130/4188/3458 3132/4172/3459 3131/6979/3460 3129/6980/3461
f 3119/4187/2117 3128/4186/3462 3127/6981/3463 3117/6982/2818
f 3128/4186/3462 3130/4188/3458 3129/6983/3461 3127/6984/3463
f 3132/4172/3459 3121/4171/2102 3120/6985/2819 3131/6986/3460
f 3136/4212/3464 3133/4217/3465 3134/6987/3465 3135/6988/3464
f 3138/4213/3466 3136/4212/3464 3135/6989/3464 3137/6990/3466
f 3140/4199/3467 3138/4213/3466 3137/6991/3466 3139/6992/3467
f 3142/4200/3468 3140/4199/3467 3139/6993/3467 3141/6994/3469
f 3144/4203/3470 3142/4200/3468 3141/6995/3469 3143/6996/3471
f 3146/4204/3472 3144/4203/3470 3143/6997/3471 3145/6998/3473
f 3148/4230/3474 3146/4204/3472 3145/6999/3473 3147/7000/3475
f 3133/4217/3465 3148/4774/3474 3147/7001/3475 3134/7002/3465
f 3572/4234/2147 2704/4239/2152 2703/4218/2136 3569/4220/2138
f 3155/4248/2159 3149/4251/2162 3151/5539/2820 3156/5542/2822
f 3150/4768/2487 3152/4767/2486 3154/5541/2821 3151/7003/2820
f 3153/4276/2183 3158/4275/2182 3160/5545/2823 3154/7004/2821
f 3159/4258/2168 3157/4257/2167 3156/7005/2822 3160/7006/2823
f 3212/4377/2237 3513/4379/2239 3516/4238/2151 3211/4247/2158
f 3157/4257/2167 3165/4260/2170 3166/4249/2160 3155/4248/2159
f 3162/4765/2484 3150/4768/2487 3149/4251/2162 3161/4250/2161
f 3164/4277/2184 3153/4276/2183 3152/7007/2486 3163/7008/2485
f 3168/4259/2169 3159/4258/2168 3158/4275/2182 3167/4274/2181
f 3170/4281/3414 3171/4284/3476 3172/7009/3477 3169/7010/3417
f 3171/4284/3476 3173/4311/3478 3174/7011/3419 3172/7012/3477
f 3173/4311/3478 3175/4285/3479 3176/7013/3479 3174/7014/3419
f 3175/4285/3479 3177/4288/3421 3178/7015/3421 3176/7013/3479
f 3177/4288/3421 3179/4290/3422 3180/7016/3423 3178/7017/3421
f 3288/4333/3480 3503/4335/3481 3504/7018/3482 3287/7019/3480
f 3517/4338/2218 3162/4337/2217 3161/4261/2171 3518/4263/2173
f 3179/4290/3422 3181/4292/3424 3182/7020/3425 3180/7021/3423
f 3181/4292/3424 3183/4294/3483 3184/7022/3427 3182/7023/3425
f 3183/4295/3483 3185/4298/3484 3186/7024/3485 3184/7025/3427
f 3185/4298/3484 3187/4300/3430 3188/7026/3431 3186/7027/3485
f 3187/4300/3430 3189/4302/3432 3190/7028/3433 3188/7029/3431
f 3189/4302/3432 3191/4304/3486 3192/7030/3487 3190/7031/3433
f 3191/4304/3486 3170/4281/3414 3169/7032/3417 3192/7033/3487
f 3208/4351/3312 3193/4354/2227 3195/5547/2824 3207/7034/3313
f 3194/4748/2477 3196/4747/2476 3198/5549/2825 3195/7035/2824
f 3206/4374/3314 3202/4381/2241 3204/5553/2827 3205/7036/3315
f 3203/4356/2229 3199/4355/2228 3201/5551/2826 3204/7037/2827
f 3200/4359/2232 3208/4351/3312 3207/7034/3313 3201/7038/2826
f 3197/4375/2235 3206/4374/3314 3205/7036/3315 3198/7039/2825
f 3532/4321/2206 3058/4404/2260 3057/4054/2023 3529/4056/2025
f 3199/4355/2228 3213/4358/2231 3214/7040/2233 3200/5550/2232
f 3210/4745/2474 3194/4748/2477 3193/4354/2227 3209/4353/2226
f 3211/4376/2236 3197/4375/2235 3196/7041/2476 3212/7042/2475
f 3216/4357/2230 3203/4356/2229 3202/4381/2241 3215/4380/2240
f 3220/4391/2251 3217/4390/2250 3219/5555/2828 3221/5556/2829
f 3227/4394/3488 3223/4397/2255 3225/5559/2830 3226/7043/3489
f 3224/4389/2249 3230/4388/2248 3232/5561/2831 3225/7044/2830
f 3231/4400/2256 3228/4399/3490 3229/7045/3491 3232/7046/2831
f 3226/4224/3489 3219/4223/2828 3218/7047/2444 3227/7048/3488
f 3228/4399/3490 3222/4403/2259 3221/7049/2829 3229/7045/3491
f 3234/4386/2246 3224/4389/2249 3223/4397/2255 3233/4396/2254
f 3235/4401/2257 3231/4400/2256 3230/7050/2248 3236/7051/2247
f 3217/4390/2250 3237/4393/2253 3238/4710/2445 3218/4709/2444
f 3222/4403/2259 3239/4402/2258 3240/4392/2252 3220/4391/2251
f 3247/4409/1807 3241/4412/1810 3243/5563/2832 3248/5566/2833
f 3242/4708/2443 3244/4707/2442 3246/5565/2794 3243/7052/2832
f 3245/4425/2274 3250/4424/1820 3252/5569/2796 3246/7053/2794
f 3251/4406/1804 3249/4405/1803 3248/7054/2833 3252/7055/2796
f 3249/4405/1803 3258/4408/1806 3257/4410/2262 3247/4409/1807
f 3253/4705/2440 3242/4708/2443 3241/4412/1810 3254/4411/1809
f 3255/4426/2275 3245/4425/2274 3244/7056/2442 3256/7057/2441
f 3259/4407/2261 3251/4406/1804 3250/4424/1820 3260/4423/2273
f 3446/4420/3492 3487/4422/3493 3488/7058/3494 3445/7059/3492
f 3271/3608/3438 3269/3615/3495 3270/7060/3439 3272/7061/3440
f 3275/3614/3441 3273/3613/3442 3274/7062/3443 3276/7063/3441
f 3263/3610/3444 3261/3609/3445 3262/7064/3446 3264/7065/3444
f 3267/3612/3496 3265/3611/3448 3266/7066/3449 3268/7067/3450
f 3261/3609/3445 3271/3608/3438 3272/7061/3440 3262/7064/3446
f 3264/4452/3444 3266/4451/3449 3265/7068/3448 3263/7069/3444
f 3268/4429/3450 3274/4437/3443 3273/7070/3442 3267/7071/3496
f 3276/4440/3441 3270/4435/3439 3269/7072/3495 3275/7073/3441
f 3292/4470/3497 3277/4473/2294 3279/5571/2834 3291/7074/3498
f 3278/4703/2438 3281/4476/3499 3280/7075/3500 3279/7076/2834
f 3294/4475/3501 3285/4479/3502 3286/7077/3503 3293/7078/3501
f 3285/4479/3502 3283/4478/2299 3282/7079/2835 3286/7080/3503
f 3290/4468/2289 3284/4467/2288 3283/4478/2299 3289/4481/2302
f 3277/4473/2294 3288/4472/2293 3287/7081/2437 3278/5570/2438
f 3284/4467/2288 3292/4470/3497 3291/7074/3498 3282/7082/2835
f 3281/4476/3499 3294/4475/3501 3293/7078/3501 3280/7083/3500
f 3300/4701/2436 3296/4700/2435 3295/7084/2836 3298/7085/2837
f 3296/4700/2435 3301/4699/2434 3302/7086/2316 3297/7087/2317
f 3304/4698/2433 3300/4701/2436 3299/4485/2305 3303/4488/2307
f 3308/3836/3504 3310/4486/3505 3309/7088/3505 3307/7089/3504
f 3297/4501/2317 3306/3833/3506 3305/7090/3506 3295/7091/2836
f 3306/3833/3506 3308/3836/3504 3307/7092/3504 3305/7093/3506
f 3310/4486/3505 3299/4485/2305 3298/7094/2837 3309/7095/3505
f 2899/4557/2345 3545/4559/2347 3548/4538/2332 2900/4537/2331
f 3314/4525/3399 3311/4530/3400 3312/7096/3400 3313/7097/3399
f 3316/4526/3401 3314/4525/3399 3313/7098/3399 3315/7099/3401
f 3318/4512/3405 3316/4526/3401 3315/7100/3401 3317/7101/3405
f 3320/4513/3406 3318/4512/3405 3317/7102/3405 3319/7103/3407
f 3322/4516/3408 3320/4513/3406 3319/7104/3407 3321/7105/3409
f 3324/4517/3411 3322/4516/3408 3321/7106/3409 3323/7107/3411
f 3326/4541/3412 3324/4517/3411 3323/7108/3411 3325/7109/3413
f 3311/4530/3400 3326/4697/3412 3325/7110/3413 3312/7111/3400
f 2629/4543/2335 3573/4545/2337 3576/5663/2355 2630/7112/2354
f 3333/4571/2351 3327/4574/1693 3329/5579/2782 3334/5582/2838
f 3328/4695/2432 3330/4694/2431 3332/5581/2783 3329/7113/2782
f 3331/4594/1710 3336/4593/1709 3338/5585/2839 3332/7114/2783
f 3337/4581/1697 3335/4580/1696 3334/7115/2838 3338/7116/2839
f 3335/4580/1696 3344/4583/1699 3343/4572/2352 3333/4571/2351
f 3340/4692/2429 3328/4695/2432 3327/4574/1693 3339/4573/1692
f 3342/4595/1711 3331/4594/1710 3330/7117/2431 3341/7118/2430
f 3346/4582/2358 3337/4581/1697 3336/4593/1709 3345/4592/2365
f 3348/4599/3507 3349/4602/3508 3350/7119/3509 3347/7120/3510
f 3349/4602/3508 3351/4628/3511 3352/7121/3512 3350/7122/3509
f 3351/4628/3511 3353/4603/3513 3354/7123/3513 3352/7124/3512
f 3353/4603/3513 3355/4606/3514 3356/7125/3515 3354/7123/3513
f 3355/4607/3514 3357/4609/3516 3358/7126/3517 3356/7127/3515
f 3357/4609/3516 3359/4611/3518 3360/7128/3518 3358/7129/3517
f 3359/4611/3518 3361/4613/3519 3362/7130/3520 3360/7131/3518
f 3361/4614/3519 3363/4617/3521 3364/7132/3522 3362/7133/3520
f 3363/4617/3521 3365/4619/3523 3366/7134/3524 3364/7135/3522
f 3365/4619/3523 3367/4621/3525 3368/7136/3526 3366/7137/3524
f 3367/4621/3525 3369/4623/3527 3370/7138/3528 3368/7139/3526
f 3369/4623/3527 3348/4599/3507 3347/7140/3510 3370/7141/3528
f 3536/4843/2504 3036/4842/2530 3035/4807/2508 3533/4809/2510
f 3386/4624/3529 3371/4627/2394 3373/5587/2840 3385/7142/3530
f 3372/4691/2428 3374/4690/2427 3376/5589/2841 3373/7143/2840
f 3384/4712/3531 3380/4732/2462 3382/5593/2843 3383/7144/3531
f 3381/4716/2451 3377/4715/2450 3379/5591/2842 3382/7145/2843
f 3378/4719/2454 3386/4624/3529 3385/7142/3530 3379/7146/2842
f 3375/4713/2448 3384/4712/3531 3383/7147/3531 3376/7148/2841
f 3377/4715/2450 3392/4718/2453 3391/7149/2455 3378/5590/2454
f 3388/4688/2425 3372/4691/2428 3371/4627/2394 3387/4626/2393
f 3390/4714/2449 3375/4713/2448 3374/7150/2427 3389/7151/2426
f 3394/4717/2452 3381/4716/2451 3380/4732/2462 3393/4731/2461
f 3398/3918/1909 3395/3917/1908 3397/5595/2844 3399/5596/2845
f 3405/4683/3532 3401/4750/2479 3403/5599/2846 3404/7152/3533
f 3402/4740/2470 3408/4739/2469 3410/5601/2847 3403/7153/2846
f 3409/4751/2480 3406/4743/3534 3407/7154/3535 3410/7155/2847
f 3404/4755/3533 3397/4754/2844 3396/7156/2420 3405/7157/3532
f 3406/4743/3534 3400/4742/2472 3399/7158/2845 3407/7154/3535
f 3412/4737/2467 3402/4740/2470 3401/4750/2479 3411/4749/2478
f 3413/4752/2481 3409/4751/2480 3408/7159/2469 3414/7160/2468
f 3395/3917/1908 3416/3920/1911 3415/4681/2421 3396/4680/2420
f 3400/4742/2472 3417/4741/2471 3418/3919/1910 3398/3918/1909
f 3429/4783/3377 3427/4790/3536 3428/7161/3537 3430/7162/3379
f 3433/4789/3380 3431/4788/3538 3432/7163/3382 3434/7164/3380
f 3421/4785/3539 3419/4784/3540 3420/7165/3385 3422/7166/3539
f 3425/4787/3386 3423/4786/3387 3424/7167/3388 3426/7168/3389
f 3419/4784/3540 3429/4783/3377 3430/7162/3379 3420/7165/3385
f 3422/3542/3539 3424/4676/3388 3423/7169/3387 3421/7170/3539
f 3426/4760/3389 3432/4775/3382 3431/7171/3538 3425/7172/3386
f 3434/4778/3380 3428/4771/3537 3427/7173/3536 3433/7174/3380
f 3450/4779/3541 3435/4782/2491 3437/5603/2848 3449/7175/3498
f 3436/4673/2415 3439/4672/3499 3438/7176/3500 3437/7177/2848
f 3452/4816/3542 3443/4824/3543 3444/7178/3503 3451/7179/3542
f 3443/4824/3543 3441/4823/2518 3440/7180/2849 3444/7181/3503
f 3448/4813/2514 3442/4812/2513 3441/4823/2518 3447/4826/2520
f 3435/4782/2491 3446/4781/2490 3445/7182/2413 3436/5602/2415
f 3442/4812/2513 3450/4779/3541 3449/7175/3498 3440/7183/2849
f 3439/4672/3499 3452/4816/3542 3451/7179/3542 3438/7184/3500
f 3458/4458/2284 3454/4457/2283 3453/7185/2850 3456/7186/2851
f 2985/4928/2576 3537/4930/2578 3540/4806/2507 2986/4805/2506
f 3454/4457/2283 3459/4456/2282 3460/7187/2536 3455/7188/2537
f 3462/4455/2281 3458/4458/2284 3457/4665/2409 3461/4668/2411
f 3466/3908/3544 3468/4666/3545 3467/7189/3545 3465/7190/3544
f 3455/4854/2537 3464/3905/3546 3463/7191/3546 3453/7192/2850
f 3464/3905/3546 3466/3908/3544 3465/7193/3544 3463/7194/3546
f 3468/4666/3545 3457/4665/2409 3456/7195/2851 3467/7196/3545
f 3109/4905/3547 3523/4907/3548 3524/7197/3549 3110/7198/3547
f 3472/4857/3464 3469/4659/3465 3470/7199/3465 3471/7200/3464
f 3474/4889/3466 3472/4857/3464 3471/7201/3464 3473/7202/3466
f 3476/4863/3467 3474/4889/3466 3473/7203/3466 3475/7204/3467
f 3478/4864/3468 3476/4863/3467 3475/7205/3467 3477/7206/3550
f 3480/4869/3470 3478/4864/3468 3477/7207/3550 3479/7208/3551
f 3482/4870/3472 3480/4869/3470 3479/7209/3551 3481/7210/3472
f 3484/4913/3474 3482/4870/3472 3481/7211/3472 3483/7212/3552
f 3469/4659/3465 3484/4662/3474 3483/7213/3552 3470/7214/3465
f 2881/3369/1483 3550/3371/1485 3549/3395/1509 2882/3397/1511
f 3523/4907/3548 3112/4938/3553 3111/4763/3553 3524/4764/3549
f 3550/3371/1485 2884/3370/1484 2883/4931/2579 3551/3383/1497
f 3033/4049/2018 3535/4051/2020 3534/4679/2419 3034/4736/2466
f 2945/3850/3554 3541/3852/3555 3542/7215/3556 2946/7216/3554
f 3541/3852/3555 2948/3851/3557 2947/4908/3557 3542/4910/3556
f 2903/4536/2330 3548/4538/2332 3547/4551/2341 2904/4550/2340
f 3575/3326/1447 2628/3325/1446 2627/4575/2353 3576/4577/2355
f 3031/4801/2502 3536/4803/2504 3535/7217/2020 3032/7218/2019
f 2753/4596/3558 3563/4598/3559 3564/7219/3560 2754/7220/3558
f 2625/4630/2397 3574/4632/2399 3573/4545/2337 2626/4544/2336
f 3546/3754/1813 2902/3753/1812 2901/4549/2339 3547/4551/2341
f 3125/4271/2178 3521/4273/2180 3522/4183/2113 3126/4182/2112
f 3563/4598/3559 2756/4650/3561 2755/4533/3561 3564/4534/3560
f 3521/4540/2180 3124/4539/3562 3123/7221/3562 3522/7222/2113
f 2989/4804/2505 3540/4806/2507 3539/7223/2553 2990/7224/2552
f 3538/3953/1944 2988/3952/1943 2987/4873/2551 3539/4875/2553
f 3215/4236/2149 3516/4238/2151 3515/4280/2187 3216/4279/2186
f 3167/4254/2164 3520/4256/2166 3519/7225/2211 3168/7226/2210
f 3537/4930/2578 2984/4929/2577 2983/3951/1942 3538/3953/1944
f 3545/4559/2347 2898/4558/2346 2897/7227/1811 3546/5643/1813
f 3487/4422/3493 3448/4466/3563 3447/4331/3563 3488/4332/3494
f 3574/4632/2399 2624/4631/2398 2623/3324/1445 3575/3326/1447
f 3562/4330/3556 2768/4329/3564 2767/7228/3564 3561/7229/3555
f 3037/4677/2417 3534/4679/2419 3533/4809/2510 3038/4808/2509
f 3209/4264/2174 3514/4266/2176 3513/7230/2239 3210/7231/2238
f 3518/4263/2173 3166/4262/2172 3165/4326/2209 3519/4328/2211
f 2769/4147/3557 3562/4149/3556 3561/3532/3555 2770/3531/3557
f 3061/4319/2204 3532/4321/2206 3531/4350/2225 3062/4349/2224
f 3163/4336/2216 3517/4338/2218 3520/4256/2166 3164/4255/2165
f 3503/4335/3481 3290/4385/3565 3289/4252/3565 3504/4253/3482
f 3486/4180/3566 3460/4179/3567 3459/7232/3567 3485/7233/3568
f 3461/3923/3569 3486/3925/3566 3485/4852/3568 3462/4851/3569
f 2705/4175/2106 3570/4177/2108 3569/4220/2138 2706/4219/2137
f 2699/4232/2145 3572/4234/2147 3571/7234/1538 2700/7235/1537
f 3570/4177/2108 2702/4228/2141 2701/3424/1536 3571/3426/1538
f 3514/4266/2176 3214/4318/2203 3213/4278/2185 3515/4280/2187
f 3530/4419/2269 3060/4427/2276 3059/4348/2223 3531/4350/2225
f 3303/3870/3570 3501/3872/3571 3502/4499/3572 3304/4498/3570
f 3501/4121/3571 3302/4120/3573 3301/7236/3573 3502/7237/3572
f 3345/3997/1748 3499/3999/1750 3498/7238/1763 3346/7239/1762
f 3527/4059/2028 3076/4058/2027 3075/7240/2052 3528/7241/2054
f 3500/4030/2003 3340/4029/2002 3339/4584/2359 3497/4586/2360
f 3341/4028/1823 3500/4030/2003 3499/3999/1750 3342/3998/1749
f 3055/4417/2267 3530/4419/2269 3529/7242/2025 3056/7243/2024
f 3081/4022/1997 3526/4024/1999 3525/4033/2006 3082/4032/2005
f 3393/3926/1917 3494/3928/1919 3493/4011/1990 3394/4010/1989
f 3077/4057/2026 3527/4059/2028 3526/4024/1999 3078/4023/1998
f 3233/3994/1978 3510/3996/1980 3509/7244/2244 3234/7245/2243
f 3389/4728/2458 3495/4730/2460 3494/3928/1919 3390/3955/1946
f 3239/3900/1900 3512/3902/1902 3511/3939/1930 3240/3938/1929
f 2721/3893/1893 3568/3895/1895 3567/3845/1868 2722/3844/1867
f 3559/3628/1702 2810/3627/1701 2809/3696/1761 3560/3698/1763
f 3543/3814/3403 2934/3813/3574 2933/3681/3574 3544/3682/3404
f 2725/3843/1866 3567/3845/1868 3566/3861/1872 2726/3860/1871
f 3510/3996/1980 3238/4005/1985 3237/3937/1928 3511/3939/1930
f 3387/4001/1981 3496/4003/1983 3495/7246/2460 3388/7247/2459
f 3568/3895/1895 2720/3894/1894 2719/7248/1567 3565/7249/1569
f 2859/3638/1712 3556/3640/1714 3555/3694/1759 2860/3693/1758
f 3554/3688/1753 2858/3695/1760 2857/3692/1757 3555/3694/1759
f 2853/3686/1751 3554/3688/1753 3553/7250/1777 2854/7251/1776
f 3558/3767/1825 2806/3766/1824 2805/3626/1700 3559/3628/1702
f 2807/3765/1823 3558/3767/1825 3557/3685/1750 2808/3684/1749
f 3417/3572/3575 3492/3574/1662 3491/3599/1686 3418/3598/3575
f 3411/3631/1705 3490/3633/1707 3489/7252/2465 3412/7253/2464
f 808/7254/3576 803/7255/3576 806/7256/3576 812/7257/3576
