# Blender v2.79 (sub 0) OBJ File: '-t_hut_005.blend'
# www.blender.org
mtllib -LOD1_t_hut_005.mtl
o Cube.006_Cube.007
v -9.147614 1.344127 6.066221
v 9.147614 1.344127 6.066221
v 9.116532 2.137750 7.081048
v -9.116532 2.137750 7.081048
v 10.803444 7.237401 3.715771
v 10.830118 6.612537 3.204814
v -10.830118 6.612537 3.204814
v -10.803444 7.237400 3.715771
v 4.493189 1.845479 6.049570
v 4.535728 2.652710 7.086892
v 5.357023 7.392393 3.652048
v 5.353811 6.772048 3.118882
v -4.493189 1.845479 6.049570
v -4.535728 2.652710 7.086892
v -5.353811 6.772048 3.118882
v -5.357023 7.392393 3.652048
v -11.633732 9.207176 1.653940
v -11.614549 9.871265 1.915560
v 11.614549 9.871265 1.915560
v 11.633732 9.207176 1.653940
v 5.774893 9.148234 1.608379
v 5.773261 9.808324 1.921953
v -5.773261 9.808324 1.921953
v -5.774893 9.148234 1.608379
v 9.976777 4.830224 5.230864
v 10.042043 4.000626 4.271652
v -10.042043 4.000626 4.271652
v -9.976777 4.830224 5.230864
v 4.962333 5.180504 5.235137
v 4.932369 4.395949 4.303866
v -4.932369 4.395949 4.303866
v -4.962333 5.180504 5.235137
v 9.373898 7.306370 3.709886
v 10.104053 9.876641 1.923424
v 8.667865 4.943813 5.243001
v 7.882966 1.452461 6.048717
v 7.926730 2.270595 7.092916
v 9.370522 6.668729 3.180443
v 10.105618 9.188696 1.606957
v 8.633271 4.104969 4.224324
v -7.882966 1.452461 6.048717
v -7.926730 2.270595 7.092916
v -9.370522 6.668729 3.180443
v -10.105618 9.188696 1.606957
v -8.633271 4.104969 4.224324
v -9.373898 7.306370 3.709886
v -10.104053 9.876641 1.923424
v -8.667865 4.943813 5.243001
v -1.962117 2.139672 6.049166
v 1.962117 2.139672 6.049166
v 1.985283 2.943009 7.082406
v -1.985283 2.943009 7.082406
v -1.978591 6.858820 3.079424
v 1.978591 6.858820 3.079424
v -1.981105 7.463942 3.613565
v 1.981105 7.463942 3.613565
v 1.979980 9.112768 1.609689
v -1.979980 9.112768 1.609689
v 1.979831 9.748484 1.920604
v -1.979831 9.748484 1.920604
v 1.991864 5.370412 5.228318
v -1.991864 5.370412 5.228318
v 1.975816 4.593229 4.305223
v -1.975816 4.593229 4.305223
v -9.147614 1.344126 -6.066221
v -12.427548 12.522742 -0.000002
v 12.492637 11.796369 -0.000002
v 9.147614 1.344126 -6.066221
v -12.492637 11.796369 -0.000002
v 12.427548 12.522742 -0.000002
v 9.116532 2.137748 -7.081049
v -9.116532 2.137748 -7.081049
v 10.803444 7.237400 -3.715773
v 10.830118 6.612536 -3.204817
v -10.830118 6.612536 -3.204817
v -10.803444 7.237399 -3.715773
v 6.190928 12.249001 -0.000002
v 6.194736 11.524721 -0.000002
v 4.493189 1.845477 -6.049571
v 4.535728 2.652708 -7.086893
v 5.357023 7.392392 -3.652050
v 5.353811 6.772048 -3.118885
v -4.493189 1.845477 -6.049571
v -4.535728 2.652708 -7.086893
v -6.190928 12.249001 -0.000002
v -6.194736 11.524721 -0.000002
v -5.353811 6.772048 -3.118885
v -5.357023 7.392392 -3.652050
v -11.633732 9.207176 -1.653943
v -11.614549 9.871265 -1.915563
v 11.614549 9.871265 -1.915563
v 11.633732 9.207176 -1.653943
v 5.774893 9.148234 -1.608382
v 5.773261 9.808324 -1.921956
v -5.773261 9.808324 -1.921956
v -5.774893 9.148234 -1.608382
v 9.976777 4.830222 -5.230866
v 10.042043 4.000625 -4.271653
v -10.042043 4.000625 -4.271653
v -9.976777 4.830222 -5.230866
v 4.962333 5.180502 -5.235139
v 4.932369 4.395948 -4.303868
v -4.932369 4.395948 -4.303868
v -4.962333 5.180502 -5.235139
v 10.835835 12.465156 -0.000002
v 10.839516 11.709031 -0.000002
v 9.373898 7.306369 -3.709888
v 10.104053 9.876641 -1.923427
v 8.667865 4.943811 -5.243002
v 7.882966 1.452459 -6.048717
v 7.926730 2.270592 -7.092916
v 9.370522 6.668728 -3.180445
v 10.105618 9.188696 -1.606960
v 8.633271 4.104968 -4.224325
v -7.882966 1.452459 -6.048717
v -7.926730 2.270592 -7.092916
v -9.370522 6.668728 -3.180445
v -10.105618 9.188696 -1.606960
v -8.633271 4.104968 -4.224325
v -10.835835 12.465156 -0.000002
v -10.839516 11.709031 -0.000002
v -9.373898 7.306369 -3.709888
v -10.104053 9.876641 -1.923427
v -8.667865 4.943811 -5.243002
v -1.978478 12.053001 -0.000002
v 1.978478 12.053001 -0.000002
v -1.979989 11.357424 -0.000002
v 1.979989 11.357424 -0.000002
v -1.962117 2.139670 -6.049167
v 1.962117 2.139670 -6.049167
v 1.985283 2.943007 -7.082407
v -1.985283 2.943007 -7.082407
v -1.978591 6.858819 -3.079426
v 1.978591 6.858819 -3.079426
v -1.981105 7.463941 -3.613567
v 1.981105 7.463941 -3.613567
v 1.979980 9.112768 -1.609692
v -1.979980 9.112768 -1.609692
v 1.979831 9.748484 -1.920607
v -1.979831 9.748484 -1.920607
v 1.991864 5.370410 -5.228320
v -1.991864 5.370410 -5.228320
v 1.975816 4.593228 -4.305225
v -1.975816 4.593228 -4.305225
v 3.913898 2.556949 9.696535
v 4.584040 3.081018 9.676830
v 2.024369 6.035944 10.590755
v 2.361779 6.448573 10.572411
v 3.902903 2.888016 7.509843
v 4.587898 3.421071 7.520927
v 1.967624 6.141277 7.488050
v 2.319700 6.550921 7.472867
v 1.000250 7.749314 11.118631
v 1.173010 8.187845 11.105964
v 1.177232 8.146281 7.359319
v 0.970163 7.710392 7.382181
v 2.728855 4.311168 10.127960
v 3.362271 4.858993 10.086089
v 2.750128 4.572220 7.453015
v 3.365093 5.090301 7.457358
v 3.902339 2.628487 9.034649
v 4.591877 3.168742 9.053445
v 2.008276 6.073050 9.679259
v 0.969224 7.737111 10.110340
v 2.697602 4.380071 9.315232
v 2.357893 6.494116 9.676386
v 1.178203 8.191396 10.108533
v 3.370285 4.934001 9.329808
v 3.902636 3.082287 6.607039
v 3.902636 3.082287 5.593530
v 4.584936 3.612770 5.578232
v 4.584936 3.612770 6.606563
v 1.941567 6.198576 5.588894
v 1.941567 6.198576 3.480644
v 2.294287 6.598168 5.561910
v 2.294287 6.598168 3.446667
v 0.971028 7.686971 2.812863
v 0.971028 7.686971 5.085516
v 1.176341 8.106765 2.703417
v 1.176341 8.106766 4.986645
v 3.360590 5.215705 4.304501
v 3.360590 5.215706 6.273083
v 2.751024 4.702493 4.331429
v 2.751024 4.702493 6.280384
v -4.097759 2.556949 9.696535
v -0.091931 9.938747 11.642828
v -0.091931 9.459087 11.685808
v -4.767901 3.081018 9.676830
v -2.208230 6.035944 10.590755
v -2.545640 6.448573 10.572411
v -4.086764 2.888016 7.509843
v -4.771760 3.421071 7.520927
v -0.091931 9.757981 7.517699
v -0.091931 9.279704 7.526997
v -2.151485 6.141277 7.488050
v -2.503561 6.550921 7.472867
v -1.184111 7.749314 11.118631
v -1.356871 8.187845 11.105964
v -1.361093 8.146281 7.359319
v -1.154025 7.710392 7.382181
v -2.912716 4.311168 10.127960
v -3.546132 4.858993 10.086089
v -2.933989 4.572220 7.453015
v -3.548954 5.090301 7.457358
v -4.086201 2.628487 9.034649
v -4.775737 3.168742 9.053445
v -2.192137 6.073050 9.679259
v -1.153086 7.737111 10.110340
v -2.881463 4.380071 9.315232
v -0.091931 9.900721 10.591739
v -0.091931 9.401414 10.594170
v -2.541754 6.494116 9.676386
v -1.362065 8.191396 10.108533
v -3.554147 4.934001 9.329808
v -0.091931 9.628554 4.322810
v -0.091931 9.628553 1.855497
v -0.091931 9.169230 4.801612
v -0.091931 9.169229 2.362065
v -4.086497 3.082287 6.607040
v -4.086498 3.082287 5.593530
v -4.768797 3.612770 5.578232
v -4.768797 3.612770 6.606563
v -2.125429 6.198576 5.588894
v -2.125429 6.198576 3.480644
v -2.478149 6.598168 5.561910
v -2.478149 6.598168 3.446667
v -1.154890 7.686971 2.812863
v -1.154890 7.686971 5.085516
v -1.360203 8.106765 2.703417
v -1.360203 8.106766 4.986645
v -3.544451 5.215705 4.304501
v -3.544451 5.215706 6.273083
v -2.934886 4.702493 4.331429
v -2.934886 4.702493 6.280385
vt 2.852124 0.727100
vt 2.992538 1.316707
vt 2.945250 1.428329
vt 2.788450 0.817958
vt -1.385623 -0.453193
vt -1.248336 -1.043466
vt -1.130690 -1.014146
vt -1.286429 -0.403477
vt -1.051755 -0.392883
vt -0.915660 -0.996009
vt 2.194609 2.028272
vt 2.056208 1.450124
vt 2.271363 1.429694
vt 2.429411 2.015459
vt 2.101868 -1.116118
vt 2.316920 -1.134879
vt 2.319559 -1.013675
vt 2.104552 -0.995584
vt 0.926832 2.096980
vt 0.926058 1.556108
vt 1.410674 1.510927
vt 1.489978 2.066550
vt 1.535723 -0.361135
vt 0.971710 -0.336001
vt 0.972472 -0.903436
vt 1.458905 -0.941920
vt 0.926895 3.707930
vt 0.927134 3.172618
vt 1.648717 3.178056
vt 1.728087 3.733631
vt 1.769639 1.379516
vt 0.970001 1.348089
vt 0.970712 0.789238
vt 1.691605 0.799918
vt 0.217213 -0.336090
vt -0.346902 -0.361359
vt -0.270017 -0.942325
vt 0.215908 -0.904211
vt 1.613509 0.219663
vt 0.971257 0.228005
vt 0.927146 2.635704
vt 1.569331 2.622322
vt 2.472199 3.184598
vt 2.333280 2.606466
vt 2.587850 2.601163
vt 2.746641 3.186792
vt -1.325832 0.813251
vt -1.600069 0.817811
vt -1.442990 0.207202
vt -1.188585 0.210274
vt -1.663746 0.726917
vt -1.524104 0.136937
vt 2.574304 -0.452765
vt 2.712625 0.137254
vt 2.631519 0.207487
vt 2.475119 -0.403082
vt 1.456311 -1.060500
vt -1.370846 3.184597
vt -1.231917 2.606463
vt -0.467968 2.622320
vt -0.547354 3.178063
vt 2.514288 0.813354
vt 2.377174 0.210511
vt 2.240489 -0.392538
vt -1.093238 2.028274
vt -0.954832 1.450140
vt -0.309316 1.510950
vt -0.388617 2.066553
vt -0.267427 -1.060844
vt 0.217428 -1.021348
vt 0.217579 0.227965
vt -0.424773 0.219547
vt 0.174217 2.635687
vt 0.174242 3.172610
vt -0.502939 0.799923
vt 0.175279 1.556133
vt 0.174518 2.096969
vt -0.626731 3.733655
vt 0.174500 3.707964
vt 2.651319 1.415944
vt -1.804300 1.316667
vt -1.757016 1.428329
vt -1.462997 1.415990
vt 2.611245 3.762640
vt 2.905635 3.772368
vt 0.970961 -1.020974
vt 0.218105 0.789261
vt -1.509905 3.762645
vt 2.437190 -1.042961
vt -1.645292 3.186785
vt -1.486487 2.601156
vt -1.328037 2.015458
vt -1.169983 1.429707
vt -1.804300 3.772367
vt -1.128022 -1.135360
vt -0.912955 -1.116548
vt -0.581042 1.379685
vt 0.218887 1.348280
vt 2.852124 0.727100
vt 2.788450 0.817958
vt -1.385623 -0.453193
vt -1.286429 -0.403477
vt -1.130690 -1.014146
vt -1.248336 -1.043466
vt -1.051755 -0.392883
vt -0.915660 -0.996009
vt 2.194609 2.028272
vt 2.429411 2.015459
vt 2.271363 1.429694
vt 2.056208 1.450124
vt 2.101868 -1.116118
vt 2.104552 -0.995584
vt 2.319559 -1.013675
vt 2.316920 -1.134879
vt 0.926832 2.096980
vt 1.489978 2.066550
vt 1.410674 1.510927
vt 0.926058 1.556108
vt 1.535723 -0.361135
vt 1.458905 -0.941920
vt 0.972472 -0.903436
vt 0.971710 -0.336001
vt 1.648717 3.178056
vt 0.927134 3.172618
vt 1.691605 0.799918
vt 0.970712 0.789238
vt 0.217213 -0.336090
vt 0.215908 -0.904211
vt -0.270017 -0.942325
vt -0.346902 -0.361359
vt 1.613509 0.219663
vt 0.971257 0.228005
vt 0.927146 2.635704
vt 1.569331 2.622322
vt 2.472199 3.184598
vt 2.746641 3.186792
vt 2.587850 2.601163
vt 2.333280 2.606466
vt -1.325832 0.813251
vt -1.188585 0.210274
vt -1.442990 0.207202
vt -1.600069 0.817811
vt -1.663746 0.726917
vt -1.524104 0.136937
vt 2.574304 -0.452765
vt 2.475119 -0.403082
vt 2.631519 0.207487
vt 2.712625 0.137254
vt 1.456311 -1.060500
vt -1.370846 3.184597
vt -0.547354 3.178063
vt -0.467968 2.622320
vt -1.231917 2.606463
vt 2.514288 0.813354
vt 2.377174 0.210511
vt 2.240489 -0.392538
vt -1.093238 2.028274
vt -0.388617 2.066553
vt -0.309316 1.510950
vt -0.954832 1.450140
vt -0.267427 -1.060844
vt 0.217428 -1.021348
vt 0.217579 0.227965
vt -0.424773 0.219547
vt 0.174242 3.172610
vt 0.174217 2.635687
vt -0.502939 0.799923
vt 0.174518 2.096969
vt 0.175279 1.556133
vt 0.970961 -1.020974
vt 0.218105 0.789261
vt 2.437190 -1.042961
vt -1.645292 3.186785
vt -1.486487 2.601156
vt -1.328037 2.015458
vt -1.169983 1.429707
vt -1.128022 -1.135360
vt -0.912955 -1.116548
vt -0.452269 -0.595531
vt -0.341011 -1.090775
vt -0.149123 -1.034662
vt -0.265723 -0.526990
vt -0.085335 -0.508953
vt -0.002996 -1.012866
vt -0.110503 2.249638
vt -0.029745 2.744683
vt -0.184494 2.764734
vt -0.300089 2.272391
vt 0.600502 2.170413
vt 0.539160 2.638976
vt 0.327437 2.683203
vt 0.325540 2.204456
vt 0.914015 0.918296
vt 0.858676 1.347259
vt 0.320460 1.356679
vt 0.275093 0.913704
vt 0.635893 -0.435374
vt 0.357935 -0.467158
vt 0.356018 -0.954343
vt 0.572538 -0.913438
vt 0.751808 1.766801
vt 0.306842 1.793220
vt -0.318926 1.367526
vt -0.206323 1.824363
vt -0.419423 1.839178
vt -0.555147 1.375000
vt -0.280770 0.408896
vt -0.512797 0.403537
vt -0.379464 -0.082041
vt -0.171527 -0.070744
vt -0.586939 0.322633
vt -0.485339 -0.146160
vt 0.371002 -1.157786
vt 0.583749 -1.116800
vt 0.791964 -0.021514
vt 0.344333 -0.044954
vt 0.360657 0.414999
vt -0.700023 0.799839
vt -0.653126 0.902144
vt -0.406951 0.902315
vt -0.443987 0.908114
vt -0.700023 0.903249
vt 0.915638 0.421245
vt -0.142523 -1.234416
vt 0.012941 -1.217463
vt 0.312226 0.893553
vt 0.820242 -1.105106
vt 0.814420 -0.903402
vt 1.485267 0.903251
vt 1.390955 1.333144
vt 1.097414 -0.421960
vt 1.245687 1.753330
vt 1.057501 2.157023
vt 1.286834 -0.008540
vt 1.449394 0.434595
vt 1.059521 0.888106
vt 1.636048 0.902399
vt 0.776306 2.631361
vt -0.452269 -0.595531
vt -0.265723 -0.526990
vt -0.149123 -1.034662
vt -0.341011 -1.090775
vt -0.085335 -0.508953
vt -0.002996 -1.012866
vt -0.110503 2.249638
vt -0.300089 2.272391
vt -0.184494 2.764734
vt -0.029745 2.744683
vt 0.600502 2.170413
vt 0.325540 2.204456
vt 0.327437 2.683203
vt 0.539160 2.638976
vt 0.320460 1.356679
vt 0.858676 1.347259
vt 0.635893 -0.435374
vt 0.572538 -0.913438
vt 0.356018 -0.954343
vt 0.357935 -0.467158
vt 0.751808 1.766801
vt 0.306842 1.793220
vt -0.318926 1.367526
vt -0.555147 1.375000
vt -0.419423 1.839178
vt -0.206323 1.824363
vt -0.280770 0.408896
vt -0.171527 -0.070744
vt -0.379464 -0.082041
vt -0.512797 0.403537
vt -0.586939 0.322633
vt -0.485339 -0.146160
vt 0.371002 -1.157786
vt 0.583749 -1.116800
vt 0.791964 -0.021514
vt 0.344333 -0.044954
vt 0.360657 0.414999
vt 0.915638 0.421245
vt -0.142523 -1.234416
vt 0.012941 -1.217463
vt 0.820242 -1.105106
vt 0.814420 -0.903402
vt 1.390955 1.333144
vt 1.097414 -0.421960
vt 1.057501 2.157023
vt 1.245687 1.753330
vt 1.449394 0.434595
vt 1.286834 -0.008540
vt 0.776306 2.631361
vn 0.7592 -0.5047 -0.4109
vn 0.9528 -0.3026 -0.0255
vn 0.5481 0.6409 0.5374
vn -0.0148 0.5116 0.8591
vn -0.6929 -0.4865 -0.5321
vn -0.9837 -0.1799 -0.0063
vn -0.9595 -0.2270 0.1667
vn -0.0494 0.4719 0.8803
vn 0.3679 0.6038 0.7071
vn -0.4930 0.1250 0.8610
vn 0.0239 -0.4752 -0.8796
vn -0.1709 -0.5944 -0.7858
vn 0.1707 -0.5944 -0.7858
vn 0.9837 -0.1799 -0.0063
vn 0.0790 0.5496 0.8317
vn -0.3763 0.3133 0.8719
vn 0.0163 -0.5209 -0.8534
vn 0.0523 -0.9869 -0.1524
vn 0.3231 -0.8467 -0.4227
vn 0.0412 -0.5000 -0.8651
vn 0.0568 0.5549 0.8300
vn 0.0170 0.6022 0.7982
vn -0.0122 -0.1060 0.9943
vn -0.0376 -0.0878 0.9954
vn -0.0072 -0.5775 -0.8164
vn -0.0037 -0.5607 -0.8280
vn -0.0074 -0.5473 -0.8369
vn -0.0113 -0.5630 -0.8264
vn -0.0228 0.6212 0.7833
vn -0.0102 0.6352 0.7723
vn -0.0059 0.6139 0.7894
vn -0.0422 0.5848 0.8101
vn -0.0170 0.6022 0.7982
vn -0.0066 0.6040 0.7970
vn 0.0803 -0.1299 0.9883
vn 0.0122 -0.1060 0.9943
vn -0.0293 0.5700 0.8211
vn 0.0037 0.5976 0.8018
vn 0.0036 -0.5067 -0.8621
vn 0.0072 -0.4875 -0.8731
vn -0.0231 -0.5331 -0.8457
vn 0.0062 -0.4637 -0.8860
vn -0.7507 -0.4758 -0.4584
vn -0.7717 -0.4841 -0.4124
vn 0.2904 0.3121 0.9046
vn -0.0019 0.5787 0.8155
vn -0.0444 0.5584 0.8284
vn -0.3895 0.3564 0.8493
vn 0.6917 -0.4915 -0.5292
vn 0.7472 -0.4746 -0.4653
vn 0.0417 0.5510 0.8334
vn 0.0494 0.4719 0.8803
vn -0.3676 -0.9243 0.1030
vn 0.0232 -0.5331 -0.8458
vn 0.0048 -0.4635 -0.8861
vn -0.0070 -0.4874 -0.8732
vn 0.0046 -0.5506 -0.8347
vn 0.2059 0.8133 0.5442
vn 0.0880 0.1675 0.9819
vn 0.3985 0.6725 0.6236
vn -0.0239 -0.4752 -0.8796
vn -0.0412 -0.5000 -0.8651
vn -0.0037 0.5976 0.8018
vn 0.0037 0.6093 0.7929
vn -0.0036 -0.5067 -0.8621
vn 0.0037 -0.5607 -0.8280
vn 0.0321 0.5770 0.8161
vn -0.0523 -0.9869 -0.1524
vn -0.0163 -0.5209 -0.8534
vn 0.0169 -0.5627 -0.8265
vn 0.0072 -0.5775 -0.8164
vn -0.0229 0.8149 0.5791
vn -0.9528 -0.3026 -0.0255
vn -0.5481 0.6409 0.5374
vn 0.0132 0.6063 0.7951
vn -0.0236 -0.5472 -0.8367
vn 0.0059 0.6139 0.7894
vn 0.0240 -0.5539 -0.8323
vn 0.0171 0.6215 0.7832
vn 0.0102 0.6352 0.7723
vn 0.7534 -0.5043 0.4219
vn 0.0227 0.1641 -0.9862
vn 0.5498 0.6395 -0.5374
vn 0.9528 -0.3026 0.0255
vn -0.6904 -0.4901 0.5322
vn -0.7966 0.5906 -0.1288
vn -0.9772 -0.1032 -0.1854
vn -0.9415 -0.2275 -0.2487
vn -0.0483 0.8522 -0.5210
vn -0.4145 0.2420 -0.8773
vn 0.0296 -0.4788 0.8774
vn -0.6496 -0.7396 0.1760
vn -0.7602 -0.6448 -0.0790
vn -0.3884 0.3033 -0.8702
vn 0.9772 -0.1032 -0.1854
vn 0.0289 -0.6085 0.7930
vn 0.0163 -0.5209 0.8534
vn 0.0394 -0.5020 0.8639
vn 0.3588 -0.8479 0.3903
vn 0.0523 -0.9869 0.1524
vn 0.0074 0.6046 -0.7965
vn -0.0760 -0.1165 -0.9903
vn -0.0122 -0.1060 -0.9943
vn 0.0170 0.6022 -0.7982
vn -0.0072 -0.5775 0.8164
vn -0.0168 -0.5628 0.8264
vn -0.0046 -0.5492 0.8357
vn -0.0037 -0.5607 0.8280
vn -0.0171 0.6214 -0.7833
vn 0.0123 0.6237 -0.7816
vn -0.0059 0.6139 -0.7894
vn -0.0102 0.6352 -0.7723
vn -0.0170 0.6022 -0.7982
vn 0.0122 -0.1060 -0.9943
vn 0.0234 -0.0873 -0.9959
vn -0.0559 0.5544 -0.8304
vn -0.0111 0.5523 -0.8336
vn 0.0037 0.5976 -0.8018
vn 0.0036 -0.5067 0.8621
vn 0.0111 -0.4834 0.8753
vn -0.0069 -0.5439 0.8392
vn -0.7667 -0.4807 0.4256
vn -0.7570 -0.4663 0.4578
vn 0.0045 -0.4657 0.8849
vn -0.3318 0.7136 -0.6170
vn 0.0559 0.8473 -0.5282
vn -0.5092 0.7979 -0.3227
vn -0.4755 -0.2874 -0.8315
vn 0.6904 -0.4901 0.5322
vn 0.2307 -0.2330 -0.9447
vn 0.8106 0.5696 -0.1358
vn 0.7547 -0.4629 0.4649
vn 0.1652 -0.9049 0.3922
vn 0.0227 -0.5325 0.8461
vn 0.0090 -0.5474 0.8368
vn -0.0109 -0.4833 0.8754
vn -0.0002 -0.4669 0.8843
vn 0.3731 0.6453 -0.6667
vn 0.3911 0.3592 -0.8473
vn 0.3415 0.7367 -0.5836
vn -0.0239 -0.4751 0.8796
vn -0.0371 -0.4971 0.8669
vn -0.0037 0.5976 -0.8018
vn -0.0409 0.5661 -0.8233
vn 0.0037 -0.5607 0.8280
vn -0.0036 -0.5067 0.8621
vn -0.0209 0.6146 -0.7885
vn -0.0163 -0.5209 0.8534
vn -0.0523 -0.9869 0.1524
vn 0.0112 -0.5629 0.8264
vn 0.0072 -0.5775 0.8164
vn -0.0215 0.8150 -0.5791
vn -0.9528 -0.3026 0.0255
vn -0.5498 0.6395 -0.5374
vn 0.0129 0.6063 -0.7951
vn -0.0236 -0.5472 0.8367
vn 0.0059 0.6139 -0.7894
vn 0.0237 -0.5539 0.8323
vn 0.0227 0.6212 -0.7833
vn 0.0102 0.6352 -0.7723
vn -0.5570 -0.4601 0.6914
vn -0.0192 -0.1489 0.9887
vn 0.1400 -0.1892 0.9719
vn 0.8769 0.4773 0.0573
vn 0.7064 0.6108 -0.3576
vn 0.8752 0.1912 0.4444
vn -0.8784 -0.4768 -0.0334
vn -0.7863 -0.5983 0.1541
vn -0.8518 -0.5232 -0.0259
vn -0.1536 -0.9831 -0.0999
vn -0.3336 -0.8250 -0.4561
vn -0.8612 -0.5046 -0.0607
vn -0.8164 -0.5774 0.0069
vn -0.8283 -0.5603 0.0043
vn -0.8372 -0.5468 0.0074
vn -0.8266 -0.5626 0.0118
vn 0.7957 0.6051 0.0270
vn 0.7961 0.6049 0.0199
vn 0.9863 -0.1287 -0.1035
vn 0.9965 -0.0816 -0.0162
vn -0.8612 -0.5082 -0.0037
vn -0.8718 -0.4898 -0.0099
vn -0.8459 -0.5328 0.0232
vn -0.8858 -0.4641 -0.0076
vn -0.4706 -0.4643 0.7503
vn -0.4128 -0.4835 0.7719
vn 0.9046 0.3119 -0.2906
vn 0.8156 0.5786 0.0018
vn 0.8207 0.5694 0.0469
vn 0.8435 0.3638 0.3952
vn 0.8008 0.5989 0.0036
vn 0.7927 0.6096 -0.0060
vn 0.8169 0.5759 -0.0320
vn -0.0255 -0.3026 0.9528
vn 0.5374 0.6409 0.5481
vn 0.7953 0.6061 -0.0133
vn -0.8368 -0.5471 0.0237
vn 0.7904 0.6126 -0.0065
vn 0.7842 0.6203 -0.0168
vn -0.2940 -0.9558 0.0000
vn 0.9997 0.0261 -0.0000
vn -0.8126 -0.5828 0.0000
vn -0.8229 -0.5683 0.0000
vn 0.7928 0.6095 -0.0000
vn -0.8536 -0.5210 0.0000
vn -0.8596 -0.5109 0.0000
vn 0.7992 0.6010 -0.0000
vn 0.7818 0.6236 -0.0000
vn 0.7724 0.6351 -0.0077
vn 0.7682 0.6402 -0.0000
vn 0.5570 -0.4637 0.6890
vn -0.1112 0.6290 0.7694
vn -0.1566 -0.0883 0.9837
vn -0.2146 -0.1903 0.9580
vn -0.5207 0.8536 0.0168
vn -0.8800 0.2280 0.4167
vn 0.8761 -0.4805 -0.0389
vn 0.3010 -0.7351 0.6075
vn 0.8518 -0.5232 -0.0259
vn 0.8600 -0.5069 -0.0582
vn 0.3880 -0.8244 -0.4122
vn 0.1536 -0.9831 -0.0999
vn 0.8164 -0.5774 0.0069
vn 0.8267 -0.5624 0.0174
vn 0.8360 -0.5487 0.0049
vn 0.8283 -0.5603 0.0043
vn -0.7957 0.6051 0.0270
vn -0.9965 -0.0816 -0.0162
vn -0.9940 -0.0912 -0.0610
vn -0.8265 0.5583 0.0722
vn 0.8612 -0.5082 -0.0037
vn 0.8738 -0.4860 -0.0140
vn 0.8392 -0.5437 0.0071
vn 0.4260 -0.4801 0.7668
vn 0.4698 -0.4549 0.7566
vn 0.8847 -0.4662 -0.0057
vn -0.6126 0.7197 0.3266
vn -0.5275 0.8479 -0.0534
vn -0.3170 0.8022 0.5060
vn -0.8316 -0.2871 0.4755
vn -0.8008 0.5989 0.0036
vn -0.8222 0.5676 0.0435
vn -0.7856 0.6185 0.0172
vn 0.0255 -0.3026 0.9528
vn -0.5374 0.6395 0.5498
vn -0.7953 0.6061 -0.0130
vn 0.8368 -0.5471 0.0237
vn -0.7904 0.6126 -0.0065
vn -0.7842 0.6200 -0.0224
vn 0.2940 -0.9558 0.0000
vn -0.9997 0.0261 0.0000
vn 0.8229 -0.5683 0.0000
vn 0.8126 -0.5828 0.0000
vn -0.7928 0.6095 -0.0000
vn 0.8596 -0.5109 -0.0000
vn 0.8536 -0.5210 0.0000
vn -0.7818 0.6236 -0.0000
vn -0.7992 0.6010 -0.0000
vn -0.7724 0.6351 -0.0077
vn -0.7682 0.6402 -0.0000
usemtl thatch.002
s 1
f 20/1/1 67/2/2 70/3/3 19/4/4
f 27/5/5 1/6/6 4/7/7 28/8/8
f 48/9/9 28/8/8 4/7/7 42/10/10
f 45/11/11 41/12/12 1/13/6 27/14/5
f 36/15/13 2/16/14 3/17/15 37/18/16
f 64/19/17 49/20/18 13/21/19 31/22/20
f 29/23/21 61/24/22 51/25/23 10/26/24
f 127/27/25 58/28/26 24/29/27 86/30/28
f 77/31/29 126/32/30 59/33/31 22/34/32
f 62/35/33 32/36/34 14/37/35 52/38/36
f 11/39/37 56/40/38 61/24/22 29/23/21
f 53/41/39 64/19/17 31/22/20 15/42/40
f 44/43/41 43/44/42 7/45/43 17/46/44
f 47/47/45 18/48/46 8/49/47 46/50/48
f 17/51/44 7/52/43 8/49/47 18/48/46
f 26/53/49 6/54/50 5/55/51 25/56/52
f 9/57/53 36/15/13 37/18/16 10/26/24
f 39/58/54 38/59/55 12/60/56 21/61/57
f 34/62/58 22/34/32 11/39/37 33/63/59
f 35/64/60 29/23/21 10/26/24 37/18/16
f 40/65/61 36/66/13 9/67/53 30/68/62
f 13/69/19 49/70/18 52/38/36 14/37/35
f 55/71/63 16/72/64 32/36/34 62/35/33
f 21/61/57 12/60/56 54/73/65 57/74/66
f 23/75/67 47/47/45 46/50/48 16/72/64
f 30/68/62 9/67/53 50/76/68 63/77/69
f 12/60/56 30/68/62 63/77/69 54/73/65
f 78/78/70 21/61/57 57/74/66 128/79/71
f 105/80/72 77/31/29 22/34/32 34/62/58
f 69/81/73 17/51/44 18/48/46 66/82/74
f 120/83/75 66/82/74 18/48/46 47/47/45
f 121/84/76 44/43/41 17/46/44 69/85/73
f 50/86/68 9/57/53 10/26/24 51/25/23
f 6/54/50 20/1/1 19/4/4 5/55/51
f 22/34/32 59/33/31 56/40/38 11/39/37
f 60/87/77 23/75/67 16/72/64 55/71/63
f 106/88/78 39/58/54 21/61/57 78/78/70
f 38/59/55 40/65/61 30/68/62 12/60/56
f 2/89/14 26/53/49 25/56/52 3/17/15
f 58/28/26 53/41/39 15/42/40 24/29/27
f 43/44/42 45/11/11 27/14/5 7/45/43
f 46/50/48 8/49/47 28/8/8 48/9/9
f 7/52/43 27/5/5 28/8/8 8/49/47
f 20/90/1 6/91/50 38/59/55 39/58/54
f 19/4/4 34/62/58 33/63/59 5/55/51
f 25/56/52 35/64/60 37/18/16 3/17/15
f 26/92/49 2/93/14 36/66/13 40/65/61
f 70/3/3 105/80/72 34/62/58 19/4/4
f 67/94/2 20/90/1 39/58/54 106/88/78
f 6/91/50 26/92/49 40/65/61 38/59/55
f 5/55/51 33/63/59 35/64/60 25/56/52
f 1/95/6 41/96/12 42/10/10 4/7/7
f 15/42/40 31/22/20 45/11/11 43/44/42
f 86/30/28 24/29/27 44/43/41 121/84/76
f 85/97/79 120/83/75 47/47/45 23/75/67
f 41/96/12 13/69/19 14/37/35 42/10/10
f 24/29/27 15/42/40 43/44/42 44/43/41
f 31/22/20 13/21/19 41/12/12 45/11/11
f 32/36/34 48/9/9 42/10/10 14/37/35
f 33/63/59 11/39/37 29/23/21 35/64/60
f 16/72/64 46/50/48 48/9/9 32/36/34
f 50/86/68 51/25/23 52/38/36 49/70/18
f 58/28/26 127/27/25 128/79/71 57/74/66
f 62/35/33 52/38/36 51/25/23 61/24/22
f 64/19/17 53/41/39 54/73/65 63/77/69
f 60/87/77 55/71/63 56/40/38 59/33/31
f 53/41/39 58/28/26 57/74/66 54/73/65
f 125/98/80 60/87/77 59/33/31 126/32/30
f 55/71/63 62/35/33 61/24/22 56/40/38
f 49/20/18 64/19/17 63/77/69 50/76/68
f 125/98/80 85/97/79 23/75/67 60/87/77
f 92/99/81 91/100/82 70/3/83 67/2/84
f 99/101/85 100/102/86 72/103/87 65/104/88
f 124/105/89 116/106/90 72/103/87 100/102/86
f 119/107/91 99/108/85 65/109/88 115/110/92
f 110/111/93 111/112/94 71/113/95 68/114/96
f 144/115/97 103/116/98 83/117/99 129/118/100
f 101/119/101 80/120/102 131/121/103 141/122/104
f 127/27/105 86/30/106 96/123/107 138/124/108
f 77/31/109 94/125/110 139/126/111 126/32/112
f 142/127/113 132/128/114 84/129/115 104/130/116
f 81/131/117 101/119/101 141/122/104 136/132/118
f 133/133/119 87/134/120 103/116/98 144/115/97
f 118/135/121 89/136/122 75/137/123 117/138/124
f 123/139/125 122/140/126 76/141/127 90/142/128
f 89/143/122 90/142/128 76/141/127 75/144/123
f 98/145/129 97/146/130 73/147/131 74/148/132
f 79/149/133 80/120/102 111/112/94 110/111/93
f 113/150/134 93/151/135 82/152/136 112/153/137
f 108/154/138 107/155/139 81/131/117 94/125/110
f 109/156/140 111/112/94 80/120/102 101/119/101
f 114/157/141 102/158/142 79/159/133 110/160/93
f 83/161/99 84/129/115 132/128/114 129/162/100
f 135/163/143 142/127/113 104/130/116 88/164/144
f 93/151/135 137/165/145 134/166/146 82/152/136
f 95/167/147 88/164/144 122/140/126 123/139/125
f 102/158/142 143/168/148 130/169/149 79/159/133
f 82/152/136 134/166/146 143/168/148 102/158/142
f 78/78/150 128/79/151 137/165/145 93/151/135
f 105/80/152 108/154/138 94/125/110 77/31/109
f 69/81/153 66/82/154 90/142/128 89/143/122
f 120/83/155 123/139/125 90/142/128 66/82/154
f 121/84/156 69/85/153 89/136/122 118/135/121
f 130/170/149 131/121/103 80/120/102 79/149/133
f 74/148/132 73/147/131 91/100/82 92/99/81
f 94/125/110 81/131/117 136/132/118 139/126/111
f 140/171/157 135/163/143 88/164/144 95/167/147
f 106/88/158 78/78/150 93/151/135 113/150/134
f 112/153/137 82/152/136 102/158/142 114/157/141
f 68/172/96 71/113/95 97/146/130 98/145/129
f 138/124/108 96/123/107 87/134/120 133/133/119
f 117/138/124 75/137/123 99/108/85 119/107/91
f 122/140/126 124/105/89 100/102/86 76/141/127
f 75/144/123 76/141/127 100/102/86 99/101/85
f 92/173/81 113/150/134 112/153/137 74/174/132
f 91/100/82 73/147/131 107/155/139 108/154/138
f 97/146/130 71/113/95 111/112/94 109/156/140
f 98/175/129 114/157/141 110/160/93 68/176/96
f 70/3/83 91/100/82 108/154/138 105/80/152
f 67/94/84 106/88/158 113/150/134 92/173/81
f 74/174/132 112/153/137 114/157/141 98/175/129
f 73/147/131 97/146/130 109/156/140 107/155/139
f 65/177/88 72/103/87 116/106/90 115/178/92
f 87/134/120 117/138/124 119/107/91 103/116/98
f 86/30/106 121/84/156 118/135/121 96/123/107
f 85/97/159 95/167/147 123/139/125 120/83/155
f 115/178/92 116/106/90 84/129/115 83/161/99
f 96/123/107 118/135/121 117/138/124 87/134/120
f 103/116/98 119/107/91 115/110/92 83/117/99
f 104/130/116 84/129/115 116/106/90 124/105/89
f 107/155/139 109/156/140 101/119/101 81/131/117
f 88/164/144 104/130/116 124/105/89 122/140/126
f 130/170/149 129/162/100 132/128/114 131/121/103
f 138/124/108 137/165/145 128/79/151 127/27/105
f 142/127/113 141/122/104 131/121/103 132/128/114
f 144/115/97 143/168/148 134/166/146 133/133/119
f 140/171/157 139/126/111 136/132/118 135/163/143
f 133/133/119 134/166/146 137/165/145 138/124/108
f 125/98/160 126/32/112 139/126/111 140/171/157
f 135/163/143 136/132/118 141/122/104 142/127/113
f 129/118/100 130/169/149 143/168/148 144/115/97
f 125/98/160 140/171/157 95/167/147 85/97/159
f 157/179/161 145/180/162 146/181/163 158/182/164
f 168/183/165 158/182/164 146/181/163 162/184/166
f 165/185/167 161/186/168 145/187/162 157/188/161
f 184/189/169 169/190/170 149/191/171 159/192/172
f 217/193/173 178/194/174 156/195/175 194/196/176
f 182/197/177 160/198/178 150/199/179 172/200/180
f 173/201/181 184/189/169 159/192/172 151/202/182
f 164/203/183 163/204/184 147/205/185 153/206/186
f 167/207/187 154/208/188 148/209/189 166/210/190
f 153/211/186 147/212/185 148/209/189 154/208/188
f 149/213/171 169/214/170 172/200/180 150/199/179
f 175/215/191 152/216/192 160/198/178 182/197/177
f 155/217/193 167/207/187 166/210/190 152/216/192
f 187/218/194 153/211/186 154/208/188 186/219/195
f 210/220/196 186/219/195 154/208/188 167/207/187
f 211/221/197 164/203/183 153/206/186 187/222/194
f 180/223/198 155/217/193 152/216/192 175/215/191
f 178/194/174 173/201/181 151/202/182 156/195/175
f 163/204/184 165/185/167 157/188/161 147/205/185
f 166/210/190 148/209/189 158/182/164 168/183/165
f 147/212/185 157/179/161 158/182/164 148/209/189
f 145/224/162 161/225/168 162/184/166 146/181/163
f 151/202/182 159/192/172 165/185/167 163/204/184
f 194/196/176 156/195/175 164/203/183 211/221/197
f 193/226/199 210/220/196 167/207/187 155/217/193
f 161/225/168 149/213/171 150/199/179 162/184/166
f 156/195/175 151/202/182 163/204/184 164/203/183
f 159/192/172 149/191/171 161/186/168 165/185/167
f 160/198/178 168/183/165 162/184/166 150/199/179
f 152/216/192 166/210/190 168/183/165 160/198/178
f 170/227/200 171/228/201 172/200/180 169/214/170
f 178/194/174 217/193/173 218/229/202 177/230/203
f 182/197/177 172/200/180 171/228/201 181/231/204
f 184/189/169 173/201/181 174/232/205 183/233/206
f 180/223/198 175/215/191 176/234/207 179/235/208
f 173/201/181 178/194/174 177/230/203 174/232/205
f 215/236/209 180/223/198 179/235/208 216/237/210
f 175/215/191 182/197/177 181/231/204 176/234/207
f 169/190/170 184/189/169 183/233/206 170/238/200
f 215/236/209 193/226/199 155/217/193 180/223/198
f 201/239/211 202/240/212 188/241/213 185/242/214
f 214/243/215 206/244/216 188/241/213 202/240/212
f 209/245/217 201/246/211 185/247/214 205/248/218
f 234/249/219 203/250/220 191/251/221 219/252/222
f 217/193/223 194/196/224 200/253/225 228/254/226
f 232/255/227 222/256/228 192/257/229 204/258/230
f 223/259/231 195/260/232 203/250/220 234/249/219
f 208/261/233 197/262/234 189/263/235 207/264/236
f 213/265/237 212/266/238 190/267/239 198/268/240
f 197/269/234 198/268/240 190/267/239 189/270/235
f 191/271/221 192/257/229 222/256/228 219/272/222
f 225/273/241 232/255/227 204/258/230 196/274/242
f 199/275/243 196/274/242 212/266/238 213/265/237
f 187/218/244 186/219/245 198/268/240 197/269/234
f 210/220/246 213/265/237 198/268/240 186/219/245
f 211/221/247 187/222/244 197/262/234 208/261/233
f 230/276/248 225/273/241 196/274/242 199/275/243
f 228/254/226 200/253/225 195/260/232 223/259/231
f 207/264/236 189/263/235 201/246/211 209/245/217
f 212/266/238 214/243/215 202/240/212 190/267/239
f 189/270/235 190/267/239 202/240/212 201/239/211
f 185/277/214 188/241/213 206/244/216 205/278/218
f 195/260/232 207/264/236 209/245/217 203/250/220
f 194/196/224 211/221/247 208/261/233 200/253/225
f 193/226/249 199/275/243 213/265/237 210/220/246
f 205/278/218 206/244/216 192/257/229 191/271/221
f 200/253/225 208/261/233 207/264/236 195/260/232
f 203/250/220 209/245/217 205/248/218 191/251/221
f 204/258/230 192/257/229 206/244/216 214/243/215
f 196/274/242 204/258/230 214/243/215 212/266/238
f 220/279/250 219/272/222 222/256/228 221/280/251
f 228/254/226 227/281/252 218/229/253 217/193/223
f 232/255/227 231/282/254 221/280/251 222/256/228
f 234/249/219 233/283/255 224/284/256 223/259/231
f 230/276/248 229/285/257 226/286/258 225/273/241
f 223/259/231 224/284/256 227/281/252 228/254/226
f 215/236/259 216/237/260 229/285/257 230/276/248
f 225/273/241 226/286/258 231/282/254 232/255/227
f 219/252/222 220/287/250 233/283/255 234/249/219
f 215/236/259 230/276/248 199/275/243 193/226/249
o Cube.002_Cube.008
v 8.918736 0.104666 4.804925
v 8.918736 3.425177 4.804924
v 8.918736 0.104666 5.027113
v 8.918736 3.425177 5.027112
v 8.691041 0.104666 4.804925
v 8.691041 3.425177 4.804924
v 8.691041 0.104666 5.027113
v 8.691041 3.425177 5.027112
v 8.691041 0.104666 4.172449
v 8.691041 6.456668 3.974796
v 8.691041 0.104666 3.974797
v 8.918736 6.456668 4.172448
v 8.918736 0.104666 4.172449
v 8.918736 0.104666 3.974797
v 8.691041 7.423668 3.342320
v 8.691041 0.104666 3.342321
v 8.691041 7.423668 3.144668
v 8.691041 0.104666 3.144669
v 8.918736 0.104666 3.342321
v 8.918736 0.104666 3.144669
v 8.691041 0.104666 2.512193
v 8.691041 0.104666 2.314542
v 8.918736 3.425176 2.512192
v 8.918736 0.104666 2.512193
v 8.918736 3.425176 2.314541
v 8.918736 0.104666 2.314542
v 8.691041 0.104665 1.682065
v 8.691041 0.104665 1.484414
v 8.918736 0.104665 1.682065
v 8.918736 10.111269 1.484412
v 8.918736 0.104665 1.484414
v 8.058565 0.104666 4.804925
v 8.058565 3.425177 4.804924
v 8.058565 0.104666 5.027113
v 8.058565 3.425177 5.027112
v 7.860913 0.104666 4.804925
v 7.860913 3.425177 4.804924
v 7.860913 0.104666 5.027113
v 7.860913 3.425177 5.027112
v 7.228437 0.104666 4.804925
v 7.228437 3.425177 4.804924
v 7.228437 0.104666 5.027113
v 7.228437 3.425177 5.027112
v 7.030785 0.104666 4.804925
v 7.030785 3.425177 4.804924
v 7.030785 0.104666 5.027113
v 7.030785 3.425177 5.027112
v 6.398309 0.104666 4.804925
v 6.398309 3.425177 4.804924
v 6.398309 0.104666 5.027113
v 6.398309 3.425177 5.027112
v 6.200657 0.104666 4.804925
v 6.200657 3.425177 4.804924
v 6.200657 0.104666 5.027113
v 6.200657 3.425177 5.027112
v -3.287481 1.187373 9.198471
v -3.287481 3.168643 4.957364
v -3.287481 1.187372 4.957364
v -3.287481 0.157794 4.957365
v -3.352569 0.157795 9.198469
v -3.352569 1.187373 9.198469
v -3.352569 3.168643 9.198469
v -3.352569 1.187372 4.957363
v 4.738054 0.104666 4.804925
v 4.738054 3.425177 4.804924
v 4.738054 0.104666 5.027113
v 4.738054 3.425177 5.027112
v 4.540402 0.104666 4.804925
v 4.540402 3.425177 4.804924
v 4.540402 0.104666 5.027113
v 4.540402 3.425177 5.027112
v 3.567393 0.104666 4.804925
v 3.567393 3.425177 4.804924
v 3.567393 0.104666 5.027113
v 3.567393 3.425177 5.027112
v 3.369741 0.104666 4.804925
v 3.369741 3.425177 4.804924
v 3.369741 0.104666 5.027113
v 3.369741 3.425177 5.027112
v 8.691041 10.111269 0.851936
v 8.691041 0.104665 0.851938
v 8.691041 10.111269 0.654285
v 8.691041 0.104665 0.654286
v 8.918736 0.104665 0.851938
v 8.918736 10.111269 0.654285
v 8.918736 0.104665 0.654286
v 3.077799 0.104666 4.804925
v 3.077799 3.425177 4.804924
v 3.077799 0.104666 5.027113
v 3.077799 3.425177 5.027112
v 2.880147 0.104666 4.804925
v 2.880147 3.425177 4.804924
v 2.880147 0.104666 5.027113
v 2.880147 3.425177 5.027112
v 8.918736 7.423668 3.342320
v 8.918736 7.423668 3.144668
v 8.691041 3.425176 2.512192
v 8.691041 3.425176 2.314541
v 8.691041 10.111269 1.682064
v 8.691041 10.111269 1.484412
v 8.918736 10.111269 1.682064
v 8.918736 10.111269 0.851936
v 8.691041 6.456668 4.172448
v 8.918736 6.456668 3.974796
v 8.942514 3.524003 5.282151
v 8.543546 3.524003 5.282151
v 8.942514 3.326351 5.282151
v 8.543546 3.326351 5.282151
v 8.964515 0.203492 5.391607
v 8.543546 0.203492 5.391607
v 8.964515 0.005841 5.391607
v 8.543546 0.005841 5.391607
v 8.169129 0.251700 5.221226
v 7.770160 0.251700 5.221226
v 8.169129 0.005841 5.221226
v 7.770160 0.005841 5.221226
v 8.864331 0.077277 3.872803
v 8.864331 0.077277 4.271772
v 8.864331 -0.120374 3.872803
v 8.864331 -0.120374 4.271772
v 8.824301 1.830271 4.998513
v 7.994172 1.830271 4.998513
v 8.824301 1.830271 4.928655
v 7.994172 1.830271 4.928655
v 8.824301 1.699572 4.998513
v 7.994172 1.699572 4.998513
v 8.824301 1.699572 4.928655
v 7.994172 1.699572 4.928655
v 8.827744 1.112237 3.278654
v 8.827744 1.112237 1.625050
v 8.897602 1.112237 3.278654
v 8.897602 1.112237 1.625050
v 8.827744 1.242935 3.278654
v 8.827744 1.242935 1.625050
v 8.897602 1.242935 3.278654
v 8.897602 1.242935 1.625050
v 8.827744 2.675183 3.278654
v 8.827744 2.675183 1.625049
v 8.897602 2.675183 3.278654
v 8.897602 2.675183 1.625049
v 8.827744 2.805882 3.278654
v 8.827744 2.805882 1.625049
v 8.897602 2.805882 3.278654
v 8.897602 2.805882 1.625049
v 7.942211 1.740526 4.998513
v 7.112083 1.740526 4.998513
v 7.942211 1.740526 4.928655
v 7.112083 1.740526 4.928655
v 7.942211 1.609827 4.998513
v 7.112083 1.609827 4.998513
v 7.942211 1.609827 4.928655
v 7.112083 1.609827 4.928655
v 7.106711 2.286567 4.998513
v 6.276584 2.286567 4.998513
v 7.106711 2.286567 4.928655
v 6.276584 2.286567 4.928655
v 7.106711 2.155868 4.998513
v 6.276584 2.155868 4.998513
v 7.106711 2.155868 4.928655
v 6.276584 2.155868 4.928655
v 6.366701 1.260637 5.466591
v 4.605761 1.260637 5.466591
v 6.366701 1.260637 4.928655
v 4.605761 1.260637 4.928655
v 6.366701 1.144162 5.466592
v 4.605761 1.144162 5.466592
v 6.366701 1.144162 4.928656
v 4.605761 1.144162 4.928656
v 6.341086 2.805882 4.998513
v 4.687482 2.805882 4.998513
v 6.341086 2.805882 4.928655
v 4.687482 2.805882 4.928655
v 6.341086 2.675184 4.998513
v 4.687482 2.675184 4.998513
v 6.341086 2.675184 4.928655
v 4.687482 2.675184 4.928655
v 3.033623 2.285906 4.928655
v 3.863751 2.285906 4.928655
v 3.033623 2.285906 4.998513
v 3.863751 2.285906 4.998513
v 3.033623 2.416604 4.928655
v 3.863751 2.416604 4.928655
v 3.033623 2.416604 4.998513
v 3.863751 2.416604 4.998513
v 2.988091 2.805882 4.998513
v 2.988091 2.805882 4.928655
v 2.988091 2.522630 4.998513
v 2.988091 2.522630 4.928655
v 8.894422 2.805881 0.698662
v 8.824564 2.805881 0.698662
v 8.894422 2.675183 0.698662
v 8.824564 2.675183 0.698662
v 5.114576 0.104665 1.385278
v 5.114576 0.104665 1.187626
v 5.342271 0.104665 1.385278
v 5.342271 3.425176 1.187626
v 5.342271 0.104665 1.187626
v 5.114576 9.164652 1.385276
v 5.114576 3.425176 1.385277
v 5.114576 9.164652 1.187625
v 5.114576 3.425176 1.187626
v 5.342271 9.164652 1.385276
v 5.342271 3.425176 1.385277
v 5.342271 9.164652 1.187625
v 8.895609 0.364722 5.147961
v 8.895609 0.297754 5.214929
v 8.895609 0.297754 4.968237
v 8.895609 0.364722 5.035204
v 8.895609 0.158509 5.035204
v 8.895609 0.225477 4.968237
v 8.895609 0.225477 5.214929
v 8.895609 0.158509 5.147961
v 9.074916 2.980638 5.147960
v 9.074916 2.913670 5.214928
v 9.074916 2.913670 4.968236
v 9.074916 2.980638 5.035204
v 9.074916 2.774425 5.035204
v 9.074916 2.841393 4.968236
v 9.074916 2.841393 5.214928
v 9.074916 2.774425 5.147960
v 8.876025 2.938393 5.099875
v 8.809057 2.871425 5.099875
v 9.055750 2.871425 5.099875
v 8.988781 2.938393 5.099875
v 8.988781 2.732180 5.099875
v 9.055750 2.799148 5.099875
v 8.809057 2.799148 5.099875
v 8.876025 2.732180 5.099875
v 6.323982 0.827804 4.947790
v 6.323982 1.241706 5.361691
v 6.323982 0.746609 5.028984
v 6.323982 1.160512 5.442886
v 6.285707 0.827804 4.947790
v 6.285707 1.241706 5.361691
v 6.285707 0.746609 5.028984
v 6.285707 1.160512 5.442886
v 5.493855 0.827804 4.947790
v 5.493855 1.241706 5.361691
v 5.493855 0.746609 5.028984
v 5.493855 1.160512 5.442886
v 5.455579 0.827804 4.947790
v 5.455579 1.241706 5.361691
v 5.455579 0.746609 5.028984
v 5.455579 1.160512 5.442886
v 4.663727 0.827804 4.947790
v 4.663727 1.241706 5.361691
v 4.663727 0.746609 5.028984
v 4.663727 1.160512 5.442886
v 4.625452 0.827804 4.947790
v 4.625452 1.241706 5.361691
v 4.625452 0.746609 5.028984
v 4.625452 1.160512 5.442886
v -8.518086 0.104666 4.804925
v -8.518086 3.425177 4.804924
v -8.518086 0.104666 5.027113
v -8.518086 3.425177 5.027112
v -8.290391 0.104666 4.804925
v -8.290391 3.425177 4.804924
v -8.290391 0.104666 5.027113
v -8.290391 3.425177 5.027112
v -8.290391 0.104666 4.172449
v -8.290391 3.425176 3.974796
v -8.290391 0.104666 3.974797
v -8.518086 3.425176 4.172449
v -8.518086 0.104666 4.172449
v -8.518086 0.104666 3.974797
v -8.290391 7.363516 3.342320
v -8.290391 0.104666 3.342321
v -8.290391 7.363516 3.144668
v -8.290391 0.104666 3.144669
v -8.518086 0.104666 3.342321
v -8.518086 0.104666 3.144669
v -8.290391 0.104666 2.512193
v -8.290391 0.104666 2.314542
v -8.518086 3.425176 2.512192
v -8.518086 0.104666 2.512193
v -8.518086 3.425176 2.314541
v -8.518086 0.104666 2.314542
v -8.290391 0.104665 1.682065
v -8.290391 0.104665 1.484414
v -8.518086 0.104665 1.682065
v -8.518086 9.726704 1.484412
v -8.518086 0.104665 1.484414
v -7.657916 0.104666 4.804925
v -7.657916 3.425177 4.804924
v -7.657916 0.104666 5.027113
v -7.657916 3.425177 5.027112
v -7.460264 0.104666 4.804925
v -7.460264 3.425177 4.804924
v -7.460264 0.104666 5.027113
v -7.460264 3.425177 5.027112
v -6.827788 0.104666 4.804925
v -6.827788 3.425177 4.804924
v -6.827788 0.104666 5.027113
v -6.827788 3.425177 5.027112
v -6.630136 0.104666 4.804925
v -6.630136 3.425177 4.804924
v -6.630136 0.104666 5.027113
v -6.630136 3.425177 5.027112
v -5.997660 0.104666 4.804925
v -5.997660 3.425177 4.804924
v -5.997660 0.104666 5.027113
v -5.997660 3.425177 5.027112
v -5.800008 0.104666 4.804925
v -5.800008 3.425177 4.804924
v -5.800008 0.104666 5.027113
v -5.800008 3.425177 5.027112
v -3.352569 0.157794 4.957364
v -3.352569 3.168643 4.957363
v 3.437069 3.168643 4.957363
v 3.437069 0.157794 4.957364
v 3.437069 1.187372 4.957363
v 3.437069 3.168643 9.198469
v 3.437069 1.187373 9.198469
v 3.437069 0.157795 9.198469
v -4.337405 0.104666 4.804925
v -4.337405 3.425177 4.804924
v -4.337405 0.104666 5.027113
v -4.337405 3.425177 5.027112
v -4.139753 0.104666 4.804925
v -4.139753 3.425177 4.804924
v -4.139753 0.104666 5.027113
v -4.139753 3.425177 5.027112
v -3.507277 0.104666 4.804925
v -3.507277 3.425177 4.804924
v -3.507277 0.104666 5.027113
v -3.507277 3.425177 5.027112
v -3.309625 0.104666 4.804925
v -3.309625 3.425177 4.804924
v -3.309625 0.104666 5.027113
v -3.309625 3.425177 5.027112
v -8.290391 9.726704 0.851936
v -8.290391 0.104665 0.851938
v -8.290391 9.726704 0.654285
v -8.290391 0.104665 0.654286
v -8.518086 0.104665 0.851938
v -8.518086 9.726704 0.654285
v -8.518086 0.104665 0.654286
v -1.064654 0.104666 4.804925
v -1.064654 3.425177 4.804924
v -1.064654 0.104666 5.027113
v -1.064654 3.425177 5.027112
v -0.867002 0.104666 4.804925
v -0.867002 3.425177 4.804924
v -0.867002 0.104666 5.027113
v -0.867002 3.425177 5.027112
v -8.518086 7.363516 3.342320
v -8.518086 7.363516 3.144668
v -8.290391 3.425176 2.512192
v -8.290391 3.425176 2.314541
v -8.290391 9.726704 1.682064
v -8.290391 9.726704 1.484412
v -8.518086 9.726704 1.682064
v -8.518086 9.726704 0.851936
v -8.290391 4.273368 4.172448
v -8.290391 3.425176 4.172449
v -8.290391 4.273368 3.974796
v -8.518086 4.273368 4.172448
v -8.518086 4.273368 3.974796
v -8.518086 3.425176 3.974796
v -8.541864 3.524003 5.282151
v -8.142896 3.524003 5.282151
v -8.541864 3.326351 5.282151
v -8.142896 3.326351 5.282151
v -8.563865 0.203492 5.391607
v -8.142896 0.203492 5.391607
v -8.563865 0.005841 5.391607
v -8.142896 0.005841 5.391607
v -7.768480 0.251700 5.221226
v -7.369511 0.251700 5.221226
v -7.768480 0.005841 5.221226
v -7.369511 0.005841 5.221226
v 0.400650 0.077277 3.872804
v -8.463681 0.077277 3.872803
v 0.400650 0.077277 4.271772
v -8.463681 0.077277 4.271772
v 0.400650 -0.120374 3.872804
v -8.463681 -0.120374 3.872803
v 0.400650 -0.120374 4.271772
v -8.463681 -0.120374 4.271772
v -8.423651 1.830271 4.998513
v -7.593524 1.830271 4.998513
v -8.423651 1.830271 4.928655
v -7.593524 1.830271 4.928655
v -8.423651 1.699572 4.998513
v -7.593524 1.699572 4.998513
v -8.423651 1.699572 4.928655
v -7.593524 1.699572 4.928655
v -8.427094 1.112237 3.278654
v -8.427094 1.112237 1.625050
v -8.496952 1.112237 3.278654
v -8.496952 1.112237 1.625050
v -8.427094 1.242935 3.278654
v -8.427094 1.242935 1.625050
v -8.496952 1.242935 3.278654
v -8.496952 1.242935 1.625050
v -8.427094 2.675183 3.278654
v -8.427094 2.675183 1.625049
v -8.496952 2.675183 3.278654
v -8.496952 2.675183 1.625049
v -8.427094 2.805882 3.278654
v -8.427094 2.805882 1.625049
v -8.496952 2.805882 3.278654
v -8.496952 2.805882 1.625049
v -7.541562 1.740526 4.998513
v -6.711434 1.740526 4.998513
v -7.541562 1.740526 4.928655
v -6.711434 1.740526 4.928655
v -7.541562 1.609827 4.998513
v -6.711434 1.609827 4.998513
v -7.541562 1.609827 4.928655
v -6.711434 1.609827 4.928655
v -6.706062 2.286567 4.998513
v -5.875934 2.286567 4.998513
v -6.706062 2.286567 4.928655
v -5.875934 2.286567 4.928655
v -6.706062 2.155868 4.998513
v -5.875934 2.155868 4.998513
v -6.706062 2.155868 4.928655
v -5.875934 2.155868 4.928655
v -5.966052 1.260637 5.466591
v -4.205112 1.260637 5.466591
v -5.966052 1.260637 4.928655
v -4.205112 1.260637 4.928655
v -5.966052 1.144162 5.466592
v -4.205112 1.144162 5.466592
v -5.966052 1.144162 4.928656
v -4.205112 1.144162 4.928656
v -5.940437 2.805882 4.998513
v -4.286833 2.805882 4.998513
v -5.940437 2.805882 4.928655
v -4.286833 2.805882 4.928655
v -5.940437 2.675184 4.998513
v -4.286833 2.675184 4.998513
v -5.940437 2.675184 4.928655
v -4.286833 2.675184 4.928655
v -2.632974 2.285906 4.928655
v -3.463102 2.285906 4.928655
v -2.632974 2.285906 4.998513
v -3.463102 2.285906 4.998513
v -2.632974 2.416604 4.928655
v -3.463102 2.416604 4.928655
v -2.632974 2.416604 4.998513
v -3.463102 2.416604 4.998513
v -2.587442 2.805882 4.998513
v 2.215614 2.805882 4.998513
v -2.587442 2.805882 4.928655
v 2.215614 2.805882 4.928655
v -2.587442 2.522630 4.998513
v 2.215614 2.522630 4.998513
v -2.587442 2.522630 4.928655
v 2.215614 2.522630 4.928655
v -8.493773 2.805881 0.698662
v -8.423914 2.805881 0.698662
v -8.493773 2.675183 0.698662
v -8.423914 2.675183 0.698662
v -4.713927 0.104665 1.385278
v -4.713927 0.104665 1.187626
v -4.941623 0.104665 1.385278
v -4.941623 3.425176 1.187626
v -4.941623 0.104665 1.187626
v -4.713927 9.164652 1.385276
v -4.713927 3.425176 1.385277
v -4.713927 9.164652 1.187625
v -4.713927 3.425176 1.187626
v -4.941623 9.164652 1.385276
v -4.941623 3.425176 1.385277
v -4.941623 9.164652 1.187625
v 0.400650 0.364722 5.035206
v 0.400650 0.297754 4.968238
v -8.494959 0.364722 5.147961
v -8.494959 0.297754 5.214929
v 0.400650 0.225477 4.968238
v 0.400650 0.158509 5.035206
v 0.400650 0.158509 5.147961
v 0.400650 0.225477 5.214929
v -8.494959 0.297754 4.968237
v -8.494959 0.364722 5.035204
v 0.400650 0.297754 5.214929
v 0.400650 0.364722 5.147961
v -8.494959 0.158509 5.035204
v -8.494959 0.225477 4.968237
v -8.494959 0.225477 5.214929
v -8.494959 0.158509 5.147961
v 0.400650 2.980638 5.035205
v 0.400650 2.913670 4.968237
v -8.674266 2.980638 5.147960
v -8.674266 2.913670 5.214928
v 0.400650 2.841393 4.968237
v 0.400650 2.774425 5.035205
v 0.400650 2.774425 5.147960
v 0.400650 2.841393 5.214928
v -8.674266 2.913670 4.968236
v -8.674266 2.980638 5.035204
v 0.400650 2.913670 5.214928
v 0.400650 2.980638 5.147960
v -8.674266 2.774425 5.035204
v -8.674266 2.841393 4.968236
v -8.674266 2.841393 5.214928
v -8.674266 2.774425 5.147960
v -8.475375 2.938393 5.099875
v -8.408408 2.871425 5.099875
v -8.655100 2.871425 5.099875
v -8.588131 2.938393 5.099875
v -8.588131 2.732180 5.099875
v -8.655100 2.799148 5.099875
v -8.408408 2.799148 5.099875
v -8.475375 2.732180 5.099875
v -8.436832 2.691714 2.949569
v -8.436832 1.206575 2.949569
v -8.436832 2.691714 2.818520
v -8.436832 1.206575 2.818520
v -8.473891 1.206575 2.949569
v -8.473891 1.206575 2.818520
v -8.473891 2.691714 2.949569
v -8.473891 2.691714 2.818520
v -8.436832 2.691714 2.640712
v -8.436832 1.206575 2.640712
v -8.436832 2.691714 2.509664
v -8.436832 1.206575 2.509664
v -8.473891 1.206575 2.640712
v -8.473891 1.206575 2.509664
v -8.473891 2.691714 2.640712
v -8.473891 2.691714 2.509664
v -8.436832 2.691714 2.322696
v -8.436832 1.206575 2.322697
v -8.436832 2.691714 2.191648
v -8.436832 1.206575 2.191648
v -8.473891 1.206575 2.322697
v -8.473891 1.206575 2.191648
v -8.473891 2.691714 2.322696
v -8.473891 2.691714 2.191648
v -8.436832 2.691714 2.009175
v -8.436832 1.206575 2.009175
v -8.436832 2.691714 1.878127
v -8.436832 1.206575 1.878127
v -8.473891 1.206575 2.009175
v -8.473891 1.206575 1.878127
v -8.473891 2.691714 2.009175
v -8.473891 2.691714 1.878127
v -5.923333 0.827804 4.947790
v -5.923333 1.241706 5.361691
v -5.923333 0.746609 5.028984
v -5.923333 1.160512 5.442886
v -5.885058 0.827804 4.947790
v -5.885058 1.241706 5.361691
v -5.885058 0.746609 5.028984
v -5.885058 1.160512 5.442886
v -5.093205 0.827804 4.947790
v -5.093205 1.241706 5.361691
v -5.093205 0.746609 5.028984
v -5.093205 1.160512 5.442886
v -5.054931 0.827804 4.947790
v -5.054931 1.241706 5.361691
v -5.054931 0.746609 5.028984
v -5.054931 1.160512 5.442886
v -4.263078 0.827804 4.947790
v -4.263078 1.241706 5.361691
v -4.263078 0.746609 5.028984
v -4.263078 1.160512 5.442886
v -4.224803 0.827804 4.947790
v -4.224803 1.241706 5.361691
v -4.224803 0.746609 5.028984
v -4.224803 1.160512 5.442886
v 8.918736 0.104664 -4.804927
v 8.918736 3.425175 -4.804927
v 8.918736 0.104664 -5.027115
v 8.918736 3.425175 -5.027115
v 8.691041 0.104664 -4.804927
v 8.691041 3.425175 -4.804927
v 8.691041 0.104664 -5.027115
v 8.691041 3.425175 -5.027115
v 8.691041 0.104664 -4.172451
v 8.691041 6.456666 -3.974800
v 8.691041 0.104664 -3.974799
v 8.918736 6.456666 -4.172452
v 8.918736 0.104664 -4.172451
v 8.918736 0.104664 -3.974799
v 8.691041 7.423666 -3.342324
v 8.691041 0.104665 -3.342323
v 8.691041 7.423666 -3.144672
v 8.691041 0.104665 -3.144671
v 8.918736 0.104665 -3.342323
v 8.918736 0.104665 -3.144671
v 8.691041 0.104665 -2.512195
v 8.691041 0.104665 -2.314543
v 8.918736 3.425175 -2.512196
v 8.918736 0.104665 -2.512195
v 8.918736 3.425175 -2.314544
v 8.918736 0.104665 -2.314543
v 8.691041 0.104665 -1.682067
v 8.691041 0.104665 -1.484416
v 8.918736 0.104665 -1.682067
v 8.918736 10.111269 -1.484417
v 8.918736 0.104665 -1.484416
v 8.058565 0.104664 -4.804927
v 8.058565 3.425175 -4.804927
v 8.058565 0.104664 -5.027115
v 8.058565 3.425175 -5.027115
v 7.860913 0.104664 -4.804927
v 7.860913 3.425175 -4.804927
v 7.860913 0.104664 -5.027115
v 7.860913 3.425175 -5.027115
v 7.228437 0.104664 -4.804927
v 7.228437 3.425175 -4.804927
v 7.228437 0.104664 -5.027115
v 7.228437 3.425175 -5.027115
v 7.030785 0.104664 -4.804927
v 7.030785 3.425175 -4.804927
v 7.030785 0.104664 -5.027115
v 7.030785 3.425175 -5.027115
v 6.398309 0.104664 -4.804927
v 6.398309 3.425175 -4.804927
v 6.398309 0.104664 -5.027115
v 6.398309 3.425175 -5.027115
v 6.200657 0.104664 -4.804927
v 6.200657 3.425175 -4.804927
v 6.200657 0.104664 -5.027115
v 6.200657 3.425175 -5.027115
v 3.883475 1.484135 -4.928658
v 4.713603 1.484135 -4.928658
v 3.883475 1.484135 -4.998516
v 4.713603 1.484135 -4.998516
v 3.883475 1.614834 -4.928658
v 4.713603 1.614834 -4.928658
v 3.883475 1.614834 -4.998516
v 4.713603 1.614834 -4.998516
v 4.738054 0.104664 -4.804927
v 4.738054 3.425175 -4.804927
v 4.738054 0.104664 -5.027115
v 4.738054 3.425175 -5.027115
v 4.540402 0.104664 -4.804927
v 4.540402 3.425175 -4.804927
v 4.540402 0.104664 -5.027115
v 4.540402 3.425175 -5.027115
v 3.907926 0.104664 -4.804927
v 3.907926 3.425175 -4.804927
v 3.907926 0.104664 -5.027115
v 3.907926 3.425175 -5.027115
v 3.710274 0.104664 -4.804927
v 3.710274 3.425175 -4.804927
v 3.710274 0.104664 -5.027115
v 3.710274 3.425175 -5.027115
v 8.691041 10.111269 -0.851941
v 8.691041 0.104665 -0.851940
v 8.691041 10.111269 -0.654290
v 8.691041 0.104665 -0.654288
v 8.918736 0.104665 -0.851940
v 8.918736 10.111269 -0.654290
v 8.918736 0.104665 -0.654288
v 3.077799 0.104664 -4.804927
v 3.077799 3.425175 -4.804927
v 3.077799 0.104664 -5.027115
v 3.077799 3.425175 -5.027115
v 2.880147 0.104664 -4.804927
v 2.880147 3.425175 -4.804927
v 2.880147 0.104664 -5.027115
v 2.880147 3.425175 -5.027115
v 8.918736 7.423666 -3.342324
v 8.918736 7.423666 -3.144672
v 8.691041 3.425175 -2.512196
v 8.691041 3.425175 -2.314544
v 8.691041 10.111269 -1.682069
v 8.691041 10.111269 -1.484417
v 8.918736 10.111269 -1.682069
v 8.918736 10.111269 -0.851941
v 8.691041 6.456666 -4.172452
v 8.918736 6.456666 -3.974800
v 8.942513 3.524002 -0.000001
v 8.942514 3.524001 -5.282154
v 8.543546 3.524002 -0.000001
v 8.543546 3.524001 -5.282154
v 8.942513 3.326350 -0.000001
v 8.942514 3.326349 -5.282154
v 8.543546 3.326350 -0.000001
v 8.543546 3.326349 -5.282154
v 8.964514 0.203491 -0.000001
v 8.964515 0.203490 -5.282154
v 8.543546 0.203491 -0.000001
v 8.543546 0.203490 -5.282154
v 8.964514 0.005840 -0.000001
v 8.964515 0.005839 -5.282154
v 8.543546 0.005840 -0.000001
v 8.543546 0.005839 -5.282154
v 8.169129 0.251699 -0.000001
v 8.169129 0.251698 -5.221228
v 7.770160 0.251699 -0.000001
v 7.770160 0.251698 -5.221228
v 8.169129 0.005840 -0.000001
v 8.169129 0.005839 -5.221228
v 7.770160 0.005840 -0.000001
v 7.770160 0.005839 -5.221228
v 8.864331 0.077276 -3.872805
v 8.864331 0.077276 -4.271774
v 8.864331 -0.120375 -3.872805
v 8.864331 -0.120375 -4.271774
v 8.824301 1.830269 -4.998516
v 7.994172 1.830269 -4.998516
v 8.824301 1.830269 -4.928658
v 7.994172 1.830269 -4.928658
v 8.824301 1.699570 -4.998516
v 7.994172 1.699570 -4.998516
v 8.824301 1.699570 -4.928658
v 7.994172 1.699570 -4.928658
v 8.827744 1.112236 -3.278656
v 8.827744 1.112236 -1.625052
v 8.897602 1.112236 -3.278656
v 8.897602 1.112236 -1.625052
v 8.827744 1.242934 -3.278656
v 8.827744 1.242934 -1.625052
v 8.897602 1.242934 -3.278656
v 8.897602 1.242934 -1.625052
v 8.827744 2.675182 -3.278657
v 8.827744 2.675182 -1.625052
v 8.897602 2.675182 -3.278657
v 8.897602 2.675182 -1.625052
v 8.827744 2.805881 -3.278657
v 8.827744 2.805881 -1.625052
v 8.897602 2.805881 -3.278657
v 8.897602 2.805881 -1.625052
v 7.942211 1.740524 -4.998516
v 7.112083 1.740524 -4.998516
v 7.942211 1.740524 -4.928658
v 7.112083 1.740524 -4.928658
v 7.942211 1.609825 -4.998516
v 7.112083 1.609825 -4.998516
v 7.942211 1.609825 -4.928658
v 7.112083 1.609825 -4.928658
v 7.106711 2.286565 -4.998516
v 6.276584 2.286565 -4.998516
v 7.106711 2.286565 -4.928658
v 6.276584 2.286565 -4.928658
v 7.106711 2.155866 -4.998516
v 6.276584 2.155866 -4.998516
v 7.106711 2.155866 -4.928658
v 6.276584 2.155866 -4.928658
v 6.366701 1.260635 -5.466594
v 4.605761 1.260635 -5.466594
v 6.366701 1.260635 -4.928658
v 4.605761 1.260635 -4.928658
v 6.366701 1.144160 -5.466594
v 4.605761 1.144160 -5.466594
v 6.366701 1.144160 -4.928658
v 4.605761 1.144160 -4.928658
v 6.341086 2.805880 -4.998516
v 4.687482 2.805880 -4.998516
v 6.341086 2.805880 -4.928658
v 4.687482 2.805880 -4.928658
v 6.341086 2.675182 -4.998516
v 4.687482 2.675182 -4.998516
v 6.341086 2.675182 -4.928658
v 4.687482 2.675182 -4.928658
v 3.033623 2.285904 -4.928658
v 3.863751 2.285904 -4.928658
v 3.033623 2.285904 -4.998516
v 3.863751 2.285904 -4.998516
v 3.033623 2.416602 -4.928658
v 3.863751 2.416602 -4.928658
v 3.033623 2.416602 -4.998516
v 3.863751 2.416602 -4.998516
v 2.988091 1.112235 -4.928658
v 2.988091 1.112235 -4.998515
v 2.988091 1.242934 -4.928658
v 2.988091 1.242934 -4.998516
v 2.988091 2.805880 -4.998516
v 2.988091 2.805880 -4.928658
v 2.988091 2.675182 -4.998516
v 2.988091 2.675182 -4.928658
v 8.894422 2.805881 -0.000001
v 8.894422 2.805881 -0.698665
v 8.824564 2.805881 -0.000001
v 8.824564 2.805881 -0.698665
v 8.894422 2.675183 -0.000001
v 8.894422 2.675183 -0.698665
v 8.824564 2.675183 -0.000001
v 8.824564 2.675183 -0.698665
v 5.114576 0.104665 -1.385279
v 5.114576 0.104665 -1.187628
v 5.342271 0.104665 -1.385279
v 5.342271 3.425176 -1.187628
v 5.342271 0.104665 -1.187628
v 5.114576 9.164652 -1.385281
v 5.114576 3.425176 -1.385280
v 5.114576 9.164652 -1.187629
v 5.114576 3.425176 -1.187628
v 5.342271 9.164652 -1.385281
v 5.342271 3.425176 -1.385280
v 5.342271 9.164652 -1.187629
v 8.895609 0.364720 -5.147963
v 8.895609 0.297752 -5.214931
v 8.895609 0.297753 -4.968239
v 8.895609 0.364721 -5.035206
v 8.895609 0.158508 -5.035206
v 8.895609 0.225475 -4.968239
v 8.895609 0.225475 -5.214931
v 8.895609 0.158507 -5.147963
v 9.074916 2.980636 -5.147963
v 9.074916 2.913668 -5.214931
v 9.074916 2.913668 -4.968239
v 9.074916 2.980636 -5.035207
v 9.074916 2.774423 -5.035207
v 9.074916 2.841391 -4.968239
v 9.074916 2.841391 -5.214931
v 9.074916 2.774423 -5.147963
v 8.988781 2.938392 -0.000001
v 9.055749 2.871424 -0.000001
v 8.876025 2.938391 -5.099878
v 8.809057 2.871423 -5.099878
v 9.055749 2.799147 -0.000001
v 8.988781 2.732179 -0.000001
v 8.876025 2.732179 -0.000001
v 8.809057 2.799147 -0.000001
v 9.055750 2.871423 -5.099878
v 8.988781 2.938391 -5.099878
v 8.809057 2.871424 -0.000001
v 8.876025 2.938392 -0.000001
v 8.988781 2.732178 -5.099878
v 9.055750 2.799146 -5.099878
v 8.809057 2.799146 -5.099878
v 8.876025 2.732178 -5.099878
v 6.323982 0.827802 -4.947792
v 6.323982 1.241704 -5.361694
v 6.323982 0.746608 -5.028986
v 6.323982 1.160510 -5.442888
v 6.285707 0.827802 -4.947792
v 6.285707 1.241704 -5.361694
v 6.285707 0.746608 -5.028986
v 6.285707 1.160510 -5.442888
v 5.493855 0.827802 -4.947792
v 5.493855 1.241704 -5.361694
v 5.493855 0.746608 -5.028986
v 5.493855 1.160510 -5.442888
v 5.455579 0.827802 -4.947792
v 5.455579 1.241704 -5.361694
v 5.455579 0.746608 -5.028986
v 5.455579 1.160510 -5.442888
v 4.663727 0.827802 -4.947792
v 4.663727 1.241704 -5.361694
v 4.663727 0.746608 -5.028986
v 4.663727 1.160510 -5.442888
v 4.625452 0.827802 -4.947792
v 4.625452 1.241704 -5.361694
v 4.625452 0.746608 -5.028986
v 4.625452 1.160510 -5.442888
v -8.518086 0.104664 -4.804927
v -8.518086 3.425175 -4.804927
v -8.518086 0.104664 -5.027115
v -8.518086 3.425175 -5.027115
v -8.290391 0.104664 -4.804927
v -8.290391 3.425175 -4.804927
v -8.290391 0.104664 -5.027115
v -8.290391 3.425175 -5.027115
v -8.290391 0.104664 -4.172451
v -8.290391 5.555489 -3.974800
v -8.290391 0.104664 -3.974799
v -8.518086 5.555489 -4.172452
v -8.518086 0.104664 -4.172451
v -8.518086 0.104664 -3.974799
v -8.290391 7.363514 -3.342324
v -8.290391 0.104665 -3.342323
v -8.290391 7.363514 -3.144672
v -8.290391 0.104665 -3.144671
v -8.518086 0.104665 -3.342323
v -8.518086 0.104665 -3.144671
v -8.290391 0.104665 -2.512195
v -8.290391 0.104665 -2.314543
v -8.518086 3.425175 -2.512196
v -8.518086 0.104665 -2.512195
v -8.518086 3.425175 -2.314544
v -8.518086 0.104665 -2.314543
v -8.290391 0.104665 -1.682067
v -8.290391 0.104665 -1.484416
v -8.518086 0.104665 -1.682067
v -8.518086 9.726704 -1.484417
v -8.518086 0.104665 -1.484416
v -7.657916 0.104664 -4.804927
v -7.657916 3.425175 -4.804927
v -7.657916 0.104664 -5.027115
v -7.657916 3.425175 -5.027115
v -7.460264 0.104664 -4.804927
v -7.460264 3.425175 -4.804927
v -7.460264 0.104664 -5.027115
v -7.460264 3.425175 -5.027115
v -6.827788 0.104664 -4.804927
v -6.827788 3.425175 -4.804927
v -6.827788 0.104664 -5.027115
v -6.827788 3.425175 -5.027115
v -6.630136 0.104664 -4.804927
v -6.630136 3.425175 -4.804927
v -6.630136 0.104664 -5.027115
v -6.630136 3.425175 -5.027115
v -5.997660 0.104664 -4.804927
v -5.997660 3.425175 -4.804927
v -5.997660 0.104664 -5.027115
v -5.997660 3.425175 -5.027115
v -5.800008 0.104664 -4.804927
v -5.800008 3.425175 -4.804927
v -5.800008 0.104664 -5.027115
v -5.800008 3.425175 -5.027115
v -3.482826 1.484135 -4.928658
v -4.312954 1.484135 -4.928658
v -3.482826 1.484135 -4.998516
v -4.312954 1.484135 -4.998516
v -3.482826 1.614834 -4.928658
v -4.312954 1.614834 -4.928658
v -3.482826 1.614834 -4.998516
v -4.312954 1.614834 -4.998516
v -4.337405 0.104664 -4.804927
v -4.337405 3.425175 -4.804927
v -4.337405 0.104664 -5.027115
v -4.337405 3.425175 -5.027115
v -4.139753 0.104664 -4.804927
v -4.139753 3.425175 -4.804927
v -4.139753 0.104664 -5.027115
v -4.139753 3.425175 -5.027115
v -3.507277 0.104664 -4.804927
v -3.507277 3.425175 -4.804927
v -3.507277 0.104664 -5.027115
v -3.507277 3.425175 -5.027115
v -3.309625 0.104664 -4.804927
v -3.309625 3.425175 -4.804927
v -3.309625 0.104664 -5.027115
v -3.309625 3.425175 -5.027115
v -8.290391 9.726704 -0.851941
v -8.290391 0.104665 -0.851940
v -8.290391 9.726704 -0.654290
v -8.290391 0.104665 -0.654288
v -8.518086 0.104665 -0.851940
v -8.518086 9.726704 -0.654290
v -8.518086 0.104665 -0.654288
v -2.677150 0.104664 -4.804927
v -2.677150 3.425175 -4.804927
v -2.677150 0.104664 -5.027115
v -2.677150 3.425175 -5.027115
v -2.479498 0.104664 -4.804927
v -2.479498 3.425175 -4.804927
v -2.479498 0.104664 -5.027115
v -2.479498 3.425175 -5.027115
v -8.518086 7.363514 -3.342324
v -8.518086 7.363514 -3.144672
v -8.290391 3.425175 -2.512196
v -8.290391 3.425175 -2.314544
v -8.290391 9.726704 -1.682069
v -8.290391 9.726704 -1.484417
v -8.518086 9.726704 -1.682069
v -8.518086 9.726704 -0.851941
v -8.290391 4.273367 -4.172452
v -8.290391 5.555489 -4.172452
v -8.290391 4.273367 -3.974800
v -8.518086 4.273367 -4.172452
v -8.518086 4.273367 -3.974800
v -8.518086 5.555489 -3.974800
v -8.541863 3.524002 -0.000001
v -8.541864 3.524001 -5.282154
v -8.142896 3.524002 -0.000001
v -8.142896 3.524001 -5.282154
v -8.541863 3.326350 -0.000001
v -8.541864 3.326349 -5.282154
v -8.142896 3.326350 -0.000001
v -8.142896 3.326349 -5.282154
v -8.563865 0.203491 -0.000001
v -8.563865 0.203490 -5.282154
v -8.142896 0.203491 -0.000001
v -8.142896 0.203490 -5.282154
v -8.563865 0.005840 -0.000001
v -8.563865 0.005839 -5.282154
v -8.142896 0.005840 -0.000001
v -8.142896 0.005839 -5.282154
v -7.768479 0.251699 -0.000001
v -7.768480 0.251698 -5.221228
v -7.369511 0.251699 -0.000001
v -7.369511 0.251698 -5.221228
v -7.768479 0.005840 -0.000001
v -7.768480 0.005839 -5.221228
v -7.369511 0.005840 -0.000001
v -7.369511 0.005839 -5.221228
v 0.400650 0.077276 -3.872806
v -8.463681 0.077276 -3.872805
v 0.400650 0.077276 -4.271774
v -8.463681 0.077276 -4.271774
v 0.400650 -0.120375 -3.872806
v -8.463681 -0.120375 -3.872805
v 0.400650 -0.120375 -4.271774
v -8.463681 -0.120375 -4.271774
v -8.423651 1.830269 -4.998516
v -7.593524 1.830269 -4.998516
v -8.423651 1.830269 -4.928658
v -7.593524 1.830269 -4.928658
v -8.423651 1.699570 -4.998516
v -7.593524 1.699570 -4.998516
v -8.423651 1.699570 -4.928658
v -7.593524 1.699570 -4.928658
v -8.427094 1.112236 -3.278656
v -8.427094 1.112236 -1.625052
v -8.496952 1.112236 -3.278656
v -8.496952 1.112236 -1.625052
v -8.427094 1.242934 -3.278656
v -8.427094 1.242934 -1.625052
v -8.496952 1.242934 -3.278656
v -8.496952 1.242934 -1.625052
v -8.427094 2.675182 -3.278657
v -8.427094 2.675182 -1.625052
v -8.496952 2.675182 -3.278657
v -8.496952 2.675182 -1.625052
v -8.427094 2.805881 -3.278657
v -8.427094 2.805881 -1.625052
v -8.496952 2.805881 -3.278657
v -8.496952 2.805881 -1.625052
v -7.541562 1.740524 -4.998516
v -6.711434 1.740524 -4.998516
v -7.541562 1.740524 -4.928658
v -6.711434 1.740524 -4.928658
v -7.541562 1.609825 -4.998516
v -6.711434 1.609825 -4.998516
v -7.541562 1.609825 -4.928658
v -6.711434 1.609825 -4.928658
v -6.706062 2.286565 -4.998516
v -5.875934 2.286565 -4.998516
v -6.706062 2.286565 -4.928658
v -5.875934 2.286565 -4.928658
v -6.706062 2.155866 -4.998516
v -5.875934 2.155866 -4.998516
v -6.706062 2.155866 -4.928658
v -5.875934 2.155866 -4.928658
v -5.966052 1.260635 -5.466594
v -4.205112 1.260635 -5.466594
v -5.966052 1.260635 -4.928658
v -4.205112 1.260635 -4.928658
v -5.966052 1.144160 -5.466594
v -4.205112 1.144160 -5.466594
v -5.966052 1.144160 -4.928658
v -4.205112 1.144160 -4.928658
v -5.940437 2.805880 -4.998516
v -4.286833 2.805880 -4.998516
v -5.940437 2.805880 -4.928658
v -4.286833 2.805880 -4.928658
v -5.940437 2.675182 -4.998516
v -4.286833 2.675182 -4.998516
v -5.940437 2.675182 -4.928658
v -4.286833 2.675182 -4.928658
v -2.632974 2.285904 -4.928658
v -3.463102 2.285904 -4.928658
v -2.632974 2.285904 -4.998516
v -3.463102 2.285904 -4.998516
v -2.632974 2.416602 -4.928658
v -3.463102 2.416602 -4.928658
v -2.632974 2.416602 -4.998516
v -3.463102 2.416602 -4.998516
v 2.215614 1.112235 -4.928658
v -2.587442 1.112235 -4.928658
v 2.215614 1.112235 -4.998515
v -2.587442 1.112235 -4.998515
v 2.215614 1.242934 -4.928658
v -2.587442 1.242934 -4.928658
v 2.215614 1.242934 -4.998516
v -2.587442 1.242934 -4.998516
v -2.587442 2.805880 -4.998516
v 2.215614 2.805880 -4.998516
v -2.587442 2.805880 -4.928658
v 2.215614 2.805880 -4.928658
v -2.587442 2.675182 -4.998516
v 2.215614 2.675182 -4.998516
v -2.587442 2.675182 -4.928658
v 2.215614 2.675182 -4.928658
v -8.493773 2.805881 -0.000001
v -8.493773 2.805881 -0.698665
v -8.423914 2.805881 -0.000001
v -8.423914 2.805881 -0.698665
v -8.493773 2.675183 -0.000001
v -8.493773 2.675183 -0.698665
v -8.423914 2.675183 -0.000001
v -8.423914 2.675183 -0.698665
v -4.713927 0.104665 -1.385279
v -4.713927 0.104665 -1.187628
v -4.941623 0.104665 -1.385279
v -4.941623 3.425176 -1.187628
v -4.941623 0.104665 -1.187628
v -4.713927 9.164652 -1.385281
v -4.713927 3.425176 -1.385280
v -4.713927 9.164652 -1.187629
v -4.713927 3.425176 -1.187628
v -4.941623 9.164652 -1.385281
v -4.941623 3.425176 -1.385280
v -4.941623 9.164652 -1.187629
v 0.400650 0.364721 -5.035208
v 0.400650 0.297753 -4.968240
v -8.494959 0.364720 -5.147963
v -8.494959 0.297752 -5.214931
v 0.400650 0.225475 -4.968240
v 0.400650 0.158508 -5.035208
v 0.400650 0.158507 -5.147963
v 0.400650 0.225475 -5.214931
v -8.494959 0.297753 -4.968239
v -8.494959 0.364721 -5.035206
v 0.400650 0.297752 -5.214931
v 0.400650 0.364720 -5.147963
v -8.494959 0.158508 -5.035206
v -8.494959 0.225475 -4.968239
v -8.494959 0.225475 -5.214931
v -8.494959 0.158507 -5.147963
v 0.400650 2.980636 -5.035208
v 0.400650 2.913668 -4.968240
v -8.674266 2.980636 -5.147963
v -8.674266 2.913668 -5.214931
v 0.400650 2.841391 -4.968240
v 0.400650 2.774423 -5.035208
v 0.400650 2.774423 -5.147963
v 0.400650 2.841391 -5.214931
v -8.674266 2.913668 -4.968239
v -8.674266 2.980636 -5.035207
v 0.400650 2.913668 -5.214931
v 0.400650 2.980636 -5.147963
v -8.674266 2.774423 -5.035207
v -8.674266 2.841391 -4.968239
v -8.674266 2.841391 -5.214931
v -8.674266 2.774423 -5.147963
v -8.588131 2.938392 -0.000001
v -8.655099 2.871424 -0.000001
v -8.475375 2.938391 -5.099878
v -8.408408 2.871423 -5.099878
v -8.655099 2.799147 -0.000001
v -8.588131 2.732179 -0.000001
v -8.475375 2.732179 -0.000001
v -8.408408 2.799147 -0.000001
v -8.655100 2.871423 -5.099878
v -8.588131 2.938391 -5.099878
v -8.408408 2.871424 -0.000001
v -8.475375 2.938392 -0.000001
v -8.588131 2.732178 -5.099878
v -8.655100 2.799146 -5.099878
v -8.408408 2.799146 -5.099878
v -8.475375 2.732178 -5.099878
v -8.436832 2.691713 -2.949571
v -8.436832 1.206574 -2.949571
v -8.436832 2.691713 -2.818523
v -8.436832 1.206574 -2.818523
v -8.473891 1.206574 -2.949571
v -8.473891 1.206574 -2.818523
v -8.473891 2.691713 -2.949571
v -8.473891 2.691713 -2.818523
v -8.436832 2.691713 -2.640715
v -8.436832 1.206574 -2.640714
v -8.436832 2.691713 -2.509666
v -8.436832 1.206574 -2.509666
v -8.473891 1.206574 -2.640714
v -8.473891 1.206574 -2.509666
v -8.473891 2.691713 -2.640715
v -8.473891 2.691713 -2.509666
v -8.436832 2.691713 -2.322699
v -8.436832 1.206574 -2.322699
v -8.436832 2.691713 -2.191651
v -8.436832 1.206574 -2.191651
v -8.473891 1.206574 -2.322699
v -8.473891 1.206574 -2.191651
v -8.473891 2.691713 -2.322699
v -8.473891 2.691713 -2.191651
v -8.436832 2.691713 -2.009178
v -8.436832 1.206574 -2.009177
v -8.436832 2.691713 -1.878129
v -8.436832 1.206574 -1.878129
v -8.473891 1.206574 -2.009177
v -8.473891 1.206574 -1.878129
v -8.473891 2.691713 -2.009178
v -8.473891 2.691713 -1.878129
v -5.923333 0.827802 -4.947792
v -5.923333 1.241704 -5.361694
v -5.923333 0.746608 -5.028986
v -5.923333 1.160510 -5.442888
v -5.885058 0.827802 -4.947792
v -5.885058 1.241704 -5.361694
v -5.885058 0.746608 -5.028986
v -5.885058 1.160510 -5.442888
v -5.093205 0.827802 -4.947792
v -5.093205 1.241704 -5.361694
v -5.093205 0.746608 -5.028986
v -5.093205 1.160510 -5.442888
v -5.054931 0.827802 -4.947792
v -5.054931 1.241704 -5.361694
v -5.054931 0.746608 -5.028986
v -5.054931 1.160510 -5.442888
v -4.263078 0.827802 -4.947792
v -4.263078 1.241704 -5.361694
v -4.263078 0.746608 -5.028986
v -4.263078 1.160510 -5.442888
v -4.224803 0.827802 -4.947792
v -4.224803 1.241704 -5.361694
v -4.224803 0.746608 -5.028986
v -4.224803 1.160510 -5.442888
v 6.531953 3.396961 1.276636
v 6.531953 3.396960 -4.768379
v 6.531953 3.468514 1.276636
v 6.531953 3.468513 -4.768379
v 6.899207 3.396961 1.276636
v 6.899207 3.396960 -4.768379
v 6.899207 3.468514 1.276636
v 6.899207 3.468513 -4.768379
v 6.924493 3.396961 1.269946
v 6.924493 3.396960 -4.768379
v 6.924493 3.468514 1.269946
v 6.924493 3.468513 -4.768379
v 7.353135 3.396961 1.269946
v 7.353135 3.396960 -4.768379
v 7.353135 3.468514 1.269946
v 7.353135 3.468513 -4.768379
v 7.394484 3.396961 1.269946
v 7.394484 3.396961 -1.048287
v 7.394484 3.468514 1.269946
v 7.394484 3.468514 -1.048287
v 7.732852 3.396961 1.269946
v 7.732852 3.396961 -1.048287
v 7.732852 3.468514 1.269946
v 7.732852 3.468514 -1.048287
v 5.301593 3.396961 0.033176
v 5.301593 3.396960 -4.768379
v 5.301593 3.468514 0.033176
v 5.301593 3.468513 -4.768379
v 5.668848 3.396961 0.033176
v 5.668848 3.396960 -4.768379
v 5.668848 3.468514 0.033176
v 5.668848 3.468513 -4.768379
v 5.694134 3.396961 1.258334
v 5.694134 3.396960 -4.768379
v 5.694134 3.468514 1.258334
v 5.694134 3.468513 -4.768379
v 6.122775 3.396961 1.258334
v 6.122775 3.396960 -4.768379
v 6.122775 3.468514 1.258334
v 6.122775 3.468513 -4.768379
v 6.164124 3.396961 1.272919
v 6.164124 3.396960 -4.768379
v 6.164124 3.468514 1.272919
v 6.164124 3.468513 -4.768379
v 6.502493 3.396961 1.272919
v 6.502493 3.396960 -4.768379
v 6.502493 3.468514 1.272919
v 6.502493 3.468513 -4.768379
v 5.301593 3.396961 1.281685
v 5.301593 3.396961 0.053644
v 5.301593 3.468514 1.281685
v 5.301593 3.468514 0.053644
v 5.668848 3.396961 1.281685
v 5.668848 3.396961 0.053644
v 5.668848 3.468514 1.281685
v 5.668848 3.468514 0.053644
v 4.104089 3.396961 -1.057526
v 4.104089 3.396960 -4.768379
v 4.104089 3.468514 -1.057526
v 4.104089 3.468513 -4.768379
v 4.714806 3.396961 -1.057526
v 4.714806 3.396960 -4.768379
v 4.714806 3.468514 -1.057526
v 4.714806 3.468513 -4.768379
v 4.773718 3.396961 1.296833
v 4.773718 3.396960 -4.768379
v 4.773718 3.468514 1.296833
v 4.773718 3.468513 -4.768379
v 5.255818 3.396961 1.296833
v 5.255818 3.396960 -4.768379
v 5.255818 3.468514 1.296833
v 5.255818 3.468513 -4.768379
v 4.104089 3.396961 1.309284
v 4.104089 3.396961 -1.032922
v 4.104089 3.468514 1.309284
v 4.104089 3.468514 -1.032922
v 4.714806 3.396961 1.309284
v 4.714806 3.396961 -1.032922
v 4.714806 3.468514 1.309284
v 4.714806 3.468514 -1.032922
v 7.368602 3.396961 -1.057526
v 7.368602 3.396960 -4.768379
v 7.368602 3.468514 -1.057526
v 7.368602 3.468513 -4.768379
v 7.721550 3.396961 -1.057526
v 7.721550 3.396960 -4.768379
v 7.721550 3.468514 -1.057526
v 7.721550 3.468513 -4.768379
v 2.866902 3.396961 1.276636
v 2.866902 3.396960 -4.768379
v 2.866902 3.468514 1.276636
v 2.866902 3.468513 -4.768379
v 3.234156 3.396961 1.276636
v 3.234156 3.396960 -4.768379
v 3.234156 3.468514 1.276636
v 3.234156 3.468513 -4.768379
v 3.259443 3.396961 1.262797
v 3.259443 3.396960 -4.768379
v 3.259443 3.468514 1.262797
v 3.259443 3.468513 -4.768379
v 3.688084 3.396961 1.262797
v 3.688084 3.396960 -4.768379
v 3.688084 3.468514 1.262797
v 3.688084 3.468513 -4.768379
v 3.729432 3.396961 1.272618
v 3.729432 3.396961 -1.048287
v 3.729432 3.468514 1.272618
v 3.729432 3.468514 -1.048287
v 4.067801 3.396961 1.272618
v 4.067801 3.396961 -1.048287
v 4.067801 3.468514 1.272618
v 4.067801 3.468514 -1.048287
v -2.394037 3.396961 0.033176
v -2.394037 3.396960 -4.768379
v -2.394037 3.468514 0.033176
v -2.394037 3.468513 -4.768379
v -2.026782 3.396961 0.033176
v -2.026782 3.396960 -4.768379
v -2.026782 3.468514 0.033176
v -2.026782 3.468513 -4.768379
v 1.262250 3.388936 4.941020
v 1.262250 3.388935 -4.088618
v 1.262250 3.460489 4.941020
v 1.262250 3.460487 -4.088618
v 1.629504 3.388936 4.941020
v 1.629504 3.388935 -4.088618
v 1.629504 3.460489 4.941020
v 1.629504 3.460487 -4.088618
v 2.499073 3.396962 4.808835
v 2.499073 3.396960 -4.768379
v 2.499073 3.468515 4.808835
v 2.499073 3.468513 -4.768379
v 2.837442 3.396962 4.808835
v 2.837442 3.396960 -4.768379
v 2.837442 3.468515 4.808835
v 2.837442 3.468513 -4.768379
v -2.394037 3.396962 4.811450
v -2.394037 3.396961 0.053644
v -2.394037 3.468515 4.811450
v -2.394037 3.468514 0.053644
v -2.026782 3.396962 4.811450
v -2.026782 3.396961 0.053644
v -2.026782 3.468515 4.811450
v -2.026782 3.468514 0.053644
v -3.591541 3.396961 -1.057526
v -3.591541 3.396960 -4.768379
v -3.591541 3.468514 -1.057526
v -3.591541 3.468513 -4.768379
v -2.980824 3.396961 -1.057526
v -2.980824 3.396960 -4.768379
v -2.980824 3.468514 -1.057526
v -2.980824 3.468513 -4.768379
v -2.921912 3.396962 4.808835
v -2.921912 3.396960 -4.768379
v -2.921912 3.468515 4.808835
v -2.921912 3.468513 -4.768379
v -2.439812 3.396962 4.808835
v -2.439812 3.396960 -4.768379
v -2.439812 3.468515 4.808835
v -2.439812 3.468513 -4.768379
v -3.591541 3.396962 1.998170
v -3.591541 3.396961 -1.032922
v -3.591541 3.468514 1.998170
v -3.591541 3.468514 -1.032922
v -2.980824 3.396962 1.998170
v -2.980824 3.396961 -1.032922
v -2.980824 3.468514 1.998170
v -2.980824 3.468514 -1.032922
v -3.591541 3.396962 4.797280
v -3.591541 3.396962 2.025662
v -3.591541 3.468515 4.797280
v -3.591541 3.468514 2.025662
v -2.980824 3.396962 4.797280
v -2.980824 3.396962 2.025662
v -2.980824 3.468515 4.797280
v -2.980824 3.468514 2.025662
v 3.703552 3.396961 -1.057526
v 3.703552 3.396960 -4.768379
v 3.703552 3.468514 -1.057526
v 3.703552 3.468513 -4.768379
v 4.056499 3.396961 -1.057526
v 4.056499 3.396960 -4.768379
v 4.056499 3.468514 -1.057526
v 4.056499 3.468513 -4.768379
v -4.828728 3.396961 1.276636
v -4.828728 3.396960 -4.768379
v -4.828728 3.468514 1.276636
v -4.828728 3.468513 -4.768379
v -4.461474 3.396961 1.276636
v -4.461474 3.396960 -4.768379
v -4.461474 3.468514 1.276636
v -4.461474 3.468513 -4.768379
v -4.436187 3.396962 4.808835
v -4.436187 3.396960 -4.768379
v -4.436187 3.468515 4.808835
v -4.436187 3.468513 -4.768379
v -4.007546 3.396962 4.808835
v -4.007546 3.396960 -4.768379
v -4.007546 3.468515 4.808835
v -4.007546 3.468513 -4.768379
v -3.966197 3.396962 4.808835
v -3.966197 3.396961 -1.048287
v -3.966197 3.468515 4.808835
v -3.966197 3.468514 -1.048287
v -3.627828 3.396962 4.808835
v -3.627828 3.396961 -1.048287
v -3.627828 3.468515 4.808835
v -3.627828 3.468514 -1.048287
v -6.059087 3.396961 0.033176
v -6.059087 3.396960 -4.768379
v -6.059087 3.468514 0.033176
v -6.059087 3.468513 -4.768379
v -5.691833 3.396961 0.033176
v -5.691833 3.396960 -4.768379
v -5.691833 3.468514 0.033176
v -5.691833 3.468513 -4.768379
v -5.666546 3.396962 4.808835
v -5.666546 3.396960 -4.768379
v -5.666546 3.468515 4.808835
v -5.666546 3.468513 -4.768379
v -5.237905 3.396962 4.808835
v -5.237905 3.396960 -4.768379
v -5.237905 3.468515 4.808835
v -5.237905 3.468513 -4.768379
v -5.196557 3.396962 4.808835
v -5.196557 3.396960 -4.768379
v -5.196557 3.468515 4.808835
v -5.196557 3.468513 -4.768379
v -4.858188 3.396962 4.808835
v -4.858188 3.396960 -4.768379
v -4.858188 3.468515 4.808835
v -4.858188 3.468513 -4.768379
v -6.059087 3.396962 4.811450
v -6.059087 3.396961 0.053644
v -6.059087 3.468515 4.811450
v -6.059087 3.468514 0.053644
v -5.691833 3.396962 4.811450
v -5.691833 3.396961 0.053644
v -5.691833 3.468515 4.811450
v -5.691833 3.468514 0.053644
v -4.828728 3.396962 4.816875
v -4.828728 3.396961 1.316549
v -4.828728 3.468515 4.816875
v -4.828728 3.468514 1.316549
v -4.461474 3.396962 4.816875
v -4.461474 3.396961 1.316549
v -4.461474 3.468515 4.816875
v -4.461474 3.468514 1.316549
v -7.256591 3.396961 -1.057526
v -7.256591 3.396960 -4.768379
v -7.256591 3.468514 -1.057526
v -7.256591 3.468513 -4.768379
v -6.645875 3.396961 -1.057526
v -6.645875 3.396960 -4.768379
v -6.645875 3.468514 -1.057526
v -6.645875 3.468513 -4.768379
v -6.586962 3.396962 4.808835
v -6.586962 3.396960 -4.768379
v -6.586962 3.468515 4.808835
v -6.586962 3.468513 -4.768379
v -6.104863 3.396962 4.808835
v -6.104863 3.396960 -4.768379
v -6.104863 3.468515 4.808835
v -6.104863 3.468513 -4.768379
v -7.256591 3.396962 1.998170
v -7.256591 3.396961 -1.032922
v -7.256591 3.468514 1.998170
v -7.256591 3.468514 -1.032922
v -6.645875 3.396962 1.998170
v -6.645875 3.396961 -1.032922
v -6.645875 3.468514 1.998170
v -6.645875 3.468514 -1.032922
v -7.256591 3.396962 4.797280
v -7.256591 3.396962 2.025662
v -7.256591 3.468515 4.797280
v -7.256591 3.468514 2.025662
v -6.645875 3.396962 4.797280
v -6.645875 3.396962 2.025662
v -6.645875 3.468515 4.797280
v -6.645875 3.468514 2.025662
v -3.992078 3.396961 -1.057526
v -3.992078 3.396960 -4.768379
v -3.992078 3.468514 -1.057526
v -3.992078 3.468513 -4.768379
v -3.639131 3.396961 -1.057526
v -3.639131 3.396960 -4.768379
v -3.639131 3.468514 -1.057526
v -3.639131 3.468513 -4.768379
v 6.531953 0.076928 1.276636
v 6.531953 0.076927 -4.088617
v 6.531953 0.148480 1.276636
v 6.531953 0.148479 -4.088617
v 6.899207 0.076928 1.276636
v 6.899207 0.076927 -4.088617
v 6.899207 0.148480 1.276636
v 6.899207 0.148479 -4.088617
v 6.924493 0.076928 4.097452
v 6.924493 0.076927 -4.088617
v 6.924493 0.148481 4.097452
v 6.924493 0.148479 -4.088617
v 7.353135 0.076928 4.097452
v 7.353135 0.076927 -4.088617
v 7.353135 0.148481 4.097452
v 7.353135 0.148479 -4.088617
v 7.394484 0.076929 5.212430
v 7.394484 0.076928 -1.048287
v 7.394484 0.148481 5.212430
v 7.394484 0.148480 -1.048287
v 7.732852 0.076929 5.212430
v 7.732852 0.076928 -1.048287
v 7.732852 0.148481 5.212430
v 7.732852 0.148480 -1.048287
v 5.301593 0.076928 0.033176
v 5.301593 0.076927 -4.088617
v 5.301593 0.148480 0.033176
v 5.301593 0.148479 -4.088617
v 5.668848 0.076928 0.033176
v 5.668848 0.076927 -4.088617
v 5.668848 0.148480 0.033176
v 5.668848 0.148479 -4.088617
v 5.694134 0.076928 4.097452
v 5.694134 0.076927 -5.246844
v 5.694134 0.148481 4.097452
v 5.694134 0.148479 -5.246844
v 6.122775 0.076928 4.097452
v 6.122775 0.076927 -5.246844
v 6.122775 0.148481 4.097452
v 6.122775 0.148479 -5.246844
v 6.164124 0.076929 5.212430
v 6.164124 0.076927 -4.088617
v 6.164124 0.148481 5.212430
v 6.164124 0.148479 -4.088617
v 6.502493 0.076929 5.212430
v 6.502493 0.076927 -4.088617
v 6.502493 0.148481 5.212430
v 6.502493 0.148479 -4.088617
v 5.301593 0.076928 4.100066
v 5.301593 0.076928 0.053644
v 5.301593 0.148481 4.100066
v 5.301593 0.148480 0.053644
v 5.668848 0.076928 4.100066
v 5.668848 0.076928 0.053644
v 5.668848 0.148481 4.100066
v 5.668848 0.148480 0.053644
v 6.531953 0.076928 4.105491
v 6.531953 0.076928 1.316549
v 6.531953 0.148481 4.105491
v 6.531953 0.148480 1.316549
v 6.899207 0.076928 4.105491
v 6.899207 0.076928 1.316549
v 6.899207 0.148481 4.105491
v 6.899207 0.148480 1.316549
v 4.104089 0.076927 -1.057525
v 4.104089 0.076927 -5.246844
v 4.104089 0.148480 -1.057525
v 4.104089 0.148479 -5.246844
v 4.714806 0.076927 -1.057525
v 4.714806 0.076927 -5.246844
v 4.714806 0.148480 -1.057525
v 4.714806 0.148479 -5.246844
v 4.773718 0.076928 4.097452
v 4.773718 0.076927 -4.088617
v 4.773718 0.148481 4.097452
v 4.773718 0.148479 -4.088617
v 5.255818 0.076928 4.097452
v 5.255818 0.076927 -4.088617
v 5.255818 0.148481 4.097452
v 5.255818 0.148479 -4.088617
v 4.104089 0.076928 1.998170
v 4.104089 0.076928 -1.032921
v 4.104089 0.148480 1.998170
v 4.104089 0.148480 -1.032921
v 4.714806 0.076928 1.998170
v 4.714806 0.076928 -1.032921
v 4.714806 0.148480 1.998170
v 4.714806 0.148480 -1.032921
v 4.104089 0.076929 5.200875
v 4.104089 0.076928 2.025663
v 4.104089 0.148481 5.200875
v 4.104089 0.148480 2.025663
v 4.714806 0.076929 5.200875
v 4.714806 0.076928 2.025663
v 4.714806 0.148481 5.200875
v 4.714806 0.148480 2.025663
v 7.368602 0.076927 -1.057525
v 7.368602 0.076927 -4.088617
v 7.368602 0.148480 -1.057525
v 7.368602 0.148479 -4.088617
v 7.721550 0.076927 -1.057525
v 7.721550 0.076927 -4.088617
v 7.721550 0.148480 -1.057525
v 7.721550 0.148479 -4.088617
v 2.866902 0.076928 1.276636
v 2.866902 0.076927 -5.246845
v 2.866902 0.148480 1.276636
v 2.866902 0.148479 -5.246845
v 3.234156 0.076928 1.276636
v 3.234156 0.076927 -5.246845
v 3.234156 0.148480 1.276636
v 3.234156 0.148479 -5.246845
v 3.259443 0.076929 9.420764
v 3.259443 0.076927 -4.088617
v 3.259443 0.148482 9.420764
v 3.259443 0.148479 -4.088617
v 3.688084 0.076929 9.420764
v 3.688084 0.076927 -4.088617
v 3.688084 0.148482 9.420764
v 3.688084 0.148479 -4.088617
v 3.729432 0.076928 4.097452
v 3.729432 0.076928 -1.048287
v 3.729432 0.148481 4.097452
v 3.729432 0.148480 -1.048287
v 4.067801 0.076928 4.097452
v 4.067801 0.076928 -1.048287
v 4.067801 0.148481 4.097452
v 4.067801 0.148480 -1.048287
v -2.394037 0.076928 0.033176
v -2.394037 0.076927 -4.088617
v -2.394037 0.148480 0.033176
v -2.394037 0.148479 -4.088617
v -2.026782 0.076928 0.033176
v -2.026782 0.076927 -4.088617
v -2.026782 0.148480 0.033176
v -2.026782 0.148479 -4.088617
v 1.629504 0.148479 -4.088617
v 1.629504 0.216471 9.402884
v 1.629504 0.076927 -4.088617
v 1.629504 0.144919 9.402884
v 1.262250 0.148479 -4.088617
v 1.262250 0.216471 9.402884
v 1.262250 0.076927 -4.088617
v 1.262250 0.144919 9.402884
v 2.499073 0.076929 9.410273
v 2.499073 0.076927 -4.088617
v 2.499073 0.148482 9.410273
v 2.499073 0.148479 -4.088617
v 2.837442 0.076929 9.410273
v 2.837442 0.076927 -4.088617
v 2.837442 0.148482 9.410273
v 2.837442 0.148479 -4.088617
v -2.394037 0.076929 9.266521
v -2.394037 0.076928 0.053644
v -2.394037 0.148482 9.266521
v -2.394037 0.148480 0.053644
v -2.026782 0.076929 9.266521
v -2.026782 0.076928 0.053644
v -2.026782 0.148482 9.266521
v -2.026782 0.148480 0.053644
v 2.866902 0.076929 9.428803
v 2.866902 0.076928 1.316549
v 2.866902 0.148482 9.428803
v 2.866902 0.148480 1.316549
v 3.234156 0.076929 9.428803
v 3.234156 0.076928 1.316549
v 3.234156 0.148482 9.428803
v 3.234156 0.148480 1.316549
v -2.921912 0.076929 9.316556
v -2.921912 0.076927 -5.246844
v -2.921912 0.148482 9.316556
v -2.921912 0.148479 -5.246844
v -2.439812 0.076929 9.316556
v -2.439812 0.076927 -5.246844
v -2.439812 0.148482 9.316556
v -2.439812 0.148479 -5.246844
v -3.591541 0.076928 1.998170
v -3.591541 0.076927 -3.929642
v -3.591541 0.148480 1.998170
v -3.591541 0.148479 -3.929642
v -2.980824 0.076928 1.998170
v -2.980824 0.076927 -3.929642
v -2.980824 0.148480 1.998170
v -2.980824 0.148479 -3.929642
v -3.591541 0.076929 9.432237
v -3.591541 0.076929 3.782455
v -3.591541 0.148482 9.432237
v -3.591541 0.148481 3.782455
v -2.980824 0.076929 9.432237
v -2.980824 0.076929 3.782455
v -2.980824 0.148482 9.432237
v -2.980824 0.148481 3.782455
v 3.703552 0.076927 -1.057525
v 3.703552 0.076927 -4.088617
v 3.703552 0.148480 -1.057525
v 3.703552 0.148479 -4.088617
v 4.056499 0.076927 -1.057525
v 4.056499 0.076927 -4.088617
v 4.056499 0.148480 -1.057525
v 4.056499 0.148479 -4.088617
v -4.828728 0.076928 1.276636
v -4.828728 0.076927 -3.918133
v -4.828728 0.148480 1.276636
v -4.828728 0.148479 -3.918133
v -4.461474 0.076928 1.276636
v -4.461474 0.076927 -3.918133
v -4.461474 0.148480 1.276636
v -4.461474 0.148479 -3.918133
v -4.436187 0.076928 4.097452
v -4.436187 0.076927 -3.929600
v -4.436187 0.148481 4.097452
v -4.436187 0.148479 -3.929600
v -4.007546 0.076928 4.097452
v -4.007546 0.076927 -3.929600
v -4.007546 0.148481 4.097452
v -4.007546 0.148479 -3.929600
v -3.966197 0.076928 4.097452
v -3.966197 0.076927 -3.925042
v -3.966197 0.148481 4.097452
v -3.966197 0.148479 -3.925042
v -3.627828 0.076928 4.097452
v -3.627828 0.076927 -3.925042
v -3.627828 0.148481 4.097452
v -3.627828 0.148479 -3.925042
v -5.666546 0.076929 5.212430
v -5.666546 0.076927 -3.916154
v -5.666546 0.148481 5.212430
v -5.666546 0.148479 -3.916154
v -5.237905 0.076929 5.212430
v -5.237905 0.076927 -3.916154
v -5.237905 0.148481 5.212430
v -5.237905 0.148479 -3.916154
v -5.196557 0.076928 4.097452
v -5.196557 0.076927 -3.910134
v -5.196557 0.148481 4.097452
v -5.196557 0.148479 -3.910134
v -4.858188 0.076928 4.097452
v -4.858188 0.076927 -3.910134
v -4.858188 0.148481 4.097452
v -4.858188 0.148479 -3.910134
v -6.059087 0.076928 4.100066
v -6.059087 0.076927 -4.026160
v -6.059087 0.148481 4.100066
v -6.059087 0.148479 -4.026160
v -5.691833 0.076928 4.100066
v -5.691833 0.076927 -4.026160
v -5.691833 0.148481 4.100066
v -5.691833 0.148479 -4.026160
v -4.828728 0.076928 4.105491
v -4.828728 0.076928 1.316549
v -4.828728 0.148481 4.105491
v -4.828728 0.148480 1.316549
v -4.461474 0.076928 4.105491
v -4.461474 0.076928 1.316549
v -4.461474 0.148481 4.105491
v -4.461474 0.148480 1.316549
v -7.256591 0.076927 -1.057525
v -7.256591 0.076927 -4.088617
v -7.256591 0.148480 -1.057525
v -7.256591 0.148479 -4.088617
v -6.645875 0.076927 -1.057525
v -6.645875 0.076927 -4.088617
v -6.645875 0.148480 -1.057525
v -6.645875 0.148479 -4.088617
v -6.586962 0.076928 4.097452
v -6.586962 0.076927 -4.061364
v -6.586962 0.148481 4.097452
v -6.586962 0.148479 -4.061364
v -6.104863 0.076928 4.097452
v -6.104863 0.076927 -4.061364
v -6.104863 0.148481 4.097452
v -6.104863 0.148479 -4.061364
v -7.256591 0.076928 1.998170
v -7.256591 0.076928 -1.032921
v -7.256591 0.148480 1.998170
v -7.256591 0.148480 -1.032921
v -6.645875 0.076928 1.998170
v -6.645875 0.076928 -1.032921
v -6.645875 0.148480 1.998170
v -6.645875 0.148480 -1.032921
v -7.256591 0.076929 5.200875
v -7.256591 0.076928 2.025663
v -7.256591 0.148481 5.200875
v -7.256591 0.148480 2.025663
v -6.645875 0.076929 5.200875
v -6.645875 0.076928 2.025663
v -6.645875 0.148481 5.200875
v -6.645875 0.148480 2.025663
v 8.284226 3.396961 0.033176
v 8.284226 3.396960 -4.768379
v 8.284226 3.468514 0.033176
v 8.284226 3.468513 -4.768379
v 8.651480 3.396961 0.033176
v 8.651480 3.396960 -4.768379
v 8.651480 3.468514 0.033176
v 8.651480 3.468513 -4.768379
v 8.284226 3.396962 4.811450
v 8.284226 3.396961 0.053644
v 8.284226 3.468515 4.811450
v 8.284226 3.468514 0.053644
v 8.651480 3.396962 4.811450
v 8.651480 3.396961 0.053644
v 8.651480 3.468515 4.811450
v 8.651480 3.468514 0.053644
v 7.756350 3.396962 4.808835
v 7.756350 3.396960 -4.768379
v 7.756350 3.468515 4.808835
v 7.756350 3.468513 -4.768379
v 8.238450 3.396962 4.808835
v 8.238450 3.396960 -4.768379
v 8.238450 3.468515 4.808835
v 8.238450 3.468513 -4.768379
v -7.668750 3.396961 0.033176
v -7.668750 3.396960 -4.768379
v -7.668750 3.468514 0.033176
v -7.668750 3.468513 -4.768379
v -7.301497 3.396961 0.033176
v -7.301497 3.396960 -4.768379
v -7.301497 3.468514 0.033176
v -7.301497 3.468513 -4.768379
v -7.668750 3.396962 4.811450
v -7.668750 3.396961 0.053644
v -7.668750 3.468515 4.811450
v -7.668750 3.468514 0.053644
v -7.301497 3.396962 4.811450
v -7.301497 3.396961 0.053644
v -7.301497 3.468515 4.811450
v -7.301497 3.468514 0.053644
v -8.196626 3.396962 4.808835
v -8.196626 3.396960 -4.768379
v -8.196626 3.468515 4.808835
v -8.196626 3.468513 -4.768379
v -7.714526 3.396962 4.808835
v -7.714526 3.396960 -4.768379
v -7.714526 3.468515 4.808835
v -7.714526 3.468513 -4.768379
v 2.594985 0.132851 1.368088
v 2.594985 0.132851 1.291135
v 7.957595 3.245635 1.291135
v 7.836135 3.438229 1.368087
v 7.836135 3.438229 1.291135
v 7.957595 3.245635 1.368087
v 2.594985 0.132851 3.741116
v 2.594985 0.132851 3.664163
v 7.957596 3.245636 3.664162
v 7.836136 3.438229 3.741114
v 7.836136 3.438229 3.664162
v 7.957596 3.245636 3.741115
v 7.798542 3.076671 1.334824
v 7.798542 3.076672 3.707436
v 7.798542 3.148224 1.334824
v 7.798542 3.148225 3.707436
v 7.187825 3.076671 1.334824
v 7.187826 3.076672 3.707436
v 7.187825 3.148224 1.334824
v 7.187826 3.148225 3.707436
v 7.309968 2.776151 1.334824
v 7.309969 2.776151 3.707436
v 7.309968 2.847703 1.334824
v 7.309969 2.847704 3.707436
v 6.699253 2.776151 1.334824
v 6.699253 2.776151 3.707436
v 6.699253 2.847703 1.334824
v 6.699253 2.847704 3.707436
v 6.821396 2.475631 1.334824
v 6.821396 2.475631 3.707436
v 6.821396 2.547183 1.334824
v 6.821396 2.547183 3.707436
v 6.210679 2.475631 1.334824
v 6.210679 2.475631 3.707436
v 6.210679 2.547183 1.334824
v 6.210679 2.547183 3.707436
v 6.332823 2.175111 1.334824
v 6.332823 2.175111 3.707436
v 6.332823 2.246663 1.334824
v 6.332823 2.246663 3.707436
v 5.722106 2.175111 1.334824
v 5.722106 2.175111 3.707436
v 5.722106 2.246663 1.334824
v 5.722106 2.246663 3.707436
v 5.844249 1.874590 1.334824
v 5.844250 1.874591 3.707436
v 5.844249 1.946142 1.334824
v 5.844250 1.946143 3.707436
v 5.233533 1.874590 1.334824
v 5.233533 1.874591 3.707436
v 5.233533 1.946142 1.334824
v 5.233533 1.946143 3.707436
v 5.355676 1.574070 1.334824
v 5.355677 1.574070 3.707436
v 5.355676 1.645622 1.334824
v 5.355677 1.645623 3.707436
v 4.744960 1.574070 1.334824
v 4.744960 1.574070 3.707436
v 4.744960 1.645622 1.334824
v 4.744960 1.645623 3.707436
v 4.867103 1.273549 1.334825
v 4.867103 1.273550 3.707436
v 4.867103 1.345102 1.334825
v 4.867103 1.345103 3.707436
v 4.256386 1.273549 1.334825
v 4.256387 1.273550 3.707436
v 4.256386 1.345102 1.334825
v 4.256387 1.345103 3.707436
v 4.378530 0.973029 1.334825
v 4.378530 0.973030 3.707436
v 4.378530 1.044582 1.334825
v 4.378530 1.044582 3.707436
v 3.767813 0.973029 1.334825
v 3.767813 0.973030 3.707436
v 3.767813 1.044582 1.334825
v 3.767813 1.044582 3.707436
v 3.889957 0.672509 1.334825
v 3.889957 0.672509 3.707436
v 3.889957 0.744061 1.334825
v 3.889957 0.744062 3.707436
v 3.279241 0.672509 1.334825
v 3.279241 0.672509 3.707436
v 3.279241 0.744061 1.334825
v 3.279241 0.744062 3.707436
v 3.401384 0.371989 1.334825
v 3.401384 0.371989 3.707437
v 3.401384 0.443541 1.334825
v 3.401384 0.443542 3.707436
v 2.790668 0.371989 1.334825
v 2.790668 0.371989 3.707437
v 2.790668 0.443541 1.334825
v 2.790668 0.443542 3.707436
v 3.044018 0.146843 3.664163
v 2.922557 0.339437 3.664163
v 2.922557 0.339437 1.368088
v 3.044018 0.146843 3.741116
v 3.044017 0.146843 1.368088
v 2.922557 0.339437 3.741116
v 2.922557 0.339437 1.291135
v 3.044017 0.146843 1.291135
v 2.988091 0.236767 5.027859
v 2.988091 0.236767 4.839218
v 2.988091 0.106068 5.027859
v 2.988091 0.106068 4.839218
v -2.587442 0.236767 5.027859
v 2.215614 0.236767 5.027859
v -2.587442 0.236767 4.839218
v 2.215614 0.236767 4.839218
v -2.587442 0.106068 5.027859
v 2.215614 0.106068 5.027859
v -2.587442 0.106068 4.839218
v 2.215614 0.106068 4.839218
v 9.064719 3.502002 -4.903436
v 9.064719 3.441832 -4.843266
v 9.064719 3.441832 -5.066748
v 9.064719 3.502002 -5.006578
v 9.064719 3.318999 -5.006578
v 9.064719 3.379169 -5.066748
v 9.064719 3.379169 -4.843266
v 9.064719 3.318999 -4.903436
v 0.400650 3.498659 -5.005192
v 0.400650 3.440448 -5.063404
v -8.664069 3.502002 -4.903436
v -8.664069 3.441832 -4.843266
v 0.400650 3.380553 -5.063404
v 0.400650 3.322342 -5.005192
v 0.400650 3.322342 -4.904820
v 0.400650 3.380553 -4.846608
v -8.664069 3.441832 -5.066748
v -8.664069 3.502002 -5.006578
v 0.400650 3.440448 -4.846608
v 0.400650 3.498659 -4.904820
v -8.664069 3.318999 -5.006578
v -8.664069 3.379169 -5.066748
v -8.664069 3.379169 -4.843266
v -8.664069 3.318999 -4.903436
v -8.664069 3.319001 4.981356
v -8.664069 3.379171 5.041526
v -8.664069 3.379171 4.818044
v -8.664069 3.319001 4.878214
v 0.400650 3.498661 4.979971
v 0.400650 3.440450 5.038183
v -8.664069 3.502004 4.878214
v -8.664069 3.441834 4.818044
v 0.400650 3.380555 5.038183
v 0.400650 3.322344 4.979971
v 0.400650 3.322344 4.879599
v 0.400650 3.380555 4.821388
v -8.664069 3.441834 5.041526
v -8.664069 3.502004 4.981356
v 0.400650 3.440450 4.821388
v 0.400650 3.498661 4.879600
v 9.064719 3.319001 4.981356
v 9.064719 3.379171 5.041526
v 9.064719 3.379171 4.818044
v 9.064719 3.319001 4.878214
v 9.064719 3.502004 4.878214
v 9.064719 3.441834 4.818044
v 9.064719 3.441834 5.041526
v 9.064719 3.502004 4.981356
v -7.625858 0.104664 -4.150639
v 8.856636 0.104666 4.980766
v -8.455986 0.104664 -4.980767
v 8.856636 0.104664 -4.980767
v -7.625858 0.104666 4.150638
v -8.455986 3.425175 -4.980767
v 8.856636 3.425175 -4.980767
v -8.455986 0.104666 4.980766
v -7.625858 0.104665 -0.790595
v -7.625858 0.104665 0.790594
v -8.455986 0.104665 -0.790595
v -8.455986 0.104665 0.790594
v -8.455986 3.425176 -0.790596
v -8.455986 3.425176 0.790594
v -8.455986 1.187371 0.790594
v 8.856636 1.187371 -4.980767
v -8.455986 1.187371 -4.980767
v -8.455986 1.187372 4.980765
v 8.026508 0.104666 4.150638
v -8.455986 1.187371 -0.790595
v -8.455986 2.717438 0.790594
v 8.856636 2.717437 -4.980767
v -8.455986 2.717437 -4.980767
v -8.455986 2.717438 -0.790596
v -8.455986 1.187371 -3.225575
v -8.455986 0.104666 3.225573
v -8.455986 3.425176 3.225573
v -8.455986 3.425175 -3.225575
v -8.455986 1.187372 3.225573
v -8.455986 2.717438 3.225573
v -8.455986 0.104665 -3.225574
v -8.455986 2.717437 -3.225575
v -8.455986 1.187371 -1.578560
v -8.455986 0.104665 1.578559
v -8.455986 3.425176 1.578558
v -8.455986 3.425175 -1.578560
v -8.455986 1.187372 1.578558
v -8.455986 2.717438 1.578558
v -8.455986 0.104665 -1.578560
v -8.455986 2.717437 -1.578560
v -5.889872 0.104664 -4.980767
v -2.569361 0.104664 -4.980767
v 2.970011 0.104664 -4.980767
v 6.290521 0.104664 -4.980767
v -5.889872 3.425175 -4.980767
v 2.970011 3.425175 -4.980767
v -2.569360 3.425175 -4.980767
v 6.290521 3.425175 -4.980767
v 6.290521 1.187371 -4.980767
v 2.970011 1.187371 -4.980767
v -2.569360 1.187371 -4.980767
v -5.889872 1.187371 -4.980767
v -5.889872 2.717437 -4.980767
v -2.569360 2.717437 -4.980767
v 2.970011 2.717437 -4.980767
v 6.290521 2.717437 -4.980767
v -4.241018 0.104664 -4.980767
v 4.641667 0.104664 -4.980767
v -4.241018 3.425175 -4.980767
v 4.641667 3.425175 -4.980767
v 4.641667 1.187371 -4.980767
v -4.241018 1.187371 -4.980767
v -4.241018 2.717437 -4.980767
v 4.641667 2.717437 -4.980767
v 0.756883 0.104664 -4.150639
v -0.756883 0.104664 -4.150639
v 2.433734 0.104664 -4.150639
v -2.433734 0.104664 -4.150639
v 8.026508 0.104664 -4.150639
v 8.856636 0.104665 0.790594
v 8.026508 0.104665 -0.790595
v 8.026508 0.104665 0.790594
v -8.455986 3.425177 4.980765
v 8.856636 3.425177 4.980765
v 8.856636 0.104665 -0.790595
v 8.856636 3.425176 0.790594
v 8.856636 3.425176 -0.790596
v 8.856636 1.187371 -0.790595
v 8.856636 1.187372 4.980765
v 8.856636 1.187371 0.790594
v 8.856636 2.717438 -0.790596
v -8.455986 2.717438 4.980765
v 8.856636 2.717438 4.980765
v 8.856636 2.717438 0.790594
v 8.856636 1.187372 3.225573
v 8.856636 0.104665 -3.225574
v 8.856636 3.425175 -3.225575
v 8.856636 3.425176 3.225572
v 8.856636 1.187371 -3.225574
v 8.856636 2.717437 -3.225575
v 8.856636 0.104666 3.225573
v 8.856636 2.717438 3.225573
v 8.856636 1.187372 1.578559
v 8.856636 0.104665 -1.578560
v 8.856636 3.425175 -1.578560
v 8.856636 3.425176 1.578558
v 8.856636 1.187371 -1.578560
v 8.856636 2.717437 -1.578560
v 8.856636 0.104665 1.578559
v 8.856636 2.717438 1.578558
v 6.290521 0.104666 4.980766
v 2.970011 0.104666 4.980766
v -2.569360 0.104666 4.980766
v -5.889872 0.104666 4.980766
v 6.290521 3.425177 4.980765
v -2.569360 3.425177 4.980765
v 2.970011 3.425177 4.980765
v -5.889872 3.425177 4.980765
v -5.889872 1.187372 4.980765
v -2.569360 1.187372 4.980765
v 2.970011 1.187372 4.980765
v 6.290521 1.187372 4.980765
v 6.290521 2.717438 4.980765
v 2.970011 2.717438 4.980765
v -2.569360 2.717438 4.980765
v -5.889872 2.717438 4.980765
v 4.641667 0.104666 4.980766
v -4.241018 0.104666 4.980766
v 4.641667 3.425177 4.980765
v -4.241018 3.425177 4.980765
v -4.241018 1.187372 4.980765
v 4.641667 1.187372 4.980765
v 4.641667 2.717438 4.980765
v -4.241018 2.717438 4.980765
v -0.756883 0.104666 4.150638
v 0.756883 0.104666 4.150638
v -2.433734 0.104666 4.150638
v 2.433734 0.104666 4.150638
v -7.584537 0.228634 -4.109317
v 8.803509 0.157794 4.927638
v -8.402858 0.157793 -4.927639
v 8.803509 0.157793 -4.927639
v -7.584537 0.228635 4.109316
v -8.395908 3.425175 -4.939694
v 8.796559 3.425175 -4.939694
v -8.402858 0.157794 4.927638
v -7.572730 0.157793 -0.790595
v -7.572730 0.157794 0.790594
v -8.402858 0.157793 -0.790595
v -8.402858 0.157794 0.790594
v -8.402858 3.425176 -0.790596
v -8.402858 3.425176 0.790594
v -8.402858 1.187371 0.790594
v 8.803509 1.187371 -4.927639
v -8.402858 1.187371 -4.927639
v -8.402858 1.187372 4.927637
v 7.985187 0.228635 4.109316
v -8.402858 1.187371 -0.790595
v -8.402858 2.717438 0.790594
v 8.803509 2.717437 -4.927639
v -8.402858 2.717437 -4.927639
v -8.402858 2.717438 -0.790596
v -8.402858 1.187371 -3.225575
v -8.402858 0.157794 3.225573
v -8.402858 3.425176 3.225573
v -8.402858 3.425175 -3.225575
v -8.402858 1.187372 3.225573
v -8.402858 2.717438 3.225573
v -8.402858 0.157793 -3.225574
v -8.402858 2.717437 -3.225575
v -8.402858 1.187371 -1.578560
v -8.402858 0.157794 1.578559
v -8.402858 3.425176 1.578558
v -8.402858 3.425175 -1.578560
v -8.402858 1.187372 1.578558
v -8.402858 2.717438 1.578558
v -8.402858 0.157793 -1.578560
v -8.402858 2.717437 -1.578560
v -5.889872 0.157785 -4.927639
v -2.569361 0.157793 -4.927639
v 2.970011 0.157793 -4.927639
v 6.290521 0.157785 -4.927639
v -5.889872 3.425175 -4.927639
v 2.970011 3.425175 -4.927639
v -2.569360 3.425175 -4.927639
v 6.290521 3.425175 -4.927639
v 6.290521 1.187371 -4.927639
v 2.970011 1.187371 -4.927639
v -2.569360 1.187371 -4.927639
v -5.889872 1.187371 -4.927639
v -5.889872 2.717437 -4.927639
v -2.569360 2.717437 -4.927639
v 2.970011 2.717437 -4.927639
v 6.290521 2.717437 -4.927639
v -4.241018 0.157785 -4.927639
v 4.641667 0.157785 -4.927639
v -4.241018 3.425175 -4.927639
v 4.641667 3.425175 -4.927639
v 4.641667 1.187371 -4.927639
v -4.241018 1.187371 -4.927639
v -4.241018 2.717437 -4.927639
v 4.641667 2.717437 -4.927639
v 0.756883 0.157793 -4.097511
v -0.756883 0.157793 -4.097511
v 2.433734 0.157793 -4.097511
v -2.433734 0.157793 -4.097511
v 7.985187 0.228634 -4.109317
v 8.821218 0.175504 0.790594
v 7.973381 0.157793 -0.790595
v 7.973381 0.157794 0.790594
v -8.395908 3.425177 4.939692
v 8.796559 3.425177 4.939692
v 8.821218 0.175503 -0.790595
v 8.803509 3.425176 0.790594
v 8.803509 3.425176 -0.790596
v 8.803509 1.187371 -0.790595
v 8.803509 1.187372 4.927637
v 8.803509 1.187371 0.790594
v 8.803509 2.717438 -0.790596
v -8.402858 2.717438 4.927637
v 8.803509 2.717438 4.927637
v 8.803509 2.717438 0.790594
v 8.803509 1.187372 3.225573
v 8.803509 0.157793 -3.225574
v 8.803509 3.425175 -3.225575
v 8.803509 3.425176 3.225572
v 8.803509 1.187371 -3.225574
v 8.803509 2.717437 -3.225575
v 8.803509 0.157794 3.225573
v 8.803509 2.717438 3.225573
v 8.803509 1.187372 1.578559
v 8.803509 0.157793 -1.578560
v 8.803509 3.425175 -1.578560
v 8.803509 3.425176 1.578558
v 8.803509 1.187371 -1.578560
v 8.803509 2.717437 -1.578560
v 8.803509 0.157794 1.578559
v 8.803509 2.717438 1.578558
v 6.290521 0.157787 4.927638
v 2.970011 0.157794 4.927638
v -2.569360 0.157794 4.927638
v -5.889872 0.157787 4.927638
v 6.290521 3.425177 4.927637
v -2.569360 3.425177 4.927637
v 2.970011 3.425177 4.927637
v -5.889872 3.425177 4.927637
v -5.889872 1.187372 4.927637
v -2.569360 1.187372 4.927637
v 2.970011 1.187372 4.927637
v 6.290521 1.187372 4.927637
v 6.290521 2.717438 4.927637
v 2.970011 2.717438 4.927637
v -2.569360 2.717438 4.927637
v -5.889872 2.717438 4.927637
v 4.641667 0.157787 4.927638
v -4.241018 0.157787 4.927638
v 4.641667 3.425177 4.927637
v -4.241018 3.425177 4.927637
v -4.241018 1.187372 4.927637
v 4.641667 1.187372 4.927637
v 4.641667 2.717438 4.927637
v -4.241018 2.717438 4.927637
v -0.756883 0.157794 4.097510
v 0.756883 0.157794 4.097510
v -2.433734 0.157794 4.097510
v 2.433734 0.157794 4.097510
v -5.803659 2.762598 -5.010141
v -5.720665 2.762598 -5.138385
v -5.803659 1.266690 -5.010141
v -5.720665 1.266690 -5.138385
v -5.772548 1.266690 -4.990007
v -5.772548 2.762598 -4.990007
v -5.689553 1.266690 -5.118250
v -5.689553 2.762598 -5.118250
v -5.605102 2.762598 -5.316953
v -5.522107 2.762598 -5.445196
v -5.605102 1.266690 -5.316953
v -5.522107 1.266690 -5.445196
v -5.573990 1.266690 -5.296818
v -5.573990 2.762598 -5.296818
v -5.490995 1.266690 -5.425061
v -5.490995 2.762598 -5.425061
v -5.411159 2.762598 -5.616633
v -5.316712 2.762598 -5.762570
v -5.411159 1.266690 -5.616633
v -5.316712 1.266690 -5.762570
v -5.380047 1.266690 -5.596498
v -5.380047 2.762598 -5.596498
v -5.285601 1.266690 -5.742435
v -5.285601 2.762598 -5.742435
v -5.208094 2.762598 -5.930408
v -5.125099 2.762598 -6.058652
v -5.208094 1.266690 -5.930408
v -5.125099 1.266690 -6.058652
v -5.176982 1.266690 -5.910274
v -5.176982 2.762598 -5.910274
v -5.093987 1.266690 -6.038517
v -5.093987 2.762598 -6.038517
v -5.705696 2.762598 -5.161515
v -5.622701 2.762598 -5.289759
v -5.705696 1.266690 -5.161515
v -5.622701 1.266690 -5.289759
v -5.674584 1.266690 -5.141380
v -5.674584 2.762598 -5.141380
v -5.591589 1.266690 -5.269625
v -5.591589 2.762598 -5.269625
v -5.507137 2.762598 -5.468327
v -5.424143 2.762598 -5.596570
v -5.507137 1.266690 -5.468327
v -5.424143 1.266690 -5.596570
v -5.476026 1.266690 -5.448192
v -5.476026 2.762598 -5.448192
v -5.393031 1.266690 -5.576435
v -5.393031 2.762598 -5.576435
v -5.305733 2.762598 -5.779536
v -5.222738 2.762598 -5.907779
v -5.305733 1.266690 -5.779536
v -5.222738 1.266690 -5.907779
v -5.274621 1.266690 -5.759402
v -5.274621 2.762598 -5.759402
v -5.191626 1.266690 -5.887645
v -5.191626 2.762598 -5.887645
v -5.110130 2.762598 -6.081782
v -5.027134 2.762598 -6.210026
v -5.110130 1.266690 -6.081782
v -5.027134 1.266690 -6.210026
v -5.079018 1.266690 -6.061647
v -5.079018 2.762598 -6.061647
v -4.996022 1.266690 -6.189891
v -4.996022 2.762598 -6.189891
v -5.780914 2.670753 -5.001862
v -5.039927 2.670753 -6.146832
v -5.780914 2.575076 -5.001862
v -5.039927 2.575076 -6.146832
v -5.071040 2.670753 -6.166966
v -5.071040 2.575076 -6.166966
v -5.812026 2.670753 -5.021996
v -5.812026 2.575076 -5.021996
v -5.780914 1.419904 -5.001862
v -5.039927 1.419904 -6.146832
v -5.780914 1.324227 -5.001862
v -5.039927 1.324227 -6.146832
v -5.071040 1.419904 -6.166966
v -5.071040 1.324227 -6.166966
v -5.812026 1.419904 -5.021996
v -5.812026 1.324227 -5.021996
v -5.366332 2.037843 -5.887414
v -5.142530 2.037843 -6.233232
v -5.366332 1.959434 -5.887414
v -5.142530 1.959434 -6.233232
v -5.173642 2.037843 -6.253367
v -5.173642 1.959434 -6.253367
v -5.397444 2.037843 -5.907548
v -5.397444 1.959434 -5.907548
v -5.032711 2.026492 -6.124998
v -5.174363 2.026492 -6.216671
v -5.032711 1.970785 -6.124998
v -5.174363 1.970785 -6.216671
v -5.194498 2.026492 -6.185559
v -5.194498 1.970785 -6.185559
v -5.052845 2.026492 -6.093886
v -5.052845 1.970785 -6.093886
v -5.207119 2.026492 -5.855504
v -5.348771 2.026492 -5.947176
v -5.207119 1.970785 -5.855504
v -5.348771 1.970785 -5.947176
v -5.368905 2.026492 -5.916064
v -5.368905 1.970785 -5.916064
v -5.227253 2.026492 -5.824392
v -5.227253 1.970785 -5.824392
v 8.912103 2.762599 3.160167
v 8.912101 2.762599 3.007411
v 8.912103 1.266692 3.160167
v 8.912101 1.266692 3.007411
v 8.875043 1.266692 3.160167
v 8.875043 2.762599 3.160167
v 8.875043 1.266692 3.007410
v 8.875043 2.762599 3.007410
v 8.912103 2.762599 2.794711
v 8.912103 2.762599 2.641955
v 8.912103 1.266692 2.794711
v 8.912103 1.266692 2.641955
v 8.875043 1.266692 2.794711
v 8.875043 2.762599 2.794711
v 8.875043 1.266692 2.641954
v 8.875043 2.762599 2.641954
v 8.912101 2.762599 2.437748
v 8.912103 2.762599 2.263915
v 8.912101 1.266692 2.437748
v 8.912103 1.266692 2.263915
v 8.875043 1.266692 2.437748
v 8.875043 2.762599 2.437748
v 8.875043 1.266692 2.263915
v 8.875043 2.762599 2.263915
v 8.912103 2.762599 2.063997
v 8.912103 2.762599 1.911240
v 8.912103 1.266692 2.063997
v 8.912103 1.266692 1.911241
v 8.875043 1.266692 2.063998
v 8.875043 2.762599 2.063997
v 8.875043 1.266692 1.911240
v 8.875043 2.762599 1.911240
v 8.912101 2.762599 2.979859
v 8.912103 2.762599 2.827101
v 8.912101 1.266692 2.979859
v 8.912103 1.266692 2.827102
v 8.875043 1.266692 2.979859
v 8.875043 2.762599 2.979859
v 8.875043 1.266692 2.827102
v 8.875043 2.762599 2.827101
v 8.912103 2.762599 2.614402
v 8.912103 2.762599 2.461646
v 8.912103 1.266692 2.614403
v 8.912103 1.266692 2.461646
v 8.875043 1.266692 2.614403
v 8.875043 2.762599 2.614402
v 8.875043 1.266692 2.461646
v 8.875043 2.762599 2.461646
v 8.912101 2.762599 2.243707
v 8.912101 2.762599 2.090950
v 8.912101 1.266692 2.243707
v 8.912101 1.266692 2.090951
v 8.875043 1.266692 2.243707
v 8.875043 2.762599 2.243707
v 8.875043 1.266692 2.090951
v 8.875043 2.762599 2.090950
v 8.912101 2.762599 1.883688
v 8.912101 2.762599 1.730932
v 8.912101 1.266692 1.883688
v 8.912101 1.266692 1.730932
v 8.875043 1.266692 1.883689
v 8.875043 2.762599 1.883689
v 8.875043 1.266692 1.730932
v 8.875043 2.762599 1.730932
v 8.888508 2.670755 3.154760
v 8.888508 2.670755 1.790936
v 8.888508 2.575077 3.154760
v 8.888508 2.575077 1.790936
v 8.925567 2.670755 1.790936
v 8.925567 2.575077 1.790936
v 8.925566 2.670755 3.154760
v 8.925566 2.575077 3.154760
v 8.888508 1.419906 3.154760
v 8.888508 1.419906 1.790936
v 8.888508 1.324228 3.154760
v 8.888508 1.324228 1.790936
v 8.925567 1.419906 1.790937
v 8.925567 1.324228 1.790937
v 8.925566 1.419906 3.154760
v 8.925566 1.324228 3.154760
v 9.021587 2.037844 2.186065
v 9.021589 2.037844 1.774145
v 9.021587 1.959435 2.186065
v 9.021589 1.959435 1.774145
v 9.058647 2.037844 1.774145
v 9.058647 1.959435 1.774145
v 9.058647 2.037844 2.186064
v 9.058647 1.959435 2.186064
v 8.870587 2.026493 1.805345
v 9.039314 2.026493 1.805344
v 8.870587 1.970786 1.805345
v 9.039314 1.970786 1.805344
v 9.039314 2.026493 1.842403
v 9.039314 1.970786 1.842403
v 8.870587 2.026493 1.842404
v 8.870587 1.970786 1.842404
v 8.870587 2.026493 2.126351
v 9.039314 2.026493 2.126351
v 8.870587 1.970786 2.126351
v 9.039314 1.970786 2.126351
v 9.039314 2.026493 2.163410
v 9.039314 1.970786 2.163410
v 8.870585 2.026493 2.163410
v 8.870585 1.970786 2.163410
v 8.892570 2.762598 -3.133300
v 8.896050 2.762598 -2.980583
v 8.892570 1.266691 -3.133300
v 8.896050 1.266691 -2.980583
v 8.855520 1.266691 -3.132455
v 8.855520 2.762598 -3.132456
v 8.859000 1.266691 -2.979739
v 8.859000 2.762598 -2.979739
v 8.900895 2.762598 -2.767939
v 8.904374 2.762598 -2.615222
v 8.900895 1.266691 -2.767938
v 8.904374 1.266691 -2.615222
v 8.863847 1.266691 -2.767094
v 8.863847 2.762598 -2.767094
v 8.867326 1.266691 -2.614377
v 8.867326 2.762598 -2.614377
v 8.909026 2.762598 -2.411069
v 8.912986 2.762598 -2.237281
v 8.909026 1.266691 -2.411068
v 8.912986 1.266691 -2.237281
v 8.871977 1.266691 -2.410224
v 8.871977 2.762598 -2.410224
v 8.875937 1.266691 -2.236437
v 8.875937 2.762598 -2.236437
v 8.917542 2.762598 -2.037414
v 8.921020 2.762598 -1.884696
v 8.917542 1.266691 -2.037414
v 8.921020 1.266691 -1.884696
v 8.880492 1.266691 -2.036570
v 8.880492 2.762598 -2.036570
v 8.883971 1.266691 -1.883852
v 8.883971 2.762598 -1.883853
v 8.896677 2.762598 -2.953038
v 8.900158 2.762598 -2.800321
v 8.896677 1.266691 -2.953038
v 8.900158 1.266691 -2.800321
v 8.859627 1.266691 -2.952194
v 8.859627 2.762598 -2.952194
v 8.863108 1.266691 -2.799477
v 8.863108 2.762598 -2.799477
v 8.905003 2.762598 -2.587677
v 8.908483 2.762598 -2.434960
v 8.905003 1.266691 -2.587677
v 8.908483 1.266691 -2.434960
v 8.867952 1.266691 -2.586832
v 8.867952 2.762598 -2.586832
v 8.871432 1.266691 -2.434116
v 8.871432 2.762598 -2.434116
v 8.913446 2.762598 -2.217078
v 8.916926 2.762598 -2.064361
v 8.913446 1.266691 -2.217077
v 8.916926 1.266691 -2.064361
v 8.876398 1.266691 -2.216233
v 8.876398 2.762598 -2.216233
v 8.879878 1.266691 -2.063517
v 8.879878 2.762598 -2.063517
v 8.921648 2.762598 -1.857152
v 8.925129 2.762598 -1.704435
v 8.921648 1.266691 -1.857152
v 8.925129 1.266691 -1.704435
v 8.884598 1.266691 -1.856308
v 8.884598 2.762598 -1.856309
v 8.888079 1.266691 -1.703590
v 8.888079 2.762598 -1.703591
v 8.869105 2.670754 -3.127357
v 8.900172 2.670754 -1.763886
v 8.869105 2.575076 -3.127357
v 8.900172 2.575076 -1.763886
v 8.937221 2.670754 -1.764731
v 8.937221 2.575076 -1.764731
v 8.906154 2.670754 -3.128201
v 8.906154 2.575076 -3.128201
v 8.869105 1.419905 -3.127357
v 8.900172 1.419905 -1.763886
v 8.869105 1.324227 -3.127357
v 8.900172 1.324227 -1.763886
v 8.937221 1.419905 -1.764731
v 8.937221 1.324227 -1.764731
v 8.906154 1.419905 -3.128200
v 8.906154 1.324227 -3.128200
v 9.024218 2.037843 -2.161945
v 9.033600 2.037843 -1.750132
v 9.024218 1.959434 -2.161945
v 9.033600 1.959434 -1.750132
v 9.070652 2.037843 -1.750976
v 9.070652 1.959434 -1.750976
v 9.061268 2.037843 -2.162789
v 9.061268 1.959434 -2.162789
v 8.881928 2.026492 -1.777882
v 9.050611 2.026492 -1.781727
v 8.881928 1.970785 -1.777882
v 9.050611 1.970785 -1.781727
v 9.049769 2.026492 -1.818776
v 9.049769 1.970785 -1.818776
v 8.881084 2.026492 -1.814933
v 8.881084 1.970785 -1.814933
v 8.874615 2.026492 -2.098807
v 9.043300 2.026492 -2.102650
v 8.874615 1.970785 -2.098807
v 9.043300 1.970785 -2.102650
v 9.042456 2.026492 -2.139699
v 9.042456 1.970785 -2.139699
v 8.873772 2.026492 -2.135855
v 8.873772 1.970785 -2.135855
v -2.536851 2.762598 -4.996345
v -2.632440 2.762598 -5.115497
v -2.536851 1.266690 -4.996345
v -2.632440 1.266690 -5.115497
v -2.507945 1.266690 -5.019535
v -2.507945 2.762598 -5.019535
v -2.603534 1.266690 -5.138687
v -2.603534 2.762598 -5.138687
v -2.765540 2.762598 -5.281406
v -2.861129 2.762598 -5.400558
v -2.765540 1.266690 -5.281406
v -2.861129 1.266690 -5.400558
v -2.736634 1.266690 -5.304596
v -2.736634 2.762598 -5.304596
v -2.832223 1.266690 -5.423748
v -2.832223 2.762598 -5.423748
v -2.988913 2.762598 -5.559841
v -3.097692 2.762598 -5.695433
v -2.988913 1.266690 -5.559841
v -3.097692 1.266690 -5.695433
v -2.960007 1.266690 -5.583031
v -2.960007 2.762598 -5.583031
v -3.068785 1.266690 -5.718623
v -3.068785 2.762598 -5.718623
v -3.222793 2.762598 -5.851373
v -3.318383 2.762598 -5.970525
v -3.222793 1.266690 -5.851373
v -3.318383 1.266690 -5.970525
v -3.193887 1.266690 -5.874563
v -3.193887 2.762598 -5.874563
v -3.289476 1.266690 -5.993715
v -3.289476 2.762598 -5.993715
v -2.649681 2.762598 -5.136988
v -2.745270 2.762598 -5.256140
v -2.649681 1.266690 -5.136988
v -2.745270 1.266690 -5.256140
v -2.620775 1.266690 -5.160178
v -2.620775 2.762598 -5.160178
v -2.716364 1.266690 -5.279330
v -2.716364 2.762598 -5.279330
v -2.878370 2.762598 -5.422049
v -2.973959 2.762598 -5.541201
v -2.878370 1.266690 -5.422049
v -2.973959 1.266690 -5.541201
v -2.849464 1.266690 -5.445239
v -2.849464 2.762598 -5.445239
v -2.945053 1.266690 -5.564391
v -2.945053 2.762598 -5.564391
v -3.110338 2.762598 -5.711196
v -3.205927 2.762598 -5.830348
v -3.110338 1.266690 -5.711196
v -3.205927 1.266690 -5.830348
v -3.081431 1.266690 -5.734386
v -3.081431 2.762598 -5.734386
v -3.177020 1.266690 -5.853539
v -3.177020 2.762598 -5.853539
v -3.335624 2.762598 -5.992016
v -3.431213 2.762598 -6.111168
v -3.335624 1.266690 -5.992016
v -3.431213 1.266690 -6.111168
v -3.306717 1.266690 -6.015206
v -3.306717 2.762598 -6.015206
v -3.402307 1.266690 -6.134358
v -3.402307 2.762598 -6.134358
v -2.521831 2.670753 -5.015327
v -3.375260 2.670753 -6.079129
v -2.521831 2.575076 -5.015327
v -3.375260 2.575076 -6.079129
v -3.404166 2.670753 -6.055938
v -3.404166 2.575076 -6.055938
v -2.550737 2.670753 -4.992137
v -2.550737 2.575076 -4.992137
v -2.521831 1.419904 -5.015327
v -3.375260 1.419904 -6.079129
v -2.521831 1.324227 -5.015327
v -3.375260 1.324227 -6.079129
v -3.404166 1.419904 -6.055938
v -3.404166 1.324227 -6.055938
v -2.550737 1.419904 -4.992137
v -2.550737 1.324227 -4.992137
v -3.231808 2.037843 -5.687645
v -3.489572 2.037843 -6.008949
v -3.231808 1.959434 -5.687645
v -3.489572 1.959434 -6.008949
v -3.518478 2.037843 -5.985758
v -3.518478 1.959434 -5.985758
v -3.260715 2.037843 -5.664455
v -3.260715 1.959434 -5.664455
v -3.352265 2.026492 -6.079104
v -3.483876 2.026492 -5.973520
v -3.352265 1.970785 -6.079104
v -3.483876 1.970785 -5.973520
v -3.460685 2.026492 -5.944613
v -3.460685 1.970785 -5.944613
v -3.329075 2.026492 -6.050197
v -3.329075 1.970785 -6.050197
v -3.151392 2.026492 -5.828714
v -3.283002 2.026492 -5.723130
v -3.151392 1.970785 -5.828714
v -3.283002 1.970785 -5.723130
v -3.259812 2.026492 -5.694224
v -3.259812 1.970785 -5.694224
v -3.128201 2.026492 -5.799808
v -3.128201 1.970785 -5.799808
v 6.181129 2.762598 -5.027066
v 6.028372 2.762598 -5.027066
v 6.181129 1.266690 -5.027066
v 6.028372 1.266690 -5.027066
v 6.181129 1.266690 -4.990007
v 6.181129 2.762598 -4.990007
v 6.028372 1.266690 -4.990007
v 6.028372 2.762598 -4.990007
v 5.815672 2.762598 -5.027066
v 5.662916 2.762598 -5.027066
v 5.815672 1.266690 -5.027066
v 5.662916 1.266690 -5.027066
v 5.815672 1.266690 -4.990007
v 5.815672 2.762598 -4.990007
v 5.662916 1.266690 -4.990007
v 5.662916 2.762598 -4.990007
v 5.458709 2.762598 -5.027066
v 5.284876 2.762598 -5.027066
v 5.458709 1.266690 -5.027066
v 5.284876 1.266690 -5.027066
v 5.458710 1.266690 -4.990007
v 5.458710 2.762598 -4.990007
v 5.284877 1.266690 -4.990007
v 5.284877 2.762598 -4.990007
v 5.084958 2.762598 -5.027066
v 4.932201 2.762598 -5.027066
v 5.084958 1.266690 -5.027066
v 4.932201 1.266690 -5.027066
v 5.084958 1.266690 -4.990007
v 5.084958 2.762598 -4.990007
v 4.932201 1.266690 -4.990007
v 4.932201 2.762598 -4.990007
v 6.000821 2.762598 -5.027066
v 5.848063 2.762598 -5.027066
v 6.000821 1.266690 -5.027066
v 5.848063 1.266690 -5.027066
v 6.000821 1.266690 -4.990007
v 6.000821 2.762598 -4.990007
v 5.848063 1.266690 -4.990007
v 5.848063 2.762598 -4.990007
v 5.635363 2.762598 -5.027066
v 5.482607 2.762598 -5.027066
v 5.635363 1.266690 -5.027066
v 5.482607 1.266690 -5.027066
v 5.635364 1.266690 -4.990007
v 5.635364 2.762598 -4.990007
v 5.482607 1.266690 -4.990007
v 5.482607 2.762598 -4.990007
v 5.264668 2.762598 -5.027066
v 5.111911 2.762598 -5.027066
v 5.264668 1.266690 -5.027066
v 5.111911 1.266690 -5.027066
v 5.264668 1.266690 -4.990007
v 5.264668 2.762598 -4.990007
v 5.111911 1.266690 -4.990007
v 5.111911 2.762598 -4.990007
v 4.904650 2.762598 -5.027066
v 4.751893 2.762598 -5.027066
v 4.904650 1.266690 -5.027066
v 4.751893 1.266690 -5.027066
v 4.904649 1.266690 -4.990007
v 4.904649 2.762598 -4.990007
v 4.751893 1.266690 -4.990007
v 4.751893 2.762598 -4.990007
v 6.175722 2.670753 -5.003472
v 4.811897 2.670753 -5.003471
v 6.175722 2.575076 -5.003472
v 4.811897 2.575076 -5.003471
v 4.811897 2.670753 -5.040530
v 4.811897 2.575076 -5.040530
v 6.175721 2.670753 -5.040530
v 6.175721 2.575076 -5.040530
v 6.175722 1.419904 -5.003472
v 4.811897 1.419904 -5.003471
v 6.175722 1.324227 -5.003472
v 4.811897 1.324227 -5.003471
v 4.811897 1.419904 -5.040530
v 4.811897 1.324227 -5.040530
v 6.175721 1.419904 -5.040530
v 6.175721 1.324227 -5.040530
v 5.207026 2.037843 -5.136552
v 4.795106 2.037843 -5.136552
v 5.207026 1.959434 -5.136552
v 4.795106 1.959434 -5.136552
v 4.795106 2.037843 -5.173611
v 4.795106 1.959434 -5.173611
v 5.207026 2.037843 -5.173611
v 5.207026 1.959434 -5.173611
v 4.826306 2.026492 -4.985550
v 4.826305 2.026492 -5.154279
v 4.826306 1.970785 -4.985550
v 4.826305 1.970785 -5.154279
v 4.863365 2.026492 -5.154279
v 4.863365 1.970785 -5.154279
v 4.863365 2.026492 -4.985550
v 4.863365 1.970785 -4.985550
v 5.147313 2.026492 -4.985550
v 5.147313 2.026492 -5.154279
v 5.147313 1.970785 -4.985550
v 5.147313 1.970785 -5.154279
v 5.184371 2.026492 -5.154279
v 5.184371 1.970785 -5.154279
v 5.184371 2.026492 -4.985550
v 5.184371 1.970785 -4.985550
v -5.784489 2.762600 5.029267
v -5.639070 2.762600 5.076041
v -5.784489 1.266692 5.029267
v -5.639070 1.266692 5.076041
v -5.773141 1.266692 4.993989
v -5.773141 2.762600 4.993989
v -5.627723 1.266692 5.040762
v -5.627723 2.762600 5.040762
v -5.436586 2.762600 5.141168
v -5.291166 2.762600 5.187940
v -5.436586 1.266692 5.141168
v -5.291166 1.266692 5.187940
v -5.425238 1.266692 5.105889
v -5.425238 2.762600 5.105889
v -5.279819 1.266692 5.152662
v -5.279819 2.762600 5.152662
v -5.096768 2.762600 5.250467
v -4.931285 2.762600 5.303694
v -5.096768 1.266692 5.250467
v -4.931285 1.266692 5.303694
v -5.085421 1.266692 5.215188
v -5.085421 2.762600 5.215188
v -4.919938 1.266692 5.268415
v -4.919938 2.762600 5.268415
v -4.740968 2.762600 5.364907
v -4.595549 2.762600 5.411680
v -4.740968 1.266692 5.364907
v -4.595549 1.266692 5.411680
v -4.729621 1.266692 5.329629
v -4.729621 2.762600 5.329629
v -4.584201 1.266692 5.376401
v -4.584201 2.762600 5.376401
v -5.612841 2.762600 5.084477
v -5.467421 2.762600 5.131250
v -5.612841 1.266692 5.084477
v -5.467421 1.266692 5.131250
v -5.601494 1.266692 5.049198
v -5.601494 2.762600 5.049198
v -5.456074 1.266692 5.095972
v -5.456074 2.762600 5.095972
v -5.264937 2.762600 5.196377
v -5.119518 2.762600 5.243151
v -5.264937 1.266692 5.196377
v -5.119518 1.266692 5.243151
v -5.253590 1.266692 5.161098
v -5.253590 2.762600 5.161098
v -5.108171 1.266692 5.207871
v -5.108171 2.762600 5.207871
v -4.912047 2.762600 5.309881
v -4.766628 2.762600 5.356653
v -4.912047 1.266692 5.309881
v -4.766628 1.266692 5.356653
v -4.900700 1.266692 5.274603
v -4.900700 2.762600 5.274603
v -4.755280 1.266692 5.321375
v -4.755280 2.762600 5.321375
v -4.569320 2.762600 5.420117
v -4.423900 2.762600 5.466889
v -4.569320 1.266692 5.420117
v -4.423900 1.266692 5.466889
v -4.557973 1.266692 5.384837
v -4.557973 2.762600 5.384837
v -4.412552 1.266692 5.431610
v -4.412552 2.762600 5.431610
v -5.772117 2.670755 5.008462
v -4.473798 2.670755 5.426054
v -5.772117 2.575078 5.008462
v -4.473798 2.575078 5.426054
v -4.485146 2.670755 5.461334
v -4.485146 2.575078 5.461334
v -5.783464 2.670755 5.043741
v -5.783464 2.575078 5.043741
v -5.772117 1.419906 5.008462
v -4.473798 1.419906 5.426054
v -5.772117 1.324229 5.008462
v -4.473798 1.324229 5.426054
v -4.485146 1.419906 5.461334
v -4.485146 1.324229 5.461334
v -5.783464 1.419906 5.043741
v -5.783464 1.324229 5.043741
v -4.890697 2.037844 5.431758
v -4.498562 2.037844 5.557885
v -4.890697 1.959436 5.431758
v -4.498562 1.959436 5.557885
v -4.509909 2.037844 5.593164
v -4.509909 1.959436 5.593164
v -4.902045 2.037844 5.467038
v -4.902045 1.959436 5.467038
v -4.482027 2.026494 5.404583
v -4.533691 2.026494 5.565207
v -4.482027 1.970787 5.404583
v -4.533691 1.970787 5.565207
v -4.568970 2.026494 5.553860
v -4.568970 1.970787 5.553860
v -4.517306 2.026494 5.393236
v -4.517306 1.970787 5.393236
v -4.787616 2.026494 5.306293
v -4.839279 2.026494 5.466917
v -4.787616 1.970787 5.306293
v -4.839279 1.970787 5.466917
v -4.874558 2.026494 5.455571
v -4.874558 1.970787 5.455571
v -4.822895 2.026494 5.294946
v -4.822895 1.970787 5.294946
v 6.195403 2.762600 5.031048
v 6.042645 2.762600 5.031048
v 6.195403 1.266692 5.031048
v 6.042645 1.266692 5.031048
v 6.195403 1.266692 4.993989
v 6.195403 2.762600 4.993989
v 6.042646 1.266692 4.993989
v 6.042646 2.762600 4.993989
v 5.829947 2.762600 5.031048
v 5.677189 2.762600 5.031048
v 5.829947 1.266692 5.031048
v 5.677189 1.266692 5.031048
v 5.829946 1.266692 4.993989
v 5.829946 2.762600 4.993989
v 5.677189 1.266692 4.993989
v 5.677189 2.762600 4.993989
v 5.472983 2.762600 5.031048
v 5.299150 2.762600 5.031048
v 5.472983 1.266692 5.031048
v 5.299150 1.266692 5.031048
v 5.472983 1.266692 4.993989
v 5.472983 2.762600 4.993989
v 5.299150 1.266692 4.993989
v 5.299150 2.762600 4.993989
v 5.099231 2.762600 5.031048
v 4.946475 2.762600 5.031048
v 5.099231 1.266692 5.031048
v 4.946475 1.266692 5.031048
v 5.099231 1.266692 4.993989
v 5.099231 2.762600 4.993989
v 4.946475 1.266692 4.993989
v 4.946475 2.762600 4.993989
v 6.015094 2.762600 5.031048
v 5.862337 2.762600 5.031048
v 6.015094 1.266692 5.031048
v 5.862337 1.266692 5.031048
v 6.015094 1.266692 4.993989
v 6.015094 2.762600 4.993989
v 5.862337 1.266692 4.993989
v 5.862337 2.762600 4.993989
v 5.649637 2.762600 5.031048
v 5.496881 2.762600 5.031048
v 5.649637 1.266692 5.031048
v 5.496881 1.266692 5.031048
v 5.649637 1.266692 4.993989
v 5.649637 2.762600 4.993989
v 5.496881 1.266692 4.993989
v 5.496881 2.762600 4.993989
v 5.278941 2.762600 5.031048
v 5.126185 2.762600 5.031048
v 5.278941 1.266692 5.031048
v 5.126185 1.266692 5.031048
v 5.278942 1.266692 4.993989
v 5.278942 2.762600 4.993989
v 5.126185 1.266692 4.993989
v 5.126185 2.762600 4.993989
v 4.918922 2.762600 5.031048
v 4.766166 2.762600 5.031048
v 4.918922 1.266692 5.031048
v 4.766166 1.266692 5.031048
v 4.918923 1.266692 4.993989
v 4.918923 2.762600 4.993989
v 4.766166 1.266692 4.993989
v 4.766166 2.762600 4.993989
v 6.189994 2.670755 5.007453
v 4.826171 2.670755 5.007453
v 6.189994 2.575078 5.007453
v 4.826171 2.575078 5.007453
v 4.826170 2.670755 5.044512
v 4.826170 2.575078 5.044512
v 6.189995 2.670755 5.044513
v 6.189995 2.575078 5.044513
v 6.189994 1.419906 5.007453
v 4.826171 1.419906 5.007453
v 6.189994 1.324229 5.007453
v 4.826171 1.324229 5.007453
v 4.826170 1.419906 5.044512
v 4.826170 1.324229 5.044512
v 6.189995 1.419906 5.044513
v 6.189995 1.324229 5.044513
v 5.221301 2.037844 5.140535
v 4.809381 2.037844 5.140535
v 5.221301 1.959436 5.140535
v 4.809381 1.959436 5.140535
v 4.809381 2.037844 5.177593
v 4.809381 1.959436 5.177593
v 5.221300 2.037844 5.177593
v 5.221300 1.959436 5.177593
v 4.840579 2.026494 4.989532
v 4.840579 2.026494 5.158260
v 4.840579 1.970787 4.989532
v 4.840579 1.970787 5.158260
v 4.877638 2.026494 5.158260
v 4.877638 1.970787 5.158260
v 4.877638 2.026494 4.989533
v 4.877638 1.970787 4.989533
v 5.161585 2.026494 4.989532
v 5.161585 2.026494 5.158261
v 5.161585 1.970787 4.989532
v 5.161585 1.970787 5.158261
v 5.198645 2.026494 5.158260
v 5.198645 1.970787 5.158260
v 5.198645 2.026494 4.989532
v 5.198645 1.970787 4.989532
v 1.654791 0.076929 9.396407
v 1.654791 0.076927 -5.246844
v 1.654791 0.148482 9.396407
v 1.654791 0.148479 -5.246844
v 2.083431 0.076929 9.396407
v 2.083432 0.076927 -5.246844
v 2.083431 0.148482 9.396407
v 2.083432 0.148479 -5.246844
v 2.124780 0.076929 9.308862
v 2.124780 0.076927 -4.088617
v 2.124780 0.148482 9.308862
v 2.124780 0.148479 -4.088617
v 2.463149 0.076929 9.308862
v 2.463150 0.076927 -4.088617
v 2.463149 0.148482 9.308862
v 2.463150 0.148479 -4.088617
v 0.064746 0.076927 -1.057525
v 0.064746 0.076927 -5.246844
v 0.064746 0.148480 -1.057525
v 0.064746 0.148479 -5.246844
v 0.675462 0.076927 -1.057525
v 0.675462 0.076927 -5.246844
v 0.675462 0.148480 -1.057525
v 0.675462 0.148479 -5.246844
v 0.734375 0.076929 9.316556
v 0.734375 0.076927 -4.088617
v 0.734375 0.148482 9.316556
v 0.734375 0.148479 -4.088617
v 1.216474 0.076929 9.316556
v 1.216475 0.076927 -4.088617
v 1.216474 0.148482 9.316556
v 1.216475 0.148479 -4.088617
v 0.064746 0.076928 1.998170
v 0.064746 0.076928 -1.032921
v 0.064746 0.148480 1.998170
v 0.064746 0.148480 -1.032921
v 0.675462 0.076928 1.998170
v 0.675462 0.076928 -1.032921
v 0.675462 0.148480 1.998170
v 0.675462 0.148480 -1.032921
v 0.064746 0.076929 9.352924
v 0.064746 0.076928 2.025663
v 0.064746 0.148482 9.352924
v 0.064746 0.148480 2.025663
v 0.675462 0.076929 9.352924
v 0.675462 0.076928 2.025663
v 0.675462 0.148482 9.352924
v 0.675462 0.148480 2.025663
v -1.172441 0.076928 1.276636
v -1.172441 0.076927 -5.246845
v -1.172441 0.148480 1.276636
v -1.172441 0.148479 -5.246845
v -0.805187 0.076928 1.276636
v -0.805187 0.076927 -5.246845
v -0.805187 0.148480 1.276636
v -0.805187 0.148479 -5.246845
v -0.779900 0.076929 9.302644
v -0.779901 0.076927 -4.088617
v -0.779900 0.148482 9.302644
v -0.779901 0.148479 -4.088617
v -0.351259 0.076929 9.302644
v -0.351259 0.076927 -4.088617
v -0.351259 0.148482 9.302644
v -0.351259 0.148479 -4.088617
v -0.309911 0.076929 9.316556
v -0.309911 0.076928 -1.048287
v -0.309911 0.148482 9.316556
v -0.309911 0.148480 -1.048287
v 0.028458 0.076929 9.316556
v 0.028458 0.076928 -1.048287
v 0.028458 0.148482 9.316556
v 0.028458 0.148480 -1.048287
v -1.540270 0.076929 9.367856
v -1.540270 0.076927 -4.088617
v -1.540270 0.148482 9.367856
v -1.540270 0.148479 -4.088617
v -1.201901 0.076929 9.367856
v -1.201901 0.076927 -4.088617
v -1.201901 0.148482 9.367856
v -1.201901 0.148479 -4.088617
v -1.172441 0.076929 9.315621
v -1.172441 0.076928 1.316549
v -1.172441 0.148482 9.315621
v -1.172441 0.148480 1.316549
v -0.805187 0.076929 9.315621
v -0.805187 0.076928 1.316549
v -0.805187 0.148482 9.315621
v -0.805187 0.148480 1.316549
v -0.335791 0.076927 -1.057525
v -0.335791 0.076927 -4.088617
v -0.335791 0.148480 -1.057525
v -0.335791 0.148479 -4.088617
v 0.017156 0.076927 -1.057525
v 0.017156 0.076927 -4.088617
v 0.017156 0.148480 -1.057525
v 0.017156 0.148479 -4.088617
v -1.991656 0.076929 9.316556
v -1.991656 0.076927 -4.088617
v -1.991656 0.148482 9.316556
v -1.991656 0.148479 -4.088617
v -1.563015 0.076929 9.316556
v -1.563015 0.076927 -4.088617
v -1.563015 0.148482 9.316556
v -1.563015 0.148479 -4.088617
v 1.654791 3.388936 4.905074
v 1.654791 3.388934 -5.246845
v 1.654791 3.460489 4.905074
v 1.654791 3.460487 -5.246845
v 2.083432 3.388936 4.905074
v 2.083432 3.388934 -5.246845
v 2.083432 3.460489 4.905074
v 2.083432 3.460487 -5.246845
v 2.124780 3.388936 5.212430
v 2.124780 3.388935 -4.088617
v 2.124780 3.460489 5.212430
v 2.124780 3.460487 -4.088617
v 2.463150 3.388936 5.212430
v 2.463150 3.388935 -4.088617
v 2.463150 3.460489 5.212430
v 2.463150 3.460487 -4.088617
v 0.064746 3.388935 -1.057526
v 0.064746 3.388934 -5.246845
v 0.064746 3.460488 -1.057526
v 0.064746 3.460487 -5.246845
v 0.675462 3.388935 -1.057526
v 0.675462 3.388934 -5.246845
v 0.675462 3.460488 -1.057526
v 0.675462 3.460487 -5.246845
v 0.734375 3.388936 4.905074
v 0.734375 3.388935 -4.088617
v 0.734375 3.460489 4.905074
v 0.734375 3.460487 -4.088617
v 1.216475 3.388936 4.905074
v 1.216475 3.388935 -4.088617
v 1.216475 3.460489 4.905074
v 1.216475 3.460487 -4.088617
v 0.064746 3.388936 1.998170
v 0.064746 3.388935 -1.032922
v 0.064746 3.460488 1.998170
v 0.064746 3.460488 -1.032922
v 0.675462 3.388936 1.998170
v 0.675462 3.388935 -1.032922
v 0.675462 3.460488 1.998170
v 0.675462 3.460488 -1.032922
v 0.064746 3.388936 5.200875
v 0.064746 3.388936 2.025662
v 0.064746 3.460489 5.200875
v 0.064746 3.460488 2.025662
v 0.675462 3.388936 5.200875
v 0.675462 3.388936 2.025662
v 0.675462 3.460489 5.200875
v 0.675462 3.460488 2.025662
v -1.172441 3.388935 1.276636
v -1.172441 3.388934 -5.246845
v -1.172441 3.460488 1.276636
v -1.172441 3.460487 -5.246845
v -0.805187 3.388935 1.276636
v -0.805187 3.388934 -5.246845
v -0.805187 3.460488 1.276636
v -0.805187 3.460487 -5.246845
v -0.779901 3.388936 4.926353
v -0.779901 3.388935 -4.088617
v -0.779901 3.460489 4.926353
v -0.779901 3.460487 -4.088617
v -0.351259 3.388936 4.926353
v -0.351259 3.388935 -4.088617
v -0.351259 3.460489 4.926353
v -0.351259 3.460487 -4.088617
v -0.309911 3.388936 4.926353
v -0.309911 3.388935 -1.048287
v -0.309911 3.460489 4.926353
v -0.309911 3.460488 -1.048287
v 0.028458 3.388936 4.926353
v 0.028458 3.388935 -1.048287
v 0.028458 3.460489 4.926353
v 0.028458 3.460488 -1.048287
v -1.540270 3.388936 5.212430
v -1.540270 3.388935 -4.088617
v -1.540270 3.460489 5.212430
v -1.540270 3.460487 -4.088617
v -1.201901 3.388936 5.212430
v -1.201901 3.388935 -4.088617
v -1.201901 3.460489 5.212430
v -1.201901 3.460487 -4.088617
v -1.172441 3.388936 4.934393
v -1.172441 3.388935 1.316549
v -1.172441 3.460489 4.934393
v -1.172441 3.460488 1.316549
v -0.805187 3.388936 4.934393
v -0.805187 3.388935 1.316549
v -0.805187 3.460489 4.934393
v -0.805187 3.460488 1.316549
v -0.335791 3.388935 -1.057526
v -0.335791 3.388935 -4.088617
v -0.335791 3.460488 -1.057526
v -0.335791 3.460487 -4.088617
v 0.017156 3.388935 -1.057526
v 0.017156 3.388935 -4.088617
v 0.017156 3.460488 -1.057526
v 0.017156 3.460487 -4.088617
v -1.991656 3.388936 4.963206
v -1.991656 3.388935 -4.088617
v -1.991656 3.460489 4.963206
v -1.991656 3.460487 -4.088617
v -1.563015 3.388936 4.963206
v -1.563015 3.388935 -4.088617
v -1.563015 3.460489 4.963206
v -1.563015 3.460487 -4.088617
v 1.170884 0.104664 -4.804927
v 1.170884 3.425175 -4.804927
v 1.170884 0.104664 -5.027115
v 1.170884 3.425175 -5.027115
v 1.368535 0.104664 -4.804927
v 1.368535 3.425175 -4.804927
v 1.368535 0.104664 -5.027115
v 1.368535 3.425175 -5.027115
v -1.025271 0.104664 -4.804927
v -1.025271 3.425175 -4.804927
v -1.025271 0.104664 -5.027115
v -1.025271 3.425175 -5.027115
v -0.827619 0.104664 -4.804927
v -0.827619 3.425175 -4.804927
v -0.827619 0.104664 -5.027115
v -0.827619 3.425175 -5.027115
v 2.970011 2.749209 -4.980767
v -2.569360 2.749209 -4.980767
v 2.970011 2.749209 -4.927639
v -2.569360 2.749209 -4.927639
v 1.366579 0.104666 4.804925
v 1.366579 3.425177 4.804924
v 1.366579 0.104666 5.027113
v 1.366579 3.425177 5.027112
v 1.168927 0.104666 4.804925
v 1.168927 3.425177 4.804924
v 1.168927 0.104666 5.027113
v 1.168927 3.425177 5.027112
v -2.569361 0.104666 4.927804
v 2.970011 0.104666 4.927804
v 2.970011 1.187372 4.927804
v -2.569360 1.187372 4.927804
v -2.569361 0.157794 4.980932
v 2.970011 0.157794 4.980932
v 2.970011 1.187372 4.980932
v -2.569360 1.187372 4.980932
v 2.970011 2.749211 4.927804
v -2.569360 2.749211 4.927804
v 2.970011 2.749211 4.980932
v -2.569360 2.749211 4.980932
v -0.890546 1.187372 4.980932
v 1.291196 1.187372 4.980932
v 1.291196 0.157794 4.980932
v -0.890546 0.157794 4.980932
v -0.890546 2.749211 4.980932
v 1.291196 2.749211 4.980932
v 1.280033 1.187372 4.927804
v -0.879383 1.187372 4.927804
v -0.879383 0.104666 4.927804
v 1.280033 0.104666 4.927804
v 1.280033 2.749211 4.927804
v -0.879383 2.749211 4.927804
v -2.654883 0.104666 4.804925
v -2.654883 3.425177 4.804924
v -2.654883 0.104666 5.027113
v -2.654883 3.425177 5.027112
v -2.457232 0.104666 4.804925
v -2.457232 3.425177 4.804924
v -2.457232 0.104666 5.027113
v -2.457232 3.425177 5.027112
v 3.538068 0.104666 9.090786
v 3.538068 3.906899 9.090786
v 3.538068 0.104666 9.312975
v 3.538068 3.906899 9.312975
v 3.340416 0.104666 9.090786
v 3.340416 3.906899 9.090786
v 3.340416 0.104666 9.312975
v 3.340416 3.906899 9.312975
v -3.189650 0.104666 9.090786
v -3.189650 3.906899 9.090786
v -3.189650 0.104666 9.312975
v -3.189650 3.906899 9.312975
v -3.387301 0.104666 9.090786
v -3.387301 3.906899 9.090786
v -3.387301 0.104666 9.312975
v -3.387301 3.906899 9.312975
v 3.235696 3.416392 5.859143
v -3.643134 3.416393 5.859144
v 3.235696 3.487944 5.859143
v -3.643134 3.487944 5.859144
v 3.235696 3.416392 5.491889
v -3.643134 3.416393 5.491889
v 3.235696 3.487944 5.491889
v -3.643134 3.487944 5.491889
v 3.205622 3.416392 5.466603
v -3.677352 3.416393 5.466603
v 3.205622 3.487944 5.466603
v -3.677352 3.487944 5.466603
v 3.205622 3.416392 5.037961
v -3.677352 3.416393 5.037962
v 3.205622 3.487944 5.037961
v -3.677352 3.487944 5.037962
v 4.670993 3.416392 6.387018
v -3.643133 3.416393 6.387019
v 4.670993 3.487944 6.387018
v -3.643133 3.487944 6.387019
v 4.670993 3.416392 5.904919
v -3.643133 3.416393 5.904920
v 4.670993 3.487944 5.904919
v -3.643133 3.487944 5.904920
v 0.845628 3.416393 8.216636
v -3.677352 3.416393 8.216636
v 0.845628 3.487945 8.216636
v -3.677352 3.487945 8.216636
v 0.845628 3.416393 7.849380
v -3.677352 3.416393 7.849380
v 0.845628 3.487945 7.849380
v -3.677352 3.487945 7.849380
v 3.205622 3.416393 7.824094
v -4.558971 3.416393 7.824094
v 3.205622 3.487945 7.824094
v -4.558971 3.487945 7.824094
v 3.205622 3.416393 7.395453
v -4.558971 3.416393 7.395453
v 3.205622 3.487945 7.395453
v -4.558971 3.487945 7.395453
v 4.670993 3.416393 7.354104
v -1.099485 3.416393 7.354105
v 4.670993 3.487945 7.354104
v -1.099485 3.487945 7.354105
v 4.670993 3.416392 7.015735
v -1.099485 3.416393 7.015736
v 4.670993 3.487944 7.015735
v -1.099485 3.487944 7.015736
v 4.677720 3.416393 8.216636
v 0.879020 3.416393 8.216636
v 4.677720 3.487945 8.216636
v 0.879020 3.487945 8.216636
v 4.677720 3.416393 7.849380
v 0.879020 3.416393 7.849380
v 4.677720 3.487945 7.849380
v 0.879020 3.487945 7.849380
v -1.107214 3.416393 7.379985
v -3.643133 3.416393 7.379985
v -1.107214 3.487945 7.379985
v -3.643133 3.487945 7.379985
v -1.107214 3.416392 7.027039
v -3.643133 3.416393 7.027039
v -1.107214 3.487944 7.027039
v -3.643133 3.487944 7.027039
v 0.845628 3.416392 6.988878
v -3.677352 3.416393 6.988878
v 0.845628 3.487944 6.988878
v -3.677352 3.487944 6.988878
v 0.845628 3.416392 6.435299
v -3.677352 3.416393 6.435299
v 0.845628 3.487944 6.435299
v -3.677352 3.487944 6.435299
v 3.212349 3.416392 6.988878
v 0.879020 3.416393 6.988878
v 3.212349 3.487944 6.988878
v 0.879020 3.487944 6.988878
v 3.212349 3.416392 6.435299
v 0.879020 3.416393 6.435299
v 3.212349 3.487944 6.435299
v 0.879020 3.487944 6.435299
v 3.235696 3.416393 9.059690
v -4.489913 3.416393 9.059690
v 3.235696 3.487945 9.059690
v -4.489913 3.487945 9.059690
v 3.235696 3.416393 8.692435
v -4.489913 3.416393 8.692435
v 3.235696 3.487945 8.692435
v -4.489913 3.487945 8.692435
v 4.546995 3.416393 8.667149
v -3.677352 3.416393 8.667150
v 4.546995 3.487945 8.667149
v -3.677352 3.487945 8.667150
v 4.546995 3.416393 8.238507
v -3.677352 3.416393 8.238508
v 4.546995 3.487945 8.238507
v -3.677352 3.487945 8.238508
v 4.670993 3.416393 9.587565
v -4.191828 3.416393 9.587565
v 4.670993 3.487945 9.587565
v -4.191828 3.487945 9.587565
v 4.670993 3.416393 9.105465
v -4.191828 3.416393 9.105466
v 4.670993 3.487945 9.105465
v -4.191828 3.487945 9.105466
v 0.845628 3.416393 10.189424
v -4.455503 3.416393 10.189424
v 0.845628 3.487945 10.189424
v -4.455503 3.487945 10.189424
v 0.845628 3.416393 9.635846
v -4.455503 3.416393 9.635846
v 0.845628 3.487945 9.635846
v -4.455503 3.487945 9.635846
v 4.393754 3.416393 10.189424
v 0.879020 3.416393 10.189424
v 4.393754 3.487945 10.189424
v 0.879020 3.487945 10.189424
v 4.393754 3.416393 9.635846
v 0.879020 3.416393 9.635846
v 4.393754 3.487945 9.635846
v 0.879020 3.487945 9.635846
v 3.502157 0.157794 4.957365
v 3.502157 1.187372 4.957364
v 3.502157 3.168643 4.957364
v 3.502157 1.187373 9.198471
v 3.502157 0.157795 9.198471
v 3.502157 3.168644 9.198471
v -3.287481 0.157795 9.198471
v -3.287481 3.168644 9.198471
v 2.173734 3.434482 4.657241
v 2.168363 3.403101 4.404311
v 2.445567 3.445411 4.649450
v -2.484159 3.443229 4.275492
v 2.457148 3.425073 4.406335
v -1.743512 10.091729 -0.037366
v -2.472578 3.463568 4.518606
v -1.729864 10.080577 -0.265737
v -2.195374 3.421257 4.273468
v -1.469909 10.145827 -0.033377
v -2.200746 3.452639 4.526398
v -1.470699 10.099236 -0.284586
v 1.175953 6.875027 2.466833
v 0.893096 6.871397 2.722928
v 0.903699 6.838846 2.476501
v 1.167853 6.899593 2.712675
v 1.684199 10.091729 -0.128298
v 1.670552 10.080577 -0.356668
v 1.410596 10.145827 -0.124309
v 1.411386 10.099234 -0.375518
v -1.310135 6.584049 2.580007
v -1.024543 6.588625 2.833364
v -1.030977 6.557787 2.584871
v -1.304661 6.607123 2.826705
v 1.496605 3.440753 9.174268
v 1.496605 1.187373 9.174268
v 1.496605 0.128936 9.174268
v 1.565732 0.104666 9.294520
v 1.565732 6.480001 9.294519
v 1.343544 0.104666 9.294520
v 1.343544 6.480001 9.294519
v 1.565732 0.104666 9.096869
v 1.565732 6.480001 9.096868
v 1.343544 0.104666 9.096869
v 1.343544 6.480001 9.096868
v 1.496604 1.187373 9.239355
v 1.496604 0.128936 9.239355
v 1.496604 3.440753 9.239355
v 3.497317 3.440753 9.239355
v 3.497317 0.128936 9.239355
v 3.497317 1.187373 9.239355
v 3.497318 0.128936 9.174267
v 3.497319 3.440753 9.174267
v 3.497318 1.187373 9.174267
v -0.851081 0.104666 9.294520
v -0.851081 7.267270 9.294519
v -1.073269 0.104666 9.294520
v -1.073269 7.267270 9.294519
v -0.851081 0.104666 9.096869
v -0.851081 7.267270 9.096868
v -1.073269 0.104666 9.096869
v -1.073269 7.267270 9.096868
v -3.213761 3.440753 9.174268
v -3.213761 1.187373 9.174268
v -3.213761 0.128192 9.174268
v -3.213762 1.187373 9.239355
v -3.213762 0.128192 9.239355
v -3.213762 3.440753 9.239355
v -1.042948 3.440753 9.239355
v -1.042948 0.128192 9.239355
v -1.042948 1.187373 9.239355
v -1.042947 0.128192 9.174267
v -1.042946 3.440753 9.174267
v -1.042947 1.187373 9.174267
v -0.410388 3.272851 9.243687
v -0.410388 7.945201 9.243686
v -0.798723 3.272851 9.243687
v -0.798723 7.945201 9.243686
v -0.410388 3.272851 9.147659
v -0.410388 7.945201 9.147658
v -0.798723 3.272851 9.147659
v -0.798723 7.945201 9.147658
v 0.016860 3.272851 9.243687
v 0.016860 7.945201 9.243686
v -0.341658 3.272851 9.243687
v -0.341658 7.945201 9.243686
v 0.016860 3.272851 9.147659
v 0.016860 7.945201 9.147658
v -0.341658 3.272851 9.147659
v -0.341658 7.945201 9.147658
v 0.329811 3.272851 9.243687
v 0.329811 7.945201 9.243686
v 0.039820 3.272851 9.243687
v 0.039820 7.945201 9.243686
v 0.329811 3.272851 9.147659
v 0.329811 7.945201 9.147658
v 0.039820 3.272851 9.147659
v 0.039820 7.945201 9.147658
v 0.655863 3.272851 9.243687
v 0.655863 7.945201 9.243686
v 0.365871 3.272851 9.243687
v 0.365871 7.945201 9.243686
v 0.655863 3.272851 9.147659
v 0.655863 7.945201 9.147658
v 0.365871 3.272851 9.147659
v 0.365871 7.945201 9.147658
v 0.976814 3.272851 9.243687
v 0.976814 7.945201 9.243686
v 0.686823 3.272851 9.243687
v 0.686823 7.945201 9.243686
v 0.976814 3.272851 9.147659
v 0.976814 7.945201 9.147658
v 0.686823 3.272851 9.147659
v 0.686823 7.945201 9.147658
v 1.303055 3.272851 9.243687
v 1.303055 7.945201 9.243686
v 0.998848 3.272851 9.243687
v 0.998848 7.945201 9.243686
v 1.303055 3.272851 9.147659
v 1.303055 7.945201 9.147658
v 0.998848 3.272851 9.147659
v 0.998848 7.945201 9.147658
v 1.909501 3.272851 9.243687
v 1.909501 6.743711 9.243686
v 1.619510 3.272851 9.243687
v 1.619510 6.743711 9.243686
v 1.909501 3.272851 9.147659
v 1.909501 6.743711 9.147658
v 1.619510 3.272851 9.147659
v 1.619510 6.743711 9.147658
v 2.373520 3.272851 9.243687
v 2.373520 6.164110 9.243686
v 1.927587 3.272851 9.243687
v 1.927587 6.164110 9.243686
v 2.373520 3.272851 9.147659
v 2.373520 6.164110 9.147658
v 1.927587 3.272851 9.147659
v 1.927587 6.164110 9.147658
v -1.098647 3.272851 9.243687
v -1.098647 7.945201 9.243686
v -1.388638 3.272851 9.243687
v -1.388638 7.945201 9.243686
v -1.098647 3.272851 9.147659
v -1.098647 7.945201 9.147658
v -1.388638 3.272851 9.147659
v -1.388638 7.945201 9.147658
v -1.442543 3.272851 9.243687
v -1.442543 7.167518 9.243686
v -1.732534 3.272851 9.243687
v -1.732534 7.167518 9.243686
v -1.442543 3.272851 9.147659
v -1.442543 7.167518 9.147658
v -1.732534 3.272851 9.147659
v -1.732534 7.167518 9.147658
v -1.769976 3.272851 9.243687
v -1.769976 6.628456 9.243686
v -2.059967 3.272851 9.243687
v -2.059967 6.628456 9.243686
v -1.769976 3.272851 9.147659
v -1.769976 6.628456 9.147658
v -2.059967 3.272851 9.147659
v -2.059967 6.628456 9.147658
v -2.075222 3.257307 9.243486
v -2.075222 6.148566 9.243485
v -2.365213 3.257307 9.243486
v -2.365213 6.148566 9.243485
v -2.075222 3.257307 9.147459
v -2.075222 6.148566 9.147458
v -2.365213 3.257307 9.147459
v -2.365213 6.148566 9.147458
v 8.863934 3.477414 0.286935
v 8.863934 10.481250 0.286934
v 8.863934 3.477414 0.719619
v 8.863934 10.481250 0.719618
v 8.767906 3.477414 0.286935
v 8.767906 10.481250 0.286934
v 8.767906 3.477414 0.719619
v 8.767906 10.481250 0.719618
v 8.863934 3.477414 -0.095964
v 8.863934 10.481250 -0.095965
v 8.863934 3.477414 0.262553
v 8.863934 10.481250 0.262552
v 8.767906 3.477414 -0.095964
v 8.767906 10.481250 -0.095965
v 8.767906 3.477414 0.262553
v 8.767906 10.481250 0.262552
v 8.863934 3.477414 -0.408916
v 8.863934 10.481250 -0.408917
v 8.863934 3.477414 -0.118925
v 8.863934 10.481250 -0.118926
v 8.767906 3.477414 -0.408916
v 8.767906 10.481250 -0.408917
v 8.767906 3.477414 -0.118925
v 8.767906 10.481250 -0.118926
v 8.863934 3.477414 -0.734967
v 8.863934 10.481250 -0.734968
v 8.863934 3.477414 -0.444976
v 8.863934 10.481250 -0.444977
v 8.767906 3.477414 -0.734967
v 8.767906 10.481250 -0.734968
v 8.767906 3.477414 -0.444976
v 8.767906 10.481250 -0.444977
v 8.863934 3.477414 -1.055918
v 8.863934 9.175686 -1.055919
v 8.863934 3.477414 -0.765927
v 8.863934 9.175686 -0.765928
v 8.767906 3.477414 -1.055918
v 8.767906 9.175686 -1.055919
v 8.767906 3.477414 -0.765927
v 8.767906 9.175686 -0.765928
v 8.863934 3.477414 -1.382159
v 8.863934 9.175686 -1.382160
v 8.863934 3.477414 -1.077952
v 8.863934 9.175686 -1.077953
v 8.767906 3.477414 -1.382159
v 8.767906 9.175686 -1.382160
v 8.767906 3.477414 -1.077952
v 8.767906 9.175686 -1.077953
v 8.863934 3.477414 -1.988605
v 8.863934 8.230241 -1.988606
v 8.863934 3.477414 -1.698614
v 8.863934 8.230241 -1.698615
v 8.767906 3.477414 -1.988605
v 8.767906 8.230241 -1.988606
v 8.767906 3.477414 -1.698614
v 8.767906 8.230241 -1.698615
v 8.863934 3.477414 -2.452625
v 8.863934 7.650640 -2.452625
v 8.863934 3.477414 -2.006691
v 8.863934 7.650640 -2.006692
v 8.767906 3.477414 -2.452625
v 8.767906 7.650640 -2.452625
v 8.767906 3.477414 -2.006691
v 8.767906 7.650640 -2.006692
v 8.863934 3.477414 0.871884
v 8.863934 9.098737 0.871883
v 8.863934 3.477414 1.309534
v 8.863934 9.098737 1.309533
v 8.767906 3.477414 0.871884
v 8.767906 9.098737 0.871883
v 8.767906 3.477414 1.309534
v 8.767906 9.098737 1.309533
v 8.863934 3.477414 1.363439
v 8.863934 8.417878 1.363438
v 8.863934 3.477415 1.653430
v 8.863934 8.417878 1.653429
v 8.767906 3.477414 1.363439
v 8.767906 8.417878 1.363438
v 8.767906 3.477415 1.653430
v 8.767906 8.417878 1.653429
v 8.863934 3.477415 1.690871
v 8.863934 7.904654 1.690870
v 8.863934 3.477415 1.980862
v 8.863934 7.904654 1.980862
v 8.767906 3.477415 1.690871
v 8.767906 7.904654 1.690870
v 8.767906 3.477415 1.980862
v 8.767906 7.904654 1.980862
v 8.863733 3.461871 1.996117
v 8.863733 7.479704 1.996117
v 8.863733 3.461871 2.286109
v 8.863733 7.479704 2.286108
v 8.767706 3.461871 1.996117
v 8.767706 7.479704 1.996117
v 8.767706 3.461871 2.286109
v 8.767706 7.479704 2.286108
v 8.863733 3.461871 2.320186
v 8.863733 7.180279 2.320186
v 8.863733 3.461871 2.760106
v 8.863733 7.180279 2.760106
v 8.767706 3.461871 2.320186
v 8.767706 7.180279 2.320186
v 8.767706 3.461871 2.760106
v 8.767706 7.180279 2.760106
v 8.863733 3.461871 2.777857
v 8.863733 6.353129 2.777857
v 8.863733 3.461871 3.217777
v 8.863733 6.353130 3.217777
v 8.767706 3.461871 2.777857
v 8.767706 6.353129 2.777857
v 8.767706 3.461871 3.217777
v 8.767706 6.353130 3.217777
v 8.863733 3.461871 3.380655
v 8.863733 6.353130 3.380654
v 8.863733 3.461871 3.915208
v 8.863733 6.353130 3.915208
v 8.767706 3.461871 3.380655
v 8.767706 6.353130 3.380654
v 8.767706 3.461871 3.915208
v 8.767706 6.353130 3.915208
v 8.863934 3.477414 -3.121868
v 8.863934 7.650639 -3.121868
v 8.863934 3.477414 -2.466536
v 8.863934 7.650640 -2.466536
v 8.767906 3.477414 -3.121868
v 8.767906 7.650639 -3.121868
v 8.767906 3.477414 -2.466536
v 8.767906 7.650640 -2.466536
v 8.863934 3.477414 -3.909129
v 8.863934 6.381132 -3.909130
v 8.863934 3.477414 -3.430309
v 8.863934 6.381132 -3.430310
v 8.767906 3.477414 -3.909129
v 8.767906 6.381132 -3.909130
v 8.767906 3.477414 -3.430309
v 8.767906 6.381132 -3.430310
v -8.373352 3.477414 0.286935
v -8.373352 10.481250 0.286934
v -8.373352 3.477414 0.719619
v -8.373352 10.481250 0.719618
v -8.469380 3.477414 0.286935
v -8.469380 10.481250 0.286934
v -8.469380 3.477414 0.719619
v -8.469380 10.481250 0.719618
v -8.373352 3.477414 -0.095964
v -8.373352 10.481250 -0.095965
v -8.373352 3.477414 0.262553
v -8.373352 10.481250 0.262552
v -8.469380 3.477414 -0.095964
v -8.469380 10.481250 -0.095965
v -8.469380 3.477414 0.262553
v -8.469380 10.481250 0.262552
v -8.373352 3.477414 -0.408916
v -8.373352 10.481250 -0.408917
v -8.373352 3.477414 -0.118925
v -8.373352 10.481250 -0.118926
v -8.469380 3.477414 -0.408916
v -8.469380 10.481250 -0.408917
v -8.469380 3.477414 -0.118925
v -8.469380 10.481250 -0.118926
v -8.373352 3.477414 -0.734967
v -8.373352 10.481250 -0.734968
v -8.373352 3.477414 -0.444976
v -8.373352 10.481250 -0.444977
v -8.469380 3.477414 -0.734967
v -8.469380 10.481250 -0.734968
v -8.469380 3.477414 -0.444976
v -8.469380 10.481250 -0.444977
v -8.373353 3.477414 -1.055918
v -8.373353 9.175686 -1.055919
v -8.373352 3.477414 -0.765927
v -8.373352 9.175686 -0.765928
v -8.469380 3.477414 -1.055918
v -8.469380 9.175686 -1.055919
v -8.469380 3.477414 -0.765927
v -8.469380 9.175686 -0.765928
v -8.373353 3.477414 -1.382159
v -8.373353 9.175686 -1.382160
v -8.373353 3.477414 -1.077952
v -8.373353 9.175686 -1.077953
v -8.469380 3.477414 -1.382159
v -8.469380 9.175686 -1.382160
v -8.469380 3.477414 -1.077952
v -8.469380 9.175686 -1.077953
v -8.373353 3.477414 -1.988605
v -8.373353 8.230241 -1.988606
v -8.373353 3.477414 -1.698614
v -8.373353 8.230241 -1.698615
v -8.469380 3.477414 -1.988605
v -8.469380 8.230241 -1.988606
v -8.469380 3.477414 -1.698614
v -8.469380 8.230241 -1.698615
v -8.373353 3.477414 -2.452625
v -8.373353 7.650640 -2.452625
v -8.373353 3.477414 -2.006691
v -8.373353 7.650640 -2.006692
v -8.469380 3.477414 -2.452625
v -8.469380 7.650640 -2.452625
v -8.469380 3.477414 -2.006691
v -8.469380 7.650640 -2.006692
v -8.373352 3.477414 0.871884
v -8.373352 9.098737 0.871883
v -8.373352 3.477414 1.309534
v -8.373352 9.098737 1.309533
v -8.469380 3.477414 0.871884
v -8.469380 9.098737 0.871883
v -8.469380 3.477414 1.309534
v -8.469380 9.098737 1.309533
v -8.373352 3.477414 1.363439
v -8.373352 8.417878 1.363438
v -8.373352 3.477415 1.653430
v -8.373352 8.417878 1.653429
v -8.469380 3.477414 1.363439
v -8.469380 8.417878 1.363438
v -8.469380 3.477415 1.653430
v -8.469380 8.417878 1.653429
v -8.373352 3.477415 1.690871
v -8.373352 7.904654 1.690870
v -8.373352 3.477415 1.980862
v -8.373352 7.904654 1.980862
v -8.469380 3.477415 1.690871
v -8.469380 7.904654 1.690870
v -8.469380 3.477415 1.980862
v -8.469380 7.904654 1.980862
v -8.373553 3.461871 1.996117
v -8.373553 7.479704 1.996117
v -8.373553 3.461871 2.286109
v -8.373553 7.479704 2.286108
v -8.469581 3.461871 1.996117
v -8.469581 7.479704 1.996117
v -8.469581 3.461871 2.286109
v -8.469581 7.479704 2.286108
v -8.373553 3.461871 2.320186
v -8.373553 7.180279 2.320186
v -8.373553 3.461871 2.760106
v -8.373553 7.180279 2.760106
v -8.469581 3.461871 2.320186
v -8.469581 7.180279 2.320186
v -8.469581 3.461871 2.760106
v -8.469581 7.180279 2.760106
v -8.373553 3.461871 2.777857
v -8.373553 6.353129 2.777857
v -8.373553 3.461871 3.217777
v -8.373553 6.353130 3.217777
v -8.469581 3.461871 2.777857
v -8.469581 6.353129 2.777857
v -8.469581 3.461871 3.217777
v -8.469581 6.353130 3.217777
v -8.373553 3.461871 3.380655
v -8.373553 6.353130 3.380654
v -8.373553 3.461871 3.915208
v -8.373553 6.353130 3.915208
v -8.469581 3.461871 3.380655
v -8.469581 6.353130 3.380654
v -8.469581 3.461871 3.915208
v -8.469581 6.353130 3.915208
v -8.373353 3.477414 -3.121868
v -8.373353 7.650639 -3.121868
v -8.373353 3.477414 -2.466536
v -8.373353 7.650640 -2.466536
v -8.469380 3.477414 -3.121868
v -8.469380 7.650639 -3.121868
v -8.469380 3.477414 -2.466536
v -8.469380 7.650640 -2.466536
v -8.373353 3.477414 -3.909129
v -8.373353 6.381132 -3.909130
v -8.373353 3.477414 -3.430309
v -8.373353 6.381132 -3.430310
v -8.469380 3.477414 -3.909129
v -8.469380 6.381132 -3.909130
v -8.469380 3.477414 -3.430309
v -8.469380 6.381132 -3.430310
v 3.678431 7.781113 3.267437
v 3.681674 7.707842 3.318672
v 3.690884 7.568881 3.266680
v 3.686816 7.640130 3.318012
v 3.690919 7.569511 3.175034
v 3.687077 7.641114 3.123820
v 3.681928 7.708643 3.123227
v 3.678545 7.781475 3.174514
v -9.245897 7.256414 3.491836
v -9.228422 7.203681 3.573979
v -9.248756 7.368368 3.330422
v -9.261670 7.382611 3.368107
v -0.537069 7.823429 3.303169
v -0.538300 7.750546 3.354418
v -9.219196 7.315282 3.427746
v -9.232317 7.329508 3.353053
v 6.848231 10.936824 0.349777
v 6.848231 10.857850 0.405895
v 6.848231 10.857850 0.194608
v 6.848231 10.936824 0.250726
v 6.848231 10.701618 0.250726
v 6.848231 10.780594 0.194608
v 6.848231 10.780594 0.405895
v 6.848231 10.701618 0.349777
v -0.102516 10.664129 0.729325
v -0.102771 10.615921 0.688978
v -7.066949 10.936824 0.943871
v -7.066949 10.857850 0.999989
v -0.102774 10.548530 0.689051
v -0.102520 10.452873 0.729565
v -0.102421 10.407949 0.801244
v -0.102602 10.454737 0.840945
v -7.066949 10.857850 0.788702
v -7.066949 10.936824 0.844820
v -0.102604 10.522124 0.840869
v -0.102424 10.619205 0.801005
v -7.066949 10.701618 0.844820
v -7.066949 10.780594 0.788702
v -7.066949 10.780594 0.999989
v -7.066949 10.701618 0.943871
v 7.901510 10.311696 1.516540
v 7.903601 10.231641 1.572511
v 7.900428 10.202051 1.366500
v 7.900486 10.302149 1.418547
v 7.902222 10.018974 1.428678
v 7.901449 10.107716 1.370587
v 7.905844 10.148705 1.572964
v 7.904868 10.043648 1.522269
v -0.106380 10.357305 1.262823
v -0.107267 10.284887 1.211788
v -7.549222 9.823369 1.584464
v -7.552670 9.763718 1.636599
v -0.108769 10.217627 1.212469
v -0.109932 10.146408 1.263798
v -0.110075 10.145928 1.355215
v -0.109087 10.216720 1.406182
v -7.563202 9.863029 1.405230
v -7.551951 9.848803 1.479923
v -0.107598 10.284067 1.406595
v -0.106543 10.356950 1.355347
v -7.588374 9.916133 1.420284
v -7.577301 9.901889 1.382599
v -7.559862 9.737203 1.626157
v -7.574849 9.789936 1.544013
v 6.368122 12.160984 -0.615414
v 6.413472 12.113403 -0.676526
v 6.176600 12.110025 -0.608708
v 6.256296 12.160068 -0.583146
v 6.208662 12.017982 -0.711535
v 6.161794 12.064198 -0.651658
v 6.396827 12.067950 -0.718198
v 6.318631 12.019390 -0.742482
v 8.754565 1.750690 6.935715
v 8.801784 1.700364 6.877292
v 8.564937 1.700364 6.942348
v 8.643534 1.750690 6.966214
v 8.596807 1.600803 6.843672
v 8.549589 1.651130 6.902096
v 8.786436 1.651130 6.837038
v 8.707840 1.600803 6.813172
v 3.508581 10.314996 1.219361
v 3.511482 10.242164 1.168075
v 3.515898 10.174636 1.168667
v 3.519193 10.103032 1.219881
v 3.515674 10.173651 1.362859
v 3.519163 10.102402 1.311527
v 3.511264 10.241363 1.363519
v 3.508483 10.314633 1.312284
v 9.156057 3.522604 -5.605686
v 9.156057 3.443630 -5.661804
v 9.156057 3.443630 -5.450518
v 9.156057 3.522604 -5.506635
v 9.156057 3.287399 -5.506635
v 9.156057 3.366373 -5.450518
v 9.156057 3.366373 -5.661804
v 9.156057 3.287399 -5.605686
v -0.109360 3.510892 -5.510084
v -0.109360 3.438779 -5.458841
v -9.374777 3.522604 -5.605686
v -9.374777 3.443630 -5.661804
v -0.109360 3.371225 -5.458841
v -0.109360 3.299111 -5.510084
v -0.109360 3.299111 -5.602237
v -0.109360 3.371225 -5.653481
v -9.374777 3.443630 -5.450518
v -9.374777 3.522604 -5.506635
v -0.109360 3.438779 -5.653481
v -0.109360 3.510892 -5.602237
v -9.374777 3.287399 -5.506635
v -9.374777 3.366373 -5.450518
v -9.374777 3.366373 -5.661804
v -9.374777 3.287399 -5.605686
v 10.360717 5.499097 -4.481368
v 10.361651 5.419630 -4.537461
v 10.361651 5.419630 -4.325881
v 10.360717 5.499097 -4.381975
v 10.363848 5.263801 -4.382289
v 10.362951 5.342386 -4.326194
v 10.362951 5.342386 -4.537148
v 10.363848 5.263801 -4.481053
v -0.107260 5.485941 -4.946605
v -0.108536 5.414249 -4.895365
v -10.585528 5.497500 -4.646565
v -10.585528 5.418525 -4.702683
v -0.110265 5.346665 -4.895035
v -0.111430 5.274048 -4.946276
v -0.111430 5.274048 -5.038775
v -0.110265 5.346665 -5.090016
v -10.585528 5.418525 -4.491397
v -10.585528 5.497500 -4.547514
v -0.108536 5.414249 -5.089685
v -0.107260 5.485941 -5.038446
v -10.585528 5.262295 -4.547514
v -10.585528 5.341267 -4.491397
v -10.585528 5.341267 -4.702683
v -10.585528 5.262295 -4.646565
v 9.734272 7.778793 -3.124664
v 9.734272 7.699819 -3.180782
v 9.734272 7.699819 -2.969495
v 9.734272 7.778793 -3.025614
v 9.734272 7.543587 -3.025613
v 9.734272 7.622560 -2.969495
v 9.734272 7.622560 -3.180782
v 9.734272 7.543587 -3.124664
v -0.027722 7.888396 -3.144555
v -0.027657 7.820118 -3.094889
v -9.218660 7.674556 -3.168167
v -9.218660 7.595581 -3.224285
v -0.027038 7.755207 -3.093882
v -0.025734 7.684810 -3.141431
v -0.024124 7.681169 -3.226510
v -0.023634 7.747654 -3.273651
v -9.218660 7.595581 -3.012998
v -9.218660 7.674556 -3.069116
v -0.024396 7.812806 -3.274810
v -0.026245 7.885078 -3.229820
v -9.218660 7.439350 -3.069116
v -9.218660 7.518324 -3.012998
v -9.218660 7.518324 -3.224285
v -9.218660 7.439350 -3.168167
v 7.216392 10.936824 -0.948891
v 7.216392 10.857850 -1.005008
v 7.216392 10.857850 -0.793722
v 7.216392 10.936824 -0.849840
v 7.216392 10.701618 -0.849840
v 7.216392 10.780594 -0.793722
v 7.216392 10.780594 -1.005008
v 7.216392 10.701618 -0.948891
v -0.115670 10.711004 -0.881059
v -0.115244 10.656884 -0.827482
v -7.066949 10.936824 -0.948891
v -7.066949 10.857850 -1.005008
v -0.115304 10.587203 -0.827758
v -0.115852 10.491503 -0.882060
v -0.116670 10.445786 -0.980141
v -0.116977 10.491716 -1.034778
v -7.066949 10.857850 -0.793722
v -7.066949 10.936824 -0.849841
v -0.116931 10.563283 -1.034258
v -0.116500 10.668103 -0.978776
v -7.066949 10.701618 -0.849840
v -7.066949 10.780594 -0.793722
v -7.066949 10.780594 -1.005008
v -7.066949 10.701618 -0.948891
v 10.169071 9.478915 -1.946049
v 10.171148 9.398733 -2.002047
v 10.171148 9.398733 -1.790166
v 10.169071 9.478915 -1.846162
v 10.175906 9.243281 -1.846863
v 10.174007 9.321539 -1.790853
v 10.174007 9.321539 -2.001359
v 10.175906 9.243281 -1.945349
v -0.112356 9.942101 -1.547356
v -0.113563 9.872234 -1.496844
v -9.216708 9.797660 -1.777259
v -9.217897 9.718042 -1.833338
v -0.115275 9.805798 -1.497997
v -0.116492 9.733457 -1.549689
v -0.116297 9.728686 -1.641421
v -0.114834 9.796579 -1.692857
v -9.217897 9.718042 -1.621685
v -9.216709 9.797660 -1.677763
v -0.113106 9.863618 -1.693126
v -0.112130 9.937983 -1.640435
v -9.220675 9.562308 -1.678163
v -9.219545 9.640807 -1.622082
v -9.219545 9.640807 -1.832941
v -9.220675 9.562308 -1.776859
v 6.002814 12.454322 0.933959
v 6.048502 12.406001 0.994986
v 5.811069 12.404847 0.928827
v 5.890489 12.454020 0.902575
v 5.842810 12.312551 1.031105
v 5.796136 12.359467 0.971616
v 6.031427 12.360735 1.036922
v 5.952913 12.313020 1.061601
v 8.754565 1.750688 -6.940732
v 8.801784 1.700362 -6.882308
v 8.564937 1.700362 -6.947365
v 8.643534 1.750688 -6.971231
v 8.596807 1.600801 -6.848688
v 8.549589 1.651128 -6.907113
v 8.786436 1.651128 -6.842055
v 8.707840 1.600801 -6.818189
v 3.944402 9.888008 -1.690107
v 3.946788 9.815412 -1.639065
v 3.951199 9.747531 -1.639590
v 3.954766 9.675195 -1.690366
v 3.952987 9.744190 -1.832418
v 3.955528 9.673571 -1.781357
v 3.948744 9.812069 -1.833247
v 3.945407 9.886397 -1.782472
v 4.360972 5.617402 -4.759535
v 4.360519 5.547581 -4.707864
v 4.360073 5.483145 -4.708116
v 4.359665 5.414863 -4.758999
v 4.360813 5.477905 -4.902781
v 4.360104 5.411756 -4.850877
v 4.361081 5.543602 -4.903687
v 4.361150 5.616138 -4.852493
v 7.612873 6.584806 -3.957977
v 7.540788 6.539410 -3.935479
v 7.527387 6.497766 -3.899328
v 7.570364 6.453281 -3.845489
v 7.673307 6.453525 -3.817110
v 7.745146 6.498292 -3.839236
v 7.759212 6.539838 -3.875151
v 7.716479 6.584953 -3.929365
v -6.150827 12.132754 -0.479701
v -6.203169 12.077600 -0.547577
v -5.938029 12.075515 -0.472908
v -6.027693 12.132174 -0.444955
v -5.973108 11.965034 -0.589859
v -5.920037 12.019286 -0.522704
v -6.183958 12.021773 -0.596569
v -6.095296 11.965949 -0.623946
v -8.534735 1.747667 6.949832
v -8.588051 1.692225 6.883274
v -8.323652 1.691095 6.956459
v -8.412457 1.747168 6.983614
v -8.357730 1.577967 6.841082
v -8.304832 1.633935 6.908039
v -8.569866 1.634895 6.834500
v -8.480648 1.578294 6.806943
v -6.469842 10.041099 1.640558
v -6.384125 9.985999 1.614347
v -6.367750 9.931216 1.568461
v -6.419471 9.878920 1.505365
v -6.536506 9.879951 1.473310
v -6.620765 9.932633 1.498737
v -6.639242 9.986327 1.543492
v -6.588896 10.041001 1.607484
v -5.918376 12.200414 0.588337
v -5.970906 12.144891 0.656166
v -5.705421 12.143946 0.582435
v -5.794981 12.200152 0.554039
v -5.740342 12.033520 0.699167
v -5.687399 12.088095 0.632221
v -5.951431 12.089205 0.705351
v -5.862610 12.033915 0.732988
v -8.534775 1.748111 -6.954827
v -8.588125 1.692484 -6.888288
v -8.323653 1.691303 -6.961524
v -8.412435 1.747579 -6.988629
v -8.357887 1.577890 -6.846370
v -8.304942 1.633938 -6.913205
v -8.569901 1.634931 -6.839636
v -8.480723 1.578231 -6.812232
v -7.378082 6.598452 -3.915701
v -6.469731 10.040693 -1.645861
v -6.383986 9.986363 -1.619086
v -7.293022 6.545430 -3.888986
v -7.275412 6.492834 -3.842922
v -6.367510 9.932316 -1.572925
v -6.419005 9.879992 -1.509854
v -7.325789 6.439941 -3.778818
v -7.444165 6.439836 -3.746063
v -6.536177 9.880194 -1.478063
v -6.620844 9.932068 -1.503992
v -7.529723 6.492984 -3.772751
v -7.547274 6.546042 -3.819113
v -6.639481 9.985403 -1.549234
v -6.588956 10.040172 -1.613231
v -7.496367 6.598811 -3.883253
v 7.296376 7.285830 3.179051
v 7.378370 7.397933 3.190996
v 7.323246 7.183805 3.090319
v 7.279831 7.222933 3.145682
v 7.516004 7.353285 3.063712
v 7.433393 7.238543 3.052681
v 7.495093 7.476308 3.149320
v 7.537115 7.431255 3.094394
v -7.366103 6.506911 3.903202
v -7.282617 6.454844 3.876895
v -7.265420 6.403064 3.831553
v -7.315355 6.350642 3.768104
v -7.432393 6.350449 3.735636
v -7.516505 6.402906 3.762009
v -7.533333 6.455097 3.807716
v -7.482704 6.507094 3.871093
v -0.540037 7.683198 3.354004
v -0.541188 7.612407 3.303038
v -0.541021 7.612886 3.211621
v -0.539665 7.684106 3.160292
v -9.220036 7.230197 3.584421
v -9.216015 7.289847 3.532286
v -0.537914 7.751366 3.159611
v -0.536879 7.823783 3.210646
v 8.805078 7.510125 2.891931
v 8.806215 7.615184 2.942625
v 8.801090 7.574194 2.740249
v 8.801992 7.485452 2.798339
v 8.799969 7.768626 2.788208
v 8.799900 7.668530 2.736161
v 8.803600 7.698120 2.942173
v 8.801163 7.778174 2.886201
v -2.180468 12.830440 -0.389446
v -2.121508 12.780934 -0.440611
v -2.370248 12.788087 -0.419929
v -2.297943 12.834493 -0.379432
v -2.314476 12.694803 -0.514573
v -2.374627 12.743007 -0.464909
v -2.128007 12.736320 -0.484699
v -2.199147 12.691324 -0.523651
v -3.300503 2.663057 6.899620
v -3.251217 2.611439 6.862970
v -3.493467 2.621591 6.874913
v -3.414200 2.667827 6.905359
v -3.457546 2.522024 6.804037
v -3.507746 2.573704 6.841675
v -3.265735 2.563567 6.829993
v -3.344209 2.517279 6.798687
v -2.718454 7.821598 2.867929
v -2.655404 7.861094 2.901925
v -2.639693 7.755117 2.810501
v -2.713695 7.788223 2.837846
v -2.450060 7.801608 2.854436
v -2.514947 7.761428 2.818436
v -2.529748 7.867222 2.909766
v -2.453770 7.834866 2.884546
v 3.870765 12.613472 -0.413968
v 3.929724 12.563969 -0.465133
v 3.680984 12.571120 -0.444451
v 3.753289 12.617527 -0.403955
v 3.736756 12.477838 -0.539095
v 3.676605 12.526044 -0.489431
v 3.923225 12.519351 -0.509221
v 3.852085 12.474360 -0.548173
v 3.945983 2.511333 7.179148
v 4.006513 2.453650 7.136108
v 3.739065 2.467746 7.128839
v 3.820932 2.516922 7.176976
v 3.800738 2.360110 7.052406
v 3.732311 2.415808 7.088144
v 3.999522 2.400937 7.095806
v 3.925282 2.352822 7.055440
v 3.480639 7.923826 3.017905
v 3.551500 7.980629 3.078326
v 3.496009 7.863394 2.969766
v 3.463742 7.887517 2.983360
v 3.667200 7.942624 3.063620
v 3.593397 7.888671 3.006634
v 3.646869 8.008424 3.119249
v 3.683228 7.980516 3.100801
v 3.260605 5.307670 4.801895
v 3.490471 5.367278 4.855631
v 3.335121 5.224470 4.725413
v 3.568667 5.285470 4.781094
v 3.343011 5.357376 4.846455
v 3.257910 5.264839 4.762322
v 3.482744 5.234704 4.734927
v 3.571586 5.328111 4.820509
v -3.180648 4.980408 5.211102
v -3.002206 5.010655 5.242184
v -3.135376 4.881161 5.124872
v -2.953488 4.924427 5.155513
v -3.105251 5.016595 5.249180
v -3.188809 4.932858 5.170642
v -3.014902 4.880149 5.117702
v -2.955171 4.969233 5.196066
v 3.461263 12.840459 0.593446
v 3.402304 12.790954 0.644611
v 3.651043 12.798106 0.623928
v 3.578739 12.844510 0.583432
v 3.595272 12.704823 0.718571
v 3.655423 12.753029 0.668908
v 3.408803 12.746336 0.688699
v 3.479943 12.701343 0.727650
v 3.463786 1.788803 -7.242865
v 3.403807 1.736471 -7.194656
v 3.651683 1.746999 -7.212679
v 3.579989 1.793739 -7.251314
v 3.597434 1.646211 -7.121991
v 3.657413 1.698540 -7.170198
v 3.409536 1.688014 -7.152178
v 3.481230 1.641275 -7.113542
v 4.014641 8.068443 -2.960299
v 3.916006 8.111382 -2.998677
v 3.957736 7.965901 -2.878876
v 4.026783 8.023443 -2.921460
v 3.728962 7.955465 -2.889815
v 3.816056 7.934434 -2.866651
v 3.770589 8.082672 -2.982908
v 3.713971 8.001860 -2.926482
v -2.539648 12.827336 0.632288
v -2.598608 12.777832 0.683453
v -2.349869 12.784984 0.662770
v -2.422174 12.831391 0.622275
v -2.405640 12.691703 0.757415
v -2.345489 12.739908 0.707751
v -2.592109 12.733216 0.727541
v -2.520969 12.688223 0.766493
v -2.537127 2.693884 -6.876588
v -2.597106 2.641553 -6.828379
v -2.349229 2.652081 -6.846400
v -2.420922 2.698819 -6.885035
v -2.403479 2.551292 -6.755713
v -2.343499 2.603621 -6.803921
v -2.591376 2.593095 -6.785899
v -2.519683 2.546355 -6.747263
v -1.975211 7.920928 -2.929532
v -2.111330 7.954226 -2.987751
v -2.088614 7.834513 -2.882059
v -1.970792 7.883245 -2.896516
v -2.401250 7.843248 -2.890980
v -2.287826 7.815629 -2.876369
v -2.320444 7.933759 -2.984279
v -2.412881 7.879832 -2.925726
v -2.320549 5.377586 -4.595727
v -2.501585 5.416974 -4.621995
v -2.372957 5.285219 -4.507815
v -2.553495 5.324268 -4.535748
v -2.389085 5.421554 -4.631063
v -2.315486 5.333770 -4.553863
v -2.484997 5.280716 -4.499325
v -2.559021 5.367993 -4.575823
v 3.679968 4.561830 -5.621885
v 3.498891 4.601233 -5.651253
v 3.627794 4.469378 -5.534245
v 3.447237 4.508431 -5.563458
v 3.611315 4.605842 -5.659575
v 3.685149 4.517968 -5.581070
v 3.515789 4.464860 -5.525968
v 3.441622 4.552190 -5.604222
v 12.552687 12.187630 -0.039849
v 12.549095 12.113560 0.019528
v 12.563721 12.095636 -0.191271
v 12.559543 12.179227 -0.138671
v 12.560416 11.944450 -0.128579
v 12.564010 12.018519 -0.187956
v 12.549382 12.036445 0.022843
v 12.553560 11.952853 -0.029757
v -0.120381 11.906417 0.007379
v -0.116769 11.828563 -0.040827
v -13.201967 11.910254 0.248064
v -13.205563 11.836184 0.307441
v -0.116565 11.759933 -0.038185
v -0.119627 11.691515 0.015513
v -0.125500 11.698755 0.106584
v -0.129136 11.775529 0.154539
v -13.190933 11.818256 0.096643
v -13.195111 11.901849 0.149243
v -0.129484 11.844415 0.152245
v -0.126476 11.914031 0.098956
v -13.194238 11.667074 0.159335
v -13.190646 11.741140 0.099958
v -13.205274 11.759065 0.310756
v -13.201097 11.675475 0.258157
v 6.566937 8.881399 -2.182803
v 6.639762 8.924365 -2.206961
v 6.594310 8.804294 -2.086626
v 6.552560 8.844811 -2.143606
v 6.770038 8.847064 -2.082631
v 6.697464 8.805159 -2.057704
v 6.743684 8.925042 -2.176589
v 6.785267 8.883420 -2.120206
v -0.338617 9.583139 11.580672
v -0.243605 9.513039 11.587107
v -0.208749 9.767408 11.586198
v -0.325832 9.706247 11.580846
v 0.004468 9.688402 11.591580
v -0.100225 9.761137 11.590670
v -0.147091 9.511184 11.593442
v -0.025790 9.569374 11.595169
v -0.098851 9.697783 2.089728
v -0.005994 9.763168 2.093993
v 0.081109 9.761045 2.094638
v 0.170343 9.692713 2.093110
v 0.169863 9.571079 2.087894
v 0.078685 9.504379 2.083649
v -0.009200 9.505047 2.082905
v -0.100958 9.574627 2.084375
v -0.194325 9.218492 6.356535
v -0.100392 9.284759 6.363835
v -0.013254 9.282152 6.371432
v 0.076917 9.211314 6.376888
v -0.017478 9.024360 6.367115
v 0.073554 9.088516 6.375015
v -0.104087 9.025447 6.359241
v -0.195634 9.094306 6.354343
vt 2.607334 -0.457341
vt 2.607334 -1.097316
vt 2.650157 -1.097316
vt 2.650157 -0.457341
vt 2.476742 -0.457340
vt 2.476741 -1.097316
vt 2.520626 -1.097316
vt 2.520627 -0.457340
vt 2.563449 -1.097316
vt 2.563450 -0.457341
vt 2.520627 -0.413455
vt 2.563450 -0.413455
vt 2.520626 -1.141201
vt 2.563449 -1.141201
vt -3.231723 5.787992
vt -3.231723 5.687650
vt -3.193629 5.687650
vt -3.193629 5.787992
vt -3.275608 5.687650
vt -3.275607 4.224374
vt -3.231722 4.224375
vt -3.149744 5.687650
vt -3.149744 4.224375
vt -3.111650 4.224376
vt -3.111650 5.687651
vt -3.193628 4.224375
vt -0.676052 -2.860278
vt -0.719936 -2.860278
vt -0.719936 -2.947378
vt -0.676052 -2.947378
vt -0.865433 -11.378452
vt -0.865433 -11.579133
vt -0.827339 -11.579133
vt -0.827339 -11.378452
vt -0.909318 -11.579133
vt -0.909317 -14.505682
vt -0.865433 -14.505682
vt -0.783454 -11.579133
vt -0.783454 -14.505682
vt -0.745360 -14.505682
vt -0.745360 -11.579133
vt -0.827339 -14.505682
vt 3.774573 -10.549793
vt 3.730689 -10.549793
vt 3.730689 -10.723992
vt 3.774573 -10.723992
vt 2.402059 -1.971531
vt 2.402059 -2.015416
vt 2.440154 -2.015416
vt 2.440154 -1.971531
vt -2.284552 -6.251852
vt -2.246457 -6.251852
vt -2.246457 -6.164083
vt -2.284552 -6.164083
vt 2.826689 -11.912461
vt 2.826689 -12.113143
vt 2.864783 -12.113143
vt 2.864783 -11.912461
vt 2.782804 -12.113143
vt 2.782804 -15.039696
vt 2.826689 -15.039696
vt 2.908667 -12.113143
vt 2.908667 -15.039696
vt 2.946762 -15.039696
vt 2.946762 -12.113143
vt 2.864783 -15.039696
vt -0.411864 -10.171991
vt -0.455749 -10.171991
vt -0.455749 -10.346190
vt -0.411864 -10.346190
vt -0.559267 -2.101111
vt -0.559267 -2.741086
vt -0.516444 -2.741086
vt -0.516444 -2.101111
vt -0.678279 -2.101111
vt -0.678279 -2.741086
vt -0.640184 -2.741086
vt -0.640185 -2.101111
vt -0.597361 -2.741086
vt -0.597362 -2.101111
vt -0.640185 -2.063017
vt -0.597362 -2.063017
vt -0.640184 -2.779180
vt -0.597361 -2.779180
vt -2.587888 -2.560457
vt -2.587889 -3.200432
vt -2.545065 -3.200432
vt -2.545065 -2.560457
vt -2.706900 -2.560457
vt -2.706900 -3.200432
vt -2.668805 -3.200432
vt -2.668805 -2.560457
vt -2.625982 -3.200432
vt -2.625982 -2.560457
vt -2.668805 -2.522363
vt -2.625982 -2.522363
vt -2.668805 -3.238526
vt -2.625982 -3.238526
vt 1.221110 -2.110234
vt 1.221110 -2.750208
vt 1.263933 -2.750208
vt 1.263934 -2.110234
vt 1.102098 -2.110234
vt 1.102098 -2.750208
vt 1.140193 -2.750208
vt 1.140193 -2.110234
vt 1.183016 -2.750208
vt 1.183016 -2.110234
vt 1.140193 -2.072140
vt 1.183016 -2.072140
vt 1.140193 -2.788303
vt 1.183016 -2.788303
vt -2.721992 -0.408134
vt -2.721993 -1.048109
vt -2.679170 -1.048109
vt -2.679170 -0.408135
vt -2.841005 -0.408134
vt -2.841005 -1.048109
vt -2.802910 -1.048109
vt -2.802910 -0.408134
vt -2.760087 -1.048109
vt -2.760087 -0.408134
vt -2.802910 -0.370040
vt -2.760087 -0.370040
vt -2.802910 -1.086203
vt -2.760087 -1.086203
vt -3.077002 2.650113
vt -3.077003 2.010138
vt -3.034179 2.010138
vt -3.034179 2.650113
vt -3.196015 2.650113
vt -3.196014 2.010138
vt -3.157920 2.010138
vt -3.157920 2.650112
vt -3.115097 2.010138
vt -3.115097 2.650112
vt -3.157920 2.688207
vt -3.115097 2.688207
vt -3.157920 1.972044
vt -3.115097 1.972044
vt 2.455128 -11.912459
vt 2.455128 -12.113143
vt 2.493223 -12.113143
vt 2.493223 -11.912461
vt 2.411244 -12.113143
vt 2.411244 -15.039694
vt 2.455129 -15.039694
vt 2.537107 -12.113143
vt 2.537107 -15.039694
vt 2.575202 -15.039694
vt 2.575202 -12.113143
vt 2.493223 -15.039694
vt -0.411864 -10.445985
vt -0.455749 -10.445985
vt -0.455749 -10.620183
vt -0.411864 -10.620183
vt -2.709688 2.650113
vt -2.709688 2.010138
vt -2.666865 2.010138
vt -2.666864 2.650112
vt -2.828700 2.650112
vt -2.828700 2.010138
vt -2.790606 2.010138
vt -2.790605 2.650112
vt -2.747782 2.010138
vt -2.747782 2.650113
vt -2.790605 2.688207
vt -2.747782 2.688207
vt -2.790606 1.972044
vt -2.747782 1.972044
vt 0.711694 2.359889
vt 0.711694 2.321795
vt 0.788590 2.321795
vt 0.788590 2.359889
vt 0.673600 2.321795
vt 0.673600 1.303741
vt 0.711694 1.303741
vt 0.826684 2.321795
vt 0.826684 1.303741
vt 0.903579 1.303741
vt 0.903580 2.321795
vt 0.788589 1.303741
vt 0.181021 2.359889
vt 0.181021 2.321795
vt 0.262156 2.321795
vt 0.262156 2.359889
vt 0.142924 2.321795
vt 0.142927 1.282653
vt 0.181021 1.282653
vt 0.300254 2.321795
vt 0.300250 1.282653
vt 0.381385 1.282653
vt 0.381389 2.321795
vt 0.262156 1.282653
vt 0.190311 4.489089
vt 0.190311 4.441702
vt 0.267208 4.441702
vt 0.267208 4.489089
vt 0.142924 4.441702
vt 0.142926 3.435389
vt 0.190311 3.435389
vt 0.314594 4.441702
vt 0.314593 3.435389
vt 0.391488 3.435388
vt 0.391491 4.441702
vt 0.267207 3.435389
vt -1.535267 1.073207
vt -1.535266 1.111300
vt -1.612158 1.111302
vt -1.612159 1.073209
vt -1.497168 1.111299
vt -1.497130 2.742526
vt -1.535224 2.742527
vt -1.650257 1.111303
vt -1.650212 2.742530
vt -1.727107 2.742532
vt -1.727149 1.111305
vt -1.612118 2.742529
vt -0.708473 1.791901
vt -0.712899 3.101461
vt -0.735757 3.101459
vt -0.731298 1.791872
vt -0.617235 1.791907
vt -0.621472 3.101470
vt -0.644329 3.101467
vt -0.640061 1.791881
vt -0.550417 1.770673
vt -0.571568 1.791879
vt -0.594424 1.791908
vt -0.615630 1.770758
vt -0.615676 1.735099
vt -0.594525 1.713894
vt -0.571668 1.713864
vt -0.550463 1.735015
vt -0.662871 1.791879
vt -0.667186 3.101465
vt -0.690043 3.101463
vt -0.685662 1.791905
vt 0.168114 -2.604319
vt 0.168114 -2.629509
vt 0.181578 -2.629508
vt 0.181578 -2.604319
vt 0.142924 -2.629509
vt 0.142924 -2.789503
vt 0.168114 -2.789503
vt 0.206768 -2.629508
vt 0.206768 -2.789503
vt 0.220232 -2.789503
vt 0.220232 -2.629508
vt 0.181578 -2.789503
vt 0.168114 -2.814692
vt 0.181578 -2.814692
vt 1.096215 -1.290840
vt 1.096215 -1.316030
vt 1.109679 -1.316030
vt 1.109679 -1.290840
vt 1.109678 -0.972133
vt 1.134869 -1.290840
vt 1.134869 -0.972133
vt 1.096215 -0.972133
vt 1.071025 -0.972133
vt 1.071025 -1.290840
vt 1.148333 -1.290840
vt 1.148332 -0.972133
vt 1.096215 -0.946944
vt 1.109678 -0.946944
vt 3.977578 0.340194
vt 3.977578 0.315005
vt 3.991042 0.315005
vt 3.991042 0.340194
vt 3.991042 0.658902
vt 4.016233 0.340194
vt 4.016233 0.658902
vt 3.977579 0.658902
vt 3.952388 0.658902
vt 3.952388 0.340194
vt 4.029696 0.340194
vt 4.029696 0.658902
vt 3.977579 0.684090
vt 3.991042 0.684091
vt 2.385497 2.596212
vt 2.385497 2.571023
vt 2.398961 2.571023
vt 2.398961 2.596212
vt 2.360307 2.571023
vt 2.360307 2.411029
vt 2.385497 2.411029
vt 2.424151 2.571022
vt 2.424151 2.411028
vt 2.437615 2.411029
vt 2.437615 2.571023
vt 2.398961 2.411029
vt 2.385497 2.385839
vt 2.398961 2.385839
vt 0.267244 -2.604319
vt 0.267244 -2.629508
vt 0.280708 -2.629508
vt 0.280708 -2.604319
vt 0.242054 -2.629508
vt 0.242055 -2.789503
vt 0.267244 -2.789503
vt 0.305898 -2.629508
vt 0.305898 -2.789503
vt 0.319362 -2.789503
vt 0.319362 -2.629508
vt 0.280708 -2.789503
vt 0.267244 -2.814692
vt 0.280708 -2.814692
vt 2.510428 -2.545064
vt 2.510428 -2.567513
vt 2.614107 -2.567513
vt 2.614107 -2.545064
vt 2.487980 -2.567513
vt 2.487980 -2.906906
vt 2.510428 -2.906906
vt 2.636556 -2.567513
vt 2.636556 -2.906906
vt 2.740234 -2.906906
vt 2.740234 -2.567513
vt 2.614107 -2.906906
vt 2.510428 -2.929354
vt 2.614107 -2.929354
vt 0.556009 -2.443199
vt 0.556009 -2.468388
vt 0.569473 -2.468388
vt 0.569473 -2.443199
vt 0.530819 -2.468387
vt 0.530819 -2.787094
vt 0.556009 -2.787094
vt 0.594663 -2.468387
vt 0.594663 -2.787094
vt 0.608128 -2.787094
vt 0.608127 -2.468387
vt 0.569473 -2.787094
vt 0.556009 -2.812284
vt 0.569473 -2.812284
vt 4.244343 1.988925
vt 4.244342 1.963735
vt 4.257806 1.963735
vt 4.257807 1.988925
vt 4.219152 2.148919
vt 4.219152 1.988925
vt 4.244342 2.148919
vt 4.244342 2.174109
vt 4.257806 2.148919
vt 4.257806 2.174109
vt 4.282997 1.988925
vt 4.282996 2.148919
vt 4.296461 1.988925
vt 4.296460 2.148919
vt 3.063017 -0.261647
vt 3.063017 -0.432115
vt 3.125525 -0.432115
vt 3.125524 -0.261647
vt 3.203448 -0.261647
vt 3.203448 -0.432115
vt 3.218863 -0.432115
vt 3.218863 -0.261647
vt 3.140941 -0.261647
vt 3.140941 -0.432115
vt 3.125525 -0.494622
vt 3.140941 -0.494622
vt -0.227865 -0.018963
vt -0.227865 -0.044153
vt -0.214401 -0.044153
vt -0.214401 -0.018963
vt -0.253055 -0.044153
vt -0.253055 -0.178810
vt -0.227865 -0.178810
vt -0.189210 -0.044153
vt -0.189210 -0.178810
vt -0.175746 -0.178810
vt -0.175746 -0.044153
vt -0.214401 -0.178810
vt -3.376598 7.317009
vt -3.376598 7.229239
vt -3.338503 7.229239
vt -3.338503 7.317009
vt -3.420482 7.229239
vt -3.420482 5.949290
vt -3.376597 5.949289
vt -3.294619 7.229239
vt -3.294619 5.949290
vt -3.256525 5.949290
vt -3.256525 7.229239
vt -3.338503 5.949290
vt -2.100520 -2.220528
vt -2.144404 -2.220528
vt -2.144404 -2.296716
vt -2.100520 -2.296716
vt 0.857011 -3.880102
vt 0.857010 -5.531021
vt 0.900895 -5.531021
vt 0.900895 -3.880102
vt 0.982872 -3.880102
vt 0.982874 -5.531020
vt 1.020969 -5.531020
vt 1.020965 -3.880102
vt 0.938988 -3.880102
vt 0.938990 -5.531020
vt 0.900895 -5.618791
vt 0.938990 -5.618791
vt -0.598616 3.101472
vt -0.758614 3.101457
vt -0.754109 1.791866
vt -0.575759 3.101473
vt -1.172738 1.764375
vt -1.177273 3.087305
vt -1.200364 3.087304
vt -1.195795 1.764348
vt -1.080576 1.764375
vt -1.084913 3.087308
vt -1.108004 3.087306
vt -1.103632 1.764351
vt -1.013078 1.742921
vt -1.034444 1.764344
vt -1.057534 1.764374
vt -1.078957 1.743009
vt -1.079005 1.706987
vt -1.057640 1.685565
vt -1.034549 1.685534
vt -1.013127 1.706899
vt -1.126674 1.764350
vt -1.131094 3.087306
vt -1.154184 3.087306
vt -1.149697 1.764378
vt -1.061823 3.087309
vt -1.223454 3.087304
vt -1.218837 1.764344
vt -1.038733 3.087308
vt 2.299021 4.431929
vt 2.299459 3.472587
vt 2.320669 3.472588
vt 2.320231 4.431939
vt 2.225451 4.431924
vt 2.225874 3.472584
vt 2.247085 3.472585
vt 2.246662 4.431933
vt 2.175395 4.447470
vt 2.190891 4.431936
vt 2.207636 4.431916
vt 2.223169 4.447412
vt 2.223201 4.473535
vt 2.207705 4.489069
vt 2.190960 4.489089
vt 2.175426 4.473593
vt 2.264478 4.431941
vt 2.264899 3.472586
vt 2.281644 3.472587
vt 2.281206 4.431921
vt 2.208059 3.472584
vt 2.338484 3.472589
vt 2.338047 4.431947
vt 2.191314 3.472583
vt 4.245398 2.239696
vt 4.245398 2.352512
vt 4.223267 2.352512
vt 4.223267 2.239696
vt 4.282282 2.239696
vt 4.282282 2.352512
vt 4.274904 2.352512
vt 4.274905 2.239696
vt 4.252773 2.352512
vt 4.252774 2.239696
vt 4.274905 2.232319
vt 4.252774 2.232319
vt 4.274905 2.359889
vt 4.252774 2.359889
vt 3.561033 1.296423
vt 3.561033 1.409240
vt 3.538902 1.409240
vt 3.538902 1.296423
vt 3.597917 1.296423
vt 3.597917 1.409240
vt 3.590540 1.409240
vt 3.590540 1.296423
vt 3.568409 1.409240
vt 3.568409 1.296423
vt 3.590540 1.289046
vt 3.568409 1.289046
vt 3.590540 1.416616
vt 3.568409 1.416616
vt 2.651259 -3.205474
vt 2.651259 -3.092658
vt 2.629128 -3.092658
vt 2.629128 -3.205474
vt 2.688144 -3.205474
vt 2.688144 -3.092658
vt 2.680767 -3.092658
vt 2.680767 -3.205474
vt 2.658636 -3.092658
vt 2.658636 -3.205474
vt 2.680767 -3.212852
vt 2.658636 -3.212852
vt 2.680767 -3.085282
vt 2.658636 -3.085282
vt -2.675657 -1.816682
vt -2.718480 -1.816682
vt -2.718481 -2.456656
vt -2.675657 -2.456656
vt -2.545064 -1.816682
vt -2.588949 -1.816682
vt -2.588950 -2.456656
vt -2.545065 -2.456656
vt -2.631773 -1.816682
vt -2.631773 -2.456656
vt -2.588949 -1.772796
vt -2.631773 -1.772796
vt -2.631773 -2.500541
vt -2.588950 -2.500540
vt -3.274026 -0.370040
vt -3.312121 -0.370040
vt -3.312121 -0.413925
vt -3.274026 -0.413925
vt -3.230142 -0.413924
vt -3.274026 -1.053899
vt -3.230142 -1.053899
vt -3.356006 -0.413925
vt -3.394099 -0.413925
vt -3.394100 -1.053899
vt -3.356006 -1.053899
vt -3.312121 -1.053899
vt 2.396269 -2.037238
vt 2.396269 -2.075333
vt 2.440154 -2.075332
vt 2.440154 -2.037238
vt -3.335160 -4.098668
vt -3.373255 -4.098668
vt -3.373254 -4.199010
vt -3.335159 -4.199010
vt -3.291275 -4.199010
vt -3.335159 -5.662283
vt -3.291275 -5.662283
vt -3.417138 -4.199010
vt -3.455233 -4.199010
vt -3.455234 -5.662283
vt -3.417138 -5.662283
vt -3.373255 -5.662283
vt -1.799572 5.748886
vt -1.799572 5.661785
vt -1.755687 5.661785
vt -1.755687 5.748886
vt 3.774573 -2.487020
vt 3.774573 -2.448927
vt 3.730689 -2.448927
vt 3.730689 -2.487020
vt -2.394143 -6.251852
vt -2.394143 -6.164083
vt -2.432238 -6.164083
vt -2.432237 -6.251852
vt -0.060709 -12.252784
vt -0.098803 -12.252784
vt -0.098803 -12.453465
vt -0.060709 -12.453465
vt -0.016824 -12.453465
vt -0.060708 -15.380014
vt -0.016824 -15.380014
vt -0.142687 -12.453465
vt -0.180781 -12.453465
vt -0.180781 -15.380014
vt -0.142688 -15.380014
vt -0.098803 -15.380014
vt -2.205127 5.969135
vt -2.205127 5.794934
vt -2.161242 5.794934
vt -2.161242 5.969135
vt -2.863346 1.807433
vt -2.906169 1.807433
vt -2.906170 1.167459
vt -2.863347 1.167459
vt -2.744335 1.807433
vt -2.782429 1.807433
vt -2.782429 1.167459
vt -2.744335 1.167459
vt -2.825253 1.807433
vt -2.825253 1.167459
vt -2.782429 1.845527
vt -2.825253 1.845527
vt -2.825253 1.129364
vt -2.782429 1.129364
vt -2.981838 -0.408134
vt -3.024662 -0.408134
vt -3.024662 -1.048109
vt -2.981839 -1.048109
vt -2.862827 -0.408134
vt -2.900921 -0.408134
vt -2.900921 -1.048109
vt -2.862827 -1.048109
vt -2.943744 -0.408134
vt -2.943745 -1.048109
vt -2.900921 -0.370040
vt -2.943744 -0.370040
vt -2.943745 -1.086203
vt -2.900921 -1.086203
vt -3.042971 -1.810890
vt -3.085794 -1.810890
vt -3.085795 -2.450865
vt -3.042973 -2.450865
vt -2.923960 -1.810890
vt -2.962054 -1.810890
vt -2.962055 -2.450865
vt -2.923961 -2.450865
vt -3.004877 -1.810890
vt -3.004878 -2.450865
vt -2.962054 -1.772796
vt -3.004877 -1.772796
vt -3.004878 -2.488959
vt -2.962055 -2.488959
vt -2.798182 0.329851
vt -2.841005 0.329851
vt -2.841005 -0.310124
vt -2.798182 -0.310124
vt -2.679170 0.329851
vt -2.717264 0.329851
vt -2.717264 -0.310124
vt -2.679170 -0.310124
vt -2.760087 0.329851
vt -2.760087 -0.310124
vt -2.717264 0.367945
vt -2.760087 0.367945
vt -2.760087 -0.348218
vt -2.717264 -0.348218
vt -3.165496 1.067836
vt -3.208320 1.067836
vt -3.208320 0.427861
vt -3.165496 0.427861
vt -3.046485 1.067836
vt -3.084579 1.067836
vt -3.084579 0.427861
vt -3.046484 0.427861
vt -3.127402 1.067836
vt -3.127402 0.427861
vt -3.084579 1.105930
vt -3.127402 1.105930
vt -3.127401 0.389767
vt -3.084579 0.389767
vt -0.246489 -12.252784
vt -0.284583 -12.252784
vt -0.284583 -12.453465
vt -0.246489 -12.453465
vt -0.202604 -12.453465
vt -0.246489 -15.380014
vt -0.202604 -15.380014
vt -0.328467 -12.453465
vt -0.366562 -12.453465
vt -0.366562 -15.380014
vt -0.328467 -15.380014
vt -0.284583 -15.380014
vt -2.210111 -3.508876
vt -2.210111 -3.683077
vt -2.166226 -3.683077
vt -2.166226 -3.508876
vt -2.981838 1.067836
vt -3.024662 1.067836
vt -3.024662 0.427861
vt -2.981839 0.427861
vt -2.862827 1.067836
vt -2.900921 1.067836
vt -2.900921 0.427861
vt -2.862827 0.427861
vt -2.943745 1.067836
vt -2.943745 0.427861
vt -2.900921 1.105930
vt -2.943745 1.105930
vt -2.943745 0.389767
vt -2.900921 0.389767
vt 3.276115 -2.877968
vt 3.232231 -2.877968
vt 3.232231 -3.041443
vt 3.276115 -3.041443
vt 3.150252 -2.877967
vt 3.112158 -2.877968
vt 3.112158 -3.041443
vt 3.150252 -3.041442
vt 3.194136 -2.877968
vt 3.194136 -3.041443
vt 3.194136 -3.085327
vt 3.232231 -3.085327
vt 1.117288 2.359889
vt 1.040393 2.359889
vt 1.040393 2.321795
vt 1.117288 2.321795
vt 1.155382 2.321795
vt 1.117288 1.303750
vt 1.155381 1.303750
vt 1.002299 2.321795
vt 0.925404 2.321795
vt 0.925403 1.303751
vt 1.002298 1.303750
vt 1.040392 1.303750
vt 0.613680 2.359889
vt 0.532546 2.359889
vt 0.532546 2.321795
vt 0.613680 2.321795
vt 0.651774 2.321795
vt 0.613680 1.282655
vt 0.651778 1.282655
vt 0.494452 2.321795
vt 0.413317 2.321795
vt 0.413313 1.282655
vt 0.494448 1.282655
vt 0.532546 1.282655
vt 0.614491 4.489089
vt 0.537597 4.489089
vt 0.537598 4.441704
vt 0.614491 4.441704
vt 0.661876 4.441704
vt 0.614492 3.435411
vt 0.661878 3.435411
vt 0.490213 4.441704
vt 0.413319 4.441704
vt 0.413316 3.435412
vt 0.490211 3.435412
vt 0.537597 3.435411
vt -1.535179 4.489087
vt -1.612074 4.489089
vt -1.612075 4.450994
vt -1.535180 4.450993
vt -1.497086 4.450992
vt -1.650170 4.450995
vt -1.727065 4.450997
vt -0.708386 4.411029
vt -0.731212 4.411053
vt -0.617149 4.411039
vt -0.639975 4.411060
vt -0.550334 4.432283
vt -0.550385 4.467941
vt -0.571592 4.489089
vt -0.594449 4.489057
vt -0.615597 4.467849
vt -0.615546 4.432191
vt -0.594338 4.411043
vt -0.571481 4.411075
vt -0.662785 4.411058
vt -0.685576 4.411029
vt 4.301092 -0.955734
vt 4.314557 -0.955734
vt 4.314556 -0.930543
vt 4.301092 -0.930543
vt 4.275902 -0.930543
vt 4.301092 -0.770550
vt 4.275902 -0.770550
vt 4.339746 -0.930543
vt 4.353210 -0.930543
vt 4.353210 -0.770550
vt 4.339746 -0.770550
vt 4.314556 -0.770550
vt 4.314556 -0.745360
vt 4.301092 -0.745360
vt 0.582937 -2.396187
vt 0.569473 -2.396187
vt 0.569473 -2.421376
vt 0.582937 -2.421376
vt 0.569473 -2.077480
vt 0.544283 -2.077480
vt 0.544283 -2.396187
vt 0.582937 -2.077480
vt 0.608128 -2.077480
vt 0.608127 -2.396187
vt 0.530819 -2.077480
vt 0.530819 -2.396187
vt 0.582937 -2.052290
vt 0.569473 -2.052290
vt 2.891954 2.770761
vt 2.878490 2.770761
vt 2.878490 2.745572
vt 2.891954 2.745572
vt 2.878490 3.089467
vt 2.853301 3.089467
vt 2.853300 2.770761
vt 2.891954 3.089467
vt 2.917145 3.089467
vt 2.917144 2.770761
vt 2.839837 3.089467
vt 2.839837 2.770761
vt 2.891954 3.114657
vt 2.878490 3.114657
vt -2.156282 -2.915926
vt -2.142818 -2.915926
vt -2.142817 -2.890737
vt -2.156281 -2.890737
vt -2.181472 -2.890737
vt -2.156282 -2.730742
vt -2.181472 -2.730742
vt -2.117628 -2.890737
vt -2.104164 -2.890737
vt -2.104164 -2.730743
vt -2.117628 -2.730743
vt -2.142817 -2.730742
vt -2.142818 -2.705553
vt -2.156282 -2.705553
vt 4.328671 -2.374852
vt 4.342134 -2.374851
vt 4.342134 -2.349662
vt 4.328671 -2.349662
vt 4.303480 -2.349661
vt 4.328671 -2.189669
vt 4.303481 -2.189668
vt 4.367325 -2.349662
vt 4.380789 -2.349662
vt 4.380789 -2.189669
vt 4.367325 -2.189669
vt 4.342134 -2.189669
vt 4.342134 -2.164478
vt 4.328671 -2.164478
vt -2.005842 -2.904062
vt -1.902164 -2.904062
vt -1.902164 -2.881613
vt -2.005842 -2.881614
vt -2.028291 -2.881614
vt -2.005843 -2.542221
vt -2.028291 -2.542221
vt -1.879715 -2.881613
vt -1.776036 -2.881613
vt -1.776037 -2.542221
vt -1.879715 -2.542221
vt -1.902164 -2.542221
vt -1.902164 -2.519772
vt -2.005843 -2.519772
vt 1.096215 -0.143305
vt 1.109679 -0.143305
vt 1.109679 -0.118115
vt 1.096215 -0.118115
vt 1.071025 -0.118115
vt 1.096215 0.200591
vt 1.071025 0.200591
vt 1.134869 -0.118115
vt 1.148333 -0.118115
vt 1.148332 0.200591
vt 1.134869 0.200591
vt 1.109678 0.200591
vt 1.109678 0.225780
vt 1.096215 0.225780
vt 4.285539 -2.521717
vt 4.299003 -2.521717
vt 4.299003 -2.496526
vt 4.285539 -2.496526
vt 4.260349 -2.681709
vt 4.285539 -2.681710
vt 4.260349 -2.521716
vt 4.285539 -2.706900
vt 4.299003 -2.706900
vt 4.299003 -2.681710
vt 4.324193 -2.681710
vt 4.324193 -2.521717
vt 4.337657 -2.681710
vt 4.337657 -2.521717
vt 3.073437 -0.261496
vt 3.128095 0.621583
vt 3.076007 0.621735
vt 3.193027 -0.261799
vt 3.208444 -0.261798
vt 3.211013 0.621431
vt 3.195597 0.621431
vt 3.143510 0.621583
vt 3.143510 0.684091
vt 3.128095 0.684091
vt 2.891955 2.723750
vt 2.878491 2.723750
vt 2.878491 2.698560
vt 2.891955 2.698560
vt 2.917145 2.698560
vt 2.891955 2.563904
vt 2.917145 2.563904
vt 2.853301 2.698560
vt 2.839837 2.698560
vt 2.839838 2.563904
vt 2.853302 2.563904
vt 2.878491 2.563904
vt -2.331675 -1.647493
vt -2.369769 -1.647493
vt -2.369769 -1.735263
vt -2.331675 -1.735263
vt -2.287791 -1.735264
vt -2.331675 -3.015213
vt -2.287791 -3.015213
vt -2.413654 -1.735263
vt -2.451748 -1.735263
vt -2.451749 -3.015213
vt -2.413654 -3.015213
vt -2.369770 -3.015213
vt 2.402936 -3.440781
vt 2.402935 -3.516969
vt 2.446820 -3.516969
vt 2.446820 -3.440781
vt -2.493389 -1.261986
vt -2.537273 -1.261987
vt -2.537273 -2.912906
vt -2.493389 -2.912906
vt -2.619253 -1.261988
vt -2.657348 -1.261988
vt -2.657343 -2.912907
vt -2.619250 -2.912906
vt -2.575368 -1.261987
vt -2.575366 -2.912906
vt -2.575366 -3.000673
vt -2.537273 -3.000673
vt -0.754022 4.411054
vt -1.172489 4.410241
vt -1.195546 4.410266
vt -1.080326 4.410246
vt -1.103383 4.410268
vt -1.012829 4.431702
vt -1.012877 4.467724
vt -1.034300 4.489089
vt -1.057390 4.489058
vt -1.078755 4.467635
vt -1.078707 4.431613
vt -1.057285 4.410248
vt -1.034194 4.410279
vt -1.126425 4.410268
vt -1.149447 4.410240
vt -1.218587 4.410269
vt 2.146968 2.302721
vt 2.125757 2.302729
vt 2.125395 1.343382
vt 2.146605 1.343383
vt 2.220537 2.302721
vt 2.199327 2.302729
vt 2.198980 1.343385
vt 2.220190 1.343386
vt 2.270592 2.318272
vt 2.270558 2.344394
vt 2.255023 2.359889
vt 2.238278 2.359867
vt 2.222784 2.344332
vt 2.222817 2.318210
vt 2.238352 2.302715
vt 2.255097 2.302736
vt 2.181511 2.302735
vt 2.164783 2.302714
vt 2.164420 1.343384
vt 2.181164 1.343385
vt 2.238005 1.343387
vt 2.107580 1.343381
vt 2.107942 2.302735
vt 2.254749 1.343388
vt -3.415922 0.781511
vt -3.423064 0.781511
vt -3.423066 0.495276
vt -3.415923 0.495276
vt -3.455464 0.781511
vt -3.480721 0.781512
vt -3.480723 0.495276
vt -3.455466 0.495276
vt -3.448321 0.781511
vt -3.448323 0.495276
vt 3.181125 -3.107149
vt 3.173983 -3.107149
vt 3.173981 -3.393384
vt 3.181124 -3.393384
vt 3.141583 -3.107149
vt 3.116326 -3.107149
vt 3.116323 -3.393384
vt 3.141581 -3.393384
vt 3.148725 -3.107149
vt 3.148724 -3.393384
vt -2.995304 -1.386199
vt -3.002446 -1.386199
vt -3.002447 -1.672434
vt -2.995304 -1.672434
vt -3.034846 -1.386199
vt -3.060102 -1.386199
vt -3.060105 -1.672434
vt -3.034848 -1.672434
vt -3.027703 -1.386199
vt -3.027705 -1.672434
vt -3.415922 -0.370040
vt -3.423064 -0.370040
vt -3.423066 -0.656275
vt -3.415923 -0.656275
vt -3.455464 -0.370040
vt -3.480721 -0.370040
vt -3.480723 -0.656275
vt -3.455466 -0.656275
vt -3.448321 -0.370040
vt -3.448323 -0.656275
vt 2.496322 2.476019
vt 2.518453 2.476019
vt 2.518452 2.588836
vt 2.496321 2.588836
vt 2.459437 2.476019
vt 2.466814 2.476019
vt 2.466814 2.588836
vt 2.459437 2.588836
vt 2.488945 2.476019
vt 2.488945 2.588836
vt 2.466814 2.468642
vt 2.488945 2.468642
vt 2.488945 2.596212
vt 2.466814 2.596212
vt 1.107910 -1.458045
vt 1.130041 -1.458045
vt 1.130040 -1.345229
vt 1.107909 -1.345229
vt 1.071025 -1.458045
vt 1.078402 -1.458045
vt 1.078402 -1.345229
vt 1.071025 -1.345229
vt 1.100533 -1.458045
vt 1.100533 -1.345229
vt 1.078402 -1.465422
vt 1.100533 -1.465422
vt 1.100533 -1.337852
vt 1.078402 -1.337852
vt 0.622822 -1.111371
vt 0.644954 -1.111371
vt 0.644953 -0.998555
vt 0.622822 -0.998555
vt 0.585938 -1.111371
vt 0.593315 -1.111371
vt 0.593315 -0.998555
vt 0.585938 -0.998555
vt 0.615446 -1.111371
vt 0.615445 -0.998555
vt 0.593315 -1.118748
vt 0.615446 -1.118748
vt 0.615445 -0.991179
vt 0.593315 -0.991179
vt -2.679689 1.801642
vt -2.722513 1.801642
vt -2.722513 1.161667
vt -2.679689 1.161667
vt -2.549097 1.801642
vt -2.592981 1.801642
vt -2.592981 1.161667
vt -2.549097 1.161667
vt -2.635805 1.801642
vt -2.635805 1.161667
vt -2.592981 1.845527
vt -2.635805 1.845527
vt -2.635805 1.117782
vt -2.592981 1.117782
vt 1.429309 -4.488638
vt 1.391215 -4.488638
vt 1.391215 -4.588979
vt 1.429310 -4.588979
vt 1.473194 -4.588980
vt 1.429310 -6.052255
vt 1.473194 -6.052254
vt 1.347331 -4.588977
vt 1.309237 -4.588980
vt 1.309236 -6.052255
vt 1.347331 -6.052254
vt 1.391215 -6.052255
vt 2.463004 -4.439663
vt 2.463004 -4.352564
vt 2.419119 -4.352564
vt 2.419119 -4.439663
vt 2.717097 -11.912461
vt 2.679003 -11.912461
vt 2.679003 -12.113143
vt 2.717097 -12.113143
vt 2.760981 -12.113143
vt 2.717097 -15.039694
vt 2.760981 -15.039694
vt 2.635118 -12.113143
vt 2.597024 -12.113138
vt 2.597024 -15.039694
vt 2.635118 -15.039694
vt 2.679003 -15.039694
vt -2.537333 12.767692
vt -2.537333 12.941895
vt -2.581218 12.941895
vt -2.581218 12.767692
vt -2.644090 0.131686
vt -2.644090 0.093592
vt -2.600205 0.093592
vt -2.600205 0.131686
vt 2.316004 -6.289684
vt 2.316004 -6.201916
vt 2.277910 -6.201916
vt 2.277910 -6.289684
vt -3.276149 1.909818
vt -3.314243 1.909816
vt -3.314243 1.709134
vt -3.276149 1.709134
vt -3.232265 1.709136
vt -3.276148 -1.217415
vt -3.232265 -1.217415
vt -3.358128 1.709136
vt -3.396223 1.709136
vt -3.396223 -1.217415
vt -3.358128 -1.217415
vt -3.314243 -1.217415
vt -2.475998 -11.349422
vt -2.475999 -11.175219
vt -2.519883 -11.175219
vt -2.519882 -11.349422
vt -3.226629 -1.810890
vt -3.269452 -1.810891
vt -3.269453 -2.450865
vt -3.226630 -2.450865
vt -3.107617 -1.810890
vt -3.145711 -1.810890
vt -3.145712 -2.450865
vt -3.107618 -2.450865
vt -3.188535 -1.810890
vt -3.188536 -2.450865
vt -3.145711 -1.772796
vt -3.188535 -1.772796
vt -3.188535 -2.488959
vt -3.145712 -2.488959
vt -3.042973 -2.548876
vt -3.085795 -2.548876
vt -3.085795 -3.188850
vt -3.042973 -3.188850
vt -2.923961 -2.548876
vt -2.962055 -2.548876
vt -2.962054 -3.188850
vt -2.923960 -3.188850
vt -3.004878 -2.548876
vt -3.004878 -3.188850
vt -2.962054 -2.510782
vt -3.004878 -2.510782
vt -3.004877 -3.226945
vt -2.962054 -3.226945
vt -3.226629 -2.548876
vt -3.269452 -2.548877
vt -3.269452 -3.188850
vt -3.226629 -3.188850
vt -3.107618 -2.548876
vt -3.145712 -2.548876
vt -3.145712 -3.188850
vt -3.107617 -3.188850
vt -3.188536 -2.548876
vt -3.188535 -3.188850
vt -3.145712 -2.510782
vt -3.188535 -2.510782
vt -3.188535 -3.226945
vt -3.145712 -3.226945
vt -0.892540 -3.161714
vt -0.906003 -3.161714
vt -0.906003 -3.186904
vt -0.892540 -3.186904
vt -0.867350 -3.001720
vt -0.892540 -3.001720
vt -0.867350 -3.161714
vt -0.892540 -2.976531
vt -0.906003 -2.976531
vt -0.906003 -3.001720
vt -0.931194 -3.001720
vt -0.931194 -3.161714
vt -0.944658 -3.001720
vt -0.944658 -3.161714
vt -3.165496 -0.408134
vt -3.208319 -0.408134
vt -3.208320 -1.048109
vt -3.165496 -1.048109
vt -3.046484 -0.408134
vt -3.084578 -0.408134
vt -3.084579 -1.048109
vt -3.046484 -1.048108
vt -3.127401 -0.408134
vt -3.127402 -1.048109
vt -3.084578 -0.370040
vt -3.127401 -0.370040
vt -3.127402 -1.086203
vt -3.084579 -1.086203
vt -3.191879 3.881363
vt -3.234703 3.881363
vt -3.234703 3.241389
vt -3.191879 3.241389
vt -3.072867 3.881363
vt -3.110961 3.881363
vt -3.110961 3.241389
vt -3.072867 3.241389
vt -3.153785 3.881363
vt -3.153785 3.241389
vt -3.110961 3.919457
vt -3.153785 3.919457
vt -3.153785 3.203295
vt -3.110962 3.203295
vt -3.335159 -7.731897
vt -3.373254 -7.731897
vt -3.373254 -7.932581
vt -3.335159 -7.932581
vt -3.291275 -7.932581
vt -3.335159 -10.859128
vt -3.291275 -10.859128
vt -3.417138 -7.932581
vt -3.455232 -7.932581
vt -3.455234 -10.859128
vt -3.417138 -10.859128
vt -3.373255 -10.859128
vt -0.676052 -8.382349
vt -0.676052 -8.208150
vt -0.719936 -8.208150
vt -0.719936 -8.382349
vt -2.859315 -2.548876
vt -2.902138 -2.548876
vt -2.902138 -3.188850
vt -2.859315 -3.188850
vt -2.740303 -2.548876
vt -2.778397 -2.548876
vt -2.778397 -3.188850
vt -2.740303 -3.188850
vt -2.821220 -2.548876
vt -2.821220 -3.188850
vt -2.778397 -2.510782
vt -2.821219 -2.510782
vt -2.821220 -3.226945
vt -2.778397 -3.226945
vt 0.711694 0.247602
vt 0.788589 0.247602
vt 0.788589 0.285697
vt 0.711694 0.285697
vt 0.673600 0.285697
vt 0.826683 0.285697
vt 0.903577 0.285697
vt 0.181022 0.226512
vt 0.262157 0.226512
vt 0.262157 0.264606
vt 0.181022 0.264606
vt 0.142928 0.264606
vt 0.300251 0.264606
vt 0.381386 0.264606
vt 0.300250 1.282653
vt 0.190312 2.381711
vt 0.267205 2.381711
vt 0.267205 2.429096
vt 0.190311 2.429096
vt 0.142927 2.429096
vt 0.314590 2.429096
vt 0.391484 2.429096
vt -1.437169 1.073209
vt -1.360273 1.073208
vt -1.360273 1.111303
vt -1.437169 1.111304
vt -1.475264 1.111304
vt -1.437163 2.742564
vt -1.475262 2.742564
vt -1.322178 1.111303
vt -1.245282 1.111303
vt -1.245277 2.742564
vt -1.322170 2.742564
vt -1.360270 2.742564
vt -0.370456 1.791897
vt -0.347630 1.791867
vt -0.343130 3.101454
vt -0.365987 3.101457
vt -0.461693 1.791906
vt -0.438868 1.791879
vt -0.434557 3.101465
vt -0.457415 3.101469
vt -0.528512 1.770675
vt -0.528466 1.735016
vt -0.507262 1.713865
vt -0.484405 1.713894
vt -0.463254 1.735099
vt -0.463299 1.770757
vt -0.484504 1.791908
vt -0.507361 1.791879
vt -0.416057 1.791877
vt -0.393266 1.791903
vt -0.388844 3.101460
vt -0.411700 3.101462
vt -0.892540 -2.744335
vt -0.906004 -2.744335
vt -0.906003 -2.769525
vt -0.892540 -2.769525
vt -0.867350 -2.769525
vt -0.892540 -2.929518
vt -0.867350 -2.929518
vt -0.931194 -2.769525
vt -0.944658 -2.769525
vt -0.944658 -2.929518
vt -0.931194 -2.929518
vt -0.906003 -2.929518
vt -0.906003 -2.954708
vt -0.892540 -2.954708
vt 3.550968 -2.110279
vt 3.564432 -2.110279
vt 3.564432 -2.085090
vt 3.550968 -2.085090
vt 3.564432 -2.428986
vt 3.589622 -2.428986
vt 3.589622 -2.110279
vt 3.550968 -2.428986
vt 3.525778 -2.428985
vt 3.525778 -2.110279
vt 3.603086 -2.428986
vt 3.603086 -2.110279
vt 3.550968 -2.454175
vt 3.564432 -2.454175
vt 1.096215 -0.190317
vt 1.109678 -0.190317
vt 1.109678 -0.165128
vt 1.096215 -0.165128
vt 1.109679 -0.509024
vt 1.134869 -0.509024
vt 1.134869 -0.190317
vt 1.096215 -0.509024
vt 1.071025 -0.509024
vt 1.071025 -0.190317
vt 1.148333 -0.509024
vt 1.148332 -0.190317
vt 1.096215 -0.534214
vt 1.109679 -0.534214
vt 4.300884 -2.740303
vt 4.287420 -2.740303
vt 4.287420 -2.765492
vt 4.300884 -2.765492
vt 4.326075 -2.765492
vt 4.300884 -2.925486
vt 4.326075 -2.925486
vt 4.262231 -2.765492
vt 4.248767 -2.765492
vt 4.248767 -2.925486
vt 4.262231 -2.925486
vt 4.287420 -2.925486
vt 4.287420 -2.950676
vt 4.300884 -2.950676
vt 4.328927 0.293183
vt 4.315463 0.293183
vt 4.315463 0.267992
vt 4.328927 0.267992
vt 4.354116 0.267993
vt 4.328927 0.107999
vt 4.354117 0.107998
vt 4.290273 0.267993
vt 4.276809 0.267992
vt 4.276809 0.107999
vt 4.290273 0.107999
vt 4.315463 0.107999
vt 4.315463 0.082809
vt 4.328927 0.082809
vt 3.481507 -2.085090
vt 3.377829 -2.085090
vt 3.377829 -2.107538
vt 3.481507 -2.107538
vt 3.503956 -2.107538
vt 3.481507 -2.446931
vt 3.503956 -2.446932
vt 3.355380 -2.107538
vt 3.251701 -2.107538
vt 3.251702 -2.446932
vt 3.355381 -2.446932
vt 3.377829 -2.446932
vt 3.377829 -2.469380
vt 3.481507 -2.469380
vt 2.438317 -2.604396
vt 2.424853 -2.604396
vt 2.424853 -2.629586
vt 2.438317 -2.629586
vt 2.463508 -2.629586
vt 2.438317 -2.948292
vt 2.463508 -2.948292
vt 2.399663 -2.629586
vt 2.386199 -2.629586
vt 2.386200 -2.948292
vt 2.399663 -2.948292
vt 2.424854 -2.948292
vt 2.424854 -2.973482
vt 2.438317 -2.973482
vt 3.109732 -2.348349
vt 3.096268 -2.348349
vt 3.096268 -2.373539
vt 3.109732 -2.373539
vt 3.134921 -2.188355
vt 3.109732 -2.188355
vt 3.134922 -2.348349
vt 3.109732 -2.163166
vt 3.096268 -2.163166
vt 3.096268 -2.188355
vt 3.071078 -2.188355
vt 3.071077 -2.348349
vt 3.057614 -2.188355
vt 3.057613 -2.348349
vt 2.198386 -1.881624
vt 2.183143 -1.881624
vt 2.183144 -2.050179
vt 2.198387 -2.050179
vt 2.270666 -1.881623
vt 2.242147 -1.881623
vt 2.242148 -2.050179
vt 2.270667 -2.050179
vt 2.226904 -1.881623
vt 2.226906 -2.050179
vt 2.226906 -2.078698
vt 2.242149 -2.078698
vt 1.148692 -2.414839
vt 1.120173 -2.414839
vt 1.120173 -2.583394
vt 1.148692 -2.583394
vt 1.076412 -2.414839
vt 1.061168 -2.414839
vt 1.061168 -2.583394
vt 1.076412 -2.583394
vt 1.104930 -2.414839
vt 1.104930 -2.583394
vt 1.104930 -2.611914
vt 1.120173 -2.611914
vt -0.227865 -0.338655
vt -0.214401 -0.338655
vt -0.214401 -0.313465
vt -0.227865 -0.313465
vt -0.253055 -0.313465
vt -0.189211 -0.313465
vt -0.175747 -0.313465
vt -3.341314 3.169148
vt -3.379409 3.169148
vt -3.379409 3.081379
vt -3.341314 3.081379
vt -3.297430 3.081379
vt -3.341314 1.801431
vt -3.297430 1.801431
vt -3.423293 3.081379
vt -3.461387 3.081379
vt -3.461387 1.801431
vt -3.423293 1.801431
vt -3.379409 1.801432
vt 2.440154 -4.792403
vt 2.440154 -4.716215
vt 2.396269 -4.716215
vt 2.396269 -4.792403
vt -2.519772 7.317009
vt -2.563656 7.317007
vt -2.563659 5.666088
vt -2.519774 5.666087
vt -2.645635 7.317009
vt -2.683730 7.317009
vt -2.683729 5.666089
vt -2.645636 5.666088
vt -2.601750 7.317009
vt -2.601752 5.666087
vt -2.601752 5.578321
vt -2.563659 5.578321
vt -0.480271 3.101471
vt -0.320273 3.101451
vt -0.324820 1.791862
vt -0.503128 3.101474
vt -0.831344 1.764355
vt -0.808287 1.764324
vt -0.803527 3.087280
vt -0.826618 3.087285
vt -0.923507 1.764368
vt -0.900450 1.764340
vt -0.895887 3.087296
vt -0.918978 3.087300
vt -0.991007 1.742924
vt -0.990964 1.706902
vt -0.969544 1.685533
vt -0.946454 1.685561
vt -0.925086 1.706980
vt -0.925128 1.743002
vt -0.946548 1.764370
vt -0.969638 1.764343
vt -0.877408 1.764337
vt -0.854385 1.764361
vt -0.849707 3.087288
vt -0.872797 3.087292
vt -0.942068 3.087304
vt -0.780437 3.087276
vt -0.785246 1.764317
vt -0.965158 3.087308
vt 2.299093 2.513249
vt 2.320304 2.513241
vt 2.225524 2.513248
vt 2.246735 2.513241
vt 2.175469 2.497699
vt 2.175503 2.471576
vt 2.191038 2.456081
vt 2.207783 2.456103
vt 2.223277 2.471637
vt 2.223244 2.497760
vt 2.207709 2.513255
vt 2.190964 2.513234
vt 2.264550 2.513235
vt 2.281278 2.513256
vt 2.338119 2.513234
vt -0.119979 -2.189697
vt -0.142111 -2.189697
vt -0.142110 -2.302513
vt -0.119979 -2.302513
vt -0.083095 -2.189697
vt -0.090472 -2.189697
vt -0.090472 -2.302513
vt -0.083095 -2.302513
vt -0.112603 -2.189697
vt -0.112603 -2.302513
vt -0.090472 -2.182320
vt -0.112603 -2.182320
vt -0.112603 -2.309890
vt -0.090472 -2.309890
vt 3.466794 -1.939783
vt 3.444663 -1.939783
vt 3.444663 -2.052599
vt 3.466794 -2.052599
vt 3.503678 -1.939783
vt 3.496302 -1.939783
vt 3.496302 -2.052599
vt 3.503678 -2.052599
vt 3.474170 -1.939784
vt 3.474171 -2.052599
vt 3.496301 -1.932407
vt 3.474170 -1.932407
vt 3.474171 -2.059976
vt 3.496302 -2.059977
vt 3.188236 2.544344
vt 3.166105 2.544344
vt 3.166105 2.431528
vt 3.188236 2.431528
vt 3.225120 2.544344
vt 3.217743 2.544344
vt 3.217744 2.431528
vt 3.225121 2.431528
vt 3.195612 2.544345
vt 3.195613 2.431529
vt 3.217743 2.551722
vt 3.195612 2.551722
vt 3.195613 2.424151
vt 3.217743 2.424151
vt -2.514450 2.644322
vt -2.514450 2.004346
vt -2.471627 2.004346
vt -2.471627 2.644322
vt -2.645042 2.644322
vt -2.645042 2.004346
vt -2.601158 2.004346
vt -2.601158 2.644322
vt -2.558334 2.004346
vt -2.558334 2.644322
vt -2.601158 2.688207
vt -2.558334 2.688207
vt -2.601158 1.960462
vt -2.558334 1.960462
vt 1.538901 -2.649035
vt 1.538901 -2.692919
vt 1.576996 -2.692919
vt 1.576996 -2.649035
vt 1.495017 -2.692919
vt 1.495016 -3.332894
vt 1.538901 -3.332894
vt 1.620880 -2.692919
vt 1.620880 -3.332894
vt 1.658974 -3.332894
vt 1.658975 -2.692920
vt 1.576995 -3.332894
vt -0.719936 -2.034869
vt -0.719936 -1.996776
vt -0.676052 -1.996776
vt -0.676052 -2.034869
vt -3.337910 7.714743
vt -3.337910 7.614403
vt -3.299816 7.614403
vt -3.299816 7.714745
vt -3.381795 7.614402
vt -3.381795 6.151127
vt -3.337910 6.151127
vt -3.255931 7.614403
vt -3.255931 6.151127
vt -3.217837 6.151127
vt -3.217837 7.614403
vt -3.299816 6.151127
vt -2.506013 -3.450137
vt -2.462128 -3.450137
vt -2.462128 -3.363035
vt -2.506013 -3.363035
vt -0.411864 -2.284570
vt -0.411864 -2.240686
vt -0.449959 -2.240686
vt -0.449959 -2.284570
vt -2.220592 -2.428131
vt -2.182498 -2.428131
vt -2.182498 -2.340362
vt -2.220592 -2.340362
vt -3.350215 5.432280
vt -3.350215 5.231596
vt -3.312121 5.231596
vt -3.312121 5.432280
vt -3.394100 5.231596
vt -3.394100 2.305047
vt -3.350215 2.305047
vt -3.268236 5.231598
vt -3.268236 2.305047
vt -3.230142 2.305047
vt -3.230142 5.231598
vt -3.312121 2.305047
vt 2.507836 -10.074329
vt 2.551721 -10.074329
vt 2.551721 -9.900128
vt 2.507836 -9.900128
vt -2.970815 1.807433
vt -2.970815 1.167459
vt -2.927992 1.167459
vt -2.927992 1.807433
vt -3.089828 1.807433
vt -3.089827 1.167459
vt -3.051733 1.167459
vt -3.051733 1.807433
vt -3.008910 1.167459
vt -3.008910 1.807433
vt -3.051733 1.845527
vt -3.008910 1.845527
vt -3.051733 1.129364
vt -3.008910 1.129364
vt -2.783125 -1.810890
vt -2.783126 -2.450865
vt -2.740303 -2.450865
vt -2.740303 -1.810890
vt -2.902138 -1.810890
vt -2.902138 -2.450865
vt -2.864043 -2.450865
vt -2.864043 -1.810890
vt -2.821220 -2.450865
vt -2.821220 -1.810890
vt -2.864043 -1.772796
vt -2.821220 -1.772796
vt -2.864043 -2.488959
vt -2.821220 -2.488959
vt -2.748375 3.881363
vt -2.748375 3.241389
vt -2.705552 3.241389
vt -2.705552 3.881363
vt -2.867388 3.881363
vt -2.867387 3.241389
vt -2.829293 3.241389
vt -2.829293 3.881363
vt -2.786470 3.241389
vt -2.786470 3.881363
vt -2.829293 3.919457
vt -2.786470 3.919457
vt -2.829293 3.203295
vt -2.786470 3.203294
vt 4.256468 -2.189668
vt 4.256468 -2.164479
vt 4.243004 -2.164479
vt 4.243004 -2.189668
vt 4.281658 -2.349661
vt 4.281658 -2.189669
vt 4.256468 -2.349661
vt 4.256468 -2.374852
vt 4.243004 -2.349661
vt 4.243004 -2.374852
vt 4.217814 -2.189669
vt 4.217814 -2.349662
vt 4.204350 -2.189669
vt 4.204350 -2.349662
vt -2.893344 2.650113
vt -2.893345 2.010138
vt -2.850522 2.010138
vt -2.850522 2.650112
vt -3.012357 2.650113
vt -3.012357 2.010138
vt -2.974262 2.010138
vt -2.974262 2.650112
vt -2.931439 2.010138
vt -2.931439 2.650112
vt -2.974262 2.688207
vt -2.931439 2.688207
vt -2.974262 1.972044
vt -2.931439 1.972044
vt -2.905650 0.329851
vt -2.905650 -0.310124
vt -2.862827 -0.310124
vt -2.862827 0.329851
vt -3.024662 0.329851
vt -3.024662 -0.310124
vt -2.986567 -0.310124
vt -2.986567 0.329851
vt -2.943745 -0.310124
vt -2.943745 0.329851
vt -2.986567 0.367945
vt -2.943745 0.367945
vt -2.986567 -0.348218
vt -2.943745 -0.348218
vt -3.166558 1.909816
vt -3.166558 1.709134
vt -3.128463 1.709134
vt -3.128463 1.909818
vt -3.210443 1.709134
vt -3.210442 -1.217417
vt -3.166557 -1.217417
vt -3.084579 1.709134
vt -3.084579 -1.217417
vt -3.046484 -1.217417
vt -3.046484 1.709133
vt -3.128463 -1.217417
vt -2.519882 -11.623415
vt -2.475998 -11.623415
vt -2.475999 -11.449211
vt -2.519883 -11.449211
vt -2.932032 3.881363
vt -2.932033 3.241389
vt -2.889210 3.241389
vt -2.889210 3.881363
vt -3.051045 3.881363
vt -3.051044 3.241389
vt -3.012950 3.241389
vt -3.012950 3.881363
vt -2.970128 3.241389
vt -2.970128 3.881363
vt -3.012950 3.919457
vt -2.970128 3.919457
vt -3.012950 3.203294
vt -2.970128 3.203294
vt -1.403678 -0.406455
vt -1.359794 -0.406455
vt -1.359795 -0.569930
vt -1.403678 -0.569930
vt -1.277815 -0.406455
vt -1.239721 -0.406455
vt -1.239721 -0.569930
vt -1.277815 -0.569930
vt -1.321700 -0.406455
vt -1.321700 -0.569930
vt -1.321700 -0.613815
vt -1.359794 -0.613815
vt 1.117287 0.247603
vt 1.117287 0.285697
vt 1.040391 0.285697
vt 1.040391 0.247602
vt 1.155381 0.285697
vt 1.002297 0.285697
vt 0.925402 0.285697
vt 0.613681 0.226512
vt 0.613681 0.264606
vt 0.532546 0.264606
vt 0.532546 0.226512
vt 0.651774 0.264606
vt 0.494452 0.264606
vt 0.494451 1.282655
vt 0.413317 0.264606
vt 0.614494 2.381712
vt 0.614493 2.429099
vt 0.537597 2.429099
vt 0.537597 2.381712
vt 0.661880 2.429099
vt 0.490210 2.429099
vt 0.413313 2.429099
vt -1.437160 4.489089
vt -1.437160 4.450995
vt -1.360268 4.450995
vt -1.360268 4.489089
vt -1.475254 4.450995
vt -1.322175 4.450995
vt -1.245282 4.450995
vt -0.370455 4.411024
vt -0.347630 4.411047
vt -0.461693 4.411037
vt -0.438867 4.411057
vt -0.528508 4.432284
vt -0.507360 4.411076
vt -0.484504 4.411042
vt -0.463295 4.432189
vt -0.463243 4.467847
vt -0.484390 4.489056
vt -0.507246 4.489089
vt -0.528456 4.467942
vt -0.416057 4.411055
vt -0.393266 4.411025
vt 4.370400 1.963735
vt 4.370400 1.988925
vt 4.356936 1.988925
vt 4.356936 1.963735
vt 4.395591 1.988925
vt 4.395591 2.148919
vt 4.370400 2.148919
vt 4.331747 1.988925
vt 4.331747 2.148919
vt 4.318283 2.148919
vt 4.318283 1.988925
vt 4.356936 2.148919
vt 4.370400 2.174109
vt 4.356936 2.174109
vt 3.975221 4.072990
vt 3.975221 4.098180
vt 3.961758 4.098180
vt 3.961758 4.072990
vt 3.961758 3.754283
vt 3.936567 4.072990
vt 3.936566 3.754283
vt 3.975221 3.754283
vt 4.000411 3.754283
vt 4.000412 4.072990
vt 3.923103 4.072990
vt 3.923103 3.754283
vt 3.975221 3.729095
vt 3.961758 3.729095
vt 3.975221 4.463899
vt 3.975221 4.489089
vt 3.961758 4.489089
vt 3.961758 4.463899
vt 3.961758 4.145192
vt 3.936567 4.463899
vt 3.936566 4.145192
vt 3.975221 4.145192
vt 4.000411 4.145191
vt 4.000412 4.463899
vt 3.923103 4.463899
vt 3.923103 4.145192
vt 3.975221 4.120003
vt 3.961758 4.120003
vt 4.377460 -1.389489
vt 4.377460 -1.364299
vt 4.363996 -1.364299
vt 4.363996 -1.389489
vt 4.402651 -1.364299
vt 4.402651 -1.204306
vt 4.377460 -1.204306
vt 4.338806 -1.364299
vt 4.338806 -1.204306
vt 4.325342 -1.204306
vt 4.325342 -1.364299
vt 4.363996 -1.204306
vt 4.377460 -1.179116
vt 4.363996 -1.179116
vt -3.112551 -3.363481
vt -3.112551 -3.338291
vt -3.126015 -3.338291
vt -3.126015 -3.363481
vt -3.087360 -3.338291
vt -3.087361 -3.178297
vt -3.112551 -3.178297
vt -3.151205 -3.338291
vt -3.151205 -3.178297
vt -3.164669 -3.178297
vt -3.164669 -3.338291
vt -3.126015 -3.178297
vt -3.112551 -3.153108
vt -3.126015 -3.153108
vt 2.337831 -3.063459
vt 2.337831 -3.041010
vt 2.234153 -3.041010
vt 2.234153 -3.063459
vt 2.360280 -3.041010
vt 2.360280 -2.701618
vt 2.337831 -2.701618
vt 2.211704 -3.041010
vt 2.211704 -2.701618
vt 2.108026 -2.701618
vt 2.108026 -3.041010
vt 2.234153 -2.701618
vt 2.337831 -2.679170
vt 2.234153 -2.679170
vt 1.123143 -0.925122
vt 1.123143 -0.899932
vt 1.109679 -0.899932
vt 1.109679 -0.925122
vt 1.148333 -0.899932
vt 1.148333 -0.581226
vt 1.123143 -0.581226
vt 1.084489 -0.899932
vt 1.084489 -0.581226
vt 1.071025 -0.581226
vt 1.071026 -0.899932
vt 1.109679 -0.581226
vt 1.123143 -0.556036
vt 1.109679 -0.556036
vt 4.328065 1.042194
vt 4.328065 1.067384
vt 4.314601 1.067384
vt 4.314601 1.042194
vt 4.353256 0.882201
vt 4.353255 1.042194
vt 4.328065 0.882201
vt 4.328065 0.857010
vt 4.314601 0.882201
vt 4.314601 0.857010
vt 4.289412 1.042194
vt 4.289412 0.882201
vt 4.275948 1.042194
vt 4.275948 0.882201
vt 2.203140 -1.881687
vt 2.200803 -1.008376
vt 2.185560 -1.008376
vt 2.187897 -1.881687
vt 2.265912 -1.881560
vt 2.263574 -1.008249
vt 2.239810 -1.008312
vt 2.224567 -1.008313
vt 2.239810 -0.979794
vt 2.224567 -0.979794
vt 1.143937 -2.414775
vt 1.141607 -1.541464
vt 1.117843 -1.541528
vt 1.081166 -2.414902
vt 1.078835 -1.541591
vt 1.063592 -1.541591
vt 1.065923 -2.414902
vt 1.102600 -1.541528
vt 1.117843 -1.513010
vt 1.102600 -1.513010
vt 2.891955 2.404057
vt 2.891955 2.429247
vt 2.878491 2.429247
vt 2.878491 2.404057
vt 2.917146 2.429247
vt 2.853300 2.429247
vt 2.839837 2.429247
vt 0.900895 -5.662436
vt 0.900895 -5.750205
vt 0.938990 -5.750205
vt 0.938990 -5.662436
vt 0.857011 -5.750205
vt 0.857011 -7.030155
vt 0.900895 -7.030155
vt 0.982874 -5.750205
vt 0.982875 -7.030155
vt 1.020969 -7.030155
vt 1.020968 -5.750205
vt 0.938990 -7.030155
vt -2.515512 4.898151
vt -2.471627 4.898153
vt -2.471627 4.974340
vt -2.515512 4.974340
vt -0.909317 -3.880013
vt -0.909319 -5.530932
vt -0.865433 -5.530932
vt -0.865433 -3.880013
vt -0.783456 -3.880013
vt -0.783454 -5.530931
vt -0.745360 -5.530931
vt -0.745363 -3.880013
vt -0.827340 -3.880013
vt -0.827339 -5.530932
vt -0.865433 -5.618702
vt -0.827339 -5.618702
vt -0.324820 4.411048
vt -0.831211 4.410221
vt -0.808154 4.410243
vt -0.923373 4.410239
vt -0.900317 4.410258
vt -0.990868 4.431705
vt -0.969505 4.410279
vt -0.946415 4.410245
vt -0.924989 4.431607
vt -0.924936 4.467629
vt -0.946299 4.489055
vt -0.969389 4.489089
vt -0.990814 4.467727
vt -0.877275 4.410254
vt -0.854252 4.410223
vt -0.785112 4.410243
vt 2.147046 0.384041
vt 2.125834 0.384032
vt 2.220614 0.384046
vt 2.199404 0.384037
vt 2.270671 0.368500
vt 2.255175 0.384034
vt 2.238430 0.384055
vt 2.222897 0.368558
vt 2.222865 0.342435
vt 2.238361 0.326902
vt 2.255105 0.326881
vt 2.270639 0.342378
vt 2.181588 0.384029
vt 2.164860 0.384049
vt 2.108019 0.384023
vt -3.482846 0.335642
vt -3.482845 0.049407
vt -3.475703 0.049407
vt -3.475703 0.335642
vt -3.443301 0.335642
vt -3.443303 0.049407
vt -3.418046 0.049407
vt -3.418045 0.335642
vt -3.450445 0.335642
vt -3.450446 0.049407
vt 3.025534 -3.202386
vt 3.025534 -3.488621
vt 3.032677 -3.488621
vt 3.032677 -3.202386
vt 3.065078 -3.202386
vt 3.065077 -3.488621
vt 3.090334 -3.488621
vt 3.090336 -3.202386
vt 3.057935 -3.202386
vt 3.057935 -3.488621
vt -3.482846 0.027585
vt -3.482845 -0.258650
vt -3.475703 -0.258650
vt -3.475703 0.027585
vt -3.443301 0.027585
vt -3.443303 -0.258650
vt -3.418046 -0.258651
vt -3.418045 0.027584
vt -3.450445 0.027585
vt -3.450446 -0.258650
vt -3.480723 -0.678098
vt -3.480722 -0.964333
vt -3.473580 -0.964333
vt -3.473580 -0.678098
vt -3.441179 -0.678098
vt -3.441180 -0.964333
vt -3.415923 -0.964333
vt -3.415922 -0.678098
vt -3.448322 -0.678098
vt -3.448323 -0.964333
vt 3.494948 1.409239
vt 3.494948 1.296423
vt 3.517079 1.296423
vt 3.517079 1.409239
vt 3.458064 1.409240
vt 3.458064 1.296423
vt 3.465440 1.296423
vt 3.465441 1.409240
vt 3.487571 1.296423
vt 3.487572 1.409239
vt 3.465441 1.416616
vt 3.487572 1.416616
vt 3.465440 1.289046
vt 3.487571 1.289046
vt 3.562386 -1.939783
vt 3.562386 -2.052600
vt 3.584516 -2.052600
vt 3.584516 -1.939784
vt 3.525501 -1.939784
vt 3.525501 -2.052599
vt 3.532877 -2.052599
vt 3.532878 -1.939783
vt 3.555008 -2.052600
vt 3.555009 -1.939783
vt 3.532878 -1.932406
vt 3.555009 -1.932406
vt 3.532877 -2.059976
vt 3.555008 -2.059976
vt 3.094498 -2.402738
vt 3.094498 -2.515554
vt 3.116629 -2.515554
vt 3.116629 -2.402738
vt 3.057613 -2.402738
vt 3.057613 -2.515554
vt 3.064990 -2.515554
vt 3.064991 -2.402738
vt 3.087121 -2.515554
vt 3.087121 -2.402738
vt 3.064991 -2.395361
vt 3.087121 -2.395361
vt 3.064990 -2.522931
vt 3.087121 -2.522931
vt 2.981991 1.042791
vt 2.982462 1.142847
vt 2.962968 1.142939
vt 2.962497 1.042883
vt 3.050318 1.142847
vt 3.050316 2.259741
vt 2.982461 2.259741
vt 2.895113 1.142939
vt 2.895112 2.259833
vt 2.875619 2.259925
vt 2.875619 1.143031
vt 2.962967 2.259833
vt 2.982933 2.359797
vt 2.963439 2.359889
vt -1.105350 -1.735288
vt -1.104799 -1.618129
vt -1.124356 -1.618037
vt -1.124907 -1.735196
vt -1.025257 -1.618129
vt -1.025257 -0.497611
vt -1.104799 -0.497611
vt -1.203897 -1.618037
vt -1.203897 -0.497519
vt -1.223455 -0.497427
vt -1.223454 -1.617945
vt -1.124356 -0.497519
vt -1.104248 -0.380452
vt -1.123805 -0.380360
vt 3.913885 -1.566365
vt 3.913885 -1.501153
vt 3.900095 -1.501153
vt 3.900095 -1.566365
vt 3.979100 -1.501153
vt 3.979100 -1.054349
vt 3.913885 -1.054349
vt 3.834880 -1.501153
vt 3.834879 -1.054349
vt 3.821089 -1.054349
vt 3.821089 -1.501153
vt 3.900094 -1.054349
vt 3.913885 -0.989134
vt 3.900094 -0.989134
vt 3.366378 1.285756
vt 3.366571 1.367360
vt 3.350672 1.367398
vt 3.350479 1.285793
vt 3.436242 1.367360
vt 3.436241 2.278247
vt 3.366571 2.278247
vt 3.281001 1.367397
vt 3.281001 2.278285
vt 3.265102 2.278322
vt 3.265102 1.367435
vt 3.350672 2.278285
vt 3.366764 2.359851
vt 3.350864 2.359889
vt 2.673080 3.136479
vt 2.673629 3.253438
vt 2.654105 3.253530
vt 2.653557 3.136571
vt 2.753188 3.253438
vt 2.753186 4.372039
vt 2.673628 4.372039
vt 2.574545 3.253530
vt 2.574545 4.372130
vt 2.555021 4.372222
vt 2.555021 3.253621
vt 2.654104 4.372130
vt 2.674176 4.488997
vt 2.654653 4.489089
vt -1.339379 -2.036509
vt -1.338946 -1.944593
vt -1.358383 -1.944501
vt -1.358816 -2.036417
vt -1.276574 -1.944593
vt -1.276574 -0.830976
vt -1.338947 -0.830976
vt -1.420755 -1.944501
vt -1.420756 -0.830884
vt -1.440193 -0.830792
vt -1.440191 -1.944410
vt -1.358383 -0.830884
vt -1.338514 -0.739059
vt -1.357951 -0.738968
vt -1.341830 -2.436580
vt -1.341830 -2.365798
vt -1.355620 -2.365798
vt -1.355620 -2.436580
vt -1.271048 -2.365798
vt -1.271048 -2.129113
vt -1.341830 -2.129113
vt -1.426403 -2.365798
vt -1.426403 -2.129113
vt -1.440193 -2.129113
vt -1.440193 -2.365798
vt -1.355620 -2.129113
vt -1.341830 -2.058331
vt -1.355620 -2.058331
vt -1.581861 -1.732873
vt -1.581861 -1.615185
vt -1.595650 -1.615185
vt -1.595650 -1.732873
vt -1.464155 -1.615185
vt -1.464155 -0.899974
vt -1.581861 -0.899974
vt -1.713356 -1.615185
vt -1.713358 -0.899974
vt -1.727149 -0.899974
vt -1.727145 -1.615185
vt -1.595652 -0.899974
vt -1.581861 -0.782268
vt -1.595652 -0.782268
vt 0.473803 -1.189054
vt 0.474432 -1.056370
vt 0.454740 -1.056277
vt 0.454111 -1.188961
vt 0.564116 -1.056370
vt 0.564116 0.071913
vt 0.474432 0.071913
vt 0.365057 -1.056277
vt 0.365057 0.072006
vt 0.345364 0.072099
vt 0.345364 -1.056183
vt 0.454740 0.072006
vt 0.475061 0.204597
vt 0.455369 0.204690
vt -0.700239 -2.527274
vt -0.700239 -2.409562
vt -0.714030 -2.409562
vt -0.714030 -2.527274
vt -0.582533 -2.409562
vt -0.582534 -1.958141
vt -0.700240 -1.958141
vt -0.831736 -2.409562
vt -0.831736 -1.958141
vt -0.845526 -1.958141
vt -0.845527 -2.409562
vt -0.714030 -1.958141
vt -0.700240 -1.840436
vt -0.714030 -1.840436
vt -3.393483 -2.759723
vt -3.393483 -2.691708
vt -3.407271 -2.691708
vt -3.407271 -2.759723
vt -3.325457 -2.691708
vt -3.325457 -1.976495
vt -3.393482 -1.976495
vt -3.475296 -2.691708
vt -3.475298 -1.976495
vt -3.489089 -1.976495
vt -3.489085 -2.691708
vt -3.407273 -1.976495
vt -3.393482 -1.908470
vt -3.407273 -1.908470
vt 2.785470 1.042791
vt 2.785941 1.142847
vt 2.766448 1.142939
vt 2.765976 1.042883
vt 2.853796 1.142847
vt 2.853795 2.259741
vt 2.785940 2.259741
vt 2.698592 1.142939
vt 2.698591 2.259833
vt 2.679098 2.259925
vt 2.679098 1.143031
vt 2.766446 2.259833
vt 2.786412 2.359797
vt 2.766918 2.359889
vt -0.870430 -1.733865
vt -0.869882 -1.616828
vt -0.889419 -1.616737
vt -0.889967 -1.733773
vt -0.790329 -1.616828
vt -0.790331 -0.497488
vt -0.869884 -0.497488
vt -0.968970 -1.616737
vt -0.968973 -0.497396
vt -0.988510 -0.497305
vt -0.988507 -1.616645
vt -0.889421 -0.497396
vt -0.869335 -0.380452
vt -0.888871 -0.380360
vt 0.055670 -2.760073
vt 0.055669 -2.694848
vt 0.041876 -2.694848
vt 0.041877 -2.760073
vt 0.120883 -2.694847
vt 0.120879 -2.247534
vt 0.055664 -2.247535
vt -0.023339 -2.694848
vt -0.023341 -2.247535
vt -0.037131 -2.247535
vt -0.037131 -2.694848
vt 0.041873 -2.247535
vt 0.055664 -2.182320
vt 0.041873 -2.182320
vt 3.352977 -2.063267
vt 3.353170 -1.981663
vt 3.337271 -1.981626
vt 3.337078 -2.063230
vt 3.422841 -1.981663
vt 3.422841 -1.070776
vt 3.353170 -1.070776
vt 3.267600 -1.981626
vt 3.267600 -1.070738
vt 3.251701 -1.070701
vt 3.251701 -1.981587
vt 3.337271 -1.070738
vt 3.353363 -0.989171
vt 3.337464 -0.989134
vt 0.983313 -1.491187
vt 0.984168 -1.360762
vt 0.958757 -1.360595
vt 0.957902 -1.491020
vt 1.049200 -1.360762
vt 1.049202 0.095189
vt 0.984169 0.095189
vt 0.893725 -1.360594
vt 0.893725 0.095356
vt 0.868314 0.095522
vt 0.868314 -1.360428
vt 0.958758 0.095356
vt 0.985025 0.225614
vt 0.959614 0.225780
vt 2.407069 -1.495378
vt 2.408035 -1.359610
vt 2.379325 -1.359406
vt 2.378359 -1.495174
vt 2.466158 -1.359610
vt 2.466149 0.285372
vt 2.408031 0.285372
vt 2.321203 -1.359406
vt 2.321203 0.285576
vt 2.292493 0.285781
vt 2.292493 -1.359201
vt 2.379322 0.285576
vt 2.408998 0.421140
vt 2.380289 0.421344
vt 0.969429 -2.578382
vt 0.969608 -2.497444
vt 0.953839 -2.497408
vt 0.953659 -2.578347
vt 1.039346 -2.497442
vt 1.039329 -1.593982
vt 0.969591 -1.593983
vt 0.884101 -2.497410
vt 0.884084 -1.593949
vt 0.868314 -1.593915
vt 0.868332 -2.497375
vt 0.953822 -1.593948
vt 0.969771 -1.513045
vt 0.954002 -1.513010
vt -3.343801 -1.886647
vt -3.343801 -1.768958
vt -3.357590 -1.768958
vt -3.357590 -1.886647
vt -3.226095 -1.768958
vt -3.226095 -1.053748
vt -3.343801 -1.053748
vt -3.475296 -1.768959
vt -3.475298 -1.053748
vt -3.489089 -1.053748
vt -3.489085 -1.768959
vt -3.357592 -1.053748
vt -3.343801 -0.936042
vt -3.357592 -0.936042
vt -0.616406 -0.389163
vt -0.614995 -0.191046
vt -0.644399 -0.190836
vt -0.645810 -0.388953
vt -0.530185 -0.191046
vt -0.530190 1.493717
vt -0.614998 1.493717
vt -0.729209 -0.190837
vt -0.729210 1.493927
vt -0.758614 1.494136
vt -0.758613 -0.190628
vt -0.644402 1.493927
vt -0.613586 1.691833
vt -0.642990 1.692042
vt 0.003177 -2.160498
vt 0.003177 -2.042811
vt -0.010612 -2.042811
vt -0.010612 -2.160498
vt 0.120883 -2.042811
vt 0.120884 -1.458613
vt 0.003177 -1.458613
vt -0.128318 -2.042811
vt -0.128320 -1.458613
vt -0.142111 -1.458614
vt -0.142106 -2.042811
vt -0.010613 -1.458613
vt 0.003176 -1.340908
vt -0.010614 -1.340908
vt 1.708084 -2.265968
vt 1.708083 -2.148251
vt 1.694292 -2.148251
vt 1.694292 -2.265968
vt 1.825788 -2.148251
vt 1.825786 -1.614068
vt 1.708080 -1.614069
vt 1.576586 -2.148252
vt 1.576584 -1.614069
vt 1.562794 -1.614069
vt 1.562794 -2.148252
vt 1.694290 -1.614069
vt 1.708080 -1.496364
vt 1.694290 -1.496364
vt -3.194759 -2.759723
vt -3.194759 -2.691708
vt -3.208548 -2.691708
vt -3.208548 -2.759723
vt -3.126734 -2.691708
vt -3.126733 -1.976496
vt -3.194758 -1.976496
vt -3.276573 -2.691708
vt -3.276574 -1.976496
vt -3.290365 -1.976496
vt -3.290362 -2.691708
vt -3.208549 -1.976496
vt -3.194758 -1.908470
vt -3.208549 -1.908470
vt 2.881382 3.171991
vt 2.881853 3.272047
vt 2.862360 3.272139
vt 2.861888 3.172083
vt 2.949709 3.272047
vt 2.949708 4.388941
vt 2.881853 4.388941
vt 2.794504 3.272139
vt 2.794504 4.389033
vt 2.775011 4.389125
vt 2.775011 3.272231
vt 2.862359 4.389033
vt 2.882325 4.488997
vt 2.862831 4.489089
vt -0.856531 -0.358538
vt -0.855286 -0.183689
vt -0.884473 -0.183481
vt -0.885718 -0.358330
vt -0.780436 -0.183689
vt -0.780439 1.488654
vt -0.855287 1.488654
vt -0.959323 -0.183481
vt -0.959322 1.488862
vt -0.988510 1.489070
vt -0.988510 -0.183273
vt -0.884475 1.488862
vt -0.854041 1.663503
vt -0.883228 1.663711
vt 2.207645 -0.957971
vt 2.208044 -0.868499
vt 2.189124 -0.868415
vt 2.188725 -0.957887
vt 2.270668 -0.868499
vt 2.270666 0.215503
vt 2.208043 0.215503
vt 2.126500 -0.868415
vt 2.126499 0.215587
vt 2.107580 0.215671
vt 2.107580 -0.868331
vt 2.189123 0.215587
vt 2.208441 0.304975
vt 2.189521 0.305059
vt 3.173416 1.285756
vt 3.173609 1.367360
vt 3.157710 1.367398
vt 3.157517 1.285793
vt 3.243279 1.367360
vt 3.243279 2.278247
vt 3.173609 2.278247
vt 3.088039 1.367397
vt 3.088038 2.278285
vt 3.072140 2.278322
vt 3.072140 1.367435
vt 3.157709 2.278285
vt 3.173801 2.359851
vt 3.157902 2.359889
vt -1.091476 -0.358538
vt -1.090231 -0.183688
vt -1.119418 -0.183480
vt -1.120663 -0.358330
vt -1.015381 -0.183688
vt -1.015384 1.488654
vt -1.090232 1.488654
vt -1.194268 -0.183480
vt -1.194268 1.488863
vt -1.223455 1.489070
vt -1.223455 -0.183273
vt -1.119420 1.488862
vt -1.088986 1.663503
vt -1.118173 1.663712
vt 2.407069 0.443167
vt 2.408035 0.578935
vt 2.379325 0.579139
vt 2.378359 0.443371
vt 2.466158 0.578935
vt 2.466149 2.223917
vt 2.408031 2.223917
vt 2.321203 0.579139
vt 2.321203 2.224121
vt 2.292493 2.224326
vt 2.292493 0.579343
vt 2.379321 2.224121
vt 2.408998 2.359684
vt 2.380289 2.359889
vt 2.393588 -2.582573
vt 2.393770 -2.501635
vt 2.378000 -2.501599
vt 2.377819 -2.582538
vt 2.463508 -2.501635
vt 2.463508 -1.598175
vt 2.393770 -1.598175
vt 2.308263 -2.501599
vt 2.308262 -1.598139
vt 2.292493 -1.598104
vt 2.292493 -2.501564
vt 2.378000 -1.598139
vt 2.393951 -1.517236
vt 2.378182 -1.517201
vt 3.639523 3.672897
vt 3.639523 3.743669
vt 3.625735 3.743669
vt 3.625734 3.672897
vt 3.710306 3.743668
vt 3.710311 4.418305
vt 3.639528 4.418305
vt 3.554952 3.743669
vt 3.554955 4.418306
vt 3.541163 4.418306
vt 3.541163 3.743669
vt 3.625737 4.418305
vt 3.639528 4.489089
vt 3.625737 4.489089
vt -3.058990 -1.886647
vt -3.058990 -1.768959
vt -3.072778 -1.768959
vt -3.072778 -1.886647
vt -2.941282 -1.768960
vt -2.941279 -1.053749
vt -3.058985 -1.053748
vt -3.190484 -1.768958
vt -3.190482 -1.053748
vt -3.204273 -1.053748
vt -3.204273 -1.768958
vt -3.072776 -1.053748
vt -3.058985 -0.936042
vt -3.072775 -0.936042
vt 1.076161 2.407883
vt 1.077572 2.605999
vt 1.048168 2.606209
vt 1.046757 2.408092
vt 1.162382 2.605999
vt 1.162377 4.290763
vt 1.077569 4.290763
vt 0.963358 2.606208
vt 0.963357 4.290972
vt 0.933953 4.291182
vt 0.933953 2.606418
vt 1.048165 4.290972
vt 1.078981 4.488879
vt 1.049577 4.489089
vt 2.918083 -1.808725
vt 2.918083 -1.691038
vt 2.904295 -1.691038
vt 2.904295 -1.808725
vt 3.035789 -1.691039
vt 3.035791 -1.106841
vt 2.918085 -1.106840
vt 2.786589 -1.691039
vt 2.786588 -1.106841
vt 2.772797 -1.106841
vt 2.772801 -1.691039
vt 2.904294 -1.106841
vt 2.918084 -0.989134
vt 2.904294 -0.989134
vt -0.363074 -2.205373
vt -0.363074 -2.087657
vt -0.376866 -2.087657
vt -0.376866 -2.205373
vt -0.245368 -2.087656
vt -0.245370 -1.553473
vt -0.363075 -1.553473
vt -0.494571 -2.087657
vt -0.494571 -1.553473
vt -0.508361 -1.553473
vt -0.508363 -2.087657
vt -0.376865 -1.553473
vt -0.363075 -1.435769
vt -0.376865 -1.435769
vt -3.009305 -2.759723
vt -3.009305 -2.691708
vt -3.023094 -2.691708
vt -3.023094 -2.759723
vt -2.941279 -2.691708
vt -2.941279 -1.976496
vt -3.009304 -1.976496
vt -3.091119 -2.691708
vt -3.091120 -1.976496
vt -3.104911 -1.976496
vt -3.104908 -2.691708
vt -3.023095 -1.976496
vt -3.009305 -1.908470
vt -3.023095 -1.908470
vt 3.075130 2.461976
vt 3.075456 2.552052
vt 3.057907 2.552116
vt 3.057580 2.462039
vt 3.144283 2.552052
vt 3.144283 3.557537
vt 3.075457 3.557537
vt 2.989080 2.552116
vt 2.989081 3.557600
vt 2.971532 3.557664
vt 2.971531 2.552180
vt 3.057907 3.557600
vt 3.075784 3.647613
vt 3.058234 3.647676
vt 2.008175 0.591358
vt 2.009175 0.744273
vt 1.983650 0.744439
vt 1.982650 0.591525
vt 2.085757 0.744273
vt 2.085756 2.206808
vt 2.009175 2.206808
vt 1.907067 0.744439
vt 1.907067 2.206975
vt 1.881542 2.207141
vt 1.881542 0.744606
vt 1.983649 2.206975
vt 2.010174 2.359722
vt 1.984649 2.359889
vt 2.978643 -0.654230
vt 2.979116 -0.559426
vt 2.959069 -0.559326
vt 2.958596 -0.654130
vt 3.041195 -0.559426
vt 3.041194 0.589188
vt 2.979115 0.589188
vt 2.896990 -0.559326
vt 2.896990 0.589287
vt 2.876943 0.589387
vt 2.876943 -0.559227
vt 2.959068 0.589287
vt 2.979588 0.683990
vt 2.959541 0.684091
vt 0.772058 -2.603362
vt 0.772064 -2.532227
vt 0.758205 -2.532226
vt 0.758198 -2.603360
vt 0.842810 -2.532227
vt 0.842810 -1.738232
vt 0.772064 -1.738232
vt 0.687459 -2.532226
vt 0.687459 -1.738231
vt 0.673600 -1.738229
vt 0.673600 -2.532224
vt 0.758205 -1.738231
vt 0.772070 -1.667098
vt 0.758212 -1.667097
vt 1.308296 0.379400
vt 1.309503 0.550638
vt 1.280918 0.550839
vt 1.279712 0.379601
vt 1.384633 0.550638
vt 1.384633 2.188449
vt 1.309503 2.188449
vt 1.205788 0.550839
vt 1.205788 2.188651
vt 1.177204 2.188852
vt 1.177204 0.551041
vt 1.280918 2.188651
vt 1.310709 2.359688
vt 1.282125 2.359889
vt 0.787140 -1.645274
vt 0.788072 -1.512741
vt 0.760046 -1.512543
vt 0.759114 -1.645077
vt 0.846492 -1.512741
vt 0.846488 0.093050
vt 0.788070 0.093050
vt 0.701626 -1.512543
vt 0.701626 0.093247
vt 0.673600 0.093445
vt 0.673600 -1.512347
vt 0.760044 0.093247
vt 0.789002 0.225583
vt 0.760976 0.225780
vt 3.556430 1.438439
vt 3.556430 1.509229
vt 3.542637 1.509229
vt 3.542638 1.438438
vt 3.627213 1.509230
vt 3.627209 2.289107
vt 3.556427 2.289107
vt 3.471856 1.509229
vt 3.471854 2.289107
vt 3.458064 2.289107
vt 3.458064 1.509229
vt 3.542636 2.289107
vt 3.556427 2.359889
vt 3.542636 2.359889
vt 3.859784 0.004998
vt 3.859784 0.075788
vt 3.845992 0.075788
vt 3.845992 0.004998
vt 3.930566 0.075788
vt 3.930565 0.613309
vt 3.859783 0.613309
vt 3.775210 0.075788
vt 3.775211 0.613309
vt 3.761420 0.613309
vt 3.761418 0.075788
vt 3.845993 0.613309
vt 3.859783 0.684091
vt 3.845993 0.684091
vt 0.003525 -1.319086
vt 0.003569 -1.198970
vt -0.010504 -1.198964
vt -0.010549 -1.319080
vt 0.121102 -1.198970
vt 0.121102 -0.392729
vt 0.003569 -0.392729
vt -0.128037 -1.198964
vt -0.128037 -0.392724
vt -0.142111 -0.392719
vt -0.142110 -1.198959
vt -0.010504 -0.392724
vt 0.003613 -0.272614
vt -0.010460 -0.272609
vt 1.543301 0.542780
vt 1.544432 0.715759
vt 1.518759 0.715926
vt 1.517628 0.542947
vt 1.631062 0.715759
vt 1.631062 2.186743
vt 1.544432 2.186743
vt 1.432129 0.715926
vt 1.432128 2.186911
vt 1.406455 2.187078
vt 1.406456 0.716094
vt 1.518759 2.186911
vt 1.545563 2.359721
vt 1.519890 2.359889
vt 2.026828 -2.040408
vt 2.026828 -1.922721
vt 2.013040 -1.922721
vt 2.013040 -2.040408
vt 2.144535 -1.922721
vt 2.144536 -1.338523
vt 2.026829 -1.338523
vt 1.895333 -1.922721
vt 1.895332 -1.338523
vt 1.881542 -1.338523
vt 1.881545 -1.922721
vt 2.013039 -1.338523
vt 2.026829 -1.220818
vt 2.013038 -1.220818
vt -2.204534 -1.783433
vt -2.204535 -1.665716
vt -2.218326 -1.665716
vt -2.218326 -1.783433
vt -2.086829 -1.665716
vt -2.086831 -1.053746
vt -2.204536 -1.053747
vt -2.336031 -1.665717
vt -2.336032 -1.053748
vt -2.349823 -1.053748
vt -2.349823 -1.665717
vt -2.218327 -1.053747
vt -2.204537 -0.936042
vt -2.218327 -0.936042
vt 0.440969 -2.772529
vt 0.440969 -2.704515
vt 0.427181 -2.704515
vt 0.427181 -2.772529
vt 0.508995 -2.704515
vt 0.508997 -2.120316
vt 0.440971 -2.120316
vt 0.359155 -2.704515
vt 0.359155 -2.120316
vt 0.345364 -2.120316
vt 0.345367 -2.704515
vt 0.427181 -2.120316
vt 0.440971 -2.052290
vt 0.427181 -2.052290
vt 2.787355 -0.723537
vt 2.787920 -0.616607
vt 2.767087 -0.616497
vt 2.766522 -0.723428
vt 2.855120 -0.616606
vt 2.855119 0.577050
vt 2.787920 0.577050
vt 2.699887 -0.616497
vt 2.699887 0.577160
vt 2.679053 0.577270
vt 2.679053 -0.616386
vt 2.767086 0.577160
vt 2.788485 0.683980
vt 2.767651 0.684091
vt 2.008175 -1.198995
vt 2.009175 -1.046080
vt 1.983650 -1.045913
vt 1.982649 -1.198828
vt 2.085757 -1.046080
vt 2.085756 0.416455
vt 2.009175 0.416455
vt 1.907067 -1.045914
vt 1.907067 0.416622
vt 1.881542 0.416789
vt 1.881542 -1.045747
vt 1.983649 0.416622
vt 2.010175 0.569369
vt 1.984649 0.569536
vt 3.456231 2.520304
vt 3.456484 2.600168
vt 3.439595 2.600222
vt 3.439342 2.520357
vt 3.520110 2.600169
vt 3.520096 3.567760
vt 3.456470 3.567759
vt 3.375969 2.600221
vt 3.375956 3.567811
vt 3.359067 3.567864
vt 3.359080 2.600275
vt 3.439581 3.567812
vt 3.456722 3.647623
vt 3.439835 3.647676
vt 1.468492 -2.471566
vt 1.468505 -2.400432
vt 1.454645 -2.400429
vt 1.454633 -2.471563
vt 1.539250 -2.400437
vt 1.539320 -1.606442
vt 1.468574 -1.606436
vt 1.383900 -2.400423
vt 1.383969 -1.606427
vt 1.370110 -1.606425
vt 1.370040 -2.400420
vt 1.454715 -1.606433
vt 1.468587 -1.535302
vt 1.454728 -1.535299
vt 0.893725 -1.360594
vt 0.893725 0.095356
vt 0.868314 0.095522
vt 0.868314 -1.360428
vt 0.958757 -1.360595
vt 0.958758 0.095356
vt 0.983313 -1.491187
vt 0.984168 -1.360762
vt 0.957902 -1.491020
vt 1.049200 -1.360762
vt 1.049202 0.095189
vt 0.984169 0.095189
vt 0.985025 0.225614
vt 0.959614 0.225780
vt 1.290744 -1.513477
vt 1.291676 -1.380944
vt 1.263650 -1.380746
vt 1.262719 -1.513280
vt 1.350096 -1.380944
vt 1.350092 0.224847
vt 1.291673 0.224847
vt 1.205230 -1.380747
vt 1.205230 0.225045
vt 1.177204 0.225242
vt 1.177204 -1.380549
vt 1.263648 0.225045
vt 1.292605 0.357380
vt 1.264580 0.357577
vt 3.543029 -1.910585
vt 3.543029 -1.839794
vt 3.529237 -1.839794
vt 3.529237 -1.910585
vt 3.613811 -1.839794
vt 3.613809 -1.059916
vt 3.543027 -1.059916
vt 3.458455 -1.839794
vt 3.458455 -1.059916
vt 3.444664 -1.059916
vt 3.444663 -1.839794
vt 3.529237 -1.059916
vt 3.543028 -0.989134
vt 3.529237 -0.989134
vt 3.747401 1.680797
vt 3.747400 1.751586
vt 3.733608 1.751586
vt 3.733608 1.680797
vt 3.818182 1.751586
vt 3.818182 2.289107
vt 3.747399 2.289107
vt 3.662827 1.751586
vt 3.662827 2.289107
vt 3.649036 2.289107
vt 3.649035 1.751586
vt 3.733609 2.289107
vt 3.747399 2.359889
vt 3.733609 2.359889
vt -0.367046 -0.345648
vt -0.365679 -0.151673
vt -0.394468 -0.151471
vt -0.395835 -0.345445
vt -0.280574 -0.151673
vt -0.280575 1.497866
vt -0.365680 1.497866
vt -0.479574 -0.151471
vt -0.479574 1.498068
vt -0.508363 1.498271
vt -0.508363 -0.151268
vt -0.394469 1.498069
vt -0.364313 1.691839
vt -0.393102 1.692042
vt 1.812344 3.047286
vt 1.813097 3.212759
vt 1.793710 3.212847
vt 1.792957 3.047374
vt 1.927535 3.212759
vt 1.927534 4.323528
vt 1.813097 4.323528
vt 1.679272 3.212847
vt 1.679272 4.323617
vt 1.659885 4.323705
vt 1.659885 3.212935
vt 1.793709 4.323617
vt 1.813850 4.489001
vt 1.794463 4.489089
vt -2.774167 -1.783433
vt -2.774168 -1.665716
vt -2.787960 -1.665716
vt -2.787959 -1.783433
vt -2.656462 -1.665715
vt -2.656465 -1.053747
vt -2.774170 -1.053748
vt -2.905665 -1.665717
vt -2.905666 -1.053748
vt -2.919457 -1.053748
vt -2.919457 -1.665717
vt -2.787961 -1.053748
vt -2.774170 -0.936042
vt -2.787961 -0.936042
vt 3.731238 -2.451434
vt 3.731239 -2.383419
vt 3.717450 -2.383420
vt 3.717450 -2.451434
vt 3.799264 -2.383420
vt 3.799266 -1.799220
vt 3.731240 -1.799220
vt 3.649425 -2.383420
vt 3.649425 -1.799220
vt 3.635634 -1.799220
vt 3.635636 -2.383420
vt 3.717450 -1.799220
vt 3.731240 -1.731194
vt 3.717450 -1.731195
vt 3.160512 -2.141343
vt 3.160800 -2.053810
vt 3.143746 -2.053753
vt 3.143459 -2.141287
vt 3.229879 -2.053810
vt 3.229876 -1.076723
vt 3.160799 -1.076723
vt 3.074667 -2.053753
vt 3.074667 -1.076667
vt 3.057614 -1.076611
vt 3.057614 -2.053698
vt 3.143744 -1.076667
vt 3.161087 -0.989190
vt 3.144032 -0.989134
vt 1.532469 -1.217898
vt 1.533439 -1.067550
vt 1.508341 -1.067388
vt 1.507371 -1.217737
vt 1.610227 -1.067550
vt 1.610227 0.370447
vt 1.533438 0.370447
vt 1.431553 -1.067388
vt 1.431553 0.370609
vt 1.406455 0.370771
vt 1.406456 -1.067225
vt 1.508341 0.370609
vt 1.534408 0.520795
vt 1.509311 0.520957
vt 2.596647 0.705913
vt 2.597403 0.823072
vt 2.572628 0.823232
vt 2.571872 0.706073
vt 2.657276 0.823072
vt 2.657272 2.242571
vt 2.597401 2.242571
vt 2.512755 0.823232
vt 2.512755 2.242731
vt 2.487980 2.242890
vt 2.487980 0.823391
vt 2.572626 2.242731
vt 2.598156 2.359729
vt 2.573381 2.359889
vt 1.783155 0.418334
vt 1.784325 0.586207
vt 1.756302 0.586402
vt 1.755132 0.418530
vt 1.859719 0.586207
vt 1.859716 2.191822
vt 1.784323 2.191821
vt 1.680907 0.586402
vt 1.680907 2.192017
vt 1.652884 2.192212
vt 1.652884 0.586597
vt 1.756300 2.192017
vt 1.785492 2.359694
vt 1.757470 2.359889
vt 2.596590 -0.967311
vt 2.597343 -0.850335
vt 2.572607 -0.850176
vt 2.571853 -0.967153
vt 2.657230 -0.850335
vt 2.657230 0.566956
vt 2.597342 0.566956
vt 2.512718 -0.850176
vt 2.512716 0.567114
vt 2.487980 0.567274
vt 2.487982 -0.850017
vt 2.572606 0.567114
vt 2.598095 0.683931
vt 2.573359 0.684091
vt 0.257553 -1.495301
vt 0.258393 -1.366165
vt 0.233233 -1.366002
vt 0.232393 -1.495138
vt 0.323541 -1.366165
vt 0.323542 0.075391
vt 0.258393 0.075391
vt 0.168084 -1.366002
vt 0.168083 0.075555
vt 0.142924 0.075718
vt 0.142925 -1.365838
vt 0.233233 0.075555
vt 0.259233 0.204526
vt 0.234073 0.204690
vt 3.785363 2.968584
vt 3.785363 3.039374
vt 3.771571 3.039374
vt 3.771571 2.968584
vt 3.856145 3.039374
vt 3.856144 3.576895
vt 3.785362 3.576895
vt 3.700789 3.039374
vt 3.700789 3.576895
vt 3.686999 3.576895
vt 3.686997 3.039374
vt 3.771571 3.576895
vt 3.785362 3.647676
vt 3.771571 3.647676
vt 0.490652 -2.030468
vt 0.490652 -1.912781
vt 0.476863 -1.912781
vt 0.476863 -2.030468
vt 0.608358 -1.912782
vt 0.608359 -1.328584
vt 0.490652 -1.328584
vt 0.359157 -1.912782
vt 0.359155 -1.328584
vt 0.345364 -1.328584
vt 0.345369 -1.912782
vt 0.476861 -1.328584
vt 0.490651 -1.210877
vt 0.476861 -1.210877
vt -1.590409 -0.760445
vt -1.589284 -0.587969
vt -1.614882 -0.587801
vt -1.616008 -0.760278
vt -1.502616 -0.587968
vt -1.502617 0.878743
vt -1.589284 0.878743
vt -1.701550 -0.587801
vt -1.701550 0.878910
vt -1.727149 0.879076
vt -1.727148 -0.587635
vt -1.614883 0.878910
vt -1.588159 1.051219
vt -1.613758 1.051385
vt 2.633267 -1.808725
vt 2.633267 -1.691039
vt 2.619479 -1.691039
vt 2.619479 -1.808725
vt 2.750974 -1.691039
vt 2.750974 -1.106841
vt 2.633268 -1.106841
vt 2.501773 -1.691039
vt 2.501771 -1.106841
vt 2.487980 -1.106841
vt 2.487985 -1.691039
vt 2.619477 -1.106841
vt 2.633267 -0.989134
vt 2.619477 -0.989134
vt -2.489350 -1.783433
vt -2.489351 -1.665717
vt -2.503142 -1.665717
vt -2.503142 -1.783433
vt -2.371645 -1.665716
vt -2.371648 -1.053748
vt -2.489353 -1.053748
vt -2.620848 -1.665717
vt -2.620849 -1.053748
vt -2.634640 -1.053748
vt -2.634640 -1.665717
vt -2.503144 -1.053748
vt -2.489353 -0.936042
vt -2.503144 -0.936042
vt 3.341962 -0.390042
vt 3.342155 -0.308438
vt 3.326256 -0.308401
vt 3.326063 -0.390005
vt 3.411826 -0.308438
vt 3.411825 0.602449
vt 3.342154 0.602449
vt 3.256585 -0.308401
vt 3.256585 0.602487
vt 3.240686 0.602524
vt 3.240686 -0.308363
vt 3.326256 0.602487
vt 3.342348 0.684053
vt 3.326448 0.684091
vt 0.244019 -2.582496
vt 0.244201 -2.501557
vt 0.228431 -2.501522
vt 0.228249 -2.582461
vt 0.313938 -2.501557
vt 0.313938 -1.598098
vt 0.244200 -1.598098
vt 0.158693 -2.501522
vt 0.158693 -1.598062
vt 0.142924 -1.598027
vt 0.142924 -2.501487
vt 0.228431 -1.598062
vt 0.244383 -1.517159
vt 0.228613 -1.517124
vt 0.825910 2.407883
vt 0.827321 2.605999
vt 0.797917 2.606209
vt 0.796506 2.408092
vt 0.912131 2.605999
vt 0.912126 4.290763
vt 0.827318 4.290763
vt 0.713107 2.606208
vt 0.713106 4.290972
vt 0.683702 4.291182
vt 0.683702 2.606418
vt 0.797914 4.290972
vt 0.828730 4.488879
vt 0.799326 4.489089
vt 3.267381 2.573544
vt 3.267573 2.655148
vt 3.251674 2.655185
vt 3.251482 2.573581
vt 3.337244 2.655148
vt 3.337244 3.566034
vt 3.267573 3.566034
vt 3.182003 2.655185
vt 3.182004 3.566072
vt 3.166105 3.566110
vt 3.166105 2.655223
vt 3.251675 3.566072
vt 3.267766 3.647639
vt 3.251867 3.647676
vt 1.278299 -2.600672
vt 1.278481 -2.519733
vt 1.262711 -2.519697
vt 1.262529 -2.600636
vt 1.348218 -2.519733
vt 1.348218 -1.616273
vt 1.278480 -1.616273
vt 1.192973 -2.519697
vt 1.192973 -1.616238
vt 1.177204 -1.616202
vt 1.177204 -2.519662
vt 1.262711 -1.616238
vt 1.278662 -1.535334
vt 1.262893 -1.535299
vt 0.034881 -0.250787
vt 0.036292 -0.052670
vt 0.006887 -0.052460
vt 0.005477 -0.250577
vt 0.121102 -0.052670
vt 0.121098 1.632094
vt 0.036289 1.632094
vt -0.077923 -0.052460
vt -0.077923 1.632304
vt -0.107327 1.632514
vt -0.107327 -0.052251
vt 0.006885 1.632304
vt 0.037701 1.830212
vt 0.008297 1.830420
vt 3.612743 3.629685
vt 3.601070 3.582618
vt 3.646205 3.584069
vt 3.646225 2.505375
vt 3.665175 2.505343
vt 3.664701 3.591011
vt 3.609413 3.647676
vt -1.105749 -1.757111
vt -1.105749 -1.874815
vt -1.091959 -1.874815
vt -1.091959 -1.757111
vt -1.223455 -1.874815
vt -1.223455 -2.332099
vt -1.105749 -2.332099
vt -0.974253 -1.874815
vt -0.974252 -2.332098
vt -0.960462 -2.332098
vt -0.960462 -1.874815
vt -1.091958 -2.332099
vt -1.105749 -2.449804
vt -1.091958 -2.449804
vt -2.801751 -1.805255
vt -2.801751 -1.922960
vt -2.787961 -1.922960
vt -2.787961 -1.805255
vt -2.919456 -1.922960
vt -2.919457 -2.380243
vt -2.801751 -2.380243
vt -2.670255 -1.922960
vt -2.670255 -2.380243
vt -2.656464 -2.380243
vt -2.656464 -1.922960
vt -2.787961 -2.380243
vt -2.801751 -2.497949
vt -2.787961 -2.497949
vt -1.947302 -1.805255
vt -1.947302 -1.922961
vt -1.933512 -1.922961
vt -1.933512 -1.805255
vt -2.065008 -1.922961
vt -2.065008 -2.380243
vt -1.947303 -2.380243
vt -1.815806 -1.922961
vt -1.815806 -2.380243
vt -1.802015 -2.380243
vt -1.802016 -1.922961
vt -1.933512 -2.380243
vt -1.947302 -2.497949
vt -1.933512 -2.497949
vt -1.609443 -1.754696
vt -1.609443 -1.872401
vt -1.595652 -1.872401
vt -1.595652 -1.754696
vt -1.727149 -1.872401
vt -1.727149 -2.329683
vt -1.609443 -2.329683
vt -1.477946 -1.872401
vt -1.477946 -2.329683
vt -1.464156 -2.329683
vt -1.464156 -1.872401
vt -1.595653 -2.329683
vt -1.609443 -2.447391
vt -1.595652 -2.447391
vt 2.605686 -1.830547
vt 2.605686 -1.948253
vt 2.619477 -1.948253
vt 2.619476 -1.830547
vt 2.487980 -1.948253
vt 2.487980 -2.405535
vt 2.605685 -2.405535
vt 2.737182 -1.948253
vt 2.737183 -2.405535
vt 2.750972 -2.405535
vt 2.750972 -1.948253
vt 2.619476 -2.405535
vt 2.605685 -2.523242
vt 2.619476 -2.523242
vt -2.232118 -1.805255
vt -2.232118 -1.922960
vt -2.218327 -1.922960
vt -2.218327 -1.805255
vt -2.349823 -1.922960
vt -2.349823 -2.380243
vt -2.232118 -2.380243
vt -2.100621 -1.922960
vt -2.100621 -2.380243
vt -2.086831 -2.380243
vt -2.086831 -1.922960
vt -2.218327 -2.380243
vt -2.232117 -2.497949
vt -2.218327 -2.497949
vt 2.672727 3.114657
vt 2.672727 2.996952
vt 2.686518 2.996952
vt 2.686518 3.114657
vt 2.555021 2.996952
vt 2.555021 2.539669
vt 2.672727 2.539669
vt 2.804223 2.996952
vt 2.804224 2.539669
vt 2.818014 2.539669
vt 2.818014 2.996952
vt 2.686518 2.539669
vt 2.672727 2.421962
vt 2.686518 2.421962
vt 3.374054 4.489089
vt 3.374054 4.371384
vt 3.387845 4.371384
vt 3.387844 4.489089
vt 3.256349 4.371384
vt 3.256349 3.914101
vt 3.374054 3.914101
vt 3.505550 4.371384
vt 3.505550 3.914101
vt 3.519341 3.914101
vt 3.519341 4.371384
vt 3.387845 3.914101
vt 3.374054 3.796395
vt 3.387845 3.796395
vt -2.516934 -1.805255
vt -2.516934 -1.922960
vt -2.503143 -1.922960
vt -2.503144 -1.805255
vt -2.634640 -1.922960
vt -2.634640 -2.380243
vt -2.516934 -2.380243
vt -2.385437 -1.922960
vt -2.385437 -2.380243
vt -2.371647 -2.380243
vt -2.371647 -1.922960
vt -2.503144 -2.380243
vt -2.516934 -2.497949
vt -2.503144 -2.497949
vt 2.890502 -1.830547
vt 2.890503 -1.948253
vt 2.904294 -1.948253
vt 2.904294 -1.830547
vt 2.772797 -1.948253
vt 2.772797 -2.405535
vt 2.890503 -2.405535
vt 3.021998 -1.948253
vt 3.021998 -2.405535
vt 3.035789 -2.405535
vt 3.035789 -1.948253
vt 2.904292 -2.405535
vt 2.890503 -2.523242
vt 2.904292 -2.523242
vt 3.541933 3.594769
vt 3.583198 3.585341
vt -0.253055 1.769601
vt -0.209855 1.759869
vt -0.182109 1.830420
vt -0.252772 0.685899
vt -0.210295 0.685910
vt 3.603454 2.505404
vt -0.144789 1.758581
vt -0.149014 0.685958
vt -0.130211 0.685899
vt -0.129149 1.763138
vt -0.180596 1.805313
vt -0.191711 1.757137
vt -0.191505 0.685952
vt 3.584553 2.505348
vt 3.541933 2.505343
vt 3.616501 -0.266811
vt 3.616501 -0.415693
vt 3.641691 -0.415693
vt 3.641691 -0.266811
vt 3.703238 -0.266811
vt 3.703238 -0.415693
vt 3.739595 -0.415693
vt 3.739595 -0.266811
vt 3.678048 -0.266811
vt 3.678048 -0.415693
vt 3.641691 -0.440884
vt 3.678048 -0.440884
vt 3.641691 0.658901
vt 3.616501 0.658901
vt 3.739595 0.658901
vt 3.703238 0.658901
vt 3.678048 0.658901
vt 3.678048 0.684091
vt 3.641691 0.684091
vt -0.250110 1.929544
vt -0.255126 3.170654
vt -0.276788 3.170652
vt -0.271731 1.929521
vt -0.163685 1.929535
vt -0.168478 3.170661
vt -0.190141 3.170659
vt -0.185307 1.929515
vt -0.099647 1.908669
vt -0.120416 1.929500
vt -0.142078 1.929531
vt -0.162910 1.908762
vt -0.162962 1.873106
vt -0.142192 1.852275
vt -0.120530 1.852243
vt -0.099699 1.873013
vt -0.206914 1.929517
vt -0.211803 3.170657
vt -0.233465 3.170656
vt -0.228503 1.929545
vt -0.146817 3.170663
vt -0.298450 3.170650
vt -0.293338 1.929519
vt -0.125155 3.170664
vt -0.250039 4.411769
vt -0.271660 4.411789
vt -0.163614 4.411792
vt -0.185236 4.411808
vt -0.099577 4.432666
vt -0.099633 4.468321
vt -0.120466 4.489089
vt -0.142128 4.489055
vt -0.162896 4.468222
vt -0.162840 4.432567
vt -0.142007 4.411798
vt -0.120345 4.411833
vt -0.206843 4.411803
vt -0.228432 4.411772
vt -0.293267 4.411788
vt 0.013797 1.929516
vt 0.008892 3.170656
vt -0.012769 3.170654
vt -0.007792 1.929543
vt 0.100295 1.929500
vt 0.095541 3.170664
vt 0.073879 3.170662
vt 0.078633 1.929531
vt 0.035404 1.929514
vt 0.030554 3.170658
vt 0.100335 4.411833
vt 0.078673 4.411798
vt 0.013837 4.411801
vt -0.007753 4.411771
vt 0.035444 4.411807
vt -0.077755 3.170648
vt -0.072627 1.929516
vt -0.051020 1.929519
vt -0.056093 3.170650
vt 0.121065 1.908669
vt 0.057802 1.908761
vt 0.057750 1.873105
vt 0.078520 1.852275
vt 0.100183 1.852243
vt 0.121013 1.873013
vt -0.050981 4.411787
vt -0.072587 4.411785
vt -0.029359 4.411767
vt -0.034431 3.170652
vt 0.057065 4.411792
vt 0.052217 3.170660
vt 0.121102 4.432666
vt 0.121046 4.468321
vt 0.100213 4.489089
vt 0.078550 4.489055
vt 0.057783 4.468222
vt 0.057839 4.432566
vt 0.057026 1.929534
vt -0.029399 1.929543
vt -1.624771 -3.086707
vt -1.624771 -3.375019
vt -1.617629 -3.375019
vt -1.617629 -3.086707
vt -1.661355 -3.086707
vt -1.661355 -3.375019
vt -1.654213 -3.375019
vt -1.654213 -3.086707
vt -1.588187 -3.375019
vt -1.588187 -3.086707
vt 2.418319 -0.738019
vt 2.418316 -1.026331
vt 2.425458 -1.026331
vt 2.425462 -0.738019
vt 2.381735 -0.738019
vt 2.381732 -1.026330
vt 2.388875 -1.026330
vt 2.388878 -0.738019
vt 2.454900 -1.026331
vt 2.454903 -0.738019
vt -2.966530 3.021149
vt -2.966530 2.732837
vt -2.959388 2.732837
vt -2.959388 3.021149
vt -3.007176 3.021149
vt -3.007176 2.732837
vt -3.000034 2.732837
vt -3.000034 3.021149
vt -2.925885 2.732837
vt -2.925885 3.021149
vt -1.719762 -3.086707
vt -1.719762 -3.375019
vt -1.712619 -3.375019
vt -1.712620 -3.086707
vt -1.756345 -3.086707
vt -1.756345 -3.375019
vt -1.749203 -3.375019
vt -1.749203 -3.086707
vt -1.683178 -3.375019
vt -1.683178 -3.086707
vt 0.647506 -3.058661
vt 0.647507 -3.346973
vt 0.654649 -3.346973
vt 0.654649 -3.058661
vt 0.610923 -3.058661
vt 0.610923 -3.346973
vt 0.618065 -3.346973
vt 0.618065 -3.058661
vt 0.684091 -3.346973
vt 0.684090 -3.058661
vt -3.351534 3.161759
vt -3.351533 2.873447
vt -3.344391 2.873447
vt -3.344391 3.161759
vt -3.388118 3.161759
vt -3.388118 2.873447
vt -3.380975 2.873447
vt -3.380975 3.161759
vt -3.314950 2.873447
vt -3.314950 3.161759
vt -3.402636 -1.439588
vt -3.402636 -1.727899
vt -3.395494 -1.727899
vt -3.395494 -1.439588
vt -3.439220 -1.439588
vt -3.439220 -1.727899
vt -3.432077 -1.727899
vt -3.432077 -1.439588
vt -3.366053 -1.727899
vt -3.366053 -1.439588
vt -3.284682 4.481947
vt -3.284682 4.193634
vt -3.277540 4.193634
vt -3.277540 4.481947
vt -3.321266 4.481947
vt -3.321266 4.193634
vt -3.314124 4.193634
vt -3.314124 4.481947
vt -3.248098 4.193635
vt -3.248099 4.481947
vt -3.277540 4.186492
vt -3.248098 4.186492
vt -3.248099 4.489089
vt -3.277540 4.489089
vt -3.395494 -1.735042
vt -3.366053 -1.735042
vt -3.366053 -1.432446
vt -3.395494 -1.432446
vt -1.683177 -3.079565
vt -1.712619 -3.079565
vt 2.454903 -0.730877
vt 2.425462 -0.730876
vt -1.588188 -3.079565
vt -1.617629 -3.079565
vt -2.959388 2.725694
vt -2.925885 2.725694
vt 0.654649 -3.354116
vt 0.684091 -3.354115
vt -3.314950 3.168902
vt -3.344391 3.168902
vt -3.344391 2.866305
vt -3.314950 2.866304
vt -1.712618 -3.382162
vt -1.683177 -3.382162
vt 0.684090 -3.051519
vt 0.654649 -3.051519
vt -2.925885 3.028291
vt -2.959388 3.028291
vt 2.425458 -1.033473
vt 2.454899 -1.033474
vt -1.617629 -3.382162
vt -1.588188 -3.382162
vt -0.172162 -1.833315
vt -0.172163 -1.570462
vt -0.179306 -1.570462
vt -0.179305 -1.833315
vt -0.204888 -1.833315
vt -0.204888 -1.570462
vt -0.223328 -1.570462
vt -0.223329 -1.833315
vt -0.197746 -1.833315
vt -0.197745 -1.570462
vt -0.223329 -1.840457
vt -0.204888 -1.840457
vt -0.204888 -1.563320
vt -0.223328 -1.563320
vt -0.172162 -1.235391
vt -0.172163 -0.972537
vt -0.179306 -0.972538
vt -0.179305 -1.235391
vt -0.204888 -1.235391
vt -0.204888 -0.972538
vt -0.223329 -0.972538
vt -0.223329 -1.235391
vt -0.197746 -1.235391
vt -0.197746 -0.972538
vt -0.223328 -1.242533
vt -0.204888 -1.242533
vt -0.204888 -0.965395
vt -0.223329 -0.965395
vt 1.228743 2.400253
vt 1.228716 2.479644
vt 1.221573 2.479642
vt 1.221601 2.400251
vt 1.199346 2.400243
vt 1.199319 2.479634
vt 1.184206 2.479629
vt 1.184234 2.400238
vt 1.206488 2.400246
vt 1.206461 2.479637
vt 1.184237 2.393095
vt 1.199348 2.393101
vt 1.199316 2.486776
vt 1.184204 2.486772
vt -1.425501 -0.514744
vt -1.425501 -0.482224
vt -1.432643 -0.482224
vt -1.432643 -0.514744
vt -1.450522 -0.514744
vt -1.450522 -0.482224
vt -1.461259 -0.482224
vt -1.461259 -0.514744
vt -1.443380 -0.514744
vt -1.443380 -0.482224
vt -1.461259 -0.521886
vt -1.450522 -0.521887
vt -1.450522 -0.475082
vt -1.461259 -0.475082
vt -1.425501 -0.446117
vt -1.425501 -0.413598
vt -1.432643 -0.413598
vt -1.432643 -0.446117
vt -1.450522 -0.446117
vt -1.450522 -0.413598
vt -1.461259 -0.413598
vt -1.461259 -0.446117
vt -1.443380 -0.446117
vt -1.443380 -0.413598
vt -1.461259 -0.453259
vt -1.450522 -0.453259
vt -1.450522 -0.406455
vt -1.461259 -0.406455
vt 4.262524 -3.029377
vt 4.255382 -3.029376
vt 4.255382 -3.317689
vt 4.262524 -3.317689
vt 4.299108 -3.029376
vt 4.291965 -3.029376
vt 4.291965 -3.317689
vt 4.299108 -3.317689
vt 4.225940 -3.029376
vt 4.225941 -3.317689
vt 0.066617 -2.959531
vt 0.059474 -2.959531
vt 0.059474 -3.247844
vt 0.066617 -3.247844
vt 0.103200 -2.959531
vt 0.096058 -2.959531
vt 0.096058 -3.247844
vt 0.103200 -3.247844
vt 0.030032 -2.959531
vt 0.030032 -3.247844
vt 0.794542 -1.686241
vt 0.787400 -1.686241
vt 0.787396 -1.974553
vt 0.794539 -1.974553
vt 0.835188 -1.686241
vt 0.828045 -1.686241
vt 0.828043 -1.974553
vt 0.835185 -1.974553
vt 0.753896 -1.686240
vt 0.753893 -1.974552
vt 0.256598 -2.959531
vt 0.249455 -2.959531
vt 0.249455 -3.247844
vt 0.256598 -3.247844
vt 0.293182 -2.959531
vt 0.286039 -2.959531
vt 0.286039 -3.247844
vt 0.293182 -3.247844
vt 0.220014 -2.959531
vt 0.220015 -3.247844
vt -1.500672 -3.008065
vt -1.507814 -3.008065
vt -1.507814 -3.296377
vt -1.500672 -3.296377
vt -1.464087 -3.008065
vt -1.471230 -3.008065
vt -1.471230 -3.296377
vt -1.464087 -3.296377
vt -1.537256 -3.008065
vt -1.537256 -3.296377
vt 4.452504 -3.029377
vt 4.445362 -3.029376
vt 4.445362 -3.317689
vt 4.452505 -3.317689
vt 4.489088 -3.029377
vt 4.481946 -3.029376
vt 4.481946 -3.317689
vt 4.489088 -3.317689
vt 4.415920 -3.029376
vt 4.415921 -3.317689
vt -0.425067 -2.768558
vt -0.432209 -2.768560
vt -0.432110 -3.056872
vt -0.424967 -3.056870
vt -0.388484 -2.768546
vt -0.395626 -2.768548
vt -0.395526 -3.056859
vt -0.388384 -3.056858
vt -0.461651 -2.768570
vt -0.461551 -3.056882
vt -3.422848 -3.191301
vt -3.429991 -3.191301
vt -3.429990 -3.479614
vt -3.422848 -3.479614
vt -3.386265 -3.191301
vt -3.393407 -3.191301
vt -3.393407 -3.479614
vt -3.386265 -3.479614
vt -3.459433 -3.191301
vt -3.459432 -3.479614
vt -3.429990 -3.486756
vt -3.459433 -3.486756
vt -3.429990 -3.184160
vt -3.459432 -3.184160
vt -0.432108 -3.064014
vt -0.461549 -3.064025
vt -0.432212 -2.761418
vt -0.461653 -2.761428
vt 0.249455 -2.952388
vt 0.220014 -2.952388
vt 0.059474 -2.952388
vt 0.030032 -2.952388
vt 4.255382 -3.022234
vt 4.225940 -3.022234
vt 0.787396 -1.981695
vt 0.753893 -1.981695
vt -1.507814 -3.303519
vt -1.537256 -3.303520
vt 4.445362 -3.022234
vt 4.415920 -3.022234
vt 4.445362 -3.324831
vt 4.415921 -3.324831
vt 0.249456 -3.254986
vt 0.220015 -3.254986
vt -1.507814 -3.000922
vt -1.537255 -3.000922
vt 0.787400 -1.679099
vt 0.753896 -1.679098
vt 0.059474 -3.254987
vt 0.030032 -3.254987
vt 4.255382 -3.324831
vt 4.225940 -3.324831
vt 0.585938 -0.663250
vt 0.593081 -0.663250
vt 0.593082 -0.400394
vt 0.585939 -0.400394
vt 0.618663 -0.663250
vt 0.637104 -0.663250
vt 0.637104 -0.400394
vt 0.618664 -0.400394
vt 0.611521 -0.663250
vt 0.611522 -0.400394
vt 0.618663 -0.670393
vt 0.637104 -0.670393
vt 0.618664 -0.393252
vt 0.637104 -0.393252
vt -0.223329 -0.637468
vt -0.216186 -0.637468
vt -0.216184 -0.374613
vt -0.223326 -0.374613
vt -0.190603 -0.637468
vt -0.172162 -0.637468
vt -0.172161 -0.374613
vt -0.190602 -0.374613
vt -0.197746 -0.637468
vt -0.197744 -0.374613
vt -0.190603 -0.644611
vt -0.172163 -0.644611
vt -0.190602 -0.367470
vt -0.172161 -0.367470
vt 2.107580 -1.066327
vt 2.114722 -1.066327
vt 2.114722 -0.986936
vt 2.107580 -0.986936
vt 2.136977 -1.066327
vt 2.152089 -1.066327
vt 2.152089 -0.986936
vt 2.136977 -0.986936
vt 2.129834 -1.066327
vt 2.129834 -0.986936
vt 2.136977 -1.073469
vt 2.152089 -1.073469
vt 2.136977 -0.979794
vt 2.152089 -0.979794
vt 1.543709 -1.465163
vt 1.550851 -1.465163
vt 1.550851 -1.432643
vt 1.543709 -1.432643
vt 1.568730 -1.465163
vt 1.579467 -1.465163
vt 1.579467 -1.432643
vt 1.568730 -1.432643
vt 1.561588 -1.465163
vt 1.561588 -1.432643
vt 1.568730 -1.472305
vt 1.579467 -1.472305
vt 1.568730 -1.425501
vt 1.579467 -1.425501
vt 2.112877 2.415240
vt 2.120019 2.415240
vt 2.120019 2.447760
vt 2.112877 2.447760
vt 2.137898 2.415240
vt 2.148635 2.415240
vt 2.148635 2.447760
vt 2.137898 2.447760
vt 2.130756 2.415240
vt 2.130756 2.447760
vt 2.137898 2.408098
vt 2.148635 2.408098
vt 2.137898 2.454903
vt 2.148635 2.454903
vt -1.120709 -3.008065
vt -1.120709 -3.296377
vt -1.113566 -3.296377
vt -1.113566 -3.008065
vt -1.157293 -3.008065
vt -1.157293 -3.296377
vt -1.150151 -3.296377
vt -1.150151 -3.008065
vt -1.084125 -3.296377
vt -1.084126 -3.008065
vt -3.327858 -3.191302
vt -3.327859 -3.479613
vt -3.320716 -3.479613
vt -3.320716 -3.191302
vt -3.364442 -3.191302
vt -3.364443 -3.479613
vt -3.357301 -3.479613
vt -3.357300 -3.191302
vt -3.291275 -3.479613
vt -3.291275 -3.191302
vt 2.422357 -2.272245
vt 2.422358 -2.560556
vt 2.429500 -2.560555
vt 2.429500 -2.272245
vt 2.381711 -2.272245
vt 2.381712 -2.560557
vt 2.388855 -2.560557
vt 2.388854 -2.272244
vt 2.463004 -2.560555
vt 2.463003 -2.272244
vt 3.053752 -2.885109
vt 3.053750 -3.173421
vt 3.060893 -3.173421
vt 3.060894 -2.885109
vt 3.017168 -2.885109
vt 3.017166 -3.173421
vt 3.024309 -3.173421
vt 3.024310 -2.885109
vt 3.090334 -3.173421
vt 3.090336 -2.885109
vt 0.161607 -2.959531
vt 0.161608 -3.247844
vt 0.168750 -3.247844
vt 0.168750 -2.959531
vt 0.125024 -2.959531
vt 0.125023 -3.247844
vt 0.132166 -3.247844
vt 0.132166 -2.959531
vt 0.198192 -3.247844
vt 0.198191 -2.959531
vt -3.307646 -1.115168
vt -3.307646 -1.403480
vt -3.300503 -1.403480
vt -3.300504 -1.115168
vt -3.344231 -1.115168
vt -3.344231 -1.403480
vt -3.337088 -1.403480
vt -3.337088 -1.115168
vt -3.271062 -1.403480
vt -3.271062 -1.115168
vt -3.452505 1.098788
vt -3.452505 0.810476
vt -3.445363 0.810476
vt -3.445363 1.098788
vt -3.489089 1.098788
vt -3.489089 0.810476
vt -3.481947 0.810476
vt -3.481947 1.098788
vt -3.415922 0.810476
vt -3.415922 1.098788
vt -3.189692 4.481947
vt -3.189692 4.193634
vt -3.182549 4.193634
vt -3.182549 4.481947
vt -3.226275 4.481947
vt -3.226275 4.193634
vt -3.219133 4.193634
vt -3.219133 4.481947
vt -3.153108 4.193634
vt -3.153108 4.481947
vt -3.182549 4.186491
vt -3.153108 4.186492
vt -3.153108 4.489089
vt -3.182549 4.489089
vt -3.445363 0.803333
vt -3.415922 0.803333
vt -3.415922 1.105930
vt -3.445363 1.105930
vt 3.090336 -2.877967
vt 3.060894 -2.877967
vt -3.291275 -3.184160
vt -3.320716 -3.184160
vt -1.084126 -3.000922
vt -1.113566 -3.000922
vt 2.429500 -2.567698
vt 2.463004 -2.567698
vt 0.168750 -3.254987
vt 0.198192 -3.254987
vt -3.271062 -1.108026
vt -3.300504 -1.108026
vt -3.300503 -1.410623
vt -3.271062 -1.410623
vt 3.060893 -3.180564
vt 3.090334 -3.180564
vt 0.198191 -2.952388
vt 0.168750 -2.952388
vt 2.463003 -2.265102
vt 2.429500 -2.265102
vt -3.320716 -3.486756
vt -3.291275 -3.486756
vt -1.113566 -3.303520
vt -1.084125 -3.303520
vt -0.223327 -0.673575
vt -0.223329 -0.936430
vt -0.216186 -0.936430
vt -0.216185 -0.673575
vt -0.190602 -0.673576
vt -0.190603 -0.936430
vt -0.172163 -0.936430
vt -0.172162 -0.673576
vt -0.197745 -0.673575
vt -0.197746 -0.936430
vt -0.172162 -0.666433
vt -0.190602 -0.666433
vt -0.190603 -0.943573
vt -0.172163 -0.943573
vt -0.938639 -2.362179
vt -0.938639 -2.625034
vt -0.931497 -2.625034
vt -0.931497 -2.362179
vt -0.905914 -2.362179
vt -0.905914 -2.625034
vt -0.887474 -2.625034
vt -0.887474 -2.362179
vt -0.913057 -2.362179
vt -0.913056 -2.625034
vt -0.887474 -2.355037
vt -0.905914 -2.355037
vt -0.905914 -2.632176
vt -0.887474 -2.632176
vt 1.250565 2.479633
vt 1.250565 2.400243
vt 1.257708 2.400243
vt 1.257708 2.479633
vt 1.279963 2.479633
vt 1.279963 2.400243
vt 1.295074 2.400243
vt 1.295074 2.479633
vt 1.272820 2.479634
vt 1.272820 2.400243
vt 1.295074 2.486776
vt 1.279963 2.486776
vt 1.279963 2.393100
vt 1.295074 2.393100
vt 1.924826 2.985801
vt 1.924826 3.018321
vt 1.917683 3.018321
vt 1.917683 2.985802
vt 1.899804 2.985802
vt 1.899804 3.018322
vt 1.889068 3.018322
vt 1.889068 2.985802
vt 1.906947 2.985802
vt 1.906947 3.018321
vt 1.889068 2.978659
vt 1.899804 2.978659
vt 1.899804 3.025464
vt 1.889068 3.025464
vt 2.279780 2.394597
vt 2.279780 2.427116
vt 2.272637 2.427116
vt 2.272637 2.394597
vt 2.254758 2.394597
vt 2.254758 2.427116
vt 2.244022 2.427116
vt 2.244022 2.394597
vt 2.261901 2.394597
vt 2.261901 2.427116
vt 2.244022 2.387455
vt 2.254758 2.387455
vt 2.254758 2.434259
vt 2.244022 2.434259
vt 3.239531 -3.114292
vt 3.239531 -3.402604
vt 3.246674 -3.402604
vt 3.246674 -3.114292
vt 3.202947 -3.114292
vt 3.202947 -3.402604
vt 3.210090 -3.402604
vt 3.210090 -3.114292
vt 3.276115 -3.402604
vt 3.276115 -3.114292
vt 1.765964 -3.171567
vt 1.765965 -3.459879
vt 1.773107 -3.459880
vt 1.773107 -3.171568
vt 1.729380 -3.171567
vt 1.729380 -3.459879
vt 1.736523 -3.459880
vt 1.736523 -3.171567
vt 1.802548 -3.459879
vt 1.802548 -3.171567
vt 0.794542 -2.335079
vt 0.794542 -2.623391
vt 0.801684 -2.623391
vt 0.801684 -2.335079
vt 0.753896 -2.335079
vt 0.753896 -2.623391
vt 0.761039 -2.623391
vt 0.761038 -2.335079
vt 0.835188 -2.623391
vt 0.835188 -2.335079
vt -1.814752 -3.086707
vt -1.814752 -3.375019
vt -1.807609 -3.375019
vt -1.807609 -3.086707
vt -1.851336 -3.086707
vt -1.851336 -3.375019
vt -1.844193 -3.375019
vt -1.844193 -3.086707
vt -1.778168 -3.375019
vt -1.778168 -3.086707
vt 0.552516 -3.058661
vt 0.552516 -3.346973
vt 0.559659 -3.346973
vt 0.559659 -3.058661
vt 0.515933 -3.058661
vt 0.515933 -3.346973
vt 0.523075 -3.346973
vt 0.523075 -3.058661
vt 0.589100 -3.346973
vt 0.589100 -3.058661
vt -3.440200 2.681064
vt -3.440200 2.392752
vt -3.433058 2.392752
vt -3.433058 2.681065
vt -3.476784 2.681064
vt -3.476784 2.392752
vt -3.469642 2.392752
vt -3.469642 2.681065
vt -3.403617 2.392752
vt -3.403617 2.681065
vt -3.307646 -1.439588
vt -3.307646 -1.727899
vt -3.300503 -1.727899
vt -3.300504 -1.439588
vt -3.344230 -1.439588
vt -3.344231 -1.727899
vt -3.337088 -1.727900
vt -3.337088 -1.439588
vt -3.271062 -1.727899
vt -3.271062 -1.439588
vt 4.357514 -3.029376
vt 4.357514 -3.317689
vt 4.364656 -3.317689
vt 4.364656 -3.029376
vt 4.320930 -3.029376
vt 4.320930 -3.317689
vt 4.328073 -3.317689
vt 4.328073 -3.029376
vt 4.394098 -3.317689
vt 4.394097 -3.029377
vt 4.364656 -3.324831
vt 4.394098 -3.324831
vt 4.394097 -3.022234
vt 4.364656 -3.022234
vt -3.300503 -1.735042
vt -3.271062 -1.735042
vt -3.271062 -1.432446
vt -3.300504 -1.432446
vt -1.778168 -3.079565
vt -1.807609 -3.079565
vt 1.802548 -3.164425
vt 1.773107 -3.164425
vt 3.276115 -3.107149
vt 3.246674 -3.107149
vt 0.801684 -2.630534
vt 0.835188 -2.630534
vt 0.559659 -3.354116
vt 0.589100 -3.354116
vt -3.403617 2.688207
vt -3.433058 2.688207
vt -3.433058 2.385610
vt -3.403617 2.385610
vt -1.807609 -3.382162
vt -1.778168 -3.382162
vt 0.589100 -3.051519
vt 0.559659 -3.051519
vt 0.835188 -2.327937
vt 0.801684 -2.327937
vt 1.773107 -3.467022
vt 1.802548 -3.467021
vt 3.246674 -3.409746
vt 3.276115 -3.409746
vt -0.172163 -2.132277
vt -0.172163 -1.869422
vt -0.179306 -1.869422
vt -0.179305 -2.132278
vt -0.204888 -2.132277
vt -0.204888 -1.869422
vt -0.223329 -1.869422
vt -0.223328 -2.132277
vt -0.197746 -2.132278
vt -0.197746 -1.869422
vt -0.223328 -2.139420
vt -0.204888 -2.139420
vt -0.204888 -1.862279
vt -0.223329 -1.862279
vt -0.887473 -2.027109
vt -0.887473 -1.764253
vt -0.894616 -1.764253
vt -0.894616 -2.027109
vt -0.920198 -2.027109
vt -0.920199 -1.764253
vt -0.938639 -1.764253
vt -0.938639 -2.027109
vt -0.913056 -2.027109
vt -0.913056 -1.764253
vt -0.938639 -2.034251
vt -0.920198 -2.034251
vt -0.920199 -1.757111
vt -0.938639 -1.757111
vt 3.300858 3.688040
vt 3.300858 3.767431
vt 3.293715 3.767431
vt 3.293715 3.688040
vt 3.271461 3.688040
vt 3.271460 3.767431
vt 3.256349 3.767431
vt 3.256349 3.688040
vt 3.278603 3.688040
vt 3.278603 3.767431
vt 3.256349 3.680898
vt 3.271461 3.680898
vt 3.271461 3.774573
vt 3.256349 3.774573
vt -1.176328 0.406920
vt -1.176328 0.374400
vt -1.169186 0.374400
vt -1.169186 0.406920
vt -1.151307 0.406919
vt -1.151307 0.374400
vt -1.140570 0.374400
vt -1.140570 0.406920
vt -1.158449 0.406920
vt -1.158449 0.374400
vt -1.140570 0.414062
vt -1.151307 0.414062
vt -1.151307 0.367257
vt -1.140570 0.367257
vt 1.889068 2.743813
vt 1.889068 2.711293
vt 1.896210 2.711293
vt 1.896210 2.743813
vt 1.914089 2.743813
vt 1.914089 2.711293
vt 1.924826 2.711293
vt 1.924826 2.743813
vt 1.906947 2.743813
vt 1.906947 2.711293
vt 1.924826 2.750955
vt 1.914089 2.750956
vt 1.914089 2.704150
vt 1.924826 2.704150
vt -0.424968 -3.092990
vt -0.432111 -3.092990
vt -0.432111 -3.381302
vt -0.424968 -3.381302
vt -0.388384 -3.092990
vt -0.395527 -3.092990
vt -0.395527 -3.381302
vt -0.388384 -3.381302
vt -0.461552 -3.092990
vt -0.461552 -3.381302
vt -3.402636 -1.115168
vt -3.409778 -1.115168
vt -3.409778 -1.403480
vt -3.402636 -1.403480
vt -3.366053 -1.115168
vt -3.373195 -1.115168
vt -3.373195 -1.403480
vt -3.366053 -1.403480
vt -3.439220 -1.115168
vt -3.439220 -1.403480
vt 0.794542 -2.659499
vt 0.787400 -2.659499
vt 0.787400 -2.947811
vt 0.794542 -2.947811
vt 0.835188 -2.659499
vt 0.828046 -2.659499
vt 0.828045 -2.947811
vt 0.835188 -2.947811
vt 0.753896 -2.659499
vt 0.753896 -2.947811
vt 0.457526 -3.058661
vt 0.450384 -3.058661
vt 0.450384 -3.346974
vt 0.457526 -3.346974
vt 0.494110 -3.058661
vt 0.486968 -3.058661
vt 0.486968 -3.346974
vt 0.494110 -3.346974
vt 0.420942 -3.058661
vt 0.420942 -3.346974
vt 4.167534 -3.029376
vt 4.160391 -3.029376
vt 4.160391 -3.317689
vt 4.167534 -3.317689
vt 4.204118 -3.029376
vt 4.196975 -3.029376
vt 4.196975 -3.317689
vt 4.204118 -3.317689
vt 4.130949 -3.029377
vt 4.130950 -3.317689
vt -3.446524 3.161759
vt -3.453666 3.161760
vt -3.453666 2.873447
vt -3.446524 2.873447
vt -3.409940 3.161759
vt -3.417083 3.161759
vt -3.417083 2.873447
vt -3.409940 2.873447
vt -3.483108 3.161759
vt -3.483108 2.873447
vt 3.787572 -3.029376
vt 3.780430 -3.029376
vt 3.780430 -3.317689
vt 3.787572 -3.317689
vt 3.824156 -3.029377
vt 3.817014 -3.029376
vt 3.817014 -3.317689
vt 3.824156 -3.317689
vt 3.750988 -3.029376
vt 3.750989 -3.317689
vt -3.256544 3.161759
vt -3.263686 3.161759
vt -3.263685 2.873446
vt -3.256543 2.873447
vt -3.219959 3.161759
vt -3.227102 3.161759
vt -3.227102 2.873447
vt -3.219959 2.873446
vt -3.293128 3.161759
vt -3.293127 2.873446
vt -3.263686 2.866304
vt -3.293127 2.866304
vt -3.263686 3.168902
vt -3.293128 3.168902
vt 3.780430 -3.324831
vt 3.750989 -3.324831
vt 3.780430 -3.022234
vt 3.750988 -3.022234
vt 0.450384 -3.051519
vt 0.420942 -3.051519
vt -3.409778 -1.108026
vt -3.439220 -1.108026
vt -0.432110 -3.085847
vt -0.461552 -3.085847
vt 0.787400 -2.954953
vt 0.753896 -2.954953
vt 4.160391 -3.324831
vt 4.130950 -3.324831
vt -3.453666 3.168902
vt -3.483108 3.168901
vt -3.453666 2.866305
vt -3.483108 2.866304
vt 0.450384 -3.354116
vt 0.420942 -3.354116
vt 4.160391 -3.022234
vt 4.130949 -3.022234
vt 0.787400 -2.652357
vt 0.753896 -2.652357
vt -3.409778 -1.410622
vt -3.439220 -1.410623
vt -0.432110 -3.388444
vt -0.461552 -3.388445
vt -0.887474 -2.063216
vt -0.894616 -2.063216
vt -0.894616 -2.326072
vt -0.887474 -2.326072
vt -0.920199 -2.063216
vt -0.938639 -2.063216
vt -0.938639 -2.326072
vt -0.920199 -2.326072
vt -0.913056 -2.063216
vt -0.913056 -2.326072
vt -0.920199 -2.056074
vt -0.938639 -2.056074
vt -0.920199 -2.333214
vt -0.938639 -2.333214
vt 3.207910 -2.170308
vt 3.200768 -2.170308
vt 3.200768 -2.433163
vt 3.207910 -2.433163
vt 3.175185 -2.170308
vt 3.156744 -2.170308
vt 3.156744 -2.433163
vt 3.175184 -2.433163
vt 3.182327 -2.170308
vt 3.182327 -2.433163
vt 3.175185 -2.163166
vt 3.156744 -2.163166
vt 3.175184 -2.440305
vt 3.156744 -2.440305
vt 2.152089 -1.102435
vt 2.144947 -1.102435
vt 2.144947 -1.181825
vt 2.152089 -1.181825
vt 2.122692 -1.102435
vt 2.107580 -1.102435
vt 2.107580 -1.181825
vt 2.122692 -1.181825
vt 2.129834 -1.102435
vt 2.129834 -1.181825
vt 2.122692 -1.095292
vt 2.107580 -1.095292
vt 2.122692 -1.188968
vt 2.107580 -1.188968
vt 1.889068 2.779921
vt 1.896210 2.779920
vt 1.896210 2.812440
vt 1.889068 2.812440
vt 1.914089 2.779920
vt 1.924826 2.779921
vt 1.924826 2.812440
vt 1.914089 2.812440
vt 1.906947 2.779920
vt 1.906947 2.812440
vt 1.914089 2.772778
vt 1.924826 2.772778
vt 1.914089 2.819582
vt 1.924826 2.819582
vt 2.301603 2.394597
vt 2.308745 2.394597
vt 2.308745 2.427116
vt 2.301603 2.427116
vt 2.326624 2.394597
vt 2.337361 2.394597
vt 2.337361 2.427116
vt 2.326624 2.427116
vt 2.319482 2.394597
vt 2.319482 2.427116
vt 2.326624 2.387455
vt 2.337361 2.387455
vt 2.326624 2.434259
vt 2.337361 2.434259
vt 2.418319 -0.413600
vt 2.411177 -0.413600
vt 2.411153 -0.701912
vt 2.418295 -0.701912
vt 2.454903 -0.413604
vt 2.447761 -0.413603
vt 2.447736 -0.701915
vt 2.454879 -0.701915
vt 2.381736 -0.413598
vt 2.381711 -0.701910
vt -1.909741 -3.086707
vt -1.916883 -3.086707
vt -1.916883 -3.375019
vt -1.909741 -3.375019
vt -1.873158 -3.086707
vt -1.880301 -3.086707
vt -1.880301 -3.375019
vt -1.873158 -3.375019
vt -1.946325 -3.086707
vt -1.946325 -3.375019
vt 0.794541 -2.010660
vt 0.787398 -2.010660
vt 0.787400 -2.298972
vt 0.794542 -2.298972
vt 0.835186 -2.010659
vt 0.828044 -2.010660
vt 0.828046 -2.298972
vt 0.835188 -2.298972
vt 0.753895 -2.010660
vt 0.753896 -2.298972
vt -3.379673 4.481947
vt -3.386815 4.481947
vt -3.386815 4.193634
vt -3.379673 4.193634
vt -3.343089 4.481947
vt -3.350231 4.481947
vt -3.350231 4.193635
vt -3.343089 4.193635
vt -3.416256 4.481947
vt -3.416256 4.193634
vt -1.025718 -3.008065
vt -1.032861 -3.008065
vt -1.032861 -3.296377
vt -1.025718 -3.296377
vt -0.989134 -3.008065
vt -0.996277 -3.008065
vt -0.996277 -3.296377
vt -0.989134 -3.296377
vt -1.062302 -3.008065
vt -1.062302 -3.296377
vt 0.362536 -3.058661
vt 0.355393 -3.058661
vt 0.355393 -3.346974
vt 0.362536 -3.346974
vt 0.399120 -3.058661
vt 0.391977 -3.058661
vt 0.391977 -3.346974
vt 0.399120 -3.346973
vt 0.325952 -3.058661
vt 0.325952 -3.346974
vt -3.440200 2.356645
vt -3.447343 2.356645
vt -3.447343 2.068333
vt -3.440200 2.068333
vt -3.403617 2.356645
vt -3.410759 2.356645
vt -3.410759 2.068333
vt -3.403617 2.068333
vt -3.476784 2.356645
vt -3.476784 2.068333
vt 0.798604 -2.983918
vt 0.791461 -2.983918
vt 0.791461 -3.272231
vt 0.798604 -3.272231
vt 0.835188 -2.983918
vt 0.828045 -2.983918
vt 0.828045 -3.272231
vt 0.835188 -3.272231
vt 0.762020 -2.983918
vt 0.762020 -3.272231
vt 0.791461 -3.279373
vt 0.762020 -3.279373
vt 0.791461 -2.976776
vt 0.762020 -2.976776
vt -3.447343 2.061191
vt -3.476784 2.061191
vt -3.447343 2.363787
vt -3.476784 2.363787
vt -3.386815 4.489089
vt -3.416256 4.489089
vt -1.916884 -3.079565
vt -1.946326 -3.079565
vt 2.411177 -0.406457
vt 2.381736 -0.406455
vt 0.787400 -2.306114
vt 0.753896 -2.306114
vt -1.032861 -3.303520
vt -1.062302 -3.303520
vt 0.355393 -3.051519
vt 0.325952 -3.051519
vt 0.355393 -3.354116
vt 0.325953 -3.354116
vt -3.386815 4.186492
vt -3.416256 4.186492
vt -1.032861 -3.000922
vt -1.062302 -3.000922
vt 0.787398 -2.003518
vt 0.753895 -2.003518
vt -1.916884 -3.382162
vt -1.946326 -3.382162
vt 2.411152 -0.709054
vt 2.381711 -0.709052
vt 0.586025 -0.065328
vt 0.593168 -0.065325
vt 0.593080 0.197532
vt 0.585938 0.197530
vt 0.618752 -0.065317
vt 0.637192 -0.065310
vt 0.637102 0.197547
vt 0.618661 0.197541
vt 0.611609 -0.065319
vt 0.611519 0.197539
vt 0.618754 -0.072459
vt 0.637195 -0.072453
vt 0.618659 0.204684
vt 0.637099 0.204690
vt 0.586025 -0.364298
vt 0.593168 -0.364295
vt 0.593080 -0.101439
vt 0.585938 -0.101441
vt 0.618751 -0.364287
vt 0.637191 -0.364281
vt 0.637103 -0.101424
vt 0.618662 -0.101430
vt 0.611608 -0.364289
vt 0.611520 -0.101433
vt 0.618753 -0.371429
vt 0.637194 -0.371423
vt 0.618659 -0.094288
vt 0.637100 -0.094281
vt 1.316897 2.400243
vt 1.324040 2.400243
vt 1.324040 2.479634
vt 1.316897 2.479634
vt 1.346294 2.400243
vt 1.361406 2.400243
vt 1.361406 2.479634
vt 1.346294 2.479634
vt 1.339152 2.400243
vt 1.339152 2.479634
vt 1.346294 2.393100
vt 1.361406 2.393100
vt 1.346294 2.486776
vt 1.361406 2.486776
vt 2.091054 2.447760
vt 2.083912 2.447760
vt 2.083912 2.415240
vt 2.091054 2.415240
vt 2.066033 2.447760
vt 2.055296 2.447760
vt 2.055296 2.415240
vt 2.066033 2.415240
vt 2.073175 2.447760
vt 2.073175 2.415240
vt 2.066033 2.454903
vt 2.055296 2.454903
vt 2.066033 2.408098
vt 2.055296 2.408098
vt 1.924826 2.881067
vt 1.917683 2.881067
vt 1.917683 2.848547
vt 1.924826 2.848547
vt 1.899804 2.881067
vt 1.889068 2.881067
vt 1.889068 2.848547
vt 1.899804 2.848547
vt 1.906947 2.881067
vt 1.906947 2.848547
vt 1.899804 2.888210
vt 1.889068 2.888210
vt 1.899804 2.841405
vt 1.889068 2.841405
vt -1.310690 -3.008065
vt -1.310690 -3.296377
vt -1.303548 -3.296377
vt -1.303548 -3.008065
vt -1.347274 -3.008065
vt -1.347274 -3.296377
vt -1.340132 -3.296377
vt -1.340132 -3.008065
vt -1.274107 -3.296377
vt -1.274107 -3.008065
vt 3.882563 -3.029376
vt 3.882563 -3.317689
vt 3.889705 -3.317689
vt 3.889706 -3.029376
vt 3.845979 -3.029376
vt 3.845979 -3.317689
vt 3.853121 -3.317689
vt 3.853122 -3.029376
vt 3.919147 -3.317689
vt 3.919147 -3.029376
vt -2.267842 1.501220
vt -2.267842 1.212908
vt -2.260699 1.212908
vt -2.260699 1.501220
vt -2.308488 1.501220
vt -2.308487 1.212908
vt -2.301345 1.212908
vt -2.301346 1.501220
vt -2.227196 1.212908
vt -2.227196 1.501220
vt 4.072543 -3.029376
vt 4.072543 -3.317689
vt 4.079685 -3.317689
vt 4.079685 -3.029376
vt 4.035959 -3.029376
vt 4.035959 -3.317689
vt 4.043101 -3.317689
vt 4.043101 -3.029376
vt 4.109127 -3.317688
vt 4.109126 -3.029377
vt -1.405681 -3.008065
vt -1.405681 -3.296377
vt -1.398538 -3.296377
vt -1.398538 -3.008065
vt -1.442265 -3.008065
vt -1.442265 -3.296377
vt -1.435123 -3.296377
vt -1.435122 -3.008065
vt -1.369097 -3.296377
vt -1.369097 -3.008065
vt 3.977552 -3.029376
vt 3.977552 -3.317689
vt 3.984695 -3.317689
vt 3.984695 -3.029376
vt 3.940969 -3.029376
vt 3.940969 -3.317689
vt 3.948112 -3.317689
vt 3.948112 -3.029376
vt 4.014136 -3.317688
vt 4.014136 -3.029376
vt 1.765964 -2.847147
vt 1.765963 -3.135460
vt 1.773106 -3.135460
vt 1.773107 -2.847147
vt 1.729380 -2.847146
vt 1.729379 -3.135460
vt 1.736521 -3.135460
vt 1.736523 -2.847147
vt 1.802547 -3.135460
vt 1.802548 -2.847147
vt -1.215699 -3.008065
vt -1.215700 -3.296377
vt -1.208557 -3.296377
vt -1.208557 -3.008065
vt -1.252283 -3.008065
vt -1.252284 -3.296377
vt -1.245141 -3.296377
vt -1.245141 -3.008065
vt -1.179116 -3.296377
vt -1.179116 -3.008065
vt -1.208557 -3.303520
vt -1.179116 -3.303520
vt -1.179116 -3.000922
vt -1.208557 -3.000922
vt 1.773106 -3.142602
vt 1.802547 -3.142602
vt 1.802548 -2.840005
vt 1.773107 -2.840005
vt 4.109126 -3.022234
vt 4.079685 -3.022234
vt 3.919147 -3.022234
vt 3.889706 -3.022234
vt -1.274107 -3.000922
vt -1.303548 -3.000922
vt -2.260699 1.205765
vt -2.227196 1.205765
vt -1.398539 -3.303520
vt -1.369097 -3.303520
vt 4.014136 -3.022234
vt 3.984694 -3.022234
vt 3.984695 -3.324831
vt 4.014136 -3.324831
vt 4.079685 -3.324831
vt 4.109127 -3.324831
vt -1.369097 -3.000922
vt -1.398538 -3.000922
vt -2.227196 1.508363
vt -2.260699 1.508363
vt 3.889705 -3.324831
vt 3.919147 -3.324831
vt -1.303548 -3.303520
vt -1.274107 -3.303520
vt -0.223328 -1.271498
vt -0.223329 -1.534355
vt -0.216186 -1.534354
vt -0.216186 -1.271498
vt -0.190603 -1.271498
vt -0.190603 -1.534355
vt -0.172163 -1.534355
vt -0.172163 -1.271498
vt -0.197745 -1.271498
vt -0.197746 -1.534354
vt -0.172163 -1.264356
vt -0.190603 -1.264356
vt -0.190603 -1.541497
vt -0.172163 -1.541497
vt 0.585938 -0.699358
vt 0.585938 -0.962214
vt 0.593081 -0.962214
vt 0.593081 -0.699358
vt 0.618663 -0.699358
vt 0.618663 -0.962214
vt 0.637104 -0.962214
vt 0.637104 -0.699358
vt 0.611521 -0.699358
vt 0.611521 -0.962214
vt 0.637104 -0.692215
vt 0.618663 -0.692215
vt 0.618663 -0.969356
vt 0.637104 -0.969356
vt 3.322680 3.767431
vt 3.322680 3.688041
vt 3.329822 3.688040
vt 3.329822 3.767431
vt 3.352077 3.767431
vt 3.352077 3.688041
vt 3.367188 3.688040
vt 3.367188 3.767431
vt 3.344934 3.767431
vt 3.344934 3.688040
vt 3.367188 3.774573
vt 3.352077 3.774573
vt 3.352076 3.680898
vt 3.367188 3.680898
vt 2.434259 -1.215057
vt 2.434259 -1.182538
vt 2.427116 -1.182537
vt 2.427116 -1.215057
vt 2.409237 -1.215057
vt 2.409237 -1.182538
vt 2.398500 -1.182538
vt 2.398500 -1.215057
vt 2.416379 -1.215057
vt 2.416379 -1.182537
vt 2.398500 -1.222200
vt 2.409237 -1.222200
vt 2.409237 -1.175395
vt 2.398500 -1.175395
vt 1.889068 2.949694
vt 1.889068 2.917174
vt 1.896211 2.917174
vt 1.896210 2.949694
vt 1.914090 2.949694
vt 1.914090 2.917174
vt 1.924826 2.917174
vt 1.924826 2.949694
vt 1.906947 2.949694
vt 1.906947 2.917174
vt 1.924826 2.956837
vt 1.914090 2.956837
vt 1.914090 2.910032
vt 1.924826 2.910032
vt 1.315297 2.508599
vt 1.316504 2.679838
vt 1.287919 2.680039
vt 1.286712 2.508801
vt 1.391634 2.679838
vt 1.391633 4.317649
vt 1.316504 4.317649
vt 1.212789 2.680039
vt 1.212789 4.317851
vt 1.184205 4.318052
vt 1.184204 2.680241
vt 1.287919 4.317851
vt 1.317710 4.488888
vt 1.289125 4.489089
vt 1.766438 -1.474541
vt 1.767368 -1.342009
vt 1.739342 -1.341812
vt 1.738411 -1.474345
vt 1.825788 -1.342008
vt 1.825772 0.263783
vt 1.767354 0.263783
vt 1.680922 -1.341812
vt 1.680910 0.263979
vt 1.652884 0.264176
vt 1.652896 -1.341615
vt 1.739328 0.263979
vt 1.768285 0.396315
vt 1.740259 0.396513
vt -0.362728 -1.413947
vt -0.362684 -1.293831
vt -0.376757 -1.293826
vt -0.376801 -1.413942
vt -0.245151 -1.293831
vt -0.245151 -0.487590
vt -0.362684 -0.487590
vt -0.494290 -1.293826
vt -0.494290 -0.487585
vt -0.508363 -0.487580
vt -0.508363 -1.293820
vt -0.376757 -0.487585
vt -0.362640 -0.367476
vt -0.376712 -0.367470
vt 1.550302 2.671980
vt 1.551433 2.844959
vt 1.525759 2.845127
vt 1.524629 2.672148
vt 1.638062 2.844959
vt 1.638062 4.315943
vt 1.551432 4.315943
vt 1.439129 2.845127
vt 1.439129 4.316111
vt 1.413455 4.316278
vt 1.413456 2.845294
vt 1.525759 4.316111
vt 1.552563 4.488921
vt 1.526890 4.489089
vt 3.116817 3.669499
vt 3.116818 3.787186
vt 3.103029 3.787186
vt 3.103029 3.669499
vt 3.234525 3.787185
vt 3.234526 4.371383
vt 3.116819 4.371383
vt 2.985323 3.787185
vt 2.985322 4.371383
vt 2.971532 4.371383
vt 2.971535 3.787185
vt 3.103028 4.371383
vt 3.116818 4.489089
vt 3.103028 4.489089
vt -1.919717 -1.783433
vt -1.919718 -1.665716
vt -1.933510 -1.665716
vt -1.933509 -1.783433
vt -1.802012 -1.665716
vt -1.802015 -1.053746
vt -1.919720 -1.053747
vt -2.051215 -1.665717
vt -2.051216 -1.053748
vt -2.065007 -1.053748
vt -2.065007 -1.665717
vt -1.933511 -1.053747
vt -1.919720 -0.936042
vt -1.933511 -0.936042
vt -0.650297 -1.818614
vt -0.649734 -1.711682
vt -0.670567 -1.711573
vt -0.671130 -1.818504
vt -0.582533 -1.711681
vt -0.582548 -0.518024
vt -0.649748 -0.518025
vt -0.737767 -1.711573
vt -0.737781 -0.517917
vt -0.758614 -0.517807
vt -0.758600 -1.711463
vt -0.670581 -0.517916
vt -0.649184 -0.411095
vt -0.670017 -0.410985
vt -1.354155 -0.717145
vt -1.353156 -0.564231
vt -1.378682 -0.564065
vt -1.379681 -0.716979
vt -1.276574 -0.564231
vt -1.276579 0.898305
vt -1.353161 0.898304
vt -1.455264 -0.564065
vt -1.455268 0.898471
vt -1.480794 0.898638
vt -1.480790 -0.563898
vt -1.378687 0.898471
vt -1.352162 1.051219
vt -1.377687 1.051385
vt 3.530797 -0.443282
vt 3.531051 -0.363417
vt 3.514163 -0.363364
vt 3.513909 -0.443229
vt 3.594678 -0.363417
vt 3.594677 0.604172
vt 3.531051 0.604172
vt 3.450537 -0.363364
vt 3.450536 0.604226
vt 3.433648 0.604280
vt 3.433648 -0.363310
vt 3.514162 0.604226
vt 3.531305 0.684037
vt 3.514417 0.684091
vt 2.473847 2.618035
vt 2.474779 2.750568
vt 2.446753 2.750765
vt 2.445821 2.618232
vt 2.533198 2.750568
vt 2.533195 4.356359
vt 2.474776 4.356359
vt 2.388332 2.750765
vt 2.388332 4.356556
vt 2.360307 4.356753
vt 2.360307 2.750962
vt 2.446751 4.356556
vt 2.475708 4.488892
vt 2.447682 4.489089
vt 3.830500 3.809997
vt 3.830499 3.880786
vt 3.816707 3.880786
vt 3.816707 3.809997
vt 3.901281 3.880786
vt 3.901280 4.418307
vt 3.830498 4.418307
vt 3.745925 3.880786
vt 3.745926 4.418307
vt 3.732135 4.418307
vt 3.732133 3.880786
vt 3.816708 4.418307
vt 3.830498 4.489089
vt 3.816708 4.489089
vt 3.731239 -1.709373
vt 3.731239 -1.641358
vt 3.717452 -1.641359
vt 3.717452 -1.709373
vt 3.799265 -1.641359
vt 3.799266 -1.057159
vt 3.731241 -1.057159
vt 3.649426 -1.641358
vt 3.649425 -1.057159
vt 3.635634 -1.057159
vt 3.635638 -1.641359
vt 3.717450 -1.057159
vt 3.731240 -0.989134
vt 3.717450 -0.989134
vt 2.075991 2.720558
vt 2.076990 2.873472
vt 2.051465 2.873639
vt 2.050465 2.720725
vt 2.153573 2.873472
vt 2.153572 4.336008
vt 2.076990 4.336008
vt 1.974883 2.873639
vt 1.974883 4.336175
vt 1.949357 4.336342
vt 1.949357 2.873806
vt 2.051464 4.336175
vt 2.077991 4.488922
vt 2.052464 4.489089
vt 1.315297 2.508599
vt 1.316504 2.679838
vt 1.287919 2.680039
vt 1.286712 2.508801
vt 1.391634 2.679838
vt 1.391633 4.317649
vt 1.316504 4.317649
vt 1.212789 2.680039
vt 1.212789 4.317851
vt 1.184205 4.318052
vt 1.184204 2.680241
vt 1.287919 4.317851
vt 1.317710 4.488888
vt 1.289125 4.489089
vt 1.766438 -1.474541
vt 1.767368 -1.342009
vt 1.739342 -1.341812
vt 1.738411 -1.474345
vt 1.825788 -1.342008
vt 1.825772 0.263783
vt 1.767354 0.263783
vt 1.680922 -1.341812
vt 1.680910 0.263979
vt 1.652884 0.264176
vt 1.652896 -1.341615
vt 1.739328 0.263979
vt 1.768285 0.396315
vt 1.740259 0.396513
vt -0.362728 -1.413947
vt -0.362684 -1.293831
vt -0.376757 -1.293826
vt -0.376801 -1.413942
vt -0.245151 -1.293831
vt -0.245151 -0.487590
vt -0.362684 -0.487590
vt -0.494290 -1.293826
vt -0.494290 -0.487585
vt -0.508363 -0.487580
vt -0.508363 -1.293820
vt -0.376757 -0.487585
vt -0.362640 -0.367476
vt -0.376712 -0.367470
vt 1.550302 2.671980
vt 1.551433 2.844959
vt 1.525759 2.845127
vt 1.524629 2.672148
vt 1.638062 2.844959
vt 1.638062 4.315943
vt 1.551432 4.315943
vt 1.439129 2.845127
vt 1.439129 4.316111
vt 1.413455 4.316278
vt 1.413456 2.845294
vt 1.525759 4.316111
vt 1.552563 4.488921
vt 1.526890 4.489089
vt 3.116817 3.669499
vt 3.116818 3.787186
vt 3.103029 3.787186
vt 3.103029 3.669499
vt 3.234525 3.787185
vt 3.234526 4.371383
vt 3.116819 4.371383
vt 2.985323 3.787185
vt 2.985322 4.371383
vt 2.971532 4.371383
vt 2.971535 3.787185
vt 3.103028 4.371383
vt 3.116818 4.489089
vt 3.103028 4.489089
vt -1.919717 -1.783433
vt -1.919718 -1.665716
vt -1.933510 -1.665716
vt -1.933509 -1.783433
vt -1.802012 -1.665716
vt -1.802015 -1.053746
vt -1.919720 -1.053747
vt -2.051215 -1.665717
vt -2.051216 -1.053748
vt -2.065007 -1.053748
vt -2.065007 -1.665717
vt -1.933511 -1.053747
vt -1.919720 -0.936042
vt -1.933511 -0.936042
vt -0.650297 -1.818614
vt -0.649734 -1.711682
vt -0.670567 -1.711573
vt -0.671130 -1.818504
vt -0.582533 -1.711681
vt -0.582548 -0.518024
vt -0.649748 -0.518025
vt -0.737767 -1.711573
vt -0.737781 -0.517917
vt -0.758614 -0.517807
vt -0.758600 -1.711463
vt -0.670581 -0.517916
vt -0.649184 -0.411095
vt -0.670017 -0.410985
vt -1.354155 -0.717145
vt -1.353156 -0.564231
vt -1.378682 -0.564065
vt -1.379681 -0.716979
vt -1.276574 -0.564231
vt -1.276579 0.898305
vt -1.353161 0.898304
vt -1.455264 -0.564065
vt -1.455268 0.898471
vt -1.480794 0.898638
vt -1.480790 -0.563898
vt -1.378687 0.898471
vt -1.352162 1.051219
vt -1.377687 1.051385
vt 3.530797 -0.443282
vt 3.531051 -0.363417
vt 3.514163 -0.363364
vt 3.513909 -0.443229
vt 3.594678 -0.363417
vt 3.594677 0.604172
vt 3.531051 0.604172
vt 3.450537 -0.363364
vt 3.450536 0.604226
vt 3.433648 0.604280
vt 3.433648 -0.363310
vt 3.514162 0.604226
vt 3.531305 0.684037
vt 3.514417 0.684091
vt 2.473847 2.618035
vt 2.474779 2.750568
vt 2.446753 2.750765
vt 2.445821 2.618232
vt 2.533198 2.750568
vt 2.533195 4.356359
vt 2.474776 4.356359
vt 2.388332 2.750765
vt 2.388332 4.356556
vt 2.360307 4.356753
vt 2.360307 2.750962
vt 2.446751 4.356556
vt 2.475708 4.488892
vt 2.447682 4.489089
vt 3.830500 3.809997
vt 3.830499 3.880786
vt 3.816707 3.880786
vt 3.816707 3.809997
vt 3.901281 3.880786
vt 3.901280 4.418307
vt 3.830498 4.418307
vt 3.745925 3.880786
vt 3.745926 4.418307
vt 3.732135 4.418307
vt 3.732133 3.880786
vt 3.816708 4.418307
vt 3.830498 4.489089
vt 3.816708 4.489089
vt 3.731239 -1.709373
vt 3.731239 -1.641358
vt 3.717452 -1.641359
vt 3.717452 -1.709373
vt 3.799265 -1.641359
vt 3.799266 -1.057159
vt 3.731241 -1.057159
vt 3.649426 -1.641358
vt 3.649425 -1.057159
vt 3.635634 -1.057159
vt 3.635638 -1.641359
vt 3.717450 -1.057159
vt 3.731240 -0.989134
vt 3.717450 -0.989134
vt 2.075991 2.720558
vt 2.076990 2.873472
vt 2.051465 2.873639
vt 2.050465 2.720725
vt 2.153573 2.873472
vt 2.153572 4.336008
vt 2.076990 4.336008
vt 1.974883 2.873639
vt 1.974883 4.336175
vt 1.949357 4.336342
vt 1.949357 2.873806
vt 2.051464 4.336175
vt 2.077991 4.488922
vt 2.052464 4.489089
vt -2.932032 3.881363
vt -2.932033 3.241389
vt -2.889210 3.241389
vt -2.889210 3.881363
vt -3.051045 3.881363
vt -3.051044 3.241389
vt -3.012950 3.241389
vt -3.012950 3.881363
vt -2.970128 3.241389
vt -2.970128 3.881363
vt -3.012950 3.919457
vt -2.970128 3.919457
vt -3.012950 3.203294
vt -2.970128 3.203294
vt -2.932032 3.881363
vt -2.932033 3.241389
vt -2.889210 3.241389
vt -2.889210 3.881363
vt -3.051045 3.881363
vt -3.051044 3.241389
vt -3.012950 3.241389
vt -3.012950 3.881363
vt -2.970128 3.241389
vt -2.970128 3.881363
vt -3.012950 3.919457
vt -2.970128 3.919457
vt -3.012950 3.203294
vt -2.970128 3.203294
vt -2.709688 2.650113
vt -2.709688 2.010138
vt -2.666865 2.010138
vt -2.666864 2.650112
vt -2.828700 2.650112
vt -2.828700 2.010138
vt -2.790606 2.010138
vt -2.790605 2.650112
vt -2.747782 2.010138
vt -2.747782 2.650113
vt -2.790605 2.688207
vt -2.747782 2.688207
vt -2.790606 1.972044
vt -2.747782 1.972044
vt -1.057731 0.849083
vt -1.150739 0.849084
vt -1.150741 -0.540886
vt -1.057733 -0.540886
vt -0.799248 0.849083
vt -0.881986 0.849083
vt -0.881986 -0.540886
vt -0.799248 -0.540886
vt -0.974995 0.849083
vt -0.974995 -0.540886
vt -0.881986 0.931820
vt -0.974995 0.931821
vt -0.974995 -0.623623
vt -0.881986 -0.623623
vt -2.709688 2.650113
vt -2.709688 2.010138
vt -2.666865 2.010138
vt -2.666864 2.650112
vt -2.828700 2.650112
vt -2.828700 2.010138
vt -2.790606 2.010138
vt -2.790605 2.650112
vt -2.747782 2.010138
vt -2.747782 2.650113
vt -2.790605 2.688207
vt -2.747782 2.688207
vt -2.790606 1.972044
vt -2.747782 1.972044
vt -2.709688 2.650113
vt -2.709688 2.010138
vt -2.666865 2.010138
vt -2.666864 2.650112
vt -2.828700 2.650112
vt -2.828700 2.010138
vt -2.790606 2.010138
vt -2.790605 2.650112
vt -2.747782 2.010138
vt -2.747782 2.650113
vt -2.790605 2.688207
vt -2.747782 2.688207
vt -2.790606 1.972044
vt -2.747782 1.972044
vt 0.983313 -1.491187
vt 0.984168 -1.360762
vt 0.958757 -1.360595
vt 0.957902 -1.491020
vt 1.049200 -1.360762
vt 1.049202 0.095189
vt 0.984169 0.095189
vt 0.893725 -1.360594
vt 0.893725 0.095356
vt 0.868314 0.095522
vt 0.868314 -1.360428
vt 0.958758 0.095356
vt 0.985025 0.225614
vt 0.959614 0.225780
vt 1.315297 2.508599
vt 1.316504 2.679838
vt 1.287919 2.680039
vt 1.286712 2.508801
vt 1.391634 2.679838
vt 1.391633 4.317649
vt 1.316504 4.317649
vt 1.212789 2.680039
vt 1.212789 4.317851
vt 1.184205 4.318052
vt 1.184204 2.680241
vt 1.287919 4.317851
vt 1.317710 4.488888
vt 1.289125 4.489089
vt 1.550302 2.671980
vt 1.551433 2.844959
vt 1.525759 2.845127
vt 1.524629 2.672148
vt 1.638062 2.844959
vt 1.638062 4.315943
vt 1.551432 4.315943
vt 1.439129 2.845127
vt 1.439129 4.316111
vt 1.413455 4.316278
vt 1.413456 2.845294
vt 1.525759 4.316111
vt 1.552563 4.488921
vt 1.526890 4.489089
vt -0.650297 -1.818614
vt -0.649734 -1.711682
vt -0.670567 -1.711573
vt -0.671130 -1.818504
vt -0.582533 -1.711681
vt -0.582548 -0.518024
vt -0.649748 -0.518025
vt -0.737767 -1.711573
vt -0.737781 -0.517917
vt -0.758614 -0.517807
vt -0.758600 -1.711463
vt -0.670581 -0.517916
vt -0.649184 -0.411095
vt -0.670017 -0.410985
vt -1.354155 -0.717145
vt -1.353156 -0.564231
vt -1.378682 -0.564065
vt -1.379681 -0.716979
vt -1.276574 -0.564231
vt -1.276579 0.898305
vt -1.353161 0.898304
vt -1.455264 -0.564065
vt -1.455268 0.898471
vt -1.480794 0.898638
vt -1.480790 -0.563898
vt -1.378687 0.898471
vt -1.352162 1.051219
vt -1.377687 1.051385
vt 3.530797 -0.443282
vt 3.531051 -0.363417
vt 3.514163 -0.363364
vt 3.513909 -0.443229
vt 3.594678 -0.363417
vt 3.594677 0.604172
vt 3.531051 0.604172
vt 3.450537 -0.363364
vt 3.450536 0.604226
vt 3.433648 0.604280
vt 3.433648 -0.363310
vt 3.514162 0.604226
vt 3.531305 0.684037
vt 3.514417 0.684091
vt 3.830500 3.809997
vt 3.830499 3.880786
vt 3.816707 3.880786
vt 3.816707 3.809997
vt 3.901281 3.880786
vt 3.901280 4.418307
vt 3.830498 4.418307
vt 3.745925 3.880786
vt 3.745926 4.418307
vt 3.732135 4.418307
vt 3.732133 3.880786
vt 3.816708 4.418307
vt 3.830498 4.489089
vt 3.816708 4.489089
vt 3.731239 -1.709373
vt 3.731239 -1.641358
vt 3.717452 -1.641359
vt 3.717452 -1.709373
vt 3.799265 -1.641359
vt 3.799266 -1.057159
vt 3.731241 -1.057159
vt 3.649426 -1.641358
vt 3.649425 -1.057159
vt 3.635634 -1.057159
vt 3.635638 -1.641359
vt 3.717450 -1.057159
vt 3.731240 -0.989134
vt 3.717450 -0.989134
vt -0.650297 -1.818614
vt -0.649734 -1.711682
vt -0.670567 -1.711573
vt -0.671130 -1.818504
vt -0.582533 -1.711681
vt -0.582548 -0.518024
vt -0.649748 -0.518025
vt -0.737767 -1.711573
vt -0.737781 -0.517917
vt -0.758614 -0.517807
vt -0.758600 -1.711463
vt -0.670581 -0.517916
vt -0.649184 -0.411095
vt -0.670017 -0.410985
vt 3.830500 3.809997
vt 3.830499 3.880786
vt 3.816707 3.880786
vt 3.816707 3.809997
vt 3.901281 3.880786
vt 3.901280 4.418307
vt 3.830498 4.418307
vt 3.745925 3.880786
vt 3.745926 4.418307
vt 3.732135 4.418307
vt 3.732133 3.880786
vt 3.816708 4.418307
vt 3.830498 4.489089
vt 3.816708 4.489089
vt 0.983313 -1.491187
vt 0.984168 -1.360762
vt 0.958757 -1.360595
vt 0.957902 -1.491020
vt 1.049200 -1.360762
vt 1.049202 0.095189
vt 0.984169 0.095189
vt 0.893725 -1.360594
vt 0.893725 0.095356
vt 0.868314 0.095522
vt 0.868314 -1.360428
vt 0.958758 0.095356
vt 0.985025 0.225614
vt 0.959614 0.225780
vt 1.315297 2.508599
vt 1.316504 2.679838
vt 1.287919 2.680039
vt 1.286712 2.508801
vt 1.391634 2.679838
vt 1.391633 4.317649
vt 1.316504 4.317649
vt 1.212789 2.680039
vt 1.212789 4.317851
vt 1.184205 4.318052
vt 1.184204 2.680241
vt 1.287919 4.317851
vt 1.317710 4.488888
vt 1.289125 4.489089
vt 1.550302 2.671980
vt 1.551433 2.844959
vt 1.525759 2.845127
vt 1.524629 2.672148
vt 1.638062 2.844959
vt 1.638062 4.315943
vt 1.551432 4.315943
vt 1.439129 2.845127
vt 1.439129 4.316111
vt 1.413455 4.316278
vt 1.413456 2.845294
vt 1.525759 4.316111
vt 1.552563 4.488921
vt 1.526890 4.489089
vt -0.650297 -1.818614
vt -0.649734 -1.711682
vt -0.670567 -1.711573
vt -0.671130 -1.818504
vt -0.582533 -1.711681
vt -0.582548 -0.518024
vt -0.649748 -0.518025
vt -0.737767 -1.711573
vt -0.737781 -0.517917
vt -0.758614 -0.517807
vt -0.758600 -1.711463
vt -0.670581 -0.517916
vt -0.649184 -0.411095
vt -0.670017 -0.410985
vt 3.830500 3.809997
vt 3.830499 3.880786
vt 3.816707 3.880786
vt 3.816707 3.809997
vt 3.901281 3.880786
vt 3.901280 4.418307
vt 3.830498 4.418307
vt 3.745925 3.880786
vt 3.745926 4.418307
vt 3.732135 4.418307
vt 3.732133 3.880786
vt 3.816708 4.418307
vt 3.830498 4.489089
vt 3.816708 4.489089
vt 0.399269 -1.499714
vt 0.445775 -1.397872
vt 0.350278 -1.354542
vt 0.305069 -1.464774
vt -0.123894 -1.499714
vt -0.029708 -1.464722
vt -0.074977 -1.354509
vt -0.170456 -1.397891
vt 0.336367 0.292682
vt 0.231337 2.345710
vt 0.138625 2.296205
vt 0.248946 0.240732
vt 0.436382 0.345386
vt 0.324990 2.397825
vt 0.530755 0.305781
vt 0.324248 0.331020
vt 0.233439 -1.377854
vt 0.409786 2.356733
vt 0.456208 2.461671
vt 0.358228 2.499714
vt 0.635686 0.261991
vt 0.517443 2.317023
vt 0.227952 0.298340
vt 0.138625 -1.411092
vt -0.079319 0.127484
vt 0.007273 0.073668
vt 0.138053 2.269882
vt 0.045662 2.319976
vt -0.276110 -1.434946
vt -0.274562 0.142476
vt -0.384327 0.106471
vt -0.180095 0.183633
vt -0.048875 2.370452
vt 0.042162 -1.376296
vt 0.138053 -1.406300
vt 0.031167 0.135211
vt -0.066144 0.165624
vt -0.133716 2.329451
vt -0.082005 2.472378
vt -0.180026 2.434438
vt 0.640736 0.276940
vt 0.552234 -1.432535
vt -0.242461 2.292859
vt -0.380800 0.097109
vt -2.709688 2.650113
vt -2.709688 2.010138
vt -2.666865 2.010138
vt -2.666864 2.650112
vt -2.828700 2.650112
vt -2.828700 2.010138
vt -2.790606 2.010138
vt -2.790605 2.650112
vt -2.747782 2.010138
vt -2.747782 2.650113
vt -2.790605 2.688207
vt -2.747782 2.688207
vt -2.790606 1.972044
vt -2.747782 1.972044
vt -2.709688 2.650113
vt -2.709688 2.010138
vt -2.666865 2.010138
vt -2.666864 2.650112
vt -2.828700 2.650112
vt -2.828700 2.010138
vt -2.790606 2.010138
vt -2.790605 2.650112
vt -2.747782 2.010138
vt -2.747782 2.650113
vt -2.790605 2.688207
vt -2.747782 2.688207
vt -2.790606 1.972044
vt -2.747782 1.972044
vt -1.475410 -2.911152
vt -1.475267 -2.516776
vt 1.045114 -2.516687
vt 1.044970 -2.911063
vt 1.044783 -3.699832
vt -0.215407 -3.699876
vt -0.215650 -4.094237
vt 1.044540 -4.094193
vt -0.215794 -4.488611
vt 1.044396 -4.488567
vt 1.044783 -3.699832
vt 1.044540 -4.094193
vt -1.475841 -4.094282
vt -1.475597 -3.699920
vt 1.044927 -3.305454
vt -1.475454 -3.305545
vt 1.044396 -4.488567
vt -1.475984 -4.488654
vt 1.045358 -2.122326
vt -0.214833 -2.122370
vt -0.215076 -2.516732
vt 1.045114 -2.516687
vt -1.476171 -5.277425
vt -1.476028 -4.883049
vt 1.044353 -4.882960
vt 1.044209 -5.277336
vt -0.215981 -5.277380
vt -0.215838 -4.883004
vt -0.215263 -3.305500
vt -1.475023 -2.122415
vt 1.044396 -4.488567
vt -1.475984 -4.488654
vt -1.476028 -4.883049
vt 1.044353 -4.882960
vt 1.044970 -2.911063
vt -1.475410 -2.911152
vt -1.475454 -3.305545
vt 1.044927 -3.305454
vt 1.086341 -1.758959
vt 1.045358 -2.122326
vt 1.045114 -2.516687
vt 1.085646 -2.884104
vt 1.154271 -2.887510
vt 1.195255 -2.524142
vt 1.195499 -2.129780
vt 1.154967 -1.762365
vt 1.044783 -3.699832
vt -1.475597 -3.699920
vt -1.475841 -4.094282
vt 1.044540 -4.094193
vt -1.475267 -2.516776
vt -1.476171 -5.277425
vt 1.044209 -5.277336
vt -1.475023 -2.122415
vt 1.044396 -4.488567
vt 1.044353 -4.882960
vt 1.044970 -2.911063
vt 1.044927 -3.305454
vt 1.086341 -1.758959
vt 1.154967 -1.762365
vt 1.195499 -2.129780
vt 1.195255 -2.524142
vt 1.154271 -2.887510
vt 1.085646 -2.884104
vt 1.045114 -2.516687
vt 1.045358 -2.122326
vt 1.044783 -3.699832
vt 1.044540 -4.094193
vt 1.044209 -5.277336
vt -0.215794 -4.488611
vt -1.475984 -4.488654
vt -1.476028 -4.883049
vt -0.215838 -4.883004
vt -0.215220 -2.911108
vt -1.475410 -2.911152
vt -1.475454 -3.305545
vt -0.215263 -3.305500
vt 1.086341 -1.758959
vt 1.045358 -2.122326
vt 1.045114 -2.516687
vt 1.085646 -2.884104
vt 1.154271 -2.887510
vt 1.195255 -2.524142
vt 1.195499 -2.129780
vt 1.154967 -1.762365
vt -0.215407 -3.699876
vt -1.475597 -3.699920
vt -1.475841 -4.094282
vt -0.215650 -4.094237
vt 1.044970 -2.911063
vt -0.215076 -2.516732
vt -0.215981 -5.277380
vt 1.044209 -5.277336
vt 1.044353 -4.882960
vt 1.044783 -3.699832
vt 1.044927 -3.305454
vt -0.214833 -2.122370
vt -1.475023 -2.122415
vt -1.475267 -2.516776
vt 1.044396 -4.488567
vt 1.044353 -4.882960
vt 1.044970 -2.911063
vt 1.044927 -3.305454
vt 1.086341 -1.758959
vt 1.154967 -1.762365
vt 1.195499 -2.129780
vt 1.195255 -2.524142
vt 1.154271 -2.887510
vt 1.085646 -2.884104
vt 1.045114 -2.516687
vt 1.045358 -2.122326
vt 1.044783 -3.699832
vt 1.044540 -4.094193
vt -1.476171 -5.277425
vt 1.044209 -5.277336
vt -1.108521 -4.188060
vt -1.108304 -3.798498
vt 1.044783 -3.699832
vt 1.044540 -4.094193
vt 1.086341 -1.758959
vt 1.045358 -2.122326
vt 1.045114 -2.516687
vt 1.085646 -2.884104
vt 1.154271 -2.887510
vt 1.195255 -2.524142
vt 1.195499 -2.129780
vt 1.154967 -1.762365
vt -1.108672 -4.865457
vt -1.108630 -4.488642
vt 1.044396 -4.488567
vt 1.044353 -4.882960
vt 1.044540 -4.094193
vt 1.044783 -3.699832
vt 1.044353 -4.882960
vt 1.044396 -4.488567
vt -1.108136 -3.404125
vt -1.108024 -2.834926
vt 1.044970 -2.911063
vt 1.044927 -3.305454
vt 1.044927 -3.305454
vt 1.044970 -2.911063
vt 1.086341 -1.758959
vt 1.154967 -1.762365
vt 1.195499 -2.129780
vt 1.195255 -2.524142
vt 1.154271 -2.887510
vt 1.085646 -2.884104
vt 1.045114 -2.516687
vt 1.045358 -2.122326
vt -1.107852 -2.418173
vt -1.107669 -2.122402
vt -1.108745 -5.080224
vt 1.044209 -5.277336
vt 1.044540 -4.094193
vt 1.044396 -4.488567
vt 1.044396 -4.488567
vt 1.044353 -4.882960
vt -1.476028 -4.883049
vt -1.475984 -4.488654
vt 1.044970 -2.911063
vt 1.044927 -3.305454
vt -1.475454 -3.305545
vt -1.475410 -2.911152
vt 1.086341 -1.758959
vt 1.154967 -1.762365
vt 1.195499 -2.129780
vt 1.195255 -2.524142
vt 1.154271 -2.887510
vt 1.085646 -2.884104
vt 1.045114 -2.516687
vt 1.045358 -2.122326
vt 1.044783 -3.699832
vt 1.044540 -4.094193
vt -1.475841 -4.094282
vt -1.475597 -3.699920
vt -1.475267 -2.516776
vt -1.476171 -5.277425
vt 1.044209 -5.277336
vt -1.475023 -2.122415
vt 1.044396 -4.488567
vt 1.044353 -4.882960
vt 1.044970 -2.911063
vt 1.044927 -3.305454
vt 1.086341 -1.758959
vt 1.045358 -2.122326
vt 1.045114 -2.516687
vt 1.085646 -2.884104
vt 1.154271 -2.887510
vt 1.195255 -2.524142
vt 1.195499 -2.129780
vt 1.154967 -1.762365
vt 1.044783 -3.699832
vt 1.044540 -4.094193
vt 1.044209 -5.277336
vt -0.215794 -4.488611
vt -0.215838 -4.883004
vt -1.476028 -4.883049
vt -1.475984 -4.488654
vt -0.215220 -2.911108
vt -0.215263 -3.305500
vt -1.475454 -3.305545
vt -1.475410 -2.911152
vt 1.086341 -1.758959
vt 1.154967 -1.762365
vt 1.195499 -2.129780
vt 1.195255 -2.524142
vt 1.154271 -2.887510
vt 1.085646 -2.884104
vt 1.045114 -2.516687
vt 1.045358 -2.122326
vt -0.215407 -3.699876
vt -0.215650 -4.094237
vt -1.475841 -4.094282
vt -1.475597 -3.699920
vt -0.215076 -2.516732
vt 1.044970 -2.911063
vt -0.215981 -5.277380
vt 1.044353 -4.882960
vt 1.044209 -5.277336
vt 1.044927 -3.305454
vt 1.044783 -3.699832
vt -0.214833 -2.122370
vt -1.475267 -2.516776
vt -1.475023 -2.122415
vt 1.044396 -4.488567
vt 1.044353 -4.882960
vt 1.044970 -2.911063
vt 1.044927 -3.305454
vt 1.086341 -1.758959
vt 1.045358 -2.122326
vt 1.045114 -2.516687
vt 1.085646 -2.884104
vt 1.154271 -2.887510
vt 1.195255 -2.524142
vt 1.195499 -2.129780
vt 1.154967 -1.762365
vt 1.044783 -3.699832
vt 1.044540 -4.094193
vt -1.476171 -5.277425
vt 1.044209 -5.277336
vt 1.044396 -4.488567
vt 1.044353 -4.882960
vt -1.476028 -4.883049
vt -1.475984 -4.488654
vt 1.044970 -2.911063
vt 1.044927 -3.305454
vt -1.475454 -3.305545
vt -1.475410 -2.911152
vt 1.086341 -1.758959
vt 1.154967 -1.762365
vt 1.195499 -2.129780
vt 1.195255 -2.524142
vt 1.154271 -2.887510
vt 1.085646 -2.884104
vt 1.045114 -2.516687
vt 1.045358 -2.122326
vt 1.044783 -3.699832
vt 1.044540 -4.094193
vt -1.475841 -4.094282
vt -1.475597 -3.699920
vt -1.475267 -2.516776
vt -1.476171 -5.277425
vt 1.044209 -5.277336
vt -1.475023 -2.122415
vt 1.044396 -4.488567
vt 1.044353 -4.882960
vt 1.044970 -2.911063
vt 1.044927 -3.305454
vt 1.086341 -1.758959
vt 1.045358 -2.122326
vt 1.045114 -2.516687
vt 1.085646 -2.884104
vt 1.154271 -2.887510
vt 1.195255 -2.524142
vt 1.195499 -2.129780
vt 1.154967 -1.762365
vt 1.044783 -3.699832
vt 1.044540 -4.094193
vt 1.044209 -5.277336
vt 1.044396 -4.488567
vt 1.044353 -4.882960
vt -1.476028 -4.883049
vt -1.475984 -4.488654
vt 1.044970 -2.911063
vt 1.044927 -3.305454
vt -1.475454 -3.305545
vt -1.475410 -2.911152
vt 1.086341 -1.758959
vt 1.154967 -1.762365
vt 1.195499 -2.129780
vt 1.195255 -2.524142
vt 1.154271 -2.887510
vt 1.085646 -2.884104
vt 1.045114 -2.516687
vt 1.045358 -2.122326
vt 1.044783 -3.699832
vt 1.044540 -4.094193
vt -1.475841 -4.094282
vt -1.475597 -3.699920
vt -1.475267 -2.516776
vt -1.476171 -5.277425
vt 1.044209 -5.277336
vt -1.475023 -2.122415
vt 1.044396 -4.488567
vt 1.044353 -4.882960
vt 1.044970 -2.911063
vt 1.044927 -3.305454
vt 1.086341 -1.758959
vt 1.045358 -2.122326
vt 1.045114 -2.516687
vt 1.085646 -2.884104
vt 1.154271 -2.887510
vt 1.195255 -2.524142
vt 1.195499 -2.129780
vt 1.154967 -1.762365
vt 1.044783 -3.699832
vt 1.044540 -4.094193
vt 1.044209 -5.277336
vt -0.215794 -4.488611
vt -0.215838 -4.883004
vt -1.476028 -4.883049
vt -1.475984 -4.488654
vt -0.215220 -2.911108
vt -0.215263 -3.305500
vt -1.475454 -3.305545
vt -1.475410 -2.911152
vt 1.086341 -1.758959
vt 1.154967 -1.762365
vt 1.195499 -2.129780
vt 1.195255 -2.524142
vt 1.154271 -2.887510
vt 1.085646 -2.884104
vt 1.045114 -2.516687
vt 1.045358 -2.122326
vt -0.215407 -3.699876
vt -0.215650 -4.094237
vt -1.475841 -4.094282
vt -1.475597 -3.699920
vt -0.215076 -2.516732
vt 1.044970 -2.911063
vt -0.215981 -5.277380
vt 1.044353 -4.882960
vt 1.044209 -5.277336
vt 1.044927 -3.305454
vt 1.044783 -3.699832
vt -0.214833 -2.122370
vt -1.475267 -2.516776
vt -1.475023 -2.122415
vt 1.044396 -4.488567
vt 1.044353 -4.882960
vt 1.044970 -2.911063
vt 1.044927 -3.305454
vt 1.086341 -1.758959
vt 1.045358 -2.122326
vt 1.045114 -2.516687
vt 1.085646 -2.884104
vt 1.154271 -2.887510
vt 1.195255 -2.524142
vt 1.195499 -2.129780
vt 1.154967 -1.762365
vt 1.044783 -3.699832
vt 1.044540 -4.094193
vt -1.476171 -5.277425
vt 1.044209 -5.277336
vt 1.044396 -4.488567
vt -0.741276 -4.488629
vt -0.741320 -4.883023
vt 1.044353 -4.882960
vt 1.044970 -2.911063
vt -0.740703 -2.911126
vt -0.740746 -3.305518
vt 1.044927 -3.305454
vt 1.086341 -1.758959
vt 1.154967 -1.762365
vt 1.195499 -2.129780
vt 1.195255 -2.524142
vt 1.154271 -2.887510
vt 1.085646 -2.884104
vt 1.045114 -2.516687
vt 1.045358 -2.122326
vt 1.044783 -3.699832
vt -0.740889 -3.699894
vt -0.741133 -4.094256
vt 1.044540 -4.094193
vt -1.009404 -3.798494
vt -1.009621 -4.188056
vt -1.009730 -4.488638
vt -1.009772 -4.865453
vt 1.045358 -2.122326
vt -0.740315 -2.122389
vt -0.740559 -2.516750
vt 1.045114 -2.516687
vt -1.009124 -2.834923
vt -1.009235 -3.404122
vt 1.086341 -1.758959
vt 1.085646 -2.884104
vt 1.154271 -2.887510
vt 1.195255 -2.524142
vt 1.195499 -2.129780
vt 1.154967 -1.762365
vt -1.009845 -5.080220
vt -0.741463 -5.277399
vt -1.008769 -2.122398
vt -1.008952 -2.418169
vt 1.044209 -5.277336
vt 1.044540 -4.094193
vt 1.044396 -4.488567
vt 1.044540 -4.094193
vt 1.044396 -4.488567
vt 1.044970 -2.911063
vt 1.044353 -4.882960
vt 1.044209 -5.277336
vt 1.044540 -4.094193
vt 1.044396 -4.488567
vt 1.044927 -3.305454
vt 1.044783 -3.699832
vt -0.740993 -3.867987
vt 1.044783 -3.699832
vt 1.044927 -3.305454
vt -0.740786 -3.415910
vt -0.740674 -2.843741
vt -0.740455 -2.348711
vt -0.542759 -2.516743
vt -0.542902 -2.911119
vt 1.086341 -1.758959
vt 1.154967 -1.762365
vt 1.195499 -2.129780
vt 1.195255 -2.524142
vt 1.154271 -2.887510
vt 1.085646 -2.884104
vt 1.045114 -2.516687
vt 1.045358 -2.122326
vt 1.045114 -2.516687
vt 1.045358 -2.122326
vt -0.740315 -2.122389
vt 1.044970 -2.911063
vt 1.044927 -3.305454
vt -0.542945 -3.305511
vt 1.044396 -4.488567
vt 1.044353 -4.882960
vt -0.543520 -4.883016
vt -0.543476 -4.488622
vt 1.044783 -3.699832
vt 1.044540 -4.094193
vt -0.543332 -4.094249
vt -0.543089 -3.699888
vt -0.741277 -4.488629
vt 1.044396 -4.488567
vt 1.044540 -4.094193
vt -0.741164 -4.178683
vt -0.741318 -4.866142
vt 1.044353 -4.882960
vt -0.542515 -2.122382
vt 1.086341 -1.758959
vt 1.085646 -2.884104
vt 1.154271 -2.887510
vt 1.195255 -2.524142
vt 1.195499 -2.129780
vt 1.154967 -1.762365
vt -0.543663 -5.277392
vt 1.044209 -5.277336
vt -0.740559 -2.516750
vt -0.740702 -2.911126
vt -0.542902 -2.911119
vt -0.542759 -2.516743
vt -0.741383 -5.056228
vt 1.044970 -2.911063
vt 1.044396 -4.488567
vt 1.044353 -4.882960
vt -0.741320 -4.883023
vt -0.741276 -4.488629
vt 1.044970 -2.911063
vt 1.044927 -3.305454
vt -0.740746 -3.305518
vt 1.086341 -1.758959
vt 1.045358 -2.122326
vt 1.045114 -2.516687
vt 1.085646 -2.884104
vt 1.154271 -2.887510
vt 1.195255 -2.524142
vt 1.195499 -2.129780
vt 1.154967 -1.762365
vt 1.044783 -3.699832
vt 1.044540 -4.094193
vt -0.741133 -4.094256
vt -0.740889 -3.699894
vt 1.044970 -2.911063
vt -0.542945 -3.305511
vt 1.044927 -3.305454
vt 1.044396 -4.488567
vt -0.543476 -4.488622
vt -0.543520 -4.883016
vt 1.044353 -4.882960
vt 1.044783 -3.699832
vt -0.543089 -3.699888
vt -0.543332 -4.094249
vt 1.044540 -4.094193
vt 1.045358 -2.122326
vt 1.045114 -2.516687
vt -0.740315 -2.122389
vt -0.542515 -2.122382
vt 1.086341 -1.758959
vt 1.154967 -1.762365
vt 1.195499 -2.129780
vt 1.195255 -2.524142
vt 1.154271 -2.887510
vt 1.085646 -2.884104
vt -0.543663 -5.277392
vt 1.044209 -5.277336
vt -0.741463 -5.277399
vt 1.044209 -5.277336
vt 1.044209 -5.277336
vt 1.044209 -5.277336
vt -0.215220 -2.911108
vt 1.045358 -2.122326
vt 1.086341 -1.758959
vt 1.154967 -1.762365
vt 1.195499 -2.129780
vt 1.195255 -2.524142
vt 1.154271 -2.887510
vt 1.085646 -2.884104
vt 1.044353 -4.882960
vt 1.044970 -2.911063
vt 1.044927 -3.305454
vt 1.044209 -5.277336
vt 1.086341 -1.758959
vt 1.085646 -2.884104
vt 1.154271 -2.887510
vt 1.195255 -2.524142
vt 1.195499 -2.129780
vt 1.154967 -1.762365
vt -0.031990 -4.141127
vt -0.031760 -3.749165
vt 1.044783 -3.699832
vt 1.044540 -4.094193
vt 1.086341 -1.758959
vt 1.045358 -2.122326
vt 1.045114 -2.516687
vt 1.085646 -2.884104
vt 1.154271 -2.887510
vt 1.195255 -2.524142
vt 1.195499 -2.129780
vt 1.154967 -1.762365
vt -0.032160 -4.874208
vt -0.032117 -4.488605
vt 1.044396 -4.488567
vt 1.044353 -4.882960
vt -1.108304 -3.798498
vt -1.108521 -4.188060
vt 1.044540 -4.094193
vt 1.044783 -3.699832
vt -1.108630 -4.488642
vt -1.108672 -4.865457
vt 1.044353 -4.882960
vt 1.044396 -4.488567
vt -0.031604 -3.354790
vt -0.031527 -2.872995
vt 1.044970 -2.911063
vt 1.044927 -3.305454
vt -1.108136 -3.404125
vt -1.108024 -2.834926
vt 1.044927 -3.305454
vt 1.044970 -2.911063
vt 1.086341 -1.758959
vt 1.154967 -1.762365
vt 1.195499 -2.129780
vt 1.195255 -2.524142
vt 1.154271 -2.887510
vt 1.085646 -2.884104
vt 1.045114 -2.516687
vt 1.045358 -2.122326
vt -0.031369 -2.467430
vt -0.031156 -2.122364
vt -1.108745 -5.080224
vt 1.044209 -5.277336
vt -1.107669 -2.122402
vt -1.107852 -2.418173
vt -0.032268 -5.178780
vt -0.031990 -4.141127
vt -0.031760 -3.749165
vt 1.044783 -3.699832
vt 1.044540 -4.094193
vt 1.086341 -1.758959
vt 1.045358 -2.122326
vt 1.045114 -2.516687
vt 1.085646 -2.884104
vt 1.154271 -2.887510
vt 1.195255 -2.524142
vt 1.195499 -2.129780
vt 1.154967 -1.762365
vt -0.032160 -4.874208
vt -0.032117 -4.488605
vt 1.044396 -4.488567
vt 1.044353 -4.882960
vt -1.108304 -3.798498
vt -1.108521 -4.188060
vt 1.044540 -4.094193
vt 1.044783 -3.699832
vt -1.108630 -4.488642
vt -1.108672 -4.865457
vt 1.044353 -4.882960
vt 1.044396 -4.488567
vt -0.031604 -3.354790
vt -0.031527 -2.872995
vt 1.044970 -2.911063
vt 1.044927 -3.305454
vt -1.108136 -3.404125
vt -1.108024 -2.834926
vt 1.044927 -3.305454
vt 1.044970 -2.911063
vt 1.086341 -1.758959
vt 1.154967 -1.762365
vt 1.195499 -2.129780
vt 1.195255 -2.524142
vt 1.154271 -2.887510
vt 1.085646 -2.884104
vt 1.045114 -2.516687
vt 1.045358 -2.122326
vt -0.031369 -2.467430
vt -0.031156 -2.122364
vt -1.108745 -5.080224
vt 1.044209 -5.277336
vt -1.107669 -2.122402
vt -1.107852 -2.418173
vt -0.032268 -5.178780
vt 1.044209 -5.277336
vt 1.044209 -5.277336
vt -0.031990 -4.141127
vt -0.031760 -3.749165
vt 1.044783 -3.699832
vt 1.044540 -4.094193
vt 1.086341 -1.758959
vt 1.045358 -2.122326
vt 1.045114 -2.516687
vt 1.085646 -2.884104
vt 1.154271 -2.887510
vt 1.195255 -2.524142
vt 1.195499 -2.129780
vt 1.154967 -1.762365
vt -0.032160 -4.874208
vt -0.032117 -4.488605
vt 1.044396 -4.488567
vt 1.044353 -4.882960
vt -1.108304 -3.798498
vt -1.108521 -4.188060
vt 1.044540 -4.094193
vt 1.044783 -3.699832
vt -1.108630 -4.488642
vt -1.108672 -4.865457
vt 1.044353 -4.882960
vt 1.044396 -4.488567
vt -0.031604 -3.354790
vt -0.031527 -2.872995
vt 1.044970 -2.911063
vt 1.044927 -3.305454
vt -1.108136 -3.404125
vt -1.108024 -2.834926
vt 1.044927 -3.305454
vt 1.044970 -2.911063
vt 1.086341 -1.758959
vt 1.154967 -1.762365
vt 1.195499 -2.129780
vt 1.195255 -2.524142
vt 1.154271 -2.887510
vt 1.085646 -2.884104
vt 1.045114 -2.516687
vt 1.045358 -2.122326
vt -0.031369 -2.467430
vt -0.031156 -2.122364
vt -1.108745 -5.080224
vt 1.044209 -5.277336
vt -1.107669 -2.122402
vt -1.107852 -2.418173
vt -0.032268 -5.178780
vt -0.031990 -4.141127
vt -0.031760 -3.749165
vt 1.044783 -3.699832
vt 1.044540 -4.094193
vt 1.086341 -1.758959
vt 1.045358 -2.122326
vt 1.045114 -2.516687
vt 1.085646 -2.884104
vt 1.154271 -2.887510
vt 1.195255 -2.524142
vt 1.195499 -2.129780
vt 1.154967 -1.762365
vt -0.032160 -4.874208
vt -0.032117 -4.488605
vt 1.044396 -4.488567
vt 1.044353 -4.882960
vt -1.108304 -3.798498
vt -1.108521 -4.188060
vt 1.044540 -4.094193
vt 1.044783 -3.699832
vt -1.108630 -4.488642
vt -1.108672 -4.865457
vt 1.044353 -4.882960
vt 1.044396 -4.488567
vt -0.031604 -3.354790
vt -0.031527 -2.872995
vt 1.044970 -2.911063
vt 1.044927 -3.305454
vt -1.108136 -3.404125
vt -1.108024 -2.834926
vt 1.044927 -3.305454
vt 1.044970 -2.911063
vt 1.086341 -1.758959
vt 1.154967 -1.762365
vt 1.195499 -2.129780
vt 1.195255 -2.524142
vt 1.154271 -2.887510
vt 1.085646 -2.884104
vt 1.045114 -2.516687
vt 1.045358 -2.122326
vt -0.031369 -2.467430
vt -0.031156 -2.122364
vt -1.108745 -5.080224
vt 1.044209 -5.277336
vt -1.107669 -2.122402
vt -1.107852 -2.418173
vt -0.032268 -5.178780
vt 1.044209 -5.277336
vt 1.044209 -5.277336
vt 0.418031 -1.867783
vt 0.417234 0.041147
vt 0.383955 0.038507
vt 0.385007 -1.870523
vt 0.550788 -1.867482
vt 0.550320 0.040294
vt 0.517083 0.042964
vt 0.517497 -1.864743
vt 0.649342 -1.896850
vt 0.617277 -1.871287
vt 0.583982 -1.869985
vt 0.547979 -1.892889
vt 0.544502 -1.935662
vt 0.576568 -1.961226
vt 0.609862 -1.962528
vt 0.645866 -1.939624
vt 0.484182 -1.863959
vt 0.483811 0.044055
vt 0.450519 0.043218
vt 0.451051 -1.865264
vt 0.583574 0.038276
vt 0.350657 0.037360
vt 0.351706 -1.871320
vt 0.616865 0.037528
vt 0.416886 1.950222
vt 0.383868 1.947408
vt 0.549682 1.947763
vt 0.516403 1.950581
vt 0.649343 1.969723
vt 0.647885 2.012491
vt 0.613098 2.036990
vt 0.579873 2.037254
vt 0.546737 2.013293
vt 0.548197 1.970526
vt 0.582986 1.946026
vt 0.616209 1.945763
vt 0.483221 1.952250
vt 0.450014 1.951962
vt 0.350827 1.945723
vt -0.215794 -4.488611
vt -1.475984 -4.488654
vt -1.476028 -4.883049
vt -0.215838 -4.883004
vt -0.215220 -2.911108
vt -1.475410 -2.911152
vt -1.475454 -3.305545
vt -0.215263 -3.305500
vt 1.086341 -1.758959
vt 1.045358 -2.122326
vt 1.045114 -2.516687
vt 1.085646 -2.884104
vt 1.154271 -2.887510
vt 1.195255 -2.524142
vt 1.195499 -2.129780
vt 1.154967 -1.762365
vt -0.215407 -3.699876
vt -1.475597 -3.699920
vt -1.475841 -4.094282
vt -0.215650 -4.094237
vt 1.044970 -2.911063
vt -0.215076 -2.516732
vt -0.215981 -5.277380
vt 1.044209 -5.277336
vt 1.044353 -4.882960
vt 1.044783 -3.699832
vt 1.044927 -3.305454
vt -0.214833 -2.122370
vt -1.475023 -2.122415
vt -1.475267 -2.516776
vt 1.044540 -4.094193
vt 1.044396 -4.488567
vt -1.476171 -5.277425
vt -1.241762 0.128045
vt 0.757901 0.128045
vt 0.757900 1.062206
vt -1.241762 1.062205
vt -1.241762 0.128045
vt 0.757901 0.128045
vt 0.757900 1.062206
vt -1.241762 1.062205
vt -1.241762 -0.357396
vt 0.757901 -0.357396
vt -1.241762 -0.357396
vt 0.757901 -0.357396
vt 0.757901 0.128045
vt -1.241762 0.128045
vt -1.241762 -0.357396
vt 0.757901 -0.357396
vt 0.757900 1.062206
vt -1.241762 1.062205
vt -0.124408 0.067648
vt 0.365042 0.067648
vt 0.365043 0.740179
vt -0.124408 0.740179
vt 1.388097 0.067648
vt 2.478348 0.067648
vt 2.478348 0.740179
vt 1.388097 0.740179
vt -0.027569 1.690590
vt 1.062681 1.690590
vt 1.062681 2.130207
vt -0.027569 2.130207
vt 5.069858 1.690591
vt 6.160109 1.690591
vt 6.160109 2.130208
vt 5.069859 2.130208
vt 3.557351 -0.447990
vt 3.557353 0.067648
vt 2.575186 0.067647
vt 2.575182 -0.447989
vt 5.069858 0.067648
vt 6.160109 0.067648
vt 6.160109 0.740179
vt 5.069858 0.740179
vt 3.557353 0.740179
vt 2.575186 0.740179
vt 4.046803 0.067648
vt 4.046803 0.740179
vt -0.027569 0.740178
vt 1.062682 0.740178
vt 3.557353 1.690591
vt 3.557353 2.130208
vt 2.575186 2.130208
vt 2.575186 1.690590
vt -0.124410 -0.447990
vt -1.106575 0.067647
vt -1.106578 -0.447989
vt 4.046803 1.690591
vt 4.046803 2.130208
vt -0.124408 1.690590
vt 0.365042 1.690591
vt 0.365043 2.130208
vt -0.124407 2.130208
vt 1.388097 1.690591
vt 2.478348 1.690591
vt 2.478348 2.130208
vt 1.388098 2.130208
vt 0.488065 -0.447988
vt 2.085737 0.067647
vt 1.062682 0.067647
vt -0.027568 0.067647
vt 2.085736 1.690590
vt 2.085736 2.130207
vt 5.644468 -0.447991
vt 2.085737 0.740179
vt 3.268397 1.790952
vt 3.268397 0.840542
vt 4.862358 0.840541
vt 4.862358 1.790952
vt 4.862358 2.230569
vt 3.268397 2.230569
vt -3.387878 0.168012
vt -1.793918 0.168012
vt -1.793918 0.840542
vt -3.387878 0.840543
vt 3.268397 0.168011
vt 4.862358 0.168011
vt -3.387878 1.790953
vt -1.793918 1.790953
vt -1.793918 2.230569
vt -3.387878 2.230570
vt -0.769721 1.790953
vt -0.769721 0.840542
vt 0.268641 0.840542
vt 0.268641 1.790953
vt -2.872232 -0.347635
vt -0.774488 -0.347634
vt 0.267099 -0.347633
vt 1.207385 -0.347632
vt 2.248972 -0.347632
vt 4.346716 -0.347630
vt 2.244200 0.168011
vt 1.205838 0.168012
vt 0.268641 0.168012
vt -0.769721 0.168012
vt 1.205838 1.790953
vt 1.205838 0.840542
vt 2.244200 0.840542
vt 2.244200 1.790953
vt 1.586573 -1.181640
vt 1.586572 -0.459905
vt -2.105991 -0.459905
vt -2.105991 -1.181640
vt 0.268641 2.230569
vt -0.769721 2.230569
vt 1.205838 2.230569
vt 2.244200 2.230569
vt -3.709330 1.690590
vt -2.619079 1.690590
vt -2.619079 2.130207
vt -3.709330 2.130207
vt -1.106575 2.130208
vt -1.106575 1.690590
vt -1.596024 1.690590
vt -1.596025 2.130207
vt -3.193696 -0.447988
vt -1.596024 0.067647
vt -2.619079 0.067647
vt -3.709329 0.067647
vt -3.709330 0.740178
vt -2.619079 0.740178
vt 1.962708 -0.447991
vt -1.106575 0.740179
vt -1.596024 0.740179
vt 4.599230 1.790952
vt 4.599230 0.840542
vt 6.193192 0.840541
vt 6.193192 1.790952
vt 6.193192 2.230569
vt 4.599230 2.230569
vt -2.057045 0.168012
vt -0.463085 0.168012
vt -0.463085 0.840542
vt -2.057045 0.840543
vt 4.599230 0.168011
vt 6.193192 0.168011
vt -2.057045 1.790953
vt -0.463085 1.790953
vt -0.463085 2.230569
vt -2.057045 2.230570
vt 0.561113 1.790953
vt 0.561113 0.840542
vt 1.599475 0.840542
vt 1.599475 1.790953
vt -1.541399 -0.347635
vt 0.556345 -0.347634
vt 1.597932 -0.347633
vt 2.538218 -0.347632
vt 3.579805 -0.347632
vt 5.677549 -0.347630
vt 3.575033 0.168011
vt 2.536671 0.168012
vt 1.599475 0.168012
vt 0.561113 0.168012
vt 2.536671 1.790953
vt 2.536671 0.840542
vt 3.575033 0.840542
vt 3.575033 1.790953
vt 1.599475 2.230569
vt 0.561113 2.230569
vt 2.536671 2.230569
vt 3.575033 2.230569
vt -0.124408 0.067648
vt -0.124408 0.740179
vt 0.365043 0.740179
vt 0.365042 0.067648
vt 1.388097 0.067648
vt 1.388097 0.740179
vt 2.478348 0.740179
vt 2.478348 0.067648
vt -0.027569 1.690590
vt -0.027569 2.130207
vt 1.062681 2.130207
vt 1.062681 1.690590
vt 5.069858 1.690591
vt 5.069859 2.130208
vt 6.160109 2.130208
vt 6.160109 1.690591
vt 3.557351 -0.447990
vt 2.575182 -0.447989
vt 2.575186 0.067647
vt 3.557353 0.067648
vt 5.069858 0.067648
vt 5.069858 0.740179
vt 6.160109 0.740179
vt 6.160109 0.067648
vt 2.575186 0.740179
vt 3.557353 0.740179
vt 4.046803 0.740179
vt 4.046803 0.067648
vt 1.062682 0.740178
vt -0.027569 0.740178
vt 3.557353 1.690591
vt 2.575186 1.690590
vt 2.575186 2.130208
vt 3.557353 2.130208
vt -0.124410 -0.447990
vt -1.106578 -0.447989
vt -1.106575 0.067647
vt 4.046803 2.130208
vt 4.046803 1.690591
vt -0.124408 1.690590
vt 0.365042 1.690591
vt -0.124407 2.130208
vt 0.365043 2.130208
vt 1.388097 1.690591
vt 1.388098 2.130208
vt 2.478348 2.130208
vt 2.478348 1.690591
vt 0.488065 -0.447988
vt -0.027568 0.067647
vt 1.062682 0.067647
vt 2.085737 0.067647
vt 2.085736 1.690590
vt 2.085736 2.130207
vt 5.644468 -0.447991
vt 2.085737 0.740179
vt 3.268397 1.790952
vt 4.862358 1.790952
vt 4.862358 0.840541
vt 3.268397 0.840542
vt 3.268397 2.230569
vt 4.862358 2.230569
vt -3.387878 0.168012
vt -3.387878 0.840543
vt -1.793918 0.840542
vt -1.793918 0.168012
vt 3.268397 0.168011
vt 4.862358 0.168011
vt -3.387878 1.790953
vt -1.793918 1.790953
vt -3.387878 2.230570
vt -1.793918 2.230569
vt -0.769721 1.790953
vt 0.268641 1.790953
vt 0.268641 0.840542
vt -0.769721 0.840542
vt -2.872232 -0.347635
vt -0.769721 0.168012
vt 0.268641 0.168012
vt 1.205838 0.168012
vt 2.244200 0.168011
vt 4.346716 -0.347630
vt 2.248972 -0.347632
vt 1.207385 -0.347632
vt 0.267099 -0.347633
vt -0.774488 -0.347634
vt 1.205838 1.790953
vt 2.244200 1.790953
vt 2.244200 0.840542
vt 1.205838 0.840542
vt 1.586573 -1.146225
vt -2.105991 -1.146225
vt -2.105991 -0.459904
vt 1.586572 -0.459904
vt -0.769721 2.230569
vt 0.268641 2.230569
vt 1.205838 2.230569
vt 2.244200 2.230569
vt -3.709330 1.690590
vt -3.709330 2.130207
vt -2.619079 2.130207
vt -2.619079 1.690590
vt -1.106575 1.690590
vt -1.106575 2.130208
vt -1.596024 1.690590
vt -1.596025 2.130207
vt -3.193696 -0.447988
vt -3.709329 0.067647
vt -2.619079 0.067647
vt -1.596024 0.067647
vt -2.619079 0.740178
vt -3.709330 0.740178
vt 1.962708 -0.447991
vt -1.596024 0.740179
vt -1.106575 0.740179
vt 4.599230 1.790952
vt 6.193192 1.790952
vt 6.193192 0.840541
vt 4.599230 0.840542
vt 4.599230 2.230569
vt 6.193192 2.230569
vt -2.057045 0.168012
vt -2.057045 0.840543
vt -0.463085 0.840542
vt -0.463085 0.168012
vt 4.599230 0.168011
vt 6.193192 0.168011
vt -2.057045 1.790953
vt -0.463085 1.790953
vt -2.057045 2.230570
vt -0.463085 2.230569
vt 0.561113 1.790953
vt 1.599475 1.790953
vt 1.599475 0.840542
vt 0.561113 0.840542
vt -1.541399 -0.347635
vt 0.561113 0.168012
vt 1.599475 0.168012
vt 2.536671 0.168012
vt 3.575033 0.168011
vt 5.677549 -0.347630
vt 3.579805 -0.347632
vt 2.538218 -0.347632
vt 1.597932 -0.347633
vt 0.556345 -0.347634
vt 2.536671 1.790953
vt 3.575033 1.790953
vt 3.575033 0.840542
vt 2.536671 0.840542
vt 0.561113 2.230569
vt 1.599475 2.230569
vt 2.536671 2.230569
vt 3.575033 2.230569
vt 1.586572 0.581222
vt -2.105991 0.581222
vt -2.105991 0.581222
vt 1.586572 0.581222
vt 1.205838 0.840542
vt 1.205838 0.840542
vt 0.268641 0.840542
vt 0.268641 0.840542
vt -2.105991 -0.459905
vt -2.105991 0.581222
vt -0.979447 0.581222
vt -0.979447 -0.459905
vt -0.979447 -1.181640
vt -2.105991 -1.181640
vt 1.586572 -0.459904
vt 0.467468 -0.459904
vt 0.467468 0.581222
vt 1.586572 0.581222
vt -0.986888 -1.146225
vt -2.105991 -1.146225
vt -2.105991 -0.459904
vt -0.986888 -0.459904
vt -2.105991 0.581222
vt -0.986888 0.581222
vt 0.460027 -0.459905
vt 0.460027 0.581222
vt 1.586572 0.581222
vt 1.586572 -0.459905
vt 1.586573 -1.146225
vt 0.467469 -1.146225
vt 1.586573 -1.181640
vt 0.460028 -1.181640
vt -1.241762 -0.357396
vt 0.757901 -0.357396
vt 0.757901 0.128045
vt -1.241762 0.128045
vt 0.757900 1.062206
vt -1.241762 1.062205
vt -0.241931 0.128045
vt -0.241931 1.062206
vt 0.757900 1.062206
vt 0.757901 0.128045
vt -0.241931 -0.357396
vt 0.757901 -0.357396
vt -1.241762 0.128045
vt -0.241931 0.128045
vt -0.241931 1.062206
vt -1.241762 1.062205
vt -1.241762 -0.357396
vt -0.241931 -0.357396
vt 0.092912 0.884541
vt 0.092911 1.818701
vt 1.092743 1.818702
vt 1.092743 0.884541
vt 0.092912 0.399100
vt 1.092743 0.399100
vt -0.906920 0.884541
vt 0.092912 0.884541
vt 0.092911 1.818701
vt -0.906920 1.818701
vt -0.906920 0.399100
vt 0.092912 0.399100
vt 1.117464 0.494569
vt 1.117452 -0.107219
vt 1.266852 -0.107220
vt 1.266865 0.494569
vt 0.869106 0.494569
vt 0.869106 -0.107219
vt 0.918578 -0.107219
vt 0.918584 0.494569
vt 1.067979 -0.107219
vt 1.067985 0.494569
vt 0.918584 0.506938
vt 1.067985 0.506937
vt 0.918578 -0.119587
vt 1.067979 -0.119587
vt 0.783653 0.782481
vt 0.783654 0.180693
vt 0.933055 0.180693
vt 0.933055 0.782481
vt 0.535296 0.782481
vt 0.535308 0.180692
vt 0.584781 0.180693
vt 0.584774 0.782481
vt 0.734181 0.180693
vt 0.734175 0.782481
vt 0.584774 0.794849
vt 0.734175 0.794849
vt 0.584781 0.168324
vt 0.734182 0.168324
vt 0.727305 0.671746
vt 0.727293 0.069957
vt 0.876694 0.069957
vt 0.876706 0.671745
vt 0.478947 0.671746
vt 0.478947 0.069957
vt 0.528419 0.069957
vt 0.528425 0.671746
vt 0.677821 0.069957
vt 0.677826 0.671746
vt 0.528425 0.684114
vt 0.677827 0.684114
vt 0.528419 0.057589
vt 0.677820 0.057589
vt 1.852132 0.506873
vt 1.852120 -0.094915
vt 2.001521 -0.094916
vt 2.001533 0.506873
vt 1.603774 0.506873
vt 1.603774 -0.094915
vt 1.653246 -0.094915
vt 1.653252 0.506873
vt 1.802648 -0.094915
vt 1.802653 0.506873
vt 1.653252 0.519241
vt 1.802653 0.519241
vt 1.653246 -0.107283
vt 1.802648 -0.107283
vt 0.265535 0.489648
vt 0.265529 -0.112141
vt 0.414930 -0.112141
vt 0.414936 0.489648
vt 0.017177 0.489648
vt 0.017183 -0.112141
vt 0.066656 -0.112141
vt 0.066655 0.489648
vt 0.216057 -0.112141
vt 0.216057 0.489648
vt 0.066656 0.502016
vt 0.216057 0.502016
vt 0.066656 -0.124509
vt 0.216057 -0.124509
vt -0.478976 0.797246
vt -0.478981 0.195457
vt -0.329580 0.195457
vt -0.329575 0.797246
vt -0.727333 0.797246
vt -0.727327 0.195457
vt -0.677855 0.195457
vt -0.677855 0.797246
vt -0.528454 0.195457
vt -0.528454 0.797246
vt -0.677855 0.809614
vt -0.528454 0.809614
vt -0.677855 0.183089
vt -0.528454 0.183089
vt -0.767138 0.307550
vt -0.767136 -0.139492
vt -0.617734 -0.139492
vt -0.617734 0.307550
vt -1.015485 0.307550
vt -1.015484 -0.139492
vt -0.966011 -0.139492
vt -0.966014 0.307550
vt -0.816609 -0.139492
vt -0.816610 0.307550
vt -0.966014 0.319918
vt -0.816610 0.319918
vt -0.966010 -0.151860
vt -0.816609 -0.151860
vt -2.138900 0.336765
vt -2.138900 -0.035627
vt -1.989497 -0.035627
vt -1.989498 0.336765
vt -2.387244 0.336765
vt -2.387248 -0.035627
vt -2.337775 -0.035627
vt -2.337773 0.336765
vt -2.188373 -0.035627
vt -2.188371 0.336765
vt -2.337773 0.349133
vt -2.188371 0.349133
vt -2.337775 -0.047995
vt -2.188373 -0.047995
vt 0.002480 0.440432
vt 0.002468 -0.161357
vt 0.151869 -0.161357
vt 0.151881 0.440432
vt -0.245878 0.440432
vt -0.245878 -0.161356
vt -0.196406 -0.161356
vt -0.196400 0.440432
vt -0.047004 -0.161356
vt -0.046999 0.440432
vt -0.196400 0.452800
vt -0.046998 0.452800
vt -0.196406 -0.173724
vt -0.047005 -0.173724
vt -0.790391 0.826775
vt -0.790400 0.325150
vt -0.640999 0.325150
vt -0.640988 0.826774
vt -1.038746 0.826775
vt -1.038746 0.325150
vt -0.989274 0.325150
vt -0.989270 0.826775
vt -0.839872 0.325150
vt -0.839867 0.826775
vt -0.989270 0.839143
vt -0.839867 0.839143
vt -0.989274 0.312782
vt -0.839872 0.312782
vt -1.278979 0.324907
vt -1.278981 -0.107290
vt -1.129579 -0.107290
vt -1.129577 0.324907
vt -1.527330 0.324907
vt -1.527328 -0.107290
vt -1.477856 -0.107290
vt -1.477856 0.324907
vt -1.328454 -0.107290
vt -1.328454 0.324907
vt -1.477856 0.337275
vt -1.328454 0.337275
vt -1.477856 -0.119658
vt -1.328454 -0.119658
vt -1.678976 0.797246
vt -1.678973 0.424854
vt -1.529571 0.424854
vt -1.529574 0.797246
vt -1.927320 0.797246
vt -1.927322 0.424854
vt -1.877849 0.424854
vt -1.877849 0.797246
vt -1.728446 0.424854
vt -1.728447 0.797246
vt -1.877849 0.809614
vt -1.728447 0.809614
vt -1.877849 0.412486
vt -1.728446 0.412485
vt 1.619896 0.951300
vt 1.619893 0.298549
vt 1.781196 0.298549
vt 1.781196 0.951300
vt 1.367450 0.951376
vt 1.367445 0.298625
vt 1.413017 0.298587
vt 1.413023 0.951338
vt 1.574320 0.298587
vt 1.574323 0.951338
vt 1.413023 0.960288
vt 1.574323 0.960288
vt 1.413017 0.289637
vt 1.574320 0.289637
vt 1.231474 0.951334
vt 1.231479 0.301067
vt 1.364625 0.301067
vt 1.364619 0.951334
vt 1.007532 0.951410
vt 1.007535 0.301142
vt 1.052934 0.301104
vt 1.052931 0.951372
vt 1.186080 0.301104
vt 1.186075 0.951372
vt 1.052931 0.960288
vt 1.186075 0.960288
vt 1.052934 0.292189
vt 1.186080 0.292189
vt -0.090246 0.951377
vt -0.090249 0.304216
vt 0.016934 0.304216
vt 0.016938 0.951377
vt -0.287794 0.951453
vt -0.287795 0.304292
vt -0.242613 0.304254
vt -0.242612 0.951415
vt -0.135431 0.304254
vt -0.135428 0.951415
vt -0.242612 0.960288
vt -0.135428 0.960288
vt -0.242613 0.295381
vt -0.135431 0.295381
vt -0.397798 0.951377
vt -0.397798 0.304216
vt -0.290615 0.304216
vt -0.290614 0.951377
vt -0.595347 0.951453
vt -0.595345 0.304291
vt -0.550162 0.304253
vt -0.550164 0.951415
vt -0.442980 0.304253
vt -0.442980 0.951415
vt -0.550164 0.960288
vt -0.442981 0.960288
vt -0.550162 0.295380
vt -0.442980 0.295380
vt -1.434889 0.951156
vt -1.434891 0.409594
vt -1.324648 0.409594
vt -1.324646 0.951156
vt -1.620757 0.951167
vt -1.620756 0.409605
vt -1.582945 0.409600
vt -1.582945 0.951162
vt -1.472702 0.409600
vt -1.472701 0.951162
vt -1.582945 0.960288
vt -1.472701 0.960288
vt -1.582945 0.400473
vt -1.472702 0.400473
vt -1.130524 0.951154
vt -1.130521 0.409510
vt -1.014857 0.409510
vt -1.014857 0.951154
vt -1.321826 0.951166
vt -1.321821 0.409521
vt -1.284004 0.409515
vt -1.284009 0.951160
vt -1.168339 0.409515
vt -1.168342 0.951160
vt -1.284009 0.960288
vt -1.168342 0.960288
vt -1.284004 0.400388
vt -1.168339 0.400388
vt -1.734302 0.951122
vt -1.734302 0.497436
vt -1.623576 0.497436
vt -1.623577 0.951122
vt -1.918367 0.951122
vt -1.918358 0.497436
vt -1.881693 0.497436
vt -1.881697 0.951122
vt -1.770967 0.497436
vt -1.770971 0.951122
vt -1.881697 0.960288
vt -1.770971 0.960288
vt -1.881693 0.488270
vt -1.770967 0.488270
vt -0.768435 0.951122
vt -0.768435 0.552760
vt -0.598166 0.552760
vt -0.598166 0.951122
vt -1.012037 0.951122
vt -1.012036 0.552760
vt -0.975370 0.552760
vt -0.975371 0.951122
vt -0.805101 0.552760
vt -0.805102 0.951122
vt -0.975371 0.960288
vt -0.805102 0.960288
vt -0.975370 0.543594
vt -0.805101 0.543594
vt 0.261328 0.951136
vt 0.261328 0.415579
vt 0.428112 0.415579
vt 0.428113 0.951136
vt 0.019758 0.951143
vt 0.019759 0.415586
vt 0.057151 0.415582
vt 0.057150 0.951139
vt 0.223935 0.415582
vt 0.223936 0.951139
vt 0.057150 0.960288
vt 0.223935 0.960288
vt 0.057151 0.406433
vt 0.223935 0.406433
vt -0.708892 0.533722
vt -0.708895 0.062126
vt -0.598170 0.062126
vt -0.598166 0.533722
vt -0.892956 0.533723
vt -0.892953 0.062126
vt -0.856287 0.062126
vt -0.856286 0.533723
vt -0.745561 0.062126
vt -0.745561 0.533723
vt -0.856286 0.542889
vt -0.745561 0.542889
vt -0.856287 0.052959
vt -0.745561 0.052959
vt -1.734304 0.478398
vt -1.734303 0.055789
vt -1.623576 0.055789
vt -1.623577 0.478398
vt -1.918361 0.478398
vt -1.918362 0.055789
vt -1.881695 0.055789
vt -1.881696 0.478398
vt -1.770969 0.055789
vt -1.770969 0.478398
vt -1.881696 0.487565
vt -1.770969 0.487565
vt -1.881695 0.046623
vt -1.770969 0.046623
vt -2.031911 0.951122
vt -2.031910 0.567599
vt -1.921186 0.567599
vt -1.921186 0.951122
vt -2.215984 0.951122
vt -2.215965 0.567599
vt -2.179300 0.567599
vt -2.179310 0.951122
vt -2.068575 0.567599
vt -2.068585 0.951122
vt -2.179311 0.960288
vt -2.068585 0.960288
vt -2.179300 0.558433
vt -2.068575 0.558433
vt 0.836740 0.533722
vt 0.836739 0.178776
vt 1.004712 0.178776
vt 1.004712 0.533722
vt 0.595434 0.533722
vt 0.595435 0.178776
vt 0.632101 0.178776
vt 0.632101 0.533722
vt 0.800074 0.178776
vt 0.800073 0.533722
vt 0.632101 0.542889
vt 0.800073 0.542889
vt 0.632101 0.169610
vt 0.800074 0.169610
vt -0.354042 0.285509
vt -0.354042 0.009519
vt -0.186069 0.009519
vt -0.186069 0.285509
vt -0.595344 0.285509
vt -0.595347 0.009519
vt -0.558681 0.009519
vt -0.558680 0.285509
vt -0.390708 0.009519
vt -0.390706 0.285509
vt -0.558680 0.294675
vt -0.390706 0.294675
vt -0.558681 0.000353
vt -0.390708 0.000352
vt 0.297196 0.396562
vt 0.297196 0.120572
vt 0.501302 0.120572
vt 0.501302 0.396562
vt 0.019761 0.396562
vt 0.019758 0.120572
vt 0.056423 0.120572
vt 0.056426 0.396562
vt 0.260530 0.120572
vt 0.260532 0.396562
vt 0.056426 0.405728
vt 0.260532 0.405728
vt 0.056423 0.111405
vt 0.260530 0.111405
vt 0.754489 0.951122
vt 0.754488 0.552760
vt 1.004711 0.552760
vt 1.004712 0.951122
vt 0.430933 0.951122
vt 0.430934 0.552760
vt 0.467600 0.552760
vt 0.467600 0.951122
vt 0.717822 0.552760
vt 0.717822 0.951122
vt 0.467600 0.960288
vt 0.717822 0.960288
vt 0.467600 0.543594
vt 0.717822 0.543594
vt -1.197683 0.390516
vt -1.197683 0.113338
vt -1.014857 0.113338
vt -1.014857 0.390516
vt -1.453845 0.390516
vt -1.453840 0.113338
vt -1.417174 0.113338
vt -1.417177 0.390516
vt -1.234349 0.113338
vt -1.234351 0.390516
vt -1.417177 0.399682
vt -1.234351 0.399683
vt -1.417174 0.104172
vt -1.234349 0.104172
vt 1.619896 0.951300
vt 1.619893 0.298549
vt 1.781196 0.298549
vt 1.781196 0.951300
vt 1.367450 0.951376
vt 1.367445 0.298625
vt 1.413017 0.298587
vt 1.413023 0.951338
vt 1.574320 0.298587
vt 1.574323 0.951338
vt 1.413023 0.960288
vt 1.574323 0.960288
vt 1.413017 0.289637
vt 1.574320 0.289637
vt 1.231474 0.951334
vt 1.231479 0.301067
vt 1.364625 0.301067
vt 1.364619 0.951334
vt 1.007532 0.951410
vt 1.007535 0.301142
vt 1.052934 0.301104
vt 1.052931 0.951372
vt 1.186080 0.301104
vt 1.186075 0.951372
vt 1.052931 0.960288
vt 1.186075 0.960288
vt 1.052934 0.292189
vt 1.186080 0.292189
vt -0.090246 0.951377
vt -0.090249 0.304216
vt 0.016934 0.304216
vt 0.016938 0.951377
vt -0.287794 0.951453
vt -0.287795 0.304292
vt -0.242613 0.304254
vt -0.242612 0.951415
vt -0.135431 0.304254
vt -0.135428 0.951415
vt -0.242612 0.960288
vt -0.135428 0.960288
vt -0.242613 0.295381
vt -0.135431 0.295381
vt -0.397798 0.951377
vt -0.397798 0.304216
vt -0.290615 0.304216
vt -0.290614 0.951377
vt -0.595347 0.951453
vt -0.595345 0.304291
vt -0.550162 0.304253
vt -0.550164 0.951415
vt -0.442980 0.304253
vt -0.442980 0.951415
vt -0.550164 0.960288
vt -0.442981 0.960288
vt -0.550162 0.295380
vt -0.442980 0.295380
vt -1.434889 0.951156
vt -1.434891 0.409594
vt -1.324648 0.409594
vt -1.324646 0.951156
vt -1.620757 0.951167
vt -1.620756 0.409605
vt -1.582945 0.409600
vt -1.582945 0.951162
vt -1.472702 0.409600
vt -1.472701 0.951162
vt -1.582945 0.960288
vt -1.472701 0.960288
vt -1.582945 0.400473
vt -1.472702 0.400473
vt -1.130524 0.951154
vt -1.130521 0.409510
vt -1.014857 0.409510
vt -1.014857 0.951154
vt -1.321826 0.951166
vt -1.321821 0.409521
vt -1.284004 0.409515
vt -1.284009 0.951160
vt -1.168339 0.409515
vt -1.168342 0.951160
vt -1.284009 0.960288
vt -1.168342 0.960288
vt -1.284004 0.400388
vt -1.168339 0.400388
vt -1.734302 0.951122
vt -1.734302 0.497436
vt -1.623576 0.497436
vt -1.623577 0.951122
vt -1.918367 0.951122
vt -1.918358 0.497436
vt -1.881693 0.497436
vt -1.881697 0.951122
vt -1.770967 0.497436
vt -1.770971 0.951122
vt -1.881697 0.960288
vt -1.770971 0.960288
vt -1.881693 0.488270
vt -1.770967 0.488270
vt -0.768435 0.951122
vt -0.768435 0.552760
vt -0.598166 0.552760
vt -0.598166 0.951122
vt -1.012037 0.951122
vt -1.012036 0.552760
vt -0.975370 0.552760
vt -0.975371 0.951122
vt -0.805101 0.552760
vt -0.805102 0.951122
vt -0.975371 0.960288
vt -0.805102 0.960288
vt -0.975370 0.543594
vt -0.805101 0.543594
vt 0.261328 0.951136
vt 0.261328 0.415579
vt 0.428112 0.415579
vt 0.428113 0.951136
vt 0.019758 0.951143
vt 0.019759 0.415586
vt 0.057151 0.415582
vt 0.057150 0.951139
vt 0.223935 0.415582
vt 0.223936 0.951139
vt 0.057150 0.960288
vt 0.223935 0.960288
vt 0.057151 0.406433
vt 0.223935 0.406433
vt -0.708892 0.533722
vt -0.708895 0.062126
vt -0.598170 0.062126
vt -0.598166 0.533722
vt -0.892956 0.533723
vt -0.892953 0.062126
vt -0.856287 0.062126
vt -0.856286 0.533723
vt -0.745561 0.062126
vt -0.745561 0.533723
vt -0.856286 0.542889
vt -0.745561 0.542889
vt -0.856287 0.052959
vt -0.745561 0.052959
vt -1.734304 0.478398
vt -1.734303 0.055789
vt -1.623576 0.055789
vt -1.623577 0.478398
vt -1.918361 0.478398
vt -1.918362 0.055789
vt -1.881695 0.055789
vt -1.881696 0.478398
vt -1.770969 0.055789
vt -1.770969 0.478398
vt -1.881696 0.487565
vt -1.770969 0.487565
vt -1.881695 0.046623
vt -1.770969 0.046623
vt -2.031911 0.951122
vt -2.031910 0.567599
vt -1.921186 0.567599
vt -1.921186 0.951122
vt -2.215984 0.951122
vt -2.215965 0.567599
vt -2.179300 0.567599
vt -2.179310 0.951122
vt -2.068575 0.567599
vt -2.068585 0.951122
vt -2.179311 0.960288
vt -2.068585 0.960288
vt -2.179300 0.558433
vt -2.068575 0.558433
vt 0.836740 0.533722
vt 0.836739 0.178776
vt 1.004712 0.178776
vt 1.004712 0.533722
vt 0.595434 0.533722
vt 0.595435 0.178776
vt 0.632101 0.178776
vt 0.632101 0.533722
vt 0.800074 0.178776
vt 0.800073 0.533722
vt 0.632101 0.542889
vt 0.800073 0.542889
vt 0.632101 0.169610
vt 0.800074 0.169610
vt -0.354042 0.285509
vt -0.354042 0.009519
vt -0.186069 0.009519
vt -0.186069 0.285509
vt -0.595344 0.285509
vt -0.595347 0.009519
vt -0.558681 0.009519
vt -0.558680 0.285509
vt -0.390708 0.009519
vt -0.390706 0.285509
vt -0.558680 0.294675
vt -0.390706 0.294675
vt -0.558681 0.000353
vt -0.390708 0.000352
vt 0.297196 0.396562
vt 0.297196 0.120572
vt 0.501302 0.120572
vt 0.501302 0.396562
vt 0.019761 0.396562
vt 0.019758 0.120572
vt 0.056423 0.120572
vt 0.056426 0.396562
vt 0.260530 0.120572
vt 0.260532 0.396562
vt 0.056426 0.405728
vt 0.260532 0.405728
vt 0.056423 0.111405
vt 0.260530 0.111405
vt 0.754489 0.951122
vt 0.754488 0.552760
vt 1.004711 0.552760
vt 1.004712 0.951122
vt 0.430933 0.951122
vt 0.430934 0.552760
vt 0.467600 0.552760
vt 0.467600 0.951122
vt 0.717822 0.552760
vt 0.717822 0.951122
vt 0.467600 0.960288
vt 0.717822 0.960288
vt 0.467600 0.543594
vt 0.717822 0.543594
vt -1.197683 0.390516
vt -1.197683 0.113338
vt -1.014857 0.113338
vt -1.014857 0.390516
vt -1.453845 0.390516
vt -1.453840 0.113338
vt -1.417174 0.113338
vt -1.417177 0.390516
vt -1.234349 0.113338
vt -1.234351 0.390516
vt -1.417177 0.399682
vt -1.234351 0.399683
vt -1.417174 0.104172
vt -1.234349 0.104172
vn 1.0000 0.0000 0.0000
vn 0.0000 0.0000 1.0000
vn -1.0000 0.0000 0.0000
vn 0.0000 -0.0000 -1.0000
vn 0.0000 -1.0000 0.0000
vn 0.0000 1.0000 0.0000
vn -0.0000 0.7071 -0.7071
vn -0.0000 -0.7071 -0.7071
vn 0.0000 -0.7071 0.7071
vn 0.0000 0.7071 0.7071
vn 0.7071 0.7071 -0.0000
vn 0.7071 -0.7071 0.0000
vn -0.7071 -0.7071 0.0000
vn -0.7071 0.7071 -0.0000
vn 0.0000 1.0000 -0.0050
vn 0.0000 -1.0000 0.0050
vn 0.5334 -0.8458 0.0000
vn 0.0311 -0.9995 0.0000
vn -0.5334 0.8458 0.0000
vn -0.0004 -1.0000 0.0000
vn -0.0004 1.0000 0.0000
vn -0.0004 0.0000 1.0000
vn -0.0004 0.7071 -0.7071
vn -0.0004 -0.7071 -0.7071
vn -0.0004 -0.7071 0.7071
vn -0.0004 0.7071 0.7071
vn -0.0004 0.0000 -1.0000
vn 0.0004 -1.0000 0.0000
vn 0.0004 1.0000 0.0000
vn 0.0004 0.0000 1.0000
vn 0.0004 0.7071 -0.7071
vn 0.0004 -0.7071 -0.7071
vn 0.0004 -0.7071 0.7071
vn 0.0004 0.7071 0.7071
vn 0.0004 0.0000 -1.0000
vn -0.5433 0.0000 0.8395
vn 0.5433 0.0000 -0.8395
vn -0.8395 0.0000 -0.5433
vn 0.8395 0.0000 0.5433
vn -1.0000 0.0000 -0.0001
vn -0.0228 -0.0000 -0.9997
vn 0.0228 0.0000 0.9997
vn 0.9997 0.0000 -0.0228
vn -0.9997 0.0000 0.0228
vn 0.9997 0.0000 -0.0227
vn -0.9997 0.0000 0.0227
vn 0.6258 0.0000 0.7800
vn -0.6258 0.0000 -0.7800
vn -0.7800 0.0000 0.6258
vn 0.7800 0.0000 -0.6258
vn -0.6257 0.0000 -0.7800
vn -0.9520 0.0000 -0.3062
vn 0.9520 0.0000 0.3062
vn -0.3062 0.0000 0.9520
vn 0.3062 0.0000 -0.9520
vn 0.0593 -0.9928 0.1043
vn -0.0593 -0.9928 0.1043
vn 0.8020 0.5929 -0.0731
vn 0.0242 -0.6357 -0.7715
vn -0.9431 -0.3310 0.0325
vn 0.0377 -0.4787 -0.8772
vn -0.7820 -0.6230 0.0174
vn -0.1376 0.9829 -0.1220
vn -0.0820 0.6065 0.7908
vn 0.9366 0.3503 0.0055
vn -0.8183 0.5703 -0.0721
vn 0.0022 0.4739 0.8806
vn 0.9429 -0.3308 0.0390
vn -0.0188 -0.6336 -0.7734
vn -0.9368 0.3500 0.0016
vn 0.1376 0.9829 -0.1220
vn 0.7999 -0.5999 0.0191
vn -0.0350 -0.4641 -0.8851
vn -0.0061 0.4880 0.8728
vn 0.0757 0.6064 0.7916
vn -0.0285 0.9531 -0.3013
vn -0.0303 0.5733 -0.8188
vn -0.1862 0.9616 -0.2017
vn -0.1867 0.9678 0.1689
vn 0.6773 0.2320 0.6982
vn 0.0415 0.2817 0.9586
vn 0.0545 -0.2840 0.9573
vn 0.7001 -0.1849 0.6897
vn 0.0260 -0.8589 0.5115
vn 0.6485 -0.6430 0.4074
vn -0.1203 0.4982 0.8587
vn -0.1315 -0.2866 0.9490
vn 0.0272 -0.4923 0.8700
vn 0.0092 0.2922 0.9563
vn -0.1572 0.8482 0.5058
vn -0.0139 0.8797 0.4753
vn -0.6429 -0.3696 0.6709
vn 0.0176 -0.9926 0.1202
vn 0.6195 -0.2324 -0.7498
vn -0.0458 -0.2972 -0.9537
vn -0.0568 0.2647 -0.9627
vn 0.6186 0.1958 -0.7609
vn -0.0157 -0.2349 -0.9719
vn 0.0032 -0.8706 -0.4920
vn -0.4944 -0.7342 -0.4653
vn -0.3382 0.3223 -0.8842
vn -0.0278 -0.9003 -0.4343
vn 0.0218 0.8914 0.4527
vn 0.6611 -0.7131 0.2333
vn 0.0142 -0.9440 0.3296
vn -0.0254 -0.7959 -0.6049
vn 0.5966 -0.6241 -0.5045
vn 0.6217 0.7363 -0.2670
vn -0.0138 0.9473 -0.3200
vn 0.0271 0.7790 0.6265
vn 0.6076 0.6346 0.4777
vn 0.6152 -0.1910 -0.7649
vn 0.6171 0.2524 -0.7453
vn 0.6571 0.1937 0.7285
vn 0.6738 -0.2323 0.7014
vn 0.0414 0.2392 0.9701
vn 0.0399 -0.3264 0.9444
vn -0.0408 0.3139 -0.9486
vn -0.0413 -0.2561 -0.9658
vn -0.6529 -0.7127 0.2566
vn -0.6194 -0.6193 -0.4824
vn -0.6301 0.7371 -0.2444
vn -0.5860 0.6382 0.4993
vn -0.6440 -0.2368 0.7274
vn -0.6256 0.1974 0.7548
vn -0.6473 0.2483 -0.7207
vn -0.6472 -0.1876 -0.7389
vn -0.0354 -0.8659 0.4990
vn 0.0211 -0.9925 0.1207
vn 0.0033 -0.8707 -0.4918
vn -0.0168 -0.8962 -0.4433
vn 0.0151 0.8771 -0.4800
vn -0.0337 0.9531 -0.3009
vn -0.0158 0.8800 0.4746
vn 0.0080 0.8961 0.4438
vn 0.5768 -0.7477 -0.3291
vn 0.6631 -0.2257 -0.7137
vn 0.6639 0.1913 -0.7229
vn 0.6155 0.6773 -0.4030
vn 0.5948 0.7210 0.3554
vn 0.6340 0.2344 0.7370
vn 0.6566 -0.1950 0.7286
vn 0.6232 -0.6491 0.4363
vn -0.0330 0.2985 0.9538
vn 0.0116 0.2935 0.9559
vn 0.0327 -0.4909 0.8706
vn -0.0226 -0.2696 0.9627
vn 0.0299 0.2521 -0.9672
vn 0.0317 -0.3082 -0.9508
vn -0.0194 -0.2337 -0.9721
vn -0.0363 0.5737 -0.8182
vn -0.6858 -0.3813 0.6199
vn -0.5185 -0.7227 -0.4570
vn -0.2160 0.9616 0.1691
vn -0.1815 0.8441 0.5046
vn -0.1471 -0.2852 0.9471
vn -0.1396 0.4978 0.8560
vn -0.2148 0.9560 -0.1996
vn -0.3656 0.3237 -0.8727
vn 0.7887 -0.2283 -0.5708
vn 0.9783 0.2056 -0.0251
vn 0.8777 -0.2842 0.3858
vn 0.7560 -0.6544 -0.0147
vn -0.5097 -0.0304 -0.8598
vn -0.8719 0.2720 -0.4071
vn -0.7630 0.6464 0.0007
vn -0.3649 0.9143 0.1760
vn 0.2523 0.9675 0.0192
vn 0.6350 0.6194 -0.4616
vn 0.4869 0.2363 -0.8409
vn 0.0855 -0.0073 -0.9963
vn -0.5301 -0.5732 -0.6248
vn 0.2583 -0.5364 -0.8035
vn 0.3374 -0.9231 -0.1844
vn -0.2774 -0.9603 -0.0294
vn 0.4996 0.5845 0.6393
vn -0.2672 0.5151 0.8144
vn -0.0821 -0.0028 0.9966
vn 0.5065 0.0166 0.8621
vn -0.4839 -0.2389 0.8419
vn -0.6376 -0.6295 0.4441
vn -0.7924 0.2230 0.5677
vn -0.9760 -0.2170 0.0184
vn 0.6165 -0.6997 -0.3611
vn 0.6165 -0.6997 0.3611
vn 0.0000 -0.8886 0.4587
vn 0.0000 -0.8886 -0.4587
vn 0.6165 0.6997 0.3611
vn 0.6165 0.6997 -0.3611
vn 0.0000 0.8886 -0.4587
vn 0.0000 0.8886 0.4587
vn 0.6443 -0.2325 -0.7286
vn 0.6443 0.2325 -0.7286
vn 0.6443 0.2325 0.7286
vn 0.6443 -0.2325 0.7286
vn 0.0000 -0.3040 -0.9527
vn 0.0000 0.3040 -0.9527
vn -0.0000 0.3040 0.9527
vn -0.0000 -0.3040 0.9527
vn -0.6165 -0.6997 -0.3611
vn -0.6165 -0.6997 0.3611
vn -0.6165 0.6997 0.3611
vn -0.6165 0.6997 -0.3611
vn -0.6443 -0.2325 0.7286
vn -0.6443 0.2325 0.7286
vn -0.6443 0.2325 -0.7286
vn -0.6443 -0.2325 -0.7286
vn 0.0263 -0.8983 -0.4386
vn -0.0371 -0.8865 0.4611
vn 0.0137 -0.8930 0.4498
vn 0.0145 -0.8890 -0.4577
vn -0.0273 0.8915 0.4522
vn 0.0059 0.8868 -0.4622
vn -0.0111 0.8822 -0.4707
vn -0.0138 0.8945 0.4468
vn 0.5999 -0.7042 0.3797
vn 0.6227 -0.7077 -0.3337
vn 0.6664 -0.2377 -0.7067
vn 0.6666 0.2283 -0.7096
vn 0.6285 0.6954 -0.3485
vn 0.6069 0.7031 0.3704
vn 0.6224 0.2396 0.7451
vn 0.6223 -0.2381 0.7457
vn 0.0469 0.2980 -0.9534
vn 0.0498 -0.3123 -0.9487
vn 0.0068 -0.3097 -0.9508
vn -0.0017 0.2989 -0.9543
vn -0.0515 0.3125 0.9485
vn -0.0495 -0.3120 0.9488
vn -0.0062 0.3073 0.9516
vn 0.0037 -0.3101 0.9507
vn -0.6231 -0.6982 -0.3524
vn -0.6100 -0.7003 0.3707
vn -0.6098 0.7009 0.3699
vn -0.6228 0.6990 -0.3514
vn -0.6308 -0.2331 0.7401
vn -0.6308 0.2354 0.7394
vn -0.6576 0.2322 -0.7167
vn -0.6578 -0.2290 -0.7176
vn 0.6159 -0.7051 -0.3513
vn 0.6092 -0.6986 0.3753
vn 0.0045 -0.8812 0.4727
vn 0.0063 -0.8908 -0.4544
vn 0.6199 0.6997 0.3552
vn 0.6235 0.6868 -0.3736
vn -0.0043 0.8778 -0.4790
vn -0.0064 0.8960 0.4439
vn 0.6461 -0.2369 -0.7256
vn 0.6482 0.2171 -0.7299
vn 0.6414 0.2355 0.7302
vn 0.6384 -0.2287 0.7350
vn 0.0038 -0.3040 -0.9527
vn 0.0003 0.2892 -0.9573
vn -0.0038 0.3137 0.9495
vn -0.0001 -0.2924 0.9563
vn -0.6112 -0.7087 -0.3524
vn -0.6059 -0.7017 0.3749
vn -0.6246 0.6962 0.3538
vn -0.6267 0.6834 -0.3745
vn -0.6384 -0.2303 0.7344
vn -0.6442 0.2334 0.7284
vn -0.6479 0.2153 -0.7306
vn -0.6431 -0.2391 -0.7275
vn 0.6417 -0.7297 -0.2361
vn 0.6102 -0.6442 0.4613
vn -0.0005 -0.8186 0.5743
vn -0.0010 -0.9527 -0.3038
vn 0.6208 0.7417 0.2540
vn 0.5941 0.6570 -0.4640
vn 0.0008 0.8096 -0.5870
vn 0.0008 0.9447 0.3278
vn 0.6581 -0.2600 -0.7067
vn 0.6379 0.2137 -0.7398
vn 0.6440 0.2616 0.7189
vn 0.6426 -0.2104 0.7367
vn -0.0005 -0.3603 -0.9328
vn 0.0002 0.2644 -0.9644
vn 0.0003 0.3321 0.9432
vn -0.0001 -0.2837 0.9589
vn -0.6424 -0.7291 -0.2359
vn -0.6106 -0.6437 0.4613
vn -0.6202 0.7422 0.2539
vn -0.5936 0.6574 -0.4642
vn -0.6427 -0.2102 0.7367
vn -0.6437 0.2620 0.7190
vn -0.6378 0.2140 -0.7399
vn -0.6584 -0.2596 -0.7065
vn -0.0518 -0.9027 -0.4271
vn -0.0378 -0.8811 0.4714
vn 0.0071 -0.8777 0.4791
vn -0.0018 -0.9013 -0.4331
vn 0.0488 0.9037 0.4254
vn 0.0358 0.8842 -0.4656
vn -0.0059 0.8849 -0.4658
vn 0.0037 0.8928 0.4504
vn 0.6083 -0.7066 0.3616
vn 0.6008 -0.7112 -0.3650
vn 0.6323 -0.2367 -0.7377
vn 0.6367 0.2286 -0.7365
vn 0.6225 0.6886 -0.3720
vn 0.6328 0.6901 0.3511
vn 0.6556 0.2299 0.7192
vn 0.6501 -0.2302 0.7241
vn -0.0167 0.2905 -0.9567
vn -0.0569 -0.3097 -0.9491
vn -0.0084 -0.3145 -0.9492
vn -0.0099 0.3015 -0.9534
vn 0.0526 0.3024 0.9517
vn 0.0171 -0.3100 0.9506
vn 0.0097 0.3010 0.9536
vn 0.0105 -0.3053 0.9522
vn -0.6159 -0.7054 -0.3509
vn -0.6170 -0.6957 0.3678
vn -0.6198 0.7035 0.3479
vn -0.6109 0.6985 -0.3727
vn -0.6500 -0.2310 0.7239
vn -0.6492 0.2339 0.7238
vn -0.6380 0.2361 -0.7329
vn -0.6411 -0.2349 -0.7307
vn 0.2615 -0.9445 0.1990
vn 0.1629 -0.5184 0.8395
vn -0.5682 -0.5725 0.5910
vn -0.3338 -0.9423 0.0270
vn -0.0029 -0.0025 -1.0000
vn -0.1292 0.5334 -0.8359
vn 0.5833 0.5770 -0.5717
vn 0.5503 0.0090 -0.8349
vn -0.5475 -0.0471 0.8355
vn 0.0239 -0.0524 0.9983
vn 0.4894 0.2128 0.8457
vn 0.6516 0.6139 0.4457
vn 0.3317 0.9433 0.0104
vn -0.2578 0.9548 -0.1478
vn -0.7371 0.6754 0.0210
vn -0.8653 0.2687 0.4231
vn 0.8761 -0.2692 -0.3999
vn 0.9632 0.2649 0.0450
vn 0.7659 -0.1860 0.6154
vn 0.7466 -0.6650 0.0205
vn 0.9601 0.2778 0.0333
vn 0.7621 -0.2295 0.6054
vn 0.1568 -0.5965 0.7872
vn -0.5787 -0.6241 0.5250
vn -0.6458 -0.6315 -0.4291
vn -0.9634 -0.2625 -0.0545
vn -0.7468 0.1984 -0.6348
vn -0.4720 -0.2465 -0.8465
vn -0.1727 0.5881 -0.7902
vn 0.5541 0.6177 -0.5580
vn -0.9677 -0.2484 -0.0441
vn -0.7850 0.2419 -0.5703
vn -0.9750 0.2219 -0.0112
vn -0.8755 -0.2680 0.4021
vn -0.5505 0.0098 0.8348
vn -0.5849 0.5329 0.6115
vn 0.1410 0.5117 0.8475
vn 0.7647 0.2118 0.6086
vn 0.7790 0.2702 0.5658
vn 0.1715 0.5959 0.7845
vn 0.5432 -0.0833 -0.8354
vn -0.0309 -0.0928 -0.9952
vn -0.4985 0.1855 -0.8468
vn -0.6487 0.6051 -0.4616
vn -0.3232 0.9453 -0.0451
vn 0.2666 0.9578 0.1073
vn 0.7391 0.6715 -0.0537
vn 0.8654 0.2472 -0.4359
vn 0.4697 -0.2492 0.8469
vn 0.6438 -0.6326 0.4306
vn 0.9748 -0.2229 0.0099
vn -0.5571 0.5959 0.5784
vn 0.5849 -0.5879 -0.5588
vn -0.1640 -0.5936 -0.7879
vn -0.7905 -0.2625 -0.5534
vn -0.9732 0.2297 0.0108
vn -0.1462 -0.5102 -0.8475
vn -0.2615 -0.9445 -0.1991
vn -0.7475 -0.6639 -0.0206
vn -0.7646 -0.2111 -0.6089
vn 0.5792 -0.5331 -0.6167
vn 0.3327 -0.9427 -0.0264
vn 0.9764 -0.2144 0.0273
vn 0.0028 -0.0027 1.0000
vn 0.7625 0.2121 -0.6112
vn 0.1405 0.5137 -0.8464
vn 0.1657 0.6008 -0.7821
vn 0.7708 0.2575 -0.5827
vn -0.2606 -0.9441 0.2019
vn 0.3339 -0.9421 0.0292
vn 0.5798 -0.5335 0.6158
vn -0.1473 -0.5109 0.8469
vn 0.0027 -0.0060 -1.0000
vn -0.5498 0.0058 -0.8353
vn -0.5837 0.5354 -0.6105
vn 0.5553 -0.1000 0.8256
vn 0.8791 0.2282 0.4184
vn 0.7502 0.6601 0.0382
vn 0.2763 0.9549 -0.1085
vn -0.3062 0.9502 0.0585
vn -0.6269 0.6157 0.4774
vn -0.4795 0.1957 0.8554
vn -0.0192 -0.0942 0.9954
vn -0.8752 -0.2709 -0.4008
vn -0.7465 -0.6650 0.0229
vn -0.7660 -0.2104 0.6074
vn -0.9744 0.2243 0.0126
vn -0.5580 0.6167 -0.5553
vn -0.1698 -0.5960 0.7848
vn 0.5765 -0.6118 0.5415
vn -0.9668 0.2549 0.0185
vn -0.7856 -0.2452 0.5681
vn 0.6452 -0.6322 -0.4290
vn 0.4698 -0.2498 -0.8467
vn 0.9745 -0.2239 -0.0126
vn 0.9694 -0.2398 -0.0527
vn -0.0278 0.8764 -0.4808
vn 0.5560 -0.7481 -0.3622
vn 0.5910 0.6800 -0.4340
vn 0.6149 0.7196 0.3227
vn 0.9037 -0.3222 -0.2819
vn 0.9143 0.1950 0.3550
vn 0.7297 -0.2727 0.6270
vn 0.6705 -0.7001 0.2454
vn -0.2625 0.0126 -0.9648
vn -0.6842 0.2753 -0.6754
vn -0.7077 0.6857 -0.1702
vn -0.2811 0.9463 0.1595
vn 0.2583 0.9508 0.1710
vn 0.7093 0.6856 -0.1638
vn 0.6884 0.2519 -0.6802
vn 0.2485 -0.0018 -0.9686
vn -0.4125 -0.5462 -0.7291
vn 0.3202 -0.5826 -0.7470
vn 0.2364 -0.9710 -0.0357
vn -0.3945 -0.9181 -0.0395
vn 0.9013 0.1859 0.3913
vn 0.9093 -0.3177 -0.2688
vn 0.3669 -0.5810 -0.7265
vn -0.3234 -0.5349 -0.7806
vn 0.3336 0.5356 0.7758
vn -0.2922 0.5811 0.7595
vn -0.1989 0.0887 0.9760
vn 0.3389 0.0360 0.9401
vn 0.3416 0.5298 0.7763
vn -0.3247 0.5842 0.7438
vn -0.6579 -0.0956 0.7470
vn -0.8044 -0.5161 0.2942
vn -0.8739 0.3645 0.3216
vn -0.9418 -0.1461 -0.3028
vn -0.8924 -0.1837 -0.4121
vn -0.9004 0.3296 0.2840
vn 0.8702 -0.2587 -0.4193
vn 0.9303 0.2272 0.2881
vn 0.7272 -0.2010 0.6564
vn 0.7060 -0.6801 0.1978
vn -0.2440 0.0002 -0.9698
vn -0.7293 0.3277 -0.6006
vn -0.7153 0.6840 -0.1433
vn -0.3896 0.9153 0.1024
vn 0.2275 0.9681 0.1049
vn 0.7410 0.6109 -0.2788
vn 0.6758 0.1951 -0.7108
vn 0.3319 -0.0173 -0.9432
vn -0.2472 -0.5889 -0.7695
vn 0.3939 -0.5419 -0.7424
vn 0.2813 -0.9577 -0.0612
vn -0.2526 -0.9664 -0.0473
vn 0.9508 0.1325 0.2802
vn 0.8813 -0.2829 -0.3786
vn 0.5002 -0.5099 -0.6999
vn -0.2360 -0.4885 -0.8400
vn 0.2522 0.5447 0.7998
vn -0.4239 0.5353 0.7306
vn -0.2635 0.0616 0.9627
vn 0.2545 0.1125 0.9605
vn 0.2817 0.5647 0.7757
vn -0.5021 0.5223 0.6893
vn -0.6580 -0.1891 0.7289
vn -0.7114 -0.6551 0.2543
vn -0.8841 0.2535 0.3925
vn -0.9236 -0.2979 -0.2411
vn -0.9425 -0.1388 -0.3040
vn -0.8805 0.3244 0.3458
vn -0.8606 -0.2591 0.4385
vn -0.9631 0.1611 -0.2156
vn -0.7470 -0.3003 -0.5931
vn -0.7180 -0.6846 -0.1258
vn 0.3570 0.0129 0.9340
vn 0.7216 0.3195 0.6142
vn 0.6697 0.7316 0.1272
vn 0.1834 0.9716 -0.1496
vn -0.4128 0.9077 -0.0758
vn -0.7670 0.5687 0.2972
vn -0.6217 0.1768 0.7631
vn -0.1349 -0.0431 0.9899
vn 0.4379 -0.5074 0.7422
vn -0.2470 -0.5512 0.7970
vn -0.2563 -0.9514 0.1708
vn 0.3563 -0.9261 0.1239
vn -0.9746 0.1430 -0.1722
vn -0.8095 -0.3606 0.4634
vn -0.1720 -0.5959 0.7844
vn 0.4763 -0.5310 0.7008
vn -0.4941 0.4792 -0.7254
vn 0.2211 0.5268 -0.8207
vn 0.2052 -0.0217 -0.9785
vn -0.3507 -0.0415 -0.9356
vn -0.5168 0.5163 -0.6829
vn 0.2324 0.5874 -0.7752
vn 0.6620 -0.2414 -0.7096
vn 0.7448 -0.6207 -0.2449
vn 0.8445 0.2625 -0.4668
vn 0.9564 -0.1892 0.2223
vn 0.9557 -0.1734 0.2379
vn 0.8537 0.3186 -0.4118
vn -0.8357 -0.3138 0.4507
vn -0.9665 0.1799 -0.1830
vn -0.7482 -0.2661 -0.6078
vn -0.7073 -0.6835 -0.1806
vn 0.2490 -0.0290 0.9681
vn 0.6636 0.2723 0.6967
vn 0.6616 0.7385 0.1301
vn 0.1980 0.9664 -0.1642
vn -0.3217 0.9387 -0.1235
vn -0.7302 0.6342 0.2542
vn -0.5981 0.1825 0.7804
vn -0.1260 -0.0484 0.9908
vn 0.3285 -0.5673 0.7552
vn -0.2397 -0.5711 0.7851
vn -0.2522 -0.9632 0.0928
vn 0.3489 -0.9358 0.0499
vn -0.9488 0.1843 -0.2567
vn -0.7985 -0.3562 0.4853
vn -0.1944 -0.5561 0.8081
vn 0.3181 -0.5394 0.7796
vn -0.4564 0.5266 -0.7172
vn 0.2505 0.5558 -0.7927
vn 0.2131 0.0639 -0.9749
vn -0.3611 0.0376 -0.9318
vn -0.4020 0.5155 -0.7567
vn 0.2669 0.5448 -0.7950
vn 0.6683 -0.1973 -0.7172
vn 0.7348 -0.6137 -0.2890
vn 0.8692 0.2392 -0.4328
vn 0.9141 -0.3017 0.2708
vn 0.9022 -0.2458 0.3544
vn 0.8516 0.3117 -0.4213
vn 0.6152 -0.6603 0.4307
vn 0.0149 -0.8547 0.5190
vn 0.0057 -0.9181 -0.3962
vn 0.6333 -0.7176 -0.2899
vn 0.6222 0.6807 -0.3866
vn -0.0154 0.8522 -0.5230
vn -0.0054 0.9164 0.4003
vn 0.5955 0.7293 0.3368
vn 0.6674 -0.2645 -0.6962
vn 0.6642 0.2056 -0.7188
vn 0.6174 0.2666 0.7401
vn 0.6258 -0.1873 0.7572
vn 0.0069 0.3427 0.9394
vn 0.0136 -0.2593 0.9657
vn -0.0137 0.2537 -0.9672
vn -0.0066 -0.3500 -0.9367
vn -0.6283 -0.6763 0.3845
vn -0.6017 -0.7247 -0.3356
vn -0.6088 0.6652 -0.4323
vn -0.6275 0.7218 0.2920
vn -0.6659 -0.2042 0.7175
vn -0.6647 0.2649 0.6985
vn -0.6239 0.1888 -0.7584
vn -0.6203 -0.2661 -0.7379
vn 0.8462 -0.5328 0.0051
vn 0.8952 -0.4447 -0.0300
vn 0.8920 0.4465 0.0698
vn 0.9229 0.3847 0.0126
vn -0.8905 0.4546 -0.0198
vn -0.8764 0.4804 0.0344
vn -0.9039 -0.4225 -0.0676
vn -0.8912 -0.4533 -0.0188
vn 0.7386 0.3482 0.5772
vn 0.2323 0.7444 0.6260
vn -0.2086 0.7641 0.6104
vn -0.6957 0.4390 0.5685
vn -0.7423 -0.3088 0.5947
vn -0.2657 -0.6902 0.6731
vn 0.1556 -0.6880 0.7088
vn 0.6201 -0.4130 0.6670
vn -0.3166 -0.9478 -0.0371
vn -0.3197 -0.9408 -0.1127
vn 0.3110 -0.9452 -0.0991
vn 0.2517 -0.9678 -0.0026
vn -0.2529 0.9674 0.0151
vn 0.3405 0.9397 0.0331
vn 0.3290 0.9376 0.1123
vn -0.2869 0.9527 0.1004
vn -0.9999 -0.0087 0.0113
vn 1.0000 -0.0025 0.0010
vn 1.0000 -0.0049 0.0020
vn 1.0000 -0.0024 0.0010
vn 1.0000 -0.0016 0.0007
vn 1.0000 -0.0016 -0.0007
vn 1.0000 -0.0024 -0.0010
vn 1.0000 -0.0049 -0.0020
vn 1.0000 -0.0025 -0.0010
vn -0.0209 0.9998 -0.0000
vn -1.0000 -0.0016 0.0007
vn -1.0000 -0.0024 0.0010
vn -1.0000 -0.0049 0.0020
vn -1.0000 -0.0025 0.0010
vn -0.0477 0.9988 0.0096
vn -0.0477 0.9988 -0.0096
vn -0.0008 0.0028 1.0000
vn -0.0012 0.0043 1.0000
vn -0.0024 0.0085 1.0000
vn 0.0012 0.0043 1.0000
vn 0.0008 0.0028 1.0000
vn 0.0024 0.0085 1.0000
vn 0.0000 0.9995 -0.0323
vn -1.0000 -0.0025 -0.0010
vn -1.0000 -0.0049 -0.0020
vn -1.0000 -0.0024 -0.0010
vn -1.0000 -0.0016 -0.0007
vn 0.0453 0.9989 -0.0072
vn 0.0453 0.9989 0.0072
vn -0.9999 -0.0087 -0.0113
vn 0.0008 0.0028 -1.0000
vn 0.0012 0.0043 -1.0000
vn 0.0024 0.0085 -1.0000
vn -0.0012 0.0043 -1.0000
vn -0.0008 0.0028 -1.0000
vn -0.0024 0.0085 -1.0000
vn 0.0000 0.9995 0.0323
vn 0.8944 0.4472 -0.0000
usemtl wood2.002
s 1
f 235/288/261 236/289/261 238/290/261 237/291/261
f 237/292/262 238/293/262 242/294/262 241/295/262
f 241/295/263 242/294/263 240/296/263 239/297/263
f 239/297/264 240/296/264 236/289/264 235/288/264
f 237/298/265 241/295/265 239/297/265 235/299/265
f 242/294/266 238/300/266 236/301/266 240/296/266
f 247/302/265 243/303/265 245/304/265 248/305/265
f 247/306/262 246/307/262 337/308/262 243/303/262
f 248/309/261 338/310/261 246/311/261 247/312/261
f 245/304/264 244/313/264 338/310/264 248/309/264
f 337/314/266 246/315/266 338/316/266 244/317/266
f 243/303/263 337/308/263 244/313/263 245/304/263
f 253/318/265 250/319/265 252/320/265 254/321/265
f 253/322/262 329/323/262 249/324/262 250/319/262
f 254/325/261 330/326/261 329/327/261 253/328/261
f 252/320/264 251/329/264 330/326/264 254/325/264
f 249/330/266 329/331/266 330/332/266 251/333/266
f 250/319/263 249/324/263 251/329/263 252/320/263
f 258/334/265 255/335/265 256/336/265 260/337/265
f 331/338/265 332/339/265 259/340/265 257/341/265
f 263/342/265 261/343/265 262/344/265 265/345/265
f 263/346/262 335/347/262 333/348/262 261/343/262
f 265/349/261 264/350/261 335/351/261 263/352/261
f 262/344/264 334/353/264 264/350/264 265/349/264
f 333/354/266 335/355/266 264/356/266 334/357/266
f 261/343/263 333/348/263 334/353/263 262/344/263
f 266/358/261 267/359/261 269/360/261 268/361/261
f 268/362/262 269/363/262 273/364/262 272/365/262
f 272/365/263 273/364/263 271/366/263 270/367/263
f 270/367/264 271/366/264 267/359/264 266/358/264
f 268/368/265 272/365/265 270/367/265 266/369/265
f 273/364/266 269/370/266 267/371/266 271/366/266
f 274/372/261 275/373/261 277/374/261 276/375/261
f 276/376/262 277/377/262 281/378/262 280/379/262
f 280/379/263 281/378/263 279/380/263 278/381/263
f 278/381/264 279/380/264 275/373/264 274/372/264
f 276/382/265 280/379/265 278/381/265 274/383/265
f 281/378/266 277/384/266 275/385/266 279/380/266
f 282/386/261 283/387/261 285/388/261 284/389/261
f 284/390/262 285/391/262 289/392/262 288/393/262
f 288/393/263 289/392/263 287/394/263 286/395/263
f 286/395/264 287/394/264 283/387/264 282/386/264
f 284/396/265 288/393/265 286/395/265 282/397/265
f 289/392/266 285/398/266 283/399/266 287/394/266
f 298/400/261 299/401/261 301/402/261 300/403/261
f 300/404/262 301/405/262 305/406/262 304/407/262
f 304/407/263 305/406/263 303/408/263 302/409/263
f 302/409/264 303/408/264 299/401/264 298/400/264
f 300/410/265 304/407/265 302/409/265 298/411/265
f 305/406/266 301/412/266 299/413/266 303/408/266
f 306/414/261 307/415/261 309/416/261 308/417/261
f 308/418/262 309/419/262 313/420/262 312/421/262
f 312/421/263 313/420/263 311/422/263 310/423/263
f 310/423/264 311/422/264 307/415/264 306/414/264
f 308/424/265 312/421/265 310/423/265 306/425/265
f 313/420/266 309/426/266 307/427/266 311/422/266
f 318/428/265 315/429/265 317/430/265 320/431/265
f 318/432/262 336/433/262 314/434/262 315/429/262
f 320/435/261 319/436/261 336/437/261 318/438/261
f 317/430/264 316/439/264 319/436/264 320/435/264
f 314/440/266 336/441/266 319/442/266 316/443/266
f 315/429/263 314/434/263 316/439/263 317/430/263
f 321/444/261 322/445/261 324/446/261 323/447/261
f 323/448/262 324/449/262 328/450/262 327/451/262
f 327/451/263 328/450/263 326/452/263 325/453/263
f 325/453/264 326/452/264 322/445/264 321/444/264
f 323/454/265 327/451/265 325/453/265 321/455/265
f 328/450/266 324/456/266 322/457/266 326/452/266
f 341/458/262 339/459/262 340/460/262 342/461/262
f 341/462/261 907/463/261 903/464/261 339/459/261
f 342/465/265 909/466/265 907/467/265 341/468/265
f 340/460/263 905/469/263 909/466/263 342/465/263
f 345/470/262 343/471/262 344/472/262 346/473/262
f 339/459/266 903/464/266 905/469/266 340/460/266
f 345/474/261 915/475/261 911/476/261 343/471/261
f 346/477/265 917/478/265 915/479/265 345/480/265
f 344/472/263 913/481/263 917/478/263 346/477/263
f 343/471/266 911/476/266 913/481/266 344/472/266
f 349/482/262 347/483/262 348/484/262 350/485/262
f 349/486/261 923/487/261 919/488/261 347/483/261
f 350/489/265 925/490/265 923/491/265 349/492/265
f 348/484/263 921/493/263 925/490/263 350/489/263
f 347/483/266 919/488/266 921/493/266 348/484/266
f 353/494/261 351/495/261 352/496/261 354/497/261
f 353/498/264 611/499/264 607/500/264 351/495/264
f 354/501/265 613/502/265 611/503/265 353/504/265
f 352/496/262 609/505/262 613/502/262 354/501/262
f 351/495/266 607/500/266 609/505/266 352/496/266
f 446/506/265 709/507/265 708/508/265 443/509/265
f 442/510/266 703/511/266 714/512/266 439/513/266
f 443/514/261 444/515/261 441/516/261 442/517/261 439/518/261 440/519/261 445/520/261 446/521/261
f 440/522/262 713/523/262 710/524/262 445/525/262
f 360/526/263 356/527/263 358/528/263 362/529/263
f 360/530/262 359/531/262 355/532/262 356/527/262
f 362/533/265 361/534/265 359/535/265 360/536/265
f 358/528/264 357/537/264 361/534/264 362/533/264
f 355/532/261 359/538/261 361/539/261 357/537/261
f 370/540/264 366/541/264 364/542/264 368/543/264
f 367/544/263 368/543/263 364/545/263 363/546/263
f 369/547/266 370/540/266 368/543/266 367/544/266
f 365/548/261 366/549/261 370/540/261 369/547/261
f 363/546/265 364/545/265 366/550/265 365/551/265
f 365/552/262 369/547/262 367/544/262 363/553/262
f 378/554/264 374/555/264 372/556/264 376/557/264
f 375/558/263 376/557/263 372/559/263 371/560/263
f 377/561/266 378/554/266 376/557/266 375/558/266
f 373/562/261 374/563/261 378/554/261 377/561/261
f 371/560/265 372/559/265 374/564/265 373/565/265
f 373/566/262 377/561/262 375/558/262 371/567/262
f 356/527/266 355/532/266 357/537/266 358/528/266
f 384/568/263 380/569/263 382/570/263 386/571/263
f 384/572/262 383/573/262 379/574/262 380/569/262
f 386/575/265 385/576/265 383/577/265 384/578/265
f 382/570/264 381/579/264 385/576/264 386/575/264
f 379/574/261 383/580/261 385/581/261 381/579/261
f 380/569/266 379/574/266 381/579/266 382/570/266
f 392/582/263 388/583/263 390/584/263 394/585/263
f 392/586/262 391/587/262 387/588/262 388/583/262
f 394/589/265 393/590/265 391/591/265 392/592/265
f 390/584/264 389/593/264 393/590/264 394/589/264
f 387/588/261 391/594/261 393/595/261 389/593/261
f 388/583/266 387/588/266 389/593/266 390/584/266
f 400/596/263 396/597/263 398/598/263 402/599/263
f 400/600/262 399/601/262 395/602/262 396/597/262
f 402/603/265 401/604/265 399/605/265 400/606/265
f 398/598/264 397/607/264 401/604/264 402/603/264
f 395/602/261 399/608/261 401/609/261 397/607/261
f 396/597/266 395/602/266 397/607/266 398/598/266
f 408/610/263 404/611/263 406/612/263 410/613/263
f 408/614/262 407/615/262 403/616/262 404/611/262
f 410/617/265 409/618/265 407/619/265 408/620/265
f 406/612/264 405/621/264 409/618/264 410/617/264
f 403/616/261 407/622/261 409/623/261 405/621/261
f 404/611/266 403/616/266 405/621/266 406/612/266
f 418/624/261 414/625/261 412/626/261 416/627/261
f 413/628/262 414/629/262 418/624/262 417/630/262
f 413/631/263 417/630/263 415/632/263 411/633/263
f 415/632/264 416/627/264 412/634/264 411/635/264
f 417/630/266 418/624/266 416/627/266 415/632/266
f 411/635/265 412/634/265 414/636/265 413/637/265
f 684/638/262 421/639/262 419/640/262 680/641/262
f 686/642/265 422/643/265 421/644/265 684/645/265
f 682/646/264 420/647/264 422/643/264 686/642/264
f 419/640/261 421/648/261 422/649/261 420/647/261
f 680/641/266 419/640/266 420/647/266 682/646/266
f 425/650/262 423/651/262 424/652/262 426/653/262
f 425/654/261 1007/655/261 1003/656/261 423/651/261
f 426/657/265 1009/658/265 1007/659/265 425/660/265
f 424/652/263 1005/661/263 1009/658/263 426/657/263
f 423/651/266 1003/656/266 1005/661/266 424/652/266
f 429/662/265 427/663/265 428/664/265 431/665/265
f 429/666/262 437/667/262 433/668/262 427/663/262
f 431/669/261 430/670/261 437/671/261 429/672/261
f 428/664/264 435/673/264 430/670/264 431/669/264
f 433/674/266 437/675/266 430/676/266 435/677/266
f 427/663/263 433/668/263 435/673/263 428/664/263
f 437/678/262 436/679/262 432/680/262 433/681/262
f 430/682/261 438/683/261 436/684/261 437/685/261
f 435/686/264 434/687/264 438/683/264 430/682/264
f 432/680/266 436/688/266 438/689/266 434/687/266
f 433/681/263 432/680/263 434/687/263 435/686/263
f 703/511/267 442/510/267 441/516/267 704/690/267
f 707/691/268 444/692/268 443/509/268 708/508/268
f 445/525/269 710/524/269 709/507/269 446/506/269
f 713/523/270 440/522/270 439/513/270 714/512/270
f 444/515/264 707/693/264 704/690/264 441/516/264
f 454/694/265 725/695/265 724/696/265 451/697/265
f 450/698/266 719/699/266 730/700/266 447/701/266
f 451/702/261 452/703/261 449/704/261 450/705/261 447/706/261 448/707/261 453/708/261 454/709/261
f 448/710/262 729/711/262 726/712/262 453/713/262
f 719/699/267 450/698/267 449/704/267 720/714/267
f 723/715/268 452/716/268 451/697/268 724/696/268
f 453/713/269 726/712/269 725/695/269 454/694/269
f 729/711/270 448/710/270 447/701/270 730/700/270
f 452/703/264 723/717/264 720/714/264 449/704/264
f 462/718/265 1045/719/265 1044/720/265 459/721/265
f 458/722/266 1039/723/266 1050/724/266 455/725/266
f 459/726/262 460/727/262 457/728/262 458/729/262 455/730/262 456/731/262 461/732/262 462/733/262
f 456/734/263 1049/735/263 1046/736/263 461/737/263
f 1039/723/271 458/722/271 457/728/271 1040/738/271
f 1043/739/272 460/740/272 459/721/272 1044/720/272
f 461/737/273 1046/736/273 1045/719/273 462/718/273
f 1049/735/274 456/734/274 455/725/274 1050/724/274
f 460/727/261 1043/741/261 1040/738/261 457/728/261
f 463/742/261 464/743/261 466/744/261 465/745/261
f 465/746/269 466/747/269 470/748/269 469/749/269
f 469/749/263 470/748/263 468/750/263 467/751/263
f 467/751/267 468/750/267 464/743/267 463/742/267
f 465/752/268 469/749/268 467/751/268 463/753/268
f 470/748/270 466/754/270 464/755/270 468/750/270
f 471/756/261 472/757/261 474/758/261 473/759/261
f 473/760/269 474/761/269 478/762/269 477/763/269
f 477/763/263 478/762/263 476/764/263 475/765/263
f 475/765/267 476/764/267 472/757/267 471/756/267
f 473/766/268 477/763/268 475/765/268 471/767/268
f 478/762/270 474/768/270 472/769/270 476/764/270
f 479/770/261 480/771/261 482/772/261 481/773/261
f 481/774/269 482/775/269 486/776/269 485/777/269
f 485/777/263 486/776/263 484/778/263 483/779/263
f 483/779/267 484/778/267 480/771/267 479/770/267
f 481/780/268 485/777/268 483/779/268 479/781/268
f 486/776/270 482/782/270 480/783/270 484/778/270
f 487/784/263 489/785/263 490/786/263 488/787/263
f 489/788/262 493/789/262 494/790/262 490/791/262
f 493/789/261 491/792/261 492/793/261 494/790/261
f 491/792/264 487/784/264 488/787/264 492/793/264
f 489/794/265 487/795/265 491/792/265 493/789/265
f 494/790/266 492/793/266 488/796/266 490/797/266
f 499/798/265 500/799/265 497/800/265 495/801/265
f 499/802/262 495/801/262 590/803/262 498/804/262
f 500/805/263 499/806/263 498/807/263 594/808/263
f 497/800/264 500/805/264 594/808/264 496/809/264
f 590/810/266 496/811/266 594/812/266 498/813/266
f 495/801/261 497/800/261 496/809/261 590/803/261
f 505/814/265 506/815/265 504/816/265 502/817/265
f 505/818/262 502/817/262 501/819/262 581/820/262
f 506/821/263 505/822/263 581/823/263 582/824/263
f 504/816/264 506/821/264 582/824/264 503/825/264
f 501/826/266 503/827/266 582/828/266 581/829/266
f 502/817/261 504/816/261 503/825/261 501/819/261
f 510/830/265 512/831/265 508/832/265 507/833/265
f 583/834/265 509/835/265 511/836/265 584/837/265
f 515/838/265 517/839/265 514/840/265 513/841/265
f 515/842/262 513/841/262 585/843/262 587/844/262
f 517/845/263 515/846/263 587/847/263 516/848/263
f 514/840/264 517/845/264 516/848/264 586/849/264
f 585/850/266 586/851/266 516/852/266 587/853/266
f 513/841/261 514/840/261 586/849/261 585/843/261
f 518/854/263 520/855/263 521/856/263 519/857/263
f 520/858/262 524/859/262 525/860/262 521/861/262
f 524/859/261 522/862/261 523/863/261 525/860/261
f 522/862/264 518/854/264 519/857/264 523/863/264
f 520/864/265 518/865/265 522/862/265 524/859/265
f 525/860/266 523/863/266 519/866/266 521/867/266
f 526/868/263 528/869/263 529/870/263 527/871/263
f 528/872/262 532/873/262 533/874/262 529/875/262
f 532/873/261 530/876/261 531/877/261 533/874/261
f 530/876/264 526/868/264 527/871/264 531/877/264
f 528/878/265 526/879/265 530/876/265 532/873/265
f 533/874/266 531/877/266 527/880/266 529/881/266
f 534/882/263 536/883/263 537/884/263 535/885/263
f 536/886/262 540/887/262 541/888/262 537/889/262
f 540/887/261 538/890/261 539/891/261 541/888/261
f 538/890/264 534/882/264 535/885/264 539/891/264
f 536/892/265 534/893/265 538/890/265 540/887/265
f 541/888/266 539/891/266 535/894/266 537/895/266
f 550/896/263 552/897/263 553/898/263 551/899/263
f 552/900/262 556/901/262 557/902/262 553/903/262
f 556/901/261 554/904/261 555/905/261 557/902/261
f 554/904/264 550/896/264 551/899/264 555/905/264
f 552/906/265 550/907/265 554/904/265 556/901/265
f 557/902/266 555/905/266 551/908/266 553/909/266
f 558/910/263 560/911/263 561/912/263 559/913/263
f 560/914/262 564/915/262 565/916/262 561/917/262
f 564/915/261 562/918/261 563/919/261 565/916/261
f 562/918/264 558/910/264 559/913/264 563/919/264
f 560/920/265 558/921/265 562/918/265 564/915/265
f 565/916/266 563/919/266 559/922/266 561/923/266
f 570/924/265 572/925/265 569/926/265 567/927/265
f 570/928/262 567/927/262 566/929/262 588/930/262
f 572/931/263 570/932/263 588/933/263 571/934/263
f 569/926/264 572/931/264 571/934/264 568/935/264
f 566/936/266 568/937/266 571/938/266 588/939/266
f 567/927/261 569/926/261 568/935/261 566/929/261
f 573/940/263 575/941/263 576/942/263 574/943/263
f 575/944/262 579/945/262 580/946/262 576/947/262
f 579/945/261 577/948/261 578/949/261 580/946/261
f 577/948/264 573/940/264 574/943/264 578/949/264
f 575/950/265 573/951/265 577/948/265 579/945/265
f 580/946/266 578/949/266 574/952/266 576/953/266
f 498/954/262 590/955/262 589/956/262 592/957/262
f 594/958/263 498/959/263 592/960/263 593/961/263
f 496/962/264 594/958/264 593/961/264 591/963/264
f 589/956/266 591/963/266 593/964/266 592/965/266
f 590/955/261 496/962/261 591/963/261 589/956/261
f 597/966/262 598/967/262 596/968/262 595/969/262
f 597/970/263 595/969/263 1187/971/263 1191/972/263
f 598/973/265 597/974/265 1191/975/265 1193/976/265
f 596/968/261 598/973/261 1193/976/261 1189/977/261
f 601/978/262 602/979/262 600/980/262 599/981/262
f 595/969/266 596/968/266 1189/977/266 1187/971/266
f 601/982/263 599/981/263 1195/983/263 1199/984/263
f 602/985/265 601/986/265 1199/987/265 1201/988/265
f 600/980/261 602/985/261 1201/988/261 1197/989/261
f 599/981/266 600/980/266 1197/989/266 1195/983/266
f 605/990/262 606/991/262 604/992/262 603/993/262
f 605/994/263 603/993/263 1203/995/263 1207/996/263
f 606/997/265 605/998/265 1207/999/265 1209/1000/265
f 604/992/261 606/997/261 1209/1000/261 1205/1001/261
f 603/993/266 604/992/266 1205/1001/266 1203/995/266
f 612/1002/263 614/1003/263 610/1004/263 608/1005/263
f 612/1006/264 608/1005/264 607/500/264 611/499/264
f 614/1007/265 612/1008/265 611/503/265 613/502/265
f 610/1004/262 614/1007/262 613/502/262 609/505/262
f 608/1005/266 610/1004/266 609/505/266 607/500/266
f 718/1009/265 715/1010/265 708/508/265 709/507/265
f 712/1011/266 705/1012/266 714/512/266 703/511/266
f 715/1013/263 718/1014/263 717/1015/263 706/1016/263 705/1017/263 712/1018/263 711/1019/263 716/1020/263
f 706/1021/262 717/1022/262 710/524/262 713/523/262
f 620/1023/261 622/1024/261 618/1025/261 616/1026/261
f 620/1027/262 616/1026/262 615/1028/262 619/1029/262
f 622/1030/265 620/1031/265 619/1032/265 621/1033/265
f 618/1025/264 622/1030/264 621/1033/264 617/1034/264
f 615/1028/263 617/1034/263 621/1035/263 619/1036/263
f 630/1037/264 628/1038/264 624/1039/264 626/1040/264
f 627/1041/261 623/1042/261 624/1043/261 628/1038/261
f 629/1044/266 627/1041/266 628/1038/266 630/1037/266
f 625/1045/263 629/1044/263 630/1037/263 626/1046/263
f 623/1042/265 625/1047/265 626/1048/265 624/1043/265
f 625/1049/262 623/1050/262 627/1041/262 629/1044/262
f 638/1051/264 636/1052/264 632/1053/264 634/1054/264
f 635/1055/261 631/1056/261 632/1057/261 636/1052/261
f 637/1058/266 635/1055/266 636/1052/266 638/1051/266
f 633/1059/263 637/1058/263 638/1051/263 634/1060/263
f 631/1056/265 633/1061/265 634/1062/265 632/1057/265
f 633/1063/262 631/1064/262 635/1055/262 637/1058/262
f 616/1026/266 618/1025/266 617/1034/266 615/1028/266
f 644/1065/261 646/1066/261 642/1067/261 640/1068/261
f 644/1069/262 640/1068/262 639/1070/262 643/1071/262
f 646/1072/265 644/1073/265 643/1074/265 645/1075/265
f 642/1067/264 646/1072/264 645/1075/264 641/1076/264
f 639/1070/263 641/1076/263 645/1077/263 643/1078/263
f 640/1068/266 642/1067/266 641/1076/266 639/1070/266
f 652/1079/261 654/1080/261 650/1081/261 648/1082/261
f 652/1083/262 648/1082/262 647/1084/262 651/1085/262
f 654/1086/265 652/1087/265 651/1088/265 653/1089/265
f 650/1081/264 654/1086/264 653/1089/264 649/1090/264
f 647/1084/263 649/1090/263 653/1091/263 651/1092/263
f 648/1082/266 650/1081/266 649/1090/266 647/1084/266
f 660/1093/261 662/1094/261 658/1095/261 656/1096/261
f 660/1097/262 656/1096/262 655/1098/262 659/1099/262
f 662/1100/265 660/1101/265 659/1102/265 661/1103/265
f 658/1095/264 662/1100/264 661/1103/264 657/1104/264
f 655/1098/263 657/1104/263 661/1105/263 659/1106/263
f 656/1096/266 658/1095/266 657/1104/266 655/1098/266
f 668/1107/261 670/1108/261 666/1109/261 664/1110/261
f 668/1111/262 664/1110/262 663/1112/262 667/1113/262
f 670/1114/265 668/1115/265 667/1116/265 669/1117/265
f 666/1109/264 670/1114/264 669/1117/264 665/1118/264
f 663/1112/263 665/1118/263 669/1119/263 667/1120/263
f 664/1110/266 666/1109/266 665/1118/266 663/1112/266
f 678/1121/263 676/1122/263 672/1123/263 674/1124/263
f 673/1125/262 677/1126/262 678/1121/262 674/1127/262
f 673/1128/261 671/1129/261 675/1130/261 677/1126/261
f 675/1130/264 671/1131/264 672/1132/264 676/1122/264
f 677/1126/266 675/1130/266 676/1122/266 678/1121/266
f 671/1131/265 673/1133/265 674/1134/265 672/1132/265
f 684/1135/262 680/641/262 679/1136/262 683/1137/262
f 686/1138/265 684/1139/265 683/1140/265 685/1141/265
f 682/646/264 686/1138/264 685/1141/264 681/1142/264
f 679/1136/263 681/1142/263 685/1143/263 683/1144/263
f 680/641/266 682/646/266 681/1142/266 679/1136/266
f 689/1145/262 690/1146/262 688/1147/262 687/1148/262
f 689/1149/263 687/1148/263 1299/1150/263 1303/1151/263
f 690/1152/265 689/1153/265 1303/1154/265 1305/1155/265
f 688/1147/261 690/1152/261 1305/1155/261 1301/1156/261
f 687/1148/266 688/1147/266 1301/1156/266 1299/1150/266
f 693/1157/265 695/1158/265 692/1159/265 691/1160/265
f 693/1161/262 691/1160/262 697/1162/262 701/1163/262
f 695/1164/263 693/1165/263 701/1166/263 694/1167/263
f 692/1159/264 695/1164/264 694/1167/264 699/1168/264
f 697/1169/266 699/1170/266 694/1171/266 701/1172/266
f 691/1160/261 692/1159/261 699/1168/261 697/1162/261
f 701/1173/262 697/1174/262 696/1175/262 700/1176/262
f 694/1177/263 701/1178/263 700/1179/263 702/1180/263
f 699/1181/264 694/1177/264 702/1180/264 698/1182/264
f 696/1175/266 698/1182/266 702/1183/266 700/1184/266
f 697/1174/261 699/1181/261 698/1182/261 696/1175/261
f 703/511/267 704/690/267 711/1019/267 712/1011/267
f 707/691/268 708/508/268 715/1010/268 716/1185/268
f 717/1022/269 718/1009/269 709/507/269 710/524/269
f 713/523/270 714/512/270 705/1012/270 706/1021/270
f 716/1020/264 711/1019/264 704/690/264 707/693/264
f 734/1186/265 731/1187/265 724/696/265 725/695/265
f 728/1188/266 721/1189/266 730/700/266 719/699/266
f 731/1190/263 734/1191/263 733/1192/263 722/1193/263 721/1194/263 728/1195/263 727/1196/263 732/1197/263
f 722/1198/262 733/1199/262 726/712/262 729/711/262
f 719/699/267 720/714/267 727/1196/267 728/1188/267
f 723/715/268 724/696/268 731/1187/268 732/1200/268
f 733/1199/269 734/1186/269 725/695/269 726/712/269
f 729/711/270 730/700/270 721/1189/270 722/1198/270
f 732/1197/264 727/1196/264 720/714/264 723/717/264
f 742/1201/265 739/1202/265 1356/1203/265 1357/1204/265
f 738/1205/266 735/1206/266 1362/1207/266 1351/1208/266
f 739/1209/262 742/1210/262 741/1211/262 736/1212/262 735/1213/262 738/1214/262 737/1215/262 740/1216/262
f 736/1217/261 741/1218/261 1358/1219/261 1361/1220/261
f 1351/1208/274 1352/1221/274 737/1215/274 738/1205/274
f 1355/1222/273 1356/1203/273 739/1202/273 740/1223/273
f 741/1218/272 742/1201/272 1357/1204/272 1358/1219/272
f 1361/1220/271 1362/1207/271 735/1206/271 736/1217/271
f 740/1216/263 737/1215/263 1352/1221/263 1355/1224/263
f 747/1225/262 744/1226/262 743/1227/262 749/1228/262
f 748/1229/263 747/1230/263 749/1231/263 750/1232/263
f 746/1233/264 748/1229/264 750/1232/264 745/1234/264
f 744/1226/261 746/1233/261 745/1234/261 743/1227/261
f 755/1235/262 752/1236/262 751/1237/262 757/1238/262
f 756/1239/263 755/1240/263 757/1241/263 758/1242/263
f 754/1243/264 756/1239/264 758/1242/264 753/1244/264
f 752/1236/261 754/1243/261 753/1244/261 751/1237/261
f 763/1245/262 760/1246/262 759/1247/262 765/1248/262
f 764/1249/263 763/1250/263 765/1251/263 766/1252/263
f 762/1253/264 764/1249/264 766/1252/264 761/1254/264
f 760/1246/261 762/1253/261 761/1254/261 759/1247/261
f 771/1255/262 768/1256/262 767/1257/262 773/1258/262
f 772/1259/263 771/1260/263 773/1261/263 774/1262/263
f 770/1263/264 772/1259/264 774/1262/264 769/1264/264
f 768/1256/261 770/1263/261 769/1264/261 767/1257/261
f 775/1265/263 777/1266/263 778/1267/263 776/1268/263
f 777/1269/269 781/1270/269 782/1271/269 778/1272/269
f 781/1270/261 779/1273/261 780/1274/261 782/1271/261
f 779/1273/267 775/1265/267 776/1268/267 780/1274/267
f 777/1275/268 775/1276/268 779/1273/268 781/1270/268
f 782/1271/270 780/1274/270 776/1277/270 778/1278/270
f 783/1279/263 785/1280/263 786/1281/263 784/1282/263
f 785/1283/269 789/1284/269 790/1285/269 786/1286/269
f 789/1284/261 787/1287/261 788/1288/261 790/1285/261
f 787/1287/267 783/1279/267 784/1282/267 788/1288/267
f 785/1289/268 783/1290/268 787/1287/268 789/1284/268
f 790/1285/270 788/1288/270 784/1291/270 786/1292/270
f 791/1293/263 793/1294/263 794/1295/263 792/1296/263
f 793/1297/269 797/1298/269 798/1299/269 794/1300/269
f 797/1298/261 795/1301/261 796/1302/261 798/1299/261
f 795/1301/267 791/1293/267 792/1296/267 796/1302/267
f 793/1303/268 791/1304/268 795/1301/268 797/1298/268
f 798/1299/270 796/1302/270 792/1305/270 794/1306/270
f 799/1307/261 801/1308/261 802/1309/261 800/1310/261
f 801/1311/264 805/1312/264 806/1313/264 802/1314/264
f 805/1312/263 803/1315/263 804/1316/263 806/1313/263
f 803/1315/262 799/1307/262 800/1310/262 804/1316/262
f 801/1317/265 799/1318/265 803/1315/265 805/1312/265
f 806/1313/266 804/1316/266 800/1319/266 802/1320/266
f 811/1321/265 812/1322/265 809/1323/265 807/1324/265
f 811/1325/264 807/1324/264 901/1326/264 810/1327/264
f 812/1328/261 811/1329/261 810/1330/261 902/1331/261
f 809/1323/262 812/1328/262 902/1331/262 808/1332/262
f 901/1333/266 808/1334/266 902/1335/266 810/1336/266
f 807/1324/263 809/1323/263 808/1332/263 901/1326/263
f 817/1337/265 818/1338/265 816/1339/265 814/1340/265
f 817/1341/264 814/1340/264 813/1342/264 893/1343/264
f 818/1344/261 817/1345/261 893/1346/261 894/1347/261
f 816/1339/262 818/1344/262 894/1347/262 815/1348/262
f 813/1349/266 815/1350/266 894/1351/266 893/1352/266
f 814/1340/263 816/1339/263 815/1348/263 813/1342/263
f 822/1353/265 824/1354/265 820/1355/265 819/1356/265
f 895/1357/265 821/1358/265 823/1359/265 896/1360/265
f 827/1361/265 829/1362/265 826/1363/265 825/1364/265
f 827/1365/264 825/1364/264 897/1366/264 899/1367/264
f 829/1368/261 827/1369/261 899/1370/261 828/1371/261
f 826/1363/262 829/1368/262 828/1371/262 898/1372/262
f 897/1373/266 898/1374/266 828/1375/266 899/1376/266
f 825/1364/263 826/1363/263 898/1372/263 897/1366/263
f 830/1377/261 832/1378/261 833/1379/261 831/1380/261
f 832/1381/264 836/1382/264 837/1383/264 833/1384/264
f 836/1382/263 834/1385/263 835/1386/263 837/1383/263
f 834/1385/262 830/1377/262 831/1380/262 835/1386/262
f 832/1387/265 830/1388/265 834/1385/265 836/1382/265
f 837/1383/266 835/1386/266 831/1389/266 833/1390/266
f 838/1391/261 840/1392/261 841/1393/261 839/1394/261
f 840/1395/264 844/1396/264 845/1397/264 841/1398/264
f 844/1396/263 842/1399/263 843/1400/263 845/1397/263
f 842/1399/262 838/1391/262 839/1394/262 843/1400/262
f 840/1401/265 838/1402/265 842/1399/265 844/1396/265
f 845/1397/266 843/1400/266 839/1403/266 841/1404/266
f 846/1405/261 848/1406/261 849/1407/261 847/1408/261
f 848/1409/264 852/1410/264 853/1411/264 849/1412/264
f 852/1410/263 850/1413/263 851/1414/263 853/1411/263
f 850/1413/262 846/1405/262 847/1408/262 851/1414/262
f 848/1415/265 846/1416/265 850/1413/265 852/1410/265
f 853/1411/266 851/1414/266 847/1417/266 849/1418/266
f 861/1419/261 859/1420/261 855/1421/261 857/1422/261
f 856/1423/264 860/1424/264 861/1419/264 857/1425/264
f 856/1426/263 854/1427/263 858/1428/263 860/1424/263
f 858/1428/262 854/1429/262 855/1430/262 859/1420/262
f 860/1424/266 858/1428/266 859/1420/266 861/1419/266
f 854/1429/265 856/1431/265 857/1432/265 855/1430/265
f 862/1433/261 864/1434/261 865/1435/261 863/1436/261
f 864/1437/264 868/1438/264 869/1439/264 865/1440/264
f 868/1438/263 866/1441/263 867/1442/263 869/1439/263
f 866/1441/262 862/1433/262 863/1436/262 867/1442/262
f 864/1443/265 862/1444/265 866/1441/265 868/1438/265
f 869/1439/266 867/1442/266 863/1445/266 865/1446/266
f 870/1447/261 872/1448/261 873/1449/261 871/1450/261
f 872/1451/264 876/1452/264 877/1453/264 873/1454/264
f 876/1452/263 874/1455/263 875/1456/263 877/1453/263
f 874/1455/262 870/1447/262 871/1450/262 875/1456/262
f 872/1457/265 870/1458/265 874/1455/265 876/1452/265
f 877/1453/266 875/1456/266 871/1459/266 873/1460/266
f 882/1461/265 884/1462/265 881/1463/265 879/1464/265
f 882/1465/264 879/1464/264 878/1466/264 900/1467/264
f 884/1468/261 882/1469/261 900/1470/261 883/1471/261
f 881/1463/262 884/1468/262 883/1471/262 880/1472/262
f 878/1473/266 880/1474/266 883/1475/266 900/1476/266
f 879/1464/263 881/1463/263 880/1472/263 878/1466/263
f 885/1477/261 887/1478/261 888/1479/261 886/1480/261
f 887/1481/264 891/1482/264 892/1483/264 888/1484/264
f 891/1482/263 889/1485/263 890/1486/263 892/1483/263
f 889/1485/262 885/1477/262 886/1480/262 890/1486/262
f 887/1487/265 885/1488/265 889/1485/265 891/1482/265
f 892/1483/266 890/1486/266 886/1489/266 888/1490/266
f 908/1491/264 910/1492/264 906/1493/264 904/1494/264
f 908/1495/261 904/1494/261 903/464/261 907/463/261
f 910/1496/265 908/1497/265 907/467/265 909/466/265
f 906/1493/263 910/1496/263 909/466/263 905/469/263
f 916/1498/264 918/1499/264 914/1500/264 912/1501/264
f 904/1494/266 906/1493/266 905/469/266 903/464/266
f 916/1502/261 912/1501/261 911/476/261 915/475/261
f 918/1503/265 916/1504/265 915/479/265 917/1505/265
f 914/1500/263 918/1503/263 917/1505/263 913/481/263
f 912/1501/266 914/1500/266 913/481/266 911/476/266
f 924/1506/264 926/1507/264 922/1508/264 920/1509/264
f 924/1510/261 920/1509/261 919/488/261 923/487/261
f 926/1511/265 924/1512/265 923/491/265 925/490/265
f 922/1508/263 926/1511/263 925/490/263 921/493/263
f 920/1509/266 922/1508/266 921/493/266 919/488/266
f 929/1513/261 930/1514/261 928/1515/261 927/1516/261
f 929/1517/262 927/1516/262 1211/1518/262 1215/1519/262
f 930/1520/265 929/1521/265 1215/1522/265 1217/1523/265
f 928/1515/264 930/1520/264 1217/1523/264 1213/1524/264
f 927/1516/266 928/1515/266 1213/1524/266 1211/1518/266
f 1030/1525/265 1027/1526/265 1324/1527/265 1325/1528/265
f 1026/1529/266 1023/1530/266 1330/1531/266 1319/1532/266
f 1027/1533/261 1030/1534/261 1029/1535/261 1024/1536/261 1023/1537/261 1026/1538/261 1025/1539/261 1028/1540/261
f 1024/1541/264 1029/1542/264 1326/1543/264 1329/1544/264
f 936/1545/263 938/1546/263 934/1547/263 932/1548/263
f 936/1549/264 932/1548/264 931/1550/264 935/1551/264
f 938/1552/265 936/1553/265 935/1554/265 937/1555/265
f 934/1547/262 938/1552/262 937/1555/262 933/1556/262
f 931/1550/261 933/1556/261 937/1557/261 935/1558/261
f 946/1559/262 944/1560/262 940/1561/262 942/1562/262
f 943/1563/263 939/1564/263 940/1565/263 944/1560/263
f 945/1566/266 943/1563/266 944/1560/266 946/1559/266
f 941/1567/261 945/1566/261 946/1559/261 942/1568/261
f 939/1564/265 941/1569/265 942/1570/265 940/1565/265
f 941/1571/264 939/1572/264 943/1563/264 945/1566/264
f 954/1573/262 952/1574/262 948/1575/262 950/1576/262
f 951/1577/263 947/1578/263 948/1579/263 952/1574/263
f 953/1580/266 951/1577/266 952/1574/266 954/1573/266
f 949/1581/261 953/1580/261 954/1573/261 950/1582/261
f 947/1578/265 949/1583/265 950/1584/265 948/1579/265
f 949/1585/264 947/1586/264 951/1577/264 953/1580/264
f 932/1548/266 934/1547/266 933/1556/266 931/1550/266
f 960/1587/263 962/1588/263 958/1589/263 956/1590/263
f 960/1591/264 956/1590/264 955/1592/264 959/1593/264
f 962/1594/265 960/1595/265 959/1596/265 961/1597/265
f 958/1589/262 962/1594/262 961/1597/262 957/1598/262
f 955/1592/261 957/1598/261 961/1599/261 959/1600/261
f 956/1590/266 958/1589/266 957/1598/266 955/1592/266
f 968/1601/263 970/1602/263 966/1603/263 964/1604/263
f 968/1605/264 964/1604/264 963/1606/264 967/1607/264
f 970/1608/265 968/1609/265 967/1610/265 969/1611/265
f 966/1603/262 970/1608/262 969/1611/262 965/1612/262
f 963/1606/261 965/1612/261 969/1613/261 967/1614/261
f 964/1604/266 966/1603/266 965/1612/266 963/1606/266
f 976/1615/263 978/1616/263 974/1617/263 972/1618/263
f 976/1619/264 972/1618/264 971/1620/264 975/1621/264
f 978/1622/265 976/1623/265 975/1624/265 977/1625/265
f 974/1617/262 978/1622/262 977/1625/262 973/1626/262
f 971/1620/261 973/1626/261 977/1627/261 975/1628/261
f 972/1618/266 974/1617/266 973/1626/266 971/1620/266
f 984/1629/263 986/1630/263 982/1631/263 980/1632/263
f 984/1633/264 980/1632/264 979/1634/264 983/1635/264
f 986/1636/265 984/1637/265 983/1638/265 985/1639/265
f 982/1631/262 986/1636/262 985/1639/262 981/1640/262
f 979/1634/261 981/1640/261 985/1641/261 983/1642/261
f 980/1632/266 982/1631/266 981/1640/266 979/1634/266
f 994/1643/261 992/1644/261 988/1645/261 990/1646/261
f 989/1647/264 993/1648/264 994/1643/264 990/1649/264
f 989/1650/263 987/1651/263 991/1652/263 993/1648/263
f 991/1652/262 987/1653/262 988/1654/262 992/1644/262
f 993/1648/266 991/1652/266 992/1644/266 994/1643/266
f 987/1653/265 989/1655/265 990/1656/265 988/1654/265
f 1283/1657/265 1285/1658/265 996/1659/265 995/1660/265
f 1285/1661/264 1289/1662/264 998/1663/264 996/1664/264
f 1287/1665/262 1283/1657/262 995/1660/262 997/1666/262
f 998/1663/261 997/1666/261 995/1667/261 996/1668/261
f 1289/1662/266 1287/1665/266 997/1666/266 998/1663/266
f 1296/1669/264 1292/1670/264 999/1671/264 1001/1672/264
f 1298/1673/265 1296/1674/265 1001/1675/265 1002/1676/265
f 1294/1677/262 1298/1673/262 1002/1676/262 1000/1678/262
f 999/1671/261 1000/1678/261 1002/1679/261 1001/1680/261
f 1292/1670/266 1294/1677/266 1000/1678/266 999/1671/266
f 1008/1681/264 1010/1682/264 1006/1683/264 1004/1684/264
f 1008/1685/261 1004/1684/261 1003/656/261 1007/655/261
f 1010/1686/265 1008/1687/265 1007/659/265 1009/658/265
f 1006/1683/263 1010/1686/263 1009/658/263 1005/661/263
f 1004/1684/266 1006/1683/266 1005/661/266 1003/656/266
f 1013/1688/265 1015/1689/265 1012/1690/265 1011/1691/265
f 1013/1692/264 1011/1691/264 1017/1693/264 1021/1694/264
f 1015/1695/261 1013/1696/261 1021/1697/261 1014/1698/261
f 1012/1690/262 1015/1695/262 1014/1698/262 1019/1699/262
f 1017/1700/266 1019/1701/266 1014/1702/266 1021/1703/266
f 1011/1691/263 1012/1690/263 1019/1699/263 1017/1693/263
f 1021/1704/264 1017/1705/264 1016/1706/264 1020/1707/264
f 1014/1708/261 1021/1709/261 1020/1710/261 1022/1711/261
f 1019/1712/262 1014/1708/262 1022/1711/262 1018/1713/262
f 1016/1706/266 1018/1713/266 1022/1714/266 1020/1715/266
f 1017/1705/263 1019/1712/263 1018/1713/263 1016/1706/263
f 1319/1532/270 1320/1716/270 1025/1539/270 1026/1529/270
f 1323/1717/269 1324/1527/269 1027/1526/269 1028/1718/269
f 1029/1542/268 1030/1525/268 1325/1528/268 1326/1543/268
f 1329/1544/267 1330/1531/267 1023/1530/267 1024/1541/267
f 1028/1540/262 1025/1539/262 1320/1716/262 1323/1719/262
f 1038/1720/265 1035/1721/265 1340/1722/265 1341/1723/265
f 1034/1724/266 1031/1725/266 1346/1726/266 1335/1727/266
f 1035/1728/261 1038/1729/261 1037/1730/261 1032/1731/261 1031/1732/261 1034/1733/261 1033/1734/261 1036/1735/261
f 1032/1736/264 1037/1737/264 1342/1738/264 1345/1739/264
f 1335/1727/270 1336/1740/270 1033/1734/270 1034/1724/270
f 1339/1741/269 1340/1722/269 1035/1721/269 1036/1742/269
f 1037/1737/268 1038/1720/268 1341/1723/268 1342/1738/268
f 1345/1739/267 1346/1726/267 1031/1725/267 1032/1736/267
f 1036/1735/262 1033/1734/262 1336/1740/262 1339/1743/262
f 1054/1744/265 1051/1745/265 1044/720/265 1045/719/265
f 1048/1746/266 1041/1747/266 1050/724/266 1039/723/266
f 1051/1748/264 1054/1749/264 1053/1750/264 1042/1751/264 1041/1752/264 1048/1753/264 1047/1754/264 1052/1755/264
f 1042/1756/263 1053/1757/263 1046/736/263 1049/735/263
f 1039/723/271 1040/738/271 1047/1754/271 1048/1746/271
f 1043/739/272 1044/720/272 1051/1745/272 1052/1758/272
f 1053/1757/273 1054/1744/273 1045/719/273 1046/736/273
f 1049/735/274 1050/724/274 1041/1747/274 1042/1756/274
f 1052/1755/261 1047/1754/261 1040/738/261 1043/741/261
f 1055/1759/261 1057/1760/261 1058/1761/261 1056/1762/261
f 1057/1763/268 1061/1764/268 1062/1765/268 1058/1766/268
f 1061/1764/263 1059/1767/263 1060/1768/263 1062/1765/263
f 1059/1767/270 1055/1759/270 1056/1762/270 1060/1768/270
f 1057/1769/269 1055/1770/269 1059/1767/269 1061/1764/269
f 1062/1765/267 1060/1768/267 1056/1771/267 1058/1772/267
f 1063/1773/261 1065/1774/261 1066/1775/261 1064/1776/261
f 1065/1777/268 1069/1778/268 1070/1779/268 1066/1780/268
f 1069/1778/263 1067/1781/263 1068/1782/263 1070/1779/263
f 1067/1781/270 1063/1773/270 1064/1776/270 1068/1782/270
f 1065/1783/269 1063/1784/269 1067/1781/269 1069/1778/269
f 1070/1779/267 1068/1782/267 1064/1785/267 1066/1786/267
f 1071/1787/261 1073/1788/261 1074/1789/261 1072/1790/261
f 1073/1791/268 1077/1792/268 1078/1793/268 1074/1794/268
f 1077/1792/263 1075/1795/263 1076/1796/263 1078/1793/263
f 1075/1795/270 1071/1787/270 1072/1790/270 1076/1796/270
f 1073/1797/269 1071/1798/269 1075/1795/269 1077/1792/269
f 1078/1793/267 1076/1796/267 1072/1799/267 1074/1800/267
f 1079/1801/263 1080/1802/263 1082/1803/263 1081/1804/263
f 1081/1805/264 1082/1806/264 1086/1807/264 1085/1808/264
f 1085/1808/261 1086/1807/261 1084/1809/261 1083/1810/261
f 1083/1810/262 1084/1809/262 1080/1802/262 1079/1801/262
f 1081/1811/265 1085/1808/265 1083/1810/265 1079/1812/265
f 1086/1807/266 1082/1813/266 1080/1814/266 1084/1809/266
f 1091/1815/265 1087/1816/265 1089/1817/265 1092/1818/265
f 1091/1819/264 1090/1820/264 1182/1821/264 1087/1816/264
f 1092/1822/263 1186/1823/263 1090/1824/263 1091/1825/263
f 1089/1817/262 1088/1826/262 1186/1823/262 1092/1822/262
f 1182/1827/265 1088/1828/265 1186/1829/265 1090/1830/265
f 1087/1816/261 1182/1821/261 1088/1826/261 1089/1817/261
f 1097/1831/265 1094/1832/265 1096/1833/265 1098/1834/265
f 1097/1835/264 1173/1836/264 1093/1837/264 1094/1832/264
f 1098/1838/263 1174/1839/263 1173/1840/263 1097/1841/263
f 1096/1833/262 1095/1842/262 1174/1839/262 1098/1838/262
f 1093/1843/266 1173/1844/266 1174/1845/266 1095/1846/266
f 1094/1832/261 1093/1837/261 1095/1842/261 1096/1833/261
f 1102/1847/265 1099/1848/265 1100/1849/265 1104/1850/265
f 1175/1851/265 1176/1852/265 1103/1853/265 1101/1854/265
f 1107/1855/265 1105/1856/265 1106/1857/265 1109/1858/265
f 1107/1859/264 1179/1860/264 1177/1861/264 1105/1856/264
f 1109/1862/263 1108/1863/263 1179/1864/263 1107/1865/263
f 1106/1857/262 1178/1866/262 1108/1863/262 1109/1862/262
f 1177/1867/266 1179/1868/266 1108/1869/266 1178/1870/266
f 1105/1856/261 1177/1861/261 1178/1866/261 1106/1857/261
f 1110/1871/263 1111/1872/263 1113/1873/263 1112/1874/263
f 1112/1875/264 1113/1876/264 1117/1877/264 1116/1878/264
f 1116/1878/261 1117/1877/261 1115/1879/261 1114/1880/261
f 1114/1880/262 1115/1879/262 1111/1872/262 1110/1871/262
f 1112/1881/265 1116/1878/265 1114/1880/265 1110/1882/265
f 1117/1877/266 1113/1883/266 1111/1884/266 1115/1879/266
f 1118/1885/263 1119/1886/263 1121/1887/263 1120/1888/263
f 1120/1889/264 1121/1890/264 1125/1891/264 1124/1892/264
f 1124/1892/261 1125/1891/261 1123/1893/261 1122/1894/261
f 1122/1894/262 1123/1893/262 1119/1886/262 1118/1885/262
f 1120/1895/265 1124/1892/265 1122/1894/265 1118/1896/265
f 1125/1891/266 1121/1897/266 1119/1898/266 1123/1893/266
f 1126/1899/263 1127/1900/263 1129/1901/263 1128/1902/263
f 1128/1903/264 1129/1904/264 1133/1905/264 1132/1906/264
f 1132/1906/261 1133/1905/261 1131/1907/261 1130/1908/261
f 1130/1908/262 1131/1907/262 1127/1900/262 1126/1899/262
f 1128/1909/265 1132/1906/265 1130/1908/265 1126/1910/265
f 1133/1905/266 1129/1911/266 1127/1912/266 1131/1907/266
f 1141/1913/263 1137/1914/263 1135/1915/263 1139/1916/263
f 1136/1917/264 1137/1918/264 1141/1913/264 1140/1919/264
f 1136/1920/261 1140/1919/261 1138/1921/261 1134/1922/261
f 1138/1921/262 1139/1916/262 1135/1923/262 1134/1924/262
f 1140/1919/266 1141/1913/266 1139/1916/266 1138/1921/266
f 1134/1924/265 1135/1923/265 1137/1925/265 1136/1926/265
f 1142/1927/263 1143/1928/263 1145/1929/263 1144/1930/263
f 1144/1931/264 1145/1932/264 1149/1933/264 1148/1934/264
f 1148/1934/261 1149/1933/261 1147/1935/261 1146/1936/261
f 1146/1936/262 1147/1935/262 1143/1928/262 1142/1927/262
f 1144/1937/265 1148/1934/265 1146/1936/265 1142/1938/265
f 1149/1933/266 1145/1939/266 1143/1940/266 1147/1935/266
f 1150/1941/263 1151/1942/263 1153/1943/263 1152/1944/263
f 1152/1945/264 1153/1946/264 1157/1947/264 1156/1948/264
f 1156/1948/261 1157/1947/261 1155/1949/261 1154/1950/261
f 1154/1950/262 1155/1949/262 1151/1942/262 1150/1941/262
f 1152/1951/265 1156/1948/265 1154/1950/265 1150/1952/265
f 1157/1947/266 1153/1953/266 1151/1954/266 1155/1949/266
f 1162/1955/265 1159/1956/265 1161/1957/265 1164/1958/265
f 1162/1959/264 1180/1960/264 1158/1961/264 1159/1956/264
f 1164/1962/263 1163/1963/263 1180/1964/263 1162/1965/263
f 1161/1957/262 1160/1966/262 1163/1963/262 1164/1962/262
f 1158/1967/266 1180/1968/266 1163/1969/266 1160/1970/266
f 1159/1956/261 1158/1961/261 1160/1966/261 1161/1957/261
f 1165/1971/263 1166/1972/263 1168/1973/263 1167/1974/263
f 1167/1975/264 1168/1976/264 1172/1977/264 1171/1978/264
f 1171/1978/261 1172/1977/261 1170/1979/261 1169/1980/261
f 1169/1980/262 1170/1979/262 1166/1972/262 1165/1971/262
f 1167/1981/265 1171/1978/265 1169/1980/265 1165/1982/265
f 1172/1977/266 1168/1983/266 1166/1984/266 1170/1979/266
f 1090/1985/264 1182/1986/264 1181/1987/264 1184/1988/264
f 1186/1989/263 1090/1990/263 1184/1991/263 1185/1992/263
f 1088/1993/262 1186/1989/262 1185/1992/262 1183/1994/262
f 1181/1987/265 1183/1994/265 1185/1995/265 1184/1996/265
f 1182/1986/261 1088/1993/261 1183/1994/261 1181/1987/261
f 1192/1997/264 1188/1998/264 1190/1999/264 1194/2000/264
f 1192/2001/263 1191/972/263 1187/971/263 1188/1998/263
f 1194/2002/265 1193/976/265 1191/975/265 1192/2003/265
f 1190/1999/261 1189/977/261 1193/976/261 1194/2002/261
f 1200/2004/264 1196/2005/264 1198/2006/264 1202/2007/264
f 1188/1998/266 1187/971/266 1189/977/266 1190/1999/266
f 1200/2008/263 1199/984/263 1195/983/263 1196/2005/263
f 1202/2009/265 1201/2010/265 1199/987/265 1200/2011/265
f 1198/2006/261 1197/989/261 1201/2010/261 1202/2009/261
f 1196/2005/266 1195/983/266 1197/989/266 1198/2006/266
f 1208/2012/264 1204/2013/264 1206/2014/264 1210/2015/264
f 1208/2016/263 1207/996/263 1203/995/263 1204/2013/263
f 1210/2017/265 1209/1000/265 1207/999/265 1208/2018/265
f 1206/2014/261 1205/1001/261 1209/1000/261 1210/2017/261
f 1204/2013/266 1203/995/266 1205/1001/266 1206/2014/266
f 1216/2019/263 1212/2020/263 1214/2021/263 1218/2022/263
f 1216/2023/262 1215/1519/262 1211/1518/262 1212/2020/262
f 1218/2024/265 1217/1523/265 1215/1522/265 1216/2025/265
f 1214/2021/264 1213/1524/264 1217/1523/264 1218/2024/264
f 1212/2020/266 1211/1518/266 1213/1524/266 1214/2021/266
f 1334/2026/265 1325/1528/265 1324/1527/265 1331/2027/265
f 1328/2028/266 1319/1532/266 1330/1531/266 1321/2029/266
f 1331/2030/263 1332/2031/263 1327/2032/263 1328/2033/263 1321/2034/263 1322/2035/263 1333/2036/263 1334/2037/263
f 1322/2038/264 1329/1544/264 1326/1543/264 1333/2039/264
f 1224/2040/261 1220/2041/261 1222/2042/261 1226/2043/261
f 1224/2044/264 1223/2045/264 1219/2046/264 1220/2041/264
f 1226/2047/265 1225/2048/265 1223/2049/265 1224/2050/265
f 1222/2042/262 1221/2051/262 1225/2048/262 1226/2047/262
f 1219/2046/263 1223/2052/263 1225/2053/263 1221/2051/263
f 1234/2054/262 1230/2055/262 1228/2056/262 1232/2057/262
f 1231/2058/261 1232/2057/261 1228/2059/261 1227/2060/261
f 1233/2061/266 1234/2054/266 1232/2057/266 1231/2058/266
f 1229/2062/263 1230/2063/263 1234/2054/263 1233/2061/263
f 1227/2060/265 1228/2059/265 1230/2064/265 1229/2065/265
f 1229/2066/264 1233/2061/264 1231/2058/264 1227/2067/264
f 1242/2068/262 1238/2069/262 1236/2070/262 1240/2071/262
f 1239/2072/261 1240/2071/261 1236/2073/261 1235/2074/261
f 1241/2075/266 1242/2068/266 1240/2071/266 1239/2072/266
f 1237/2076/263 1238/2077/263 1242/2068/263 1241/2075/263
f 1235/2074/265 1236/2073/265 1238/2078/265 1237/2079/265
f 1237/2080/264 1241/2075/264 1239/2072/264 1235/2081/264
f 1220/2041/266 1219/2046/266 1221/2051/266 1222/2042/266
f 1248/2082/261 1244/2083/261 1246/2084/261 1250/2085/261
f 1248/2086/264 1247/2087/264 1243/2088/264 1244/2083/264
f 1250/2089/265 1249/2090/265 1247/2091/265 1248/2092/265
f 1246/2084/262 1245/2093/262 1249/2090/262 1250/2089/262
f 1243/2088/263 1247/2094/263 1249/2095/263 1245/2093/263
f 1244/2083/266 1243/2088/266 1245/2093/266 1246/2084/266
f 1256/2096/261 1252/2097/261 1254/2098/261 1258/2099/261
f 1256/2100/264 1255/2101/264 1251/2102/264 1252/2097/264
f 1258/2103/265 1257/2104/265 1255/2105/265 1256/2106/265
f 1254/2098/262 1253/2107/262 1257/2104/262 1258/2103/262
f 1251/2102/263 1255/2108/263 1257/2109/263 1253/2107/263
f 1252/2097/266 1251/2102/266 1253/2107/266 1254/2098/266
f 1264/2110/261 1260/2111/261 1262/2112/261 1266/2113/261
f 1264/2114/264 1263/2115/264 1259/2116/264 1260/2111/264
f 1266/2117/265 1265/2118/265 1263/2119/265 1264/2120/265
f 1262/2112/262 1261/2121/262 1265/2118/262 1266/2117/262
f 1259/2116/263 1263/2122/263 1265/2123/263 1261/2121/263
f 1260/2111/266 1259/2116/266 1261/2121/266 1262/2112/266
f 1272/2124/261 1268/2125/261 1270/2126/261 1274/2127/261
f 1272/2128/264 1271/2129/264 1267/2130/264 1268/2125/264
f 1274/2131/265 1273/2132/265 1271/2133/265 1272/2134/265
f 1270/2126/262 1269/2135/262 1273/2132/262 1274/2131/262
f 1267/2130/263 1271/2136/263 1273/2137/263 1269/2135/263
f 1268/2125/266 1267/2130/266 1269/2135/266 1270/2126/266
f 1282/2138/263 1278/2139/263 1276/2140/263 1280/2141/263
f 1277/2142/264 1278/2143/264 1282/2138/264 1281/2144/264
f 1277/2145/261 1281/2144/261 1279/2146/261 1275/2147/261
f 1279/2146/262 1280/2141/262 1276/2148/262 1275/2149/262
f 1281/2144/266 1282/2138/266 1280/2141/266 1279/2146/266
f 1275/2149/265 1276/2148/265 1278/2150/265 1277/2151/265
f 1283/2152/265 1284/2153/265 1286/2154/265 1285/2155/265
f 1285/2156/264 1286/2157/264 1290/2158/264 1289/1662/264
f 1287/1665/262 1288/2159/262 1284/2153/262 1283/2152/262
f 1290/2158/263 1286/2160/263 1284/2161/263 1288/2159/263
f 1289/1662/266 1290/2158/266 1288/2159/266 1287/1665/266
f 1296/2162/264 1295/2163/264 1291/2164/264 1292/1670/264
f 1298/2165/265 1297/2166/265 1295/2167/265 1296/2168/265
f 1294/1677/262 1293/2169/262 1297/2166/262 1298/2165/262
f 1291/2164/263 1295/2170/263 1297/2171/263 1293/2169/263
f 1292/1670/266 1291/2164/266 1293/2169/266 1294/1677/266
f 1304/2172/264 1300/2173/264 1302/2174/264 1306/2175/264
f 1304/2176/263 1303/1151/263 1299/1150/263 1300/2173/263
f 1306/2177/265 1305/1155/265 1303/1154/265 1304/2178/265
f 1302/2174/261 1301/1156/261 1305/1155/261 1306/2177/261
f 1300/2173/266 1299/1150/266 1301/1156/266 1302/2174/266
f 1309/2179/265 1307/2180/265 1308/2181/265 1311/2182/265
f 1309/2183/264 1317/2184/264 1313/2185/264 1307/2180/264
f 1311/2186/263 1310/2187/263 1317/2188/263 1309/2189/263
f 1308/2181/262 1315/2190/262 1310/2187/262 1311/2186/262
f 1313/2191/266 1317/2192/266 1310/2193/266 1315/2194/266
f 1307/2180/261 1313/2185/261 1315/2190/261 1308/2181/261
f 1317/2195/264 1316/2196/264 1312/2197/264 1313/2198/264
f 1310/2199/263 1318/2200/263 1316/2201/263 1317/2202/263
f 1315/2203/262 1314/2204/262 1318/2200/262 1310/2199/262
f 1312/2197/266 1316/2205/266 1318/2206/266 1314/2204/266
f 1313/2198/261 1312/2197/261 1314/2204/261 1315/2203/261
f 1319/1532/270 1328/2028/270 1327/2032/270 1320/1716/270
f 1323/1717/269 1332/2207/269 1331/2027/269 1324/1527/269
f 1333/2039/268 1326/1543/268 1325/1528/268 1334/2026/268
f 1329/1544/267 1322/2038/267 1321/2029/267 1330/1531/267
f 1332/2031/262 1323/1719/262 1320/1716/262 1327/2032/262
f 1350/2208/265 1341/1723/265 1340/1722/265 1347/2209/265
f 1344/2210/266 1335/1727/266 1346/1726/266 1337/2211/266
f 1347/2212/263 1348/2213/263 1343/2214/263 1344/2215/263 1337/2216/263 1338/2217/263 1349/2218/263 1350/2219/263
f 1338/2220/264 1345/1739/264 1342/1738/264 1349/2221/264
f 1335/1727/270 1344/2210/270 1343/2214/270 1336/1740/270
f 1339/1741/269 1348/2222/269 1347/2209/269 1340/1722/269
f 1349/2221/268 1342/1738/268 1341/1723/268 1350/2208/268
f 1345/1739/267 1338/2220/267 1337/2211/267 1346/1726/267
f 1348/2213/262 1339/1743/262 1336/1740/262 1343/2214/262
f 1366/2223/265 1357/1204/265 1356/1203/265 1363/2224/265
f 1360/2225/266 1351/1208/266 1362/1207/266 1353/2226/266
f 1363/2227/264 1364/2228/264 1359/2229/264 1360/2230/264 1353/2231/264 1354/2232/264 1365/2233/264 1366/2234/264
f 1354/2235/261 1361/1220/261 1358/1219/261 1365/2236/261
f 1351/1208/274 1360/2225/274 1359/2229/274 1352/1221/274
f 1355/1222/273 1364/2237/273 1363/2224/273 1356/1203/273
f 1365/2236/272 1358/1219/272 1357/1204/272 1366/2223/272
f 1361/1220/271 1354/2235/271 1353/2226/271 1362/1207/271
f 1364/2228/263 1355/1224/263 1352/1221/263 1359/2229/263
f 1371/2238/264 1373/2239/264 1367/2240/264 1368/2241/264
f 1372/2242/263 1374/2243/263 1373/2244/263 1371/2245/263
f 1370/2246/262 1369/2247/262 1374/2243/262 1372/2242/262
f 1368/2241/261 1367/2240/261 1369/2247/261 1370/2246/261
f 1379/2248/264 1381/2249/264 1375/2250/264 1376/2251/264
f 1380/2252/263 1382/2253/263 1381/2254/263 1379/2255/263
f 1378/2256/262 1377/2257/262 1382/2253/262 1380/2252/262
f 1376/2251/261 1375/2250/261 1377/2257/261 1378/2256/261
f 1387/2258/264 1389/2259/264 1383/2260/264 1384/2261/264
f 1388/2262/263 1390/2263/263 1389/2264/263 1387/2265/263
f 1386/2266/262 1385/2267/262 1390/2263/262 1388/2262/262
f 1384/2261/261 1383/2260/261 1385/2267/261 1386/2266/261
f 1395/2268/264 1397/2269/264 1391/2270/264 1392/2271/264
f 1396/2272/263 1398/2273/263 1397/2274/263 1395/2275/263
f 1394/2276/262 1393/2277/262 1398/2273/262 1396/2272/262
f 1392/2271/261 1391/2270/261 1393/2277/261 1394/2276/261
f 1399/2278/263 1400/2279/263 1402/2280/263 1401/2281/263
f 1401/2282/268 1402/2283/268 1406/2284/268 1405/2285/268
f 1405/2285/261 1406/2284/261 1404/2286/261 1403/2287/261
f 1403/2287/270 1404/2286/270 1400/2279/270 1399/2278/270
f 1401/2288/269 1405/2285/269 1403/2287/269 1399/2289/269
f 1406/2284/267 1402/2290/267 1400/2291/267 1404/2286/267
f 1407/2292/263 1408/2293/263 1410/2294/263 1409/2295/263
f 1409/2296/268 1410/2297/268 1414/2298/268 1413/2299/268
f 1413/2299/261 1414/2298/261 1412/2300/261 1411/2301/261
f 1411/2301/270 1412/2300/270 1408/2293/270 1407/2292/270
f 1409/2302/269 1413/2299/269 1411/2301/269 1407/2303/269
f 1414/2298/267 1410/2304/267 1408/2305/267 1412/2300/267
f 1415/2306/263 1416/2307/263 1418/2308/263 1417/2309/263
f 1417/2310/268 1418/2311/268 1422/2312/268 1421/2313/268
f 1421/2313/261 1422/2312/261 1420/2314/261 1419/2315/261
f 1419/2315/270 1420/2314/270 1416/2307/270 1415/2306/270
f 1417/2316/269 1421/2313/269 1419/2315/269 1415/2317/269
f 1422/2312/267 1418/2318/267 1416/2319/267 1420/2314/267
f 1428/2320/264 1424/2321/264 1426/2322/264 1430/2323/264
f 1428/2324/265 1427/2325/265 1423/2326/265 1424/2321/265
f 1430/2327/261 1429/2328/261 1427/2329/261 1428/2330/261
f 1426/2322/266 1425/2331/266 1429/2328/266 1430/2327/266
f 1423/2326/262 1427/2332/262 1429/2333/262 1425/2331/262
f 1424/2321/263 1423/2326/263 1425/2331/263 1426/2322/263
f 1436/2334/264 1432/2335/264 1434/2336/264 1438/2337/264
f 1436/2338/265 1435/2339/265 1431/2340/265 1432/2335/265
f 1438/2341/261 1437/2342/261 1435/2343/261 1436/2344/261
f 1434/2336/266 1433/2345/266 1437/2342/266 1438/2341/266
f 1431/2340/262 1435/2346/262 1437/2347/262 1433/2345/262
f 1432/2335/263 1431/2340/263 1433/2345/263 1434/2336/263
f 1444/2348/264 1440/2349/264 1442/2350/264 1446/2351/264
f 1444/2352/265 1443/2353/265 1439/2354/265 1440/2349/265
f 1446/2355/261 1445/2356/261 1443/2357/261 1444/2358/261
f 1442/2350/266 1441/2359/266 1445/2356/266 1446/2355/266
f 1439/2354/262 1443/2360/262 1445/2361/262 1441/2359/262
f 1440/2349/263 1439/2354/263 1441/2359/263 1442/2350/263
f 1452/2362/264 1448/2363/264 1450/2364/264 1454/2365/264
f 1452/2366/265 1451/2367/265 1447/2368/265 1448/2363/265
f 1454/2369/261 1453/2370/261 1451/2371/261 1452/2372/261
f 1450/2364/266 1449/2373/266 1453/2370/266 1454/2369/266
f 1447/2368/262 1451/2374/262 1453/2375/262 1449/2373/262
f 1448/2363/263 1447/2368/263 1449/2373/263 1450/2364/263
f 1460/2376/264 1456/2377/264 1458/2378/264 1462/2379/264
f 1460/2380/265 1459/2381/265 1455/2382/265 1456/2377/265
f 1462/2383/261 1461/2384/261 1459/2385/261 1460/2386/261
f 1458/2378/266 1457/2387/266 1461/2384/266 1462/2383/266
f 1455/2382/262 1459/2388/262 1461/2389/262 1457/2387/262
f 1456/2377/263 1455/2382/263 1457/2387/263 1458/2378/263
f 1468/2390/264 1464/2391/264 1466/2392/264 1470/2393/264
f 1468/2394/265 1467/2395/265 1463/2396/265 1464/2391/265
f 1470/2397/261 1469/2398/261 1467/2399/261 1468/2400/261
f 1466/2392/266 1465/2401/266 1469/2398/266 1470/2397/266
f 1463/2396/262 1467/2402/262 1469/2403/262 1465/2401/262
f 1464/2391/263 1463/2396/263 1465/2401/263 1466/2392/263
f 1476/2404/264 1472/2405/264 1474/2406/264 1478/2407/264
f 1476/2408/265 1475/2409/265 1471/2410/265 1472/2405/265
f 1478/2411/261 1477/2412/261 1475/2413/261 1476/2414/261
f 1474/2406/266 1473/2415/266 1477/2412/266 1478/2411/266
f 1471/2410/262 1475/2416/262 1477/2417/262 1473/2415/262
f 1472/2405/263 1471/2410/263 1473/2415/263 1474/2406/263
f 1484/2418/264 1480/2419/264 1482/2420/264 1486/2421/264
f 1484/2422/265 1483/2423/265 1479/2424/265 1480/2419/265
f 1486/2425/261 1485/2426/261 1483/2427/261 1484/2428/261
f 1482/2420/266 1481/2429/266 1485/2426/266 1486/2425/266
f 1479/2424/262 1483/2430/262 1485/2431/262 1481/2429/262
f 1480/2419/263 1479/2424/263 1481/2429/263 1482/2420/263
f 1492/2432/264 1488/2433/264 1490/2434/264 1494/2435/264
f 1492/2436/265 1491/2437/265 1487/2438/265 1488/2433/265
f 1494/2439/261 1493/2440/261 1491/2441/261 1492/2442/261
f 1490/2434/266 1489/2443/266 1493/2440/266 1494/2439/266
f 1487/2438/262 1491/2444/262 1493/2445/262 1489/2443/262
f 1488/2433/263 1487/2438/263 1489/2443/263 1490/2434/263
f 1500/2446/264 1496/2447/264 1498/2448/264 1502/2449/264
f 1500/2450/265 1499/2451/265 1495/2452/265 1496/2447/265
f 1502/2453/261 1501/2454/261 1499/2455/261 1500/2456/261
f 1498/2448/266 1497/2457/266 1501/2454/266 1502/2453/266
f 1495/2452/262 1499/2458/262 1501/2459/262 1497/2457/262
f 1496/2447/263 1495/2452/263 1497/2457/263 1498/2448/263
f 1508/2460/264 1504/2461/264 1506/2462/264 1510/2463/264
f 1508/2464/265 1507/2465/265 1503/2466/265 1504/2461/265
f 1510/2467/261 1509/2468/261 1507/2469/261 1508/2470/261
f 1506/2462/266 1505/2471/266 1509/2468/266 1510/2467/266
f 1503/2466/262 1507/2472/262 1509/2473/262 1505/2471/262
f 1504/2461/263 1503/2466/263 1505/2471/263 1506/2462/263
f 1516/2474/264 1512/2475/264 1514/2476/264 1518/2477/264
f 1516/2478/265 1515/2479/265 1511/2480/265 1512/2475/265
f 1518/2481/261 1517/2482/261 1515/2483/261 1516/2484/261
f 1514/2476/266 1513/2485/266 1517/2482/266 1518/2481/266
f 1511/2480/262 1515/2486/262 1517/2487/262 1513/2485/262
f 1512/2475/263 1511/2480/263 1513/2485/263 1514/2476/263
f 1524/2488/264 1520/2489/264 1522/2490/264 1526/2491/264
f 1524/2492/265 1523/2493/265 1519/2494/265 1520/2489/265
f 1526/2495/261 1525/2496/261 1523/2497/261 1524/2498/261
f 1522/2490/266 1521/2499/266 1525/2496/266 1526/2495/266
f 1519/2494/262 1523/2500/262 1525/2501/262 1521/2499/262
f 1520/2489/263 1519/2494/263 1521/2499/263 1522/2490/263
f 1532/2502/264 1528/2503/264 1530/2504/264 1534/2505/264
f 1532/2506/265 1531/2507/265 1527/2508/265 1528/2503/265
f 1534/2509/261 1533/2510/261 1531/2511/261 1532/2512/261
f 1530/2504/266 1529/2513/266 1533/2510/266 1534/2509/266
f 1527/2508/262 1531/2514/262 1533/2515/262 1529/2513/262
f 1528/2503/263 1527/2508/263 1529/2513/263 1530/2504/263
f 1540/2516/264 1536/2517/264 1538/2518/264 1542/2519/264
f 1540/2520/265 1539/2521/265 1535/2522/265 1536/2517/265
f 1542/2523/261 1541/2524/261 1539/2525/261 1540/2526/261
f 1538/2518/266 1537/2527/266 1541/2524/266 1542/2523/266
f 1535/2522/262 1539/2528/262 1541/2529/262 1537/2527/262
f 1536/2517/263 1535/2522/263 1537/2527/263 1538/2518/263
f 1548/2530/264 1544/2531/264 1546/2532/264 1550/2533/264
f 1548/2534/265 1547/2535/265 1543/2536/265 1544/2531/265
f 1550/2537/261 1549/2538/261 1547/2539/261 1548/2540/261
f 1546/2532/266 1545/2541/266 1549/2538/266 1550/2537/266
f 1543/2536/262 1547/2542/262 1549/2543/262 1545/2541/262
f 1544/2531/263 1543/2536/263 1545/2541/263 1546/2532/263
f 1556/2544/264 1552/2545/264 1554/2546/264 1558/2547/264
f 1556/2548/265 1555/2549/265 1551/2550/265 1552/2545/265
f 1558/2551/261 1557/2552/261 1555/2553/261 1556/2554/261
f 1554/2546/266 1553/2555/266 1557/2552/266 1558/2551/266
f 1551/2550/262 1555/2556/262 1557/2557/262 1553/2555/262
f 1552/2545/263 1551/2550/263 1553/2555/263 1554/2546/263
f 1564/2558/264 1560/2559/264 1562/2560/264 1566/2561/264
f 1564/2562/265 1563/2563/265 1559/2564/265 1560/2559/265
f 1566/2565/261 1565/2566/261 1563/2567/261 1564/2568/261
f 1562/2560/266 1561/2569/266 1565/2566/266 1566/2565/266
f 1559/2564/262 1563/2570/262 1565/2571/262 1561/2569/262
f 1560/2559/263 1559/2564/263 1561/2569/263 1562/2560/263
f 1572/2572/264 1568/2573/264 1570/2574/264 1574/2575/264
f 1572/2576/265 1571/2577/265 1567/2578/265 1568/2573/265
f 1574/2579/261 1573/2580/261 1571/2581/261 1572/2582/261
f 1570/2574/266 1569/2583/266 1573/2580/266 1574/2579/266
f 1567/2578/262 1571/2584/262 1573/2585/262 1569/2583/262
f 1568/2573/263 1567/2578/263 1569/2583/263 1570/2574/263
f 1580/2586/264 1576/2587/264 1578/2588/264 1582/2589/264
f 1580/2590/265 1579/2591/265 1575/2592/265 1576/2587/265
f 1582/2593/261 1581/2594/261 1579/2595/261 1580/2596/261
f 1578/2588/266 1577/2597/266 1581/2594/266 1582/2593/266
f 1575/2592/262 1579/2598/262 1581/2599/262 1577/2597/262
f 1576/2587/263 1575/2592/263 1577/2597/263 1578/2588/263
f 1588/2600/264 1584/2601/264 1586/2602/264 1590/2603/264
f 1588/2604/265 1587/2605/265 1583/2606/265 1584/2601/265
f 1590/2607/261 1589/2608/261 1587/2609/261 1588/2610/261
f 1586/2602/266 1585/2611/266 1589/2608/266 1590/2607/266
f 1583/2606/262 1587/2612/262 1589/2613/262 1585/2611/262
f 1584/2601/263 1583/2606/263 1585/2611/263 1586/2602/263
f 1596/2614/264 1592/2615/264 1594/2616/264 1598/2617/264
f 1596/2618/265 1595/2619/265 1591/2620/265 1592/2615/265
f 1598/2621/261 1597/2622/261 1595/2623/261 1596/2624/261
f 1594/2616/266 1593/2625/266 1597/2622/266 1598/2621/266
f 1591/2620/262 1595/2626/262 1597/2627/262 1593/2625/262
f 1592/2615/263 1591/2620/263 1593/2625/263 1594/2616/263
f 1604/2628/264 1600/2629/264 1602/2630/264 1606/2631/264
f 1604/2632/265 1603/2633/265 1599/2634/265 1600/2629/265
f 1606/2635/261 1605/2636/261 1603/2637/261 1604/2638/261
f 1602/2630/266 1601/2639/266 1605/2636/266 1606/2635/266
f 1599/2634/262 1603/2640/262 1605/2641/262 1601/2639/262
f 1600/2629/263 1599/2634/263 1601/2639/263 1602/2630/263
f 1612/2642/264 1608/2643/264 1610/2644/264 1614/2645/264
f 1612/2646/265 1611/2647/265 1607/2648/265 1608/2643/265
f 1614/2649/261 1613/2650/261 1611/2651/261 1612/2652/261
f 1610/2644/266 1609/2653/266 1613/2650/266 1614/2649/266
f 1607/2648/262 1611/2654/262 1613/2655/262 1609/2653/262
f 1608/2643/263 1607/2648/263 1609/2653/263 1610/2644/263
f 1620/2656/264 1616/2657/264 1618/2658/264 1622/2659/264
f 1620/2660/265 1619/2661/265 1615/2662/265 1616/2657/265
f 1622/2663/261 1621/2664/261 1619/2665/261 1620/2666/261
f 1618/2658/266 1617/2667/266 1621/2664/266 1622/2663/266
f 1615/2662/262 1619/2668/262 1621/2669/262 1617/2667/262
f 1616/2657/263 1615/2662/263 1617/2667/263 1618/2658/263
f 1628/2670/264 1624/2671/264 1626/2672/264 1630/2673/264
f 1628/2674/265 1627/2675/265 1623/2676/265 1624/2671/265
f 1630/2677/261 1629/2678/261 1627/2679/261 1628/2680/261
f 1626/2672/266 1625/2681/266 1629/2678/266 1630/2677/266
f 1623/2676/262 1627/2682/262 1629/2683/262 1625/2681/262
f 1624/2671/263 1623/2676/263 1625/2681/263 1626/2672/263
f 1636/2684/264 1632/2685/264 1634/2686/264 1638/2687/264
f 1636/2688/265 1635/2689/265 1631/2690/265 1632/2685/265
f 1638/2691/261 1637/2692/261 1635/2693/261 1636/2694/261
f 1634/2686/266 1633/2695/266 1637/2692/266 1638/2691/266
f 1631/2690/262 1635/2696/262 1637/2697/262 1633/2695/262
f 1632/2685/263 1631/2690/263 1633/2695/263 1634/2686/263
f 1644/2698/264 1640/2699/264 1642/2700/264 1646/2701/264
f 1644/2702/265 1643/2703/265 1639/2704/265 1640/2699/265
f 1646/2705/261 1645/2706/261 1643/2707/261 1644/2708/261
f 1642/2700/266 1641/2709/266 1645/2706/266 1646/2705/266
f 1639/2704/262 1643/2710/262 1645/2711/262 1641/2709/262
f 1640/2699/263 1639/2704/263 1641/2709/263 1642/2700/263
f 1652/2712/264 1648/2713/264 1650/2714/264 1654/2715/264
f 1652/2716/265 1651/2717/265 1647/2718/265 1648/2713/265
f 1654/2719/261 1653/2720/261 1651/2721/261 1652/2722/261
f 1650/2714/266 1649/2723/266 1653/2720/266 1654/2719/266
f 1647/2718/262 1651/2724/262 1653/2725/262 1649/2723/262
f 1648/2713/263 1647/2718/263 1649/2723/263 1650/2714/263
f 1660/2726/264 1656/2727/264 1658/2728/264 1662/2729/264
f 1660/2730/265 1659/2731/265 1655/2732/265 1656/2727/265
f 1662/2733/261 1661/2734/261 1659/2735/261 1660/2736/261
f 1658/2728/266 1657/2737/266 1661/2734/266 1662/2733/266
f 1655/2732/262 1659/2738/262 1661/2739/262 1657/2737/262
f 1656/2727/263 1655/2732/263 1657/2737/263 1658/2728/263
f 1668/2740/264 1664/2741/264 1666/2742/264 1670/2743/264
f 1668/2744/265 1667/2745/265 1663/2746/265 1664/2741/265
f 1670/2747/261 1669/2748/261 1667/2749/261 1668/2750/261
f 1666/2742/266 1665/2751/266 1669/2748/266 1670/2747/266
f 1663/2746/262 1667/2752/262 1669/2753/262 1665/2751/262
f 1664/2741/263 1663/2746/263 1665/2751/263 1666/2742/263
f 1676/2754/264 1672/2755/264 1674/2756/264 1678/2757/264
f 1676/2758/265 1675/2759/265 1671/2760/265 1672/2755/265
f 1678/2761/261 1677/2762/261 1675/2763/261 1676/2764/261
f 1674/2756/266 1673/2765/266 1677/2762/266 1678/2761/266
f 1671/2760/262 1675/2766/262 1677/2767/262 1673/2765/262
f 1672/2755/263 1671/2760/263 1673/2765/263 1674/2756/263
f 1684/2768/264 1680/2769/264 1682/2770/264 1686/2771/264
f 1684/2772/265 1683/2773/265 1679/2774/265 1680/2769/265
f 1686/2775/261 1685/2776/261 1683/2777/261 1684/2778/261
f 1682/2770/266 1681/2779/266 1685/2776/266 1686/2775/266
f 1679/2774/262 1683/2780/262 1685/2781/262 1681/2779/262
f 1680/2769/263 1679/2774/263 1681/2779/263 1682/2770/263
f 1692/2782/264 1688/2783/264 1690/2784/264 1694/2785/264
f 1692/2786/265 1691/2787/265 1687/2788/265 1688/2783/265
f 1694/2789/261 1693/2790/261 1691/2791/261 1692/2792/261
f 1690/2784/266 1689/2793/266 1693/2790/266 1694/2789/266
f 1687/2788/262 1691/2794/262 1693/2795/262 1689/2793/262
f 1688/2783/263 1687/2788/263 1689/2793/263 1690/2784/263
f 1700/2796/264 1696/2797/264 1698/2798/264 1702/2799/264
f 1700/2800/265 1699/2801/265 1695/2802/265 1696/2797/265
f 1702/2803/261 1701/2804/261 1699/2805/261 1700/2806/261
f 1698/2798/266 1697/2807/266 1701/2804/266 1702/2803/266
f 1695/2802/262 1699/2808/262 1701/2809/262 1697/2807/262
f 1696/2797/263 1695/2802/263 1697/2807/263 1698/2798/263
f 1708/2810/264 1704/2811/264 1706/2812/264 1710/2813/264
f 1708/2814/265 1707/2815/265 1703/2816/265 1704/2811/265
f 1710/2817/261 1709/2818/261 1707/2819/261 1708/2820/261
f 1706/2812/266 1705/2821/266 1709/2818/266 1710/2817/266
f 1703/2816/262 1707/2822/262 1709/2823/262 1705/2821/262
f 1704/2811/263 1703/2816/263 1705/2821/263 1706/2812/263
f 1716/2824/264 1712/2825/264 1714/2826/264 1718/2827/264
f 1716/2828/265 1715/2829/265 1711/2830/265 1712/2825/265
f 1718/2831/261 1717/2832/261 1715/2833/261 1716/2834/261
f 1714/2826/266 1713/2835/266 1717/2832/266 1718/2831/266
f 1711/2830/262 1715/2836/262 1717/2837/262 1713/2835/262
f 1712/2825/263 1711/2830/263 1713/2835/263 1714/2826/263
f 1724/2838/264 1720/2839/264 1722/2840/264 1726/2841/264
f 1724/2842/265 1723/2843/265 1719/2844/265 1720/2839/265
f 1726/2845/261 1725/2846/261 1723/2847/261 1724/2848/261
f 1722/2840/266 1721/2849/266 1725/2846/266 1726/2845/266
f 1719/2844/262 1723/2850/262 1725/2851/262 1721/2849/262
f 1720/2839/263 1719/2844/263 1721/2849/263 1722/2840/263
f 1732/2852/264 1728/2853/264 1730/2854/264 1734/2855/264
f 1732/2856/265 1731/2857/265 1727/2858/265 1728/2853/265
f 1734/2859/261 1733/2860/261 1731/2861/261 1732/2862/261
f 1730/2854/266 1729/2863/266 1733/2860/266 1734/2859/266
f 1727/2858/262 1731/2864/262 1733/2865/262 1729/2863/262
f 1728/2853/263 1727/2858/263 1729/2863/263 1730/2854/263
f 1740/2866/264 1736/2867/264 1738/2868/264 1742/2869/264
f 1740/2870/265 1739/2871/265 1735/2872/265 1736/2867/265
f 1742/2873/261 1741/2874/261 1739/2875/261 1740/2876/261
f 1738/2868/266 1737/2877/266 1741/2874/266 1742/2873/266
f 1735/2872/262 1739/2878/262 1741/2879/262 1737/2877/262
f 1736/2867/263 1735/2872/263 1737/2877/263 1738/2868/263
f 1748/2880/264 1744/2881/264 1746/2882/264 1750/2883/264
f 1748/2884/265 1747/2885/265 1743/2886/265 1744/2881/265
f 1750/2887/261 1749/2888/261 1747/2889/261 1748/2890/261
f 1746/2882/266 1745/2891/266 1749/2888/266 1750/2887/266
f 1743/2886/262 1747/2892/262 1749/2893/262 1745/2891/262
f 1744/2881/263 1743/2886/263 1745/2891/263 1746/2882/263
f 1756/2894/264 1752/2895/264 1754/2896/264 1758/2897/264
f 1756/2898/265 1755/2899/265 1751/2900/265 1752/2895/265
f 1758/2901/261 1757/2902/261 1755/2903/261 1756/2904/261
f 1754/2896/266 1753/2905/266 1757/2902/266 1758/2901/266
f 1751/2900/262 1755/2906/262 1757/2907/262 1753/2905/262
f 1752/2895/263 1751/2900/263 1753/2905/263 1754/2896/263
f 1764/2908/264 1760/2909/264 1762/2910/264 1766/2911/264
f 1764/2912/265 1763/2913/265 1759/2914/265 1760/2909/265
f 1766/2915/261 1765/2916/261 1763/2917/261 1764/2918/261
f 1762/2910/266 1761/2919/266 1765/2916/266 1766/2915/266
f 1759/2914/262 1763/2920/262 1765/2921/262 1761/2919/262
f 1760/2909/263 1759/2914/263 1761/2919/263 1762/2910/263
f 1772/2922/264 1768/2923/264 1770/2924/264 1774/2925/264
f 1772/2926/265 1771/2927/265 1767/2928/265 1768/2923/265
f 1774/2929/261 1773/2930/261 1771/2931/261 1772/2932/261
f 1770/2924/266 1769/2933/266 1773/2930/266 1774/2929/266
f 1767/2928/262 1771/2934/262 1773/2935/262 1769/2933/262
f 1768/2923/263 1767/2928/263 1769/2933/263 1770/2924/263
f 1780/2936/264 1776/2937/264 1778/2938/264 1782/2939/264
f 1780/2940/265 1779/2941/265 1775/2942/265 1776/2937/265
f 1782/2943/261 1781/2944/261 1779/2945/261 1780/2946/261
f 1778/2938/266 1777/2947/266 1781/2944/266 1782/2943/266
f 1775/2942/262 1779/2948/262 1781/2949/262 1777/2947/262
f 1776/2937/263 1775/2942/263 1777/2947/263 1778/2938/263
f 1788/2950/264 1784/2951/264 1786/2952/264 1790/2953/264
f 1788/2954/265 1787/2955/265 1783/2956/265 1784/2951/265
f 1790/2957/261 1789/2958/261 1787/2959/261 1788/2960/261
f 1786/2952/266 1785/2961/266 1789/2958/266 1790/2957/266
f 1783/2956/262 1787/2962/262 1789/2963/262 1785/2961/262
f 1784/2951/263 1783/2956/263 1785/2961/263 1786/2952/263
f 1796/2964/264 1792/2965/264 1794/2966/264 1798/2967/264
f 1796/2968/265 1795/2969/265 1791/2970/265 1792/2965/265
f 1798/2971/261 1797/2972/261 1795/2973/261 1796/2974/261
f 1794/2966/266 1793/2975/266 1797/2972/266 1798/2971/266
f 1791/2970/262 1795/2976/262 1797/2977/262 1793/2975/262
f 1792/2965/263 1791/2970/263 1793/2975/263 1794/2966/263
f 1804/2978/264 1800/2979/264 1802/2980/264 1806/2981/264
f 1804/2982/265 1803/2983/265 1799/2984/265 1800/2979/265
f 1806/2985/261 1805/2986/261 1803/2987/261 1804/2988/261
f 1802/2980/266 1801/2989/266 1805/2986/266 1806/2985/266
f 1799/2984/262 1803/2990/262 1805/2991/262 1801/2989/262
f 1800/2979/263 1799/2984/263 1801/2989/263 1802/2980/263
f 1812/2992/264 1808/2993/264 1810/2994/264 1814/2995/264
f 1812/2996/265 1811/2997/265 1807/2998/265 1808/2993/265
f 1814/2999/261 1813/3000/261 1811/3001/261 1812/3002/261
f 1810/2994/266 1809/3003/266 1813/3000/266 1814/2999/266
f 1807/2998/262 1811/3004/262 1813/3005/262 1809/3003/262
f 1808/2993/263 1807/2998/263 1809/3003/263 1810/2994/263
f 1820/3006/264 1816/3007/264 1818/3008/264 1822/3009/264
f 1820/3010/265 1819/3011/265 1815/3012/265 1816/3007/265
f 1822/3013/261 1821/3014/261 1819/3015/261 1820/3016/261
f 1818/3008/266 1817/3017/266 1821/3014/266 1822/3013/266
f 1815/3012/262 1819/3018/262 1821/3019/262 1817/3017/262
f 1816/3007/263 1815/3012/263 1817/3017/263 1818/3008/263
f 1828/3020/264 1824/3021/264 1826/3022/264 1830/3023/264
f 1828/3024/265 1827/3025/265 1823/3026/265 1824/3021/265
f 1830/3027/261 1829/3028/261 1827/3029/261 1828/3030/261
f 1826/3022/266 1825/3031/266 1829/3028/266 1830/3027/266
f 1823/3026/262 1827/3032/262 1829/3033/262 1825/3031/262
f 1824/3021/263 1823/3026/263 1825/3031/263 1826/3022/263
f 1836/3034/264 1832/3035/264 1834/3036/264 1838/3037/264
f 1836/3038/265 1835/3039/265 1831/3040/265 1832/3035/265
f 1838/3041/261 1837/3042/261 1835/3043/261 1836/3044/261
f 1834/3036/266 1833/3045/266 1837/3042/266 1838/3041/266
f 1831/3040/262 1835/3046/262 1837/3047/262 1833/3045/262
f 1832/3035/263 1831/3040/263 1833/3045/263 1834/3036/263
f 1844/3048/264 1840/3049/264 1842/3050/264 1846/3051/264
f 1844/3052/265 1843/3053/265 1839/3054/265 1840/3049/265
f 1846/3055/261 1845/3056/261 1843/3057/261 1844/3058/261
f 1842/3050/266 1841/3059/266 1845/3056/266 1846/3055/266
f 1839/3054/262 1843/3060/262 1845/3061/262 1841/3059/262
f 1840/3049/263 1839/3054/263 1841/3059/263 1842/3050/263
f 1847/3062/261 1848/3063/261 1850/3064/261 1849/3065/261
f 1851/3066/275 1852/3067/275 1848/3063/275 1847/3062/275
f 1849/3068/264 1853/3069/264 1851/3066/264 1847/3070/264
f 1849/3071/276 1850/3072/276 1854/3073/276 1853/3069/276
f 1854/3073/262 1850/3074/262 1848/3075/262 1852/3067/262
f 1853/3069/263 1854/3073/263 1852/3067/263 1851/3066/263
f 1860/3076/264 1856/3077/264 1858/3078/264 1862/3079/264
f 1860/3080/265 1859/3081/265 1855/3082/265 1856/3077/265
f 1862/3083/261 1861/3084/261 1859/3085/261 1860/3086/261
f 1858/3078/266 1857/3087/266 1861/3084/266 1862/3083/266
f 1855/3082/262 1859/3088/262 1861/3089/262 1857/3087/262
f 1856/3077/263 1855/3082/263 1857/3087/263 1858/3078/263
f 1868/3090/264 1864/3091/264 1866/3092/264 1870/3093/264
f 1868/3094/265 1867/3095/265 1863/3096/265 1864/3091/265
f 1870/3097/261 1869/3098/261 1867/3099/261 1868/3100/261
f 1866/3092/266 1865/3101/266 1869/3098/266 1870/3097/266
f 1863/3096/262 1867/3102/262 1869/3103/262 1865/3101/262
f 1864/3091/263 1863/3096/263 1865/3101/263 1866/3092/263
f 1876/3104/264 1872/3105/264 1874/3106/264 1878/3107/264
f 1876/3108/265 1875/3109/265 1871/3110/265 1872/3105/265
f 1878/3111/261 1877/3112/261 1875/3113/261 1876/3114/261
f 1874/3106/266 1873/3115/266 1877/3112/266 1878/3111/266
f 1871/3110/262 1875/3116/262 1877/3117/262 1873/3115/262
f 1872/3105/263 1871/3110/263 1873/3115/263 1874/3106/263
f 1884/3118/264 1880/3119/264 1882/3120/264 1886/3121/264
f 1884/3122/265 1883/3123/265 1879/3124/265 1880/3119/265
f 1886/3125/261 1885/3126/261 1883/3127/261 1884/3128/261
f 1882/3120/266 1881/3129/266 1885/3126/266 1886/3125/266
f 1879/3124/262 1883/3130/262 1885/3131/262 1881/3129/262
f 1880/3119/263 1879/3124/263 1881/3129/263 1882/3120/263
f 1892/3132/264 1888/3133/264 1890/3134/264 1894/3135/264
f 1892/3136/265 1891/3137/265 1887/3138/265 1888/3133/265
f 1894/3139/261 1893/3140/261 1891/3141/261 1892/3142/261
f 1890/3134/266 1889/3143/266 1893/3140/266 1894/3139/266
f 1887/3138/262 1891/3144/262 1893/3145/262 1889/3143/262
f 1888/3133/263 1887/3138/263 1889/3143/263 1890/3134/263
f 1900/3146/264 1896/3147/264 1898/3148/264 1902/3149/264
f 1900/3150/265 1899/3151/265 1895/3152/265 1896/3147/265
f 1902/3153/261 1901/3154/261 1899/3155/261 1900/3156/261
f 1898/3148/266 1897/3157/266 1901/3154/266 1902/3153/266
f 1895/3152/262 1899/3158/262 1901/3159/262 1897/3157/262
f 1896/3147/263 1895/3152/263 1897/3157/263 1898/3148/263
f 1908/3160/264 1904/3161/264 1906/3162/264 1910/3163/264
f 1908/3164/265 1907/3165/265 1903/3166/265 1904/3161/265
f 1910/3167/261 1909/3168/261 1907/3169/261 1908/3170/261
f 1906/3162/266 1905/3171/266 1909/3168/266 1910/3167/266
f 1903/3166/262 1907/3172/262 1909/3173/262 1905/3171/262
f 1904/3161/263 1903/3166/263 1905/3171/263 1906/3162/263
f 1916/3174/264 1912/3175/264 1914/3176/264 1918/3177/264
f 1916/3178/265 1915/3179/265 1911/3180/265 1912/3175/265
f 1918/3181/261 1917/3182/261 1915/3183/261 1916/3184/261
f 1914/3176/266 1913/3185/266 1917/3182/266 1918/3181/266
f 1911/3180/262 1915/3186/262 1917/3187/262 1913/3185/262
f 1912/3175/263 1911/3180/263 1913/3185/263 1914/3176/263
f 1924/3188/264 1920/3189/264 1922/3190/264 1926/3191/264
f 1924/3192/265 1923/3193/265 1919/3194/265 1920/3189/265
f 1926/3195/261 1925/3196/261 1923/3197/261 1924/3198/261
f 1922/3190/266 1921/3199/266 1925/3196/266 1926/3195/266
f 1919/3194/262 1923/3200/262 1925/3201/262 1921/3199/262
f 1920/3189/263 1919/3194/263 1921/3199/263 1922/3190/263
f 1932/3202/264 1928/3203/264 1930/3204/264 1934/3205/264
f 1932/3206/265 1931/3207/265 1927/3208/265 1928/3203/265
f 1934/3209/261 1933/3210/261 1931/3211/261 1932/3212/261
f 1930/3204/266 1929/3213/266 1933/3210/266 1934/3209/266
f 1927/3208/262 1931/3214/262 1933/3215/262 1929/3213/262
f 1928/3203/263 1927/3208/263 1929/3213/263 1930/3204/263
f 1940/3216/264 1936/3217/264 1938/3218/264 1942/3219/264
f 1940/3220/265 1939/3221/265 1935/3222/265 1936/3217/265
f 1942/3223/261 1941/3224/261 1939/3225/261 1940/3226/261
f 1938/3218/266 1937/3227/266 1941/3224/266 1942/3223/266
f 1935/3222/262 1939/3228/262 1941/3229/262 1937/3227/262
f 1936/3217/263 1935/3222/263 1937/3227/263 1938/3218/263
f 1948/3230/264 1944/3231/264 1946/3232/264 1950/3233/264
f 1948/3234/265 1947/3235/265 1943/3236/265 1944/3231/265
f 1950/3237/261 1949/3238/261 1947/3239/261 1948/3240/261
f 1946/3232/266 1945/3241/266 1949/3238/266 1950/3237/266
f 1943/3236/262 1947/3242/262 1949/3243/262 1945/3241/262
f 1944/3231/263 1943/3236/263 1945/3241/263 1946/3232/263
f 1956/3244/264 1952/3245/264 1954/3246/264 1958/3247/264
f 1956/3248/265 1955/3249/265 1951/3250/265 1952/3245/265
f 1958/3251/261 1957/3252/261 1955/3253/261 1956/3254/261
f 1954/3246/266 1953/3255/266 1957/3252/266 1958/3251/266
f 1951/3250/262 1955/3256/262 1957/3257/262 1953/3255/262
f 1952/3245/263 1951/3250/263 1953/3255/263 1954/3246/263
f 1964/3258/264 1960/3259/264 1962/3260/264 1966/3261/264
f 1964/3262/265 1963/3263/265 1959/3264/265 1960/3259/265
f 1966/3265/261 1965/3266/261 1963/3267/261 1964/3268/261
f 1962/3260/266 1961/3269/266 1965/3266/266 1966/3265/266
f 1959/3264/262 1963/3270/262 1965/3271/262 1961/3269/262
f 1960/3259/263 1959/3264/263 1961/3269/263 1962/3260/263
f 1972/3272/264 1968/3273/264 1970/3274/264 1974/3275/264
f 1972/3276/265 1971/3277/265 1967/3278/265 1968/3273/265
f 1974/3279/261 1973/3280/261 1971/3281/261 1972/3282/261
f 1970/3274/266 1969/3283/266 1973/3280/266 1974/3279/266
f 1967/3278/262 1971/3284/262 1973/3285/262 1969/3283/262
f 1968/3273/263 1967/3278/263 1969/3283/263 1970/3274/263
f 1980/3286/264 1976/3287/264 1978/3288/264 1982/3289/264
f 1980/3290/265 1979/3291/265 1975/3292/265 1976/3287/265
f 1982/3293/261 1981/3294/261 1979/3295/261 1980/3296/261
f 1978/3288/266 1977/3297/266 1981/3294/266 1982/3293/266
f 1975/3292/262 1979/3298/262 1981/3299/262 1977/3297/262
f 1976/3287/263 1975/3292/263 1977/3297/263 1978/3288/263
f 1988/3300/264 1984/3301/264 1986/3302/264 1990/3303/264
f 1988/3304/265 1987/3305/265 1983/3306/265 1984/3301/265
f 1990/3307/261 1989/3308/261 1987/3309/261 1988/3310/261
f 1986/3302/266 1985/3311/266 1989/3308/266 1990/3307/266
f 1983/3306/262 1987/3312/262 1989/3313/262 1985/3311/262
f 1984/3301/263 1983/3306/263 1985/3311/263 1986/3302/263
f 1996/3314/264 1992/3315/264 1994/3316/264 1998/3317/264
f 1996/3318/265 1995/3319/265 1991/3320/265 1992/3315/265
f 1998/3321/261 1997/3322/261 1995/3323/261 1996/3324/261
f 1994/3316/266 1993/3325/266 1997/3322/266 1998/3321/266
f 1991/3320/262 1995/3326/262 1997/3327/262 1993/3325/262
f 1992/3315/263 1991/3320/263 1993/3325/263 1994/3316/263
f 2004/3328/264 2000/3329/264 2002/3330/264 2006/3331/264
f 2004/3332/265 2003/3333/265 1999/3334/265 2000/3329/265
f 2006/3335/261 2005/3336/261 2003/3337/261 2004/3338/261
f 2002/3330/266 2001/3339/266 2005/3336/266 2006/3335/266
f 1999/3334/262 2003/3340/262 2005/3341/262 2001/3339/262
f 2000/3329/263 1999/3334/263 2001/3339/263 2002/3330/263
f 2012/3342/264 2008/3343/264 2010/3344/264 2014/3345/264
f 2012/3346/265 2011/3347/265 2007/3348/265 2008/3343/265
f 2014/3349/261 2013/3350/261 2011/3351/261 2012/3352/261
f 2010/3344/266 2009/3353/266 2013/3350/266 2014/3349/266
f 2007/3348/262 2011/3354/262 2013/3355/262 2009/3353/262
f 2008/3343/263 2007/3348/263 2009/3353/263 2010/3344/263
f 2020/3356/264 2016/3357/264 2018/3358/264 2022/3359/264
f 2020/3360/265 2019/3361/265 2015/3362/265 2016/3357/265
f 2022/3363/261 2021/3364/261 2019/3365/261 2020/3366/261
f 2018/3358/266 2017/3367/266 2021/3364/266 2022/3363/266
f 2015/3362/262 2019/3368/262 2021/3369/262 2017/3367/262
f 2016/3357/263 2015/3362/263 2017/3367/263 2018/3358/263
f 2028/3370/264 2024/3371/264 2026/3372/264 2030/3373/264
f 2028/3374/265 2027/3375/265 2023/3376/265 2024/3371/265
f 2030/3377/261 2029/3378/261 2027/3379/261 2028/3380/261
f 2026/3372/266 2025/3381/266 2029/3378/266 2030/3377/266
f 2023/3376/262 2027/3382/262 2029/3383/262 2025/3381/262
f 2024/3371/263 2023/3376/263 2025/3381/263 2026/3372/263
f 2036/3384/264 2032/3385/264 2034/3386/264 2038/3387/264
f 2036/3388/265 2035/3389/265 2031/3390/265 2032/3385/265
f 2038/3391/261 2037/3392/261 2035/3393/261 2036/3394/261
f 2034/3386/266 2033/3395/266 2037/3392/266 2038/3391/266
f 2031/3390/262 2035/3396/262 2037/3397/262 2033/3395/262
f 2032/3385/263 2031/3390/263 2033/3395/263 2034/3386/263
f 2044/3398/264 2040/3399/264 2042/3400/264 2046/3401/264
f 2044/3402/265 2043/3403/265 2039/3404/265 2040/3399/265
f 2046/3405/261 2045/3406/261 2043/3407/261 2044/3408/261
f 2042/3400/266 2041/3409/266 2045/3406/266 2046/3405/266
f 2039/3404/262 2043/3410/262 2045/3411/262 2041/3409/262
f 2040/3399/263 2039/3404/263 2041/3409/263 2042/3400/263
f 2054/3412/264 2140/3413/264 2139/3414/264
f 2139/3414/277 2055/3415/277 2058/3416/277 2142/3417/277
f 2053/3418/278 2054/3412/278 2139/3414/278 2142/3417/278
f 2064/3419/262 2060/3420/262 2062/3421/262 2066/3422/262
f 2064/3423/265 2063/3424/265 2059/3425/265 2060/3420/265
f 2066/3426/263 2065/3427/263 2063/3428/263 2064/3429/263
f 2062/3421/266 2061/3430/266 2065/3427/266 2066/3426/266
f 2059/3425/264 2063/3431/264 2065/3432/264 2061/3430/264
f 2060/3420/261 2059/3425/261 2061/3430/261 2062/3421/261
f 2072/3433/262 2068/3434/262 2070/3435/262 2074/3436/262
f 2072/3437/265 2071/3438/265 2067/3439/265 2068/3434/265
f 2074/3440/263 2073/3441/263 2071/3442/263 2072/3443/263
f 2070/3435/266 2069/3444/266 2073/3441/266 2074/3440/266
f 2067/3439/264 2071/3445/264 2073/3446/264 2069/3444/264
f 2068/3434/261 2067/3439/261 2069/3444/261 2070/3435/261
f 2080/3447/262 2076/3448/262 2078/3449/262 2082/3450/262
f 2080/3451/265 2079/3452/265 2075/3453/265 2076/3448/265
f 2082/3454/263 2081/3455/263 2079/3456/263 2080/3457/263
f 2078/3449/266 2077/3458/266 2081/3455/266 2082/3454/266
f 2075/3453/264 2079/3459/264 2081/3460/264 2077/3458/264
f 2076/3448/261 2075/3453/261 2077/3458/261 2078/3449/261
f 2088/3461/262 2084/3462/262 2086/3463/262 2090/3464/262
f 2088/3465/265 2087/3466/265 2083/3467/265 2084/3462/265
f 2090/3468/263 2089/3469/263 2087/3470/263 2088/3471/263
f 2086/3463/266 2085/3472/266 2089/3469/266 2090/3468/266
f 2083/3467/264 2087/3473/264 2089/3474/264 2085/3472/264
f 2084/3462/261 2083/3467/261 2085/3472/261 2086/3463/261
f 2096/3475/262 2092/3476/262 2094/3477/262 2098/3478/262
f 2096/3479/265 2095/3480/265 2091/3481/265 2092/3476/265
f 2098/3482/263 2097/3483/263 2095/3484/263 2096/3485/263
f 2094/3477/266 2093/3486/266 2097/3483/266 2098/3482/266
f 2091/3481/264 2095/3487/264 2097/3488/264 2093/3486/264
f 2092/3476/261 2091/3481/261 2093/3486/261 2094/3477/261
f 2104/3489/262 2100/3490/262 2102/3491/262 2106/3492/262
f 2104/3493/265 2103/3494/265 2099/3495/265 2100/3490/265
f 2106/3496/263 2105/3497/263 2103/3498/263 2104/3499/263
f 2102/3491/266 2101/3500/266 2105/3497/266 2106/3496/266
f 2099/3495/264 2103/3501/264 2105/3502/264 2101/3500/264
f 2100/3490/261 2099/3495/261 2101/3500/261 2102/3491/261
f 2112/3503/262 2108/3504/262 2110/3505/262 2114/3506/262
f 2112/3507/265 2111/3508/265 2107/3509/265 2108/3504/265
f 2114/3510/263 2113/3511/263 2111/3512/263 2112/3513/263
f 2110/3505/266 2109/3514/266 2113/3511/266 2114/3510/266
f 2107/3509/264 2111/3515/264 2113/3516/264 2109/3514/264
f 2108/3504/261 2107/3509/261 2109/3514/261 2110/3505/261
f 2120/3517/262 2116/3518/262 2118/3519/262 2122/3520/262
f 2120/3521/265 2119/3522/265 2115/3523/265 2116/3518/265
f 2122/3524/263 2121/3525/263 2119/3526/263 2120/3527/263
f 2118/3519/266 2117/3528/266 2121/3525/266 2122/3524/266
f 2115/3523/264 2119/3529/264 2121/3530/264 2117/3528/264
f 2116/3518/261 2115/3523/261 2117/3528/261 2118/3519/261
f 2128/3531/262 2124/3532/262 2126/3533/262 2130/3534/262
f 2128/3535/265 2127/3536/265 2123/3537/265 2124/3532/265
f 2130/3538/263 2129/3539/263 2127/3540/263 2128/3541/263
f 2126/3533/266 2125/3542/266 2129/3539/266 2130/3538/266
f 2123/3537/264 2127/3543/264 2129/3544/264 2125/3542/264
f 2124/3532/261 2123/3537/261 2125/3542/261 2126/3533/261
f 2136/3545/262 2132/3546/262 2134/3547/262 2138/3548/262
f 2136/3549/265 2135/3550/265 2131/3551/265 2132/3546/265
f 2138/3552/263 2137/3553/263 2135/3554/263 2136/3555/263
f 2134/3547/266 2133/3556/266 2137/3553/266 2138/3552/266
f 2131/3551/264 2135/3557/264 2137/3558/264 2133/3556/264
f 2132/3546/261 2131/3551/261 2133/3556/261 2134/3547/261
f 2142/3559/262 2144/3560/262 2053/3418/262
f 2143/3561/262 2141/3562/262 2047/3563/262
f 2052/3564/262 2050/3565/262 2141/3562/262 2143/3561/262
f 2057/3566/264 2055/3415/264 2139/3414/264 2140/3413/264
f 2146/3567/277 2049/3568/277 2052/3569/277 2143/3570/277
f 2048/3571/264 2145/3572/264 2146/3567/264
f 2051/3573/264 2049/3568/264 2146/3567/264 2145/3572/264
f 2047/3563/279 2141/3562/279 2145/3572/279 2048/3571/279
f 2053/3418/279 2144/3560/279 2140/3413/279 2054/3412/279
f 2056/3574/279 2057/3566/279 2140/3413/279 2144/3560/279
f 2050/3565/279 2051/3573/279 2145/3572/279 2141/3562/279
f 2048/3571/278 2146/3567/278 2143/3570/278 2047/3563/278
f 2142/3559/262 2058/3575/262 2056/3574/262 2144/3560/262
f 2156/3576/262 2149/3577/262 2147/3578/262 2152/3579/262
f 2158/3580/265 2150/3581/265 2149/3582/265 2156/3583/265
f 2154/3584/264 2148/3585/264 2150/3581/264 2158/3580/264
f 2147/3578/261 2149/3586/261 2150/3587/261 2148/3585/261
f 2152/3579/266 2147/3578/266 2148/3585/266 2154/3584/266
f 2156/3576/262 2152/3579/262 2151/3588/262 2155/3589/262
f 2158/3580/265 2156/3583/265 2155/3590/265 2157/3591/265
f 2154/3584/264 2158/3580/264 2157/3591/264 2153/3592/264
f 2151/3588/263 2153/3592/263 2157/3593/263 2155/3594/263
f 2152/3579/266 2154/3584/266 2153/3592/266 2151/3588/266
f 2166/3595/280 2173/3596/265 2172/3597/265 2163/3598/280
f 2162/3599/281 2167/3600/266 2178/3601/266 2159/3602/281
f 2163/3603/261 2164/3604/261 2161/3605/261 2162/3606/261 2159/3607/261 2160/3608/261 2165/3609/261 2166/3610/261
f 2160/3611/282 2177/3612/262 2174/3613/262 2165/3614/282
f 2167/3600/267 2162/3599/283 2161/3605/283 2168/3615/267
f 2171/3616/268 2164/3617/284 2163/3598/284 2172/3597/268
f 2165/3614/285 2174/3613/269 2173/3596/269 2166/3595/285
f 2177/3612/270 2160/3611/286 2159/3602/286 2178/3601/270
f 2164/3604/287 2171/3618/264 2168/3615/264 2161/3605/287
f 2182/3619/288 2179/3620/288 2172/3597/265 2173/3596/265
f 2176/3621/289 2169/3622/289 2178/3601/266 2167/3600/266
f 2179/3623/263 2182/3624/263 2181/3625/263 2170/3626/263 2169/3627/263 2176/3628/263 2175/3629/263 2180/3630/263
f 2170/3631/290 2181/3632/290 2174/3613/262 2177/3612/262
f 2167/3600/267 2168/3615/267 2175/3629/291 2176/3621/291
f 2171/3616/268 2172/3597/268 2179/3620/292 2180/3633/292
f 2181/3632/293 2182/3619/293 2173/3596/269 2174/3613/269
f 2177/3612/270 2178/3601/270 2169/3622/294 2170/3631/294
f 2180/3630/295 2175/3629/295 2168/3615/264 2171/3618/264
f 2205/3634/282 2188/3635/262 2191/3636/262 2200/3637/282
f 2201/3638/287 2194/3639/264 2197/3640/264 2204/3641/287
f 2188/3635/270 2205/3634/286 2206/3642/286 2187/3643/270
f 2185/3644/295 2190/3645/295 2197/3640/264 2194/3639/264
f 2195/3646/290 2184/3647/290 2191/3636/262 2188/3635/262
f 2188/3635/270 2187/3643/270 2196/3648/294 2195/3646/294
f 2194/3649/268 2201/3650/284 2202/3651/284 2193/3652/268
f 2202/3653/261 2201/3638/261 2204/3641/261 2203/3654/261 2206/3655/261 2205/3656/261 2200/3657/261 2199/3658/261
f 2194/3649/268 2193/3652/268 2186/3659/292 2185/3660/292
f 2183/3661/288 2186/3659/288 2193/3652/265 2192/3662/265
f 2189/3663/289 2196/3648/289 2187/3643/266 2198/3664/266
f 2184/3647/293 2183/3661/293 2192/3662/269 2191/3636/269
f 2198/3664/267 2197/3640/267 2190/3645/291 2189/3663/291
f 2186/3665/263 2183/3666/263 2184/3667/263 2195/3668/263 2196/3669/263 2189/3670/263 2190/3645/263 2185/3644/263
f 2198/3664/267 2203/3671/283 2204/3641/283 2197/3640/267
f 2200/3637/285 2191/3636/269 2192/3662/269 2199/3672/285
f 2203/3671/281 2198/3664/266 2187/3643/266 2206/3642/281
f 2199/3672/280 2192/3662/265 2193/3652/265 2202/3651/280
f 2467/3673/296 2468/3674/296 2463/3675/296 2465/3676/296
f 2466/3677/297 2464/3678/297 2470/3679/297 2469/3680/297
f 2465/3676/298 2463/3675/298 2464/3681/298 2466/3682/298
f 2469/3680/299 2470/3679/299 2468/3674/299 2467/3673/299
f 2475/3683/296 2476/3684/296 2471/3685/296 2473/3686/296
f 2474/3687/297 2472/3688/297 2478/3689/297 2477/3690/297
f 2473/3686/298 2471/3685/298 2472/3691/298 2474/3692/298
f 2477/3690/299 2478/3689/299 2476/3684/299 2475/3683/299
f 2483/3693/296 2484/3694/296 2479/3695/296 2481/3696/296
f 2482/3697/297 2480/3698/297 2486/3699/297 2485/3700/297
f 2481/3696/298 2479/3695/298 2480/3701/298 2482/3702/298
f 2485/3700/299 2486/3699/299 2484/3694/299 2483/3693/299
f 2491/3703/296 2492/3704/296 2487/3705/296 2489/3706/296
f 2490/3707/297 2488/3708/297 2494/3709/297 2493/3710/297
f 2489/3706/298 2487/3705/298 2488/3711/298 2490/3712/298
f 2493/3710/299 2494/3709/299 2492/3704/299 2491/3703/299
f 2499/3713/296 2500/3714/296 2495/3715/296 2497/3716/296
f 2498/3717/297 2496/3718/297 2502/3719/297 2501/3720/297
f 2497/3716/298 2495/3715/298 2496/3721/298 2498/3722/298
f 2501/3720/299 2502/3719/299 2500/3714/299 2499/3713/299
f 2507/3723/296 2508/3724/296 2503/3725/296 2505/3726/296
f 2506/3727/297 2504/3728/297 2510/3729/297 2509/3730/297
f 2505/3726/298 2503/3725/298 2504/3731/298 2506/3732/298
f 2509/3730/299 2510/3729/299 2508/3724/299 2507/3723/299
f 2515/3733/296 2516/3734/296 2511/3735/296 2513/3736/296
f 2514/3737/297 2512/3738/297 2518/3739/297 2517/3740/297
f 2513/3736/298 2511/3735/298 2512/3741/298 2514/3742/298
f 2517/3740/299 2518/3739/299 2516/3734/299 2515/3733/299
f 2523/3743/296 2524/3744/296 2519/3745/296 2521/3746/296
f 2522/3747/297 2520/3748/297 2526/3749/297 2525/3750/297
f 2521/3746/298 2519/3745/298 2520/3751/298 2522/3752/298
f 2525/3750/299 2526/3749/299 2524/3744/299 2523/3743/299
f 2524/3753/266 2526/3754/266 2520/3751/266 2519/3745/266
f 2521/3746/265 2522/3752/265 2525/3755/265 2523/3756/265
f 2516/3757/266 2518/3758/266 2512/3741/266 2511/3735/266
f 2513/3736/265 2514/3742/265 2517/3759/265 2515/3760/265
f 2489/3706/265 2490/3712/265 2493/3761/265 2491/3762/265
f 2473/3686/265 2474/3692/265 2477/3763/265 2475/3764/265
f 2465/3676/265 2466/3682/265 2469/3765/265 2467/3766/265
f 2484/3767/266 2486/3768/266 2480/3701/266 2479/3695/266
f 2500/3769/266 2502/3770/266 2496/3721/266 2495/3715/266
f 2505/3726/265 2506/3732/265 2509/3771/265 2507/3772/265
f 2508/3773/266 2510/3774/266 2504/3731/266 2503/3725/266
f 2492/3775/266 2494/3776/266 2488/3711/266 2487/3705/266
f 2497/3716/265 2498/3722/265 2501/3777/265 2499/3778/265
f 2481/3696/265 2482/3702/265 2485/3779/265 2483/3780/265
f 2476/3781/266 2478/3782/266 2472/3691/266 2471/3685/266
f 2468/3783/266 2470/3784/266 2464/3681/266 2463/3675/266
f 2531/3785/266 2533/3786/266 2527/3787/266 2528/3788/266
f 2532/3789/298 2534/3790/298 2533/3791/298 2531/3792/298
f 2530/3793/265 2529/3794/265 2534/3790/265 2532/3789/265
f 2528/3788/299 2527/3787/299 2529/3794/299 2530/3793/299
f 2532/3789/297 2531/3792/297 2528/3795/297 2530/3796/297
f 2529/3797/296 2527/3798/296 2533/3791/296 2534/3790/296
f 2539/3799/266 2541/3800/266 2535/3801/266 2536/3802/266
f 2540/3803/298 2542/3804/298 2541/3805/298 2539/3806/298
f 2538/3807/265 2537/3808/265 2542/3804/265 2540/3803/265
f 2536/3802/299 2535/3801/299 2537/3808/299 2538/3807/299
f 2540/3803/297 2539/3806/297 2536/3809/297 2538/3810/297
f 2537/3811/296 2535/3812/296 2541/3805/296 2542/3804/296
f 2547/3813/266 2549/3814/266 2543/3815/266 2544/3816/266
f 2548/3817/298 2550/3818/298 2549/3819/298 2547/3820/298
f 2546/3821/265 2545/3822/265 2550/3818/265 2548/3817/265
f 2544/3816/299 2543/3815/299 2545/3822/299 2546/3821/299
f 2548/3817/297 2547/3820/297 2544/3823/297 2546/3824/297
f 2545/3825/296 2543/3826/296 2549/3819/296 2550/3818/296
f 2555/3827/266 2557/3828/266 2551/3829/266 2552/3830/266
f 2556/3831/296 2558/3832/296 2557/3833/296 2555/3834/296
f 2554/3835/265 2553/3836/265 2558/3832/265 2556/3831/265
f 2552/3830/297 2551/3829/297 2553/3836/297 2554/3835/297
f 2556/3831/298 2555/3834/298 2552/3837/298 2554/3838/298
f 2553/3839/299 2551/3840/299 2557/3833/299 2558/3832/299
f 2563/3841/266 2565/3842/266 2559/3843/266 2560/3844/266
f 2564/3845/296 2566/3846/296 2565/3847/296 2563/3848/296
f 2562/3849/265 2561/3850/265 2566/3846/265 2564/3845/265
f 2560/3844/297 2559/3843/297 2561/3850/297 2562/3849/297
f 2564/3845/298 2563/3848/298 2560/3851/298 2562/3852/298
f 2561/3853/299 2559/3854/299 2565/3847/299 2566/3846/299
f 2571/3855/262 2569/3856/262 2567/3857/262 2572/3858/262
f 2570/3859/264 2573/3860/264 2574/3861/264 2568/3862/264
f 2569/3856/261 2570/3863/261 2568/3864/261 2567/3857/261
f 2573/3860/263 2571/3855/263 2572/3858/263 2574/3861/263
f 2579/3865/262 2577/3866/262 2575/3867/262 2580/3868/262
f 2578/3869/264 2581/3870/264 2582/3871/264 2576/3872/264
f 2577/3866/261 2578/3873/261 2576/3874/261 2575/3867/261
f 2581/3870/263 2579/3865/263 2580/3868/263 2582/3871/263
f 2587/3875/262 2585/3876/262 2583/3877/262 2588/3878/262
f 2586/3879/264 2589/3880/264 2590/3881/264 2584/3882/264
f 2585/3876/261 2586/3883/261 2584/3884/261 2583/3877/261
f 2589/3880/263 2587/3875/263 2588/3878/263 2590/3881/263
f 2595/3885/262 2593/3886/262 2591/3887/262 2596/3888/262
f 2594/3889/264 2597/3890/264 2598/3891/264 2592/3892/264
f 2593/3886/261 2594/3893/261 2592/3894/261 2591/3887/261
f 2597/3890/263 2595/3885/263 2596/3888/263 2598/3891/263
f 2603/3895/262 2601/3896/262 2599/3897/262 2604/3898/262
f 2602/3899/264 2605/3900/264 2606/3901/264 2600/3902/264
f 2601/3896/261 2602/3903/261 2600/3904/261 2599/3897/261
f 2605/3900/263 2603/3895/263 2604/3898/263 2606/3901/263
f 2611/3905/262 2609/3906/262 2607/3907/262 2612/3908/262
f 2610/3909/264 2613/3910/264 2614/3911/264 2608/3912/264
f 2609/3906/261 2610/3913/261 2608/3914/261 2607/3907/261
f 2613/3910/263 2611/3905/263 2612/3908/263 2614/3911/263
f 2619/3915/262 2617/3916/262 2615/3917/262 2620/3918/262
f 2618/3919/264 2621/3920/264 2622/3921/264 2616/3922/264
f 2617/3916/261 2618/3923/261 2616/3924/261 2615/3917/261
f 2621/3920/263 2619/3915/263 2620/3918/263 2622/3921/263
f 2627/3925/262 2625/3926/262 2623/3927/262 2628/3928/262
f 2626/3929/264 2629/3930/264 2630/3931/264 2624/3932/264
f 2625/3926/261 2626/3933/261 2624/3934/261 2623/3927/261
f 2629/3930/263 2627/3925/263 2628/3928/263 2630/3931/263
f 2628/3935/266 2623/3927/266 2624/3934/266 2630/3936/266
f 2625/3926/265 2627/3937/265 2629/3938/265 2626/3933/265
f 2620/3939/266 2615/3917/266 2616/3924/266 2622/3940/266
f 2617/3916/265 2619/3941/265 2621/3942/265 2618/3923/265
f 2593/3886/265 2595/3943/265 2597/3944/265 2594/3893/265
f 2577/3866/265 2579/3945/265 2581/3946/265 2578/3873/265
f 2569/3856/265 2571/3947/265 2573/3948/265 2570/3863/265
f 2588/3949/266 2583/3877/266 2584/3884/266 2590/3950/266
f 2604/3951/266 2599/3897/266 2600/3904/266 2606/3952/266
f 2609/3906/265 2611/3953/265 2613/3954/265 2610/3913/265
f 2612/3955/266 2607/3907/266 2608/3914/266 2614/3956/266
f 2596/3957/266 2591/3887/266 2592/3894/266 2598/3958/266
f 2601/3896/265 2603/3959/265 2605/3960/265 2602/3903/265
f 2585/3876/265 2587/3961/265 2589/3962/265 2586/3883/265
f 2580/3963/266 2575/3867/266 2576/3874/266 2582/3964/266
f 2572/3965/266 2567/3857/266 2568/3864/266 2574/3966/266
f 2635/3967/266 2632/3968/266 2631/3969/266 2637/3970/266
f 2636/3971/261 2635/3972/261 2637/3973/261 2638/3974/261
f 2634/3975/265 2636/3971/265 2638/3974/265 2633/3976/265
f 2632/3968/263 2634/3975/263 2633/3976/263 2631/3969/263
f 2636/3971/264 2634/3977/264 2632/3978/264 2635/3972/264
f 2633/3979/262 2638/3974/262 2637/3973/262 2631/3980/262
f 2643/3981/266 2640/3982/266 2639/3983/266 2645/3984/266
f 2644/3985/261 2643/3986/261 2645/3987/261 2646/3988/261
f 2642/3989/265 2644/3985/265 2646/3988/265 2641/3990/265
f 2640/3982/263 2642/3989/263 2641/3990/263 2639/3983/263
f 2644/3985/264 2642/3991/264 2640/3992/264 2643/3986/264
f 2641/3993/262 2646/3988/262 2645/3987/262 2639/3994/262
f 2651/3995/266 2648/3996/266 2647/3997/266 2653/3998/266
f 2652/3999/261 2651/4000/261 2653/4001/261 2654/4002/261
f 2650/4003/265 2652/3999/265 2654/4002/265 2649/4004/265
f 2648/3996/263 2650/4003/263 2649/4004/263 2647/3997/263
f 2652/3999/264 2650/4005/264 2648/4006/264 2651/4000/264
f 2649/4007/262 2654/4002/262 2653/4001/262 2647/4008/262
f 2659/4009/266 2656/4010/266 2655/4011/266 2661/4012/266
f 2660/4013/262 2659/4014/262 2661/4015/262 2662/4016/262
f 2658/4017/265 2660/4013/265 2662/4016/265 2657/4018/265
f 2656/4010/264 2658/4017/264 2657/4018/264 2655/4011/264
f 2660/4013/261 2658/4019/261 2656/4020/261 2659/4014/261
f 2657/4021/263 2662/4016/263 2661/4015/263 2655/4022/263
f 2667/4023/266 2664/4024/266 2663/4025/266 2669/4026/266
f 2668/4027/262 2667/4028/262 2669/4029/262 2670/4030/262
f 2666/4031/265 2668/4027/265 2670/4030/265 2665/4032/265
f 2664/4024/264 2666/4031/264 2665/4032/264 2663/4025/264
f 2668/4027/261 2666/4033/261 2664/4034/261 2667/4028/261
f 2665/4035/300 2670/4030/300 2669/4029/300 2663/4036/300
f 2675/4037/301 2676/4038/301 2671/4039/301 2673/4040/301
f 2674/4041/302 2672/4042/302 2678/4043/302 2677/4044/302
f 2673/4040/303 2671/4039/303 2672/4045/303 2674/4046/303
f 2677/4044/304 2678/4043/304 2676/4038/304 2675/4037/304
f 2683/4047/301 2684/4048/301 2679/4049/301 2681/4050/301
f 2682/4051/302 2680/4052/302 2686/4053/302 2685/4054/302
f 2681/4050/303 2679/4049/303 2680/4055/303 2682/4056/303
f 2685/4054/304 2686/4053/304 2684/4048/304 2683/4047/304
f 2691/4057/301 2692/4058/301 2687/4059/301 2689/4060/301
f 2690/4061/302 2688/4062/302 2694/4063/302 2693/4064/302
f 2689/4060/303 2687/4059/303 2688/4065/303 2690/4066/303
f 2693/4064/304 2694/4063/304 2692/4058/304 2691/4057/304
f 2699/4067/301 2700/4068/301 2695/4069/301 2697/4070/301
f 2698/4071/302 2696/4072/302 2702/4073/302 2701/4074/302
f 2697/4070/303 2695/4069/303 2696/4075/303 2698/4076/303
f 2701/4074/304 2702/4073/304 2700/4068/304 2699/4067/304
f 2707/4077/301 2708/4078/301 2703/4079/301 2705/4080/301
f 2706/4081/302 2704/4082/302 2710/4083/302 2709/4084/302
f 2705/4080/303 2703/4079/303 2704/4085/303 2706/4086/303
f 2709/4084/304 2710/4083/304 2708/4078/304 2707/4077/304
f 2715/4087/301 2716/4088/301 2711/4089/301 2713/4090/301
f 2714/4091/302 2712/4092/302 2718/4093/302 2717/4094/302
f 2713/4090/303 2711/4089/303 2712/4095/303 2714/4096/303
f 2717/4094/304 2718/4093/304 2716/4088/304 2715/4087/304
f 2723/4097/301 2724/4098/301 2719/4099/301 2721/4100/301
f 2722/4101/302 2720/4102/302 2726/4103/302 2725/4104/302
f 2721/4100/303 2719/4099/303 2720/4105/303 2722/4106/303
f 2725/4104/304 2726/4103/304 2724/4098/304 2723/4097/304
f 2731/4107/301 2732/4108/301 2727/4109/301 2729/4110/301
f 2730/4111/302 2728/4112/302 2734/4113/302 2733/4114/302
f 2729/4110/303 2727/4109/303 2728/4115/303 2730/4116/303
f 2733/4114/304 2734/4113/304 2732/4108/304 2731/4107/304
f 2732/4117/266 2734/4118/266 2728/4115/266 2727/4109/266
f 2729/4110/265 2730/4116/265 2733/4119/265 2731/4120/265
f 2724/4121/266 2726/4122/266 2720/4105/266 2719/4099/266
f 2721/4100/265 2722/4106/265 2725/4123/265 2723/4124/265
f 2697/4070/265 2698/4076/265 2701/4125/265 2699/4126/265
f 2681/4050/265 2682/4056/265 2685/4127/265 2683/4128/265
f 2673/4040/265 2674/4046/265 2677/4129/265 2675/4130/265
f 2692/4131/266 2694/4132/266 2688/4065/266 2687/4059/266
f 2708/4133/266 2710/4134/266 2704/4085/266 2703/4079/266
f 2713/4090/265 2714/4096/265 2717/4135/265 2715/4136/265
f 2716/4137/266 2718/4138/266 2712/4095/266 2711/4089/266
f 2700/4139/266 2702/4140/266 2696/4075/266 2695/4069/266
f 2705/4080/265 2706/4086/265 2709/4141/265 2707/4142/265
f 2689/4060/265 2690/4066/265 2693/4143/265 2691/4144/265
f 2684/4145/266 2686/4146/266 2680/4055/266 2679/4049/266
f 2676/4147/266 2678/4148/266 2672/4045/266 2671/4039/266
f 2739/4149/266 2741/4150/266 2735/4151/266 2736/4152/266
f 2740/4153/303 2742/4154/303 2741/4155/303 2739/4156/303
f 2738/4157/265 2737/4158/265 2742/4154/265 2740/4153/265
f 2736/4152/304 2735/4151/304 2737/4158/304 2738/4157/304
f 2740/4153/302 2739/4156/302 2736/4159/302 2738/4160/302
f 2737/4161/301 2735/4162/301 2741/4155/301 2742/4154/301
f 2747/4163/266 2749/4164/266 2743/4165/266 2744/4166/266
f 2748/4167/303 2750/4168/303 2749/4169/303 2747/4170/303
f 2746/4171/265 2745/4172/265 2750/4168/265 2748/4167/265
f 2744/4166/304 2743/4165/304 2745/4172/304 2746/4171/304
f 2748/4167/302 2747/4170/302 2744/4173/302 2746/4174/302
f 2745/4175/301 2743/4176/301 2749/4169/301 2750/4168/301
f 2755/4177/266 2757/4178/266 2751/4179/266 2752/4180/266
f 2756/4181/303 2758/4182/303 2757/4183/303 2755/4184/303
f 2754/4185/265 2753/4186/265 2758/4182/265 2756/4181/265
f 2752/4180/304 2751/4179/304 2753/4186/304 2754/4185/304
f 2756/4181/302 2755/4184/302 2752/4187/302 2754/4188/302
f 2753/4189/301 2751/4190/301 2757/4183/301 2758/4182/301
f 2763/4191/266 2765/4192/266 2759/4193/266 2760/4194/266
f 2764/4195/301 2766/4196/301 2765/4197/301 2763/4198/301
f 2762/4199/265 2761/4200/265 2766/4196/265 2764/4195/265
f 2760/4194/302 2759/4193/302 2761/4200/302 2762/4199/302
f 2764/4195/305 2763/4198/305 2760/4201/305 2762/4202/305
f 2761/4203/304 2759/4204/304 2765/4197/304 2766/4196/304
f 2771/4205/266 2773/4206/266 2767/4207/266 2768/4208/266
f 2772/4209/301 2774/4210/301 2773/4211/301 2771/4212/301
f 2770/4213/265 2769/4214/265 2774/4210/265 2772/4209/265
f 2768/4208/302 2767/4207/302 2769/4214/302 2770/4213/302
f 2772/4209/303 2771/4212/303 2768/4215/303 2770/4216/303
f 2769/4217/306 2767/4218/306 2773/4211/306 2774/4210/306
f 2779/4219/307 2780/4220/307 2775/4221/307 2777/4222/307
f 2778/4223/308 2776/4224/308 2782/4225/308 2781/4226/308
f 2777/4222/309 2775/4221/309 2776/4227/309 2778/4228/309
f 2781/4226/310 2782/4225/310 2780/4220/310 2779/4219/310
f 2787/4229/307 2788/4230/307 2783/4231/307 2785/4232/307
f 2786/4233/308 2784/4234/308 2790/4235/308 2789/4236/308
f 2785/4232/309 2783/4231/309 2784/4237/309 2786/4238/309
f 2789/4236/310 2790/4235/310 2788/4230/310 2787/4229/310
f 2795/4239/307 2796/4240/307 2791/4241/307 2793/4242/307
f 2794/4243/308 2792/4244/308 2798/4245/308 2797/4246/308
f 2793/4242/309 2791/4241/309 2792/4247/309 2794/4248/309
f 2797/4246/310 2798/4245/310 2796/4240/310 2795/4239/310
f 2803/4249/307 2804/4250/307 2799/4251/307 2801/4252/307
f 2802/4253/308 2800/4254/308 2806/4255/308 2805/4256/308
f 2801/4252/309 2799/4251/309 2800/4257/309 2802/4258/309
f 2805/4256/310 2806/4255/310 2804/4250/310 2803/4249/310
f 2811/4259/307 2812/4260/307 2807/4261/307 2809/4262/307
f 2810/4263/308 2808/4264/308 2814/4265/308 2813/4266/308
f 2809/4262/309 2807/4261/309 2808/4267/309 2810/4268/309
f 2813/4266/310 2814/4265/310 2812/4260/310 2811/4259/310
f 2819/4269/307 2820/4270/307 2815/4271/307 2817/4272/307
f 2818/4273/308 2816/4274/308 2822/4275/308 2821/4276/308
f 2817/4272/309 2815/4271/309 2816/4277/309 2818/4278/309
f 2821/4276/310 2822/4275/310 2820/4270/310 2819/4269/310
f 2827/4279/307 2828/4280/307 2823/4281/307 2825/4282/307
f 2826/4283/308 2824/4284/308 2830/4285/308 2829/4286/308
f 2825/4282/309 2823/4281/309 2824/4287/309 2826/4288/309
f 2829/4286/310 2830/4285/310 2828/4280/310 2827/4279/310
f 2835/4289/307 2836/4290/307 2831/4291/307 2833/4292/307
f 2834/4293/311 2832/4294/311 2838/4295/311 2837/4296/311
f 2833/4292/309 2831/4291/309 2832/4297/309 2834/4298/309
f 2837/4296/310 2838/4295/310 2836/4290/310 2835/4289/310
f 2836/4299/266 2838/4300/266 2832/4297/266 2831/4291/266
f 2833/4292/265 2834/4298/265 2837/4301/265 2835/4302/265
f 2828/4303/266 2830/4304/266 2824/4287/266 2823/4281/266
f 2825/4282/265 2826/4288/265 2829/4305/265 2827/4306/265
f 2801/4252/265 2802/4258/265 2805/4307/265 2803/4308/265
f 2785/4232/265 2786/4238/265 2789/4309/265 2787/4310/265
f 2777/4222/265 2778/4228/265 2781/4311/265 2779/4312/265
f 2796/4313/266 2798/4314/266 2792/4247/266 2791/4241/266
f 2812/4315/266 2814/4316/266 2808/4267/266 2807/4261/266
f 2817/4272/265 2818/4278/265 2821/4317/265 2819/4318/265
f 2820/4319/266 2822/4320/266 2816/4277/266 2815/4271/266
f 2804/4321/266 2806/4322/266 2800/4257/266 2799/4251/266
f 2809/4262/265 2810/4268/265 2813/4323/265 2811/4324/265
f 2793/4242/265 2794/4248/265 2797/4325/265 2795/4326/265
f 2788/4327/266 2790/4328/266 2784/4237/266 2783/4231/266
f 2780/4329/266 2782/4330/266 2776/4227/266 2775/4221/266
f 2843/4331/266 2845/4332/266 2839/4333/266 2840/4334/266
f 2844/4335/309 2846/4336/309 2845/4337/309 2843/4338/309
f 2842/4339/265 2841/4340/265 2846/4336/265 2844/4335/265
f 2840/4334/310 2839/4333/310 2841/4340/310 2842/4339/310
f 2844/4335/308 2843/4338/308 2840/4341/308 2842/4342/308
f 2841/4343/307 2839/4344/307 2845/4337/307 2846/4336/307
f 2851/4345/266 2853/4346/266 2847/4347/266 2848/4348/266
f 2852/4349/309 2854/4350/309 2853/4351/309 2851/4352/309
f 2850/4353/265 2849/4354/265 2854/4350/265 2852/4349/265
f 2848/4348/310 2847/4347/310 2849/4354/310 2850/4353/310
f 2852/4349/308 2851/4352/308 2848/4355/308 2850/4356/308
f 2849/4357/307 2847/4358/307 2853/4351/307 2854/4350/307
f 2859/4359/266 2861/4360/266 2855/4361/266 2856/4362/266
f 2860/4363/309 2862/4364/309 2861/4365/309 2859/4366/309
f 2858/4367/265 2857/4368/265 2862/4364/265 2860/4363/265
f 2856/4362/310 2855/4361/310 2857/4368/310 2858/4367/310
f 2860/4363/308 2859/4366/308 2856/4369/308 2858/4370/308
f 2857/4371/307 2855/4372/307 2861/4365/307 2862/4364/307
f 2867/4373/266 2869/4374/266 2863/4375/266 2864/4376/266
f 2868/4377/307 2870/4378/307 2869/4379/307 2867/4380/307
f 2866/4381/265 2865/4382/265 2870/4378/265 2868/4377/265
f 2864/4376/308 2863/4375/308 2865/4382/308 2866/4381/308
f 2868/4377/309 2867/4380/309 2864/4383/309 2866/4384/309
f 2865/4385/310 2863/4386/310 2869/4379/310 2870/4378/310
f 2875/4387/266 2877/4388/266 2871/4389/266 2872/4390/266
f 2876/4391/307 2878/4392/307 2877/4393/307 2875/4394/307
f 2874/4395/265 2873/4396/265 2878/4392/265 2876/4391/265
f 2872/4390/308 2871/4389/308 2873/4396/308 2874/4395/308
f 2876/4391/309 2875/4394/309 2872/4397/309 2874/4398/309
f 2873/4399/310 2871/4400/310 2877/4393/310 2878/4392/310
f 2883/4401/261 2881/4402/261 2879/4403/261 2884/4404/261
f 2882/4405/263 2885/4406/263 2886/4407/263 2880/4408/263
f 2881/4402/264 2882/4409/264 2880/4410/264 2879/4403/264
f 2885/4406/262 2883/4401/262 2884/4404/262 2886/4407/262
f 2891/4411/261 2889/4412/261 2887/4413/261 2892/4414/261
f 2890/4415/263 2893/4416/263 2894/4417/263 2888/4418/263
f 2889/4412/264 2890/4419/264 2888/4420/264 2887/4413/264
f 2893/4416/262 2891/4411/262 2892/4414/262 2894/4417/262
f 2899/4421/261 2897/4422/261 2895/4423/261 2900/4424/261
f 2898/4425/263 2901/4426/263 2902/4427/263 2896/4428/263
f 2897/4422/264 2898/4429/264 2896/4430/264 2895/4423/264
f 2901/4426/262 2899/4421/262 2900/4424/262 2902/4427/262
f 2907/4431/261 2905/4432/261 2903/4433/261 2908/4434/261
f 2906/4435/263 2909/4436/263 2910/4437/263 2904/4438/263
f 2905/4432/264 2906/4439/264 2904/4440/264 2903/4433/264
f 2909/4436/262 2907/4431/262 2908/4434/262 2910/4437/262
f 2915/4441/261 2913/4442/261 2911/4443/261 2916/4444/261
f 2914/4445/263 2917/4446/263 2918/4447/263 2912/4448/263
f 2913/4442/264 2914/4449/264 2912/4450/264 2911/4443/264
f 2917/4446/262 2915/4441/262 2916/4444/262 2918/4447/262
f 2923/4451/261 2921/4452/261 2919/4453/261 2924/4454/261
f 2922/4455/263 2925/4456/263 2926/4457/263 2920/4458/263
f 2921/4452/264 2922/4459/264 2920/4460/264 2919/4453/264
f 2925/4456/262 2923/4451/262 2924/4454/262 2926/4457/262
f 2931/4461/261 2929/4462/261 2927/4463/261 2932/4464/261
f 2930/4465/263 2933/4466/263 2934/4467/263 2928/4468/263
f 2929/4462/264 2930/4469/264 2928/4470/264 2927/4463/264
f 2933/4466/262 2931/4461/262 2932/4464/262 2934/4467/262
f 2939/4471/261 2937/4472/261 2935/4473/261 2940/4474/261
f 2938/4475/263 2941/4476/263 2942/4477/263 2936/4478/263
f 2937/4472/264 2938/4479/264 2936/4480/264 2935/4473/264
f 2941/4476/262 2939/4471/262 2940/4474/262 2942/4477/262
f 2940/4481/266 2935/4473/266 2936/4480/266 2942/4482/266
f 2937/4472/265 2939/4483/265 2941/4484/265 2938/4479/265
f 2932/4485/266 2927/4463/266 2928/4470/266 2934/4486/266
f 2929/4462/265 2931/4487/265 2933/4488/265 2930/4469/265
f 2905/4432/265 2907/4489/265 2909/4490/265 2906/4439/265
f 2889/4412/265 2891/4491/265 2893/4492/265 2890/4419/265
f 2881/4402/265 2883/4493/265 2885/4494/265 2882/4409/265
f 2900/4495/266 2895/4423/266 2896/4430/266 2902/4496/266
f 2916/4497/266 2911/4443/266 2912/4450/266 2918/4498/266
f 2921/4452/265 2923/4499/265 2925/4500/265 2922/4459/265
f 2924/4501/266 2919/4453/266 2920/4460/266 2926/4502/266
f 2908/4503/266 2903/4433/266 2904/4440/266 2910/4504/266
f 2913/4442/265 2915/4505/265 2917/4506/265 2914/4449/265
f 2897/4422/265 2899/4507/265 2901/4508/265 2898/4429/265
f 2892/4509/266 2887/4413/266 2888/4420/266 2894/4510/266
f 2884/4511/266 2879/4403/266 2880/4410/266 2886/4512/266
f 2947/4513/266 2944/4514/266 2943/4515/266 2949/4516/266
f 2948/4517/264 2947/4518/264 2949/4519/264 2950/4520/264
f 2946/4521/265 2948/4517/265 2950/4520/265 2945/4522/265
f 2944/4514/262 2946/4521/262 2945/4522/262 2943/4515/262
f 2948/4517/263 2946/4523/263 2944/4524/263 2947/4518/263
f 2945/4525/261 2950/4520/261 2949/4519/261 2943/4526/261
f 2955/4527/266 2952/4528/266 2951/4529/266 2957/4530/266
f 2956/4531/264 2955/4532/264 2957/4533/264 2958/4534/264
f 2954/4535/265 2956/4531/265 2958/4534/265 2953/4536/265
f 2952/4528/262 2954/4535/262 2953/4536/262 2951/4529/262
f 2956/4531/263 2954/4537/263 2952/4538/263 2955/4532/263
f 2953/4539/261 2958/4534/261 2957/4533/261 2951/4540/261
f 2963/4541/266 2960/4542/266 2959/4543/266 2965/4544/266
f 2964/4545/264 2963/4546/264 2965/4547/264 2966/4548/264
f 2962/4549/265 2964/4545/265 2966/4548/265 2961/4550/265
f 2960/4542/262 2962/4549/262 2961/4550/262 2959/4543/262
f 2964/4545/263 2962/4551/263 2960/4552/263 2963/4546/263
f 2961/4553/261 2966/4548/261 2965/4547/261 2959/4554/261
f 2971/4555/266 2968/4556/266 2967/4557/266 2973/4558/266
f 2972/4559/261 2971/4560/261 2973/4561/261 2974/4562/261
f 2970/4563/265 2972/4559/265 2974/4562/265 2969/4564/265
f 2968/4556/263 2970/4563/263 2969/4564/263 2967/4557/263
f 2972/4559/264 2970/4565/264 2968/4566/264 2971/4560/264
f 2969/4567/262 2974/4562/262 2973/4561/262 2967/4568/262
f 2979/4569/266 2976/4570/266 2975/4571/266 2981/4572/266
f 2980/4573/261 2979/4574/261 2981/4575/261 2982/4576/261
f 2978/4577/265 2980/4573/265 2982/4576/265 2977/4578/265
f 2976/4570/263 2978/4577/263 2977/4578/263 2975/4571/263
f 2980/4573/264 2978/4579/264 2976/4580/264 2979/4574/264
f 2977/4581/262 2982/4576/262 2981/4575/262 2975/4582/262
f 2987/4583/312 2985/4584/312 2983/4585/312 2988/4586/312
f 2986/4587/313 2989/4588/313 2990/4589/313 2984/4590/313
f 2985/4584/314 2986/4591/314 2984/4592/314 2983/4585/314
f 2989/4588/315 2987/4583/315 2988/4586/315 2990/4589/315
f 2995/4593/312 2993/4594/312 2991/4595/312 2996/4596/312
f 2994/4597/313 2997/4598/313 2998/4599/313 2992/4600/313
f 2993/4594/314 2994/4601/314 2992/4602/314 2991/4595/314
f 2997/4598/315 2995/4593/315 2996/4596/315 2998/4599/315
f 3003/4603/312 3001/4604/312 2999/4605/312 3004/4606/312
f 3002/4607/313 3005/4608/313 3006/4609/313 3000/4610/313
f 3001/4604/314 3002/4611/314 3000/4612/314 2999/4605/314
f 3005/4608/315 3003/4603/315 3004/4606/315 3006/4609/315
f 3011/4613/312 3009/4614/312 3007/4615/312 3012/4616/312
f 3010/4617/313 3013/4618/313 3014/4619/313 3008/4620/313
f 3009/4614/314 3010/4621/314 3008/4622/314 3007/4615/314
f 3013/4618/315 3011/4613/315 3012/4616/315 3014/4619/315
f 3019/4623/312 3017/4624/312 3015/4625/312 3020/4626/312
f 3018/4627/313 3021/4628/313 3022/4629/313 3016/4630/313
f 3017/4624/314 3018/4631/314 3016/4632/314 3015/4625/314
f 3021/4628/315 3019/4623/315 3020/4626/315 3022/4629/315
f 3027/4633/312 3025/4634/312 3023/4635/312 3028/4636/312
f 3026/4637/313 3029/4638/313 3030/4639/313 3024/4640/313
f 3025/4634/314 3026/4641/314 3024/4642/314 3023/4635/314
f 3029/4638/315 3027/4633/315 3028/4636/315 3030/4639/315
f 3035/4643/312 3033/4644/312 3031/4645/312 3036/4646/312
f 3034/4647/313 3037/4648/313 3038/4649/313 3032/4650/313
f 3033/4644/314 3034/4651/314 3032/4652/314 3031/4645/314
f 3037/4648/315 3035/4643/315 3036/4646/315 3038/4649/315
f 3043/4653/312 3041/4654/312 3039/4655/312 3044/4656/312
f 3042/4657/313 3045/4658/313 3046/4659/313 3040/4660/313
f 3041/4654/314 3042/4661/314 3040/4662/314 3039/4655/314
f 3045/4658/315 3043/4653/315 3044/4656/315 3046/4659/315
f 3044/4663/266 3039/4655/266 3040/4662/266 3046/4664/266
f 3041/4654/265 3043/4665/265 3045/4666/265 3042/4661/265
f 3036/4667/266 3031/4645/266 3032/4652/266 3038/4668/266
f 3033/4644/265 3035/4669/265 3037/4670/265 3034/4651/265
f 3009/4614/265 3011/4671/265 3013/4672/265 3010/4621/265
f 2993/4594/265 2995/4673/265 2997/4674/265 2994/4601/265
f 2985/4584/265 2987/4675/265 2989/4676/265 2986/4591/265
f 3004/4677/266 2999/4605/266 3000/4612/266 3006/4678/266
f 3020/4679/266 3015/4625/266 3016/4632/266 3022/4680/266
f 3025/4634/265 3027/4681/265 3029/4682/265 3026/4641/265
f 3028/4683/266 3023/4635/266 3024/4642/266 3030/4684/266
f 3012/4685/266 3007/4615/266 3008/4622/266 3014/4686/266
f 3017/4624/265 3019/4687/265 3021/4688/265 3018/4631/265
f 3001/4604/265 3003/4689/265 3005/4690/265 3002/4611/265
f 2996/4691/266 2991/4595/266 2992/4602/266 2998/4692/266
f 2988/4693/266 2983/4585/266 2984/4592/266 2990/4694/266
f 3051/4695/266 3048/4696/266 3047/4697/266 3053/4698/266
f 3052/4699/314 3051/4700/314 3053/4701/314 3054/4702/314
f 3050/4703/265 3052/4699/265 3054/4702/265 3049/4704/265
f 3048/4696/315 3050/4703/315 3049/4704/315 3047/4697/315
f 3052/4699/313 3050/4705/313 3048/4706/313 3051/4700/313
f 3049/4707/312 3054/4702/312 3053/4701/312 3047/4708/312
f 3059/4709/266 3056/4710/266 3055/4711/266 3061/4712/266
f 3060/4713/314 3059/4714/314 3061/4715/314 3062/4716/314
f 3058/4717/265 3060/4713/265 3062/4716/265 3057/4718/265
f 3056/4710/315 3058/4717/315 3057/4718/315 3055/4711/315
f 3060/4713/313 3058/4719/313 3056/4720/313 3059/4714/313
f 3057/4721/312 3062/4716/312 3061/4715/312 3055/4722/312
f 3067/4723/266 3064/4724/266 3063/4725/266 3069/4726/266
f 3068/4727/314 3067/4728/314 3069/4729/314 3070/4730/314
f 3066/4731/265 3068/4727/265 3070/4730/265 3065/4732/265
f 3064/4724/315 3066/4731/315 3065/4732/315 3063/4725/315
f 3068/4727/313 3066/4733/313 3064/4734/313 3067/4728/313
f 3065/4735/312 3070/4730/312 3069/4729/312 3063/4736/312
f 3075/4737/266 3072/4738/266 3071/4739/266 3077/4740/266
f 3076/4741/312 3075/4742/312 3077/4743/312 3078/4744/312
f 3074/4745/265 3076/4741/265 3078/4744/265 3073/4746/265
f 3072/4738/313 3074/4745/313 3073/4746/313 3071/4739/313
f 3076/4741/314 3074/4747/314 3072/4748/314 3075/4742/314
f 3073/4749/315 3078/4744/315 3077/4743/315 3071/4750/315
f 3083/4751/266 3080/4752/266 3079/4753/266 3085/4754/266
f 3084/4755/312 3083/4756/312 3085/4757/312 3086/4758/312
f 3082/4759/265 3084/4755/265 3086/4758/265 3081/4760/265
f 3080/4752/313 3082/4759/313 3081/4760/313 3079/4753/313
f 3084/4755/314 3082/4761/314 3080/4762/314 3083/4756/314
f 3081/4763/315 3086/4758/315 3085/4757/315 3079/4764/315
f 3091/4765/261 3092/4766/261 3087/4767/261 3089/4768/261
f 3090/4769/263 3088/4770/263 3094/4771/263 3093/4772/263
f 3089/4768/262 3087/4767/262 3088/4773/262 3090/4774/262
f 3093/4772/264 3094/4771/264 3092/4766/264 3091/4765/264
f 3099/4775/261 3100/4776/261 3095/4777/261 3097/4778/261
f 3098/4779/263 3096/4780/263 3102/4781/263 3101/4782/263
f 3097/4778/262 3095/4777/262 3096/4783/262 3098/4784/262
f 3101/4782/264 3102/4781/264 3100/4776/264 3099/4775/264
f 3107/4785/261 3108/4786/261 3103/4787/261 3105/4788/261
f 3106/4789/263 3104/4790/263 3110/4791/263 3109/4792/263
f 3105/4788/262 3103/4787/262 3104/4793/262 3106/4794/262
f 3109/4792/264 3110/4791/264 3108/4786/264 3107/4785/264
f 3115/4795/261 3116/4796/261 3111/4797/261 3113/4798/261
f 3114/4799/263 3112/4800/263 3118/4801/263 3117/4802/263
f 3113/4798/262 3111/4797/262 3112/4803/262 3114/4804/262
f 3117/4802/264 3118/4801/264 3116/4796/264 3115/4795/264
f 3123/4805/261 3124/4806/261 3119/4807/261 3121/4808/261
f 3122/4809/263 3120/4810/263 3126/4811/263 3125/4812/263
f 3121/4808/262 3119/4807/262 3120/4813/262 3122/4814/262
f 3125/4812/264 3126/4811/264 3124/4806/264 3123/4805/264
f 3131/4815/261 3132/4816/261 3127/4817/261 3129/4818/261
f 3130/4819/263 3128/4820/263 3134/4821/263 3133/4822/263
f 3129/4818/262 3127/4817/262 3128/4823/262 3130/4824/262
f 3133/4822/264 3134/4821/264 3132/4816/264 3131/4815/264
f 3139/4825/261 3140/4826/261 3135/4827/261 3137/4828/261
f 3138/4829/263 3136/4830/263 3142/4831/263 3141/4832/263
f 3137/4828/262 3135/4827/262 3136/4833/262 3138/4834/262
f 3141/4832/264 3142/4831/264 3140/4826/264 3139/4825/264
f 3147/4835/261 3148/4836/261 3143/4837/261 3145/4838/261
f 3146/4839/263 3144/4840/263 3150/4841/263 3149/4842/263
f 3145/4838/262 3143/4837/262 3144/4843/262 3146/4844/262
f 3149/4842/264 3150/4841/264 3148/4836/264 3147/4835/264
f 3148/4845/266 3150/4846/266 3144/4843/266 3143/4837/266
f 3145/4838/265 3146/4844/265 3149/4847/265 3147/4848/265
f 3140/4849/266 3142/4850/266 3136/4833/266 3135/4827/266
f 3137/4828/265 3138/4834/265 3141/4851/265 3139/4852/265
f 3113/4798/265 3114/4804/265 3117/4853/265 3115/4854/265
f 3097/4778/265 3098/4784/265 3101/4855/265 3099/4856/265
f 3089/4768/265 3090/4774/265 3093/4857/265 3091/4858/265
f 3108/4859/266 3110/4860/266 3104/4793/266 3103/4787/266
f 3124/4861/266 3126/4862/266 3120/4813/266 3119/4807/266
f 3129/4818/265 3130/4824/265 3133/4863/265 3131/4864/265
f 3132/4865/266 3134/4866/266 3128/4823/266 3127/4817/266
f 3116/4867/266 3118/4868/266 3112/4803/266 3111/4797/266
f 3121/4808/265 3122/4814/265 3125/4869/265 3123/4870/265
f 3105/4788/265 3106/4794/265 3109/4871/265 3107/4872/265
f 3100/4873/266 3102/4874/266 3096/4783/266 3095/4777/266
f 3092/4875/266 3094/4876/266 3088/4773/266 3087/4767/266
f 3155/4877/266 3157/4878/266 3151/4879/266 3152/4880/266
f 3156/4881/262 3158/4882/262 3157/4883/262 3155/4884/262
f 3154/4885/265 3153/4886/265 3158/4882/265 3156/4881/265
f 3152/4880/264 3151/4879/264 3153/4886/264 3154/4885/264
f 3156/4881/263 3155/4884/263 3152/4887/263 3154/4888/263
f 3153/4889/261 3151/4890/261 3157/4883/261 3158/4882/261
f 3163/4891/266 3165/4892/266 3159/4893/266 3160/4894/266
f 3164/4895/262 3166/4896/262 3165/4897/262 3163/4898/262
f 3162/4899/265 3161/4900/265 3166/4896/265 3164/4895/265
f 3160/4894/264 3159/4893/264 3161/4900/264 3162/4899/264
f 3164/4895/263 3163/4898/263 3160/4901/263 3162/4902/263
f 3161/4903/261 3159/4904/261 3165/4897/261 3166/4896/261
f 3171/4905/266 3173/4906/266 3167/4907/266 3168/4908/266
f 3172/4909/262 3174/4910/262 3173/4911/262 3171/4912/262
f 3170/4913/265 3169/4914/265 3174/4910/265 3172/4909/265
f 3168/4908/264 3167/4907/264 3169/4914/264 3170/4913/264
f 3172/4909/263 3171/4912/263 3168/4915/263 3170/4916/263
f 3169/4917/261 3167/4918/261 3173/4911/261 3174/4910/261
f 3179/4919/266 3181/4920/266 3175/4921/266 3176/4922/266
f 3180/4923/261 3182/4924/261 3181/4925/261 3179/4926/261
f 3178/4927/265 3177/4928/265 3182/4924/265 3180/4923/265
f 3176/4922/263 3175/4921/263 3177/4928/263 3178/4927/263
f 3180/4923/262 3179/4926/262 3176/4929/262 3178/4930/262
f 3177/4931/264 3175/4932/264 3181/4925/264 3182/4924/264
f 3187/4933/266 3189/4934/266 3183/4935/266 3184/4936/266
f 3188/4937/261 3190/4938/261 3189/4939/261 3187/4940/261
f 3186/4941/265 3185/4942/265 3190/4938/265 3188/4937/265
f 3184/4936/263 3183/4935/263 3185/4942/263 3186/4941/263
f 3188/4937/262 3187/4940/262 3184/4943/262 3186/4944/262
f 3185/4945/264 3183/4946/264 3189/4939/264 3190/4938/264
f 3196/4947/264 3192/4948/264 3194/4949/264 3198/4950/264
f 3196/4951/265 3195/4952/265 3191/4953/265 3192/4948/265
f 3198/4954/261 3197/4955/261 3195/4956/261 3196/4957/261
f 3194/4949/266 3193/4958/266 3197/4955/266 3198/4954/266
f 3191/4953/262 3195/4959/262 3197/4960/262 3193/4958/262
f 3192/4948/263 3191/4953/263 3193/4958/263 3194/4949/263
f 3204/4961/264 3200/4962/264 3202/4963/264 3206/4964/264
f 3204/4965/265 3203/4966/265 3199/4967/265 3200/4962/265
f 3206/4968/261 3205/4969/261 3203/4970/261 3204/4971/261
f 3202/4963/266 3201/4972/266 3205/4969/266 3206/4968/266
f 3199/4967/262 3203/4973/262 3205/4974/262 3201/4972/262
f 3200/4962/263 3199/4967/263 3201/4972/263 3202/4963/263
f 3212/4975/264 3208/4976/264 3210/4977/264 3214/4978/264
f 3212/4979/265 3211/4980/265 3207/4981/265 3208/4976/265
f 3214/4982/261 3213/4983/261 3211/4984/261 3212/4985/261
f 3210/4977/266 3209/4986/266 3213/4983/266 3214/4982/266
f 3207/4981/262 3211/4987/262 3213/4988/262 3209/4986/262
f 3208/4976/263 3207/4981/263 3209/4986/263 3210/4977/263
f 3220/4989/264 3216/4990/264 3218/4991/264 3222/4992/264
f 3220/4993/265 3219/4994/265 3215/4995/265 3216/4990/265
f 3222/4996/261 3221/4997/261 3219/4998/261 3220/4999/261
f 3218/4991/266 3217/5000/266 3221/4997/266 3222/4996/266
f 3215/4995/262 3219/5001/262 3221/5002/262 3217/5000/262
f 3216/4990/263 3215/4995/263 3217/5000/263 3218/4991/263
f 3228/5003/264 3224/5004/264 3226/5005/264 3230/5006/264
f 3228/5007/265 3227/5008/265 3223/5009/265 3224/5004/265
f 3230/5010/261 3229/5011/261 3227/5012/261 3228/5013/261
f 3226/5005/266 3225/5014/266 3229/5011/266 3230/5010/266
f 3223/5009/262 3227/5015/262 3229/5016/262 3225/5014/262
f 3224/5004/263 3223/5009/263 3225/5014/263 3226/5005/263
f 3236/5017/264 3232/5018/264 3234/5019/264 3238/5020/264
f 3236/5021/265 3235/5022/265 3231/5023/265 3232/5018/265
f 3238/5024/261 3237/5025/261 3235/5026/261 3236/5027/261
f 3234/5019/266 3233/5028/266 3237/5025/266 3238/5024/266
f 3231/5023/262 3235/5029/262 3237/5030/262 3233/5028/262
f 3232/5018/263 3231/5023/263 3233/5028/263 3234/5019/263
f 3244/5031/264 3240/5032/264 3242/5033/264 3246/5034/264
f 3244/5035/265 3243/5036/265 3239/5037/265 3240/5032/265
f 3246/5038/261 3245/5039/261 3243/5040/261 3244/5041/261
f 3242/5033/266 3241/5042/266 3245/5039/266 3246/5038/266
f 3239/5037/262 3243/5043/262 3245/5044/262 3241/5042/262
f 3240/5032/263 3239/5037/263 3241/5042/263 3242/5033/263
f 3252/5045/264 3248/5046/264 3250/5047/264 3254/5048/264
f 3252/5049/265 3251/5050/265 3247/5051/265 3248/5046/265
f 3254/5052/261 3253/5053/261 3251/5054/261 3252/5055/261
f 3250/5047/266 3249/5056/266 3253/5053/266 3254/5052/266
f 3247/5051/262 3251/5057/262 3253/5058/262 3249/5056/262
f 3248/5046/263 3247/5051/263 3249/5056/263 3250/5047/263
f 3260/5059/264 3256/5060/264 3258/5061/264 3262/5062/264
f 3260/5063/265 3259/5064/265 3255/5065/265 3256/5060/265
f 3262/5066/261 3261/5067/261 3259/5068/261 3260/5069/261
f 3258/5061/266 3257/5070/266 3261/5067/266 3262/5066/266
f 3255/5065/262 3259/5071/262 3261/5072/262 3257/5070/262
f 3256/5060/263 3255/5065/263 3257/5070/263 3258/5061/263
f 3268/5073/264 3264/5074/264 3266/5075/264 3270/5076/264
f 3268/5077/265 3267/5078/265 3263/5079/265 3264/5074/265
f 3270/5080/261 3269/5081/261 3267/5082/261 3268/5083/261
f 3266/5075/266 3265/5084/266 3269/5081/266 3270/5080/266
f 3263/5079/262 3267/5085/262 3269/5086/262 3265/5084/262
f 3264/5074/263 3263/5079/263 3265/5084/263 3266/5075/263
f 3276/5087/264 3272/5088/264 3274/5089/264 3278/5090/264
f 3276/5091/265 3275/5092/265 3271/5093/265 3272/5088/265
f 3278/5094/261 3277/5095/261 3275/5096/261 3276/5097/261
f 3274/5089/266 3273/5098/266 3277/5095/266 3278/5094/266
f 3271/5093/262 3275/5099/262 3277/5100/262 3273/5098/262
f 3272/5088/263 3271/5093/263 3273/5098/263 3274/5089/263
f 3284/5101/264 3280/5102/264 3282/5103/264 3286/5104/264
f 3284/5105/265 3283/5106/265 3279/5107/265 3280/5102/265
f 3286/5108/261 3285/5109/261 3283/5110/261 3284/5111/261
f 3282/5103/266 3281/5112/266 3285/5109/266 3286/5108/266
f 3279/5107/262 3283/5113/262 3285/5114/262 3281/5112/262
f 3280/5102/263 3279/5107/263 3281/5112/263 3282/5103/263
f 3292/5115/264 3288/5116/264 3290/5117/264 3294/5118/264
f 3292/5119/265 3291/5120/265 3287/5121/265 3288/5116/265
f 3294/5122/261 3293/5123/261 3291/5124/261 3292/5125/261
f 3290/5117/266 3289/5126/266 3293/5123/266 3294/5122/266
f 3287/5121/262 3291/5127/262 3293/5128/262 3289/5126/262
f 3288/5116/263 3287/5121/263 3289/5126/263 3290/5117/263
f 3300/5129/264 3296/5130/264 3298/5131/264 3302/5132/264
f 3300/5133/265 3299/5134/265 3295/5135/265 3296/5130/265
f 3302/5136/261 3301/5137/261 3299/5138/261 3300/5139/261
f 3298/5131/266 3297/5140/266 3301/5137/266 3302/5136/266
f 3295/5135/262 3299/5141/262 3301/5142/262 3297/5140/262
f 3296/5130/263 3295/5135/263 3297/5140/263 3298/5131/263
f 3308/5143/264 3304/5144/264 3306/5145/264 3310/5146/264
f 3308/5147/265 3307/5148/265 3303/5149/265 3304/5144/265
f 3310/5150/261 3309/5151/261 3307/5152/261 3308/5153/261
f 3306/5145/266 3305/5154/266 3309/5151/266 3310/5150/266
f 3303/5149/262 3307/5155/262 3309/5156/262 3305/5154/262
f 3304/5144/263 3303/5149/263 3305/5154/263 3306/5145/263
f 3316/5157/264 3312/5158/264 3314/5159/264 3318/5160/264
f 3316/5161/265 3315/5162/265 3311/5163/265 3312/5158/265
f 3318/5164/261 3317/5165/261 3315/5166/261 3316/5167/261
f 3314/5159/266 3313/5168/266 3317/5165/266 3318/5164/266
f 3311/5163/262 3315/5169/262 3317/5170/262 3313/5168/262
f 3312/5158/263 3311/5163/263 3313/5168/263 3314/5159/263
f 3324/5171/264 3320/5172/264 3322/5173/264 3326/5174/264
f 3324/5175/265 3323/5176/265 3319/5177/265 3320/5172/265
f 3326/5178/261 3325/5179/261 3323/5180/261 3324/5181/261
f 3322/5173/266 3321/5182/266 3325/5179/266 3326/5178/266
f 3319/5177/262 3323/5183/262 3325/5184/262 3321/5182/262
f 3320/5172/263 3319/5177/263 3321/5182/263 3322/5173/263
f 3332/5185/264 3328/5186/264 3330/5187/264 3334/5188/264
f 3332/5189/265 3331/5190/265 3327/5191/265 3328/5186/265
f 3334/5192/261 3333/5193/261 3331/5194/261 3332/5195/261
f 3330/5187/266 3329/5196/266 3333/5193/266 3334/5192/266
f 3327/5191/262 3331/5197/262 3333/5198/262 3329/5196/262
f 3328/5186/263 3327/5191/263 3329/5196/263 3330/5187/263
f 3340/5199/264 3336/5200/264 3338/5201/264 3342/5202/264
f 3340/5203/265 3339/5204/265 3335/5205/265 3336/5200/265
f 3342/5206/261 3341/5207/261 3339/5208/261 3340/5209/261
f 3338/5201/266 3337/5210/266 3341/5207/266 3342/5206/266
f 3335/5205/262 3339/5211/262 3341/5212/262 3337/5210/262
f 3336/5200/263 3335/5205/263 3337/5210/263 3338/5201/263
f 3348/5213/264 3344/5214/264 3346/5215/264 3350/5216/264
f 3348/5217/265 3347/5218/265 3343/5219/265 3344/5214/265
f 3350/5220/261 3349/5221/261 3347/5222/261 3348/5223/261
f 3346/5215/266 3345/5224/266 3349/5221/266 3350/5220/266
f 3343/5219/262 3347/5225/262 3349/5226/262 3345/5224/262
f 3344/5214/263 3343/5219/263 3345/5224/263 3346/5215/263
f 3356/5227/264 3352/5228/264 3354/5229/264 3358/5230/264
f 3356/5231/265 3355/5232/265 3351/5233/265 3352/5228/265
f 3358/5234/261 3357/5235/261 3355/5236/261 3356/5237/261
f 3354/5229/266 3353/5238/266 3357/5235/266 3358/5234/266
f 3351/5233/262 3355/5239/262 3357/5240/262 3353/5238/262
f 3352/5228/263 3351/5233/263 3353/5238/263 3354/5229/263
f 3364/5241/264 3360/5242/264 3362/5243/264 3366/5244/264
f 3364/5245/265 3363/5246/265 3359/5247/265 3360/5242/265
f 3366/5248/261 3365/5249/261 3363/5250/261 3364/5251/261
f 3362/5243/266 3361/5252/266 3365/5249/266 3366/5248/266
f 3359/5247/262 3363/5253/262 3365/5254/262 3361/5252/262
f 3360/5242/263 3359/5247/263 3361/5252/263 3362/5243/263
f 3372/5255/264 3368/5256/264 3370/5257/264 3374/5258/264
f 3372/5259/265 3371/5260/265 3367/5261/265 3368/5256/265
f 3374/5262/261 3373/5263/261 3371/5264/261 3372/5265/261
f 3370/5257/266 3369/5266/266 3373/5263/266 3374/5262/266
f 3367/5261/262 3371/5267/262 3373/5268/262 3369/5266/262
f 3368/5256/263 3367/5261/263 3369/5266/263 3370/5257/263
f 3380/5269/264 3376/5270/264 3378/5271/264 3382/5272/264
f 3380/5273/265 3379/5274/265 3375/5275/265 3376/5270/265
f 3382/5276/261 3381/5277/261 3379/5278/261 3380/5279/261
f 3378/5271/266 3377/5280/266 3381/5277/266 3382/5276/266
f 3375/5275/262 3379/5281/262 3381/5282/262 3377/5280/262
f 3376/5270/263 3375/5275/263 3377/5280/263 3378/5271/263
f 3388/5283/264 3384/5284/264 3386/5285/264 3390/5286/264
f 3388/5287/265 3387/5288/265 3383/5289/265 3384/5284/265
f 3390/5290/261 3389/5291/261 3387/5292/261 3388/5293/261
f 3386/5285/266 3385/5294/266 3389/5291/266 3390/5290/266
f 3383/5289/262 3387/5295/262 3389/5296/262 3385/5294/262
f 3384/5284/263 3383/5289/263 3385/5294/263 3386/5285/263
f 3396/5297/264 3392/5298/264 3394/5299/264 3398/5300/264
f 3396/5301/265 3395/5302/265 3391/5303/265 3392/5298/265
f 3398/5304/261 3397/5305/261 3395/5306/261 3396/5307/261
f 3394/5299/266 3393/5308/266 3397/5305/266 3398/5304/266
f 3391/5303/262 3395/5309/262 3397/5310/262 3393/5308/262
f 3392/5298/263 3391/5303/263 3393/5308/263 3394/5299/263
f 3399/5311/263 3400/5312/263 3402/5313/263 3401/5314/263
f 3401/5315/264 3402/5316/264 3406/5317/264 3405/5318/264
f 3405/5318/261 3406/5317/261 3404/5319/261 3403/5320/261
f 3403/5320/262 3404/5319/262 3400/5312/262 3399/5311/262
f 3401/5321/265 3405/5318/265 3403/5320/265 3399/5322/265
f 3406/5317/266 3402/5323/266 3400/5324/266 3404/5319/266
f 3407/5325/263 3408/5326/263 3410/5327/263 3409/5328/263
f 3409/5329/264 3410/5330/264 3414/5331/264 3413/5332/264
f 3413/5332/261 3414/5331/261 3412/5333/261 3411/5334/261
f 3411/5334/262 3412/5333/262 3408/5326/262 3407/5325/262
f 3409/5335/265 3413/5332/265 3411/5334/265 3407/5336/265
f 3414/5331/266 3410/5337/266 3408/5338/266 3412/5333/266
f 3419/5339/261 3420/5340/261 3422/5341/261 3421/5342/261
f 3421/5343/262 3422/5344/262 3426/5345/262 3425/5346/262
f 3425/5346/263 3426/5345/263 3424/5347/263 3423/5348/263
f 3423/5348/264 3424/5347/264 3420/5340/264 3419/5339/264
f 3421/5349/265 3425/5346/265 3423/5348/265 3419/5350/265
f 3426/5345/266 3422/5351/266 3420/5352/266 3424/5347/266
f 3451/5353/263 3453/5354/263 3454/5355/263 3452/5356/263
f 3453/5357/262 3457/5358/262 3458/5359/262 3454/5360/262
f 3457/5358/261 3455/5361/261 3456/5362/261 3458/5359/261
f 3455/5361/264 3451/5353/264 3452/5356/264 3456/5362/264
f 3453/5363/265 3451/5364/265 3455/5361/265 3457/5358/265
f 3458/5359/266 3456/5362/266 3452/5365/266 3454/5366/266
f 3459/5367/261 3460/5368/261 3462/5369/261 3461/5370/261
f 3461/5371/262 3462/5372/262 3466/5373/262 3465/5374/262
f 3465/5374/263 3466/5373/263 3464/5375/263 3463/5376/263
f 3463/5376/264 3464/5375/264 3460/5368/264 3459/5367/264
f 3461/5377/265 3465/5374/265 3463/5376/265 3459/5378/265
f 3466/5373/266 3462/5379/266 3460/5380/266 3464/5375/266
f 3467/5381/261 3468/5382/261 3470/5383/261 3469/5384/261
f 3469/5385/262 3470/5386/262 3474/5387/262 3473/5388/262
f 3473/5388/263 3474/5387/263 3472/5389/263 3471/5390/263
f 3471/5390/264 3472/5389/264 3468/5382/264 3467/5381/264
f 3469/5391/265 3473/5388/265 3471/5390/265 3467/5392/265
f 3474/5387/266 3470/5393/266 3468/5394/266 3472/5389/266
f 3480/5395/263 3476/5396/263 3478/5397/263 3482/5398/263
f 3480/5399/265 3479/5400/265 3475/5401/265 3476/5396/265
f 3482/5402/264 3481/5403/264 3479/5404/264 3480/5405/264
f 3478/5397/266 3477/5406/266 3481/5403/266 3482/5402/266
f 3475/5401/261 3479/5407/261 3481/5408/261 3477/5406/261
f 3476/5396/262 3475/5401/262 3477/5406/262 3478/5397/262
f 3488/5409/263 3484/5410/263 3486/5411/263 3490/5412/263
f 3488/5413/265 3487/5414/265 3483/5415/265 3484/5410/265
f 3490/5416/264 3489/5417/264 3487/5418/264 3488/5419/264
f 3486/5411/266 3485/5420/266 3489/5417/266 3490/5416/266
f 3483/5415/261 3487/5421/261 3489/5422/261 3485/5420/261
f 3484/5410/262 3483/5415/262 3485/5420/262 3486/5411/262
f 3496/5423/263 3492/5424/263 3494/5425/263 3498/5426/263
f 3496/5427/265 3495/5428/265 3491/5429/265 3492/5424/265
f 3498/5430/264 3497/5431/264 3495/5432/264 3496/5433/264
f 3494/5425/266 3493/5434/266 3497/5431/266 3498/5430/266
f 3491/5429/261 3495/5435/261 3497/5436/261 3493/5434/261
f 3492/5424/262 3491/5429/262 3493/5434/262 3494/5425/262
f 3504/5437/263 3500/5438/263 3502/5439/263 3506/5440/263
f 3504/5441/265 3503/5442/265 3499/5443/265 3500/5438/265
f 3506/5444/264 3505/5445/264 3503/5446/264 3504/5447/264
f 3502/5439/266 3501/5448/266 3505/5445/266 3506/5444/266
f 3499/5443/261 3503/5449/261 3505/5450/261 3501/5448/261
f 3500/5438/262 3499/5443/262 3501/5448/262 3502/5439/262
f 3512/5451/263 3508/5452/263 3510/5453/263 3514/5454/263
f 3512/5455/265 3511/5456/265 3507/5457/265 3508/5452/265
f 3514/5458/264 3513/5459/264 3511/5460/264 3512/5461/264
f 3510/5453/266 3509/5462/266 3513/5459/266 3514/5458/266
f 3507/5457/261 3511/5463/261 3513/5464/261 3509/5462/261
f 3508/5452/262 3507/5457/262 3509/5462/262 3510/5453/262
f 3520/5465/263 3516/5466/263 3518/5467/263 3522/5468/263
f 3520/5469/265 3519/5470/265 3515/5471/265 3516/5466/265
f 3522/5472/264 3521/5473/264 3519/5474/264 3520/5475/264
f 3518/5467/266 3517/5476/266 3521/5473/266 3522/5472/266
f 3515/5471/261 3519/5477/261 3521/5478/261 3517/5476/261
f 3516/5466/262 3515/5471/262 3517/5476/262 3518/5467/262
f 3528/5479/263 3524/5480/263 3526/5481/263 3530/5482/263
f 3528/5483/265 3527/5484/265 3523/5485/265 3524/5480/265
f 3530/5486/264 3529/5487/264 3527/5488/264 3528/5489/264
f 3526/5481/266 3525/5490/266 3529/5487/266 3530/5486/266
f 3523/5485/261 3527/5491/261 3529/5492/261 3525/5490/261
f 3524/5480/262 3523/5485/262 3525/5490/262 3526/5481/262
f 3536/5493/263 3532/5494/263 3534/5495/263 3538/5496/263
f 3536/5497/265 3535/5498/265 3531/5499/265 3532/5494/265
f 3538/5500/264 3537/5501/264 3535/5502/264 3536/5503/264
f 3534/5495/266 3533/5504/266 3537/5501/266 3538/5500/266
f 3531/5499/261 3535/5505/261 3537/5506/261 3533/5504/261
f 3532/5494/262 3531/5499/262 3533/5504/262 3534/5495/262
f 3544/5507/263 3540/5508/263 3542/5509/263 3546/5510/263
f 3544/5511/265 3543/5512/265 3539/5513/265 3540/5508/265
f 3546/5514/264 3545/5515/264 3543/5516/264 3544/5517/264
f 3542/5509/266 3541/5518/266 3545/5515/266 3546/5514/266
f 3539/5513/261 3543/5519/261 3545/5520/261 3541/5518/261
f 3540/5508/262 3539/5513/262 3541/5518/262 3542/5509/262
f 3552/5521/263 3548/5522/263 3550/5523/263 3554/5524/263
f 3552/5525/265 3551/5526/265 3547/5527/265 3548/5522/265
f 3554/5528/264 3553/5529/264 3551/5530/264 3552/5531/264
f 3550/5523/266 3549/5532/266 3553/5529/266 3554/5528/266
f 3547/5527/261 3551/5533/261 3553/5534/261 3549/5532/261
f 3548/5522/262 3547/5527/262 3549/5532/262 3550/5523/262
f 3560/5535/263 3556/5536/263 3558/5537/263 3562/5538/263
f 3560/5539/265 3559/5540/265 3555/5541/265 3556/5536/265
f 3562/5542/264 3561/5543/264 3559/5544/264 3560/5545/264
f 3558/5537/266 3557/5546/266 3561/5543/266 3562/5542/266
f 3555/5541/261 3559/5547/261 3561/5548/261 3557/5546/261
f 3556/5536/262 3555/5541/262 3557/5546/262 3558/5537/262
f 3568/5549/263 3564/5550/263 3566/5551/263 3570/5552/263
f 3568/5553/265 3567/5554/265 3563/5555/265 3564/5550/265
f 3570/5556/264 3569/5557/264 3567/5558/264 3568/5559/264
f 3566/5551/266 3565/5560/266 3569/5557/266 3570/5556/266
f 3563/5555/261 3567/5561/261 3569/5562/261 3565/5560/261
f 3564/5550/262 3563/5555/262 3565/5560/262 3566/5551/262
f 3576/5563/263 3572/5564/263 3574/5565/263 3578/5566/263
f 3576/5567/265 3575/5568/265 3571/5569/265 3572/5564/265
f 3578/5570/264 3577/5571/264 3575/5572/264 3576/5573/264
f 3574/5565/266 3573/5574/266 3577/5571/266 3578/5570/266
f 3571/5569/261 3575/5575/261 3577/5576/261 3573/5574/261
f 3572/5564/262 3571/5569/262 3573/5574/262 3574/5565/262
f 3584/5577/263 3580/5578/263 3582/5579/263 3586/5580/263
f 3584/5581/265 3583/5582/265 3579/5583/265 3580/5578/265
f 3586/5584/264 3585/5585/264 3583/5586/264 3584/5587/264
f 3582/5579/266 3581/5588/266 3585/5585/266 3586/5584/266
f 3579/5583/261 3583/5589/261 3585/5590/261 3581/5588/261
f 3580/5578/262 3579/5583/262 3581/5588/262 3582/5579/262
f 3592/5591/263 3588/5592/263 3590/5593/263 3594/5594/263
f 3592/5595/265 3591/5596/265 3587/5597/265 3588/5592/265
f 3594/5598/264 3593/5599/264 3591/5600/264 3592/5601/264
f 3590/5593/266 3589/5602/266 3593/5599/266 3594/5598/266
f 3587/5597/261 3591/5603/261 3593/5604/261 3589/5602/261
f 3588/5592/262 3587/5597/262 3589/5602/262 3590/5593/262
f 3605/5605/316 3603/5606/316 3604/5607/316 3607/5608/316
f 3609/5609/317 3606/5610/317 3611/5611/317 3613/5612/317
f 3615/5613/318 3614/5614/318 3612/5615/318 3618/5616/318
f 3617/5617/319 3610/5618/319 3614/5614/319 3615/5613/319
f 3616/5619/320 3617/5617/320 3604/5607/320 3603/5606/320
f 3604/5607/321 3617/5617/321 3615/5620/321 3607/5621/321
f 3616/5619/322 3608/5622/322 3610/5618/322 3617/5617/322
f 3608/5622/323 3612/5623/323 3614/5624/323 3610/5618/323
f 3618/5625/324 3612/5626/324 3608/5622/324 3616/5619/324
f 3615/5620/325 3618/5627/325 3605/5628/325 3607/5621/325
f 3623/5629/326 3626/5630/326 3621/5631/326 3622/5632/326
f 3609/5633/327 3613/5612/327 3624/5634/327 3626/5635/327
f 3613/5612/328 3611/5611/328 3625/5636/328 3624/5634/328
f 3625/5636/329 3623/5629/329 3622/5632/329 3620/5637/329
f 3606/5638/330 3609/5639/330 3626/5640/330 3623/5641/330
f 3619/5642/331 3620/5637/331 3622/5643/331 3621/5644/331
f 3625/5636/332 3620/5637/332 3619/5642/332 3624/5634/332
f 3611/5611/333 3606/5638/333 3623/5641/333 3625/5636/333
f 3618/5645/334 3616/5619/334 3603/5606/334 3605/5646/334
f 3624/5634/335 3619/5642/335 3621/5647/335 3626/5648/335
f 3630/5649/262 3631/5650/262 3633/5651/262 3632/5652/262
f 3632/5653/263 3633/5654/263 3637/5655/263 3636/5656/263
f 3636/5656/264 3637/5655/264 3635/5657/264 3634/5658/264
f 3634/5658/261 3635/5657/261 3631/5650/261 3630/5649/261
f 3632/5659/265 3636/5656/265 3634/5658/265 3630/5660/265
f 3637/5655/266 3633/5661/266 3631/5662/266 3635/5657/266
f 3647/5663/262 3648/5664/262 3650/5665/262 3649/5666/262
f 3649/5667/263 3650/5668/263 3654/5669/263 3653/5670/263
f 3653/5670/264 3654/5669/264 3652/5671/264 3651/5672/264
f 3651/5672/261 3652/5671/261 3648/5664/261 3647/5663/261
f 3649/5673/265 3653/5670/265 3651/5672/265 3647/5674/265
f 3654/5669/266 3650/5675/266 3648/5676/266 3652/5671/266
f 4362/5677/336 4361/5678/337 4050/5679/338 4049/5680/339
f 4369/5681/340 4036/5682/341 4038/5683/342 4364/5684/343
f 4364/5684/343 4038/5683/342 4037/5685/344 4363/5686/345
f 4359/5687/346 4044/5688/347 4355/5689/348 4048/5690/349
f 4049/5680/339 4360/5691/350 4047/5692/351 4362/5677/336
f 4044/5688/347 4043/5693/352 4356/5694/353 4355/5689/348
f 4365/5695/354 4040/5696/355 4041/5697/356 4368/5698/357
f 4048/5690/349 4047/5692/351 4360/5691/350 4359/5687/346
f 4358/5699/358 4357/5700/359 4046/5701/360 4045/5702/361
f 4358/5699/358 4040/5703/355 4039/5704/362 4357/5700/359
f 4048/5690/349 4036/5682/341 4035/5705/363 4047/5692/351
f 4040/5696/355 4358/5706/358 4361/5678/337 4041/5697/356
f 4058/5707/364 4065/5708/365 4064/5709/366 4055/5710/367
f 4054/5711/368 4059/5712/369 4070/5713/370 4051/5714/371
f 4055/5715/367 4056/5716/372 4053/5717/373 4054/5718/368 4051/5719/371 4052/5720/374 4057/5721/375 4058/5722/364
f 4052/5723/374 4069/5724/376 4066/5725/377 4057/5726/375
f 4059/5712/369 4054/5711/368 4053/5717/373 4060/5727/378
f 4063/5728/379 4056/5729/372 4055/5710/367 4064/5709/366
f 4057/5726/375 4066/5725/377 4065/5708/365 4058/5707/364
f 4069/5724/376 4052/5723/374 4051/5714/371 4070/5713/370
f 4056/5716/372 4063/5730/379 4060/5727/378 4053/5717/373
f 4074/5731/380 4071/5732/381 4064/5709/366 4065/5708/365
f 4068/5733/382 4061/5734/383 4070/5713/370 4059/5712/369
f 4071/5735/381 4074/5736/380 4073/5737/384 4062/5738/385 4061/5739/383 4068/5740/382 4067/5741/386 4072/5742/387
f 4062/5743/385 4073/5744/384 4066/5725/377 4069/5724/376
f 4059/5712/369 4060/5727/378 4067/5741/386 4068/5733/382
f 4063/5728/379 4064/5709/366 4071/5732/381 4072/5745/387
f 4073/5744/384 4074/5731/380 4065/5708/365 4066/5725/377
f 4069/5724/376 4070/5713/370 4061/5734/383 4062/5743/385
f 4072/5742/387 4067/5741/386 4060/5727/378 4063/5730/379
f 4120/5746/388 4089/5747/389 4088/5748/390 4118/5749/391
f 4115/5750/392 4083/5751/393 4094/5752/394 4122/5753/395
f 4079/5754/396 4080/5755/397 4077/5756/398 4078/5757/399 4075/5758/400 4076/5759/401 4081/5760/402 4082/5761/403
f 4121/5762/404 4093/5763/405 4090/5764/406 4119/5765/407
f 4115/5750/392 4078/5766/399 4077/5756/398 4116/5767/408
f 4117/5768/409 4080/5769/397 4079/5770/396 4118/5749/391
f 4119/5765/407 4090/5764/406 4089/5747/389 4120/5746/388
f 4121/5762/404 4076/5771/401 4075/5772/400 4122/5753/395
f 4117/5773/409 4087/5774/410 4084/5775/411 4116/5767/408
f 4098/5776/412 4095/5777/413 4088/5748/390 4089/5747/389
f 4092/5778/414 4085/5779/415 4094/5752/394 4083/5751/393
f 4095/5780/413 4098/5781/412 4097/5782/416 4086/5783/417 4085/5784/415 4092/5785/414 4091/5786/418 4096/5787/419
f 4086/5788/417 4097/5789/416 4090/5764/406 4093/5763/405
f 4083/5751/393 4084/5775/411 4091/5786/418 4092/5778/414
f 4087/5790/410 4088/5748/390 4095/5777/413 4096/5791/419
f 4097/5789/416 4098/5776/412 4089/5747/389 4090/5764/406
f 4093/5763/405 4094/5752/394 4085/5779/415 4086/5788/417
f 4096/5787/419 4091/5786/418 4084/5775/411 4087/5774/410
f 4343/5792/420 4346/5793/421 4108/5794/422 4113/5795/423
f 4103/5796/424 4104/5797/425 4101/5798/426 4102/5799/427 4099/5800/428 4100/5801/429 4105/5802/430 4106/5803/431
f 4341/5804/432 4344/5805/433 4114/5806/434 4111/5807/435
f 4346/5793/421 4343/5792/420 4105/5808/430 4100/5809/429
f 4344/5805/433 4341/5804/432 4103/5810/424 4106/5811/431
f 4345/5812/436 4340/5813/437 4110/5814/438 4107/5815/439
f 4108/5794/422 4346/5793/421 4345/5812/436 4107/5815/439
f 4340/5813/437 4345/5812/436 4099/5816/428 4102/5817/427
f 4111/5818/435 4114/5819/434 4113/5820/423 4108/5821/422 4107/5822/439 4110/5823/438 4109/5824/440 4112/5825/441
f 4339/5826/442 4342/5827/443 4112/5825/441 4109/5824/440
f 4342/5828/443 4104/5829/425 4103/5810/424 4341/5804/432
f 4344/5805/433 4106/5811/431 4105/5808/430 4343/5792/420
f 4346/5793/421 4100/5809/429 4099/5816/428 4345/5812/436
f 4342/5827/443 4339/5826/442 4101/5798/426 4104/5797/425
f 4114/5806/434 4344/5805/433 4343/5792/420 4113/5795/423
f 4080/5755/397 4117/5773/409 4116/5767/408 4077/5756/398
f 4093/5763/405 4121/5762/404 4122/5753/395 4094/5752/394
f 4081/5830/402 4119/5765/407 4120/5746/388 4082/5831/403
f 4087/5790/410 4117/5768/409 4118/5749/391 4088/5748/390
f 4083/5751/393 4115/5750/392 4116/5767/408 4084/5775/411
f 4076/5771/401 4121/5762/404 4119/5765/407 4081/5830/402
f 4078/5766/399 4115/5750/392 4122/5753/395 4075/5772/400
f 4082/5831/403 4120/5746/388 4118/5749/391 4079/5770/396
f 4340/5813/437 4102/5817/427 4101/5798/426 4339/5826/442
f 4130/5832/444 4127/5833/445 4136/5834/446 4137/5835/447
f 4126/5836/448 4123/5837/449 4142/5838/450 4131/5839/451
f 4127/5840/445 4130/5841/444 4129/5842/452 4124/5843/453 4123/5844/449 4126/5845/448 4125/5846/454 4128/5847/455
f 4124/5848/453 4129/5849/452 4138/5850/456 4141/5851/457
f 4131/5839/451 4132/5852/458 4125/5846/454 4126/5836/448
f 4135/5853/459 4136/5834/446 4127/5833/445 4128/5854/455
f 4129/5849/452 4130/5832/444 4137/5835/447 4138/5850/456
f 4141/5851/457 4142/5838/450 4123/5837/449 4124/5848/453
f 4128/5847/455 4125/5846/454 4132/5852/458 4135/5855/459
f 4146/5856/460 4137/5835/447 4136/5834/446 4143/5857/461
f 4140/5858/462 4131/5839/451 4142/5838/450 4133/5859/463
f 4143/5860/461 4144/5861/464 4139/5862/465 4140/5863/462 4133/5864/463 4134/5865/466 4145/5866/467 4146/5867/460
f 4134/5868/466 4141/5851/457 4138/5850/456 4145/5869/467
f 4131/5839/451 4140/5858/462 4139/5862/465 4132/5852/458
f 4135/5853/459 4144/5870/464 4143/5857/461 4136/5834/446
f 4145/5869/467 4138/5850/456 4137/5835/447 4146/5856/460
f 4141/5851/457 4134/5868/466 4133/5859/463 4142/5838/450
f 4144/5861/464 4135/5855/459 4132/5852/458 4139/5862/465
f 4272/5871/468 4270/5872/469 4160/5873/470 4161/5874/471
f 4267/5875/472 4274/5876/473 4166/5877/474 4155/5878/475
f 4151/5879/476 4154/5880/477 4153/5881/478 4148/5882/479 4147/5883/480 4150/5884/481 4149/5885/482 4152/5886/483
f 4273/5887/484 4271/5888/485 4162/5889/486 4165/5890/487
f 4267/5875/472 4268/5891/488 4149/5885/482 4150/5892/481
f 4269/5893/489 4270/5872/469 4151/5894/476 4152/5895/483
f 4271/5888/485 4272/5871/468 4161/5874/471 4162/5889/486
f 4273/5887/484 4274/5876/473 4147/5896/480 4148/5897/479
f 4269/5898/489 4268/5891/488 4156/5899/490 4159/5900/491
f 4170/5901/492 4161/5874/471 4160/5873/470 4167/5902/493
f 4164/5903/494 4155/5878/475 4166/5877/474 4157/5904/495
f 4167/5905/493 4168/5906/496 4163/5907/497 4164/5908/494 4157/5909/495 4158/5910/498 4169/5911/499 4170/5912/492
f 4158/5913/498 4165/5890/487 4162/5889/486 4169/5914/499
f 4155/5878/475 4164/5903/494 4163/5907/497 4156/5899/490
f 4159/5915/491 4168/5916/496 4167/5902/493 4160/5873/470
f 4169/5914/499 4162/5889/486 4161/5874/471 4170/5901/492
f 4165/5890/487 4158/5913/498 4157/5904/495 4166/5877/474
f 4168/5906/496 4159/5900/491 4156/5899/490 4163/5907/497
f 4178/5917/500 4175/5918/501 4184/5919/502 4185/5920/503
f 4174/5921/504 4171/5922/505 4190/5923/506 4179/5924/507
f 4175/5925/501 4178/5926/500 4177/5927/508 4172/5928/509 4171/5929/505 4174/5930/504 4173/5931/510 4176/5932/511
f 4172/5933/509 4177/5934/508 4186/5935/512 4189/5936/513
f 4179/5924/507 4180/5937/514 4173/5931/510 4174/5921/504
f 4183/5938/515 4184/5919/502 4175/5918/501 4176/5939/511
f 4177/5934/508 4178/5917/500 4185/5920/503 4186/5935/512
f 4189/5936/513 4190/5923/506 4171/5922/505 4172/5933/509
f 4176/5932/511 4173/5931/510 4180/5937/514 4183/5940/515
f 4194/5941/516 4185/5920/503 4184/5919/502 4191/5942/517
f 4188/5943/518 4179/5924/507 4190/5923/506 4181/5944/519
f 4191/5945/517 4192/5946/520 4187/5947/521 4188/5948/518 4181/5949/519 4182/5950/522 4193/5951/523 4194/5952/516
f 4182/5953/522 4189/5936/513 4186/5935/512 4193/5954/523
f 4179/5924/507 4188/5943/518 4187/5947/521 4180/5937/514
f 4183/5938/515 4192/5955/520 4191/5942/517 4184/5919/502
f 4193/5954/523 4186/5935/512 4185/5920/503 4194/5941/516
f 4189/5936/513 4182/5953/522 4181/5944/519 4190/5923/506
f 4192/5946/520 4183/5940/515 4180/5937/514 4187/5947/521
f 4202/5956/524 4199/5957/525 4208/5958/526 4209/5959/527
f 4198/5960/528 4195/5961/529 4214/5962/530 4203/5963/531
f 4199/5964/525 4202/5965/524 4201/5966/532 4196/5967/533 4195/5968/529 4198/5969/528 4197/5970/534 4200/5971/535
f 4196/5972/533 4201/5973/532 4210/5974/536 4213/5975/537
f 4203/5963/531 4204/5976/538 4197/5970/534 4198/5960/528
f 4207/5977/539 4208/5958/526 4199/5957/525 4200/5978/535
f 4201/5973/532 4202/5956/524 4209/5959/527 4210/5974/536
f 4213/5975/537 4214/5962/530 4195/5961/529 4196/5972/533
f 4200/5971/535 4197/5970/534 4204/5976/538 4207/5979/539
f 4218/5980/540 4209/5959/527 4208/5958/526 4215/5981/541
f 4212/5982/542 4203/5963/531 4214/5962/530 4205/5983/543
f 4215/5984/541 4216/5985/544 4211/5986/545 4212/5987/542 4205/5988/543 4206/5989/546 4217/5990/547 4218/5991/540
f 4206/5992/546 4213/5975/537 4210/5974/536 4217/5993/547
f 4203/5963/531 4212/5982/542 4211/5986/545 4204/5976/538
f 4207/5977/539 4216/5994/544 4215/5981/541 4208/5958/526
f 4217/5993/547 4210/5974/536 4209/5959/527 4218/5980/540
f 4213/5975/537 4206/5992/546 4205/5983/543 4214/5962/530
f 4216/5985/544 4207/5979/539 4204/5976/538 4211/5986/545
f 4264/5995/548 4262/5996/549 4232/5997/550 4233/5998/551
f 4259/5999/552 4266/6000/553 4238/6001/554 4227/6002/555
f 4223/6003/556 4226/6004/557 4225/6005/558 4220/6006/559 4219/6007/560 4222/6008/561 4221/6009/562 4224/6010/563
f 4265/6011/564 4263/6012/565 4234/6013/566 4237/6014/567
f 4259/5999/552 4260/6015/568 4221/6009/562 4222/6016/561
f 4261/6017/569 4262/5996/549 4223/6018/556 4224/6019/563
f 4263/6012/565 4264/5995/548 4233/5998/551 4234/6013/566
f 4265/6011/564 4266/6000/553 4219/6020/560 4220/6021/559
f 4261/6022/569 4260/6015/568 4228/6023/570 4231/6024/571
f 4242/6025/572 4233/5998/551 4232/5997/550 4239/6026/573
f 4236/6027/574 4227/6002/555 4238/6001/554 4229/6028/575
f 4239/6029/573 4240/6030/576 4235/6031/577 4236/6032/574 4229/6033/575 4230/6034/578 4241/6035/579 4242/6036/572
f 4230/6037/578 4237/6014/567 4234/6013/566 4241/6038/579
f 4227/6002/555 4236/6027/574 4235/6031/577 4228/6023/570
f 4231/6039/571 4240/6040/576 4239/6026/573 4232/5997/550
f 4241/6038/579 4234/6013/566 4233/5998/551 4242/6025/572
f 4237/6014/567 4230/6037/578 4229/6028/575 4238/6001/554
f 4240/6030/576 4231/6024/571 4228/6023/570 4235/6031/577
f 4258/6041/580 4279/6042/581 4278/6043/582 4255/6044/583
f 4254/6045/584 4275/6046/585 4282/6047/586 4251/6048/587
f 4247/6049/588 4250/6050/589 4249/6051/590 4244/6052/591 4243/6053/592 4246/6054/593 4245/6055/594 4248/6056/595
f 4252/6057/596 4281/6058/597 4280/6059/598 4257/6060/599
f 4281/6058/597 4530/6061/600 4527/6062/601 4280/6059/598
f 4279/6042/581 4528/6063/602 4525/6064/603 4278/6043/582
f 4256/6065/604 4277/6066/605 4276/6067/606 4253/6068/607
f 4257/6060/599 4280/6059/598 4279/6042/581 4258/6041/580
f 4275/6046/585 4524/6069/608 4529/6070/609 4282/6047/586
f 4255/6071/583 4256/6065/604 4253/6068/607 4254/6072/584 4251/6073/587 4252/6074/596 4257/6075/599 4258/6076/580
f 4281/6058/597 4252/6057/596 4251/6048/587 4282/6047/586
f 4278/6043/582 4525/6064/603 4526/6077/610 4277/6078/605
f 4280/6059/598 4527/6062/601 4528/6063/602 4279/6042/581
f 4282/6047/586 4529/6070/609 4530/6061/600 4281/6058/597
f 4277/6066/605 4526/6079/610 4523/6080/611 4276/6067/606
f 4277/6078/605 4256/6081/604 4255/6044/583 4278/6043/582
f 4224/6010/563 4221/6009/562 4260/6015/568 4261/6022/569
f 4237/6014/567 4238/6001/554 4266/6000/553 4265/6011/564
f 4225/6082/558 4226/6083/557 4264/5995/548 4263/6012/565
f 4231/6039/571 4232/5997/550 4262/5996/549 4261/6017/569
f 4227/6002/555 4228/6023/570 4260/6015/568 4259/5999/552
f 4220/6021/559 4225/6082/558 4263/6012/565 4265/6011/564
f 4222/6016/561 4219/6020/560 4266/6000/553 4259/5999/552
f 4226/6083/557 4223/6018/556 4262/5996/549 4264/5995/548
f 4152/5886/483 4149/5885/482 4268/5891/488 4269/5898/489
f 4165/5890/487 4166/5877/474 4274/5876/473 4273/5887/484
f 4153/6084/478 4154/6085/477 4272/5871/468 4271/5888/485
f 4159/5915/491 4160/5873/470 4270/5872/469 4269/5893/489
f 4155/5878/475 4156/5899/490 4268/5891/488 4267/5875/472
f 4148/5897/479 4153/6084/478 4271/5888/485 4273/5887/484
f 4150/5892/481 4147/5896/480 4274/5876/473 4267/5875/472
f 4154/6085/477 4151/5894/476 4270/5872/469 4272/5871/468
f 4523/6080/611 4245/6055/594 4246/6086/593 4524/6069/608
f 4525/6064/603 4247/6087/588 4248/6088/595 4526/6077/610
f 4527/6062/601 4249/6089/590 4250/6090/589 4528/6063/602
f 4529/6070/609 4243/6091/592 4244/6092/591 4530/6061/600
f 4526/6079/610 4248/6056/595 4245/6055/594 4523/6080/611
f 4524/6069/608 4246/6086/593 4243/6091/592 4529/6070/609
f 4530/6061/600 4244/6092/591 4249/6089/590 4527/6062/601
f 4528/6063/602 4250/6090/589 4247/6087/588 4525/6064/603
f 4275/6046/585 4254/6045/584 4253/6068/607 4276/6067/606
f 4353/6093/612 4292/6094/613 4291/6095/614 4354/6096/615
f 4347/6097/616 4348/6098/617 4300/6099/618 4299/6100/619
f 4287/6101/620 4290/6102/621 4289/6103/622 4284/6104/623 4283/6105/624 4286/6106/625 4285/6107/626 4288/6108/627
f 4348/6098/617 4293/6109/628 4296/6110/629 4349/6111/630
f 4286/6112/625 4283/6113/624 4306/6114/631 4299/6100/619
f 4290/6115/621 4287/6116/620 4302/6117/632 4303/6118/633
f 4284/6119/623 4289/6120/622 4304/6121/634 4305/6122/635
f 4351/6123/636 4298/6124/637 4297/6125/638 4352/6126/639
f 4350/6127/640 4295/6128/641 4298/6124/637 4351/6123/636
f 4288/6108/627 4285/6107/626 4300/6099/618 4301/6129/642
f 4295/6130/641 4296/6110/629 4293/6109/628 4294/6131/643 4291/6132/614 4292/6133/613 4297/6134/638 4298/6135/637
f 4299/6100/619 4300/6099/618 4285/6107/626 4286/6112/625
f 4301/6136/642 4302/6117/632 4287/6116/620 4288/6137/627
f 4289/6120/622 4290/6115/621 4303/6118/633 4304/6121/634
f 4305/6122/635 4306/6114/631 4283/6113/624 4284/6119/623
f 4326/6138/644 4323/6139/645 4324/6140/646 4325/6141/647
f 4350/6127/640 4302/6117/632 4301/6136/642 4349/6142/630
f 4352/6126/639 4304/6121/634 4303/6118/633 4351/6123/636
f 4354/6096/615 4306/6114/631 4305/6122/635 4353/6093/612
f 4349/6111/630 4301/6129/642 4300/6099/618 4348/6098/617
f 4347/6097/616 4299/6100/619 4306/6114/631 4354/6096/615
f 4353/6093/612 4305/6122/635 4304/6121/634 4352/6126/639
f 4351/6123/636 4303/6118/633 4302/6117/632 4350/6127/640
f 4354/6096/615 4291/6095/614 4294/6143/643 4347/6097/616
f 4322/6144/648 4319/6145/649 4330/6146/650 4331/6147/651
f 4318/6148/652 4315/6149/653 4338/6150/654 4323/6139/645
f 4311/6151/655 4312/6152/656 4309/6153/657 4310/6154/658 4307/6155/659 4308/6156/660 4313/6157/661 4314/6158/662
f 4316/6159/663 4321/6160/664 4334/6161/665 4335/6162/666
f 4310/6163/658 4324/6140/646 4337/6164/667 4307/6165/659
f 4314/6166/662 4332/6167/668 4329/6168/669 4311/6169/655
f 4308/6170/660 4336/6171/670 4333/6172/671 4313/6173/661
f 4320/6174/672 4317/6175/673 4326/6138/644 4327/6176/674
f 4321/6160/664 4322/6144/648 4331/6147/651 4334/6161/665
f 4312/6152/656 4328/6177/675 4325/6141/647 4309/6153/657
f 4319/6178/649 4322/6179/648 4321/6180/664 4316/6181/663 4315/6182/653 4318/6183/652 4317/6175/673 4320/6174/672
f 4335/6162/666 4338/6150/654 4315/6149/653 4316/6159/663
f 4324/6140/646 4310/6163/658 4309/6153/657 4325/6141/647
f 4328/6184/675 4312/6185/656 4311/6169/655 4329/6168/669
f 4313/6173/661 4333/6172/671 4332/6167/668 4314/6166/662
f 4336/6171/670 4308/6170/660 4307/6165/659 4337/6164/667
f 4327/6186/674 4330/6146/650 4319/6145/649 4320/6187/672
f 4330/6146/650 4327/6186/674 4328/6184/675 4329/6168/669
f 4334/6161/665 4331/6147/651 4332/6167/668 4333/6172/671
f 4338/6150/654 4335/6162/666 4336/6171/670 4337/6164/667
f 4327/6176/674 4326/6138/644 4325/6141/647 4328/6177/675
f 4323/6139/645 4338/6150/654 4337/6164/667 4324/6140/646
f 4335/6162/666 4334/6161/665 4333/6172/671 4336/6171/670
f 4331/6147/651 4330/6146/650 4329/6168/669 4332/6167/668
f 4323/6139/645 4326/6138/644 4317/6175/673 4318/6148/652
f 4112/6188/441 4342/5828/443 4341/5804/432 4111/5807/435
f 4339/5826/442 4109/5824/440 4110/5814/438 4340/5813/437
f 4352/6126/639 4297/6125/638 4292/6094/613 4353/6093/612
f 4349/6142/630 4296/6189/629 4295/6128/641 4350/6127/640
f 4347/6097/616 4294/6143/643 4293/6109/628 4348/6098/617
f 4362/5677/336 4042/6190/676 4041/5697/356 4361/5678/337
f 4045/6191/361 4050/5679/338 4361/5678/337 4358/5706/358
f 4046/6192/360 4043/6193/352 4044/6194/347 4359/6195/346 4360/6196/350 4049/6197/339 4050/5679/338 4045/6191/361
f 4363/5686/345 4037/5685/344 4039/5704/362 4366/6198/677
f 4367/6199/678 4042/6190/676 4035/5705/363 4370/6200/679
f 4040/5703/355 4365/6201/354 4366/6198/677 4039/5704/362
f 4037/5685/344 4356/5694/353 4357/5700/359 4039/5704/362
f 4042/6190/676 4362/5677/336 4047/5692/351 4035/5705/363
f 4042/6190/676 4367/6199/678 4368/5698/357 4041/5697/356
f 4038/5683/342 4355/5689/348 4356/5694/353 4037/5685/344
f 4366/6202/677 4365/5695/354 4368/5698/357 4367/6203/678 4370/6204/679 4369/6205/340 4364/6206/343 4363/6207/345
f 4036/5682/341 4369/5681/340 4370/6200/679 4035/5705/363
f 4036/5682/341 4048/5690/349 4355/5689/348 4038/5683/342
f 4430/6208/680 4434/6209/681 4380/6210/682 4385/6211/683
f 4375/6212/684 4376/6213/685 4373/6214/686 4374/6215/687 4371/6216/688 4372/6217/689 4377/6218/690 4378/6219/691
f 4429/6220/692 4433/6221/693 4386/6222/694 4383/6223/695
f 4394/6224/696 4391/6225/697 4377/6226/690 4372/6227/689
f 4392/6228/698 4389/6229/699 4375/6230/684 4378/6231/691
f 4428/6232/700 4431/6233/701 4382/6234/702 4379/6235/703
f 4434/6209/681 4394/6224/696 4393/6236/704 4428/6232/700
f 4388/6237/705 4393/6236/704 4371/6238/688 4374/6239/687
f 4383/6240/695 4386/6241/694 4385/6242/683 4380/6243/682 4379/6244/703 4382/6245/702 4381/6246/706 4384/6247/707
f 4427/6248/708 4432/6249/709 4384/6247/707 4381/6246/706
f 4390/6250/710 4376/6251/685 4375/6230/684 4389/6229/699
f 4392/6228/698 4378/6231/691 4377/6226/690 4391/6225/697
f 4394/6224/696 4372/6227/689 4371/6238/688 4393/6236/704
f 4390/6252/710 4387/6253/711 4373/6214/686 4376/6213/685
f 4433/6221/693 4392/6228/698 4391/6225/697 4430/6208/680
f 4388/6237/705 4374/6239/687 4373/6214/686 4387/6253/711
f 4432/6254/709 4390/6250/710 4389/6229/699 4429/6220/692
f 4427/6248/708 4381/6246/706 4382/6234/702 4431/6233/701
f 4422/6255/712 4426/6256/713 4404/6257/714 4409/6258/715
f 4399/6259/716 4400/6260/717 4397/6261/718 4398/6262/719 4395/6263/720 4396/6264/721 4401/6265/722 4402/6266/723
f 4421/6267/724 4425/6268/725 4410/6269/726 4407/6270/727
f 4418/6271/728 4415/6272/729 4401/6273/722 4396/6274/721
f 4416/6275/730 4413/6276/731 4399/6277/716 4402/6278/723
f 4420/6279/732 4423/6280/733 4406/6281/734 4403/6282/735
f 4426/6256/713 4418/6271/728 4417/6283/736 4420/6279/732
f 4412/6284/737 4417/6283/736 4395/6285/720 4398/6286/719
f 4407/6287/727 4410/6288/726 4409/6289/715 4404/6290/714 4403/6291/735 4406/6292/734 4405/6293/738 4408/6294/739
f 4419/6295/740 4424/6296/741 4408/6294/739 4405/6293/738
f 4414/6297/742 4400/6298/717 4399/6277/716 4413/6276/731
f 4416/6275/730 4402/6278/723 4401/6273/722 4415/6272/729
f 4418/6271/728 4396/6274/721 4395/6285/720 4417/6283/736
f 4414/6299/742 4411/6300/743 4397/6261/718 4400/6260/717
f 4425/6268/725 4416/6275/730 4415/6272/729 4422/6255/712
f 4412/6284/737 4398/6286/719 4397/6261/718 4411/6300/743
f 4424/6301/741 4414/6297/742 4413/6276/731 4421/6267/724
f 4419/6295/740 4405/6293/738 4406/6281/734 4423/6280/733
f 4411/6300/743 4419/6295/740 4423/6280/733 4412/6284/737
f 4408/6302/739 4424/6301/741 4421/6267/724 4407/6270/727
f 4410/6269/726 4425/6268/725 4422/6255/712 4409/6258/715
f 4411/6300/743 4414/6299/742 4424/6296/741 4419/6295/740
f 4404/6257/714 4426/6256/713 4420/6279/732 4403/6282/735
f 4417/6283/736 4412/6284/737 4423/6280/733 4420/6279/732
f 4413/6276/731 4416/6275/730 4425/6268/725 4421/6267/724
f 4415/6272/729 4418/6271/728 4426/6256/713 4422/6255/712
f 4387/6253/711 4427/6248/708 4431/6233/701 4388/6237/705
f 4384/6303/707 4432/6254/709 4429/6220/692 4383/6223/695
f 4386/6222/694 4433/6221/693 4430/6208/680 4385/6211/683
f 4387/6253/711 4390/6252/710 4432/6249/709 4427/6248/708
f 4380/6210/682 4434/6209/681 4428/6232/700 4379/6235/703
f 4393/6236/704 4388/6237/705 4431/6233/701 4428/6232/700
f 4389/6229/699 4392/6228/698 4433/6221/693 4429/6220/692
f 4391/6225/697 4394/6224/696 4434/6209/681 4430/6208/680
f 4494/6304/744 4498/6305/745 4444/6306/746 4449/6307/747
f 4439/6308/748 4440/6309/749 4437/6310/750 4438/6311/751 4435/6312/752 4436/6313/753 4441/6314/754 4442/6315/755
f 4493/6316/756 4497/6317/757 4450/6318/758 4447/6319/759
f 4458/6320/760 4455/6321/761 4441/6322/754 4436/6323/753
f 4456/6324/762 4453/6325/763 4439/6326/748 4442/6327/755
f 4492/6328/764 4495/6329/765 4446/6330/766 4443/6331/767
f 4498/6305/745 4458/6320/760 4457/6332/768 4492/6328/764
f 4452/6333/769 4457/6332/768 4435/6334/752 4438/6335/751
f 4447/6336/759 4450/6337/758 4449/6338/747 4444/6339/746 4443/6340/767 4446/6341/766 4445/6342/770 4448/6343/771
f 4491/6344/772 4496/6345/773 4448/6343/771 4445/6342/770
f 4454/6346/774 4440/6347/749 4439/6326/748 4453/6325/763
f 4456/6324/762 4442/6327/755 4441/6322/754 4455/6321/761
f 4458/6320/760 4436/6323/753 4435/6334/752 4457/6332/768
f 4454/6348/774 4451/6349/775 4437/6310/750 4440/6309/749
f 4497/6317/757 4456/6324/762 4455/6321/761 4494/6304/744
f 4452/6333/769 4438/6335/751 4437/6310/750 4451/6349/775
f 4496/6350/773 4454/6346/774 4453/6325/763 4493/6316/756
f 4491/6344/772 4445/6342/770 4446/6330/766 4495/6329/765
f 4486/6351/776 4490/6352/777 4468/6353/778 4473/6354/779
f 4463/6355/780 4464/6356/781 4461/6357/782 4462/6358/783 4459/6359/784 4460/6360/785 4465/6361/786 4466/6362/787
f 4485/6363/788 4489/6364/789 4474/6365/790 4471/6366/791
f 4482/6367/792 4479/6368/793 4465/6369/786 4460/6370/785
f 4480/6371/794 4477/6372/795 4463/6373/780 4466/6374/787
f 4484/6375/796 4487/6376/797 4470/6377/798 4467/6378/799
f 4490/6352/777 4482/6367/792 4481/6379/800 4484/6375/796
f 4476/6380/801 4481/6379/800 4459/6381/784 4462/6382/783
f 4471/6383/791 4474/6384/790 4473/6385/779 4468/6386/778 4467/6387/799 4470/6388/798 4469/6389/802 4472/6390/803
f 4483/6391/804 4488/6392/805 4472/6390/803 4469/6389/802
f 4478/6393/806 4464/6394/781 4463/6373/780 4477/6372/795
f 4480/6371/794 4466/6374/787 4465/6369/786 4479/6368/793
f 4482/6367/792 4460/6370/785 4459/6381/784 4481/6379/800
f 4478/6395/806 4475/6396/807 4461/6357/782 4464/6356/781
f 4489/6364/789 4480/6371/794 4479/6368/793 4486/6351/776
f 4476/6380/801 4462/6382/783 4461/6357/782 4475/6396/807
f 4488/6397/805 4478/6393/806 4477/6372/795 4485/6363/788
f 4483/6391/804 4469/6389/802 4470/6377/798 4487/6376/797
f 4475/6396/807 4483/6391/804 4487/6376/797 4476/6380/801
f 4472/6398/803 4488/6397/805 4485/6363/788 4471/6366/791
f 4474/6365/790 4489/6364/789 4486/6351/776 4473/6354/779
f 4475/6396/807 4478/6395/806 4488/6392/805 4483/6391/804
f 4468/6353/778 4490/6352/777 4484/6375/796 4467/6378/799
f 4481/6379/800 4476/6380/801 4487/6376/797 4484/6375/796
f 4477/6372/795 4480/6371/794 4489/6364/789 4485/6363/788
f 4479/6368/793 4482/6367/792 4490/6352/777 4486/6351/776
f 4451/6349/775 4491/6344/772 4495/6329/765 4452/6333/769
f 4448/6399/771 4496/6350/773 4493/6316/756 4447/6319/759
f 4450/6318/758 4497/6317/757 4494/6304/744 4449/6307/747
f 4451/6349/775 4454/6348/774 4496/6345/773 4491/6344/772
f 4444/6306/746 4498/6305/745 4492/6328/764 4443/6331/767
f 4457/6332/768 4452/6333/769 4495/6329/765 4492/6328/764
f 4453/6325/763 4456/6324/762 4497/6317/757 4493/6316/756
f 4455/6321/761 4458/6320/760 4498/6305/745 4494/6304/744
f 4506/6400/808 4513/6401/809 4512/6402/810 4503/6403/811
f 4502/6404/812 4507/6405/813 4518/6406/814 4499/6407/815
f 4503/6408/811 4504/6409/816 4501/6410/817 4502/6411/812 4499/6412/815 4500/6413/818 4505/6414/819 4506/6415/808
f 4500/6416/818 4517/6417/820 4514/6418/821 4505/6419/819
f 4507/6405/813 4502/6404/812 4501/6410/817 4508/6420/822
f 4511/6421/823 4504/6422/816 4503/6403/811 4512/6402/810
f 4505/6419/819 4514/6418/821 4513/6401/809 4506/6400/808
f 4517/6417/820 4500/6416/818 4499/6407/815 4518/6406/814
f 4504/6409/816 4511/6423/823 4508/6420/822 4501/6410/817
f 4522/6424/824 4519/6425/825 4512/6402/810 4513/6401/809
f 4516/6426/826 4509/6427/827 4518/6406/814 4507/6405/813
f 4519/6428/825 4522/6429/824 4521/6430/828 4510/6431/829 4509/6432/827 4516/6433/826 4515/6434/830 4520/6435/831
f 4510/6436/829 4521/6437/828 4514/6418/821 4517/6417/820
f 4507/6405/813 4508/6420/822 4515/6434/830 4516/6426/826
f 4511/6421/823 4512/6402/810 4519/6425/825 4520/6438/831
f 4521/6437/828 4522/6424/824 4513/6401/809 4514/6418/821
f 4517/6417/820 4518/6406/814 4509/6427/827 4510/6436/829
f 4520/6435/831 4515/6434/830 4508/6420/822 4511/6423/823
f 4276/6067/606 4523/6080/611 4524/6069/608 4275/6046/585
f 4043/5693/352 4046/5701/360 4357/5700/359 4356/5694/353
f 4552/6439/832 4543/6440/833 4542/6441/834 4550/6442/835
f 4547/6443/836 4539/6444/837 4546/6445/838 4554/6446/839
f 4535/6447/840 4536/6448/841 4533/6449/842 4534/6450/843 4531/6451/844 4532/6452/845 4537/6453/846 4538/6454/847
f 4553/6455/848 4545/6456/849 4544/6457/850 4551/6458/851
f 4547/6443/836 4534/6459/843 4533/6449/842 4548/6460/852
f 4549/6461/853 4536/6462/841 4535/6463/840 4550/6442/835
f 4551/6458/851 4544/6457/850 4543/6440/833 4552/6439/832
f 4553/6455/848 4532/6464/845 4531/6465/844 4554/6446/839
f 4549/6466/853 4541/6467/854 4540/6468/855 4548/6460/852
f 4536/6448/841 4549/6466/853 4548/6460/852 4533/6449/842
f 4545/6456/849 4553/6455/848 4554/6446/839 4546/6445/838
f 4537/6469/846 4551/6458/851 4552/6439/832 4538/6470/847
f 4541/6471/854 4549/6461/853 4550/6442/835 4542/6441/834
f 4539/6444/837 4547/6443/836 4548/6460/852 4540/6468/855
f 4532/6464/845 4553/6455/848 4551/6458/851 4537/6469/846
f 4534/6459/843 4547/6443/836 4554/6446/839 4531/6465/844
f 4538/6470/847 4552/6439/832 4550/6442/835 4535/6463/840
usemtl wood.002
f 297/6472/263 295/6473/263 296/6474/263 543/6475/263
f 546/6476/263 548/6477/263 547/6478/263 544/6479/263
f 542/6480/263 294/6481/263 295/6473/263 297/6472/263
f 3601/6482/261 293/6483/261 292/6484/261 290/6485/261
f 545/6486/263 549/6487/263 548/6477/263 546/6476/263
f 290/6485/261 292/6484/261 291/6488/261 3602/6489/261
f 2281/6490/261 2300/6491/261 2303/6492/261 2284/6493/261
f 2292/6494/261 2210/6495/261 2222/6496/261 2295/6497/261
f 2229/6498/263 2238/6499/263 2234/6500/263 2212/6501/263
f 2236/6502/263 2288/6503/263 2279/6504/263 2233/6505/263
f 2216/6506/265 2218/6507/265 2217/6508/265 2215/6509/265
f 2232/6510/263 2214/6511/263 2224/6512/263 2235/6513/263
f 2218/6507/263 2221/6514/263 2226/6515/263 2217/6508/263
f 2218/6507/263 2240/6516/263 2243/6517/263 2221/6514/263
f 2229/6498/263 2223/6518/263 2231/6519/263 2238/6499/263
f 2236/6502/263 2235/6513/263 2224/6512/263 2288/6503/263
f 2227/6520/263 2220/6521/263 2219/6522/263 2230/6523/263
f 2277/6524/265 2281/6490/265 2276/6525/265 2278/6526/265
f 2227/6520/263 2244/6527/263 2241/6528/263 2220/6521/263
f 2227/6520/263 2221/6514/263 2243/6517/263 2244/6527/263
f 2287/6529/261 2284/6493/261 2303/6492/261 2304/6530/261
f 2287/6529/261 2304/6530/261 2301/6531/261 2283/6532/261
f 2296/6533/261 2228/6534/261 2213/6535/261 2293/6536/261
f 2207/6537/265 2215/6509/265 2217/6508/265 2245/6538/265 2237/6539/265 2209/6540/265
f 2246/6541/263 2230/6523/263 2219/6522/263 2242/6542/263
f 2209/6540/263 2237/6539/263 2231/6519/263 2223/6518/263
f 2216/6506/265 2211/6543/265 2214/6511/265 2232/6510/265 2240/6516/265 2218/6507/265
f 2245/6538/263 2217/6508/263 2226/6515/263 2239/6544/263
f 2246/6541/263 2239/6544/263 2226/6515/263 2230/6523/263
f 2232/6510/263 2235/6513/263 2243/6517/263 2240/6516/263
f 2236/6502/263 2233/6505/263 2241/6528/263 2244/6527/263
f 2242/6542/263 2234/6500/263 2238/6499/263 2246/6541/263
f 2239/6544/263 2231/6519/263 2237/6539/263 2245/6538/263
f 2259/6545/264 2258/6546/264 2223/6547/264 2229/6548/264
f 2259/6545/264 2229/6548/264 2212/6549/264 2251/6550/264
f 2210/6551/264 2250/6552/264 2255/6553/264 2222/6554/264
f 2247/6555/264 2209/6556/264 2223/6547/264 2258/6546/264
f 2228/6557/264 2222/6554/264 2255/6553/264 2262/6558/264
f 2228/6557/264 2262/6558/264 2254/6559/264 2213/6560/264
f 2270/6561/264 2267/6562/264 2256/6563/264 2261/6564/264
f 2275/6565/265 2273/6566/265 2271/6567/265 2272/6568/265 2274/6569/265 2207/6570/265 2209/6556/265 2247/6555/265 2263/6571/265 2248/6572/265 2249/6573/265 2264/6574/265 2250/6552/265 2210/6551/265
f 2260/6575/264 2257/6576/264 2268/6577/264 2269/6578/264
f 2264/6574/264 2249/6573/264 2256/6563/264 2267/6562/264
f 2248/6579/264 2257/6580/264 2256/6581/264 2249/6582/264
f 2248/6572/264 2263/6571/264 2268/6577/264 2257/6576/264
f 2270/6561/264 2261/6564/264 2252/6583/264 2266/6584/264
f 2260/6575/264 2253/6585/264 2252/6583/264 2261/6564/264
f 2260/6575/264 2269/6578/264 2265/6586/264 2253/6585/264
f 2267/6562/264 2255/6553/264 2250/6552/264 2264/6574/264
f 2247/6555/264 2258/6546/264 2268/6577/264 2263/6571/264
f 2266/6584/264 2254/6559/264 2262/6558/264 2270/6561/264
f 2259/6545/264 2251/6550/264 2265/6586/264 2269/6578/264
f 2289/6587/261 2298/6588/261 2294/6589/261 2280/6590/261
f 2287/6529/261 2283/6532/261 2282/6591/261 2290/6592/261
f 2296/6533/261 2295/6497/261 2222/6496/261 2228/6534/261
f 2306/6593/261 2290/6592/261 2282/6591/261 2302/6594/261
f 2225/6595/265 2278/6526/265 2276/6525/265 2305/6596/265 2297/6597/265 2208/6598/265
f 2289/6587/261 2285/6599/261 2291/6600/261 2298/6588/261
f 2208/6598/261 2297/6597/261 2291/6600/261 2285/6599/261
f 2277/6524/265 2275/6601/265 2210/6495/265 2292/6494/265 2300/6491/265 2281/6490/265
f 2305/6596/261 2276/6525/261 2286/6602/261 2299/6603/261
f 2306/6593/261 2299/6603/261 2286/6602/261 2290/6592/261
f 2292/6494/261 2295/6497/261 2303/6492/261 2300/6491/261
f 2296/6533/261 2293/6536/261 2301/6531/261 2304/6530/261
f 2302/6594/261 2294/6589/261 2298/6588/261 2306/6593/261
f 2299/6603/261 2291/6600/261 2297/6597/261 2305/6596/261
f 2319/6604/262 2318/6605/262 2285/6606/262 2289/6607/262
f 2319/6604/262 2289/6607/262 2280/6608/262 2311/6609/262
f 2214/6610/262 2310/6611/262 2315/6612/262 2224/6613/262
f 2307/6614/262 2208/6615/262 2285/6606/262 2318/6605/262
f 2288/6616/262 2224/6613/262 2315/6612/262 2322/6617/262
f 2288/6616/262 2322/6617/262 2314/6618/262 2279/6619/262
f 2330/6620/262 2327/6621/262 2316/6622/262 2321/6623/262
f 2211/6624/265 2333/6625/265 2331/6626/265 2332/6627/265 2334/6628/265 2225/6629/265 2208/6615/265 2307/6614/265 2323/6630/265 2308/6631/265 2309/6632/265 2324/6633/265 2310/6611/265 2214/6610/265
f 2320/6634/262 2317/6635/262 2328/6636/262 2329/6637/262
f 2324/6633/262 2309/6632/262 2316/6622/262 2327/6621/262
f 2308/6631/262 2323/6630/262 2328/6636/262 2317/6635/262
f 2330/6620/262 2321/6623/262 2312/6638/262 2326/6639/262
f 2320/6634/262 2313/6640/262 2312/6638/262 2321/6623/262
f 2320/6634/262 2329/6637/262 2325/6641/262 2313/6640/262
f 2327/6621/262 2315/6612/262 2310/6611/262 2324/6633/262
f 2307/6614/262 2318/6605/262 2328/6636/262 2323/6630/262
f 2326/6639/262 2314/6618/262 2322/6617/262 2330/6620/262
f 2319/6604/262 2311/6609/262 2325/6641/262 2329/6637/262
f 2226/6515/263 2221/6514/263 2227/6520/263 2230/6523/263
f 2409/6642/856 2412/6643/856 2431/6644/856 2428/6645/856
f 2420/6646/263 2423/6647/263 2350/6648/263 2338/6649/263
f 2357/6650/857 2340/6651/858 2362/6652/859 2366/6653/860
f 2364/6654/861 2361/6655/862 2407/6656/863 2416/6657/864
f 2344/6658/266 2343/6659/266 2345/6660/266 2346/6661/266
f 2360/6662/261 2363/6663/261 2352/6664/261 2342/6665/261
f 2346/6661/261 2345/6660/261 2354/6666/261 2349/6667/261
f 2346/6661/261 2349/6667/261 2371/6668/261 2368/6669/261
f 2357/6650/857 2366/6653/860 2359/6670/261 2351/6671/261
f 2364/6654/861 2416/6657/864 2352/6664/261 2363/6663/261
f 2355/6672/261 2358/6673/261 2347/6674/261 2348/6675/261
f 2405/6676/865 2406/6677/865 2404/6678/865 2409/6642/865
f 2355/6672/261 2348/6675/261 2369/6679/261 2372/6680/261
f 2355/6672/261 2372/6680/261 2371/6668/261 2349/6667/261
f 2415/6681/263 2432/6682/263 2431/6644/263 2412/6643/263
f 2415/6681/263 2411/6683/263 2429/6684/263 2432/6682/263
f 2424/6685/866 2421/6686/867 2341/6687/868 2356/6688/869
f 2335/6689/870 2337/6690/870 2365/6691/870 2373/6692/870 2345/6660/870 2343/6659/870
f 2374/6693/261 2370/6694/261 2347/6674/261 2358/6673/261
f 2337/6690/261 2351/6671/261 2359/6670/261 2365/6691/261
f 2344/6658/871 2346/6661/871 2368/6669/871 2360/6662/871 2342/6665/871 2339/6695/871
f 2373/6692/261 2367/6696/261 2354/6666/261 2345/6660/261
f 2374/6693/261 2358/6673/261 2354/6666/261 2367/6696/261
f 2360/6662/261 2368/6669/261 2371/6668/261 2363/6663/261
f 2364/6654/861 2372/6680/261 2369/6679/261 2361/6655/862
f 2370/6694/261 2374/6693/261 2366/6653/860 2362/6652/859
f 2367/6696/261 2373/6692/261 2365/6691/261 2359/6670/261
f 2387/6697/872 2357/6698/873 2351/6699/262 2386/6700/262
f 2387/6697/872 2379/6701/873 2340/6702/874 2357/6698/873
f 2338/6703/262 2350/6704/262 2383/6705/262 2378/6706/262
f 2375/6707/262 2386/6700/262 2351/6699/262 2337/6708/262
f 2356/6709/875 2390/6710/876 2383/6705/262 2350/6704/262
f 2356/6709/875 2341/6711/877 2382/6712/875 2390/6710/876
f 2398/6713/262 2389/6714/262 2384/6715/262 2395/6716/262
f 2403/6717/878 2338/6703/878 2378/6706/878 2392/6718/878 2377/6719/878 2376/6720/878 2391/6721/878 2375/6707/878 2337/6708/878 2335/6722/878 2402/6723/878 2400/6724/878 2399/6725/878 2401/6726/878
f 2388/6727/262 2397/6728/262 2396/6729/262 2385/6730/262
f 2392/6718/262 2395/6716/262 2384/6715/262 2377/6719/262
f 2376/6731/262 2377/6732/262 2384/6733/262 2385/6734/262
f 2376/6720/262 2385/6730/262 2396/6729/262 2391/6721/262
f 2398/6713/262 2394/6735/262 2380/6736/262 2389/6714/262
f 2388/6727/262 2389/6714/262 2380/6736/262 2381/6737/262
f 2388/6727/262 2381/6737/262 2393/6738/262 2397/6728/262
f 2395/6716/262 2392/6718/262 2378/6706/262 2383/6705/262
f 2375/6707/262 2391/6721/262 2396/6729/262 2386/6700/262
f 2394/6735/262 2398/6713/262 2390/6710/876 2382/6712/875
f 2387/6697/872 2397/6728/262 2393/6738/262 2379/6701/873
f 2417/6739/879 2408/6740/880 2422/6741/881 2426/6742/882
f 2415/6681/263 2418/6743/263 2410/6744/263 2411/6683/263
f 2424/6685/866 2356/6688/869 2350/6648/263 2423/6647/263
f 2434/6745/263 2430/6746/263 2410/6744/263 2418/6743/263
f 2353/6747/883 2336/6748/883 2425/6749/883 2433/6750/883 2404/6678/883 2406/6677/883
f 2417/6739/879 2426/6742/882 2419/6751/263 2413/6752/263
f 2336/6748/263 2413/6752/263 2419/6751/263 2425/6749/263
f 2405/6676/884 2409/6642/884 2428/6645/884 2420/6646/884 2338/6649/884 2403/6753/884
f 2433/6750/885 2427/6754/885 2414/6755/885 2404/6678/885
f 2434/6745/263 2418/6743/263 2414/6755/263 2427/6754/263
f 2420/6646/263 2428/6645/263 2431/6644/263 2423/6647/263
f 2424/6685/866 2432/6682/263 2429/6684/263 2421/6686/867
f 2430/6746/263 2434/6745/263 2426/6742/882 2422/6741/881
f 2427/6754/263 2433/6750/263 2425/6749/263 2419/6751/263
f 2447/6756/886 2417/6757/887 2413/6758/264 2446/6759/264
f 2447/6756/886 2439/6760/887 2408/6761/888 2417/6757/887
f 2342/6762/264 2352/6763/264 2443/6764/264 2438/6765/264
f 2435/6766/264 2446/6759/264 2413/6758/264 2336/6767/264
f 2416/6768/889 2450/6769/890 2443/6764/264 2352/6763/264
f 2416/6768/889 2407/6770/891 2442/6771/889 2450/6769/890
f 2458/6772/264 2449/6773/264 2444/6774/264 2455/6775/264
f 2339/6776/892 2342/6762/892 2438/6765/892 2452/6777/892 2437/6778/892 2436/6779/892 2451/6780/892 2435/6766/892 2336/6767/892 2353/6781/892 2462/6782/892 2460/6783/892 2459/6784/892 2461/6785/892
f 2448/6786/264 2457/6787/264 2456/6788/264 2445/6789/264
f 2452/6777/264 2455/6775/264 2444/6774/264 2437/6778/264
f 2436/6779/264 2445/6789/264 2456/6788/264 2451/6780/264
f 2458/6772/264 2454/6790/264 2440/6791/264 2449/6773/264
f 2448/6786/264 2449/6773/264 2440/6791/264 2441/6792/264
f 2448/6786/264 2441/6792/264 2453/6793/264 2457/6787/264
f 2455/6775/264 2452/6777/264 2438/6765/264 2443/6764/264
f 2435/6766/264 2451/6780/264 2456/6788/264 2446/6759/264
f 2454/6790/264 2458/6772/264 2450/6769/890 2442/6771/889
f 2447/6756/886 2457/6787/264 2453/6793/264 2439/6760/887
f 2354/6666/261 2358/6673/261 2355/6672/261 2349/6667/261
f 2286/6602/264 2276/6525/264 2404/6678/264 2414/6755/264
f 2281/6490/262 2284/6493/262 2412/6643/262 2409/6642/262
f 2276/6525/893 2281/6490/893 2409/6642/893 2404/6678/893
f 2235/6513/264 2236/6502/264 2364/6654/264 2363/6663/264
f 2238/6499/262 2231/6519/262 2359/6670/262 2366/6653/262
f 2244/6527/262 2243/6517/262 2371/6668/262 2372/6680/262
f 2239/6544/264 2246/6541/264 2374/6693/264 2367/6696/264
f 2246/6541/265 2238/6499/265 2366/6653/265 2374/6693/265
f 2231/6519/266 2239/6544/266 2367/6696/266 2359/6670/266
f 2243/6517/266 2235/6513/266 2363/6663/266 2371/6668/266
f 2236/6502/265 2244/6527/265 2372/6680/265 2364/6654/265
f 2262/6558/263 2255/6553/263 2383/6705/263 2390/6710/263
f 2256/6581/264 2257/6580/264 3416/6794/264 3415/6795/264
f 2257/6576/261 2260/6575/261 2388/6727/261 2385/6730/261
f 2260/6575/265 2261/6564/265 2389/6714/265 2388/6727/265
f 2261/6564/263 2256/6563/263 2384/6715/263 2389/6714/263
f 2258/6546/261 2259/6545/261 2387/6697/261 2386/6700/261
f 2252/6583/266 2253/6585/266 2381/6737/266 2380/6736/266
f 2251/6550/266 2212/6549/266 2340/6702/266 2379/6701/266
f 2267/6562/261 2270/6561/261 2398/6713/261 2395/6716/261
f 2269/6578/263 2268/6577/263 2396/6729/263 2397/6728/263
f 2268/6577/266 2258/6546/266 2386/6700/266 2396/6729/266
f 2255/6553/266 2267/6562/266 2395/6716/266 2383/6705/266
f 2259/6545/265 2269/6578/265 2397/6728/265 2387/6697/265
f 2265/6586/266 2251/6550/266 2379/6701/266 2393/6738/266
f 2253/6585/266 2265/6586/266 2393/6738/266 2381/6737/266
f 2270/6561/265 2262/6558/265 2390/6710/265 2398/6713/265
f 2254/6559/266 2266/6584/266 2394/6735/266 2382/6712/266
f 2266/6584/266 2252/6583/266 2380/6736/266 2394/6735/266
f 2290/6592/264 2286/6602/264 2414/6755/264 2418/6743/264
f 2284/6493/262 2287/6529/262 2415/6681/262 2412/6643/262
f 2287/6529/265 2290/6592/265 2418/6743/265 2415/6681/265
f 2295/6497/262 2296/6533/262 2424/6685/262 2423/6647/262
f 2298/6588/264 2291/6600/264 2419/6751/264 2426/6742/264
f 2304/6530/264 2303/6492/264 2431/6644/264 2432/6682/264
f 2299/6603/262 2306/6593/262 2434/6745/262 2427/6754/262
f 2306/6593/265 2298/6588/265 2426/6742/265 2434/6745/265
f 2291/6600/266 2299/6603/266 2427/6754/266 2419/6751/266
f 2303/6492/266 2295/6497/266 2423/6647/266 2431/6644/266
f 2296/6533/265 2304/6530/265 2432/6682/265 2424/6685/265
f 2322/6617/261 2315/6612/261 2443/6764/261 2450/6769/261
f 2317/6635/263 2320/6634/263 2448/6786/263 2445/6789/263
f 2320/6634/265 2321/6623/265 2449/6773/265 2448/6786/265
f 2321/6623/261 2316/6622/261 2444/6774/261 2449/6773/261
f 2318/6605/263 2319/6604/263 2447/6756/263 2446/6759/263
f 2312/6638/266 2313/6640/266 2441/6792/266 2440/6791/266
f 2311/6609/266 2280/6608/266 2408/6761/266 2439/6760/266
f 2279/6619/266 2314/6618/266 2442/6771/266 2407/6770/266
f 2327/6621/263 2330/6620/263 2458/6772/263 2455/6775/263
f 2329/6637/261 2328/6636/261 2456/6788/261 2457/6787/261
f 2328/6636/266 2318/6605/266 2446/6759/266 2456/6788/266
f 2315/6612/266 2327/6621/266 2455/6775/266 2443/6764/266
f 2319/6604/265 2329/6637/265 2457/6787/265 2447/6756/265
f 2325/6641/266 2311/6609/266 2439/6760/266 2453/6793/266
f 2313/6640/266 2325/6641/266 2453/6793/266 2441/6792/266
f 2330/6620/265 2322/6617/265 2450/6769/265 2458/6772/265
f 2314/6618/266 2326/6639/266 2454/6790/266 2442/6771/266
f 2326/6639/266 2312/6638/266 2440/6791/266 2454/6790/266
f 2213/6560/266 2254/6559/266 2382/6712/266 2341/6711/266
f 2385/6734/262 2384/6733/262 3417/6796/262 3418/6797/262
f 2257/6576/263 2385/6730/263 3418/6798/263 3416/6799/263
f 2384/6715/261 2256/6563/261 3415/6800/261 3417/6801/261
f 3429/6802/262 3435/6803/262 3449/6804/262 3445/6805/262
f 3448/6806/262 3428/6807/262 3429/6802/262 3445/6805/262
f 3434/6808/262 3439/6809/262 3443/6810/262 3438/6811/262
f 3441/6812/262 3432/6813/262 3433/6814/262 3440/6815/262
f 3440/6815/262 3433/6814/262 3437/6816/262 3444/6817/262
f 3446/6818/262 3450/6819/262 3436/6820/262 3430/6821/262
f 3431/6822/262 3442/6823/262 3439/6809/262 3434/6808/262
f 3427/6824/262 3447/6825/262 3446/6818/262 3430/6821/262
f 3599/6826/261 3595/6827/261 3596/6828/261 3598/6829/261
f 3598/6829/261 3596/6828/261 3597/6830/261 3600/6831/261
f 3646/6832/262 3645/6833/262 3627/6834/262 3628/6835/262
f 3644/6836/262 3646/6832/262 3628/6835/262 3629/6837/262
f 3638/6838/262 3643/6839/262 3641/6840/262 3640/6841/262
f 3639/6842/262 3642/6843/262 3643/6839/262 3638/6838/262
f 3666/6844/262 3665/6845/262 3655/6846/262 3656/6847/262
f 3664/6848/262 3666/6844/262 3656/6847/262 3657/6849/262
f 3658/6850/262 3663/6851/262 3661/6852/262 3660/6853/262
f 3659/6854/262 3662/6855/262 3663/6851/262 3658/6850/262
f 3667/6856/262 3668/6857/262 3670/6858/262 3669/6859/262
f 3669/6860/263 3670/6861/263 3674/6862/263 3673/6863/263
f 3673/6863/264 3674/6862/264 3672/6864/264 3671/6865/264
f 3671/6865/261 3672/6864/261 3668/6857/261 3667/6856/261
f 3669/6866/265 3673/6863/265 3671/6865/265 3667/6867/265
f 3674/6862/266 3670/6868/266 3668/6869/266 3672/6864/266
f 3675/6870/262 3676/6871/262 3678/6872/262 3677/6873/262
f 3677/6874/263 3678/6875/263 3682/6876/263 3681/6877/263
f 3681/6877/264 3682/6876/264 3680/6878/264 3679/6879/264
f 3679/6879/261 3680/6878/261 3676/6871/261 3675/6870/261
f 3677/6880/265 3681/6877/265 3679/6879/265 3675/6881/265
f 3682/6876/266 3678/6882/266 3676/6883/266 3680/6878/266
f 3683/6884/262 3684/6885/262 3686/6886/262 3685/6887/262
f 3685/6888/263 3686/6889/263 3690/6890/263 3689/6891/263
f 3689/6891/264 3690/6890/264 3688/6892/264 3687/6893/264
f 3687/6893/261 3688/6892/261 3684/6885/261 3683/6884/261
f 3685/6894/265 3689/6891/265 3687/6893/265 3683/6895/265
f 3690/6890/266 3686/6896/266 3684/6897/266 3688/6892/266
f 3691/6898/262 3692/6899/262 3694/6900/262 3693/6901/262
f 3693/6902/263 3694/6903/263 3698/6904/263 3697/6905/263
f 3697/6905/264 3698/6904/264 3696/6906/264 3695/6907/264
f 3695/6907/261 3696/6906/261 3692/6899/261 3691/6898/261
f 3693/6908/265 3697/6905/265 3695/6907/265 3691/6909/265
f 3698/6904/266 3694/6910/266 3692/6911/266 3696/6906/266
f 3699/6912/262 3700/6913/262 3702/6914/262 3701/6915/262
f 3701/6916/263 3702/6917/263 3706/6918/263 3705/6919/263
f 3705/6919/264 3706/6918/264 3704/6920/264 3703/6921/264
f 3703/6921/261 3704/6920/261 3700/6913/261 3699/6912/261
f 3701/6922/265 3705/6919/265 3703/6921/265 3699/6923/265
f 3706/6918/266 3702/6924/266 3700/6925/266 3704/6920/266
f 3707/6926/262 3708/6927/262 3710/6928/262 3709/6929/262
f 3709/6930/263 3710/6931/263 3714/6932/263 3713/6933/263
f 3713/6933/264 3714/6932/264 3712/6934/264 3711/6935/264
f 3711/6935/261 3712/6934/261 3708/6927/261 3707/6926/261
f 3709/6936/265 3713/6933/265 3711/6935/265 3707/6937/265
f 3714/6932/266 3710/6938/266 3708/6939/266 3712/6934/266
f 3715/6940/262 3716/6941/262 3718/6942/262 3717/6943/262
f 3717/6944/263 3718/6945/263 3722/6946/263 3721/6947/263
f 3721/6947/264 3722/6946/264 3720/6948/264 3719/6949/264
f 3719/6949/261 3720/6948/261 3716/6941/261 3715/6940/261
f 3717/6950/265 3721/6947/265 3719/6949/265 3715/6951/265
f 3722/6946/266 3718/6952/266 3716/6953/266 3720/6948/266
f 3723/6954/262 3724/6955/262 3726/6956/262 3725/6957/262
f 3725/6958/263 3726/6959/263 3730/6960/263 3729/6961/263
f 3729/6961/264 3730/6960/264 3728/6962/264 3727/6963/264
f 3727/6963/261 3728/6962/261 3724/6955/261 3723/6954/261
f 3725/6964/265 3729/6961/265 3727/6963/265 3723/6965/265
f 3730/6960/266 3726/6966/266 3724/6967/266 3728/6962/266
f 3731/6968/262 3732/6969/262 3734/6970/262 3733/6971/262
f 3733/6972/263 3734/6973/263 3738/6974/263 3737/6975/263
f 3737/6975/264 3738/6974/264 3736/6976/264 3735/6977/264
f 3735/6977/261 3736/6976/261 3732/6969/261 3731/6968/261
f 3733/6978/265 3737/6975/265 3735/6977/265 3731/6979/265
f 3738/6974/266 3734/6980/266 3732/6981/266 3736/6976/266
f 3739/6982/262 3740/6983/262 3742/6984/262 3741/6985/262
f 3741/6986/263 3742/6987/263 3746/6988/263 3745/6989/263
f 3745/6989/264 3746/6988/264 3744/6990/264 3743/6991/264
f 3743/6991/261 3744/6990/261 3740/6983/261 3739/6982/261
f 3741/6992/265 3745/6989/265 3743/6991/265 3739/6993/265
f 3746/6988/266 3742/6994/266 3740/6995/266 3744/6990/266
f 3747/6996/262 3748/6997/262 3750/6998/262 3749/6999/262
f 3749/7000/263 3750/7001/263 3754/7002/263 3753/7003/263
f 3753/7003/264 3754/7002/264 3752/7004/264 3751/7005/264
f 3751/7005/261 3752/7004/261 3748/6997/261 3747/6996/261
f 3749/7006/265 3753/7003/265 3751/7005/265 3747/7007/265
f 3754/7002/266 3750/7008/266 3748/7009/266 3752/7004/266
f 3755/7010/262 3756/7011/262 3758/7012/262 3757/7013/262
f 3757/7014/263 3758/7015/263 3762/7016/263 3761/7017/263
f 3761/7017/264 3762/7016/264 3760/7018/264 3759/7019/264
f 3759/7019/261 3760/7018/261 3756/7011/261 3755/7010/261
f 3757/7020/265 3761/7017/265 3759/7019/265 3755/7021/265
f 3762/7016/266 3758/7022/266 3756/7023/266 3760/7018/266
f 3763/7024/261 3764/7025/261 3766/7026/261 3765/7027/261
f 3765/7028/262 3766/7029/262 3770/7030/262 3769/7031/262
f 3769/7031/263 3770/7030/263 3768/7032/263 3767/7033/263
f 3767/7033/264 3768/7032/264 3764/7025/264 3763/7024/264
f 3765/7034/265 3769/7031/265 3767/7033/265 3763/7035/265
f 3770/7030/266 3766/7036/266 3764/7037/266 3768/7032/266
f 3771/7038/261 3772/7039/261 3774/7040/261 3773/7041/261
f 3773/7042/262 3774/7043/262 3778/7044/262 3777/7045/262
f 3777/7045/263 3778/7044/263 3776/7046/263 3775/7047/263
f 3775/7047/264 3776/7046/264 3772/7039/264 3771/7038/264
f 3773/7048/265 3777/7045/265 3775/7047/265 3771/7049/265
f 3778/7044/266 3774/7050/266 3772/7051/266 3776/7046/266
f 3779/7052/261 3780/7053/261 3782/7054/261 3781/7055/261
f 3781/7056/262 3782/7057/262 3786/7058/262 3785/7059/262
f 3785/7059/263 3786/7058/263 3784/7060/263 3783/7061/263
f 3783/7061/264 3784/7060/264 3780/7053/264 3779/7052/264
f 3781/7062/265 3785/7059/265 3783/7061/265 3779/7063/265
f 3786/7058/266 3782/7064/266 3780/7065/266 3784/7060/266
f 3787/7066/261 3788/7067/261 3790/7068/261 3789/7069/261
f 3789/7070/262 3790/7071/262 3794/7072/262 3793/7073/262
f 3793/7073/263 3794/7072/263 3792/7074/263 3791/7075/263
f 3791/7075/264 3792/7074/264 3788/7067/264 3787/7066/264
f 3789/7076/265 3793/7073/265 3791/7075/265 3787/7077/265
f 3794/7072/266 3790/7078/266 3788/7079/266 3792/7074/266
f 3795/7080/261 3796/7081/261 3798/7082/261 3797/7083/261
f 3797/7084/262 3798/7085/262 3802/7086/262 3801/7087/262
f 3801/7087/263 3802/7086/263 3800/7088/263 3799/7089/263
f 3799/7089/264 3800/7088/264 3796/7081/264 3795/7080/264
f 3797/7090/265 3801/7087/265 3799/7089/265 3795/7091/265
f 3802/7086/266 3798/7092/266 3796/7093/266 3800/7088/266
f 3803/7094/261 3804/7095/261 3806/7096/261 3805/7097/261
f 3805/7098/262 3806/7099/262 3810/7100/262 3809/7101/262
f 3809/7101/263 3810/7100/263 3808/7102/263 3807/7103/263
f 3807/7103/264 3808/7102/264 3804/7095/264 3803/7094/264
f 3805/7104/265 3809/7101/265 3807/7103/265 3803/7105/265
f 3810/7100/266 3806/7106/266 3804/7107/266 3808/7102/266
f 3811/7108/261 3812/7109/261 3814/7110/261 3813/7111/261
f 3813/7112/262 3814/7113/262 3818/7114/262 3817/7115/262
f 3817/7115/263 3818/7114/263 3816/7116/263 3815/7117/263
f 3815/7117/264 3816/7116/264 3812/7109/264 3811/7108/264
f 3813/7118/265 3817/7115/265 3815/7117/265 3811/7119/265
f 3818/7114/266 3814/7120/266 3812/7121/266 3816/7116/266
f 3819/7122/261 3820/7123/261 3822/7124/261 3821/7125/261
f 3821/7126/262 3822/7127/262 3826/7128/262 3825/7129/262
f 3825/7129/263 3826/7128/263 3824/7130/263 3823/7131/263
f 3823/7131/264 3824/7130/264 3820/7123/264 3819/7122/264
f 3821/7132/265 3825/7129/265 3823/7131/265 3819/7133/265
f 3826/7128/266 3822/7134/266 3820/7135/266 3824/7130/266
f 3827/7136/261 3828/7137/261 3830/7138/261 3829/7139/261
f 3829/7140/262 3830/7141/262 3834/7142/262 3833/7143/262
f 3833/7143/263 3834/7142/263 3832/7144/263 3831/7145/263
f 3831/7145/264 3832/7144/264 3828/7137/264 3827/7136/264
f 3829/7146/265 3833/7143/265 3831/7145/265 3827/7147/265
f 3834/7142/266 3830/7148/266 3828/7149/266 3832/7144/266
f 3835/7150/261 3836/7151/261 3838/7152/261 3837/7153/261
f 3837/7154/262 3838/7155/262 3842/7156/262 3841/7157/262
f 3841/7157/263 3842/7156/263 3840/7158/263 3839/7159/263
f 3839/7159/264 3840/7158/264 3836/7151/264 3835/7150/264
f 3837/7160/265 3841/7157/265 3839/7159/265 3835/7161/265
f 3842/7156/266 3838/7162/266 3836/7163/266 3840/7158/266
f 3843/7164/261 3844/7165/261 3846/7166/261 3845/7167/261
f 3845/7168/262 3846/7169/262 3850/7170/262 3849/7171/262
f 3849/7171/263 3850/7170/263 3848/7172/263 3847/7173/263
f 3847/7173/264 3848/7172/264 3844/7165/264 3843/7164/264
f 3845/7174/265 3849/7171/265 3847/7173/265 3843/7175/265
f 3850/7170/266 3846/7176/266 3844/7177/266 3848/7172/266
f 3851/7178/261 3852/7179/261 3854/7180/261 3853/7181/261
f 3853/7182/262 3854/7183/262 3858/7184/262 3857/7185/262
f 3857/7185/263 3858/7184/263 3856/7186/263 3855/7187/263
f 3855/7187/264 3856/7186/264 3852/7179/264 3851/7178/264
f 3853/7188/265 3857/7185/265 3855/7187/265 3851/7189/265
f 3858/7184/266 3854/7190/266 3852/7191/266 3856/7186/266
f 3859/7192/261 3860/7193/261 3862/7194/261 3861/7195/261
f 3861/7196/262 3862/7197/262 3866/7198/262 3865/7199/262
f 3865/7199/263 3866/7198/263 3864/7200/263 3863/7201/263
f 3863/7201/264 3864/7200/264 3860/7193/264 3859/7192/264
f 3861/7202/265 3865/7199/265 3863/7201/265 3859/7203/265
f 3866/7198/266 3862/7204/266 3860/7205/266 3864/7200/266
f 3867/7206/261 3868/7207/261 3870/7208/261 3869/7209/261
f 3869/7210/262 3870/7211/262 3874/7212/262 3873/7213/262
f 3873/7213/263 3874/7212/263 3872/7214/263 3871/7215/263
f 3871/7215/264 3872/7214/264 3868/7207/264 3867/7206/264
f 3869/7216/265 3873/7213/265 3871/7215/265 3867/7217/265
f 3874/7212/266 3870/7218/266 3868/7219/266 3872/7214/266
f 3875/7220/261 3876/7221/261 3878/7222/261 3877/7223/261
f 3877/7224/262 3878/7225/262 3882/7226/262 3881/7227/262
f 3881/7227/263 3882/7226/263 3880/7228/263 3879/7229/263
f 3879/7229/264 3880/7228/264 3876/7221/264 3875/7220/264
f 3877/7230/265 3881/7227/265 3879/7229/265 3875/7231/265
f 3882/7226/266 3878/7232/266 3876/7233/266 3880/7228/266
f 3883/7234/261 3884/7235/261 3886/7236/261 3885/7237/261
f 3885/7238/262 3886/7239/262 3890/7240/262 3889/7241/262
f 3889/7241/263 3890/7240/263 3888/7242/263 3887/7243/263
f 3887/7243/264 3888/7242/264 3884/7235/264 3883/7234/264
f 3885/7244/265 3889/7241/265 3887/7243/265 3883/7245/265
f 3890/7240/266 3886/7246/266 3884/7247/266 3888/7242/266
f 3891/7248/261 3892/7249/261 3894/7250/261 3893/7251/261
f 3893/7252/262 3894/7253/262 3898/7254/262 3897/7255/262
f 3897/7255/263 3898/7254/263 3896/7256/263 3895/7257/263
f 3895/7257/264 3896/7256/264 3892/7249/264 3891/7248/264
f 3893/7258/265 3897/7255/265 3895/7257/265 3891/7259/265
f 3898/7254/266 3894/7260/266 3892/7261/266 3896/7256/266
f 3899/7262/261 3900/7263/261 3902/7264/261 3901/7265/261
f 3901/7266/262 3902/7267/262 3906/7268/262 3905/7269/262
f 3905/7269/263 3906/7268/263 3904/7270/263 3903/7271/263
f 3903/7271/264 3904/7270/264 3900/7263/264 3899/7262/264
f 3901/7272/265 3905/7269/265 3903/7271/265 3899/7273/265
f 3906/7268/266 3902/7274/266 3900/7275/266 3904/7270/266
f 3907/7276/261 3908/7277/261 3910/7278/261 3909/7279/261
f 3909/7280/262 3910/7281/262 3914/7282/262 3913/7283/262
f 3913/7283/263 3914/7282/263 3912/7284/263 3911/7285/263
f 3911/7285/264 3912/7284/264 3908/7277/264 3907/7276/264
f 3909/7286/265 3913/7283/265 3911/7285/265 3907/7287/265
f 3914/7282/266 3910/7288/266 3908/7289/266 3912/7284/266
f 3915/7290/261 3916/7291/261 3918/7292/261 3917/7293/261
f 3917/7294/262 3918/7295/262 3922/7296/262 3921/7297/262
f 3921/7297/263 3922/7296/263 3920/7298/263 3919/7299/263
f 3919/7299/264 3920/7298/264 3916/7291/264 3915/7290/264
f 3917/7300/265 3921/7297/265 3919/7299/265 3915/7301/265
f 3922/7296/266 3918/7302/266 3916/7303/266 3920/7298/266
f 3923/7304/261 3924/7305/261 3926/7306/261 3925/7307/261
f 3925/7308/262 3926/7309/262 3930/7310/262 3929/7311/262
f 3929/7311/263 3930/7310/263 3928/7312/263 3927/7313/263
f 3927/7313/264 3928/7312/264 3924/7305/264 3923/7304/264
f 3925/7314/265 3929/7311/265 3927/7313/265 3923/7315/265
f 3930/7310/266 3926/7316/266 3924/7317/266 3928/7312/266
f 3931/7318/261 3932/7319/261 3934/7320/261 3933/7321/261
f 3933/7322/262 3934/7323/262 3938/7324/262 3937/7325/262
f 3937/7325/263 3938/7324/263 3936/7326/263 3935/7327/263
f 3935/7327/264 3936/7326/264 3932/7319/264 3931/7318/264
f 3933/7328/265 3937/7325/265 3935/7327/265 3931/7329/265
f 3938/7324/266 3934/7330/266 3932/7331/266 3936/7326/266
f 3939/7332/261 3940/7333/261 3942/7334/261 3941/7335/261
f 3941/7336/262 3942/7337/262 3946/7338/262 3945/7339/262
f 3945/7339/263 3946/7338/263 3944/7340/263 3943/7341/263
f 3943/7341/264 3944/7340/264 3940/7333/264 3939/7332/264
f 3941/7342/265 3945/7339/265 3943/7341/265 3939/7343/265
f 3946/7338/266 3942/7344/266 3940/7345/266 3944/7340/266
f 3947/7346/261 3948/7347/261 3950/7348/261 3949/7349/261
f 3949/7350/262 3950/7351/262 3954/7352/262 3953/7353/262
f 3953/7353/263 3954/7352/263 3952/7354/263 3951/7355/263
f 3951/7355/264 3952/7354/264 3948/7347/264 3947/7346/264
f 3949/7356/265 3953/7353/265 3951/7355/265 3947/7357/265
f 3954/7352/266 3950/7358/266 3948/7359/266 3952/7354/266
f 3955/7360/261 3956/7361/261 3958/7362/261 3957/7363/261
f 3957/7364/262 3958/7365/262 3962/7366/262 3961/7367/262
f 3961/7367/263 3962/7366/263 3960/7368/263 3959/7369/263
f 3959/7369/264 3960/7368/264 3956/7361/264 3955/7360/264
f 3957/7370/265 3961/7367/265 3959/7369/265 3955/7371/265
f 3962/7366/266 3958/7372/266 3956/7373/266 3960/7368/266
f 3963/7374/261 3964/7375/261 3966/7376/261 3965/7377/261
f 3965/7378/262 3966/7379/262 3970/7380/262 3969/7381/262
f 3969/7381/263 3970/7380/263 3968/7382/263 3967/7383/263
f 3967/7383/264 3968/7382/264 3964/7375/264 3963/7374/264
f 3965/7384/265 3969/7381/265 3967/7383/265 3963/7385/265
f 3970/7380/266 3966/7386/266 3964/7387/266 3968/7382/266
f 3971/7388/261 3972/7389/261 3974/7390/261 3973/7391/261
f 3973/7392/262 3974/7393/262 3978/7394/262 3977/7395/262
f 3977/7395/263 3978/7394/263 3976/7396/263 3975/7397/263
f 3975/7397/264 3976/7396/264 3972/7389/264 3971/7388/264
f 3973/7398/265 3977/7395/265 3975/7397/265 3971/7399/265
f 3978/7394/266 3974/7400/266 3972/7401/266 3976/7396/266
f 3979/7402/261 3980/7403/261 3982/7404/261 3981/7405/261
f 3981/7406/262 3982/7407/262 3986/7408/262 3985/7409/262
f 3985/7409/263 3986/7408/263 3984/7410/263 3983/7411/263
f 3983/7411/264 3984/7410/264 3980/7403/264 3979/7402/264
f 3981/7412/265 3985/7409/265 3983/7411/265 3979/7413/265
f 3986/7408/266 3982/7414/266 3980/7415/266 3984/7410/266
f 3987/7416/261 3988/7417/261 3990/7418/261 3989/7419/261
f 3989/7420/262 3990/7421/262 3994/7422/262 3993/7423/262
f 3993/7423/263 3994/7422/263 3992/7424/263 3991/7425/263
f 3991/7425/264 3992/7424/264 3988/7417/264 3987/7416/264
f 3989/7426/265 3993/7423/265 3991/7425/265 3987/7427/265
f 3994/7422/266 3990/7428/266 3988/7429/266 3992/7424/266
f 3995/7430/261 3996/7431/261 3998/7432/261 3997/7433/261
f 3997/7434/262 3998/7435/262 4002/7436/262 4001/7437/262
f 4001/7437/263 4002/7436/263 4000/7438/263 3999/7439/263
f 3999/7439/264 4000/7438/264 3996/7431/264 3995/7430/264
f 3997/7440/265 4001/7437/265 3999/7439/265 3995/7441/265
f 4002/7436/266 3998/7442/266 3996/7443/266 4000/7438/266
f 4003/7444/261 4004/7445/261 4006/7446/261 4005/7447/261
f 4005/7448/262 4006/7449/262 4010/7450/262 4009/7451/262
f 4009/7451/263 4010/7450/263 4008/7452/263 4007/7453/263
f 4007/7453/264 4008/7452/264 4004/7445/264 4003/7444/264
f 4005/7454/265 4009/7451/265 4007/7453/265 4003/7455/265
f 4010/7450/266 4006/7456/266 4004/7457/266 4008/7452/266
f 4011/7458/261 4012/7459/261 4014/7460/261 4013/7461/261
f 4013/7462/262 4014/7463/262 4018/7464/262 4017/7465/262
f 4017/7465/263 4018/7464/263 4016/7466/263 4015/7467/263
f 4015/7467/264 4016/7466/264 4012/7459/264 4011/7458/264
f 4013/7468/265 4017/7465/265 4015/7467/265 4011/7469/265
f 4018/7464/266 4014/7470/266 4012/7471/266 4016/7466/266
f 4019/7472/261 4020/7473/261 4022/7474/261 4021/7475/261
f 4021/7476/262 4022/7477/262 4026/7478/262 4025/7479/262
f 4025/7479/263 4026/7478/263 4024/7480/263 4023/7481/263
f 4023/7481/264 4024/7480/264 4020/7473/264 4019/7472/264
f 4021/7482/265 4025/7479/265 4023/7481/265 4019/7483/265
f 4026/7478/266 4022/7484/266 4020/7485/266 4024/7480/266
f 4027/7486/261 4028/7487/261 4030/7488/261 4029/7489/261
f 4029/7490/262 4030/7491/262 4034/7492/262 4033/7493/262
f 4033/7493/263 4034/7492/263 4032/7494/263 4031/7495/263
f 4031/7495/264 4032/7494/264 4028/7487/264 4027/7486/264
f 4029/7496/265 4033/7493/265 4031/7495/265 4027/7497/265
f 4034/7492/266 4030/7498/266 4028/7499/266 4032/7494/266
