# Blender v2.79 (sub 0) OBJ File: '-z_hut_001.blend'
# www.blender.org
mtllib -LOD1_z_hut_001.mtl
o Cube.009_Cube.008
v -4.113253 2.829403 10.117430
v -4.253205 2.817742 10.152851
v -4.215322 2.672937 10.117430
v -4.293960 2.706270 10.226385
v -4.246809 2.780123 10.476988
v -4.113253 2.829403 10.759969
v -4.215322 2.672937 10.759969
v -4.253205 2.684598 10.724547
v 4.363187 2.796227 10.245234
v 4.264948 2.829403 10.117430
v 4.264948 2.672937 10.117430
v 4.302831 2.706114 10.245234
v 4.325304 2.829403 10.759969
v 4.363187 2.706114 10.632164
v 4.264948 2.672937 10.759969
v -3.973454 2.748503 11.750443
v -3.944100 2.775369 11.784918
v 4.021939 2.747238 11.749805
v 3.967286 2.771811 11.784918
v -3.970149 2.826444 11.724200
v -3.939002 2.838497 11.746267
v 4.000788 2.827918 11.731613
v 3.966404 2.834310 11.746267
v -3.955138 2.852352 11.564558
v -3.929261 2.858335 11.640669
v 3.984406 2.837918 11.564314
v 3.968580 2.857931 11.640669
v -3.917063 2.858139 11.496420
v 3.977876 2.857349 11.496420
v -3.945288 2.839206 11.364910
v -3.912523 2.857931 11.352171
v 4.023712 2.845852 11.360631
v 3.989594 2.857931 11.352171
v -3.956519 2.802943 11.242061
v -3.912919 2.834356 11.246572
v 4.076032 2.802667 11.243034
v 3.996823 2.834154 11.246572
v -3.913236 2.772055 11.207922
v 3.999546 2.772309 11.207922
v -3.975284 2.716257 11.268230
v -3.915215 2.705869 11.246572
v 4.031909 2.712736 11.261227
v 3.997989 2.705869 11.246572
v -3.987744 2.680646 11.428267
v -3.922306 2.671110 11.352171
v 4.030725 2.692677 11.539836
v 3.991944 2.671110 11.352171
v -3.935690 2.663028 11.496420
v 3.981849 2.663028 11.496420
v -3.977947 2.688709 11.628119
v -3.938039 2.671110 11.640669
v 3.970890 2.671110 11.640669
v -3.944443 2.705869 11.746266
v 3.967258 2.705869 11.746266
v -3.978668 2.781014 11.572798
v -4.007627 2.693010 9.485882
v -4.007627 2.800612 9.485882
v -3.940792 2.693010 8.835857
v -3.940792 2.800612 8.835857
v -4.004800 2.800612 9.160870
v -4.004800 2.693010 9.160870
v 4.010330 2.693010 9.353129
v 3.972947 2.693010 9.485882
v 3.972947 2.800612 9.485882
v 4.009654 2.800612 9.292611
v 3.995726 2.693010 8.835857
v 3.995726 2.800612 8.835857
v 3.980409 2.800612 8.573384
v 3.980409 2.693010 8.573384
v -3.967594 2.693010 8.430270
v -3.967594 2.800612 8.430270
v -3.911889 2.693010 8.805947
v -3.949378 2.693010 8.705339
v -3.949378 2.800612 8.705339
v -3.911889 2.800612 8.805947
v 3.994607 2.693010 8.805947
v 3.994607 2.800612 8.805947
v 3.988618 2.693010 8.430270
v 3.988618 2.800612 8.430270
v -3.980236 2.700241 8.401632
v -4.011100 2.770885 8.375079
v -3.963793 2.814347 8.401632
v -4.011100 2.806008 8.375079
v -4.027542 2.735535 8.191715
v -3.963793 2.700241 8.165162
v -3.963793 2.814347 8.165162
v -4.011100 2.806008 8.191715
v 3.996209 2.700241 8.401632
v 3.996209 2.814347 8.401632
v 3.996209 2.700241 8.165162
v 3.996209 2.814347 8.165162
v 4.048614 2.730420 8.336702
v -3.539707 2.763632 7.843527
v -3.539937 2.806523 7.898015
v -3.539848 2.856720 7.896264
v -3.594375 2.889085 7.656416
v -3.586136 2.783392 7.243955
v -3.589641 2.744408 7.301095
v -3.589405 2.876462 7.296485
v -3.586047 2.833589 7.242203
v 3.609049 2.848202 8.370410
v 3.598357 2.805247 8.315199
v 3.651610 2.937610 8.314094
v 3.609138 2.898399 8.368658
v 3.674228 2.786757 7.781080
v 3.677733 2.825741 7.723940
v 3.649079 2.875770 7.720289
v 3.674463 2.918811 7.776471
v -4.057984 2.690113 10.103431
v -4.057984 2.806104 10.021938
v -3.990347 2.690113 9.470749
v -3.990347 2.806104 9.552242
v 4.009654 2.690113 10.103431
v 4.009654 2.806104 10.021938
v 4.009654 2.690113 9.470749
v 4.009654 2.806104 9.552242
v -4.033840 2.706702 9.715000
v -3.990347 2.806104 9.733571
v 4.023449 2.690113 9.715000
v 4.060989 2.818955 9.733571
v -3.995544 2.677527 11.175153
v -4.046547 2.723985 10.978604
v -3.995544 2.677527 10.790654
v 3.998145 2.677527 11.175153
v 4.086151 2.739156 11.039906
v 3.998145 2.677527 10.790654
v -3.995544 2.826488 11.129284
v -3.995544 2.854877 10.917079
v -3.995544 2.826062 10.836391
v -4.047226 2.819723 10.981614
v 3.998145 2.826488 11.129284
v 4.087239 2.815710 10.923537
v 3.998145 2.826062 10.836391
v 3.998145 2.854877 10.917079
v 4.046725 2.766673 12.450477
v -3.997046 2.766615 12.454691
v 4.046835 2.698840 12.444967
v 4.010277 2.694543 12.477217
v -3.975947 2.697419 12.456341
v -3.941261 2.694543 12.477218
v 4.053333 2.677637 12.259134
v 4.014334 2.670433 12.367332
v -3.953140 2.678513 12.258783
v -3.941261 2.670433 12.367332
v 4.048195 2.677996 11.972080
v 4.015190 2.670433 11.952919
v -3.975947 2.675331 11.965533
v -3.941261 2.670433 11.952920
v 4.064410 2.720395 11.883255
v 4.018382 2.694543 11.821670
v -4.019853 2.720499 11.858091
v -3.941261 2.694543 11.821671
v 4.082027 2.785159 11.853006
v 4.020216 2.790667 11.823108
v -3.975947 2.789738 11.842704
v -3.941261 2.792614 11.821671
v 4.073245 2.813944 12.062029
v 4.018004 2.816853 11.952894
v -3.995859 2.810249 12.223383
v -3.941260 2.821170 11.952249
v 4.062655 2.813973 12.349820
v 4.015528 2.821170 12.368670
v -3.941260 2.818248 12.367876
v 4.009896 2.792614 12.477217
v -3.941261 2.791434 12.475477
v 4.076518 2.743579 12.258568
v -3.802731 5.604354 7.952212
v -3.791810 5.623693 7.828391
v -3.798414 2.785063 7.951918
v -3.795505 2.765496 7.902078
v -3.774176 5.604354 8.011845
v -3.771300 5.616641 8.002239
v -3.772228 2.784279 8.011188
v -3.766720 2.762384 7.997534
v -3.676105 5.604354 8.011845
v -3.702060 5.632193 7.995212
v -3.676104 2.784929 8.011845
v -3.701956 2.768625 7.983720
v -3.651994 5.604354 7.951905
v -3.656893 5.616641 7.946145
v -3.651994 2.786059 7.951907
v -3.659557 2.774368 7.943156
v -3.651994 5.604354 7.762651
v -3.660074 5.608562 7.812224
v -3.651994 2.786362 7.762652
v -3.659198 2.772548 7.812064
v -3.676105 5.604354 7.712469
v -3.678981 5.616641 7.722003
v -3.676104 2.787800 7.712471
v -3.680402 2.774850 7.727198
v -3.748177 5.624114 7.722757
v -3.748234 2.774889 7.724682
v -3.836439 2.792097 9.073715
v -3.807624 2.792097 9.110563
v -3.797271 2.760539 9.070766
v -3.808050 2.792097 8.976806
v -3.801284 5.641889 9.044244
v -3.807624 5.623582 9.110563
v -3.836439 5.623582 9.073715
v -3.808050 5.623582 8.976806
v -3.659089 2.792097 9.131451
v -3.720718 2.760924 9.017623
v -3.659089 2.792097 8.955858
v -3.659089 5.623582 9.131451
v -3.705547 5.641648 9.045618
v -3.659089 5.623582 8.955858
v -3.854386 -0.916626 10.396903
v -3.622945 -0.889348 10.412138
v -3.831302 6.630917 10.396901
v -3.652744 6.662519 10.412136
v -3.831302 -0.879324 10.545653
v -3.622945 -0.879324 10.612506
v -3.831302 -0.879324 10.160342
v -3.622945 -0.879324 10.093490
v -3.831302 6.630917 10.545651
v -3.622945 6.630917 10.612504
v -3.831303 6.680063 10.160340
v -3.622945 6.680063 10.093488
v -3.845871 -2.310766 12.434035
v -3.773036 -2.287921 12.479396
v -3.683709 -2.310766 12.479396
v -3.610874 -2.310766 12.434035
v -3.773036 -2.287921 11.951488
v -3.845871 -2.318890 11.996848
v -3.610874 -2.276753 11.996848
v -3.683709 -2.287921 11.951488
v -3.773037 7.151205 12.479394
v -3.845871 7.151204 12.434033
v -3.610875 7.151204 12.434033
v -3.683709 7.151205 12.479394
v -3.845871 7.137587 12.141895
v -3.773037 7.082743 11.951486
v -3.683709 7.082743 11.951486
v 3.813347 2.798379 8.602303
v 3.705745 2.798379 8.602303
v 3.705745 5.613682 8.536945
v 3.813348 5.613682 8.536945
v 3.705745 5.593950 8.708509
v 3.705745 5.607229 8.662564
v 3.813348 5.607229 8.662564
v 3.813348 5.593950 8.708509
v 3.705745 2.793350 8.708509
v 3.813347 2.793350 8.708509
v 3.705745 2.795471 8.536945
v 3.813347 2.795471 8.536945
v -3.610875 7.085229 11.996846
v -3.782174 2.795472 11.483454
v -3.674572 2.795472 11.483454
v -3.782174 2.793350 11.311889
v -3.674572 2.793350 11.311889
v -3.782174 5.593951 11.311889
v -3.782174 5.607230 11.357834
v -3.674572 5.607230 11.357834
v -3.674572 5.593951 11.311889
v -3.782174 5.613683 11.483454
v -3.674572 5.613683 11.483454
v -3.674572 2.798380 11.418097
v -3.782174 2.798380 11.418097
v 3.693475 5.589230 7.922276
v 3.734431 5.588004 7.947783
v 3.784662 5.588004 7.947783
v 3.825618 5.615031 7.840712
v 3.734431 5.621741 7.650930
v 3.693475 5.621741 7.676437
v 3.825618 5.621741 7.676437
v 3.784662 5.621741 7.650930
v 3.734431 2.788020 7.947784
v 3.693474 2.793524 7.922277
v 3.825618 2.772759 7.922277
v 3.784661 2.788020 7.947784
v 3.693474 2.776763 7.676438
v 3.734431 2.776763 7.650930
v 3.784661 2.788020 7.650930
v 3.825618 2.776763 7.676438
v 3.654117 6.319262 10.042995
v 3.862475 6.319262 9.976143
v 3.654117 6.270115 9.523979
v 3.862474 6.270115 9.590832
v 3.654117 -0.879324 10.042997
v 3.862474 -0.879324 9.976145
v 3.654117 -0.879324 9.523981
v 3.862474 -0.879324 9.590834
v 3.683916 6.301718 9.724347
v 3.862474 6.270115 9.739582
v 3.654117 -0.889349 9.724349
v 3.885558 -0.916627 9.739584
v 3.690262 5.623583 11.064540
v 3.736720 5.641649 10.974781
v 3.690262 5.623583 10.888947
v 3.690262 2.792097 11.064540
v 3.751891 2.760924 11.002776
v 3.690262 2.792097 10.888947
v 3.839223 5.623583 11.043592
v 3.867612 5.623583 10.946683
v 3.838797 5.623583 10.909835
v 3.832457 5.641890 10.976155
v 3.839223 2.792097 11.043592
v 3.828444 2.760539 10.949633
v 3.838797 2.792097 10.909835
v 3.867612 2.792097 10.946683
v 3.797776 -2.314568 12.396967
v 3.797673 7.156019 12.400388
v 3.677146 -2.314646 12.392493
v 3.669504 -2.288368 12.418683
v 3.674619 7.140854 12.401727
v 3.669504 7.115921 12.418681
v 3.639438 -2.319317 12.241570
v 3.626627 -2.291285 12.329442
v 3.640997 7.124460 12.241284
v 3.626627 7.115921 12.329442
v 3.640077 -2.315624 12.008443
v 3.626627 -2.291900 11.992883
v 3.635338 7.140854 12.003124
v 3.626627 7.115921 11.992881
v 3.715477 -2.327280 11.936305
v 3.669504 -2.294195 11.886290
v 3.715663 7.172413 11.915867
v 3.669504 7.115921 11.886290
v 3.830650 -2.339943 11.911739
v 3.840446 -2.295513 11.887458
v 3.838795 7.140854 11.903371
v 3.843909 7.115921 11.886290
v 3.881840 -2.333629 12.081493
v 3.887014 -2.293923 11.992863
v 3.875269 7.155166 12.212534
v 3.894690 7.115921 11.992336
v 3.881891 -2.326018 12.315220
v 3.894690 -2.292143 12.330529
v 3.889494 7.115921 12.329881
v 3.843909 -2.288095 12.418683
v 3.841811 7.115921 12.417269
v 3.756706 -2.335982 12.241111
v -3.795534 2.769246 7.770649
v -3.802731 2.785939 7.762041
v -3.799809 5.604354 7.762403
v -3.774175 2.787935 7.712471
v -3.772996 5.604354 7.713264
v -3.725140 2.764336 7.812323
v 3.580228 4.238709 12.340443
v 3.598973 4.227048 12.417549
v 3.580228 4.082243 12.396678
v 3.637888 4.115576 12.440003
v 3.770509 4.189429 12.414026
v 3.920264 4.238709 12.340443
v 3.920264 4.082243 12.396678
v 3.901519 4.093904 12.417549
v 3.647863 4.205532 7.475790
v 3.580228 4.238708 7.529915
v 3.580228 4.082242 7.529915
v 3.647863 4.115419 7.509043
v 3.920264 4.238708 7.496662
v 3.852629 4.115419 7.475790
v 3.920264 4.082242 7.529915
v -3.905466 4.666222 12.340443
v -3.886721 4.654561 12.417549
v -3.905466 4.509756 12.396678
v -3.847805 4.543089 12.440003
v -3.715184 4.616942 12.414026
v -3.565429 4.666222 12.340443
v -3.565429 4.509756 12.396678
v -3.584175 4.521418 12.417549
v -3.837831 4.633045 7.475789
v -3.905466 4.666221 7.529915
v -3.905466 4.509755 7.529915
v -3.837831 4.542932 7.509043
v -3.565429 4.666221 7.496661
v -3.633065 4.542932 7.475790
v -3.565429 4.509755 7.529915
v 3.683193 5.814427 12.664258
v 3.685266 5.815523 7.604328
v 3.629918 5.755323 12.664258
v 3.631413 5.756790 7.604328
v 3.613450 5.677534 12.664258
v 3.638201 5.601904 12.664258
v 3.637939 5.603155 7.604328
v 3.697540 5.548697 12.664258
v 3.775567 5.532170 12.664258
v 3.774272 5.532249 7.604328
v 3.851374 5.556752 12.664258
v 3.850226 5.556246 7.604328
v 3.904649 5.615856 12.664258
v 3.904078 5.614978 7.604328
v 3.921117 5.693645 12.664258
v 3.896366 5.769275 12.664258
v 3.897552 5.768613 7.604328
v 3.837027 5.822482 12.664258
v 3.838921 5.822349 7.604328
v 3.759001 5.839009 12.664258
v 3.761219 5.839519 7.604328
v -3.810945 5.814427 12.664258
v -3.808873 5.815523 7.604328
v -3.864220 5.755323 12.664258
v -3.862725 5.756790 7.604328
v -3.880688 5.677534 12.664258
v -3.855937 5.601904 12.664258
v -3.796598 5.548697 12.664258
v -3.797568 5.549419 7.604328
v -3.718572 5.532170 12.664258
v -3.719866 5.532249 7.604328
v -3.642765 5.556752 12.664258
v -3.643913 5.556246 7.604328
v -3.589489 5.615856 12.664258
v -3.590060 5.614978 7.604328
v -3.573021 5.693645 12.664258
v -3.597772 5.769275 12.664258
v -3.596587 5.768613 7.604328
v -3.657111 5.822482 12.664258
v -3.655217 5.822349 7.604328
v -3.735138 5.839009 12.664258
v -3.732919 5.839519 7.604328
v -3.859490 2.829402 5.065987
v -3.990347 2.817741 5.101408
v -3.954925 2.672936 5.065987
v -4.028453 2.706269 5.174943
v -3.984367 2.780123 5.425546
v -3.859490 2.829402 5.708527
v -3.954925 2.672936 5.708527
v -3.990347 2.684598 5.673105
v 4.066087 2.796226 5.193791
v 3.974232 2.829402 5.065987
v 3.974232 2.672936 5.065987
v 4.009654 2.706113 5.193791
v 4.030666 2.829402 5.708527
v 4.066087 2.706113 5.580722
v 3.974232 2.672936 5.708527
v -4.240543 2.748502 6.699000
v -4.209229 2.775368 6.733476
v 4.289141 2.747237 6.698363
v 4.230836 2.771810 6.733476
v -4.237018 2.826443 6.672758
v -4.203789 2.838496 6.694825
v 4.266577 2.827918 6.680171
v 4.229895 2.834310 6.694825
v -4.221004 2.852351 6.513115
v -4.193398 2.858334 6.589227
v 4.249100 2.837917 6.512872
v 4.232216 2.857930 6.589227
v -4.180384 2.858138 6.444978
v 4.242134 2.857348 6.444978
v -4.210496 2.839206 6.313468
v -4.175541 2.857930 6.300729
v 4.291033 2.845851 6.309189
v 4.254635 2.857930 6.300729
v -4.222477 2.802943 6.190619
v -4.175964 2.834355 6.195131
v 4.346848 2.802666 6.191592
v 4.262347 2.834153 6.195131
v -4.176302 2.772054 6.156480
v 4.265251 2.772308 6.156480
v -4.242496 2.716256 6.216788
v -4.178412 2.705868 6.195131
v 4.299777 2.712735 6.209784
v 4.263590 2.705868 6.195131
v -4.255788 2.680645 6.376824
v -4.185977 2.671109 6.300729
v 4.298514 2.692677 6.488394
v 4.257142 2.671109 6.300729
v -4.200256 2.663028 6.444978
v 4.246372 2.663028 6.444978
v -4.245337 2.688708 6.576677
v -4.202763 2.671109 6.589227
v 4.234681 2.671109 6.589227
v -4.209594 2.705868 6.694824
v 4.230806 2.705868 6.694824
v -4.246107 2.781013 6.521356
v -3.755126 2.693009 4.434440
v -3.755126 2.800612 4.434440
v -3.692478 2.693009 3.784416
v -3.692478 2.800612 3.784416
v -3.752477 2.800612 4.109428
v -3.752477 2.693009 4.109428
v 3.760592 2.693009 4.301688
v 3.725551 2.693009 4.434440
v 3.725551 2.800612 4.434440
v 3.759958 2.800612 4.241168
v 3.746903 2.693009 3.784416
v 3.746903 2.800612 3.784416
v 3.980409 2.800611 3.521942
v 3.980409 2.693009 3.521942
v -3.967594 2.693009 3.378828
v -3.967594 2.800611 3.378828
v -3.911889 2.693009 3.754505
v -3.949378 2.693009 3.653897
v -3.949378 2.800611 3.653897
v -3.911889 2.800612 3.754505
v 3.994607 2.693009 3.754505
v 3.994607 2.800612 3.754505
v 3.988618 2.693009 3.378828
v 3.988618 2.800611 3.378828
v -4.242392 2.700240 3.350190
v -4.275400 2.770885 3.323637
v -4.224806 2.814346 3.350190
v -4.275400 2.806008 3.323637
v -4.292985 2.735534 3.140274
v -4.224806 2.700240 3.113719
v -4.224806 2.814346 3.113719
v -4.275400 2.806008 3.140274
v 4.288453 2.700240 3.350190
v 4.288453 2.814346 3.350190
v 4.288453 2.700240 3.113719
v 4.288453 2.814346 3.113719
v 4.344499 2.730419 3.285261
v -3.898561 2.680739 3.025636
v -3.895102 2.721695 3.081489
v -3.895102 2.771926 3.081489
v -3.971403 2.812882 2.847033
v -3.990347 2.721695 2.431464
v -3.990347 2.680739 2.487318
v -3.990346 2.812882 2.487318
v -3.990347 2.771926 2.431464
v 4.009654 2.721695 3.081489
v 3.994116 2.680739 3.025636
v 4.052740 2.812882 3.025636
v 4.009654 2.771926 3.081489
v 4.041435 2.680739 2.487318
v 4.041435 2.721695 2.431464
v 4.009654 2.771926 2.431464
v 4.041435 2.812882 2.487318
v -4.062857 2.709648 4.763047
v -4.060381 2.824914 4.713898
v -3.980282 2.703855 4.397548
v -3.981669 2.820543 4.443266
v 3.998012 2.676671 5.091773
v 4.000488 2.791938 5.042624
v 4.013008 2.671155 4.723517
v 4.011621 2.787843 4.769235
v -4.029449 2.722749 4.537697
v -3.985966 2.822124 4.548809
v 4.021003 2.673228 4.866246
v 4.058676 2.802063 4.876680
v -3.995544 2.677527 6.123710
v -4.046547 2.723984 5.927162
v -3.995544 2.677527 5.739212
v 3.998145 2.677527 6.123710
v 4.086151 2.739156 5.988464
v 3.998145 2.677527 5.739212
v -3.995544 2.826487 6.077842
v -3.995544 2.854877 5.865637
v -3.995544 2.826061 5.784949
v -4.047226 2.819722 5.930172
v 3.998145 2.826487 6.077842
v 4.087239 2.815709 5.872095
v 3.998145 2.826061 5.784949
v 3.998145 2.854877 5.865637
v 3.794708 2.766672 7.399035
v -3.745208 2.766614 7.403249
v 3.794811 2.698839 7.393525
v 3.760542 2.694542 7.425775
v -3.725431 2.697418 7.404899
v -3.692918 2.694542 7.425776
v 3.800901 2.677636 7.207692
v 3.764345 2.670432 7.315890
v -3.704052 2.678512 7.207341
v -3.692918 2.670432 7.315891
v 3.796086 2.677995 6.920638
v 3.765147 2.670432 6.901476
v -3.725431 2.675330 6.914092
v -3.692918 2.670432 6.901478
v 3.811285 2.720394 6.831813
v 3.768139 2.694542 6.770227
v -3.766587 2.720498 6.806649
v -3.692918 2.694542 6.770228
v 3.827799 2.785158 6.801564
v 3.769859 2.790666 6.771666
v -3.725431 2.789737 6.791262
v -3.692918 2.792613 6.770228
v 3.819566 2.813943 7.010586
v 3.767785 2.816853 6.901452
v -3.744095 2.810248 7.171940
v -3.692917 2.821169 6.900806
v 3.809640 2.813972 7.298378
v 3.765465 2.821169 7.317228
v -3.692917 2.818247 7.316433
v 3.760185 2.792614 7.425775
v -3.692918 2.791434 7.424036
v 3.822634 2.743578 7.207125
v -3.802731 5.604353 2.900769
v -3.791810 5.623693 2.776948
v -3.798414 2.785062 2.900475
v -3.795505 2.765495 2.850636
v -3.774176 5.604353 2.960402
v -3.771300 5.616640 2.950796
v -3.772228 2.784278 2.959746
v -3.766720 2.762383 2.946092
v -3.676105 5.604353 2.960402
v -3.702060 5.632192 2.943769
v -3.676104 2.784928 2.960403
v -3.701956 2.768624 2.932278
v -3.651994 5.604353 2.900463
v -3.656893 5.616640 2.894702
v -3.651994 2.786058 2.900464
v -3.659557 2.774367 2.891714
v -3.651994 5.604353 2.711209
v -3.660074 5.608562 2.760781
v -3.651994 2.786361 2.711210
v -3.659198 2.772547 2.760622
v -3.676105 5.604353 2.661027
v -3.678981 5.616640 2.670561
v -3.676104 2.787799 2.661027
v -3.680402 2.774849 2.675755
v -3.748177 5.624113 2.671314
v -3.748234 2.774888 2.673239
v -3.836439 2.792096 4.022273
v -3.807624 2.792096 4.059122
v -3.797271 2.760538 4.019324
v -3.808050 2.792096 3.925364
v -3.801284 5.641889 3.992801
v -3.807624 5.623582 4.059121
v -3.836439 5.623582 4.022273
v -3.808050 5.623582 3.925363
v -3.659089 2.792096 4.080009
v -3.720718 2.760923 3.966180
v -3.659089 2.792096 3.904416
v -3.659089 5.623582 4.080009
v -3.705547 5.641648 3.994175
v -3.659089 5.623582 3.904416
v -3.800516 2.769836 5.333288
v -3.671674 2.783133 5.341769
v -3.787666 5.621741 5.333287
v -3.688263 5.637147 5.341768
v -3.787666 2.788020 5.416097
v -3.671674 2.788020 5.453313
v -3.787666 2.788020 5.201596
v -3.671674 2.788020 5.164380
v -3.787666 5.621741 5.416097
v -3.671675 5.621741 5.453313
v -3.787666 5.645699 5.201596
v -3.671675 5.645699 5.164380
v -3.792541 2.772429 7.217287
v -3.751800 2.782394 7.243661
v -3.701548 2.771231 7.243452
v -3.660401 2.772636 7.218292
v -3.749569 2.798000 6.947227
v -3.790686 2.781354 6.971584
v -3.658587 2.802297 6.973681
v -3.699340 2.798078 6.947609
v -3.757367 5.612193 7.392591
v -3.798130 5.613470 7.366809
v -3.665991 5.613677 7.367814
v -3.707137 5.612272 7.392974
v -3.796882 5.615405 7.202413
v -3.755069 5.594109 7.094384
v -3.704840 5.594187 7.094767
v 3.813347 2.798378 3.550860
v 3.705745 2.798378 3.550860
v 3.705745 5.613681 3.485503
v 3.813348 5.613681 3.485503
v 3.705745 5.593949 3.657067
v 3.705745 5.607228 3.611121
v 3.813348 5.607228 3.611121
v 3.813348 5.593949 3.657067
v 3.705745 2.793349 3.657067
v 3.813347 2.793349 3.657067
v 3.705745 2.795471 3.485503
v 3.813347 2.795471 3.485503
v -3.664079 5.594134 7.120613
v -3.782174 2.795471 6.432011
v -3.674572 2.795471 6.432011
v -3.782174 2.793350 6.260447
v -3.674572 2.793350 6.260447
v -3.782174 5.593950 6.260447
v -3.782174 5.607229 6.306392
v -3.674572 5.607229 6.306392
v -3.674572 5.593950 6.260447
v -3.782174 5.613682 6.432011
v -3.674572 5.613682 6.432011
v -3.674572 2.798379 6.366654
v -3.782174 2.798379 6.366654
v 3.693475 5.589229 2.870833
v 3.734431 5.588003 2.896340
v 3.784662 5.588003 2.896340
v 3.825618 5.615030 2.789269
v 3.734431 5.621740 2.599487
v 3.693475 5.621740 2.624994
v 3.825618 5.621740 2.624994
v 3.784662 5.621740 2.599487
v 3.734431 2.788020 2.896341
v 3.693474 2.793523 2.870834
v 3.825618 2.772758 2.870834
v 3.784661 2.788020 2.896341
v 3.693474 2.776762 2.624995
v 3.734431 2.776762 2.599488
v 3.784661 2.788019 2.599488
v 3.825618 2.776762 2.624995
v 3.702848 5.645699 4.869220
v 3.818839 5.645699 4.832004
v 3.702848 5.621741 4.580287
v 3.818839 5.621741 4.617503
v 3.702847 2.788020 4.869221
v 3.818839 2.788020 4.832005
v 3.702847 2.788020 4.580287
v 3.818839 2.788020 4.617504
v 3.719436 5.637146 4.691832
v 3.818839 5.621741 4.700313
v 3.702847 2.783133 4.691832
v 3.831689 2.769836 4.700313
v 3.690262 5.623582 6.013098
v 3.736720 5.641648 5.923338
v 3.690262 5.623582 5.837505
v 3.690262 2.792097 6.013098
v 3.751891 2.760923 5.951334
v 3.690262 2.792097 5.837505
v 3.839223 5.623582 5.992150
v 3.867612 5.623582 5.895241
v 3.838797 5.623582 5.858392
v 3.832457 5.641889 5.924713
v 3.839223 2.792097 5.992151
v 3.828444 2.760538 5.898190
v 3.838797 2.792097 5.858393
v 3.867612 2.792097 5.895241
v 3.779407 2.774889 7.244275
v 3.779350 5.624114 7.246199
v 3.711575 2.774850 7.241759
v 3.707277 2.787799 7.256486
v 3.710153 5.616641 7.246953
v 3.707278 5.604354 7.256487
v 3.690371 2.772548 7.156893
v 3.683167 2.786362 7.206305
v 3.691247 5.608562 7.156732
v 3.683167 5.604354 7.206305
v 3.690730 2.774368 7.025801
v 3.683167 2.786059 7.017050
v 3.688065 5.616641 7.022811
v 3.683167 5.604354 7.017051
v 3.733129 2.768624 6.985236
v 3.707277 2.784928 6.957111
v 3.733233 5.632193 6.973744
v 3.707278 5.604354 6.957111
v 3.797893 2.762384 6.971422
v 3.803401 2.784278 6.957768
v 3.802473 5.616641 6.966717
v 3.805349 5.604354 6.957111
v 3.826678 2.765495 7.066879
v 3.829587 2.785062 7.017039
v 3.822983 5.623693 7.140565
v 3.833904 5.604354 7.016744
v 3.826707 2.769246 7.198308
v 3.833904 2.785939 7.206916
v 3.830982 5.604354 7.206553
v 3.805348 2.787934 7.256486
v 3.804169 5.604354 7.255692
v 3.756313 2.764336 7.156634
v -3.795534 2.769245 2.719207
v -3.802731 2.785939 2.710598
v -3.799809 5.604353 2.710961
v -3.774175 2.787934 2.661027
v -3.772996 5.604353 2.661821
v -3.725140 2.764335 2.760880
v 3.580228 4.666221 7.289000
v 3.598973 4.654560 7.366107
v 3.580228 4.509755 7.345236
v 3.637888 4.543088 7.388561
v 3.770509 4.616941 7.362584
v 3.920264 4.666221 7.289000
v 3.920264 4.509755 7.345236
v 3.901519 4.521417 7.366107
v 3.647863 4.633044 2.424347
v 3.580228 4.666221 2.478472
v 3.580228 4.509754 2.478472
v 3.647863 4.542931 2.457600
v 3.920264 4.666221 2.445219
v 3.852629 4.542931 2.424347
v 3.920264 4.509754 2.478472
v -3.916844 4.587289 7.289687
v -3.898475 4.572929 7.366429
v -3.916929 4.428933 7.340356
v -3.859531 4.460776 7.385127
v -3.726875 4.535647 7.362453
v -3.576812 4.587662 7.291423
v -3.576897 4.429306 7.342093
v -3.595763 4.440201 7.363267
v -3.824532 4.726182 2.427310
v -3.892483 4.757350 2.482228
v -3.892283 4.600982 2.476697
v -3.824585 4.634951 2.457356
v -3.552282 4.758899 2.450732
v -3.619653 4.636351 2.425170
v -3.552251 4.601356 2.478433
v 3.683193 5.814426 7.604328
v 3.685266 5.815522 2.444432
v 3.629918 5.755322 7.604328
v 3.631413 5.756789 2.444432
v 3.613450 5.677533 7.604328
v 3.637939 5.603155 2.444432
v 3.697540 5.548696 7.604328
v 3.696570 5.549418 2.444432
v 3.774272 5.532248 2.444432
v 3.850226 5.556245 2.444432
v 3.904078 5.614978 2.444432
v 3.921117 5.693644 7.604328
v 3.837027 5.822481 7.604328
v 3.838921 5.822348 2.444432
v 3.759001 5.839008 7.604328
v 3.761219 5.839518 2.444432
v -3.810945 5.814426 7.604328
v -3.808873 5.815522 2.444432
v -3.864220 5.755322 7.604328
v -3.862725 5.756789 2.444432
v -3.880688 5.677533 7.604328
v -3.855937 5.601903 7.604328
v -3.856199 5.603155 2.444432
v -3.719866 5.532248 2.444432
v -3.643913 5.556245 2.444432
v -3.590060 5.614978 2.444432
v -3.573021 5.693644 7.604328
v -3.596587 5.768612 2.444432
v -3.657111 5.822481 7.604328
v -3.655217 5.822348 2.444432
v -3.735138 5.839008 7.604328
v -3.732919 5.839518 2.444432
v -3.859490 2.829401 0.014544
v -3.990347 2.817740 0.049965
v -3.954925 2.672935 0.014544
v -4.028453 2.706268 0.123501
v -3.984367 2.780122 0.374104
v -3.859490 2.829402 0.657084
v -3.954925 2.672935 0.657084
v -3.990347 2.684597 0.621663
v 4.066087 2.796225 0.142349
v 3.974232 2.829401 0.014544
v 3.974232 2.672935 0.014544
v 4.009654 2.706112 0.142349
v 4.030666 2.829402 0.657084
v 4.066087 2.706112 0.529279
v 3.974232 2.672935 0.657084
v -3.978508 2.748501 1.647558
v -3.949228 2.775368 1.682033
v 3.996853 2.747236 1.646921
v 3.942337 2.771809 1.682033
v -3.975211 2.826442 1.621315
v -3.944143 2.838496 1.643381
v 3.975755 2.827917 1.628728
v 3.941457 2.834309 1.643381
v -3.960239 2.852351 1.461673
v -3.934427 2.858333 1.537784
v 3.959414 2.837917 1.461430
v 3.943627 2.857929 1.537784
v -3.922259 2.858137 1.393535
v 3.952900 2.857347 1.393535
v -3.950413 2.839205 1.262025
v -3.917730 2.857929 1.249286
v 3.998622 2.845850 1.257746
v 3.964589 2.857929 1.249286
v -3.961616 2.802942 1.139176
v -3.918126 2.834354 1.143689
v 4.050810 2.802665 1.140149
v 3.971800 2.834152 1.143689
v -3.918442 2.772053 1.105037
v 3.974515 2.772308 1.105037
v -3.980334 2.716255 1.165346
v -3.920415 2.705868 1.143689
v 4.006798 2.712735 1.158342
v 3.972963 2.705868 1.143689
v -3.992763 2.680645 1.325381
v -3.927488 2.671108 1.249286
v 4.005617 2.692676 1.436951
v 3.966933 2.671108 1.249286
v -3.940839 2.663027 1.393535
v 3.956863 2.663027 1.393535
v -3.982991 2.688707 1.525234
v -3.943183 2.671108 1.537784
v 3.945932 2.671108 1.537784
v -3.949570 2.705867 1.643382
v 3.942309 2.705867 1.643382
v -3.983710 2.781012 1.469913
v -4.271686 2.693008 -0.617003
v -4.271686 2.800611 -0.617003
v -4.200206 2.693008 -1.267027
v -4.200206 2.800611 -1.267027
v -4.268663 2.800611 -0.942015
v -4.268663 2.693008 -0.942015
v 4.303555 2.693008 -0.749755
v 4.263574 2.693008 -0.617003
v 4.263574 2.800611 -0.617003
v 4.302831 2.800611 -0.810274
v 4.287936 2.693008 -1.267027
v 4.287936 2.800611 -1.267027
v 3.980409 2.800611 -1.529501
v 3.980409 2.693008 -1.529500
v -3.967594 2.693008 -1.672615
v -3.967594 2.800611 -1.672615
v -3.911889 2.693008 -1.296937
v -3.949378 2.693008 -1.397545
v -3.949378 2.800611 -1.397545
v -3.911889 2.800611 -1.296938
v 3.994607 2.693008 -1.296937
v 3.994607 2.800611 -1.296938
v 3.988618 2.693008 -1.672615
v 3.988618 2.800611 -1.672615
v -3.980236 2.700239 -1.701252
v -4.011100 2.770884 -1.727806
v -3.963793 2.814346 -1.701253
v -4.011100 2.806007 -1.727806
v -4.027542 2.735533 -1.911170
v -3.963793 2.700239 -1.937723
v -3.963793 2.814346 -1.937723
v -4.011100 2.806007 -1.911170
v 3.996209 2.700239 -1.701252
v 3.996209 2.814346 -1.701253
v 3.996209 2.700239 -1.937723
v 3.996209 2.814346 -1.937723
v 4.048614 2.730418 -1.766182
v -3.898561 2.680738 -2.025807
v -3.895102 2.721694 -1.969954
v -3.895102 2.771925 -1.969954
v -3.971403 2.812881 -2.204410
v -3.990347 2.721694 -2.619978
v -3.990347 2.680738 -2.564125
v -3.990346 2.812881 -2.564125
v -3.990347 2.771925 -2.619978
v 4.009654 2.721694 -1.969954
v 3.994116 2.680738 -2.025807
v 4.052740 2.812881 -2.025807
v 4.009654 2.771925 -1.969954
v 4.041435 2.680738 -2.564125
v 4.041435 2.721694 -2.619978
v 4.009654 2.771925 -2.619978
v 4.041435 2.812881 -2.564125
v -4.057984 2.690111 0.000546
v -4.057984 2.806103 -0.080946
v -3.990347 2.690111 -0.632136
v -3.990347 2.806102 -0.550643
v 4.009654 2.690111 0.000546
v 4.009654 2.806103 -0.080946
v 4.009654 2.690111 -0.632136
v 4.009654 2.806102 -0.550643
v -4.033840 2.706700 -0.387885
v -3.990347 2.806102 -0.369314
v 4.023449 2.690111 -0.387885
v 4.060989 2.818953 -0.369314
v -3.967832 2.840007 1.387981
v -4.033605 2.892527 1.197439
v -3.998341 2.850708 1.004844
v 3.999845 2.743793 0.750849
v 4.077709 2.808099 0.610717
v 3.969336 2.754494 0.367712
v -3.969355 2.990176 1.346264
v -3.985789 3.024457 1.135572
v -3.992600 2.997901 1.054398
v -4.032682 2.988145 1.203056
v 3.998322 2.893962 0.709133
v 4.070648 2.887842 0.496725
v 3.975076 2.901687 0.417266
v 3.981888 2.928244 0.498439
v 4.046725 2.766671 2.347592
v -3.997046 2.766613 2.351806
v 4.046835 2.698839 2.342083
v 4.010277 2.694541 2.374332
v -3.975947 2.697417 2.353456
v -3.941261 2.694541 2.374333
v 4.053333 2.677635 2.156250
v 4.014334 2.670431 2.264447
v -3.953140 2.678511 2.155898
v -3.941261 2.670431 2.264448
v 4.048195 2.677994 1.869195
v 4.015190 2.670431 1.850034
v -3.975947 2.675329 1.862648
v -3.941261 2.670431 1.850035
v 4.064410 2.720393 1.780370
v 4.018382 2.694541 1.718785
v -4.019853 2.720497 1.755207
v -3.941261 2.694541 1.718786
v 4.082027 2.785157 1.750122
v 4.020216 2.790665 1.720223
v -3.975947 2.789737 1.739819
v -3.941261 2.792612 1.718786
v 4.073245 2.813942 1.959143
v 4.018004 2.816852 1.850009
v -3.995859 2.810247 2.120498
v -3.941260 2.821168 1.849364
v 4.062655 2.813971 2.246935
v 4.015528 2.821168 2.265786
v -3.941260 2.818246 2.264991
v 4.009896 2.792613 2.374332
v -3.941261 2.791433 2.372593
v 4.076518 2.743577 2.155683
v -3.802731 5.604352 -2.150673
v -3.791810 5.623692 -2.274494
v -3.798414 2.785061 -2.150967
v -3.795505 2.765494 -2.200807
v -3.774176 5.604353 -2.091041
v -3.771300 5.616639 -2.100646
v -3.772228 2.784277 -2.091697
v -3.766720 2.762383 -2.105350
v -3.676105 5.604353 -2.091041
v -3.702060 5.632191 -2.107674
v -3.676104 2.784927 -2.091039
v -3.701956 2.768623 -2.119165
v -3.651994 5.604353 -2.150980
v -3.656893 5.616639 -2.156740
v -3.651994 2.786058 -2.150979
v -3.659557 2.774366 -2.159729
v -3.651994 5.604352 -2.340234
v -3.660074 5.608561 -2.290661
v -3.651994 2.786361 -2.340232
v -3.659198 2.772547 -2.290821
v -3.676105 5.604352 -2.390416
v -3.678981 5.616639 -2.380882
v -3.676104 2.787798 -2.390415
v -3.680402 2.774848 -2.375687
v -3.748177 5.624112 -2.380129
v -3.748234 2.774887 -2.378204
v -3.836439 2.792095 -1.029170
v -3.807624 2.792095 -0.992322
v -3.797271 2.760537 -1.032118
v -3.808050 2.792095 -1.126079
v -3.801284 5.641888 -1.058641
v -3.807624 5.623581 -0.992322
v -3.836439 5.623581 -1.029170
v -3.808050 5.623581 -1.126080
v -3.659089 2.792095 -0.971434
v -3.720718 2.760922 -1.085262
v -3.659089 2.792095 -1.147027
v -3.659089 5.623581 -0.971435
v -3.705547 5.641647 -1.057267
v -3.659089 5.623581 -1.147027
v -3.804671 2.783573 0.464370
v -3.675654 2.797139 0.468801
v -3.783019 5.612619 0.104433
v -3.683430 5.628436 0.109124
v -3.790242 2.811981 0.543980
v -3.673586 2.816047 0.578821
v -3.794190 2.784943 0.331228
v -3.678905 2.779627 0.292242
v -3.781494 5.623057 0.186566
v -3.664839 5.627125 0.221407
v -3.785369 5.619786 -0.029208
v -3.670083 5.614470 -0.068193
v -3.794445 2.776762 2.241077
v -3.753488 2.788019 2.266584
v -3.703258 2.776762 2.266584
v -3.662301 2.776762 2.241077
v -3.753488 2.788019 1.969731
v -3.794445 2.772758 1.995238
v -3.662301 2.793523 1.995238
v -3.703258 2.788019 1.969731
v -3.753489 5.621740 2.266583
v -3.794445 5.621740 2.241076
v -3.662302 5.621740 2.241076
v -3.703258 5.621740 2.266583
v -3.794445 5.615030 2.076801
v -3.753489 5.588003 1.969730
v -3.703258 5.588003 1.969730
v 3.813347 2.798378 -1.500582
v 3.705745 2.798378 -1.500582
v 3.705745 5.613681 -1.565940
v 3.813348 5.613680 -1.565940
v 3.705745 5.593949 -1.394376
v 3.705745 5.607228 -1.440321
v 3.813348 5.607228 -1.440321
v 3.813348 5.593949 -1.394376
v 3.705745 2.793348 -1.394375
v 3.813347 2.793348 -1.394375
v 3.705745 2.795470 -1.565940
v 3.813347 2.795470 -1.565940
v -3.662302 5.589229 1.995237
v -3.782174 2.795470 1.380568
v -3.674572 2.795470 1.380568
v -3.782174 2.793349 1.209004
v -3.674572 2.793349 1.209004
v -3.782174 5.593949 1.209003
v -3.782174 5.607228 1.254950
v -3.674572 5.607228 1.254950
v -3.674572 5.593949 1.209003
v -3.782174 5.613681 1.380568
v -3.674572 5.613681 1.380568
v -3.674572 2.798378 1.315211
v -3.782174 2.798378 1.315211
v 3.693475 5.589228 -2.180609
v 3.734431 5.588003 -2.155102
v 3.784662 5.588003 -2.155102
v 3.825618 5.615029 -2.262173
v 3.734431 5.621739 -2.451956
v 3.693475 5.621739 -2.426448
v 3.825618 5.621739 -2.426448
v 3.784662 5.621739 -2.451956
v 3.734431 2.788019 -2.155101
v 3.693474 2.793522 -2.180608
v 3.825618 2.772757 -2.180608
v 3.784661 2.788019 -2.155101
v 3.693474 2.776761 -2.426447
v 3.734431 2.776761 -2.451955
v 3.784661 2.788019 -2.451955
v 3.825618 2.776761 -2.426447
v 3.702848 5.645698 -0.182222
v 3.818839 5.645698 -0.219439
v 3.702848 5.621740 -0.471155
v 3.818839 5.621740 -0.433939
v 3.702847 2.788019 -0.182222
v 3.818839 2.788019 -0.219438
v 3.702847 2.788019 -0.471155
v 3.818839 2.788019 -0.433939
v 3.719436 5.637146 -0.359612
v 3.818839 5.621740 -0.351130
v 3.702847 2.783132 -0.359611
v 3.831689 2.769835 -0.351130
v 3.690262 5.623581 0.961655
v 3.736720 5.641647 0.871896
v 3.690262 5.623581 0.786062
v 3.690262 2.792096 0.961655
v 3.751891 2.760922 0.899891
v 3.690262 2.792096 0.786063
v 3.839223 5.623581 0.940708
v 3.867612 5.623581 0.843798
v 3.838797 5.623581 0.806950
v 3.832457 5.641888 0.873270
v 3.839223 2.792096 0.940709
v 3.828444 2.760537 0.846748
v 3.838797 2.792096 0.806950
v 3.867612 2.792096 0.843798
v 3.779407 2.774888 2.192832
v 3.779350 5.624113 2.194757
v 3.711575 2.774849 2.190317
v 3.707277 2.787799 2.205044
v 3.710153 5.616640 2.195510
v 3.707278 5.604353 2.205044
v 3.690371 2.772547 2.105450
v 3.683167 2.786361 2.154862
v 3.691247 5.608561 2.105289
v 3.683167 5.604353 2.154862
v 3.690730 2.774367 1.974358
v 3.683167 2.786058 1.965607
v 3.688065 5.616640 1.971369
v 3.683167 5.604353 1.965608
v 3.733129 2.768624 1.933794
v 3.707277 2.784928 1.905669
v 3.733233 5.632192 1.922301
v 3.707278 5.604353 1.905668
v 3.797893 2.762383 1.919980
v 3.803401 2.784278 1.906326
v 3.802473 5.616640 1.915275
v 3.805349 5.604353 1.905668
v 3.826678 2.765495 2.015436
v 3.829587 2.785062 1.965597
v 3.822983 5.623693 2.089123
v 3.833904 5.604353 1.965302
v 3.826707 2.769245 2.146864
v 3.833904 2.785939 2.155473
v 3.830982 5.604353 2.155109
v 3.805348 2.787934 2.205044
v 3.804169 5.604353 2.204249
v 3.756313 2.764335 2.105191
v -3.795534 2.769245 -2.332236
v -3.802731 2.785938 -2.340845
v -3.799809 5.604352 -2.340482
v -3.774175 2.787933 -2.390415
v -3.772996 5.604352 -2.389622
v -3.725140 2.764334 -2.290562
v 3.580228 4.516378 2.238055
v 3.598973 4.499560 2.314203
v 3.580228 4.356486 2.283645
v 3.637888 4.386831 2.329113
v 3.770509 4.462264 2.308158
v 3.920264 4.516378 2.238055
v 3.920264 4.356486 2.283645
v 3.901519 4.366718 2.305253
v 3.647863 4.810270 -2.617827
v 3.580228 4.839734 -2.561594
v 3.580228 4.683621 -2.572111
v 3.647863 4.718126 -2.590706
v 3.920264 4.841969 -2.594772
v 3.852629 4.720361 -2.623884
v 3.920264 4.683621 -2.572111
v -3.905466 4.666221 2.237558
v -3.886721 4.654559 2.314665
v -3.905466 4.509754 2.293793
v -3.847805 4.543087 2.337118
v -3.715184 4.616940 2.311141
v -3.565429 4.666221 2.237558
v -3.565429 4.509754 2.293793
v -3.584175 4.521416 2.314665
v -3.837831 4.633043 -2.627096
v -3.905466 4.666220 -2.572970
v -3.905466 4.509754 -2.572970
v -3.837831 4.542930 -2.593842
v -3.565429 4.666220 -2.606224
v -3.633065 4.542930 -2.627096
v -3.565429 4.509754 -2.572970
v 3.683193 5.814425 2.444432
v 3.685266 5.815521 -2.715466
v 3.629918 5.755322 2.444432
v 3.631413 5.756788 -2.715466
v 3.613450 5.677533 2.444432
v 3.774272 5.532248 -2.715466
v 3.850226 5.556244 -2.715466
v 3.904078 5.614977 -2.715466
v 3.921117 5.693643 2.444432
v 3.896366 5.769274 2.444432
v 3.837027 5.822481 2.444432
v 3.838921 5.822347 -2.715466
v 3.759001 5.839007 2.444432
v 3.761219 5.839517 -2.715466
v -3.810945 5.814425 2.444432
v -3.808873 5.815521 -2.715466
v -3.864220 5.755322 2.444432
v -3.862725 5.756788 -2.715466
v -3.880688 5.677533 2.444432
v -3.880048 5.679056 -2.715466
v -3.796598 5.548695 2.444432
v -3.797568 5.549417 -2.715466
v -3.590060 5.614977 -2.715466
v -3.573021 5.693643 2.444432
v -3.657111 5.822481 2.444432
v -3.655217 5.822347 -2.715466
v -3.735138 5.839007 2.444432
v -3.732919 5.839517 -2.715466
v -3.859490 2.829401 -5.036898
v -3.990347 2.817739 -5.001477
v -3.954925 2.672935 -5.036898
v -4.028453 2.706267 -4.927941
v -3.984367 2.780121 -4.677338
v -3.859490 2.829401 -4.394358
v -3.954925 2.672935 -4.394358
v -3.990347 2.684596 -4.429780
v 4.066087 2.796224 -4.909093
v 3.974232 2.829401 -5.036898
v 3.974232 2.672935 -5.036898
v 4.009654 2.706111 -4.909093
v 4.030666 2.829401 -4.394358
v 4.066087 2.706111 -4.522163
v 3.974232 2.672935 -4.394358
v -3.727831 2.748501 -3.403884
v -3.700386 2.775367 -3.369409
v 3.747960 2.747235 -3.404521
v 3.696858 2.771808 -3.369409
v -3.724741 2.826442 -3.430127
v -3.695619 2.838495 -3.408061
v 3.728183 2.827916 -3.422714
v 3.696033 2.834308 -3.408061
v -3.710707 2.852350 -3.589769
v -3.686512 2.858332 -3.513658
v 3.712866 2.837916 -3.590012
v 3.698068 2.857929 -3.513658
v -3.675106 2.858136 -3.657907
v 3.706760 2.857347 -3.657907
v -3.701497 2.839204 -3.789417
v -3.670861 2.857929 -3.802156
v 3.749617 2.845849 -3.793696
v 3.717716 2.857929 -3.802156
v -3.711998 2.802941 -3.912266
v -3.671232 2.834354 -3.907753
v 3.798537 2.802665 -3.911293
v 3.724475 2.834151 -3.907753
v -3.671528 2.772052 -3.946405
v 3.727021 2.772307 -3.946405
v -3.729543 2.716254 -3.886096
v -3.673378 2.705867 -3.907753
v 3.757281 2.712734 -3.893100
v 3.725566 2.705867 -3.907753
v -3.741193 2.680644 -3.726061
v -3.680008 2.671107 -3.802156
v 3.756175 2.692675 -3.614491
v 3.719914 2.671107 -3.802156
v -3.692522 2.663026 -3.657907
v 3.710475 2.663026 -3.657907
v -3.732033 2.688706 -3.526208
v -3.694719 2.671107 -3.513658
v 3.700228 2.671107 -3.513658
v -3.700706 2.705867 -3.408061
v 3.696832 2.705867 -3.408061
v -3.732708 2.781012 -3.581529
v -4.007627 2.693008 -5.668445
v -4.007627 2.800610 -5.668445
v -3.940792 2.693007 -6.318470
v -3.940792 2.800610 -6.318470
v -4.004800 2.800610 -5.993457
v -4.004800 2.693008 -5.993457
v 4.010330 2.693008 -5.801198
v 3.972947 2.693008 -5.668445
v 3.972947 2.800610 -5.668445
v 4.009654 2.800610 -5.861716
v 3.995726 2.693007 -6.318470
v 3.995726 2.800610 -6.318470
v 4.271554 2.800610 -6.580944
v 4.271554 2.693007 -6.580944
v -4.228871 2.693007 -6.724058
v -4.228871 2.800610 -6.724058
v -4.169294 2.693007 -6.348381
v -4.209388 2.693007 -6.448987
v -4.209388 2.800610 -6.448987
v -4.169294 2.800610 -6.348381
v 4.286739 2.693007 -6.348381
v 4.286739 2.800610 -6.348381
v 4.280334 2.693007 -6.724058
v 4.280334 2.800610 -6.724058
v -3.980236 2.700238 -6.752695
v -4.011100 2.770883 -6.779249
v -3.963793 2.814345 -6.752695
v -4.011100 2.806006 -6.779249
v -4.027542 2.735533 -6.962612
v -3.963793 2.700238 -6.989166
v -3.963793 2.814345 -6.989166
v -4.011100 2.806006 -6.962612
v 3.996209 2.700238 -6.752695
v 3.996209 2.814345 -6.752695
v 3.996209 2.700238 -6.989166
v 3.996209 2.814345 -6.989166
v 4.048614 2.730417 -6.817625
v -3.898561 2.680737 -7.077249
v -3.895102 2.721693 -7.021396
v -3.895102 2.771924 -7.021396
v -3.971403 2.812880 -7.255851
v -3.990347 2.721693 -7.671421
v -3.990347 2.680737 -7.615568
v -3.990346 2.812880 -7.615568
v -3.990347 2.771924 -7.671421
v 4.009654 2.721693 -7.021396
v 3.994116 2.680737 -7.077249
v 4.052740 2.812880 -7.077249
v 4.009654 2.771924 -7.021396
v 4.041435 2.680737 -7.615568
v 4.041435 2.721693 -7.671421
v 4.009654 2.771924 -7.671421
v 4.041435 2.812880 -7.615568
v -4.151690 2.690110 -5.050896
v -4.151690 2.806102 -5.132389
v -4.082491 2.690110 -5.683578
v -4.082491 2.806102 -5.602085
v 4.102236 2.690110 -5.050896
v 4.102236 2.806102 -5.132389
v 4.102236 2.690110 -5.683578
v 4.102236 2.806102 -5.602085
v -4.126988 2.706699 -5.439327
v -4.082491 2.806102 -5.420756
v 4.116350 2.690110 -5.439327
v 4.154757 2.818952 -5.420756
v -3.995544 2.677525 -3.979174
v -4.046547 2.723982 -4.175723
v -3.995544 2.677525 -4.363673
v 3.998145 2.677525 -3.979174
v 4.086151 2.739154 -4.114421
v 3.998145 2.677525 -4.363673
v -3.995544 2.826486 -4.025043
v -3.995544 2.854875 -4.237248
v -3.995544 2.826060 -4.317935
v -4.047226 2.819720 -4.172713
v 3.998145 2.826486 -4.025043
v 4.087239 2.815707 -4.230790
v 3.998145 2.826060 -4.317935
v 3.998145 2.854875 -4.237248
v 4.046725 2.766670 -2.703850
v -3.997046 2.766613 -2.699636
v 4.046835 2.698838 -2.709360
v 4.010277 2.694541 -2.677110
v -3.975947 2.697417 -2.697986
v -3.941261 2.694541 -2.677109
v 4.053333 2.677634 -2.895193
v 4.014334 2.670430 -2.786994
v -3.953140 2.678510 -2.895544
v -3.941261 2.670430 -2.786994
v 4.048195 2.677993 -3.182247
v 4.015190 2.670430 -3.201408
v -3.975947 2.675328 -3.188794
v -3.941261 2.670430 -3.201407
v 4.064410 2.720392 -3.271072
v 4.018382 2.694541 -3.332657
v -4.019853 2.720496 -3.296236
v -3.941261 2.694541 -3.332656
v 4.082027 2.785157 -3.301321
v 4.020216 2.790665 -3.331219
v -3.975947 2.789736 -3.311623
v -3.941261 2.792612 -3.332656
v 4.073245 2.813942 -3.092298
v 4.018004 2.816851 -3.201433
v -3.995859 2.810246 -2.930944
v -3.941260 2.821167 -3.202078
v 4.062655 2.813970 -2.804507
v 4.015528 2.821167 -2.785656
v -3.941260 2.818245 -2.786451
v 4.009896 2.792612 -2.677110
v -3.941261 2.791432 -2.678850
v 4.076518 2.743576 -2.895759
v -3.802731 5.604352 -7.202116
v -3.791810 5.623691 -7.325937
v -3.798414 2.785060 -7.202409
v -3.795505 2.765493 -7.252248
v -3.774176 5.604352 -7.142483
v -3.771300 5.616638 -7.152088
v -3.772228 2.784276 -7.143138
v -3.766720 2.762382 -7.156793
v -3.676105 5.604352 -7.142483
v -3.702060 5.632190 -7.159115
v -3.676104 2.784926 -7.142482
v -3.701956 2.768622 -7.170606
v -3.651994 5.604352 -7.202421
v -3.656893 5.616638 -7.208181
v -3.651994 2.786057 -7.202421
v -3.659557 2.774366 -7.211172
v -3.651994 5.604352 -7.391676
v -3.660074 5.608560 -7.342104
v -3.651994 2.786360 -7.391675
v -3.659198 2.772546 -7.342264
v -3.676105 5.604352 -7.441858
v -3.678981 5.616638 -7.432323
v -3.676104 2.787797 -7.441858
v -3.680402 2.774848 -7.427129
v -3.748177 5.624112 -7.431570
v -3.748234 2.774886 -7.429645
v -3.836439 2.792094 -6.080612
v -3.807624 2.792094 -6.043764
v -3.797271 2.760536 -6.083560
v -3.808050 2.792094 -6.177522
v -3.801284 5.641887 -6.110085
v -3.807624 5.623580 -6.043764
v -3.836439 5.623580 -6.080612
v -3.808050 5.623580 -6.177523
v -3.659089 2.792094 -6.022876
v -3.720718 2.760921 -6.136705
v -3.659089 2.792094 -6.198469
v -3.659089 5.623580 -6.022877
v -3.705547 5.641646 -6.108709
v -3.659089 5.623580 -6.198469
v -3.800516 2.769834 -4.769597
v -3.671674 2.783132 -4.761116
v -3.787666 5.621739 -4.769597
v -3.688263 5.637145 -4.761116
v -3.787666 2.788018 -4.686788
v -3.671674 2.788018 -4.649572
v -3.787666 2.788018 -4.901289
v -3.671674 2.788018 -4.938505
v -3.787666 5.621739 -4.686789
v -3.671675 5.621739 -4.649572
v -3.787666 5.645698 -4.901289
v -3.671675 5.645698 -4.938505
v -3.812061 2.784875 -3.113122
v -3.767882 2.790518 -3.091415
v -3.718358 2.779800 -3.100486
v -3.681075 2.785580 -3.130563
v -3.806465 2.855245 -3.378544
v -3.844108 2.834571 -3.351776
v -3.712632 2.855541 -3.364716
v -3.756675 2.855513 -3.385174
v -3.700953 5.556016 -2.476990
v -3.744865 5.561358 -2.496255
v -3.613880 5.562064 -2.513698
v -3.651162 5.556284 -2.483620
v -3.766376 5.590629 -2.656605
v -3.740333 5.587818 -2.771435
v -3.690542 5.588086 -2.778065
v -3.646601 5.583939 -2.758533
v -3.782174 2.795470 -3.670873
v -3.674572 2.795470 -3.670873
v -3.782174 2.793348 -3.842438
v -3.674572 2.793348 -3.842438
v -3.782174 5.593948 -3.842439
v -3.782174 5.607227 -3.796494
v -3.674572 5.607227 -3.796494
v -3.674572 5.593948 -3.842439
v -3.782174 5.613680 -3.670874
v -3.674572 5.613680 -3.670874
v -3.674572 2.798377 -3.736230
v -3.782174 2.798377 -3.736230
v 3.693475 5.589227 -7.232052
v 3.734431 5.588002 -7.206545
v 3.784662 5.588002 -7.206545
v 3.825618 5.615028 -7.313616
v 3.734431 5.621739 -7.503397
v 3.693475 5.621739 -7.477890
v 3.825618 5.621738 -7.477890
v 3.784662 5.621739 -7.503397
v 3.734431 2.788018 -7.206544
v 3.693474 2.793521 -7.232051
v 3.825618 2.772756 -7.232051
v 3.784661 2.788018 -7.206544
v 3.693474 2.776760 -7.477890
v 3.734431 2.776760 -7.503397
v 3.784661 2.788018 -7.503397
v 3.825618 2.776760 -7.477890
v 3.702848 5.645697 -5.233665
v 3.818839 5.645697 -5.270881
v 3.702848 5.621739 -5.522597
v 3.818839 5.621739 -5.485381
v 3.702847 2.788018 -5.233664
v 3.818839 2.788018 -5.270880
v 3.702847 2.788018 -5.522597
v 3.818839 2.788018 -5.485381
v 3.719436 5.637145 -5.411054
v 3.818839 5.621739 -5.402573
v 3.702847 2.783132 -5.411053
v 3.831689 2.769834 -5.402572
v 3.690262 5.623580 -4.089787
v 3.736720 5.641646 -4.179546
v 3.690262 5.623580 -4.265380
v 3.690262 2.792095 -4.089787
v 3.751891 2.760922 -4.151551
v 3.690262 2.792095 -4.265379
v 3.839223 5.623580 -4.110735
v 3.867612 5.623580 -4.207644
v 3.838797 5.623580 -4.244493
v 3.832457 5.641887 -4.178172
v 3.839223 2.792095 -4.110734
v 3.828444 2.760536 -4.204694
v 3.838797 2.792095 -4.244492
v 3.867612 2.792095 -4.207644
v 3.779407 2.774887 -2.858610
v 3.779350 5.624112 -2.856686
v 3.711575 2.774848 -2.861125
v 3.707277 2.787798 -2.846398
v 3.710153 5.616639 -2.855932
v 3.707278 5.604352 -2.846398
v 3.690371 2.772547 -2.945992
v 3.683167 2.786361 -2.896580
v 3.691247 5.608561 -2.946153
v 3.683167 5.604352 -2.896580
v 3.690730 2.774366 -3.077084
v 3.683167 2.786057 -3.085834
v 3.688065 5.616639 -3.080074
v 3.683167 5.604352 -3.085835
v 3.733129 2.768623 -3.117649
v 3.707277 2.784927 -3.145773
v 3.733233 5.632191 -3.129141
v 3.707278 5.604352 -3.145773
v 3.797893 2.762383 -3.131463
v 3.803401 2.784277 -3.145116
v 3.802473 5.616639 -3.136168
v 3.805349 5.604352 -3.145773
v 3.826678 2.765494 -3.036006
v 3.829587 2.785061 -3.085845
v 3.822983 5.623692 -2.962319
v 3.833904 5.604352 -3.086141
v 3.826707 2.769245 -2.904578
v 3.833904 2.785938 -2.895969
v 3.830982 5.604352 -2.896333
v 3.805348 2.787933 -2.846398
v 3.804169 5.604352 -2.847193
v 3.756313 2.764334 -2.946250
v -3.795534 2.769244 -7.383678
v -3.802731 2.785937 -7.392286
v -3.799809 5.604352 -7.391924
v -3.774175 2.787932 -7.441858
v -3.772996 5.604352 -7.441063
v -3.725140 2.764334 -7.342004
v 3.559500 4.525567 -2.818017
v 3.577679 4.515997 -2.740489
v 3.560660 4.370531 -2.757963
v 3.617574 4.405536 -2.714970
v 3.749630 4.480165 -2.741602
v 3.899504 4.529252 -2.815072
v 3.900664 4.374216 -2.755017
v 3.881610 4.386180 -2.734602
v 3.670894 4.374266 -7.679624
v 3.602430 4.408020 -7.626916
v 3.604091 4.251610 -7.623079
v 3.671554 4.284997 -7.644172
v 3.942731 4.410892 -7.657215
v 3.876597 4.286404 -7.675640
v 3.944095 4.255295 -7.620134
v -3.905466 4.351866 -2.813884
v -3.886721 4.340205 -2.736778
v -3.905466 4.195400 -2.757649
v -3.847805 4.228733 -2.714324
v -3.715184 4.302587 -2.740301
v -3.565429 4.351866 -2.813884
v -3.565429 4.195400 -2.757649
v -3.584175 4.207062 -2.736778
v -3.837831 4.318689 -7.678537
v -3.905466 4.351866 -7.624412
v -3.905466 4.195400 -7.624412
v -3.837831 4.228576 -7.645284
v -3.565429 4.351866 -7.657667
v -3.633065 4.228576 -7.678537
v -3.565429 4.195400 -7.624412
v 3.683193 5.814425 -2.715466
v 3.685266 5.815520 -7.875364
v 3.629918 5.755321 -2.715466
v 3.631413 5.756787 -7.875364
v 3.613450 5.677532 -2.715466
v 3.638201 5.601901 -2.715466
v 3.637939 5.603153 -7.875364
v 3.697540 5.548694 -2.715466
v 3.696570 5.549417 -7.875364
v 3.774272 5.532247 -7.875364
v 3.850226 5.556243 -7.875364
v 3.904078 5.614976 -7.875364
v 3.921117 5.693642 -2.715466
v 3.896366 5.769273 -2.715466
v 3.837027 5.822480 -2.715466
v 3.838921 5.822347 -7.875364
v 3.759001 5.839006 -2.715466
v 3.761219 5.839517 -7.875364
v -3.810945 5.814425 -2.715466
v -3.808873 5.815520 -7.875364
v -3.864220 5.755321 -2.715466
v -3.862725 5.756787 -7.875364
v -3.855937 5.601901 -2.715466
v -3.856199 5.603153 -7.875364
v -3.797568 5.549417 -7.875364
v -3.718572 5.532167 -2.715466
v -3.642765 5.556749 -2.715466
v -3.643913 5.556243 -7.875364
v -3.590060 5.614976 -7.875364
v -3.573021 5.693642 -2.715466
v -3.597772 5.769273 -2.715466
v -3.596587 5.768611 -7.875364
v -3.657111 5.822480 -2.715466
v -3.655217 5.822347 -7.875364
v -3.735138 5.839006 -2.715466
v -3.732919 5.839517 -7.875364
v -3.859490 2.829400 -10.088341
v -3.990347 2.817739 -10.052919
v -3.954925 2.672934 -10.088341
v -4.028453 2.706266 -9.979385
v -3.984367 2.780120 -9.728783
v -3.859490 2.829400 -9.445803
v -3.954925 2.672934 -9.445803
v -3.990347 2.684595 -9.481224
v 4.066087 2.796223 -9.960537
v 3.974232 2.829400 -10.088341
v 3.974232 2.672934 -10.088341
v 4.009654 2.706110 -9.960537
v 4.030666 2.829400 -9.445803
v 4.066087 2.706110 -9.573606
v 3.974232 2.672934 -9.445803
v -3.968287 2.846790 -8.332203
v -3.937902 2.873656 -8.298698
v 4.002837 2.845525 -8.592113
v 3.949491 2.870097 -8.555248
v -3.965846 2.924731 -8.358540
v -3.934076 2.936784 -8.337494
v 3.981159 2.926205 -8.609610
v 3.947355 2.932597 -8.593849
v -3.956071 2.950639 -8.518583
v -3.927798 2.956621 -8.443352
v 3.959388 2.936205 -8.776289
v 3.946091 2.956218 -8.699463
v -3.920326 2.956426 -8.587921
v 3.950670 2.955636 -8.843937
v -3.952741 2.937493 -8.718445
v -3.920489 2.956218 -8.732241
v 3.991953 2.944139 -8.981140
v 3.957663 2.956218 -8.988489
v -3.967932 2.901231 -8.840866
v -3.924317 2.932643 -8.837770
v 4.040291 2.900954 -9.100370
v 3.961437 2.932441 -9.094267
v -3.925889 2.870342 -8.876390
v 3.962895 2.870596 -9.132984
v -3.985789 2.814544 -8.814102
v -3.926606 2.804156 -8.837696
v 3.996893 2.811023 -9.080757
v 3.962600 2.804156 -9.094303
v -3.993008 2.778933 -8.653746
v -3.930242 2.769397 -8.731924
v 4.004770 2.790964 -8.802258
v 3.960006 2.769397 -8.988565
v -3.938896 2.761315 -8.587317
v 3.954631 2.761315 -8.844065
v -3.976744 2.786995 -8.454317
v -3.936549 2.769397 -8.443068
v 3.948395 2.769397 -8.699537
v -3.939501 2.804156 -8.337317
v 3.948207 2.804156 -8.593876
v -3.979262 2.879301 -8.509586
v -4.270910 2.840162 -10.719889
v -4.266690 2.947692 -10.719889
v -4.199478 2.837711 -11.369913
v -4.195258 2.945241 -11.369913
v -4.263669 2.947588 -11.044901
v -4.267889 2.840058 -11.044901
v 4.298562 2.546136 -10.852640
v 4.258608 2.547507 -10.719889
v 4.262828 2.655037 -10.719889
v 4.302060 2.653691 -10.913160
v 4.282954 2.546672 -11.369913
v 4.287174 2.654202 -11.369913
v 3.974341 2.697643 -11.526356
v 3.972724 2.590053 -11.526709
v -3.943796 2.711347 -12.237507
v -3.942179 2.818937 -12.237154
v -3.915105 2.709674 -11.858810
v -3.945299 2.710466 -11.961840
v -3.943682 2.818055 -11.961487
v -3.913488 2.817264 -11.858458
v 3.970253 2.589326 -11.293728
v 3.971870 2.696916 -11.293375
v 3.991145 2.590242 -11.668871
v 3.992762 2.697832 -11.668518
v -3.898561 2.680736 -12.128693
v -3.895102 2.721693 -12.072840
v -3.895102 2.771923 -12.072840
v -3.971403 2.812880 -12.307295
v -3.990347 2.721692 -12.722864
v -3.990347 2.680736 -12.667011
v -3.990346 2.812879 -12.667011
v -3.990347 2.771923 -12.722864
v 4.009654 2.721693 -12.072840
v 3.994116 2.680736 -12.128693
v 4.052740 2.812880 -12.128693
v 4.009654 2.771923 -12.072840
v 4.041435 2.680736 -12.667011
v 4.041435 2.721692 -12.722864
v 4.009654 2.771923 -12.722864
v 4.041435 2.812879 -12.667011
v -4.057984 2.690110 -10.102341
v -4.057984 2.806101 -10.183832
v -3.990347 2.690109 -10.735022
v -3.990347 2.806101 -10.653528
v 4.009654 2.690110 -10.102341
v 4.009654 2.806101 -10.183832
v 4.009654 2.690109 -10.735022
v 4.009654 2.806101 -10.653528
v -4.033840 2.706698 -10.490770
v -3.990347 2.806101 -10.472200
v 4.023449 2.690109 -10.490770
v 4.060989 2.818951 -10.472200
v -3.995544 2.677524 -9.030619
v -4.046547 2.723982 -9.227165
v -3.995544 2.677524 -9.415117
v 3.998145 2.677524 -9.030619
v 4.086151 2.739153 -9.165865
v 3.998145 2.677524 -9.415117
v -3.995544 2.826485 -9.076487
v -3.995544 2.854874 -9.288691
v -3.995544 2.826059 -9.369379
v -4.047226 2.819719 -9.224157
v 3.998145 2.826485 -9.076487
v 4.087239 2.815706 -9.282234
v 3.998145 2.826059 -9.369379
v 3.998145 2.854874 -9.288691
v 3.794708 2.766670 -7.755292
v -3.745208 2.766612 -7.751079
v 3.794811 2.698837 -7.760803
v 3.760542 2.694540 -7.728553
v -3.725431 2.697416 -7.749429
v -3.692918 2.694540 -7.728551
v 3.800901 2.677633 -7.946636
v 3.764345 2.670429 -7.838438
v -3.704052 2.678509 -7.946987
v -3.692918 2.670429 -7.838438
v 3.796086 2.677992 -8.233690
v 3.765147 2.670429 -8.252851
v -3.725431 2.675328 -8.240236
v -3.692918 2.670429 -8.252851
v 3.811285 2.720392 -8.322515
v 3.768139 2.694540 -8.384102
v -3.766587 2.720495 -8.347679
v -3.692918 2.694540 -8.384100
v 3.827799 2.785156 -8.352764
v 3.769859 2.790664 -8.382662
v -3.725431 2.789735 -8.363066
v -3.692918 2.792611 -8.384100
v 3.819566 2.813941 -8.143742
v 3.767785 2.816850 -8.252876
v -3.744095 2.810245 -7.982387
v -3.692917 2.821166 -8.253521
v 3.809640 2.813970 -7.855951
v 3.765465 2.821167 -7.837099
v -3.692917 2.818244 -7.837894
v 3.760185 2.792611 -7.728553
v -3.692918 2.791431 -7.730293
v 3.822634 2.743575 -7.947202
v -3.863517 7.115917 -12.177709
v -3.844095 7.155162 -12.397906
v -3.855840 -2.293926 -12.178229
v -3.850667 -2.333633 -12.266860
v -3.812736 7.115917 -12.071660
v -3.807621 7.140850 -12.088742
v -3.809272 -2.295517 -12.072825
v -3.799476 -2.339947 -12.097108
v -3.638331 7.115917 -12.071660
v -3.684489 7.172409 -12.101237
v -3.638330 -2.294199 -12.071658
v -3.684304 -2.327284 -12.121673
v -3.595454 7.115917 -12.178250
v -3.604165 7.140850 -12.188498
v -3.595453 -2.291904 -12.178248
v -3.608903 -2.315628 -12.193810
v -3.595454 7.115917 -12.514812
v -3.609823 7.124456 -12.426656
v -3.595453 -2.291289 -12.514810
v -3.608264 -2.319321 -12.426938
v -3.638331 7.115917 -12.604054
v -3.643445 7.140850 -12.587098
v -3.638330 -2.288372 -12.604053
v -3.645972 -2.314650 -12.577859
v -3.766500 7.156015 -12.585757
v -3.766602 -2.314572 -12.582334
v -3.836439 2.792094 -11.132055
v -3.807624 2.792094 -11.095207
v -3.797271 2.760535 -11.135004
v -3.808050 2.792094 -11.228964
v -3.801284 5.641886 -11.161528
v -3.807624 5.623579 -11.095207
v -3.836439 5.623579 -11.132055
v -3.808050 5.623579 -11.228964
v -3.659089 2.792094 -11.074320
v -3.720718 2.760921 -11.188148
v -3.659089 2.792094 -11.249912
v -3.659089 5.623579 -11.074320
v -3.705547 5.641645 -11.160152
v -3.659089 5.623579 -11.249912
v -3.797834 2.770901 -9.896334
v -3.669085 2.783939 -9.886204
v -3.790518 5.618966 -9.748014
v -3.691211 5.634064 -9.737997
v -3.785634 2.784775 -9.812597
v -3.669923 2.783020 -9.774559
v -3.784040 2.795926 -10.026802
v -3.667776 2.798041 -10.063093
v -3.791133 5.614661 -9.665319
v -3.675422 5.612906 -9.627283
v -3.789586 5.649737 -9.878279
v -3.673321 5.651852 -9.914572
v -3.847059 -0.902421 -7.769652
v -3.773488 -0.879327 -7.723834
v -3.683257 -0.902421 -7.723834
v -3.609686 -0.902421 -7.769652
v -3.773488 -0.879327 -8.257079
v -3.847059 -0.910635 -8.211261
v -3.609686 -0.868037 -8.211261
v -3.683257 -0.879327 -8.257079
v -3.773488 6.270112 -7.723835
v -3.847059 6.270111 -7.769653
v -3.609687 6.270112 -7.769653
v -3.683257 6.270112 -7.723835
v -3.847059 6.256346 -8.064744
v -3.773488 6.200904 -8.257081
v -3.683258 6.200904 -8.257081
v 3.813347 2.798376 -11.603468
v 3.705745 2.798376 -11.603468
v 3.705745 5.613679 -11.668825
v 3.813348 5.613679 -11.668825
v 3.705745 5.593947 -11.497261
v 3.705745 5.607226 -11.543207
v 3.813348 5.607226 -11.543207
v 3.813348 5.593947 -11.497261
v 3.705745 2.793347 -11.497261
v 3.813347 2.793347 -11.497261
v 3.705745 2.795468 -11.668825
v 3.813347 2.795468 -11.668825
v -3.609687 6.203417 -8.211263
v -3.782174 2.795469 -8.722317
v -3.674572 2.795469 -8.722317
v -3.782174 2.793347 -8.893881
v -3.674572 2.793347 -8.893881
v -3.782174 5.593947 -8.893881
v -3.782174 5.607226 -8.847937
v -3.674572 5.607226 -8.847937
v -3.674572 5.593947 -8.893881
v -3.782174 5.613679 -8.722317
v -3.674572 5.613679 -8.722317
v -3.674572 2.798377 -8.787674
v -3.782174 2.798377 -8.787674
v 3.642048 7.085225 -12.182216
v 3.714883 7.082739 -12.136855
v 3.804210 7.082739 -12.136855
v 3.877045 7.137583 -12.327266
v 3.714882 7.151200 -12.664762
v 3.642048 7.151200 -12.619403
v 3.877045 7.151200 -12.619403
v 3.804210 7.151200 -12.664762
v 3.714882 -2.287925 -12.136853
v 3.642047 -2.276757 -12.182214
v 3.877044 -2.318894 -12.182214
v 3.804209 -2.287925 -12.136853
v 3.642047 -2.310769 -12.619401
v 3.714882 -2.310769 -12.664760
v 3.804209 -2.287925 -12.664760
v 3.877044 -2.310769 -12.619401
v 3.654117 6.581075 -10.162774
v 3.862475 6.581075 -10.229627
v 3.654117 6.531929 -10.681790
v 3.862474 6.531929 -10.614938
v 3.654117 -0.879327 -10.162772
v 3.862474 -0.879327 -10.229625
v 3.654117 -0.879328 -10.681788
v 3.862474 -0.879328 -10.614936
v 3.683916 6.563531 -10.481420
v 3.862474 6.531929 -10.466186
v 3.654117 -0.889352 -10.481418
v 3.885558 -0.916630 -10.466184
v 3.690262 5.592166 -8.922770
v 3.736720 5.623917 -9.008648
v 3.690262 5.619363 -9.096243
v 3.690262 2.794851 -9.361336
v 3.751891 2.773621 -9.427185
v 3.690262 2.822048 -9.534809
v 3.839223 5.595410 -8.943464
v 3.867612 5.610420 -9.039204
v 3.838797 5.616128 -9.075607
v 3.832457 5.623941 -9.007254
v 3.839223 2.798096 -9.382030
v 3.828444 2.781471 -9.479746
v 3.838797 2.818813 -9.514174
v 3.867612 2.813106 -9.477770
v 3.779407 2.774886 -7.910053
v 3.779350 5.624112 -7.908129
v 3.711575 2.774848 -7.912569
v 3.707277 2.787797 -7.897842
v 3.710153 5.616638 -7.907375
v 3.707278 5.604352 -7.897840
v 3.690371 2.772546 -7.997434
v 3.683167 2.786360 -7.948022
v 3.691247 5.608560 -7.997597
v 3.683167 5.604352 -7.948023
v 3.690730 2.774365 -8.128527
v 3.683167 2.786057 -8.137278
v 3.688065 5.616638 -8.131517
v 3.683167 5.604352 -8.137278
v 3.733129 2.768622 -8.169092
v 3.707277 2.784926 -8.197218
v 3.733233 5.632190 -8.180584
v 3.707278 5.604352 -8.197216
v 3.797893 2.762382 -8.182905
v 3.803401 2.784276 -8.196560
v 3.802473 5.616638 -8.187611
v 3.805349 5.604352 -8.197216
v 3.826678 2.765493 -8.087450
v 3.829587 2.785060 -8.137289
v 3.822983 5.623691 -8.013763
v 3.833904 5.604351 -8.137585
v 3.826707 2.769244 -7.956020
v 3.833904 2.785937 -7.947412
v 3.830982 5.604352 -7.947775
v 3.805348 2.787932 -7.897842
v 3.804169 5.604352 -7.898636
v 3.756313 2.764333 -7.997694
v -3.850718 -2.326022 -12.500588
v -3.863516 -2.292147 -12.515895
v -3.858320 7.115917 -12.515252
v -3.812735 -2.288099 -12.604053
v -3.810637 7.115917 -12.602639
v -3.725532 -2.335986 -12.426476
v 3.580228 4.666219 -7.865328
v 3.598973 4.654557 -7.788221
v 3.580228 4.509753 -7.809091
v 3.637888 4.543085 -7.765768
v 3.770509 4.616939 -7.791744
v 3.920264 4.666219 -7.865328
v 3.920264 4.509753 -7.809091
v 3.901519 4.521414 -7.788221
v 3.647863 4.633041 -12.729980
v 3.580228 4.666218 -12.675856
v 3.580228 4.509752 -12.675856
v 3.647863 4.542929 -12.696728
v 3.920264 4.666218 -12.709108
v 3.852629 4.542929 -12.729980
v 3.920264 4.509752 -12.675856
v -3.905466 4.666219 -7.865328
v -3.886721 4.654557 -7.788221
v -3.905466 4.509753 -7.809091
v -3.847805 4.543085 -7.765768
v -3.715184 4.616939 -7.791744
v -3.565429 4.666219 -7.865328
v -3.565429 4.509753 -7.809091
v -3.584175 4.521414 -7.788221
v -3.837831 4.633041 -12.729980
v -3.905466 4.666218 -12.675856
v -3.905466 4.509752 -12.675856
v -3.837831 4.542929 -12.696728
v -3.565429 4.666218 -12.709108
v -3.633065 4.542929 -12.729980
v -3.565429 4.509752 -12.675856
v 3.683193 5.814424 -7.875364
v 3.685266 5.815519 -12.935293
v 3.629918 5.755320 -7.875364
v 3.631413 5.756786 -12.935293
v 3.613450 5.677531 -7.875364
v 3.614090 5.679055 -12.935293
v 3.637939 5.603152 -12.935293
v 3.696570 5.549416 -12.935293
v 3.774272 5.532246 -12.935293
v 3.850226 5.556242 -12.935293
v 3.904078 5.614975 -12.935293
v 3.921117 5.693641 -7.875364
v 3.921401 5.692707 -12.935293
v 3.896366 5.769272 -7.875364
v 3.897552 5.768610 -12.935293
v 3.837027 5.822479 -7.875364
v 3.838921 5.822346 -12.935293
v 3.759001 5.839006 -7.875364
v 3.761219 5.839516 -12.935293
v -3.810945 5.814424 -7.875364
v -3.808873 5.815519 -12.935293
v -3.864220 5.755320 -7.875364
v -3.862725 5.756786 -12.935293
v -3.880688 5.677531 -7.875364
v -3.880048 5.679055 -12.935293
v -3.856199 5.603152 -12.935293
v -3.797568 5.549416 -12.935293
v -3.718572 5.532166 -7.875364
v -3.719866 5.532246 -12.935293
v -3.643913 5.556242 -12.935293
v -3.590060 5.614975 -12.935293
v -3.573021 5.693641 -7.875364
v -3.572737 5.692707 -12.935293
v -3.596587 5.768610 -12.935293
v -3.657111 5.822479 -7.875364
v -3.655217 5.822346 -12.935293
v -3.735138 5.839006 -7.875364
v -3.732919 5.839516 -12.935293
v 3.295015 2.733981 13.623631
v 3.297538 2.735315 8.184448
v 3.230146 2.662015 13.623631
v 3.231966 2.663801 8.184448
v 3.210094 2.567297 13.623631
v 3.240232 2.475207 13.623631
v 3.239913 2.476731 8.184448
v 3.312484 2.410421 13.623631
v 3.407491 2.390297 13.623631
v 3.405915 2.390394 8.184448
v 3.499796 2.420229 13.623631
v 3.498398 2.419613 8.184448
v 3.564665 2.492195 13.623631
v 3.563971 2.491127 8.184448
v 3.584717 2.586913 13.623631
v 3.554579 2.679003 13.623631
v 3.556023 2.678197 8.184448
v 3.482327 2.743789 13.623631
v 3.484633 2.743627 8.184448
v 3.387320 2.763913 13.623631
v 3.390021 2.764534 8.184448
v -3.461314 2.733981 13.623631
v -3.458791 2.735315 8.184448
v -3.526183 2.662015 13.623631
v -3.524363 2.663801 8.184448
v -3.546235 2.567297 13.623631
v -3.516097 2.475207 13.623631
v -3.443845 2.410421 13.623631
v -3.445026 2.411301 8.184448
v -3.348838 2.390297 13.623631
v -3.350414 2.390394 8.184448
v -3.256533 2.420229 13.623631
v -3.257931 2.419613 8.184448
v -3.191664 2.492195 13.623631
v -3.192358 2.491127 8.184448
v -3.171612 2.586913 13.623631
v -3.201749 2.679003 13.623631
v -3.200306 2.678197 8.184448
v -3.274002 2.743789 13.623631
v -3.271696 2.743627 8.184448
v -3.369009 2.763913 13.623631
v -3.366308 2.764534 8.184448
v 3.295015 2.733980 8.184448
v 3.297538 2.735314 2.637806
v 3.230146 2.662014 8.184448
v 3.231966 2.663800 2.637806
v 3.210094 2.567296 8.184448
v 3.239913 2.476730 2.637806
v 3.312484 2.410420 8.184448
v 3.311303 2.411300 2.637807
v 3.405915 2.390394 2.637807
v 3.498398 2.419612 2.637807
v 3.563971 2.491126 2.637806
v 3.584717 2.586912 8.184448
v 3.482327 2.743788 8.184448
v 3.484633 2.743626 2.637806
v 3.387320 2.763912 8.184448
v 3.390021 2.764533 2.637806
v -3.461314 2.733980 8.184448
v -3.458791 2.735314 2.637806
v -3.526183 2.662014 8.184448
v -3.524363 2.663800 2.637806
v -3.546235 2.567296 8.184448
v -3.516097 2.475206 8.184448
v -3.516416 2.476730 2.637806
v -3.350414 2.390394 2.637807
v -3.257931 2.419612 2.637807
v -3.192358 2.491126 2.637806
v -3.171612 2.586912 8.184448
v -3.200306 2.678196 2.637806
v -3.274002 2.743788 8.184448
v -3.271696 2.743626 2.637806
v -3.369009 2.763912 8.184448
v -3.366308 2.764533 2.637806
v 3.295015 2.733979 2.637806
v 3.297538 2.735314 -2.908842
v 3.230146 2.662013 2.637806
v 3.231966 2.663799 -2.908842
v 3.210094 2.567295 2.637806
v 3.405915 2.390393 -2.908841
v 3.498398 2.419611 -2.908841
v 3.563971 2.491125 -2.908842
v 3.584717 2.586911 2.637806
v 3.554579 2.679001 2.637806
v 3.482327 2.743787 2.637806
v 3.484633 2.743625 -2.908842
v 3.387320 2.763911 2.637806
v 3.390021 2.764532 -2.908842
v -3.461314 2.733979 2.637806
v -3.458791 2.735314 -2.908842
v -3.526183 2.662013 2.637806
v -3.524363 2.663799 -2.908842
v -3.546235 2.567295 2.637806
v -3.545456 2.569151 -2.908842
v -3.443845 2.410419 2.637807
v -3.445026 2.411299 -2.908841
v -3.192358 2.491125 -2.908842
v -3.171612 2.586911 2.637806
v -3.274002 2.743787 2.637806
v -3.271696 2.743625 -2.908842
v -3.369009 2.763911 2.637806
v -3.366308 2.764532 -2.908842
v 3.295015 2.733978 -2.908842
v 3.297538 2.735313 -8.455486
v 3.230146 2.662012 -2.908842
v 3.231966 2.663798 -8.455486
v 3.210094 2.567294 -2.908842
v 3.240232 2.475204 -2.908842
v 3.239913 2.476728 -8.455486
v 3.312484 2.410418 -2.908841
v 3.311303 2.411298 -8.455486
v 3.405915 2.390392 -8.455486
v 3.498398 2.419611 -8.455486
v 3.563971 2.491125 -8.455486
v 3.584717 2.586910 -2.908842
v 3.554579 2.679000 -2.908842
v 3.482327 2.743787 -2.908842
v 3.484633 2.743624 -8.455486
v 3.387320 2.763910 -2.908842
v 3.390021 2.764531 -8.455486
v -3.461314 2.733978 -2.908842
v -3.458791 2.735313 -8.455486
v -3.526183 2.662012 -2.908842
v -3.524363 2.663798 -8.455486
v -3.516097 2.475204 -2.908842
v -3.516416 2.476728 -8.455486
v -3.445026 2.411298 -8.455486
v -3.348838 2.390295 -2.908841
v -3.256533 2.420226 -2.908841
v -3.257931 2.419611 -8.455486
v -3.192358 2.491125 -8.455486
v -3.171612 2.586910 -2.908842
v -3.201749 2.679000 -2.908842
v -3.200306 2.678194 -8.455486
v -3.274002 2.743787 -2.908842
v -3.271696 2.743624 -8.455486
v -3.369009 2.763910 -2.908842
v -3.366308 2.764531 -8.455486
v 3.295015 2.733977 -8.455486
v 3.297538 2.735312 -13.894670
v 3.230146 2.662011 -8.455486
v 3.231966 2.663797 -13.894670
v 3.210094 2.567293 -8.455486
v 3.210873 2.569149 -13.894670
v 3.239913 2.476728 -13.894670
v 3.311303 2.411298 -13.894670
v 3.405915 2.390391 -13.894670
v 3.498398 2.419610 -13.894670
v 3.563971 2.491124 -13.894670
v 3.584717 2.586910 -8.455486
v 3.585063 2.585772 -13.894670
v 3.554579 2.678999 -8.455486
v 3.556023 2.678193 -13.894670
v 3.482327 2.743786 -8.455486
v 3.484633 2.743623 -13.894670
v 3.387320 2.763909 -8.455486
v 3.390021 2.764530 -13.894670
v -3.461314 2.733977 -8.455486
v -3.458791 2.735312 -13.894670
v -3.526183 2.662011 -8.455486
v -3.524363 2.663797 -13.894670
v -3.546235 2.567293 -8.455486
v -3.545456 2.569149 -13.894670
v -3.516416 2.476728 -13.894670
v -3.445026 2.411298 -13.894670
v -3.348838 2.390294 -8.455486
v -3.350414 2.390391 -13.894670
v -3.257931 2.419610 -13.894670
v -3.192358 2.491124 -13.894670
v -3.171612 2.586910 -8.455486
v -3.171266 2.585772 -13.894670
v -3.200306 2.678193 -13.894670
v -3.274002 2.743786 -8.455486
v -3.271696 2.743623 -13.894670
v -3.369009 2.763909 -8.455486
v -3.366308 2.764530 -13.894670
v -3.794445 2.776761 -0.371624
v -3.753488 2.788019 -0.346118
v -3.703258 2.776761 -0.346118
v -3.662301 2.776761 -0.371624
v -3.753488 2.788019 -0.642971
v -3.794445 2.772757 -0.617464
v -3.662301 2.793522 -0.617464
v -3.703258 2.788019 -0.642971
v -3.753489 5.621740 -0.346118
v -3.794445 5.621740 -0.371625
v -3.662302 5.621740 -0.371625
v -3.703258 5.621740 -0.346118
v -3.794445 5.615029 -0.535900
v -3.753489 5.588003 -0.642971
v -3.703258 5.588003 -0.642971
v -3.662302 5.589228 -0.617464
v 3.655801 5.764412 -7.447248
v 3.665526 5.734265 -7.366179
v 3.655801 5.614942 -7.418810
v 3.685716 5.632368 -7.364988
v 3.754520 5.702771 -7.377794
v 3.832214 5.764412 -7.447248
v 3.832214 5.614942 -7.418810
v 3.822489 5.619549 -7.393795
v 3.690891 7.003936 -12.721530
v 3.655801 7.018412 -12.656039
v 3.655801 6.883601 -12.688495
v 3.690891 6.917627 -12.704215
v 3.832214 7.027080 -12.692048
v 3.797124 6.926295 -12.740220
v 3.832214 6.883601 -12.688495
v -3.812234 5.764412 -7.447248
v -3.802509 5.734265 -7.366179
v -3.812234 5.614942 -7.418810
v -3.782320 5.632368 -7.364988
v -3.713515 5.702771 -7.377794
v -3.635822 5.764412 -7.447248
v -3.635821 5.614942 -7.418810
v -3.645547 5.619549 -7.393795
v -3.777145 7.003936 -12.721530
v -3.812234 7.018412 -12.656039
v -3.812234 6.883601 -12.688495
v -3.777145 6.917627 -12.704215
v -3.635822 7.027080 -12.692048
v -3.670911 6.926295 -12.740220
v -3.635822 6.883601 -12.688495
v -3.649274 5.764415 7.182684
v -3.658999 5.734267 7.101614
v -3.649274 5.614944 7.154245
v -3.679189 5.632370 7.100424
v -3.747994 5.702774 7.113230
v -3.825687 5.764415 7.182684
v -3.825687 5.614944 7.154245
v -3.815962 5.619552 7.129230
v -3.684363 7.003941 12.456964
v -3.649274 7.018416 12.391473
v -3.649274 6.883605 12.423928
v -3.684363 6.917631 12.439649
v -3.825686 7.027084 12.427482
v -3.790597 6.926300 12.475654
v -3.825686 6.883605 12.423928
v 3.818761 5.764415 7.182684
v 3.809036 5.734267 7.101614
v 3.818761 5.614944 7.154245
v 3.788846 5.632370 7.100424
v 3.720042 5.702774 7.113230
v 3.642348 5.764415 7.182684
v 3.642348 5.614944 7.154245
v 3.652073 5.619552 7.129230
v 3.783672 7.003941 12.456964
v 3.818761 7.018416 12.391473
v 3.818761 6.883605 12.423928
v 3.783672 6.917631 12.439649
v 3.642349 7.027084 12.427482
v 3.677438 6.926300 12.475654
v 3.642349 6.883605 12.423928
vt -0.214559 0.760641
vt -0.112877 0.760641
vt -0.112877 2.395045
vt -0.214559 2.375373
vt 0.347096 2.300611
vt 0.315747 2.323432
vt 0.315747 2.223848
vt 0.411762 2.248867
vt 0.416511 2.305993
vt -0.453710 0.760641
vt -0.453710 2.395045
vt -0.591179 2.395045
vt -0.591178 0.760641
vt 0.046227 2.305147
vt 0.110039 2.261567
vt 0.119725 2.304477
vt -0.352028 2.375373
vt -0.352028 0.749009
vt 0.158101 2.215138
vt 0.156887 2.322723
vt 0.016073 2.326844
vt 0.016073 2.226842
vt 0.029629 2.237002
vt 0.447861 2.228213
vt 0.443114 2.326844
vt -0.361508 1.525574
vt -0.361508 -0.108973
vt -0.329561 -0.108973
vt -0.329549 1.525574
vt -0.265630 1.525573
vt -0.265666 -0.108974
vt -0.233719 -0.108975
vt -0.233670 1.525573
vt -0.201772 -0.108976
vt -0.201711 1.525572
vt -0.169825 -0.108978
vt -0.169751 1.525571
vt -0.137878 -0.108979
vt -0.137792 1.525569
vt -0.105931 -0.108981
vt -0.105832 1.525568
vt -0.489346 1.525572
vt -0.489297 -0.108974
vt -0.457350 -0.108973
vt -0.457386 1.525573
vt -0.425402 -0.108973
vt -0.425427 1.525574
vt -0.393455 -0.108972
vt -0.393467 1.525574
vt -0.297589 1.525574
vt -0.297614 -0.108973
vt -0.142993 1.375987
vt -0.085014 1.396975
vt -0.141270 1.447123
vt -0.727297 1.396545
vt -0.764009 1.385057
vt -0.756043 1.380357
vt -0.707477 1.391189
vt -0.198607 1.379560
vt -0.162640 1.368119
vt -0.191241 1.383791
vt -0.783635 1.363757
vt -0.774631 1.352305
vt -0.218049 1.401004
vt -0.212338 1.412847
vt -0.783447 1.340842
vt -0.217159 1.424717
vt -0.763715 1.319751
vt -0.755812 1.324389
vt -0.196552 1.445642
vt -0.189273 1.441391
vt -0.727663 1.308283
vt -0.707847 1.314590
vt -0.161202 1.457374
vt -0.688198 1.307836
vt -0.121116 1.457374
vt -0.651720 1.318973
vt -0.663285 1.326074
vt -0.085454 1.445490
vt -0.092725 1.441218
vt -0.630548 1.339836
vt -0.645018 1.351722
vt -0.064933 1.424709
vt -0.630548 1.363525
vt -0.064443 1.400191
vt -0.650930 1.384773
vt -0.660480 1.379127
vt -0.084982 1.379155
vt -0.687482 1.396418
vt -0.123346 1.368440
vt -0.713360 1.362876
vt 0.372886 2.016926
vt 0.345544 2.016926
vt 0.345544 1.932755
vt 0.372886 1.932755
vt 0.372886 2.099513
vt 0.345544 2.099513
vt 2.210891 0.729593
vt 2.240035 0.729817
vt 2.238834 2.394462
vt 2.209691 2.394237
vt 2.282270 0.710514
vt 2.309901 2.393485
vt 2.241736 2.394462
vt 2.241736 0.723204
vt 2.407120 2.371540
vt 2.378068 2.371354
vt 2.378067 0.715329
vt 2.407120 0.715515
vt 0.343524 2.099172
vt 0.316184 2.099513
vt 0.315747 2.064472
vt 0.343141 2.049186
vt 2.141690 2.393182
vt 2.181916 0.716617
vt 2.073686 2.371103
vt 2.073686 0.721654
vt 1.909857 0.030016
vt 1.875411 1.607507
vt 1.847475 1.594301
vt 1.862462 0.024516
vt 0.404268 2.040310
vt 0.431609 2.040310
vt 0.431610 2.099513
vt 0.404268 2.099513
vt 2.015907 1.608769
vt 1.996538 0.030865
vt 2.043888 0.026101
vt 2.043886 1.591827
vt 1.959800 1.614462
vt 1.967362 0.027881
vt 0.402247 2.072232
vt 0.374906 2.072232
vt 0.374906 2.002185
vt 0.402247 2.002185
vt 1.939045 0.027481
vt 1.931483 1.614061
vt 0.402247 2.099513
vt 0.374906 2.099513
vt 2.071985 0.026277
vt 2.071983 1.592005
vt 0.404268 2.003885
vt 0.431609 2.003885
vt -0.419200 1.178148
vt -0.419205 2.467856
vt -0.469798 2.467856
vt -0.469791 1.178148
vt -2.786201 2.202428
vt -2.724434 2.217226
vt -2.752835 2.248071
vt -0.290871 1.178149
vt -0.213133 1.178149
vt -0.213133 2.467857
vt -0.290873 2.472207
vt -0.341467 2.467857
vt -0.341461 1.178149
vt -2.698635 2.220704
vt -2.701524 2.249582
vt -2.786201 2.260430
vt -2.683083 2.211278
vt -2.689992 2.260283
vt -2.582816 2.212062
vt -2.554767 2.244464
vt -2.580776 2.259262
vt -2.488473 2.260430
vt -2.486828 2.212062
vt 1.488896 -0.709417
vt 1.515876 -0.708583
vt 1.500650 0.752177
vt 1.473670 0.751343
vt -0.228608 1.258527
vt -0.246007 1.258034
vt -0.259777 1.242908
vt -0.057401 1.106930
vt -0.057401 1.243715
vt -0.104466 1.198332
vt 1.277206 -0.708623
vt 1.262150 0.748411
vt 1.192926 0.760866
vt 1.173756 -0.713868
vt -0.088799 1.092300
vt -0.071395 1.092542
vt 1.315826 0.749316
vt 1.288985 0.749178
vt 1.303983 -0.697857
vt 1.331053 -0.718031
vt 1.358109 -0.717857
vt 1.342882 0.749489
vt 1.446774 0.751171
vt 1.461912 -0.701120
vt 1.146673 0.746600
vt 1.146659 -0.689946
vt -0.071396 1.258101
vt -0.088797 1.258527
vt -0.103187 1.106294
vt -0.257409 1.105616
vt -0.211626 1.106405
vt -0.242974 1.091671
vt -0.224021 1.088675
vt -0.211626 1.243220
vt -0.015065 1.159663
vt -0.055381 1.162800
vt -0.053570 1.116759
vt -0.008240 1.096663
vt 1.701567 0.736973
vt 1.659817 0.736955
vt 1.660271 -0.996557
vt 1.702020 -0.996539
vt 0.774517 1.170685
vt 0.825464 1.175407
vt 0.818027 1.249627
vt 0.772566 1.269427
vt 1.517662 -0.996584
vt 1.559412 -0.996581
vt 1.559323 0.760787
vt 1.517577 0.760785
vt 1.754102 0.752350
vt 1.754276 -1.001380
vt 1.837382 -0.996500
vt 1.837382 0.760866
vt 1.621249 -1.014689
vt 1.621018 0.736938
vt 0.772566 1.108554
vt 0.818263 1.127803
vt -0.053392 1.238034
vt -0.008240 1.258527
vt 0.284090 1.131757
vt 0.339226 1.131757
vt 0.339215 2.812950
vt 0.284082 2.812949
vt -1.886998 3.221819
vt -1.816799 3.211191
vt -1.840482 3.260086
vt -1.879796 3.261090
vt -0.812244 3.261940
vt -0.844170 3.282186
vt -0.877190 3.219872
vt -0.805878 3.229212
vt -1.886303 3.299837
vt -1.900282 3.245187
vt -0.800870 3.315030
vt -0.784456 3.253681
vt -1.816799 3.310611
vt -0.877190 3.321511
vt 0.469296 2.812724
vt 0.414317 2.812724
vt 0.414323 1.131531
vt 0.469297 1.131532
vt 0.550096 1.131532
vt 0.550096 2.812724
vt 0.385004 1.131757
vt 0.384998 2.812950
vt -0.224613 2.043709
vt -0.148658 2.043181
vt -0.172156 2.061913
vt -0.220217 2.053855
vt 0.479327 -0.008686
vt 0.479581 1.614134
vt 0.450879 1.614268
vt 0.450626 -0.008553
vt -0.235113 2.119609
vt -0.250358 2.149325
vt -0.249947 2.069196
vt 0.391989 -0.008538
vt 0.391059 1.614283
vt 0.362357 1.614386
vt 0.363287 -0.008438
vt -0.001434 2.075992
vt -0.000860 2.150629
vt -0.013635 2.144353
vt -0.015378 2.098371
vt 0.303616 -0.008501
vt 0.302740 1.614320
vt 0.274038 1.614462
vt 0.274915 -0.008358
vt 0.567448 -0.008890
vt 0.567698 1.613932
vt 0.538997 1.614119
vt 0.538747 -0.008702
vt -0.202204 2.157995
vt -0.149773 2.173683
vt -0.223745 2.170464
vt -0.154151 2.163424
vt 0.627268 -0.008904
vt 0.626798 1.613917
vt -0.103781 2.173683
vt -0.125226 2.150990
vt -0.114731 2.129574
vt -0.098469 2.162929
vt -0.127247 2.151163
vt -0.134518 2.128768
vt -0.127246 2.070601
vt -0.137388 2.074902
vt -0.124165 2.073021
vt -0.102636 2.046344
vt -0.080534 2.063013
vt -0.113414 2.078297
vt -0.026100 2.049683
vt -0.034418 2.065510
vt -0.025681 2.173682
vt -0.047474 2.163952
vt -0.065285 2.129562
vt 0.316183 1.932984
vt 0.343524 1.933073
vt -1.595405 3.284259
vt -1.611666 3.250903
vt -1.562220 3.250892
vt -1.699140 3.279325
vt -1.720681 3.291793
vt -1.747293 3.270655
vt -1.134578 2.735716
vt -1.194196 2.735650
vt -1.193319 1.112828
vt -1.133648 1.112891
vt -1.631454 3.250098
vt -1.669091 3.183243
vt -1.510571 3.265682
vt -1.512314 3.219700
vt -1.651086 3.284754
vt -1.544410 3.285282
vt -1.610350 3.199627
vt -1.732049 3.240938
vt -1.717153 3.175184
vt -1.746882 3.190526
vt -1.721549 3.165039
vt -1.622161 3.272320
vt -1.621101 3.194351
vt -1.497796 3.271959
vt -1.522617 3.295012
vt -1.531354 3.186839
vt -1.577470 3.184342
vt -1.634324 3.196232
vt -1.624182 3.191931
vt -1.624182 3.272493
vt -2.281391 4.375010
vt -2.309179 4.383270
vt -2.302814 4.350541
vt -1.027639 2.252862
vt -0.946839 2.252862
vt -0.946839 3.934053
vt -1.027640 3.934053
vt -3.313734 4.431941
vt -3.383239 4.421166
vt -3.376732 4.382420
vt -3.337418 4.381415
vt -1.212846 2.253087
vt -1.157709 2.253087
vt -1.157721 3.934279
vt -1.212854 3.934278
vt -0.313059 2.711899
vt -0.312605 0.978387
vt -0.260350 0.973545
vt -0.260524 2.727276
vt -0.177244 0.978426
vt -0.177244 2.735792
vt -3.860474 4.040428
vt -3.894439 4.071041
vt -3.956776 4.039804
vt -3.952040 3.765220
vt -3.923170 3.737330
vt -3.860474 3.766798
vt -1.222897 2.735792
vt -1.222021 1.112972
vt -0.957939 2.735448
vt -1.017355 2.735463
vt -1.017608 1.112643
vt -0.958189 1.112627
vt -1.599572 3.167673
vt -1.523036 3.171013
vt -1.600717 3.295012
vt -1.498370 3.197321
vt -1.046057 2.735598
vt -1.046310 1.112777
vt -1.645594 3.164511
vt -3.383934 4.343149
vt -3.397217 4.366517
vt -1.111937 3.934280
vt -1.111932 2.253087
vt -1.082613 2.252861
vt -1.082618 3.934053
vt -2.297806 4.436360
vt -1.242059 3.083480
vt -1.196363 3.102729
vt -1.189162 3.150334
vt -1.240108 3.145611
vt -3.313734 4.332520
vt -2.068018 3.212960
vt -2.029691 3.134589
vt -2.022866 3.233453
vt -0.354355 0.978369
vt -0.354809 2.711881
vt -0.393608 2.711864
vt -0.393376 0.960237
vt -0.496964 0.978342
vt -0.455214 0.978345
vt -0.455303 2.735714
vt -0.497049 2.735710
vt -1.196599 3.224553
vt -1.242059 3.244353
vt -3.885265 3.731338
vt -1.646708 3.295012
vt -2.341105 4.403515
vt -2.374126 4.341201
vt -0.929237 2.735261
vt -0.929488 1.112440
vt -0.869668 1.112425
vt -0.870137 2.735246
vt -2.070007 3.137726
vt -2.374126 4.442841
vt -2.068196 3.091686
vt -2.022866 3.071589
vt -1.104946 1.112792
vt -1.105877 2.735613
vt -1.089711 0.126252
vt -1.051369 3.075719
vt -1.143877 3.047187
vt -1.143904 0.174096
vt -3.646154 3.950652
vt -3.643596 3.766575
vt -3.552025 3.767848
vt -3.580015 4.070190
vt -3.614817 4.071041
vt -3.552025 4.041417
vt -0.751459 3.052965
vt -0.721004 0.118273
vt -0.513399 0.151748
vt -0.543674 3.056329
vt -0.805570 3.052620
vt -0.775115 0.117926
vt -3.614820 3.738587
vt -0.912923 3.050810
vt -0.882809 0.136740
vt -0.829255 0.158273
vt -0.859251 3.052343
vt -0.459430 0.135154
vt -0.489881 3.056675
vt 0.412921 1.151346
vt 0.378475 2.728836
vt 0.350539 2.715631
vt 0.365526 1.145846
vt -1.092668 3.161639
vt -1.065326 3.161639
vt -1.065326 3.220843
vt -1.092667 3.220843
vt 0.518971 2.730099
vt 0.499602 1.152195
vt 0.546952 1.147430
vt 0.546951 2.713157
vt 0.462864 2.735792
vt 0.470426 1.149210
vt -1.094688 3.193562
vt -1.122030 3.193562
vt -1.122030 3.123515
vt -1.094688 3.123515
vt 0.442110 1.148810
vt 0.434548 2.735391
vt -1.094688 3.220843
vt -1.122030 3.220843
vt 0.575049 1.147607
vt 0.575047 2.713335
vt -1.092668 3.125215
vt -1.065326 3.125215
vt -1.094688 3.220843
vt -1.122030 3.220843
vt -1.122030 3.193562
vt -1.094688 3.193562
vt -0.405471 0.136821
vt -0.435922 3.058342
vt -1.122030 3.123515
vt -1.094688 3.123515
vt 0.462864 2.735792
vt 0.434548 2.735391
vt 0.442110 1.148810
vt 0.470426 1.149210
vt -3.580012 3.739073
vt -3.929237 4.070055
vt 0.546952 1.147430
vt 0.575049 1.147607
vt 0.575047 2.713335
vt 0.546951 2.713157
vt -1.092668 3.125215
vt -1.065326 3.125215
vt -1.065326 3.161639
vt -1.092668 3.161639
vt 0.499602 1.152195
vt 0.518971 2.730099
vt -1.065326 3.220843
vt -1.092667 3.220843
vt 0.412921 1.151346
vt 0.378475 2.728836
vt 0.350539 2.715631
vt 0.365526 1.145846
vt -0.525730 1.265509
vt -0.498750 1.266343
vt -0.513976 2.727103
vt -0.540955 2.726270
vt -2.243234 3.233453
vt -2.260633 3.232960
vt -2.274403 3.217834
vt -2.072027 3.081856
vt -2.072027 3.218641
vt -2.119092 3.173258
vt -0.737419 1.266302
vt -0.752476 2.723337
vt -0.821699 2.735792
vt -0.840870 1.261058
vt -2.103425 3.067226
vt -2.086021 3.067469
vt -0.698800 2.724242
vt -0.725640 2.724104
vt -0.710642 1.277069
vt -0.683572 1.256895
vt -0.656517 1.257069
vt -0.671744 2.724415
vt -0.567852 2.726097
vt -0.552714 1.273806
vt -0.867953 2.721526
vt -0.867967 1.284980
vt -2.086022 3.233027
vt -2.103423 3.233453
vt -2.117813 3.081220
vt -2.272035 3.080542
vt -2.226252 3.081331
vt -2.257600 3.066597
vt -2.238647 3.063601
vt -2.226252 3.218146
vt -2.029691 3.134589
vt -2.070007 3.137726
vt -2.068196 3.091686
vt -2.022866 3.071589
vt -0.313059 2.711899
vt -0.354809 2.711881
vt -0.354355 0.978369
vt -0.312605 0.978387
vt -1.240108 3.145611
vt -1.189162 3.150334
vt -1.196599 3.224553
vt -1.242059 3.244353
vt -0.496964 0.978342
vt -0.455214 0.978345
vt -0.455303 2.735714
vt -0.497049 2.735710
vt -0.260524 2.727276
vt -0.260350 0.973545
vt -0.177244 0.978426
vt -0.177244 2.735792
vt -0.393376 0.960237
vt -0.393608 2.711864
vt -1.242059 3.083480
vt -1.196363 3.102729
vt -2.068018 3.212960
vt -2.022866 3.233453
vt -1.212846 2.253087
vt -1.157709 2.253087
vt -1.157721 3.934279
vt -1.212854 3.934278
vt -3.383934 4.343149
vt -3.313734 4.332520
vt -3.337418 4.381415
vt -3.376732 4.382420
vt -2.309179 4.383270
vt -2.341105 4.403515
vt -2.374126 4.341201
vt -2.302814 4.350541
vt -3.383239 4.421166
vt -3.397217 4.366517
vt -2.297806 4.436360
vt -2.281391 4.375010
vt -3.313734 4.431941
vt -2.374126 4.442841
vt -1.027640 3.934053
vt -1.082618 3.934053
vt -1.082613 2.252861
vt -1.027639 2.252862
vt -0.946839 2.252862
vt -0.946839 3.934053
vt -1.111932 2.253087
vt -1.111937 3.934280
vt -2.851069 3.934213
vt -2.699158 3.933157
vt -2.746153 3.970621
vt -2.842277 3.954504
vt -1.443187 -0.170577
vt -1.442681 3.075062
vt -1.500084 3.075331
vt -1.500591 -0.170310
vt -2.872068 4.086012
vt -2.902558 4.145445
vt -2.901735 3.985187
vt -1.617864 -0.170281
vt -1.619724 3.075362
vt -1.677128 3.075567
vt -1.675268 -0.170082
vt -2.404711 3.998779
vt -2.403563 4.148053
vt -2.429112 4.135500
vt -2.432598 4.043536
vt -1.794609 -0.170208
vt -1.796362 3.075435
vt -1.853765 3.075720
vt -1.852012 -0.169921
vt -1.266946 -0.170984
vt -1.266445 3.074658
vt -1.323848 3.075032
vt -1.324349 -0.170611
vt -2.806251 4.162785
vt -2.701388 4.194160
vt -2.849333 4.187722
vt -2.710143 4.173644
vt -1.147307 -0.171013
vt -1.148245 3.074628
vt -2.609404 4.194160
vt -2.652293 4.148775
vt -2.631303 4.105942
vt -2.598780 4.172653
vt -2.656336 4.149121
vt -2.670878 4.104331
vt -2.656334 3.987997
vt -2.676618 3.996599
vt -2.650173 3.992837
vt -2.607114 3.939482
vt -2.562910 3.972820
vt -2.628670 4.003389
vt -2.454042 3.946161
vt -2.470679 3.977814
vt -2.453204 4.194160
vt -2.496790 4.174699
vt -2.532411 4.105918
vt -0.131659 0.532866
vt -0.092377 0.532866
vt -0.092378 1.149891
vt -0.131659 1.142761
vt 0.175103 1.947639
vt 0.163052 1.958669
vt 0.158321 1.914284
vt 0.191891 1.924545
vt 0.198268 1.949587
vt -0.256309 0.532866
vt -0.256310 1.149891
vt -0.341678 1.149891
vt -0.341678 0.532866
vt 0.171469 1.449120
vt 0.191295 1.433736
vt 0.192868 1.452537
vt -0.217028 1.142761
vt -0.217028 0.528650
vt 0.212473 1.409877
vt 0.213634 1.460198
vt 0.158321 1.460198
vt 0.161451 1.414917
vt 0.167572 1.418627
vt 0.207479 1.914284
vt 0.208522 1.959164
vt 0.368340 0.532866
vt 0.407621 0.532866
vt 0.407621 1.149891
vt 0.368340 1.142761
vt 0.175103 1.901363
vt 0.163052 1.912393
vt 0.158321 1.868008
vt 0.191891 1.878268
vt 0.198267 1.903311
vt 0.243690 0.532866
vt 0.243689 1.149891
vt 0.158321 1.149891
vt 0.158321 0.532866
vt 0.171469 1.242248
vt 0.191294 1.226865
vt 0.192868 1.245665
vt 0.282971 1.142761
vt 0.282970 0.528650
vt 0.212471 1.203005
vt 0.213634 1.253327
vt 0.158321 1.253327
vt 0.161450 1.208046
vt 0.167571 1.211756
vt 0.207479 1.868008
vt 0.208522 1.912888
vt 1.069074 0.960807
vt 1.068795 -0.415356
vt 1.127976 -0.415340
vt 1.128276 0.960823
vt 1.246451 0.960849
vt 1.247545 -0.415314
vt 1.305737 -0.415302
vt 1.305594 0.960862
vt 1.365721 -0.415291
vt 1.364805 0.960871
vt 1.424035 -0.415281
vt 1.424083 0.960882
vt 1.483223 -0.415272
vt 1.483287 0.960891
vt 1.542419 -0.415264
vt 1.542400 0.960899
vt 0.832395 0.960767
vt 0.832395 -0.415396
vt 0.892194 -0.415388
vt 0.891472 0.960775
vt 0.950584 -0.415380
vt 0.950593 0.960783
vt 1.009667 -0.415370
vt 1.009811 0.960794
vt 1.187374 0.960837
vt 1.187171 -0.415326
vt 0.801296 -1.839634
vt 0.750137 -1.824671
vt 0.691060 -1.824671
vt 0.639895 -1.839634
vt 0.610351 -1.865550
vt 0.610345 -1.895476
vt 0.639878 -1.921392
vt 0.691037 -1.936355
vt 0.750115 -1.936355
vt 0.801280 -1.921392
vt 0.830824 -1.895476
vt 0.830830 -1.865550
vt 1.069075 -0.418483
vt 1.068796 -1.794653
vt 1.127977 -1.794638
vt 1.128278 -0.418468
vt 1.246452 -0.418441
vt 1.247547 -1.794610
vt 1.306673 -1.794598
vt 1.305582 -0.418429
vt 1.364987 -1.794586
vt 1.364800 -0.418417
vt 1.424131 -1.794575
vt 1.424078 -0.418406
vt 1.483320 -1.794565
vt 1.483282 -0.418396
vt 1.542515 -1.794555
vt 1.542395 -0.418386
vt 0.832395 -0.418523
vt 0.832395 -1.794693
vt 0.892194 -1.794685
vt 0.891472 -0.418516
vt 0.950584 -1.794678
vt 0.950593 -0.418507
vt 1.009668 -1.794667
vt 1.009812 -0.418497
vt 1.187376 -0.418453
vt 1.187173 -1.794622
vt 0.311814 -1.839634
vt 0.260655 -1.824671
vt 0.201577 -1.824671
vt 0.150412 -1.839634
vt 0.120868 -1.865550
vt 0.120862 -1.895476
vt 0.150396 -1.921392
vt 0.201555 -1.936355
vt 0.260632 -1.936356
vt 0.311798 -1.921392
vt 0.341342 -1.895476
vt 0.341348 -1.865550
vt -0.214559 0.760641
vt -0.112877 0.760641
vt -0.112877 2.395045
vt -0.214559 2.375373
vt 0.347096 2.300611
vt 0.315747 2.323432
vt 0.315747 2.223848
vt 0.411762 2.248867
vt 0.416511 2.305993
vt -0.453710 0.760641
vt -0.453710 2.395045
vt -0.591179 2.395045
vt -0.591178 0.760641
vt 0.046227 2.305147
vt 0.110039 2.261567
vt 0.119725 2.304477
vt -0.352028 2.375373
vt -0.352028 0.749009
vt 0.158101 2.215138
vt 0.156887 2.322723
vt 0.016073 2.326844
vt 0.016073 2.226842
vt 0.029629 2.237002
vt 0.447861 2.228213
vt 0.443114 2.326844
vt -0.361508 1.525574
vt -0.361508 -0.108973
vt -0.329561 -0.108973
vt -0.329549 1.525574
vt -0.265630 1.525573
vt -0.265666 -0.108974
vt -0.233719 -0.108975
vt -0.233670 1.525573
vt -0.201772 -0.108976
vt -0.201711 1.525572
vt -0.169825 -0.108978
vt -0.169751 1.525571
vt -0.137878 -0.108979
vt -0.137792 1.525569
vt -0.105931 -0.108981
vt -0.105832 1.525568
vt -0.489346 1.525572
vt -0.489297 -0.108974
vt -0.457350 -0.108973
vt -0.457386 1.525573
vt -0.425402 -0.108973
vt -0.425427 1.525574
vt -0.393455 -0.108972
vt -0.393467 1.525574
vt -0.297589 1.525574
vt -0.297614 -0.108973
vt -0.142993 1.375987
vt -0.085014 1.396975
vt -0.141270 1.447123
vt -0.727297 1.396545
vt -0.764009 1.385057
vt -0.756043 1.380357
vt -0.707477 1.391189
vt -0.198607 1.379560
vt -0.162640 1.368119
vt -0.191241 1.383791
vt -0.783635 1.363757
vt -0.774631 1.352305
vt -0.218049 1.401004
vt -0.212338 1.412847
vt -0.783447 1.340842
vt -0.217159 1.424717
vt -0.763715 1.319751
vt -0.755812 1.324389
vt -0.196552 1.445642
vt -0.189273 1.441391
vt -0.727663 1.308283
vt -0.707847 1.314590
vt -0.161202 1.457374
vt -0.688198 1.307836
vt -0.121116 1.457374
vt -0.651720 1.318973
vt -0.663285 1.326074
vt -0.085454 1.445490
vt -0.092725 1.441218
vt -0.630548 1.339836
vt -0.645018 1.351722
vt -0.064933 1.424709
vt -0.630548 1.363525
vt -0.064443 1.400191
vt -0.650930 1.384773
vt -0.660480 1.379127
vt -0.084982 1.379155
vt -0.687482 1.396418
vt -0.123346 1.368440
vt -0.713360 1.362876
vt 0.372886 2.016926
vt 0.345544 2.016926
vt 0.345544 1.932755
vt 0.372886 1.932755
vt 0.372886 2.099513
vt 0.345544 2.099513
vt 2.210891 0.729593
vt 2.240035 0.729817
vt 2.238834 2.394462
vt 2.209691 2.394237
vt 2.282270 0.710514
vt 2.309901 2.393485
vt 2.241736 2.394462
vt 2.241736 0.723204
vt 2.407120 2.371540
vt 2.378068 2.371354
vt 2.378067 0.715329
vt 2.407120 0.715515
vt 0.343524 2.099172
vt 0.316184 2.099513
vt 0.315747 2.064472
vt 0.343141 2.049186
vt 2.141690 2.393182
vt 2.181916 0.716617
vt 2.073686 2.371103
vt 2.073686 0.721654
vt 2.427547 -0.823580
vt 2.393101 0.753910
vt 2.365165 0.740704
vt 2.380152 -0.829080
vt 0.921958 1.186713
vt 0.949300 1.186713
vt 0.949300 1.245917
vt 0.921959 1.245917
vt 2.533597 0.755173
vt 2.514228 -0.822731
vt 2.561578 -0.827495
vt 2.561576 0.738231
vt 2.477490 0.760866
vt 2.485052 -0.825716
vt 0.919938 1.218636
vt 0.892596 1.218636
vt 0.892596 1.148589
vt 0.919938 1.148588
vt 2.456735 -0.826116
vt 2.449173 0.760465
vt 0.919938 1.245917
vt 0.892596 1.245917
vt 2.589675 -0.827318
vt 2.589673 0.738409
vt 0.921958 1.150289
vt 0.949300 1.150288
vt -0.419200 1.178148
vt -0.419205 2.467856
vt -0.469798 2.467856
vt -0.469791 1.178148
vt -2.786201 2.202428
vt -2.724434 2.217226
vt -2.752835 2.248071
vt -0.290871 1.178149
vt -0.213133 1.178149
vt -0.213133 2.467857
vt -0.290873 2.472207
vt -0.341467 2.467857
vt -0.341461 1.178149
vt -2.698635 2.220704
vt -2.701524 2.249582
vt -2.786201 2.260430
vt -2.683083 2.211278
vt -2.689992 2.260283
vt -2.582816 2.212062
vt -2.554767 2.244464
vt -2.580776 2.259262
vt -2.488473 2.260430
vt -2.486828 2.212062
vt 0.971206 0.144180
vt 0.998185 0.145013
vt 0.982960 1.605774
vt 0.955980 1.604940
vt -0.746298 2.112123
vt -0.763697 2.111630
vt -0.777467 2.096504
vt -0.575091 1.960527
vt -0.575092 2.097311
vt -0.622156 2.051928
vt 0.759516 0.144973
vt 0.744460 1.602007
vt 0.675236 1.614462
vt 0.656066 0.139729
vt -0.606489 1.945896
vt -0.589085 1.946139
vt 0.798136 1.602912
vt 0.771295 1.602774
vt 0.786293 0.155739
vt 0.813363 0.135565
vt 0.840419 0.135739
vt 0.825191 1.603085
vt 0.929084 1.604767
vt 0.944221 0.152477
vt 0.628982 1.600196
vt 0.628969 0.163650
vt -0.589087 2.111698
vt -0.606487 2.112123
vt -0.620877 1.959890
vt -0.775099 1.959213
vt -0.729316 1.960002
vt -0.760664 1.945268
vt -0.741712 1.942271
vt -0.729316 2.096817
vt -0.532755 2.013259
vt -0.573071 2.016396
vt -0.571260 1.970356
vt -0.525930 1.950260
vt 1.183877 1.590569
vt 1.142127 1.590551
vt 1.142581 -0.142961
vt 1.184330 -0.142943
vt 0.256827 2.024282
vt 0.307774 2.029004
vt 0.300336 2.103223
vt 0.254876 2.123024
vt 0.999972 -0.142988
vt 1.041721 -0.142985
vt 1.041633 1.614384
vt 0.999886 1.614381
vt 1.236412 1.605946
vt 1.236586 -0.147784
vt 1.319692 -0.142903
vt 1.319692 1.614462
vt 1.103559 -0.161093
vt 1.103328 1.590535
vt 0.254876 1.962150
vt 0.300572 1.981400
vt -0.571083 2.091631
vt -0.525930 2.112123
vt 0.284090 1.131757
vt 0.339226 1.131757
vt 0.339215 2.812950
vt 0.284082 2.812949
vt -1.886998 3.221819
vt -1.816799 3.211191
vt -1.840482 3.260086
vt -1.879796 3.261090
vt -0.812244 3.261940
vt -0.844170 3.282186
vt -0.877190 3.219872
vt -0.805878 3.229212
vt -1.886303 3.299837
vt -1.900282 3.245187
vt -0.800870 3.315030
vt -0.784456 3.253681
vt -1.816799 3.310611
vt -0.877190 3.321511
vt 0.469296 2.812724
vt 0.414317 2.812724
vt 0.414323 1.131531
vt 0.469297 1.131532
vt 0.550096 1.131532
vt 0.550096 2.812724
vt 0.385004 1.131757
vt 0.384998 2.812950
vt -0.224613 2.043709
vt -0.148658 2.043181
vt -0.172156 2.061913
vt -0.220217 2.053855
vt 0.479327 -0.008686
vt 0.479581 1.614134
vt 0.450879 1.614268
vt 0.450626 -0.008553
vt -0.235113 2.119609
vt -0.250358 2.149325
vt -0.249947 2.069196
vt 0.391989 -0.008538
vt 0.391059 1.614283
vt 0.362357 1.614386
vt 0.363287 -0.008438
vt -0.001434 2.075992
vt -0.000860 2.150629
vt -0.013635 2.144353
vt -0.015378 2.098371
vt 0.303616 -0.008501
vt 0.302740 1.614320
vt 0.274038 1.614462
vt 0.274915 -0.008358
vt 0.567448 -0.008890
vt 0.567698 1.613932
vt 0.538997 1.614119
vt 0.538747 -0.008702
vt -0.202204 2.157995
vt -0.149773 2.173683
vt -0.223745 2.170464
vt -0.154151 2.163424
vt 0.627268 -0.008904
vt 0.626798 1.613917
vt -0.103781 2.173683
vt -0.125226 2.150990
vt -0.114731 2.129574
vt -0.098469 2.162929
vt -0.127247 2.151163
vt -0.134518 2.128768
vt -0.127246 2.070601
vt -0.137388 2.074902
vt -0.124165 2.073021
vt -0.102636 2.046344
vt -0.080534 2.063013
vt -0.113414 2.078297
vt -0.026100 2.049683
vt -0.034418 2.065510
vt -0.025681 2.173682
vt -0.047474 2.163952
vt -0.065285 2.129562
vt 0.316183 1.932984
vt 0.343524 1.933073
vt -1.595405 3.284259
vt -1.611666 3.250903
vt -1.562220 3.250892
vt -1.699140 3.279325
vt -1.720681 3.291793
vt -1.747293 3.270655
vt -1.134578 2.735716
vt -1.194196 2.735650
vt -1.193319 1.112828
vt -1.133648 1.112891
vt -1.631454 3.250098
vt -1.669091 3.183243
vt -1.510571 3.265682
vt -1.512314 3.219700
vt -1.651086 3.284754
vt -1.544410 3.285282
vt -1.610350 3.199627
vt -1.732049 3.240938
vt -1.717153 3.175184
vt -1.746882 3.190526
vt -1.721549 3.165039
vt -1.622161 3.272320
vt -1.621101 3.194351
vt -1.497796 3.271959
vt -1.522617 3.295012
vt -1.531354 3.186839
vt -1.577470 3.184342
vt -1.634324 3.196232
vt -1.624182 3.191931
vt -1.624182 3.272493
vt -2.281391 4.375010
vt -2.309179 4.383270
vt -2.302814 4.350541
vt -1.027639 2.252862
vt -0.946839 2.252862
vt -0.946839 3.934053
vt -1.027640 3.934053
vt -3.313734 4.431941
vt -3.383239 4.421166
vt -3.376732 4.382420
vt -3.337418 4.381415
vt -1.212846 2.253087
vt -1.157709 2.253087
vt -1.157721 3.934279
vt -1.212854 3.934278
vt -0.313059 2.711899
vt -0.312605 0.978387
vt -0.260350 0.973545
vt -0.260524 2.727276
vt -0.177244 0.978426
vt -0.177244 2.735792
vt -2.226252 3.218146
vt -2.243234 3.233453
vt -2.274403 3.217834
vt -2.272035 3.080542
vt -2.257600 3.066597
vt -2.226252 3.081331
vt -1.222897 2.735792
vt -1.222021 1.112972
vt -0.957939 2.735448
vt -1.017355 2.735463
vt -1.017608 1.112643
vt -0.958189 1.112627
vt -1.599572 3.167673
vt -1.523036 3.171013
vt -1.600717 3.295012
vt -1.498370 3.197321
vt -1.046057 2.735598
vt -1.046310 1.112777
vt -1.645594 3.164511
vt -3.383934 4.343149
vt -3.397217 4.366517
vt -1.111937 3.934280
vt -1.111932 2.253087
vt -1.082613 2.252861
vt -1.082618 3.934053
vt -2.297806 4.436360
vt -1.242059 3.083480
vt -1.196363 3.102729
vt -1.189162 3.150334
vt -1.240108 3.145611
vt -3.313734 4.332520
vt -2.068018 3.212960
vt -2.029691 3.134589
vt -2.022866 3.233453
vt -0.354355 0.978369
vt -0.354809 2.711881
vt -0.393608 2.711864
vt -0.393376 0.960237
vt -0.496964 0.978342
vt -0.455214 0.978345
vt -0.455303 2.735714
vt -0.497049 2.735710
vt -1.196599 3.224553
vt -1.242059 3.244353
vt -2.238647 3.063601
vt -1.646708 3.295012
vt -2.341105 4.403515
vt -2.374126 4.341201
vt -0.929237 2.735261
vt -0.929488 1.112440
vt -0.869668 1.112425
vt -0.870137 2.735246
vt -2.070007 3.137726
vt -2.374126 4.442841
vt -2.068196 3.091686
vt -2.022866 3.071589
vt -1.104946 1.112792
vt -1.105877 2.735613
vt -0.840870 1.261058
vt -0.821699 2.735792
vt -0.867953 2.721526
vt -0.867967 1.284980
vt -2.119092 3.173258
vt -2.117813 3.081220
vt -2.072027 3.081856
vt -2.086022 3.233027
vt -2.103423 3.233453
vt -2.072027 3.218641
vt -0.671744 2.724415
vt -0.656517 1.257069
vt -0.552714 1.273806
vt -0.567852 2.726097
vt -0.698800 2.724242
vt -0.683572 1.256895
vt -2.103425 3.067226
vt -0.752476 2.723337
vt -0.737419 1.266302
vt -0.710642 1.277069
vt -0.725640 2.724104
vt -0.525730 1.265509
vt -0.540955 2.726270
vt 0.412921 1.151346
vt 0.378475 2.728836
vt 0.350539 2.715631
vt 0.365526 1.145846
vt -1.092668 3.161639
vt -1.065326 3.161639
vt -1.065326 3.220843
vt -1.092667 3.220843
vt 0.518971 2.730099
vt 0.499602 1.152195
vt 0.546952 1.147430
vt 0.546951 2.713157
vt 0.462864 2.735792
vt 0.470426 1.149210
vt -1.094688 3.193562
vt -1.122030 3.193562
vt -1.122030 3.123515
vt -1.094688 3.123515
vt 0.442110 1.148810
vt 0.434548 2.735391
vt -1.094688 3.220843
vt -1.122030 3.220843
vt 0.575049 1.147607
vt 0.575047 2.713335
vt -1.092668 3.125215
vt -1.065326 3.125215
vt -1.094688 3.220843
vt -1.122030 3.220843
vt -1.122030 3.193562
vt -1.094688 3.193562
vt -0.498750 1.266343
vt -0.513976 2.727103
vt -1.122030 3.123515
vt -1.094688 3.123515
vt 0.462864 2.735792
vt 0.434548 2.735391
vt 0.442110 1.148810
vt 0.470426 1.149210
vt -2.086021 3.067469
vt -2.260633 3.232960
vt 0.546952 1.147430
vt 0.575049 1.147607
vt 0.575047 2.713335
vt 0.546951 2.713157
vt -1.092668 3.125215
vt -1.065326 3.125215
vt -1.065326 3.161639
vt -1.092668 3.161639
vt 0.499602 1.152195
vt 0.518971 2.730099
vt -1.065326 3.220843
vt -1.092667 3.220843
vt 0.412921 1.151346
vt 0.378475 2.728836
vt 0.350539 2.715631
vt 0.365526 1.145846
vt -0.525730 1.265509
vt -0.498750 1.266343
vt -0.513976 2.727103
vt -0.540955 2.726270
vt -2.243234 3.233453
vt -2.260633 3.232960
vt -2.274403 3.217834
vt -2.072027 3.081856
vt -2.072027 3.218641
vt -2.119092 3.173258
vt -0.737419 1.266302
vt -0.752476 2.723337
vt -0.821699 2.735792
vt -0.840870 1.261058
vt -2.103425 3.067226
vt -2.086021 3.067469
vt -0.698800 2.724242
vt -0.725640 2.724104
vt -0.710642 1.277069
vt -0.683572 1.256895
vt -0.656517 1.257069
vt -0.671744 2.724415
vt -0.567852 2.726097
vt -0.552714 1.273806
vt -0.867953 2.721526
vt -0.867967 1.284980
vt -2.086022 3.233027
vt -2.103423 3.233453
vt -2.117813 3.081220
vt -2.272035 3.080542
vt -2.226252 3.081331
vt -2.257600 3.066597
vt -2.238647 3.063601
vt -2.226252 3.218146
vt -2.029691 3.134589
vt -2.070007 3.137726
vt -2.068196 3.091686
vt -2.022866 3.071589
vt -0.313059 2.711899
vt -0.354809 2.711881
vt -0.354355 0.978369
vt -0.312605 0.978387
vt -1.240108 3.145611
vt -1.189162 3.150334
vt -1.196599 3.224553
vt -1.242059 3.244353
vt -0.496964 0.978342
vt -0.455214 0.978345
vt -0.455303 2.735714
vt -0.497049 2.735710
vt -0.260524 2.727276
vt -0.260350 0.973545
vt -0.177244 0.978426
vt -0.177244 2.735792
vt -0.393376 0.960237
vt -0.393608 2.711864
vt -1.242059 3.083480
vt -1.196363 3.102729
vt -2.068018 3.212960
vt -2.022866 3.233453
vt -1.212846 2.253087
vt -1.157709 2.253087
vt -1.157721 3.934279
vt -1.212854 3.934278
vt -3.383934 4.343149
vt -3.313734 4.332520
vt -3.337418 4.381415
vt -3.376732 4.382420
vt -2.309179 4.383270
vt -2.341105 4.403515
vt -2.374126 4.341201
vt -2.302814 4.350541
vt -3.383239 4.421166
vt -3.397217 4.366517
vt -2.297806 4.436360
vt -2.281391 4.375010
vt -3.313734 4.431941
vt -2.374126 4.442841
vt -1.027640 3.934053
vt -1.082618 3.934053
vt -1.082613 2.252861
vt -1.027639 2.252862
vt -0.946839 2.252862
vt -0.946839 3.934053
vt -1.111932 2.253087
vt -1.111937 3.934280
vt -1.721549 3.165039
vt -1.645594 3.164511
vt -1.669091 3.183243
vt -1.717153 3.175184
vt -1.017608 1.112643
vt -1.017355 2.735463
vt -1.046057 2.735598
vt -1.046310 1.112777
vt -1.732049 3.240938
vt -1.747293 3.270655
vt -1.746882 3.190526
vt -1.104946 1.112792
vt -1.105877 2.735613
vt -1.134578 2.735716
vt -1.133648 1.112891
vt -1.498370 3.197321
vt -1.497796 3.271959
vt -1.510571 3.265682
vt -1.512314 3.219700
vt -1.193319 1.112828
vt -1.194196 2.735650
vt -1.222897 2.735792
vt -1.222021 1.112972
vt -0.929488 1.112440
vt -0.929237 2.735261
vt -0.957939 2.735448
vt -0.958189 1.112627
vt -1.699140 3.279325
vt -1.646708 3.295012
vt -1.720681 3.291793
vt -1.651086 3.284754
vt -0.869668 1.112425
vt -0.870137 2.735246
vt -1.600717 3.295012
vt -1.622161 3.272320
vt -1.611666 3.250903
vt -1.595405 3.284259
vt -1.624182 3.272493
vt -1.631454 3.250098
vt -1.624182 3.191931
vt -1.634324 3.196232
vt -1.621101 3.194351
vt -1.599572 3.167673
vt -1.577470 3.184342
vt -1.610350 3.199627
vt -1.523036 3.171013
vt -1.531354 3.186839
vt -1.522617 3.295012
vt -1.544410 3.285282
vt -1.562220 3.250892
vt 0.118341 0.532867
vt 0.157623 0.532867
vt 0.157622 1.149891
vt 0.118339 1.142761
vt 0.175103 1.993915
vt 0.163052 2.004945
vt 0.158321 1.960560
vt 0.191891 1.970820
vt 0.198267 1.995862
vt -0.006310 0.532867
vt -0.006310 1.149891
vt -0.091678 1.149891
vt -0.091679 0.532867
vt 0.171469 1.190531
vt 0.191294 1.175147
vt 0.192868 1.193948
vt 0.032971 1.142761
vt 0.032973 0.528651
vt 0.212471 1.151288
vt 0.213635 1.201609
vt 0.158321 1.201609
vt 0.161450 1.156328
vt 0.167571 1.160038
vt 0.207479 1.960560
vt 0.208522 2.005440
vt -0.131659 1.155503
vt -0.092377 1.155503
vt -0.092380 1.772530
vt -0.131658 1.765400
vt 0.224370 1.685341
vt 0.246211 1.691427
vt 0.158321 1.693816
vt 0.178638 1.676863
vt 0.228227 1.673643
vt -0.256309 1.155503
vt -0.256309 1.772530
vt -0.341677 1.772530
vt -0.341678 1.155503
vt 0.171469 1.345684
vt 0.191294 1.330301
vt 0.192868 1.349101
vt -0.217026 1.765400
vt -0.217028 1.151287
vt 0.212473 1.306441
vt 0.213634 1.356762
vt 0.158321 1.356762
vt 0.161451 1.311482
vt 0.167572 1.315191
vt 0.158321 1.668991
vt 0.247191 1.668465
vt -0.353645 2.394295
vt -0.354182 0.990959
vt -0.295004 0.990972
vt -0.294436 2.394308
vt -0.176252 2.394328
vt -0.175424 0.990992
vt -0.117243 0.991001
vt -0.118063 2.394337
vt -0.058150 0.991010
vt -0.058065 2.394346
vt 0.000981 0.991018
vt 0.000243 2.394354
vt 0.060162 0.991025
vt 0.059421 2.394361
vt 0.119367 0.991033
vt 0.118622 2.394369
vt -0.591282 2.394257
vt -0.590351 0.990921
vt -0.530548 0.990931
vt -0.531476 2.394267
vt -0.471422 0.990941
vt -0.473089 2.394277
vt -0.413313 0.990948
vt -0.412916 2.394284
vt -0.235321 2.394319
vt -0.235796 0.990983
vt 0.358526 0.987919
vt 0.357283 -0.415392
vt 0.416459 -0.415388
vt 0.417733 0.987924
vt 0.535916 0.987929
vt 0.536038 -0.415382
vt 0.594226 -0.415381
vt 0.595061 0.987931
vt 0.654210 -0.415382
vt 0.653392 0.987930
vt 0.712515 -0.415381
vt 0.712522 0.987929
vt 0.771696 -0.415382
vt 0.771700 0.987929
vt 0.830900 -0.415383
vt 0.830900 0.987929
vt 0.120862 0.987916
vt 0.120872 -0.415396
vt 0.180674 -0.415395
vt 0.180666 0.987916
vt 0.239061 -0.415396
vt 0.239053 0.987916
vt 0.298153 -0.415395
vt 0.299256 0.987916
vt 0.476847 0.987928
vt 0.475667 -0.415384
vt 0.303131 -0.092956
vt 0.404813 -0.092955
vt 0.404813 1.541448
vt 0.303131 1.521777
vt 0.864786 1.447014
vt 0.833438 1.469835
vt 0.833438 1.370252
vt 0.929452 1.395270
vt 0.934201 1.452396
vt 0.063980 -0.092955
vt 0.063980 1.541448
vt -0.073489 1.541448
vt -0.073488 -0.092956
vt 0.563917 1.451551
vt 0.627729 1.407971
vt 0.637415 1.450880
vt 0.165662 1.521777
vt 0.165663 -0.104588
vt 0.675791 1.361541
vt 0.674577 1.469126
vt 0.533763 1.473248
vt 0.533763 1.373245
vt 0.547319 1.383406
vt 0.965551 1.374616
vt 0.960804 1.473247
vt -0.361508 1.525574
vt -0.361508 -0.108973
vt -0.329561 -0.108973
vt -0.329549 1.525574
vt -0.265630 1.525573
vt -0.265666 -0.108974
vt -0.233719 -0.108975
vt -0.233670 1.525573
vt -0.201772 -0.108976
vt -0.201711 1.525572
vt -0.169825 -0.108978
vt -0.169751 1.525571
vt -0.137878 -0.108979
vt -0.137792 1.525569
vt -0.105931 -0.108981
vt -0.105832 1.525568
vt -0.489346 1.525572
vt -0.489297 -0.108974
vt -0.457350 -0.108973
vt -0.457386 1.525573
vt -0.425402 -0.108973
vt -0.425427 1.525574
vt -0.393455 -0.108972
vt -0.393467 1.525574
vt -0.297589 1.525574
vt -0.297614 -0.108973
vt -0.142993 1.375987
vt -0.085014 1.396975
vt -0.141270 1.447123
vt -0.727297 1.396545
vt -0.764009 1.385057
vt -0.756043 1.380357
vt -0.707477 1.391189
vt -0.198607 1.379560
vt -0.162640 1.368119
vt -0.191241 1.383791
vt -0.783635 1.363757
vt -0.774631 1.352305
vt -0.218049 1.401004
vt -0.212338 1.412847
vt -0.783447 1.340842
vt -0.217159 1.424717
vt -0.763715 1.319751
vt -0.755812 1.324389
vt -0.196552 1.445642
vt -0.189273 1.441391
vt -0.727663 1.308283
vt -0.707847 1.314590
vt -0.161202 1.457374
vt -0.688198 1.307836
vt -0.121116 1.457374
vt -0.651720 1.318973
vt -0.663285 1.326074
vt -0.085454 1.445490
vt -0.092725 1.441218
vt -0.630548 1.339836
vt -0.645018 1.351722
vt -0.064933 1.424709
vt -0.630548 1.363525
vt -0.064443 1.400191
vt -0.650930 1.384773
vt -0.660480 1.379127
vt -0.084982 1.379155
vt -0.687482 1.396418
vt -0.123346 1.368440
vt -0.713360 1.362876
vt 0.372886 2.016926
vt 0.345544 2.016926
vt 0.345544 1.932755
vt 0.372886 1.932755
vt 0.372886 2.099513
vt 0.345544 2.099513
vt 2.210891 0.729593
vt 2.240035 0.729817
vt 2.238834 2.394462
vt 2.209691 2.394237
vt 2.282270 0.710514
vt 2.309901 2.393485
vt 2.241736 2.394462
vt 2.241736 0.723204
vt 2.407120 2.371540
vt 2.378068 2.371354
vt 2.378067 0.715329
vt 2.407120 0.715515
vt 0.343524 2.099172
vt 0.316184 2.099513
vt 0.315747 2.064472
vt 0.343141 2.049186
vt 2.141690 2.393182
vt 2.181916 0.716617
vt 2.073686 2.371103
vt 2.073686 0.721654
vt 1.909857 0.030016
vt 1.875411 1.607507
vt 1.847475 1.594301
vt 1.862462 0.024516
vt 0.404268 2.040310
vt 0.431609 2.040310
vt 0.431610 2.099513
vt 0.404268 2.099513
vt 2.015907 1.608769
vt 1.996538 0.030865
vt 2.043888 0.026101
vt 2.043886 1.591827
vt 1.959800 1.614462
vt 1.967362 0.027881
vt 0.402247 2.072232
vt 0.374906 2.072232
vt 0.374906 2.002185
vt 0.402247 2.002185
vt 1.939045 0.027481
vt 1.931483 1.614061
vt 0.402247 2.099513
vt 0.374906 2.099513
vt 2.071985 0.026277
vt 2.071983 1.592005
vt 0.404268 2.003885
vt 0.431609 2.003885
vt -0.419200 1.178148
vt -0.419205 2.467856
vt -0.469798 2.467856
vt -0.469791 1.178148
vt -2.786201 2.202428
vt -2.724434 2.217226
vt -2.752835 2.248071
vt -0.290871 1.178149
vt -0.213133 1.178149
vt -0.213133 2.467857
vt -0.290873 2.472207
vt -0.341467 2.467857
vt -0.341461 1.178149
vt -2.698635 2.220704
vt -2.701524 2.249582
vt -2.786201 2.260430
vt -2.683083 2.211278
vt -2.689992 2.260283
vt -2.582816 2.212062
vt -2.554767 2.244464
vt -2.580776 2.259262
vt -2.488473 2.260430
vt -2.486828 2.212062
vt 0.971206 0.144180
vt 0.998185 0.145013
vt 0.982960 1.605774
vt 0.955980 1.604940
vt -0.746298 2.112123
vt -0.763697 2.111630
vt -0.777467 2.096504
vt -0.575091 1.960527
vt -0.575092 2.097311
vt -0.622156 2.051928
vt 0.759516 0.144973
vt 0.744460 1.602007
vt 0.675236 1.614462
vt 0.656066 0.139729
vt -0.606489 1.945896
vt -0.589085 1.946139
vt 0.798136 1.602912
vt 0.771295 1.602774
vt 0.786293 0.155739
vt 0.813363 0.135565
vt 0.840419 0.135739
vt 0.825191 1.603085
vt 0.929084 1.604767
vt 0.944221 0.152477
vt 0.628982 1.600196
vt 0.628969 0.163650
vt -0.589087 2.111698
vt -0.606487 2.112123
vt -0.620877 1.959890
vt -0.775099 1.959213
vt -0.729316 1.960002
vt -0.760664 1.945268
vt -0.741712 1.942271
vt -0.729316 2.096817
vt -0.532755 2.013259
vt -0.573071 2.016396
vt -0.571260 1.970356
vt -0.525930 1.950260
vt 1.183877 1.590569
vt 1.142127 1.590551
vt 1.142581 -0.142961
vt 1.184330 -0.142943
vt 0.256827 2.024282
vt 0.307774 2.029004
vt 0.300336 2.103223
vt 0.254876 2.123024
vt 0.999972 -0.142988
vt 1.041721 -0.142985
vt 1.041633 1.614384
vt 0.999886 1.614381
vt 1.236412 1.605946
vt 1.236586 -0.147784
vt 1.319692 -0.142903
vt 1.319692 1.614462
vt 1.103559 -0.161093
vt 1.103328 1.590535
vt 0.254876 1.962150
vt 0.300572 1.981400
vt -0.571083 2.091631
vt -0.525930 2.112123
vt 0.284090 1.131757
vt 0.339226 1.131757
vt 0.339215 2.812950
vt 0.284082 2.812949
vt -1.886998 3.221819
vt -1.816799 3.211191
vt -1.840482 3.260086
vt -1.879796 3.261090
vt -0.812244 3.261940
vt -0.844170 3.282186
vt -0.877190 3.219872
vt -0.805878 3.229212
vt -1.886303 3.299837
vt -1.900282 3.245187
vt -0.800870 3.315030
vt -0.784456 3.253681
vt -1.816799 3.310611
vt -0.877190 3.321511
vt 0.469296 2.812724
vt 0.414317 2.812724
vt 0.414323 1.131531
vt 0.469297 1.131532
vt 0.550096 1.131532
vt 0.550096 2.812724
vt 0.385004 1.131757
vt 0.384998 2.812950
vt -0.224613 2.043709
vt -0.148658 2.043181
vt -0.172156 2.061913
vt -0.220217 2.053855
vt 0.479327 -0.008686
vt 0.479581 1.614134
vt 0.450879 1.614268
vt 0.450626 -0.008553
vt -0.235113 2.119609
vt -0.250358 2.149325
vt -0.249947 2.069196
vt 0.391989 -0.008538
vt 0.391059 1.614283
vt 0.362357 1.614386
vt 0.363287 -0.008438
vt -0.001434 2.075992
vt -0.000860 2.150629
vt -0.013635 2.144353
vt -0.015378 2.098371
vt 0.303616 -0.008501
vt 0.302740 1.614320
vt 0.274038 1.614462
vt 0.274915 -0.008358
vt 0.567448 -0.008890
vt 0.567698 1.613932
vt 0.538997 1.614119
vt 0.538747 -0.008702
vt -0.202204 2.157995
vt -0.149773 2.173683
vt -0.223745 2.170464
vt -0.154151 2.163424
vt 0.627268 -0.008904
vt 0.626798 1.613917
vt -0.103781 2.173683
vt -0.125226 2.150990
vt -0.114731 2.129574
vt -0.098469 2.162929
vt -0.127247 2.151163
vt -0.134518 2.128768
vt -0.127246 2.070601
vt -0.137388 2.074902
vt -0.124165 2.073021
vt -0.102636 2.046344
vt -0.080534 2.063013
vt -0.113414 2.078297
vt -0.026100 2.049683
vt -0.034418 2.065510
vt -0.025681 2.173682
vt -0.047474 2.163952
vt -0.065285 2.129562
vt 0.316183 1.932984
vt 0.343524 1.933073
vt -1.595405 3.284259
vt -1.611666 3.250903
vt -1.562220 3.250892
vt -1.699140 3.279325
vt -1.720681 3.291793
vt -1.747293 3.270655
vt -1.134578 2.735716
vt -1.194196 2.735650
vt -1.193319 1.112828
vt -1.133648 1.112891
vt -1.631454 3.250098
vt -1.669091 3.183243
vt -1.510571 3.265682
vt -1.512314 3.219700
vt -1.651086 3.284754
vt -1.544410 3.285282
vt -1.610350 3.199627
vt -1.732049 3.240938
vt -1.717153 3.175184
vt -1.746882 3.190526
vt -1.721549 3.165039
vt -1.622161 3.272320
vt -1.621101 3.194351
vt -1.497796 3.271959
vt -1.522617 3.295012
vt -1.531354 3.186839
vt -1.577470 3.184342
vt -1.634324 3.196232
vt -1.624182 3.191931
vt -1.624182 3.272493
vt -2.281391 4.375010
vt -2.309179 4.383270
vt -2.302814 4.350541
vt -1.027639 2.252862
vt -0.946839 2.252862
vt -0.946839 3.934053
vt -1.027640 3.934053
vt -3.313734 4.431941
vt -3.383239 4.421166
vt -3.376732 4.382420
vt -3.337418 4.381415
vt -1.212846 2.253087
vt -1.157709 2.253087
vt -1.157721 3.934279
vt -1.212854 3.934278
vt -0.313059 2.711899
vt -0.312605 0.978387
vt -0.260350 0.973545
vt -0.260524 2.727276
vt -0.177244 0.978426
vt -0.177244 2.735792
vt -2.226252 3.218146
vt -2.243234 3.233453
vt -2.274403 3.217834
vt -2.272035 3.080542
vt -2.257600 3.066597
vt -2.226252 3.081331
vt -1.222897 2.735792
vt -1.222021 1.112972
vt -0.957939 2.735448
vt -1.017355 2.735463
vt -1.017608 1.112643
vt -0.958189 1.112627
vt -1.599572 3.167673
vt -1.523036 3.171013
vt -1.600717 3.295012
vt -1.498370 3.197321
vt -1.046057 2.735598
vt -1.046310 1.112777
vt -1.645594 3.164511
vt -3.383934 4.343149
vt -3.397217 4.366517
vt -1.111937 3.934280
vt -1.111932 2.253087
vt -1.082613 2.252861
vt -1.082618 3.934053
vt -2.297806 4.436360
vt -1.242059 3.083480
vt -1.196363 3.102729
vt -1.189162 3.150334
vt -1.240108 3.145611
vt -3.313734 4.332520
vt -2.068018 3.212960
vt -2.029691 3.134589
vt -2.022866 3.233453
vt -0.354355 0.978369
vt -0.354809 2.711881
vt -0.393608 2.711864
vt -0.393376 0.960237
vt -0.496964 0.978342
vt -0.455214 0.978345
vt -0.455303 2.735714
vt -0.497049 2.735710
vt -1.196599 3.224553
vt -1.242059 3.244353
vt -2.238647 3.063601
vt -1.646708 3.295012
vt -2.341105 4.403515
vt -2.374126 4.341201
vt -0.929237 2.735261
vt -0.929488 1.112440
vt -0.869668 1.112425
vt -0.870137 2.735246
vt -2.070007 3.137726
vt -2.374126 4.442841
vt -2.068196 3.091686
vt -2.022866 3.071589
vt -1.104946 1.112792
vt -1.105877 2.735613
vt -0.840870 1.261058
vt -0.821699 2.735792
vt -0.867953 2.721526
vt -0.867967 1.284980
vt -2.119092 3.173258
vt -2.117813 3.081220
vt -2.072027 3.081856
vt -2.086022 3.233027
vt -2.103423 3.233453
vt -2.072027 3.218641
vt -0.671744 2.724415
vt -0.656517 1.257069
vt -0.552714 1.273806
vt -0.567852 2.726097
vt -0.698800 2.724242
vt -0.683572 1.256895
vt -2.103425 3.067226
vt -0.752476 2.723337
vt -0.737419 1.266302
vt -0.710642 1.277069
vt -0.725640 2.724104
vt -0.525730 1.265509
vt -0.540955 2.726270
vt 0.412921 1.151346
vt 0.378475 2.728836
vt 0.350539 2.715631
vt 0.365526 1.145846
vt -1.092668 3.161639
vt -1.065326 3.161639
vt -1.065326 3.220843
vt -1.092667 3.220843
vt 0.518971 2.730099
vt 0.499602 1.152195
vt 0.546952 1.147430
vt 0.546951 2.713157
vt 0.462864 2.735792
vt 0.470426 1.149210
vt -1.094688 3.193562
vt -1.122030 3.193562
vt -1.122030 3.123515
vt -1.094688 3.123515
vt 0.442110 1.148810
vt 0.434548 2.735391
vt -1.094688 3.220843
vt -1.122030 3.220843
vt 0.575049 1.147607
vt 0.575047 2.713335
vt -1.092668 3.125215
vt -1.065326 3.125215
vt -1.094688 3.220843
vt -1.122030 3.220843
vt -1.122030 3.193562
vt -1.094688 3.193562
vt -0.498750 1.266343
vt -0.513976 2.727103
vt -1.122030 3.123515
vt -1.094688 3.123515
vt 0.462864 2.735792
vt 0.434548 2.735391
vt 0.442110 1.148810
vt 0.470426 1.149210
vt -2.086021 3.067469
vt -2.260633 3.232960
vt 0.546952 1.147430
vt 0.575049 1.147607
vt 0.575047 2.713335
vt 0.546951 2.713157
vt -1.092668 3.125215
vt -1.065326 3.125215
vt -1.065326 3.161639
vt -1.092668 3.161639
vt 0.499602 1.152195
vt 0.518971 2.730099
vt -1.065326 3.220843
vt -1.092667 3.220843
vt 0.412921 1.151346
vt 0.378475 2.728836
vt 0.350539 2.715631
vt 0.365526 1.145846
vt -0.525730 1.265509
vt -0.498750 1.266343
vt -0.513976 2.727103
vt -0.540955 2.726270
vt -2.243234 3.233453
vt -2.260633 3.232960
vt -2.274403 3.217834
vt -2.072027 3.081856
vt -2.072027 3.218641
vt -2.119092 3.173258
vt -0.737419 1.266302
vt -0.752476 2.723337
vt -0.821699 2.735792
vt -0.840870 1.261058
vt -2.103425 3.067226
vt -2.086021 3.067469
vt -0.698800 2.724242
vt -0.725640 2.724104
vt -0.710642 1.277069
vt -0.683572 1.256895
vt -0.656517 1.257069
vt -0.671744 2.724415
vt -0.567852 2.726097
vt -0.552714 1.273806
vt -0.867953 2.721526
vt -0.867967 1.284980
vt -2.086022 3.233027
vt -2.103423 3.233453
vt -2.117813 3.081220
vt -2.272035 3.080542
vt -2.226252 3.081331
vt -2.257600 3.066597
vt -2.238647 3.063601
vt -2.226252 3.218146
vt -2.029691 3.134589
vt -2.070007 3.137726
vt -2.068196 3.091686
vt -2.022866 3.071589
vt -0.313059 2.711899
vt -0.354809 2.711881
vt -0.354355 0.978369
vt -0.312605 0.978387
vt -1.240108 3.145611
vt -1.189162 3.150334
vt -1.196599 3.224553
vt -1.242059 3.244353
vt -0.496964 0.978342
vt -0.455214 0.978345
vt -0.455303 2.735714
vt -0.497049 2.735710
vt -0.260524 2.727276
vt -0.260350 0.973545
vt -0.177244 0.978426
vt -0.177244 2.735792
vt -0.393376 0.960237
vt -0.393608 2.711864
vt -1.242059 3.083480
vt -1.196363 3.102729
vt -2.068018 3.212960
vt -2.022866 3.233453
vt -1.212846 2.253087
vt -1.157709 2.253087
vt -1.157721 3.934279
vt -1.212854 3.934278
vt -3.383934 4.343149
vt -3.313734 4.332520
vt -3.337418 4.381415
vt -3.376732 4.382420
vt -2.309179 4.383270
vt -2.341105 4.403515
vt -2.374126 4.341201
vt -2.302814 4.350541
vt -3.383239 4.421166
vt -3.397217 4.366517
vt -2.297806 4.436360
vt -2.281391 4.375010
vt -3.313734 4.431941
vt -2.374126 4.442841
vt -1.027640 3.934053
vt -1.082618 3.934053
vt -1.082613 2.252861
vt -1.027639 2.252862
vt -0.946839 2.252862
vt -0.946839 3.934053
vt -1.111932 2.253087
vt -1.111937 3.934280
vt -1.721549 3.165039
vt -1.645594 3.164511
vt -1.669091 3.183243
vt -1.717153 3.175184
vt -1.017608 1.112643
vt -1.017355 2.735463
vt -1.046057 2.735598
vt -1.046310 1.112777
vt -1.732049 3.240938
vt -1.747293 3.270655
vt -1.746882 3.190526
vt -1.104946 1.112792
vt -1.105877 2.735613
vt -1.134578 2.735716
vt -1.133648 1.112891
vt -1.498370 3.197321
vt -1.497796 3.271959
vt -1.510571 3.265682
vt -1.512314 3.219700
vt -1.193319 1.112828
vt -1.194196 2.735650
vt -1.222897 2.735792
vt -1.222021 1.112972
vt -0.929488 1.112440
vt -0.929237 2.735261
vt -0.957939 2.735448
vt -0.958189 1.112627
vt -1.699140 3.279325
vt -1.646708 3.295012
vt -1.720681 3.291793
vt -1.651086 3.284754
vt -0.869668 1.112425
vt -0.870137 2.735246
vt -1.600717 3.295012
vt -1.622161 3.272320
vt -1.611666 3.250903
vt -1.595405 3.284259
vt -1.624182 3.272493
vt -1.631454 3.250098
vt -1.624182 3.191931
vt -1.634324 3.196232
vt -1.621101 3.194351
vt -1.599572 3.167673
vt -1.577470 3.184342
vt -1.610350 3.199627
vt -1.523036 3.171013
vt -1.531354 3.186839
vt -1.522617 3.295012
vt -1.544410 3.285282
vt -1.562220 3.250892
vt 0.118342 1.155508
vt 0.157623 1.155508
vt 0.157624 1.772530
vt 0.118339 1.765400
vt 0.175103 1.808811
vt 0.163052 1.819841
vt 0.158321 1.775456
vt 0.191891 1.785717
vt 0.198268 1.810759
vt -0.006308 1.155508
vt -0.006311 1.772530
vt -0.091679 1.772530
vt -0.091677 1.155508
vt 0.171469 1.500837
vt 0.191295 1.485454
vt 0.192868 1.504255
vt 0.032971 1.765400
vt 0.032974 1.151292
vt 0.212473 1.461594
vt 0.213634 1.511915
vt 0.158321 1.511915
vt 0.161452 1.466635
vt 0.167573 1.470344
vt 0.207479 1.775456
vt 0.208522 1.820336
vt -0.381659 0.532868
vt -0.342377 0.532868
vt -0.342378 1.149892
vt -0.381659 1.142763
vt 0.175103 1.855087
vt 0.163052 1.866117
vt 0.158321 1.821732
vt 0.191891 1.831993
vt 0.198268 1.857035
vt -0.506308 0.532868
vt -0.506309 1.149893
vt -0.591678 1.149893
vt -0.591677 0.532868
vt 0.171469 1.293967
vt 0.191294 1.278583
vt 0.192868 1.297384
vt -0.467028 1.142763
vt -0.467028 0.528652
vt 0.212471 1.254723
vt 0.213634 1.305044
vt 0.158321 1.305044
vt 0.161450 1.259764
vt 0.167571 1.263474
vt 0.207479 1.821732
vt 0.208522 1.866612
vt 0.358489 -0.418393
vt 0.357023 -1.821679
vt 0.416206 -1.821677
vt 0.417703 -0.418390
vt 0.535907 -0.418389
vt 0.535806 -1.821676
vt 0.594929 -1.821677
vt 0.594094 -0.418390
vt 0.654143 -1.821677
vt 0.653200 -0.418390
vt 0.712447 -1.821676
vt 0.712329 -0.418388
vt 0.771627 -1.821675
vt 0.771505 -0.418387
vt 0.830830 -1.821674
vt 0.830712 -0.418386
vt 0.121080 -0.418386
vt 0.120862 -1.821673
vt 0.180663 -1.821675
vt 0.180883 -0.418388
vt 0.239786 -1.821678
vt 0.240013 -0.418390
vt 0.297894 -1.821681
vt 0.299220 -0.418393
vt 0.476824 -0.418388
vt 0.475413 -1.821676
vt 0.358527 2.394366
vt 0.357031 0.991084
vt 0.416214 0.991086
vt 0.417742 2.394368
vt 0.535929 2.394368
vt 0.534580 0.991087
vt 0.594637 0.991082
vt 0.594116 2.394363
vt 0.652967 0.991079
vt 0.654111 2.394361
vt 0.713041 0.991075
vt 0.712433 2.394357
vt 0.772250 0.991072
vt 0.771632 2.394354
vt 0.830601 0.991070
vt 0.830839 2.394351
vt 0.120870 2.394368
vt 0.120862 0.991087
vt 0.180663 0.991087
vt 0.180673 2.394368
vt 0.239786 0.991087
vt 0.239057 2.394368
vt 0.297902 0.991084
vt 0.299259 2.394366
vt 0.476862 2.394369
vt 0.475420 0.991088
vt -0.214559 0.760641
vt -0.112877 0.760641
vt -0.112877 2.395045
vt -0.214559 2.375373
vt 0.347096 2.300611
vt 0.315747 2.323432
vt 0.315747 2.223848
vt 0.411762 2.248867
vt 0.416511 2.305993
vt -0.453710 0.760641
vt -0.453710 2.395045
vt -0.591179 2.395045
vt -0.591178 0.760641
vt 0.046227 2.305147
vt 0.110039 2.261567
vt 0.119725 2.304477
vt -0.352028 2.375373
vt -0.352028 0.749009
vt 0.158101 2.215138
vt 0.156887 2.322723
vt 0.016073 2.326844
vt 0.016073 2.226842
vt 0.029629 2.237002
vt 0.447861 2.228213
vt 0.443114 2.326844
vt -0.879198 2.379171
vt -0.879198 0.744624
vt -0.847251 0.744624
vt -0.847239 2.379171
vt -0.783320 2.379170
vt -0.783357 0.744623
vt -0.751410 0.744622
vt -0.751361 2.379169
vt -0.719462 0.744620
vt -0.719401 2.379168
vt -0.687515 0.744619
vt -0.687442 2.379167
vt -0.655568 0.744617
vt -0.655482 2.379166
vt -0.623621 0.744615
vt -0.623523 2.379164
vt -1.007036 2.379169
vt -1.006987 0.744623
vt -0.975040 0.744623
vt -0.975076 2.379170
vt -0.943093 0.744624
vt -0.943117 2.379170
vt -0.911146 0.744624
vt -0.911158 2.379171
vt -0.815279 2.379171
vt -0.815304 0.744623
vt -0.660683 2.229583
vt -0.602704 2.250571
vt -0.658960 2.300719
vt -1.244987 2.250141
vt -1.281699 2.238654
vt -1.273733 2.233953
vt -1.225167 2.244786
vt -0.716297 2.233157
vt -0.680330 2.221715
vt -0.708932 2.237388
vt -1.301325 2.217354
vt -1.292321 2.205902
vt -0.735739 2.254601
vt -0.730028 2.266443
vt -1.301137 2.194439
vt -0.734849 2.278314
vt -1.281405 2.173347
vt -1.273502 2.177985
vt -0.714242 2.299238
vt -0.706963 2.294987
vt -1.245353 2.161879
vt -1.225537 2.168186
vt -0.678892 2.310970
vt -1.205888 2.161433
vt -0.638806 2.310970
vt -1.169410 2.172569
vt -1.180976 2.179670
vt -0.603144 2.299086
vt -0.610416 2.294815
vt -1.148238 2.193433
vt -1.162709 2.205319
vt -0.582623 2.278306
vt -1.148238 2.217122
vt -0.582133 2.253787
vt -1.168620 2.238370
vt -1.178170 2.232724
vt -0.602673 2.232752
vt -1.205172 2.250014
vt -0.641037 2.222037
vt -1.231050 2.216472
vt 0.372886 2.016926
vt 0.345544 2.016926
vt 0.345544 1.932755
vt 0.372886 1.932755
vt 0.372886 2.099513
vt 0.345544 2.099513
vt 2.210891 0.729593
vt 2.240035 0.729817
vt 2.238834 2.394462
vt 2.209691 2.394237
vt 2.282270 0.710514
vt 2.309901 2.393485
vt 2.241736 2.394462
vt 2.241736 0.723204
vt 2.407120 2.371540
vt 2.378068 2.371354
vt 2.378067 0.715329
vt 2.407120 0.715515
vt 0.343524 2.099172
vt 0.316184 2.099513
vt 0.315747 2.064472
vt 0.343141 2.049186
vt 2.141690 2.393182
vt 2.181916 0.716617
vt 2.073686 2.371103
vt 2.073686 0.721654
vt 1.909857 0.030016
vt 1.875411 1.607507
vt 1.847475 1.594301
vt 1.862462 0.024516
vt 0.404268 2.040310
vt 0.431609 2.040310
vt 0.431610 2.099513
vt 0.404268 2.099513
vt 2.015907 1.608769
vt 1.996538 0.030865
vt 2.043888 0.026101
vt 2.043886 1.591827
vt 1.959800 1.614462
vt 1.967362 0.027881
vt 0.402247 2.072232
vt 0.374906 2.072232
vt 0.374906 2.002185
vt 0.402247 2.002185
vt 1.939045 0.027481
vt 1.931483 1.614061
vt 0.402247 2.099513
vt 0.374906 2.099513
vt 2.071985 0.026277
vt 2.071983 1.592005
vt 0.404268 2.003885
vt 0.431609 2.003885
vt 0.098490 0.324552
vt 0.098485 1.614260
vt 0.047893 1.614260
vt 0.047899 0.324552
vt -2.268512 1.348832
vt -2.206744 1.363629
vt -2.235145 1.394474
vt 0.226819 0.324553
vt 0.304558 0.324553
vt 0.304558 1.614260
vt 0.226817 1.618610
vt 0.176223 1.614260
vt 0.176229 0.324552
vt -2.180945 1.367107
vt -2.183835 1.395986
vt -2.268511 1.406833
vt -2.165392 1.357682
vt -2.172302 1.406686
vt -2.065126 1.358466
vt -2.037077 1.390867
vt -2.063086 1.405666
vt -1.970783 1.406833
vt -1.969138 1.358465
vt 0.971206 0.144180
vt 0.998185 0.145013
vt 0.982960 1.605774
vt 0.955980 1.604940
vt -0.746298 2.112123
vt -0.763697 2.111630
vt -0.777467 2.096504
vt -0.575091 1.960527
vt -0.575092 2.097311
vt -0.622156 2.051928
vt 0.759516 0.144973
vt 0.744460 1.602007
vt 0.675236 1.614462
vt 0.656066 0.139729
vt -0.606489 1.945896
vt -0.589085 1.946139
vt 0.798136 1.602912
vt 0.771295 1.602774
vt 0.786293 0.155739
vt 0.813363 0.135565
vt 0.840419 0.135739
vt 0.825191 1.603085
vt 0.929084 1.604767
vt 0.944221 0.152477
vt 0.628982 1.600196
vt 0.628969 0.163650
vt -0.589087 2.111698
vt -0.606487 2.112123
vt -0.620877 1.959890
vt -0.775099 1.959213
vt -0.729316 1.960002
vt -0.760664 1.945268
vt -0.741712 1.942271
vt -0.729316 2.096817
vt -0.532755 2.013259
vt -0.573071 2.016396
vt -0.571260 1.970356
vt -0.525930 1.950260
vt 1.183877 1.590569
vt 1.142127 1.590551
vt 1.142581 -0.142961
vt 1.184330 -0.142943
vt 0.256827 2.024282
vt 0.307774 2.029004
vt 0.300336 2.103223
vt 0.254876 2.123024
vt 0.999972 -0.142988
vt 1.041721 -0.142985
vt 1.041633 1.614384
vt 0.999886 1.614381
vt 1.236412 1.605946
vt 1.236586 -0.147784
vt 1.319692 -0.142903
vt 1.319692 1.614462
vt 1.103559 -0.161093
vt 1.103328 1.590535
vt 0.254876 1.962150
vt 0.300572 1.981400
vt -0.571083 2.091631
vt -0.525930 2.112123
vt 0.801780 0.278161
vt 0.856916 0.278161
vt 0.856905 1.959353
vt 0.801772 1.959352
vt -1.369308 2.368223
vt -1.299109 2.357594
vt -1.322792 2.406489
vt -1.362106 2.407493
vt -0.294553 2.408344
vt -0.326480 2.428589
vt -0.359500 2.366275
vt -0.288188 2.375615
vt -1.368613 2.446240
vt -1.382591 2.391591
vt -0.283180 2.461434
vt -0.266765 2.400084
vt -1.299109 2.457014
vt -0.359500 2.467915
vt 0.986986 1.959127
vt 0.932007 1.959127
vt 0.932013 0.277935
vt 0.986987 0.277935
vt 1.067786 0.277935
vt 1.067786 1.959127
vt 0.902694 0.278161
vt 0.902688 1.959353
vt 0.293077 1.190112
vt 0.369032 1.189584
vt 0.345535 1.208316
vt 0.297473 1.200258
vt 0.997018 -0.862282
vt 0.997271 0.760537
vt 0.968569 0.760671
vt 0.968316 -0.862149
vt 0.282577 1.266012
vt 0.267332 1.295728
vt 0.267744 1.215600
vt 0.909679 -0.862135
vt 0.908749 0.760687
vt 0.880047 0.760789
vt 0.880977 -0.862035
vt 0.516256 1.222395
vt 0.516830 1.297032
vt 0.504055 1.290756
vt 0.502312 1.244774
vt 0.821306 -0.862098
vt 0.820430 0.760723
vt 0.791728 0.760866
vt 0.792605 -0.861954
vt 1.085138 -0.862486
vt 1.085388 0.760335
vt 1.056687 0.760522
vt 1.056437 -0.862299
vt 0.315486 1.304398
vt 0.367917 1.320086
vt 0.293945 1.316867
vt 0.363540 1.309828
vt 1.144958 -0.862500
vt 1.144489 0.760320
vt 0.413909 1.320086
vt 0.392465 1.297393
vt 0.402960 1.275977
vt 0.419221 1.309332
vt 0.390443 1.297566
vt 0.383172 1.275171
vt 0.390444 1.217004
vt 0.380302 1.221305
vt 0.393525 1.219424
vt 0.415054 1.192747
vt 0.437156 1.209416
vt 0.404276 1.224700
vt 0.491590 1.196087
vt 0.483272 1.211913
vt 0.492009 1.320086
vt 0.470216 1.310356
vt 0.452406 1.275966
vt 0.316183 1.932984
vt 0.343524 1.933073
vt -1.595405 3.284259
vt -1.611666 3.250903
vt -1.562220 3.250892
vt -1.699140 3.279325
vt -1.720681 3.291793
vt -1.747293 3.270655
vt -1.134578 2.735716
vt -1.194196 2.735650
vt -1.193319 1.112828
vt -1.133648 1.112891
vt -1.631454 3.250098
vt -1.669091 3.183243
vt -1.510571 3.265682
vt -1.512314 3.219700
vt -1.651086 3.284754
vt -1.544410 3.285282
vt -1.610350 3.199627
vt -1.732049 3.240938
vt -1.717153 3.175184
vt -1.746882 3.190526
vt -1.721549 3.165039
vt -1.622161 3.272320
vt -1.621101 3.194351
vt -1.497796 3.271959
vt -1.522617 3.295012
vt -1.531354 3.186839
vt -1.577470 3.184342
vt -1.634324 3.196232
vt -1.624182 3.191931
vt -1.624182 3.272493
vt -2.281391 4.375010
vt -2.309179 4.383270
vt -2.302814 4.350541
vt -1.027639 2.252862
vt -0.946839 2.252862
vt -0.946839 3.934053
vt -1.027640 3.934053
vt -3.313734 4.431941
vt -3.383239 4.421166
vt -3.376732 4.382420
vt -3.337418 4.381415
vt -1.212846 2.253087
vt -1.157709 2.253087
vt -1.157721 3.934279
vt -1.212854 3.934278
vt -0.313059 2.711899
vt -0.312605 0.978387
vt -0.260350 0.973545
vt -0.260524 2.727276
vt -0.177244 0.978426
vt -0.177244 2.735792
vt -2.226252 3.218146
vt -2.243234 3.233453
vt -2.274403 3.217834
vt -2.272035 3.080542
vt -2.257600 3.066597
vt -2.226252 3.081331
vt -1.222897 2.735792
vt -1.222021 1.112972
vt -0.957939 2.735448
vt -1.017355 2.735463
vt -1.017608 1.112643
vt -0.958189 1.112627
vt -1.599572 3.167673
vt -1.523036 3.171013
vt -1.600717 3.295012
vt -1.498370 3.197321
vt -1.046057 2.735598
vt -1.046310 1.112777
vt -1.645594 3.164511
vt -3.383934 4.343149
vt -3.397217 4.366517
vt -1.111937 3.934280
vt -1.111932 2.253087
vt -1.082613 2.252861
vt -1.082618 3.934053
vt -2.297806 4.436360
vt -1.242059 3.083480
vt -1.196363 3.102729
vt -1.189162 3.150334
vt -1.240108 3.145611
vt -3.313734 4.332520
vt -2.068018 3.212960
vt -2.029691 3.134589
vt -2.022866 3.233453
vt -0.354355 0.978369
vt -0.354809 2.711881
vt -0.393608 2.711864
vt -0.393376 0.960237
vt -0.496964 0.978342
vt -0.455214 0.978345
vt -0.455303 2.735714
vt -0.497049 2.735710
vt -1.196599 3.224553
vt -1.242059 3.244353
vt -2.238647 3.063601
vt -1.646708 3.295012
vt -2.341105 4.403515
vt -2.374126 4.341201
vt -0.929237 2.735261
vt -0.929488 1.112440
vt -0.869668 1.112425
vt -0.870137 2.735246
vt -2.070007 3.137726
vt -2.374126 4.442841
vt -2.068196 3.091686
vt -2.022866 3.071589
vt -1.104946 1.112792
vt -1.105877 2.735613
vt -0.840870 1.261058
vt -0.821699 2.735792
vt -0.867953 2.721526
vt -0.867967 1.284980
vt -2.119092 3.173258
vt -2.117813 3.081220
vt -2.072027 3.081856
vt -2.086022 3.233027
vt -2.103423 3.233453
vt -2.072027 3.218641
vt -0.671744 2.724415
vt -0.656517 1.257069
vt -0.552714 1.273806
vt -0.567852 2.726097
vt -0.698800 2.724242
vt -0.683572 1.256895
vt -2.103425 3.067226
vt -0.752476 2.723337
vt -0.737419 1.266302
vt -0.710642 1.277069
vt -0.725640 2.724104
vt -0.525730 1.265509
vt -0.540955 2.726270
vt -1.094688 3.220843
vt -1.122030 3.220843
vt -1.122030 3.193562
vt -1.094688 3.193562
vt -0.498750 1.266343
vt -0.513976 2.727103
vt -1.122030 3.123515
vt -1.094688 3.123515
vt 0.462864 2.735792
vt 0.434548 2.735391
vt 0.442110 1.148810
vt 0.470426 1.149210
vt -2.086021 3.067469
vt -2.260633 3.232960
vt 0.546952 1.147430
vt 0.575049 1.147607
vt 0.575047 2.713335
vt 0.546951 2.713157
vt -1.092668 3.125215
vt -1.065326 3.125215
vt -1.065326 3.161639
vt -1.092668 3.161639
vt 0.499602 1.152195
vt 0.518971 2.730099
vt -1.065326 3.220843
vt -1.092667 3.220843
vt 0.412921 1.151346
vt 0.378475 2.728836
vt 0.350539 2.715631
vt 0.365526 1.145846
vt -0.525730 1.265509
vt -0.498750 1.266343
vt -0.513976 2.727103
vt -0.540955 2.726270
vt -2.243234 3.233453
vt -2.260633 3.232960
vt -2.274403 3.217834
vt -2.072027 3.081856
vt -2.072027 3.218641
vt -2.119092 3.173258
vt -0.737419 1.266302
vt -0.752476 2.723337
vt -0.821699 2.735792
vt -0.840870 1.261058
vt -2.103425 3.067226
vt -2.086021 3.067469
vt -0.698800 2.724242
vt -0.725640 2.724104
vt -0.710642 1.277069
vt -0.683572 1.256895
vt -0.656517 1.257069
vt -0.671744 2.724415
vt -0.567852 2.726097
vt -0.552714 1.273806
vt -0.867953 2.721526
vt -0.867967 1.284980
vt -2.086022 3.233027
vt -2.103423 3.233453
vt -2.117813 3.081220
vt -2.272035 3.080542
vt -2.226252 3.081331
vt -2.257600 3.066597
vt -2.238647 3.063601
vt -2.226252 3.218146
vt -2.029691 3.134589
vt -2.070007 3.137726
vt -2.068196 3.091686
vt -2.022866 3.071589
vt -0.313059 2.711899
vt -0.354809 2.711881
vt -0.354355 0.978369
vt -0.312605 0.978387
vt -1.240108 3.145611
vt -1.189162 3.150334
vt -1.196599 3.224553
vt -1.242059 3.244353
vt -0.496964 0.978342
vt -0.455214 0.978345
vt -0.455303 2.735714
vt -0.497049 2.735710
vt -0.260524 2.727276
vt -0.260350 0.973545
vt -0.177244 0.978426
vt -0.177244 2.735792
vt -0.393376 0.960237
vt -0.393608 2.711864
vt -1.242059 3.083480
vt -1.196363 3.102729
vt -2.068018 3.212960
vt -2.022866 3.233453
vt -1.212846 2.253087
vt -1.157709 2.253087
vt -1.157721 3.934279
vt -1.212854 3.934278
vt -3.383934 4.343149
vt -3.313734 4.332520
vt -3.337418 4.381415
vt -3.376732 4.382420
vt -2.309179 4.383270
vt -2.341105 4.403515
vt -2.374126 4.341201
vt -2.302814 4.350541
vt -3.383239 4.421166
vt -3.397217 4.366517
vt -2.297806 4.436360
vt -2.281391 4.375010
vt -3.313734 4.431941
vt -2.374126 4.442841
vt -1.027640 3.934053
vt -1.082618 3.934053
vt -1.082613 2.252861
vt -1.027639 2.252862
vt -0.946839 2.252862
vt -0.946839 3.934053
vt -1.111932 2.253087
vt -1.111937 3.934280
vt -1.721549 3.165039
vt -1.645594 3.164511
vt -1.669091 3.183243
vt -1.717153 3.175184
vt -1.017608 1.112643
vt -1.017355 2.735463
vt -1.046057 2.735598
vt -1.046310 1.112777
vt -1.732049 3.240938
vt -1.747293 3.270655
vt -1.746882 3.190526
vt -1.104946 1.112792
vt -1.105877 2.735613
vt -1.134578 2.735716
vt -1.133648 1.112891
vt -1.498370 3.197321
vt -1.497796 3.271959
vt -1.510571 3.265682
vt -1.512314 3.219700
vt -1.193319 1.112828
vt -1.194196 2.735650
vt -1.222897 2.735792
vt -1.222021 1.112972
vt -0.929488 1.112440
vt -0.929237 2.735261
vt -0.957939 2.735448
vt -0.958189 1.112627
vt -1.699140 3.279325
vt -1.646708 3.295012
vt -1.720681 3.291793
vt -1.651086 3.284754
vt -0.869668 1.112425
vt -0.870137 2.735246
vt -1.600717 3.295012
vt -1.622161 3.272320
vt -1.611666 3.250903
vt -1.595405 3.284259
vt -1.624182 3.272493
vt -1.631454 3.250098
vt -1.624182 3.191931
vt -1.634324 3.196232
vt -1.621101 3.194351
vt -1.599572 3.167673
vt -1.577470 3.184342
vt -1.610350 3.199627
vt -1.523036 3.171013
vt -1.531354 3.186839
vt -1.522617 3.295012
vt -1.544410 3.285282
vt -1.562220 3.250892
vt -0.131656 1.778145
vt -0.092375 1.778145
vt -0.092374 2.395166
vt -0.131659 2.388036
vt 0.224370 1.738837
vt 0.246211 1.744923
vt 0.158321 1.747312
vt 0.178638 1.730359
vt 0.228227 1.727139
vt -0.256311 1.778146
vt -0.256307 2.395166
vt -0.341675 2.395166
vt -0.341678 1.778146
vt 0.171469 1.552555
vt 0.191294 1.537171
vt 0.192868 1.555972
vt -0.217025 2.388036
vt -0.217024 1.773929
vt 0.212472 1.513312
vt 0.213634 1.563633
vt 0.158321 1.563633
vt 0.161450 1.518353
vt 0.167571 1.522062
vt 0.158321 1.722487
vt 0.247191 1.721961
vt -0.381658 1.778143
vt -0.342377 1.778143
vt -0.342381 2.395166
vt -0.381661 2.388036
vt 0.224370 1.765585
vt 0.246211 1.771670
vt 0.158321 1.774060
vt 0.178638 1.757107
vt 0.228227 1.753887
vt -0.506311 1.778143
vt -0.506312 2.395166
vt -0.591680 2.395166
vt -0.591680 1.778143
vt 0.171469 1.397402
vt 0.191294 1.382018
vt 0.192868 1.400819
vt -0.467030 2.388036
vt -0.467028 1.773927
vt 0.212472 1.358159
vt 0.213634 1.408480
vt 0.158321 1.408480
vt 0.161450 1.363199
vt 0.167571 1.366909
vt 0.158321 1.749235
vt 0.247191 1.748708
vt -0.353875 -0.418489
vt -0.354980 -1.821815
vt -0.295803 -1.821809
vt -0.294666 -0.418482
vt -0.176483 -0.418475
vt -0.176223 -1.821800
vt -0.118034 -1.821797
vt -0.117336 -0.418471
vt -0.058950 -1.821796
vt -0.058120 -0.418471
vt 0.000181 -1.821796
vt 0.000187 -0.418471
vt 0.059362 -1.821796
vt 0.059365 -0.418471
vt 0.118566 -1.821797
vt 0.118566 -0.418472
vt -0.591282 -0.418497
vt -0.591148 -1.821824
vt -0.531345 -1.821822
vt -0.531477 -0.418497
vt -0.472220 -1.821820
vt -0.472354 -0.418496
vt -0.414110 -1.821819
vt -0.413145 -0.418494
vt -0.235551 -0.418477
vt -0.236595 -1.821803
vt -0.353877 0.987886
vt -0.354873 -0.415473
vt -0.295694 -0.415465
vt -0.294667 0.987893
vt -0.177686 0.987903
vt -0.176103 -0.415454
vt -0.117922 -0.415447
vt -0.117626 0.987911
vt -0.058836 -0.415442
vt -0.059317 0.987915
vt 0.001241 -0.415437
vt 0.000750 0.987921
vt 0.059534 -0.415432
vt 0.059968 0.987926
vt 0.118729 -0.415427
vt 0.118316 0.987931
vt -0.591281 0.987877
vt -0.591282 -0.415481
vt -0.531478 -0.415481
vt -0.531476 0.987877
vt -0.473090 -0.415481
vt -0.472359 0.987877
vt -0.414005 -0.415478
vt -0.413149 0.987880
vt -0.235551 0.987900
vt -0.236485 -0.415458
vt -0.214559 0.760641
vt -0.112877 0.760641
vt -0.112877 2.395045
vt -0.214559 2.375373
vt 0.347096 2.300611
vt 0.315747 2.323432
vt 0.315747 2.223848
vt 0.411762 2.248867
vt 0.416511 2.305993
vt -0.453710 0.760641
vt -0.453710 2.395045
vt -0.591179 2.395045
vt -0.591178 0.760641
vt 0.046227 2.305147
vt 0.110039 2.261567
vt 0.119725 2.304477
vt -0.352028 2.375373
vt -0.352028 0.749009
vt 0.158101 2.215138
vt 0.156887 2.322723
vt 0.016073 2.326844
vt 0.016073 2.226842
vt 0.029629 2.237002
vt 0.447861 2.228213
vt 0.443114 2.326844
vt -0.879198 2.379171
vt -0.879198 0.744624
vt -0.847251 0.744624
vt -0.847239 2.379171
vt -0.783320 2.379170
vt -0.783357 0.744623
vt -0.751410 0.744622
vt -0.751361 2.379169
vt -0.719462 0.744620
vt -0.719401 2.379168
vt -0.687515 0.744619
vt -0.687442 2.379167
vt -0.655568 0.744617
vt -0.655482 2.379166
vt -0.623621 0.744615
vt -0.623523 2.379164
vt -1.007036 2.379169
vt -1.006987 0.744623
vt -0.975040 0.744623
vt -0.975076 2.379170
vt -0.943093 0.744624
vt -0.943117 2.379170
vt -0.911146 0.744624
vt -0.911158 2.379171
vt -0.815279 2.379171
vt -0.815304 0.744623
vt -0.660683 2.229583
vt -0.602704 2.250571
vt -0.658960 2.300719
vt -1.244987 2.250141
vt -1.281699 2.238654
vt -1.273733 2.233953
vt -1.225167 2.244786
vt -0.716297 2.233157
vt -0.680330 2.221715
vt -0.708932 2.237388
vt -1.301325 2.217354
vt -1.292321 2.205902
vt -0.735739 2.254601
vt -0.730028 2.266443
vt -1.301137 2.194439
vt -0.734849 2.278314
vt -1.281405 2.173347
vt -1.273502 2.177985
vt -0.714242 2.299238
vt -0.706963 2.294987
vt -1.245353 2.161879
vt -1.225537 2.168186
vt -0.678892 2.310970
vt -1.205888 2.161433
vt -0.638806 2.310970
vt -1.169410 2.172569
vt -1.180976 2.179670
vt -0.603144 2.299086
vt -0.610416 2.294815
vt -1.148238 2.193433
vt -1.162709 2.205319
vt -0.582623 2.278306
vt -1.148238 2.217122
vt -0.582133 2.253787
vt -1.168620 2.238370
vt -1.178170 2.232724
vt -0.602673 2.232752
vt -1.205172 2.250014
vt -0.641037 2.222037
vt -1.231050 2.216472
vt 0.372886 2.016926
vt 0.345544 2.016926
vt 0.345544 1.932755
vt 0.372886 1.932755
vt 0.372886 2.099513
vt 0.345544 2.099513
vt 2.210891 0.729593
vt 2.240035 0.729817
vt 2.238834 2.394462
vt 2.209691 2.394237
vt 2.282270 0.710514
vt 2.309901 2.393485
vt 2.241736 2.394462
vt 2.241736 0.723204
vt 2.407120 2.371540
vt 2.378068 2.371354
vt 2.378067 0.715329
vt 2.407120 0.715515
vt 0.343524 2.099172
vt 0.316184 2.099513
vt 0.315747 2.064472
vt 0.343141 2.049186
vt 2.141690 2.393182
vt 2.181916 0.716617
vt 2.073686 2.371103
vt 2.073686 0.721654
vt 1.909857 0.030016
vt 1.875411 1.607507
vt 1.847475 1.594301
vt 1.862462 0.024516
vt 0.404268 2.040310
vt 0.431609 2.040310
vt 0.431610 2.099513
vt 0.404268 2.099513
vt 2.015907 1.608769
vt 1.996538 0.030865
vt 2.043888 0.026101
vt 2.043886 1.591827
vt 1.959800 1.614462
vt 1.967362 0.027881
vt 0.402247 2.072232
vt 0.374906 2.072232
vt 0.374906 2.002185
vt 0.402247 2.002185
vt 1.939045 0.027481
vt 1.931483 1.614061
vt 0.402247 2.099513
vt 0.374906 2.099513
vt 2.071985 0.026277
vt 2.071983 1.592005
vt 0.404268 2.003885
vt 0.431609 2.003885
vt 0.971206 0.144180
vt 0.998185 0.145013
vt 0.982960 1.605774
vt 0.955980 1.604940
vt -0.746298 2.112123
vt -0.763697 2.111630
vt -0.777467 2.096504
vt -0.575091 1.960527
vt -0.575092 2.097311
vt -0.622156 2.051928
vt 0.759516 0.144973
vt 0.744460 1.602007
vt 0.675236 1.614462
vt 0.656066 0.139729
vt -0.606489 1.945896
vt -0.589085 1.946139
vt 0.798136 1.602912
vt 0.771295 1.602774
vt 0.786293 0.155739
vt 0.813363 0.135565
vt 0.840419 0.135739
vt 0.825191 1.603085
vt 0.929084 1.604767
vt 0.944221 0.152477
vt 0.628982 1.600196
vt 0.628969 0.163650
vt -0.589087 2.111698
vt -0.606487 2.112123
vt -0.620877 1.959890
vt -0.775099 1.959213
vt -0.729316 1.960002
vt -0.760664 1.945268
vt -0.741712 1.942271
vt -0.729316 2.096817
vt -0.015065 1.159663
vt -0.055381 1.162800
vt -0.053570 1.116759
vt -0.008240 1.096663
vt 1.701567 0.736973
vt 1.659817 0.736955
vt 1.660271 -0.996557
vt 1.702020 -0.996539
vt 0.774517 1.170685
vt 0.825464 1.175407
vt 0.818027 1.249627
vt 0.772566 1.269427
vt 1.517662 -0.996584
vt 1.559412 -0.996581
vt 1.559323 0.760787
vt 1.517577 0.760785
vt 1.754102 0.752350
vt 1.754276 -1.001380
vt 1.837382 -0.996500
vt 1.837382 0.760866
vt 1.621249 -1.014689
vt 1.621018 0.736938
vt 0.772566 1.108554
vt 0.818263 1.127803
vt -0.053392 1.238034
vt -0.008240 1.258527
vt 0.284090 1.131757
vt 0.339226 1.131757
vt 0.339215 2.812950
vt 0.284082 2.812949
vt -1.886998 3.221819
vt -1.816799 3.211191
vt -1.840482 3.260086
vt -1.879796 3.261090
vt -0.812244 3.261940
vt -0.844170 3.282186
vt -0.877190 3.219872
vt -0.805878 3.229212
vt -1.886303 3.299837
vt -1.900282 3.245187
vt -0.800870 3.315030
vt -0.784456 3.253681
vt -1.816799 3.310611
vt -0.877190 3.321511
vt 0.469296 2.812724
vt 0.414317 2.812724
vt 0.414323 1.131531
vt 0.469297 1.131532
vt 0.550096 1.131532
vt 0.550096 2.812724
vt 0.385004 1.131757
vt 0.384998 2.812950
vt -0.224613 2.043709
vt -0.148658 2.043181
vt -0.172156 2.061913
vt -0.220217 2.053855
vt 0.479327 -0.008686
vt 0.479581 1.614134
vt 0.450879 1.614268
vt 0.450626 -0.008553
vt -0.235113 2.119609
vt -0.250358 2.149325
vt -0.249947 2.069196
vt 0.391989 -0.008538
vt 0.391059 1.614283
vt 0.362357 1.614386
vt 0.363287 -0.008438
vt -0.001434 2.075992
vt -0.000860 2.150629
vt -0.013635 2.144353
vt -0.015378 2.098371
vt 0.303616 -0.008501
vt 0.302740 1.614320
vt 0.274038 1.614462
vt 0.274915 -0.008358
vt 0.567448 -0.008890
vt 0.567698 1.613932
vt 0.538997 1.614119
vt 0.538747 -0.008702
vt -0.202204 2.157995
vt -0.149773 2.173683
vt -0.223745 2.170464
vt -0.154151 2.163424
vt 0.627268 -0.008904
vt 0.626798 1.613917
vt -0.103781 2.173683
vt -0.125226 2.150990
vt -0.114731 2.129574
vt -0.098469 2.162929
vt -0.127247 2.151163
vt -0.134518 2.128768
vt -0.127246 2.070601
vt -0.137388 2.074902
vt -0.124165 2.073021
vt -0.102636 2.046344
vt -0.080534 2.063013
vt -0.113414 2.078297
vt -0.026100 2.049683
vt -0.034418 2.065510
vt -0.025681 2.173682
vt -0.047474 2.163952
vt -0.065285 2.129562
vt 0.316183 1.932984
vt 0.343524 1.933073
vt -2.598780 4.172653
vt -2.631303 4.105942
vt -2.532411 4.105918
vt -2.806251 4.162785
vt -2.849333 4.187722
vt -2.902558 4.145445
vt -1.677128 3.075567
vt -1.796362 3.075435
vt -1.794609 -0.170208
vt -1.675268 -0.170082
vt -2.670878 4.104331
vt -2.746153 3.970621
vt -2.429112 4.135500
vt -2.432598 4.043536
vt -2.710143 4.173644
vt -2.496790 4.174699
vt -2.628670 4.003389
vt -2.872068 4.086012
vt -2.842277 3.954504
vt -2.901735 3.985187
vt -2.851069 3.934213
vt -2.652293 4.148775
vt -2.650173 3.992837
vt -2.403563 4.148053
vt -2.453204 4.194160
vt -2.470679 3.977814
vt -2.562910 3.972820
vt -2.676618 3.996599
vt -2.656334 3.987997
vt -2.656336 4.149121
vt -2.281391 4.375010
vt -2.309179 4.383270
vt -2.302814 4.350541
vt -1.027639 2.252862
vt -0.946839 2.252862
vt -0.946839 3.934053
vt -1.027640 3.934053
vt -3.313734 4.431941
vt -3.383239 4.421166
vt -3.376732 4.382420
vt -3.337418 4.381415
vt -1.212846 2.253087
vt -1.157709 2.253087
vt -1.157721 3.934279
vt -1.212854 3.934278
vt -0.313059 2.711899
vt -0.312605 0.978387
vt -0.260350 0.973545
vt -0.260524 2.727276
vt -0.177244 0.978426
vt -0.177244 2.735792
vt -2.226252 3.218146
vt -2.243234 3.233453
vt -2.274403 3.217834
vt -2.272035 3.080542
vt -2.257600 3.066597
vt -2.226252 3.081331
vt -1.853765 3.075720
vt -1.852012 -0.169921
vt -1.323848 3.075032
vt -1.442681 3.075062
vt -1.443187 -0.170577
vt -1.324349 -0.170611
vt -2.607114 3.939482
vt -2.454042 3.946161
vt -2.609404 4.194160
vt -2.404711 3.998779
vt -1.500084 3.075331
vt -1.500591 -0.170310
vt -2.699158 3.933157
vt -3.383934 4.343149
vt -3.397217 4.366517
vt -1.111937 3.934280
vt -1.111932 2.253087
vt -1.082613 2.252861
vt -1.082618 3.934053
vt -2.297806 4.436360
vt -1.242059 3.083480
vt -1.196363 3.102729
vt -1.189162 3.150334
vt -1.240108 3.145611
vt -3.313734 4.332520
vt -2.068018 3.212960
vt -2.029691 3.134589
vt -2.022866 3.233453
vt -0.354355 0.978369
vt -0.354809 2.711881
vt -0.393608 2.711864
vt -0.393376 0.960237
vt -0.496964 0.978342
vt -0.455214 0.978345
vt -0.455303 2.735714
vt -0.497049 2.735710
vt -1.196599 3.224553
vt -1.242059 3.244353
vt -2.238647 3.063601
vt -2.701388 4.194160
vt -2.341105 4.403515
vt -2.374126 4.341201
vt -1.266445 3.074658
vt -1.266946 -0.170984
vt -1.147307 -0.171013
vt -1.148245 3.074628
vt -2.070007 3.137726
vt -2.374126 4.442841
vt -2.068196 3.091686
vt -2.022866 3.071589
vt -1.617864 -0.170281
vt -1.619724 3.075362
vt -0.840870 1.261058
vt -0.821699 2.735792
vt -0.867953 2.721526
vt -0.867967 1.284980
vt -2.119092 3.173258
vt -2.117813 3.081220
vt -2.072027 3.081856
vt -2.086022 3.233027
vt -2.103423 3.233453
vt -2.072027 3.218641
vt -0.671744 2.724415
vt -0.656517 1.257069
vt -0.552714 1.273806
vt -0.567852 2.726097
vt -0.698800 2.724242
vt -0.683572 1.256895
vt -2.103425 3.067226
vt -0.752476 2.723337
vt -0.737419 1.266302
vt -0.710642 1.277069
vt -0.725640 2.724104
vt -0.525730 1.265509
vt -0.540955 2.726270
vt 0.412921 1.151346
vt 0.378475 2.728836
vt 0.350539 2.715631
vt 0.365526 1.145846
vt -1.092668 3.161639
vt -1.065326 3.161639
vt -1.065326 3.220843
vt -1.092667 3.220843
vt 0.518971 2.730099
vt 0.499602 1.152195
vt 0.546952 1.147430
vt 0.546951 2.713157
vt 0.462864 2.735792
vt 0.470426 1.149210
vt -1.094688 3.193562
vt -1.122030 3.193562
vt -1.122030 3.123515
vt -1.094688 3.123515
vt 0.442110 1.148810
vt 0.434548 2.735391
vt -1.094688 3.220843
vt -1.122030 3.220843
vt 0.575049 1.147607
vt 0.575047 2.713335
vt -1.092668 3.125215
vt -1.065326 3.125215
vt -1.094688 3.220843
vt -1.122030 3.220843
vt -1.122030 3.193562
vt -1.094688 3.193562
vt -0.498750 1.266343
vt -0.513976 2.727103
vt -1.122030 3.123515
vt -1.094688 3.123515
vt 0.462864 2.735792
vt 0.434548 2.735391
vt 0.442110 1.148810
vt 0.470426 1.149210
vt -2.086021 3.067469
vt -2.260633 3.232960
vt 0.546952 1.147430
vt 0.575049 1.147607
vt 0.575047 2.713335
vt 0.546951 2.713157
vt -1.092668 3.125215
vt -1.065326 3.125215
vt -1.065326 3.161639
vt -1.092668 3.161639
vt 0.499602 1.152195
vt 0.518971 2.730099
vt -1.065326 3.220843
vt -1.092667 3.220843
vt 0.412921 1.151346
vt 0.378475 2.728836
vt 0.350539 2.715631
vt 0.365526 1.145846
vt -0.459430 0.135154
vt -0.405471 0.136821
vt -0.435922 3.058342
vt -0.489881 3.056675
vt -3.894439 4.071041
vt -3.929237 4.070055
vt -3.956776 4.039804
vt -3.552025 3.767848
vt -3.552025 4.041417
vt -3.646154 3.950652
vt -0.882809 0.136740
vt -0.912923 3.050810
vt -1.051369 3.075719
vt -1.089711 0.126252
vt -3.614820 3.738587
vt -3.580012 3.739073
vt -0.805570 3.052620
vt -0.859251 3.052343
vt -0.829255 0.158273
vt -0.775115 0.117926
vt -0.721004 0.118273
vt -0.751459 3.052965
vt -0.543674 3.056329
vt -0.513399 0.151748
vt -1.143877 3.047187
vt -1.143904 0.174096
vt -3.580015 4.070190
vt -3.614817 4.071041
vt -3.643596 3.766575
vt -3.952040 3.765220
vt -3.860474 3.766798
vt -3.923170 3.737330
vt -3.885265 3.731338
vt -3.860474 4.040428
vt -2.029691 3.134589
vt -2.070007 3.137726
vt -2.068196 3.091686
vt -2.022866 3.071589
vt -0.313059 2.711899
vt -0.354809 2.711881
vt -0.354355 0.978369
vt -0.312605 0.978387
vt -1.240108 3.145611
vt -1.189162 3.150334
vt -1.196599 3.224553
vt -1.242059 3.244353
vt -0.496964 0.978342
vt -0.455214 0.978345
vt -0.455303 2.735714
vt -0.497049 2.735710
vt -0.260524 2.727276
vt -0.260350 0.973545
vt -0.177244 0.978426
vt -0.177244 2.735792
vt -0.393376 0.960237
vt -0.393608 2.711864
vt -1.242059 3.083480
vt -1.196363 3.102729
vt -2.068018 3.212960
vt -2.022866 3.233453
vt -1.212846 2.253087
vt -1.157709 2.253087
vt -1.157721 3.934279
vt -1.212854 3.934278
vt -3.383934 4.343149
vt -3.313734 4.332520
vt -3.337418 4.381415
vt -3.376732 4.382420
vt -2.309179 4.383270
vt -2.341105 4.403515
vt -2.374126 4.341201
vt -2.302814 4.350541
vt -3.383239 4.421166
vt -3.397217 4.366517
vt -2.297806 4.436360
vt -2.281391 4.375010
vt -3.313734 4.431941
vt -2.374126 4.442841
vt -1.027640 3.934053
vt -1.082618 3.934053
vt -1.082613 2.252861
vt -1.027639 2.252862
vt -0.946839 2.252862
vt -0.946839 3.934053
vt -1.111932 2.253087
vt -1.111937 3.934280
vt -1.721549 3.165039
vt -1.645594 3.164511
vt -1.669091 3.183243
vt -1.717153 3.175184
vt -1.017608 1.112643
vt -1.017355 2.735463
vt -1.046057 2.735598
vt -1.046310 1.112777
vt -1.732049 3.240938
vt -1.747293 3.270655
vt -1.746882 3.190526
vt -1.104946 1.112792
vt -1.105877 2.735613
vt -1.134578 2.735716
vt -1.133648 1.112891
vt -1.498370 3.197321
vt -1.497796 3.271959
vt -1.510571 3.265682
vt -1.512314 3.219700
vt -1.193319 1.112828
vt -1.194196 2.735650
vt -1.222897 2.735792
vt -1.222021 1.112972
vt -0.929488 1.112440
vt -0.929237 2.735261
vt -0.957939 2.735448
vt -0.958189 1.112627
vt -1.699140 3.279325
vt -1.646708 3.295012
vt -1.720681 3.291793
vt -1.651086 3.284754
vt -0.869668 1.112425
vt -0.870137 2.735246
vt -1.600717 3.295012
vt -1.622161 3.272320
vt -1.611666 3.250903
vt -1.595405 3.284259
vt -1.624182 3.272493
vt -1.631454 3.250098
vt -1.624182 3.191931
vt -1.634324 3.196232
vt -1.621101 3.194351
vt -1.599572 3.167673
vt -1.577470 3.184342
vt -1.610350 3.199627
vt -1.523036 3.171013
vt -1.531354 3.186839
vt -1.522617 3.295012
vt -1.544410 3.285282
vt -1.562220 3.250892
vt 0.118343 1.778141
vt 0.157625 1.778141
vt 0.157624 2.395166
vt 0.118344 2.388036
vt 0.224370 1.712089
vt 0.246211 1.718175
vt 0.158321 1.720564
vt 0.178638 1.703611
vt 0.228227 1.700391
vt -0.006306 1.778141
vt -0.006307 2.395166
vt -0.091676 2.395166
vt -0.091674 1.778141
vt 0.171468 1.604273
vt 0.191294 1.588889
vt 0.192868 1.607690
vt 0.032974 2.388036
vt 0.032974 1.773925
vt 0.212471 1.565030
vt 0.213634 1.615351
vt 0.158321 1.615351
vt 0.161450 1.570070
vt 0.167571 1.573780
vt 0.158321 1.695739
vt 0.247191 1.695213
vt -0.381661 1.155505
vt -0.342379 1.155505
vt -0.342380 1.772530
vt -0.381661 1.765401
vt 0.175103 2.040191
vt 0.163053 2.051221
vt 0.158321 2.006836
vt 0.191891 2.017096
vt 0.198267 2.042139
vt -0.506311 1.155505
vt -0.506312 1.772530
vt -0.591680 1.772530
vt -0.591679 1.155505
vt 0.171469 1.655990
vt 0.191294 1.640606
vt 0.192868 1.659407
vt -0.467030 1.765401
vt -0.467030 1.151289
vt 0.212473 1.616747
vt 0.213634 1.667068
vt 0.158321 1.667068
vt 0.161452 1.621787
vt 0.167572 1.625497
vt 0.207479 2.006836
vt 0.208522 2.051715
vt 1.069794 -1.797714
vt 1.068884 -3.173864
vt 1.128064 -3.173855
vt 1.128997 -1.797706
vt 1.247192 -1.797692
vt 1.246439 -3.173843
vt 1.305552 -3.173841
vt 1.305376 -1.797690
vt 1.364642 -3.173839
vt 1.364467 -1.797687
vt 1.423767 -3.173838
vt 1.423588 -1.797686
vt 1.482949 -3.173835
vt 1.482776 -1.797684
vt 1.542154 -3.173833
vt 1.541994 -1.797683
vt 0.832396 -1.797725
vt 0.832395 -3.173876
vt 0.891576 -3.173875
vt 0.892202 -1.797725
vt 0.950674 -3.173875
vt 0.951314 -1.797724
vt 1.009757 -3.173871
vt 1.010532 -1.797720
vt 1.188117 -1.797697
vt 1.187274 -3.173846
vt -0.591282 -1.865655
vt -0.591269 -1.895554
vt -0.561713 -1.921446
vt -0.510533 -1.936396
vt -0.451443 -1.936396
vt -0.400276 -1.921447
vt -0.370742 -1.895554
vt -0.370755 -1.865655
vt -0.400311 -1.839763
vt -0.451491 -1.824813
vt -0.510581 -1.824813
vt -0.561749 -1.839762
vt 1.070040 2.340040
vt 1.069023 0.963901
vt 1.128203 0.963909
vt 1.129242 2.340047
vt 1.247436 2.340058
vt 1.246576 0.963919
vt 1.305689 0.963920
vt 1.305619 2.340059
vt 1.364779 0.963920
vt 1.364710 2.340059
vt 1.423899 0.963921
vt 1.424789 2.340060
vt 1.483094 0.963921
vt 1.483079 2.340060
vt 1.542298 0.963921
vt 1.542296 2.340060
vt 0.832395 2.340028
vt 0.832528 0.963890
vt 0.891708 0.963891
vt 0.892201 2.340030
vt 0.950806 0.963893
vt 0.950582 2.340032
vt 1.009896 0.963897
vt 1.010778 2.340034
vt 1.188361 2.340054
vt 1.187412 0.963916
vt 0.342843 -1.865513
vt 0.342856 -1.895411
vt 0.372412 -1.921304
vt 0.423592 -1.936253
vt 0.482681 -1.936254
vt 0.533849 -1.921304
vt 0.563383 -1.895411
vt 0.563370 -1.865513
vt 0.533814 -1.839621
vt 0.482634 -1.824671
vt 0.423544 -1.824671
vt 0.372376 -1.839621
vt 1.069074 0.960807
vt 1.068795 -0.415356
vt 1.127976 -0.415340
vt 1.128276 0.960823
vt 1.246451 0.960849
vt 1.247545 -0.415314
vt 1.305737 -0.415302
vt 1.305594 0.960862
vt 1.365721 -0.415291
vt 1.364805 0.960871
vt 1.424035 -0.415281
vt 1.424083 0.960882
vt 1.483223 -0.415272
vt 1.483287 0.960891
vt 1.542419 -0.415264
vt 1.542400 0.960899
vt 0.832395 0.960767
vt 0.832395 -0.415396
vt 0.892194 -0.415388
vt 0.891472 0.960775
vt 0.950584 -0.415380
vt 0.950593 0.960783
vt 1.009667 -0.415370
vt 1.009811 0.960794
vt 1.187374 0.960837
vt 1.187171 -0.415326
vt 0.801296 -1.839634
vt 0.750137 -1.824671
vt 0.691060 -1.824671
vt 0.639895 -1.839634
vt 0.610351 -1.865550
vt 0.610345 -1.895476
vt 0.639878 -1.921392
vt 0.691037 -1.936355
vt 0.750115 -1.936355
vt 0.801280 -1.921392
vt 0.830824 -1.895476
vt 0.830830 -1.865550
vt 1.069075 -0.418483
vt 1.068796 -1.794653
vt 1.127977 -1.794638
vt 1.128278 -0.418468
vt 1.246452 -0.418441
vt 1.247547 -1.794610
vt 1.306673 -1.794598
vt 1.305582 -0.418429
vt 1.364987 -1.794586
vt 1.364800 -0.418417
vt 1.424131 -1.794575
vt 1.424078 -0.418406
vt 1.483320 -1.794565
vt 1.483282 -0.418396
vt 1.542515 -1.794555
vt 1.542395 -0.418386
vt 0.832395 -0.418523
vt 0.832395 -1.794693
vt 0.892194 -1.794685
vt 0.891472 -0.418516
vt 0.950584 -1.794678
vt 0.950593 -0.418507
vt 1.009668 -1.794667
vt 1.009812 -0.418497
vt 1.187376 -0.418453
vt 1.187173 -1.794622
vt 0.311814 -1.839634
vt 0.260655 -1.824671
vt 0.201577 -1.824671
vt 0.150412 -1.839634
vt 0.120868 -1.865550
vt 0.120862 -1.895476
vt 0.150396 -1.921392
vt 0.201555 -1.936355
vt 0.260632 -1.936356
vt 0.311798 -1.921392
vt 0.341342 -1.895476
vt 0.341348 -1.865550
vt -0.353645 2.394295
vt -0.354182 0.990959
vt -0.295004 0.990972
vt -0.294436 2.394308
vt -0.176252 2.394328
vt -0.175424 0.990992
vt -0.117243 0.991001
vt -0.118063 2.394337
vt -0.058150 0.991010
vt -0.058065 2.394346
vt 0.000981 0.991018
vt 0.000243 2.394354
vt 0.060162 0.991025
vt 0.059421 2.394361
vt 0.119367 0.991033
vt 0.118622 2.394369
vt -0.591282 2.394257
vt -0.590351 0.990921
vt -0.530548 0.990931
vt -0.531476 2.394267
vt -0.471422 0.990941
vt -0.473089 2.394277
vt -0.413313 0.990948
vt -0.412916 2.394284
vt -0.235321 2.394319
vt -0.235796 0.990983
vt 0.358526 0.987919
vt 0.357283 -0.415392
vt 0.416459 -0.415388
vt 0.417733 0.987924
vt 0.535916 0.987929
vt 0.536038 -0.415382
vt 0.594226 -0.415381
vt 0.595061 0.987931
vt 0.654210 -0.415382
vt 0.653392 0.987930
vt 0.712515 -0.415381
vt 0.712522 0.987929
vt 0.771696 -0.415382
vt 0.771700 0.987929
vt 0.830900 -0.415383
vt 0.830900 0.987929
vt 0.120862 0.987916
vt 0.120872 -0.415396
vt 0.180674 -0.415395
vt 0.180666 0.987916
vt 0.239061 -0.415396
vt 0.239053 0.987916
vt 0.298153 -0.415395
vt 0.299256 0.987916
vt 0.476847 0.987928
vt 0.475667 -0.415384
vt 0.358489 -0.418393
vt 0.357023 -1.821679
vt 0.416206 -1.821677
vt 0.417703 -0.418390
vt 0.535907 -0.418389
vt 0.535806 -1.821676
vt 0.594929 -1.821677
vt 0.594094 -0.418390
vt 0.654143 -1.821677
vt 0.653200 -0.418390
vt 0.712447 -1.821676
vt 0.712329 -0.418388
vt 0.771627 -1.821675
vt 0.771505 -0.418387
vt 0.830830 -1.821674
vt 0.830712 -0.418386
vt 0.121080 -0.418386
vt 0.120862 -1.821673
vt 0.180663 -1.821675
vt 0.180883 -0.418388
vt 0.239786 -1.821678
vt 0.240013 -0.418390
vt 0.297894 -1.821681
vt 0.299220 -0.418393
vt 0.476824 -0.418388
vt 0.475413 -1.821676
vt 0.358527 2.394366
vt 0.357031 0.991084
vt 0.416214 0.991086
vt 0.417742 2.394368
vt 0.535929 2.394368
vt 0.534580 0.991087
vt 0.594637 0.991082
vt 0.594116 2.394363
vt 0.652967 0.991079
vt 0.654111 2.394361
vt 0.713041 0.991075
vt 0.712433 2.394357
vt 0.772250 0.991072
vt 0.771632 2.394354
vt 0.830601 0.991070
vt 0.830839 2.394351
vt 0.120870 2.394368
vt 0.120862 0.991087
vt 0.180663 0.991087
vt 0.180673 2.394368
vt 0.239786 0.991087
vt 0.239057 2.394368
vt 0.297902 0.991084
vt 0.299259 2.394366
vt 0.476862 2.394369
vt 0.475420 0.991088
vt -0.353875 -0.418489
vt -0.354980 -1.821815
vt -0.295803 -1.821809
vt -0.294666 -0.418482
vt -0.176483 -0.418475
vt -0.176223 -1.821800
vt -0.118034 -1.821797
vt -0.117336 -0.418471
vt -0.058950 -1.821796
vt -0.058120 -0.418471
vt 0.000181 -1.821796
vt 0.000187 -0.418471
vt 0.059362 -1.821796
vt 0.059365 -0.418471
vt 0.118566 -1.821797
vt 0.118566 -0.418472
vt -0.591282 -0.418497
vt -0.591148 -1.821824
vt -0.531345 -1.821822
vt -0.531477 -0.418497
vt -0.472220 -1.821820
vt -0.472354 -0.418496
vt -0.414110 -1.821819
vt -0.413145 -0.418494
vt -0.235551 -0.418477
vt -0.236595 -1.821803
vt -0.353877 0.987886
vt -0.354873 -0.415473
vt -0.295694 -0.415465
vt -0.294667 0.987893
vt -0.177686 0.987903
vt -0.176103 -0.415454
vt -0.117922 -0.415447
vt -0.117626 0.987911
vt -0.058836 -0.415442
vt -0.059317 0.987915
vt 0.001241 -0.415437
vt 0.000750 0.987921
vt 0.059534 -0.415432
vt 0.059968 0.987926
vt 0.118729 -0.415427
vt 0.118316 0.987931
vt -0.591281 0.987877
vt -0.591282 -0.415481
vt -0.531478 -0.415481
vt -0.531476 0.987877
vt -0.473090 -0.415481
vt -0.472359 0.987877
vt -0.414005 -0.415478
vt -0.413149 0.987880
vt -0.235551 0.987900
vt -0.236485 -0.415458
vt 1.069794 -1.797714
vt 1.068884 -3.173864
vt 1.128064 -3.173855
vt 1.128997 -1.797706
vt 1.247192 -1.797692
vt 1.246439 -3.173843
vt 1.305552 -3.173841
vt 1.305376 -1.797690
vt 1.364642 -3.173839
vt 1.364467 -1.797687
vt 1.423767 -3.173838
vt 1.423588 -1.797686
vt 1.482949 -3.173835
vt 1.482776 -1.797684
vt 1.542154 -3.173833
vt 1.541994 -1.797683
vt 0.832396 -1.797725
vt 0.832395 -3.173876
vt 0.891576 -3.173875
vt 0.892202 -1.797725
vt 0.950674 -3.173875
vt 0.951314 -1.797724
vt 1.009757 -3.173871
vt 1.010532 -1.797720
vt 1.188117 -1.797697
vt 1.187274 -3.173846
vt -0.591282 -1.865655
vt -0.591269 -1.895554
vt -0.561713 -1.921446
vt -0.510533 -1.936396
vt -0.451443 -1.936396
vt -0.400276 -1.921447
vt -0.370742 -1.895554
vt -0.370755 -1.865655
vt -0.400311 -1.839763
vt -0.451491 -1.824813
vt -0.510581 -1.824813
vt -0.561749 -1.839762
vt 1.070040 2.340040
vt 1.069023 0.963901
vt 1.128203 0.963909
vt 1.129242 2.340047
vt 1.247436 2.340058
vt 1.246576 0.963919
vt 1.305689 0.963920
vt 1.305619 2.340059
vt 1.364779 0.963920
vt 1.364710 2.340059
vt 1.423899 0.963921
vt 1.424789 2.340060
vt 1.483094 0.963921
vt 1.483079 2.340060
vt 1.542298 0.963921
vt 1.542296 2.340060
vt 0.832395 2.340028
vt 0.832528 0.963890
vt 0.891708 0.963891
vt 0.892201 2.340030
vt 0.950806 0.963893
vt 0.950582 2.340032
vt 1.009896 0.963897
vt 1.010778 2.340034
vt 1.188361 2.340054
vt 1.187412 0.963916
vt 0.342843 -1.865513
vt 0.342856 -1.895411
vt 0.372412 -1.921304
vt 0.423592 -1.936253
vt 0.482681 -1.936254
vt 0.533849 -1.921304
vt 0.563383 -1.895411
vt 0.563370 -1.865513
vt 0.533814 -1.839621
vt 0.482634 -1.824671
vt 0.423544 -1.824671
vt 0.372376 -1.839621
vt -2.226252 3.218146
vt -2.243234 3.233453
vt -2.274403 3.217834
vt -2.272035 3.080542
vt -2.257600 3.066597
vt -2.226252 3.081331
vt -2.238647 3.063601
vt -0.840870 1.261058
vt -0.821699 2.735792
vt -0.867953 2.721526
vt -0.867967 1.284980
vt -2.119092 3.173258
vt -2.117813 3.081220
vt -2.072027 3.081856
vt -2.086022 3.233027
vt -2.103423 3.233453
vt -2.072027 3.218641
vt -0.671744 2.724415
vt -0.656517 1.257069
vt -0.552714 1.273806
vt -0.567852 2.726097
vt -0.698800 2.724242
vt -0.683572 1.256895
vt -2.103425 3.067226
vt -0.752476 2.723337
vt -0.737419 1.266302
vt -0.710642 1.277069
vt -0.725640 2.724104
vt -0.525730 1.265509
vt -0.540955 2.726270
vt -0.498750 1.266343
vt -0.513976 2.727103
vt -2.086021 3.067469
vt -2.260633 3.232960
vt 3.683217 -1.239485
vt 3.784899 -1.239485
vt 3.784899 0.394919
vt 3.683217 0.375248
vt 4.244872 0.300485
vt 4.213524 0.323307
vt 4.213524 0.223723
vt 4.309538 0.248741
vt 4.314287 0.305867
vt 3.444067 -1.239484
vt 3.444067 0.394919
vt 3.306598 0.394920
vt 3.306598 -1.239484
vt 3.944004 0.305022
vt 4.007815 0.261442
vt 4.017501 0.304351
vt 3.545749 0.375248
vt 3.545749 -1.251117
vt 4.055877 0.215012
vt 4.054663 0.322597
vt 3.913849 0.326718
vt 3.913849 0.226716
vt 3.927405 0.236877
vt 4.345637 0.228087
vt 4.340890 0.326718
vt 3.683217 -1.239485
vt 3.784899 -1.239485
vt 3.784899 0.394919
vt 3.683217 0.375248
vt 4.244872 0.300485
vt 4.213524 0.323307
vt 4.213524 0.223723
vt 4.309538 0.248741
vt 4.314287 0.305867
vt 3.444067 -1.239484
vt 3.444067 0.394919
vt 3.306598 0.394920
vt 3.306598 -1.239484
vt 3.944004 0.305022
vt 4.007815 0.261442
vt 4.017501 0.304351
vt 3.545749 0.375248
vt 3.545749 -1.251117
vt 4.055877 0.215012
vt 4.054663 0.322597
vt 3.913849 0.326718
vt 3.913849 0.226716
vt 3.927405 0.236877
vt 4.345637 0.228087
vt 4.340890 0.326718
vt 3.683217 -1.239485
vt 3.784899 -1.239485
vt 3.784899 0.394919
vt 3.683217 0.375248
vt 4.244872 0.300485
vt 4.213524 0.323307
vt 4.213524 0.223723
vt 4.309538 0.248741
vt 4.314287 0.305867
vt 3.444067 -1.239484
vt 3.444067 0.394919
vt 3.306598 0.394920
vt 3.306598 -1.239484
vt 3.944004 0.305022
vt 4.007815 0.261442
vt 4.017501 0.304351
vt 3.545749 0.375248
vt 3.545749 -1.251117
vt 4.055877 0.215012
vt 4.054663 0.322597
vt 3.913849 0.326718
vt 3.913849 0.226716
vt 3.927405 0.236877
vt 4.345637 0.228087
vt 4.340890 0.326718
vt 3.683217 -1.239485
vt 3.784899 -1.239485
vt 3.784899 0.394919
vt 3.683217 0.375248
vt 4.244872 0.300485
vt 4.213524 0.323307
vt 4.213524 0.223723
vt 4.309538 0.248741
vt 4.314287 0.305867
vt 3.444067 -1.239484
vt 3.444067 0.394919
vt 3.306598 0.394920
vt 3.306598 -1.239484
vt 3.944004 0.305022
vt 4.007815 0.261442
vt 4.017501 0.304351
vt 3.545749 0.375248
vt 3.545749 -1.251117
vt 4.055877 0.215012
vt 4.054663 0.322597
vt 3.913849 0.326718
vt 3.913849 0.226716
vt 3.927405 0.236877
vt 4.345637 0.228087
vt 4.340890 0.326718
vn 0.0000 0.0000 -1.0000
vn 0.9613 0.2364 -0.1413
vn 0.7280 0.6326 -0.2642
vn 0.8541 0.5031 0.1320
vn 0.8727 -0.4847 0.0596
vn 0.6998 -0.6932 -0.1727
vn 0.0000 -1.0000 0.0000
vn -0.9422 -0.2780 -0.1872
vn -0.6237 0.7716 0.1250
vn -0.5157 0.8447 -0.1430
vn 0.0000 0.0000 1.0000
vn -0.4063 0.9038 0.1343
vn -0.3580 0.9179 -0.1711
vn -0.5431 -0.7552 -0.3670
vn -0.3628 -0.9318 -0.0047
vn -0.9711 -0.1266 0.2025
vn -0.7199 0.6188 0.3145
vn 0.5612 -0.8182 0.1245
vn 0.6369 -0.7470 -0.1906
vn 0.0000 1.0000 -0.0000
vn -0.0001 -0.4957 0.8685
vn 0.0001 -0.0001 1.0000
vn 0.0001 0.9986 0.0531
vn 0.0001 1.0000 -0.0006
vn 0.0001 1.0000 -0.0008
vn 0.0000 0.9983 -0.0591
vn 0.0000 0.9758 -0.2188
vn -0.0000 0.5286 -0.8489
vn 0.0000 -0.0001 -1.0000
vn 0.0000 -0.5036 -0.8640
vn 0.0000 -0.9499 -0.3127
vn -0.0000 -0.9856 -0.1690
vn 0.0000 -1.0000 -0.0001
vn 0.0000 -0.9856 0.1690
vn 0.0000 -0.9499 0.3127
vn 0.0003 0.9795 0.2016
vn 0.9724 0.0797 0.2192
vn 0.8389 -0.5425 0.0435
vn 0.9747 0.2219 -0.0269
vn 0.0003 0.5241 0.8517
vn -0.7277 0.1186 0.6756
vn -0.6314 0.7011 0.3312
vn -0.9207 0.3800 0.0886
vn -0.9799 -0.0921 0.1771
vn 0.6077 0.6713 0.4245
vn 0.5143 0.0854 0.8534
vn 0.8382 0.5056 0.2043
vn -0.3769 0.9237 0.0689
vn -0.8276 0.5603 -0.0338
vn 0.6588 0.7492 0.0688
vn 0.7821 0.6140 0.1066
vn -0.3254 0.9446 -0.0422
vn 0.6005 0.7949 0.0866
vn -0.4629 0.8790 -0.1140
vn -0.8215 0.5645 -0.0806
vn 0.4222 0.9043 -0.0629
vn 0.5816 0.8133 0.0174
vn -0.5161 0.7812 -0.3513
vn -0.9122 0.3255 -0.2488
vn 0.3263 0.8583 -0.3961
vn -0.5083 -0.0841 -0.8571
vn 0.4253 -0.0873 -0.9008
vn -0.4599 -0.7274 -0.5093
vn -0.9586 -0.1506 -0.2416
vn 0.5996 -0.7130 -0.3634
vn 0.7770 -0.5969 -0.1999
vn -0.3107 -0.9287 -0.2026
vn -0.8889 -0.4557 -0.0474
vn 0.5745 -0.8153 -0.0730
vn -0.3414 -0.9399 0.0085
vn 0.4946 -0.8684 0.0361
vn -0.5072 -0.8490 0.1480
vn -0.9610 -0.2646 0.0800
vn 0.5771 -0.7925 0.1974
vn -0.6381 -0.6653 0.3876
vn 0.5001 -0.7041 0.5042
vn -0.9854 0.1699 -0.0135
vn -0.9948 -0.0000 -0.1022
vn -0.9812 0.0000 -0.1932
vn -1.0000 0.0000 -0.0087
vn 0.9731 0.0652 0.2211
vn 0.9993 0.0130 0.0350
vn 0.9999 0.0000 -0.0160
vn 0.9981 0.0000 -0.0609
vn -0.9892 -0.0000 0.1467
vn -0.9978 0.0000 0.0661
vn -0.9371 0.0000 0.3492
vn 0.9984 0.0000 0.0573
vn -0.7775 -0.5977 0.1955
vn -0.9699 -0.0462 0.2391
vn -0.9302 -0.3282 -0.1645
vn -0.7193 0.6914 0.0677
vn -0.7388 0.6204 -0.2633
vn -0.5928 -0.6356 -0.4946
vn -0.3311 0.9006 0.2815
vn -0.3453 0.8341 -0.4303
vn 0.8890 -0.4124 -0.1990
vn 1.0000 -0.0000 0.0000
vn 0.7265 -0.6189 0.2987
vn 0.8927 0.4059 0.1959
vn 0.9441 0.2968 -0.1432
vn -0.0661 0.0349 0.9972
vn 0.9226 -0.2667 0.2786
vn 0.9829 -0.0082 -0.1840
vn 0.9749 -0.1937 0.1097
vn -0.9872 -0.1534 0.0436
vn -0.9592 -0.2627 0.1041
vn -0.9854 -0.1513 0.0775
vn -0.0035 0.9994 -0.0351
vn -0.0090 0.9994 0.0342
vn -0.0093 0.9993 0.0361
vn -0.9981 -0.0004 -0.0615
vn 0.0661 -0.0349 -0.9972
vn 0.0419 -0.8265 -0.5613
vn 0.0363 0.7853 -0.6180
vn -0.0363 -0.7853 0.6180
vn -0.0247 0.9712 0.2371
vn 0.0035 -0.9994 0.0351
vn -0.9771 -0.1076 0.1833
vn -0.9748 0.0095 0.2229
vn -0.9998 0.0010 -0.0213
vn 0.9908 0.0030 0.1354
vn 0.9774 -0.1924 0.0877
vn 0.9690 0.1470 -0.1988
vn 0.7120 0.3640 -0.6005
vn 0.9247 -0.3714 0.0842
vn -0.9737 0.1930 -0.1209
vn -0.9354 0.3204 -0.1494
vn -0.9636 0.2447 -0.1080
vn 0.0000 0.5749 -0.8182
vn 0.9935 -0.1141 0.0000
vn 0.9875 -0.1276 0.0926
vn 0.0000 0.5749 0.8182
vn -0.0010 -1.0000 -0.0001
vn -0.0010 -0.9998 -0.0214
vn -0.0008 1.0000 0.0000
vn -0.0008 0.9998 0.0221
vn -0.0008 0.9994 -0.0353
vn -0.0010 -0.9994 0.0339
vn 0.9848 -0.0905 -0.1480
vn -0.9787 0.1600 -0.1288
vn -0.9969 -0.0449 -0.0639
vn 0.0000 0.2943 0.9557
vn -0.9443 0.1395 -0.2980
vn -0.9379 -0.2805 -0.2041
vn -0.9885 -0.1514 0.0002
vn -0.9777 0.2100 -0.0000
vn 0.9298 0.3681 0.0000
vn 0.9661 -0.2581 0.0004
vn 0.8158 -0.5185 -0.2562
vn 0.8862 0.0155 -0.4630
vn -0.9258 0.2577 0.2767
vn -0.5634 0.8262 -0.0012
vn 0.7278 0.5673 0.3853
vn 0.4025 0.9154 -0.0013
vn -0.9395 -0.2785 0.1994
vn 0.9006 -0.3051 0.3095
vn 0.0000 0.2943 -0.9557
vn 0.0000 0.9912 0.1326
vn 0.0000 1.0000 -0.0014
vn 0.0000 0.9417 -0.3363
vn -0.5510 0.7136 -0.4327
vn -0.4710 -0.6456 -0.6012
vn -0.9675 -0.2433 -0.0692
vn -0.7313 0.6339 -0.2519
vn -0.0001 -0.9990 -0.0442
vn 0.0001 -0.9990 -0.0442
vn 0.0000 -0.9835 -0.1807
vn -0.7414 0.6710 -0.0098
vn -0.3411 0.9356 0.0908
vn -0.3206 0.9460 -0.0481
vn 0.0004 0.9786 -0.2057
vn 0.0003 0.9987 -0.0514
vn 0.0002 0.9987 -0.0514
vn 0.1552 0.9862 -0.0574
vn 0.1949 0.9780 0.0738
vn 0.8197 0.5646 0.0963
vn 0.7983 0.6022 -0.0070
vn 0.0003 0.9987 0.0515
vn -0.0000 0.9987 0.0514
vn -0.0003 0.9687 0.2481
vn 0.0000 -0.9768 0.2143
vn 0.0000 -0.9989 0.0459
vn -0.9857 -0.0939 0.1396
vn -0.5403 -0.6051 0.5848
vn -0.5263 0.4474 0.7231
vn -0.8206 -0.4972 0.2819
vn -0.0001 0.0089 1.0000
vn 0.5926 -0.6476 0.4791
vn 0.2694 -0.9619 0.0463
vn 0.6604 -0.7500 0.0369
vn 0.9199 -0.3020 0.2501
vn -0.3578 -0.9328 0.0427
vn -0.7550 -0.6539 0.0483
vn -0.3185 -0.9431 -0.0952
vn -0.5058 -0.8618 -0.0396
vn 0.3128 -0.9477 -0.0637
vn 0.6572 -0.5591 -0.5055
vn 0.8950 -0.4093 -0.1774
vn 0.7042 -0.7088 -0.0412
vn 0.0001 0.0074 -1.0000
vn 0.5133 0.7223 -0.4635
vn 0.9709 0.1974 -0.1356
vn 0.6233 0.5036 0.5982
vn 0.9519 0.1252 0.2796
vn 0.9962 -0.0715 0.0497
vn 0.9996 -0.0051 -0.0293
vn 0.1131 -0.9722 -0.2050
vn 0.3028 -0.9527 -0.0275
vn 0.0418 -0.9986 -0.0312
vn 0.0574 0.9928 -0.1048
vn -0.2018 0.6702 -0.7142
vn -0.6893 0.7095 -0.1465
vn -0.9937 -0.0007 0.1119
vn -0.9937 0.0000 -0.1120
vn -0.9937 -0.0004 -0.1121
vn -0.9937 -0.0005 0.1119
vn 0.2781 0.9590 -0.0550
vn 0.1414 0.9898 0.0178
vn -0.2360 -0.9678 -0.0881
vn -0.2581 -0.9661 0.0065
vn 0.2030 0.9462 -0.2521
vn -0.0454 -0.9740 -0.2218
vn 0.2515 -0.9674 0.0291
vn -0.3052 0.9522 0.0097
vn -0.2844 0.9262 0.2475
vn -0.7202 0.6891 0.0802
vn -0.3648 0.7952 0.4843
vn 0.7818 -0.6181 -0.0825
vn 0.7275 -0.6777 0.1071
vn -0.8626 -0.4853 -0.1424
vn -0.2238 -0.7819 -0.5819
vn -0.0715 -0.9916 0.1075
vn 0.1539 -0.9814 0.1147
vn 0.3626 0.9317 -0.0202
vn 0.7146 0.6814 0.1579
vn 0.6768 0.7330 -0.0678
vn -0.6273 -0.7788 0.0020
vn -0.1389 -0.9903 0.0000
vn -0.0057 -0.9268 0.3755
vn 0.1030 0.9815 -0.1616
vn -0.0956 0.9697 -0.2248
vn -0.0759 0.9971 -0.0000
vn 0.0542 0.9985 -0.0002
vn -0.1393 0.0000 -0.9903
vn 0.9973 0.0020 -0.0740
vn 1.0000 0.0021 0.0003
vn 1.0000 0.0018 0.0008
vn 0.9989 0.0020 0.0468
vn 0.1765 -0.9840 -0.0264
vn 0.1284 -0.9669 -0.2206
vn 0.0943 -0.9947 -0.0400
vn 0.0000 -0.9976 -0.0687
vn -0.0631 -0.9718 0.2271
vn 0.0706 -0.9975 0.0001
vn -0.8722 0.0007 -0.4892
vn 0.9950 0.0000 -0.1002
vn 0.9953 0.0000 0.0963
vn 0.9954 0.0002 0.0963
vn 0.2506 -0.8314 0.4960
vn -0.3780 -0.7583 0.5311
vn 0.3116 -0.8050 -0.5048
vn -0.9078 -0.4032 0.1156
vn 0.9278 0.0000 0.3732
vn 0.3261 0.6718 0.6651
vn -0.0508 0.9701 0.2375
vn -0.4609 0.8874 0.0014
vn -1.0000 -0.0000 0.0032
vn -0.7877 0.0000 0.6160
vn -0.9597 -0.0000 -0.2811
vn -0.1393 0.0000 0.9903
vn -0.2475 -0.8963 -0.3680
vn 0.0368 -0.9906 0.1319
vn 0.0463 -0.9989 0.0019
vn 0.0462 -0.9989 0.0036
vn 0.1039 0.9807 0.1655
vn -0.0636 0.9914 0.1142
vn -0.0818 0.9906 0.1099
vn 0.0182 0.9982 0.0567
vn -0.9970 0.0015 0.0772
vn -1.0000 0.0018 -0.0004
vn -1.0000 0.0017 -0.0003
vn -0.3055 -0.0000 -0.9522
vn 0.0520 -0.9952 -0.0827
vn -0.3055 0.0000 0.9522
vn -0.1855 -0.7252 0.6631
vn 0.2907 0.7328 -0.6152
vn 0.0942 -0.9956 -0.0003
vn 0.2137 -0.9491 0.2312
vn -0.0041 0.0001 -1.0000
vn -0.1369 0.9806 0.1401
vn 0.9014 -0.0000 -0.4331
vn 0.1152 -0.9598 -0.2559
vn -0.1017 0.9899 0.0983
vn -0.9084 -0.0011 0.4182
vn -0.0034 -0.0001 1.0000
vn -0.9988 0.0015 -0.0485
vn -0.9898 0.0006 -0.1424
vn -0.9891 0.0011 -0.1470
vn -0.8505 0.0041 -0.5259
vn 0.0729 0.9884 -0.1333
vn 0.0000 0.9993 -0.0378
vn 0.0629 0.9940 -0.0895
vn 0.0523 0.9706 -0.2351
vn 0.0000 0.9609 -0.2768
vn 0.1197 0.9799 -0.1596
vn 0.5287 0.0000 0.8488
vn -0.5286 0.0000 0.8488
vn 0.5286 -0.0000 -0.8488
vn 0.0000 -0.9999 -0.0124
vn 0.0000 -0.9989 -0.0473
vn -1.0000 0.0000 0.0000
vn 0.0000 0.9935 0.1143
vn 0.0000 0.9987 0.0513
vn 0.0000 0.9607 0.2777
vn 0.0000 -0.9990 0.0444
vn 0.0000 0.9607 -0.2777
vn 0.0000 0.9935 -0.1142
vn 0.0000 0.9987 -0.0513
vn 0.0000 -0.9710 0.2391
vn 0.0000 -0.9990 -0.0444
vn -0.0000 -0.9999 0.0124
vn 0.0000 -0.9989 0.0473
vn -0.1111 -0.9761 0.1867
vn 0.0000 -0.9775 -0.2109
vn -0.0806 -0.9961 0.0369
vn -0.0578 0.9950 0.0812
vn -0.1068 0.9846 0.1385
vn -0.0636 0.9912 0.1160
vn 0.9889 0.0021 0.1485
vn -0.5286 -0.0000 -0.8488
vn 0.8504 0.0076 0.5261
vn -0.0451 0.9770 0.2082
vn 0.0000 0.9696 0.2447
vn -0.0000 0.9994 0.0336
vn 0.0000 -0.9981 0.0616
vn -0.0690 -0.9976 0.0094
vn 0.0602 -0.9747 -0.2151
vn 0.1723 -0.7687 -0.6159
vn -0.1552 -0.9877 0.0176
vn 0.0818 0.9906 -0.1099
vn 0.1369 0.9806 -0.1401
vn 0.1017 0.9899 -0.0983
vn 0.3055 -0.0000 -0.9522
vn -0.0462 -0.9989 -0.0036
vn -0.0463 -0.9989 -0.0019
vn -0.0520 -0.9952 0.0827
vn 0.3055 0.0000 0.9522
vn -1.0000 0.0019 -0.0008
vn -1.0000 0.0022 -0.0002
vn -0.9989 0.0021 -0.0468
vn 1.0000 0.0018 0.0003
vn 1.0000 0.0019 0.0005
vn 0.9988 0.0016 0.0484
vn 0.9970 0.0016 -0.0772
vn -0.9973 0.0021 0.0740
vn -0.0368 -0.9906 -0.1318
vn 0.0636 0.9914 -0.1142
vn -0.0182 0.9982 -0.0567
vn 0.1393 -0.0000 0.9903
vn 0.0508 0.9701 -0.2375
vn -0.1039 0.9807 -0.1655
vn -0.0542 0.9985 0.0002
vn 0.0759 0.9971 0.0000
vn 0.1376 -0.9905 -0.0019
vn -0.0942 -0.9956 0.0003
vn -0.2137 -0.9491 -0.2312
vn 0.0057 -0.9268 -0.3755
vn 0.0956 0.9697 0.2248
vn 0.4609 0.8874 -0.0014
vn 0.2475 -0.8963 0.3680
vn 0.6273 -0.7788 -0.0020
vn -0.1030 0.9815 0.1616
vn -0.1152 -0.9598 0.2559
vn 0.1393 0.0000 -0.9903
vn 0.9597 -0.0000 0.2811
vn 1.0000 -0.0000 -0.0032
vn 0.7877 -0.0000 -0.6160
vn 0.4019 0.7576 -0.5143
vn -0.3478 0.6188 -0.7043
vn -0.1440 0.9890 -0.0346
vn 0.3139 0.9076 -0.2789
vn -0.9953 0.0002 -0.0965
vn -0.9953 0.0001 -0.0963
vn -0.9278 0.0000 -0.3732
vn 0.3297 0.9441 0.0004
vn 0.7332 0.6606 0.1617
vn 0.7634 0.6397 -0.0895
vn 0.9084 -0.0006 -0.4182
vn 0.9937 -0.0004 -0.1119
vn 0.9937 -0.0001 -0.1120
vn 0.9306 -0.3459 -0.1196
vn 0.8886 -0.4308 0.1575
vn 0.2540 -0.9615 0.1052
vn 0.2746 -0.9613 -0.0231
vn 0.9938 -0.0006 0.1116
vn 0.9937 -0.0001 0.1120
vn 0.8722 0.0004 0.4892
vn -0.9014 0.0000 0.4331
vn -0.9950 0.0000 0.1002
vn -0.9950 -0.0000 0.0999
vn -0.0435 0.9914 0.1232
vn -0.3248 0.6950 0.6415
vn 0.2259 0.6169 0.7539
vn -0.2288 0.9336 0.2757
vn 0.0041 0.0001 1.0000
vn -0.3416 -0.7656 0.5452
vn -0.8213 -0.5628 0.0933
vn -0.3346 -0.9419 0.0304
vn -0.1345 -0.9613 0.2403
vn -0.7220 0.6877 0.0768
vn -0.3244 0.9440 0.0607
vn -0.7575 0.6316 -0.1651
vn -0.4070 0.9134 0.0055
vn -0.7686 -0.6285 -0.1193
vn -0.2804 -0.7961 -0.5363
vn -0.1796 -0.9735 -0.1417
vn -0.2842 -0.9576 -0.0474
vn 0.0034 -0.0001 -1.0000
vn 0.4014 -0.7145 -0.5730
vn 0.0774 -0.9871 -0.1401
vn 0.2461 -0.7384 0.6279
vn 0.0568 -0.9636 0.2611
vn -0.0476 -0.9982 0.0372
vn -0.1444 0.1432 -0.9791
vn -0.3146 0.4227 -0.8499
vn 0.1434 0.3200 -0.9365
vn 0.0623 -0.3054 -0.9502
vn -0.2143 -0.4735 -0.8543
vn -0.2046 -0.1684 0.9643
vn 0.1695 0.5663 0.8066
vn -0.1986 0.6662 0.7189
vn 0.2072 0.7481 0.6305
vn -0.2787 0.7733 0.5696
vn -0.4820 -0.5374 0.6920
vn 0.2641 -0.2143 0.9404
vn 0.2080 -0.0767 0.9751
vn 0.1689 -0.6117 -0.7729
vn -0.2420 -0.5303 -0.8126
vn -0.0484 0.9988 0.0001
vn -0.0483 0.9988 0.0001
vn -0.5407 0.8412 -0.0000
vn -0.5405 0.8414 -0.0000
vn -0.9987 -0.0507 -0.0001
vn -0.9987 -0.0509 -0.0001
vn -0.8392 -0.5438 -0.0000
vn -0.8386 -0.5448 -0.0000
vn -0.4552 -0.8904 -0.0000
vn -0.4554 -0.8903 -0.0000
vn 0.0479 -0.9989 -0.0000
vn 0.0500 -0.9988 -0.0000
vn 0.5372 -0.8434 -0.0000
vn 0.5404 -0.8414 -0.0000
vn 0.8888 -0.4583 -0.0000
vn 0.8896 -0.4568 -0.0000
vn 0.9988 0.0491 -0.0000
vn 0.9988 0.0497 0.0000
vn 0.8406 0.5416 0.0001
vn 0.8406 0.5417 0.0001
vn 0.4572 0.8894 0.0001
vn 0.4571 0.8894 0.0001
vn -0.8885 0.4589 -0.0001
vn -0.8884 0.4590 -0.0001
vn -0.5406 0.8413 -0.0000
vn -0.9987 -0.0502 -0.0001
vn -0.9987 -0.0504 -0.0001
vn -0.8382 -0.5453 -0.0000
vn -0.8377 -0.5461 0.0000
vn -0.4548 -0.8906 -0.0000
vn -0.4550 -0.8905 -0.0000
vn 0.0471 -0.9989 -0.0000
vn 0.0484 -0.9988 -0.0000
vn 0.5406 -0.8413 -0.0000
vn 0.9989 0.0477 0.0000
vn 0.8411 0.5408 0.0001
vn 0.9626 0.2389 -0.1275
vn 0.7406 0.6252 -0.2462
vn 0.8590 0.4981 0.1181
vn 0.8767 -0.4782 0.0517
vn 0.7188 -0.6761 -0.1619
vn -0.9432 -0.2795 -0.1797
vn -0.6382 0.7604 0.1204
vn -0.5319 0.8365 -0.1320
vn -0.4410 0.8880 0.1302
vn -0.3922 0.9036 -0.1723
vn -0.5654 -0.7451 -0.3537
vn -0.3844 -0.9231 -0.0047
vn -0.9738 -0.1299 0.1866
vn -0.7427 0.5970 0.3034
vn 0.5932 -0.7966 0.1164
vn 0.6597 -0.7306 -0.1765
vn 0.0001 -0.0003 1.0000
vn 0.0001 -0.0011 1.0000
vn 0.0004 0.9986 0.0535
vn 0.0003 0.9986 0.0530
vn -0.0003 0.9982 -0.0595
vn -0.0001 0.9983 -0.0590
vn -0.0000 -0.0003 -1.0000
vn -0.0000 -0.0005 -1.0000
vn -0.0001 -0.9856 -0.1693
vn -0.0001 -0.9857 -0.1685
vn 0.0001 -0.9857 0.1687
vn 0.0000 -0.9856 0.1692
vn 0.9706 0.0815 0.2266
vn 0.8283 -0.5583 0.0469
vn 0.9754 0.2189 -0.0263
vn 0.0002 0.5241 0.8517
vn -0.7047 0.1203 0.6993
vn -0.6044 0.7192 0.3426
vn -0.9146 0.3921 0.0993
vn -0.9771 -0.0899 0.1928
vn 0.5824 0.6883 0.4326
vn 0.4892 0.0831 0.8682
vn 0.8261 0.5213 0.2139
vn -0.3521 0.9334 0.0694
vn -0.8192 0.5724 -0.0359
vn 0.6368 0.7678 0.0708
vn 0.7627 0.6374 0.1095
vn -0.3045 0.9516 -0.0423
vn 0.5791 0.8104 0.0885
vn -0.4386 0.8912 -0.1157
vn -0.8072 0.5843 -0.0837
vn 0.4009 0.9141 -0.0616
vn 0.5585 0.8293 0.0208
vn -0.4916 0.7925 -0.3609
vn -0.9053 0.3377 -0.2578
vn 0.3078 0.8630 -0.4006
vn -0.4831 -0.0796 -0.8720
vn 0.4021 -0.0840 -0.9117
vn -0.4349 -0.7362 -0.5186
vn -0.9549 -0.1503 -0.2563
vn 0.5744 -0.7305 -0.3694
vn 0.7602 -0.6143 -0.2115
vn -0.2915 -0.9349 -0.2026
vn -0.8881 -0.4570 -0.0500
vn 0.5489 -0.8326 -0.0746
vn -0.3199 -0.9474 0.0075
vn 0.4697 -0.8821 0.0372
vn -0.4815 -0.8633 0.1513
vn -0.9573 -0.2763 0.0851
vn 0.5505 -0.8101 0.2014
vn -0.6129 -0.6808 0.4010
vn 0.4748 -0.7140 0.5146
vn -0.9835 0.1803 -0.0139
vn -0.9954 -0.0000 -0.0960
vn -0.9834 0.0000 -0.1815
vn -1.0000 0.0000 -0.0082
vn 0.9762 0.0614 0.2079
vn 0.9996 0.0105 0.0272
vn 0.9994 0.0118 0.0317
vn -0.7576 -0.6166 0.2142
vn -0.9662 -0.0509 0.2528
vn -0.9251 -0.3403 -0.1686
vn -0.7099 0.7001 0.0772
vn -0.7295 0.6265 -0.2743
vn -0.5666 -0.6472 -0.5101
vn -0.2983 0.9107 0.2859
vn -0.3161 0.8433 -0.4347
vn 0.8798 -0.4246 -0.2138
vn 1.0000 0.0039 0.0059
vn 0.7032 -0.6368 0.3163
vn 0.8802 0.4245 0.2121
vn 0.9383 0.3085 -0.1561
vn 0.9269 -0.2979 0.2285
vn 0.9634 0.0000 -0.2680
vn 0.9738 -0.2225 0.0464
vn -0.9815 -0.1611 0.1033
vn -0.9421 -0.2884 0.1709
vn -0.9733 -0.1762 0.1469
vn -0.0008 0.9977 0.0684
vn 0.0000 -0.8064 -0.5913
vn 0.0000 0.8064 -0.5913
vn 0.0000 -0.8064 0.5913
vn -0.0030 0.9623 0.2719
vn -0.9567 -0.1247 0.2629
vn -0.9509 0.0000 0.3095
vn -0.9991 0.0000 0.0433
vn 0.9968 -0.0000 0.0794
vn 0.9814 -0.1917 0.0120
vn 0.9486 0.1653 -0.2699
vn 0.6366 0.4028 -0.6576
vn 0.9139 -0.4054 0.0209
vn -0.9550 0.1616 -0.2488
vn -0.9050 0.3058 -0.2956
vn -0.9434 0.2431 -0.2256
vn 0.0394 0.3649 -0.9302
vn 0.9926 -0.1194 0.0237
vn 0.9925 -0.1188 0.0279
vn 0.9715 -0.1282 0.1993
vn -0.0359 0.3926 0.9190
vn -0.0053 -0.9999 0.0149
vn -0.0061 -0.9998 0.0187
vn -0.0042 -0.9998 -0.0219
vn 0.0034 0.9998 -0.0174
vn 0.0033 0.9999 -0.0163
vn 0.0024 0.9997 0.0231
vn 0.0063 0.9971 -0.0752
vn -0.0081 -0.9973 0.0727
vn 0.9734 -0.0963 -0.2079
vn -0.9431 0.2203 -0.2489
vn -0.9879 -0.0423 -0.1489
vn -0.5797 0.6959 -0.4239
vn -0.4968 -0.6371 -0.5894
vn -0.9652 -0.2538 -0.0624
vn -0.7462 0.6223 -0.2366
vn -0.0001 -0.9990 -0.0441
vn -0.7479 0.6637 -0.0117
vn -0.3695 0.9249 0.0892
vn -0.3467 0.9368 -0.0474
vn 0.0002 0.9987 -0.0513
vn 0.1707 0.9836 -0.0581
vn 0.2183 0.9731 0.0734
vn 0.8242 0.5593 0.0890
vn 0.8024 0.5967 -0.0037
vn 0.0003 0.9987 0.0516
vn -0.0000 -0.9989 0.0460
vn -0.9864 -0.0958 0.1339
vn -0.5667 -0.5881 0.5770
vn -0.5524 0.4387 0.7088
vn -0.8314 -0.4861 0.2694
vn 0.6202 -0.6322 0.4643
vn 0.2937 -0.9548 0.0460
vn 0.6721 -0.7396 0.0355
vn 0.9270 -0.2953 0.2314
vn -0.3828 -0.9229 0.0418
vn -0.7710 -0.6351 0.0459
vn -0.3381 -0.9363 -0.0956
vn -0.5277 -0.8485 -0.0403
vn 0.3393 -0.9386 -0.0631
vn 0.6821 -0.5422 -0.4907
vn 0.9050 -0.3912 -0.1670
vn 0.7176 -0.6954 -0.0374
vn 0.5406 0.7131 -0.4464
vn 0.9718 0.2041 -0.1183
vn 0.6473 0.4953 0.5794
vn 0.9581 0.1167 0.2614
vn 0.9967 -0.0657 0.0468
vn 0.9996 -0.0048 -0.0274
vn 0.7146 0.6815 0.1579
vn 0.9973 0.0029 -0.0740
vn 1.0000 0.0029 0.0003
vn 0.9989 0.0029 0.0468
vn 0.1573 -0.9852 -0.0683
vn 0.1145 -0.9648 -0.2369
vn 0.0828 -0.9926 -0.0885
vn 0.0024 -0.9935 -0.1140
vn -0.0599 -0.9848 0.1631
vn 0.0711 -0.9956 -0.0613
vn -1.0000 -0.0001 0.0032
vn 0.0323 -0.9928 0.1157
vn 0.0407 -0.9992 -0.0000
vn -0.0575 0.9932 0.1014
vn -0.0697 0.9930 0.0956
vn 0.0159 0.9986 0.0496
vn -0.9970 0.0023 0.0771
vn -1.0000 0.0023 0.0000
vn 0.0456 -0.9963 -0.0725
vn -0.1754 -0.8003 0.5733
vn 0.2905 0.7327 -0.6154
vn -0.1195 0.9853 0.1221
vn -0.0893 0.9923 0.0863
vn -0.9988 0.0022 -0.0484
vn -0.9878 0.0084 -0.1557
vn -0.8464 0.0339 -0.5314
vn 0.0625 0.9960 -0.0633
vn -0.0017 0.9998 0.0190
vn 0.0565 0.9980 -0.0284
vn 0.0448 0.9867 -0.1562
vn -0.0001 0.9811 -0.1934
vn 0.1059 0.9907 -0.0858
vn 1.0000 0.0016 0.0076
vn 0.5223 -0.0438 0.8517
vn -0.0020 0.9986 0.0525
vn -0.5350 -0.0455 0.8436
vn 0.5350 0.0455 -0.8436
vn 0.0000 0.9935 0.1142
vn 0.0000 -0.9990 0.0445
vn -1.0000 -0.0016 -0.0076
vn 0.0075 0.0526 -0.9986
vn -0.0020 0.9986 0.0526
vn 0.0003 -0.9872 0.1592
vn 0.0697 0.9930 -0.0956
vn 0.1195 0.9853 -0.1221
vn 0.0893 0.9923 -0.0863
vn -0.0407 -0.9992 -0.0000
vn -0.0456 -0.9963 0.0725
vn -1.0000 0.0029 -0.0003
vn -1.0000 0.0029 -0.0002
vn -0.9989 0.0029 -0.0468
vn 1.0000 0.0023 0.0000
vn 0.9988 0.0022 0.0484
vn 0.9970 0.0023 -0.0771
vn -0.9973 0.0029 0.0740
vn -0.0323 -0.9928 -0.1157
vn 0.0575 0.9932 -0.1014
vn -0.0159 0.9986 -0.0496
vn 0.3648 0.7952 -0.4843
vn -0.3261 0.6718 -0.6651
vn -0.1414 0.9898 -0.0178
vn 0.2844 0.9262 -0.2475
vn -0.9954 0.0002 -0.0963
vn -0.9953 0.0000 -0.0963
vn 0.3052 0.9522 -0.0097
vn 0.6893 0.7095 0.1465
vn 0.7202 0.6891 -0.0802
vn 0.9084 -0.0011 -0.4182
vn 0.9937 -0.0007 -0.1119
vn 0.9937 -0.0005 -0.1119
vn 0.9078 -0.4032 -0.1157
vn 0.8626 -0.4853 0.1424
vn 0.2360 -0.9678 0.0881
vn 0.2581 -0.9661 -0.0065
vn 0.9937 -0.0004 0.1120
vn 0.9937 -0.0000 0.1120
vn 0.8722 0.0007 0.4892
vn -0.9950 -0.0000 0.1001
vn -0.0574 0.9928 0.1049
vn -0.2906 0.7327 0.6154
vn 0.2018 0.6702 0.7142
vn -0.2030 0.9462 0.2521
vn -0.3116 -0.8050 0.5048
vn -0.7818 -0.6181 0.0825
vn -0.3029 -0.9527 0.0246
vn -0.1130 -0.9722 0.2050
vn -0.6768 0.7330 0.0678
vn -0.2781 0.9590 0.0549
vn -0.7146 0.6814 -0.1579
vn -0.3626 0.9317 0.0202
vn -0.7275 -0.6777 -0.1071
vn -0.2506 -0.8314 -0.4960
vn -0.1539 -0.9814 -0.1147
vn -0.2514 -0.9674 -0.0291
vn 0.3780 -0.7583 -0.5311
vn 0.0715 -0.9916 -0.1075
vn 0.2237 -0.7819 0.5819
vn 0.0454 -0.9740 0.2218
vn -0.0418 -0.9986 0.0312
vn -0.0075 -0.0526 0.9986
vn 0.1433 0.3200 -0.9365
vn 0.1689 -0.6116 -0.7729
vn -1.0000 -0.0011 -0.0051
vn -0.1396 0.1775 -0.9742
vn -0.3109 0.4522 -0.8360
vn 0.1477 0.3531 -0.9239
vn 0.0675 -0.2715 -0.9601
vn -0.2094 -0.4432 -0.8716
vn 0.0013 -0.9994 -0.0353
vn -0.2093 -0.2026 0.9566
vn 0.1647 0.5376 0.8270
vn -0.2030 0.6401 0.7410
vn 1.0000 0.0011 0.0051
vn 0.2030 0.7255 0.6576
vn -0.2825 0.7523 0.5951
vn -0.4848 -0.5620 0.6701
vn 0.2596 -0.2471 0.9336
vn 0.2032 -0.1109 0.9728
vn 0.1736 -0.5838 -0.7932
vn -0.2372 -0.5015 -0.8320
vn -0.0013 0.9994 0.0353
vn -0.8393 -0.5437 0.0000
vn -0.4579 -0.8890 0.0000
vn 0.0458 -0.9989 0.0000
vn 0.5370 -0.8436 0.0000
vn 0.8881 -0.4597 0.0000
vn 0.9987 0.0500 -0.0000
vn 0.8401 0.5425 0.0000
vn -0.9988 -0.0494 -0.0001
vn -0.8397 -0.5430 -0.0000
vn -0.4574 -0.8893 -0.0000
vn 0.5375 -0.8432 0.0000
vn 0.8884 -0.4590 0.0000
vn 0.9989 0.0471 -0.0000
vn 0.8411 0.5408 0.0000
vn 0.4563 0.8898 0.0001
vn 0.4562 0.8899 0.0001
vn -0.3844 -0.9232 -0.0047
vn 0.6597 -0.7306 -0.1764
vn 0.9725 0.0796 0.2189
vn 0.8393 -0.5419 0.0434
vn 0.9747 0.2220 -0.0269
vn -0.7286 0.1186 0.6746
vn -0.6325 0.7004 0.3308
vn -0.9210 0.3795 0.0882
vn -0.9800 -0.0922 0.1765
vn 0.6086 0.6706 0.4241
vn 0.5152 0.0854 0.8528
vn 0.8387 0.5050 0.2039
vn -0.3778 0.9233 0.0689
vn -0.8279 0.5598 -0.0337
vn 0.6597 0.7484 0.0688
vn 0.7828 0.6131 0.1065
vn -0.3262 0.9443 -0.0422
vn 0.6013 0.7943 0.0865
vn -0.4639 0.8785 -0.1140
vn -0.8221 0.5637 -0.0805
vn 0.4230 0.9039 -0.0630
vn 0.5825 0.8126 0.0173
vn -0.5170 0.7807 -0.3509
vn -0.9125 0.3250 -0.2485
vn 0.3271 0.8581 -0.3959
vn -0.5093 -0.0842 -0.8565
vn 0.4262 -0.0874 -0.9004
vn -0.4609 -0.7271 -0.5089
vn -0.9588 -0.1506 -0.2410
vn 0.6006 -0.7123 -0.3632
vn 0.7776 -0.5962 -0.1994
vn -0.3115 -0.9284 -0.2026
vn -0.8889 -0.4556 -0.0473
vn 0.5755 -0.8146 -0.0729
vn -0.3423 -0.9396 0.0085
vn 0.4956 -0.8678 0.0361
vn -0.5082 -0.8485 0.1478
vn -0.9612 -0.2642 0.0798
vn 0.5781 -0.7918 0.1972
vn -0.6391 -0.6646 0.3870
vn 0.5010 -0.7037 0.5037
vn -0.9854 0.1695 -0.0135
vn -0.9940 0.0000 -0.1089
vn -0.9785 0.0000 -0.2061
vn -1.0000 0.0000 -0.0093
vn 0.9694 0.0695 0.2356
vn 0.9989 0.0157 0.0437
vn 0.9991 0.0142 0.0387
vn -0.3311 0.9006 0.2816
vn 0.0800 0.2676 0.9602
vn -0.9629 0.1591 -0.2180
vn -0.9550 -0.2634 -0.1361
vn -0.9874 -0.1394 0.0749
vn -0.9715 0.2217 0.0835
vn 0.9320 0.3567 -0.0642
vn 0.9593 -0.2696 -0.0836
vn 0.7854 -0.5210 -0.3342
vn 0.8468 0.0177 -0.5315
vn -0.8971 0.2610 0.3564
vn -0.5500 0.8326 0.0658
vn 0.7641 0.5475 0.3411
vn 0.4141 0.9102 -0.0089
vn -0.9246 -0.2726 0.2661
vn 0.9179 -0.3244 0.2285
vn -0.0716 0.3207 -0.9444
vn -0.0142 -0.9995 -0.0268
vn 0.0246 0.9870 0.1587
vn 0.0141 0.9996 0.0253
vn -0.0133 0.9507 -0.3099
vn 0.0000 -0.9990 -0.0442
vn -0.3186 -0.9431 -0.0952
vn 0.6571 -0.5591 -0.5055
vn 0.9995 -0.0054 -0.0313
vn -0.0454 -0.9740 -0.2219
vn -0.8626 -0.4853 -0.1425
vn 0.9957 -0.0118 -0.0916
vn 0.9998 -0.0025 -0.0180
vn 0.9996 0.0034 0.0282
vn 0.1552 -0.9877 -0.0176
vn 0.1111 -0.9761 -0.1867
vn 0.0806 -0.9961 -0.0369
vn -0.0000 -0.9981 -0.0616
vn -0.0602 -0.9747 0.2151
vn 0.0690 -0.9976 -0.0094
vn 0.9950 -0.0000 -0.1001
vn 0.2505 -0.8314 0.4960
vn 0.0314 -0.9704 0.2394
vn 0.0376 -0.9914 0.1253
vn -0.0526 0.9983 -0.0237
vn -0.0649 0.9975 -0.0292
vn 0.0199 0.9968 -0.0770
vn -0.9954 0.0173 0.0940
vn -0.9998 0.0076 0.0176
vn -0.3230 -0.1184 -0.9390
vn 0.0412 -0.9977 0.0530
vn -0.2879 0.1217 0.9499
vn -0.1723 -0.7687 0.6159
vn 0.2906 0.7327 -0.6154
vn -0.1142 0.9935 -0.0010
vn -0.0846 0.9957 -0.0380
vn -0.9995 0.0015 -0.0304
vn -0.9889 0.0021 -0.1485
vn -0.8504 0.0076 -0.5261
vn 0.0636 0.9912 -0.1160
vn 0.0000 0.9994 -0.0336
vn 0.0578 0.9950 -0.0812
vn 0.0451 0.9770 -0.2082
vn 0.0000 0.9696 -0.2447
vn 0.1067 0.9846 -0.1385
vn 0.5286 0.0000 0.8488
vn 0.0000 0.9607 -0.2776
vn 0.0000 -0.9775 0.2109
vn -0.0806 -0.9961 0.0368
vn -0.5287 -0.0000 -0.8488
vn 0.5287 -0.0000 -0.8488
vn 0.1723 -0.7688 -0.6159
vn 0.1392 0.0000 0.9903
vn -0.0574 0.9928 0.1048
vn -0.3028 -0.9527 0.0246
vn -0.6769 0.7330 0.0678
vn -0.1444 0.2087 -0.9673
vn -0.3146 0.4789 -0.8196
vn 0.1434 0.3822 -0.9129
vn 0.0623 -0.2408 -0.9686
vn -0.2143 -0.4150 -0.8842
vn 0.0000 -0.9977 -0.0672
vn -0.2046 -0.2328 0.9508
vn 0.1695 0.5108 0.8428
vn -0.1986 0.6163 0.7620
vn 0.2072 0.7040 0.6793
vn -0.2787 0.7332 0.6203
vn -0.4820 -0.5827 0.6543
vn 0.2641 -0.2770 0.9239
vn 0.2080 -0.1421 0.9678
vn 0.1689 -0.5583 -0.8123
vn -0.2420 -0.4745 -0.8464
vn -0.0000 0.9977 0.0672
vn -0.5404 0.8414 -0.0000
vn -0.9987 -0.0506 -0.0001
vn -0.8387 -0.5445 0.0000
vn -0.4576 -0.8891 0.0000
vn 0.5374 -0.8433 0.0000
vn 0.9987 0.0515 -0.0000
vn 0.8395 0.5433 0.0001
vn 0.4580 0.8889 0.0001
vn 0.4579 0.8890 0.0001
vn -0.5409 0.8411 -0.0000
vn -0.9988 -0.0481 -0.0001
vn -0.8407 -0.5415 0.0000
vn -0.4569 -0.8895 -0.0000
vn 0.0486 -0.9988 -0.0000
vn 0.5410 -0.8410 0.0000
vn 0.9988 0.0486 -0.0000
vn -0.8889 0.4581 -0.0001
vn -0.8889 0.4582 -0.0001
vn 0.0001 0.0000 1.0000
vn 0.0001 0.0009 1.0000
vn -0.0001 0.9986 0.0527
vn -0.0000 0.9986 0.0533
vn 0.0003 0.9983 -0.0588
vn 0.0001 0.9983 -0.0591
vn 0.0000 0.0001 -1.0000
vn 0.0000 0.0003 -1.0000
vn 0.0001 -0.9857 -0.1686
vn 0.0001 -0.9856 -0.1694
vn 0.0000 -1.0000 0.0002
vn -0.0000 -1.0000 -0.0002
vn -0.0001 -0.9856 0.1693
vn -0.0000 -0.9857 0.1688
vn 0.9743 0.0783 0.2113
vn 0.8496 -0.5259 0.0401
vn 0.9741 0.2245 -0.0270
vn -0.7507 0.1166 0.6503
vn -0.6586 0.6816 0.3188
vn -0.9269 0.3672 0.0775
vn -0.9825 -0.0938 0.1607
vn 0.6337 0.6526 0.4153
vn 0.5406 0.0874 0.8367
vn 0.8504 0.4890 0.1941
vn -0.4034 0.9125 0.0683
vn -0.8361 0.5477 -0.0317
vn 0.6816 0.7287 0.0667
vn 0.8010 0.5897 0.1034
vn -0.3481 0.9365 -0.0422
vn 0.6230 0.7777 0.0845
vn -0.4887 0.8652 -0.1121
vn -0.8358 0.5436 -0.0773
vn 0.4450 0.8932 -0.0642
vn 0.6054 0.7958 0.0139
vn -0.5420 0.7682 -0.3408
vn -0.9191 0.3130 -0.2394
vn 0.3465 0.8527 -0.3909
vn -0.5349 -0.0884 -0.8403
vn 0.4501 -0.0904 -0.8884
vn -0.4864 -0.7174 -0.4988
vn -0.9624 -0.1501 -0.2263
vn 0.6257 -0.6939 -0.3564
vn 0.7938 -0.5785 -0.1877
vn -0.3316 -0.9215 -0.2024
vn -0.8901 -0.4536 -0.0448
vn 0.6010 -0.7961 -0.0711
vn -0.3647 -0.9311 0.0094
vn 0.5209 -0.8529 0.0351
vn -0.5340 -0.8331 0.1442
vn -0.9648 -0.2522 0.0748
vn 0.6045 -0.7729 0.1928
vn -0.6639 -0.6480 0.3732
vn 0.5267 -0.6927 0.4927
vn -0.9871 0.1595 -0.0130
vn 0.9999 0.0000 -0.0161
vn 0.9979 0.0000 -0.0652
vn -0.9871 -0.0000 0.1599
vn -0.9975 0.0000 0.0707
vn -0.9289 0.0000 0.3702
vn 0.9981 0.0000 0.0612
vn -0.9302 -0.3282 -0.1644
vn -0.5929 -0.6356 -0.4946
vn -0.3453 0.8340 -0.4303
vn -0.9722 0.1988 -0.1239
vn -0.9327 0.3269 -0.1525
vn -0.9619 0.2500 -0.1103
vn 0.9932 -0.1166 -0.0009
vn 0.9932 -0.1167 -0.0002
vn 0.9869 -0.1305 0.0947
vn 0.9841 -0.0925 -0.1513
vn -0.9783 0.1607 -0.1308
vn -0.9968 -0.0459 -0.0654
vn 0.3028 -0.9527 -0.0274
vn -0.1392 -0.0000 -0.9903
vn 0.1282 -0.9593 -0.2517
vn 0.0628 -0.9113 -0.4069
vn 0.0516 -0.9636 -0.2623
vn -0.0316 -0.9606 -0.2760
vn -0.0547 -0.9985 0.0046
vn 0.0436 -0.9711 -0.2345
vn -0.3779 -0.7583 0.5311
vn 0.3116 -0.8051 -0.5048
vn -0.4609 0.8874 0.0015
vn -0.1089 -0.8854 0.4518
vn 0.2906 0.7328 -0.6153
vn -0.9995 0.0292 -0.0126
vn -0.9111 0.1176 -0.3950
vn 0.0713 0.9930 0.0943
vn 0.0192 0.9827 0.1842
vn 0.0703 0.9891 0.1296
vn 0.0408 0.9992 0.0045
vn -0.0089 0.9996 -0.0265
vn 0.1111 0.9917 0.0654
vn 0.9912 0.0053 -0.1320
vn 0.6343 -0.1823 0.7513
vn 0.0236 0.9759 0.2168
vn -0.4137 -0.1879 0.8908
vn 0.4137 0.1879 -0.8908
vn -0.9912 -0.0053 0.1320
vn -0.1300 0.2180 -0.9672
vn 0.0043 -1.0000 -0.0079
vn -0.5286 0.0000 0.8489
vn 0.4609 0.8874 -0.0015
vn 0.8626 -0.4853 0.1425
vn -0.2907 0.7328 0.6152
vn -0.1130 -0.9722 0.2049
vn 0.1300 -0.2180 0.9672
vn -0.9999 -0.0108 -0.0087
vn -0.1371 0.1176 -0.9835
vn -0.3115 0.3984 -0.8627
vn 0.1483 0.2985 -0.9428
vn 0.0740 -0.3278 -0.9418
vn -0.2016 -0.4965 -0.8443
vn 0.0106 -0.9996 0.0245
vn -0.2114 -0.1470 0.9663
vn 0.1562 0.5876 0.7939
vn -0.2120 0.6813 0.7006
vn 0.9999 0.0108 0.0087
vn 0.1936 0.7654 0.6137
vn -0.2919 0.7839 0.5480
vn -0.4824 -0.5255 0.7008
vn 0.2580 -0.1884 0.9476
vn 0.2001 -0.0506 0.9785
vn 0.1823 -0.6285 -0.7562
vn -0.2291 -0.5526 -0.8014
vn -0.0106 0.9996 -0.0245
vn -0.9988 -0.0497 -0.0001
vn -0.8403 -0.5421 -0.0000
vn -0.4575 -0.8892 -0.0000
vn 0.0450 -0.9990 -0.0000
vn 0.8877 -0.4604 0.0000
vn 0.9988 0.0493 0.0000
vn 0.8401 0.5425 0.0001
vn -0.9988 -0.0484 -0.0001
vn -0.8414 -0.5405 -0.0000
vn -0.4581 -0.8889 -0.0000
vn 0.0476 -0.9989 -0.0000
vn 0.5385 -0.8427 -0.0000
vn 0.9989 0.0463 0.0000
vn 0.8412 0.5408 0.0001
vn 0.0281 -0.4957 0.8681
vn 0.0326 -0.0001 0.9995
vn 0.0019 0.9986 0.0531
vn 0.0000 1.0000 -0.0006
vn 0.0000 1.0000 -0.0008
vn -0.0019 0.9983 -0.0591
vn -0.0019 0.9983 -0.0590
vn -0.0071 0.9758 -0.2187
vn -0.0276 0.5286 -0.8484
vn -0.0325 -0.0001 -0.9995
vn -0.0281 -0.5036 -0.8635
vn -0.0102 -0.9499 -0.3125
vn -0.0055 -0.9856 -0.1689
vn 0.0055 -0.9856 0.1689
vn 0.0102 -0.9499 0.3125
vn 0.0068 0.9795 0.2014
vn 0.9791 0.0796 0.1872
vn 0.8403 -0.5419 0.0161
vn 0.9733 0.2220 -0.0586
vn 0.0279 0.5240 0.8512
vn -0.7063 0.1186 0.6979
vn -0.6214 0.7004 0.3512
vn -0.9176 0.3795 0.1180
vn -0.9737 -0.0922 0.2082
vn 0.6221 0.6706 0.4041
vn 0.5427 0.0854 0.8356
vn 0.8449 0.5050 0.1765
vn -0.3754 0.9233 0.0812
vn -0.8286 0.5598 -0.0068
vn 0.6615 0.7484 0.0473
vn 0.7858 0.6131 0.0810
vn -0.3274 0.9443 -0.0316
vn 0.6038 0.7943 0.0669
vn -0.4673 0.8785 -0.0988
vn -0.8242 0.5637 -0.0537
vn 0.4208 0.9039 -0.0767
vn 0.5828 0.8126 -0.0017
vn -0.5282 0.7807 -0.3339
vn -0.9201 0.3250 -0.2187
vn 0.3140 0.8581 -0.4063
vn -0.5369 -0.0842 -0.8395
vn 0.3967 -0.0874 -0.9138
vn -0.4772 -0.7270 -0.4937
vn -0.9661 -0.1506 -0.2097
vn 0.5885 -0.7123 -0.3825
vn 0.7707 -0.5962 -0.2246
vn -0.3179 -0.9284 -0.1924
vn -0.8900 -0.4556 -0.0184
vn 0.5728 -0.8146 -0.0916
vn -0.3418 -0.9396 0.0196
vn 0.4965 -0.8678 0.0200
vn -0.5031 -0.8485 0.1643
vn -0.9581 -0.2642 0.1110
vn 0.5842 -0.7918 0.1783
vn -0.6262 -0.6646 0.4076
vn 0.5172 -0.7037 0.4872
vn -0.9854 0.1695 0.0186
vn -0.9933 0.0390 -0.1091
vn -0.9778 0.0384 -0.2061
vn -0.9992 0.0392 -0.0093
vn 0.0343 0.9994 -0.0000
vn 0.9713 0.0315 0.2357
vn 0.9988 -0.0235 0.0437
vn 0.9989 -0.0250 0.0387
vn -0.0343 -0.9994 -0.0000
vn 0.0150 0.9999 0.0033
vn 0.9983 -0.0152 0.0556
vn 0.9998 -0.0151 0.0106
vn -0.0150 -0.9999 -0.0033
vn -0.9970 0.0148 0.0756
vn -0.9970 0.0147 0.0756
vn -0.9999 0.0150 -0.0054
vn -0.9595 0.0135 0.2813
vn -0.0715 -0.0022 0.9974
vn 0.0715 0.0022 -0.9974
vn 0.9916 -0.0153 0.1285
vn -0.9354 0.3203 -0.1494
vn 0.0000 0.9418 -0.3363
vn 0.0004 0.9786 -0.2058
vn 0.8025 0.5967 -0.0037
vn 0.9985 -0.0446 -0.0313
vn 0.1383 -0.9617 -0.2365
vn 0.3346 -0.9418 -0.0318
vn 0.0476 -0.9982 -0.0372
vn 0.0342 0.9922 -0.1195
vn -0.2259 0.6169 -0.7539
vn -0.7332 0.6606 -0.1617
vn -0.9937 -0.0004 0.1119
vn -0.9937 -0.0001 -0.1120
vn -0.9937 -0.0006 -0.1116
vn -0.9937 -0.0001 0.1120
vn 0.3244 0.9440 -0.0603
vn 0.1616 0.9863 0.0330
vn -0.2536 -0.9614 -0.1068
vn -0.2750 -0.9614 0.0067
vn 0.2313 0.9336 -0.2736
vn -0.0551 -0.9636 -0.2615
vn 0.2858 -0.9576 0.0372
vn -0.3307 0.9437 0.0090
vn -0.3184 0.9063 0.2778
vn -0.7634 0.6397 0.0895
vn -0.4019 0.7576 0.5143
vn 0.8213 -0.5628 -0.0933
vn 0.7686 -0.6285 0.1193
vn -0.8886 -0.4308 -0.1575
vn -0.2461 -0.7384 -0.6279
vn -0.0857 -0.9874 0.1333
vn 0.1780 -0.9737 0.1421
vn 0.4107 0.9116 -0.0176
vn 0.7575 0.6317 0.1651
vn 0.7220 0.6877 -0.0768
vn 0.9978 0.0083 -0.0663
vn 1.0000 0.0044 0.0079
vn 0.9985 0.0020 0.0544
vn 0.1766 -0.9839 -0.0265
vn 0.1285 -0.9668 -0.2209
vn 0.0944 -0.9947 -0.0400
vn -0.8722 0.0004 -0.4892
vn 0.9953 0.0002 0.0965
vn 0.9950 -0.0000 -0.0999
vn 0.2804 -0.7961 0.5363
vn -0.4014 -0.7145 0.5730
vn 0.3415 -0.7656 -0.5452
vn -0.9306 -0.3459 0.1195
vn 0.9277 0.0000 0.3732
vn 0.3478 0.6189 0.7043
vn 0.0334 -0.9974 0.0642
vn 0.0426 -0.9978 -0.0516
vn -0.0602 0.9865 0.1524
vn -0.0723 0.9866 0.1465
vn 0.0136 0.9947 0.1016
vn -0.9976 -0.0033 0.0696
vn -1.0000 0.0007 -0.0074
vn -0.2984 0.0490 -0.9532
vn 0.0481 -0.9911 -0.1238
vn -0.3126 -0.0500 0.9486
vn -0.1855 -0.7250 0.6633
vn 0.3248 0.6950 -0.6414
vn -0.1223 0.9774 0.1722
vn -0.0918 0.9863 0.1370
vn -0.9084 -0.0006 0.4182
vn -0.9984 0.0032 -0.0557
vn -0.9897 0.0012 -0.1432
vn -0.9893 0.0017 -0.1461
vn -0.8505 0.0054 -0.5260
vn 0.0730 0.9884 -0.1335
vn -0.0000 0.9993 -0.0379
vn 0.0523 0.9705 -0.2353
vn 0.0000 0.9609 -0.2770
vn 0.1198 0.9799 -0.1598
vn 0.0000 0.9607 0.2776
vn 0.0000 -0.9710 0.2392
vn -0.1284 -0.9669 0.2206
vn 0.0000 -0.9710 -0.2391
vn -0.0943 -0.9947 0.0400
vn -0.0629 0.9940 0.0895
vn -0.1197 0.9799 0.1596
vn -0.0729 0.9884 0.1333
vn 0.9891 0.0011 0.1470
vn 0.9898 0.0006 0.1424
vn 0.5286 -0.0000 -0.8489
vn 0.8505 0.0041 0.5259
vn -0.0523 0.9706 0.2351
vn 0.0000 0.9609 0.2768
vn -0.0000 0.9993 0.0379
vn 0.0000 -0.9976 0.0687
vn -0.0706 -0.9975 -0.0001
vn 0.0631 -0.9718 -0.2271
vn 0.1855 -0.7252 -0.6631
vn -0.1765 -0.9840 0.0264
vn -1.0000 0.0018 -0.0008
vn -1.0000 0.0021 -0.0002
vn -0.9989 0.0020 -0.0468
vn 1.0000 0.0018 0.0005
vn 0.9988 0.0015 0.0484
vn 0.9970 0.0015 -0.0772
vn -0.9973 0.0020 0.0740
vn 0.1393 -0.1534 0.9783
vn 0.0508 0.9951 -0.0844
vn -0.1039 0.9945 -0.0116
vn -0.0542 0.9865 0.1548
vn 0.0759 0.9851 0.1544
vn 0.1376 -0.9782 -0.1553
vn -0.0942 -0.9836 -0.1539
vn -0.2137 -0.9019 -0.3755
vn 0.0057 -0.8574 -0.5145
vn 0.0956 0.9232 0.3723
vn 0.4609 0.8770 0.1360
vn 0.2475 -0.9425 0.2247
vn 0.6273 -0.7690 -0.1226
vn -0.1030 0.9446 0.3117
vn -0.1152 -0.9879 0.1041
vn 0.1392 0.1534 -0.9783
vn 0.9597 -0.0435 0.2777
vn 1.0000 0.0005 -0.0031
vn 0.7877 0.0954 -0.6086
vn 0.7202 0.6891 -0.0803
vn -0.2906 0.7328 0.6153
vn -0.2505 -0.8314 -0.4960
vn 0.3779 -0.7583 -0.5311
vn 0.2237 -0.7818 0.5820
vn 0.0454 -0.9740 0.2219
vn -0.9988 -0.0486 -0.0001
vn -0.8419 -0.5397 -0.0001
vn -0.4612 -0.8873 0.0000
vn 0.0443 -0.9990 0.0000
vn 0.8874 -0.4610 0.0000
vn 0.9989 0.0470 0.0001
vn -0.4605 -0.8877 0.0000
vn 0.0463 -0.9989 -0.0000
vn 0.5387 -0.8425 -0.0000
vn 0.9990 0.0441 0.0000
vn 0.8417 0.5400 0.0001
vn -0.0482 0.9988 0.0001
vn -0.8385 -0.5448 -0.0001
vn 0.0478 -0.9989 -0.0000
vn 0.5372 -0.8435 -0.0000
vn 0.4572 0.8894 0.0002
vn 0.4571 0.8894 0.0002
vn 0.5408 -0.8411 -0.0000
vn -0.4570 -0.8895 -0.0000
vn -0.4571 -0.8894 -0.0000
vn -0.8403 -0.5421 -0.0001
vn -0.9988 -0.0485 -0.0001
vn -0.4580 -0.8889 -0.0000
vn 0.5384 -0.8427 -0.0000
vn -0.4606 -0.8876 0.0000
vn 0.1068 0.9846 -0.1385
vn -0.3220 0.3411 -0.8831
vn -0.5008 0.7019 -0.5065
vn 0.2211 0.6660 -0.7125
vn 0.1713 -0.1362 -0.9758
vn -0.4175 -0.3225 -0.8495
vn 0.0000 -0.9722 -0.2341
vn -0.3623 -0.3453 0.8658
vn 0.3300 0.3811 0.8636
vn -0.2500 0.5410 0.8030
vn 0.3234 0.7373 0.5932
vn -0.2836 0.7654 0.5777
vn -0.5476 -0.7797 0.3036
vn 0.4659 -0.5293 0.7091
vn 0.3956 -0.3101 0.8645
vn 0.2301 -0.6028 -0.7640
vn -0.3729 -0.5258 -0.7645
vn 0.0000 0.9722 0.2341
vn 0.3220 0.3411 0.8831
vn 0.5009 0.7019 0.5065
vn -0.2211 0.6660 0.7125
vn -0.1713 -0.1361 0.9758
vn 0.4175 -0.3225 0.8495
vn 0.0000 -0.9722 0.2341
vn 0.3623 -0.3453 -0.8658
vn -0.3300 0.3811 -0.8636
vn 0.2500 0.5410 -0.8030
vn -0.3234 0.7373 -0.5932
vn 0.2836 0.7654 -0.5777
vn 0.5476 -0.7797 -0.3036
vn -0.4659 -0.5293 -0.7090
vn -0.3956 -0.3101 -0.8645
vn -0.2301 -0.6027 0.7640
vn 0.3729 -0.5258 0.7645
vn -0.0000 0.9722 -0.2341
vn -0.3234 0.7373 -0.5931
usemtl wood.002
s 1
f 10/1/1 11/2/1 3/3/1 1/4/1
f 9/5/2 10/6/3 13/7/4
f 14/8/5 12/9/6 9/5/2
f 15/10/7 7/11/7 3/12/7 11/13/7
f 4/14/8 5/15/9 2/16/10
f 6/17/11 7/11/11 15/10/11 13/18/11
f 6/19/12 1/20/13 2/16/10 5/15/9
f 1/20/13 3/21/14 4/14/8 2/16/10
f 3/21/14 7/22/15 8/23/16 4/14/8
f 7/22/17 6/19/12 5/15/9 8/23/16
f 13/7/4 15/24/18 14/8/5
f 15/24/18 11/25/19 12/9/6 14/8/5
f 11/25/19 10/6/3 9/5/2 12/9/6
f 6/17/20 13/18/20 10/1/20 1/4/20
f 13/7/4 14/8/5 9/5/2
f 4/14/8 8/23/16 5/15/9
f 53/26/21 54/27/21 19/28/22 17/29/22
f 25/30/23 27/31/23 29/32/24 28/33/25
f 28/33/25 29/32/24 33/34/26 31/35/26
f 31/35/26 33/34/26 37/36/27 35/37/27
f 35/37/28 37/36/28 39/38/29 38/39/29
f 38/39/29 39/38/29 43/40/30 41/41/30
f 41/42/31 43/43/31 47/44/32 45/45/32
f 45/45/32 47/44/32 49/46/7 48/47/33
f 48/47/33 49/46/7 52/48/34 51/49/34
f 51/49/34 52/48/34 54/27/35 53/26/35
f 21/50/36 23/51/36 27/31/23 25/30/23
f 18/52/37 46/53/38 36/54/39
f 17/29/22 19/28/22 23/51/40 21/50/40
f 17/55/41 21/56/42 20/57/43 16/58/44
f 23/59/45 19/60/46 18/52/37 22/61/47
f 21/56/42 25/62/48 24/63/49 20/57/43
f 27/64/50 23/59/45 22/61/47 26/65/51
f 25/62/48 28/66/52 24/63/49
f 29/67/53 27/64/50 26/65/51
f 28/66/52 31/68/54 30/69/55 24/63/49
f 33/70/56 29/67/53 26/65/51 32/71/57
f 31/68/54 35/72/58 34/73/59 30/69/55
f 37/74/60 33/70/56 32/71/57 36/54/39
f 35/72/58 38/75/61 34/73/59
f 39/76/62 37/74/60 36/54/39
f 38/75/61 41/77/63 40/78/64 34/73/59
f 43/79/65 39/76/62 36/54/39 42/80/66
f 41/77/63 45/81/67 44/82/68 40/78/64
f 47/83/69 43/79/65 42/80/66 46/53/38
f 45/81/67 48/84/70 44/82/68
f 49/85/71 47/83/69 46/53/38
f 48/84/70 51/86/72 50/87/73 44/82/68
f 49/85/71 46/53/38 52/88/74
f 51/86/72 53/89/75 16/58/44 50/87/73
f 18/52/37 54/90/76 52/88/74
f 53/89/75 17/55/41 16/58/44
f 19/60/46 54/90/76 18/52/37
f 40/78/64 55/91/77 34/73/59
f 26/65/51 22/61/47 18/52/37
f 46/53/38 42/80/66 36/54/39
f 36/54/39 32/71/57 26/65/51
f 26/65/51 18/52/37 36/54/39
f 55/91/77 24/63/49 30/69/55
f 50/87/73 55/91/77 44/82/68
f 20/57/43 24/63/49 55/91/77
f 50/87/73 16/58/44 55/91/77
f 16/58/44 20/57/43 55/91/77
f 44/82/68 55/91/77 40/78/64
f 55/91/77 30/69/55 34/73/59
f 46/53/38 18/52/37 52/88/74
f 61/92/78 60/93/78 59/94/79 58/95/79
f 56/96/80 57/97/80 60/93/78 61/92/78
f 63/98/11 64/99/11 57/100/11 56/101/11
f 65/102/20 60/103/20 57/104/20 64/105/20
f 58/106/1 59/107/1 67/108/1 66/109/1
f 64/110/81 63/111/81 62/112/82 65/113/82
f 61/114/7 62/115/7 63/98/7 56/101/7
f 67/108/20 59/107/20 60/103/20 65/102/20
f 58/116/7 66/117/7 62/115/7 61/114/7
f 68/118/20 74/119/20 75/120/20 77/121/20
f 69/122/83 68/123/83 77/124/84 76/125/84
f 73/126/7 69/127/7 76/128/7 72/129/7
f 70/130/7 78/131/7 69/127/7 73/126/7
f 73/132/85 74/133/85 71/134/86 70/135/86
f 79/136/20 71/137/20 74/119/20 68/118/20
f 72/138/87 75/139/87 74/133/85 73/132/85
f 76/128/11 77/140/11 75/141/11 72/129/11
f 70/130/1 71/137/1 79/136/1 78/131/1
f 78/142/88 79/143/88 68/123/83 69/122/83
f 91/144/20 86/145/20 82/146/20 89/147/20
f 80/148/89 81/149/90 84/150/91
f 88/151/11 89/152/11 82/153/11 80/154/11
f 85/155/1 86/145/1 91/144/1 90/156/1
f 81/149/90 83/157/92 87/158/93 84/150/91
f 80/148/89 84/150/91 85/159/94
f 82/160/95 81/149/90 80/148/89
f 86/161/96 87/158/93 83/157/92 82/160/95
f 82/160/95 83/157/92 81/149/90
f 90/162/97 92/163/98 88/164/99
f 89/165/100 92/163/98 91/166/101
f 89/165/100 88/164/99 92/163/98
f 85/155/7 90/156/7 88/151/7 80/154/7
f 91/166/101 92/163/98 90/162/97
f 85/159/94 84/150/91 87/158/93 86/161/96
f 101/167/102 104/168/102 95/169/102 94/170/102
f 104/171/103 101/172/104 102/173/105
f 98/174/106 93/175/107 96/176/108
f 108/177/109 99/178/109 96/179/110 103/180/111
f 100/181/112 97/182/112 98/174/106
f 97/183/113 100/184/113 107/185/113 106/186/113
f 105/187/114 98/188/114 97/183/114 106/186/114
f 99/178/115 108/177/115 107/185/115 100/184/115
f 93/189/116 102/190/116 101/167/116 94/170/116
f 103/180/111 96/179/110 95/191/117 104/192/117
f 98/188/118 105/187/118 102/190/118 93/189/118
f 93/175/107 94/193/119 96/176/108
f 94/193/119 95/194/120 96/176/108
f 96/176/108 99/195/121 98/174/106
f 99/195/121 100/181/112 98/174/106
f 102/173/105 105/196/122 108/197/123
f 105/196/122 106/198/124 108/197/123
f 106/198/124 107/199/125 108/197/123
f 108/197/123 103/200/126 102/173/105
f 103/200/126 104/171/103 102/173/105
f 117/201/127 118/202/128 112/203/129 111/204/129
f 111/205/130 112/206/130 116/207/130 115/208/130
f 119/209/131 120/210/131 114/211/132 113/212/132
f 113/213/133 114/214/133 110/215/133 109/216/133
f 117/217/134 119/218/134 113/219/135 109/220/135
f 120/221/136 118/222/136 110/215/137 114/214/137
f 116/207/138 112/206/138 118/222/136 120/221/136
f 111/205/139 115/208/139 119/218/134 117/217/134
f 115/223/140 116/224/140 120/210/131 119/209/131
f 110/225/141 117/201/127 109/226/142
f 110/225/141 118/202/128 117/201/127
f 124/227/143 131/228/143 127/229/143 121/230/143
f 129/231/144 123/232/145 122/233/146 130/234/147
f 132/235/148 125/236/149 126/237/150 133/238/151
f 127/239/152 128/240/153 130/234/147
f 131/241/154 132/235/148 134/242/155
f 121/243/156 127/239/152 130/234/147 122/233/146
f 124/244/157 126/237/150 125/236/149
f 123/245/158 129/246/158 133/247/158 126/248/158
f 126/248/7 124/249/7 121/250/7 123/245/7
f 127/229/159 131/228/159 134/251/160 128/252/160
f 123/232/145 121/243/156 122/233/146
f 129/231/144 130/234/147 128/240/153
f 134/242/155 132/235/148 133/238/151
f 128/252/160 134/251/160 133/247/161 129/246/161
f 124/244/157 125/236/149 132/235/148 131/241/154
f 156/253/162 152/254/163 151/255/164 155/256/165
f 146/257/166 148/258/167 152/259/168 150/260/168
f 159/261/169 163/262/170 160/263/171
f 154/264/172 156/265/172 160/266/173 158/267/174
f 158/268/175 162/269/176 161/270/177 157/271/178
f 162/272/179 163/273/180 165/274/181 164/275/181
f 138/276/182 140/277/182 144/278/183 142/279/183
f 136/280/184 159/261/169 151/255/164
f 140/281/185 165/282/186 136/280/184 139/283/187
f 140/277/188 138/276/188 164/284/188 165/285/188
f 138/286/189 142/287/190 141/288/191 137/289/192
f 144/290/193 140/281/185 139/283/187 143/291/194
f 148/292/195 144/290/193 143/291/194 147/293/196
f 144/278/183 148/258/167 146/257/166 142/279/183
f 146/294/197 150/295/198 149/296/199 145/297/200
f 152/254/163 148/292/195 147/293/196 151/255/164
f 152/259/201 156/265/201 154/264/201 150/260/201
f 150/295/198 154/298/202 153/299/203 149/296/199
f 154/298/202 158/268/175 157/271/178 153/299/203
f 160/263/171 156/253/162 155/256/165 159/261/169
f 142/287/190 146/294/197 145/297/200 141/288/191
f 160/266/173 163/273/180 162/272/179 158/267/174
f 162/269/176 164/300/204 135/301/205 161/270/177
f 136/280/184 165/282/186 163/262/170
f 153/299/203 166/302/206 149/296/199
f 143/291/194 139/283/187 136/280/184
f 159/261/169 155/256/165 151/255/164
f 151/255/164 147/293/196 143/291/194
f 143/291/194 136/280/184 151/255/164
f 166/302/206 141/288/191 145/297/200
f 161/270/177 166/302/206 157/271/178
f 137/289/192 141/288/191 166/302/206
f 161/270/177 135/301/205 166/302/206
f 135/301/205 137/289/192 166/302/206
f 157/271/178 166/302/206 153/299/203
f 166/302/206 145/297/200 149/296/199
f 159/261/169 136/280/184 163/262/170
f 66/303/207 67/304/207 65/113/82 62/112/82
f 164/300/204 138/286/189 137/289/192 135/301/205
f 190/305/208 186/306/209 338/307/210
f 191/308/211 337/309/212 335/310/213
f 167/311/214 335/312/215 334/313/216 169/314/217
f 184/315/218 191/308/211 176/316/219
f 333/317/220 338/307/210 170/318/221
f 184/315/218 188/319/222 191/308/211
f 192/320/223 190/305/208 338/307/210
f 333/317/220 192/320/223 338/307/210
f 338/307/210 186/306/209 182/321/224
f 168/322/225 172/323/226 176/316/219
f 167/324/227 171/325/228 172/323/226 168/322/225
f 185/326/229 181/327/230 182/321/224 186/306/209
f 334/328/231 336/329/232 192/320/223 333/317/220
f 170/318/221 338/307/210 174/330/233
f 174/330/233 338/307/210 178/331/234
f 176/316/219 180/332/235 184/315/218
f 179/333/236 183/334/237 184/315/218 180/332/235
f 193/335/238 195/336/239 194/337/240
f 201/338/98 203/339/98 206/340/98 204/341/98
f 206/342/241 200/343/242 197/344/243 205/345/244
f 203/346/245 196/347/245 200/348/245 206/349/245
f 216/350/246 212/351/246 208/352/247 210/353/248
f 210/353/248 208/352/247 214/354/249 218/355/249
f 224/356/250 223/357/251 225/358/252
f 222/359/253 221/360/254 219/361/255
f 225/358/252 222/359/253 219/361/255
f 168/322/225 335/310/213 167/324/227
f 334/313/216 335/312/215 337/362/256 336/363/256
f 183/364/257 179/365/258 181/366/259 185/367/257
f 177/368/260 173/369/261 174/330/233 178/331/234
f 189/370/262 185/326/229 186/306/209 190/305/208
f 169/371/263 334/328/231 333/317/220 170/318/221
f 181/366/259 179/365/258 175/372/264 177/373/264
f 171/325/228 175/374/265 176/316/219 172/323/226
f 198/375/266 197/344/243 199/376/267
f 199/377/268 193/378/268 194/379/269 198/380/269
f 200/348/270 196/347/270 193/378/268 199/377/268
f 204/341/271 198/380/271 194/379/271 201/338/271
f 196/381/272 195/336/239 193/335/238
f 200/343/242 199/376/267 197/344/243
f 212/382/273 211/383/273 207/384/274 208/385/275
f 198/375/266 204/386/276 205/345/244 197/344/243
f 217/387/277 210/388/278 218/389/279
f 211/390/280 215/391/280 209/392/281 207/393/282
f 214/394/283 213/395/283 217/396/283 218/397/283
f 208/385/275 207/384/274 213/398/284 214/399/284
f 219/361/255 224/356/250 225/358/252
f 216/350/285 215/391/285 211/390/285 212/351/285
f 221/360/254 220/400/286 219/361/255
f 181/327/230 177/368/260 178/331/234 182/321/224
f 191/308/211 168/322/225 176/316/219
f 173/369/261 169/371/263 170/318/221 174/330/233
f 183/334/237 187/401/287 188/319/222 184/315/218
f 195/336/239 202/402/288 201/403/289 194/337/240
f 187/404/290 189/405/290 336/406/290 337/407/290
f 217/387/277 209/408/291 210/388/278
f 204/386/276 206/342/241 205/345/244
f 189/405/292 187/404/292 183/364/257 185/367/257
f 203/409/293 202/402/288 195/336/239 196/381/272
f 210/388/278 209/408/291 215/410/294 216/411/294
f 173/412/295 171/413/295 167/311/214 169/314/217
f 175/374/265 179/333/236 180/332/235 176/316/219
f 175/372/296 171/413/296 173/412/296 177/373/296
f 207/393/282 209/392/281 217/396/297 213/395/297
f 203/409/293 201/403/289 202/402/288
f 187/401/287 337/309/212 191/308/211 188/319/222
f 224/414/298 231/415/299 232/416/300 223/417/300
f 231/418/301 228/419/302 229/420/303
f 233/421/304 232/422/305 231/418/301
f 246/423/306 233/421/304 231/418/301
f 229/424/98 222/425/98 225/426/98 246/427/98
f 222/425/307 229/424/307 230/428/307 221/429/307
f 228/419/302 227/430/20 229/420/303
f 228/431/308 219/432/308 220/433/308 227/434/308
f 246/427/309 225/426/309 226/435/309 233/436/309
f 234/437/98 240/438/98 241/439/98 243/440/98
f 235/441/310 234/442/310 243/443/311 242/444/311
f 239/445/312 235/446/312 242/447/312 238/448/312
f 236/449/312 244/450/312 235/446/312 239/445/312
f 239/451/313 240/452/313 237/453/314 236/454/314
f 245/455/98 237/456/98 240/438/98 234/437/98
f 238/457/315 241/458/315 240/452/313 239/451/313
f 242/447/11 243/459/11 241/460/11 238/448/11
f 236/449/1 237/456/1 245/455/1 244/450/1
f 244/461/316 245/462/316 234/442/310 235/441/310
f 254/463/317 251/464/317 252/465/318 253/466/318
f 219/432/312 228/431/312 231/415/299 224/414/298
f 226/435/1 223/467/1 232/468/1 233/436/1
f 253/466/318 252/465/318 255/469/319 256/470/319
f 256/471/11 255/472/11 247/473/11 248/474/11
f 227/430/20 230/475/20 229/420/303
f 223/357/251 226/476/320 225/358/252
f 250/477/1 249/478/1 251/479/1 254/480/1
f 248/481/321 247/482/321 258/483/322 257/484/322
f 256/471/98 248/474/98 257/485/98 253/486/98
f 257/484/322 258/483/322 249/487/323 250/488/323
f 253/486/98 257/485/98 250/477/98 254/480/98
f 229/420/303 246/423/306 231/418/301
f 258/489/312 252/490/312 251/491/312 249/492/312
f 247/473/312 255/472/312 252/490/312 258/489/312
f 267/493/11 270/494/11 261/495/11 260/496/11
f 270/497/324 267/498/325 268/499/326
f 264/500/327 259/501/328 262/502/329
f 274/503/98 265/504/98 262/505/330 269/506/330
f 266/507/20 263/508/20 264/500/327
f 263/509/1 266/510/1 273/511/1 272/512/1
f 271/513/331 264/514/331 263/509/331 272/512/331
f 265/504/309 274/503/309 273/511/309 266/510/309
f 259/515/308 268/516/308 267/493/308 260/496/308
f 269/506/330 262/505/330 261/517/332 270/518/332
f 264/514/312 271/513/312 268/516/312 259/515/312
f 259/501/328 260/519/333 262/502/329
f 260/519/333 261/520/334 262/502/329
f 262/502/329 265/521/335 264/500/327
f 265/521/335 266/507/20 264/500/327
f 268/499/326 271/522/336 274/523/337
f 271/522/336 272/524/338 274/523/337
f 272/524/338 273/525/339 274/523/337
f 274/523/337 269/526/340 268/499/326
f 269/526/340 270/497/324 268/499/326
f 283/527/341 284/528/342 278/529/343 277/530/343
f 277/531/344 278/532/344 282/533/344 281/534/344
f 285/535/345 286/536/346 280/537/347 279/538/347
f 279/539/348 280/540/348 276/541/348 275/542/348
f 283/543/349 285/544/350 279/545/351 275/546/351
f 286/547/352 284/548/353 276/541/354 280/540/354
f 282/533/355 278/532/355 284/548/353 286/547/352
f 277/531/356 281/534/356 285/544/350 283/543/349
f 281/549/357 282/550/357 286/536/346 285/535/345
f 276/551/358 283/527/341 275/552/359
f 276/551/358 284/528/342 283/527/341
f 290/553/360 297/554/360 293/555/360 287/556/360
f 295/557/361 289/558/362 288/559/363 296/560/364
f 298/561/365 291/562/366 292/563/367 299/564/368
f 293/565/369 294/566/370 296/560/364
f 297/567/371 298/561/365 300/568/372
f 287/569/373 293/565/369 296/560/364 288/559/363
f 290/570/374 292/563/367 291/562/366
f 289/571/375 295/572/375 299/573/375 292/574/375
f 292/574/312 290/575/312 287/576/312 289/571/312
f 293/555/376 297/554/376 300/577/377 294/578/377
f 289/558/362 287/569/373 288/559/363
f 295/557/361 296/560/364 294/566/370
f 300/568/372 298/561/365 299/564/368
f 294/578/377 300/577/377 299/573/378 295/572/378
f 290/570/374 291/562/366 298/561/365 297/567/371
f 322/579/379 318/580/380 317/581/381 321/582/382
f 312/583/383 314/584/384 318/585/385 316/586/385
f 325/587/386 329/588/387 326/589/388
f 320/590/389 322/591/389 326/592/390 324/593/391
f 324/594/392 328/595/393 327/596/394 323/597/395
f 328/598/396 329/599/397 331/600/398 330/601/398
f 304/602/399 306/603/399 310/604/400 308/605/401
f 302/606/402 325/587/386 317/581/381
f 306/607/403 331/608/404 302/606/402 305/609/405
f 306/603/406 304/602/406 330/610/406 331/611/406
f 304/612/407 308/613/408 307/614/409 303/615/410
f 310/616/411 306/607/403 305/609/405 309/617/412
f 314/618/413 310/616/411 309/617/412 313/619/414
f 310/604/400 314/584/384 312/583/383 308/605/401
f 312/620/415 316/621/416 315/622/417 311/623/418
f 318/580/380 314/618/413 313/619/414 317/581/381
f 318/585/419 322/591/419 320/590/419 316/586/419
f 316/621/416 320/624/420 319/625/421 315/622/417
f 320/624/420 324/594/392 323/597/395 319/625/421
f 326/589/388 322/579/379 321/582/382 325/587/386
f 308/613/408 312/620/415 311/623/418 307/614/409
f 326/592/390 329/599/397 328/598/396 324/593/391
f 328/595/393 330/626/422 301/627/423 327/596/394
f 302/606/402 331/608/404 329/588/387
f 319/625/421 332/628/424 315/622/417
f 309/617/412 305/609/405 302/606/402
f 325/587/386 321/582/382 317/581/381
f 317/581/381 313/619/414 309/617/412
f 309/617/412 302/606/402 317/581/381
f 332/628/424 307/614/409 311/623/418
f 327/596/394 332/628/424 323/597/395
f 303/615/410 307/614/409 332/628/424
f 327/596/394 301/627/423 332/628/424
f 301/627/423 303/615/410 332/628/424
f 323/597/395 332/628/424 319/625/421
f 332/628/424 311/623/418 315/622/417
f 325/587/386 302/606/402 329/588/387
f 230/428/11 227/434/11 220/433/11 221/429/11
f 330/626/422 304/612/407 303/615/410 301/627/423
f 338/307/210 182/321/224 178/331/234
f 168/322/225 191/308/211 335/310/213
f 336/329/232 189/370/262 190/305/208 192/320/223
f 348/629/312 349/630/312 341/631/312 339/632/312
f 347/633/425 348/634/426 351/635/427
f 352/636/428 350/637/429 347/633/425
f 353/638/7 345/639/7 341/640/7 349/641/7
f 342/642/430 343/643/431 340/644/432
f 344/645/98 345/639/98 353/638/98 351/646/98
f 344/647/433 339/648/434 340/644/432 343/643/431
f 339/648/434 341/649/435 342/642/430 340/644/432
f 341/649/435 345/650/436 346/651/437 342/642/430
f 345/650/436 344/647/433 343/643/431 346/651/437
f 351/635/427 353/652/438 352/636/428
f 353/652/438 349/653/439 350/637/429 352/636/428
f 349/653/439 348/634/426 347/633/425 350/637/429
f 344/645/20 351/646/20 348/629/20 339/632/20
f 351/635/427 352/636/428 347/633/425
f 342/642/430 346/651/437 343/643/431
f 363/654/312 364/655/312 356/656/312 354/657/312
f 362/658/425 363/659/426 366/660/427
f 367/661/428 365/662/429 362/658/425
f 368/663/7 360/664/7 356/665/7 364/666/7
f 357/667/430 358/668/431 355/669/432
f 359/670/98 360/664/98 368/663/98 366/671/98
f 359/672/433 354/673/434 355/669/432 358/668/431
f 354/673/434 356/674/435 357/667/430 355/669/432
f 356/674/435 360/675/436 361/676/437 357/667/430
f 360/675/436 359/672/433 358/668/431 361/676/437
f 366/660/427 368/677/438 367/661/428
f 368/677/438 364/678/439 365/662/429 367/661/428
f 364/678/439 363/659/426 362/658/425 365/662/429
f 359/670/20 366/671/20 363/654/20 354/657/20
f 366/660/427 367/661/428 362/658/425
f 357/667/430 361/676/437 358/668/431
f 388/679/440 389/680/441 370/681/442 369/682/443
f 373/683/444 783/684/445 375/685/446 374/686/447
f 374/686/447 375/685/446 785/687/448 376/688/449
f 376/688/449 785/687/448 378/689/450 377/690/451
f 377/690/451 378/689/450 380/691/452 379/692/453
f 379/692/453 380/691/452 382/693/454 381/694/455
f 381/695/455 382/696/454 790/697/456 383/698/457
f 383/698/457 790/697/456 385/699/458 384/700/459
f 384/700/459 385/699/458 387/701/460 386/702/461
f 386/702/461 387/701/460 389/680/441 388/679/440
f 371/703/462 372/704/463 783/684/445 373/683/444
f 369/682/443 370/681/442 372/704/463 371/703/462
f 369/705/11 371/706/11 373/707/11 374/708/11 376/709/11 377/710/11 379/711/11 381/712/11 383/713/11 384/714/11 386/715/11 388/716/11
f 409/717/440 410/718/441 391/719/442 390/720/464
f 394/721/465 799/722/466 800/723/467 395/724/468
f 395/724/468 800/723/467 397/725/469 396/726/470
f 396/726/470 397/725/469 399/727/471 398/728/472
f 398/728/472 399/727/471 401/729/452 400/730/473
f 400/730/473 401/729/452 403/731/454 402/732/455
f 402/733/455 403/734/454 805/735/474 404/736/457
f 404/736/457 805/735/474 406/737/475 405/738/459
f 405/738/459 406/737/475 408/739/460 407/740/461
f 407/740/461 408/739/460 410/718/441 409/717/440
f 392/741/462 393/742/463 799/722/466 394/721/465
f 390/720/464 391/719/442 393/742/463 392/741/462
f 390/743/11 392/744/11 394/745/11 395/746/11 396/747/11 398/748/11 400/749/11 402/750/11 404/751/11 405/752/11 407/753/11 409/754/11
f 420/755/1 421/756/1 413/757/1 411/758/1
f 419/759/476 420/760/477 423/761/478
f 424/762/479 422/763/480 419/759/476
f 425/764/7 417/765/7 413/766/7 421/767/7
f 414/768/481 415/769/482 412/770/483
f 416/771/11 417/765/11 425/764/11 423/772/11
f 416/773/484 411/774/485 412/770/483 415/769/482
f 411/774/485 413/775/486 414/768/481 412/770/483
f 413/775/486 417/776/487 418/777/488 414/768/481
f 417/776/489 416/773/484 415/769/482 418/777/488
f 423/761/478 425/778/490 424/762/479
f 425/778/490 421/779/491 422/763/480 424/762/479
f 421/779/491 420/760/477 419/759/476 422/763/480
f 416/771/20 423/772/20 420/755/20 411/758/20
f 423/761/478 424/762/479 419/759/476
f 414/768/481 418/777/488 415/769/482
f 463/780/21 464/781/21 429/782/492 427/783/493
f 435/784/494 437/785/495 439/786/24 438/787/25
f 438/787/25 439/786/24 443/788/496 441/789/497
f 441/789/497 443/788/496 447/790/27 445/791/27
f 445/791/28 447/790/28 449/792/498 448/793/499
f 448/793/499 449/792/498 453/794/30 451/795/30
f 451/796/31 453/797/31 457/798/500 455/799/501
f 455/799/501 457/798/500 459/800/33 458/801/7
f 458/801/7 459/800/33 462/802/502 461/803/503
f 461/803/503 462/802/502 464/781/35 463/780/35
f 431/804/36 433/805/36 437/785/495 435/784/494
f 428/806/504 456/807/505 446/808/506
f 427/783/493 429/782/492 433/805/507 431/804/507
f 427/809/508 431/810/509 430/811/510 426/812/511
f 433/813/512 429/814/513 428/806/504 432/815/514
f 431/810/509 435/816/515 434/817/516 430/811/510
f 437/818/517 433/813/512 432/815/514 436/819/518
f 435/816/515 438/820/519 434/817/516
f 439/821/520 437/818/517 436/819/518
f 438/820/519 441/822/521 440/823/522 434/817/516
f 443/824/523 439/821/520 436/819/518 442/825/524
f 441/822/521 445/826/525 444/827/526 440/823/522
f 447/828/527 443/824/523 442/825/524 446/808/506
f 445/826/525 448/829/528 444/827/526
f 449/830/529 447/828/527 446/808/506
f 448/829/528 451/831/530 450/832/531 444/827/526
f 453/833/532 449/830/529 446/808/506 452/834/533
f 451/831/530 455/835/534 454/836/535 450/832/531
f 457/837/536 453/833/532 452/834/533 456/807/505
f 455/835/534 458/838/537 454/836/535
f 459/839/538 457/837/536 456/807/505
f 458/838/537 461/840/539 460/841/540 454/836/535
f 459/839/538 456/807/505 462/842/541
f 461/840/539 463/843/542 426/812/511 460/841/540
f 428/806/504 464/844/543 462/842/541
f 463/843/542 427/809/508 426/812/511
f 429/814/513 464/844/543 428/806/504
f 450/832/531 465/845/544 444/827/526
f 436/819/518 432/815/514 428/806/504
f 456/807/505 452/834/533 446/808/506
f 446/808/506 442/825/524 436/819/518
f 436/819/518 428/806/504 446/808/506
f 465/845/544 434/817/516 440/823/522
f 460/841/540 465/845/544 454/836/535
f 430/811/510 434/817/516 465/845/544
f 460/841/540 426/812/511 465/845/544
f 426/812/511 430/811/510 465/845/544
f 454/836/535 465/845/544 450/832/531
f 465/845/544 440/823/522 444/827/526
f 456/807/505 428/806/504 462/842/541
f 471/846/545 470/847/545 469/848/546 468/849/546
f 466/850/547 467/851/547 470/847/545 471/846/545
f 473/852/11 474/853/11 467/854/11 466/855/11
f 475/856/20 470/857/20 467/858/20 474/859/20
f 468/860/1 469/861/1 477/862/1 476/863/1
f 474/864/548 473/865/548 472/866/549 475/867/550
f 471/868/7 472/869/7 473/852/7 466/855/7
f 477/862/20 469/861/20 470/857/20 475/856/20
f 468/870/7 476/871/7 472/869/7 471/868/7
f 478/872/20 484/873/20 485/874/20 487/875/20
f 479/876/83 478/877/83 487/878/84 486/879/84
f 483/880/7 479/881/7 486/882/7 482/883/7
f 480/884/7 488/885/7 479/881/7 483/880/7
f 483/886/85 484/887/85 481/888/86 480/889/86
f 489/890/20 481/891/20 484/873/20 478/872/20
f 482/892/87 485/893/87 484/887/85 483/886/85
f 486/882/11 487/894/11 485/895/11 482/883/11
f 480/884/1 481/891/1 489/890/1 488/885/1
f 488/896/88 489/897/88 478/877/83 479/876/83
f 501/898/20 496/899/20 492/900/20 499/901/20
f 490/902/551 491/903/552 494/904/553
f 498/905/11 499/906/11 492/907/11 490/908/11
f 495/909/1 496/899/1 501/898/1 500/910/1
f 491/903/552 493/911/554 497/912/555 494/904/553
f 490/902/551 494/904/553 495/913/556
f 492/914/557 491/903/552 490/902/551
f 496/915/558 497/912/555 493/911/554 492/914/557
f 492/914/557 493/911/554 491/903/552
f 500/916/559 502/917/560 498/918/561
f 499/919/562 502/917/560 501/920/563
f 499/919/562 498/918/561 502/917/560
f 495/909/7 500/910/7 498/905/7 490/908/7
f 501/920/563 502/917/560 500/916/559
f 495/913/556 494/904/553 497/912/555 496/915/558
f 511/921/11 514/922/11 505/923/11 504/924/11
f 514/925/564 511/926/565 512/927/566
f 508/928/567 503/929/568 506/930/569
f 518/931/20 509/932/20 506/933/570 513/934/570
f 510/935/312 507/936/312 508/928/567
f 507/937/1 510/938/1 517/939/1 516/940/1
f 515/941/571 508/942/571 507/937/571 516/940/571
f 509/932/572 518/931/572 517/939/572 510/938/572
f 503/943/573 512/944/573 511/921/573 504/924/573
f 513/934/570 506/933/570 505/945/574 514/946/574
f 508/942/7 515/941/7 512/944/7 503/943/7
f 503/929/568 504/947/575 506/930/569
f 504/947/575 505/948/576 506/930/569
f 506/930/569 509/949/577 508/928/567
f 509/949/577 510/935/312 508/928/567
f 512/927/566 515/950/578 518/951/579
f 515/950/578 516/952/580 518/951/579
f 516/952/580 517/953/581 518/951/579
f 518/951/579 513/954/582 512/927/566
f 513/954/582 514/925/564 512/927/566
f 527/955/583 528/956/584 522/957/585 521/958/585
f 521/959/586 522/960/586 526/961/586 525/962/586
f 529/963/587 530/964/588 524/965/589 523/966/589
f 523/967/590 524/968/590 520/969/590 519/970/590
f 527/971/591 529/972/592 523/973/593 519/974/593
f 530/975/594 528/976/595 520/969/596 524/968/596
f 526/961/597 522/960/597 528/976/595 530/975/594
f 521/959/598 525/962/598 529/972/592 527/971/591
f 525/977/599 526/978/599 530/964/588 529/963/587
f 520/979/600 527/955/583 519/980/601
f 520/979/600 528/956/584 527/955/583
f 534/981/143 541/982/143 537/983/143 531/984/143
f 539/985/144 533/986/145 532/987/146 540/988/147
f 542/989/148 535/990/149 536/991/150 543/992/151
f 537/993/152 538/994/153 540/988/147
f 541/995/154 542/989/148 544/996/155
f 531/997/156 537/993/152 540/988/147 532/987/146
f 534/998/157 536/991/150 535/990/149
f 533/999/158 539/1000/158 543/1001/158 536/1002/158
f 536/1002/7 534/1003/7 531/1004/7 533/999/7
f 537/983/159 541/982/159 544/1005/160 538/1006/160
f 533/986/145 531/997/156 532/987/146
f 539/985/144 540/988/147 538/994/153
f 544/996/155 542/989/148 543/992/151
f 538/1006/160 544/1005/160 543/1001/161 539/1000/161
f 534/998/157 535/990/149 542/989/148 541/995/154
f 566/1007/602 562/1008/603 561/1009/604 565/1010/605
f 556/1011/606 558/1012/167 562/1013/168 560/1014/168
f 569/1015/607 573/1016/608 570/1017/609
f 564/1018/172 566/1019/172 570/1020/173 568/1021/610
f 568/1022/611 572/1023/612 571/1024/613 567/1025/614
f 572/1026/615 573/1027/180 575/1028/181 574/1029/181
f 548/1030/182 550/1031/182 554/1032/183 552/1033/616
f 546/1034/617 569/1015/607 561/1009/604
f 550/1035/618 575/1036/619 546/1034/617 549/1037/620
f 550/1031/188 548/1030/188 574/1038/188 575/1039/188
f 548/1040/621 552/1041/622 551/1042/623 547/1043/624
f 554/1044/625 550/1035/618 549/1037/620 553/1045/626
f 558/1046/627 554/1044/625 553/1045/626 557/1047/628
f 554/1032/183 558/1012/167 556/1011/606 552/1033/616
f 556/1048/629 560/1049/630 559/1050/631 555/1051/632
f 562/1008/603 558/1046/627 557/1047/628 561/1009/604
f 562/1013/201 566/1019/201 564/1018/201 560/1014/201
f 560/1049/630 564/1052/633 563/1053/634 559/1050/631
f 564/1052/633 568/1022/611 567/1025/614 563/1053/634
f 570/1017/609 566/1007/602 565/1010/605 569/1015/607
f 552/1041/622 556/1048/629 555/1051/632 551/1042/623
f 570/1020/173 573/1027/180 572/1026/615 568/1021/610
f 572/1023/612 574/1054/635 545/1055/636 571/1024/613
f 546/1034/617 575/1036/619 573/1016/608
f 563/1053/634 576/1056/637 559/1050/631
f 553/1045/626 549/1037/620 546/1034/617
f 569/1015/607 565/1010/605 561/1009/604
f 561/1009/604 557/1047/628 553/1045/626
f 553/1045/626 546/1034/617 561/1009/604
f 576/1056/637 551/1042/623 555/1051/632
f 571/1024/613 576/1056/637 567/1025/614
f 547/1043/624 551/1042/623 576/1056/637
f 571/1024/613 545/1055/636 576/1056/637
f 545/1055/636 547/1043/624 576/1056/637
f 567/1025/614 576/1056/637 563/1053/634
f 576/1056/637 555/1051/632 559/1050/631
f 569/1015/607 546/1034/617 573/1016/608
f 476/1057/638 477/1058/638 475/867/550 472/866/549
f 574/1054/635 548/1040/621 547/1043/624 545/1055/636
f 600/1059/208 596/1060/209 748/1061/210
f 601/1062/211 747/1063/212 745/1064/213
f 577/1065/214 745/1066/215 744/1067/216 579/1068/217
f 594/1069/218 601/1062/211 586/1070/219
f 743/1071/220 748/1061/210 580/1072/221
f 594/1069/218 598/1073/222 601/1062/211
f 602/1074/223 600/1059/208 748/1061/210
f 743/1071/220 602/1074/223 748/1061/210
f 748/1061/210 596/1060/209 592/1075/224
f 578/1076/225 582/1077/226 586/1070/219
f 577/1078/227 581/1079/228 582/1077/226 578/1076/225
f 595/1080/229 591/1081/230 592/1075/224 596/1060/209
f 744/1082/231 746/1083/232 602/1074/223 743/1071/220
f 580/1072/221 748/1061/210 584/1084/233
f 584/1084/233 748/1061/210 588/1085/234
f 586/1070/219 590/1086/235 594/1069/218
f 589/1087/639 593/1088/237 594/1069/218 590/1086/235
f 603/1089/238 605/1090/239 604/1091/240
f 611/1092/98 613/1093/98 616/1094/98 614/1095/98
f 616/1096/241 610/1097/242 607/1098/243 615/1099/244
f 613/1100/245 606/1101/245 610/1102/245 616/1103/245
f 626/1104/640 622/1105/640 618/1106/641 620/1107/641
f 620/1107/641 618/1106/641 624/1108/642 628/1109/642
f 634/1110/643 633/1111/644 635/1112/645
f 632/1113/646 631/1114/647 629/1115/648
f 635/1112/645 632/1113/646 629/1115/648
f 578/1076/225 745/1064/213 577/1078/227
f 744/1067/216 745/1066/215 747/1116/256 746/1117/256
f 593/1118/257 589/1119/258 591/1120/259 595/1121/257
f 587/1122/260 583/1123/261 584/1084/233 588/1085/234
f 599/1124/262 595/1080/229 596/1060/209 600/1059/208
f 579/1125/263 744/1082/231 743/1071/220 580/1072/221
f 591/1120/259 589/1119/258 585/1126/264 587/1127/264
f 581/1079/228 585/1128/265 586/1070/219 582/1077/226
f 608/1129/266 607/1098/243 609/1130/267
f 609/1131/268 603/1132/649 604/1133/269 608/1134/269
f 610/1102/270 606/1101/270 603/1132/649 609/1131/268
f 614/1095/271 608/1134/271 604/1133/271 611/1092/271
f 606/1135/272 605/1090/239 603/1089/238
f 610/1097/242 609/1130/267 607/1098/243
f 622/1136/650 621/1137/650 617/1138/651 618/1139/651
f 608/1129/266 614/1140/276 615/1099/244 607/1098/243
f 627/1141/652 620/1142/653 628/1143/654
f 621/1144/655 625/1145/655 619/1146/656 617/1147/656
f 624/1148/283 623/1149/283 627/1150/283 628/1151/283
f 618/1139/651 617/1138/651 623/1152/657 624/1153/657
f 629/1115/648 634/1110/643 635/1112/645
f 626/1104/285 625/1145/285 621/1144/285 622/1105/285
f 631/1114/647 630/1154/658 629/1115/648
f 591/1081/230 587/1122/260 588/1085/234 592/1075/224
f 601/1062/211 578/1076/225 586/1070/219
f 583/1123/261 579/1125/263 580/1072/221 584/1084/233
f 593/1088/237 597/1155/659 598/1073/222 594/1069/218
f 605/1090/239 612/1156/288 611/1157/289 604/1091/240
f 597/1158/290 599/1159/290 746/1160/290 747/1161/290
f 627/1141/652 619/1162/660 620/1142/653
f 614/1140/276 616/1096/241 615/1099/244
f 599/1159/292 597/1158/292 593/1118/257 595/1121/257
f 613/1163/293 612/1156/288 605/1090/239 606/1135/272
f 620/1142/653 619/1162/660 625/1164/661 626/1165/661
f 583/1166/295 581/1167/295 577/1065/214 579/1068/217
f 585/1128/265 589/1087/639 590/1086/235 586/1070/219
f 585/1126/296 581/1167/296 583/1166/296 587/1127/296
f 617/1147/656 619/1146/656 627/1150/662 623/1149/662
f 613/1163/293 611/1157/289 612/1156/288
f 597/1155/659 747/1063/212 601/1062/211 598/1073/222
f 634/1168/663 641/1169/663 642/1170/664 633/1171/664
f 641/1172/665 638/1173/666 639/1174/667
f 643/1175/668 642/1176/669 641/1172/665
f 656/1177/670 643/1175/668 641/1172/665
f 639/1178/671 632/1179/671 635/1180/671 656/1181/671
f 632/1179/672 639/1178/672 640/1182/672 631/1183/672
f 638/1173/666 637/1184/673 639/1174/667
f 638/1185/674 629/1186/674 630/1187/674 637/1188/674
f 656/1181/675 635/1180/675 636/1189/675 643/1190/675
f 644/1191/98 650/1192/98 651/1193/98 653/1194/98
f 645/1195/310 644/1196/310 653/1197/311 652/1198/311
f 649/1199/312 645/1200/312 652/1201/312 648/1202/312
f 646/1203/312 654/1204/312 645/1200/312 649/1199/312
f 649/1205/676 650/1206/676 647/1207/314 646/1208/314
f 655/1209/98 647/1210/98 650/1192/98 644/1191/98
f 648/1211/315 651/1212/315 650/1206/676 649/1205/676
f 652/1201/11 653/1213/11 651/1214/11 648/1202/11
f 646/1203/1 647/1210/1 655/1209/1 654/1204/1
f 654/1215/677 655/1216/677 644/1196/310 645/1195/310
f 664/1217/317 661/1218/317 662/1219/318 663/1220/318
f 629/1186/678 638/1185/678 641/1169/663 634/1168/663
f 636/1189/679 633/1221/679 642/1222/679 643/1190/679
f 663/1220/318 662/1219/318 665/1223/319 666/1224/319
f 666/1225/11 665/1226/11 657/1227/11 658/1228/11
f 637/1184/673 640/1229/680 639/1174/667
f 633/1111/644 636/1230/681 635/1112/645
f 660/1231/1 659/1232/1 661/1233/1 664/1234/1
f 658/1235/321 657/1236/321 668/1237/322 667/1238/322
f 666/1225/98 658/1228/98 667/1239/98 663/1240/98
f 667/1238/322 668/1237/322 659/1241/323 660/1242/323
f 663/1240/98 667/1239/98 660/1231/98 664/1234/98
f 639/1174/667 656/1177/670 641/1172/665
f 668/1243/312 662/1244/312 661/1245/312 659/1246/312
f 657/1227/312 665/1226/312 662/1244/312 668/1243/312
f 677/1247/11 680/1248/11 671/1249/11 670/1250/11
f 680/1251/324 677/1252/325 678/1253/326
f 674/1254/327 669/1255/328 672/1256/329
f 684/1257/98 675/1258/98 672/1259/330 679/1260/330
f 676/1261/20 673/1262/20 674/1254/327
f 673/1263/1 676/1264/1 683/1265/1 682/1266/1
f 681/1267/331 674/1268/331 673/1263/331 682/1266/331
f 675/1258/309 684/1257/309 683/1265/309 676/1264/309
f 669/1269/308 678/1270/308 677/1247/308 670/1250/308
f 679/1260/330 672/1259/330 671/1271/332 680/1272/332
f 674/1268/312 681/1267/312 678/1270/312 669/1269/312
f 669/1255/328 670/1273/333 672/1256/329
f 670/1273/333 671/1274/334 672/1256/329
f 672/1256/329 675/1275/335 674/1254/327
f 675/1275/335 676/1261/20 674/1254/327
f 678/1253/326 681/1276/336 684/1277/337
f 681/1276/336 682/1278/338 684/1277/337
f 682/1278/338 683/1279/339 684/1277/337
f 684/1277/337 679/1280/340 678/1253/326
f 679/1280/340 680/1251/324 678/1253/326
f 693/1281/682 694/1282/683 688/1283/684 687/1284/684
f 687/1285/344 688/1286/344 692/1287/344 691/1288/344
f 695/1289/685 696/1290/685 690/1291/686 689/1292/686
f 689/1293/348 690/1294/348 686/1295/348 685/1296/348
f 693/1297/687 695/1298/688 689/1299/689 685/1300/689
f 696/1301/690 694/1302/690 686/1295/691 690/1294/691
f 692/1287/692 688/1286/692 694/1302/690 696/1301/690
f 687/1285/693 691/1288/693 695/1298/688 693/1297/687
f 691/1303/694 692/1304/694 696/1290/685 695/1289/685
f 686/1305/695 693/1281/682 685/1306/696
f 686/1305/695 694/1282/683 693/1281/682
f 700/1307/360 707/1308/360 703/1309/360 697/1310/360
f 705/1311/361 699/1312/362 698/1313/363 706/1314/364
f 708/1315/365 701/1316/366 702/1317/367 709/1318/368
f 703/1319/369 704/1320/370 706/1314/364
f 707/1321/371 708/1315/365 710/1322/372
f 697/1323/373 703/1319/369 706/1314/364 698/1313/363
f 700/1324/374 702/1317/367 701/1316/366
f 699/1325/375 705/1326/375 709/1327/375 702/1328/375
f 702/1328/312 700/1329/312 697/1330/312 699/1325/312
f 703/1309/376 707/1308/376 710/1331/377 704/1332/377
f 699/1312/362 697/1323/373 698/1313/363
f 705/1311/361 706/1314/364 704/1320/370
f 710/1322/372 708/1315/365 709/1318/368
f 704/1332/377 710/1331/377 709/1327/378 705/1326/378
f 700/1324/374 701/1316/366 708/1315/365 707/1321/371
f 732/1333/697 728/1334/698 727/1335/699 731/1336/700
f 722/1337/701 724/1338/702 728/1339/385 726/1340/385
f 735/1341/703 739/1342/704 736/1343/705
f 730/1344/706 732/1345/706 736/1346/707 734/1347/708
f 734/1348/709 738/1349/710 737/1350/711 733/1351/712
f 738/1352/713 739/1353/714 741/1354/715 740/1355/715
f 714/1356/399 716/1357/399 720/1358/400 718/1359/716
f 712/1360/717 735/1341/703 727/1335/699
f 716/1361/718 741/1362/719 712/1360/717 715/1363/720
f 716/1357/406 714/1356/406 740/1364/406 741/1365/406
f 714/1366/721 718/1367/722 717/1368/723 713/1369/724
f 720/1370/725 716/1361/718 715/1363/720 719/1371/726
f 724/1372/727 720/1370/725 719/1371/726 723/1373/728
f 720/1358/400 724/1338/702 722/1337/701 718/1359/716
f 722/1374/729 726/1375/730 725/1376/731 721/1377/732
f 728/1334/698 724/1372/727 723/1373/728 727/1335/699
f 728/1339/419 732/1345/419 730/1344/419 726/1340/419
f 726/1375/730 730/1378/733 729/1379/734 725/1376/731
f 730/1378/733 734/1348/709 733/1351/712 729/1379/734
f 736/1343/705 732/1333/697 731/1336/700 735/1341/703
f 718/1367/722 722/1374/729 721/1377/732 717/1368/723
f 736/1346/707 739/1353/714 738/1352/713 734/1347/708
f 738/1349/710 740/1380/735 711/1381/736 737/1350/711
f 712/1360/717 741/1362/719 739/1342/704
f 729/1379/734 742/1382/737 725/1376/731
f 719/1371/726 715/1363/720 712/1360/717
f 735/1341/703 731/1336/700 727/1335/699
f 727/1335/699 723/1373/728 719/1371/726
f 719/1371/726 712/1360/717 727/1335/699
f 742/1382/737 717/1368/723 721/1377/732
f 737/1350/711 742/1382/737 733/1351/712
f 713/1369/724 717/1368/723 742/1382/737
f 737/1350/711 711/1381/736 742/1382/737
f 711/1381/736 713/1369/724 742/1382/737
f 733/1351/712 742/1382/737 729/1379/734
f 742/1382/737 721/1377/732 725/1376/731
f 735/1341/703 712/1360/717 739/1342/704
f 640/1182/738 637/1188/738 630/1187/738 631/1183/738
f 740/1380/735 714/1366/721 713/1369/724 711/1381/736
f 748/1061/210 592/1075/224 588/1085/234
f 578/1076/225 601/1062/211 745/1064/213
f 746/1083/232 599/1124/262 600/1059/208 602/1074/223
f 758/1383/312 759/1384/312 751/1385/312 749/1386/312
f 757/1387/425 758/1388/426 761/1389/739
f 762/1390/428 760/1391/429 757/1387/425
f 763/1392/7 755/1393/7 751/1394/7 759/1395/7
f 752/1396/430 753/1397/431 750/1398/432
f 754/1399/98 755/1393/98 763/1392/98 761/1400/98
f 754/1401/433 749/1402/434 750/1398/432 753/1397/431
f 749/1402/434 751/1403/435 752/1396/430 750/1398/432
f 751/1403/435 755/1404/436 756/1405/437 752/1396/430
f 755/1404/436 754/1401/433 753/1397/431 756/1405/437
f 761/1389/739 763/1406/740 762/1390/428
f 763/1406/740 759/1407/439 760/1391/429 762/1390/428
f 759/1407/439 758/1388/426 757/1387/425 760/1391/429
f 754/1399/20 761/1400/20 758/1383/20 749/1386/20
f 761/1389/739 762/1390/428 757/1387/425
f 752/1396/430 756/1405/437 753/1397/431
f 773/1408/741 774/1409/741 766/1410/741 764/1411/741
f 772/1412/742 773/1413/743 776/1414/744
f 777/1415/745 775/1416/746 772/1412/742
f 778/1417/747 770/1418/747 766/1419/747 774/1420/747
f 767/1421/748 768/1422/749 765/1423/750
f 769/1424/751 770/1418/751 778/1417/751 776/1425/751
f 769/1426/752 764/1427/753 765/1423/750 768/1422/749
f 764/1427/753 766/1428/754 767/1421/748 765/1423/750
f 766/1428/754 770/1429/755 771/1430/756 767/1421/748
f 770/1429/755 769/1426/752 768/1422/749 771/1430/756
f 776/1414/744 778/1431/757 777/1415/745
f 778/1431/757 774/1432/758 775/1416/746 777/1415/745
f 774/1432/758 773/1413/743 772/1412/742 775/1416/746
f 769/1424/759 776/1425/759 773/1408/759 764/1411/759
f 776/1414/744 777/1415/745 772/1412/742
f 767/1421/748 771/1430/756 768/1422/749
f 793/1433/440 794/1434/441 780/1435/442 779/1436/443
f 783/1437/445 1183/1438/445 784/1439/760 375/1440/446
f 375/1440/446 784/1439/760 786/1441/761 785/1442/448
f 785/1442/448 786/1441/761 787/1443/762 378/1444/450
f 378/1444/450 787/1443/762 788/1445/763 380/1446/452
f 380/1446/452 788/1445/763 789/1447/764 382/1448/454
f 382/1449/454 789/1450/764 1187/1451/765 790/1452/456
f 790/1452/456 1187/1451/765 1188/1453/766 385/1454/458
f 385/1454/458 1188/1453/766 792/1455/460 791/1456/461
f 791/1456/461 792/1455/460 794/1434/441 793/1433/440
f 781/1457/462 782/1458/463 1183/1438/445 783/1437/445
f 779/1436/443 780/1435/442 782/1458/463 781/1457/462
f 809/1459/440 810/1460/441 796/1461/442 795/1462/443
f 799/1463/466 1197/1464/767 801/1465/768 800/1466/467
f 800/1466/467 801/1465/768 1199/1467/769 397/1468/469
f 397/1468/469 1199/1467/769 802/1469/471 399/1470/471
f 399/1470/471 802/1469/471 803/1471/770 401/1472/452
f 401/1472/452 803/1471/770 804/1473/771 403/1474/454
f 403/1475/454 804/1476/771 1202/1477/772 805/1478/474
f 805/1478/474 1202/1477/772 806/1479/773 406/1480/475
f 406/1480/475 806/1479/773 808/1481/774 807/1482/775
f 807/1482/775 808/1481/774 810/1460/441 809/1459/440
f 797/1483/462 798/1484/463 1197/1464/767 799/1463/466
f 795/1462/443 796/1461/442 798/1484/463 797/1483/462
f 820/1485/1 821/1486/1 813/1487/1 811/1488/1
f 819/1489/476 820/1490/477 823/1491/478
f 824/1492/479 822/1493/480 819/1489/476
f 825/1494/7 817/1495/7 813/1496/7 821/1497/7
f 814/1498/481 815/1499/482 812/1500/483
f 816/1501/11 817/1495/11 825/1494/11 823/1502/11
f 816/1503/484 811/1504/485 812/1500/483 815/1499/482
f 811/1504/485 813/1505/486 814/1498/481 812/1500/483
f 813/1505/486 817/1506/776 818/1507/488 814/1498/481
f 817/1506/489 816/1503/484 815/1499/482 818/1507/488
f 823/1491/478 825/1508/490 824/1492/479
f 825/1508/490 821/1509/777 822/1493/480 824/1492/479
f 821/1509/777 820/1490/477 819/1489/476 822/1493/480
f 816/1501/20 823/1502/20 820/1485/20 811/1488/20
f 823/1491/478 824/1492/479 819/1489/476
f 814/1498/481 818/1507/488 815/1499/482
f 863/1510/21 864/1511/21 829/1512/22 827/1513/22
f 835/1514/23 837/1515/23 839/1516/24 838/1517/25
f 838/1517/25 839/1516/24 843/1518/26 841/1519/26
f 841/1519/26 843/1518/26 847/1520/27 845/1521/27
f 845/1521/28 847/1520/28 849/1522/29 848/1523/29
f 848/1523/29 849/1522/29 853/1524/30 851/1525/30
f 851/1526/31 853/1527/31 857/1528/32 855/1529/32
f 855/1529/32 857/1528/32 859/1530/7 858/1531/33
f 858/1531/33 859/1530/7 862/1532/34 861/1533/34
f 861/1533/34 862/1532/34 864/1511/35 863/1510/35
f 831/1534/36 833/1535/36 837/1515/23 835/1514/23
f 828/1536/778 856/1537/779 846/1538/780
f 827/1513/22 829/1512/22 833/1535/40 831/1534/40
f 827/1539/781 831/1540/782 830/1541/783 826/1542/784
f 833/1543/785 829/1544/786 828/1536/778 832/1545/787
f 831/1540/782 835/1546/788 834/1547/789 830/1541/783
f 837/1548/790 833/1543/785 832/1545/787 836/1549/791
f 835/1546/788 838/1550/792 834/1547/789
f 839/1551/793 837/1548/790 836/1549/791
f 838/1550/792 841/1552/794 840/1553/795 834/1547/789
f 843/1554/796 839/1551/793 836/1549/791 842/1555/797
f 841/1552/794 845/1556/798 844/1557/799 840/1553/795
f 847/1558/800 843/1554/796 842/1555/797 846/1538/780
f 845/1556/798 848/1559/801 844/1557/799
f 849/1560/802 847/1558/800 846/1538/780
f 848/1559/801 851/1561/803 850/1562/804 844/1557/799
f 853/1563/805 849/1560/802 846/1538/780 852/1564/806
f 851/1561/803 855/1565/807 854/1566/808 850/1562/804
f 857/1567/809 853/1563/805 852/1564/806 856/1537/779
f 855/1565/807 858/1568/810 854/1566/808
f 859/1569/811 857/1567/809 856/1537/779
f 858/1568/810 861/1570/812 860/1571/813 854/1566/808
f 859/1569/811 856/1537/779 862/1572/814
f 861/1570/812 863/1573/815 826/1542/784 860/1571/813
f 828/1536/778 864/1574/816 862/1572/814
f 863/1573/815 827/1539/781 826/1542/784
f 829/1544/786 864/1574/816 828/1536/778
f 850/1562/804 865/1575/817 844/1557/799
f 836/1549/791 832/1545/787 828/1536/778
f 856/1537/779 852/1564/806 846/1538/780
f 846/1538/780 842/1555/797 836/1549/791
f 836/1549/791 828/1536/778 846/1538/780
f 865/1575/817 834/1547/789 840/1553/795
f 860/1571/813 865/1575/817 854/1566/808
f 830/1541/783 834/1547/789 865/1575/817
f 860/1571/813 826/1542/784 865/1575/817
f 826/1542/784 830/1541/783 865/1575/817
f 854/1566/808 865/1575/817 850/1562/804
f 865/1575/817 840/1553/795 844/1557/799
f 856/1537/779 828/1536/778 862/1572/814
f 871/1576/818 870/1577/818 869/1578/819 868/1579/819
f 866/1580/820 867/1581/820 870/1577/818 871/1576/818
f 873/1582/11 874/1583/11 867/1584/11 866/1585/11
f 875/1586/20 870/1587/20 867/1588/20 874/1589/20
f 868/1590/1 869/1591/1 877/1592/1 876/1593/1
f 874/1594/821 873/1595/821 872/1596/822 875/1597/823
f 871/1598/7 872/1599/7 873/1582/7 866/1585/7
f 877/1592/20 869/1591/20 870/1587/20 875/1586/20
f 868/1600/7 876/1601/7 872/1599/7 871/1598/7
f 878/1602/20 884/1603/20 885/1604/20 887/1605/20
f 879/1606/83 878/1607/83 887/1608/84 886/1609/84
f 883/1610/7 879/1611/7 886/1612/7 882/1613/7
f 880/1614/7 888/1615/7 879/1611/7 883/1610/7
f 883/1616/85 884/1617/85 881/1618/86 880/1619/86
f 889/1620/20 881/1621/20 884/1603/20 878/1602/20
f 882/1622/87 885/1623/87 884/1617/85 883/1616/85
f 886/1612/11 887/1624/11 885/1625/11 882/1613/11
f 880/1614/1 881/1621/1 889/1620/1 888/1615/1
f 888/1626/88 889/1627/88 878/1607/83 879/1606/83
f 901/1628/20 896/1629/20 892/1630/20 899/1631/20
f 890/1632/89 891/1633/90 894/1634/91
f 898/1635/11 899/1636/11 892/1637/11 890/1638/11
f 895/1639/1 896/1629/1 901/1628/1 900/1640/1
f 891/1633/90 893/1641/92 897/1642/93 894/1634/91
f 890/1632/89 894/1634/91 895/1643/94
f 892/1644/824 891/1633/90 890/1632/89
f 896/1645/96 897/1642/93 893/1641/92 892/1644/824
f 892/1644/824 893/1641/92 891/1633/90
f 900/1646/97 902/1647/98 898/1648/99
f 899/1649/100 902/1647/98 901/1650/101
f 899/1649/100 898/1648/99 902/1647/98
f 895/1639/7 900/1640/7 898/1635/7 890/1638/7
f 901/1650/101 902/1647/98 900/1646/97
f 895/1643/94 894/1634/91 897/1642/93 896/1645/96
f 911/1651/11 914/1652/11 905/1653/11 904/1654/11
f 914/1655/564 911/1656/565 912/1657/566
f 908/1658/567 903/1659/568 906/1660/569
f 918/1661/20 909/1662/20 906/1663/570 913/1664/570
f 910/1665/312 907/1666/312 908/1658/567
f 907/1667/1 910/1668/1 917/1669/1 916/1670/1
f 915/1671/571 908/1672/571 907/1667/571 916/1670/571
f 909/1662/572 918/1661/572 917/1669/572 910/1668/572
f 903/1673/573 912/1674/573 911/1651/573 904/1654/573
f 913/1664/570 906/1663/570 905/1675/574 914/1676/574
f 908/1672/7 915/1671/7 912/1674/7 903/1673/7
f 903/1659/568 904/1677/575 906/1660/569
f 904/1677/575 905/1678/576 906/1660/569
f 906/1660/569 909/1679/577 908/1658/567
f 909/1679/577 910/1665/312 908/1658/567
f 912/1657/566 915/1680/578 918/1681/579
f 915/1680/578 916/1682/580 918/1681/579
f 916/1682/580 917/1683/581 918/1681/579
f 918/1681/579 913/1684/582 912/1657/566
f 913/1684/582 914/1655/564 912/1657/566
f 927/1685/127 928/1686/128 922/1687/129 921/1688/129
f 921/1689/130 922/1690/130 926/1691/130 925/1692/130
f 929/1693/131 930/1694/131 924/1695/132 923/1696/132
f 923/1697/133 924/1698/133 920/1699/133 919/1700/133
f 927/1701/134 929/1702/134 923/1703/135 919/1704/135
f 930/1705/136 928/1706/136 920/1699/137 924/1698/137
f 926/1691/138 922/1690/138 928/1706/136 930/1705/136
f 921/1689/139 925/1692/139 929/1702/134 927/1701/134
f 925/1707/140 926/1708/140 930/1694/131 929/1693/131
f 920/1709/141 927/1685/127 919/1710/142
f 920/1709/141 928/1686/128 927/1685/127
f 934/1711/825 941/1712/825 937/1713/825 931/1714/825
f 939/1715/826 933/1716/827 932/1717/828 940/1718/829
f 942/1719/830 935/1720/831 936/1721/832 943/1722/833
f 937/1723/834 938/1724/835 940/1718/829
f 941/1725/836 942/1719/830 944/1726/837
f 931/1727/838 937/1723/834 940/1718/829 932/1717/828
f 934/1728/839 936/1721/832 935/1720/831
f 933/1729/840 939/1730/840 943/1731/840 936/1732/840
f 936/1732/841 934/1733/841 931/1734/841 933/1729/841
f 937/1713/842 941/1712/842 944/1735/843 938/1736/843
f 933/1716/827 931/1727/838 932/1717/828
f 939/1715/826 940/1718/829 938/1724/835
f 944/1726/837 942/1719/830 943/1722/833
f 938/1736/843 944/1735/843 943/1731/844 939/1730/844
f 934/1728/839 935/1720/831 942/1719/830 941/1725/836
f 966/1737/162 962/1738/163 961/1739/164 965/1740/165
f 956/1741/166 958/1742/845 962/1743/168 960/1744/168
f 969/1745/169 973/1746/170 970/1747/171
f 964/1748/172 966/1749/172 970/1750/173 968/1751/174
f 968/1752/175 972/1753/176 971/1754/177 967/1755/178
f 972/1756/179 973/1757/180 975/1758/181 974/1759/181
f 948/1760/182 950/1761/182 954/1762/183 952/1763/183
f 946/1764/184 969/1745/169 961/1739/164
f 950/1765/185 975/1766/186 946/1764/184 949/1767/187
f 950/1761/188 948/1760/188 974/1768/188 975/1769/188
f 948/1770/189 952/1771/190 951/1772/191 947/1773/192
f 954/1774/193 950/1765/185 949/1767/187 953/1775/194
f 958/1776/846 954/1774/193 953/1775/194 957/1777/196
f 954/1762/183 958/1742/845 956/1741/166 952/1763/183
f 956/1778/197 960/1779/847 959/1780/199 955/1781/200
f 962/1738/163 958/1776/846 957/1777/196 961/1739/164
f 962/1743/201 966/1749/201 964/1748/201 960/1744/201
f 960/1779/847 964/1782/202 963/1783/203 959/1780/199
f 964/1782/202 968/1752/175 967/1755/178 963/1783/203
f 970/1747/171 966/1737/162 965/1740/165 969/1745/169
f 952/1771/190 956/1778/197 955/1781/200 951/1772/191
f 970/1750/173 973/1757/180 972/1756/179 968/1751/174
f 972/1753/176 974/1784/204 945/1785/205 971/1754/177
f 946/1764/184 975/1766/186 973/1746/170
f 963/1783/203 976/1786/206 959/1780/199
f 953/1775/194 949/1767/187 946/1764/184
f 969/1745/169 965/1740/165 961/1739/164
f 961/1739/164 957/1777/196 953/1775/194
f 953/1775/194 946/1764/184 961/1739/164
f 976/1786/206 951/1772/191 955/1781/200
f 971/1754/177 976/1786/206 967/1755/178
f 947/1773/192 951/1772/191 976/1786/206
f 971/1754/177 945/1785/205 976/1786/206
f 945/1785/205 947/1773/192 976/1786/206
f 967/1755/178 976/1786/206 963/1783/203
f 976/1786/206 955/1781/200 959/1780/199
f 969/1745/169 946/1764/184 973/1746/170
f 876/1787/848 877/1788/848 875/1597/823 872/1596/822
f 974/1784/204 948/1770/189 947/1773/192 945/1785/205
f 1000/1789/208 996/1790/209 1148/1791/210
f 1001/1792/211 1147/1793/212 1145/1794/213
f 977/1795/214 1145/1796/215 1144/1797/216 979/1798/217
f 994/1799/218 1001/1792/211 986/1800/219
f 1143/1801/220 1148/1791/210 980/1802/221
f 994/1799/218 998/1803/222 1001/1792/211
f 1002/1804/849 1000/1789/208 1148/1791/210
f 1143/1801/220 1002/1804/849 1148/1791/210
f 1148/1791/210 996/1790/209 992/1805/224
f 978/1806/225 982/1807/226 986/1800/219
f 977/1808/227 981/1809/228 982/1807/226 978/1806/225
f 995/1810/229 991/1811/230 992/1805/224 996/1790/209
f 1144/1812/850 1146/1813/232 1002/1804/849 1143/1801/220
f 980/1802/221 1148/1791/210 984/1814/233
f 984/1814/233 1148/1791/210 988/1815/234
f 986/1800/219 990/1816/235 994/1799/218
f 989/1817/639 993/1818/237 994/1799/218 990/1816/235
f 1003/1819/238 1005/1820/239 1004/1821/240
f 1011/1822/98 1013/1823/98 1016/1824/98 1014/1825/98
f 1016/1826/241 1010/1827/242 1007/1828/243 1015/1829/244
f 1013/1830/245 1006/1831/245 1010/1832/245 1016/1833/245
f 1026/1834/851 1022/1835/851 1018/1836/852 1020/1837/852
f 1020/1837/852 1018/1836/852 1024/1838/853 1028/1839/853
f 1034/1840/854 1033/1841/855 1035/1842/856
f 1032/1843/857 1031/1844/858 1029/1845/859
f 1035/1842/856 1032/1843/857 1029/1845/859
f 978/1806/225 1145/1794/213 977/1808/227
f 1144/1797/216 1145/1796/215 1147/1846/256 1146/1847/256
f 993/1848/257 989/1849/258 991/1850/259 995/1851/860
f 987/1852/861 983/1853/261 984/1814/233 988/1815/234
f 999/1854/262 995/1810/229 996/1790/209 1000/1789/208
f 979/1855/263 1144/1812/850 1143/1801/220 980/1802/221
f 991/1850/259 989/1849/258 985/1856/264 987/1857/264
f 981/1809/228 985/1858/265 986/1800/219 982/1807/226
f 1008/1859/266 1007/1828/243 1009/1860/267
f 1009/1861/268 1003/1862/268 1004/1863/269 1008/1864/269
f 1010/1832/270 1006/1831/270 1003/1862/268 1009/1861/268
f 1014/1825/271 1008/1864/271 1004/1863/271 1011/1822/271
f 1006/1865/272 1005/1820/239 1003/1819/238
f 1010/1827/242 1009/1860/267 1007/1828/243
f 1022/1866/862 1021/1867/862 1017/1868/863 1018/1869/863
f 1008/1859/266 1014/1870/276 1015/1829/244 1007/1828/243
f 1027/1871/864 1020/1872/865 1028/1873/866
f 1021/1874/867 1025/1875/867 1019/1876/868 1017/1877/868
f 1024/1878/869 1023/1879/869 1027/1880/869 1028/1881/869
f 1018/1869/863 1017/1868/863 1023/1882/870 1024/1883/870
f 1029/1845/859 1034/1840/854 1035/1842/856
f 1026/1834/871 1025/1875/871 1021/1874/871 1022/1835/871
f 1031/1844/858 1030/1884/872 1029/1845/859
f 991/1811/230 987/1852/861 988/1815/234 992/1805/224
f 1001/1792/211 978/1806/225 986/1800/219
f 983/1853/261 979/1855/263 980/1802/221 984/1814/233
f 993/1818/237 997/1885/873 998/1803/222 994/1799/218
f 1005/1820/239 1012/1886/288 1011/1887/289 1004/1821/240
f 997/1888/290 999/1889/290 1146/1890/290 1147/1891/290
f 1027/1871/864 1019/1892/874 1020/1872/865
f 1014/1870/276 1016/1826/241 1015/1829/244
f 999/1889/292 997/1888/292 993/1848/257 995/1851/860
f 1013/1893/293 1012/1886/288 1005/1820/239 1006/1865/272
f 1020/1872/865 1019/1892/874 1025/1894/875 1026/1895/875
f 983/1896/295 981/1897/295 977/1795/214 979/1798/217
f 985/1858/265 989/1817/639 990/1816/235 986/1800/219
f 985/1856/296 981/1897/296 983/1896/296 987/1857/296
f 1017/1877/868 1019/1876/868 1027/1880/876 1023/1879/876
f 1013/1893/293 1011/1887/289 1012/1886/288
f 997/1885/873 1147/1793/212 1001/1792/211 998/1803/222
f 1034/1898/877 1041/1899/877 1042/1900/878 1033/1901/878
f 1041/1902/879 1038/1903/880 1039/1904/881
f 1043/1905/882 1042/1906/883 1041/1902/879
f 1056/1907/884 1043/1905/882 1041/1902/879
f 1039/1908/98 1032/1909/98 1035/1910/98 1056/1911/98
f 1032/1909/885 1039/1908/885 1040/1912/885 1031/1913/885
f 1038/1903/880 1037/1914/20 1039/1904/881
f 1038/1915/308 1029/1916/308 1030/1917/308 1037/1918/308
f 1056/1911/309 1035/1910/309 1036/1919/309 1043/1920/309
f 1044/1921/98 1050/1922/98 1051/1923/98 1053/1924/98
f 1045/1925/310 1044/1926/310 1053/1927/311 1052/1928/311
f 1049/1929/312 1045/1930/312 1052/1931/312 1048/1932/312
f 1046/1933/312 1054/1934/312 1045/1930/312 1049/1929/312
f 1049/1935/676 1050/1936/676 1047/1937/314 1046/1938/314
f 1055/1939/98 1047/1940/98 1050/1922/98 1044/1921/98
f 1048/1941/315 1051/1942/315 1050/1936/676 1049/1935/676
f 1052/1931/11 1053/1943/11 1051/1944/11 1048/1932/11
f 1046/1933/1 1047/1940/1 1055/1939/1 1054/1934/1
f 1054/1945/316 1055/1946/316 1044/1926/310 1045/1925/310
f 1064/1947/886 1061/1948/886 1062/1949/318 1063/1950/318
f 1029/1916/312 1038/1915/312 1041/1899/877 1034/1898/877
f 1036/1919/1 1033/1951/1 1042/1952/1 1043/1920/1
f 1063/1950/318 1062/1949/318 1065/1953/319 1066/1954/319
f 1066/1955/11 1065/1956/11 1057/1957/11 1058/1958/11
f 1037/1914/20 1040/1959/20 1039/1904/881
f 1033/1841/855 1036/1960/887 1035/1842/856
f 1060/1961/1 1059/1962/1 1061/1963/1 1064/1964/1
f 1058/1965/321 1057/1966/321 1068/1967/322 1067/1968/322
f 1066/1955/98 1058/1958/98 1067/1969/98 1063/1970/98
f 1067/1968/322 1068/1967/322 1059/1971/323 1060/1972/323
f 1063/1970/98 1067/1969/98 1060/1961/98 1064/1964/98
f 1039/1904/881 1056/1907/884 1041/1902/879
f 1068/1973/312 1062/1974/312 1061/1975/312 1059/1976/312
f 1057/1957/312 1065/1956/312 1062/1974/312 1068/1973/312
f 1077/1977/11 1080/1978/11 1071/1979/11 1070/1980/11
f 1080/1981/324 1077/1982/325 1078/1983/888
f 1074/1984/327 1069/1985/328 1072/1986/329
f 1084/1987/98 1075/1988/98 1072/1989/330 1079/1990/330
f 1076/1991/20 1073/1992/20 1074/1984/327
f 1073/1993/1 1076/1994/1 1083/1995/1 1082/1996/1
f 1081/1997/889 1074/1998/889 1073/1993/889 1082/1996/889
f 1075/1988/890 1084/1987/890 1083/1995/890 1076/1994/890
f 1069/1999/308 1078/2000/308 1077/1977/308 1070/1980/308
f 1079/1990/330 1072/1989/330 1071/2001/332 1080/2002/332
f 1074/1998/312 1081/1997/312 1078/2000/312 1069/1999/312
f 1069/1985/328 1070/2003/333 1072/1986/329
f 1070/2003/333 1071/2004/334 1072/1986/329
f 1072/1986/329 1075/2005/335 1074/1984/327
f 1075/2005/335 1076/1991/20 1074/1984/327
f 1078/1983/888 1081/2006/336 1084/2007/337
f 1081/2006/336 1082/2008/338 1084/2007/337
f 1082/2008/338 1083/2009/891 1084/2007/337
f 1084/2007/337 1079/2010/340 1078/1983/888
f 1079/2010/340 1080/1981/324 1078/1983/888
f 1093/2011/682 1094/2012/683 1088/2013/684 1087/2014/684
f 1087/2015/344 1088/2016/344 1092/2017/344 1091/2018/344
f 1095/2019/685 1096/2020/685 1090/2021/686 1089/2022/686
f 1089/2023/348 1090/2024/348 1086/2025/348 1085/2026/348
f 1093/2027/687 1095/2028/688 1089/2029/689 1085/2030/689
f 1096/2031/690 1094/2032/690 1086/2025/691 1090/2024/691
f 1092/2017/692 1088/2016/692 1094/2032/690 1096/2031/690
f 1087/2015/693 1091/2018/693 1095/2028/688 1093/2027/687
f 1091/2033/694 1092/2034/694 1096/2020/685 1095/2019/685
f 1086/2035/695 1093/2011/682 1085/2036/696
f 1086/2035/695 1094/2012/683 1093/2011/682
f 1100/2037/892 1107/2038/892 1103/2039/892 1097/2040/892
f 1105/2041/361 1099/2042/362 1098/2043/363 1106/2044/364
f 1108/2045/365 1101/2046/366 1102/2047/367 1109/2048/368
f 1103/2049/369 1104/2050/370 1106/2044/364
f 1107/2051/371 1108/2045/365 1110/2052/372
f 1097/2053/373 1103/2049/369 1106/2044/364 1098/2043/363
f 1100/2054/374 1102/2047/367 1101/2046/366
f 1099/2055/375 1105/2056/375 1109/2057/375 1102/2058/375
f 1102/2058/312 1100/2059/312 1097/2060/312 1099/2055/312
f 1103/2039/376 1107/2038/376 1110/2061/377 1104/2062/377
f 1099/2042/362 1097/2053/373 1098/2043/363
f 1105/2041/361 1106/2044/364 1104/2050/370
f 1110/2052/372 1108/2045/365 1109/2048/368
f 1104/2062/377 1110/2061/377 1109/2057/378 1105/2056/378
f 1100/2054/374 1101/2046/366 1108/2045/365 1107/2051/371
f 1132/2063/697 1128/2064/698 1127/2065/699 1131/2066/700
f 1122/2067/701 1124/2068/702 1128/2069/385 1126/2070/385
f 1135/2071/703 1139/2072/704 1136/2073/705
f 1130/2074/706 1132/2075/706 1136/2076/707 1134/2077/708
f 1134/2078/709 1138/2079/710 1137/2080/711 1133/2081/712
f 1138/2082/713 1139/2083/714 1141/2084/715 1140/2085/715
f 1114/2086/399 1116/2087/399 1120/2088/400 1118/2089/716
f 1112/2090/893 1135/2071/703 1127/2065/699
f 1116/2091/718 1141/2092/719 1112/2090/893 1115/2093/720
f 1116/2087/406 1114/2086/406 1140/2094/406 1141/2095/406
f 1114/2096/721 1118/2097/722 1117/2098/894 1113/2099/724
f 1120/2100/895 1116/2091/718 1115/2093/720 1119/2101/726
f 1124/2102/727 1120/2100/895 1119/2101/726 1123/2103/728
f 1120/2088/400 1124/2068/702 1122/2067/701 1118/2089/716
f 1122/2104/729 1126/2105/730 1125/2106/731 1121/2107/732
f 1128/2064/698 1124/2102/727 1123/2103/728 1127/2065/699
f 1128/2069/419 1132/2075/419 1130/2074/419 1126/2070/419
f 1126/2105/730 1130/2108/733 1129/2109/734 1125/2106/731
f 1130/2108/733 1134/2078/709 1133/2081/712 1129/2109/734
f 1136/2073/705 1132/2063/697 1131/2066/700 1135/2071/703
f 1118/2097/722 1122/2104/729 1121/2107/732 1117/2098/894
f 1136/2076/707 1139/2083/714 1138/2082/713 1134/2077/708
f 1138/2079/710 1140/2110/735 1111/2111/736 1137/2080/711
f 1112/2090/893 1141/2092/719 1139/2072/704
f 1129/2109/734 1142/2112/737 1125/2106/731
f 1119/2101/726 1115/2093/720 1112/2090/893
f 1135/2071/703 1131/2066/700 1127/2065/699
f 1127/2065/699 1123/2103/728 1119/2101/726
f 1119/2101/726 1112/2090/893 1127/2065/699
f 1142/2112/737 1117/2098/894 1121/2107/732
f 1137/2080/711 1142/2112/737 1133/2081/712
f 1113/2099/724 1117/2098/894 1142/2112/737
f 1137/2080/711 1111/2111/736 1142/2112/737
f 1111/2111/736 1113/2099/724 1142/2112/737
f 1133/2081/712 1142/2112/737 1129/2109/734
f 1142/2112/737 1121/2107/732 1125/2106/731
f 1135/2071/703 1112/2090/893 1139/2072/704
f 1040/1912/11 1037/1918/11 1030/1917/11 1031/1913/11
f 1140/2110/735 1114/2096/721 1113/2099/724 1111/2111/736
f 1148/1791/210 992/1805/224 988/1815/234
f 978/1806/225 1001/1792/211 1145/1794/213
f 1146/1813/232 999/1854/262 1000/1789/208 1002/1804/849
f 1158/2113/312 1159/2114/312 1151/2115/312 1149/2116/312
f 1157/2117/896 1158/2118/897 1161/2119/898
f 1162/2120/899 1160/2121/900 1157/2117/896
f 1163/2122/901 1155/2123/901 1151/2124/901 1159/2125/901
f 1152/2126/902 1153/2127/903 1150/2128/904
f 1154/2129/98 1155/2123/98 1163/2122/98 1161/2130/98
f 1154/2131/905 1149/2132/906 1150/2128/904 1153/2127/903
f 1149/2132/906 1151/2133/907 1152/2126/902 1150/2128/904
f 1151/2133/907 1155/2134/908 1156/2135/909 1152/2126/902
f 1155/2134/908 1154/2131/905 1153/2127/903 1156/2135/909
f 1161/2119/898 1163/2136/910 1162/2120/899
f 1163/2136/910 1159/2137/911 1160/2121/900 1162/2120/899
f 1159/2137/911 1158/2118/897 1157/2117/896 1160/2121/900
f 1154/2129/912 1161/2130/912 1158/2113/912 1149/2116/912
f 1161/2119/898 1162/2120/899 1157/2117/896
f 1152/2126/902 1156/2135/909 1153/2127/903
f 1173/2138/312 1174/2139/312 1166/2140/312 1164/2141/312
f 1172/2142/425 1173/2143/426 1176/2144/427
f 1177/2145/428 1175/2146/429 1172/2142/425
f 1178/2147/7 1170/2148/7 1166/2149/7 1174/2150/7
f 1167/2151/430 1168/2152/431 1165/2153/432
f 1169/2154/98 1170/2148/98 1178/2147/98 1176/2155/98
f 1169/2156/433 1164/2157/434 1165/2153/432 1168/2152/431
f 1164/2157/434 1166/2158/435 1167/2151/430 1165/2153/432
f 1166/2158/435 1170/2159/436 1171/2160/437 1167/2151/430
f 1170/2159/436 1169/2156/433 1168/2152/431 1171/2160/437
f 1176/2144/427 1178/2161/438 1177/2145/428
f 1178/2161/438 1174/2162/439 1175/2146/429 1177/2145/428
f 1174/2162/439 1173/2143/426 1172/2142/425 1175/2146/429
f 1169/2154/20 1176/2155/20 1173/2138/20 1164/2141/20
f 1176/2144/427 1177/2145/428 1172/2142/425
f 1167/2151/430 1171/2160/437 1168/2152/431
f 1191/2163/440 1192/2164/441 1180/2165/442 1179/2166/913
f 1183/2167/445 1567/2168/914 1568/2169/915 784/2170/760
f 784/2170/760 1568/2169/915 1570/2171/916 786/2172/761
f 786/2172/761 1570/2171/916 1184/2173/762 787/2174/762
f 787/2174/762 1184/2173/762 1185/2175/917 788/2176/763
f 788/2176/763 1185/2175/917 1186/2177/764 789/2178/764
f 789/2179/764 1186/2180/764 1575/2181/918 1187/2182/765
f 1187/2182/765 1575/2181/918 1576/2183/919 1188/2184/766
f 1188/2184/766 1576/2183/919 1190/2185/920 1189/2186/921
f 1189/2186/921 1190/2185/920 1192/2164/441 1191/2163/440
f 1181/2187/462 1182/2188/463 1567/2168/914 1183/2167/445
f 1179/2166/913 1180/2165/442 1182/2188/463 1181/2187/462
f 1205/2189/440 1206/2190/441 1194/2191/442 1193/2192/922
f 1197/2193/767 1198/2194/923 1585/2195/924 801/2196/768
f 801/2196/768 1585/2195/924 1200/2197/925 1199/2198/769
f 1199/2198/769 1200/2197/925 1588/2199/926 802/2200/471
f 802/2200/471 1588/2199/926 1589/2201/927 803/2202/770
f 803/2202/770 1589/2201/927 1201/2203/454 804/2204/771
f 804/2205/771 1201/2206/454 1592/2207/928 1202/2208/772
f 1202/2208/772 1592/2207/928 1593/2209/459 806/2210/773
f 806/2210/773 1593/2209/459 1204/2211/460 1203/2212/461
f 1203/2212/461 1204/2211/460 1206/2190/441 1205/2189/440
f 1195/2213/929 1196/2214/930 1198/2194/923 1197/2193/767
f 1193/2192/922 1194/2191/442 1196/2214/930 1195/2213/929
f 1216/2215/1 1217/2216/1 1209/2217/1 1207/2218/1
f 1215/2219/476 1216/2220/477 1219/2221/478
f 1220/2222/479 1218/2223/480 1215/2219/476
f 1221/2224/7 1213/2225/7 1209/2226/7 1217/2227/7
f 1210/2228/481 1211/2229/482 1208/2230/483
f 1212/2231/11 1213/2225/11 1221/2224/11 1219/2232/11
f 1212/2233/484 1207/2234/485 1208/2230/483 1211/2229/482
f 1207/2234/485 1209/2235/486 1210/2228/481 1208/2230/483
f 1209/2235/486 1213/2236/487 1214/2237/488 1210/2228/481
f 1213/2236/489 1212/2233/484 1211/2229/482 1214/2237/488
f 1219/2221/478 1221/2238/490 1220/2222/479
f 1221/2238/490 1217/2239/777 1218/2223/480 1220/2222/479
f 1217/2239/777 1216/2220/477 1215/2219/476 1218/2223/480
f 1212/2231/20 1219/2232/20 1216/2215/20 1207/2218/20
f 1219/2221/478 1220/2222/479 1215/2219/476
f 1210/2228/481 1214/2237/488 1211/2229/482
f 1259/2240/21 1260/2241/21 1225/2242/931 1223/2243/932
f 1231/2244/933 1233/2245/934 1235/2246/24 1234/2247/25
f 1234/2247/25 1235/2246/24 1239/2248/935 1237/2249/936
f 1237/2249/936 1239/2248/935 1243/2250/27 1241/2251/27
f 1241/2251/28 1243/2250/28 1245/2252/937 1244/2253/938
f 1244/2253/938 1245/2252/937 1249/2254/30 1247/2255/30
f 1247/2256/31 1249/2257/31 1253/2258/939 1251/2259/940
f 1251/2259/940 1253/2258/939 1255/2260/941 1254/2261/942
f 1254/2261/942 1255/2260/941 1258/2262/943 1257/2263/944
f 1257/2263/944 1258/2262/943 1260/2241/35 1259/2240/35
f 1227/2264/36 1229/2265/36 1233/2245/934 1231/2244/933
f 1224/2266/945 1252/2267/946 1242/2268/947
f 1223/2243/932 1225/2242/931 1229/2265/40 1227/2264/40
f 1223/2269/948 1227/2270/949 1226/2271/950 1222/2272/951
f 1229/2273/952 1225/2274/953 1224/2266/945 1228/2275/954
f 1227/2270/949 1231/2276/955 1230/2277/956 1226/2271/950
f 1233/2278/957 1229/2273/952 1228/2275/954 1232/2279/958
f 1231/2276/955 1234/2280/959 1230/2277/956
f 1235/2281/960 1233/2278/957 1232/2279/958
f 1234/2280/959 1237/2282/961 1236/2283/962 1230/2277/956
f 1239/2284/963 1235/2281/960 1232/2279/958 1238/2285/964
f 1237/2282/961 1241/2286/965 1240/2287/966 1236/2283/962
f 1243/2288/967 1239/2284/963 1238/2285/964 1242/2268/947
f 1241/2286/965 1244/2289/968 1240/2287/966
f 1245/2290/969 1243/2288/967 1242/2268/947
f 1244/2289/968 1247/2291/970 1246/2292/971 1240/2287/966
f 1249/2293/972 1245/2290/969 1242/2268/947 1248/2294/973
f 1247/2291/970 1251/2295/974 1250/2296/975 1246/2292/971
f 1253/2297/976 1249/2293/972 1248/2294/973 1252/2267/946
f 1251/2295/974 1254/2298/977 1250/2296/975
f 1255/2299/978 1253/2297/976 1252/2267/946
f 1254/2298/977 1257/2300/979 1256/2301/980 1250/2296/975
f 1255/2299/978 1252/2267/946 1258/2302/981
f 1257/2300/979 1259/2303/982 1222/2272/951 1256/2301/980
f 1224/2266/945 1260/2304/983 1258/2302/981
f 1259/2303/982 1223/2269/948 1222/2272/951
f 1225/2274/953 1260/2304/983 1224/2266/945
f 1246/2292/971 1261/2305/984 1240/2287/966
f 1232/2279/958 1228/2275/954 1224/2266/945
f 1252/2267/946 1248/2294/973 1242/2268/947
f 1242/2268/947 1238/2285/964 1232/2279/958
f 1232/2279/958 1224/2266/945 1242/2268/947
f 1261/2305/984 1230/2277/956 1236/2283/962
f 1256/2301/980 1261/2305/984 1250/2296/975
f 1226/2271/950 1230/2277/956 1261/2305/984
f 1256/2301/980 1222/2272/951 1261/2305/984
f 1222/2272/951 1226/2271/950 1261/2305/984
f 1250/2296/975 1261/2305/984 1246/2292/971
f 1261/2305/984 1236/2283/962 1240/2287/966
f 1252/2267/946 1224/2266/945 1258/2302/981
f 1267/2306/78 1266/2307/78 1265/2308/79 1264/2309/79
f 1262/2310/80 1263/2311/80 1266/2307/78 1267/2306/78
f 1269/2312/11 1270/2313/11 1263/2314/11 1262/2315/11
f 1271/2316/20 1266/2317/20 1263/2318/20 1270/2319/20
f 1264/2320/1 1265/2321/1 1273/2322/1 1272/2323/1
f 1270/2324/81 1269/2325/81 1268/2326/82 1271/2327/82
f 1267/2328/7 1268/2329/7 1269/2312/7 1262/2315/7
f 1273/2322/20 1265/2321/20 1266/2317/20 1271/2316/20
f 1264/2330/7 1272/2331/7 1268/2329/7 1267/2328/7
f 1274/2332/20 1280/2333/20 1281/2334/20 1283/2335/20
f 1275/2336/985 1274/2337/985 1283/2338/986 1282/2339/986
f 1279/2340/7 1275/2341/7 1282/2342/7 1278/2343/7
f 1276/2344/7 1284/2345/7 1275/2341/7 1279/2340/7
f 1279/2346/987 1280/2347/987 1277/2348/988 1276/2349/988
f 1285/2350/20 1277/2351/20 1280/2333/20 1274/2332/20
f 1278/2352/989 1281/2353/989 1280/2347/987 1279/2346/987
f 1282/2342/11 1283/2354/11 1281/2355/11 1278/2343/11
f 1276/2344/1 1277/2351/1 1285/2350/1 1284/2345/1
f 1284/2356/990 1285/2357/990 1274/2337/985 1275/2336/985
f 1297/2358/20 1292/2359/20 1288/2360/20 1295/2361/20
f 1286/2362/89 1287/2363/90 1290/2364/991
f 1294/2365/11 1295/2366/11 1288/2367/11 1286/2368/11
f 1291/2369/1 1292/2359/1 1297/2358/1 1296/2370/1
f 1287/2363/90 1289/2371/92 1293/2372/93 1290/2364/991
f 1286/2362/89 1290/2364/991 1291/2373/992
f 1288/2374/824 1287/2363/90 1286/2362/89
f 1292/2375/993 1293/2372/93 1289/2371/92 1288/2374/824
f 1288/2374/824 1289/2371/92 1287/2363/90
f 1296/2376/97 1298/2377/98 1294/2378/99
f 1295/2379/100 1298/2377/98 1297/2380/101
f 1295/2379/100 1294/2378/99 1298/2377/98
f 1291/2369/7 1296/2370/7 1294/2365/7 1286/2368/7
f 1297/2380/101 1298/2377/98 1296/2376/97
f 1291/2373/992 1290/2364/991 1293/2372/93 1292/2375/993
f 1307/2381/11 1310/2382/11 1301/2383/11 1300/2384/11
f 1310/2385/564 1307/2386/565 1308/2387/566
f 1304/2388/567 1299/2389/568 1302/2390/569
f 1314/2391/20 1305/2392/20 1302/2393/570 1309/2394/570
f 1306/2395/312 1303/2396/312 1304/2388/567
f 1303/2397/1 1306/2398/1 1313/2399/1 1312/2400/1
f 1311/2401/571 1304/2402/571 1303/2397/571 1312/2400/571
f 1305/2392/572 1314/2391/572 1313/2399/572 1306/2398/572
f 1299/2403/573 1308/2404/573 1307/2381/573 1300/2384/573
f 1309/2394/570 1302/2393/570 1301/2405/574 1310/2406/574
f 1304/2402/7 1311/2401/7 1308/2404/7 1299/2403/7
f 1299/2389/568 1300/2407/575 1302/2390/569
f 1300/2407/575 1301/2408/576 1302/2390/569
f 1302/2390/569 1305/2409/577 1304/2388/567
f 1305/2409/577 1306/2395/312 1304/2388/567
f 1308/2387/566 1311/2410/578 1314/2411/579
f 1311/2410/578 1312/2412/580 1314/2411/579
f 1312/2412/580 1313/2413/581 1314/2411/579
f 1314/2411/579 1309/2414/582 1308/2387/566
f 1309/2414/582 1310/2385/564 1308/2387/566
f 1323/2415/994 1324/2416/995 1318/2417/996 1317/2418/996
f 1317/2419/130 1318/2420/130 1322/2421/130 1321/2422/130
f 1325/2423/997 1326/2424/998 1320/2425/999 1319/2426/999
f 1319/2427/133 1320/2428/133 1316/2429/133 1315/2430/133
f 1323/2431/134 1325/2432/134 1319/2433/135 1315/2434/135
f 1326/2435/136 1324/2436/136 1316/2429/137 1320/2428/137
f 1322/2421/138 1318/2420/138 1324/2436/136 1326/2435/136
f 1317/2419/139 1321/2422/139 1325/2432/134 1323/2431/134
f 1321/2437/1000 1322/2438/1000 1326/2424/998 1325/2423/997
f 1316/2439/1001 1323/2415/994 1315/2440/1002
f 1316/2439/1001 1324/2416/995 1323/2415/994
f 1330/2441/143 1337/2442/143 1333/2443/143 1327/2444/143
f 1335/2445/144 1329/2446/145 1328/2447/146 1336/2448/147
f 1338/2449/148 1331/2450/149 1332/2451/150 1339/2452/151
f 1333/2453/152 1334/2454/153 1336/2448/147
f 1337/2455/154 1338/2449/148 1340/2456/155
f 1327/2457/156 1333/2453/152 1336/2448/147 1328/2447/146
f 1330/2458/157 1332/2451/150 1331/2450/149
f 1329/2459/158 1335/2460/158 1339/2461/158 1332/2462/158
f 1332/2462/7 1330/2463/7 1327/2464/7 1329/2459/7
f 1333/2443/159 1337/2442/159 1340/2465/160 1334/2466/160
f 1329/2446/145 1327/2457/156 1328/2447/146
f 1335/2445/144 1336/2448/147 1334/2454/153
f 1340/2456/155 1338/2449/148 1339/2452/151
f 1334/2466/160 1340/2465/160 1339/2461/161 1335/2460/161
f 1330/2458/157 1331/2450/149 1338/2449/148 1337/2455/154
f 1362/2467/162 1358/2468/163 1357/2469/164 1361/2470/165
f 1352/2471/166 1354/2472/845 1358/2473/168 1356/2474/168
f 1365/2475/169 1369/2476/170 1366/2477/171
f 1360/2478/172 1362/2479/172 1366/2480/173 1364/2481/174
f 1364/2482/175 1368/2483/176 1367/2484/177 1363/2485/178
f 1368/2486/179 1369/2487/180 1371/2488/181 1370/2489/181
f 1344/2490/182 1346/2491/182 1350/2492/183 1348/2493/183
f 1342/2494/184 1365/2475/169 1357/2469/164
f 1346/2495/185 1371/2496/186 1342/2494/184 1345/2497/187
f 1346/2491/188 1344/2490/188 1370/2498/188 1371/2499/188
f 1344/2500/189 1348/2501/190 1347/2502/191 1343/2503/192
f 1350/2504/193 1346/2495/185 1345/2497/187 1349/2505/194
f 1354/2506/195 1350/2504/193 1349/2505/194 1353/2507/196
f 1350/2492/183 1354/2472/845 1352/2471/166 1348/2493/183
f 1352/2508/197 1356/2509/847 1355/2510/199 1351/2511/200
f 1358/2468/163 1354/2506/195 1353/2507/196 1357/2469/164
f 1358/2473/201 1362/2479/201 1360/2478/201 1356/2474/201
f 1356/2509/847 1360/2512/202 1359/2513/203 1355/2510/199
f 1360/2512/202 1364/2482/175 1363/2485/178 1359/2513/203
f 1366/2477/171 1362/2467/162 1361/2470/165 1365/2475/169
f 1348/2501/190 1352/2508/197 1351/2511/200 1347/2502/191
f 1366/2480/173 1369/2487/180 1368/2486/179 1364/2481/174
f 1368/2483/176 1370/2514/204 1341/2515/205 1367/2484/177
f 1342/2494/184 1371/2496/186 1369/2476/170
f 1359/2513/203 1372/2516/206 1355/2510/199
f 1349/2505/194 1345/2497/187 1342/2494/184
f 1365/2475/169 1361/2470/165 1357/2469/164
f 1357/2469/164 1353/2507/196 1349/2505/194
f 1349/2505/194 1342/2494/184 1357/2469/164
f 1372/2516/206 1347/2502/191 1351/2511/200
f 1367/2484/177 1372/2516/206 1363/2485/178
f 1343/2503/192 1347/2502/191 1372/2516/206
f 1367/2484/177 1341/2515/205 1372/2516/206
f 1341/2515/205 1343/2503/192 1372/2516/206
f 1363/2485/178 1372/2516/206 1359/2513/203
f 1372/2516/206 1351/2511/200 1355/2510/199
f 1365/2475/169 1342/2494/184 1369/2476/170
f 1272/2517/207 1273/2518/207 1271/2327/82 1268/2326/82
f 1370/2514/204 1344/2500/189 1343/2503/192 1341/2515/205
f 1396/2519/208 1392/2520/1003 1532/2521/210
f 1397/2522/211 1531/2523/212 1529/2524/213
f 1373/2525/214 1529/2526/215 1528/2527/216 1375/2528/217
f 1390/2529/218 1397/2522/211 1382/2530/219
f 1527/2531/220 1532/2521/210 1376/2532/221
f 1390/2529/218 1394/2533/222 1397/2522/211
f 1398/2534/223 1396/2519/208 1532/2521/210
f 1527/2531/220 1398/2534/223 1532/2521/210
f 1532/2521/210 1392/2520/1003 1388/2535/224
f 1374/2536/225 1378/2537/226 1382/2530/219
f 1373/2538/227 1377/2539/228 1378/2537/226 1374/2536/225
f 1391/2540/229 1387/2541/230 1388/2535/224 1392/2520/1003
f 1528/2542/231 1530/2543/232 1398/2534/223 1527/2531/220
f 1376/2532/221 1532/2521/210 1380/2544/233
f 1380/2544/233 1532/2521/210 1384/2545/234
f 1382/2530/219 1386/2546/235 1390/2529/218
f 1385/2547/639 1389/2548/237 1390/2529/218 1386/2546/235
f 1399/2549/238 1401/2550/239 1400/2551/240
f 1407/2552/98 1409/2553/98 1412/2554/98 1410/2555/98
f 1412/2556/241 1406/2557/242 1403/2558/243 1411/2559/244
f 1409/2560/1004 1402/2561/1004 1406/2562/1004 1412/2563/1004
f 1422/2564/640 1418/2565/640 1414/2566/641 1416/2567/641
f 1416/2567/641 1414/2566/641 1420/2568/642 1424/2569/642
f 1430/2570/1005 1429/2571/1006 1431/2572/1007
f 1428/2573/1008 1427/2574/1009 1425/2575/1010
f 1431/2572/1007 1428/2573/1008 1425/2575/1010
f 1374/2536/225 1529/2524/213 1373/2538/227
f 1528/2527/216 1529/2526/215 1531/2576/256 1530/2577/256
f 1389/2578/257 1385/2579/258 1387/2580/259 1391/2581/860
f 1383/2582/260 1379/2583/1011 1380/2544/233 1384/2545/234
f 1395/2584/1012 1391/2540/229 1392/2520/1003 1396/2519/208
f 1375/2585/263 1528/2542/231 1527/2531/220 1376/2532/221
f 1387/2580/259 1385/2579/258 1381/2586/264 1383/2587/264
f 1377/2539/228 1381/2588/265 1382/2530/219 1378/2537/226
f 1404/2589/266 1403/2558/243 1405/2590/1013
f 1405/2591/268 1399/2592/268 1400/2593/269 1404/2594/269
f 1406/2562/270 1402/2561/270 1399/2592/268 1405/2591/268
f 1410/2555/271 1404/2594/271 1400/2593/271 1407/2552/271
f 1402/2595/272 1401/2550/239 1399/2549/238
f 1406/2557/242 1405/2590/1013 1403/2558/243
f 1418/2596/650 1417/2597/650 1413/2598/651 1414/2599/651
f 1404/2589/266 1410/2600/276 1411/2559/244 1403/2558/243
f 1423/2601/652 1416/2602/653 1424/2603/654
f 1417/2604/655 1421/2605/655 1415/2606/656 1413/2607/656
f 1420/2608/283 1419/2609/283 1423/2610/283 1424/2611/283
f 1414/2599/651 1413/2598/651 1419/2612/657 1420/2613/657
f 1425/2575/1010 1430/2570/1005 1431/2572/1007
f 1422/2564/285 1421/2605/285 1417/2604/285 1418/2565/285
f 1427/2574/1009 1426/2614/1014 1425/2575/1010
f 1387/2541/230 1383/2582/260 1384/2545/234 1388/2535/224
f 1397/2522/211 1374/2536/225 1382/2530/219
f 1379/2583/1011 1375/2585/263 1376/2532/221 1380/2544/233
f 1389/2548/237 1393/2615/1015 1394/2533/222 1390/2529/218
f 1401/2550/239 1408/2616/288 1407/2617/289 1400/2551/240
f 1393/2618/290 1395/2619/290 1530/2620/290 1531/2621/290
f 1423/2601/652 1415/2622/660 1416/2602/653
f 1410/2600/276 1412/2556/241 1411/2559/244
f 1395/2619/292 1393/2618/292 1389/2578/257 1391/2581/860
f 1409/2623/293 1408/2616/288 1401/2550/239 1402/2595/272
f 1416/2602/653 1415/2622/660 1421/2624/661 1422/2625/661
f 1379/2626/295 1377/2627/295 1373/2525/214 1375/2528/217
f 1381/2588/265 1385/2547/639 1386/2546/235 1382/2530/219
f 1381/2586/296 1377/2627/296 1379/2626/296 1383/2587/296
f 1413/2607/656 1415/2606/656 1423/2610/662 1419/2609/662
f 1409/2623/293 1407/2617/289 1408/2616/288
f 1393/2615/1015 1531/2523/212 1397/2522/211 1394/2533/222
f 1430/2628/1016 1437/2629/1016 1438/2630/1017 1429/2631/1017
f 1437/2632/1018 1434/2633/1019 1435/2634/1020
f 1439/2635/1021 1438/2636/1022 1437/2632/1018
f 1440/2637/1023 1439/2635/1021 1437/2632/1018
f 1435/2638/1024 1428/2639/1024 1431/2640/1024 1440/2641/1024
f 1428/2639/1025 1435/2638/1025 1436/2642/1025 1427/2643/1025
f 1434/2633/1019 1433/2644/1026 1435/2634/1020
f 1434/2645/1027 1425/2646/1027 1426/2647/1027 1433/2648/1027
f 1440/2641/1028 1431/2640/1028 1432/2649/1028 1439/2650/1028
f 1448/2651/317 1445/2652/317 1446/2653/318 1447/2654/318
f 1425/2646/1029 1434/2645/1029 1437/2629/1016 1430/2628/1016
f 1432/2649/1030 1429/2655/1030 1438/2656/1030 1439/2650/1030
f 1447/2654/318 1446/2653/318 1449/2657/319 1450/2658/319
f 1450/2659/11 1449/2660/11 1441/2661/11 1442/2662/11
f 1433/2644/1026 1436/2663/1026 1435/2634/1020
f 1429/2571/1006 1432/2664/1031 1431/2572/1007
f 1444/2665/1 1443/2666/1 1445/2667/1 1448/2668/1
f 1442/2669/321 1441/2670/321 1452/2671/322 1451/2672/322
f 1450/2659/98 1442/2662/98 1451/2673/98 1447/2674/98
f 1451/2672/322 1452/2671/322 1443/2675/323 1444/2676/323
f 1447/2674/98 1451/2673/98 1444/2665/98 1448/2668/98
f 1435/2634/1020 1440/2637/1023 1437/2632/1018
f 1452/2677/312 1446/2678/312 1445/2679/312 1443/2680/312
f 1441/2661/312 1449/2660/312 1446/2678/312 1452/2677/312
f 1461/2681/11 1464/2682/11 1455/2683/11 1454/2684/11
f 1464/2685/324 1461/2686/325 1462/2687/326
f 1458/2688/327 1453/2689/328 1456/2690/329
f 1468/2691/98 1459/2692/98 1456/2693/330 1463/2694/330
f 1460/2695/20 1457/2696/20 1458/2688/327
f 1457/2697/1 1460/2698/1 1467/2699/1 1466/2700/1
f 1465/2701/331 1458/2702/331 1457/2697/331 1466/2700/331
f 1459/2692/309 1468/2691/309 1467/2699/309 1460/2698/309
f 1453/2703/1032 1462/2704/1032 1461/2681/1032 1454/2684/1032
f 1463/2694/330 1456/2693/330 1455/2705/332 1464/2706/332
f 1458/2702/312 1465/2701/312 1462/2704/312 1453/2703/312
f 1453/2689/328 1454/2707/333 1456/2690/329
f 1454/2707/333 1455/2708/334 1456/2690/329
f 1456/2690/329 1459/2709/335 1458/2688/327
f 1459/2709/335 1460/2695/20 1458/2688/327
f 1462/2687/326 1465/2710/336 1468/2711/337
f 1465/2710/336 1466/2712/338 1468/2711/337
f 1466/2712/338 1467/2713/339 1468/2711/337
f 1468/2711/337 1463/2714/340 1462/2687/326
f 1463/2714/340 1464/2685/324 1462/2687/326
f 1477/2715/682 1478/2716/683 1472/2717/684 1471/2718/684
f 1471/2719/344 1472/2720/344 1476/2721/344 1475/2722/344
f 1479/2723/685 1480/2724/685 1474/2725/686 1473/2726/686
f 1473/2727/348 1474/2728/348 1470/2729/348 1469/2730/348
f 1477/2731/687 1479/2732/688 1473/2733/689 1469/2734/689
f 1480/2735/690 1478/2736/690 1470/2729/691 1474/2728/691
f 1476/2721/692 1472/2720/692 1478/2736/690 1480/2735/690
f 1471/2719/693 1475/2722/693 1479/2732/688 1477/2731/687
f 1475/2737/694 1476/2738/694 1480/2724/685 1479/2723/685
f 1470/2739/695 1477/2715/682 1469/2740/696
f 1470/2739/695 1478/2716/683 1477/2715/682
f 1484/2741/360 1491/2742/360 1487/2743/360 1481/2744/360
f 1489/2745/361 1483/2746/362 1482/2747/363 1490/2748/364
f 1492/2749/365 1485/2750/366 1486/2751/367 1493/2752/368
f 1487/2753/369 1488/2754/1033 1490/2748/364
f 1491/2755/371 1492/2749/365 1494/2756/372
f 1481/2757/373 1487/2753/369 1490/2748/364 1482/2747/363
f 1484/2758/374 1486/2751/367 1485/2750/366
f 1483/2759/375 1489/2760/375 1493/2761/375 1486/2762/375
f 1486/2762/312 1484/2763/312 1481/2764/312 1483/2759/312
f 1487/2743/376 1491/2742/376 1494/2765/377 1488/2766/377
f 1483/2746/362 1481/2757/373 1482/2747/363
f 1489/2745/361 1490/2748/364 1488/2754/1033
f 1494/2756/372 1492/2749/365 1493/2752/368
f 1488/2766/377 1494/2765/377 1493/2761/378 1489/2760/378
f 1484/2758/374 1485/2750/366 1492/2749/365 1491/2755/371
f 1516/2767/697 1512/2768/698 1511/2769/699 1515/2770/700
f 1506/2771/701 1508/2772/702 1512/2773/385 1510/2774/385
f 1519/2775/703 1523/2776/704 1520/2777/705
f 1514/2778/706 1516/2779/706 1520/2780/707 1518/2781/708
f 1518/2782/709 1522/2783/1034 1521/2784/711 1517/2785/712
f 1522/2786/713 1523/2787/714 1525/2788/715 1524/2789/715
f 1498/2790/399 1500/2791/399 1504/2792/400 1502/2793/716
f 1496/2794/893 1519/2775/703 1511/2769/699
f 1500/2795/1035 1525/2796/719 1496/2794/893 1499/2797/720
f 1500/2791/406 1498/2790/406 1524/2798/406 1525/2799/406
f 1498/2800/721 1502/2801/722 1501/2802/894 1497/2803/1036
f 1504/2804/725 1500/2795/1035 1499/2797/720 1503/2805/726
f 1508/2806/727 1504/2804/725 1503/2805/726 1507/2807/728
f 1504/2792/400 1508/2772/702 1506/2771/701 1502/2793/716
f 1506/2808/729 1510/2809/730 1509/2810/731 1505/2811/732
f 1512/2768/698 1508/2806/727 1507/2807/728 1511/2769/699
f 1512/2773/419 1516/2779/419 1514/2778/419 1510/2774/419
f 1510/2809/730 1514/2812/733 1513/2813/734 1509/2810/731
f 1514/2812/733 1518/2782/709 1517/2785/712 1513/2813/734
f 1520/2777/705 1516/2767/697 1515/2770/700 1519/2775/703
f 1502/2801/722 1506/2808/729 1505/2811/732 1501/2802/894
f 1520/2780/707 1523/2787/714 1522/2786/713 1518/2781/708
f 1522/2783/1034 1524/2814/735 1495/2815/736 1521/2784/711
f 1496/2794/893 1525/2796/719 1523/2776/704
f 1513/2813/734 1526/2816/737 1509/2810/731
f 1503/2805/726 1499/2797/720 1496/2794/893
f 1519/2775/703 1515/2770/700 1511/2769/699
f 1511/2769/699 1507/2807/728 1503/2805/726
f 1503/2805/726 1496/2794/893 1511/2769/699
f 1526/2816/737 1501/2802/894 1505/2811/732
f 1521/2784/711 1526/2816/737 1517/2785/712
f 1497/2803/1036 1501/2802/894 1526/2816/737
f 1521/2784/711 1495/2815/736 1526/2816/737
f 1495/2815/736 1497/2803/1036 1526/2816/737
f 1517/2785/712 1526/2816/737 1513/2813/734
f 1526/2816/737 1505/2811/732 1509/2810/731
f 1519/2775/703 1496/2794/893 1523/2776/704
f 1436/2642/1037 1433/2648/1037 1426/2647/1037 1427/2643/1037
f 1524/2814/735 1498/2800/721 1497/2803/1036 1495/2815/736
f 1532/2521/210 1388/2535/224 1384/2545/234
f 1374/2536/225 1397/2522/211 1529/2524/213
f 1530/2543/232 1395/2584/1012 1396/2519/208 1398/2534/223
f 1542/2817/1038 1543/2818/1038 1535/2819/1038 1533/2820/1038
f 1541/2821/1039 1542/2822/1040 1545/2823/1041
f 1546/2824/1042 1544/2825/1043 1541/2821/1039
f 1547/2826/1044 1539/2827/1044 1535/2828/1044 1543/2829/1044
f 1536/2830/1045 1537/2831/1046 1534/2832/1047
f 1538/2833/1048 1539/2827/1048 1547/2826/1048 1545/2834/1048
f 1538/2835/1049 1533/2836/1050 1534/2832/1047 1537/2831/1046
f 1533/2836/1050 1535/2837/1051 1536/2830/1045 1534/2832/1047
f 1535/2837/1051 1539/2838/1052 1540/2839/1053 1536/2830/1045
f 1539/2838/1052 1538/2835/1049 1537/2831/1046 1540/2839/1053
f 1545/2823/1041 1547/2840/1054 1546/2824/1042
f 1547/2840/1054 1543/2841/1055 1544/2825/1043 1546/2824/1042
f 1543/2841/1055 1542/2822/1040 1541/2821/1039 1544/2825/1043
f 1538/2833/1056 1545/2834/1056 1542/2817/1056 1533/2820/1056
f 1545/2823/1041 1546/2824/1042 1541/2821/1039
f 1536/2830/1045 1540/2839/1053 1537/2831/1046
f 1557/2842/312 1558/2843/312 1550/2844/312 1548/2845/312
f 1556/2846/425 1557/2847/426 1560/2848/739
f 1561/2849/428 1559/2850/429 1556/2846/425
f 1562/2851/7 1554/2852/7 1550/2853/7 1558/2854/7
f 1551/2855/430 1552/2856/431 1549/2857/432
f 1553/2858/98 1554/2852/98 1562/2851/98 1560/2859/98
f 1553/2860/433 1548/2861/434 1549/2857/432 1552/2856/431
f 1548/2861/434 1550/2862/435 1551/2855/430 1549/2857/432
f 1550/2862/435 1554/2863/436 1555/2864/437 1551/2855/430
f 1554/2863/436 1553/2860/433 1552/2856/431 1555/2864/437
f 1560/2848/739 1562/2865/438 1561/2849/428
f 1562/2865/438 1558/2866/439 1559/2850/429 1561/2849/428
f 1558/2866/439 1557/2847/426 1556/2846/425 1559/2850/429
f 1553/2858/20 1560/2859/20 1557/2842/20 1548/2845/20
f 1560/2848/739 1561/2849/428 1556/2846/425
f 1551/2855/430 1555/2864/437 1552/2856/431
f 1579/2867/440 1580/2868/441 1564/2869/442 1563/2870/443
f 1567/2871/914 1958/2872/1057 1569/2873/1058 1568/2874/915
f 1568/2874/915 1569/2873/1058 1571/2875/1059 1570/2876/916
f 1570/2876/916 1571/2875/1059 1572/2877/1060 1184/2878/762
f 1184/2878/762 1572/2877/1060 1573/2879/917 1185/2880/917
f 1185/2880/917 1573/2879/917 1574/2881/1061 1186/2882/764
f 1186/2883/764 1574/2884/1061 1965/2885/1062 1575/2886/918
f 1575/2886/918 1965/2885/1062 1967/2887/1063 1576/2888/919
f 1576/2888/919 1967/2887/1063 1578/2889/920 1577/2890/921
f 1577/2890/921 1578/2889/920 1580/2868/441 1579/2867/440
f 1565/2891/462 1566/2892/463 1958/2872/1057 1567/2871/914
f 1563/2870/443 1564/2869/442 1566/2892/463 1565/2891/462
f 1597/2893/440 1598/2894/441 1582/2895/442 1581/2896/922
f 1198/2897/923 1977/2898/1064 1586/2899/1065 1585/2900/924
f 1585/2900/924 1586/2899/1065 1587/2901/1066 1200/2902/925
f 1200/2902/925 1587/2901/1066 1981/2903/1067 1588/2904/926
f 1588/2904/926 1981/2903/1067 1590/2905/1068 1589/2906/927
f 1589/2906/927 1590/2905/1068 1591/2907/764 1201/2908/454
f 1201/2909/454 1591/2910/764 1985/2911/1069 1592/2912/928
f 1592/2912/928 1985/2911/1069 1594/2913/1070 1593/2914/459
f 1593/2914/459 1594/2913/1070 1596/2915/460 1595/2916/461
f 1595/2916/461 1596/2915/460 1598/2894/441 1597/2893/440
f 1583/2917/929 1584/2918/930 1977/2898/1064 1198/2897/923
f 1581/2896/922 1582/2895/442 1584/2918/930 1583/2917/929
f 1608/2919/1 1609/2920/1 1601/2921/1 1599/2922/1
f 1607/2923/476 1608/2924/477 1611/2925/478
f 1612/2926/479 1610/2927/480 1607/2923/476
f 1613/2928/7 1605/2929/7 1601/2930/7 1609/2931/7
f 1602/2932/481 1603/2933/482 1600/2934/483
f 1604/2935/11 1605/2929/11 1613/2928/11 1611/2936/11
f 1604/2937/484 1599/2938/485 1600/2934/483 1603/2933/482
f 1599/2938/485 1601/2939/486 1602/2932/481 1600/2934/483
f 1601/2939/486 1605/2940/487 1606/2941/488 1602/2932/481
f 1605/2940/489 1604/2937/484 1603/2933/482 1606/2941/488
f 1611/2925/478 1613/2942/490 1612/2926/479
f 1613/2942/490 1609/2943/491 1610/2927/480 1612/2926/479
f 1609/2943/491 1608/2924/477 1607/2923/476 1610/2927/480
f 1604/2935/20 1611/2936/20 1608/2919/20 1599/2922/20
f 1611/2925/478 1612/2926/479 1607/2923/476
f 1602/2932/481 1606/2941/488 1603/2933/482
f 1651/2944/1071 1652/2945/1071 1617/2946/1072 1615/2947/1072
f 1623/2948/1073 1625/2949/1073 1627/2950/1074 1626/2951/1075
f 1626/2951/1075 1627/2950/1074 1631/2952/1076 1629/2953/1077
f 1629/2953/1077 1631/2952/1076 1635/2954/1078 1633/2955/1078
f 1633/2955/1079 1635/2954/1079 1637/2956/1080 1636/2957/1080
f 1636/2957/1080 1637/2956/1080 1641/2958/1081 1639/2959/1081
f 1639/2960/1082 1641/2961/1082 1645/2962/1083 1643/2963/1083
f 1643/2963/1083 1645/2962/1083 1647/2964/7 1646/2965/33
f 1646/2965/33 1647/2964/7 1650/2966/1084 1649/2967/1084
f 1649/2967/1084 1650/2966/1084 1652/2945/1085 1651/2944/1085
f 1619/2968/1086 1621/2969/1086 1625/2949/1073 1623/2948/1073
f 1616/2970/1087 1644/2971/1088 1634/2972/1089
f 1615/2947/1072 1617/2946/1072 1621/2969/1090 1619/2968/1090
f 1615/2973/1091 1619/2974/1092 1618/2975/1093 1614/2976/1094
f 1621/2977/1095 1617/2978/1096 1616/2970/1087 1620/2979/1097
f 1619/2974/1092 1623/2980/1098 1622/2981/1099 1618/2975/1093
f 1625/2982/1100 1621/2977/1095 1620/2979/1097 1624/2983/1101
f 1623/2980/1098 1626/2984/1102 1622/2981/1099
f 1627/2985/1103 1625/2982/1100 1624/2983/1101
f 1626/2984/1102 1629/2986/1104 1628/2987/1105 1622/2981/1099
f 1631/2988/1106 1627/2985/1103 1624/2983/1101 1630/2989/1107
f 1629/2986/1104 1633/2990/1108 1632/2991/1109 1628/2987/1105
f 1635/2992/1110 1631/2988/1106 1630/2989/1107 1634/2972/1089
f 1633/2990/1108 1636/2993/1111 1632/2991/1109
f 1637/2994/1112 1635/2992/1110 1634/2972/1089
f 1636/2993/1111 1639/2995/1113 1638/2996/1114 1632/2991/1109
f 1641/2997/1115 1637/2994/1112 1634/2972/1089 1640/2998/1116
f 1639/2995/1113 1643/2999/1117 1642/3000/1118 1638/2996/1114
f 1645/3001/1119 1641/2997/1115 1640/2998/1116 1644/2971/1088
f 1643/2999/1117 1646/3002/1120 1642/3000/1118
f 1647/3003/1121 1645/3001/1119 1644/2971/1088
f 1646/3002/1120 1649/3004/1122 1648/3005/1123 1642/3000/1118
f 1647/3003/1121 1644/2971/1088 1650/3006/1124
f 1649/3004/1122 1651/3007/1125 1614/2976/1094 1648/3005/1123
f 1616/2970/1087 1652/3008/1126 1650/3006/1124
f 1651/3007/1125 1615/2973/1091 1614/2976/1094
f 1617/2978/1096 1652/3008/1126 1616/2970/1087
f 1638/2996/1114 1653/3009/1127 1632/2991/1109
f 1624/2983/1101 1620/2979/1097 1616/2970/1087
f 1644/2971/1088 1640/2998/1116 1634/2972/1089
f 1634/2972/1089 1630/2989/1107 1624/2983/1101
f 1624/2983/1101 1616/2970/1087 1634/2972/1089
f 1653/3009/1127 1622/2981/1099 1628/2987/1105
f 1648/3005/1123 1653/3009/1127 1642/3000/1118
f 1618/2975/1093 1622/2981/1099 1653/3009/1127
f 1648/3005/1123 1614/2976/1094 1653/3009/1127
f 1614/2976/1094 1618/2975/1093 1653/3009/1127
f 1642/3000/1118 1653/3009/1127 1638/2996/1114
f 1653/3009/1127 1628/2987/1105 1632/2991/1109
f 1644/2971/1088 1616/2970/1087 1650/3006/1124
f 1659/3010/1128 1658/3011/1128 1657/3012/1129 1656/3013/1129
f 1654/3014/1130 1655/3015/1130 1658/3011/1128 1659/3010/1128
f 1661/3016/11 1662/3017/11 1655/3018/11 1654/3019/11
f 1663/3020/1131 1658/3021/1131 1655/3022/1131 1662/3023/1131
f 1656/3024/1 1657/3025/1 1665/3026/1 1664/3027/1
f 1662/3028/1132 1661/3029/1132 1660/3030/1133 1663/3031/1134
f 1659/3032/1135 1660/3033/1135 1661/3016/1135 1654/3019/1135
f 1665/3026/1131 1657/3025/1131 1658/3021/1131 1663/3020/1131
f 1656/3034/1135 1664/3035/1135 1660/3033/1135 1659/3032/1135
f 1666/3036/1136 1672/3037/1136 1673/3038/1136 1675/3039/1136
f 1667/3040/1137 1666/3041/1137 1675/3042/1138 1674/3043/1138
f 1671/3044/1139 1667/3045/1139 1674/3046/1139 1670/3047/1139
f 1668/3048/1139 1676/3049/1139 1667/3045/1139 1671/3044/1139
f 1671/3050/1140 1672/3051/1141 1669/3052/1142 1668/3053/1142
f 1677/3054/1136 1669/3055/1136 1672/3037/1136 1666/3036/1136
f 1670/3056/1143 1673/3057/1143 1672/3051/1141 1671/3050/1140
f 1674/3046/1144 1675/3058/1144 1673/3059/1144 1670/3047/1144
f 1668/3048/1145 1669/3055/1145 1677/3054/1145 1676/3049/1145
f 1676/3060/1146 1677/3061/1146 1666/3041/1137 1667/3040/1137
f 1686/3062/11 1689/3063/11 1680/3064/11 1679/3065/11
f 1689/3066/564 1686/3067/565 1687/3068/566
f 1683/3069/567 1678/3070/568 1681/3071/569
f 1693/3072/20 1684/3073/20 1681/3074/570 1688/3075/570
f 1685/3076/312 1682/3077/312 1683/3069/567
f 1682/3078/1 1685/3079/1 1692/3080/1 1691/3081/1
f 1690/3082/571 1683/3083/571 1682/3078/571 1691/3081/571
f 1684/3073/572 1693/3072/572 1692/3080/572 1685/3079/572
f 1678/3084/573 1687/3085/573 1686/3062/573 1679/3065/573
f 1688/3075/570 1681/3074/570 1680/3086/574 1689/3087/574
f 1683/3083/7 1690/3082/7 1687/3085/7 1678/3084/7
f 1678/3070/568 1679/3088/575 1681/3071/569
f 1679/3088/575 1680/3089/576 1681/3071/569
f 1681/3071/569 1684/3090/577 1683/3069/567
f 1684/3090/577 1685/3076/312 1683/3069/567
f 1687/3068/566 1690/3091/578 1693/3092/579
f 1690/3091/578 1691/3093/580 1693/3092/579
f 1691/3093/580 1692/3094/581 1693/3092/579
f 1693/3092/579 1688/3095/582 1687/3068/566
f 1688/3095/582 1689/3066/564 1687/3068/566
f 1702/3096/127 1703/3097/1147 1697/3098/129 1696/3099/129
f 1696/3100/130 1697/3101/130 1701/3102/130 1700/3103/130
f 1704/3104/131 1705/3105/131 1699/3106/132 1698/3107/132
f 1698/3108/133 1699/3109/133 1695/3110/133 1694/3111/133
f 1702/3112/134 1704/3113/134 1698/3114/135 1694/3115/135
f 1705/3116/136 1703/3117/136 1695/3110/137 1699/3109/137
f 1701/3102/138 1697/3101/138 1703/3117/136 1705/3116/136
f 1696/3100/139 1700/3103/139 1704/3113/134 1702/3112/134
f 1700/3118/140 1701/3119/140 1705/3105/131 1704/3104/131
f 1695/3120/141 1702/3096/127 1694/3121/142
f 1695/3120/141 1703/3097/1147 1702/3096/127
f 1709/3122/143 1716/3123/143 1712/3124/143 1706/3125/143
f 1714/3126/144 1708/3127/145 1707/3128/146 1715/3129/147
f 1717/3130/148 1710/3131/149 1711/3132/150 1718/3133/151
f 1712/3134/152 1713/3135/153 1715/3129/147
f 1716/3136/154 1717/3130/148 1719/3137/155
f 1706/3138/156 1712/3134/152 1715/3129/147 1707/3128/146
f 1709/3139/157 1711/3132/150 1710/3131/149
f 1708/3140/158 1714/3141/158 1718/3142/158 1711/3143/158
f 1711/3143/7 1709/3144/7 1706/3145/7 1708/3140/7
f 1712/3124/159 1716/3123/159 1719/3146/160 1713/3147/160
f 1708/3127/145 1706/3138/156 1707/3128/146
f 1714/3126/144 1715/3129/147 1713/3135/153
f 1719/3137/155 1717/3130/148 1718/3133/151
f 1713/3147/160 1719/3146/160 1718/3142/1148 1714/3141/1148
f 1709/3139/157 1710/3131/149 1717/3130/148 1716/3136/154
f 1741/3148/602 1737/3149/603 1736/3150/604 1740/3151/605
f 1731/3152/606 1733/3153/845 1737/3154/168 1735/3155/168
f 1744/3156/607 1748/3157/608 1745/3158/609
f 1739/3159/1149 1741/3160/1149 1745/3161/173 1743/3162/610
f 1743/3163/611 1747/3164/612 1746/3165/613 1742/3166/1150
f 1747/3167/615 1748/3168/180 1750/3169/181 1749/3170/181
f 1723/3171/182 1725/3172/182 1729/3173/183 1727/3174/616
f 1721/3175/617 1744/3156/607 1736/3150/604
f 1725/3176/618 1750/3177/619 1721/3175/617 1724/3178/620
f 1725/3172/188 1723/3171/188 1749/3179/188 1750/3180/188
f 1723/3181/621 1727/3182/622 1726/3183/623 1722/3184/624
f 1729/3185/625 1725/3176/618 1724/3178/620 1728/3186/626
f 1733/3187/627 1729/3185/625 1728/3186/626 1732/3188/628
f 1729/3173/183 1733/3153/845 1731/3152/606 1727/3174/616
f 1731/3189/629 1735/3190/630 1734/3191/631 1730/3192/632
f 1737/3149/603 1733/3187/627 1732/3188/628 1736/3150/604
f 1737/3154/201 1741/3160/201 1739/3159/201 1735/3155/201
f 1735/3190/630 1739/3193/633 1738/3194/634 1734/3191/631
f 1739/3193/633 1743/3163/611 1742/3166/1150 1738/3194/634
f 1745/3158/609 1741/3148/602 1740/3151/605 1744/3156/607
f 1727/3182/622 1731/3189/629 1730/3192/632 1726/3183/623
f 1745/3161/173 1748/3168/180 1747/3167/615 1743/3162/610
f 1747/3164/612 1749/3195/635 1720/3196/636 1746/3165/613
f 1721/3175/617 1750/3177/619 1748/3157/608
f 1738/3194/634 1751/3197/637 1734/3191/631
f 1728/3186/626 1724/3178/620 1721/3175/617
f 1744/3156/607 1740/3151/605 1736/3150/604
f 1736/3150/604 1732/3188/628 1728/3186/626
f 1728/3186/626 1721/3175/617 1736/3150/604
f 1751/3197/637 1726/3183/623 1730/3192/632
f 1746/3165/613 1751/3197/637 1742/3166/1150
f 1722/3184/624 1726/3183/623 1751/3197/637
f 1746/3165/613 1720/3196/636 1751/3197/637
f 1720/3196/636 1722/3184/624 1751/3197/637
f 1742/3166/1150 1751/3197/637 1738/3194/634
f 1751/3197/637 1730/3192/632 1734/3191/631
f 1744/3156/607 1721/3175/617 1748/3157/608
f 1664/3198/1151 1665/3199/1151 1663/3031/1134 1660/3030/1133
f 1749/3195/635 1723/3181/621 1722/3184/624 1720/3196/636
f 1775/3200/1152 1771/3201/1153 1923/3202/1154
f 1776/3203/1155 1922/3204/1156 1920/3205/1157
f 1752/3206/1158 1920/3207/1159 1919/3208/1160 1754/3209/1161
f 1769/3210/1162 1776/3203/1155 1761/3211/1163
f 1918/3212/1164 1923/3202/1154 1755/3213/1165
f 1769/3210/1162 1773/3214/1166 1776/3203/1155
f 1777/3215/1167 1775/3200/1152 1923/3202/1154
f 1918/3212/1164 1777/3215/1167 1923/3202/1154
f 1923/3202/1154 1771/3201/1153 1767/3216/1168
f 1753/3217/1169 1757/3218/1170 1761/3211/1163
f 1752/3219/1171 1756/3220/1172 1757/3218/1170 1753/3217/1169
f 1770/3221/1173 1766/3222/1174 1767/3216/1168 1771/3201/1153
f 1919/3223/1175 1921/3224/1176 1777/3215/1167 1918/3212/1164
f 1755/3213/1165 1923/3202/1154 1759/3225/1177
f 1759/3225/1177 1923/3202/1154 1763/3226/1178
f 1761/3211/1163 1765/3227/1179 1769/3210/1162
f 1764/3228/1180 1768/3229/1181 1769/3210/1162 1765/3227/1179
f 1778/3230/238 1780/3231/239 1779/3232/240
f 1786/3233/98 1788/3234/98 1791/3235/98 1789/3236/98
f 1791/3237/241 1785/3238/242 1782/3239/243 1790/3240/244
f 1788/3241/245 1781/3242/245 1785/3243/245 1791/3244/245
f 1801/3245/1182 1797/3246/1182 1793/3247/1183 1795/3248/1183
f 1795/3248/1183 1793/3247/1183 1799/3249/1184 1803/3250/1184
f 1809/3251/1185 1808/3252/1186 1810/3253/1187
f 1807/3254/253 1806/3255/254 1804/3256/255
f 1810/3253/1187 1807/3254/253 1804/3256/255
f 1753/3217/1169 1920/3205/1157 1752/3219/1171
f 1919/3208/1160 1920/3207/1159 1922/3257/1188 1921/3258/1188
f 1768/3259/257 1764/3260/258 1766/3261/1189 1770/3262/1190
f 1762/3263/1191 1758/3264/1192 1759/3225/1177 1763/3226/1178
f 1774/3265/1193 1770/3221/1173 1771/3201/1153 1775/3200/1152
f 1754/3266/1194 1919/3223/1175 1918/3212/1164 1755/3213/1165
f 1766/3261/1189 1764/3260/258 1760/3267/1195 1762/3268/1195
f 1756/3220/1172 1760/3269/1196 1761/3211/1163 1757/3218/1170
f 1783/3270/266 1782/3239/243 1784/3271/1013
f 1784/3272/268 1778/3273/268 1779/3274/269 1783/3275/269
f 1785/3243/270 1781/3242/270 1778/3273/268 1784/3272/268
f 1789/3236/271 1783/3275/271 1779/3274/271 1786/3233/271
f 1781/3276/272 1780/3231/239 1778/3230/238
f 1785/3238/242 1784/3271/1013 1782/3239/243
f 1797/3277/1197 1796/3278/1197 1792/3279/1198 1793/3280/1198
f 1783/3270/266 1789/3281/276 1790/3240/244 1782/3239/243
f 1802/3282/1199 1795/3283/1200 1803/3284/1201
f 1796/3285/1202 1800/3286/1202 1794/3287/1203 1792/3288/1203
f 1799/3289/1204 1798/3290/1204 1802/3291/1204 1803/3292/1204
f 1793/3280/1198 1792/3279/1198 1798/3293/1205 1799/3294/1205
f 1804/3256/255 1809/3251/1185 1810/3253/1187
f 1801/3245/1206 1800/3286/1206 1796/3285/1206 1797/3246/1206
f 1806/3255/254 1805/3295/1207 1804/3256/255
f 1766/3222/1174 1762/3263/1191 1763/3226/1178 1767/3216/1168
f 1776/3203/1155 1753/3217/1169 1761/3211/1163
f 1758/3264/1192 1754/3266/1194 1755/3213/1165 1759/3225/1177
f 1768/3229/1181 1772/3296/1208 1773/3214/1166 1769/3210/1162
f 1780/3231/239 1787/3297/288 1786/3298/289 1779/3232/240
f 1772/3299/290 1774/3300/290 1921/3301/290 1922/3302/290
f 1802/3282/1199 1794/3303/1209 1795/3283/1200
f 1789/3281/276 1791/3237/241 1790/3240/244
f 1774/3300/292 1772/3299/292 1768/3259/257 1770/3262/1190
f 1788/3304/293 1787/3297/288 1780/3231/239 1781/3276/272
f 1795/3283/1200 1794/3303/1209 1800/3305/1210 1801/3306/1210
f 1758/3307/1211 1756/3308/1211 1752/3206/1158 1754/3209/1161
f 1760/3269/1196 1764/3228/1180 1765/3227/1179 1761/3211/1163
f 1760/3267/296 1756/3308/296 1758/3307/296 1762/3268/296
f 1792/3288/1203 1794/3287/1203 1802/3291/1212 1798/3290/1212
f 1788/3304/293 1786/3298/289 1787/3297/288
f 1772/3296/1208 1922/3204/1156 1776/3203/1155 1773/3214/1166
f 1809/3309/1213 1816/3310/1214 1817/3311/1215 1808/3312/1215
f 1816/3313/1216 1813/3314/1217 1814/3315/303
f 1818/3316/1218 1817/3317/1219 1816/3313/1216
f 1831/3318/1220 1818/3316/1218 1816/3313/1216
f 1814/3319/98 1807/3320/98 1810/3321/98 1831/3322/98
f 1807/3320/885 1814/3319/885 1815/3323/885 1806/3324/885
f 1813/3314/1217 1812/3325/20 1814/3315/303
f 1813/3326/308 1804/3327/308 1805/3328/308 1812/3329/308
f 1831/3322/309 1810/3321/309 1811/3330/309 1818/3331/309
f 1819/3332/98 1825/3333/98 1826/3334/98 1828/3335/98
f 1820/3336/310 1819/3337/310 1828/3338/311 1827/3339/311
f 1824/3340/312 1820/3341/312 1827/3342/312 1823/3343/312
f 1821/3344/312 1829/3345/312 1820/3341/312 1824/3340/312
f 1824/3346/676 1825/3347/676 1822/3348/314 1821/3349/314
f 1830/3350/98 1822/3351/98 1825/3333/98 1819/3332/98
f 1823/3352/1221 1826/3353/1221 1825/3347/676 1824/3346/676
f 1827/3342/11 1828/3354/11 1826/3355/11 1823/3343/11
f 1821/3344/1 1822/3351/1 1830/3350/1 1829/3345/1
f 1829/3356/316 1830/3357/316 1819/3337/310 1820/3336/310
f 1839/3358/317 1836/3359/317 1837/3360/318 1838/3361/318
f 1804/3327/312 1813/3326/312 1816/3310/1214 1809/3309/1213
f 1811/3330/1 1808/3362/1 1817/3363/1 1818/3331/1
f 1838/3361/318 1837/3360/318 1840/3364/319 1841/3365/319
f 1841/3366/11 1840/3367/11 1832/3368/11 1833/3369/11
f 1812/3325/20 1815/3370/20 1814/3315/303
f 1808/3252/1186 1811/3371/1222 1810/3253/1187
f 1835/3372/1 1834/3373/1 1836/3374/1 1839/3375/1
f 1833/3376/321 1832/3377/321 1843/3378/322 1842/3379/322
f 1841/3366/98 1833/3369/98 1842/3380/98 1838/3381/98
f 1842/3379/322 1843/3378/322 1834/3382/323 1835/3383/323
f 1838/3381/98 1842/3380/98 1835/3372/98 1839/3375/98
f 1814/3315/303 1831/3318/1220 1816/3313/1216
f 1843/3384/312 1837/3385/312 1836/3386/312 1834/3387/312
f 1832/3368/312 1840/3367/312 1837/3385/312 1843/3384/312
f 1852/3388/11 1855/3389/11 1846/3390/11 1845/3391/11
f 1855/3392/1223 1852/3393/1224 1853/3394/1225
f 1849/3395/1226 1844/3396/1227 1847/3397/1228
f 1859/3398/98 1850/3399/98 1847/3400/1229 1854/3401/1230
f 1851/3402/20 1848/3403/20 1849/3395/1226
f 1848/3404/1 1851/3405/1 1858/3406/1 1857/3407/1
f 1856/3408/331 1849/3409/331 1848/3404/331 1857/3407/331
f 1850/3399/1231 1859/3398/1231 1858/3406/1231 1851/3405/1231
f 1844/3410/308 1853/3411/308 1852/3388/308 1845/3391/308
f 1854/3401/1230 1847/3400/1229 1846/3412/1232 1855/3413/1232
f 1849/3409/312 1856/3408/312 1853/3411/312 1844/3410/312
f 1844/3396/1227 1845/3414/1233 1847/3397/1228
f 1845/3414/1233 1846/3415/1234 1847/3397/1228
f 1847/3397/1228 1850/3416/1235 1849/3395/1226
f 1850/3416/1235 1851/3402/20 1849/3395/1226
f 1853/3394/1225 1856/3417/1236 1859/3418/1237
f 1856/3417/1236 1857/3419/1238 1859/3418/1237
f 1857/3419/1238 1858/3420/1239 1859/3418/1237
f 1859/3418/1237 1854/3421/1240 1853/3394/1225
f 1854/3421/1240 1855/3392/1223 1853/3394/1225
f 1868/3422/341 1869/3423/342 1863/3424/343 1862/3425/343
f 1862/3426/344 1863/3427/344 1867/3428/344 1866/3429/344
f 1870/3430/345 1871/3431/346 1865/3432/347 1864/3433/347
f 1864/3434/348 1865/3435/348 1861/3436/348 1860/3437/348
f 1868/3438/1241 1870/3439/1242 1864/3440/1243 1860/3441/1243
f 1871/3442/352 1869/3443/1244 1861/3436/1245 1865/3435/1245
f 1867/3428/1246 1863/3427/1246 1869/3443/1244 1871/3442/352
f 1862/3426/1247 1866/3429/1247 1870/3439/1242 1868/3438/1241
f 1866/3444/357 1867/3445/357 1871/3431/346 1870/3430/345
f 1861/3446/358 1868/3422/341 1860/3447/359
f 1861/3446/358 1869/3423/342 1868/3422/341
f 1875/3448/1248 1882/3449/1248 1878/3450/1248 1872/3451/1248
f 1880/3452/1249 1874/3453/1250 1873/3454/1251 1881/3455/1252
f 1883/3456/1253 1876/3457/1254 1877/3458/1255 1884/3459/1256
f 1878/3460/1257 1879/3461/1258 1881/3455/1252
f 1882/3462/1259 1883/3456/1253 1885/3463/1260
f 1872/3464/1261 1878/3460/1257 1881/3455/1252 1873/3454/1251
f 1875/3465/1262 1877/3458/1255 1876/3457/1254
f 1874/3466/1263 1880/3467/1263 1884/3468/1263 1877/3469/1263
f 1877/3469/312 1875/3470/312 1872/3471/312 1874/3466/312
f 1878/3450/1264 1882/3449/1264 1885/3472/1265 1879/3473/1265
f 1874/3453/1250 1872/3464/1261 1873/3454/1251
f 1880/3452/1249 1881/3455/1252 1879/3461/1258
f 1885/3463/1260 1883/3456/1253 1884/3459/1256
f 1879/3473/1265 1885/3472/1265 1884/3468/1266 1880/3467/1266
f 1875/3465/1262 1876/3457/1254 1883/3456/1253 1882/3462/1259
f 1907/3474/697 1903/3475/698 1902/3476/699 1906/3477/700
f 1897/3478/701 1899/3479/702 1903/3480/385 1901/3481/385
f 1910/3482/703 1914/3483/704 1911/3484/1267
f 1905/3485/706 1907/3486/706 1911/3487/707 1909/3488/708
f 1909/3489/709 1913/3490/710 1912/3491/711 1908/3492/712
f 1913/3493/713 1914/3494/714 1916/3495/715 1915/3496/715
f 1889/3497/399 1891/3498/399 1895/3499/400 1893/3500/400
f 1887/3501/893 1910/3482/703 1902/3476/699
f 1891/3502/1268 1916/3503/719 1887/3501/893 1890/3504/720
f 1891/3498/406 1889/3497/406 1915/3505/406 1916/3506/406
f 1889/3507/721 1893/3508/722 1892/3509/894 1888/3510/724
f 1895/3511/725 1891/3502/1268 1890/3504/720 1894/3512/726
f 1899/3513/727 1895/3511/725 1894/3512/726 1898/3514/728
f 1895/3499/400 1899/3479/702 1897/3478/701 1893/3500/400
f 1897/3515/729 1901/3516/1269 1900/3517/731 1896/3518/732
f 1903/3475/698 1899/3513/727 1898/3514/728 1902/3476/699
f 1903/3480/419 1907/3486/419 1905/3485/419 1901/3481/419
f 1901/3516/1269 1905/3519/1270 1904/3520/734 1900/3517/731
f 1905/3519/1270 1909/3489/709 1908/3492/712 1904/3520/734
f 1911/3484/1267 1907/3474/697 1906/3477/700 1910/3482/703
f 1893/3508/722 1897/3515/729 1896/3518/732 1892/3509/894
f 1911/3487/707 1914/3494/714 1913/3493/713 1909/3488/708
f 1913/3490/710 1915/3521/1271 1886/3522/1272 1912/3491/711
f 1887/3501/893 1916/3503/719 1914/3483/704
f 1904/3520/734 1917/3523/737 1900/3517/731
f 1894/3512/726 1890/3504/720 1887/3501/893
f 1910/3482/703 1906/3477/700 1902/3476/699
f 1902/3476/699 1898/3514/728 1894/3512/726
f 1894/3512/726 1887/3501/893 1902/3476/699
f 1917/3523/737 1892/3509/894 1896/3518/732
f 1912/3491/711 1917/3523/737 1908/3492/712
f 1888/3510/724 1892/3509/894 1917/3523/737
f 1912/3491/711 1886/3522/1272 1917/3523/737
f 1886/3522/1272 1888/3510/724 1917/3523/737
f 1908/3492/712 1917/3523/737 1904/3520/734
f 1917/3523/737 1896/3518/732 1900/3517/731
f 1910/3482/703 1887/3501/893 1914/3483/704
f 1815/3323/11 1812/3329/11 1805/3328/11 1806/3324/11
f 1915/3521/1271 1889/3507/721 1888/3510/724 1886/3522/1272
f 1923/3202/1154 1767/3216/1168 1763/3226/1178
f 1753/3217/1169 1776/3203/1155 1920/3205/1157
f 1921/3224/1176 1774/3265/1193 1775/3200/1152 1777/3215/1167
f 1933/3524/312 1934/3525/312 1926/3526/312 1924/3527/312
f 1932/3528/425 1933/3529/426 1936/3530/427
f 1937/3531/428 1935/3532/429 1932/3528/425
f 1938/3533/7 1930/3534/7 1926/3535/7 1934/3536/7
f 1927/3537/430 1928/3538/431 1925/3539/432
f 1929/3540/98 1930/3534/98 1938/3533/98 1936/3541/98
f 1929/3542/433 1924/3543/434 1925/3539/432 1928/3538/431
f 1924/3543/434 1926/3544/435 1927/3537/430 1925/3539/432
f 1926/3544/435 1930/3545/436 1931/3546/437 1927/3537/430
f 1930/3545/436 1929/3542/433 1928/3538/431 1931/3546/437
f 1936/3530/427 1938/3547/438 1937/3531/428
f 1938/3547/438 1934/3548/439 1935/3532/429 1937/3531/428
f 1934/3548/439 1933/3529/426 1932/3528/425 1935/3532/429
f 1929/3540/20 1936/3541/20 1933/3524/20 1924/3527/20
f 1936/3530/427 1937/3531/428 1932/3528/425
f 1927/3537/430 1931/3546/437 1928/3538/431
f 1948/3549/312 1949/3550/312 1941/3551/312 1939/3552/312
f 1947/3553/425 1948/3554/426 1951/3555/427
f 1952/3556/428 1950/3557/429 1947/3553/425
f 1953/3558/7 1945/3559/7 1941/3560/7 1949/3561/7
f 1942/3562/430 1943/3563/431 1940/3564/432
f 1944/3565/98 1945/3559/98 1953/3558/98 1951/3566/98
f 1944/3567/433 1939/3568/434 1940/3564/432 1943/3563/431
f 1939/3568/434 1941/3569/435 1942/3562/430 1940/3564/432
f 1941/3569/435 1945/3570/436 1946/3571/437 1942/3562/430
f 1945/3570/436 1944/3567/433 1943/3563/431 1946/3571/437
f 1951/3555/427 1953/3572/438 1952/3556/428
f 1953/3572/438 1949/3573/439 1950/3557/429 1952/3556/428
f 1949/3573/439 1948/3554/426 1947/3553/425 1950/3557/429
f 1944/3565/20 1951/3566/20 1948/3549/20 1939/3552/20
f 1951/3555/427 1952/3556/428 1947/3553/425
f 1942/3562/430 1946/3571/437 1943/3563/431
f 1971/3574/440 1972/3575/441 1955/3576/442 1954/3577/443
f 1958/3578/1057 1959/3579/1273 1960/3580/1274 1569/3581/1058
f 1569/3581/1058 1960/3580/1274 1961/3582/1275 1571/3583/1059
f 1571/3583/1059 1961/3582/1275 1962/3584/1276 1572/3585/1060
f 1572/3585/1060 1962/3584/1276 1963/3586/917 1573/3587/917
f 1573/3587/917 1963/3586/917 1964/3588/1277 1574/3589/1061
f 1574/3590/1061 1964/3591/1277 1966/3592/1278 1965/3593/1062
f 1965/3593/1062 1966/3592/1278 1968/3594/458 1967/3595/1063
f 1967/3595/1063 1968/3594/458 1970/3596/460 1969/3597/461
f 1969/3597/461 1970/3596/460 1972/3575/441 1971/3574/440
f 1956/3598/929 1957/3599/930 1959/3579/1273 1958/3578/1057
f 1954/3577/443 1955/3576/442 1957/3599/930 1956/3598/929
f 1957/3600/1 1955/3601/1 1972/3602/1 1970/3603/1 1968/3604/1 1966/3605/1 1964/3606/1 1963/3607/1 1962/3608/1 1961/3609/1 1960/3610/1 1959/3611/1
f 1990/3612/440 1991/3613/441 1974/3614/442 1973/3615/922
f 1977/3616/1064 1978/3617/1273 1979/3618/1274 1586/3619/1065
f 1586/3619/1065 1979/3618/1274 1980/3620/1279 1587/3621/1066
f 1587/3621/1066 1980/3620/1279 1982/3622/1280 1981/3623/1067
f 1981/3623/1067 1982/3622/1280 1983/3624/1281 1590/3625/1068
f 1590/3625/1068 1983/3624/1281 1984/3626/1277 1591/3627/764
f 1591/3628/764 1984/3629/1277 1986/3630/1282 1985/3631/1069
f 1985/3631/1069 1986/3630/1282 1987/3632/1283 1594/3633/1070
f 1594/3633/1070 1987/3632/1283 1989/3634/774 1988/3635/775
f 1988/3635/775 1989/3634/774 1991/3613/441 1990/3612/440
f 1975/3636/929 1976/3637/930 1978/3617/1273 1977/3616/1064
f 1973/3615/922 1974/3614/442 1976/3637/930 1975/3636/929
f 1976/3638/1 1974/3639/1 1991/3640/1 1989/3641/1 1987/3642/1 1986/3643/1 1984/3644/1 1983/3645/1 1982/3646/1 1980/3647/1 1979/3648/1 1978/3649/1
f 2011/3650/440 2012/3651/1284 1993/3652/442 1992/3653/464
f 1996/3654/444 2038/3655/445 1998/3656/446 1997/3657/1285
f 1997/3657/1285 1998/3656/446 2040/3658/448 1999/3659/449
f 1999/3659/449 2040/3658/448 2001/3660/1286 2000/3661/451
f 2000/3661/451 2001/3660/1286 2003/3662/1287 2002/3663/473
f 2002/3663/473 2003/3662/1287 2005/3664/454 2004/3665/455
f 2004/3666/455 2005/3667/454 2045/3668/456 2006/3669/457
f 2006/3669/457 2045/3668/456 2008/3670/458 2007/3671/459
f 2007/3671/459 2008/3670/458 2010/3672/1288 2009/3673/1289
f 2009/3673/1289 2010/3672/1288 2012/3651/1284 2011/3650/440
f 1994/3674/462 1995/3675/463 2038/3655/445 1996/3654/444
f 1992/3653/464 1993/3652/442 1995/3675/463 1994/3674/462
f 1992/3676/11 1994/3677/11 1996/3678/11 1997/3679/11 1999/3680/11 2000/3681/11 2002/3682/11 2004/3683/11 2006/3684/11 2007/3685/11 2009/3686/11 2011/3687/11
f 2032/3688/440 2033/3689/1284 2014/3690/442 2013/3691/922
f 2017/3692/465 2054/3693/466 2055/3694/467 2018/3695/468
f 2018/3695/468 2055/3694/467 2020/3696/469 2019/3697/470
f 2019/3697/470 2020/3696/469 2022/3698/471 2021/3699/472
f 2021/3699/472 2022/3698/471 2024/3700/1287 2023/3701/1290
f 2023/3701/1290 2024/3700/1287 2026/3702/454 2025/3703/455
f 2025/3704/455 2026/3705/454 2060/3706/474 2027/3707/457
f 2027/3707/457 2060/3706/474 2029/3708/475 2028/3709/459
f 2028/3709/459 2029/3708/475 2031/3710/1288 2030/3711/1289
f 2030/3711/1289 2031/3710/1288 2033/3689/1284 2032/3688/440
f 2015/3712/462 2016/3713/463 2054/3693/466 2017/3692/465
f 2013/3691/922 2014/3690/442 2016/3713/463 2015/3712/462
f 2013/3714/11 2015/3715/11 2017/3716/11 2018/3717/11 2019/3718/11 2021/3719/11 2023/3720/11 2025/3721/11 2027/3722/11 2028/3723/11 2030/3724/11 2032/3725/11
f 2048/3726/440 2049/3727/1284 2035/3728/442 2034/3729/443
f 2038/3730/445 2070/3731/445 2039/3732/760 1998/3733/446
f 1998/3733/446 2039/3732/760 2041/3734/761 2040/3735/448
f 2040/3735/448 2041/3734/761 2042/3736/762 2001/3737/1286
f 2001/3737/1286 2042/3736/762 2043/3738/917 2003/3739/1287
f 2003/3739/1287 2043/3738/917 2044/3740/764 2005/3741/454
f 2005/3742/454 2044/3743/764 2074/3744/765 2045/3745/456
f 2045/3745/456 2074/3744/765 2075/3746/766 2008/3747/458
f 2008/3747/458 2075/3746/766 2047/3748/460 2046/3749/461
f 2046/3749/461 2047/3748/460 2049/3727/1284 2048/3726/440
f 2036/3750/462 2037/3751/463 2070/3731/445 2038/3730/445
f 2034/3729/443 2035/3728/442 2037/3751/463 2036/3750/462
f 2064/3752/440 2065/3753/1284 2051/3754/442 2050/3755/443
f 2054/3756/466 2084/3757/767 2056/3758/768 2055/3759/467
f 2055/3759/467 2056/3758/768 2086/3760/1291 2020/3761/469
f 2020/3761/469 2086/3760/1291 2057/3762/471 2022/3763/471
f 2022/3763/471 2057/3762/471 2058/3764/770 2024/3765/1287
f 2024/3765/1287 2058/3764/770 2059/3766/771 2026/3767/454
f 2026/3768/454 2059/3769/771 2089/3770/772 2060/3771/474
f 2060/3771/474 2089/3770/772 2061/3772/773 2029/3773/475
f 2029/3773/475 2061/3772/773 2063/3774/774 2062/3775/775
f 2062/3775/775 2063/3774/774 2065/3753/1284 2064/3752/440
f 2052/3776/462 2053/3777/463 2084/3757/767 2054/3756/466
f 2050/3755/443 2051/3754/442 2053/3777/463 2052/3776/462
f 2078/3778/440 2079/3779/1284 2067/3780/442 2066/3781/464
f 2070/3782/445 2098/3783/444 2099/3784/915 2039/3785/760
f 2039/3785/760 2099/3784/915 2101/3786/916 2041/3787/761
f 2041/3787/761 2101/3786/916 2071/3788/762 2042/3789/762
f 2042/3789/762 2071/3788/762 2072/3790/917 2043/3791/917
f 2043/3791/917 2072/3790/917 2073/3792/764 2044/3793/764
f 2044/3794/764 2073/3795/764 2106/3796/918 2074/3797/765
f 2074/3797/765 2106/3796/918 2107/3798/919 2075/3799/766
f 2075/3799/766 2107/3798/919 2077/3800/920 2076/3801/921
f 2076/3801/921 2077/3800/920 2079/3779/1284 2078/3778/440
f 2068/3802/462 2069/3803/463 2098/3783/444 2070/3782/445
f 2066/3781/464 2067/3780/442 2069/3803/463 2068/3802/462
f 2092/3804/440 2093/3805/1284 2081/3806/442 2080/3807/464
f 2084/3808/767 2085/3809/923 2116/3810/924 2056/3811/768
f 2056/3811/768 2116/3810/924 2087/3812/1292 2086/3813/1291
f 2086/3813/1291 2087/3812/1292 2119/3814/926 2057/3815/471
f 2057/3815/471 2119/3814/926 2120/3816/927 2058/3817/770
f 2058/3817/770 2120/3816/927 2088/3818/454 2059/3819/771
f 2059/3820/771 2088/3821/454 2123/3822/928 2089/3823/772
f 2089/3823/772 2123/3822/928 2124/3824/459 2061/3825/773
f 2061/3825/773 2124/3824/459 2091/3826/460 2090/3827/461
f 2090/3827/461 2091/3826/460 2093/3805/1284 2092/3804/440
f 2082/3828/929 2083/3829/930 2085/3809/923 2084/3808/767
f 2080/3807/464 2081/3806/442 2083/3829/930 2082/3828/929
f 2110/3830/440 2111/3831/1284 2095/3832/442 2094/3833/464
f 2098/3834/444 2134/3835/1057 2100/3836/1293 2099/3837/915
f 2099/3837/915 2100/3836/1293 2102/3838/1059 2101/3839/916
f 2101/3839/916 2102/3838/1059 2103/3840/1060 2071/3841/762
f 2071/3841/762 2103/3840/1060 2104/3842/763 2072/3843/917
f 2072/3843/917 2104/3842/763 2105/3844/1061 2073/3845/764
f 2073/3846/764 2105/3847/1061 2141/3848/1062 2106/3849/918
f 2106/3849/918 2141/3848/1062 2143/3850/1063 2107/3851/919
f 2107/3851/919 2143/3850/1063 2109/3852/920 2108/3853/921
f 2108/3853/921 2109/3852/920 2111/3831/1284 2110/3830/440
f 2096/3854/462 2097/3855/463 2134/3835/1057 2098/3834/444
f 2094/3833/464 2095/3832/442 2097/3855/463 2096/3854/462
f 2128/3856/440 2129/3857/1284 2113/3858/442 2112/3859/464
f 2085/3860/923 2153/3861/1294 2117/3862/1065 2116/3863/924
f 2116/3863/924 2117/3862/1065 2118/3864/1295 2087/3865/1292
f 2087/3865/1292 2118/3864/1295 2157/3866/1067 2119/3867/926
f 2119/3867/926 2157/3866/1067 2121/3868/1296 2120/3869/927
f 2120/3869/927 2121/3868/1296 2122/3870/764 2088/3871/454
f 2088/3872/454 2122/3873/764 2161/3874/1069 2123/3875/928
f 2123/3875/928 2161/3874/1069 2125/3876/1070 2124/3877/459
f 2124/3877/459 2125/3876/1070 2127/3878/1288 2126/3879/1289
f 2126/3879/1289 2127/3878/1288 2129/3857/1284 2128/3856/440
f 2114/3880/929 2115/3881/930 2153/3861/1294 2085/3860/923
f 2112/3859/464 2113/3858/442 2115/3881/930 2114/3880/929
f 2147/3882/440 2148/3883/1284 2131/3884/442 2130/3885/922
f 2134/3886/1057 2135/3887/1273 2136/3888/1274 2100/3889/1293
f 2100/3889/1293 2136/3888/1274 2137/3890/1275 2102/3891/1059
f 2102/3891/1059 2137/3890/1275 2138/3892/1276 2103/3893/1060
f 2103/3893/1060 2138/3892/1276 2139/3894/917 2104/3895/763
f 2104/3895/763 2139/3894/917 2140/3896/1277 2105/3897/1061
f 2105/3898/1061 2140/3899/1277 2142/3900/1278 2141/3901/1062
f 2141/3901/1062 2142/3900/1278 2144/3902/458 2143/3903/1063
f 2143/3903/1063 2144/3902/458 2146/3904/1288 2145/3905/1289
f 2145/3905/1289 2146/3904/1288 2148/3883/1284 2147/3882/440
f 2132/3906/929 2133/3907/930 2135/3887/1273 2134/3886/1057
f 2130/3885/922 2131/3884/442 2133/3907/930 2132/3906/929
f 2133/3908/1 2131/3909/1 2148/3910/1 2146/3911/1 2144/3912/1 2142/3913/1 2140/3914/1 2139/3915/1 2138/3916/1 2137/3917/1 2136/3918/1 2135/3919/1
f 2166/3920/440 2167/3921/1284 2150/3922/442 2149/3923/464
f 2153/3924/1294 2154/3925/1273 2155/3926/1274 2117/3927/1065
f 2117/3927/1065 2155/3926/1274 2156/3928/1297 2118/3929/1295
f 2118/3929/1295 2156/3928/1297 2158/3930/1280 2157/3931/1067
f 2157/3931/1067 2158/3930/1280 2159/3932/1281 2121/3933/1296
f 2121/3933/1296 2159/3932/1281 2160/3934/1277 2122/3935/764
f 2122/3936/764 2160/3937/1277 2162/3938/1282 2161/3939/1069
f 2161/3939/1069 2162/3938/1282 2163/3940/1283 2125/3941/1070
f 2125/3941/1070 2163/3940/1283 2165/3942/774 2164/3943/775
f 2164/3943/775 2165/3942/774 2167/3921/1284 2166/3920/440
f 2151/3944/929 2152/3945/930 2154/3925/1273 2153/3924/1294
f 2149/3923/464 2150/3922/442 2152/3945/930 2151/3944/929
f 2152/3946/1 2150/3947/1 2167/3948/1 2165/3949/1 2163/3950/1 2162/3951/1 2160/3952/1 2159/3953/1 2158/3954/1 2156/3955/1 2155/3956/1 2154/3957/1
f 2173/3958/854 2172/3959/855 2174/3960/856
f 2171/3961/857 2170/3962/858 2168/3963/859
f 2174/3960/856 2171/3961/857 2168/3963/859
f 2168/3963/859 2173/3958/854 2174/3960/856
f 2170/3962/858 2169/3964/872 2168/3963/859
f 2173/3965/877 2180/3966/877 2181/3967/878 2172/3968/878
f 2180/3969/879 2177/3970/880 2178/3971/881
f 2182/3972/882 2181/3973/883 2180/3969/879
f 2183/3974/1298 2182/3972/882 2180/3969/879
f 2178/3975/98 2171/3976/98 2174/3977/98 2183/3978/98
f 2171/3976/885 2178/3975/885 2179/3979/885 2170/3980/885
f 2177/3970/880 2176/3981/20 2178/3971/881
f 2177/3982/308 2168/3983/308 2169/3984/308 2176/3985/308
f 2183/3978/309 2174/3977/309 2175/3986/309 2182/3987/309
f 2168/3983/312 2177/3982/312 2180/3966/877 2173/3965/877
f 2175/3986/1 2172/3988/1 2181/3989/1 2182/3987/1
f 2176/3981/20 2179/3990/20 2178/3971/881
f 2172/3959/855 2175/3991/887 2174/3960/856
f 2178/3971/881 2183/3974/1298 2180/3969/879
f 2179/3979/11 2176/3985/11 2169/3984/11 2170/3980/11
f 2193/3992/312 2194/3993/312 2186/3994/312 2184/3995/312
f 2192/3996/1299 2193/3997/1300 2196/3998/1301
f 2197/3999/1302 2195/4000/1303 2192/3996/1299
f 2198/4001/1304 2190/4002/1304 2186/4003/1304 2194/4004/1304
f 2187/4005/1305 2188/4006/1306 2185/4007/1307
f 2189/4008/98 2190/4002/98 2198/4001/98 2196/4009/98
f 2189/4010/1308 2184/4011/1309 2185/4007/1307 2188/4006/1306
f 2184/4011/1309 2186/4012/1310 2187/4005/1305 2185/4007/1307
f 2186/4012/1310 2190/4013/1311 2191/4014/1312 2187/4005/1305
f 2190/4013/1311 2189/4010/1308 2188/4006/1306 2191/4014/1312
f 2196/3998/1301 2198/4015/1313 2197/3999/1302
f 2198/4015/1313 2194/4016/1314 2195/4000/1303 2197/3999/1302
f 2194/4016/1314 2193/3997/1300 2192/3996/1299 2195/4000/1303
f 2189/4008/1315 2196/4009/1315 2193/3992/1315 2184/3995/1315
f 2196/3998/1301 2197/3999/1302 2192/3996/1299
f 2187/4005/1305 2191/4014/1312 2188/4006/1306
f 2208/4017/312 2209/4018/312 2201/4019/312 2199/4020/312
f 2207/4021/1299 2208/4022/1300 2211/4023/1301
f 2212/4024/1302 2210/4025/1303 2207/4021/1299
f 2213/4026/1304 2205/4027/1304 2201/4028/1304 2209/4029/1304
f 2202/4030/1305 2203/4031/1306 2200/4032/1307
f 2204/4033/98 2205/4027/98 2213/4026/98 2211/4034/98
f 2204/4035/1308 2199/4036/1309 2200/4032/1307 2203/4031/1306
f 2199/4036/1309 2201/4037/1310 2202/4030/1305 2200/4032/1307
f 2201/4037/1310 2205/4038/1311 2206/4039/1312 2202/4030/1305
f 2205/4038/1311 2204/4035/1308 2203/4031/1306 2206/4039/1312
f 2211/4023/1301 2213/4040/1313 2212/4024/1302
f 2213/4040/1313 2209/4041/1314 2210/4025/1303 2212/4024/1302
f 2209/4041/1314 2208/4022/1300 2207/4021/1299 2210/4025/1303
f 2204/4033/1315 2211/4034/1315 2208/4017/1315 2199/4020/1315
f 2211/4023/1301 2212/4024/1302 2207/4021/1299
f 2202/4030/1305 2206/4039/1312 2203/4031/1306
f 2223/4042/98 2224/4043/98 2216/4044/98 2214/4045/98
f 2222/4046/1316 2223/4047/1317 2226/4048/1318
f 2227/4049/1319 2225/4050/1320 2222/4046/1316
f 2228/4051/1321 2220/4052/1321 2216/4053/1321 2224/4054/1321
f 2217/4055/1322 2218/4056/1323 2215/4057/1324
f 2219/4058/312 2220/4052/312 2228/4051/312 2226/4059/312
f 2219/4060/1325 2214/4061/1326 2215/4057/1324 2218/4056/1323
f 2214/4061/1326 2216/4062/1327 2217/4055/1322 2215/4057/1324
f 2216/4062/1327 2220/4063/1328 2221/4064/1329 2217/4055/1322
f 2220/4063/1328 2219/4060/1325 2218/4056/1323 2221/4064/1329
f 2226/4048/1318 2228/4065/1330 2227/4049/1319
f 2228/4065/1330 2224/4066/1331 2225/4050/1320 2227/4049/1319
f 2224/4066/1331 2223/4047/1317 2222/4046/1316 2225/4050/1320
f 2219/4058/1332 2226/4059/1332 2223/4042/1332 2214/4045/1332
f 2226/4048/1318 2227/4049/1319 2222/4046/1316
f 2217/4055/1322 2221/4064/1329 2218/4056/1323
f 2238/4067/98 2239/4068/98 2231/4069/98 2229/4070/98
f 2237/4071/1316 2238/4072/1317 2241/4073/1318
f 2242/4074/1319 2240/4075/1320 2237/4071/1316
f 2243/4076/1321 2235/4077/1321 2231/4078/1321 2239/4079/1321
f 2232/4080/1322 2233/4081/1323 2230/4082/1324
f 2234/4083/312 2235/4077/312 2243/4076/312 2241/4084/312
f 2234/4085/1333 2229/4086/1326 2230/4082/1324 2233/4081/1323
f 2229/4086/1326 2231/4087/1327 2232/4080/1322 2230/4082/1324
f 2231/4087/1327 2235/4088/1328 2236/4089/1329 2232/4080/1322
f 2235/4088/1328 2234/4085/1333 2233/4081/1323 2236/4089/1329
f 2241/4073/1318 2243/4090/1330 2242/4074/1319
f 2243/4090/1330 2239/4091/1331 2240/4075/1320 2242/4074/1319
f 2239/4091/1331 2238/4072/1317 2237/4071/1316 2240/4075/1320
f 2234/4083/1332 2241/4084/1332 2238/4067/1332 2229/4070/1332
f 2241/4073/1318 2242/4074/1319 2237/4071/1316
f 2232/4080/1322 2236/4089/1329 2233/4081/1323
