# Blender v2.79 (sub 0) OBJ File: 'hovel.blend'
# www.blender.org
mtllib hovel.mtl
o barn_Cube.001
v -10.622080 24.461922 8.644583
v -10.722334 24.462566 9.049179
v -10.177048 24.450836 8.685495
v -10.062218 24.476715 8.973669
v -10.261727 14.142705 8.570641
v -10.337332 14.286776 8.967741
v -9.787359 14.137510 8.585533
v -9.794793 14.239399 9.016617
v -12.489420 24.497211 8.567793
v -12.408031 24.492664 8.881939
v -11.327271 24.481777 8.494551
v -11.359989 24.552849 8.821772
v -12.405710 14.255456 8.480410
v -12.423626 14.193004 8.932009
v -11.329536 14.213964 8.491024
v -11.383051 14.196586 8.844681
v -5.001714 24.494251 8.571007
v -4.934623 24.487320 8.933697
v -3.932123 24.482609 8.543854
v -3.816936 24.451454 8.916180
v -4.952679 14.222883 8.654638
v -4.971947 14.186657 8.864704
v -3.889115 14.206488 8.653387
v -3.957117 14.226442 8.890564
v 3.464477 24.483128 8.379892
v 3.357445 24.473972 8.892324
v 4.377707 24.459927 8.431730
v 4.406479 24.578259 8.884523
v 3.396065 14.111574 8.501196
v 3.478825 14.205946 8.854383
v 4.518117 14.236791 8.570660
v 4.472123 14.213845 8.875252
v 3.647060 24.430229 8.637529
v 3.647259 24.402367 9.031363
v 4.311037 24.174816 8.652897
v 4.283250 24.268044 8.955265
v 1.860966 14.524961 8.640635
v 1.757001 14.486563 9.040867
v 2.462029 14.257054 8.646795
v 2.433841 14.184828 9.026375
v 8.270290 24.501232 8.542831
v 8.308910 24.472500 8.880980
v 9.253691 24.426304 8.415909
v 9.124529 24.337784 8.843718
v 8.242666 14.172852 8.581560
v 8.237656 14.207031 8.894583
v 9.181664 14.212700 8.494173
v 9.225256 14.269026 8.914490
v 8.295513 24.312099 -8.123775
v 8.316891 24.457043 -8.549510
v 7.741026 24.488037 -8.154583
v 7.765597 24.444710 -8.584908
v 8.228251 14.311805 -8.160445
v 8.356373 14.334379 -8.502975
v 7.782735 14.194383 -8.183380
v 7.729149 14.180118 -8.555207
v 9.189760 24.471928 -8.144616
v 9.098703 24.427746 -8.580286
v 8.327705 24.513500 -8.161877
v 8.365126 24.470501 -8.518885
v 9.085020 14.131642 -8.120944
v 9.185797 14.195022 -8.508072
v 8.249317 14.206989 -8.160429
v 8.349857 14.308590 -8.613860
v 10.270622 24.343803 -8.104607
v 10.178663 24.533173 -8.473989
v 9.173641 24.523525 -8.155686
v 9.148853 24.408188 -8.596050
v 10.232500 14.205347 -8.152051
v 10.111706 14.179127 -8.520297
v 9.105690 14.187510 -8.081099
v 9.070423 14.149261 -8.473641
v 4.242232 24.557800 -8.086648
v 4.175896 24.473156 -8.542521
v 3.430335 24.544155 -8.229288
v 3.533139 24.460152 -8.521161
v 4.158025 14.334589 -8.065714
v 4.148400 14.205749 -8.528549
v 3.539093 14.258248 -8.234921
v 3.480546 14.156988 -8.439444
v 3.221418 24.483818 -8.039585
v 3.230736 24.493385 -8.442390
v 2.592064 24.402000 -8.049269
v 2.515661 24.512280 -8.521646
v 3.656517 14.269562 -8.107727
v 3.713757 14.263708 -8.470456
v 3.063714 14.077513 -8.062250
v 3.012999 14.212734 -8.373832
v 5.553965 24.557274 -8.109401
v 5.557768 24.432308 -8.507898
v 4.187054 24.467480 -8.143689
v 4.188765 24.468327 -8.557260
v 5.679841 14.205552 -8.163382
v 5.629621 14.225357 -8.551485
v 4.139886 14.278648 -8.127272
v 4.185423 14.229309 -8.543284
v 6.481994 24.495926 -8.136499
v 6.433222 24.469704 -8.537246
v 5.661858 24.496384 -8.188994
v 5.675292 24.479191 -8.536075
v 6.449412 14.252801 -8.131168
v 6.432795 14.230375 -8.526918
v 5.608379 14.231830 -8.244066
v 5.663850 14.173272 -8.517650
v 0.056408 24.351475 -8.324704
v 0.069749 24.322350 -8.744716
v -0.885002 24.484703 -8.258655
v -0.972294 24.540226 -8.712274
v -0.440323 14.156952 -8.299755
v -0.379101 14.280767 -8.676282
v -1.422304 14.228061 -8.277421
v -1.568785 14.329676 -8.748261
v 1.665818 24.449352 -8.151093
v 1.659181 24.457897 -8.517097
v 0.846590 24.546448 -8.076991
v 0.785986 24.508003 -8.529615
v 1.731756 14.215328 -8.199001
v 1.687228 14.222793 -8.558899
v 0.880514 14.203101 -8.143314
v 0.774199 14.216772 -8.547526
v 2.833549 24.403603 -8.135561
v 2.793805 24.470779 -8.531318
v 1.742385 24.373581 -8.114771
v 1.723452 24.512775 -8.531887
v 2.781471 14.169662 -8.082747
v 2.808718 14.286399 -8.475573
v 1.789352 14.180665 -8.170719
v 1.736907 14.198714 -8.521126
v -3.933649 24.459270 -8.140544
v -4.042093 24.461647 -8.535329
v -4.821142 24.512829 -8.139875
v -4.900293 24.391449 -8.539135
v -4.020245 14.184123 -8.144225
v -4.003997 14.220213 -8.544827
v -4.862710 14.216048 -8.081991
v -4.942799 14.149317 -8.493338
v -2.085117 24.434071 -8.158136
v -2.105884 24.367260 -8.544920
v -2.966327 24.535072 -8.161170
v -2.957898 24.472324 -8.591203
v -2.124710 14.305600 -8.156427
v -2.037825 14.216965 -8.637244
v -2.953901 14.246181 -8.185495
v -2.996995 14.123908 -8.469499
v -1.190207 24.450462 -8.117483
v -1.245378 24.458809 -8.549823
v -1.971638 24.516068 -8.174090
v -2.096510 24.536758 -8.550347
v -1.183809 14.116525 -8.206504
v -1.231604 14.198151 -8.532608
v -2.090703 14.114606 -8.100696
v -2.059806 14.109307 -8.470570
v -6.435010 24.375088 -8.312350
v -6.454439 24.423122 -8.696717
v -7.434447 24.495617 -8.316876
v -7.516461 24.560116 -8.684470
v -6.967139 14.176764 -8.319792
v -7.052312 14.252037 -8.708583
v -7.937106 14.248167 -8.335073
v -8.028794 14.313385 -8.696457
v -7.713000 24.496983 -8.104518
v -7.739491 24.464222 -8.549964
v -8.428701 24.504356 -8.191441
v -8.461877 24.445469 -8.465920
v -7.724488 14.284771 -8.087850
v -7.728069 14.214629 -8.528959
v -8.483711 14.193695 -8.157067
v -8.456585 14.127934 -8.445456
v -5.601090 24.347111 -8.177053
v -5.691184 24.461891 -8.647755
v -6.667133 24.474800 -8.151064
v -6.667604 24.466030 -8.543468
v -5.649893 14.225831 -8.154282
v -5.604139 14.161852 -8.545644
v -6.710225 14.095820 -8.202862
v -6.635667 14.189496 -8.574936
v -4.886263 24.455215 -8.144482
v -4.900524 24.582325 -8.582690
v -5.562846 24.387337 -8.125565
v -5.547255 24.413799 -8.526582
v -4.925381 14.185924 -8.102307
v -4.913876 14.222061 -8.581039
v -5.540735 14.194038 -8.116361
v -5.576703 14.215396 -8.536786
v -11.453112 24.465935 -8.140759
v -11.348981 24.533989 -8.443921
v -12.401857 24.474045 -8.077518
v -12.368587 24.371433 -8.544488
v -11.336252 14.323657 -8.184906
v -11.390944 14.213119 -8.528004
v -12.450785 14.298442 -8.115106
v -12.475264 14.221527 -8.512554
v -9.772127 24.427170 -8.210505
v -9.809804 24.361378 -8.534705
v -10.388514 24.498569 -8.158139
v -10.403457 24.463387 -8.547963
v -9.708141 14.283497 -8.147007
v -9.770179 14.197212 -8.564181
v -10.303570 14.279553 -8.151572
v -10.408768 14.225183 -8.545438
v -12.303991 23.422329 9.019876
v -12.331448 23.867775 8.956629
v -12.778458 23.509251 9.034111
v -12.812843 23.783733 8.920427
v -12.311180 23.366287 -8.990546
v -12.310333 23.827118 -8.966671
v -12.840031 23.491383 -8.945051
v -12.816820 23.805786 -8.975049
v -12.360039 19.720078 -8.538671
v -12.543373 19.763630 -8.528894
v -12.314421 18.552631 -8.374738
v -12.465570 18.485256 -8.525352
v -12.301373 20.181377 8.598768
v -12.489399 20.005356 8.560587
v -12.301756 18.981606 8.454937
v -12.531025 18.903835 8.439535
v 10.643847 23.300938 8.989510
v 10.616390 23.746380 8.926264
v 10.043192 23.387859 9.003744
v 10.008804 23.662338 8.890060
v 10.631937 23.237423 -9.157330
v 10.628225 23.655022 -8.961060
v 9.986170 23.406857 -9.240971
v 10.014286 23.705704 -9.141098
v 10.718615 20.234585 -8.546748
v 9.972734 20.272842 -8.532799
v 10.768135 19.068996 -8.371119
v 10.053823 18.994766 -8.516589
v 10.872927 20.462357 8.588665
v 10.122646 20.280548 8.556934
v 10.874807 19.261173 8.457142
v 10.083164 19.177742 8.447416
v 8.265432 24.459270 8.998573
v 8.156990 24.461647 8.603788
v 7.377940 24.512829 8.999243
v 7.298788 24.391449 8.599983
v 8.178835 14.184123 8.994894
v 8.195084 14.220213 8.594292
v 7.336372 14.216048 9.057127
v 7.256282 14.149317 8.645781
v 5.764070 24.375088 8.826769
v 5.744642 24.423122 8.442400
v 4.764635 24.495617 8.822241
v 4.682620 24.560116 8.454649
v 5.231943 14.176764 8.819326
v 5.146770 14.252037 8.430536
v 4.261975 14.248167 8.804045
v 4.170287 14.313385 8.442661
v 6.597991 24.347111 8.962065
v 6.507897 24.461891 8.491364
v 5.531948 24.474800 8.988054
v 5.531476 24.466030 8.595650
v 6.549188 14.225831 8.984837
v 6.594943 14.161852 8.593475
v 5.488857 14.095820 8.936256
v 5.563414 14.189496 8.564182
v 7.312818 24.455215 8.994637
v 7.298558 24.582325 8.556429
v 6.636236 24.387337 9.013554
v 6.651827 24.413799 8.612537
v 7.273700 14.185924 9.036810
v 7.285206 14.222061 8.558079
v 6.658348 14.194038 9.022758
v 6.622379 14.215396 8.602331
v -6.494932 14.215396 8.564894
v -6.458965 14.194038 8.985321
v -5.832106 14.222061 8.520641
v -5.843611 14.185924 8.999374
v -6.465485 24.413799 8.575100
v -6.481076 24.387337 8.976116
v -5.818754 24.582325 8.518991
v -5.804493 24.455215 8.957199
v -7.553897 14.189496 8.526745
v -7.628455 14.095820 8.898819
v -6.522369 14.161852 8.556038
v -6.568123 14.225831 8.947399
v -7.585835 24.466030 8.558212
v -7.585363 24.474800 8.950617
v -6.609414 24.461891 8.453926
v -6.519320 24.347111 8.924627
v -8.947024 14.313385 8.405224
v -8.855336 14.248167 8.766607
v -7.970542 14.252037 8.393099
v -7.885369 14.176764 8.781889
v -8.434692 24.560116 8.417212
v -8.352676 24.495617 8.784803
v -7.372669 24.423122 8.404963
v -7.353240 24.375088 8.789331
v 2.796572 24.377167 8.894049
v 2.842312 24.355518 9.161461
v 2.819019 23.393230 8.897198
v 2.875005 23.309479 9.152939
v -4.875710 24.420719 8.899225
v -4.809346 24.333286 9.169712
v -4.899116 23.468311 8.909857
v -4.843353 23.375057 9.161280
v 0.897558 24.504978 8.580215
v 0.977446 24.456085 8.848486
v 1.863315 24.459187 8.507322
v 1.903444 24.445576 8.935255
v 0.977231 14.258401 8.519396
v 1.004895 14.205714 8.951334
v 1.888810 14.156330 8.547361
v 1.775623 14.094767 8.899946
v -12.028811 24.802139 8.606071
v -12.008682 24.708633 8.150198
v -12.010294 23.413170 8.463430
v -11.991039 23.558083 8.171556
v 9.661753 24.683441 8.627001
v 9.836563 24.669872 8.164165
v 9.765333 23.566475 8.457792
v 9.902725 23.483948 8.253269
v -12.028814 24.802139 -7.845457
v -12.008686 24.708633 -8.301331
v -12.010298 23.413170 -7.988099
v -11.991043 23.558083 -8.279968
v 9.661751 24.683441 -7.824525
v 9.836563 24.669872 -8.287361
v 9.765331 23.566475 -7.993735
v 9.902723 23.483948 -8.198256
v -3.864372 19.470139 9.143993
v -3.905609 19.392494 8.647438
v -3.883435 19.386913 8.905523
v -3.848264 19.466965 9.496250
v -4.932838 19.812424 8.661440
v -4.936017 19.849449 9.114199
v -4.918737 19.830360 9.448214
v -4.909594 19.790867 8.901020
v -4.650305 24.490425 8.562086
v -4.559603 24.475285 8.927820
v -4.566869 19.771233 9.464005
v -4.583235 19.785156 9.124008
v -4.603110 14.217495 8.654226
v -4.645811 14.199443 8.873014
v -4.578369 19.791500 8.902473
v -4.601427 19.807899 8.656923
v -8.898690 24.646172 -8.122193
v -8.848138 25.046921 -8.080009
v -8.048593 24.698666 -8.122927
v -8.062519 25.045746 -8.095275
v -8.634540 24.640839 8.941225
v -8.617314 25.036591 8.977301
v -7.762781 24.753738 8.974962
v -7.820279 25.027325 9.069159
v -3.906574 24.671425 -7.817477
v -3.899693 25.037430 -7.831222
v -3.057418 24.597324 -7.973677
v -2.994602 25.049950 -7.911829
v -3.974916 24.719337 8.989176
v -3.928761 25.079231 8.977169
v -3.092578 24.663647 9.008844
v -2.982380 25.067860 8.986853
v 1.020969 24.717678 -8.141323
v 0.928337 25.070240 -8.094390
v 1.948066 24.674042 -8.089255
v 1.920280 24.984474 -8.140641
v 0.920816 24.682350 9.044231
v 0.929905 25.065281 8.842350
v 1.935451 24.685318 8.972986
v 1.946268 25.066040 9.012583
v 5.814860 24.637939 -8.174809
v 5.842316 25.083385 -8.122106
v 6.556707 24.724861 -8.186671
v 6.591095 24.999344 -8.091937
v 5.826773 24.621273 8.838879
v 5.830484 25.062382 8.951714
v 6.613731 24.690491 8.985392
v 6.585613 24.978878 9.091183
v -12.306479 18.974365 2.178414
v -12.506533 18.900463 2.091311
v -12.509642 20.068302 2.151266
v -12.323385 20.161964 2.168310
v -0.214479 14.138297 8.711075
v -0.127944 14.094816 9.100780
v 0.776404 14.299996 8.549210
v 0.762259 14.261498 9.085238
v -0.230192 24.432461 8.672733
v -0.158588 24.502419 9.024883
v 0.774375 24.434937 8.607578
v 0.747760 24.459549 9.026079
v -2.059804 14.109307 8.698280
v -2.090701 14.114606 9.068155
v -1.231602 14.198151 8.636242
v -1.183806 14.116525 8.962347
v -2.096508 24.536758 8.618504
v -1.971636 24.516068 8.994761
v -1.245376 24.458809 8.619028
v -1.190204 24.450462 9.051367
v -12.653986 14.057532 6.866315
v -12.641312 14.044270 6.590779
v -12.155123 14.046041 6.862741
v -12.105742 14.027594 6.599064
v -12.650599 18.844772 7.257513
v -12.599073 18.821941 6.978532
v -12.170253 18.854847 7.246867
v -12.115255 18.836361 6.987630
v -12.606127 14.057532 1.905908
v -12.593452 14.044270 1.630371
v -12.107263 14.046041 1.902331
v -12.057883 14.027594 1.638656
v -12.602739 18.844772 1.911930
v -12.551214 18.821941 1.632948
v -12.122392 18.854847 1.901283
v -12.067396 18.836361 1.642047
v -12.653988 14.057532 -1.125800
v -12.641314 14.044270 -1.401336
v -12.155125 14.046041 -1.129375
v -12.105745 14.027594 -1.393052
v -12.650600 18.844772 -1.119777
v -12.599075 18.821941 -1.398759
v -12.170256 18.854847 -1.130423
v -12.115258 18.836361 -1.389661
v -12.606129 14.057532 -6.086207
v -12.593454 14.044270 -6.361743
v -12.107265 14.046041 -6.089785
v -12.057886 14.027594 -6.353458
v -12.602743 18.559147 -6.080185
v -12.551216 18.536316 -6.359166
v -12.122395 18.569221 -6.090834
v -12.067399 18.550735 -6.350068
v 10.044018 14.057532 4.341752
v 10.056694 14.044270 4.066216
v 10.542881 14.046041 4.338178
v 10.592260 14.027594 4.074501
v 10.047405 19.550289 4.503046
v 10.098930 19.527458 4.224065
v 10.527752 19.560364 4.492400
v 10.582750 19.541878 4.233163
v 10.091877 14.057532 2.683055
v 10.104553 14.044270 2.407519
v 10.590742 14.046041 2.679480
v 10.640121 14.027594 2.415804
v 10.095264 19.456097 2.689077
v 10.146791 19.433266 2.410096
v 10.575613 19.466171 2.678431
v 10.630610 19.447685 2.419195
v 10.044016 14.057532 -1.125803
v 10.056692 14.044270 -1.401340
v 10.542881 14.046041 -1.129377
v 10.592258 14.027594 -1.393055
v 10.047405 19.214199 -1.119780
v 10.098930 19.191368 -1.398763
v 10.527750 19.224274 -1.130425
v 10.582748 19.205791 -1.389664
v 10.091877 14.057532 -2.942106
v 10.104553 14.044270 -3.217641
v 10.590742 14.046041 -2.945683
v 10.640121 14.027594 -3.209357
v 10.095264 19.180412 -2.936083
v 10.146791 19.157581 -3.215064
v 10.575613 19.190487 -2.946732
v 10.630610 19.172001 -3.205966
v -7.953668 23.945518 8.867373
v -7.913433 23.977180 9.134783
v -7.661971 23.527096 8.870522
v -7.596724 23.540325 9.126261
v -13.029575 17.554821 8.776987
v -12.955544 17.575783 9.047474
v -12.780954 17.109043 8.787619
v -12.713224 17.117832 9.039040
v 7.792878 23.868557 8.838367
v 7.787594 23.931366 9.105780
v 8.191429 24.065201 8.841518
v 8.208561 24.151836 9.097258
v 9.824039 17.153233 8.776987
v 9.839464 17.253910 9.047474
v 10.223837 17.285244 8.787619
v 10.244951 17.373207 9.039040
v -9.905880 24.560032 8.512390
v -9.867188 24.459618 8.889721
v -8.761141 24.452000 8.520992
v -8.654113 24.453991 8.898529
v -9.883693 14.208378 8.492897
v -9.898627 14.212893 8.903851
v -8.607573 14.177064 8.477112
v -8.709574 14.109365 8.898243
v -11.388338 24.405041 8.492691
v -11.337002 24.492645 8.925823
v -10.496780 24.503746 8.437113
v -10.574546 24.487686 8.836334
v -11.273901 14.232036 8.521591
v -11.288694 14.096099 8.808823
v -10.506051 14.260919 8.477392
v -10.527661 14.157800 8.911121
v -3.957686 24.421967 8.514612
v -3.875113 24.484051 8.898012
v -2.919119 24.510662 8.596886
v -2.960615 24.476959 8.903654
v -3.910268 14.161380 8.453438
v -3.923992 14.233967 8.794888
v -2.929288 14.151958 8.498932
v -3.059618 14.230638 8.968769
v 1.839651 24.460144 8.465998
v 1.893112 24.436275 8.894560
v 2.625216 24.560856 8.472008
v 2.667347 24.476894 8.887373
v 1.837692 14.181992 8.487547
v 1.803167 14.148267 8.852631
v 2.649382 14.169422 8.561584
v 2.707324 14.246502 8.969595
v -5.861030 14.149317 8.608343
v -5.780940 14.216048 9.019690
v -4.922228 14.220213 8.556854
v -4.938476 14.184123 8.957457
v 9.236517 24.543865 8.477261
v 9.228283 24.423615 8.867165
v 10.235235 24.590584 8.552717
v 10.236977 24.459316 8.893206
v 9.272770 14.310762 8.484091
v 9.221733 14.213010 8.876440
v 10.248142 14.194459 8.445356
v 10.241917 14.317464 8.841356
v 7.693814 24.469654 -8.212908
v 7.741409 24.413563 -8.610498
v 6.461552 24.462315 -8.131760
v 6.413029 24.533352 -8.526111
v 7.669617 14.173900 -8.067766
v 7.682584 14.226939 -8.525661
v 6.501967 14.191282 -8.160580
v 6.474500 14.221107 -8.474967
v 0.747757 24.459549 -8.142771
v 0.774373 24.434937 -8.561273
v -0.158590 24.502419 -8.143968
v -0.230194 24.432461 -8.496118
v 0.762257 14.261498 -8.083612
v 0.776402 14.299996 -8.619640
v -0.127947 14.094816 -8.068070
v -0.214482 14.138297 -8.457775
v -3.088061 24.503452 -8.182368
v -2.998693 24.474274 -8.534927
v -3.982483 24.471085 -8.138730
v -3.955677 24.503029 -8.449162
v -2.991434 14.184405 -8.147037
v -3.000202 14.309899 -8.529969
v -3.970309 14.228691 -8.150006
v -3.980746 14.204076 -8.530728
v -10.449686 24.478874 -8.159178
v -10.375344 24.427181 -8.592087
v -11.298567 24.456547 -8.166031
v -11.333950 24.522495 -8.521462
v -10.387592 14.087539 -8.147194
v -10.453779 14.218886 -8.562158
v -11.366481 14.208292 -8.167106
v -11.320198 14.072509 -8.587226
v -8.452272 24.467403 -8.168884
v -8.546028 24.397232 -8.593966
v -9.721998 24.470345 -8.158219
v -9.774339 24.478870 -8.552091
v -8.483356 14.114911 -8.083782
v -8.414016 14.272796 -8.545418
v -9.751131 14.203413 -8.141583
v -9.748045 14.241858 -8.550933
v -5.818523 24.391449 8.562546
v -5.739372 24.512829 8.961805
v -4.960323 24.461647 8.566353
v -4.851879 24.459270 8.961138
v -2.996992 14.123908 8.699352
v -2.953898 14.246181 8.983355
v -2.037823 14.216965 8.531607
v -2.124707 14.305600 9.012423
v -2.957895 24.472324 8.577648
v -2.966325 24.535072 9.007681
v -2.105882 24.367260 8.623930
v -2.085115 24.434071 9.010714
v -1.568783 14.329676 8.420589
v -1.422302 14.228061 8.891430
v -0.379098 14.280767 8.492569
v -0.440321 14.156952 8.869095
v -0.972292 24.540226 8.456577
v -0.885000 24.484703 8.910196
v 0.069751 24.322350 8.424135
v 0.056410 24.351475 8.844147
v 10.015720 25.667702 -3.123657
v 10.084955 25.747337 -3.242849
v 9.384918 25.677189 -3.098793
v 9.407040 25.557121 -3.282388
v 10.093416 16.217350 -3.141014
v 10.057053 16.088005 -3.275906
v 9.352385 16.187840 -3.113571
v 9.336113 16.097843 -3.269832
v 9.655466 24.942173 -3.458435
v 9.724701 24.822983 -3.538070
v 9.024666 24.967037 -3.467922
v 9.046785 24.783443 -3.347856
v 9.733162 24.924816 4.052629
v 9.696798 24.789921 4.181976
v 8.992134 24.952259 4.082136
v 8.975859 24.795998 4.172134
v 10.015718 15.852612 4.046553
v 10.084953 15.772980 4.165744
v 9.384918 15.843125 4.021688
v 9.407036 15.963192 4.205283
v 10.093416 25.302967 4.063910
v 10.057049 25.432316 4.198802
v 9.352385 25.332474 4.036468
v 9.336113 25.422474 4.192729
v 10.821039 18.412125 -3.205229
v 10.757996 18.845818 -3.271145
v 10.171289 18.407360 -3.168059
v 10.112221 18.851826 -3.246434
v 10.831944 18.416840 4.455714
v 10.775335 18.852974 4.389565
v 10.122868 18.412025 4.414116
v 10.108339 18.854752 4.360212
v -1.223008 23.839020 -13.173401
v -1.031116 23.783749 -13.135993
v -1.327226 23.765659 -13.148905
v -1.390304 23.655132 -13.024679
v -1.241459 23.581398 -12.981248
v -1.065337 23.690395 -13.022331
v -1.301483 35.903915 0.376329
v -1.119644 35.832584 0.420353
v -1.499454 35.817303 0.435477
v -1.438122 35.642117 0.525602
v -1.257309 35.584007 0.577914
v -1.115370 35.694435 0.508453
v 10.541525 22.197220 -12.725229
v 10.665359 22.121571 -12.633760
v 10.315086 22.118256 -12.637068
v 10.334560 22.002182 -12.500179
v 10.491320 21.912647 -12.476858
v 10.674868 21.958668 -12.556252
v 9.561460 23.125484 11.716017
v 9.420828 23.045017 11.686085
v 9.723166 23.005005 11.643673
v 9.696249 22.927685 11.532179
v 9.570656 22.813179 11.514414
v 9.364132 22.917057 11.555672
v 9.699575 36.508743 0.927818
v 9.871805 36.427917 1.011358
v 9.545614 36.425755 0.985679
v 9.519539 36.297375 1.085505
v 9.649395 36.259102 1.103443
v 9.865942 36.296028 1.083797
v 9.385086 36.579330 -1.225095
v 9.149866 36.565128 -1.295414
v 9.558702 36.585674 -1.293774
v 9.535166 36.438259 -1.379490
v 9.335827 36.334724 -1.383228
v 9.200090 36.445496 -1.339639
v 0.879723 22.464638 -12.438974
v 1.057301 22.396027 -12.424379
v 0.745803 22.389782 -12.407839
v 0.692542 22.275169 -12.278571
v 0.913425 22.116806 -12.256110
v 1.058520 22.222572 -12.319360
v 1.238261 36.133865 0.614543
v 1.352019 36.133411 0.630772
v 1.027815 36.073601 0.633868
v 1.025255 35.890343 0.748333
v 1.224088 35.877655 0.779511
v 1.348869 35.930119 0.792276
v 3.443602 28.930782 -8.184734
v 3.655772 28.863476 -8.117491
v 3.292059 28.875141 -8.095555
v 3.230000 28.710987 -8.004887
v 3.454930 28.639904 -7.925248
v 3.603788 28.764557 -7.989224
v 6.176670 21.351357 -13.356827
v 6.239982 21.319672 -13.326677
v 6.085812 21.339890 -13.324031
v 6.072735 21.233212 -13.284969
v 6.169377 21.244030 -13.254122
v 6.243684 21.273735 -13.300200
v 7.021091 35.683643 0.397926
v 7.185535 35.610615 0.454657
v 6.894454 35.615681 0.405074
v 6.863515 35.531582 0.481431
v 7.026557 35.463455 0.567917
v 7.193492 35.479702 0.535800
v -3.881914 22.177917 -12.640478
v -3.720955 22.107464 -12.598904
v -4.005404 22.118385 -12.605055
v -4.010337 22.009209 -12.526264
v -3.874248 22.003944 -12.508883
v -3.733979 22.030354 -12.538347
v -3.900578 36.756603 0.603467
v -3.728380 36.717369 0.688773
v -4.008733 36.737919 0.656676
v -4.007613 36.627773 0.730594
v -3.885231 36.572147 0.767928
v -3.745349 36.613937 0.729954
v -10.152575 22.109673 -12.711527
v -9.915640 22.032703 -12.718113
v -10.248829 22.026714 -12.686152
v -10.266237 21.930870 -12.611780
v -10.111538 21.769714 -12.566956
v -9.988300 21.883228 -12.596786
v -10.039109 23.236980 11.577703
v -10.184250 23.154137 11.572174
v -9.842348 23.153278 11.566191
v -9.845362 22.995483 11.464977
v -10.016338 22.923729 11.404793
v -10.162874 23.031509 11.502823
v -10.182383 36.388287 0.804480
v -9.953286 36.284199 0.853833
v -10.321342 36.290829 0.852707
v -10.312716 36.110611 0.963495
v -10.146671 36.081299 0.988473
v -9.997103 36.142101 0.966253
v -10.070889 36.347172 -0.847645
v -10.166304 36.236160 -0.914601
v -9.835974 36.276974 -0.981337
v -9.833120 36.145245 -1.042353
v -10.027690 36.074596 -1.091492
v -10.226562 36.171688 -1.052253
v -7.244740 22.272957 -12.432953
v -7.067077 22.148605 -12.378594
v -7.397644 22.219826 -12.419324
v -7.398841 22.017525 -12.289087
v -7.266483 21.992069 -12.231432
v -7.062990 22.023628 -12.280745
v -7.237383 35.881413 1.205317
v -7.041461 35.825817 1.175376
v -7.407213 35.830967 1.208337
v -7.390043 35.670902 1.347157
v -7.224998 35.616432 1.354794
v -7.056225 35.694542 1.305223
v 15.388815 35.024975 0.169799
v 15.373451 34.834450 0.057372
v 15.378321 35.365192 0.067953
v 15.363655 35.350845 -0.159980
v 15.429981 35.156223 -0.296629
v 15.350288 34.904564 -0.211218
v -14.447565 35.695221 0.199864
v -14.419750 35.433102 0.063258
v -14.414574 35.964256 0.094673
v -14.443094 35.942268 -0.143662
v -14.419374 35.715630 -0.308600
v -14.395350 35.477749 -0.193137
v 8.844976 23.215492 11.592937
v 8.693583 23.122845 11.543055
v 8.943350 23.193375 11.539656
v 8.983295 23.010361 11.466396
v 8.854206 22.964153 11.460272
v 8.619848 22.998234 11.462727
v 13.875206 38.040886 -2.054100
v 13.744347 38.014061 -2.063739
v 14.074137 37.995960 -2.079440
v 14.039883 37.845383 -2.198416
v 13.871592 37.712852 -2.252322
v 13.724834 37.841125 -2.240131
v -9.251301 22.420746 -12.631982
v -9.423832 22.363262 -12.595213
v -9.087986 22.341732 -12.579720
v -9.056383 22.175205 -12.489892
v -9.301587 22.158546 -12.433159
v -9.406895 22.176086 -12.464087
v -9.375167 23.222870 11.619934
v -9.144470 23.125450 11.577236
v -9.520421 23.152039 11.601839
v -9.511783 23.052383 11.472940
v -9.372556 22.938488 11.413731
v -9.186323 22.946365 11.446774
v -14.118427 37.855179 2.209092
v -14.319656 37.758961 2.269062
v -13.963310 37.727856 2.236762
v -13.943331 37.625214 2.355309
v -14.133434 37.548363 2.386200
v -14.272366 37.678818 2.370535
v -13.660032 37.679939 -1.964271
v -13.497093 37.632618 -2.003528
v -13.835209 37.611927 -2.017886
v -13.817001 37.526779 -2.134861
v -13.647840 37.417240 -2.187089
v -13.524996 37.499676 -2.097955
v 14.272282 30.093632 -4.519189
v 14.316645 30.004276 -4.609883
v 14.284939 30.247719 -4.614993
v 14.371187 30.275082 -4.741431
v 14.293209 30.121284 -4.833375
v 14.298431 29.984505 -4.735805
v -12.721859 31.496166 -4.294713
v -12.770781 31.333496 -4.321668
v -12.766706 31.555763 -4.290994
v -12.708611 31.541580 -4.379513
v -12.753422 31.483315 -4.392056
v -12.719721 31.358459 -4.388927
v 13.269102 26.482899 -7.778523
v 13.216022 26.360561 -7.923631
v 13.213583 26.602085 -7.886697
v 13.232544 26.561909 -7.983422
v 13.242704 26.442001 -8.043195
v 13.260622 26.358452 -8.013907
v 12.976871 26.530224 8.026295
v 13.006943 26.415176 7.975470
v 13.008327 26.649513 7.954529
v 12.989994 26.637909 7.825459
v 12.970310 26.505959 7.716679
v 12.979630 26.399178 7.847748
v -11.858070 26.519882 8.032742
v -11.856526 26.383736 7.961964
v -11.851986 26.619637 7.994411
v -11.867809 26.649635 7.819166
v -11.879366 26.506832 7.777969
v -11.901081 26.366859 7.818645
v 4.273345 31.478977 -3.473454
v 4.127916 31.282326 -3.318136
v 3.972928 31.483150 -3.464906
v 4.103038 31.542107 -3.487458
v 3.983552 31.352829 -3.395844
v 4.304108 31.336578 -3.323895
v -1.092542 30.080471 -6.113489
v -1.293663 29.828918 -5.937389
v -1.468674 30.061455 -6.114048
v -1.304140 30.150894 -6.159027
v -1.477676 29.904350 -5.990857
v -1.111925 29.952682 -5.997955
v -3.735690 29.655800 -5.951263
v -3.880112 29.543365 -5.877339
v -3.996783 29.670113 -5.970077
v -3.891224 29.705833 -6.014328
v -3.999859 29.570972 -5.900395
v -3.747734 29.573898 -5.908178
v -6.828934 30.230564 -5.991426
v -7.020405 30.047604 -5.828135
v -7.177090 30.268745 -5.995310
v -7.015722 30.320534 -6.003633
v -7.169104 30.087563 -5.860779
v -6.834269 30.102436 -5.877577
v 1.204659 30.367371 -5.896804
v 1.058991 30.401905 -5.912215
v 1.203695 30.179001 -5.763541
v 1.068754 30.099884 -5.738299
v 0.858899 30.185410 -5.765120
v 0.886812 30.334347 -5.886984
v 7.186131 28.941952 -5.955767
v 7.043125 28.796715 -5.833148
v 6.899370 28.960419 -5.982469
v 7.046632 29.005226 -6.014449
v 6.867596 28.815273 -5.908845
v 7.195200 28.836563 -5.893100
v 10.268578 29.307911 -6.187371
v 10.070358 29.119041 -6.062878
v 9.930349 29.305172 -6.201864
v 10.120550 29.386147 -6.274876
v 9.927052 29.182945 -6.083508
v 10.270407 29.160515 -6.112396
v -10.699433 25.279408 -8.862921
v -10.681175 25.411381 -9.002131
v -10.669791 25.529530 -8.843843
v -10.673382 25.413342 -8.747767
v -10.685783 25.524315 -8.944767
v -10.672908 25.290573 -8.959361
v -2.642573 26.887543 -8.869781
v -2.620103 26.994251 -8.999167
v -2.628974 27.133366 -8.841777
v -2.603007 27.015682 -8.739652
v -2.607009 26.892075 -8.963140
v -2.627487 27.110668 -8.940600
v 5.017753 26.433243 -9.274393
v 5.042329 26.527313 -9.398869
v 5.023334 26.676914 -9.241923
v 5.064073 26.558479 -9.136774
v 5.057836 26.434452 -9.366210
v 5.033555 26.645477 -9.339698
v 1.461504 29.984867 -4.623518
v 1.465534 30.152729 -4.815900
v 1.456107 30.279373 -4.608465
v 1.469728 30.139320 -4.549230
v 1.529023 30.284451 -4.749869
v 1.479950 29.989223 -4.755241
v 7.101897 25.893093 -9.378047
v 7.415323 26.051479 -9.431794
v 7.275228 25.904568 -9.312940
v 7.126183 26.081474 -9.443122
v 7.288346 26.118580 -9.486619
v 7.418445 25.949490 -9.384267
v 13.158833 23.829510 10.901827
v 13.146992 23.726051 10.842398
v 13.146391 24.064781 10.839104
v 13.133211 24.044872 10.702896
v 13.199165 23.931770 10.612743
v 13.125219 23.779915 10.666801
v -10.598574 23.817757 11.330818
v -10.566034 23.645855 11.243795
v -10.569792 23.983932 11.269682
v -10.597450 23.958187 11.115976
v -10.569775 23.810135 10.999535
v -10.541163 23.681690 11.078684
v 13.661667 37.042175 -1.093552
v 13.792192 36.753891 -1.276022
v 13.989483 37.042244 -1.119134
v 13.793589 37.072586 -1.079475
v 13.957460 36.879745 -1.225659
v 13.631985 36.856148 -1.246633
v 3.864146 29.424404 -6.857989
v 4.264202 29.576580 -6.955188
v 4.073825 29.355530 -6.774950
v 3.912225 29.581886 -6.944820
v 4.060510 29.646538 -7.005670
v 4.228529 29.471317 -6.818860
v -13.667059 36.206451 -0.861576
v -13.825413 35.996681 -1.046518
v -14.007378 36.186905 -0.869949
v -13.838036 36.264797 -0.828536
v -13.990667 36.102531 -0.989838
v -13.696424 36.070465 -0.959824
v 6.323445 35.210159 0.057549
v -2.121857 34.855335 0.058650
v 6.357369 35.519855 -0.300638
v -2.106879 35.146492 -0.305260
v 6.321833 35.743126 0.075743
v -2.123139 35.387848 0.086146
v 6.321351 35.426140 0.179906
v -2.138225 35.093391 0.189742
v -2.146677 35.368587 -0.149165
v 6.302025 35.726017 -0.153406
v 6.315925 35.272118 -0.204610
v -2.113701 34.908417 -0.197510
v 4.756856 35.541813 -0.349586
v 4.564636 35.311932 -0.203362
v 4.369498 35.526108 -0.359032
v 4.561764 35.605495 -0.395851
v 4.745068 35.376060 -0.248017
v 4.416698 35.391457 -0.285734
v 5.294243 36.715904 0.683787
v 5.096898 36.480171 0.813842
v 4.881974 36.693993 0.657467
v 5.099111 36.775421 0.619860
v 5.260829 36.551144 0.754568
v 4.945633 36.561138 0.731330
v 13.798714 28.452461 -6.478782
v 13.798714 28.268127 -6.565436
v 13.798714 28.636799 -6.565436
v 13.798714 28.636799 -6.738739
v 13.798714 28.452461 -6.825393
v 13.798714 28.268127 -6.738739
v -12.361979 28.268921 -6.753258
v -12.361979 28.084583 -6.839912
v -12.361979 28.453259 -6.839912
v -12.361979 28.453259 -7.013216
v -12.361979 28.268921 -7.099869
v -12.361979 28.084583 -7.013216
v 10.659155 24.795380 -9.987650
v 10.659155 24.611042 -10.074306
v 10.659155 24.979713 -10.074306
v 10.659155 24.979713 -10.247608
v 10.659155 24.795380 -10.334261
v 10.659155 24.611042 -10.247608
v -10.906237 24.795376 -9.987666
v -10.906237 24.611042 -10.074322
v -10.906237 24.979713 -10.074322
v -10.906237 24.979713 -10.247624
v -10.906237 24.795376 -10.334277
v -10.906237 24.611042 -10.247624
v -12.361979 31.453419 -3.453050
v -12.361979 31.637756 -3.539704
v -12.361979 31.822090 -3.453050
v -12.361979 31.822090 -3.279747
v -12.361979 31.453419 -3.279747
v -12.361979 31.637756 -3.193092
v 13.977409 32.091740 -3.072262
v 13.977409 32.276077 -3.158914
v 13.977409 32.460411 -3.072262
v 13.977409 32.460411 -2.898957
v 13.977409 32.091740 -2.898957
v 13.977409 32.276077 -2.812303
v 3.586818 28.216644 -6.738747
v 3.586818 28.400982 -6.478789
v 3.586818 28.585316 -6.565444
v 3.586818 28.400982 -6.825400
v 3.586818 28.216644 -6.565444
v 3.586818 28.585316 -6.738747
v -4.938402 28.521317 -6.565451
v -4.938402 28.705654 -6.825407
v -4.938402 28.889992 -6.565451
v -4.938402 28.705654 -6.478796
v -4.938402 28.521317 -6.738753
v -4.938402 28.889992 -6.738753
v 6.428560 32.231438 -3.072268
v 6.428560 31.862766 -3.072268
v 6.428560 31.862766 -2.898963
v 6.428560 32.231438 -2.898963
v 6.428560 32.047104 -3.158920
v 6.428560 32.047104 -2.812309
v 2.165951 32.374516 -3.158923
v 2.165951 32.558846 -2.898966
v 2.165951 32.190178 -2.898966
v 2.165951 32.190178 -3.072271
v 2.165951 32.374516 -2.812312
v 2.165951 32.558846 -3.072271
v -7.395941 27.916897 -7.612904
v -7.058058 28.061623 -7.728282
v -7.251959 27.886700 -7.569099
v -7.401418 28.106670 -7.743929
v -7.245482 28.160736 -7.754045
v -7.060822 27.932171 -7.620570
v -7.641849 28.601147 -7.281817
v -7.191730 28.747486 -7.398501
v -7.496732 28.570839 -7.238361
v -7.647825 28.790558 -7.412467
v -7.488319 28.842110 -7.422402
v -7.195022 28.617527 -7.290241
v 6.754314 24.909954 -11.085277
v 7.099655 25.087151 -11.153601
v 6.956887 24.923676 -11.019228
v 6.790883 25.126186 -11.155323
v 6.967619 25.153728 -11.213225
v 7.110155 24.985867 -11.107773
v 7.299254 22.064129 -12.767483
v 7.203266 26.022255 -9.457105
v 7.286966 22.019478 -12.745649
v 6.784628 26.269432 -9.974302
v 7.369168 22.026443 -12.707522
v 7.381455 22.071091 -12.729357
v 6.812882 26.326401 -9.945766
v 7.016987 25.827633 -9.485284
v 6.615433 22.739185 -12.346663
v 6.519979 22.571808 -12.459024
v 6.562195 22.674637 -12.545965
v 6.645339 22.811234 -12.464451
v 6.851806 26.318184 -9.958788
v 6.823553 26.261215 -9.987322
v 7.135468 22.327698 -12.513715
v 7.057921 22.353672 -12.579203
v 7.118765 22.391182 -12.599001
v 7.183900 22.372311 -12.550641
v 7.300106 25.947536 -9.571870
v 7.164438 25.769337 -9.610363
v 6.895447 26.006104 -9.767755
v 7.009399 26.151192 -9.743406
v 7.080301 26.086246 -9.824240
v 6.985538 25.982487 -9.843127
v -2.036590 30.658360 -5.712470
v -2.012349 30.804005 -5.767025
v -1.947049 30.767025 -5.814473
v -1.971291 30.621391 -5.759912
v -1.418251 30.539528 -5.285176
v -1.363815 30.713463 -5.438718
v -1.295388 30.549652 -5.504700
v -1.350641 30.422966 -5.387445
v -7.416868 28.468834 -7.138697
v -7.285054 28.590263 -7.432409
v -7.646718 28.630272 -7.171367
v -7.569222 28.765636 -7.417519
v -7.980753 28.223808 -8.149899
v -8.053591 28.121700 -7.962105
v -8.204418 28.246216 -7.987832
v -8.146849 28.310276 -8.134478
v 6.420716 21.881313 -12.897228
v 6.619764 21.986393 -12.942114
v 6.535865 21.891449 -12.860901
v 6.438180 22.009487 -12.940502
v 6.544430 22.025291 -12.976892
v 6.624214 21.927795 -12.913904
v 12.131718 21.456432 -13.413395
v 11.989597 21.478851 -13.434158
v 12.204062 21.508389 -13.454338
v 12.131390 21.636307 -13.515600
v 12.038403 21.652798 -13.496006
v 11.938635 21.568985 -13.467125
v 13.896286 38.591457 0.618670
v 13.766613 38.507011 0.629232
v 13.989130 38.611835 0.559204
v 13.903341 38.734695 0.508508
v 13.793730 38.702351 0.516220
v 13.724998 38.624897 0.587965
v 12.284222 30.444778 -5.511408
v 12.333565 30.623055 -5.611934
v 12.512812 30.500343 -5.558614
v 12.431284 30.476364 -5.502606
v 12.425888 30.622406 -5.628719
v 12.237513 30.546520 -5.554508
v 11.085489 25.733711 -9.719434
v 11.156368 25.610317 -9.642953
v 11.407822 25.615772 -9.626184
v 11.521317 25.669552 -9.699109
v 11.418276 25.827583 -9.820272
v 11.276081 25.852867 -9.800048
v 11.653952 28.566872 -7.056106
v 11.329109 28.305176 -6.849680
v 11.498617 28.583828 -7.036022
v 11.764128 28.400562 -6.933579
v 11.640079 28.344997 -6.855810
v 11.255024 28.443165 -6.932724
v 11.349333 27.794441 -7.804200
v 11.444565 27.411499 -7.741130
v 11.565880 27.863918 -7.666980
v 11.673595 27.556541 -7.585526
v 12.210123 27.088177 -8.464477
v 12.139431 27.329777 -8.525090
v 12.284685 27.368870 -8.420452
v 12.339161 27.181633 -8.385829
v 11.391630 22.537910 -11.334326
v 11.275053 22.775417 -11.436171
v 11.392616 22.759312 -11.458994
v 11.483223 22.601864 -11.385530
v 11.194733 22.546402 -11.352070
v 11.131866 22.661896 -11.393251
v -1.186118 23.440948 12.470394
v -1.003642 23.383282 12.417110
v -1.364819 23.381504 12.450182
v -1.413011 23.206734 12.340258
v -1.201374 23.143772 12.263899
v -1.040943 23.188530 12.319946
v -0.909332 36.198013 -0.758163
v -0.769544 36.128319 -0.827370
v -1.088765 36.152740 -0.837616
v -1.163509 36.015263 -0.930089
v -0.905495 35.874115 -1.007354
v -0.761433 35.981987 -0.921267
v 1.816478 22.754211 12.210649
v 1.996109 22.696564 12.118504
v 1.687139 22.684608 12.152498
v 1.665412 22.547413 12.038055
v 1.833715 22.475380 11.980946
v 2.051187 22.526585 12.014046
v 1.357358 36.317749 -0.646187
v 1.592697 36.273514 -0.651138
v 1.234273 36.247944 -0.666027
v 1.254377 36.057865 -0.803621
v 1.427448 36.075592 -0.873058
v 1.567377 36.101505 -0.795421
v 4.527971 22.452099 12.517202
v 4.663497 22.342228 12.455677
v 4.388041 22.377354 12.463770
v 4.324790 22.207844 12.362549
v 4.518476 22.126743 12.300201
v 4.635107 22.170067 12.337194
v 5.010154 36.631023 -1.525536
v 5.176726 36.527176 -1.566817
v 4.812377 36.561054 -1.556329
v 4.779344 36.409698 -1.652060
v 4.977910 36.325699 -1.715387
v 5.149948 36.427277 -1.661298
v 7.119572 21.970329 12.947353
v 7.308472 21.900612 12.820772
v 6.998043 21.887280 12.875053
v 6.980050 21.721283 12.745651
v 7.170176 21.681931 12.715849
v 7.328610 21.753483 12.738863
v 7.228563 36.595715 -1.443426
v 7.428587 36.526829 -1.459134
v 7.040831 36.560368 -1.453619
v 7.061287 36.384743 -1.536460
v 7.213352 36.283627 -1.573235
v 7.420789 36.399857 -1.543738
v -3.793129 22.496170 12.428253
v -3.614502 22.439838 12.405161
v -3.897478 22.478500 12.371582
v -3.873094 22.293434 12.294619
v -3.751821 22.189861 12.209394
v -3.584011 22.283447 12.286558
v -3.600259 36.052143 -1.330063
v -3.385874 35.987808 -1.385112
v -3.714694 36.005928 -1.372006
v -3.801107 35.811832 -1.492518
v -3.591019 35.770531 -1.566340
v -3.459722 35.872833 -1.486737
v -6.205642 22.253860 12.595282
v -5.998857 22.200672 12.574053
v -6.355869 22.157654 12.490139
v -6.360495 22.057072 12.429909
v -6.189472 21.953884 12.374098
v -5.986091 22.034042 12.389338
v -7.102723 36.505501 -0.410832
v -6.949665 36.436832 -0.479587
v -7.277893 36.444145 -0.504830
v -7.288081 36.268444 -0.552604
v -7.112826 36.205925 -0.613074
v -6.938745 36.264221 -0.574209
v 13.926964 30.159115 4.470572
v 13.920685 30.062160 4.474116
v 13.887449 30.258007 4.514318
v 13.924171 30.229553 4.609377
v 13.971167 30.094337 4.657638
v 13.895111 30.046970 4.640265
v -12.780928 30.113697 4.218228
v -12.734125 29.966557 4.257916
v -12.678917 30.229862 4.264142
v -12.659086 30.266132 4.414907
v -12.725243 30.137478 4.491982
v -12.753452 29.985210 4.457125
v 12.814999 26.491360 8.645267
v 12.814022 26.345825 8.730467
v 12.752295 26.604546 8.729244
v 12.803249 26.634293 8.834370
v 12.804182 26.528336 8.889320
v 12.805578 26.370266 8.833071
v 2.016369 30.703201 5.733685
v 1.852550 30.493649 5.553946
v 1.682675 30.684441 5.743236
v 1.808887 30.754143 5.782231
v 1.681863 30.520802 5.617217
v 2.031251 30.532207 5.609315
v 4.679227 30.593819 5.777960
v 4.507304 30.385334 5.625938
v 4.359331 30.628319 5.787251
v 4.528184 30.700676 5.829362
v 4.311189 30.467888 5.688772
v 4.651643 30.457787 5.671476
v 7.314959 29.751774 5.815465
v 7.138194 29.520832 5.705953
v 6.965867 29.761879 5.845365
v 7.120497 29.821075 5.886609
v 6.967093 29.591068 5.739244
v 7.321124 29.614723 5.732204
v -1.010201 29.628006 5.960230
v -1.177045 29.381149 5.793634
v -1.350400 29.639328 5.971643
v -1.171335 29.691689 6.021475
v -1.411868 29.483204 5.870444
v -1.024799 29.457462 5.864697
v -3.591450 30.561172 5.856610
v -3.762681 30.327549 5.668115
v -3.897344 30.589561 5.846379
v -3.787956 30.621506 5.895684
v -3.928362 30.399982 5.747642
v -3.613126 30.425491 5.746499
v -6.934083 29.795258 5.849504
v -7.110969 29.556408 5.682789
v -7.276700 29.777405 5.794931
v -7.114005 29.856190 5.894499
v -7.284107 29.639263 5.740927
v -6.922238 29.625641 5.709839
v 0.854270 31.594555 4.459970
v 0.883949 31.696102 4.668761
v 0.865253 31.824131 4.483184
v 0.834008 31.716599 4.438352
v 0.893530 31.828037 4.606096
v 0.831817 31.596287 4.642647
v 6.539130 31.503605 4.607736
v 6.517766 31.303169 4.467040
v 6.557836 31.370029 4.663200
v 6.506642 31.515881 4.498750
v 6.510773 31.412666 4.454463
v 6.493758 31.296436 4.641453
v -10.579105 25.279408 8.744184
v -10.597364 25.411381 8.883398
v -10.608747 25.529530 8.725111
v -10.605158 25.413342 8.629032
v -10.592756 25.524315 8.826035
v -10.605632 25.290573 8.840631
v -3.565930 25.531746 8.830196
v -3.553716 25.265057 8.737324
v -3.567763 25.422298 8.886358
v -3.599400 25.519478 8.727173
v -3.566254 25.404793 8.637146
v -3.571197 25.282860 8.836845
v 3.579377 27.401798 8.832285
v 3.590877 27.124222 8.733896
v 3.578929 27.294098 8.887838
v 3.537167 27.380791 8.728210
v 3.585093 27.266857 8.641205
v 3.577908 27.145344 8.834955
v -7.762059 25.284512 10.294817
v -7.404140 25.436211 10.423256
v -7.590362 25.189449 10.236553
v -7.756548 25.399960 10.350061
v -7.602338 25.489918 10.454132
v -7.391654 25.264278 10.257483
v 3.436829 27.231358 8.790518
v 3.775809 27.119736 9.406811
v 3.711532 27.084187 9.398973
v 3.545624 27.392235 8.823212
v 3.731959 27.056026 9.379757
v 3.796234 27.091583 9.387587
v 3.558792 27.169254 8.769279
v 3.668859 27.294495 8.789043
v 3.831642 27.344402 9.173790
v 3.733361 27.220650 9.156292
v 3.840508 27.174355 9.133476
v 3.911275 27.269623 9.153107
v -6.900620 31.232578 -4.677441
v -6.895601 31.361732 -4.758257
v -6.904778 31.436607 -4.652557
v -6.873574 31.372566 -4.645589
v -6.866151 31.245842 -4.741568
v -6.843700 31.429897 -4.738276
v -1.433990 25.168068 -9.507768
v -1.061828 25.320438 -9.624741
v -1.267560 25.093491 -9.459318
v -1.397950 25.301888 -9.631476
v -1.263574 25.383286 -9.666213
v -1.088632 25.209869 -9.510142
v 9.782545 14.815026 4.395686
v 10.196516 14.819539 4.419389
v 9.766647 14.783711 2.370436
v 10.190866 14.716014 2.532313
v 10.016397 14.838683 6.602006
v 10.305737 14.702745 6.625485
v 9.971876 14.867565 5.383397
v 10.408785 14.764447 5.417689
v 9.769966 14.862103 8.398228
v 10.224878 14.799651 8.426664
v 9.780661 14.820613 6.690303
v 10.136909 14.803233 6.775228
v 9.790705 14.800370 -1.212096
v 10.123362 14.784024 -1.214081
v 9.778648 14.776163 -2.227655
v 10.183115 14.818049 -2.297029
v 10.008932 18.617661 1.183333
v 10.432894 18.693321 1.109721
v 9.965586 18.699059 -1.347849
v 10.356621 18.807404 -1.056828
v 9.283619 14.768027 -5.084378
v 9.627571 14.840615 -5.062598
v 9.329443 14.758605 -6.641233
v 9.802731 14.837285 -6.434395
v 9.787924 14.829532 -3.430029
v 10.006590 14.793304 -3.399449
v 9.786667 14.813136 -5.117949
v 10.032637 14.833091 -5.010027
v 9.701244 24.205112 -1.212199
v 10.069216 24.296406 -1.136956
v 9.702869 24.166206 1.138741
v 10.151731 24.208946 1.108302
v 10.241467 35.509647 0.425933
v 9.803354 35.509647 0.425933
v 9.733799 29.158169 -5.019328
v 9.749310 27.252174 -6.653380
v 10.108175 29.030472 -5.128810
v 10.194065 32.275879 -2.346447
v 9.777142 32.375320 -2.261194
v 9.822420 33.553505 -1.251112
v 9.796169 31.094116 -3.359597
v 10.204552 30.985455 -3.452753
v 10.172644 28.962936 -5.186702
v 9.773066 29.106884 -5.063300
v 10.179605 33.617725 -1.196050
v 9.828892 33.717628 -1.110403
v 10.229218 33.480404 -1.313781
v 10.101690 27.368397 -6.553741
v 10.266937 34.715076 1.107135
v 9.797585 34.721039 1.102027
v 9.798561 30.845734 4.424409
v 10.184814 30.899433 4.378369
v 10.191133 33.148399 2.450283
v 9.807472 32.978970 2.595538
v 9.752674 29.742462 5.370264
v 9.827660 28.134911 6.748457
v 10.116411 28.141609 6.742714
v 9.837029 26.092518 8.499445
v 10.186056 26.199635 8.407612
v 9.783846 28.206505 6.687076
v 10.235380 28.206104 6.687423
v 10.160246 29.610184 5.483675
v 9.713978 14.758755 5.302340
v 10.113993 14.908425 5.431060
v 9.728979 14.717350 4.443180
v 10.163225 14.819685 4.450808
v 9.747589 14.887070 -2.257262
v 10.112919 14.884450 -2.319153
v 9.617636 14.813018 -3.421312
v 10.032213 14.901423 -3.323431
v 9.784452 18.657223 2.477976
v 10.255209 18.827362 2.321616
v 9.848698 18.688259 1.173598
v 10.223665 18.601696 1.166414
v 9.809242 14.865048 -6.702007
v 10.244349 14.812362 -6.745913
v 9.837412 14.762979 -8.148721
v 10.192581 14.701413 -7.969088
v 9.790913 31.147476 -3.313852
v 9.842602 32.187649 -2.422087
v 10.181704 32.294613 -2.330383
v 10.221632 31.010864 -3.430969
v 9.860628 27.319164 -6.595950
v 10.218634 25.544209 -8.117657
v 10.157991 27.186596 -6.709600
v 9.807941 25.542458 -8.119160
v 9.774118 29.763855 5.351926
v 10.151997 33.274429 2.342235
v 9.790173 34.639328 1.172079
v 9.788876 33.186275 2.417810
v 10.179247 29.565510 5.521973
v 9.815361 30.708866 4.541746
v 10.173985 34.577103 1.225427
v 10.125717 30.918358 4.362146
v -12.055558 14.815026 4.395685
v -11.641587 14.819539 4.419388
v -12.071456 14.783711 2.370435
v -11.647236 14.716014 2.532312
v -11.821707 14.838683 6.602006
v -11.532368 14.702745 6.625485
v -11.866228 14.867565 5.383397
v -11.429317 14.764447 5.417689
v -12.068137 14.862103 8.398228
v -11.613226 14.799651 8.426664
v -12.057444 14.820613 6.690303
v -11.701195 14.803233 6.775228
v -12.047398 14.800370 -1.212097
v -11.714743 14.784024 -1.214082
v -12.059455 14.776163 -2.227655
v -11.654989 14.818049 -2.297029
v -11.829170 14.726069 1.183332
v -11.405210 14.801732 1.109720
v -11.872519 14.807467 -1.347850
v -11.481483 14.915812 -1.056828
v -12.554485 14.768027 -5.084378
v -12.210532 14.840615 -5.062597
v -12.508661 14.758605 -6.641233
v -12.035374 14.837285 -6.434395
v -12.050179 14.829532 -3.430029
v -11.831514 14.793304 -3.399449
v -12.051437 14.813136 -5.117949
v -11.805467 14.833091 -5.010027
v -12.023765 24.205112 -1.212200
v -11.655794 24.296406 -1.136957
v -12.022139 24.166206 1.138741
v -11.573277 24.208946 1.108302
v -11.596637 35.509647 0.425932
v -12.034750 35.509647 0.425932
v -12.104304 29.158169 -5.019328
v -12.088795 27.252174 -6.653380
v -11.729929 29.030472 -5.128809
v -11.644039 32.275879 -2.346447
v -12.060963 32.375320 -2.261193
v -12.015683 33.553505 -1.251112
v -12.041934 31.094116 -3.359597
v -11.633553 30.985455 -3.452752
v -11.665460 28.962936 -5.186701
v -12.065039 29.106884 -5.063300
v -11.658499 33.617725 -1.196051
v -12.009212 33.717628 -1.110404
v -11.608887 33.480404 -1.313782
v -11.736414 27.368397 -6.553741
v -11.571165 34.715076 1.107134
v -12.040520 34.721039 1.102027
v -12.039541 30.845734 4.424408
v -11.653288 30.899433 4.378368
v -11.646969 33.148399 2.450282
v -12.030631 32.978970 2.595537
v -12.085428 29.742462 5.370264
v -12.010443 28.134911 6.748457
v -11.721691 28.141609 6.742714
v -12.001074 26.092518 8.499445
v -11.652048 26.199635 8.407612
v -12.054256 28.206505 6.687076
v -11.602723 28.206104 6.687423
v -11.677858 29.610184 5.483675
v -12.124125 14.758755 5.302340
v -11.724110 14.908425 5.431060
v -12.109123 14.717350 4.443179
v -11.674877 14.819685 4.450808
v -12.090513 14.887070 -2.257262
v -11.725185 14.884450 -2.319152
v -12.220469 14.813018 -3.421312
v -11.805891 14.901423 -3.323431
v -12.053650 14.765634 2.477975
v -11.582893 14.935772 2.321616
v -11.989406 14.796668 1.173597
v -11.614437 14.710107 1.166413
v -12.028862 14.865048 -6.702007
v -11.593756 14.812362 -6.745913
v -12.000692 14.762979 -8.148721
v -11.645523 14.701413 -7.969088
v -12.047191 31.147476 -3.313852
v -11.995502 32.187649 -2.422087
v -11.656400 32.294613 -2.330383
v -11.616472 31.010864 -3.430969
v -11.977475 27.319164 -6.595950
v -11.619471 25.544209 -8.117657
v -11.680113 27.186596 -6.709600
v -12.030162 25.542458 -8.119160
v -12.063984 29.763855 5.351926
v -11.686108 33.274429 2.342234
v -12.047930 34.639328 1.172078
v -12.049229 33.186275 2.417809
v -11.658855 29.565510 5.521973
v -12.022742 30.708866 4.541745
v -11.664119 34.577103 1.225426
v -11.712387 30.918358 4.362145
v 3.645330 4.744208 7.337022
v 3.149435 4.665501 7.264545
v 3.528799 3.714015 7.318505
v 3.170009 3.843313 7.257701
v 3.674912 4.654675 -6.188008
v 3.173686 4.639431 -6.304963
v 3.530464 3.841576 -6.260244
v 3.237712 3.783834 -6.336804
v -8.369440 4.934265 -6.256399
v -7.875853 4.853367 -6.249565
v -8.253572 3.713046 -6.237610
v -7.897311 3.844828 -6.243868
v -8.394106 4.843406 7.211249
v -7.894861 4.827830 7.327978
v -8.251678 3.841582 7.281689
v -7.957144 3.784029 7.358483
v -8.858921 3.852402 7.333965
v -9.354815 3.773692 7.261515
v -8.975452 2.822206 7.315451
v -9.334239 2.951506 7.254669
v -8.829345 3.762867 -6.187045
v -9.330572 3.747622 -6.303966
v -8.973794 2.949768 -6.259262
v -9.266544 2.892024 -6.335793
v 4.151968 3.859412 -6.227271
v 4.645553 3.778512 -6.220499
v 4.267840 2.638188 -6.208530
v 4.624096 2.769973 -6.214843
v 4.127336 3.768536 7.184593
v 4.626592 3.752966 7.300826
v 4.269777 2.766742 7.254791
v 4.564293 2.709146 7.331157
v -9.803366 3.662797 6.834989
v -10.046225 4.127904 6.855345
v -10.092003 3.700546 6.337150
v -10.031820 4.169842 6.346554
v 4.795703 3.700012 6.789649
v 4.752985 4.104994 6.893867
v 4.995785 3.731074 6.372287
v 5.010168 4.150466 6.332512
v -10.112625 3.675675 -5.667670
v -10.020843 4.149302 -5.604606
v -10.074269 3.682339 -6.369236
v -10.178926 4.091167 -6.380165
v 5.096836 3.661489 -5.631390
v 4.894960 4.124412 -5.656999
v 4.905900 3.680976 -6.422929
v 5.125576 4.141353 -6.368136
v 3.393768 -0.024999 -5.601042
v 4.064564 -0.024999 -5.528616
v 3.464788 -0.024999 -4.729352
v 4.248414 -0.024999 -4.708611
v 3.463499 15.057652 -5.574770
v 4.134080 15.095238 -5.489321
v 3.350383 15.080624 -4.681905
v 4.060972 15.149421 -4.663811
v 3.518201 -0.024999 5.804898
v 4.086698 -0.024999 5.732482
v 3.414833 -0.024999 6.571193
v 4.243077 -0.024999 6.551144
v 3.573330 14.944030 5.720359
v 4.201059 15.122205 5.761308
v 3.464675 14.985574 6.603318
v 4.185979 15.112895 6.617688
v -9.060401 -0.024999 -5.601045
v -8.389606 -0.024999 -5.528619
v -8.989380 -0.024999 -4.729355
v -8.205753 -0.024999 -4.708613
v -8.990669 15.057651 -5.574773
v -8.320089 15.095236 -5.489324
v -9.103785 15.080624 -4.681907
v -8.393197 15.149421 -4.663814
v -8.935967 -0.024999 5.804894
v -8.367469 -0.024999 5.732478
v -9.039335 -0.024999 6.571190
v -8.211094 -0.024999 6.551140
v -8.880840 14.944030 5.720356
v -8.253109 15.122205 5.761305
v -8.989493 14.985574 6.603315
v -8.268188 15.112895 6.617685
v -8.730304 13.225204 6.213923
v -9.223946 13.115864 6.178153
v -8.845293 12.291064 6.567905
v -9.204232 12.372928 6.468147
v -8.697283 5.883507 -5.420761
v -9.201729 5.809557 -5.516570
v -8.843806 5.117167 -5.189711
v -9.136389 5.024904 -5.237245
v 3.928126 6.099233 -5.576334
v 4.424842 6.031843 -5.542051
v 4.046168 5.013178 -5.124990
v 4.401224 5.128739 -5.177637
v 3.905862 13.247705 6.069112
v 4.403087 13.295461 6.176762
v 4.046923 12.384109 6.489926
v 4.340899 12.374393 6.577544
v -8.090924 5.335363 6.285533
v -8.541721 5.303163 6.196388
v -8.193190 4.428207 5.884962
v -8.523271 4.576843 5.885066
v -7.948420 12.395131 -5.085122
v -8.398468 12.442760 -5.189517
v -8.073098 11.707737 -5.450620
v -8.346228 11.697801 -5.534130
v 3.270567 12.680036 -5.042169
v 3.714231 12.602640 -5.067849
v 3.368789 11.582597 -5.479380
v 3.696769 11.703376 -5.436484
v 3.245070 5.488914 6.104423
v 3.697830 5.413411 6.194682
v 3.370443 4.561638 5.789093
v 3.646516 4.471387 5.830252
v 5.509499 11.494408 -4.943758
v 5.426424 11.418233 -4.382784
v 5.490723 10.466730 -4.804265
v 5.417203 10.593813 -4.406704
v -10.099913 11.405776 -4.976453
v -10.232212 11.391981 -4.408325
v -10.181334 10.593115 -4.806494
v -10.273193 10.536211 -4.487957
v -9.404150 12.220458 6.074738
v -9.396280 12.141747 5.516033
v -9.386370 11.001622 5.936712
v -9.389387 11.131151 5.540621
v 4.602277 12.129995 6.101705
v 4.721023 12.115883 5.535645
v 4.674864 11.129115 5.933834
v 4.755661 11.071402 5.613541
v 11.366732 14.646297 -6.676483
v 11.263233 15.043883 -6.724659
v 11.353189 14.565145 -5.429159
v 11.484270 14.959498 -5.380042
v -13.134819 14.501159 -6.651989
v -13.036951 14.959054 -6.665115
v -13.102743 14.593974 -5.470066
v -13.047709 14.908360 -5.442263
v 10.849279 14.536829 -9.284791
v 11.198696 14.906210 -9.191710
v 11.180891 14.587905 -8.174401
v 10.968079 15.028271 -8.149309
v -13.020279 14.584278 -9.246202
v -13.068663 14.952524 -9.123929
v -13.053190 14.513327 -8.105618
v -13.123768 14.905869 -8.069919
v 11.126480 14.565127 -3.182707
v 10.970293 15.021001 -3.115561
v 11.101301 14.707770 -2.360886
v 10.946301 14.999640 -2.464947
v -12.899469 14.544198 -3.097469
v -13.137201 15.007035 -3.087726
v -13.040331 14.713408 -2.470972
v -13.227173 14.917930 -2.411709
v 10.767670 14.565127 -4.510475
v 10.537088 14.963624 -4.514326
v 10.601982 14.599416 -3.126855
v 10.603546 15.012986 -3.128587
v -13.115295 14.619113 -4.637888
v -13.078753 15.007216 -4.587055
v -12.980417 14.583005 -3.079110
v -13.071459 14.999015 -3.125203
v 11.039181 14.584771 0.354485
v 10.993765 15.003272 0.327543
v 11.118279 14.585967 1.271911
v 10.989199 14.938119 1.344389
v -12.940340 14.525620 0.339808
v -12.869305 15.061646 0.325490
v -13.247896 14.510077 1.240893
v -13.167665 14.899781 1.328486
v 10.678717 14.598767 -0.574799
v 10.694483 14.964770 -0.568080
v 10.857878 14.524667 0.254443
v 10.786938 14.977290 0.315787
v -13.089462 14.646682 -0.641541
v -13.075689 15.006577 -0.596469
v -13.112022 14.590993 0.220106
v -13.086798 14.995206 0.327720
v 10.943548 14.575276 -1.756804
v 11.067503 14.971030 -1.716575
v 10.888153 14.554484 -0.652302
v 11.144993 14.971599 -0.633137
v -13.102192 14.522466 -1.704090
v -12.886793 14.915294 -1.731669
v -13.081890 14.610438 -0.699842
v -13.048588 14.960845 -0.646755
v 11.050171 14.645018 4.237193
v 10.996336 14.997580 4.146732
v 10.990450 14.601381 5.142550
v 11.049389 14.911814 5.115416
v -13.152609 14.609694 4.139385
v -12.921049 14.992626 4.148261
v -13.070892 14.612663 5.130228
v -13.116308 14.993385 5.140792
v 10.761900 14.573151 5.093119
v 10.766285 14.967936 5.202887
v 10.860722 14.572483 5.991462
v 10.636763 14.971741 6.071580
v -13.082157 14.576838 5.180774
v -13.015568 14.977440 5.164327
v -13.023251 14.514605 6.033535
v -13.146381 14.925951 6.114605
v 10.932955 14.568451 3.221989
v 10.809677 14.955235 3.243011
v 11.119316 14.571486 4.113972
v 11.003542 15.001518 4.105438
v -12.918179 14.566748 3.262067
v -13.081728 15.047565 3.174120
v -13.027817 14.595818 4.101393
v -13.253431 14.879818 4.145016
v 11.034737 14.527958 2.316139
v 11.050138 14.960299 2.371984
v 11.155790 14.584566 3.107123
v 11.193970 14.960821 3.233521
v -13.195517 14.616984 2.309664
v -13.044903 14.943091 2.358044
v -13.199060 14.511179 3.227644
v -13.208838 14.881052 3.196370
v 10.939812 14.594753 7.888578
v 11.024811 14.979120 7.910700
v 10.986097 14.599279 9.321552
v 11.090405 14.966871 9.407726
v -13.087521 14.602200 7.894491
v -12.963930 14.990990 7.984413
v -13.126486 14.617481 9.295149
v -13.022549 14.978865 9.391129
v 11.005951 14.572670 6.057376
v 11.240486 15.010878 6.071813
v 10.880701 14.553753 6.742231
v 10.929531 14.954773 6.726448
v -13.105021 14.530502 6.096973
v -13.038343 15.009233 6.085328
v -13.090048 14.544558 6.719851
v -13.050636 14.964983 6.756257
v 10.436457 14.547903 -7.285537
v 10.703901 14.973639 -7.307175
v 10.761097 14.578710 -6.724273
v 10.681149 15.009036 -6.749143
v -12.900452 14.584577 -7.217451
v -12.858797 14.927108 -7.347140
v -13.117113 14.607516 -6.766490
v -13.143436 14.979342 -6.712247
v 10.628937 14.569889 -8.190717
v 10.547417 15.005562 -8.098547
v 10.705647 14.587152 -7.318124
v 10.626301 14.944160 -7.356002
v -13.232927 14.546223 -8.084696
v -13.115982 14.933353 -8.186704
v -13.093901 14.585710 -7.238775
v -12.906425 15.039142 -7.340545
v 10.989620 14.556222 -2.383627
v 11.005808 14.959027 -2.393476
v 10.935610 14.565906 -1.744045
v 11.150446 15.038283 -1.671879
v -13.051287 14.624368 -2.357832
v -13.070864 14.987098 -2.415396
v -13.313931 14.578893 -1.750157
v -13.057102 14.890473 -1.705080
v 11.028231 14.573514 -5.449849
v 10.979843 14.974259 -5.400481
v 11.029072 14.626008 -4.619688
v 10.997355 14.973086 -4.633286
v -13.034460 14.568187 -5.416868
v -13.075840 14.963937 -5.400047
v -13.073156 14.681085 -4.565553
v -13.181200 14.954667 -4.621703
v 10.546558 14.591878 1.317445
v 10.495293 15.011886 1.302457
v 10.626417 14.525825 2.274968
v 10.713278 14.979445 2.366003
v -13.087452 14.566934 1.287812
v -12.848799 14.943460 1.232445
v -13.129070 14.544599 2.283064
v -12.967760 15.015436 2.436267
v 10.445021 14.540928 6.780945
v 10.656811 15.011631 6.872140
v 10.680630 14.514940 7.860018
v 10.664450 14.907345 7.860495
v -13.012735 14.518164 6.830343
v -13.130793 14.909527 6.784027
v -13.252628 14.566744 7.903635
v -13.079784 14.938818 7.828165
v 27.000092 -0.036931 0.912541
v 27.234282 0.312820 0.866726
v 27.078684 -0.097907 2.464372
v 27.277592 0.205287 2.581157
v 10.703079 14.341733 0.555858
v 11.044601 14.754876 0.531619
v 10.693178 14.329753 2.081373
v 10.941471 14.630117 2.229665
v 26.911509 0.080576 -0.675127
v 27.122227 0.376239 -0.660984
v 26.946367 -0.052489 0.733237
v 27.205473 0.324251 0.835059
v 10.698219 14.502821 -1.105540
v 10.927521 14.780211 -1.029233
v 10.662739 14.459899 0.353207
v 10.920277 14.771446 0.535393
v 13.476587 12.673144 -0.987527
v 13.726780 12.982775 -0.972442
v 13.805544 12.270188 -0.985553
v 14.083467 12.550695 -1.004658
v 13.387367 12.558214 2.583604
v 13.688520 12.903181 2.569340
v 13.812195 12.302908 2.578928
v 14.030273 12.529651 2.570907
v 10.837250 14.885936 -1.892063
v 11.112028 15.135755 -1.971720
v 11.212290 14.619152 -1.967661
v 11.513500 14.940557 -1.919146
v 10.880720 14.910709 3.549438
v 11.163706 15.151669 3.560468
v 11.183702 14.544664 3.556940
v 11.456293 14.827505 3.573030
v 16.711855 9.671856 -0.952510
v 17.036316 9.993278 -0.929745
v 17.059307 9.552564 -0.948840
v 17.221882 9.798725 -0.926248
v 16.724079 9.632846 2.549302
v 17.035551 9.975219 2.583951
v 17.029253 9.586987 2.569833
v 17.183767 9.723187 2.597065
v 15.584856 10.679420 -1.155965
v 15.849276 10.977557 -1.117239
v 16.032619 10.325103 -1.128138
v 16.307730 10.633899 -1.128401
v 15.581705 10.754642 2.855227
v 15.855988 11.030020 2.849091
v 16.036339 10.299757 2.832576
v 16.299456 10.622550 2.847866
v 20.236830 6.546792 -1.164367
v 20.507490 6.866184 -1.156902
v 20.519369 6.295802 -1.177366
v 20.776335 6.538433 -1.156152
v 20.192898 6.506720 2.777006
v 20.545761 6.910262 2.765329
v 20.459259 6.247736 2.827557
v 20.745897 6.514214 2.814370
v 19.302479 7.400902 -1.105120
v 19.548481 7.671915 -1.107711
v 19.507746 7.117989 -1.134567
v 19.828259 7.438580 -1.122907
v 19.313910 7.454943 2.801516
v 19.567623 7.710873 2.799253
v 19.541405 7.176858 2.805223
v 19.843861 7.448655 2.801077
v 18.224781 8.332877 -1.148650
v 18.500906 8.616868 -1.169023
v 18.550117 8.014132 -1.139543
v 18.834007 8.319831 -1.181758
v 18.205770 8.279029 2.803608
v 18.459118 8.579456 2.768206
v 18.572805 8.068894 2.800272
v 18.822653 8.315549 2.794797
v 24.059011 3.210484 -0.941388
v 24.266214 3.498158 -0.933542
v 24.307961 2.929385 -0.932684
v 24.506531 3.168262 -0.941275
v 24.005426 3.210999 2.586196
v 24.263376 3.494040 2.552445
v 24.311693 2.941174 2.574285
v 24.568687 3.222104 2.580905
v 24.920097 2.344252 -1.118793
v 25.216930 2.608429 -1.119514
v 25.195530 2.097112 -1.135035
v 25.486240 2.372765 -1.098225
v 24.949467 2.322930 2.800315
v 25.211420 2.626097 2.789370
v 25.169872 2.042405 2.790631
v 25.468933 2.326810 2.810870
v 23.034727 4.023518 -1.146908
v 23.298973 4.306094 -1.126645
v 23.310673 3.780883 -1.177538
v 23.594671 4.103818 -1.158510
v 23.045893 4.011239 2.773363
v 23.339348 4.393834 2.800243
v 23.323029 3.802470 2.791384
v 23.525705 4.002220 2.828466
v 22.117634 4.789101 -0.898865
v 22.422941 5.096081 -0.901062
v 22.398273 4.614135 -0.916132
v 22.687864 4.859932 -0.921579
v 22.174978 4.857244 2.557544
v 22.407185 5.087075 2.536058
v 22.386370 4.526331 2.558048
v 22.623285 4.810660 2.559443
v 25.756668 1.595691 -0.934944
v 26.053167 1.918414 -0.969128
v 25.954378 1.393559 -0.916689
v 26.216810 1.696855 -0.923805
v 25.740721 1.553379 2.579259
v 26.056219 1.913470 2.569541
v 25.941376 1.392844 2.577078
v 26.232769 1.696277 2.571332
v 12.576315 13.346024 -1.065301
v 12.853424 13.669352 -1.109260
v 12.769211 13.214893 -1.118660
v 13.048391 13.542532 -1.105519
v 12.621666 13.354666 2.770450
v 12.810133 13.645631 2.763602
v 12.775442 13.247955 2.806061
v 13.039921 13.510262 2.810387
v 11.831272 14.041600 -0.840979
v 12.149956 14.341090 -0.829350
v 12.110752 13.814896 -0.851921
v 12.337063 14.091448 -0.840602
v 11.848057 13.994843 2.562880
v 12.074751 14.311458 2.546199
v 12.134153 13.792031 2.543047
v 12.405111 14.158009 2.516305
v 17.438591 9.010191 -1.156221
v 17.704039 9.313189 -1.158882
v 17.641462 8.841811 -1.147343
v 17.978464 9.174157 -1.182655
v 17.491930 9.053906 2.795241
v 17.716009 9.340128 2.798459
v 17.648239 8.853166 2.838409
v 17.869747 9.073075 2.796197
v 14.508375 11.653069 -1.162566
v 14.790632 11.938274 -1.154613
v 14.798306 11.464280 -1.162705
v 15.025455 11.726764 -1.157491
v 14.514948 11.640038 2.792475
v 14.783882 11.930455 2.799277
v 14.851631 11.490475 2.798837
v 15.016733 11.709846 2.816593
v 21.210085 5.686213 -0.867986
v 21.485416 6.003446 -0.860514
v 21.460114 5.374080 -0.879626
v 21.790411 5.687261 -0.892286
v 21.184357 5.675748 2.576700
v 21.418306 5.971651 2.541917
v 21.475109 5.385847 2.582767
v 21.835972 5.694798 2.559255
v 26.587959 0.809922 -1.066710
v 26.929686 1.135796 -1.101520
v 26.902021 0.494284 -1.105435
v 27.163700 0.786694 -1.102777
v 26.587952 0.779383 2.788902
v 26.834568 1.083862 2.808309
v 26.949938 0.520925 2.828334
v 27.174744 0.819029 2.799924
v 22.393309 -0.024999 0.278666
v 22.828775 -0.024999 0.278666
v 22.393309 -0.024999 0.857751
v 22.828775 -0.024999 0.857751
v 22.393309 3.915605 0.278666
v 22.828775 3.915605 0.278666
v 22.393309 3.915605 0.857751
v 22.828775 3.915605 0.857751
v 17.596079 8.896306 0.814120
v 16.650621 8.896306 0.814120
v 17.596079 8.896306 0.322295
v 16.650621 8.896306 0.322295
v 17.596079 -0.024999 0.814120
v 16.650621 -0.024999 0.814120
v 17.596079 -0.024999 0.322295
v 16.650621 -0.024999 0.322295
v 10.399696 -0.025001 0.141950
v 11.108597 -0.025001 0.141950
v 10.399696 -0.025001 0.994467
v 11.108597 -0.025001 0.994467
v 10.399696 14.812774 0.141950
v 11.108597 14.812774 0.141950
v 10.399696 14.812774 0.994467
v 11.108597 14.812774 0.994467
vt 0.473347 0.030507
vt 0.246943 0.027862
vt 0.238827 -0.014224
vt 0.485247 -0.014224
vt 0.500933 0.178750
vt 0.238827 0.178359
vt 0.258679 0.129648
vt 0.507298 0.129648
vt 0.331457 -0.191810
vt 0.332386 -0.136098
vt 0.240517 -0.132150
vt 0.238827 -0.191810
vt 0.463708 -0.015997
vt 0.447043 -0.067023
vt 0.634511 -0.067023
vt 0.627477 -0.014771
vt 0.552017 -0.191654
vt 0.541122 -0.146649
vt 0.596655 0.290705
vt 0.737070 0.290705
vt 0.726289 0.344094
vt 0.588923 0.342708
vt 0.474556 0.129101
vt 0.238827 0.128033
vt 0.255294 0.076996
vt 0.486905 0.076996
vt 0.445881 -0.116333
vt 0.252182 -0.118878
vt 0.238827 -0.163820
vt 0.460965 -0.163820
vt 0.644675 0.031955
vt 0.492854 0.034604
vt 0.485625 -0.014224
vt 0.654970 -0.014224
vt 0.262993 -0.213756
vt 0.238827 -0.264267
vt 0.396565 -0.264267
vt 0.372973 -0.223754
vt 0.702050 0.350069
vt 0.685247 0.404301
vt 0.564160 0.393614
vt 0.552395 0.350069
vt 0.526945 0.172513
vt 0.733982 0.180913
vt 0.718384 0.218610
vt 0.526945 0.224754
vt 0.473347 0.030507
vt 0.246943 0.027862
vt 0.238827 -0.014224
vt 0.485247 -0.014224
vt 0.500933 0.178750
vt 0.238827 0.178359
vt 0.258679 0.129648
vt 0.507298 0.129648
vt 0.331457 -0.191810
vt 0.332386 -0.136098
vt 0.240517 -0.132150
vt 0.238827 -0.191810
vt 0.463708 -0.015997
vt 0.447043 -0.067023
vt 0.634511 -0.067023
vt 0.627477 -0.014771
vt 0.552017 -0.191654
vt 0.541122 -0.146649
vt 0.596655 0.290705
vt 0.737070 0.290705
vt 0.726289 0.344094
vt 0.588923 0.342708
vt 0.474556 0.129101
vt 0.238827 0.128033
vt 0.255294 0.076996
vt 0.486905 0.076996
vt 0.445881 -0.116333
vt 0.252182 -0.118878
vt 0.238827 -0.163820
vt 0.460965 -0.163820
vt 0.644675 0.031955
vt 0.492854 0.034604
vt 0.485625 -0.014224
vt 0.654970 -0.014224
vt 0.262993 -0.213756
vt 0.238827 -0.264267
vt 0.396565 -0.264267
vt 0.372973 -0.223754
vt 0.702050 0.350069
vt 0.685247 0.404301
vt 0.564160 0.393614
vt 0.552395 0.350069
vt 0.526945 0.172513
vt 0.733982 0.180913
vt 0.718384 0.218610
vt 0.526945 0.224754
vt 0.719019 -0.197491
vt 0.719019 -0.165431
vt 0.490803 -0.165431
vt 0.490803 -0.197491
vt 0.432175 -0.165431
vt 0.490804 0.770342
vt 0.432175 0.770342
vt 0.490804 0.802402
vt 0.719020 0.770342
vt 0.719020 0.802402
vt 0.777649 0.770342
vt 0.777649 -0.165431
vt 1.211492 -0.197491
vt 1.211492 0.738283
vt 0.988342 0.738283
vt 0.988342 -0.197491
vt 0.456278 0.000053
vt 0.456278 0.032113
vt 0.233128 0.032113
vt 0.233128 0.000053
vt 0.233129 0.999946
vt 0.233129 0.967887
vt 0.456279 0.967887
vt 0.456279 0.999946
vt 0.171966 0.032113
vt 0.171967 0.967887
vt 0.517441 0.967886
vt 0.517441 0.032113
vt 0.961127 0.000053
vt 0.961127 0.935828
vt 0.737977 0.935828
vt 0.737977 0.000053
vt 0.724892 0.602945
vt 0.724892 1.538719
vt 0.501742 1.538719
vt 0.501742 0.602945
vt 0.185964 0.420917
vt 0.247126 0.420917
vt 0.247127 1.356690
vt 0.185964 1.356690
vt 0.491979 0.420917
vt 0.491980 1.356690
vt 0.281206 1.570778
vt 0.220044 1.570778
vt 0.220043 0.635005
vt 0.281206 0.635005
vt 0.517441 1.639761
vt 0.456279 1.639761
vt 0.456279 1.179075
vt 0.517441 1.179098
vt 0.680344 -0.241374
vt 0.680344 -0.222138
vt 0.543414 -0.222138
vt 0.543414 -0.241374
vt 0.424658 -0.185791
vt 0.485838 -0.185791
vt 0.485839 0.790702
vt 0.424658 0.790702
vt 1.173830 -0.254198
vt 1.173830 0.307267
vt 1.039940 0.307267
vt 1.039940 -0.254198
vt 0.508237 -0.222138
vt 0.543415 0.339326
vt 0.508237 0.339326
vt 0.723985 -0.219246
vt 0.723985 -0.185791
vt 0.485838 -0.185791
vt 0.485838 -0.219246
vt 0.680344 -0.241374
vt 0.680344 -0.222138
vt 0.543414 -0.222138
vt 0.543414 -0.241374
vt 0.508237 -0.222138
vt 0.543415 0.339326
vt 0.508237 0.339326
vt 0.543415 0.358562
vt 0.680345 0.339326
vt 0.680345 0.358562
vt 0.715522 0.339326
vt 0.715522 -0.222138
vt 1.173830 -0.254198
vt 1.173830 0.307267
vt 1.039940 0.307267
vt 1.039940 -0.254198
vt 0.220043 0.602945
vt 0.220043 0.635005
vt -0.003107 0.635005
vt -0.003107 0.602945
vt -0.003106 1.602838
vt -0.003106 1.570778
vt 0.220044 1.570778
vt 0.220044 1.602838
vt -0.064269 0.635005
vt -0.064269 1.570778
vt 0.281206 1.570778
vt 0.281206 0.635005
vt 0.724892 0.602945
vt 0.724892 1.538719
vt 0.501742 1.538719
vt 0.501742 0.602945
vt 0.721065 0.405400
vt 0.721065 0.437461
vt 0.492849 0.437461
vt 0.492849 0.405400
vt 0.434221 0.437461
vt 0.492850 1.373234
vt 0.434221 1.373234
vt 0.492850 1.405293
vt 0.721066 1.373234
vt 0.721066 1.405293
vt 0.779695 1.373233
vt 0.779695 0.437461
vt 1.213538 0.405400
vt 1.213538 1.341175
vt 0.990388 1.341175
vt 0.990388 0.405400
vt -0.003106 1.570778
vt -0.003107 0.635005
vt 0.220043 0.635005
vt 0.220044 1.570778
vt 0.220043 0.602945
vt -0.003107 0.602945
vt 0.715522 0.339326
vt 0.680345 0.339326
vt 0.680344 -0.222138
vt 0.715522 -0.222138
vt 0.508237 -0.222138
vt 0.543414 -0.222138
vt 0.543415 0.339326
vt 0.508237 0.339326
vt 0.485839 0.824157
vt 0.485839 0.790702
vt 0.723986 0.790702
vt 0.723986 0.824157
vt 1.173830 -0.254198
vt 1.173830 0.307267
vt 1.039940 0.307267
vt 1.039940 -0.254198
vt 0.247127 1.356690
vt 0.247126 0.420917
vt 0.491979 0.420917
vt 0.491980 1.356690
vt 0.719019 -0.197491
vt 0.719019 -0.165431
vt 0.490803 -0.165431
vt 0.490803 -0.197491
vt 0.432175 -0.165431
vt 0.490804 0.770342
vt 0.432175 0.770342
vt 0.490804 0.802402
vt 0.719020 0.770342
vt 0.719020 0.802402
vt 0.777649 0.770342
vt 0.777649 -0.165431
vt 1.211492 -0.197491
vt 1.211492 0.738283
vt 0.988342 0.738283
vt 0.988342 -0.197491
vt 0.725987 -0.441353
vt 0.725987 -0.409293
vt 0.497771 -0.409293
vt 0.497771 -0.441353
vt 0.439142 -0.409293
vt 0.497772 0.526480
vt 0.439142 0.526480
vt 0.497772 0.558540
vt 0.725988 0.526480
vt 0.725988 0.558540
vt 0.784617 0.526480
vt 0.784616 -0.409293
vt 1.218460 -0.441353
vt 1.218460 0.494421
vt 0.995310 0.494421
vt 0.995309 -0.441353
vt 0.456278 0.000053
vt 0.456278 0.032113
vt 0.233128 0.032113
vt 0.233128 0.000053
vt 0.233129 0.999946
vt 0.233129 0.967887
vt 0.456279 0.967887
vt 0.456279 0.999946
vt 0.171966 0.032113
vt 0.171967 0.967887
vt 0.517441 0.967886
vt 0.517441 0.032113
vt 0.961127 0.000053
vt 0.961127 0.935828
vt 0.737977 0.935828
vt 0.737977 0.000053
vt 0.957300 -0.197491
vt 0.957300 -0.165431
vt 0.729084 -0.165431
vt 0.729084 -0.197491
vt 0.670456 -0.165431
vt 0.729085 0.770342
vt 0.670456 0.770342
vt 0.729085 0.802402
vt 0.957302 0.770342
vt 0.957302 0.802402
vt 1.015930 0.770342
vt 1.015930 -0.165431
vt 1.449774 -0.197491
vt 1.449773 0.738283
vt 1.226623 0.738283
vt 1.226623 -0.197491
vt 0.193008 0.147430
vt 0.193008 0.166666
vt 0.046097 0.166666
vt 0.046097 0.147430
vt 0.009400 0.166666
vt 0.046097 0.728129
vt 0.009400 0.728129
vt 0.046097 0.747366
vt 0.193009 0.728129
vt 0.193009 0.747366
vt 0.229706 0.728129
vt 0.229706 0.166666
vt 0.674294 0.134606
vt 0.674294 0.696070
vt 0.540404 0.696070
vt 0.540404 0.134606
vt 0.237706 0.355522
vt 0.237706 0.387582
vt 0.009490 0.387582
vt 0.009490 0.355522
vt -0.049139 0.387582
vt 0.009491 1.323355
vt -0.049139 1.323355
vt 0.009491 1.355415
vt 0.237707 1.323355
vt 0.237707 1.355415
vt 0.296335 1.323355
vt 0.296335 0.387582
vt 0.730179 0.355522
vt 0.730179 1.291296
vt 0.507028 1.291296
vt 0.507028 0.355522
vt 0.220043 0.833414
vt 0.220043 0.865474
vt -0.003107 0.865474
vt -0.003107 0.833414
vt -0.003106 1.833307
vt -0.003106 1.801247
vt 0.220044 1.801247
vt 0.220044 1.833307
vt -0.064269 0.865474
vt -0.064269 1.801247
vt 0.281206 1.801247
vt 0.281206 0.865474
vt 0.724892 0.833414
vt 0.724892 1.769188
vt 0.501742 1.769188
vt 0.501742 0.833414
vt 0.491979 -0.052549
vt 0.491979 -0.020489
vt 0.247126 -0.020489
vt 0.247126 -0.052549
vt 0.185964 -0.020489
vt 0.247127 0.915284
vt 0.185964 0.915284
vt 0.247127 0.947344
vt 0.491980 0.915284
vt 0.491980 0.947344
vt 0.553142 0.915284
vt 0.553141 -0.020489
vt 0.968924 -0.052549
vt 0.968924 0.883225
vt 0.745774 0.883225
vt 0.745774 -0.052549
vt 0.191136 0.542448
vt 0.191136 0.562521
vt 0.048248 0.562521
vt 0.048248 0.542448
vt 0.011540 0.562521
vt 0.048248 1.148417
vt 0.011540 1.148417
vt 0.048248 1.168490
vt 0.191136 1.148417
vt 0.191136 1.168490
vt 0.227844 1.148417
vt 0.227844 0.562521
vt 0.684556 0.530461
vt 0.684555 1.116358
vt 0.544839 1.116358
vt 0.544839 0.530461
vt 0.456278 0.671928
vt 0.456278 0.703988
vt 0.233128 0.703988
vt 0.233128 0.671928
vt 0.233129 1.671821
vt 0.233129 1.639761
vt 0.456279 1.639761
vt 0.456279 1.671821
vt 0.171966 0.703988
vt 0.171967 1.639761
vt 0.517441 1.639761
vt 0.517441 0.703988
vt 0.961127 0.671928
vt 0.961127 1.607703
vt 0.737977 1.607703
vt 0.737977 0.671928
vt 0.491979 0.388857
vt 0.491979 0.420917
vt 0.247126 0.420917
vt 0.247126 0.388857
vt 0.185964 0.420917
vt 0.247127 1.356690
vt 0.185964 1.356690
vt 0.247127 1.388750
vt 0.491980 1.356690
vt 0.491980 1.388750
vt 0.553142 1.356690
vt 0.553141 0.420917
vt 0.968924 0.388857
vt 0.968924 1.324631
vt 0.745774 1.324631
vt 0.745774 0.388857
vt 0.680344 0.200032
vt 0.680344 0.219268
vt 0.543414 0.219268
vt 0.543414 0.200032
vt 0.508237 0.219268
vt 0.543415 0.780732
vt 0.508237 0.780732
vt 0.543415 0.799968
vt 0.680345 0.780732
vt 0.680345 0.799968
vt 0.715522 0.780732
vt 0.715522 0.219268
vt 1.173830 0.187208
vt 1.173830 0.748673
vt 1.039940 0.748673
vt 1.039940 0.187208
vt 0.217997 0.000053
vt 0.217997 0.032113
vt -0.005153 0.032113
vt -0.005153 0.000053
vt -0.005152 0.999946
vt -0.005152 0.967887
vt 0.217998 0.967887
vt 0.217998 0.999946
vt -0.066315 0.032113
vt -0.066315 0.967887
vt 0.279160 0.967886
vt 0.279159 0.032113
vt 0.722846 0.000053
vt 0.722846 0.935828
vt 0.499696 0.935828
vt 0.499696 0.000053
vt 0.723985 -0.219246
vt 0.723985 -0.185791
vt 0.485838 -0.185791
vt 0.485838 -0.219246
vt 0.424658 -0.185791
vt 0.485839 0.790702
vt 0.424658 0.790702
vt 0.485839 0.824157
vt 0.723986 0.790702
vt 0.723986 0.824157
vt 0.785166 0.790702
vt 0.785165 -0.185791
vt 1.216347 -0.217851
vt 1.216347 0.758643
vt 0.983487 0.758643
vt 0.983487 -0.217851
vt 0.443008 0.588836
vt 0.443008 0.608072
vt 0.296097 0.608072
vt 0.296097 0.588836
vt 0.259400 0.608072
vt 0.296097 1.169536
vt 0.259400 1.169536
vt 0.296097 1.188772
vt 0.443009 1.169536
vt 0.443009 1.188772
vt 0.479706 1.169536
vt 0.479706 0.608072
vt 0.924294 0.576012
vt 0.924294 1.137477
vt 0.790404 1.137477
vt 0.790404 0.576012
vt 0.680344 -0.241374
vt 0.680344 -0.222138
vt 0.543414 -0.222138
vt 0.543414 -0.241374
vt 0.508237 -0.222138
vt 0.543415 0.339326
vt 0.508237 0.339326
vt 0.543415 0.358562
vt 0.680345 0.339326
vt 0.680345 0.358562
vt 0.715522 0.339326
vt 0.715522 -0.222138
vt 1.173830 -0.254198
vt 1.173830 0.307267
vt 1.039940 0.307267
vt 1.039940 -0.254198
vt 0.220043 0.602945
vt 0.220043 0.635005
vt -0.003107 0.635005
vt -0.003107 0.602945
vt -0.003106 1.602838
vt -0.003106 1.570778
vt 0.220044 1.570778
vt 0.220044 1.602838
vt -0.064269 0.635005
vt -0.064269 1.570778
vt 0.281206 1.570778
vt 0.281206 0.635005
vt 0.724892 0.602945
vt 0.724892 1.538719
vt 0.501742 1.538719
vt 0.501742 0.602945
vt 0.196205 0.134377
vt 0.196205 0.154450
vt 0.042900 0.154450
vt 0.042900 0.134377
vt 0.004606 0.154450
vt 0.042901 0.740345
vt 0.004606 0.740345
vt 0.042901 0.760419
vt 0.196206 0.740345
vt 0.196206 0.760419
vt 0.234499 0.740345
vt 0.234499 0.154450
vt 0.677207 0.122390
vt 0.677207 0.708286
vt 0.537491 0.708286
vt 0.537491 0.122390
vt 0.001470 0.958414
vt 0.001470 0.990474
vt -0.226746 0.990474
vt -0.226746 0.958414
vt -0.285374 0.990474
vt -0.226745 1.926247
vt -0.285374 1.926247
vt -0.226745 1.958307
vt 0.001472 1.926247
vt 0.001472 1.958307
vt 0.060100 1.926247
vt 0.060100 0.990474
vt 0.493944 0.958414
vt 0.493943 1.894188
vt 0.270793 1.894188
vt 0.270793 0.958414
vt 0.443008 0.764222
vt 0.443008 0.801394
vt 0.296097 0.801394
vt 0.296097 0.764222
vt 0.259400 0.801394
vt 0.296097 1.886369
vt 0.259400 1.886369
vt 0.296097 1.923541
vt 0.443009 1.886369
vt 0.443009 1.923541
vt 0.479706 1.886369
vt 0.479706 0.801394
vt 0.902031 0.769334
vt 0.902031 1.854311
vt 0.812668 1.854311
vt 0.812668 0.769334
vt 0.320526 1.886369
vt 0.320526 0.801394
vt 0.418580 0.801394
vt 0.418580 1.886369
vt 0.722846 0.018872
vt 0.722846 0.697063
vt 0.499696 0.695532
vt 0.499696 0.018872
vt -0.005152 1.921177
vt -0.005152 1.859224
vt 0.217998 1.859224
vt 0.217998 1.921177
vt 0.217997 -0.011021
vt 0.217997 0.050932
vt -0.005153 0.050932
vt -0.005153 -0.011021
vt -0.005153 0.729455
vt -0.066315 1.859224
vt -0.066315 0.729123
vt 0.443008 0.764222
vt 0.443008 0.801394
vt 0.296097 0.801394
vt 0.296097 0.764222
vt 0.259400 0.801394
vt 0.296097 1.886369
vt 0.259400 1.886369
vt 0.296097 1.923541
vt 0.443009 1.886369
vt 0.443009 1.923541
vt 0.479706 1.886369
vt 0.479706 0.801394
vt 0.924294 0.769334
vt 0.924294 1.854311
vt 0.790404 1.854311
vt 0.790404 0.769334
vt 0.722846 0.018872
vt 0.722846 1.827166
vt 0.499696 1.827166
vt 0.499696 0.018872
vt -0.005152 1.921177
vt -0.005152 1.859224
vt 0.217998 1.859224
vt 0.217998 1.921177
vt 0.217997 -0.011021
vt 0.217997 0.050932
vt -0.005153 0.050932
vt -0.005153 -0.011021
vt 0.279160 1.859224
vt 0.279159 0.050932
vt -0.066315 0.050932
vt -0.066315 1.859224
vt 0.553142 1.356690
vt 0.553141 0.420917
vt -0.064269 0.635005
vt -0.003107 0.635005
vt -0.003106 1.570778
vt -0.064269 1.570778
vt -0.003106 1.602838
vt 0.220044 1.602838
vt 0.785166 0.790702
vt 0.723986 0.790702
vt 0.723985 -0.185791
vt 0.785165 -0.185791
vt 0.785166 0.790702
vt 0.785165 -0.185791
vt 0.424658 -0.185791
vt 0.424658 0.790702
vt -0.003106 1.602838
vt 0.220044 1.602838
vt 0.968924 0.388857
vt 0.968924 1.324631
vt 0.745774 1.324631
vt 0.745774 0.388857
vt 0.247127 1.388750
vt 0.491980 1.388750
vt 0.491979 0.388857
vt 0.247126 0.388857
vt 1.216347 -0.217851
vt 1.216347 0.758643
vt 0.983487 0.758643
vt 0.983487 -0.217851
vt 0.543415 0.358562
vt 0.680345 0.339326
vt 0.680345 0.358562
vt 0.220043 0.602945
vt -0.003107 0.602945
vt 0.485839 0.824157
vt 0.723986 0.824157
vt 0.715522 0.339326
vt 0.715522 -0.222138
vt 0.543415 0.358562
vt 0.680345 0.358562
vt 0.680344 -0.241374
vt 0.543414 -0.241374
vt 1.216347 -0.217851
vt 1.216347 0.758643
vt 0.983487 0.758643
vt 0.983487 -0.217851
vt 0.281206 1.570778
vt 0.281206 0.635005
vt 0.723985 -0.219246
vt 0.485838 -0.219246
vt 0.724892 0.602945
vt 0.724892 1.538719
vt 0.501742 1.538719
vt 0.501742 0.602945
vt -0.064269 0.635005
vt -0.064269 1.570778
vt 0.690596 0.263367
vt 0.690596 0.294946
vt 0.519226 0.294946
vt 0.519226 0.263367
vt 0.475201 0.294946
vt 0.519227 1.216688
vt 0.475202 1.216688
vt 0.519227 1.248267
vt 0.690597 1.216688
vt 0.690597 1.248267
vt 0.734622 1.216688
vt 0.734622 0.294946
vt 1.183700 0.273183
vt 1.183700 1.194926
vt 1.016134 1.194926
vt 1.016134 0.273183
vt 0.718414 0.743291
vt 0.718414 0.775351
vt 0.490198 0.775351
vt 0.490198 0.743291
vt 0.431569 0.775351
vt 0.490199 1.711124
vt 0.431569 1.711124
vt 0.490199 1.743184
vt 0.718415 1.711124
vt 0.718415 1.743184
vt 0.777044 1.711124
vt 0.777043 0.775351
vt 1.210887 0.743291
vt 1.210887 1.679065
vt 0.987737 1.679065
vt 0.987736 0.743291
vt 0.469570 -0.208566
vt 0.469570 -0.146613
vt 0.271507 -0.146613
vt 0.271507 -0.208566
vt 0.220624 -0.146613
vt 0.271508 1.661679
vt 0.220624 1.661679
vt 0.271508 1.723632
vt 0.469571 1.661679
vt 0.469571 1.723632
vt 0.520453 1.661679
vt 0.520453 -0.146613
vt 0.962377 -0.178673
vt 0.962377 1.629621
vt 0.768711 1.629621
vt 0.768711 -0.178673
vt 0.221538 -0.208566
vt 0.221538 -0.146613
vt 0.023475 -0.146613
vt 0.023475 -0.208566
vt -0.027407 -0.146613
vt 0.023476 1.661679
vt -0.027407 1.661679
vt 0.023476 1.723632
vt 0.221539 1.661679
vt 0.221539 1.723632
vt 0.272421 1.661679
vt 0.272421 -0.146613
vt 0.714346 -0.178673
vt 0.714346 1.629621
vt 0.520679 1.629621
vt 0.520679 -0.178673
vt 0.171966 1.179094
vt 0.233129 1.179129
vt 0.233129 1.639761
vt 0.171967 1.639761
vt 0.517441 1.164652
vt 0.456279 1.164675
vt 0.456278 0.703988
vt 0.517441 0.703988
vt 0.484842 0.848029
vt 0.340048 0.847154
vt 0.335760 0.817429
vt 0.480412 0.817429
vt 0.171966 0.703988
vt 0.233128 0.703988
vt 0.233129 1.164622
vt 0.171966 1.164656
vt 0.279160 0.727591
vt 0.217997 0.725323
vt 0.279159 0.050932
vt -0.066315 0.050932
vt 0.269149 0.846726
vt 0.264771 0.817429
vt 0.382928 1.164657
vt 0.381404 0.703988
vt 0.811292 0.671928
vt 0.811437 1.132594
vt 0.737977 1.132593
vt 0.737977 0.671928
vt 0.456278 0.671928
vt 0.382963 0.671928
vt 0.232282 1.146647
vt 0.304145 1.146647
vt 0.302804 1.175306
vt 0.230899 1.174899
vt 0.382935 1.671821
vt 0.384566 1.639761
vt 0.456279 1.671821
vt 0.384250 1.179092
vt 0.809971 1.147037
vt 0.811321 1.607703
vt 0.737977 1.607703
vt 0.737977 1.147038
vt 0.961127 0.671928
vt 0.961127 1.132596
vt 0.233128 0.671928
vt 0.454919 1.146647
vt 0.453771 1.176162
vt 0.961127 1.147035
vt 0.961127 1.607703
vt 0.233129 1.671821
vt 0.220043 0.822340
vt 0.220043 0.884293
vt -0.003107 0.884293
vt -0.003107 0.822340
vt -0.003106 2.754538
vt -0.003106 2.692584
vt 0.220044 2.692584
vt 0.220044 2.754538
vt -0.064269 0.884293
vt -0.064269 2.692584
vt 0.281206 2.692584
vt 0.281206 0.884293
vt 0.724892 0.852232
vt 0.724892 2.660526
vt 0.501742 2.660526
vt 0.501742 0.852232
vt 0.191136 0.705664
vt 0.191136 0.744453
vt 0.048248 0.744453
vt 0.048248 0.705664
vt 0.011540 0.744453
vt 0.048248 1.876641
vt 0.011540 1.876641
vt 0.048248 1.915430
vt 0.191136 1.876641
vt 0.191136 1.915430
vt 0.227844 1.876641
vt 0.227844 0.744453
vt 0.684556 0.712393
vt 0.684555 1.844582
vt 0.544839 1.844582
vt 0.544839 0.712393
vt 0.482784 0.060342
vt 0.482784 0.122295
vt 0.254568 0.122295
vt 0.254568 0.060342
vt 0.195939 0.122295
vt 0.254569 1.930587
vt 0.195939 1.930587
vt 0.254569 1.992539
vt 0.482785 1.930587
vt 0.482785 1.992539
vt 0.541414 1.930586
vt 0.541414 0.122295
vt 0.975257 0.090234
vt 0.975257 1.898528
vt 0.752107 1.898528
vt 0.752107 0.090234
vt 0.443008 0.764222
vt 0.443008 0.801394
vt 0.296097 0.801394
vt 0.296097 0.764222
vt 0.259400 0.801394
vt 0.296097 1.886369
vt 0.259400 1.886369
vt 0.296097 1.923541
vt 0.443009 1.886369
vt 0.443009 1.923541
vt 0.479706 1.886369
vt 0.479706 0.801394
vt 0.924294 0.769334
vt 0.924294 1.854311
vt 0.790404 1.854311
vt 0.790404 0.769334
vt 0.279160 1.859224
vt 0.722846 1.827166
vt 0.499696 1.827166
vt 0.975257 0.743291
vt 0.975257 1.679065
vt 0.752107 1.679065
vt 0.752107 0.743291
vt 0.195939 0.775351
vt 0.254568 0.775351
vt 0.254569 1.711124
vt 0.195939 1.711124
vt 0.482784 0.743291
vt 0.482784 0.775351
vt 0.254568 0.743291
vt 0.541414 1.711124
vt 0.482785 1.711124
vt 0.541414 0.775351
vt 0.254569 1.743184
vt 0.482785 1.743184
vt 0.722846 0.000053
vt 0.722846 0.935828
vt 0.499696 0.935828
vt 0.499696 0.000053
vt -0.005152 0.999946
vt -0.005152 0.967887
vt 0.217998 0.967887
vt 0.217998 0.999946
vt 0.217997 0.000053
vt 0.217997 0.032113
vt -0.005153 0.032113
vt -0.005153 0.000053
vt 0.279160 0.967886
vt 0.279159 0.032113
vt -0.066315 0.032113
vt -0.066315 0.967887
vt 0.186272 0.029574
vt 0.186272 0.043012
vt 0.048434 0.043012
vt 0.048434 0.029574
vt 0.013023 0.043012
vt 0.048434 0.435257
vt 0.013023 0.435257
vt 0.048434 0.448696
vt 0.186273 0.435257
vt 0.186273 0.448696
vt 0.221683 0.435257
vt 0.221683 0.043012
vt 0.679748 0.031498
vt 0.679748 0.423744
vt 0.544969 0.423744
vt 0.544969 0.031498
vt 0.444084 -0.230192
vt 0.444084 -0.216753
vt 0.306246 -0.216753
vt 0.306246 -0.230192
vt 0.270836 -0.216753
vt 0.306247 0.175492
vt 0.270836 0.175492
vt 0.306247 0.188930
vt 0.444085 0.175492
vt 0.444085 0.188930
vt 0.479495 0.175492
vt 0.479495 -0.216753
vt 0.937560 -0.228267
vt 0.937560 0.163978
vt 0.802782 0.163978
vt 0.802782 -0.228267
vt 0.186272 0.442985
vt 0.186272 0.456424
vt 0.048434 0.456424
vt 0.048434 0.442985
vt 0.013023 0.456424
vt 0.048434 0.848669
vt 0.013023 0.848669
vt 0.048434 0.862107
vt 0.186273 0.848669
vt 0.186273 0.862107
vt 0.221683 0.848669
vt 0.221683 0.456424
vt 0.679748 0.444910
vt 0.679748 0.837155
vt 0.544969 0.837155
vt 0.544969 0.444910
vt 0.444084 0.183220
vt 0.444084 0.196658
vt 0.306246 0.196658
vt 0.306246 0.183220
vt 0.270836 0.196658
vt 0.306247 0.588903
vt 0.270836 0.588903
vt 0.306247 0.602342
vt 0.444085 0.588903
vt 0.444085 0.602342
vt 0.479495 0.588903
vt 0.479495 0.196658
vt 0.937560 0.185144
vt 0.937560 0.577390
vt 0.802782 0.577390
vt 0.802782 0.185144
vt 0.186272 0.029574
vt 0.186272 0.043012
vt 0.048434 0.043012
vt 0.048434 0.029574
vt 0.013023 0.043012
vt 0.048434 0.435257
vt 0.013023 0.435257
vt 0.048434 0.448696
vt 0.186273 0.435257
vt 0.186273 0.448696
vt 0.221683 0.435257
vt 0.221683 0.043012
vt 0.679748 0.031498
vt 0.679748 0.423744
vt 0.544969 0.423744
vt 0.544969 0.031498
vt 0.444084 -0.230192
vt 0.444084 -0.216753
vt 0.306246 -0.216753
vt 0.306246 -0.230192
vt 0.270836 -0.216753
vt 0.306247 0.175492
vt 0.270836 0.175492
vt 0.306247 0.188930
vt 0.444085 0.175492
vt 0.444085 0.188930
vt 0.479495 0.175492
vt 0.479495 -0.216753
vt 0.937560 -0.228267
vt 0.937560 0.163978
vt 0.802782 0.163978
vt 0.802782 -0.228267
vt 0.186272 0.442985
vt 0.186272 0.456424
vt 0.048434 0.456424
vt 0.048434 0.442985
vt 0.013023 0.456424
vt 0.048434 0.848669
vt 0.013023 0.848669
vt 0.048434 0.862107
vt 0.186273 0.848669
vt 0.186273 0.862107
vt 0.221683 0.848669
vt 0.221683 0.456424
vt 0.679748 0.444910
vt 0.679748 0.837155
vt 0.544969 0.837155
vt 0.544969 0.444910
vt 0.444084 0.183220
vt 0.444084 0.196658
vt 0.306246 0.196658
vt 0.306246 0.183220
vt 0.270836 0.196658
vt 0.306247 0.588903
vt 0.270836 0.588903
vt 0.306247 0.602342
vt 0.444085 0.588903
vt 0.444085 0.602342
vt 0.479495 0.588903
vt 0.479495 0.196658
vt 0.937560 0.185144
vt 0.937560 0.577390
vt 0.802782 0.577390
vt 0.802782 0.185144
vt 0.444518 0.115444
vt 0.444518 0.156579
vt 0.273148 0.156579
vt 0.273148 0.115444
vt 0.229123 0.156579
vt 0.273149 1.357250
vt 0.229123 1.357250
vt 0.273149 1.398386
vt 0.444519 1.357250
vt 0.444519 1.398386
vt 0.488544 1.357250
vt 0.488544 0.156579
vt 0.937622 0.128231
vt 0.937622 1.328903
vt 0.770056 1.328903
vt 0.770056 0.128231
vt 0.444518 0.494404
vt 0.444518 0.535540
vt 0.273148 0.535540
vt 0.273148 0.494404
vt 0.229123 0.535540
vt 0.273149 1.736211
vt 0.229123 1.736211
vt 0.273149 1.777346
vt 0.444519 1.736211
vt 0.444519 1.777346
vt 0.488544 1.736211
vt 0.488544 0.535540
vt 0.937622 0.507191
vt 0.937622 1.707863
vt 0.770056 1.707863
vt 0.770056 0.507191
vt 0.255744 0.991749
vt 0.255744 1.023809
vt 0.010891 1.023809
vt 0.010891 0.991749
vt -0.050271 1.023809
vt 0.010892 1.959582
vt -0.050271 1.959582
vt 0.010892 1.991642
vt 0.255745 1.959582
vt 0.255745 1.991642
vt 0.316906 1.959582
vt 0.316906 1.023809
vt 0.732689 0.991749
vt 0.732689 1.927523
vt 0.509539 1.927523
vt 0.509539 0.991749
vt 0.725987 -0.441353
vt 0.725987 -0.409293
vt 0.497771 -0.409293
vt 0.497771 -0.441353
vt 0.439142 -0.409293
vt 0.497772 0.526480
vt 0.439142 0.526480
vt 0.497772 0.558540
vt 0.725988 0.526480
vt 0.725988 0.558540
vt 0.784617 0.526480
vt 0.784616 -0.409293
vt 1.218460 -0.441353
vt 1.218460 0.494421
vt 0.995310 0.494421
vt 0.995309 -0.441353
vt 0.191136 0.542448
vt 0.191136 0.562521
vt 0.048248 0.562521
vt 0.048248 0.542448
vt 0.011540 0.562521
vt 0.048248 1.148417
vt 0.011540 1.148417
vt 0.048248 1.168490
vt 0.191136 1.148417
vt 0.191136 1.168490
vt 0.227844 1.148417
vt 0.227844 0.562521
vt 0.684556 0.530461
vt 0.684555 1.116358
vt 0.544839 1.116358
vt 0.544839 0.530461
vt 0.491979 0.388857
vt 0.491979 0.420917
vt 0.247126 0.420917
vt 0.247126 0.388857
vt 0.185964 0.420917
vt 0.247127 1.356690
vt 0.185964 1.356690
vt 0.247127 1.388750
vt 0.491980 1.356690
vt 0.491980 1.388750
vt 0.553142 1.356690
vt 0.553141 0.420917
vt 0.968924 0.388857
vt 0.968924 1.324631
vt 0.745774 1.324631
vt 0.745774 0.388857
vt 0.185964 0.420917
vt 0.185964 1.356690
vt 0.553142 1.356690
vt 0.553141 0.420917
vt 0.491979 0.388857
vt 0.247126 0.388857
vt 0.196205 0.134377
vt 0.196205 0.154450
vt 0.042900 0.154450
vt 0.042900 0.134377
vt 0.004606 0.154450
vt 0.042901 0.740345
vt 0.004606 0.740345
vt 0.042901 0.760419
vt 0.196206 0.740345
vt 0.196206 0.760419
vt 0.234499 0.740345
vt 0.234499 0.154450
vt 0.677207 0.122390
vt 0.677207 0.708286
vt 0.537491 0.708286
vt 0.537491 0.122390
vt 0.255744 0.991749
vt 0.255744 1.023809
vt 0.010891 1.023809
vt 0.010891 0.991749
vt -0.050271 1.023809
vt 0.010892 1.959582
vt -0.050271 1.959582
vt 0.010892 1.991642
vt 0.255745 1.959582
vt 0.255745 1.991642
vt 0.316906 1.959582
vt 0.316906 1.023809
vt 0.732689 0.991749
vt 0.732689 1.927523
vt 0.509539 1.927523
vt 0.509539 0.991749
vt 0.482784 0.743291
vt 0.482784 0.775351
vt 0.254568 0.775351
vt 0.254568 0.743291
vt 0.195939 0.775351
vt 0.254569 1.711124
vt 0.195939 1.711124
vt 0.254569 1.743184
vt 0.482785 1.711124
vt 0.482785 1.743184
vt 0.541414 1.711124
vt 0.541414 0.775351
vt 0.975257 0.743291
vt 0.975257 1.679065
vt 0.752107 1.679065
vt 0.752107 0.743291
vt 0.482784 0.071416
vt 0.482784 0.103476
vt 0.254568 0.103476
vt 0.254568 0.071416
vt 0.195939 0.103476
vt 0.254569 1.039249
vt 0.195939 1.039249
vt 0.254569 1.071309
vt 0.482785 1.039249
vt 0.482785 1.071309
vt 0.541414 1.039249
vt 0.541414 0.103476
vt 0.975257 0.071416
vt 0.975257 1.007190
vt 0.752107 1.007190
vt 0.752107 0.071416
vt 0.721065 0.405400
vt 0.721065 0.437461
vt 0.492849 0.437461
vt 0.492849 0.405400
vt 0.434221 0.437461
vt 0.492850 1.373234
vt 0.434221 1.373234
vt 0.492850 1.405293
vt 0.721066 1.373234
vt 0.721066 1.405293
vt 0.779695 1.373233
vt 0.779695 0.437461
vt 1.213538 0.405400
vt 1.213538 1.341175
vt 0.990388 1.341175
vt 0.990388 0.405400
vt 0.456278 0.230522
vt 0.456278 0.262582
vt 0.233128 0.262582
vt 0.233128 0.230522
vt 0.233129 1.230415
vt 0.233129 1.198355
vt 0.456279 1.198355
vt 0.456279 1.230415
vt 0.171966 0.262582
vt 0.171967 1.198355
vt 0.517441 1.198355
vt 0.517441 0.262582
vt 0.961127 0.230522
vt 0.961127 1.166296
vt 0.737977 1.166296
vt 0.737977 0.230522
vt 0.968924 0.388857
vt 0.968924 1.324631
vt 0.745774 1.324631
vt 0.745774 0.388857
vt 0.247127 1.388750
vt 0.491980 1.388750
vt 1.173830 0.187208
vt 1.173830 0.748673
vt 1.039940 0.748673
vt 1.039940 0.187208
vt 0.508237 0.219268
vt 0.543414 0.219268
vt 0.543415 0.780732
vt 0.508237 0.780732
vt 0.680344 0.200032
vt 0.680344 0.219268
vt 0.543414 0.200032
vt 0.715522 0.780732
vt 0.680345 0.780732
vt 0.715522 0.219268
vt 0.543415 0.799968
vt 0.680345 0.799968
vt 0.968924 -0.052549
vt 0.968924 0.883225
vt 0.745774 0.883225
vt 0.745774 -0.052549
vt 0.185964 -0.020489
vt 0.247126 -0.020489
vt 0.247127 0.915284
vt 0.185964 0.915284
vt 0.491979 -0.052549
vt 0.491979 -0.020489
vt 0.247126 -0.052549
vt 0.553142 0.915284
vt 0.491980 0.915284
vt 0.553141 -0.020489
vt 0.247127 0.947344
vt 0.491980 0.947344
vt 0.196205 0.297593
vt 0.196205 0.336382
vt 0.042900 0.336382
vt 0.042900 0.297593
vt 0.004606 0.336382
vt 0.042901 1.468570
vt 0.004606 1.468570
vt 0.042901 1.507359
vt 0.196206 1.468570
vt 0.196206 1.507359
vt 0.234499 1.468570
vt 0.234499 0.336382
vt 0.677207 0.304322
vt 0.677207 1.436511
vt 0.537491 1.436511
vt 0.537491 0.304322
vt 0.196205 0.297593
vt 0.196205 0.336382
vt 0.042900 0.336382
vt 0.042900 0.297593
vt 0.004606 0.336382
vt 0.042901 1.468570
vt 0.004606 1.468570
vt 0.042901 1.507359
vt 0.196206 1.468570
vt 0.196206 1.507359
vt 0.234499 1.468570
vt 0.234499 0.336382
vt 0.677207 0.304322
vt 0.677207 1.436511
vt 0.537491 1.436511
vt 0.537491 0.304322
vt 0.196205 0.297593
vt 0.196205 0.336382
vt 0.042900 0.336382
vt 0.042900 0.297593
vt 0.004606 0.336382
vt 0.042901 1.468570
vt 0.004606 1.468570
vt 0.042901 1.507359
vt 0.196206 1.468570
vt 0.196206 1.507359
vt 0.234499 1.468570
vt 0.234499 0.336382
vt 0.677207 0.304322
vt 0.677207 1.436511
vt 0.537491 1.436511
vt 0.537491 0.304322
vt 0.485839 1.701023
vt 0.485838 -0.185957
vt 0.723985 -0.185957
vt 0.723986 1.701023
vt 1.216347 -0.218017
vt 1.216347 1.668965
vt 0.983487 1.668965
vt 0.983487 -0.218017
vt 0.785166 1.701023
vt 0.785165 -0.185957
vt 0.485839 1.765672
vt 0.723986 1.765672
vt 0.424658 -0.185957
vt 0.424658 1.701023
vt 0.723985 -0.250605
vt 0.485838 -0.250605
vt 0.421470 -0.687887
vt 0.489603 -0.688015
vt 0.489603 0.287881
vt 0.421470 0.288009
vt 0.217077 -0.688366
vt 0.285208 -0.688222
vt 0.285208 0.287674
vt 0.217077 0.287530
vt 0.353338 -0.688031
vt 0.353338 0.287865
vt 0.557734 -0.688182
vt 0.625867 -0.688311
vt 0.625867 0.287585
vt 0.557734 0.287714
vt 0.353338 -1.175979
vt 0.353338 -1.663928
vt 0.421470 -1.663783
vt 0.421470 -1.175835
vt 0.489603 -1.175963
vt 0.489603 -1.663911
vt 0.557734 -1.664079
vt 0.557734 -1.176131
vt 0.135223 0.078420
vt 0.045587 0.078415
vt 0.000736 0.039586
vt 0.045608 0.000736
vt 0.135335 0.000769
vt 0.180094 0.039623
vt 2.887906 -0.171032
vt 2.833967 -0.186600
vt 2.833999 -0.217741
vt 2.887933 -0.233281
vt 2.941799 -0.217713
vt 2.941806 -0.186604
vt 0.858549 1.932700
vt 0.927435 1.932563
vt 0.927435 2.919249
vt 0.858549 2.919387
vt 0.651897 1.932188
vt 0.720782 1.932343
vt 0.720782 2.919029
vt 0.651897 2.918874
vt 0.789665 1.932544
vt 0.789665 2.919231
vt 0.996319 1.932388
vt 1.065205 1.932251
vt 1.065205 2.918938
vt 0.996320 2.919074
vt 0.789665 0.945858
vt 0.858549 0.946013
vt 0.927435 0.945877
vt 0.996319 0.945702
vt 0.316068 0.869933
vt 0.226435 0.869938
vt 0.181563 0.831115
vt 0.226415 0.792261
vt 0.316141 0.792282
vt 0.360921 0.831131
vt 0.825277 0.399109
vt 0.758062 0.399225
vt 0.758062 -1.526253
vt 0.825277 -1.526370
vt 1.026916 0.399545
vt 0.959702 0.399415
vt 0.959702 -1.526063
vt 1.026916 -1.525933
vt 0.892492 0.399238
vt 0.892490 -1.526240
vt 0.690849 0.399384
vt 0.623635 0.399501
vt 0.623635 -1.525977
vt 0.690849 -1.526094
vt 0.226427 0.238209
vt 0.316061 0.238205
vt 0.360926 0.277031
vt 0.316066 0.315884
vt 0.226341 0.315859
vt 0.181566 0.277009
vt 3.002503 -1.257998
vt 2.948564 -1.273567
vt 2.948601 -1.304708
vt 3.002536 -1.320247
vt 3.056401 -1.304678
vt 3.056401 -1.273569
vt 2.887866 -0.808735
vt 2.941804 -0.793166
vt 2.941767 -0.762025
vt 2.887834 -0.746485
vt 2.833967 -0.762056
vt 2.833967 -0.793164
vt -0.390613 0.267184
vt -0.390612 1.242595
vt -0.458711 1.242453
vt -0.458711 0.267041
vt -0.186320 0.267389
vt -0.186320 1.242801
vt -0.254419 1.242929
vt -0.254419 0.267518
vt 0.496894 0.711635
vt 0.407258 0.711638
vt 0.362394 0.672812
vt 0.407251 0.633959
vt 0.496978 0.633983
vt 0.541753 0.672834
vt 2.887907 -0.362850
vt 2.833967 -0.378417
vt 2.833999 -0.409558
vt 2.887933 -0.425099
vt 2.941799 -0.409531
vt 2.941806 -0.378422
vt 0.099223 2.481015
vt 0.168956 2.481230
vt 0.238691 2.481398
vt 0.308428 2.481251
vt 0.378164 2.481068
vt 0.029487 2.480848
vt 0.496897 0.157574
vt 0.407260 0.157576
vt 0.362395 0.118751
vt 0.407254 0.079898
vt 0.496979 0.079922
vt 0.541755 0.118773
vt 2.327069 2.722661
vt 2.394406 2.722542
vt 2.394405 3.687032
vt 2.327069 3.687151
vt 2.125063 2.722219
vt 2.192399 2.722351
vt 2.192399 3.686841
vt 2.125063 3.686709
vt 2.259733 2.722529
vt 2.259732 3.687020
vt 2.461741 2.722383
vt 2.529078 2.722264
vt 2.529078 3.686754
vt 2.461741 3.686873
vt 0.496892 0.790788
vt 0.407259 0.790788
vt 0.362394 0.751962
vt 0.407255 0.713110
vt 0.496980 0.713136
vt 0.541754 0.751988
vt 3.002502 -0.810425
vt 2.948564 -0.825992
vt 2.948592 -0.857133
vt 3.002527 -0.872674
vt 3.056393 -0.857107
vt 3.056400 -0.825999
vt 1.284912 2.104077
vt 1.353798 2.103939
vt 1.353798 3.090625
vt 1.284912 3.090764
vt 1.078259 2.103564
vt 1.147144 2.103719
vt 1.147144 3.090406
vt 1.078259 3.090250
vt 1.216027 2.103921
vt 1.216027 3.090607
vt 1.422682 2.103765
vt 1.491568 2.103628
vt 1.491568 3.090314
vt 1.422682 3.090451
vt 1.216027 1.117234
vt 1.284912 1.117390
vt 1.353798 1.117253
vt 1.422682 1.117078
vt 0.677723 0.157580
vt 0.588090 0.157580
vt 0.543226 0.118755
vt 0.588087 0.079902
vt 0.677812 0.079929
vt 0.722584 0.118780
vt 2.887905 -1.194059
vt 2.833967 -1.209628
vt 2.834004 -1.240769
vt 2.887939 -1.256308
vt 2.941804 -1.240738
vt 2.941804 -1.209630
vt -0.377867 -0.357980
vt -0.308130 -0.358126
vt -0.308130 1.639632
vt -0.377867 1.639780
vt -0.587071 -0.358530
vt -0.517336 -0.358362
vt -0.517335 1.639397
vt -0.587071 1.639230
vt -0.447602 -0.358148
vt -0.447602 1.639611
vt -0.238394 -0.358310
vt -0.168658 -0.358457
vt -0.168657 1.639303
vt -0.238394 1.639450
vt 0.316063 0.632484
vt 0.226426 0.632487
vt 0.181562 0.593661
vt 0.226420 0.554808
vt 0.316145 0.554832
vt 0.360921 0.593683
vt 2.898289 2.466120
vt 2.830080 2.466249
vt 2.830081 0.512287
vt 2.898289 0.512158
vt 3.102909 2.466603
vt 3.034702 2.466458
vt 3.034702 0.512495
vt 3.102909 0.512641
vt 2.966497 2.466266
vt 2.966497 0.512303
vt 2.761873 2.466417
vt 2.693665 2.466547
vt 2.693665 0.512585
vt 2.761873 0.512455
vt 0.045590 0.475668
vt 0.135224 0.475663
vt 0.180095 0.514487
vt 0.135239 0.553342
vt 0.045515 0.553318
vt 0.000736 0.514469
vt 2.887906 0.084727
vt 2.833967 0.069158
vt 2.833999 0.038018
vt 2.887933 0.022477
vt 2.941800 0.038045
vt 2.941806 0.069155
vt 3.002465 -1.000551
vt 3.056402 -0.984981
vt 3.056366 -0.953841
vt 3.002431 -0.938302
vt 2.948566 -0.953871
vt 2.948566 -0.984981
vt 1.950393 0.202819
vt 2.017730 0.202701
vt 2.017730 1.167190
vt 1.950393 1.167309
vt 1.748388 0.202377
vt 1.815724 0.202509
vt 1.815724 1.166999
vt 1.748388 1.166867
vt 1.883058 0.202688
vt 1.883057 1.167178
vt 2.085066 0.202542
vt 2.152403 0.202423
vt 2.152403 1.166913
vt 2.085066 1.167032
vt 2.085066 -0.761948
vt 2.152403 -0.762067
vt 2.152403 -0.060164
vt 2.085066 -0.059731
vt 1.748388 -0.762113
vt 1.815724 -0.761981
vt 1.815724 -0.060026
vt 1.748388 -0.060210
vt 0.496892 0.632487
vt 0.407260 0.632487
vt 0.362395 0.593661
vt 0.407258 0.554809
vt 0.496983 0.554836
vt 0.541755 0.593687
vt 3.002504 -1.130120
vt 2.948565 -1.145687
vt 2.948594 -1.176827
vt 3.002528 -1.192368
vt 3.056395 -1.176801
vt 3.056401 -1.145693
vt 0.343946 0.650057
vt 0.261562 0.650057
vt 0.261562 0.000135
vt 0.343946 0.000135
vt 0.585431 0.650057
vt 0.506726 0.650057
vt 0.506726 0.000135
vt 0.585431 0.000135
vt 0.425391 0.650057
vt 0.425391 0.000135
vt 0.180589 0.650057
vt 0.101632 0.650057
vt 0.101633 0.000135
vt 0.180589 0.000135
vt 0.425391 1.299980
vt 0.425391 1.949902
vt 0.343946 1.949902
vt 0.343946 1.299980
vt 0.261562 1.299980
vt 0.261562 1.949902
vt 0.180589 1.949902
vt 0.180589 1.299980
vt 0.854212 0.491120
vt 0.787590 0.471888
vt 0.787590 0.433424
vt 0.854212 0.414192
vt 0.920834 0.433424
vt 0.920834 0.471888
vt 0.687448 0.761554
vt 0.620096 0.703227
vt 0.687448 0.644899
vt 0.822148 0.644899
vt 0.889498 0.703227
vt 0.822148 0.761554
vt 0.222168 -1.543335
vt 0.153962 -1.542230
vt 0.153962 -1.691093
vt 0.222168 -1.690901
vt 0.085755 -1.542390
vt 0.085755 -1.691239
vt 0.017546 -1.539681
vt 0.017546 -1.691109
vt -0.050660 -1.541811
vt -0.118870 -1.541484
vt -0.118870 -1.690812
vt -0.050660 -1.690941
vt 0.407250 0.396512
vt 0.496882 0.396507
vt 0.541755 0.435330
vt 0.496898 0.474185
vt 0.407175 0.474162
vt 0.362395 0.435313
vt 3.002463 -1.256308
vt 3.056401 -1.240738
vt 3.056364 -1.209598
vt 3.002429 -1.194059
vt 2.948564 -1.209628
vt 2.948565 -1.240737
vt -1.296837 -1.314013
vt -1.296837 0.683747
vt -1.227100 0.683599
vt -1.227100 -1.314159
vt -1.506041 -1.314563
vt -1.506042 0.683196
vt -1.436306 0.683364
vt -1.436306 -1.314395
vt -1.366573 0.683578
vt -1.366572 -1.314181
vt -1.157365 -1.314342
vt -1.157365 0.683417
vt -1.087628 0.683270
vt -1.087628 -1.314490
vt 0.496891 0.236727
vt 0.407256 0.236727
vt 0.362395 0.197901
vt 0.407257 0.159049
vt 0.496982 0.159075
vt 0.541756 0.197927
vt -1.586189 -3.574013
vt -1.586189 -1.784351
vt -1.517983 -1.784519
vt -1.517983 -3.574294
vt -1.313361 -3.573583
vt -1.313361 -3.738273
vt -1.381566 -3.738464
vt -1.381566 -3.574049
vt -1.449774 -3.738610
vt -1.449774 -3.574750
vt 0.768921 0.554808
vt 0.858554 0.554808
vt 0.903413 0.593635
vt 0.858551 0.632486
vt 0.768824 0.632459
vt 0.724056 0.593606
vt 1.352378 -1.898705
vt 1.406278 -1.914277
vt 1.406272 -1.945386
vt 1.352405 -1.960955
vt 1.298471 -1.945414
vt 1.298439 -1.914274
vt 1.466935 -3.303679
vt 1.413036 -3.288109
vt 1.413035 -3.256999
vt 1.466901 -3.241430
vt 1.520836 -3.256970
vt 1.520872 -3.288109
vt -0.322517 0.267374
vt -0.322517 1.242786
vt -0.050123 0.267095
vt -0.050123 1.242507
vt -0.118222 1.242634
vt -0.118222 0.267222
vt -0.186320 -0.708022
vt -0.118222 -0.708189
vt -0.274524 0.492632
vt -0.355859 0.492576
vt -0.355859 0.187635
vt -0.274524 0.187635
vt -0.195819 0.492142
vt -0.195819 1.162519
vt -0.274524 1.162519
vt -0.519688 0.492241
vt -0.437304 0.492328
vt -0.437304 1.162519
vt -0.519688 1.162519
vt -0.437304 0.187635
vt -0.355859 1.162519
vt -0.355859 2.137402
vt -0.437304 2.137402
vt -0.519688 2.137402
vt -0.600661 2.137402
vt -0.600661 1.162519
vt 1.322962 0.498933
vt 1.256340 0.479701
vt 1.256340 0.441236
vt 1.322962 0.422004
vt 1.389584 0.441236
vt 1.389584 0.479701
vt 1.156198 0.769367
vt 1.088846 0.711039
vt 1.156198 0.652712
vt 1.290898 0.652712
vt 1.358248 0.711039
vt 1.290898 0.769367
vt 0.100932 1.224439
vt 0.100932 0.007299
vt 0.201574 0.005888
vt 0.201574 1.223028
vt 0.000289 1.225850
vt 0.000289 0.008710
vt 0.302216 1.221616
vt 0.302216 0.004476
vt 0.402858 0.003066
vt 0.402858 1.220206
vt 0.531551 0.443313
vt 0.573344 0.407119
vt 0.656928 0.407119
vt 0.698721 0.443313
vt 0.656928 0.479506
vt 0.573344 0.479506
vt 0.503501 1.218794
vt 0.503501 0.001654
vt 0.604143 0.000244
vt 0.604143 1.217384
vt 0.936598 -0.143803
vt 0.936598 4.777478
vt 0.835956 4.778193
vt 0.835956 -0.143090
vt 0.534029 4.780333
vt 0.534029 -0.140950
vt 0.634672 -0.141664
vt 0.634671 4.779619
vt 0.735314 -0.142377
vt 0.735313 4.778905
vt 0.433387 4.781045
vt 0.433387 -0.140237
vt 0.964649 -2.155274
vt 1.006442 -2.191467
vt 1.090026 -2.191467
vt 1.131819 -2.155274
vt 1.090026 -2.119080
vt 1.006442 -2.119080
vt 1.037241 -0.144516
vt 1.037240 4.776765
vt 0.308428 2.231531
vt 0.308428 1.732091
vt 0.378164 1.731909
vt 0.378164 2.231349
vt 0.168956 2.231510
vt 0.168956 1.732070
vt 0.238691 1.732238
vt 0.238691 2.231678
vt 0.308428 0.927959
vt 0.308428 0.733212
vt 0.378164 0.733029
vt 0.378164 0.926872
vt 0.029487 0.732808
vt 0.099223 0.732976
vt 0.099223 0.924739
vt 0.029487 0.928119
vt 0.238691 0.733359
vt 0.238691 0.926073
vt 0.625867 -1.176259
vt 0.285208 -1.176170
vt 0.217077 -1.176314
vt 1.491568 1.116941
vt 1.147144 1.117033
vt 1.078260 1.116877
vt 1.950394 -0.761670
vt 2.017730 -0.761789
vt 2.017730 -0.059841
vt 1.950393 -0.059412
vt -0.050123 -0.708317
vt -0.254419 -0.707894
vt -0.322517 -0.708037
vt -0.390613 -0.708228
vt -0.458711 -0.708371
vt 2.461741 2.240138
vt 2.529078 2.240019
vt 2.192399 2.240106
vt 2.259733 2.240284
vt 2.125063 2.239974
vt 2.327069 2.240417
vt 2.394406 2.240297
vt 1.065205 0.945565
vt 0.720782 0.945656
vt 0.651897 0.945501
vt 0.302216 2.438756
vt 0.302216 4.873036
vt 0.201574 4.874448
vt 0.201574 2.440168
vt 0.503501 2.435934
vt 0.503500 4.870214
vt 0.402858 4.871625
vt 0.402858 2.437346
vt 0.604143 2.434523
vt 0.604143 4.868803
vt 0.000289 4.877270
vt 0.000289 2.442990
vt 0.100931 2.441579
vt 0.100931 4.875859
vt -0.600661 0.492732
vt -0.679617 0.492142
vt -0.679617 0.187635
vt -0.600661 0.187635
vt -0.519688 0.187635
vt -0.679618 2.137402
vt -0.679617 1.162519
vt -0.274524 2.137402
vt -0.195819 2.137402
vt -0.195819 0.187635
vt 2.327069 1.999294
vt 2.394406 1.999175
vt 2.125063 1.998851
vt 2.192399 1.998983
vt 2.259733 1.999162
vt 2.461741 1.999016
vt 2.529078 1.998897
vt 0.812696 2.289746
vt 0.730312 2.289746
vt 0.730312 0.339979
vt 0.812696 0.339979
vt 1.054181 2.289746
vt 0.975476 2.289746
vt 0.975476 0.339979
vt 1.054181 0.339979
vt 0.894141 2.289746
vt 0.894141 0.339979
vt 0.649338 2.289746
vt 0.570382 2.289746
vt 0.570382 0.339979
vt 0.649339 0.339979
vt 1.322962 0.830964
vt 1.256340 0.811732
vt 1.256340 0.773268
vt 1.322962 0.754036
vt 1.389584 0.773268
vt 1.389584 0.811732
vt 1.156198 1.101398
vt 1.088846 1.043070
vt 1.156198 0.984743
vt 1.290898 0.984743
vt 1.358248 1.043070
vt 1.290898 1.101398
vt 0.017546 0.262853
vt -0.050661 0.263020
vt 0.290375 -1.541428
vt 0.290375 -1.690756
vt 0.153962 0.262869
vt 0.085755 0.262723
vt -0.118869 0.263149
vt 0.222168 0.263060
vt 0.290375 0.263205
vt 0.447901 0.732882
vt 0.447901 0.928193
vt 0.168956 0.925025
vt 0.168956 0.733190
vt 0.099223 1.731856
vt 0.029487 1.731688
vt 0.447901 1.731762
vt -1.586189 -3.738313
vt -1.654398 -3.738183
vt -1.654398 -3.574818
vt -1.245153 -3.574762
vt -1.245153 -3.738127
vt -1.449774 -3.574750
vt -1.517983 -3.738481
vt -1.449773 -1.784649
vt -1.381566 -1.784502
vt -1.654398 -1.784222
vt -1.313361 -1.784311
vt -1.245153 -1.784166
vt 0.101632 1.949902
vt 0.101632 1.299980
vt 0.506726 1.949902
vt 0.506726 1.299980
vt 0.585431 1.949902
vt 0.585431 1.299980
vt 0.447901 2.231202
vt 0.099223 2.231296
vt 0.029487 2.231128
vt 0.447901 2.480922
vt -1.146010 -1.746334
vt -1.228393 -1.746334
vt -1.228393 -2.233775
vt -1.146010 -2.233775
vt -0.904524 -1.746334
vt -0.983229 -1.746334
vt -0.983229 -2.233775
vt -0.904524 -2.233775
vt -1.064564 -1.746334
vt -1.064564 -2.233775
vt -1.309367 -1.746334
vt -1.388323 -1.746334
vt -1.388323 -2.233775
vt -1.309367 -2.233775
vt -1.309367 -1.015171
vt -1.388323 -1.015171
vt -1.064564 -1.015171
vt -1.064564 -0.284008
vt -1.146010 -0.284008
vt -1.146010 -1.015171
vt 0.614257 -1.922477
vt 0.547635 -1.941710
vt 0.547635 -1.980174
vt 0.614257 -1.999406
vt 0.680879 -1.980174
vt 0.680879 -1.941710
vt 0.447492 -1.652044
vt 0.380141 -1.710371
vt 0.447492 -1.768698
vt 0.582192 -1.768698
vt 0.649543 -1.710371
vt 0.582192 -1.652044
vt -0.205205 -0.054256
vt -0.205205 4.867025
vt -0.305848 4.867739
vt -0.305847 -0.053543
vt -0.607774 4.869879
vt -0.607774 -0.051403
vt -0.507132 -0.052116
vt -0.507132 4.869166
vt -0.406489 -0.052830
vt -0.406490 4.868452
vt -0.708417 4.870592
vt -0.708416 -0.050690
vt -0.177154 -1.978097
vt -0.135361 -2.014291
vt -0.051777 -2.014291
vt -0.009985 -1.978097
vt -0.051777 -1.941904
vt -0.135361 -1.941904
vt -0.177154 -2.050529
vt -0.135361 -2.086722
vt -0.051777 -2.086722
vt -0.009985 -2.050529
vt -0.051777 -2.014335
vt -0.135361 -2.014335
vt -0.104563 -0.054969
vt -0.104563 4.866313
vt -1.064564 -0.771450
vt -1.064564 -0.284008
vt -1.146010 -0.284008
vt -1.146010 -0.771450
vt -1.064564 -1.137031
vt -1.146010 -1.137031
vt -1.228393 -2.233775
vt -1.228393 -1.137031
vt -1.309367 -1.137031
vt -1.309367 -2.233775
vt -1.228393 -0.771450
vt -1.228393 -0.284008
vt -1.309367 -0.284008
vt -1.309367 -0.771450
vt 0.614257 -1.922477
vt 0.547635 -1.941710
vt 0.547635 -1.980174
vt 0.614257 -1.999406
vt 0.680879 -1.980174
vt 0.680879 -1.941710
vt -0.983229 -1.137031
vt -1.064564 -2.233775
vt -0.983229 -2.233775
vt 0.447492 -1.652044
vt 0.380141 -1.710371
vt 0.447492 -1.768698
vt 0.582192 -1.768698
vt 0.649543 -1.710371
vt 0.582192 -1.652044
vt -1.309367 -0.284008
vt -1.388323 -0.284008
vt -0.983229 -0.284008
vt -0.983229 -1.015171
vt -0.904524 -0.284008
vt -0.904524 -1.015171
vt -1.228393 -0.284008
vt -1.228393 -1.015171
vt -1.388323 -0.284008
vt -1.388323 -0.771450
vt -0.983229 -0.284008
vt -0.983229 -0.771450
vt -0.904524 -0.284008
vt -0.904524 -0.771450
vt -1.146010 -2.233775
vt -0.904524 -1.137031
vt -1.388323 -1.137031
vt -0.904524 -2.233775
vt -1.388323 -2.233775
vt 1.815724 -0.010261
vt 1.748388 -0.010458
vt 1.883058 -0.060197
vt 1.883058 -0.761802
vt 2.017730 -0.010085
vt 1.950393 -0.009595
vt 2.152403 -0.010413
vt 2.085066 -0.009933
vt 1.883058 -0.010522
vt 2.394406 1.800537
vt 2.394406 1.758053
vt 2.461741 1.757893
vt 2.461741 1.800564
vt 2.125063 1.757729
vt 2.192399 1.757860
vt 2.192399 1.800502
vt 2.125063 1.800465
vt 0.066282 0.385965
vt 0.200953 0.386277
vt 0.200953 0.446557
vt 0.066282 0.446246
vt 0.066282 0.325685
vt 0.200953 0.325996
vt 0.268289 0.386158
vt 0.268289 0.446438
vt -0.001053 0.385834
vt -0.001054 0.446114
vt 0.164714 0.750161
vt 0.299384 0.750472
vt 0.299384 0.810753
vt 0.164714 0.810442
vt 0.402961 0.325599
vt 0.402961 0.385879
vt 0.268290 0.325877
vt 2.327070 1.758172
vt 2.327070 1.800596
vt 0.097378 0.750029
vt 0.097378 0.810310
vt 0.366721 0.750353
vt 0.366721 0.810634
vt -0.001053 0.325553
vt 0.501393 0.689795
vt 0.501393 0.750075
vt 0.366721 0.690073
vt 0.164714 0.689881
vt 0.299384 0.690192
vt 0.713264 0.628860
vt 0.641089 0.628860
vt 0.641089 0.608026
vt 0.713264 0.608026
vt 0.402961 0.446160
vt 0.097378 0.689749
vt 0.811695 0.993056
vt 0.739520 0.993056
vt 0.739520 0.972222
vt 0.811695 0.972222
vt 0.501393 0.810356
vt 1.253022 0.195073
vt 1.253022 0.336227
vt 0.937674 0.336878
vt 0.937674 0.195725
vt 0.464653 0.195275
vt 0.779999 0.196004
vt 0.779998 0.337157
vt 0.464653 0.336429
vt 0.306979 0.194966
vt 0.306979 0.336120
vt 1.979629 0.905193
vt 1.810623 0.905193
vt 1.810623 0.856406
vt 1.979629 0.856406
vt 0.218575 0.907330
vt 0.533920 0.908059
vt 0.533920 1.049212
vt 0.218575 1.048484
vt 0.060901 0.907021
vt 0.060900 1.048175
vt 0.691596 0.907780
vt 0.691595 1.048933
vt 0.783175 0.624364
vt 0.794810 0.665213
vt 0.676973 0.665213
vt 0.693684 0.622290
vt 1.006944 0.907129
vt 1.006944 1.048282
vt 2.529078 1.757774
vt 2.529078 1.800511
vt 2.259733 1.800542
vt 2.259733 1.758039
vt 1.950393 0.202819
vt 2.017730 0.202701
vt 2.017730 1.167190
vt 1.950393 1.167309
vt 1.748388 0.202377
vt 1.815724 0.202509
vt 1.815724 1.166999
vt 1.748388 1.166867
vt 1.883058 0.202688
vt 1.883057 1.167178
vt 2.085066 0.202542
vt 2.152403 0.202423
vt 2.152403 1.166913
vt 2.085066 1.167032
vt 1.815724 -0.386121
vt 1.883058 -0.386162
vt 1.883058 -0.010522
vt 1.815724 -0.010261
vt 0.496892 0.632487
vt 0.407260 0.632487
vt 0.362395 0.593661
vt 0.407258 0.554809
vt 0.496983 0.554836
vt 0.541755 0.593687
vt 3.002504 -1.130120
vt 2.948565 -1.145687
vt 2.948594 -1.176827
vt 3.002528 -1.192368
vt 3.056395 -1.176801
vt 3.056401 -1.145693
vt 2.085066 -0.573944
vt 2.017730 -0.573863
vt 2.017730 -0.761789
vt 2.085066 -0.761948
vt 2.085066 -0.009933
vt 2.017730 -0.010085
vt 2.017730 -0.385937
vt 2.085066 -0.385940
vt 1.950393 -0.009595
vt 1.950394 -0.385632
vt 1.815724 -0.574051
vt 1.748388 -0.574199
vt 1.748388 -0.762113
vt 1.815724 -0.761981
vt 1.883058 -0.573982
vt 1.748388 -0.010458
vt 1.748388 -0.386286
vt 1.950394 -0.573651
vt 1.883058 -0.761802
vt 1.950394 -0.761670
vt 2.152403 -0.574154
vt 2.152403 -0.762067
vt 2.152403 -0.010413
vt 2.152403 -0.386240
vt 0.218575 0.907330
vt 0.533920 0.908059
vt 0.533920 1.049212
vt 0.218575 1.048484
vt 0.060901 0.907021
vt 0.060900 1.048175
vt 0.691596 0.907780
vt 0.691595 1.048933
vt 0.783175 0.624364
vt 0.794810 0.665213
vt 0.676973 0.665213
vt 0.693684 0.622290
vt 1.006944 0.907129
vt 1.006944 1.048282
vt -1.114058 -2.735259
vt -1.114058 -1.759363
vt -1.045926 -1.759491
vt -1.045926 -2.735387
vt -1.318452 -2.735737
vt -1.318452 -1.759841
vt -1.250320 -1.759697
vt -1.250320 -2.735593
vt -1.182191 -1.759506
vt -1.182191 -2.735403
vt -0.977794 -2.735554
vt -0.977794 -1.759658
vt -0.909662 -1.759786
vt -0.909662 -2.735682
vt -1.114059 -3.711154
vt -1.182191 -3.711299
vt -0.977794 -3.711450
vt -1.045926 -3.711283
vt 0.677723 0.474184
vt 0.588089 0.474184
vt 0.543226 0.435359
vt 0.588087 0.396506
vt 0.677813 0.396532
vt 0.722586 0.435383
vt 1.352378 -2.218403
vt 1.406277 -2.233976
vt 1.406271 -2.265084
vt 1.352405 -2.280653
vt 1.298471 -2.265112
vt 1.298438 -2.233971
vt -1.789948 -1.779854
vt -1.789948 -0.804442
vt -1.721848 -0.804570
vt -1.721848 -1.779982
vt -1.994239 -1.780331
vt -1.994239 -0.804919
vt -1.926141 -0.804776
vt -1.926141 -1.780188
vt -1.858046 -0.804586
vt -1.858046 -1.779997
vt -1.653751 -1.780149
vt -1.653751 -0.804737
vt -1.585652 -0.804865
vt -1.585652 -1.780277
vt -1.789948 -2.755266
vt -1.858046 -2.755409
vt -1.653751 -2.755561
vt -1.721849 -2.755394
vt 0.316063 0.078415
vt 0.226428 0.078414
vt 0.181567 0.039588
vt 0.226432 0.000736
vt 0.316156 0.000764
vt 0.360928 0.039615
vt 1.352378 -2.410221
vt 1.406277 -2.425794
vt 1.406270 -2.456903
vt 1.352405 -2.472471
vt 1.298471 -2.456930
vt 1.298439 -2.425789
vt -1.296837 -0.315133
vt -1.296837 0.683747
vt -1.227100 0.683599
vt -1.227100 -0.315280
vt -1.506042 -0.315683
vt -1.506042 0.683196
vt -1.436306 0.683364
vt -1.436306 -0.315516
vt -1.366573 0.683578
vt -1.366573 -0.315302
vt -1.157365 -0.315463
vt -1.157365 0.683417
vt -1.087628 0.683270
vt -1.087628 -0.315610
vt -1.296837 -1.314013
vt -1.366572 -1.314181
vt -1.157365 -1.314342
vt -1.227100 -1.314159
vt 0.316062 0.395035
vt 0.226427 0.395035
vt 0.181566 0.356208
vt 0.226429 0.317357
vt 0.316154 0.317384
vt 0.360927 0.356236
vt 1.352378 -1.898705
vt 1.406278 -1.914277
vt 1.406272 -1.945386
vt 1.352405 -1.960955
vt 1.298471 -1.945414
vt 1.298439 -1.914274
vt 0.791541 0.675290
vt 0.791540 1.639780
vt 0.858877 1.639661
vt 0.858877 0.675171
vt 0.589534 0.674847
vt 0.589534 1.639338
vt 0.656870 1.639469
vt 0.656870 0.674979
vt 0.724204 1.639648
vt 0.724204 0.675158
vt 0.926213 0.675012
vt 0.926213 1.639502
vt 0.993549 1.639383
vt 0.993549 0.674893
vt 0.791541 -0.289200
vt 0.724204 -0.289332
vt 0.926213 -0.289478
vt 0.858878 -0.289319
vt 0.135223 0.157576
vt 0.045588 0.157571
vt 0.000736 0.118742
vt 0.045608 0.079893
vt 0.135332 0.079925
vt 0.180093 0.118780
vt 1.466974 -2.857797
vt 1.520872 -2.873370
vt 1.520864 -2.904478
vt 1.466998 -2.920045
vt 1.413063 -2.904504
vt 1.413036 -2.873364
vt -0.250617 0.056705
vt -0.250617 1.043392
vt -0.181731 1.043254
vt -0.181731 0.056568
vt -0.457269 0.056192
vt -0.457269 1.042879
vt -0.388384 1.043034
vt -0.388384 0.056348
vt -0.319501 1.043236
vt -0.319502 0.056549
vt -0.112846 0.056393
vt -0.112846 1.043079
vt -0.043960 1.042943
vt -0.043960 0.056256
vt -0.250617 -0.929982
vt -0.319502 -0.930137
vt -0.112846 -0.930293
vt -0.181731 -0.930118
vt 0.677721 0.236732
vt 0.588086 0.236731
vt 0.543226 0.197905
vt 0.588089 0.159053
vt 0.677813 0.159080
vt 0.722583 0.197933
vt 1.352377 -3.241430
vt 1.406275 -3.257001
vt 1.406276 -3.288110
vt 1.352411 -3.303679
vt 1.298475 -3.288140
vt 1.298439 -3.257000
vt 0.414865 -1.844552
vt 0.414864 -0.880062
vt 0.482201 -0.880181
vt 0.482202 -1.844671
vt 0.212859 -1.844994
vt 0.212859 -0.880504
vt 0.280195 -0.880373
vt 0.280195 -1.844863
vt 0.347529 -0.880193
vt 0.347529 -1.844684
vt 0.549537 -1.844830
vt 0.549537 -0.880340
vt 0.616874 -0.880459
vt 0.616874 -1.844949
vt 0.414865 -2.500935
vt 0.347529 -2.501312
vt 0.549537 -2.809319
vt 0.549537 -2.500835
vt 0.616874 -2.501248
vt 0.616874 -2.809439
vt 0.135223 0.236732
vt 0.045589 0.236727
vt 0.000736 0.197899
vt 0.045607 0.159049
vt 0.135332 0.159081
vt 0.180093 0.197936
vt 1.466976 -3.177491
vt 1.520873 -3.193064
vt 1.520866 -3.224173
vt 1.467000 -3.239740
vt 1.413066 -3.224199
vt 1.413037 -3.193058
vt 1.664990 3.639440
vt 1.664990 4.856579
vt 1.564347 4.857992
vt 1.564348 3.640851
vt 1.463705 3.642263
vt 1.463705 4.859402
vt 1.363063 4.860815
vt 1.363063 3.643674
vt 0.859571 1.764081
vt 0.859571 0.789197
vt 0.777187 0.789197
vt 0.777187 1.764081
vt 1.101056 1.764081
vt 1.101056 0.789197
vt 1.022351 0.789197
vt 1.022351 1.764081
vt 0.941016 0.789197
vt 0.941016 1.764081
vt 0.696214 1.764081
vt 0.696214 0.789197
vt 0.617257 0.789197
vt 0.617257 1.764081
vt 0.941016 2.251523
vt 0.859571 2.251523
vt 0.859571 2.738965
vt 0.941016 2.738965
vt 0.777187 2.251523
vt 0.696213 2.251523
vt 0.696213 2.738965
vt 0.777187 2.738965
vt 1.322962 0.498933
vt 1.389584 0.479701
vt 1.389584 0.441236
vt 1.322962 0.422004
vt 1.256340 0.441236
vt 1.256340 0.479701
vt 1.156198 0.769367
vt 1.290898 0.769367
vt 1.358248 0.711039
vt 1.290898 0.652712
vt 1.156198 0.652712
vt 1.088846 0.711039
vt 0.531551 0.370882
vt 0.573344 0.334688
vt 0.656928 0.334688
vt 0.698721 0.370882
vt 0.656928 0.407075
vt 0.573344 0.407075
vt -1.585652 -2.755688
vt -1.926142 -2.755599
vt -1.994239 -2.755743
vt -1.087628 -1.314490
vt -1.436306 -1.314395
vt -1.506041 -1.314563
vt 0.993549 -0.289597
vt 0.656870 -0.289511
vt 0.589535 -0.289643
vt -0.909662 -3.711578
vt -1.250320 -3.711489
vt -1.318452 -3.711633
vt -0.043960 -0.930430
vt -0.388384 -0.930339
vt -0.457269 -0.930494
vt 0.482202 -2.501330
vt 0.482202 -2.809160
vt 0.414865 -2.809042
vt 0.347529 -2.809174
vt 0.212860 -2.809484
vt 0.212859 -2.501294
vt 0.280195 -2.501060
vt 0.280195 -2.809353
vt 0.617257 2.251523
vt 1.022351 2.251523
vt 1.101056 2.251523
vt 1.101056 2.738965
vt 1.022351 2.738965
vt 0.617257 2.738965
vt 1.664990 2.422300
vt 1.664990 -0.011980
vt 1.765632 -0.013390
vt 1.765632 2.420889
vt 1.463705 2.425123
vt 1.463705 -0.009157
vt 1.564348 -0.010568
vt 1.564348 2.423712
vt 1.161778 2.429357
vt 1.161779 -0.004923
vt 1.262421 -0.006334
vt 1.262421 2.427946
vt 1.363063 -0.007745
vt 1.363063 2.426535
vt 1.262421 3.645086
vt 1.161778 3.646496
vt 1.765632 3.638029
vt 1.765632 4.855169
vt 1.161778 4.863636
vt 1.262421 4.862226
vt 0.164714 0.750161
vt 0.299384 0.750472
vt 0.299384 0.810753
vt 0.164714 0.810442
vt 0.097378 0.750029
vt 0.097378 0.810310
vt 0.366721 0.750353
vt 0.366721 0.810634
vt 0.501393 0.689795
vt 0.501393 0.750075
vt 0.366721 0.690073
vt 0.164714 0.689881
vt 0.299384 0.690192
vt 0.097378 0.689749
vt 0.811695 0.993056
vt 0.739520 0.993056
vt 0.739520 0.972222
vt 0.811695 0.972222
vt 0.501393 0.810356
vt 0.217077 -1.664262
vt 0.285208 -1.664118
vt 0.625867 -1.664207
vt 0.388493 0.247820
vt 0.431454 0.234065
vt 0.522956 0.254981
vt 0.507496 0.289198
vt 0.454179 0.311347
vt 0.388493 0.285122
vt 0.431509 0.498830
vt 0.462015 0.462990
vt 0.517472 0.453217
vt 0.568488 0.471389
vt 0.568488 0.502424
vt 0.517619 0.515549
vt 0.568489 0.436462
vt 0.482379 0.453180
vt 0.431509 0.440055
vt 0.431510 0.409020
vt 0.482526 0.390848
vt 0.537982 0.400622
vt 0.010892 2.958577
vt 0.010892 2.912149
vt 0.255745 2.912149
vt 0.255745 2.958577
vt 0.316906 2.912149
vt 0.255744 1.798001
vt 0.316906 1.806870
vt 0.010891 1.649196
vt 0.497772 0.883214
vt 0.497772 0.836786
vt 0.725988 0.836786
vt 0.725988 0.883214
vt 0.784617 0.836785
vt 0.725987 -0.258007
vt 0.784617 -0.255957
vt 0.497771 -0.364899
vt 0.233129 1.522441
vt 0.233129 1.476013
vt 0.456279 1.476013
vt 0.456279 1.522441
vt 0.517441 1.476013
vt 0.456278 0.432900
vt 0.517441 0.443582
vt 0.233128 0.272133
vt 0.729085 1.236364
vt 0.729085 1.189937
vt 0.957302 1.189937
vt 0.957302 1.236364
vt 1.015930 1.189936
vt 0.957301 0.000693
vt 1.015930 -0.012372
vt 0.729085 0.073092
vt -0.049139 0.776763
vt 0.009490 0.776763
vt 0.009491 1.454339
vt -0.049139 1.454339
vt 0.009491 1.500767
vt 0.237707 1.454339
vt 0.237707 1.500767
vt 0.296335 0.776763
vt 0.237706 0.776763
vt 0.237706 0.219928
vt 0.296335 0.218869
vt 0.730179 0.730336
vt 0.730179 1.407912
vt 0.507028 1.407912
vt 0.507028 0.730336
vt 0.009490 0.277057
vt 0.170512 0.181899
vt 0.048248 1.766519
vt 0.048248 1.737450
vt 0.191136 1.737450
vt 0.191136 1.766519
vt 0.227844 1.737450
vt 0.191136 1.013238
vt 0.227844 1.004031
vt 0.048248 1.092970
vt 0.233129 2.495425
vt 0.233129 2.448997
vt 0.456279 2.448997
vt 0.456279 2.495425
vt 0.517441 2.448997
vt 0.456278 1.229556
vt 0.517441 1.222476
vt 0.233128 1.372818
vt 0.296335 1.454339
vt 0.737977 1.176048
vt 0.961127 1.317555
vt 0.961127 2.402571
vt 0.737977 2.402571
vt 0.737977 0.397155
vt 0.961127 0.214947
vt 0.961127 1.429587
vt 0.737977 1.429587
vt -0.050271 1.660511
vt -0.050271 2.912149
vt 0.509539 1.760442
vt 0.732689 1.614083
vt 0.732689 2.865723
vt 0.509539 2.865723
vt 0.171966 1.363983
vt 0.171967 2.448997
vt 0.011540 1.098852
vt 0.011540 1.737450
vt 0.544839 0.957604
vt 0.684555 1.052424
vt 0.684555 1.691024
vt 0.544839 1.691024
vt -0.049139 0.268293
vt 0.670456 0.062953
vt 0.670456 1.189937
vt 0.995309 -0.302385
vt 1.218460 -0.419511
vt 1.218460 0.790359
vt 0.995310 0.790359
vt 0.507028 0.172441
vt 0.575537 0.133895
vt 0.730179 0.221865
vt 1.226623 -0.058800
vt 1.449774 0.016525
vt 1.449773 1.143510
vt 1.226623 1.143510
vt 0.439142 -0.373083
vt 0.439142 0.836786
vt 0.171966 0.261375
vt 0.171967 1.476013
vt 0.490804 1.236364
vt 0.490804 1.189937
vt 0.719020 1.189937
vt 0.719020 1.236364
vt 0.777649 1.189936
vt 0.719019 0.111974
vt 0.777649 0.095718
vt 0.490803 0.014931
vt 0.046097 1.156663
vt 0.046097 1.128806
vt 0.193009 1.128806
vt 0.193009 1.156663
vt 0.229706 1.128806
vt 0.193008 0.418107
vt 0.229706 0.425084
vt 0.046097 0.468854
vt -0.003106 2.729283
vt -0.003106 2.682854
vt 0.220044 2.682854
vt 0.220044 2.729283
vt 0.281206 2.682854
vt 0.220043 1.558719
vt 0.281206 1.561553
vt -0.003107 1.476133
vt 0.254569 2.598770
vt 0.254569 2.552342
vt 0.482785 2.552342
vt 0.482785 2.598770
vt 0.541414 2.552342
vt 0.482784 1.422776
vt 0.541414 1.415681
vt 0.254568 1.559862
vt 0.988342 0.049290
vt 1.211492 -0.018998
vt 1.211492 1.143510
vt 0.988342 1.143510
vt 0.195939 1.562262
vt 0.195939 2.552342
vt 0.009400 0.458492
vt 0.009400 1.128806
vt -0.064269 1.477157
vt -0.064269 2.682854
vt 0.540404 0.378656
vt 0.674294 0.412065
vt 0.674294 1.082380
vt 0.540404 1.082380
vt 0.432175 0.027430
vt 0.432175 1.189937
vt 0.752107 1.369254
vt 0.975257 1.515834
vt 0.975257 2.505916
vt 0.752107 2.505916
vt 0.501742 1.515125
vt 0.724892 1.430729
vt 0.724892 2.636428
vt 0.501742 2.636428
vt 0.010892 2.958577
vt 0.010892 2.912149
vt 0.255745 2.912149
vt 0.255745 2.958577
vt 0.316906 2.912149
vt 0.255744 1.798001
vt 0.316906 1.806870
vt 0.010891 1.649196
vt 0.497772 0.883214
vt 0.497772 0.836786
vt 0.725988 0.836786
vt 0.725988 0.883214
vt 0.784617 0.836785
vt 0.725987 -0.258007
vt 0.784617 -0.255957
vt 0.497771 -0.364899
vt 0.233129 1.522441
vt 0.233129 1.476013
vt 0.456279 1.476013
vt 0.456279 1.522441
vt 0.517441 1.476013
vt 0.456278 0.432900
vt 0.517441 0.443582
vt 0.233128 0.272133
vt 0.729085 1.236364
vt 0.729085 1.189937
vt 0.957302 1.189937
vt 0.957302 1.236364
vt 1.015930 1.189936
vt 0.957301 0.000693
vt 1.015930 -0.012372
vt 0.729085 0.073092
vt -0.049139 0.776763
vt 0.009490 0.776763
vt 0.009491 1.454339
vt -0.049139 1.454339
vt 0.009491 1.500767
vt 0.237707 1.454339
vt 0.237707 1.500767
vt 0.296335 0.776763
vt 0.237706 0.776763
vt 0.237706 0.219928
vt 0.296335 0.218869
vt 0.730179 0.730336
vt 0.730179 1.407912
vt 0.507028 1.407912
vt 0.507028 0.730336
vt 0.009490 0.277057
vt 0.170512 0.181899
vt 0.048248 1.766519
vt 0.048248 1.737450
vt 0.191136 1.737450
vt 0.191136 1.766519
vt 0.227844 1.737450
vt 0.191136 1.013238
vt 0.227844 1.004031
vt 0.048248 1.092970
vt 0.233129 2.495425
vt 0.233129 2.448997
vt 0.456279 2.448997
vt 0.456279 2.495425
vt 0.517441 2.448997
vt 0.456278 1.229556
vt 0.517441 1.222476
vt 0.233128 1.372818
vt 0.296335 1.454339
vt 0.737977 1.176048
vt 0.961127 1.317555
vt 0.961127 2.402571
vt 0.737977 2.402571
vt 0.737977 0.397155
vt 0.961127 0.214947
vt 0.961127 1.429587
vt 0.737977 1.429587
vt -0.050271 1.660511
vt -0.050271 2.912149
vt 0.509539 1.760442
vt 0.732689 1.614083
vt 0.732689 2.865723
vt 0.509539 2.865723
vt 0.171966 1.363983
vt 0.171967 2.448997
vt 0.011540 1.098852
vt 0.011540 1.737450
vt 0.544839 0.957604
vt 0.684555 1.052424
vt 0.684555 1.691024
vt 0.544839 1.691024
vt -0.049139 0.268293
vt 0.670456 0.062953
vt 0.670456 1.189937
vt 0.995309 -0.302385
vt 1.218460 -0.419511
vt 1.218460 0.790359
vt 0.995310 0.790359
vt 0.507028 0.172441
vt 0.575537 0.133895
vt 0.730179 0.221865
vt 1.226623 -0.058800
vt 1.449774 0.016525
vt 1.449773 1.143510
vt 1.226623 1.143510
vt 0.439142 -0.373083
vt 0.439142 0.836786
vt 0.171966 0.261375
vt 0.171967 1.476013
vt 0.490804 1.236364
vt 0.490804 1.189937
vt 0.719020 1.189937
vt 0.719020 1.236364
vt 0.777649 1.189936
vt 0.719019 0.111974
vt 0.777649 0.095718
vt 0.490803 0.014931
vt 0.046097 1.156663
vt 0.046097 1.128806
vt 0.193009 1.128806
vt 0.193009 1.156663
vt 0.229706 1.128806
vt 0.193008 0.418107
vt 0.229706 0.425084
vt 0.046097 0.468854
vt -0.003106 2.729283
vt -0.003106 2.682854
vt 0.220044 2.682854
vt 0.220044 2.729283
vt 0.281206 2.682854
vt 0.220043 1.558719
vt 0.281206 1.561553
vt -0.003107 1.476133
vt 0.254569 2.598770
vt 0.254569 2.552342
vt 0.482785 2.552342
vt 0.482785 2.598770
vt 0.541414 2.552342
vt 0.482784 1.422776
vt 0.541414 1.415681
vt 0.254568 1.559862
vt 0.988342 0.049290
vt 1.211492 -0.018998
vt 1.211492 1.143510
vt 0.988342 1.143510
vt 0.195939 1.562262
vt 0.195939 2.552342
vt 0.009400 0.458492
vt 0.009400 1.128806
vt -0.064269 1.477157
vt -0.064269 2.682854
vt 0.540404 0.378656
vt 0.674294 0.412065
vt 0.674294 1.082380
vt 0.540404 1.082380
vt 0.432175 0.027430
vt 0.432175 1.189937
vt 0.752107 1.369254
vt 0.975257 1.515834
vt 0.975257 2.505916
vt 0.752107 2.505916
vt 0.501742 1.515125
vt 0.724892 1.430729
vt 0.724892 2.636428
vt 0.501742 2.636428
vt 0.498199 -0.208566
vt 0.498199 -0.146613
vt 0.300136 -0.146613
vt 0.300136 -0.208566
vt 0.249254 -0.146613
vt 0.300137 1.661679
vt 0.249254 1.661679
vt 0.300137 1.723632
vt 0.498200 1.661679
vt 0.498200 1.723632
vt 0.549082 1.661679
vt 0.549082 -0.146613
vt 0.991007 -0.178673
vt 0.991007 1.629621
vt 0.797340 1.629621
vt 0.797340 -0.178673
vt 0.209137 -0.208566
vt 0.209137 -0.146613
vt 0.011074 -0.146613
vt 0.011074 -0.208566
vt -0.039809 -0.146613
vt 0.011075 1.661679
vt -0.039809 1.661679
vt 0.011075 1.723632
vt 0.209138 1.661679
vt 0.209138 1.723632
vt 0.260020 1.661679
vt 0.260020 -0.146613
vt 0.701944 -0.178673
vt 0.701944 1.629621
vt 0.508278 1.629621
vt 0.508278 -0.178673
vt 0.498199 0.137137
vt 0.498199 0.199090
vt 0.300136 0.199090
vt 0.300136 0.137137
vt 0.249254 0.199090
vt 0.300137 2.007382
vt 0.249254 2.007382
vt 0.300137 2.069335
vt 0.498200 2.007382
vt 0.498200 2.069335
vt 0.549082 2.007382
vt 0.549082 0.199090
vt 0.991007 0.167030
vt 0.991007 1.975324
vt 0.797340 1.975324
vt 0.797340 0.167030
vt 0.209137 0.113700
vt 0.209137 0.175653
vt 0.011074 0.175653
vt 0.011074 0.113700
vt -0.039809 0.175653
vt 0.011075 1.983945
vt -0.039809 1.983945
vt 0.011075 2.045897
vt 0.209138 1.983945
vt 0.209138 2.045897
vt 0.260020 1.983945
vt 0.260020 0.175653
vt 0.701944 0.143592
vt 0.701944 1.951887
vt 0.508278 1.951887
vt 0.508278 0.143592
vt 0.427300 0.242648
vt 0.427300 0.282454
vt 0.288343 0.282454
vt 0.288343 0.242648
vt 0.252646 0.282454
vt 0.288344 1.444315
vt 0.252646 1.444315
vt 0.288344 1.484121
vt 0.427300 1.444315
vt 0.427300 1.484121
vt 0.462998 1.444315
vt 0.462998 0.282454
vt 0.926625 0.261854
vt 0.926624 1.423717
vt 0.766216 1.423717
vt 0.766216 0.261854
vt 0.428545 0.630017
vt 0.428545 0.669823
vt 0.289589 0.669823
vt 0.289589 0.630017
vt 0.253891 0.669823
vt 0.289590 1.831684
vt 0.253891 1.831684
vt 0.289590 1.871490
vt 0.428546 1.831684
vt 0.428546 1.871490
vt 0.464244 1.831684
vt 0.464244 0.669823
vt 0.691860 0.649224
vt 0.691860 1.811086
vt 0.531451 1.811086
vt 0.531451 0.649224
vt 0.456278 -0.011021
vt 0.456278 0.050932
vt 0.233128 0.050932
vt 0.233128 -0.011021
vt 0.233129 1.921177
vt 0.233129 1.859224
vt 0.456279 1.859224
vt 0.456279 1.921177
vt 0.251271 0.268168
vt 0.289581 0.268168
vt 0.289581 1.400831
vt 0.251271 1.400831
vt 0.467666 1.400831
vt 0.429356 1.400831
vt 0.429355 0.268168
vt 0.467666 0.268168
vt 0.927938 0.287824
vt 0.927938 1.558214
vt 0.771167 1.558214
vt 0.771167 0.287824
vt 0.196205 0.297593
vt 0.196205 0.336382
vt 0.042900 0.336382
vt 0.042900 0.297593
vt 0.004606 0.336382
vt 0.042901 1.468570
vt 0.004606 1.468570
vt 0.042901 1.507359
vt 0.196206 1.468570
vt 0.196206 1.507359
vt 0.234499 1.468570
vt 0.234499 0.336382
vt 0.677207 0.304322
vt 0.677207 1.436511
vt 0.537491 1.436511
vt 0.537491 0.304322
vt 0.714091 -0.636021
vt 0.714091 -0.574068
vt 0.490941 -0.574068
vt 0.490941 -0.636021
vt 0.490942 1.296177
vt 0.490942 1.234224
vt 0.714092 1.234224
vt 0.714092 1.296177
vt 0.429779 -0.574068
vt 0.429779 1.234224
vt 0.775253 1.234224
vt 0.775253 -0.574068
vt 1.218940 -0.606128
vt 1.218940 1.202166
vt 0.995790 1.202166
vt 0.995789 -0.606128
vt 0.454017 -0.327407
vt 0.454017 -0.288618
vt 0.300713 -0.288618
vt 0.300713 -0.327407
vt 0.262419 -0.288618
vt 0.300713 0.843570
vt 0.262419 0.843570
vt 0.300713 0.882359
vt 0.454018 0.843570
vt 0.454018 0.882359
vt 0.492312 0.843570
vt 0.492312 -0.288618
vt 0.935020 -0.320678
vt 0.935020 0.811511
vt 0.795304 0.811511
vt 0.795303 -0.320678
vt 0.498199 -0.765206
vt 0.498199 -0.703253
vt 0.300136 -0.703253
vt 0.300136 -0.765206
vt 0.249254 -0.703253
vt 0.300137 1.105039
vt 0.249254 1.105039
vt 0.300137 1.166991
vt 0.498200 1.105039
vt 0.498200 1.166991
vt 0.549082 1.105039
vt 0.549082 -0.703253
vt 0.991007 -0.735314
vt 0.991007 1.072981
vt 0.797340 1.072981
vt 0.797340 -0.735314
vt 0.209137 -0.788644
vt 0.209137 -0.726691
vt 0.011074 -0.726691
vt 0.011074 -0.788644
vt -0.039809 -0.726691
vt 0.011075 1.081601
vt -0.039809 1.081601
vt 0.011075 1.143554
vt 0.209138 1.081601
vt 0.209138 1.143554
vt 0.260020 1.081601
vt 0.260020 -0.726691
vt 0.701944 -0.758751
vt 0.701944 1.049543
vt 0.508278 1.049543
vt 0.508278 -0.758751
vt 0.748199 -0.765206
vt 0.748199 -0.703253
vt 0.550136 -0.703253
vt 0.550136 -0.765206
vt 0.499254 -0.703253
vt 0.550137 1.105039
vt 0.499254 1.105039
vt 0.550137 1.166991
vt 0.748200 1.105039
vt 0.748200 1.166991
vt 0.799082 1.105039
vt 0.799082 -0.703253
vt 1.241007 -0.735314
vt 1.241007 1.072981
vt 1.047340 1.072981
vt 1.047340 -0.735314
vt 0.459137 -0.788644
vt 0.459137 -0.726691
vt 0.261074 -0.726691
vt 0.261074 -0.788644
vt 0.210191 -0.726691
vt 0.261075 1.081601
vt 0.210191 1.081601
vt 0.261075 1.143554
vt 0.459138 1.081601
vt 0.459138 1.143554
vt 0.510020 1.081601
vt 0.510020 -0.726691
vt 0.951944 -0.758751
vt 0.951944 1.049543
vt 0.758278 1.049543
vt 0.758278 -0.758751
vt 0.498199 -0.208566
vt 0.498199 -0.146613
vt 0.300136 -0.146613
vt 0.300136 -0.208566
vt 0.249254 -0.146613
vt 0.300137 1.661679
vt 0.249254 1.661679
vt 0.300137 1.723632
vt 0.498200 1.661679
vt 0.498200 1.723632
vt 0.549082 1.661679
vt 0.549082 -0.146613
vt 0.991007 -0.178673
vt 0.991007 1.629621
vt 0.797340 1.629621
vt 0.797340 -0.178673
vt 0.209137 -0.208566
vt 0.209137 -0.146613
vt 0.011074 -0.146613
vt 0.011074 -0.208566
vt -0.039809 -0.146613
vt 0.011075 1.661679
vt -0.039809 1.661679
vt 0.011075 1.723632
vt 0.209138 1.661679
vt 0.209138 1.723632
vt 0.260020 1.661679
vt 0.260020 -0.146613
vt 0.701944 -0.178673
vt 0.701944 1.629621
vt 0.508278 1.629621
vt 0.508278 -0.178673
vt 0.255744 0.980675
vt 0.255744 1.042628
vt 0.010891 1.042628
vt 0.010891 0.980675
vt -0.050271 1.042628
vt 0.010892 2.850919
vt -0.050271 2.850919
vt 0.010892 2.912873
vt 0.255745 2.850919
vt 0.255745 2.912873
vt 0.316906 2.850919
vt 0.316906 1.042628
vt 0.732689 1.010567
vt 0.732689 2.818861
vt 0.509539 2.818861
vt 0.509539 1.010567
vt 0.456278 -0.011021
vt 0.456278 0.050932
vt 0.233128 0.050932
vt 0.233128 -0.011021
vt 0.233129 1.921177
vt 0.233129 1.859224
vt 0.456279 1.859224
vt 0.456279 1.921177
vt 0.171966 0.050932
vt 0.171967 1.859224
vt 0.517441 1.859224
vt 0.517441 0.050932
vt 0.961127 0.018872
vt 0.961127 1.827166
vt 0.737977 1.827166
vt 0.737977 0.018872
vt 0.957300 -0.208566
vt 0.957300 -0.146613
vt 0.729084 -0.146613
vt 0.729084 -0.208566
vt 0.670456 -0.146613
vt 0.729085 1.661679
vt 0.670456 1.661679
vt 0.729085 1.723632
vt 0.957302 1.661679
vt 0.957302 1.723632
vt 1.015930 1.661679
vt 1.015930 -0.146613
vt 1.449774 -0.178673
vt 1.449773 1.629621
vt 1.226623 1.629621
vt 1.226623 -0.178673
vt 0.479893 0.344448
vt 0.479893 0.406401
vt 0.251677 0.406401
vt 0.251677 0.344448
vt 0.193048 0.406401
vt 0.251678 2.214693
vt 0.193049 2.214693
vt 0.251678 2.276646
vt 0.479894 2.214693
vt 0.479894 2.276646
vt 0.538523 2.214692
vt 0.538523 0.406401
vt 0.972366 0.374340
vt 0.972366 2.182634
vt 0.749216 2.182634
vt 0.749216 0.374340
vt 0.482784 0.732217
vt 0.482784 0.794170
vt 0.254568 0.794170
vt 0.254568 0.732217
vt 0.195939 0.794170
vt 0.254569 2.602462
vt 0.195939 2.602462
vt 0.254569 2.664415
vt 0.482785 2.602462
vt 0.482785 2.664415
vt 0.541414 2.602462
vt 0.541414 0.794170
vt 0.975257 0.762109
vt 0.975257 2.570404
vt 0.752107 2.570404
vt 0.752107 0.762109
vt 0.191136 0.705664
vt 0.191136 0.744453
vt 0.048248 0.744453
vt 0.048248 0.705664
vt 0.011540 0.744453
vt 0.048248 1.876641
vt 0.011540 1.876641
vt 0.048248 1.915430
vt 0.191136 1.876641
vt 0.191136 1.915430
vt 0.227844 1.876641
vt 0.227844 0.744453
vt 0.684556 0.712393
vt 0.684555 1.844582
vt 0.544839 1.844582
vt 0.544839 0.712393
vt 0.456278 0.660854
vt 0.456278 0.722807
vt 0.233128 0.722807
vt 0.233128 0.660854
vt 0.233129 2.593052
vt 0.233129 2.531099
vt 0.456279 2.531099
vt 0.456279 2.593052
vt 0.171966 0.722807
vt 0.171967 2.531099
vt 0.517441 2.531099
vt 0.517441 0.722807
vt 0.961127 0.690747
vt 0.961127 2.499041
vt 0.737977 2.499041
vt 0.737977 0.690747
vt 0.482784 0.060342
vt 0.482784 0.122295
vt 0.254568 0.122295
vt 0.254568 0.060342
vt 0.195939 0.122295
vt 0.254569 1.930587
vt 0.195939 1.930587
vt 0.254569 1.992539
vt 0.482785 1.930587
vt 0.482785 1.992539
vt 0.541414 1.930586
vt 0.541414 0.122295
vt 0.975257 0.090234
vt 0.975257 1.898528
vt 0.752107 1.898528
vt 0.752107 0.090234
vt 0.491979 0.377783
vt 0.491979 0.439736
vt 0.247126 0.439736
vt 0.247126 0.377783
vt 0.185964 0.439736
vt 0.247127 2.248028
vt 0.185964 2.248028
vt 0.247127 2.309981
vt 0.491980 2.248028
vt 0.491980 2.309981
vt 0.553142 2.248028
vt 0.553141 0.439736
vt 0.968924 0.407675
vt 0.968924 2.215970
vt 0.745774 2.215970
vt 0.745774 0.407675
vt 0.680344 0.375419
vt 0.680344 0.412590
vt 0.543414 0.412590
vt 0.543414 0.375419
vt 0.508237 0.412590
vt 0.543415 1.497566
vt 0.508237 1.497566
vt 0.543415 1.534737
vt 0.680345 1.497566
vt 0.680345 1.534737
vt 0.715522 1.497566
vt 0.715522 0.412590
vt 1.173830 0.380530
vt 1.173830 1.465507
vt 1.039940 1.465507
vt 1.039940 0.380530
vt 0.217997 -0.011021
vt 0.217997 0.050932
vt -0.005153 0.050932
vt -0.005153 -0.011021
vt -0.005152 1.921177
vt -0.005152 1.859224
vt 0.217998 1.859224
vt 0.217998 1.921177
vt -0.066315 0.050932
vt -0.066315 1.859224
vt 0.279160 1.859224
vt 0.279159 0.050932
vt 0.722846 0.018872
vt 0.722846 1.827166
vt 0.499696 1.827166
vt 0.499696 0.018872
vt 0.723985 -0.250605
vt 0.723985 -0.185957
vt 0.485838 -0.185957
vt 0.485838 -0.250605
vt 0.424658 -0.185957
vt 0.485839 1.701023
vt 0.424658 1.701023
vt 0.485839 1.765672
vt 0.723986 1.701023
vt 0.723986 1.765672
vt 0.785166 1.701023
vt 0.785165 -0.185957
vt 1.216347 -0.218017
vt 1.216347 1.668965
vt 0.983487 1.668965
vt 0.983487 -0.218017
vt 0.220043 0.591871
vt 0.220043 0.653824
vt -0.003107 0.653824
vt -0.003107 0.591871
vt -0.003106 2.524069
vt -0.003106 2.462116
vt 0.220044 2.462116
vt 0.220044 2.524069
vt -0.064269 0.653824
vt -0.064269 2.462116
vt 0.281206 2.462116
vt 0.281206 0.653824
vt 0.724892 0.621763
vt 0.724892 2.430058
vt 0.501742 2.430058
vt 0.501742 0.621763
vt 0.719019 -0.208566
vt 0.719019 -0.146613
vt 0.490803 -0.146613
vt 0.490803 -0.208566
vt 0.432175 -0.146613
vt 0.490804 1.661679
vt 0.432175 1.661679
vt 0.490804 1.723632
vt 0.719020 1.661679
vt 0.719020 1.723632
vt 0.777649 1.661679
vt 0.777649 -0.146613
vt 1.211492 -0.178673
vt 1.211492 1.629621
vt 0.988342 1.629621
vt 0.988342 -0.178673
vt 0.725987 -0.452427
vt 0.725987 -0.390474
vt 0.497771 -0.390474
vt 0.497771 -0.452427
vt 0.439142 -0.390474
vt 0.497772 1.417818
vt 0.439142 1.417818
vt 0.497772 1.479771
vt 0.725988 1.417818
vt 0.725988 1.479771
vt 0.784617 1.417818
vt 0.784616 -0.390474
vt 1.218460 -0.422535
vt 1.218460 1.385760
vt 0.995310 1.385760
vt 0.995309 -0.422535
vt 0.193008 0.322816
vt 0.193008 0.359988
vt 0.046097 0.359988
vt 0.046097 0.322816
vt 0.009400 0.359988
vt 0.046097 1.444963
vt 0.009400 1.444963
vt 0.046097 1.482135
vt 0.193009 1.444963
vt 0.193009 1.482135
vt 0.229706 1.444963
vt 0.229706 0.359988
vt 0.674294 0.327928
vt 0.674294 1.412905
vt 0.540404 1.412905
vt 0.540404 0.327928
vt 0.220043 0.822340
vt 0.220043 0.884293
vt -0.003107 0.884293
vt -0.003107 0.822340
vt -0.003106 2.754538
vt -0.003106 2.692584
vt 0.220044 2.692584
vt 0.220044 2.754538
vt -0.064269 0.884293
vt -0.064269 2.692584
vt 0.281206 2.692584
vt 0.281206 0.884293
vt 0.724892 0.852232
vt 0.724892 2.660526
vt 0.501742 2.660526
vt 0.501742 0.852232
vt 0.491979 -0.063623
vt 0.491979 -0.001670
vt 0.247126 -0.001670
vt 0.247126 -0.063623
vt 0.185964 -0.001670
vt 0.247127 1.806621
vt 0.185964 1.806621
vt 0.247127 1.868575
vt 0.491980 1.806621
vt 0.491980 1.868575
vt 0.553142 1.806621
vt 0.553141 -0.001670
vt 0.968924 -0.033731
vt 0.968924 1.774563
vt 0.745774 1.774563
vt 0.745774 -0.033731
vt 0.680344 -0.065987
vt 0.680344 -0.028816
vt 0.543414 -0.028816
vt 0.543414 -0.065987
vt 0.508237 -0.028816
vt 0.543415 1.056159
vt 0.508237 1.056159
vt 0.543415 1.093331
vt 0.680345 1.056159
vt 0.680345 1.093331
vt 0.715522 1.056159
vt 0.715522 -0.028816
vt 1.173830 -0.060876
vt 1.173830 1.024101
vt 1.039940 1.024101
vt 1.039940 -0.060876
vt 0.482784 0.732217
vt 0.482784 0.794170
vt 0.254568 0.794170
vt 0.254568 0.732217
vt 0.195939 0.794170
vt 0.254569 2.602462
vt 0.195939 2.602462
vt 0.254569 2.664415
vt 0.482785 2.602462
vt 0.482785 2.664415
vt 0.541414 2.602462
vt 0.541414 0.794170
vt 0.975257 0.762109
vt 0.975257 2.570404
vt 0.752107 2.570404
vt 0.752107 0.762109
vt 0.191136 0.705664
vt 0.191136 0.744453
vt 0.048248 0.744453
vt 0.048248 0.705664
vt 0.011540 0.744453
vt 0.048248 1.876641
vt 0.011540 1.876641
vt 0.048248 1.915430
vt 0.191136 1.876641
vt 0.191136 1.915430
vt 0.227844 1.876641
vt 0.227844 0.744453
vt 0.684556 0.712393
vt 0.684555 1.844582
vt 0.544839 1.844582
vt 0.544839 0.712393
vt 0.255744 -0.064397
vt 0.255744 -0.038130
vt 0.010891 -0.038130
vt 0.010891 -0.064397
vt -0.050271 -0.038130
vt 0.010892 0.728553
vt -0.050271 0.728553
vt 0.010892 0.754820
vt 0.255745 0.728553
vt 0.255745 0.754820
vt 0.316906 0.728553
vt 0.316906 -0.038130
vt 0.732689 -0.070190
vt 0.732689 0.696494
vt 0.509539 0.696494
vt 0.509539 -0.070190
vt 0.456278 -0.011021
vt 0.456278 0.050932
vt 0.233128 0.050932
vt 0.233128 -0.011021
vt 0.233129 1.921177
vt 0.233129 1.859224
vt 0.456279 1.859224
vt 0.456279 1.921177
vt 0.171966 0.050932
vt 0.171967 1.859224
vt 0.517441 1.859224
vt 0.517441 0.050932
vt 0.961127 0.018872
vt 0.961127 1.827166
vt 0.737977 1.827166
vt 0.737977 0.018872
vt 0.957300 -1.253638
vt 0.957300 -1.227371
vt 0.729084 -1.227371
vt 0.729084 -1.253638
vt 0.670456 -1.227371
vt 0.729085 -0.460687
vt 0.670456 -0.460687
vt 0.729085 -0.434420
vt 0.957302 -0.460687
vt 0.957302 -0.434420
vt 1.015930 -0.460687
vt 1.015930 -1.227371
vt 1.449774 -1.259431
vt 1.449773 -0.492746
vt 1.226623 -0.492746
vt 1.226623 -1.259431
vt 0.479893 -0.700624
vt 0.479893 -0.674357
vt 0.251677 -0.674357
vt 0.251677 -0.700624
vt 0.193048 -0.674357
vt 0.251678 0.092326
vt 0.193049 0.092326
vt 0.251678 0.118593
vt 0.479894 0.092326
vt 0.479894 0.118593
vt 0.538523 0.092326
vt 0.538523 -0.674357
vt 0.972366 -0.706417
vt 0.972366 0.060267
vt 0.749216 0.060267
vt 0.749216 -0.706417
vt 0.482784 -0.312855
vt 0.482784 -0.286588
vt 0.254568 -0.286588
vt 0.254568 -0.312855
vt 0.195939 -0.286588
vt 0.254569 0.480095
vt 0.195939 0.480095
vt 0.254569 0.506362
vt 0.482785 0.480095
vt 0.482785 0.506362
vt 0.541414 0.480095
vt 0.541414 -0.286588
vt 0.975257 -0.318648
vt 0.975257 0.448036
vt 0.752107 0.448036
vt 0.752107 -0.318648
vt 0.191136 -0.547475
vt 0.191136 -0.531029
vt 0.048248 -0.531029
vt 0.048248 -0.547475
vt 0.011540 -0.531029
vt 0.048248 -0.051001
vt 0.011540 -0.051001
vt 0.048248 -0.034556
vt 0.191136 -0.051001
vt 0.191136 -0.034556
vt 0.227844 -0.051002
vt 0.227844 -0.531029
vt 0.684556 -0.563089
vt 0.684555 -0.083061
vt 0.544839 -0.083061
vt 0.544839 -0.563089
vt 0.456278 -0.384218
vt 0.456278 -0.357951
vt 0.233128 -0.357951
vt 0.233128 -0.384218
vt 0.233129 0.435000
vt 0.233129 0.408733
vt 0.456279 0.408733
vt 0.456279 0.435000
vt 0.171966 -0.357951
vt 0.171967 0.408733
vt 0.517441 0.408732
vt 0.517441 -0.357951
vt 0.961127 -0.390011
vt 0.961127 0.376674
vt 0.737977 0.376674
vt 0.737977 -0.390011
vt 0.482784 -0.984730
vt 0.482784 -0.958463
vt 0.254568 -0.958463
vt 0.254568 -0.984730
vt 0.195939 -0.958463
vt 0.254569 -0.191780
vt 0.195939 -0.191780
vt 0.254569 -0.165513
vt 0.482785 -0.191780
vt 0.482785 -0.165513
vt 0.541414 -0.191780
vt 0.541414 -0.958463
vt 0.975257 -0.990523
vt 0.975257 -0.223839
vt 0.752107 -0.223839
vt 0.752107 -0.990523
vt 0.491979 -0.667289
vt 0.491979 -0.641022
vt 0.247126 -0.641022
vt 0.247126 -0.667289
vt 0.185964 -0.641022
vt 0.247127 0.125661
vt 0.185964 0.125661
vt 0.247127 0.151928
vt 0.491980 0.125661
vt 0.491980 0.151928
vt 0.553142 0.125661
vt 0.553141 -0.641022
vt 0.968924 -0.673082
vt 0.968924 0.093602
vt 0.745774 0.093602
vt 0.745774 -0.673082
vt 0.680344 -0.892249
vt 0.680344 -0.876489
vt 0.543414 -0.876489
vt 0.543414 -0.892249
vt 0.508237 -0.876489
vt 0.543415 -0.416479
vt 0.508237 -0.416479
vt 0.543415 -0.400719
vt 0.680345 -0.416479
vt 0.680345 -0.400719
vt 0.715522 -0.416479
vt 0.715522 -0.876489
vt 1.173830 -0.908549
vt 1.173830 -0.448538
vt 1.039940 -0.448538
vt 1.039940 -0.908549
vt 0.217997 -1.056093
vt 0.217997 -1.029826
vt -0.005153 -1.029826
vt -0.005153 -1.056093
vt -0.005152 -0.236876
vt -0.005152 -0.263142
vt 0.217998 -0.263142
vt 0.217998 -0.236876
vt -0.066315 -1.029826
vt -0.066315 -0.263142
vt 0.279160 -0.263142
vt 0.279159 -1.029826
vt 0.722846 -1.061886
vt 0.722846 -0.295201
vt 0.499696 -0.295201
vt 0.499696 -1.061886
vt 0.220043 -0.453201
vt 0.220043 -0.426934
vt -0.003107 -0.426934
vt -0.003107 -0.453201
vt -0.003106 0.366016
vt -0.003106 0.339750
vt 0.220044 0.339750
vt 0.220044 0.366016
vt -0.064269 -0.426934
vt -0.064269 0.339750
vt 0.281206 0.339749
vt 0.281206 -0.426934
vt 0.724892 -0.458994
vt 0.724892 0.307691
vt 0.501742 0.307691
vt 0.501742 -0.458994
vt 0.719019 -1.253638
vt 0.719019 -1.227371
vt 0.490803 -1.227371
vt 0.490803 -1.253638
vt 0.432175 -1.227371
vt 0.490804 -0.460687
vt 0.432175 -0.460687
vt 0.490804 -0.434420
vt 0.719020 -0.460687
vt 0.719020 -0.434420
vt 0.777649 -0.460687
vt 0.777649 -1.227371
vt 1.211492 -1.259431
vt 1.211492 -0.492746
vt 0.988342 -0.492746
vt 0.988342 -1.259431
vt 0.725987 -1.497499
vt 0.725987 -1.471232
vt 0.497771 -1.471232
vt 0.497771 -1.497499
vt 0.439142 -1.471232
vt 0.497772 -0.704549
vt 0.439142 -0.704549
vt 0.497772 -0.678282
vt 0.725988 -0.704549
vt 0.725988 -0.678282
vt 0.784617 -0.704549
vt 0.784616 -1.471232
vt 1.218460 -1.503292
vt 1.218460 -0.736607
vt 0.995310 -0.736607
vt 0.995309 -1.503292
vt 0.193008 -0.944852
vt 0.193008 -0.929092
vt 0.046097 -0.929092
vt 0.046097 -0.944852
vt 0.009400 -0.929092
vt 0.046097 -0.469082
vt 0.009400 -0.469082
vt 0.046097 -0.453321
vt 0.193009 -0.469082
vt 0.193009 -0.453321
vt 0.229706 -0.469082
vt 0.229706 -0.929092
vt 0.674294 -0.961151
vt 0.674294 -0.501141
vt 0.540404 -0.501141
vt 0.540404 -0.961151
vt 0.220043 -0.222732
vt 0.220043 -0.196466
vt -0.003107 -0.196466
vt -0.003107 -0.222732
vt -0.003106 0.596485
vt -0.003106 0.570218
vt 0.220044 0.570218
vt 0.220044 0.596485
vt -0.064269 -0.196466
vt -0.064269 0.570218
vt 0.281206 0.570218
vt 0.281206 -0.196466
vt 0.724892 -0.228525
vt 0.724892 0.538159
vt 0.501742 0.538159
vt 0.501742 -0.228525
vt 0.491979 -1.108696
vt 0.491979 -1.082429
vt 0.247126 -1.082429
vt 0.247126 -1.108696
vt 0.185964 -1.082429
vt 0.247127 -0.315745
vt 0.185964 -0.315745
vt 0.247127 -0.289478
vt 0.491980 -0.315745
vt 0.491980 -0.289478
vt 0.553142 -0.315745
vt 0.553141 -1.082429
vt 0.968924 -1.114488
vt 0.968924 -0.347804
vt 0.745774 -0.347804
vt 0.745774 -1.114488
vt 0.680344 -1.333656
vt 0.680344 -1.317896
vt 0.543414 -1.317896
vt 0.543414 -1.333656
vt 0.508237 -1.317896
vt 0.543415 -0.857885
vt 0.508237 -0.857885
vt 0.543415 -0.842125
vt 0.680345 -0.857885
vt 0.680345 -0.842125
vt 0.715522 -0.857885
vt 0.715522 -1.317896
vt 1.173830 -1.349955
vt 1.173830 -0.889944
vt 1.039940 -0.889944
vt 1.039940 -1.349955
vt 0.251271 0.083030
vt 0.289581 0.083030
vt 0.289581 0.680402
vt 0.251271 0.680402
vt 0.927938 0.135229
vt 0.927938 0.805240
vt 0.771167 0.805240
vt 0.771167 0.135229
vt 0.462038 0.263894
vt 0.325889 0.263894
vt 0.336684 0.210401
vt 0.461964 0.212763
vt 0.516426 0.188046
vt 0.687764 0.191276
vt 0.687865 0.261206
vt 0.501662 0.261206
vt 0.429355 0.083030
vt 0.429356 0.680402
vt 0.231431 1.249042
vt 0.193121 1.249042
vt 0.193120 0.419957
vt 0.231431 0.419957
vt 0.015036 0.419957
vt 0.053345 0.419957
vt 0.053346 1.249042
vt 0.015036 1.249042
vt 0.467666 0.680402
vt 0.467666 0.083030
vt 0.691702 0.458069
vt 0.691702 1.387968
vt 0.534932 1.387968
vt 0.534931 0.458069
vt 0.251271 0.268168
vt 0.289581 0.268168
vt 0.289581 1.400831
vt 0.251271 1.400831
vt 0.467666 1.400831
vt 0.429356 1.400831
vt 0.429355 0.268168
vt 0.467666 0.268168
vt 0.927938 0.287824
vt 0.927938 1.558214
vt 0.771167 1.558214
vt 0.771167 0.287824
vn -0.0000 0.6509 0.7592
vn 0.0000 0.6509 -0.7592
vn -0.0040 0.9993 -0.0382
vn 0.9877 0.0320 -0.1532
vn -0.0670 -0.9583 0.2779
vn -0.9775 -0.0340 -0.2083
vn 0.0608 0.0106 -0.9981
vn 0.0221 -0.0012 0.9998
vn -0.0262 0.9945 -0.1012
vn -0.0215 -0.9947 -0.1005
vn 0.9921 -0.0011 0.1257
vn -0.9966 -0.0035 0.0823
vn -0.0279 0.0043 -0.9996
vn 0.0703 0.0034 0.9975
vn 0.0037 0.0025 1.0000
vn -0.9815 0.0050 0.1916
vn -0.0264 -0.0018 -0.9997
vn 1.0000 -0.0026 -0.0035
vn -0.9999 0.0073 0.0098
vn 0.0712 0.9909 0.1142
vn -0.9697 0.0477 0.2396
vn -0.0106 -0.0014 0.9999
vn -0.9953 0.0009 -0.0964
vn 0.1234 0.9837 0.1306
vn -0.0384 0.9926 -0.1154
vn 0.9997 0.0101 0.0215
vn 0.0580 -0.9928 0.1046
vn -0.9996 -0.0027 -0.0278
vn 0.0601 -0.0124 -0.9981
vn -0.0063 -0.0023 1.0000
vn 0.2829 0.9559 -0.0785
vn -0.4004 -0.8954 -0.1949
vn 0.9797 -0.1809 0.0860
vn -0.9770 0.1811 -0.1126
vn 0.0159 -0.0028 -0.9999
vn 0.0661 -0.0083 0.9978
vn 0.1290 0.9778 0.1649
vn 0.9949 0.0021 0.1005
vn 0.0566 -0.9912 0.1194
vn -0.9987 0.0049 0.0515
vn -0.1109 -0.0051 -0.9938
vn 0.0098 0.0042 0.9999
vn -0.0765 0.0006 -0.9971
vn -0.1633 0.9705 0.1773
vn 0.9987 0.0016 -0.0513
vn -0.0668 -0.9834 -0.1684
vn 0.1380 0.9826 0.1240
vn -0.9993 -0.0003 0.0362
vn 0.2445 -0.9695 0.0142
vn 0.9816 -0.0013 0.1907
vn -0.0538 -0.0032 0.9985
vn 0.0747 -0.0037 -0.9972
vn 0.0493 0.9924 -0.1125
vn -0.9859 0.0053 -0.1674
vn -0.0914 -0.9728 -0.2128
vn 0.9999 -0.0008 0.0118
vn -0.0333 0.0015 0.9994
vn 0.0284 0.0012 -0.9996
vn 0.0184 0.9959 0.0884
vn 0.0262 -0.9965 0.0791
vn -0.9975 0.0078 0.0705
vn 0.9606 -0.0037 -0.2779
vn 0.0090 0.0013 1.0000
vn 0.0367 -0.0039 -0.9993
vn 0.0005 0.9755 -0.2200
vn -0.9961 -0.0030 -0.0877
vn 0.0721 -0.9452 0.3185
vn 0.9967 -0.0056 -0.0811
vn -0.2130 0.0005 0.9771
vn -0.0838 -0.0043 -0.9965
vn -0.0555 0.9886 0.1396
vn -0.9882 -0.0455 0.1460
vn 0.1619 -0.9694 -0.1844
vn 0.9952 0.0443 0.0867
vn 0.0299 -0.0026 0.9996
vn -0.0121 -0.0064 -0.9999
vn -0.0148 0.9884 -0.1512
vn -0.9984 0.0024 -0.0570
vn -0.0252 -0.9990 0.0368
vn 0.9981 0.0099 -0.0602
vn 0.0006 -0.0018 1.0000
vn 0.0147 0.0015 -0.9999
vn 0.0082 0.9983 -0.0583
vn 0.0402 -0.9917 0.1223
vn -0.9938 0.0033 -0.1107
vn 0.9967 -0.0017 -0.0817
vn -0.0990 -0.0020 0.9951
vn -0.0068 -0.0014 -1.0000
vn 0.1750 0.9845 0.0149
vn -0.9660 0.0528 0.2532
vn -0.0476 -0.9665 -0.2523
vn 0.9951 -0.0461 0.0877
vn 0.0457 -0.0020 0.9990
vn 0.0174 -0.0025 -0.9998
vn 0.0850 0.9954 -0.0433
vn -0.9815 -0.0018 0.1913
vn 0.0092 -0.9995 -0.0295
vn 0.9975 0.0049 -0.0702
vn 0.0772 -0.0052 0.9970
vn 0.0007 0.0029 -1.0000
vn 0.0077 0.9694 0.2455
vn 0.0481 -0.9825 -0.1798
vn -0.9958 -0.0031 0.0920
vn 0.9999 -0.0019 -0.0163
vn -0.0322 -0.0001 0.9995
vn 0.0216 -0.0032 -0.9998
vn -0.0092 0.9892 -0.1461
vn 0.0241 -0.9991 0.0358
vn 0.9933 -0.0023 -0.1153
vn 0.0365 0.0024 0.9993
vn 0.1210 0.9801 -0.1573
vn -0.9988 0.0015 0.0481
vn 0.1026 -0.9574 0.2699
vn 0.9971 0.0011 0.0758
vn -0.0188 -0.0011 0.9998
vn -0.0669 -0.0015 -0.9978
vn 0.0870 0.9961 0.0164
vn 0.0413 -0.9931 -0.1099
vn -0.9921 0.0048 0.1251
vn 0.9909 0.0014 -0.1344
vn 0.0291 -0.0009 0.9996
vn -0.0366 -0.0048 -0.9993
vn 0.9883 -0.0547 -0.1424
vn -0.0101 -0.0007 0.9999
vn -0.0118 0.0018 -0.9999
vn -0.0076 0.9920 -0.1257
vn -0.9999 0.0024 0.0102
vn 0.1183 -0.9755 0.1855
vn 0.9994 -0.0001 -0.0339
vn -0.1054 0.0028 0.9944
vn -0.1146 -0.0021 -0.9934
vn 0.0500 -0.9983 -0.0310
vn -0.0374 -0.0036 -0.9993
vn -0.0026 -0.9980 -0.0637
vn -0.9997 0.0004 0.0248
vn 0.0036 0.0025 1.0000
vn -0.0770 0.9953 -0.0584
vn -0.9999 0.0077 -0.0118
vn 0.0169 -0.9697 0.2437
vn 0.9971 0.0032 0.0761
vn 0.0644 -0.0038 0.9979
vn 0.0403 0.0023 -0.9992
vn 0.1356 0.9796 -0.1485
vn -0.9884 -0.0038 0.1520
vn -0.0172 -0.9845 0.1743
vn 0.9909 0.0048 -0.1343
vn 0.0396 0.0037 0.9992
vn -0.0043 0.0013 -1.0000
vn -0.0216 0.2369 0.9713
vn -0.9998 -0.0185 0.0018
vn -0.0365 -0.0068 -0.9993
vn 0.9996 0.0294 0.0003
vn -0.2066 -0.9784 0.0024
vn -0.1060 0.9944 -0.0006
vn -0.9999 0.0170 -0.0003
vn -1.0000 -0.0071 0.0002
vn -1.0000 -0.0092 0.0003
vn 0.3903 -0.0433 -0.9197
vn -0.0586 -0.1131 0.9919
vn -0.3845 0.9230 -0.0140
vn -0.1336 0.9904 -0.0341
vn -0.3574 0.9338 -0.0163
vn -0.0171 0.2372 0.9713
vn -0.9999 -0.0109 0.0014
vn 0.2512 0.3624 -0.8975
vn 0.9993 0.0361 -0.0002
vn -0.2015 -0.9795 0.0016
vn -0.0271 0.9996 -0.0013
vn -0.9998 -0.0177 0.0054
vn 0.0913 -0.0731 -0.9931
vn -0.0089 -0.1039 0.9945
vn 0.1030 -0.9946 0.0106
vn 0.9997 0.0216 -0.0079
vn -0.0954 0.9954 -0.0060
vn 0.9933 -0.0023 -0.1152
vn 0.9823 0.0272 -0.1855
vn -0.0091 -0.9447 -0.3277
vn -0.9710 0.0294 0.2374
vn 0.0015 0.9801 0.1984
vn -0.0012 -0.0071 -1.0000
vn 0.0011 -0.0085 1.0000
vn 0.0290 0.9960 0.0844
vn 0.9957 -0.0049 0.0927
vn -0.1262 -0.9796 -0.1564
vn -0.9885 -0.0049 0.1511
vn -0.0239 0.0009 -0.9997
vn -0.0206 0.0034 0.9998
vn -0.9985 -0.0117 -0.0534
vn 0.0020 -0.9923 -0.1241
vn 0.9074 0.0524 0.4170
vn 0.0037 0.9934 -0.1150
vn -0.0003 -0.1235 0.9923
vn 0.0021 -0.0472 -0.9989
vn 0.9957 -0.0056 0.0923
vn -0.9927 0.0050 0.1204
vn -0.3955 -0.9184 -0.0041
vn -0.2924 -0.9561 -0.0209
vn -0.2792 -0.9600 -0.0230
vn 0.9837 -0.0176 -0.1791
vn 0.3442 -0.9386 0.0239
vn 0.3397 -0.9404 0.0149
vn 0.3328 -0.9430 0.0013
vn -0.5850 0.8110 0.0047
vn -0.1710 -0.9845 -0.0397
vn 0.0057 0.1132 0.9936
vn 0.0044 0.1129 0.9936
vn -0.0026 0.1115 0.9938
vn -0.0177 -0.1183 -0.9928
vn -0.0193 -0.1184 -0.9928
vn -0.0101 -0.1175 -0.9930
vn 0.0223 0.9994 0.0254
vn 0.0226 0.9988 0.0431
vn 0.0225 0.9990 0.0387
vn 0.0062 0.9970 0.0774
vn 0.2841 0.9582 0.0329
vn 0.2511 0.9672 0.0386
vn 0.0118 -0.9987 -0.0506
vn 0.0119 -0.9978 -0.0656
vn 0.0123 -0.9922 -0.1238
vn -0.0153 -0.0048 0.9999
vn -0.0152 -0.0050 0.9999
vn -0.0147 -0.0057 0.9999
vn -0.0073 0.0004 -1.0000
vn -0.0073 0.0003 -1.0000
vn -0.0072 0.0009 -1.0000
vn 0.0117 0.1144 0.9934
vn -0.0255 -0.1190 -0.9926
vn 0.0228 0.9982 0.0563
vn 0.5079 0.8614 -0.0080
vn -0.0074 -0.0003 -1.0000
vn -0.0160 -0.0039 0.9999
vn 0.0113 -0.9999 0.0069
vn -0.0127 0.0936 -0.9955
vn -0.0616 -0.1943 0.9790
vn 0.9930 0.1173 -0.0154
vn -0.9964 0.0834 0.0145
vn 0.0956 -0.9954 -0.0001
vn 0.0066 1.0000 0.0007
vn -0.1311 0.0693 -0.9890
vn 0.9802 -0.1980 0.0012
vn -0.0143 0.0474 0.9988
vn -0.9973 0.0728 -0.0031
vn -0.0745 -0.9972 0.0031
vn -0.0007 1.0000 -0.0018
vn 0.0026 -0.0062 -1.0000
vn 0.9997 0.0245 -0.0005
vn -0.0480 0.2088 0.9768
vn -0.9935 -0.1135 -0.0030
vn -0.0209 -0.9998 -0.0008
vn 0.0424 0.9991 -0.0023
vn 0.0116 0.1997 -0.9798
vn 0.9999 -0.0106 -0.0015
vn -0.1772 -0.2880 0.9411
vn -0.9994 0.0351 0.0000
vn 0.1018 -0.9948 -0.0017
vn 0.1106 0.9939 0.0013
vn 0.9996 0.0263 -0.0032
vn 0.9999 0.0166 -0.0026
vn 0.9999 0.0167 -0.0026
vn 0.3510 -0.9356 0.0375
vn -0.9995 -0.0331 0.0008
vn 1.0000 0.0070 -0.0021
vn 0.0075 0.0066 1.0000
vn -0.9780 -0.0010 0.2085
vn 0.0169 0.9923 -0.1228
vn 0.9991 0.0008 0.0427
vn -0.1131 0.0009 -0.9936
vn 0.1620 -0.9818 -0.0996
vn -0.0274 -0.9981 0.0555
vn 0.9804 -0.0133 0.1966
vn -0.0254 0.9963 -0.0815
vn -0.9932 0.0142 -0.1159
vn 0.0144 -0.0805 0.9967
vn 0.0172 0.0806 -0.9966
vn 0.9807 0.0025 0.1956
vn -0.9933 0.0048 -0.1153
vn 0.0145 -0.0005 0.9999
vn 0.0171 0.0006 -0.9999
vn 0.9807 0.0026 0.1956
vn -0.9933 0.0051 -0.1153
vn 0.9806 -0.0034 0.1960
vn -0.9933 0.0075 -0.1155
vn 0.0145 -0.0286 0.9995
vn 0.0171 0.0287 -0.9994
vn 0.9807 0.0022 0.1956
vn -0.9933 0.0043 -0.1153
vn 0.0145 -0.0004 0.9999
vn 0.0171 0.0005 -0.9999
vn 0.9807 0.0023 0.1956
vn -0.9933 0.0045 -0.1153
vn 0.7962 0.5677 -0.2093
vn 0.7710 -0.6122 -0.1756
vn -0.8495 -0.4608 0.2570
vn -0.7806 0.6160 0.1056
vn 0.0207 -0.0030 -0.9998
vn 0.0038 -0.0166 0.9999
vn -0.4419 0.8652 -0.2371
vn 0.9436 0.2846 -0.1691
vn 0.2826 -0.9083 0.3085
vn -0.9508 -0.2908 0.1063
vn 0.0122 0.0122 -0.9999
vn 0.0214 -0.0022 0.9998
vn 0.0469 0.9916 0.1202
vn 1.0000 0.0048 -0.0059
vn -0.0551 -0.9950 -0.0833
vn -0.9995 0.0004 0.0302
vn -0.0028 0.0030 -1.0000
vn -0.0013 0.0007 1.0000
vn -0.0640 0.9941 -0.0875
vn 0.9929 0.0025 0.1188
vn 0.0680 -0.9480 -0.3109
vn -0.9987 -0.0081 0.0501
vn -0.0597 -0.0037 -0.9982
vn -0.0083 -0.0021 1.0000
vn -0.0400 0.9985 -0.0387
vn 0.9763 -0.0055 0.2163
vn -0.0280 -0.9836 0.1784
vn -0.9955 -0.0007 0.0947
vn 0.0628 0.0078 -0.9980
vn -0.1004 -0.0011 0.9949
vn -0.0893 0.9867 0.1362
vn 0.9927 0.0021 -0.1206
vn 0.0437 -0.9975 0.0546
vn -0.9997 0.0044 0.0242
vn 0.0503 -0.0053 -0.9987
vn -0.0654 0.0021 0.9979
vn -0.0552 0.9442 0.3247
vn 1.0000 0.0008 0.0061
vn -0.0048 -0.9995 0.0317
vn -0.9971 -0.0015 -0.0760
vn 0.0188 0.0049 -0.9998
vn 0.0046 -0.0021 1.0000
vn 0.0451 0.9988 0.0188
vn -0.9944 -0.0048 0.1059
vn -0.0029 -0.9943 -0.1066
vn 0.9975 -0.0033 0.0706
vn -0.0048 0.0057 1.0000
vn -0.0535 -0.0066 -0.9985
vn -0.0017 1.0000 0.0039
vn -0.9997 0.0007 -0.0237
vn 0.0314 -0.9908 -0.1317
vn 0.9940 0.0048 0.1096
vn 0.0217 0.0013 0.9998
vn -0.0440 0.0038 -0.9990
vn 0.0410 0.9990 0.0201
vn -0.9999 0.0027 -0.0143
vn 0.0138 -0.9999 0.0050
vn 1.0000 -0.0008 0.0095
vn -0.0146 0.0005 0.9999
vn -0.0250 0.0018 -0.9997
vn 0.0320 0.9962 -0.0807
vn -0.0162 -0.9751 -0.2211
vn -0.9981 0.0002 0.0612
vn 0.9996 0.0048 -0.0271
vn -0.0184 0.0050 0.9998
vn -0.0142 -0.0026 -0.9999
vn -0.1329 0.9764 -0.1705
vn -0.9998 0.0055 -0.0206
vn 0.0245 -0.8006 0.5987
vn 0.9918 0.0022 0.1279
vn 0.0381 -0.0016 0.9993
vn 0.0238 0.0009 -0.9997
vn -0.1329 -0.1705 -0.9764
vn -0.9997 -0.0214 -0.0069
vn 0.0245 0.5987 0.8006
vn 0.9918 0.1278 -0.0028
vn 0.0381 0.9993 0.0020
vn 0.0238 -0.9997 -0.0012
vn -0.1329 -0.9764 0.1705
vn -0.9998 -0.0055 0.0206
vn 0.0245 0.8006 -0.5987
vn 0.9918 -0.0022 -0.1279
vn 0.0381 0.0016 -0.9993
vn 0.0238 -0.0009 0.9997
vn 0.0070 -1.0000 0.0006
vn 0.0059 1.0000 -0.0007
vn -0.9965 -0.0832 -0.0034
vn -0.0472 -0.1683 -0.9846
vn 0.9907 0.1360 -0.0019
vn -0.0513 0.1311 0.9900
vn 0.1153 -0.6557 0.7461
vn 0.8502 -0.3511 0.3922
vn 0.8988 -0.3307 0.2879
vn 0.1475 -0.7411 0.6550
vn -0.0221 0.6800 -0.7329
vn -0.8794 0.3088 -0.3624
vn -0.8678 0.3708 -0.3309
vn -0.0466 0.7493 -0.6605
vn -0.8713 -0.3408 0.3531
vn -0.8404 -0.4027 0.3628
vn 0.8132 0.3919 -0.4303
vn 0.7798 0.4746 -0.4082
vn -0.8672 -0.3746 0.3281
vn -0.9653 -0.2468 0.0851
vn 0.1078 -0.9186 0.3803
vn -0.0032 -0.7919 0.6107
vn 0.7918 -0.4435 0.4199
vn 0.8370 -0.4971 0.2288
vn 0.7703 0.5853 -0.2531
vn 0.9020 0.3326 -0.2753
vn 0.0749 -0.6603 -0.7473
vn -0.0116 0.5178 0.8554
vn 0.0234 -0.6830 0.7301
vn 0.7677 -0.4192 0.4847
vn 0.7566 -0.4451 0.4790
vn 0.0106 -0.7073 0.7068
vn 0.0272 0.6877 -0.7255
vn -0.8341 0.3547 -0.4226
vn -0.8067 0.4009 -0.4342
vn 0.0371 0.7103 -0.7029
vn -0.8698 -0.3635 0.3335
vn -0.9154 -0.2951 0.2738
vn 0.8892 0.3429 -0.3028
vn 0.8443 0.4091 -0.3460
vn -0.8296 -0.3882 0.4014
vn 0.0238 -0.6640 0.7473
vn 0.7624 -0.4113 0.4996
vn 0.9192 0.2921 -0.2642
vn -0.0893 -0.6414 -0.7620
vn -0.0659 -0.6889 -0.7219
vn -0.8253 -0.4010 -0.3976
vn -0.8772 -0.3507 -0.3279
vn -0.0887 -0.6839 -0.7242
vn 0.0729 0.6897 0.7204
vn 0.9123 0.2850 0.2941
vn 0.8416 0.3930 0.3706
vn 0.0572 0.6898 0.7217
vn 0.7711 -0.4356 -0.4644
vn 0.8125 -0.4004 -0.4237
vn -0.8132 0.3997 0.4230
vn -0.7371 0.4662 0.4892
vn 0.0492 -0.6129 0.7886
vn -0.0346 0.5663 0.8234
vn -0.0711 0.5286 -0.8459
vn -0.8109 0.4140 -0.4136
vn -0.7767 0.4745 -0.4142
vn -0.1290 0.7438 -0.6559
vn -0.0998 0.6897 -0.7172
vn 0.9688 -0.1827 0.1675
vn 0.9794 -0.1130 0.1671
vn -0.0226 -0.7458 0.6658
vn -0.0127 -0.6905 0.7232
vn -0.1131 -0.5187 -0.8474
vn -0.1395 0.5514 0.8225
vn -0.0653 0.5088 0.8584
vn 0.0333 -0.6578 -0.7524
vn -0.0564 -0.7250 0.6864
vn 0.9429 -0.2127 0.2562
vn 0.9269 -0.2336 0.2937
vn -0.1386 -0.6781 0.7218
vn 0.1378 0.7084 -0.6923
vn -0.7661 0.4492 -0.4597
vn -0.7264 0.4718 -0.4998
vn 0.1191 0.6879 -0.7159
vn -0.8613 -0.3715 0.3467
vn -0.8949 -0.3144 0.3167
vn 0.9178 0.2841 -0.2773
vn 0.8564 0.3476 -0.3818
vn 0.0006 -0.5887 -0.8083
vn -0.0718 0.6071 0.7914
vn 0.0263 -0.6717 0.7403
vn 0.8547 -0.3493 0.3840
vn 0.8794 -0.3074 0.3634
vn -0.0070 -0.6847 0.7288
vn 0.0784 0.6761 -0.7326
vn -0.8617 0.3407 -0.3760
vn -0.8322 0.3804 -0.4034
vn 0.0829 0.6757 -0.7325
vn -0.9314 -0.2452 0.2690
vn -0.9539 -0.1678 0.2489
vn 0.8218 0.3908 -0.4146
vn 0.7737 0.4461 -0.4498
vn -0.8901 -0.2384 0.3883
vn 0.0527 -0.6587 0.7506
vn 0.8214 -0.3496 0.4506
vn 0.8527 0.3592 -0.3794
vn 0.0047 -0.6016 -0.7988
vn -0.0034 0.6052 0.7961
vn -0.0422 -0.6854 0.7269
vn 0.7918 -0.4087 0.4539
vn 0.8308 -0.3753 0.4110
vn -0.0478 -0.6857 0.7263
vn -0.0388 0.6875 -0.7251
vn -0.9257 0.2568 -0.2778
vn -0.8827 0.3106 -0.3525
vn -0.0214 0.6804 -0.7325
vn -0.8357 -0.3751 0.4011
vn -0.8877 -0.3201 0.3309
vn 0.8939 0.3160 -0.3178
vn 0.8158 0.4023 -0.4154
vn -0.0523 -0.4659 -0.8833
vn -0.0868 -0.6862 -0.7222
vn -0.8403 -0.3852 -0.3815
vn -0.9013 -0.3007 -0.3119
vn -0.0917 -0.6866 -0.7212
vn 0.0477 0.6850 0.7270
vn 0.8250 0.3975 0.4018
vn 0.7513 0.4670 0.4663
vn 0.0490 0.6815 0.7302
vn 0.7864 -0.4295 -0.4439
vn 0.8512 -0.3676 -0.3746
vn -0.8806 0.3291 0.3410
vn -0.8482 0.3694 0.3796
vn 0.0235 -0.4905 0.8712
vn -0.0213 0.5339 0.8453
vn -0.0833 0.6567 -0.7496
vn 0.0498 -0.7396 0.6712
vn 0.8334 -0.4458 0.3266
vn 0.8537 -0.3891 0.3462
vn 0.1079 -0.7808 0.6154
vn 0.0229 0.7490 -0.6621
vn -0.7659 0.5336 -0.3586
vn -0.8556 0.3809 -0.3506
vn 0.0272 0.7908 -0.6115
vn -0.7882 -0.3824 0.4823
vn -0.8876 -0.3561 0.2921
vn 0.8070 0.3867 -0.4463
vn 0.7804 0.5052 -0.3683
vn 0.9068 0.2609 -0.3311
vn 0.1263 0.6160 -0.7775
vn 0.0980 0.5191 -0.8491
vn 0.8728 0.3366 -0.3535
vn -0.8672 0.3097 -0.3899
vn -0.7456 0.2304 -0.6253
vn 0.0131 -0.5815 -0.8134
vn 0.0699 0.5671 0.8207
vn 0.0014 0.1273 -0.9919
vn -0.0023 -0.8020 -0.5973
vn -0.0391 -0.8125 -0.5816
vn 0.0042 0.1086 -0.9941
vn 0.0008 -0.0448 0.9990
vn 0.0036 0.8196 0.5729
vn 0.0386 0.8333 0.5514
vn -0.0027 -0.0670 0.9977
vn 0.0027 0.8679 -0.4967
vn 0.0402 0.8635 -0.5028
vn -0.0033 -0.9221 0.3870
vn -0.0405 -0.9083 0.4163
vn -0.0001 0.8748 -0.4846
vn 0.0367 0.8762 -0.4805
vn 0.0049 0.1235 -0.9923
vn 0.0002 0.1213 -0.9926
vn -0.0006 -0.7835 -0.6214
vn -0.0303 -0.7738 -0.6327
vn -0.0426 -0.9490 0.3123
vn -0.0016 -0.9429 0.3332
vn 0.9995 -0.0254 0.0170
vn -0.9984 -0.0419 -0.0391
vn 0.8251 0.2000 0.5284
vn 0.8937 -0.4269 -0.1376
vn 0.8791 -0.3756 -0.2935
vn 0.8109 0.3788 0.4461
vn 0.0739 -0.6913 -0.7187
vn 0.1232 -0.7041 -0.6993
vn -0.8556 -0.1700 -0.4889
vn -0.9535 -0.1522 -0.2601
vn -0.8228 0.4979 0.2739
vn -0.0461 0.6852 0.7269
vn 0.0673 0.7032 0.7078
vn -0.8578 0.3658 0.3610
vn 0.0739 -0.4548 0.8875
vn 0.0589 0.5720 -0.8181
vn -0.0064 -0.6929 0.7210
vn -0.0148 -0.6899 0.7237
vn -0.8796 -0.4411 0.1785
vn -0.8325 -0.4869 0.2643
vn 0.0544 0.6985 -0.7136
vn 0.0429 0.6947 -0.7180
vn 0.8186 0.5082 -0.2677
vn 0.8607 0.4698 -0.1963
vn 0.8165 -0.2386 0.5258
vn 0.7415 -0.3398 0.5786
vn -0.8788 0.1500 -0.4529
vn -0.8301 0.2361 -0.5051
vn -0.0256 -0.5722 -0.8197
vn 0.8665 0.4452 0.2258
vn 0.9013 0.4211 0.1016
vn 0.7776 -0.2713 -0.5672
vn 0.8014 -0.2645 -0.5365
vn -0.8564 0.2167 0.4687
vn -0.8184 0.4240 0.3878
vn -0.8424 -0.2734 -0.4643
vn -0.8553 -0.4633 -0.2321
vn 0.0602 -0.6274 -0.7764
vn -0.1713 -0.6964 -0.6969
vn -0.0629 -0.6095 0.7903
vn 0.1266 0.5848 0.8012
vn 0.0746 0.6653 -0.7428
vn -0.8553 -0.3509 0.3812
vn -0.8602 -0.3613 0.3598
vn 0.9514 0.1473 -0.2703
vn 0.9623 0.1583 -0.2213
vn 0.9446 -0.1689 0.2814
vn 0.9611 0.1179 -0.2497
vn 0.0701 0.7914 0.6073
vn 0.0718 0.8245 -0.5613
vn -0.0241 0.7706 -0.6368
vn 0.0128 0.9938 -0.1104
vn 0.0221 -0.0116 0.9997
vn -0.0165 -0.0452 0.9988
vn 0.0471 0.7776 0.6269
vn -0.0958 -0.6913 -0.7162
vn -0.0382 0.0857 -0.9956
vn 0.0007 0.0150 -0.9999
vn -0.0311 -0.8283 -0.5595
vn -0.0600 0.0675 -0.9959
vn 0.0339 0.8613 -0.5070
vn -0.0008 0.8717 -0.4901
vn -0.0001 -0.0066 -1.0000
vn -0.0004 -0.8578 -0.5139
vn -0.0020 -0.8722 0.4891
vn -0.0401 -0.8735 0.4851
vn 0.9897 -0.0745 0.1222
vn -0.9913 0.0487 -0.1227
vn 0.0185 0.9338 0.3574
vn -0.0472 0.9398 0.3385
vn 0.1194 0.7264 -0.6769
vn 0.0357 0.6569 -0.7531
vn -0.0250 0.6558 0.7545
vn -0.1204 0.6357 0.7625
vn 0.0199 0.2869 -0.9577
vn 0.1594 0.1832 -0.9701
vn 0.0184 -0.9191 -0.3937
vn -0.0122 -0.9330 -0.3596
vn 0.9984 0.0554 -0.0116
vn -0.0575 -0.9403 0.3356
vn -0.0606 -0.9374 0.3429
vn -0.1184 -0.7260 0.6774
vn -0.0617 -0.7273 0.6835
vn -0.0004 -0.8306 0.5568
vn 0.0008 -0.8397 0.5431
vn 0.0026 -0.9096 -0.4154
vn 0.0003 -0.9212 -0.3891
vn -0.0019 0.8858 0.4640
vn -0.0032 0.8851 0.4653
vn -0.0007 0.8972 -0.4417
vn 0.0011 0.8882 -0.4595
vn -0.0006 -0.0482 -0.9988
vn -0.0005 -0.0411 -0.9992
vn 0.0007 -0.0290 0.9996
vn 0.0006 -0.0288 0.9996
vn 0.9974 -0.0334 -0.0645
vn 0.8572 -0.4095 0.3124
vn 0.8555 -0.3992 0.3298
vn 0.8259 0.3879 -0.4091
vn 0.8043 0.2463 -0.5408
vn -0.7979 -0.2811 0.5333
vn -0.8515 -0.3471 0.3931
vn -0.1104 -0.7466 0.6561
vn -0.1551 -0.5992 0.7854
vn 0.8254 -0.5397 0.1657
vn 0.7415 -0.6708 0.0113
vn 0.8321 0.0603 -0.5513
vn 0.8455 0.4258 -0.3223
vn -0.0349 0.8623 -0.5052
vn -0.7657 0.6430 0.0131
vn -0.8164 0.5476 -0.1836
vn -0.0001 0.8714 -0.4905
vn 0.0855 -0.8488 0.5218
vn 0.0169 -0.8774 0.4795
vn -0.1834 0.7608 -0.6225
vn -0.8362 0.4555 -0.3056
vn 0.0675 0.6533 -0.7541
vn -0.8883 0.3017 -0.3463
vn -0.0497 -0.6195 0.7834
vn 0.7766 -0.3910 0.4940
vn 0.7831 -0.2752 0.5576
vn -0.0125 -0.5356 0.8444
vn -0.0793 0.6334 -0.7697
vn -0.0304 -0.6312 0.7750
vn -0.8362 -0.3385 0.4315
vn -0.8320 0.3542 -0.4270
vn 0.7422 0.4977 -0.4489
vn 0.1510 0.8095 -0.5674
vn -0.8106 0.4913 -0.3186
vn -0.7710 -0.4858 0.4118
vn 0.1208 -0.8302 0.5443
vn 0.7328 -0.5949 0.3304
vn 0.0305 0.6612 -0.7496
vn -0.8694 0.3003 -0.3924
vn -0.0463 0.2694 -0.9619
vn 0.0754 0.0366 -0.9965
vn -0.0877 0.8099 -0.5800
vn -0.0803 0.6871 -0.7221
vn 0.0907 -0.9051 0.4154
vn 0.2256 -0.9353 0.2725
vn 0.1998 -0.8195 -0.5371
vn 0.0343 -0.8475 -0.5297
vn 0.0704 -0.7068 0.7039
vn 0.1778 -0.7013 0.6903
vn -0.1098 0.6658 0.7380
vn -0.0457 0.6497 0.7588
vn -0.0787 0.9105 0.4058
vn -0.1379 0.9018 0.4095
vn -0.0505 -0.8601 0.5076
vn 0.0594 -0.0567 0.9966
vn 0.0265 -0.7446 0.6670
vn -0.0573 -0.6767 -0.7340
vn -0.0007 -0.0181 0.9998
vn 0.0002 0.8263 0.5632
vn 0.0619 0.0643 0.9960
vn 0.2218 -0.7332 0.6429
vn 0.9272 -0.2926 0.2338
vn 0.1015 0.7048 -0.7021
vn -0.7337 0.5532 -0.3945
vn -0.8502 -0.2501 0.4632
vn 0.8659 0.2887 -0.4085
vn -0.0179 0.1466 -0.9890
vn -0.0037 -0.8064 -0.5914
vn -0.0085 -0.8072 -0.5902
vn -0.0171 0.1493 -0.9886
vn 0.0177 -0.0290 0.9994
vn 0.0087 0.8025 0.5966
vn 0.0073 0.8133 0.5817
vn 0.0178 -0.0290 0.9994
vn -0.0111 0.8592 -0.5115
vn -0.0119 0.8596 -0.5108
vn 0.0032 -0.9439 0.3302
vn 0.0156 -0.9428 0.3329
vn 0.9993 -0.0273 0.0269
vn -0.9934 -0.0972 -0.0604
vn -0.8096 -0.2017 -0.5512
vn -0.8388 0.4973 0.2217
vn 0.8809 -0.4325 -0.1921
vn 0.0632 -0.6865 -0.7244
vn -0.0477 0.6749 0.7364
vn 0.8305 0.1577 0.5342
vn -0.8658 -0.3449 0.3625
vn -0.8131 -0.2003 0.5465
vn -0.8670 0.4180 -0.2712
vn -0.0041 0.7401 -0.6725
vn 0.8221 0.2890 0.4905
vn -0.0673 0.6262 0.7768
vn 0.0229 0.6828 0.7303
vn 0.8985 -0.3355 -0.2830
vn -0.1621 -0.6867 -0.7087
vn -0.8287 -0.5099 -0.2307
vn 0.0384 0.6966 0.7164
vn -0.8625 0.1451 0.4849
vn 0.0002 -0.0191 0.9998
vn 0.0013 -0.0327 0.9995
vn 0.0333 0.7736 0.6328
vn 0.0021 0.7906 0.6124
vn -0.7432 -0.2158 0.6334
vn -0.0945 -0.6157 0.7823
vn 0.8452 -0.5165 0.1378
vn 0.7510 0.2099 -0.6260
vn -0.0137 0.6212 -0.7835
vn -0.8824 0.3868 -0.2678
vn -0.0070 0.6507 -0.7593
vn -0.8227 0.5328 -0.1981
vn 0.0057 0.1799 -0.9837
vn -0.0056 -0.7632 -0.6462
vn 0.0692 -0.8444 -0.5312
vn 0.0028 0.3251 -0.9457
vn -0.0056 -0.1890 0.9820
vn 0.0047 0.7672 0.6414
vn -0.0693 0.8397 0.5386
vn -0.0063 -0.3091 0.9510
vn 0.0056 0.6476 -0.7619
vn 0.0018 0.6253 -0.7804
vn -0.0139 -0.6531 0.7572
vn -0.0054 -0.6120 0.7908
vn -0.0107 -0.6786 0.7345
vn -0.0011 -0.0791 0.9969
vn 0.0105 0.6780 -0.7350
vn -0.0048 0.6777 -0.7354
vn -0.0005 0.0793 -0.9969
vn 0.0013 0.0815 -0.9967
vn 1.0000 0.0000 0.0000
vn -1.0000 0.0000 0.0000
vn -0.0000 -0.8442 0.5360
vn 0.0000 -0.8442 -0.5360
vn -0.0000 0.8442 0.5360
vn 0.0000 0.8442 -0.5360
vn 0.0000 0.0000 -1.0000
vn -0.0000 -0.0000 1.0000
vn 0.0121 0.8441 -0.5360
vn -0.0255 0.8433 -0.5368
vn 0.0003 -0.0046 -1.0000
vn 0.0000 0.0043 -1.0000
vn -0.0074 0.8437 -0.5368
vn 0.0224 -0.0044 -0.9997
vn 0.0568 -0.8442 -0.5330
vn 0.0312 -0.8428 -0.5374
vn 0.0077 -0.8449 0.5348
vn 0.0283 -0.8421 0.5386
vn -0.0120 -0.8442 -0.5359
vn 0.0256 -0.8446 -0.5348
vn 0.0256 -0.8446 0.5348
vn -0.0121 -0.8442 0.5359
vn -0.0312 0.8449 0.5340
vn -0.0292 0.8457 -0.5329
vn -0.0568 0.8414 0.5375
vn 0.0048 -0.6778 0.7352
vn 0.0005 -0.0804 0.9968
vn -0.0035 0.7257 0.6880
vn 0.0111 0.7259 0.6877
vn 0.0035 -0.7259 -0.6878
vn -0.0114 -0.7264 -0.6872
vn 0.0003 -0.0046 1.0000
vn 0.0000 0.0043 1.0000
vn -0.0255 0.8433 0.5368
vn 0.0121 0.8441 0.5360
vn 0.0256 0.0045 -0.9997
vn -0.0223 -0.0042 0.9997
vn -0.0264 0.0048 0.9996
vn -0.8012 0.3316 -0.4982
vn -0.0165 0.5881 -0.8086
vn -0.7913 -0.4048 0.4582
vn -0.7972 -0.3746 0.4734
vn 0.7912 -0.3300 0.5148
vn -0.0904 -0.5751 0.8130
vn 0.7501 0.3608 -0.5541
vn -0.8687 -0.3518 0.3488
vn 0.9063 -0.4112 0.0979
vn 0.8061 -0.5674 0.1681
vn 0.7173 -0.0074 -0.6968
vn 0.7976 0.1018 -0.5946
vn 0.0104 0.4866 -0.8736
vn -0.8813 0.4723 -0.0150
vn -0.7762 0.4490 -0.4426
vn 0.1420 0.4444 -0.8845
vn -0.6357 -0.7496 -0.1846
vn 0.1772 -0.2289 0.9572
vn 0.2949 -0.1002 0.9503
vn -0.4107 -0.9106 -0.0452
vn -0.7790 -0.6216 0.0826
vn 0.1465 -0.4048 0.9026
vn 0.5727 0.8131 0.1042
vn 0.6183 0.7512 0.2311
vn -0.0532 0.4150 -0.9083
vn 0.0683 0.0180 -0.9975
vn 0.0270 0.8546 0.5186
vn -0.9297 -0.3225 0.1777
vn -0.9454 -0.1977 0.2592
vn -0.0129 0.9312 0.3642
vn -0.1391 0.3295 -0.9338
vn 0.8234 0.5674 -0.0089
vn 0.0456 -0.5371 0.8423
vn 0.2312 -0.5770 0.7833
vn 0.8182 0.2882 -0.4974
vn 0.7048 0.4049 -0.5825
vn 0.1342 -0.7807 -0.6103
vn -0.1845 -0.8011 -0.5694
vn 0.7014 0.6207 -0.3504
vn 0.0186 -0.2292 -0.9732
vn -0.2143 0.6418 0.7364
vn -0.9224 -0.2298 0.3105
vn 0.3915 -0.5973 -0.7000
vn 0.4683 -0.6299 -0.6197
vn 0.3736 -0.4886 -0.7885
vn 0.4033 -0.4887 -0.7737
vn -0.3012 0.5087 -0.8065
vn -0.3761 0.4225 -0.8246
vn -0.1598 0.5326 -0.8311
vn -0.1754 0.5065 -0.8442
vn 0.4094 0.2937 -0.8638
vn 0.3417 -0.1898 -0.9204
vn -0.3102 -0.9505 -0.0178
vn -0.2458 -0.8398 -0.4840
vn -0.0115 0.9556 0.2945
vn -0.5205 0.0062 0.8538
vn -0.6037 -0.2492 0.7573
vn 0.0840 0.9949 0.0550
vn -0.7363 -0.1432 -0.6613
vn -0.7822 -0.2164 -0.5842
vn -0.6340 -0.1462 -0.7594
vn -0.6415 -0.1759 -0.7467
vn 0.0491 -0.9279 0.3695
vn 0.6804 0.1204 -0.7228
vn 0.7513 -0.3757 -0.5426
vn 0.0584 -0.9492 0.3091
vn -0.8006 0.2684 0.5358
vn -0.8384 -0.1870 0.5120
vn -0.4391 0.8782 -0.1898
vn 0.0315 0.9032 -0.4280
vn -0.2538 -0.7506 -0.6101
vn -0.4712 -0.7223 -0.5062
vn -0.4654 -0.6973 -0.5451
vn -0.4072 -0.6993 -0.5875
vn -0.6855 -0.1492 0.7126
vn -0.6647 -0.0872 0.7420
vn -0.4402 0.5983 -0.6696
vn -0.9590 0.2826 0.0212
vn -0.9738 0.2148 -0.0752
vn -0.5126 0.5668 -0.6450
vn 0.4102 -0.5930 0.6928
vn 0.9675 -0.2529 0.0078
vn 0.9912 -0.0775 -0.1077
vn 0.4048 -0.6032 0.6872
vn 0.4001 0.4779 -0.7820
vn 0.4776 0.4637 -0.7462
vn -0.3750 -0.4195 0.8267
vn -0.3793 -0.5124 0.7705
vn 0.9906 -0.1137 0.0759
vn 0.4599 0.5107 -0.7264
vn 0.4454 0.5081 -0.7372
vn 0.9573 -0.2765 0.0843
vn -0.0643 -0.4151 -0.9075
vn 0.0211 0.5548 0.8317
vn -0.5728 -0.6678 0.4754
vn -0.9881 0.0042 -0.1540
vn -0.9285 0.0183 -0.3708
vn -0.4947 -0.8345 0.2426
vn -0.4943 -0.4902 0.7179
vn -0.9647 0.2610 0.0353
vn -0.9573 0.1725 -0.2318
vn -0.5428 -0.4937 0.6794
vn -0.3673 0.6589 -0.6564
vn -0.3128 0.5898 -0.7445
vn 0.9295 -0.1137 0.3508
vn 0.2457 -0.6756 0.6951
vn 0.3802 -0.7595 0.5279
vn 0.9479 0.0247 0.3175
vn 0.5252 0.6513 -0.5476
vn 0.3223 -0.6351 0.7020
vn 0.3301 -0.5848 0.7410
vn -0.3691 0.5748 -0.7303
vn 0.6484 0.7416 -0.1719
vn -0.2404 0.8118 -0.5322
vn -0.5417 0.3183 -0.7780
vn -0.3139 -0.9433 0.1074
vn -0.5244 -0.8289 -0.1948
vn -0.3796 0.4885 -0.7856
vn 0.5504 0.8292 0.0974
vn 0.5146 0.8252 -0.2329
vn 0.6720 -0.1551 0.7241
vn 0.5650 -0.4458 0.6943
vn 0.4404 -0.1968 -0.8760
vn 0.5574 0.0112 -0.8302
vn 0.5782 -0.0279 -0.8154
vn 0.5551 -0.0951 -0.8264
vn -0.0732 -0.7171 -0.6932
vn -0.0335 -0.7144 -0.6989
vn 0.9226 -0.2934 -0.2503
vn 0.8775 -0.3510 -0.3269
vn 0.0459 0.7194 0.6931
vn 0.0468 0.7195 0.6929
vn -0.6955 0.5350 0.4796
vn -0.7415 0.4895 0.4589
vn -0.9201 -0.2765 -0.2774
vn -0.8920 -0.3341 -0.3046
vn 0.8923 0.3151 0.3232
vn 0.8613 0.3503 0.3679
vn -0.0730 -0.7099 -0.7005
vn -0.8555 -0.3802 -0.3516
vn 0.9250 0.2667 0.2708
vn 0.8256 -0.4001 -0.3978
vn 0.0475 -0.5462 0.8363
vn 0.0676 0.5834 -0.8094
vn 0.0040 -0.6771 -0.7359
vn 0.0595 -0.7510 -0.6576
vn 0.8974 -0.2607 -0.3559
vn 0.8800 -0.3105 -0.3594
vn -0.0027 0.6930 0.7209
vn -0.0530 0.7480 0.6616
vn -0.9097 0.2527 0.3294
vn -0.9141 0.2472 0.3215
vn -0.8808 -0.3458 -0.3235
vn -0.8600 -0.3623 -0.3594
vn 0.8154 0.4096 0.4091
vn 0.7632 0.5133 0.3925
vn -0.0356 -0.6240 -0.7806
vn -0.8431 -0.3279 -0.4263
vn 0.8242 0.3512 0.4443
vn 0.8301 -0.3286 -0.4506
vn 0.0607 -0.6067 0.7926
vn -0.0431 0.6456 -0.7624
vn -0.0745 -0.6948 -0.7154
vn -0.0003 -0.7732 -0.6342
vn 0.8523 -0.4278 -0.3010
vn 0.8375 -0.4036 -0.3684
vn 0.0961 0.7063 0.7013
vn 0.1071 0.7697 0.6294
vn -0.7309 0.5544 0.3980
vn -0.7970 0.4331 0.4209
vn -0.9221 -0.2656 -0.2814
vn -0.9039 -0.3066 -0.2983
vn 0.9263 0.2460 0.2854
vn 0.8746 0.3543 0.3310
vn -0.1089 -0.6152 -0.7808
vn -0.8771 -0.2973 -0.3771
vn 0.9589 0.1789 0.2204
vn 0.8304 -0.3335 -0.4463
vn -0.0220 -0.5479 0.8362
vn -0.0131 0.5510 -0.8344
vn 0.0349 -0.6952 -0.7180
vn 0.0287 -0.7300 -0.6829
vn 0.8370 -0.4134 -0.3585
vn 0.8310 -0.3969 -0.3897
vn 0.0910 0.6977 0.7106
vn 0.0817 0.7291 0.6795
vn -0.8212 0.4044 0.4026
vn -0.8861 0.3189 0.3363
vn -0.8826 -0.3396 -0.3251
vn -0.8618 -0.3475 -0.3695
vn 0.8084 0.4066 0.4257
vn 0.7566 0.4752 0.4492
vn 0.0403 -0.6645 -0.7462
vn -0.8215 -0.3695 -0.4343
vn 0.8439 0.3628 0.3952
vn 0.8093 -0.3820 -0.4462
vn 0.1148 -0.5865 0.8018
vn -0.0081 0.4207 -0.9072
vn 0.0494 -0.7108 -0.7017
vn 0.1302 -0.7922 -0.5961
vn 0.8592 -0.4154 -0.2987
vn 0.8818 -0.3509 -0.3152
vn 0.0457 0.7202 0.6922
vn 0.0788 0.7907 0.6071
vn -0.8337 0.4391 0.3348
vn -0.8874 0.3254 0.3265
vn -0.9505 -0.2130 -0.2261
vn -0.9218 -0.2755 -0.2728
vn 0.8372 0.3761 0.3971
vn 0.8234 0.4544 0.3400
vn 0.0134 -0.6242 -0.7812
vn -0.8893 -0.2791 -0.3624
vn 0.8410 0.3403 0.4206
vn 0.8749 -0.3019 -0.3787
vn -0.0729 -0.5677 0.8200
vn -0.0538 0.6280 -0.7764
vn -0.0128 -0.6604 -0.7508
vn 0.1003 -0.6720 -0.7337
vn 0.9053 -0.2793 -0.3201
vn 0.8329 -0.3868 -0.3959
vn -0.1181 0.7117 0.6925
vn -0.1013 0.6833 0.7230
vn -0.8789 0.3095 0.3629
vn -0.8851 0.3725 0.2791
vn -0.9495 -0.2009 -0.2410
vn -0.8384 -0.3714 -0.3989
vn 0.7707 0.3593 0.5262
vn 0.9108 0.2348 0.3396
vn -0.1907 -0.6532 -0.7328
vn -0.9122 -0.3682 -0.1799
vn 0.8400 0.5018 0.2062
vn 0.7322 0.4987 0.4638
vn -0.2528 0.5864 0.7696
vn -0.1245 0.5101 0.8511
vn -0.0194 -0.6256 0.7799
vn 0.0140 0.4973 -0.8675
vn 0.0579 -0.8732 -0.4839
vn -0.0734 -0.8675 -0.4920
vn -0.0591 -0.7025 0.7092
vn 0.0430 -0.7011 0.7117
vn 0.0002 -0.0040 1.0000
vn -0.0003 0.0001 1.0000
vn 0.0602 0.9049 0.4213
vn -0.0552 0.9015 0.4292
vn -0.0141 0.1690 0.9855
vn -0.0391 0.1961 0.9798
vn 0.0992 -0.8766 0.4709
vn 0.0544 -0.9001 0.4323
vn 0.0077 0.0696 -0.9975
vn 0.0061 0.0740 -0.9972
vn -0.0790 0.8403 -0.5363
vn -0.0572 0.8577 -0.5109
vn -0.1155 0.9000 0.4204
vn -0.0667 0.8766 0.4766
vn 0.0646 -0.8968 -0.4377
vn 0.1103 -0.8905 -0.4415
vn 0.0955 0.7873 0.6091
vn 0.0220 0.1763 0.9841
vn 0.0299 0.1733 0.9844
vn 0.1195 0.7426 0.6590
vn -0.0971 -0.9494 0.2987
vn -0.1009 -0.8748 -0.4739
vn -0.1537 -0.8551 -0.4952
vn -0.1376 -0.9558 0.2598
vn 0.9849 -0.0400 -0.1686
vn -0.9642 0.2536 0.0781
vn 0.9905 0.1314 -0.0394
vn 0.0350 0.6099 0.7917
vn -0.9177 0.2361 0.3196
vn 0.1056 0.6252 0.7733
vn -0.8159 0.3609 0.4517
vn 0.1108 0.6429 0.7579
vn -0.9218 0.2438 0.3014
vn 0.0646 0.7153 0.6958
vn -0.7803 0.4469 0.4375
vn 0.0024 0.6254 0.7803
vn -0.9343 0.1995 0.2954
vn 0.8032 -0.2886 -0.5211
vn 0.7307 -0.1258 -0.6710
vn -0.0578 -0.5675 -0.8213
vn -0.7985 -0.5322 -0.2815
vn -0.8895 0.2218 0.3995
vn -0.8242 0.0175 0.5660
vn 0.0220 0.1569 -0.9874
vn 0.1041 0.8770 -0.4691
vn 0.0334 0.1915 -0.9809
vn 0.1593 0.8864 -0.4347
vn 0.0728 -0.8814 -0.4668
vn -0.0138 -0.8903 -0.4552
vn 0.0478 0.0209 -0.9986
vn 0.0023 -0.0515 -0.9987
vn -0.0032 0.0411 0.9991
vn 0.0806 0.0450 0.9957
vn 0.0363 -0.7608 0.6480
vn 0.0619 -0.7295 0.6812
vn 0.0518 0.9010 -0.4308
vn -0.0670 0.8587 -0.5080
vn 0.0617 0.8444 0.5321
vn -0.0761 0.8587 0.5068
vn -0.0590 0.8338 -0.5488
vn 0.0030 -0.0345 -0.9994
vn -0.0003 -0.0077 -1.0000
vn 0.0693 0.8190 -0.5697
vn -0.9211 -0.1916 0.3390
vn 0.1127 0.9263 0.3596
vn -0.3869 0.8220 0.4179
vn -0.7128 -0.3314 0.6182
vn 0.3480 -0.8423 -0.4116
vn -0.0026 -0.9905 0.1372
vn 0.9263 0.1465 -0.3471
vn 0.6943 0.3866 -0.6071
vn -0.1814 -0.8896 -0.4191
vn 0.7813 -0.4898 0.3868
vn -0.9911 -0.0232 -0.1312
vn -0.0570 0.7457 0.6638
vn 0.1136 -0.3665 0.9235
vn 0.1770 -0.2723 0.9458
vn 0.1328 -0.4926 0.8601
vn 0.1604 -0.4749 0.8653
vn -0.0332 0.9185 -0.3940
vn -0.8066 0.5415 -0.2370
vn -0.9895 0.0868 0.1156
vn -0.9889 -0.0113 0.1483
vn -0.9942 0.0198 0.1062
vn -0.9910 0.0153 0.1327
vn -0.9904 0.0814 0.1118
vn -0.9902 0.0628 0.1248
vn -0.9989 0.0313 -0.0337
vn -0.9992 0.0179 -0.0363
vn -0.9996 -0.0241 0.0119
vn -0.9963 0.0416 0.0747
vn -0.9977 0.0582 0.0356
vn -0.9890 0.1300 0.0709
vn -0.9985 -0.0294 0.0463
vn -0.9956 -0.0337 0.0874
vn -1.0000 -0.0065 -0.0002
vn -0.9967 -0.0505 -0.0638
vn -0.9958 -0.0775 -0.0493
vn -0.9948 -0.1022 -0.0022
vn -0.0828 -0.9960 0.0348
vn 0.0279 0.0004 0.9996
vn 1.0000 0.0003 0.0004
vn -0.3093 -0.9500 -0.0429
vn 0.0531 -0.0073 0.9986
vn 0.9998 0.0112 0.0184
vn -0.0998 -0.9949 0.0135
vn 0.0788 -0.0037 0.9969
vn 0.9989 0.0023 -0.0461
vn 0.0343 -0.9994 -0.0039
vn 0.0875 0.0034 0.9962
vn 0.9999 -0.0032 0.0134
vn 0.2459 0.0164 -0.9692
vn 0.1820 0.0130 -0.9832
vn 0.4289 0.0261 -0.9030
vn 0.2317 -0.9717 -0.0463
vn 0.0744 0.0061 0.9972
vn 0.0702 0.0057 0.9975
vn 0.0275 0.0015 0.9996
vn -0.9998 -0.0206 -0.0006
vn -0.9986 -0.0516 0.0079
vn -0.9998 -0.0211 -0.0004
vn 0.9992 0.0192 -0.0343
vn 0.9993 -0.0109 -0.0349
vn 0.9992 0.0210 -0.0343
vn 0.1772 -0.9840 0.0177
vn 0.1209 -0.0039 0.9927
vn 0.9966 -0.0285 0.0771
vn -0.0328 -0.9994 -0.0073
vn 0.0990 -0.0012 0.9951
vn 0.9999 -0.0111 0.0048
vn 0.9981 0.0513 -0.0336
vn 0.1170 0.0103 0.9931
vn -1.0000 -0.0002 0.0073
vn -0.9999 0.0028 0.0137
vn 0.0201 0.0039 -0.9998
vn -1.0000 0.0016 0.0027
vn -0.0248 -0.0042 -0.9997
vn 0.3511 -0.0150 -0.9362
vn -0.9987 0.0324 -0.0386
vn -0.0144 0.0024 -0.9999
vn -0.1852 -0.0023 -0.9827
vn -0.9992 -0.0146 0.0368
vn -0.9999 0.0104 -0.0090
vn -0.9996 0.0009 0.0278
vn 0.1735 0.0045 -0.9848
vn 0.1998 -0.0012 -0.9798
vn 0.2767 -0.9578 0.0774
vn -0.3481 -0.0030 0.9375
vn 1.0000 -0.0009 -0.0025
vn 0.1086 -0.9940 0.0156
vn -0.0431 0.0053 0.9991
vn 0.9999 -0.0078 -0.0147
vn 0.1133 -0.9903 0.0799
vn 0.2673 0.0022 0.9636
vn 1.0000 0.0050 -0.0018
vn -0.1561 -0.9845 0.0799
vn 0.2090 -0.0053 0.9779
vn 1.0000 0.0026 0.0016
vn -0.9995 0.0049 -0.0310
vn 0.2298 -0.0053 -0.9732
vn -0.0227 0.0003 -0.9997
vn 0.0611 0.0020 -0.9981
vn -0.9965 0.0081 0.0837
vn -0.2253 0.0006 -0.9743
vn -1.0000 0.0009 0.0077
vn -0.9996 -0.0018 -0.0268
vn 0.2489 0.0070 -0.9685
vn 0.1815 0.0058 -0.9834
vn 0.4324 0.0102 -0.9016
vn 0.0751 0.0033 0.9972
vn 0.0702 0.0032 0.9975
vn 0.0275 0.0018 0.9996
vn -1.0000 -0.0093 0.0010
vn -0.9998 -0.0183 0.0088
vn -1.0000 -0.0094 0.0011
vn 0.9993 0.0087 -0.0363
vn 0.9993 -0.0001 -0.0373
vn 0.9993 0.0092 -0.0362
vn 0.9992 0.0181 -0.0351
vn 0.1177 0.0047 0.9930
vn -0.0144 0.0023 -0.9999
vn -1.0000 -0.0003 -0.0068
vn 0.2675 0.0018 0.9636
vn 1.0000 0.0040 -0.0023
vn 0.0610 0.0016 -0.9981
vn -0.9996 -0.0015 -0.0265
vn -0.1544 -0.0055 0.9880
vn -0.1086 -0.9941 -0.0028
vn 0.2322 0.0494 -0.9714
vn -0.0930 0.9957 -0.0044
vn 0.9901 -0.1402 0.0009
vn -0.9987 -0.0503 -0.0032
vn 0.0013 -0.0109 -0.9999
vn 0.1130 -0.9936 0.0027
vn -0.2333 0.0388 0.9716
vn 0.0962 0.9954 0.0044
vn -0.9933 -0.1154 -0.0007
vn 0.9992 -0.0407 0.0028
vn -0.1543 -0.0055 0.9880
vn 0.2321 0.0494 -0.9714
vn 0.0012 -0.0109 -0.9999
vn -0.2323 0.0387 0.9719
vn 0.0962 0.9954 0.0045
vn -0.9504 -0.1936 0.2436
vn 0.0007 -0.0342 -0.9994
vn 0.9061 -0.0019 0.4232
vn 0.0003 -0.1416 0.9899
vn 0.0022 -0.9972 -0.0752
vn 0.0013 0.9967 0.0817
vn -0.9965 -0.0194 0.0814
vn -0.0015 0.0506 -0.9987
vn 0.9995 -0.0201 0.0259
vn 0.0005 -0.0399 0.9992
vn -0.0005 -0.9998 -0.0175
vn -0.0009 0.9996 -0.0277
vn 0.0000 -1.0000 0.0000
vn -0.0728 0.9960 -0.0526
vn -0.0258 -0.0033 0.9997
vn 0.1168 0.0016 -0.9931
vn -0.9997 -0.0014 -0.0238
vn 0.9977 0.0041 -0.0673
vn 0.0039 -0.0033 1.0000
vn -0.2194 0.9750 -0.0337
vn -0.0260 -0.0017 -0.9997
vn -0.9918 0.0032 -0.1276
vn 0.9965 -0.0016 -0.0841
vn -0.1577 0.3618 0.9188
vn -0.1048 -0.8458 0.5232
vn 0.2312 -0.3150 -0.9205
vn -0.0851 0.8437 -0.5300
vn 0.9890 -0.1249 0.0790
vn -0.9986 -0.0462 0.0251
vn 0.0015 -0.3794 -0.9252
vn 0.1090 -0.8427 0.5273
vn -0.2378 0.3975 0.8862
vn 0.0914 0.8476 -0.5227
vn -0.9926 -0.1034 0.0637
vn 0.9990 -0.0362 0.0258
vn -0.1613 -0.3873 0.9077
vn -0.1192 -0.8383 -0.5321
vn 0.2487 0.4201 -0.8727
vn -0.0985 0.8448 0.5259
vn 0.9919 -0.1125 -0.0596
vn -0.9989 -0.0326 -0.0344
vn -0.0004 0.3742 -0.9273
vn 0.1163 -0.8395 -0.5307
vn -0.2412 -0.3401 0.9089
vn 0.1040 0.8370 0.5373
vn -0.9944 -0.0886 -0.0572
vn 0.9994 -0.0307 -0.0167
vn 0.9869 -0.0048 0.1615
vn -0.0024 -0.9953 0.0970
vn -0.9690 0.0581 -0.2403
vn -0.0038 0.9969 0.0787
vn 0.0009 -0.1659 -0.9861
vn -0.0032 -0.0614 0.9981
vn -0.9999 -0.0108 -0.0057
vn 0.0026 -0.9950 -0.0995
vn 0.9755 0.0416 0.2162
vn 0.0043 0.9966 -0.0818
vn -0.0007 -0.1365 0.9906
vn 0.0031 -0.0497 -0.9988
vn 0.9960 -0.0346 -0.0819
vn -0.0020 -0.1074 0.9942
vn -0.9810 0.1941 0.0053
vn -0.0014 -0.0715 -0.9974
vn 0.0024 -1.0000 0.0048
vn -0.0028 0.9986 0.0528
vn 0.9863 -0.1615 -0.0333
vn -0.9883 -0.1447 -0.0474
vn 0.0034 -0.0717 0.9974
vn -0.0016 0.2808 -0.9598
vn 0.0005 -1.0000 -0.0089
vn -0.0017 0.9993 -0.0362
vn 0.9233 0.3842 -0.0008
vn -0.0013 0.0890 0.9960
vn -0.8434 -0.5244 -0.1172
vn -0.0024 0.0824 -0.9966
vn 0.0002 -0.9776 0.2105
vn -0.0018 0.9966 0.0828
vn 0.9621 0.2715 0.0263
vn 0.0010 0.0577 0.9983
vn -0.9966 -0.0678 0.0459
vn 0.0043 0.0607 -0.9981
vn -0.0008 -1.0000 -0.0006
vn 0.0006 0.9999 -0.0145
vn 0.9745 0.2224 -0.0302
vn -0.0004 -0.2109 0.9775
vn -0.9426 0.1765 -0.2835
vn 0.0004 -0.0432 -0.9991
vn 0.0028 -1.0000 -0.0075
vn 0.0004 0.9937 0.1117
vn 0.9850 0.0791 -0.1533
vn -0.0008 -0.1935 0.9811
vn -0.9984 0.0543 -0.0168
vn 0.0021 0.0711 -0.9975
vn -0.0022 -0.9971 -0.0763
vn 0.0013 1.0000 -0.0007
vn 0.9058 -0.4234 -0.0131
vn -0.9441 0.3188 -0.0843
vn -0.0014 -0.0932 0.9956
vn -0.0008 0.0164 -0.9999
vn -0.0001 -0.9995 0.0318
vn -0.0014 0.9998 -0.0213
vn 1.0000 -0.0072 0.0031
vn 0.0003 0.0240 0.9997
vn -0.9697 0.2378 -0.0560
vn 0.0021 -0.1107 -0.9938
vn 0.0005 -0.9998 -0.0214
vn 0.0016 0.9991 0.0434
vn 0.9647 0.2629 0.0163
vn 0.0022 -0.1941 0.9810
vn -0.9969 -0.0659 -0.0439
vn -0.0010 0.1166 -0.9932
vn 0.0010 -0.9994 -0.0360
vn -0.0008 0.9997 0.0261
vn 0.9373 0.2775 -0.2109
vn 0.0007 -0.0488 0.9988
vn -0.8741 -0.4547 -0.1707
vn 0.0005 -0.0768 -0.9970
vn -0.0005 -0.9998 0.0186
vn -0.0006 0.9978 0.0661
vn 0.9871 -0.0300 -0.1572
vn -0.9771 0.1995 -0.0741
vn 0.0021 -0.1265 0.9920
vn 0.0006 0.1360 -0.9907
vn -0.0004 -0.9996 -0.0287
vn -0.0020 0.9993 0.0361
vn 0.9703 -0.2389 -0.0377
vn -0.0010 -0.2421 0.9702
vn -0.9541 0.2977 -0.0335
vn -0.0016 0.1438 -0.9896
vn -0.0005 -1.0000 0.0070
vn 0.0005 1.0000 0.0084
vn 0.9099 -0.3068 0.2791
vn -0.9931 0.1170 0.0048
vn 0.0002 -0.0251 0.9997
vn -0.0011 0.0034 -1.0000
vn 0.0011 -1.0000 -0.0036
vn 0.0002 0.9971 0.0755
vn 0.9450 -0.2201 -0.2419
vn -0.0001 -0.0366 0.9993
vn -0.9083 -0.0246 -0.4176
vn -0.0005 -0.1930 -0.9812
vn -0.0014 -0.9986 0.0532
vn -0.0016 0.9973 -0.0737
vn 0.9750 0.2039 -0.0884
vn 0.0023 0.1695 0.9855
vn -0.9158 0.3697 0.1569
vn -0.0004 -0.0119 -0.9999
vn 0.0007 -0.9995 0.0329
vn 0.0005 0.9996 -0.0280
vn 0.9666 -0.2517 -0.0479
vn -0.0004 -0.1477 0.9890
vn -0.9347 0.3262 -0.1413
vn -0.0003 -0.0877 -0.9961
vn -0.0017 -0.9996 -0.0291
vn -0.0025 0.9999 0.0124
vn 0.9941 0.1072 -0.0149
vn -0.9725 -0.2213 -0.0719
vn 0.0014 0.1120 0.9937
vn -0.0007 0.0827 -0.9966
vn -0.0009 -0.9952 0.0979
vn -0.0006 1.0000 0.0067
vn 0.9887 -0.0275 -0.1471
vn 0.0013 -0.2558 0.9667
vn -0.8984 0.4327 -0.0754
vn 0.0023 -0.0885 -0.9961
vn 0.0002 -0.9990 -0.0452
vn -0.0007 0.9998 -0.0174
vn 0.9702 -0.2064 -0.1272
vn 0.0004 0.0975 0.9952
vn -0.9942 0.0569 -0.0908
vn 0.0007 0.0519 -0.9987
vn -0.0006 -0.9999 0.0105
vn -0.0016 0.9993 0.0369
vn 0.8348 -0.5473 -0.0594
vn -0.2335 -0.2408 0.9421
vn -0.7708 0.6371 0.0000
vn -0.0359 -0.0645 -0.9973
vn -0.6612 -0.7502 -0.0030
vn 0.6618 0.7471 0.0625
vn 0.8233 -0.5633 -0.0694
vn -0.2207 -0.2259 0.9488
vn 0.0973 0.0819 -0.9919
vn -0.6636 -0.7466 -0.0460
vn 0.6641 0.7476 -0.0017
vn -0.0251 0.0156 -0.9996
vn 0.7151 -0.6990 0.0058
vn 0.0206 0.0202 0.9996
vn -0.7648 0.6442 0.0039
vn -0.6577 -0.7531 -0.0163
vn 0.7558 0.6545 0.0190
vn -0.0388 -0.0154 -0.9991
vn -0.0420 -0.0072 0.9991
vn 0.7254 -0.6882 -0.0061
vn -0.6604 0.7509 0.0029
vn -0.6824 -0.7309 -0.0024
vn 0.5987 0.8010 0.0074
vn 0.0401 0.0453 -0.9982
vn 0.7695 -0.6386 0.0037
vn -0.0966 -0.0346 0.9947
vn -0.7224 0.6915 0.0068
vn -0.2453 -0.9695 -0.0013
vn 0.8007 0.5989 0.0124
vn 0.0398 0.0279 -0.9988
vn 0.7611 -0.6486 -0.0026
vn 0.0064 -0.0210 0.9998
vn -0.7285 0.6849 -0.0106
vn -0.6676 -0.7445 0.0047
vn 0.6399 0.7684 -0.0039
vn 0.0158 0.0362 -0.9992
vn 0.6836 -0.7299 0.0011
vn -0.0684 0.1021 0.9924
vn -0.7573 0.6531 -0.0009
vn -0.6799 -0.7331 -0.0170
vn 0.8393 0.5437 -0.0022
vn -0.0374 0.0511 -0.9980
vn 0.6891 -0.7247 0.0020
vn 0.0010 0.0111 0.9999
vn -0.7256 0.6881 -0.0054
vn -0.7914 -0.6111 0.0133
vn 0.6652 0.7466 -0.0076
vn -0.0553 -0.0533 -0.9970
vn 0.0104 0.0650 0.9978
vn 0.7193 -0.6947 0.0034
vn -0.7410 0.6715 0.0021
vn -0.6070 -0.7947 0.0004
vn 0.6270 0.7789 0.0083
vn 0.0001 -0.0015 -1.0000
vn 0.7520 -0.6591 -0.0009
vn 0.0086 0.0402 0.9992
vn -0.7753 0.6316 -0.0059
vn -0.7044 -0.7098 -0.0038
vn 0.7410 0.6714 -0.0110
vn 0.0348 0.0289 -0.9990
vn 0.6889 -0.7249 -0.0055
vn -0.0203 0.0036 0.9998
vn -0.7124 0.7017 0.0025
vn -0.7289 -0.6846 -0.0063
vn 0.7123 0.7018 0.0046
vn -0.0343 0.0956 -0.9948
vn 0.7320 -0.6813 -0.0016
vn -0.1143 -0.0117 0.9934
vn -0.7663 0.6425 -0.0011
vn -0.6323 -0.7748 0.0028
vn 0.7764 0.6302 0.0039
vn -0.0439 0.0335 -0.9985
vn -0.0002 0.0392 0.9992
vn 0.7095 -0.7047 -0.0061
vn -0.7067 0.7075 -0.0018
vn -0.7168 -0.6973 0.0027
vn 0.7291 0.6843 0.0142
vn 0.0478 -0.1082 -0.9930
vn 0.0127 0.0117 0.9999
vn 0.7386 -0.6742 -0.0004
vn -0.7446 0.6675 0.0031
vn -0.6730 -0.7396 -0.0073
vn 0.7904 0.6126 -0.0017
vn -0.1010 0.0393 -0.9941
vn 0.7354 -0.6777 0.0003
vn -0.1374 0.1170 0.9836
vn -0.7969 0.6041 0.0014
vn -0.5654 -0.8248 0.0082
vn 0.5244 0.8514 0.0096
vn -0.0035 0.0431 -0.9991
vn 0.7907 -0.6121 -0.0067
vn 0.0823 0.0034 0.9966
vn -0.7488 0.6628 0.0010
vn -0.6049 -0.7963 -0.0046
vn 0.6143 0.7890 -0.0037
vn -0.0432 -0.0187 -0.9989
vn 0.7032 -0.7110 0.0010
vn -0.0067 0.0827 0.9966
vn -0.7692 0.6390 0.0006
vn -0.7174 -0.6966 0.0103
vn 0.6886 0.7250 0.0152
vn 0.0074 0.0172 -0.9998
vn -0.0469 -0.0082 0.9989
vn 0.7756 -0.6312 -0.0036
vn -0.7223 0.6916 0.0018
vn -0.4752 -0.8799 0.0051
vn 0.6786 0.7345 0.0036
vn -0.0419 0.0320 -0.9986
vn 0.6689 -0.7433 -0.0038
vn 0.0246 0.0719 0.9971
vn -0.7694 0.6388 -0.0065
vn -0.7439 -0.6682 -0.0010
vn 0.6344 0.7730 0.0047
vn -0.0622 0.0088 -0.9980
vn 0.7718 -0.6359 -0.0010
vn -0.0209 0.0313 0.9993
vn -0.7311 0.6823 -0.0017
vn -0.6473 -0.7622 0.0036
vn 0.7304 0.6830 0.0096
vn 0.0000 1.0000 0.0000
usemtl None
s off
f 1335/1/1 1333/2/1 1336/3/1 1334/4/1
f 1328/5/1 1329/6/1 1330/7/1 1327/8/1
f 1309/9/1 1310/10/1 1326/11/1 1325/12/1
f 1338/13/1 1331/14/1 1332/15/1 1337/16/1
f 1310/10/2 1309/9/2 1321/17/2 1322/18/2
f 1323/19/2 1314/20/2 1315/21/2 1316/22/2
f 1318/23/2 1319/24/2 1320/25/2 1317/26/2
f 1313/27/2 1324/28/2 1312/29/2 1311/30/2
f 1364/31/1 1369/32/1 1365/33/1 1366/34/1
f 1363/35/1 1367/36/1 1370/37/1 1368/38/1
f 1358/39/2 1355/40/2 1356/41/2 1357/42/2
f 1362/43/2 1359/44/2 1361/45/2 1360/46/2
f 1429/47/1 1427/48/1 1430/49/1 1428/50/1
f 1422/51/1 1423/52/1 1424/53/1 1421/54/1
f 1403/55/1 1404/56/1 1420/57/1 1419/58/1
f 1432/59/1 1425/60/1 1426/61/1 1431/62/1
f 1404/56/2 1403/55/2 1415/63/2 1416/64/2
f 1417/65/2 1408/66/2 1409/67/2 1410/68/2
f 1412/69/2 1413/70/2 1414/71/2 1411/72/2
f 1407/73/2 1418/74/2 1406/75/2 1405/76/2
f 1458/77/1 1463/78/1 1459/79/1 1460/80/1
f 1457/81/1 1461/82/1 1464/83/1 1462/84/1
f 1452/85/2 1449/86/2 1450/87/2 1451/88/2
f 1456/89/2 1453/90/2 1455/91/2 1454/92/2
s 1
f 1/93/3 2/94/3 4/95/3 3/96/3
f 3/97/4 4/95/4 8/98/4 7/99/4
f 7/100/5 8/98/5 6/101/5 5/102/5
f 5/103/6 6/101/6 2/94/6 1/104/6
f 3/105/7 7/106/7 5/107/7 1/108/7
f 8/98/8 4/95/8 2/94/8 6/101/8
f 9/109/9 10/110/9 12/111/9 11/112/9
f 15/113/10 16/114/10 14/115/10 13/116/10
f 11/117/11 12/111/11 16/114/11 15/118/11
f 13/119/12 14/115/12 10/110/12 9/120/12
f 11/121/13 15/122/13 13/123/13 9/124/13
f 16/114/14 12/111/14 10/110/14 14/115/14
f 259/125/15 263/126/15 261/127/15 257/128/15
f 235/129/16 236/130/16 240/131/16 239/132/16
f 240/131/17 236/130/17 234/133/17 238/134/17
f 261/135/18 262/136/18 258/137/18 257/138/18
f 21/139/19 22/140/19 328/141/19 325/142/19
f 249/143/20 250/144/20 252/145/20 251/146/20
f 243/147/21 244/148/21 248/149/21 247/150/21
f 251/151/22 255/152/22 253/153/22 249/154/22
f 251/155/23 252/145/23 256/156/23 255/157/23
f 288/158/24 287/159/24 285/160/24 286/161/24
f 25/162/25 26/163/25 28/164/25 27/165/25
f 27/166/26 28/164/26 32/167/26 31/168/26
f 31/169/27 32/167/27 30/170/27 29/171/27
f 29/172/28 30/170/28 26/163/28 25/173/28
f 27/174/29 31/175/29 29/176/29 25/177/29
f 32/167/30 28/164/30 26/163/30 30/170/30
f 33/178/31 34/179/31 36/180/31 35/181/31
f 39/182/32 40/183/32 38/184/32 37/185/32
f 35/186/33 36/180/33 40/183/33 39/187/33
f 37/188/34 38/184/34 34/179/34 33/189/34
f 35/190/35 39/191/35 37/192/35 33/193/35
f 40/183/36 36/180/36 34/179/36 38/184/36
f 41/194/37 42/195/37 44/196/37 43/197/37
f 43/198/38 44/196/38 48/199/38 47/200/38
f 47/201/39 48/199/39 46/202/39 45/203/39
f 45/204/40 46/202/40 42/195/40 41/205/40
f 43/206/41 47/207/41 45/208/41 41/209/41
f 48/199/42 44/196/42 42/195/42 46/202/42
f 265/210/43 269/211/43 271/212/43 267/213/43
f 272/214/44 271/212/44 269/211/44 270/215/44
f 276/216/45 275/217/45 279/218/45 280/219/45
f 278/220/23 277/221/23 273/222/23 274/223/23
f 282/224/46 281/225/46 283/226/46 284/227/46
f 278/228/22 274/229/22 276/230/22 280/231/22
f 501/232/17 553/233/17 555/234/17 503/235/17
f 49/236/47 50/237/47 52/238/47 51/239/47
f 51/240/48 52/238/48 56/241/48 55/242/48
f 55/243/49 56/241/49 54/244/49 53/245/49
f 53/246/50 54/244/50 50/237/50 49/247/50
f 51/248/51 55/249/51 53/250/51 49/251/51
f 56/241/52 52/238/52 50/237/52 54/244/52
f 57/252/53 58/253/53 60/254/53 59/255/53
f 59/256/54 60/254/54 64/257/54 63/258/54
f 63/259/55 64/257/55 62/260/55 61/261/55
f 61/262/56 62/260/56 58/253/56 57/263/56
f 59/264/57 63/265/57 61/266/57 57/267/57
f 64/257/58 60/254/58 58/253/58 62/260/58
f 65/268/59 66/269/59 68/270/59 67/271/59
f 71/272/60 72/273/60 70/274/60 69/275/60
f 67/276/61 68/270/61 72/273/61 71/277/61
f 69/278/62 70/274/62 66/269/62 65/279/62
f 67/280/63 71/281/63 69/282/63 65/283/63
f 72/273/64 68/270/64 66/269/64 70/274/64
f 73/284/65 74/285/65 76/286/65 75/287/65
f 75/288/66 76/286/66 80/289/66 79/290/66
f 79/291/67 80/289/67 78/292/67 77/293/67
f 77/294/68 78/292/68 74/285/68 73/295/68
f 75/296/69 79/297/69 77/298/69 73/299/69
f 80/289/70 76/286/70 74/285/70 78/292/70
f 81/300/71 82/301/71 84/302/71 83/303/71
f 83/304/72 84/302/72 88/305/72 87/306/72
f 87/307/73 88/305/73 86/308/73 85/309/73
f 85/310/74 86/308/74 82/301/74 81/311/74
f 83/312/75 87/313/75 85/314/75 81/315/75
f 88/305/76 84/302/76 82/301/76 86/308/76
f 89/316/77 90/317/77 92/318/77 91/319/77
f 91/320/78 92/318/78 96/321/78 95/322/78
f 95/323/79 96/321/79 94/324/79 93/325/79
f 93/326/80 94/324/80 90/317/80 89/327/80
f 91/328/81 95/329/81 93/330/81 89/331/81
f 96/321/82 92/318/82 90/317/82 94/324/82
f 97/332/83 98/333/83 100/334/83 99/335/83
f 103/336/84 104/337/84 102/338/84 101/339/84
f 99/340/85 100/334/85 104/337/85 103/341/85
f 101/342/86 102/338/86 98/333/86 97/343/86
f 99/344/87 103/345/87 101/346/87 97/347/87
f 104/337/88 100/334/88 98/333/88 102/338/88
f 105/348/89 106/349/89 108/350/89 107/351/89
f 107/352/90 108/350/90 112/353/90 111/354/90
f 111/355/91 112/353/91 110/356/91 109/357/91
f 109/358/92 110/356/92 106/349/92 105/359/92
f 107/360/93 111/361/93 109/362/93 105/363/93
f 112/353/94 108/350/94 106/349/94 110/356/94
f 113/364/95 114/365/95 116/366/95 115/367/95
f 115/368/96 116/366/96 120/369/96 119/370/96
f 119/371/97 120/369/97 118/372/97 117/373/97
f 117/374/98 118/372/98 114/365/98 113/375/98
f 115/376/99 119/377/99 117/378/99 113/379/99
f 120/369/100 116/366/100 114/365/100 118/372/100
f 121/380/101 122/381/101 124/382/101 123/383/101
f 127/384/102 128/385/102 126/386/102 125/387/102
f 123/388/103 124/382/103 128/385/103 127/389/103
f 125/390/104 126/386/104 122/381/104 121/391/104
f 123/392/105 127/393/105 125/394/105 121/395/105
f 128/385/106 124/382/106 122/381/106 126/386/106
f 129/396/107 130/397/107 132/398/107 131/399/107
f 131/400/16 132/398/16 136/401/16 135/402/16
f 135/403/108 136/401/108 134/404/108 133/405/108
f 133/406/109 134/404/109 130/397/109 129/407/109
f 131/408/110 135/409/110 133/410/110 129/411/110
f 136/401/17 132/398/17 130/397/17 134/404/17
f 137/412/111 138/413/111 140/414/111 139/415/111
f 139/416/112 140/414/112 144/417/112 143/418/112
f 143/419/113 144/417/113 142/420/113 141/421/113
f 141/422/114 142/420/114 138/413/114 137/423/114
f 139/424/115 143/425/115 141/426/115 137/427/115
f 144/417/116 140/414/116 138/413/116 142/420/116
f 145/428/117 146/429/117 148/430/117 147/431/117
f 151/432/118 152/433/118 150/434/118 149/435/118
f 147/436/119 148/430/119 152/433/119 151/437/119
f 149/438/120 150/434/120 146/429/120 145/439/120
f 147/440/121 151/441/121 149/442/121 145/443/121
f 152/433/122 148/430/122 146/429/122 150/434/122
f 153/444/24 154/445/24 156/446/24 155/447/24
f 155/448/21 156/446/21 160/449/21 159/450/21
f 159/451/46 160/449/46 158/452/46 157/453/46
f 157/454/123 158/452/123 154/445/123 153/455/123
f 155/456/124 159/457/124 157/458/124 153/459/124
f 160/449/125 156/446/125 154/445/125 158/452/125
f 161/460/126 162/461/126 164/462/126 163/463/126
f 163/464/127 164/462/127 168/465/127 167/466/127
f 167/467/128 168/465/128 166/468/128 165/469/128
f 165/470/129 166/468/129 162/461/129 161/471/129
f 163/472/130 167/473/130 165/474/130 161/475/130
f 168/465/131 164/462/131 162/461/131 166/468/131
f 169/476/20 170/477/20 172/478/20 171/479/20
f 171/480/23 172/478/23 176/481/23 175/482/23
f 175/483/132 176/481/132 174/484/132 173/485/132
f 173/486/45 174/484/45 170/477/45 169/487/45
f 171/488/22 175/489/22 173/490/22 169/491/22
f 176/481/133 172/478/133 170/477/133 174/484/133
f 177/492/44 178/493/44 180/494/44 179/495/44
f 183/496/134 184/497/134 182/498/134 181/499/134
f 179/500/135 180/494/135 184/497/135 183/501/135
f 181/502/18 182/498/18 178/493/18 177/503/18
f 179/504/136 183/505/136 181/506/136 177/507/136
f 184/497/43 180/494/43 178/493/43 182/498/43
f 185/508/137 186/509/137 188/510/137 187/511/137
f 187/512/138 188/510/138 192/513/138 191/514/138
f 191/515/139 192/513/139 190/516/139 189/517/139
f 189/518/140 190/516/140 186/509/140 185/519/140
f 187/520/141 191/521/141 189/522/141 185/523/141
f 192/513/142 188/510/142 186/509/142 190/516/142
f 193/524/143 194/525/143 196/526/143 195/527/143
f 195/528/144 196/526/144 200/529/144 199/530/144
f 199/531/145 200/529/145 198/532/145 197/533/145
f 197/534/146 198/532/146 194/525/146 193/535/146
f 195/536/147 199/537/147 197/538/147 193/539/147
f 200/529/148 196/526/148 194/525/148 198/532/148
f 201/540/149 202/541/149 204/542/149 203/543/149
f 203/544/150 204/542/150 208/545/150 207/546/150
f 207/547/151 208/545/151 206/548/151 205/549/151
f 205/550/152 206/548/152 202/541/152 201/551/152
f 203/552/153 207/553/153 205/554/153 201/555/153
f 208/556/154 204/557/154 202/558/154 206/559/154
f 214/560/155 371/561/156 370/562/157 216/563/155
f 210/564/158 209/565/158 211/566/158 212/567/158
f 216/568/159 215/569/159 213/570/159 214/571/159
f 372/572/160 209/565/161 210/573/161 371/574/162
f 217/575/163 218/576/163 220/577/163 219/578/163
f 219/579/164 220/577/164 224/580/164 223/581/164
f 223/582/165 224/580/165 222/583/165 221/584/165
f 221/585/166 222/583/166 218/576/166 217/586/166
f 219/587/167 223/588/167 221/589/167 217/590/167
f 224/580/168 220/577/168 218/576/168 222/583/168
f 230/591/169 226/592/169 228/593/169 232/594/169
f 226/595/170 225/596/170 227/597/170 228/598/170
f 232/599/171 231/600/171 229/601/171 230/602/171
f 228/603/172 227/597/172 231/600/172 232/604/172
f 225/596/173 229/601/173 231/600/173 227/597/173
f 230/605/174 229/601/174 225/596/174 226/606/174
f 237/607/175 238/134/175 234/133/175 233/608/175
f 259/609/135 260/610/135 264/611/135 263/612/135
f 263/613/134 264/611/134 262/136/134 261/614/134
f 245/615/123 246/616/123 242/617/123 241/618/123
f 284/619/123 283/226/123 287/159/123 288/620/123
f 286/621/21 285/160/21 281/225/21 282/622/21
f 266/623/134 265/210/134 267/213/134 268/624/134
f 273/222/133 277/221/133 279/218/133 275/217/133
f 235/625/110 239/626/110 237/627/110 233/628/110
f 239/629/108 240/131/108 238/134/108 237/630/108
f 233/631/107 234/133/107 236/130/107 235/632/107
f 248/149/125 244/148/125 242/617/125 246/616/125
f 243/633/124 247/634/124 245/635/124 241/636/124
f 255/637/132 256/156/132 254/638/132 253/639/132
f 256/156/133 252/145/133 250/144/133 254/638/133
f 257/640/44 258/137/44 260/610/44 259/641/44
f 247/642/46 248/149/46 246/616/46 245/643/46
f 253/644/45 254/638/45 250/144/45 249/645/45
f 264/611/43 260/610/43 258/137/43 262/136/43
f 281/225/125 285/160/125 287/159/125 283/226/125
f 274/646/132 273/222/132 275/217/132 276/647/132
f 280/648/20 279/218/20 277/221/20 278/649/20
f 286/650/124 282/651/124 284/652/124 288/653/124
f 268/654/18 267/213/18 271/212/18 272/655/18
f 241/656/24 242/617/24 244/148/24 243/657/24
f 270/658/136 266/659/136 268/660/136 272/661/136
f 270/662/135 269/211/135 265/210/135 266/663/135
f 289/664/176 290/665/176 292/666/176 291/667/176
f 291/668/177 292/666/177 296/669/177 295/670/177
f 295/671/178 296/669/178 294/672/178 293/673/178
f 293/674/179 294/672/179 290/665/179 289/675/179
f 291/676/180 295/677/180 293/678/180 289/679/180
f 296/669/181 292/666/181 290/665/181 294/672/181
f 297/680/182 298/681/182 300/682/182 299/683/182
f 299/684/183 300/682/183 304/685/183 303/686/183
f 303/687/184 304/685/184 302/688/184 301/689/184
f 301/690/185 302/688/185 298/681/185 297/691/185
f 299/692/186 303/693/186 301/694/186 297/695/186
f 304/685/187 300/682/187 298/681/187 302/688/187
f 305/696/188 306/697/188 308/698/188 307/699/188
f 307/700/189 308/698/189 312/701/189 311/702/189
f 311/703/190 312/701/190 310/704/190 309/705/190
f 309/706/191 310/704/191 306/697/191 305/707/191
f 307/708/192 311/709/192 309/710/192 305/711/192
f 312/701/193 308/698/193 306/697/193 310/704/193
f 313/712/188 314/713/188 316/714/188 315/715/188
f 315/716/189 316/714/189 320/717/189 319/718/189
f 319/719/190 320/717/190 318/720/190 317/721/190
f 317/722/191 318/720/191 314/713/191 313/723/191
f 315/724/192 319/725/192 317/726/192 313/727/192
f 320/717/193 316/714/193 314/713/193 318/720/193
f 322/728/194 323/729/194 24/730/194 23/731/194
f 326/732/195 327/733/195 18/734/195 17/735/195
f 324/736/196 331/737/197 332/738/198 321/739/196
f 19/740/199 20/741/199 324/742/199 321/743/199
f 370/744/200 369/745/201 215/569/202 216/746/202
f 214/747/203 213/570/203 372/572/160 371/574/162
f 331/737/197 327/748/204 326/749/204 332/738/198
f 331/750/205 330/751/206 18/734/207 327/733/207
f 329/752/208 332/753/209 326/754/210 17/755/210
f 17/756/211 18/734/211 330/751/212 329/757/213
f 328/758/214 335/759/215 336/760/216 325/761/214
f 333/762/217 334/763/218 22/140/219 21/764/219
f 334/763/220 335/765/221 328/141/222 22/140/222
f 336/766/223 333/767/224 21/768/225 325/769/225
f 324/742/226 20/741/226 330/751/206 331/750/205
f 19/770/227 321/771/227 332/753/209 329/752/208
f 330/751/212 20/741/228 19/772/228 329/757/213
f 335/759/215 323/773/229 322/774/229 336/760/216
f 322/775/230 23/776/230 333/767/224 336/766/223
f 24/730/231 323/729/231 335/765/221 334/763/220
f 23/777/232 24/730/232 334/763/218 333/762/217
f 337/778/233 338/779/233 340/780/233 339/781/233
f 343/782/234 344/783/234 342/784/234 341/785/234
f 339/786/235 340/780/235 344/783/235 343/787/235
f 341/788/236 342/784/236 338/779/236 337/789/236
f 339/790/237 343/791/237 341/792/237 337/793/237
f 344/783/238 340/780/238 338/779/238 342/784/238
f 345/794/239 346/795/239 348/796/239 347/797/239
f 347/798/240 348/796/240 352/799/240 351/800/240
f 351/801/241 352/799/241 350/802/241 349/803/241
f 349/804/242 350/802/242 346/795/242 345/805/242
f 347/806/243 351/807/243 349/808/243 345/809/243
f 352/799/244 348/796/244 346/795/244 350/802/244
f 353/810/245 354/811/245 356/812/245 355/813/245
f 355/814/246 356/812/246 360/815/246 359/816/246
f 359/817/247 360/815/247 358/818/247 357/819/247
f 357/820/248 358/818/248 354/811/248 353/821/248
f 355/822/249 359/823/249 357/824/249 353/825/249
f 360/815/250 356/812/250 354/811/250 358/818/250
f 361/826/251 362/827/251 364/828/251 363/829/251
f 363/830/252 364/828/252 368/831/252 367/832/252
f 367/833/253 368/831/253 366/834/253 365/835/253
f 365/836/254 366/834/254 362/827/254 361/837/254
f 363/838/255 367/839/255 365/840/255 361/841/255
f 368/831/256 364/828/256 362/827/256 366/834/256
f 209/565/257 372/572/258 369/745/259 211/566/257
f 212/842/260 211/566/260 369/745/201 370/744/200
f 371/561/156 210/843/261 212/844/261 370/562/157
f 372/572/258 213/570/262 215/569/262 369/745/259
f 378/845/263 374/846/263 376/847/263 380/848/263
f 378/849/264 377/850/264 373/851/264 374/852/264
f 380/853/265 379/854/265 377/850/265 378/855/265
f 376/856/266 375/857/266 379/854/266 380/858/266
f 373/851/267 377/850/267 379/854/267 375/857/267
f 374/859/268 373/851/268 375/857/268 376/860/268
f 386/861/121 382/862/121 384/863/121 388/864/121
f 382/865/118 381/866/118 383/867/118 384/868/118
f 388/869/117 387/870/117 385/871/117 386/872/117
f 384/873/120 383/867/120 387/870/120 388/874/120
f 381/866/122 385/871/122 387/870/122 383/867/122
f 386/875/119 385/871/119 381/866/119 382/876/119
f 389/877/269 390/878/269 392/879/269 391/880/269
f 391/881/270 392/879/270 396/882/270 395/883/270
f 395/884/271 396/882/271 394/885/271 393/886/271
f 393/887/272 394/885/272 390/878/272 389/888/272
f 391/889/273 395/890/273 393/891/273 389/892/273
f 396/882/274 392/879/274 390/878/274 394/885/274
f 397/893/269 398/894/269 400/895/269 399/896/269
f 399/897/275 400/895/275 404/898/275 403/899/275
f 403/900/271 404/898/271 402/901/271 401/902/271
f 401/903/276 402/901/276 398/894/276 397/904/276
f 399/905/277 403/906/277 401/907/277 397/908/277
f 404/898/278 400/895/278 398/894/278 402/901/278
f 405/909/269 406/910/269 408/911/269 407/912/269
f 407/913/275 408/911/275 412/914/275 411/915/275
f 411/916/271 412/914/271 410/917/271 409/918/271
f 409/919/276 410/917/276 406/910/276 405/920/276
f 407/921/277 411/922/277 409/923/277 405/924/277
f 412/914/278 408/911/278 406/910/278 410/917/278
f 413/925/269 414/926/269 416/927/269 415/928/269
f 415/929/279 416/927/279 420/930/279 419/931/279
f 419/932/271 420/930/271 418/933/271 417/934/271
f 417/935/280 418/933/280 414/926/280 413/936/280
f 415/937/277 419/938/277 417/939/277 413/940/277
f 420/930/278 416/927/278 414/926/278 418/933/278
f 421/941/269 422/942/269 424/943/269 423/944/269
f 423/945/281 424/943/281 428/946/281 427/947/281
f 427/948/271 428/946/271 426/949/271 425/950/271
f 425/951/282 426/949/282 422/942/282 421/952/282
f 423/953/283 427/954/283 425/955/283 421/956/283
f 428/946/284 424/943/284 422/942/284 426/949/284
f 429/957/269 430/958/269 432/959/269 431/960/269
f 431/961/285 432/959/285 436/962/285 435/963/285
f 435/964/271 436/962/271 434/965/271 433/966/271
f 433/967/286 434/965/286 430/958/286 429/968/286
f 431/969/287 435/970/287 433/971/287 429/972/287
f 436/962/288 432/959/288 430/958/288 434/965/288
f 437/973/269 438/974/269 440/975/269 439/976/269
f 439/977/289 440/975/289 444/978/289 443/979/289
f 443/980/271 444/978/271 442/981/271 441/982/271
f 441/983/290 442/981/290 438/974/290 437/984/290
f 439/985/277 443/986/277 441/987/277 437/988/277
f 444/978/288 440/975/288 438/974/288 442/981/288
f 445/989/269 446/990/269 448/991/269 447/992/269
f 447/993/289 448/991/289 452/994/289 451/995/289
f 451/996/271 452/994/271 450/997/271 449/998/271
f 449/999/290 450/997/290 446/990/290 445/1000/290
f 447/1001/277 451/1002/277 449/1003/277 445/1004/277
f 452/994/288 448/991/288 446/990/288 450/997/288
f 453/1005/291 454/1006/291 456/1007/291 455/1008/291
f 455/1009/292 456/1007/292 460/1010/292 459/1011/292
f 459/1012/293 460/1010/293 458/1013/293 457/1014/293
f 457/1015/294 458/1013/294 454/1006/294 453/1016/294
f 455/1017/295 459/1018/295 457/1019/295 453/1020/295
f 460/1010/296 456/1007/296 454/1006/296 458/1013/296
f 461/1021/297 462/1022/297 464/1023/297 463/1024/297
f 463/1025/298 464/1023/298 468/1026/298 467/1027/298
f 467/1028/299 468/1026/299 466/1029/299 465/1030/299
f 465/1031/300 466/1029/300 462/1022/300 461/1032/300
f 463/1033/301 467/1034/301 465/1035/301 461/1036/301
f 468/1026/302 464/1023/302 462/1022/302 466/1029/302
f 469/1037/303 470/1038/303 472/1039/303 471/1040/303
f 471/1041/304 472/1039/304 476/1042/304 475/1043/304
f 475/1044/305 476/1042/305 474/1045/305 473/1046/305
f 473/1047/306 474/1045/306 470/1038/306 469/1048/306
f 471/1049/307 475/1050/307 473/1051/307 469/1052/307
f 476/1042/308 472/1039/308 470/1038/308 474/1045/308
f 477/1053/309 478/1054/309 480/1055/309 479/1056/309
f 479/1057/310 480/1055/310 484/1058/310 483/1059/310
f 483/1060/311 484/1058/311 482/1061/311 481/1062/311
f 481/1063/312 482/1061/312 478/1054/312 477/1064/312
f 479/1065/313 483/1066/313 481/1067/313 477/1068/313
f 484/1058/314 480/1055/314 478/1054/314 482/1061/314
f 485/1069/315 486/1070/315 488/1071/315 487/1072/315
f 487/1073/316 488/1071/316 492/1074/316 491/1075/316
f 491/1076/317 492/1074/317 490/1077/317 489/1078/317
f 489/1079/318 490/1077/318 486/1070/318 485/1080/318
f 487/1081/319 491/1082/319 489/1083/319 485/1084/319
f 492/1074/320 488/1071/320 486/1070/320 490/1077/320
f 493/1085/321 494/1086/321 496/1087/321 495/1088/321
f 495/1089/322 496/1087/322 500/1090/322 499/1091/322
f 499/1092/323 500/1090/323 498/1093/323 497/1094/323
f 497/1095/324 498/1093/324 494/1086/324 493/1096/324
f 495/1097/325 499/1098/325 497/1099/325 493/1100/325
f 500/1090/326 496/1087/326 494/1086/326 498/1093/326
f 554/1101/16 553/233/16 501/232/16 502/1102/16
f 504/1103/109 503/235/109 555/234/109 556/1104/109
f 556/1105/107 555/234/107 553/233/107 554/1106/107
f 505/1107/327 506/1108/327 508/1109/327 507/1110/327
f 507/1111/328 508/1109/328 512/1112/328 511/1113/328
f 511/1114/329 512/1112/329 510/1115/329 509/1116/329
f 509/1117/330 510/1115/330 506/1108/330 505/1118/330
f 507/1119/331 511/1120/331 509/1121/331 505/1122/331
f 512/1112/332 508/1109/332 506/1108/332 510/1115/332
f 513/1123/333 514/1124/333 516/1125/333 515/1126/333
f 515/1127/334 516/1125/334 520/1128/334 519/1129/334
f 519/1130/335 520/1128/335 518/1131/335 517/1132/335
f 517/1133/336 518/1131/336 514/1124/336 513/1134/336
f 515/1135/337 519/1136/337 517/1137/337 513/1138/337
f 520/1128/338 516/1125/338 514/1124/338 518/1131/338
f 521/1139/265 522/1140/265 524/1141/265 523/1142/265
f 523/1143/264 524/1141/264 528/1144/264 527/1145/264
f 527/1146/268 528/1144/268 526/1147/268 525/1148/268
f 525/1149/266 526/1147/266 522/1140/266 521/1150/266
f 523/1151/263 527/1152/263 525/1153/263 521/1154/263
f 528/1144/267 524/1141/267 522/1140/267 526/1147/267
f 529/1155/339 530/1156/339 532/1157/339 531/1158/339
f 531/1159/340 532/1157/340 536/1160/340 535/1161/340
f 535/1162/341 536/1160/341 534/1163/341 533/1164/341
f 533/1165/342 534/1163/342 530/1156/342 529/1166/342
f 531/1167/343 535/1168/343 533/1169/343 529/1170/343
f 536/1160/344 532/1157/344 530/1156/344 534/1163/344
f 537/1171/345 538/1172/345 540/1173/345 539/1174/345
f 539/1175/346 540/1173/346 544/1176/346 543/1177/346
f 543/1178/347 544/1176/347 542/1179/347 541/1180/347
f 541/1181/348 542/1179/348 538/1172/348 537/1182/348
f 539/1183/349 543/1184/349 541/1185/349 537/1186/349
f 544/1176/350 540/1173/350 538/1172/350 542/1179/350
f 545/1187/351 546/1188/351 548/1189/351 547/1190/351
f 551/1191/352 552/1192/352 550/1193/352 549/1194/352
f 547/1195/353 548/1189/353 552/1192/353 551/1196/353
f 549/1197/354 550/1193/354 546/1188/354 545/1198/354
f 547/1199/355 551/1200/355 549/1201/355 545/1202/355
f 552/1192/356 548/1189/356 546/1188/356 550/1193/356
f 554/1203/110 502/1204/110 504/1205/110 556/1206/110
f 502/1207/108 501/232/108 503/235/108 504/1208/108
f 562/1209/115 558/1210/115 560/1211/115 564/1212/115
f 562/1213/112 561/1214/112 557/1215/112 558/1216/112
f 564/1217/111 563/1218/111 561/1214/111 562/1219/111
f 560/1220/114 559/1221/114 563/1218/114 564/1222/114
f 557/1215/116 561/1214/116 563/1218/116 559/1221/116
f 558/1223/113 557/1215/113 559/1221/113 560/1224/113
f 570/1225/93 566/1226/93 568/1227/93 572/1228/93
f 570/1229/90 569/1230/90 565/1231/90 566/1232/90
f 572/1233/89 571/1234/89 569/1230/89 570/1235/89
f 568/1236/92 567/1237/92 571/1234/92 572/1238/92
f 565/1231/94 569/1230/94 571/1234/94 567/1237/94
f 566/1239/91 565/1231/91 567/1237/91 568/1240/91
f 573/1241/357 574/1242/357 576/1243/357 575/1244/357
f 575/1245/358 576/1243/358 580/1246/358 579/1247/358
f 579/1248/359 580/1246/359 578/1249/359 577/1250/359
f 577/1251/360 578/1249/360 574/1242/360 573/1252/360
f 575/1253/361 579/1254/361 577/1255/361 573/1256/361
f 580/1246/362 576/1243/362 574/1242/362 578/1249/362
f 581/1257/363 582/1258/363 584/1259/363 583/1260/363
f 583/1261/364 584/1259/364 588/1262/364 587/1263/364
f 587/1264/365 588/1262/365 586/1265/365 585/1266/365
f 585/1267/366 586/1265/366 582/1258/366 581/1268/366
f 583/1269/367 587/1270/367 585/1271/367 581/1272/367
f 588/1262/368 584/1259/368 582/1258/368 586/1265/368
f 589/1273/369 590/1274/369 592/1275/369 591/1276/369
f 591/1277/370 592/1275/370 596/1278/370 595/1279/370
f 595/1280/371 596/1278/371 594/1281/371 593/1282/371
f 593/1283/372 594/1281/372 590/1274/372 589/1284/372
f 591/1285/373 595/1286/373 593/1287/373 589/1288/373
f 596/1278/374 592/1275/374 590/1274/374 594/1281/374
f 597/1289/375 601/1290/375 603/1291/375 599/1292/375
f 602/1293/376 598/1294/376 600/1295/376 604/1296/376
f 600/1297/377 599/1292/377 603/1291/377 604/1298/377
f 598/1299/378 597/1289/378 599/1292/378 600/1300/378
f 602/1301/379 601/1290/379 597/1289/379 598/1302/379
f 604/1303/380 603/1291/380 601/1290/380 602/1304/380
f 804/1305/381 808/1306/382 616/1307/383 615/1308/384
f 806/1309/385 805/1310/386 613/1311/387 611/1312/388
f 805/1310/386 807/1313/389 614/1314/390 613/1311/387
f 803/1315/391 806/1316/385 611/1317/388 612/1318/392
f 1271/1319/393 608/1320/394 609/1321/395 1273/1322/396
f 1276/1323/397 610/1324/398 606/1325/399 1272/1326/400
f 605/1327/401 606/1328/401 610/1329/401 609/1330/401 608/1331/401 607/1332/401
f 612/1333/402 611/1334/402 613/1335/402 614/1336/402 615/1337/402 616/1338/402
f 834/1339/403 838/1340/404 634/1341/405 633/1342/406
f 836/1343/407 835/1344/408 631/1345/409 629/1346/410
f 835/1344/408 837/1347/411 632/1348/412 631/1345/409
f 833/1349/413 836/1350/407 629/1351/410 630/1352/414
f 837/1347/411 620/1353/415 621/1354/416 834/1339/403
f 838/1340/404 622/1355/417 618/1356/418 833/1349/413
f 617/1357/419 618/1358/419 622/1359/419 621/1360/419 620/1361/419 619/1362/419
f 627/1363/420 628/1364/421 640/1365/422 639/1366/423
f 623/1367/424 625/1368/425 637/1369/426 635/1370/427
f 625/1368/425 626/1371/428 638/1372/429 637/1369/426
f 624/1373/430 623/1374/424 635/1375/427 636/1376/431
f 638/1372/429 626/1371/428 627/1363/420 639/1366/423
f 640/1365/422 628/1364/421 624/1373/430 636/1376/431
f 623/1377/432 624/1378/432 628/1379/432 627/1380/432 626/1381/432 625/1382/432
f 630/1383/433 629/1384/433 631/1385/433 632/1386/433 633/1387/433 634/1388/433
f 636/1389/434 635/1390/434 637/1391/434 638/1392/434 639/1393/434 640/1394/434
f 826/1395/435 649/1396/436 647/1397/437 822/1398/438
f 823/1399/439 652/1400/440 651/1401/441 824/1402/442
f 641/1403/443 642/1404/443 646/1405/443 645/1406/443 644/1407/443 643/1408/443
f 648/1409/444 647/1410/444 649/1411/444 650/1412/444 651/1413/444 652/1414/444
f 919/1415/445 922/1416/445 918/1417/445 921/1418/445 917/1419/445 920/1420/445
f 653/1421/446 654/1422/446 658/1423/446 657/1424/446 656/1425/446 655/1426/446
f 828/1427/447 832/1428/448 670/1429/449 669/1430/450
f 830/1431/451 829/1432/452 667/1433/453 665/1434/454
f 829/1432/452 831/1435/455 668/1436/456 667/1433/453
f 827/1437/457 830/1438/451 665/1439/454 666/1440/458
f 659/1441/459 660/1442/459 664/1443/459 663/1444/459 662/1445/459 661/1446/459
f 666/1447/460 665/1448/460 667/1449/460 668/1450/460 669/1451/460 670/1452/460
f 810/1453/461 814/1454/462 682/1455/463 681/1456/464
f 812/1457/465 811/1458/466 679/1459/467 677/1460/468
f 811/1458/466 813/1461/469 680/1462/470 679/1459/467
f 809/1463/471 812/1464/465 677/1465/468 678/1466/472
f 813/1461/469 674/1467/473 675/1468/474 810/1453/461
f 814/1454/462 676/1469/475 672/1470/476 809/1463/471
f 671/1471/477 672/1472/477 676/1473/477 675/1474/477 674/1475/477 673/1476/477
f 678/1477/478 677/1478/478 679/1479/478 680/1480/478 681/1481/478 682/1482/478
f 687/1483/479 688/1484/480 700/1485/481 699/1486/482
f 683/1487/483 685/1488/484 697/1489/485 695/1490/486
f 685/1488/484 686/1491/487 698/1492/488 697/1489/485
f 684/1493/489 683/1494/483 695/1495/486 696/1496/490
f 698/1492/488 686/1491/487 687/1483/479 699/1486/482
f 700/1485/481 688/1484/480 684/1493/489 696/1496/490
f 683/1497/491 684/1498/491 688/1499/491 687/1500/491 686/1501/491 685/1502/491
f 693/1503/492 694/1504/493 706/1505/494 705/1506/495
f 689/1507/496 691/1508/497 703/1509/498 701/1510/499
f 691/1508/497 692/1511/500 704/1512/501 703/1509/498
f 690/1513/502 689/1514/496 701/1515/499 702/1516/503
f 704/1512/501 692/1511/500 693/1503/492 705/1506/495
f 706/1505/494 694/1504/493 690/1513/502 702/1516/503
f 689/1517/504 690/1518/504 694/1519/504 693/1520/504 692/1521/504 691/1522/504
f 696/1523/505 695/1524/505 697/1525/505 698/1526/505 699/1527/505 700/1528/505
f 702/1529/506 701/1530/506 703/1531/506 704/1532/506 705/1533/506 706/1534/506
f 816/1535/507 820/1536/508 718/1537/509 717/1538/510
f 818/1539/511 817/1540/512 715/1541/513 713/1542/514
f 817/1540/512 819/1543/515 716/1544/516 715/1541/513
f 815/1545/517 818/1546/511 713/1547/514 714/1548/518
f 708/1549/519 707/1550/520 987/1551/521 984/1552/522
f 707/1553/520 709/1554/523 986/1555/524 987/1556/521
f 707/1557/525 708/1558/525 712/1559/525 711/1560/525 710/1561/525 709/1562/525
f 714/1563/526 713/1564/526 715/1565/526 716/1566/526 717/1567/526 718/1568/526
f 902/1569/527 910/1570/528 730/1571/529 729/1572/530
f 906/1573/531 904/1574/532 727/1575/533 725/1576/534
f 904/1574/532 907/1577/535 728/1578/536 727/1575/533
f 900/1579/537 906/1580/531 725/1581/534 726/1582/538
f 908/1583/539 722/1584/540 723/1585/541 901/1586/542
f 909/1587/543 724/1588/544 720/1589/545 899/1590/546
f 719/1591/547 720/1592/547 724/1593/547 723/1594/547 722/1595/547 721/1596/547
f 726/1597/548 725/1598/548 727/1599/548 728/1600/548 729/1601/548 730/1602/548
f 883/1603/549 885/1604/550 740/1605/551 739/1606/552
f 740/1605/551 885/1604/550 882/1607/553 741/1608/554
f 882/1607/553 886/1609/555 742/1610/556 741/1608/554
f 881/1611/557 884/1612/558 737/1613/559 738/1614/560
f 731/1615/561 732/1616/561 736/1617/561 735/1618/561 734/1619/561 733/1620/561
f 738/1621/562 737/1622/562 739/1623/562 740/1624/562 741/1625/562 742/1626/562
f 747/1627/563 759/1628/564 760/1629/565 748/1630/566
f 743/1631/567 755/1632/568 757/1633/569 745/1634/570
f 745/1634/570 757/1633/569 758/1635/571 746/1636/572
f 744/1637/573 756/1638/574 755/1639/568 743/1640/567
f 758/1635/571 759/1628/564 747/1627/563 746/1636/572
f 760/1629/565 756/1638/574 744/1637/573 748/1630/566
f 743/1641/575 745/1642/575 746/1643/575 747/1644/575 748/1645/575 744/1646/575
f 893/1647/576 750/1648/577 754/1649/578 898/1650/579
f 895/1651/580 763/1652/581 764/1653/582 897/1654/583
f 764/1653/582 765/1655/584 894/1656/585 897/1654/583
f 749/1657/586 751/1658/586 752/1659/586 753/1660/586 754/1661/586 750/1662/586
f 756/1663/587 760/1664/587 759/1665/587 758/1666/587 757/1667/587 755/1668/587
f 762/1669/588 766/1670/588 765/1671/588 764/1672/588 763/1673/588 761/1674/588
f 825/1675/589 650/1676/590 649/1396/436 826/1395/435
f 824/1402/442 651/1401/441 650/1676/590 825/1675/589
f 822/1677/438 647/1678/437 648/1679/591 821/1680/592
f 823/1399/439 646/1681/593 642/1682/594 821/1680/592
f 1267/1683/595 1270/1684/596 776/1685/597 775/1686/598
f 1267/1683/595 1268/1687/599 860/1688/600 859/1689/601
f 1269/1690/602 1266/1691/603 858/1692/604 862/1693/605
f 776/1685/597 1270/1684/596 1266/1691/603 777/1694/606
f 861/1695/607 770/1696/608 771/1697/609 858/1692/604
f 862/1693/605 772/1698/610 768/1699/611 857/1700/612
f 767/1701/613 768/1702/613 772/1703/613 771/1704/613 770/1705/613 769/1706/613
f 774/1707/614 773/1708/614 775/1709/614 776/1710/614 777/1711/614 778/1712/614
f 853/1713/615 781/1714/616 782/1715/617 856/1716/618
f 854/1717/619 779/1718/620 781/1714/616 853/1713/615
f 852/1719/621 783/1720/622 784/1721/623 855/1722/624
f 779/1723/625 780/1724/625 784/1725/625 783/1726/625 782/1727/625 781/1728/625
f 851/1729/626 780/1730/627 779/1731/628 854/1732/629
f 786/1733/630 792/1734/631 796/1735/632 790/1736/633
f 793/1737/634 787/1738/635 788/1739/636 794/1740/637
f 789/1741/638 795/1742/639 794/1740/637 788/1739/636
f 791/1743/640 785/1744/641 787/1738/635 793/1737/634
f 795/1742/639 789/1741/638 790/1736/633 796/1735/632
f 785/1745/642 786/1746/642 790/1747/642 789/1748/642 788/1749/642 787/1750/642
f 792/1734/631 786/1733/630 785/1751/641 791/1752/640
f 915/1753/643 802/1754/644 797/1755/645 911/1756/646
f 916/1757/647 801/1758/648 798/1759/649 912/1760/650
f 892/1761/651 658/1762/652 654/1763/653 888/1764/654
f 653/1765/655 655/1766/656 890/1767/657 891/1768/658
f 657/1769/659 658/1762/652 892/1761/651 889/1770/660
f 616/1307/383 808/1306/382 803/1315/391 612/1318/392
f 614/1314/390 807/1313/389 804/1305/381 615/1308/384
f 1272/1326/400 1275/1771/661 806/1316/385 803/1315/391
f 1274/1772/662 1271/1319/393 807/1313/389 805/1310/386
f 1275/1773/661 1274/1772/662 805/1310/386 806/1309/385
f 1273/1322/396 1276/1323/397 808/1306/382 804/1305/381
f 682/1455/463 814/1454/462 809/1463/471 678/1466/472
f 680/1462/470 813/1461/469 810/1453/461 681/1456/464
f 672/1470/476 671/1774/663 812/1464/465 809/1463/471
f 673/1775/664 674/1467/473 813/1461/469 811/1458/466
f 671/1776/663 673/1775/664 811/1458/466 812/1457/465
f 675/1468/474 676/1469/475 814/1454/462 810/1453/461
f 718/1537/509 820/1536/508 815/1545/517 714/1548/518
f 716/1544/516 819/1543/515 816/1535/507 717/1538/510
f 711/1777/665 712/1778/666 988/1779/667 985/1780/668
f 652/1400/440 823/1399/439 821/1680/592 648/1679/591
f 641/1781/669 822/1677/438 821/1680/592 642/1682/594
f 645/1782/670 824/1402/442 825/1675/589 644/1783/671
f 644/1783/671 825/1675/589 826/1395/435 643/1784/672
f 646/1681/593 823/1399/439 824/1402/442 645/1782/670
f 643/1784/672 826/1395/435 822/1398/438 641/1785/669
f 670/1429/449 832/1428/448 827/1437/457 666/1440/458
f 668/1436/456 831/1435/455 828/1427/447 669/1430/450
f 864/1786/673 867/1787/674 830/1438/451 827/1437/457
f 866/1788/675 863/1789/676 831/1435/455 829/1432/452
f 867/1790/674 866/1788/675 829/1432/452 830/1431/451
f 865/1791/677 868/1792/678 832/1428/448 828/1427/447
f 634/1341/405 838/1340/404 833/1349/413 630/1352/414
f 632/1348/412 837/1347/411 834/1339/403 633/1342/406
f 618/1356/418 617/1793/679 836/1350/407 833/1349/413
f 619/1794/680 620/1353/415 837/1347/411 835/1344/408
f 617/1795/679 619/1794/680 835/1344/408 836/1343/407
f 621/1354/416 622/1355/417 838/1340/404 834/1339/403
f 846/1796/681 840/1797/682 843/1798/683 850/1799/684
f 845/1800/685 839/1801/686 844/1802/687 849/1803/688
f 851/1729/626 845/1800/685 849/1803/688 855/1722/624
f 852/1719/621 846/1796/681 850/1799/684 856/1716/618
f 839/1801/686 845/1800/685 848/1804/689 842/1805/690
f 840/1797/682 846/1796/681 849/1803/688 844/1802/687
f 842/1806/691 848/1807/692 847/1808/693 841/1809/694
f 841/1809/694 847/1808/693 850/1799/684 843/1798/683
f 783/1720/622 852/1719/621 856/1716/618 782/1715/617
f 780/1730/627 851/1729/626 855/1722/624 784/1721/623
f 845/1800/685 851/1729/626 854/1732/629 848/1804/689
f 846/1796/681 852/1719/621 855/1722/624 849/1803/688
f 848/1807/692 854/1717/619 853/1713/615 847/1808/693
f 847/1808/693 853/1713/615 856/1716/618 850/1799/684
f 1265/1810/695 1268/1811/599 773/1812/696 774/1813/697
f 1266/1691/603 1269/1690/602 778/1814/698 777/1694/606
f 768/1699/611 767/1815/699 860/1816/600 857/1700/612
f 769/1817/700 770/1696/608 861/1695/607 859/1689/601
f 767/1818/699 769/1817/700 859/1689/601 860/1688/600
f 771/1697/609 772/1698/610 862/1693/605 858/1692/604
f 1270/1684/596 1267/1683/595 859/1689/601 861/1695/607
f 1268/1811/599 1265/1810/695 857/1700/612 860/1816/600
f 1268/1687/599 1267/1683/595 775/1686/701 773/1819/696
f 1265/1810/695 1269/1690/602 862/1693/605 857/1700/612
f 997/1820/702 1000/1821/703 868/1792/678 865/1791/677
f 999/1822/704 998/1823/705 866/1788/675 867/1790/674
f 998/1823/705 995/1824/706 863/1789/676 866/1788/675
f 996/1825/707 999/1826/704 867/1787/674 864/1786/673
f 832/1428/448 868/1792/678 864/1786/673 827/1437/457
f 831/1435/455 863/1789/676 865/1791/677 828/1427/447
f 873/1827/708 874/1828/709 880/1829/710 879/1830/711
f 869/1831/712 871/1832/713 877/1833/714 875/1834/715
f 871/1832/713 872/1835/716 878/1836/717 877/1833/714
f 870/1837/718 869/1838/712 875/1839/715 876/1840/719
f 878/1836/717 872/1835/716 873/1827/708 879/1830/711
f 880/1829/710 874/1828/709 870/1837/718 876/1840/719
f 869/1841/720 870/1842/720 874/1843/720 873/1844/720 872/1845/720 871/1846/720
f 876/1847/721 875/1848/721 877/1849/721 878/1850/721 879/1851/721 880/1852/721
f 886/1609/555 736/1853/722 732/1854/723 881/1611/557
f 884/1855/558 883/1603/549 739/1606/552 737/1856/559
f 885/1604/550 734/1857/724 735/1858/725 882/1607/553
f 732/1854/723 731/1859/726 884/1612/558 881/1611/557
f 733/1860/727 734/1857/724 885/1604/550 883/1603/549
f 731/1861/726 733/1860/727 883/1603/549 884/1855/558
f 735/1858/725 736/1853/722 886/1609/555 882/1607/553
f 742/1610/556 886/1609/555 881/1611/557 738/1614/560
f 892/1761/651 802/1754/644 798/1759/649 889/1770/660
f 654/1763/653 653/1862/655 891/1863/658 888/1764/654
f 887/1864/728 656/1865/729 657/1769/659 889/1770/660
f 890/1767/657 799/1866/730 800/1867/731 891/1768/658
f 887/1864/728 801/1758/648 799/1866/730 890/1767/657
f 891/1863/658 800/1868/731 797/1755/645 888/1764/654
f 802/1754/644 892/1761/651 888/1764/654 797/1755/645
f 801/1758/648 887/1864/728 889/1770/660 798/1759/649
f 655/1766/656 656/1865/729 887/1864/728 890/1767/657
f 893/1647/576 762/1869/732 761/1870/733 896/1871/734
f 896/1872/734 761/1873/733 763/1652/581 895/1651/580
f 894/1874/585 765/1655/584 766/1875/735 898/1650/579
f 894/1656/585 753/1876/736 752/1877/737 897/1654/583
f 750/1648/577 893/1647/576 896/1871/734 749/1878/738
f 751/1879/739 895/1651/580 897/1654/583 752/1877/737
f 749/1880/738 896/1872/734 895/1651/580 751/1879/739
f 753/1876/736 894/1874/585 898/1650/579 754/1649/578
f 766/1875/735 762/1869/732 893/1647/576 898/1650/579
f 730/1571/529 910/1570/528 900/1579/537 726/1582/538
f 910/1570/528 909/1587/543 899/1590/546 900/1579/537
f 728/1578/536 907/1577/535 902/1569/527 729/1572/530
f 907/1577/535 908/1583/539 901/1586/542 902/1569/527
f 720/1589/545 719/1881/740 905/1882/741 899/1590/546
f 899/1590/546 905/1882/741 906/1580/531 900/1579/537
f 721/1883/742 722/1584/540 908/1583/539 903/1884/743
f 903/1884/743 908/1583/539 907/1577/535 904/1574/532
f 719/1885/740 721/1883/742 903/1884/743 905/1886/741
f 905/1886/741 903/1884/743 904/1574/532 906/1573/531
f 723/1585/541 724/1588/544 909/1587/543 901/1586/542
f 901/1586/542 909/1587/543 910/1570/528 902/1569/527
f 922/1416/744 916/1757/647 912/1760/650 918/1417/745
f 921/1418/746 915/1753/643 911/1756/646 917/1419/747
f 797/1755/645 800/1868/731 914/1887/748 911/1756/646
f 799/1866/730 801/1758/648 916/1757/647 913/1888/749
f 800/1867/731 799/1866/730 913/1888/749 914/1889/748
f 798/1759/649 802/1754/644 915/1753/643 912/1760/650
f 911/1756/646 914/1887/748 920/1890/750 917/1419/747
f 913/1888/749 916/1757/647 922/1416/744 919/1415/751
f 914/1889/748 913/1888/749 919/1415/751 920/1420/750
f 912/1760/650 915/1753/643 921/1418/746 918/1417/745
f 966/1891/752 969/1892/753 934/1893/754 933/1894/755
f 968/1895/756 967/1896/757 931/1897/758 929/1898/759
f 967/1896/757 970/1899/760 932/1900/761 931/1897/758
f 965/1901/762 968/1902/756 929/1903/759 930/1904/763
f 963/1905/764 960/1906/765 968/1902/756 965/1901/762
f 964/1907/766 926/1908/767 927/1909/768 962/1910/769
f 923/1911/770 924/1912/770 928/1913/770 927/1914/770 926/1915/770 925/1916/770
f 930/1917/771 929/1918/771 931/1919/771 932/1920/771 933/1921/771 934/1922/771
f 936/1923/772 942/1924/772 946/1925/773 940/1926/773
f 943/1927/774 937/1928/774 938/1929/775 944/1930/775
f 939/1931/776 945/1932/776 944/1930/775 938/1929/775
f 941/1933/777 935/1934/777 937/1928/774 943/1927/774
f 945/1932/776 939/1931/776 940/1926/773 946/1925/773
f 935/1935/770 936/1936/770 940/1937/770 939/1938/770 938/1939/770 937/1940/770
f 941/1941/771 943/1942/771 944/1943/771 945/1944/771 946/1945/771 942/1946/771
f 942/1924/772 936/1923/772 935/1947/777 941/1948/777
f 971/1949/778 955/1950/779 954/1951/780 975/1952/781
f 982/1953/782 971/1949/778 975/1952/781 977/1954/783
f 947/1955/784 980/1956/785 979/1957/786 951/1958/787
f 972/1959/788 953/1960/789 957/1961/790 973/1962/791
f 980/1956/785 972/1959/788 973/1962/791 979/1957/786
f 958/1963/770 957/1964/770 953/1965/770 954/1966/770 955/1967/770 956/1968/770
f 978/1969/792 982/1953/782 949/1970/793 950/1971/794
f 951/1972/771 952/1973/771 950/1974/771 949/1975/771 948/1976/771 947/1977/771
f 975/1952/781 972/1959/788 980/1956/785 977/1954/783
f 924/1978/795 923/1979/796 960/1906/765 963/1905/764
f 970/1899/760 964/1907/766 962/1910/769 966/1891/752
f 925/1980/797 926/1908/767 964/1907/766 961/1981/798
f 923/1982/796 925/1980/797 961/1981/798 960/1983/765
f 927/1909/768 928/1984/799 959/1985/800 962/1910/769
f 932/1900/761 970/1899/760 966/1891/752 933/1894/755
f 934/1893/754 969/1892/753 965/1901/762 930/1904/763
f 961/1981/798 964/1907/766 970/1899/760 967/1896/757
f 960/1983/765 961/1981/798 967/1896/757 968/1895/756
f 962/1910/769 959/1985/800 969/1892/753 966/1891/752
f 969/1892/753 959/1985/800 963/1905/764 965/1901/762
f 959/1985/800 928/1984/799 924/1978/795 963/1905/764
f 957/1961/790 958/1986/801 976/1987/802 973/1962/791
f 956/1988/803 955/1950/779 971/1949/778 974/1989/804
f 958/1990/801 956/1988/803 974/1989/804 976/1991/802
f 954/1951/780 953/1960/789 972/1959/788 975/1952/781
f 977/1954/783 980/1956/785 947/1955/784 948/1992/805
f 974/1989/804 971/1949/778 982/1953/782 978/1969/792
f 976/1991/802 974/1989/804 978/1969/792 981/1993/806
f 973/1962/791 976/1987/802 981/1994/806 979/1957/786
f 981/1993/806 978/1969/792 950/1971/794 952/1995/807
f 979/1957/786 981/1994/806 952/1996/807 951/1958/787
f 949/1970/793 982/1953/782 977/1954/783 948/1992/805
f 992/1997/808 993/1998/809 987/1556/521 986/1555/524
f 983/1999/810 710/2000/811 711/1777/665 985/1780/668
f 988/1779/667 712/1778/666 708/1549/519 984/1552/522
f 994/2001/812 820/1536/508 816/1535/507 991/2002/813
f 994/2001/812 991/2002/813 985/1780/668 988/1779/667
f 993/2003/809 990/2004/814 984/1552/522 987/1551/521
f 990/2004/814 994/2001/812 988/1779/667 984/1552/522
f 989/2005/815 992/1997/808 986/1555/524 983/1999/810
f 709/1554/523 710/2000/811 983/1999/810 986/1555/524
f 992/1997/808 817/1540/512 818/1539/511 993/1998/809
f 989/2005/815 819/1543/515 817/1540/512 992/1997/808
f 993/2003/809 818/1546/511 815/1545/517 990/2004/814
f 820/1536/508 994/2001/812 990/2004/814 815/1545/517
f 819/1543/515 989/2005/815 991/2002/813 816/1535/507
f 991/2002/813 989/2005/815 983/1999/810 985/1780/668
f 1046/2006/816 664/2007/817 660/2008/818 1042/2009/819
f 659/2010/820 661/2011/821 1044/2012/822 1045/2013/823
f 868/1792/678 1000/1821/703 996/1825/707 864/1786/673
f 863/1789/676 995/1824/706 997/1820/702 865/1791/677
f 1016/2014/824 1015/2015/825 1009/2016/826 1010/2017/827
f 1003/2018/828 1005/2019/829 1015/2015/825 1016/2014/824
f 1015/2015/825 1018/2020/830 1012/2021/831 1009/2016/826
f 1017/2022/832 1016/2014/824 1010/2017/827 1011/2023/833
f 1022/2024/834 1021/2025/835 1008/2026/836 1002/2027/837
f 1001/2028/838 1017/2029/832 1018/2020/830 1006/2030/839
f 663/2031/840 664/2007/817 1046/2006/816 1043/2032/841
f 1023/2033/842 1022/2024/834 1002/2027/837 1019/2034/843
f 1021/2025/835 1024/2035/844 1020/2036/845 1008/2026/836
f 1001/2037/838 1003/2018/828 1016/2014/824 1017/2022/832
f 1005/2019/829 1006/2030/839 1018/2020/830 1015/2015/825
f 1013/2038/846 1023/2039/842 1024/2035/844 1014/2040/847
f 1007/2041/848 1004/2042/849 1021/2025/835 1022/2024/834
f 1001/2043/850 1006/2044/851 1005/2045/852 1003/2046/853
f 1012/2021/831 1018/2020/830 1017/2029/832 1011/2047/833
f 1013/2048/846 1007/2041/848 1022/2024/834 1023/2033/842
f 1004/2042/849 1014/2040/847 1024/2035/844 1021/2025/835
f 1013/2049/854 1014/2050/855 1004/2051/856 1007/2052/857
f 1020/2036/845 1024/2035/844 1023/2039/842 1019/2053/843
f 1027/2054/858 1031/2055/859 1032/2056/860 1028/2057/861
f 1026/2058/862 1025/2059/863 1029/2060/864 1030/2061/865
f 1027/2062/858 1026/2058/862 1030/2061/865 1031/2063/859
f 1025/2059/863 1028/2057/861 1032/2056/860 1029/2060/864
f 1027/2064/866 1028/2065/867 1025/2066/868 1026/2067/869
f 1038/2068/870 1037/2069/871 1034/2070/872 1033/2071/873
f 1039/2072/874 1038/2068/870 1033/2071/873 1035/2073/875
f 1037/2069/871 1040/2074/876 1036/2075/877 1034/2070/872
f 1040/2076/878 1037/2077/879 1038/2078/880 1039/2079/881
f 1036/2075/877 1040/2074/876 1039/2080/874 1035/2081/875
f 1046/2006/816 1000/1821/703 997/1820/702 1043/2032/841
f 660/2008/818 659/2082/820 1045/2083/823 1042/2009/819
f 1041/2084/882 662/2085/883 663/2031/840 1043/2032/841
f 1044/2012/822 998/1823/705 999/1822/704 1045/2013/823
f 1041/2084/882 995/1824/706 998/1823/705 1044/2012/822
f 1045/2083/823 999/1826/704 996/1825/707 1042/2009/819
f 1000/1821/703 1046/2006/816 1042/2009/819 996/1825/707
f 995/1824/706 1041/2084/882 1043/2032/841 997/1820/702
f 661/2011/821 662/2085/883 1041/2084/882 1044/2012/822
f 1060/2086/884 1064/2087/885 1058/2088/886 1057/2089/887
f 1062/2090/888 1061/2091/889 1055/2092/890 1053/2093/891
f 1061/2091/889 1063/2094/892 1056/2095/893 1055/2092/890
f 1059/2096/894 1062/2097/888 1053/2098/891 1054/2099/895
f 1068/2100/896 1069/2101/897 1071/2102/898 1074/2103/899
f 1047/2104/900 1048/2105/900 1052/2106/900 1051/2107/900 1050/2108/900 1049/2109/900
f 1054/2110/901 1053/2111/901 1055/2112/901 1056/2113/901 1057/2114/901 1058/2115/901
f 1058/2088/886 1064/2087/885 1059/2096/894 1054/2099/895
f 1056/2095/893 1063/2094/892 1060/2086/884 1057/2089/887
f 1089/2116/902 1090/2117/903 1052/2118/904 1048/2119/905
f 1072/2120/906 1076/2121/907 1065/2122/908 1066/2123/909
f 1076/2121/907 1073/2124/910 1070/2125/911 1065/2122/908
f 1088/2126/912 1085/2127/913 1047/2128/914 1049/2129/915
f 1076/2121/907 1064/2087/885 1060/2086/884 1073/2124/910
f 1088/2126/912 1087/2130/916 1069/2101/897 1068/2100/896
f 1074/2103/899 1075/2131/917 1067/2132/918 1068/2100/896
f 1073/2124/910 1071/2102/898 1069/2101/897 1070/2125/911
f 1086/2133/919 1087/2130/916 1050/2134/920 1051/2135/921
f 1085/2136/913 1089/2116/902 1048/2119/905 1047/2137/914
f 1074/2103/899 1061/2091/889 1062/2090/888 1075/2131/917
f 1071/2102/898 1063/2094/892 1061/2091/889 1074/2103/899
f 1075/2138/917 1062/2097/888 1059/2096/894 1072/2120/906
f 1064/2087/885 1076/2121/907 1072/2120/906 1059/2096/894
f 1063/2094/892 1071/2102/898 1073/2124/910 1060/2086/884
f 1075/2138/917 1072/2120/906 1066/2123/909 1067/2139/918
f 1082/2140/922 1081/2141/923 1078/2142/924 1077/2143/925
f 1083/2144/926 1082/2140/922 1077/2143/925 1079/2145/927
f 1081/2141/923 1084/2146/928 1080/2147/929 1078/2142/924
f 1084/2148/930 1081/2149/931 1082/2150/932 1083/2151/933
f 1080/2147/929 1084/2146/928 1083/2152/926 1079/2153/927
f 1086/2133/919 1051/2135/921 1052/2118/904 1090/2117/903
f 1070/2125/911 1086/2133/919 1090/2117/903 1065/2122/908
f 1067/2139/918 1066/2123/909 1089/2116/902 1085/2136/913
f 1070/2125/911 1069/2101/897 1087/2130/916 1086/2133/919
f 1049/2129/915 1050/2134/920 1087/2130/916 1088/2126/912
f 1068/2100/896 1067/2132/918 1085/2127/913 1088/2126/912
f 1066/2123/909 1065/2122/908 1090/2117/903 1089/2116/902
f 1200/2154/934 1101/2155/935 1102/2156/936 1204/2157/937
f 1202/2158/938 1097/2159/939 1099/2160/940 1201/2161/941
f 1201/2161/941 1099/2160/940 1100/2162/942 1203/2163/943
f 1199/2164/944 1098/2165/945 1097/2166/939 1202/2167/938
f 1203/2163/943 1200/2154/934 1095/2168/946 1094/2169/947
f 1204/2157/937 1199/2164/944 1092/2170/948 1096/2171/949
f 1091/2172/950 1093/2173/950 1094/2174/950 1095/2175/950 1096/2176/950 1092/2177/950
f 1098/2178/951 1102/2179/951 1101/2180/951 1100/2181/951 1099/2182/951 1097/2183/951
f 1182/2184/952 1113/2185/953 1114/2186/954 1186/2187/955
f 1184/2188/956 1109/2189/957 1111/2190/958 1183/2191/959
f 1183/2191/959 1111/2190/958 1112/2192/960 1185/2193/961
f 1181/2194/962 1110/2195/963 1109/2196/957 1184/2197/956
f 1185/2193/961 1182/2184/952 1107/2198/964 1106/2199/965
f 1186/2187/955 1181/2194/962 1104/2200/966 1108/2201/967
f 1103/2202/968 1105/2203/968 1106/2204/968 1107/2205/968 1108/2206/968 1104/2207/968
f 1110/2208/969 1114/2209/969 1113/2210/969 1112/2211/969 1111/2212/969 1109/2213/969
f 1188/2214/970 1125/2215/971 1126/2216/972 1192/2217/973
f 1190/2218/974 1121/2219/975 1123/2220/976 1189/2221/977
f 1189/2221/977 1123/2220/976 1124/2222/978 1191/2223/979
f 1187/2224/980 1122/2225/981 1121/2226/975 1190/2227/974
f 1191/2223/979 1188/2214/970 1119/2228/982 1118/2229/983
f 1192/2217/973 1187/2224/980 1116/2230/984 1120/2231/985
f 1115/2232/986 1117/2233/986 1118/2234/986 1119/2235/986 1120/2236/986 1116/2237/986
f 1122/2238/987 1126/2239/987 1125/2240/987 1124/2241/987 1123/2242/987 1121/2243/987
f 1194/2244/988 1137/2245/989 1138/2246/990 1198/2247/991
f 1196/2248/992 1133/2249/993 1135/2250/994 1195/2251/995
f 1195/2251/995 1135/2250/994 1136/2252/996 1197/2253/997
f 1193/2254/998 1134/2255/999 1133/2256/993 1196/2257/992
f 1197/2253/997 1194/2244/988 1131/2258/1000 1130/2259/1001
f 1198/2247/991 1193/2254/998 1128/2260/1002 1132/2261/1003
f 1127/2262/1004 1129/2263/1004 1130/2264/1004 1131/2265/1004 1132/2266/1004 1128/2267/1004
f 1134/2268/1005 1138/2269/1005 1137/2270/1005 1136/2271/1005 1135/2272/1005 1133/2273/1005
f 1206/2274/1006 1149/2275/1007 1150/2276/1008 1210/2277/1009
f 1208/2278/1010 1145/2279/1011 1147/2280/1012 1207/2281/1013
f 1207/2281/1013 1147/2280/1012 1148/2282/1014 1209/2283/1015
f 1205/2284/1016 1146/2285/1017 1145/2286/1011 1208/2287/1010
f 1209/2283/1015 1206/2274/1006 1143/2288/1018 1142/2289/1019
f 1210/2277/1009 1205/2284/1016 1140/2290/1020 1144/2291/1021
f 1139/2292/1022 1141/2293/1022 1142/2294/1022 1143/2295/1022 1144/2296/1022 1140/2297/1022
f 1146/2298/1023 1150/2299/1023 1149/2300/1023 1148/2301/1023 1147/2302/1023 1145/2303/1023
f 1212/2304/1024 1161/2305/1025 1162/2306/1026 1216/2307/1027
f 1214/2308/1028 1157/2309/1029 1159/2310/1030 1213/2311/1031
f 1213/2311/1031 1159/2310/1030 1160/2312/1032 1215/2313/1033
f 1211/2314/1034 1158/2315/1035 1157/2316/1029 1214/2317/1028
f 1249/2318/1036 1247/2319/1037 1215/2313/1033 1212/2304/1024
f 1152/2320/1038 1248/2321/1039 1251/2322/1040 1151/2323/1041
f 1151/2324/1042 1153/2325/1042 1154/2326/1042 1155/2327/1042 1156/2328/1042 1152/2329/1042
f 1158/2330/1043 1162/2331/1043 1161/2332/1043 1160/2333/1043 1159/2334/1043 1157/2335/1043
f 1242/2336/1044 1176/2337/1045 1180/2338/1046 1246/2339/1047
f 1243/2340/1048 1179/2341/1049 1178/2342/1050 1241/2343/1051
f 1218/2344/1052 1173/2345/1053 1174/2346/1054 1222/2347/1055
f 1220/2348/1056 1169/2349/1057 1171/2350/1058 1219/2351/1059
f 1219/2351/1059 1171/2350/1058 1172/2352/1060 1221/2353/1061
f 1217/2354/1062 1170/2355/1063 1169/2356/1057 1220/2357/1056
f 1223/2358/1064 1225/2359/1065 1167/2360/1066 1166/2361/1067
f 1228/2362/1068 1224/2363/1069 1164/2364/1070 1168/2365/1071
f 1163/2366/1072 1165/2367/1072 1166/2368/1072 1167/2369/1072 1168/2370/1072 1164/2371/1072
f 1170/2372/1073 1174/2373/1073 1173/2374/1073 1172/2375/1073 1171/2376/1073 1169/2377/1073
f 1175/2378/1074 1177/2379/1074 1178/2380/1074 1179/2381/1074 1180/2382/1074 1176/2383/1074
f 1114/2186/954 1110/2195/963 1181/2194/962 1186/2187/955
f 1112/2192/960 1113/2185/953 1182/2184/952 1185/2193/961
f 1104/2200/966 1181/2194/962 1184/2197/956 1103/2384/1075
f 1105/2385/1076 1183/2191/959 1185/2193/961 1106/2199/965
f 1103/2386/1075 1184/2188/956 1183/2191/959 1105/2385/1076
f 1107/2198/964 1182/2184/952 1186/2187/955 1108/2201/967
f 1126/2216/972 1122/2225/981 1187/2224/980 1192/2217/973
f 1124/2222/978 1125/2215/971 1188/2214/970 1191/2223/979
f 1116/2230/984 1187/2224/980 1190/2227/974 1115/2387/1077
f 1117/2388/1078 1189/2221/977 1191/2223/979 1118/2229/983
f 1115/2389/1077 1190/2218/974 1189/2221/977 1117/2388/1078
f 1119/2228/982 1188/2214/970 1192/2217/973 1120/2231/985
f 1138/2246/990 1134/2255/999 1193/2254/998 1198/2247/991
f 1136/2252/996 1137/2245/989 1194/2244/988 1197/2253/997
f 1128/2260/1002 1193/2254/998 1196/2257/992 1127/2390/1079
f 1129/2391/1080 1195/2251/995 1197/2253/997 1130/2259/1001
f 1127/2392/1079 1196/2248/992 1195/2251/995 1129/2391/1080
f 1131/2258/1000 1194/2244/988 1198/2247/991 1132/2261/1003
f 1102/2156/936 1098/2165/945 1199/2164/944 1204/2157/937
f 1100/2162/942 1101/2155/935 1200/2154/934 1203/2163/943
f 1092/2170/948 1199/2164/944 1202/2167/938 1091/2393/1081
f 1093/2394/1082 1201/2161/941 1203/2163/943 1094/2169/947
f 1091/2395/1081 1202/2158/938 1201/2161/941 1093/2394/1082
f 1095/2168/946 1200/2154/934 1204/2157/937 1096/2171/949
f 1150/2276/1008 1146/2285/1017 1205/2284/1016 1210/2277/1009
f 1148/2282/1014 1149/2275/1007 1206/2274/1006 1209/2283/1015
f 1140/2290/1020 1205/2284/1016 1208/2287/1010 1139/2396/1083
f 1141/2397/1084 1207/2281/1013 1209/2283/1015 1142/2289/1019
f 1139/2398/1083 1208/2278/1010 1207/2281/1013 1141/2397/1084
f 1143/2288/1018 1206/2274/1006 1210/2277/1009 1144/2291/1021
f 1162/2306/1026 1158/2315/1035 1211/2314/1034 1216/2307/1027
f 1160/2312/1032 1161/2305/1025 1212/2304/1024 1215/2313/1033
f 1252/2399/1085 1248/2321/1039 1152/2320/1038 1156/2400/1086
f 1247/2319/1037 1249/2318/1036 1155/2401/1087 1154/2402/1088
f 1151/2403/1041 1251/2404/1040 1250/2405/1089 1153/2406/1090
f 1155/2401/1087 1249/2318/1036 1252/2399/1085 1156/2400/1086
f 1174/2346/1054 1170/2355/1063 1217/2354/1062 1222/2347/1055
f 1172/2352/1060 1173/2345/1053 1218/2344/1052 1221/2353/1061
f 1224/2363/1069 1217/2354/1062 1220/2357/1056 1227/2407/1091
f 1226/2408/1092 1219/2351/1059 1221/2353/1061 1223/2358/1064
f 1227/2409/1091 1220/2348/1056 1219/2351/1059 1226/2408/1092
f 1225/2359/1065 1218/2344/1052 1222/2347/1055 1228/2362/1068
f 1167/2360/1066 1225/2359/1065 1228/2362/1068 1168/2365/1071
f 1163/2410/1093 1227/2409/1091 1226/2408/1092 1165/2411/1094
f 1165/2411/1094 1226/2408/1092 1223/2358/1064 1166/2361/1067
f 1164/2364/1070 1224/2363/1069 1227/2407/1091 1163/2412/1093
f 1222/2347/1055 1217/2354/1062 1224/2363/1069 1228/2362/1068
f 1221/2353/1061 1218/2344/1052 1225/2359/1065 1223/2358/1064
f 1236/2413/1095 1229/2414/1096 1232/2415/1097 1239/2416/1098
f 1237/2417/1099 1230/2418/1100 1234/2419/1101 1240/2420/1102
f 1239/2421/1098 1232/2422/1097 1231/2423/1103 1238/2424/1104
f 1238/2424/1104 1231/2423/1103 1233/2425/1105 1235/2426/1106
f 1244/2427/1107 1238/2424/1104 1235/2426/1106 1241/2343/1051
f 1245/2428/1108 1239/2421/1098 1238/2424/1104 1244/2427/1107
f 1243/2340/1048 1237/2417/1099 1240/2420/1102 1246/2339/1047
f 1242/2336/1044 1236/2413/1095 1239/2416/1098 1245/2429/1108
f 1230/2418/1100 1237/2417/1099 1235/2426/1106 1233/2425/1105
f 1229/2414/1096 1236/2413/1095 1240/2420/1102 1234/2419/1101
f 1176/2337/1045 1242/2336/1044 1245/2429/1108 1175/2430/1109
f 1179/2341/1049 1243/2340/1048 1246/2339/1047 1180/2338/1046
f 1175/2431/1109 1245/2428/1108 1244/2427/1107 1177/2432/1110
f 1177/2432/1110 1244/2427/1107 1241/2343/1051 1178/2342/1050
f 1237/2417/1099 1243/2340/1048 1241/2343/1051 1235/2426/1106
f 1236/2413/1095 1242/2336/1044 1246/2339/1047 1240/2420/1102
f 1247/2319/1037 1250/2405/1089 1213/2311/1031 1215/2313/1033
f 1250/2405/1089 1251/2404/1040 1214/2308/1028 1213/2311/1031
f 1248/2321/1039 1252/2399/1085 1216/2307/1027 1211/2314/1034
f 1251/2322/1040 1248/2321/1039 1211/2314/1034 1214/2317/1028
f 1153/2406/1090 1250/2405/1089 1247/2319/1037 1154/2402/1088
f 1252/2399/1085 1249/2318/1036 1212/2304/1024 1216/2307/1027
f 1262/2433/1111 1261/2434/1112 1256/2435/1113 1253/2436/1114
f 1263/2437/1115 1262/2433/1111 1253/2436/1114 1259/2438/1116
f 1261/2434/1112 1264/2439/1117 1260/2440/1118 1256/2435/1113
f 1257/2441/1119 1263/2442/1115 1264/2439/1117 1258/2443/1120
f 1255/2444/1121 1254/2445/1122 1261/2434/1112 1262/2433/1111
f 1257/2446/1119 1255/2444/1121 1262/2433/1111 1263/2437/1115
f 1254/2445/1122 1258/2443/1120 1264/2439/1117 1261/2434/1112
f 1257/2447/1123 1258/2448/1124 1254/2449/1125 1255/2450/1126
f 1260/2440/1118 1264/2439/1117 1263/2442/1115 1259/2451/1116
f 778/1814/698 1269/1690/602 1265/1810/695 774/1813/697
f 1266/1691/603 1270/1684/596 861/1695/607 858/1692/604
f 609/1321/395 610/1324/398 1276/1323/397 1273/1322/396
f 605/2452/1127 607/2453/1128 1274/1772/662 1275/1773/661
f 607/2453/1128 608/1320/394 1271/1319/393 1274/1772/662
f 606/1325/399 605/2454/1127 1275/1771/661 1272/1326/400
f 808/1306/382 1276/1323/397 1272/1326/400 803/1315/391
f 807/1313/389 1271/1319/393 1273/1322/396 804/1305/381
f 791/2455/1129 793/2456/1130 794/2457/1131 795/2458/1132 796/2459/1133 792/2460/1134
f 842/2461/1135 841/2462/1136 843/2463/1137 840/2464/1138 844/2465/1139 839/2466/1140
f 1232/2467/1141 1229/2468/1142 1234/2469/1143 1230/2470/1144 1233/2471/1145 1231/2472/1146
f 1279/2473/1147 1280/2474/1147 1278/2475/1147 1277/2476/1147
f 1277/2477/1148 1278/2475/1148 1328/2478/1148 1327/2479/1148
f 1280/2474/1149 1329/2480/1149 1328/2478/1149 1278/2475/1149
f 1283/2481/1150 1284/2482/1150 1282/2483/1150 1281/2484/1150
f 1281/2485/1151 1282/2483/1151 1337/2486/1151 1332/2487/1151
f 1284/2482/1152 1338/2488/1152 1337/2486/1152 1282/2483/1152
f 1287/2489/1153 1288/2490/1153 1286/2491/1153 1285/2492/1153
f 1285/2493/1154 1286/2491/1154 1335/2494/1154 1334/2495/1154
f 1288/2490/1155 1333/2496/1155 1335/2494/1155 1286/2491/1155
f 1291/2497/1156 1292/2498/1156 1290/2499/1156 1289/2500/1156
f 1289/2501/1157 1290/2499/1157 1323/2502/1157 1316/2503/1157
f 1292/2498/1158 1314/2504/1158 1323/2502/1158 1290/2499/1158
f 1305/2505/1159 1306/2506/1160 1296/2507/1161 1295/2508/1161
f 1295/2509/1162 1296/2507/1162 1294/2510/1162 1293/2511/1162
f 1307/2512/1163 1308/2513/1164 1325/2514/1165 1326/2515/1165
f 1305/2516/1166 1295/2517/1167 1293/2518/1167 1307/2519/1168
f 1306/2506/1169 1321/2520/1170 1309/2521/1170 1325/2514/1170 1308/2513/1171
f 1299/2522/1172 1300/2523/1172 1298/2524/1172 1297/2525/1172
f 1297/2526/1173 1298/2524/1173 1313/2527/1173 1311/2528/1173
f 1300/2523/1174 1324/2529/1174 1313/2527/1174 1298/2524/1174
f 1303/2530/1175 1304/2531/1175 1302/2532/1175 1301/2533/1175
f 1301/2534/1176 1302/2532/1176 1318/2535/1176 1317/2536/1176
f 1304/2531/1177 1319/2537/1177 1318/2535/1177 1302/2532/1177
f 1296/2507/1178 1306/2506/1169 1308/2513/1171 1294/2510/1178
f 1293/2538/1179 1294/2510/1179 1308/2513/1164 1307/2512/1163
f 1317/2539/1180 1320/2540/1180 1303/2541/1180 1301/2542/1180
f 1334/2543/1181 1336/2544/1181 1287/2545/1181 1285/2546/1181
f 1330/2547/1182 1329/2480/1182 1280/2474/1182 1279/2548/1182
f 1327/2549/1183 1330/2550/1183 1279/2551/1183 1277/2552/1183
f 1320/2553/1184 1319/2537/1184 1304/2531/1184 1303/2554/1184
f 1312/2555/1185 1324/2529/1185 1300/2523/1185 1299/2556/1185
f 1311/2557/1186 1312/2558/1186 1299/2559/1186 1297/2560/1186
f 1322/2561/1187 1321/2520/1187 1306/2506/1160 1305/2505/1159
f 1315/2562/1188 1314/2504/1188 1292/2498/1188 1291/2563/1188
f 1332/2564/1189 1331/2565/1189 1283/2566/1189 1281/2567/1189
f 1326/2568/1190 1310/2569/1190 1322/2570/1190 1305/2516/1166 1307/2519/1168
f 1316/2571/1191 1315/2572/1191 1291/2573/1191 1289/2574/1191
f 1331/2575/1192 1338/2488/1192 1284/2482/1192 1283/2576/1192
f 1336/2577/1193 1333/2496/1193 1288/2490/1193 1287/2578/1193
f 1341/2579/1194 1342/2580/1194 1340/2581/1194 1339/2582/1194
f 1339/2583/1195 1340/2581/1195 1367/2584/1195 1363/2585/1195
f 1342/2580/1196 1370/2586/1196 1367/2584/1196 1340/2581/1196
f 1345/2587/1197 1346/2588/1197 1344/2589/1197 1343/2590/1197
f 1343/2591/1198 1344/2589/1198 1357/2592/1198 1356/2593/1198
f 1346/2588/1199 1358/2594/1199 1357/2592/1199 1344/2589/1199
f 1349/2595/1200 1350/2596/1200 1348/2597/1200 1347/2598/1200
f 1347/2599/1201 1348/2597/1201 1364/2600/1201 1366/2601/1201
f 1350/2596/1202 1369/2602/1202 1364/2600/1202 1348/2597/1202
f 1353/2603/1203 1354/2604/1203 1352/2605/1203 1351/2606/1203
f 1351/2607/1204 1352/2605/1204 1361/2608/1204 1359/2609/1204
f 1354/2604/1205 1360/2610/1205 1361/2608/1205 1352/2605/1205
f 1363/2611/1206 1368/2612/1206 1341/2613/1206 1339/2614/1206
f 1362/2615/1207 1360/2610/1207 1354/2604/1207 1353/2616/1207
f 1355/2617/1208 1358/2594/1208 1346/2588/1208 1345/2618/1208
f 1365/2619/1209 1369/2602/1209 1350/2596/1209 1349/2620/1209
f 1356/2621/1210 1355/2622/1210 1345/2623/1210 1343/2624/1210
f 1368/2625/1211 1370/2586/1211 1342/2580/1211 1341/2626/1211
f 1359/2627/1212 1362/2628/1212 1353/2629/1212 1351/2630/1212
f 1366/2631/1213 1365/2632/1213 1349/2633/1213 1347/2634/1213
f 1373/2635/1147 1374/2636/1147 1372/2637/1147 1371/2638/1147
f 1371/2639/1148 1372/2637/1148 1422/2640/1148 1421/2641/1148
f 1374/2636/1149 1423/2642/1149 1422/2640/1149 1372/2637/1149
f 1377/2643/1150 1378/2644/1150 1376/2645/1150 1375/2646/1150
f 1375/2647/1151 1376/2645/1151 1431/2648/1151 1426/2649/1151
f 1378/2644/1152 1432/2650/1152 1431/2648/1152 1376/2645/1152
f 1381/2651/1153 1382/2652/1153 1380/2653/1153 1379/2654/1153
f 1379/2655/1154 1380/2653/1154 1429/2656/1154 1428/2657/1154
f 1382/2652/1155 1427/2658/1155 1429/2656/1155 1380/2653/1155
f 1385/2659/1156 1386/2660/1156 1384/2661/1156 1383/2662/1156
f 1383/2663/1157 1384/2661/1157 1417/2664/1157 1410/2665/1157
f 1386/2660/1158 1408/2666/1158 1417/2664/1158 1384/2661/1158
f 1399/2667/1214 1400/2668/1215 1390/2669/1216 1389/2670/1216
f 1389/2671/1162 1390/2669/1162 1388/2672/1162 1387/2673/1162
f 1401/2674/1217 1402/2675/1218 1419/2676/1219 1420/2677/1219
f 1399/2678/1220 1389/2679/1221 1387/2680/1221 1401/2681/1222
f 1400/2668/1223 1415/2682/1224 1403/2683/1224 1419/2676/1224 1402/2675/1225
f 1393/2684/1172 1394/2685/1172 1392/2686/1172 1391/2687/1172
f 1391/2688/1173 1392/2686/1173 1407/2689/1173 1405/2690/1173
f 1394/2685/1174 1418/2691/1174 1407/2689/1174 1392/2686/1174
f 1397/2692/1175 1398/2693/1175 1396/2694/1175 1395/2695/1175
f 1395/2696/1176 1396/2694/1176 1412/2697/1176 1411/2698/1176
f 1398/2693/1177 1413/2699/1177 1412/2697/1177 1396/2694/1177
f 1390/2669/1226 1400/2668/1223 1402/2675/1225 1388/2672/1226
f 1387/2700/1227 1388/2672/1227 1402/2675/1218 1401/2674/1217
f 1411/2701/1180 1414/2702/1180 1397/2703/1180 1395/2704/1180
f 1428/2705/1181 1430/2706/1181 1381/2707/1181 1379/2708/1181
f 1424/2709/1182 1423/2642/1182 1374/2636/1182 1373/2710/1182
f 1421/2711/1183 1424/2712/1183 1373/2713/1183 1371/2714/1183
f 1414/2715/1184 1413/2699/1184 1398/2693/1184 1397/2716/1184
f 1406/2717/1185 1418/2691/1185 1394/2685/1185 1393/2718/1185
f 1405/2719/1186 1406/2720/1186 1393/2721/1186 1391/2722/1186
f 1416/2723/1228 1415/2682/1228 1400/2668/1215 1399/2667/1214
f 1409/2724/1188 1408/2666/1188 1386/2660/1188 1385/2725/1188
f 1426/2726/1189 1425/2727/1189 1377/2728/1189 1375/2729/1189
f 1420/2730/1229 1404/2731/1229 1416/2732/1229 1399/2678/1220 1401/2681/1222
f 1410/2733/1191 1409/2734/1191 1385/2735/1191 1383/2736/1191
f 1425/2737/1192 1432/2650/1192 1378/2644/1192 1377/2738/1192
f 1430/2739/1193 1427/2658/1193 1382/2652/1193 1381/2740/1193
f 1435/2741/1194 1436/2742/1194 1434/2743/1194 1433/2744/1194
f 1433/2745/1195 1434/2743/1195 1461/2746/1195 1457/2747/1195
f 1436/2742/1196 1464/2748/1196 1461/2746/1196 1434/2743/1196
f 1439/2749/1197 1440/2750/1197 1438/2751/1197 1437/2752/1197
f 1437/2753/1198 1438/2751/1198 1451/2754/1198 1450/2755/1198
f 1440/2750/1199 1452/2756/1199 1451/2754/1199 1438/2751/1199
f 1443/2757/1200 1444/2758/1200 1442/2759/1200 1441/2760/1200
f 1441/2761/1230 1442/2759/1230 1458/2762/1230 1460/2763/1230
f 1444/2758/1231 1463/2764/1231 1458/2762/1231 1442/2759/1231
f 1447/2765/1203 1448/2766/1203 1446/2767/1203 1445/2768/1203
f 1445/2769/1204 1446/2767/1204 1455/2770/1204 1453/2771/1204
f 1448/2766/1205 1454/2772/1205 1455/2770/1205 1446/2767/1205
f 1457/2773/1206 1462/2774/1206 1435/2775/1206 1433/2776/1206
f 1456/2777/1207 1454/2772/1207 1448/2766/1207 1447/2778/1207
f 1449/2779/1208 1452/2756/1208 1440/2750/1208 1439/2780/1208
f 1459/2781/1232 1463/2764/1232 1444/2758/1232 1443/2782/1232
f 1450/2783/1210 1449/2784/1210 1439/2785/1210 1437/2786/1210
f 1462/2787/1211 1464/2748/1211 1436/2742/1211 1435/2788/1211
f 1453/2789/1212 1456/2790/1212 1447/2791/1212 1445/2792/1212
f 1460/2793/1233 1459/2794/1233 1443/2795/1233 1441/2796/1233
f 1465/2797/1234 1466/2798/1234 1468/2799/1234 1467/2800/1234
f 1467/2801/1235 1468/2799/1235 1472/2802/1235 1471/2803/1235
f 1471/2804/1236 1472/2802/1236 1470/2805/1236 1469/2806/1236
f 1469/2807/1237 1470/2805/1237 1466/2798/1237 1465/2808/1237
f 1467/2809/1238 1471/2810/1238 1469/2811/1238 1465/2812/1238
f 1472/2802/1239 1468/2799/1239 1466/2798/1239 1470/2805/1239
f 1473/2813/1240 1474/2814/1240 1476/2815/1240 1475/2816/1240
f 1475/2817/1241 1476/2815/1241 1480/2818/1241 1479/2819/1241
f 1479/2820/1242 1480/2818/1242 1478/2821/1242 1477/2822/1242
f 1477/2823/1243 1478/2821/1243 1474/2814/1243 1473/2824/1243
f 1475/2825/1244 1479/2826/1244 1477/2827/1244 1473/2828/1244
f 1480/2818/1245 1476/2815/1245 1474/2814/1245 1478/2821/1245
f 1481/2829/1246 1482/2830/1246 1484/2831/1246 1483/2832/1246
f 1483/2833/1235 1484/2831/1235 1488/2834/1235 1487/2835/1235
f 1487/2836/1247 1488/2834/1247 1486/2837/1247 1485/2838/1247
f 1485/2839/1237 1486/2837/1237 1482/2830/1237 1481/2840/1237
f 1483/2841/1238 1487/2842/1238 1485/2843/1238 1481/2844/1238
f 1488/2834/1239 1484/2831/1239 1482/2830/1239 1486/2837/1239
f 1489/2845/1248 1490/2846/1248 1492/2847/1248 1491/2848/1248
f 1491/2849/1241 1492/2847/1241 1496/2850/1241 1495/2851/1241
f 1495/2852/1249 1496/2850/1249 1494/2853/1249 1493/2854/1249
f 1493/2855/1250 1494/2853/1250 1490/2846/1250 1489/2856/1250
f 1491/2857/1244 1495/2858/1244 1493/2859/1244 1489/2860/1244
f 1496/2850/1245 1492/2847/1245 1490/2846/1245 1494/2853/1245
f 1497/2861/1251 1498/2862/1251 1500/2863/1251 1499/2864/1251
f 1499/2865/1252 1500/2863/1252 1504/2866/1252 1503/2867/1252
f 1503/2868/1253 1504/2866/1253 1502/2869/1253 1501/2870/1253
f 1501/2871/1254 1502/2869/1254 1498/2862/1254 1497/2872/1254
f 1499/2873/1255 1503/2874/1255 1501/2875/1255 1497/2876/1255
f 1504/2866/1256 1500/2863/1256 1498/2862/1256 1502/2869/1256
f 1505/2877/1257 1506/2878/1257 1508/2879/1257 1507/2880/1257
f 1507/2881/1258 1508/2879/1258 1512/2882/1258 1511/2883/1258
f 1511/2884/1259 1512/2882/1259 1510/2885/1259 1509/2886/1259
f 1509/2887/1260 1510/2885/1260 1506/2878/1260 1505/2888/1260
f 1507/2889/1261 1511/2890/1261 1509/2891/1261 1505/2892/1261
f 1512/2882/1262 1508/2879/1262 1506/2878/1262 1510/2885/1262
f 1513/2893/1263 1514/2894/1263 1516/2895/1263 1515/2896/1263
f 1519/2897/1264 1520/2898/1264 1518/2899/1264 1517/2900/1264
f 1515/2901/1265 1516/2902/1265 1520/2903/1265 1519/2904/1265
f 1517/2905/1266 1518/2906/1266 1514/2907/1266 1513/2908/1266
f 1515/2909/1267 1519/2910/1267 1517/2911/1267 1513/2912/1267
f 1520/2903/1268 1516/2902/1268 1514/2907/1268 1518/2906/1268
f 1521/2913/1263 1522/2914/1263 1524/2915/1263 1523/2916/1263
f 1523/2917/1269 1524/2915/1269 1528/2918/1269 1527/2919/1269
f 1527/2920/1270 1528/2918/1270 1526/2921/1270 1525/2922/1270
f 1525/2923/1271 1526/2921/1271 1522/2914/1271 1521/2924/1271
f 1523/2925/1272 1527/2926/1272 1525/2927/1272 1521/2928/1272
f 1528/2918/1273 1524/2915/1273 1522/2914/1273 1526/2921/1273
f 1529/2929/1263 1530/2930/1263 1532/2931/1263 1531/2932/1263
f 1535/2933/1264 1536/2934/1264 1534/2935/1264 1533/2936/1264
f 1531/2937/1265 1532/2931/1265 1536/2934/1265 1535/2938/1265
f 1533/2939/1266 1534/2935/1266 1530/2930/1266 1529/2940/1266
f 1531/2941/1267 1535/2942/1267 1533/2943/1267 1529/2944/1267
f 1536/2934/1268 1532/2931/1268 1530/2930/1268 1534/2935/1268
f 1537/2945/1263 1538/2946/1263 1540/2947/1263 1539/2948/1263
f 1539/2949/1269 1540/2947/1269 1544/2950/1269 1543/2951/1269
f 1543/2952/1270 1544/2950/1270 1542/2953/1270 1541/2954/1270
f 1541/2955/1271 1542/2953/1271 1538/2946/1271 1537/2956/1271
f 1539/2957/1272 1543/2958/1272 1541/2959/1272 1537/2960/1272
f 1544/2950/1273 1540/2947/1273 1538/2946/1273 1542/2953/1273
f 1545/2961/1274 1546/2962/1274 1548/2963/1274 1547/2964/1274
f 1547/2965/1275 1548/2963/1275 1552/2966/1275 1551/2967/1275
f 1551/2968/1276 1552/2966/1276 1550/2969/1276 1549/2970/1276
f 1549/2971/1277 1550/2969/1277 1546/2962/1277 1545/2972/1277
f 1547/2973/1278 1551/2974/1278 1549/2975/1278 1545/2976/1278
f 1552/2966/1279 1548/2963/1279 1546/2962/1279 1550/2969/1279
f 1553/2977/1280 1554/2978/1280 1556/2979/1280 1555/2980/1280
f 1555/2981/1281 1556/2979/1281 1560/2982/1281 1559/2983/1281
f 1559/2984/1282 1560/2982/1282 1558/2985/1282 1557/2986/1282
f 1557/2987/1283 1558/2985/1283 1554/2978/1283 1553/2988/1283
f 1555/2989/1284 1559/2990/1284 1557/2991/1284 1553/2992/1284
f 1560/2982/1285 1556/2979/1285 1554/2978/1285 1558/2985/1285
f 1561/2993/1286 1562/2994/1286 1564/2995/1286 1563/2996/1286
f 1563/2997/1287 1564/2995/1287 1568/2998/1287 1567/2999/1287
f 1567/3000/1288 1568/2998/1288 1566/3001/1288 1565/3002/1288
f 1565/3003/1289 1566/3001/1289 1562/2994/1289 1561/3004/1289
f 1563/3005/1290 1567/3006/1290 1565/3007/1290 1561/3008/1290
f 1568/2998/1291 1564/2995/1291 1562/2994/1291 1566/3001/1291
f 1569/3009/1292 1570/3010/1292 1572/3011/1292 1571/3012/1292
f 1571/3013/1293 1572/3011/1293 1576/3014/1293 1575/3015/1293
f 1575/3016/1294 1576/3014/1294 1574/3017/1294 1573/3018/1294
f 1573/3019/1295 1574/3017/1295 1570/3010/1295 1569/3020/1295
f 1571/3021/1296 1575/3022/1296 1573/3023/1296 1569/3024/1296
f 1576/3014/1297 1572/3011/1297 1570/3010/1297 1574/3017/1297
f 1577/3025/1298 1578/3026/1298 1580/3027/1298 1579/3028/1298
f 1579/3029/1299 1580/3027/1299 1584/3030/1299 1583/3031/1299
f 1583/3032/1300 1584/3030/1300 1582/3033/1300 1581/3034/1300
f 1581/3035/1301 1582/3033/1301 1578/3026/1301 1577/3036/1301
f 1579/3037/1302 1583/3038/1302 1581/3039/1302 1577/3040/1302
f 1584/3030/1303 1580/3027/1303 1578/3026/1303 1582/3033/1303
f 1585/3041/1304 1586/3042/1304 1588/3043/1304 1587/3044/1304
f 1587/3045/1305 1588/3043/1305 1592/3046/1305 1591/3047/1305
f 1591/3048/1306 1592/3046/1306 1590/3049/1306 1589/3050/1306
f 1589/3051/1307 1590/3049/1307 1586/3042/1307 1585/3052/1307
f 1587/3053/1308 1591/3054/1308 1589/3055/1308 1585/3056/1308
f 1592/3046/1309 1588/3043/1309 1586/3042/1309 1590/3049/1309
f 1593/3057/1310 1594/3058/1310 1596/3059/1310 1595/3060/1310
f 1595/3061/1311 1596/3059/1311 1600/3062/1311 1599/3063/1311
f 1599/3064/1312 1600/3062/1312 1598/3065/1312 1597/3066/1312
f 1597/3067/1313 1598/3065/1313 1594/3058/1313 1593/3068/1313
f 1595/3069/1314 1599/3070/1314 1597/3071/1314 1593/3072/1314
f 1600/3062/1315 1596/3059/1315 1594/3058/1315 1598/3065/1315
f 1601/3073/1316 1602/3074/1316 1604/3075/1316 1603/3076/1316
f 1607/3077/1317 1608/3078/1317 1606/3079/1317 1605/3080/1317
f 1603/3081/1318 1604/3075/1318 1608/3078/1318 1607/3082/1318
f 1605/3083/1319 1606/3079/1319 1602/3074/1319 1601/3084/1319
f 1603/3085/1320 1607/3086/1320 1605/3087/1320 1601/3088/1320
f 1608/3078/1321 1604/3075/1321 1602/3074/1321 1606/3079/1321
f 1609/3089/1322 1610/3090/1322 1612/3091/1322 1611/3092/1322
f 1611/3093/1323 1612/3091/1323 1616/3094/1323 1615/3095/1323
f 1615/3096/1324 1616/3094/1324 1614/3097/1324 1613/3098/1324
f 1613/3099/1325 1614/3097/1325 1610/3090/1325 1609/3100/1325
f 1611/3101/1326 1615/3102/1326 1613/3103/1326 1609/3104/1326
f 1616/3094/1327 1612/3091/1327 1610/3090/1327 1614/3097/1327
f 1617/3105/1328 1618/3106/1328 1620/3107/1328 1619/3108/1328
f 1619/3109/1329 1620/3107/1329 1624/3110/1329 1623/3111/1329
f 1623/3112/1330 1624/3110/1330 1622/3113/1330 1621/3114/1330
f 1621/3115/1331 1622/3113/1331 1618/3106/1331 1617/3116/1331
f 1619/3117/1332 1623/3118/1332 1621/3119/1332 1617/3120/1332
f 1624/3110/1333 1620/3107/1333 1618/3106/1333 1622/3113/1333
f 1625/3121/1334 1626/3122/1334 1628/3123/1334 1627/3124/1334
f 1627/3125/1335 1628/3123/1335 1632/3126/1335 1631/3127/1335
f 1631/3128/1336 1632/3126/1336 1630/3129/1336 1629/3130/1336
f 1629/3131/1337 1630/3129/1337 1626/3122/1337 1625/3132/1337
f 1627/3133/1338 1631/3134/1338 1629/3135/1338 1625/3136/1338
f 1632/3126/1339 1628/3123/1339 1626/3122/1339 1630/3129/1339
f 1633/3137/1340 1634/3138/1340 1636/3139/1340 1635/3140/1340
f 1635/3141/1341 1636/3139/1341 1640/3142/1341 1639/3143/1341
f 1639/3144/1342 1640/3142/1342 1638/3145/1342 1637/3146/1342
f 1637/3147/1343 1638/3145/1343 1634/3138/1343 1633/3148/1343
f 1635/3149/1344 1639/3150/1344 1637/3151/1344 1633/3152/1344
f 1640/3142/1345 1636/3139/1345 1634/3138/1345 1638/3145/1345
f 1641/3153/1346 1642/3154/1346 1644/3155/1346 1643/3156/1346
f 1647/3157/1347 1648/3158/1347 1646/3159/1347 1645/3160/1347
f 1643/3161/1348 1644/3155/1348 1648/3158/1348 1647/3162/1348
f 1645/3163/1349 1646/3159/1349 1642/3154/1349 1641/3164/1349
f 1643/3165/1350 1647/3166/1350 1645/3167/1350 1641/3168/1350
f 1648/3158/1351 1644/3155/1351 1642/3154/1351 1646/3159/1351
f 1649/3169/1352 1650/3170/1352 1652/3171/1352 1651/3172/1352
f 1651/3173/1353 1652/3171/1353 1656/3174/1353 1655/3175/1353
f 1655/3176/1354 1656/3174/1354 1654/3177/1354 1653/3178/1354
f 1653/3179/1355 1654/3177/1355 1650/3170/1355 1649/3180/1355
f 1651/3181/1356 1655/3182/1356 1653/3183/1356 1649/3184/1356
f 1656/3174/1357 1652/3171/1357 1650/3170/1357 1654/3177/1357
f 1657/3185/1358 1658/3186/1358 1660/3187/1358 1659/3188/1358
f 1659/3189/1359 1660/3187/1359 1664/3190/1359 1663/3191/1359
f 1663/3192/1360 1664/3190/1360 1662/3193/1360 1661/3194/1360
f 1661/3195/1361 1662/3193/1361 1658/3186/1361 1657/3196/1361
f 1659/3197/1362 1663/3198/1362 1661/3199/1362 1657/3200/1362
f 1664/3190/1363 1660/3187/1363 1658/3186/1363 1662/3193/1363
f 1665/3201/1364 1666/3202/1364 1668/3203/1364 1667/3204/1364
f 1667/3205/1365 1668/3203/1365 1672/3206/1365 1671/3207/1365
f 1671/3208/1366 1672/3206/1366 1670/3209/1366 1669/3210/1366
f 1669/3211/1367 1670/3209/1367 1666/3202/1367 1665/3212/1367
f 1667/3213/1368 1671/3214/1368 1669/3215/1368 1665/3216/1368
f 1672/3206/1369 1668/3203/1369 1666/3202/1369 1670/3209/1369
f 1673/3217/1370 1674/3218/1370 1676/3219/1370 1675/3220/1370
f 1679/3221/1371 1680/3222/1371 1678/3223/1371 1677/3224/1371
f 1675/3225/1372 1676/3219/1372 1680/3222/1372 1679/3226/1372
f 1677/3227/1373 1678/3223/1373 1674/3218/1373 1673/3228/1373
f 1675/3229/1374 1679/3230/1374 1677/3231/1374 1673/3232/1374
f 1680/3222/1375 1676/3219/1375 1674/3218/1375 1678/3223/1375
f 1681/3233/1376 1682/3234/1376 1684/3235/1376 1683/3236/1376
f 1683/3237/1377 1684/3235/1377 1688/3238/1377 1687/3239/1377
f 1687/3240/1378 1688/3238/1378 1686/3241/1378 1685/3242/1378
f 1685/3243/1379 1686/3241/1379 1682/3234/1379 1681/3244/1379
f 1683/3245/1380 1687/3246/1380 1685/3247/1380 1681/3248/1380
f 1688/3238/1381 1684/3235/1381 1682/3234/1381 1686/3241/1381
f 1689/3249/1382 1690/3250/1382 1692/3251/1382 1691/3252/1382
f 1695/3253/1383 1696/3254/1383 1694/3255/1383 1693/3256/1383
f 1691/3257/1384 1692/3251/1384 1696/3254/1384 1695/3258/1384
f 1693/3259/1385 1694/3255/1385 1690/3250/1385 1689/3260/1385
f 1691/3261/1386 1695/3262/1386 1693/3263/1386 1689/3264/1386
f 1696/3254/1387 1692/3251/1387 1690/3250/1387 1694/3255/1387
f 1697/3265/1388 1698/3266/1388 1700/3267/1388 1699/3268/1388
f 1699/3269/1389 1700/3267/1389 1704/3270/1389 1703/3271/1389
f 1703/3272/1390 1704/3270/1390 1702/3273/1390 1701/3274/1390
f 1701/3275/1391 1702/3273/1391 1698/3266/1391 1697/3276/1391
f 1699/3277/1392 1703/3278/1392 1701/3279/1392 1697/3280/1392
f 1704/3270/1393 1700/3267/1393 1698/3266/1393 1702/3273/1393
f 1705/3281/1394 1706/3282/1394 1708/3283/1394 1707/3284/1394
f 1707/3285/1395 1708/3283/1395 1712/3286/1395 1711/3287/1395
f 1711/3288/1396 1712/3286/1396 1710/3289/1396 1709/3290/1396
f 1709/3291/1397 1710/3289/1397 1706/3282/1397 1705/3292/1397
f 1707/3293/1398 1711/3294/1398 1709/3295/1398 1705/3296/1398
f 1712/3286/1399 1708/3283/1399 1706/3282/1399 1710/3289/1399
f 1713/3297/1400 1714/3298/1400 1716/3299/1400 1715/3300/1400
f 1715/3301/1401 1716/3299/1401 1720/3302/1401 1719/3303/1401
f 1719/3304/1402 1720/3302/1402 1718/3305/1402 1717/3306/1402
f 1717/3307/1403 1718/3305/1403 1714/3298/1403 1713/3308/1403
f 1715/3309/1404 1719/3310/1404 1717/3311/1404 1713/3312/1404
f 1720/3302/1405 1716/3299/1405 1714/3298/1405 1718/3305/1405
f 1721/3313/1406 1722/3314/1406 1724/3315/1406 1723/3316/1406
f 1727/3317/1407 1728/3318/1407 1726/3319/1407 1725/3320/1407
f 1723/3321/1408 1724/3315/1408 1728/3318/1408 1727/3322/1408
f 1725/3323/1409 1726/3319/1409 1722/3314/1409 1721/3324/1409
f 1723/3325/1410 1727/3326/1410 1725/3327/1410 1721/3328/1410
f 1728/3318/1411 1724/3315/1411 1722/3314/1411 1726/3319/1411
f 1729/3329/1412 1730/3330/1412 1732/3331/1412 1731/3332/1412
f 1731/3333/1413 1732/3331/1413 1736/3334/1413 1735/3335/1413
f 1735/3336/1414 1736/3334/1414 1734/3337/1414 1733/3338/1414
f 1733/3339/1415 1734/3337/1415 1730/3330/1415 1729/3340/1415
f 1731/3341/1416 1735/3342/1416 1733/3343/1416 1729/3344/1416
f 1736/3334/1417 1732/3331/1417 1730/3330/1417 1734/3337/1417
f 1737/3345/1418 1738/3346/1418 1740/3347/1418 1739/3348/1418
f 1739/3349/1419 1740/3347/1419 1744/3350/1419 1743/3351/1419
f 1743/3352/1420 1744/3350/1420 1742/3353/1420 1741/3354/1420
f 1741/3355/1421 1742/3353/1421 1738/3346/1421 1737/3356/1421
f 1739/3357/1422 1743/3358/1422 1741/3359/1422 1737/3360/1422
f 1744/3350/1423 1740/3347/1423 1738/3346/1423 1742/3353/1423
f 1745/3361/1424 1746/3362/1424 1748/3363/1424 1747/3364/1424
f 1747/3365/1425 1748/3363/1425 1752/3366/1425 1751/3367/1425
f 1751/3368/1426 1752/3366/1426 1750/3369/1426 1749/3370/1426
f 1749/3371/1427 1750/3369/1427 1746/3362/1427 1745/3372/1427
f 1747/3373/1428 1751/3374/1428 1749/3375/1428 1745/3376/1428
f 1752/3366/1429 1748/3363/1429 1746/3362/1429 1750/3369/1429
f 1753/3377/1430 1754/3378/1430 1756/3379/1430 1755/3380/1430
f 1755/3381/1431 1756/3379/1431 1760/3382/1431 1759/3383/1431
f 1759/3384/1426 1760/3382/1426 1758/3385/1426 1757/3386/1426
f 1757/3387/1432 1758/3385/1432 1754/3378/1432 1753/3388/1432
f 1755/3389/1433 1759/3390/1433 1757/3391/1433 1753/3392/1433
f 1760/3382/1434 1756/3379/1434 1754/3378/1434 1758/3385/1434
f 1761/3393/1435 1762/3394/1435 1764/3395/1435 1763/3396/1435
f 1763/3397/1436 1764/3395/1436 1768/3398/1436 1767/3399/1436
f 1767/3400/1437 1768/3398/1437 1766/3401/1437 1765/3402/1437
f 1765/3403/1438 1766/3401/1438 1762/3394/1438 1761/3404/1438
f 1763/3405/1439 1767/3406/1439 1765/3407/1439 1761/3408/1439
f 1768/3398/1440 1764/3395/1440 1762/3394/1440 1766/3401/1440
f 1769/3409/1441 1770/3410/1441 1772/3411/1441 1771/3412/1441
f 1775/3413/1442 1776/3414/1442 1774/3415/1442 1773/3416/1442
f 1771/3417/1443 1772/3411/1443 1776/3414/1443 1775/3418/1443
f 1773/3419/1444 1774/3415/1444 1770/3410/1444 1769/3420/1444
f 1771/3421/1445 1775/3422/1445 1773/3423/1445 1769/3424/1445
f 1776/3414/1446 1772/3411/1446 1770/3410/1446 1774/3415/1446
f 1777/3425/1447 1778/3426/1447 1780/3427/1447 1779/3428/1447
f 1779/3429/1448 1780/3427/1448 1784/3430/1448 1783/3431/1448
f 1783/3432/1449 1784/3430/1449 1782/3433/1449 1781/3434/1449
f 1781/3435/1450 1782/3433/1450 1778/3426/1450 1777/3436/1450
f 1779/3437/1451 1783/3438/1451 1781/3439/1451 1777/3440/1451
f 1784/3430/1452 1780/3427/1452 1778/3426/1452 1782/3433/1452
f 1785/3441/1453 1786/3442/1453 1788/3443/1453 1787/3444/1453
f 1787/3445/1454 1788/3443/1454 1792/3446/1454 1791/3447/1454
f 1791/3448/1455 1792/3446/1455 1790/3449/1455 1789/3450/1455
f 1789/3451/1456 1790/3449/1456 1786/3442/1456 1785/3452/1456
f 1787/3453/1457 1791/3454/1457 1789/3455/1457 1785/3456/1457
f 1792/3446/1458 1788/3443/1458 1786/3442/1458 1790/3449/1458
f 1793/3457/1459 1794/3458/1459 1796/3459/1459 1795/3460/1459
f 1795/3461/1460 1796/3459/1460 1800/3462/1460 1799/3463/1460
f 1799/3464/1461 1800/3462/1461 1798/3465/1461 1797/3466/1461
f 1797/3467/1462 1798/3465/1462 1794/3458/1462 1793/3468/1462
f 1795/3469/1463 1799/3470/1463 1797/3471/1463 1793/3472/1463
f 1800/3462/1464 1796/3459/1464 1794/3458/1464 1798/3465/1464
f 1801/3473/1465 1802/3474/1465 1804/3475/1465 1803/3476/1465
f 1803/3477/1466 1804/3475/1466 1808/3478/1466 1807/3479/1466
f 1807/3480/1467 1808/3478/1467 1806/3481/1467 1805/3482/1467
f 1805/3483/1468 1806/3481/1468 1802/3474/1468 1801/3484/1468
f 1803/3485/1469 1807/3486/1469 1805/3487/1469 1801/3488/1469
f 1808/3478/1470 1804/3475/1470 1802/3474/1470 1806/3481/1470
f 1809/3489/1471 1810/3490/1471 1812/3491/1471 1811/3492/1471
f 1815/3493/1472 1816/3494/1472 1814/3495/1472 1813/3496/1472
f 1811/3497/1473 1812/3491/1473 1816/3494/1473 1815/3498/1473
f 1813/3499/1474 1814/3495/1474 1810/3490/1474 1809/3500/1474
f 1811/3501/1475 1815/3502/1475 1813/3503/1475 1809/3504/1475
f 1816/3494/1476 1812/3491/1476 1810/3490/1476 1814/3495/1476
f 1817/3505/1477 1818/3506/1477 1820/3507/1477 1819/3508/1477
f 1819/3509/1478 1820/3507/1478 1824/3510/1478 1823/3511/1478
f 1823/3512/1479 1824/3510/1479 1822/3513/1479 1821/3514/1479
f 1821/3515/1480 1822/3513/1480 1818/3506/1480 1817/3516/1480
f 1819/3517/1481 1823/3518/1481 1821/3519/1481 1817/3520/1481
f 1824/3510/1482 1820/3507/1482 1818/3506/1482 1822/3513/1482
f 1825/3521/1483 1826/3522/1483 1828/3523/1483 1827/3524/1483
f 1827/3525/1484 1828/3523/1484 1832/3526/1484 1831/3527/1484
f 1831/3528/1485 1832/3526/1485 1830/3529/1485 1829/3530/1485
f 1829/3531/1486 1830/3529/1486 1826/3522/1486 1825/3532/1486
f 1827/3533/1487 1831/3534/1487 1829/3535/1487 1825/3536/1487
f 1832/3526/1488 1828/3523/1488 1826/3522/1488 1830/3529/1488
f 1833/3537/1489 1834/3538/1489 1836/3539/1489 1835/3540/1489
f 1835/3541/1490 1836/3539/1490 1840/3542/1490 1839/3543/1490
f 1839/3544/1491 1840/3542/1491 1838/3545/1491 1837/3546/1491
f 1837/3547/1492 1838/3545/1492 1834/3538/1492 1833/3548/1492
f 1835/3549/1493 1839/3550/1493 1837/3551/1493 1833/3552/1493
f 1840/3542/1494 1836/3539/1494 1834/3538/1494 1838/3545/1494
f 1841/3553/1495 1842/3554/1495 1844/3555/1495 1843/3556/1495
f 1847/3557/1496 1848/3558/1496 1846/3559/1496 1845/3560/1496
f 1843/3561/1497 1844/3555/1497 1848/3558/1497 1847/3562/1497
f 1845/3563/1498 1846/3559/1498 1842/3554/1498 1841/3564/1498
f 1843/3565/1499 1847/3566/1499 1845/3567/1499 1841/3568/1499
f 1848/3558/1500 1844/3555/1500 1842/3554/1500 1846/3559/1500
f 1849/3569/1501 1850/3570/1501 1852/3571/1501 1851/3572/1501
f 1855/3573/1502 1856/3574/1502 1854/3575/1502 1853/3576/1502
f 1851/3577/1503 1852/3571/1503 1856/3574/1503 1855/3578/1503
f 1853/3579/1504 1854/3575/1504 1850/3570/1504 1849/3580/1504
f 1851/3581/1505 1855/3582/1505 1853/3583/1505 1849/3584/1505
f 1856/3574/1506 1852/3571/1506 1850/3570/1506 1854/3575/1506
f 1857/3585/1507 1858/3586/1507 1860/3587/1507 1859/3588/1507
f 1859/3589/1508 1860/3587/1508 1864/3590/1508 1863/3591/1508
f 1863/3592/1509 1864/3590/1509 1862/3593/1509 1861/3594/1509
f 1861/3595/1510 1862/3593/1510 1858/3586/1510 1857/3596/1510
f 1859/3597/1511 1863/3598/1511 1861/3599/1511 1857/3600/1511
f 1864/3590/1512 1860/3587/1512 1858/3586/1512 1862/3593/1512
f 1865/3601/1513 1866/3602/1513 1868/3603/1513 1867/3604/1513
f 1867/3605/1514 1868/3603/1514 1872/3606/1514 1871/3607/1514
f 1871/3608/1515 1872/3606/1515 1870/3609/1515 1869/3610/1515
f 1869/3611/1516 1870/3609/1516 1866/3602/1516 1865/3612/1516
f 1867/3613/1517 1871/3614/1517 1869/3615/1517 1865/3616/1517
f 1872/3606/1518 1868/3603/1518 1866/3602/1518 1870/3609/1518
f 1873/3617/1519 1874/3618/1519 1876/3619/1519 1875/3620/1519
f 1875/3621/1520 1876/3619/1520 1880/3622/1520 1879/3623/1520
f 1879/3624/1521 1880/3622/1521 1878/3625/1521 1877/3626/1521
f 1877/3627/1522 1878/3625/1522 1874/3618/1522 1873/3628/1522
f 1875/3629/1523 1879/3630/1523 1877/3631/1523 1873/3632/1523
f 1880/3622/1524 1876/3619/1524 1874/3618/1524 1878/3625/1524
f 1881/3633/1525 1882/3634/1525 1884/3635/1525 1883/3636/1525
f 1887/3637/1526 1888/3638/1526 1886/3639/1526 1885/3640/1526
f 1883/3641/1527 1884/3635/1527 1888/3638/1527 1887/3642/1527
f 1885/3643/1528 1886/3639/1528 1882/3634/1528 1881/3644/1528
f 1883/3645/1529 1887/3646/1529 1885/3647/1529 1881/3648/1529
f 1888/3638/1530 1884/3635/1530 1882/3634/1530 1886/3639/1530
f 1889/3649/1531 1890/3650/1531 1892/3651/1531 1891/3652/1531
f 1891/3653/1532 1892/3651/1532 1896/3654/1532 1895/3655/1532
f 1895/3656/1533 1896/3654/1533 1894/3657/1533 1893/3658/1533
f 1893/3659/1534 1894/3657/1534 1890/3650/1534 1889/3660/1534
f 1891/3661/1535 1895/3662/1535 1893/3663/1535 1889/3664/1535
f 1896/3654/1536 1892/3651/1536 1890/3650/1536 1894/3657/1536
f 1897/3665/1537 1898/3666/1537 1900/3667/1537 1899/3668/1537
f 1899/3669/1538 1900/3667/1538 1904/3670/1538 1903/3671/1538
f 1903/3672/1539 1904/3670/1539 1902/3673/1539 1901/3674/1539
f 1901/3675/1540 1902/3673/1540 1898/3666/1540 1897/3676/1540
f 1899/3677/1541 1903/3678/1541 1901/3679/1541 1897/3680/1541
f 1904/3670/1542 1900/3667/1542 1898/3666/1542 1902/3673/1542
f 1907/3681/777 1908/3682/777 1912/3683/777 1911/3684/777
f 1907/3685/771 1911/3686/771 1909/3687/771 1905/3688/771
f 1909/3689/1543 1911/3690/1543 1912/3691/1543 1910/3692/1543
f 1913/3693/1543 1915/3694/1543 1916/3695/1543 1914/3696/1543
f 1912/3683/770 1908/3682/770 1906/3697/770 1910/3698/770
f 1916/3699/776 1915/3700/776 1919/3701/776 1920/3702/776
f 1918/3703/777 1917/3704/777 1913/3705/777 1914/3706/777
f 1913/3705/770 1917/3704/770 1919/3701/770 1915/3700/770
f 1909/3707/776 1910/3698/776 1906/3697/776 1905/3708/776
f 1918/3709/771 1914/3710/771 1916/3711/771 1920/3712/771
f 1923/3713/777 1924/3714/777 1928/3715/777 1927/3716/777
f 1925/3717/776 1926/3718/776 1922/3719/776 1921/3720/776
f 1923/3721/771 1927/3722/771 1925/3723/771 1921/3724/771
f 1928/3715/770 1924/3714/770 1922/3719/770 1926/3718/770
o Cube_Cube.072
v -0.609163 22.711964 11.713890
v -13.683473 28.750504 -6.090669
v -0.609164 22.711966 -11.719972
v 12.465147 28.750504 6.084589
v -0.609164 27.476095 -6.090671
v -0.609163 30.322943 6.084589
v -0.609164 30.322937 -6.090670
v -0.609163 27.476089 6.084588
v 12.465147 28.753172 -6.090671
v -13.683473 28.753172 6.084591
v -0.609163 21.969141 11.080348
v 10.627602 22.808445 11.080346
v -0.609163 24.134815 11.080345
v -11.845928 22.808445 11.080347
v -10.414897 27.726767 6.084587
v -10.414897 29.831558 -6.090668
v -11.845930 22.808447 -11.086426
v -0.609164 21.969141 -11.086429
v -0.609164 24.134809 -11.086426
v 10.627600 22.808447 -11.086427
v 9.196568 27.726767 -6.090669
v 9.196568 29.831556 6.084587
v -10.414898 27.726767 -6.090670
v -10.414897 29.831556 6.084590
v 9.196568 27.726767 6.084585
v 9.196568 29.831553 -6.090667
v -0.609164 35.541634 -0.003041
v -0.609164 32.663681 -0.003039
v 14.373191 34.102657 -0.003041
v -15.591516 34.102657 -0.003039
v 7.714368 23.233452 9.990814
v 7.714368 24.843306 9.990824
v -8.932693 23.233454 9.990816
v -8.932693 24.807400 9.990814
v 7.714367 23.233454 -9.996894
v 7.714367 24.807411 -9.996891
v -8.932693 23.233454 -9.996895
v -8.932693 24.843306 -9.996891
v -11.845929 33.023430 -0.003040
v -11.845929 35.181889 -0.003040
v 10.627601 33.023426 -0.003041
v 10.627601 35.181889 -0.003041
v 5.254706 22.695377 11.746205
v -0.609163 23.165152 11.864934
v -6.473033 22.695377 11.746205
v -0.609163 21.536718 11.697694
v -15.119338 31.430321 -3.166020
v -12.175682 29.697529 -6.528286
v -13.306608 25.709604 -8.668204
v -12.194813 27.805519 -6.289149
v -6.473034 22.695377 -11.752286
v -0.609164 23.165152 -11.871014
v 5.254705 22.695381 -11.752286
v -0.609164 21.536716 -11.703774
v 13.901007 31.430321 3.159939
v 10.957355 29.697527 6.522203
v 12.088283 25.709602 8.662124
v 10.976486 27.805519 6.283068
v -5.516439 27.476345 -6.006423
v -0.609164 24.645864 -8.493701
v 4.298111 27.486118 -6.006424
v -0.609164 30.647663 -3.448151
v -5.515762 30.174961 6.163092
v -0.609163 27.400711 8.706601
v 4.297435 30.189791 6.163092
v -0.609164 32.569763 3.457899
v -5.515763 30.189798 -6.169176
v -0.609164 32.781483 -3.463980
v 4.297434 30.174967 -6.169175
v -0.609164 27.400711 -8.712680
v -5.516438 27.486113 6.000347
v -0.609164 30.647657 3.442069
v 4.298112 27.476355 6.000346
v -0.609163 24.645864 8.487622
v 12.088283 25.709606 -8.668207
v 10.957355 29.697983 -6.528286
v 13.901007 31.430321 -3.166022
v 10.976486 27.804852 -6.289149
v -13.306611 25.709602 8.662127
v -12.175681 29.697983 6.522206
v -15.119332 31.430321 3.159942
v -12.194813 27.804852 6.283070
v -4.778486 22.549488 10.478997
v 3.560160 22.540686 10.479000
v 9.021667 22.631844 10.670856
v 9.058409 24.243448 11.135154
v 3.557401 24.582258 10.592774
v -4.775727 24.566706 10.592771
v -10.276726 24.243437 11.135157
v -10.239993 22.631845 10.670856
v -10.903425 30.952341 3.373816
v -9.682605 25.445244 7.998878
v -11.216800 32.549747 -3.478419
v -9.686278 27.391220 -8.133320
v -10.276727 24.243443 -11.141232
v -10.239993 22.631842 -10.676937
v 3.560159 22.549494 -10.485081
v -4.778487 22.540680 -10.485078
v -4.775728 24.582264 -10.598857
v 3.557400 24.566702 -10.598855
v 9.058406 24.243448 -11.141238
v 9.021666 22.631842 -10.676935
v 9.685096 30.952345 -3.379899
v 8.464278 25.445242 -8.004956
v 9.998472 33.192776 3.472337
v 8.467952 27.391212 8.127234
v -9.682605 25.445242 -8.004957
v -10.903425 30.952345 -3.379899
v -9.686278 27.391212 8.127241
v -11.216800 31.907858 3.472340
v 8.464277 25.445244 7.998877
v 9.685096 30.952339 3.373815
v 8.467951 27.391216 -8.133310
v 9.998472 32.457130 -3.478420
v -6.235027 35.602554 -0.003040
v 5.016699 35.602566 -0.003041
v -6.235809 32.577599 -0.003040
v 5.017481 32.577599 -0.003040
v 12.662641 35.222553 -0.003041
v 12.512272 33.520027 -0.003041
v -13.880966 35.222553 -0.003040
v -13.730577 33.520023 -0.003039
v -13.073565 31.116764 3.993838
v -13.634489 32.891964 3.629743
v -11.532853 26.965744 9.000790
v -11.481714 24.985319 8.361104
v 11.855239 31.116758 -3.999919
v 12.416162 32.891964 -3.635823
v 10.314523 26.965750 -9.006864
v 10.263388 24.985319 -8.367183
v 3.936915 24.936525 8.175924
v 4.543322 30.593100 3.347033
v -5.752751 30.604324 3.368904
v -5.152419 24.948782 8.175627
v 3.935247 27.473833 -8.489672
v 4.700786 32.827053 -3.531845
v -5.919606 32.141014 -3.519051
v -5.151972 27.494072 -8.490789
v 4.701278 32.570396 3.512969
v 3.933645 27.494070 8.484709
v -5.153574 27.473827 8.483585
v -5.919114 32.277779 3.525764
v 4.534423 30.604324 -3.374982
v 3.934092 24.948788 -8.181705
v -5.155242 24.936522 -8.182005
v -5.761650 30.593088 -3.353113
v 10.267013 25.071039 8.538701
v 10.296347 27.107058 9.058635
v 12.253198 32.940208 3.554735
v 11.581106 30.685698 3.156243
v 4.179834 21.449936 -11.404537
v 4.315866 23.801754 -12.265370
v -5.689882 23.622324 -12.127985
v -5.533161 21.313091 -11.213539
v -11.485339 25.071039 -8.544781
v -11.514667 27.107054 -9.064713
v -13.471527 32.940208 -3.560817
v -12.799425 30.685690 -3.162323
v -5.398162 21.449934 11.398456
v -5.534189 23.801748 12.259286
v 4.471552 23.622316 12.121906
v 4.314835 21.313089 11.207460
vt 3.455585 2.608024
vt 3.401411 2.548687
vt 3.702588 2.473733
vt 3.809518 2.524483
vt 0.347487 2.712903
vt -0.031662 2.628221
vt 0.084758 2.533329
vt 0.405696 2.600973
vt 1.105783 2.712903
vt 1.047574 2.600973
vt 1.368513 2.533330
vt 1.484932 2.628221
vt 2.744541 2.622869
vt 2.387429 2.554174
vt 2.492148 2.499005
vt 2.796191 2.561323
vt 2.053511 0.911419
vt 2.199187 0.899764
vt 2.187353 1.261379
vt 2.037014 1.264517
vt 1.690537 0.909106
vt 1.667513 1.261026
vt 1.519532 1.261026
vt 1.542310 0.919855
vt 1.599247 0.225510
vt 1.466800 0.283704
vt 1.368512 -0.011276
vt 1.484932 -0.106167
vt 2.201653 0.259840
vt 2.333297 -0.038641
vt 2.440227 0.012109
vt 2.325624 0.275130
vt 2.687230 -0.122182
vt 2.741405 -0.062845
vt 1.105783 -0.190850
vt 1.047574 -0.078920
vt 0.347487 -0.190850
vt 0.405696 -0.078920
vt 0.084758 -0.011276
vt -0.031662 -0.106167
vt 3.398274 -0.137027
vt 3.755386 -0.068331
vt 3.650667 -0.013162
vt 3.346624 -0.075480
vt 4.089304 1.574423
vt 3.943628 1.586078
vt 3.955461 1.224465
vt 4.105802 1.221326
vt -0.237267 1.612947
vt -0.214243 1.261027
vt -0.066262 1.261027
vt -0.089040 1.602198
vt -0.145977 2.296544
vt -0.013530 2.238350
vt 3.941162 2.226002
vt 3.817192 2.210713
vt 2.631550 0.891852
vt 2.629380 1.252150
vt 2.687562 0.234354
vt 3.412824 0.219213
vt 3.776149 0.244846
vt 3.496229 0.873799
vt 3.928546 0.863659
vt 3.513434 1.233693
vt 1.134473 1.603532
vt 1.123084 1.261026
vt 1.542310 1.602198
vt 1.096718 2.273505
vt 1.466800 2.238350
vt 0.356553 2.273505
vt 0.318798 1.603532
vt 0.330187 1.261027
vt 1.096718 0.248548
vt 1.134473 0.918521
vt 0.318798 0.918521
vt -0.089040 0.919855
vt 0.356553 0.248548
vt -0.013530 0.283703
vt 2.729991 2.266630
vt 2.366666 2.240996
vt 2.646585 1.612043
vt 2.214269 1.622183
vt 3.511265 1.593991
vt 3.455254 2.251488
vt 3.899373 0.224396
vt -0.145977 0.225510
vt -0.237267 0.909107
vt 4.074581 0.869224
vt 2.243442 2.261447
vt 1.599247 2.296544
vt 1.690537 1.612947
vt 2.068234 1.616619
vt 2.099454 1.968720
vt 2.241184 1.982988
vt 1.957724 1.954453
vt 1.922199 1.611054
vt 1.886673 1.267655
vt 1.838765 1.623695
vt 1.815494 1.261026
vt 1.862036 1.986363
vt 1.713562 1.964867
vt 1.565088 1.943370
vt 1.731694 2.354737
vt 1.601351 2.723112
vt 2.120217 2.281898
vt 2.282711 2.609343
vt 4.043361 0.517122
vt 3.901630 0.502854
vt 4.185091 0.531390
vt 4.220617 0.874789
vt 4.256142 1.218187
vt -0.385495 0.898358
vt -0.362223 1.261027
vt -0.408766 0.535690
vt -0.260292 0.557187
vt -0.111818 0.578683
vt -0.278424 0.167316
vt -0.148081 -0.201059
vt 4.022598 0.203945
vt 3.860105 -0.123500
vt 3.093316 2.292264
vt 3.100234 2.623642
vt 3.086397 1.960886
vt 3.509096 1.954289
vt 3.931795 1.947692
vt 3.078902 1.601903
vt 3.071407 1.242921
vt 2.663791 1.971937
vt 0.726635 0.213392
vt 0.726635 -0.146564
vt 0.726635 0.573348
vt 0.307409 0.576016
vt 0.726635 0.917187
vt 0.726635 1.261027
vt 1.145862 0.576016
vt 1.565088 0.578683
vt 0.726635 1.604866
vt 0.726635 1.948705
vt 0.307409 1.946038
vt -0.111818 1.943370
vt 0.726635 2.308661
vt 0.726635 2.668617
vt 1.145862 1.946037
vt 3.063913 0.883939
vt 3.056418 0.524957
vt 3.479024 0.513906
vt 3.049500 0.193579
vt 3.042582 -0.137798
vt 2.633719 0.531554
vt 2.211020 0.538150
vt 4.072807 1.927521
vt 4.213819 1.907350
vt 4.065133 2.241292
vt 3.916448 2.575234
vt -0.278423 2.354737
vt -0.148081 2.723112
vt -0.408766 1.986363
vt -0.260292 1.964867
vt -0.385495 1.623695
vt 4.234981 1.562768
vt 3.041163 -0.205722
vt 3.039745 -0.273646
vt 3.449925 -0.198573
vt 0.289277 -0.302781
vt 0.726635 -0.404503
vt 0.726635 -0.275533
vt 1.163993 -0.302781
vt 1.601351 -0.201058
vt 2.633056 -0.181519
vt 2.226367 -0.089391
vt 2.070009 0.558321
vt 1.928998 0.578492
vt 2.077682 0.244550
vt 1.731694 0.167316
vt 1.862036 0.535690
vt 1.713562 0.557186
vt 1.838765 0.898358
vt 1.907835 0.923074
vt 3.101652 2.691565
vt 3.103070 2.759488
vt 2.692890 2.684415
vt 1.163993 2.824834
vt 0.726635 2.926556
vt 0.726635 2.797586
vt 0.289277 2.824834
vt 3.509759 2.667361
vn 0.0869 -0.9934 0.0742
vn 0.0049 -0.6843 -0.7292
vn 0.0564 -0.6673 -0.7426
vn 0.1662 -0.9246 -0.3428
vn 0.0229 0.3249 0.9455
vn 0.0869 0.4682 0.8793
vn -0.0173 0.6938 0.7200
vn 0.0295 0.6610 0.7498
vn -0.0285 0.3441 0.9385
vn -0.0182 0.6832 0.7300
vn 0.0017 0.7235 0.6903
vn -0.1144 0.4907 0.8638
vn -0.0705 -0.9949 -0.0723
vn -0.1696 -0.9574 -0.2337
vn -0.0354 -0.6816 -0.7309
vn 0.0085 -0.6991 -0.7149
vn -0.1357 -0.7593 0.6364
vn -0.0459 -0.7408 0.6701
vn -0.0532 -0.8436 0.5343
vn -0.1383 -0.7830 0.6065
vn -0.2441 0.7053 -0.6656
vn -0.2443 0.7728 -0.5857
vn 0.0405 0.7960 -0.6039
vn 0.0346 0.7294 -0.6832
vn -0.1830 0.5999 -0.7788
vn -0.0122 0.6320 -0.7749
vn 0.0117 0.7007 -0.7133
vn -0.1019 0.4798 -0.8714
vn -0.1358 -0.6732 0.7269
vn -0.1156 -0.9394 0.3228
vn -0.0520 -0.6680 0.7423
vn -0.0534 -0.6681 0.7421
vn -0.0869 -0.9934 -0.0742
vn -0.0049 -0.6843 0.7292
vn -0.0230 0.3249 -0.9455
vn -0.0295 0.6610 -0.7498
vn 0.0285 0.3441 -0.9385
vn 0.0182 0.6832 -0.7300
vn -0.0017 0.7235 -0.6903
vn 0.1144 0.4907 -0.8638
vn 0.0705 -0.9949 0.0723
vn 0.1696 -0.9574 0.2337
vn 0.0354 -0.6816 0.7309
vn -0.0085 -0.6991 0.7149
vn 0.1357 -0.7593 -0.6364
vn 0.0459 -0.7408 -0.6702
vn 0.0532 -0.8436 -0.5343
vn 0.1383 -0.7830 -0.6065
vn 0.2943 0.6879 0.6635
vn 0.3079 0.7739 0.5534
vn 0.0201 0.8373 0.5464
vn 0.0106 0.7271 0.6864
vn 0.1830 0.5999 0.7788
vn 0.0122 0.6320 0.7749
vn 0.1358 -0.6732 -0.7269
vn 0.0534 -0.6681 -0.7421
vn -0.0064 -0.7336 0.6796
vn -0.0105 -0.8616 0.5074
vn -0.0053 -0.6632 0.7484
vn 0.0053 -0.6618 0.7496
vn 0.0486 -0.6496 0.7587
vn 0.0076 -0.7309 0.6825
vn 0.0839 -0.7331 0.6749
vn 0.1080 -0.8627 0.4941
vn 0.0112 -0.8629 0.5052
vn -0.0268 0.7223 0.6911
vn -0.0198 0.7338 0.6791
vn 0.0734 0.7649 0.6400
vn 0.0731 0.7361 0.6729
vn -0.0359 0.6371 0.7699
vn -0.0168 0.6305 0.7760
vn 0.0345 0.6377 0.7695
vn -0.0135 0.7162 0.6978
vn -0.0245 0.7876 0.6156
vn -0.0345 0.6377 -0.7695
vn -0.0155 0.7223 -0.6914
vn -0.0050 0.7504 -0.6610
vn 0.0133 0.7145 -0.6995
vn 0.0108 0.7840 -0.6207
vn -0.0216 0.8061 -0.5914
vn -0.0228 0.7257 -0.6876
vn 0.0359 0.6371 -0.7699
vn 0.0168 0.6305 -0.7760
vn -0.0053 -0.6618 -0.7496
vn -0.0486 -0.6496 -0.7587
vn -0.0076 -0.7309 -0.6825
vn -0.0839 -0.7331 -0.6749
vn -0.1080 -0.8627 -0.4941
vn -0.0112 -0.8629 -0.5052
vn 0.0064 -0.7336 -0.6796
vn 0.0105 -0.8616 -0.5074
vn 0.0053 -0.6632 -0.7484
vn 0.0965 -0.6524 0.7517
vn 0.1792 0.5950 -0.7835
vn 0.2399 0.7036 -0.6689
vn 0.2366 0.7759 -0.5849
vn 0.1354 -0.7666 0.6277
vn 0.1428 -0.8401 0.5233
vn -0.0965 -0.6524 -0.7517
vn -0.1792 0.5950 0.7835
vn -0.2000 0.7104 0.6748
vn -0.1866 0.7702 0.6099
vn -0.1354 -0.7666 -0.6277
vn -0.1428 -0.8401 -0.5233
vn -0.0880 -0.6229 -0.7774
vn -0.0525 -0.6367 -0.7693
vn -0.1977 -0.6441 -0.7389
vn -0.0458 -0.7561 -0.6528
vn -0.0662 -0.8189 -0.5701
vn -0.5748 0.5279 0.6252
vn -0.5813 0.6247 0.5214
vn -0.5351 0.4715 0.7010
vn -0.1938 0.6407 0.7430
vn 0.0107 0.7068 0.7073
vn -0.4736 0.4710 0.7442
vn -0.3212 0.2484 0.9139
vn -0.3295 -0.6708 -0.6644
vn -0.2805 -0.8809 -0.3812
vn 0.0880 -0.6229 0.7774
vn 0.0525 -0.6367 0.7693
vn 0.1977 -0.6441 0.7389
vn 0.0458 -0.7561 0.6528
vn 0.0662 -0.8189 0.5701
vn 0.5748 0.5279 -0.6252
vn 0.5813 0.6247 -0.5214
vn 0.5351 0.4715 -0.7010
vn 0.2176 0.6208 -0.7531
vn 0.0100 0.6703 -0.7420
vn 0.4736 0.4711 -0.7442
vn 0.3212 0.2484 -0.9139
vn 0.3295 -0.6708 0.6644
vn 0.2805 -0.8809 0.3812
vn -0.0003 -0.6624 -0.7491
vn 0.0074 -0.7024 -0.7117
vn -0.0011 -0.6457 -0.7636
vn 0.0035 -0.6467 -0.7627
vn 0.0453 -0.6530 -0.7560
vn -0.0010 -0.7328 -0.6805
vn -0.0010 -0.8620 -0.5070
vn -0.0063 -0.6464 -0.7630
vn 0.0022 0.6463 -0.7631
vn -0.0031 0.6355 -0.7721
vn -0.0127 0.7028 -0.7113
vn 0.0230 0.6813 -0.7317
vn -0.0244 0.7189 -0.6947
vn -0.0238 0.7650 -0.6436
vn -0.0241 0.7074 -0.7064
vn 0.0041 0.6844 -0.7291
vn -0.0103 0.7220 0.6918
vn -0.0095 0.7505 0.6609
vn -0.0065 0.7132 0.7009
vn 0.0082 0.6862 0.7273
vn 0.0170 0.6500 0.7597
vn -0.0004 0.6463 0.7631
vn -0.0002 0.6357 0.7720
vn -0.0308 0.7153 0.6982
vn 0.0015 -0.7328 0.6805
vn 0.0010 -0.8620 0.5070
vn 0.0011 -0.6461 0.7632
vn 0.0063 -0.6464 0.7630
vn 0.0012 -0.6624 0.7491
vn -0.0082 -0.7019 0.7122
vn -0.0035 -0.6467 0.7627
vn -0.0453 -0.6530 0.7560
vn 0.1597 -0.7004 -0.6957
vn 0.3028 -0.7015 -0.6452
vn 0.2844 -0.6722 -0.6836
vn 0.2484 -0.8858 -0.3920
vn 0.4929 0.4597 0.7387
vn 0.3279 0.2553 0.9096
vn 0.5380 0.4834 0.6905
vn 0.2528 0.6057 0.7545
vn 0.5526 0.5444 0.6311
vn 0.5578 0.6314 0.5387
vn 0.2701 -0.7541 -0.5987
vn 0.2411 -0.7577 -0.6064
vn -0.0136 -0.9996 -0.0261
vn -0.0067 -0.1904 -0.9817
vn 0.1098 -0.5578 -0.8227
vn 0.1067 -0.1547 -0.9822
vn -0.0019 -0.3806 -0.9247
vn -0.0096 0.1963 -0.9805
vn -0.1042 -0.1194 -0.9874
vn -0.3279 0.2553 -0.9096
vn -0.1065 -0.5588 -0.8224
vn -0.2484 -0.8858 0.3920
vn -0.1597 -0.7004 0.6957
vn -0.3028 -0.7015 0.6452
vn -0.2844 -0.6722 0.6836
vn -0.4929 0.4597 -0.7387
vn -0.5380 0.4836 -0.6905
vn -0.2273 0.6261 -0.7459
vn -0.5526 0.5445 -0.6310
vn -0.5578 0.6314 -0.5387
vn -0.2701 -0.7541 0.5987
vn -0.2411 -0.7577 0.6064
vn 0.0136 -0.9996 0.0261
vn 0.0067 -0.1904 0.9817
vn -0.1098 -0.5578 0.8227
vn -0.1067 -0.1547 0.9822
vn 0.0016 -0.3802 0.9249
vn 0.0096 0.1963 0.9805
vn 0.1042 -0.1194 0.9874
vn 0.1065 -0.5588 0.8224
usemtl thatch
s 1
f 2090/3725/1544 2012/3726/1545 1959/3727/1546 2013/3728/1547
f 2089/3729/1548 2014/3730/1549 1960/3731/1550 2015/3732/1551
f 2088/3733/1552 2016/3734/1553 1962/3735/1554 2017/3736/1555
f 2087/3737/1556 2018/3738/1557 1961/3739/1558 2011/3740/1559
f 2086/3741/1560 2036/3742/1561 1967/3743/1562 2050/3744/1563
f 2085/3745/1564 2049/3746/1565 1968/3747/1566 2021/3748/1567
f 2084/3749/1568 2022/3750/1569 1966/3751/1570 2023/3752/1571
f 2083/3753/1572 2024/3754/1573 1965/3755/1574 2035/3756/1575
f 2082/3757/1576 2026/3758/1577 1965/3755/1574 2024/3754/1573
f 2081/3759/1578 2023/3752/1571 1966/3751/1570 2027/3760/1579
f 2080/3761/1580 2028/3762/1581 1964/3763/1582 2029/3764/1583
f 2079/3765/1584 2030/3766/1585 1963/3767/1586 2025/3768/1587
f 2078/3769/1588 2040/3770/1589 1969/3771/1590 2048/3772/1591
f 2077/3773/1592 2047/3774/1593 1970/3775/1594 2033/3776/1595
f 2076/3777/1596 2034/3778/1597 1960/3731/1550 2014/3730/1549
f 2075/3779/1598 2013/3728/1547 1959/3727/1546 2039/3780/1599
f 2074/3781/1600 2045/3782/1601 1967/3743/1562 2036/3742/1561
f 2073/3783/1602 2035/3756/1575 1965/3755/1574 2026/3758/1577
f 2072/3784/1603 2025/3768/1587 1963/3767/1586 2032/3785/1604
f 2071/3786/1605 2031/3787/1606 1969/3771/1607 2046/3788/1608
f 2070/3789/1609 2043/3790/1610 1968/3747/1611 2038/3791/1612
f 2069/3792/1613 2037/3793/1614 1962/3735/1554 2016/3734/1553
f 2068/3794/1615 2015/3732/1551 1960/3731/1550 2034/3778/1597
f 2067/3795/1616 2033/3776/1595 1970/3775/1594 2044/3796/1617
f 2066/3797/1618 2027/3760/1579 1966/3751/1570 2022/3750/1569
f 2065/3798/1619 2021/3748/1567 1968/3747/1566 2043/3790/1620
f 2064/3799/1621 2044/3796/1622 1970/3775/1623 2042/3800/1624
f 2063/3801/1625 2041/3802/1626 1964/3763/1582 2028/3762/1581
f 2062/3803/1627 2011/3740/1559 1961/3739/1558 2020/3804/1628
f 2061/3805/1629 2019/3806/1630 1967/3743/1631 2045/3782/1632
f 2060/3807/1633 2046/3788/1634 1969/3771/1590 2040/3770/1589
f 2059/3808/1635 2039/3780/1599 1959/3727/1546 2012/3726/1545
f 2058/3809/1636 2032/3785/1604 1963/3767/1586 2030/3766/1585
f 2057/3810/1637 2029/3764/1583 1964/3763/1582 2041/3802/1626
f 2056/3811/1638 2042/3800/1624 1970/3775/1623 2047/3774/1639
f 2055/3812/1640 2048/3772/1641 1969/3771/1607 2031/3787/1606
f 2054/3813/1642 2020/3804/1628 1961/3739/1558 2018/3738/1557
f 2053/3814/1643 2017/3736/1555 1962/3735/1554 2037/3793/1614
f 2052/3815/1644 2038/3791/1612 1968/3747/1611 2049/3746/1645
f 2051/3816/1646 2050/3744/1647 1967/3743/1631 2019/3806/1630
f 2010/3817/1648 2051/3816/1646 2019/3806/1630 1943/3818/1649
f 1938/3819/1650 2009/3820/1651 2051/3816/1646 2010/3817/1648
f 2009/3820/1651 1958/3821/1652 2050/3744/1647 2051/3816/1646
f 2009/3822/1653 2052/3815/1644 2049/3746/1645 1958/3823/1654
f 1938/3824/1655 2008/3825/1656 2052/3815/1644 2009/3822/1653
f 2008/3825/1656 1952/3826/1657 2038/3791/1612 2052/3815/1644
f 2008/3825/1656 2053/3814/1643 2037/3793/1614 1952/3826/1657
f 1938/3824/1655 2007/3827/1658 2053/3814/1643 2008/3825/1656
f 2007/3827/1658 1942/3828/1659 2017/3736/1555 2053/3814/1643
f 2007/3829/1660 2054/3813/1642 2018/3738/1557 1942/3830/1661
f 1938/3819/1650 2010/3817/1648 2054/3813/1642 2007/3829/1660
f 2010/3817/1648 1943/3818/1649 2020/3804/1628 2054/3813/1642
f 2006/3831/1662 2055/3812/1640 2031/3787/1606 1949/3832/1663
f 1937/3833/1664 2005/3834/1665 2055/3812/1640 2006/3831/1662
f 2005/3834/1665 1957/3835/1666 2048/3772/1641 2055/3812/1640
f 2005/3836/1667 2056/3811/1638 2047/3774/1639 1957/3837/1668
f 1937/3838/1669 2004/3839/1670 2056/3811/1638 2005/3836/1667
f 2004/3839/1670 1954/3840/1671 2042/3800/1624 2056/3811/1638
f 2004/3839/1670 2057/3810/1637 2041/3802/1626 1954/3840/1671
f 1937/3838/1669 2003/3841/1672 2057/3810/1637 2004/3839/1670
f 2003/3841/1672 1948/3842/1673 2029/3764/1583 2057/3810/1637
f 2003/3843/1674 2058/3809/1636 2030/3766/1585 1948/3844/1675
f 1937/3833/1664 2006/3831/1662 2058/3809/1636 2003/3843/1674
f 2006/3831/1662 1949/3832/1663 2032/3785/1604 2058/3809/1636
f 2002/3845/1676 2059/3808/1635 2012/3726/1545 1939/3846/1677
f 1936/3847/1678 2001/3848/1679 2059/3808/1635 2002/3845/1676
f 2001/3848/1679 1953/3849/1680 2039/3780/1599 2059/3808/1635
f 2001/3848/1679 2060/3807/1633 2040/3770/1589 1953/3849/1680
f 1936/3847/1678 2000/3850/1681 2060/3807/1633 2001/3848/1679
f 2000/3850/1681 1956/3851/1682 2046/3788/1634 2060/3807/1633
f 2000/3850/1681 2061/3805/1629 2045/3782/1632 1956/3851/1682
f 1936/3847/1678 1999/3852/1683 2061/3805/1629 2000/3850/1681
f 1999/3852/1683 1943/3818/1649 2019/3806/1630 2061/3805/1629
f 1999/3852/1683 2062/3803/1627 2020/3804/1628 1943/3818/1649
f 1936/3847/1678 2002/3845/1676 2062/3803/1627 1999/3852/1683
f 2002/3845/1676 1939/3846/1677 2011/3740/1559 2062/3803/1627
f 1998/3853/1684 2063/3801/1625 2028/3762/1581 1947/3854/1685
f 1935/3855/1686 1997/3856/1687 2063/3801/1625 1998/3853/1684
f 1997/3856/1687 1954/3840/1671 2041/3802/1626 2063/3801/1625
f 1997/3856/1687 2064/3799/1621 2042/3800/1624 1954/3840/1671
f 1935/3855/1686 1996/3857/1688 2064/3799/1621 1997/3856/1687
f 1996/3857/1688 1955/3858/1689 2044/3796/1622 2064/3799/1621
f 1996/3857/1688 2065/3798/1619 2043/3790/1620 1955/3858/1689
f 1935/3855/1686 1995/3859/1690 2065/3798/1619 1996/3857/1688
f 1995/3859/1690 1944/3860/1691 2021/3748/1567 2065/3798/1619
f 1995/3859/1690 2066/3797/1618 2022/3750/1569 1944/3860/1691
f 1935/3855/1686 1998/3853/1684 2066/3797/1618 1995/3859/1690
f 1998/3853/1684 1947/3854/1685 2027/3760/1579 2066/3797/1618
f 1994/3861/1692 2067/3795/1616 2044/3796/1617 1955/3858/1693
f 1934/3862/1694 1993/3863/1695 2067/3795/1616 1994/3861/1692
f 1993/3863/1695 1950/3864/1696 2033/3776/1595 2067/3795/1616
f 1993/3863/1695 2068/3794/1615 2034/3778/1597 1950/3864/1696
f 1934/3862/1694 1992/3865/1697 2068/3794/1615 1993/3863/1695
f 1992/3865/1697 1941/3866/1698 2015/3732/1551 2068/3794/1615
f 1992/3865/1697 2069/3792/1613 2016/3734/1553 1941/3866/1698
f 1934/3862/1694 1991/3867/1699 2069/3792/1613 1992/3865/1697
f 1991/3867/1699 1952/3826/1657 2037/3793/1614 2069/3792/1613
f 1991/3867/1699 2070/3789/1609 2038/3791/1612 1952/3826/1657
f 1934/3862/1694 1994/3861/1692 2070/3789/1609 1991/3867/1699
f 1994/3861/1692 1955/3858/1693 2043/3790/1610 2070/3789/1609
f 1990/3868/1700 2071/3786/1605 2046/3788/1608 1956/3851/1701
f 1933/3869/1702 1989/3870/1703 2071/3786/1605 1990/3868/1700
f 1989/3870/1703 1949/3832/1663 2031/3787/1606 2071/3786/1605
f 1989/3870/1703 2072/3784/1603 2032/3785/1604 1949/3832/1663
f 1933/3869/1702 1988/3871/1704 2072/3784/1603 1989/3870/1703
f 1988/3871/1704 1946/3872/1705 2025/3768/1587 2072/3784/1603
f 1988/3871/1704 2073/3783/1602 2026/3758/1577 1946/3872/1705
f 1933/3869/1702 1987/3873/1706 2073/3783/1602 1988/3871/1704
f 1987/3873/1706 1951/3874/1707 2035/3756/1575 2073/3783/1602
f 1987/3873/1706 2074/3781/1600 2036/3742/1561 1951/3874/1707
f 1933/3869/1702 1990/3868/1700 2074/3781/1600 1987/3873/1706
f 1990/3868/1700 1956/3851/1701 2045/3782/1601 2074/3781/1600
f 1986/3875/1708 2075/3779/1598 2039/3780/1599 1953/3849/1680
f 1932/3876/1709 1985/3877/1710 2075/3779/1598 1986/3875/1708
f 1985/3877/1710 1940/3878/1711 2013/3728/1547 2075/3779/1598
f 1985/3879/1712 2076/3777/1596 2014/3730/1549 1940/3880/1713
f 1932/3881/1714 1984/3882/1715 2076/3777/1596 1985/3879/1712
f 1984/3882/1715 1950/3864/1696 2034/3778/1597 2076/3777/1596
f 1984/3882/1715 2077/3773/1592 2033/3776/1595 1950/3864/1696
f 1932/3881/1714 1983/3883/1716 2077/3773/1592 1984/3882/1715
f 1983/3883/1716 1957/3837/1717 2047/3774/1593 2077/3773/1592
f 1983/3884/1718 2078/3769/1588 2048/3772/1591 1957/3835/1719
f 1932/3876/1709 1986/3875/1708 2078/3769/1588 1983/3884/1718
f 1986/3875/1708 1953/3849/1680 2040/3770/1589 2078/3769/1588
f 1982/3885/1720 2079/3765/1584 2025/3768/1587 1946/3872/1705
f 1931/3886/1721 1981/3887/1722 2079/3765/1584 1982/3885/1720
f 1981/3887/1722 1948/3844/1675 2030/3766/1585 2079/3765/1584
f 1981/3888/1723 2080/3761/1580 2029/3764/1583 1948/3842/1673
f 1931/3889/1724 1980/3890/1725 2080/3761/1580 1981/3888/1723
f 1980/3890/1725 1947/3854/1685 2028/3762/1581 2080/3761/1580
f 1980/3890/1725 2081/3759/1578 2027/3760/1579 1947/3854/1685
f 1931/3889/1724 1979/3891/1726 2081/3759/1578 1980/3890/1725
f 1979/3891/1726 1945/3892/1727 2023/3752/1571 2081/3759/1578
f 1979/3893/1728 2082/3757/1576 2024/3754/1573 1945/3894/1729
f 1931/3886/1721 1982/3885/1720 2082/3757/1576 1979/3893/1728
f 1982/3885/1720 1946/3872/1705 2026/3758/1577 2082/3757/1576
f 1978/3895/1730 2083/3753/1572 2035/3756/1575 1951/3874/1707
f 1930/3896/1731 1977/3897/1732 2083/3753/1572 1978/3895/1730
f 1977/3897/1732 1945/3894/1729 2024/3754/1573 2083/3753/1572
f 1977/3898/1733 2084/3749/1568 2023/3752/1571 1945/3892/1727
f 1930/3899/1734 1976/3900/1735 2084/3749/1568 1977/3898/1733
f 1976/3900/1735 1944/3860/1691 2022/3750/1569 2084/3749/1568
f 1976/3900/1735 2085/3745/1564 2021/3748/1567 1944/3860/1691
f 1930/3899/1734 1975/3901/1736 2085/3745/1564 1976/3900/1735
f 1975/3901/1736 1958/3823/1737 2049/3746/1565 2085/3745/1564
f 1975/3902/1738 2086/3741/1560 2050/3744/1563 1958/3821/1739
f 1930/3896/1731 1978/3895/1730 2086/3741/1560 1975/3902/1738
f 1978/3895/1730 1951/3874/1707 2036/3742/1561 2086/3741/1560
f 1974/3903/1740 2087/3737/1556 2011/3740/1559 1939/3846/1677
f 1929/3904/1741 1973/3905/1742 2087/3737/1556 1974/3903/1740
f 1973/3905/1742 1942/3830/1661 2018/3738/1557 2087/3737/1556
f 1973/3906/1743 2088/3733/1552 2017/3736/1555 1942/3828/1659
f 1929/3907/1744 1972/3908/1745 2088/3733/1552 1973/3906/1743
f 1972/3908/1745 1941/3866/1698 2016/3734/1553 2088/3733/1552
f 1972/3908/1745 2089/3729/1548 2015/3732/1551 1941/3866/1698
f 1929/3907/1744 1971/3909/1746 2089/3729/1548 1972/3908/1745
f 1971/3909/1746 1940/3880/1713 2014/3730/1549 2089/3729/1548
f 1971/3910/1747 2090/3725/1544 2013/3728/1547 1940/3878/1711
f 1929/3904/1741 1974/3903/1740 2090/3725/1544 1971/3910/1747
f 1974/3903/1740 1939/3846/1677 2012/3726/1545 2090/3725/1544
o thatch_with_opacity_opacity
v -7.169388 22.776398 -12.300108
v -12.312686 22.663216 -12.539577
v -12.238158 23.898457 -12.256927
v -7.398325 23.956024 -11.889145
v -12.467392 24.709997 -10.248070
v -6.957592 25.350183 -10.225829
v 5.163675 23.024506 -12.247523
v -0.982535 22.647993 -12.618995
v 5.181882 25.335728 -10.803989
v -1.032797 24.318867 -12.292292
v 5.352221 23.977268 -12.172924
v -0.932204 24.727760 -10.788847
v 11.599513 22.584337 -12.964876
v 10.989375 24.818613 -10.786536
v 11.418890 24.361361 -12.015779
v -6.534100 20.868280 -12.375615
v -12.513977 20.278965 -12.505162
v -12.189625 23.339203 -11.856296
v -6.963362 23.399317 -11.523228
v -11.990911 23.973722 -10.924464
v -7.072368 24.161020 -11.180588
v 5.169938 20.966581 -12.861741
v -0.806684 21.046160 -12.580066
v 5.324707 23.541893 -11.031328
v -0.360187 23.066208 -12.314459
v 5.326410 23.052240 -12.020120
v -0.746225 24.127630 -11.069798
v 11.471229 21.033312 -12.587552
v 11.354468 23.841818 -10.894260
v 11.431842 22.932329 -12.199428
v -3.786302 23.309742 -11.702343
v -3.586278 24.052151 -10.904324
v 8.241264 21.785574 -12.906028
v 8.046382 23.151968 -12.257077
v 8.386843 23.572628 -10.908410
v 2.106565 20.560886 -12.801879
v 2.322854 22.934540 -12.064969
v 2.317454 23.797583 -10.783435
v -7.119965 26.471615 -9.623639
v -13.176809 25.138405 -9.375712
v -14.091107 26.289135 -8.468673
v -7.655240 27.386339 -8.711622
v -14.150745 27.254461 -6.698146
v -8.977750 28.206381 -6.756103
v 5.086751 25.899883 -9.443441
v -0.837161 26.188210 -9.506386
v 5.355393 27.267048 -7.270751
v -1.180118 27.798746 -9.087858
v 5.087552 27.022820 -8.918729
v -1.055406 27.164135 -7.401880
v 11.052615 25.790102 -9.659527
v 10.947536 27.225296 -7.149324
v 11.035482 26.743565 -8.766482
v -7.206098 25.319990 -9.558850
v -12.214535 24.630600 -9.798140
v -13.030083 26.305571 -8.661869
v -7.822857 26.264572 -8.585199
v -12.872822 26.615885 -7.725574
v -8.203530 27.081444 -7.803519
v 5.484074 25.374760 -9.881208
v -0.728613 25.928200 -9.806555
v 4.898603 26.675951 -7.572906
v -0.827786 26.755701 -8.590014
v 5.100458 26.615166 -8.669969
v -0.640354 27.137627 -7.485998
v 11.121652 25.199001 -9.981484
v 11.458664 26.597855 -7.660459
v 11.339743 26.302977 -8.814271
v -4.113138 26.562122 -8.782613
v -4.336222 27.084095 -7.702446
v 8.477505 25.062168 -9.779546
v 8.531801 26.325602 -8.446539
v 8.144869 26.511675 -7.605886
v 2.677100 25.268972 -10.206658
v 2.394011 26.305132 -8.844656
v 2.101077 26.928568 -7.782370
v -7.556333 28.489527 -7.049434
v -13.010261 27.700251 -7.221606
v -13.259026 29.895645 -6.511865
v -7.985651 30.082840 -6.337943
v -14.372880 31.088314 -4.737508
v -8.133562 31.451263 -4.715288
v 6.481763 28.360590 -7.114470
v 0.188579 28.500177 -7.152326
v 6.252085 30.539881 -4.954448
v -0.066655 29.587221 -6.621832
v 6.372896 29.934315 -6.310997
v 0.258411 30.522600 -5.246911
v 11.325885 29.433115 -6.988254
v 11.119770 30.877457 -5.281961
v 11.247146 30.128925 -6.335327
v -7.466991 27.738602 -7.254430
v -12.294806 27.373051 -7.430928
v -13.002028 29.660200 -6.191785
v -7.693875 29.148968 -6.116053
v -13.385334 30.383734 -5.331152
v -7.752561 29.978983 -5.678752
v 6.150239 28.069586 -7.952073
v 0.225509 28.661440 -7.739343
v 6.497454 29.254786 -5.218263
v 0.424039 28.962015 -6.530904
v 6.639568 28.736956 -6.547164
v 0.200025 29.838123 -5.480880
v 11.395822 28.067299 -7.686891
v 11.460860 30.570765 -5.106792
v 11.353543 29.478445 -6.515758
v -3.836847 29.150772 -6.113838
v -3.765044 29.757135 -5.386446
v 9.342772 27.232481 -7.698524
v 9.312998 29.289455 -6.475355
v 9.323132 30.545893 -5.517895
v 3.301697 28.369976 -7.819560
v 3.282365 29.063932 -6.542736
v 3.238807 29.799507 -5.292456
v -7.108833 31.169441 -5.240236
v -13.039499 31.526098 -4.946736
v -13.101625 32.109413 -4.686729
v -7.125179 32.353012 -4.172614
v -13.771526 33.465378 -2.758322
v -6.837478 33.204082 -2.367623
v 6.753847 31.421329 -4.986684
v 0.964439 30.837240 -5.195070
v 6.654101 33.214928 -2.989616
v 0.906369 31.769560 -4.527618
v 6.757273 32.643185 -4.294553
v 1.103439 32.239239 -2.647377
v 12.422852 31.846643 -4.935334
v 12.483344 32.965431 -3.061241
v 12.534445 32.553864 -4.369558
v -6.521454 30.942881 -5.012236
v -12.840405 30.786245 -4.795523
v -12.992254 32.351028 -4.081239
v -6.121499 31.801689 -3.849623
v -13.026984 33.615047 -3.350873
v -6.466454 32.369678 -3.395961
v 6.808207 30.493063 -5.313010
v 1.016623 31.114218 -5.832845
v 7.006353 32.033428 -3.218339
v 1.187023 31.227476 -4.419580
v 6.960413 31.369759 -4.409128
v 1.174176 32.147861 -3.412832
v 12.719713 31.244318 -5.218889
v 12.201361 33.304611 -3.271076
v 12.608465 32.066380 -4.441668
v -2.839276 31.508375 -4.094166
v -2.774995 31.983212 -3.331724
v 9.811479 30.863106 -5.618660
v 9.639929 32.149498 -4.370654
v 9.476899 32.623188 -2.967856
v 4.245654 29.832232 -5.329571
v 4.129832 31.117603 -4.719221
v 4.148388 32.012989 -3.311654
v -6.073038 33.650196 -2.674264
v -13.697523 33.419285 -2.726650
v -13.509744 34.564701 -1.974284
v -6.099063 34.719246 -1.938908
v -13.344883 35.735729 -0.529258
v -5.889326 35.964230 -0.316903
v 7.218635 33.067940 -2.652814
v 1.641146 33.543545 -2.796517
v 7.456235 34.798466 -0.447332
v 1.688118 35.036243 -2.001325
v 7.391986 34.361637 -1.960857
v 1.568218 35.118587 -0.490294
v 13.181430 34.714497 -2.480784
v 13.359444 36.808979 -0.806066
v 12.830453 35.625214 -1.673011
v -5.615588 33.036270 -3.136064
v -13.950293 33.116337 -3.090075
v -13.741989 34.854527 -1.438730
v -5.702449 34.273796 -1.750598
v -13.827869 35.743698 -1.038237
v -5.827374 34.862152 -1.118375
v 7.679454 33.162327 -3.327097
v 2.185620 32.936016 -3.552479
v 7.682854 34.492188 -0.872393
v 2.029628 33.348965 -1.968153
v 7.712663 33.872955 -2.096945
v 1.992864 34.028629 -1.082494
v 12.872802 33.632530 -3.379288
v 12.937770 36.291649 -0.928353
v 12.773235 34.986713 -1.920192
v -1.135437 34.099327 -1.654364
v -1.905308 34.887585 -1.144605
v 10.417927 33.056301 -3.227723
v 10.644574 34.560078 -2.016349
v 10.614725 35.184086 -0.652418
v 4.619666 32.511799 -3.156088
v 4.811713 33.507595 -2.100822
v 5.018180 34.516186 -0.998709
v 13.413468 29.865377 -4.410958
v 12.621075 27.614296 -5.649533
v 13.078704 28.839563 -5.830243
v 13.563206 31.526369 -4.489338
v 12.583793 29.930841 -5.796421
v 12.413524 32.061539 -4.471352
v 13.933148 35.067955 0.358874
v 13.623006 32.371605 -2.100794
v 13.608007 37.413456 -0.031457
v 13.774793 33.943596 -2.243606
v 14.051147 36.849674 0.011922
v 12.514154 34.406357 -2.322596
v 13.903275 30.152554 -3.125744
v 14.067587 32.311539 -3.219906
v 12.828449 33.274200 -3.253159
v 12.197536 23.854828 -9.588715
v 11.589723 21.431925 -10.827290
v 12.000881 22.744310 -11.007999
v 12.200294 24.883337 -9.667095
v 11.220880 23.998051 -10.974177
v 11.050611 25.684732 -9.649108
v 13.083982 28.673532 -5.039793
v 12.591654 26.263941 -7.278552
v 12.406934 31.546457 -5.163437
v 12.407359 27.397987 -7.418165
v 12.835567 30.405504 -5.109792
v 11.149471 27.952501 -7.499101
v 12.509551 24.231840 -8.303501
v 12.342304 25.810825 -8.397663
v 11.103166 26.969749 -8.430917
v 11.880216 22.637632 -11.005330
v 11.329128 20.955099 -12.292459
v 11.602943 21.971409 -12.444875
v 11.805224 24.053343 -11.045928
v 10.826157 22.842556 -12.389193
v 10.657088 24.474422 -11.019283
v 12.822813 26.780012 -6.344925
v 12.332610 24.891136 -8.631879
v 12.014391 29.469130 -6.398966
v 12.012330 26.302853 -8.733858
v 12.439527 28.443739 -6.367622
v 10.756304 26.707222 -8.806915
v 12.911667 23.646255 -9.691566
v 12.607761 24.927586 -9.751584
v 10.863088 25.697838 -9.766902
v 13.310124 28.251118 -6.341515
v 12.342997 26.136414 -7.628643
v 12.404615 26.801493 -8.026431
v 13.047122 29.736315 -6.382113
v 11.337605 27.416267 -7.970750
v 11.608763 29.848309 -6.355468
v 13.836680 32.028008 -1.681109
v 13.346478 31.218754 -3.968062
v 13.410432 35.780895 -1.770395
v 13.358573 32.732132 -4.070041
v 13.814846 34.685978 -1.724385
v 12.102547 33.160702 -4.143099
v 13.263513 29.705973 -5.027750
v 13.291982 31.234877 -5.087769
v 12.055928 32.111912 -5.103088
v -4.883245 25.049776 -10.499885
v -11.932240 23.358854 -10.177180
v -12.230943 25.546494 -9.079618
v -4.949735 26.874617 -9.262163
v -12.930905 26.365007 -7.265999
v -5.815863 27.553749 -7.479878
v 9.793662 22.902821 -10.493571
v 1.984667 24.572865 -10.607297
v 9.786710 26.144590 -7.806430
v 1.981092 26.775192 -9.369293
v 9.789360 25.805048 -9.226007
v 1.979380 27.288790 -7.795453
v -4.612248 24.007284 -11.669729
v -10.888595 23.713158 -11.919039
v -11.052994 25.600470 -9.524314
v -4.692554 25.863148 -9.411957
v -11.649342 26.319931 -8.279806
v -5.017023 26.488634 -8.191525
v 10.653342 23.414246 -12.086761
v 2.209229 24.392866 -12.178228
v 10.009525 26.113951 -8.124997
v 2.205366 26.190645 -9.789310
v 10.012346 25.676012 -9.786154
v 2.201007 26.508080 -8.188368
v -1.236536 25.872869 -9.410378
v -1.259977 26.498360 -8.189947
v 5.591825 23.815989 -12.175884
v 5.586313 25.666292 -9.787732
v 5.582724 26.311016 -8.156684
v -4.095687 27.697866 -8.137729
v -11.088309 27.019630 -8.173460
v -11.699603 28.987728 -7.038033
v -4.746089 29.203775 -6.959328
v -12.457034 30.390123 -5.269344
v -5.217775 30.106472 -5.244071
v 10.937068 27.432856 -8.134739
v 3.128067 27.981754 -8.292712
v 10.930106 30.054367 -5.558984
v 3.124491 29.489424 -7.114176
v 10.932757 29.143150 -6.942192
v 3.122780 29.748220 -5.553782
v -3.648331 27.277803 -8.278367
v -10.596731 26.423666 -8.556492
v -11.524388 28.774139 -6.739195
v -4.430529 28.560015 -6.669240
v -11.882547 29.767891 -6.012334
v -4.703072 29.278946 -5.966804
v 11.160767 26.688547 -8.803711
v 3.352628 28.056200 -8.823844
v 11.152928 29.667715 -5.868967
v 3.348766 28.306438 -7.027096
v 11.155751 28.713133 -7.025600
v 3.344407 29.298689 -5.965307
v -0.090016 28.569891 -6.668493
v -0.089286 29.288818 -5.966057
v 6.735228 27.640202 -8.786135
v 6.729716 28.316315 -7.026348
v 6.726126 29.157425 -5.917140
v -3.398829 30.104223 -5.582039
v -11.235795 30.735128 -6.010503
v -11.616739 31.411436 -4.877943
v -3.576347 31.778048 -4.865592
v -11.727174 32.959362 -3.162688
v -3.644017 32.680740 -3.150336
v 11.667123 30.730537 -5.728342
v 4.129065 30.006704 -6.198977
v 11.660443 32.649651 -3.465248
v 4.125635 31.315176 -5.020442
v 11.662986 32.186451 -4.848457
v 4.123991 31.573973 -3.460047
v -3.014082 29.737898 -5.845205
v -10.739407 29.357237 -6.036547
v -11.425647 31.626793 -4.577001
v -3.290116 30.909136 -4.575505
v -11.491477 32.586254 -3.874564
v -3.358553 31.628067 -3.873069
v 11.881863 30.298534 -6.274140
v 4.344630 30.140537 -6.724512
v 11.874336 32.537357 -3.775232
v 4.340927 30.655561 -4.933362
v 11.877044 31.930555 -4.931866
v 4.336741 31.647808 -3.871572
v 1.094230 30.919008 -4.574758
v 1.091225 31.637936 -3.872322
v 7.591735 28.718861 -6.352972
v 7.586446 30.230165 -4.932614
v 7.582995 31.377691 -3.823405
v -2.489002 31.528061 -3.709598
v -11.583522 32.443649 -3.676106
v -11.501105 34.539547 -2.543546
v -2.459723 33.061867 -2.531197
v -11.486772 35.461140 -0.828291
v -2.472401 34.194550 -0.815939
v 12.481006 32.849300 -3.706606
v 4.942945 32.255138 -3.864580
v 12.516414 35.620899 -1.160638
v 4.939514 33.790710 -2.686045
v 12.477966 34.608093 -2.514838
v 4.937874 34.049507 -1.125650
v -2.153628 32.519516 -3.949817
v -12.074681 31.714176 -4.141160
v -12.044203 34.341618 -2.242603
v -2.154821 34.248962 -2.241107
v -12.033529 35.075043 -1.540167
v -2.188402 33.929466 -1.538672
v 12.475375 32.610859 -4.378752
v 5.158513 30.972134 -4.495294
v 12.485395 34.807491 -1.453252
v 5.154809 32.956963 -2.598964
v 12.470591 33.993450 -2.597490
v 5.150621 33.949207 -1.537176
v 1.908110 33.220409 -2.240361
v 1.905108 33.939335 -1.537925
v 8.405615 32.835907 -4.457583
v 8.400326 34.326519 -2.598217
v 8.396874 34.561527 -0.792442
v 8.454378 28.068325 -7.025975
v 8.459640 26.832172 -8.794922
v 8.451172 28.950792 -5.893053
v 1.116218 26.154669 -9.479785
v 1.815025 25.878368 -9.471871
v 1.657378 27.222343 -8.995429
v 0.950357 27.553549 -9.015532
v 1.857718 27.067629 -7.330336
v 1.136683 27.294691 -7.345766
v -7.028533 22.173967 12.393004
v -12.572460 22.663216 12.422599
v -12.766787 23.413357 12.158911
v -7.298861 23.609701 11.771566
v -13.233728 24.419510 10.107819
v -6.845385 25.023054 10.110561
v 5.034785 22.373198 12.181538
v -0.982534 22.647993 12.502014
v 5.181883 25.335728 10.687008
v -1.023283 24.128269 12.153111
v 5.568612 24.330069 12.055943
v -0.931662 24.546246 10.650489
v 11.558391 22.584337 12.847894
v 11.622890 24.186054 10.669552
v 11.377769 23.402142 11.898795
v -6.534099 20.868280 12.258635
v -12.513975 20.278965 12.388183
v -12.735672 23.365232 11.737064
v -6.884798 23.399317 11.406246
v -12.587051 24.145777 10.771404
v -6.970090 24.161020 11.063606
v 5.169939 20.966581 12.300284
v -0.806682 21.046160 12.670586
v 5.324708 23.541893 10.914348
v -0.360185 23.066208 12.197478
v 5.326411 23.052240 11.903138
v -0.746224 24.127630 10.952817
v 11.471231 21.033312 12.470569
v 11.354468 23.841818 10.777277
v 11.431844 22.932329 12.082444
v -3.755473 23.309742 11.585361
v -3.524379 24.052151 10.787341
v 8.241266 21.785574 12.789046
v 8.046384 23.151968 12.140096
v 8.386843 23.572628 10.791429
v 2.106566 20.560886 12.684896
v 2.322855 22.934540 11.947987
v 2.317455 23.797583 10.666453
v -6.743880 26.539957 9.506658
v -13.866008 25.255436 9.239054
v -14.368419 26.270466 8.365071
v -6.656826 27.745426 8.594638
v -13.839059 26.978796 7.200193
v -7.079342 28.159664 7.251853
v 5.086752 25.899883 9.326458
v -0.787663 26.188210 9.389403
v 5.355394 27.267048 7.153767
v -1.106901 27.798746 8.970874
v 5.087553 27.022820 8.801744
v -0.972715 27.164135 7.284896
v 11.052615 25.790102 9.542543
v 10.947536 27.225296 7.032338
v 11.035482 26.743565 8.649496
v -7.051554 25.319990 9.441867
v -12.998503 24.843166 9.621262
v -13.123954 26.396797 8.498728
v -6.991893 26.264572 8.468215
v -12.543929 26.681541 7.555290
v -6.885649 27.081444 7.686537
v 5.484075 25.374760 9.764227
v -0.689612 25.928200 9.689573
v 4.898604 26.675951 7.809851
v -0.762344 26.755701 8.473031
v 5.100459 26.615166 8.682780
v -0.570251 27.137627 7.369015
v 11.121652 25.199001 9.864501
v 11.458664 26.597855 7.543474
v 11.339743 26.302977 8.697285
v -3.973708 26.562122 8.665629
v -3.797301 27.084095 7.585462
v 8.477505 25.062168 9.662564
v 8.531801 26.325602 8.530406
v 8.144869 26.511675 7.842830
v 2.677101 25.268972 10.089676
v 2.394012 26.305132 8.727671
v 2.101078 26.928568 7.665386
v -5.916781 28.489527 6.932451
v -11.043256 27.596962 7.041215
v -11.326575 29.377537 6.340261
v -5.969052 29.886917 6.220960
v -12.322365 30.599916 4.620526
v -6.645111 30.911800 4.598304
v 6.481764 28.360590 6.997484
v 0.235831 28.500177 7.035342
v 6.252085 30.539881 4.837462
v -0.014280 29.587221 6.504848
v 6.372897 29.934315 6.194011
v 0.286872 30.522600 5.129927
v 11.325885 29.433115 6.871269
v 11.119770 30.877457 5.164976
v 11.247146 30.128925 6.218342
v -6.006929 27.738602 7.137448
v -11.043256 27.423164 7.234894
v -11.434006 29.125814 6.013065
v -5.771136 29.040255 5.999069
v -11.954883 29.809458 5.186203
v -5.830585 29.720581 5.561770
v 6.150240 28.069586 7.835087
v 0.268934 28.661440 7.622359
v 6.497454 29.254786 5.101278
v 0.462841 28.962015 6.413920
v 6.639569 28.736956 6.430180
v 0.237576 29.838123 5.363897
v 11.395822 28.067299 7.569906
v 11.460860 30.570765 4.989807
v 11.353543 29.478445 6.398773
v -2.821591 29.150772 5.996854
v -2.620360 29.757135 5.269461
v 9.342772 27.232481 7.581540
v 9.312998 29.289455 6.358370
v 9.323132 30.545893 5.400909
v 3.301697 28.369976 7.702575
v 3.282366 29.063932 6.425751
v 3.238807 29.799507 5.175472
v -5.458549 30.847076 5.123252
v -11.820607 31.014526 4.829753
v -11.780195 31.627897 4.569747
v -5.932272 31.841873 4.055631
v -13.099129 33.207512 2.641340
v -6.308593 33.400478 2.250640
v 6.753847 31.421329 4.869699
v 0.965281 30.837240 5.078087
v 6.654101 33.214928 2.872632
v 0.906369 31.769560 4.410635
v 6.757273 32.643185 4.177568
v 1.103440 32.239239 2.530394
v 12.422852 31.846643 4.818348
v 12.483344 32.965481 2.944257
v 12.534445 32.553864 4.252573
v -4.923158 30.693651 4.895251
v -11.698320 30.300055 4.741041
v -11.773721 31.926409 3.964257
v -4.979648 31.442568 3.732640
v -12.200121 33.293781 3.233890
v -5.523058 31.893610 3.278979
v 6.808207 30.493063 5.196024
v 1.017276 31.114218 5.715860
v 7.006353 32.033443 3.101354
v 1.187024 31.227476 4.302597
v 6.960413 31.369759 4.292142
v 1.174176 32.147861 3.295848
v 12.719713 31.750822 5.101903
v 12.201361 33.304646 3.154092
v 12.608465 32.572880 4.324684
v -1.799556 31.508375 3.977182
v -1.918067 31.983212 3.214740
v 9.811479 30.863106 5.501676
v 9.639929 32.149498 4.253670
v 9.476899 32.623226 2.850872
v 4.245654 29.832232 5.212586
v 4.129832 31.117603 4.602237
v 4.148388 32.012989 3.194670
v -5.437181 32.945244 2.557282
v -13.028471 33.162079 2.609668
v -13.162498 34.398140 1.857302
v -5.714368 34.480675 1.821924
v -13.278746 35.701519 0.412276
v -5.853022 35.233368 0.199920
v 7.218635 33.067940 2.535830
v 1.641146 33.771793 2.679532
v 7.456235 34.793579 0.330348
v 1.688119 35.735676 1.884341
v 7.391986 34.358479 1.843873
v 1.568218 35.305355 0.373310
v 13.176321 34.655998 2.360144
v 13.342760 36.594986 0.572570
v 12.803626 35.300880 1.524750
v -4.867136 32.754978 3.019080
v -13.127442 32.823849 2.973093
v -13.522843 34.743019 1.321748
v -5.378234 34.733288 1.633614
v -13.690227 35.673885 0.921255
v -5.667052 35.159878 1.001392
v 7.679454 33.162327 3.210114
v 2.185621 32.936016 3.435496
v 7.682854 34.489189 0.755409
v 2.029628 33.610722 1.851169
v 7.712663 33.874100 1.979961
v 1.992864 34.376507 0.965510
v 12.872802 33.632542 3.262303
v 12.910151 35.965538 0.722871
v 12.759710 34.812473 1.790864
v -0.859689 34.099327 1.537381
v -1.751261 34.887585 1.027622
v 10.417927 33.056335 3.110739
v 10.644574 34.559639 1.899364
v 10.614342 35.169895 0.535019
v 4.619666 32.511799 3.039104
v 4.811713 33.507595 1.983838
v 5.018180 34.516186 0.881725
v 13.413468 29.865377 4.293973
v 12.621075 27.614296 5.532548
v 13.078704 28.839563 5.713258
v 13.563206 31.526369 4.372355
v 12.583793 29.930841 5.679436
v 12.413524 32.061539 4.354367
v 14.149795 35.277596 0.067752
v 13.623006 32.371670 1.983809
v 13.802958 37.470753 0.008477
v 13.770323 33.886898 2.123385
v 14.249390 36.925201 0.004979
v 12.512383 34.384903 2.204359
v 13.540903 30.193514 3.008759
v 13.705216 32.366623 3.102920
v 12.466078 33.282375 3.136175
v 12.197536 23.854828 9.471730
v 11.722981 21.431925 10.710306
v 12.134140 22.744310 10.891016
v 12.200294 24.883337 9.550112
v 11.354139 23.998051 10.857194
v 11.050611 25.684732 9.532125
v 13.083982 28.673532 4.922809
v 12.591654 26.263941 7.161566
v 12.406934 31.836983 5.046452
v 12.407359 27.397987 7.301180
v 12.835567 30.405504 4.992806
v 11.149471 28.243029 7.382116
v 12.999669 24.231840 8.186516
v 12.832422 25.810825 8.280677
v 11.593285 26.974514 8.313931
v 11.880217 22.637632 10.888346
v 11.329130 20.955099 12.175476
v 11.602945 21.971409 12.327891
v 11.805226 24.053343 10.928944
v 10.826159 22.842556 12.272213
v 10.657089 24.474422 10.902302
v 12.822813 26.780012 6.227940
v 12.332610 24.891136 8.514892
v 12.014391 29.469130 6.281982
v 12.012330 26.302853 8.616872
v 12.439527 28.443739 6.250638
v 10.756304 26.707222 8.689932
v 12.249644 23.646255 9.574582
v 11.945740 24.927586 9.634602
v 10.709686 25.697838 9.649920
v 13.576618 28.236149 6.224530
v 12.342997 26.136414 7.511659
v 12.671835 27.020700 7.664073
v 13.313615 29.721731 6.265128
v 11.604826 27.635475 7.608394
v 11.875256 29.863829 6.238483
v 13.836680 32.028076 1.564123
v 13.346478 31.218754 3.851078
v 13.372703 35.339085 1.609624
v 13.358573 32.732132 3.953056
v 13.792192 34.395439 1.582278
v 12.102547 33.160702 4.026114
v 12.647606 29.733629 4.910764
v 12.676075 31.271254 4.970783
v 11.440022 32.056686 4.986102
v -4.775209 25.049776 10.382903
v -12.526832 23.532879 10.027419
v -12.528011 25.732407 8.886426
v -4.778777 26.874617 9.145180
v -12.532314 26.411535 7.786933
v -4.783079 27.553749 7.474912
v 9.793662 22.902821 10.376590
v 1.984668 24.572865 10.490315
v 9.786710 26.144590 8.234784
v 1.981092 26.775192 9.252309
v 9.789360 25.805048 9.109022
v 1.979381 27.288790 7.678470
v -4.553795 24.007284 11.552749
v -11.312943 23.713158 11.802057
v -11.319648 25.843699 9.298130
v -4.557757 25.863148 9.294973
v -11.322775 26.469189 8.077698
v -4.560884 26.488634 8.074541
v 11.773037 23.414246 11.969778
v 2.209229 24.392866 12.061247
v 11.129217 26.114193 8.008011
v 2.205367 26.190645 9.672328
v 11.132038 25.676012 9.669171
v 2.201008 26.508080 8.071383
v -1.176810 25.872869 9.293396
v -1.179937 26.498360 8.072964
v 5.591825 23.815989 12.058903
v 5.586314 25.666292 9.670751
v 5.582725 26.311016 8.039701
v -3.631810 27.697866 8.020745
v -10.395522 27.129721 7.987255
v -10.396703 28.771713 6.854695
v -3.635377 29.203775 6.842343
v -11.337817 29.833836 5.139441
v -3.639679 30.106472 5.127087
v 10.937068 27.432856 8.017753
v 3.128068 27.981754 8.175728
v 10.930106 30.054367 5.441998
v 3.124492 29.489424 6.997191
v 10.932757 29.143150 6.825207
v 3.122781 29.748220 5.436797
v -3.410396 27.277803 8.161384
v -10.169545 26.579760 8.352726
v -10.176248 28.540274 6.553752
v -3.414358 28.560015 6.552257
v -10.673891 29.259205 5.851316
v -3.417485 29.278946 5.849821
v 11.160767 26.688547 8.686726
v 3.352629 28.056200 8.706860
v 11.152928 29.667715 5.751981
v 3.348767 28.306438 6.910112
v 11.155751 28.713133 6.908615
v 3.344408 29.298689 5.848323
v -0.033410 28.569891 6.551508
v -0.036537 29.288818 5.849072
v 6.735229 27.640202 8.669151
v 6.729717 28.316315 6.909363
v 6.726127 29.157425 5.800154
v -2.360028 30.104223 5.465054
v -9.441154 30.143831 5.893520
v -10.049262 30.839348 4.760961
v -2.363453 31.778048 4.748609
v -10.865676 32.615574 3.045704
v -2.919859 32.680740 3.033353
v 11.667123 30.730537 5.611357
v 4.129066 30.006704 6.081993
v 11.660443 32.649651 3.348264
v 4.125635 31.315176 4.903457
v 11.662986 32.186451 4.731473
v 4.123991 31.573973 3.343062
v -2.147485 29.737898 5.728220
v -8.921536 28.924726 5.919563
v -9.971148 31.087473 4.460018
v -2.151285 30.909136 4.458522
v -10.366604 32.152348 3.757582
v -2.274805 31.628067 3.756086
v 11.881863 30.298534 6.157154
v 4.344631 30.140537 6.607527
v 11.874336 32.537357 3.658247
v 4.340927 30.655561 4.816378
v 11.877044 31.930555 4.814880
v 4.336741 31.647808 3.754589
v 1.094231 30.919008 4.457774
v 1.091226 31.637936 3.755338
v 7.591736 28.718861 6.235987
v 7.586446 30.230165 4.815629
v 7.582995 31.377691 3.706420
v -1.546145 31.528061 3.592614
v -10.498758 32.028545 3.559124
v -11.024678 34.300365 2.426564
v -1.971865 33.061867 2.414212
v -11.378624 35.400631 0.711308
v -2.346158 34.194550 0.698956
v 12.481006 32.849300 3.589622
v 4.942945 32.255138 3.747597
v 12.491318 35.313496 1.001841
v 4.939514 33.790710 2.569060
v 12.476868 34.595219 2.397076
v 4.937874 34.049507 1.008666
v -1.333602 32.519516 3.832834
v -10.760446 31.242254 4.024178
v -11.619940 34.131725 2.125621
v -1.788905 34.248962 2.124123
v -11.798798 34.947983 1.423185
v -1.927848 33.929466 1.421690
v 12.475375 32.610859 4.261766
v 5.158513 30.972134 4.378310
v 12.472290 34.638767 1.320710
v 5.154809 32.956963 2.481979
v 12.470559 33.993053 2.480484
v 5.153376 33.937878 1.414265
v 1.908111 33.412457 2.123377
v 1.905108 34.406265 1.420941
v 8.405615 32.835907 4.340600
v 8.400326 34.326500 2.481232
v 8.396874 34.558441 0.675458
v 8.454378 28.068325 6.908990
v 8.459640 26.832172 8.677938
v 8.451172 28.950792 5.776069
v 1.116219 26.154669 9.362801
v 1.815026 25.878368 9.354888
v 1.657379 27.222343 8.878446
v 0.956492 27.553549 8.898548
v 1.857719 27.067629 7.213351
v 1.149306 27.294691 7.228781
v 14.544154 33.394665 1.048675
v 14.695765 35.410847 1.067153
v 13.574984 36.173470 1.100497
v 14.418953 33.496979 -0.862783
v 14.600450 35.862129 -1.140651
v 13.761616 36.558979 -1.211074
v 9.956320 24.395996 -12.055064
v 9.958329 22.531551 -12.798287
v 9.537501 24.990353 -10.790898
v 0.732350 27.382267 -8.729729
v 1.015709 28.265308 -6.761999
v 0.706862 28.362720 -8.615222
v 7.170248 27.191763 -9.169580
v 7.476086 27.650436 -6.892090
v 7.448261 27.662579 -8.666354
v 4.354585 27.744530 -9.361732
v 4.293911 28.625732 -8.514792
v 5.825810 28.587744 -8.173353
v 5.770480 27.673609 -8.954242
v 5.970729 28.875933 -6.765153
v 2.664653 27.771961 -9.165301
v 2.918019 28.648542 -6.907689
v 2.535604 28.718813 -8.332625
v 0.720858 27.961021 -8.825384
v 7.311288 27.445030 -8.976488
v 4.324248 28.273663 -9.091171
v 5.798144 28.219206 -8.716706
v 2.600129 28.333916 -8.901872
v 12.271701 24.597105 -9.664138
v 12.649441 22.143982 -11.132437
v 10.568292 25.003288 -10.436970
v 11.053959 23.339697 -12.850467
v 12.432577 23.440731 -10.173043
v 10.568535 24.351559 -11.834476
v 11.549527 25.013756 -10.153176
v 11.864153 22.684673 -12.472029
v 11.490005 24.386423 -11.163453
v 12.091178 25.754978 -8.479094
v 12.624403 23.117151 -9.707083
v 10.475346 25.952787 -9.406965
v 11.443789 24.185349 -11.677089
v 12.487782 24.708281 -8.862020
v 10.729557 25.213461 -10.760544
v 11.406347 26.071283 -9.045218
v 12.473947 23.895506 -11.129523
v 11.593302 25.470984 -9.976887
v 11.994676 26.677433 -8.571813
v 12.296447 24.793032 -10.894611
v 10.011535 26.628141 -8.315748
v 8.881978 24.708168 -10.453734
v 12.485907 25.851664 -9.849672
v 9.071438 25.766800 -9.408798
v 10.968131 26.867863 -8.584297
v 10.440274 24.857141 -11.375831
v 10.698689 26.301075 -9.950572
v 12.746756 26.807615 -7.324484
v 13.013932 24.557999 -8.816731
v 11.043346 27.213802 -8.097319
v 11.529016 25.550209 -10.510814
v 12.991859 25.670765 -7.857338
v 11.043591 26.562073 -9.494825
v 12.024581 27.224264 -7.813525
v 12.638709 25.098686 -10.156323
v 12.049288 26.616461 -8.847747
v 12.566230 27.965496 -6.139439
v 13.183685 25.347185 -7.391377
v 10.950400 28.163296 -7.067312
v 11.918845 26.395863 -9.337437
v 13.047062 26.938313 -6.546313
v 11.204612 27.423975 -8.420891
v 11.881403 28.281797 -6.705564
v 13.033230 26.125540 -8.813818
v 12.152581 27.594196 -7.661185
v 12.469730 28.955730 -6.232158
v 12.771502 27.071327 -8.554958
v 10.486589 28.906443 -5.976095
v 9.357033 26.986464 -8.114082
v 12.960960 28.129959 -7.510019
v 9.546490 28.045101 -7.069145
v 11.443186 29.146164 -6.244642
v 10.915330 27.135439 -9.036180
v 11.173747 28.579376 -7.610921
v 12.764537 29.792925 -5.310164
v 13.482908 27.341009 -6.729161
v 10.985136 30.045422 -6.017463
v 11.034157 28.127071 -8.282659
v 13.160029 28.599943 -5.867899
v 10.635419 28.729572 -7.113896
v 11.989982 30.113783 -5.797383
v 12.536571 27.667248 -8.050081
v 12.096175 29.384386 -6.875352
v 12.672553 31.144133 -4.262446
v 13.403837 28.346092 -5.472116
v 10.970118 31.164093 -5.104126
v 11.757953 29.027113 -7.200229
v 13.363411 30.065910 -4.712275
v 11.111195 30.198421 -6.370644
v 11.930017 31.352551 -4.816480
v 13.083217 28.897770 -6.863169
v 12.333779 30.648775 -5.826772
v 12.548856 32.040195 -4.454018
v 12.669397 29.772472 -6.548714
v 10.596656 32.018871 -4.076671
v 9.308210 29.735765 -5.899015
v 12.935139 31.004221 -5.650094
v 9.573952 30.967510 -5.000394
v 11.520286 32.217613 -4.426627
v 10.772091 29.735914 -6.919754
v 11.134550 31.415970 -5.694070
v 13.413483 32.393116 -3.282840
v 13.890433 29.444124 -4.721397
v 11.634085 32.645611 -3.990137
v 11.924960 30.582232 -6.210723
v 13.979026 31.178036 -3.860136
v 11.516029 31.756784 -5.294837
v 12.638930 32.713974 -3.770057
v 13.355567 30.245344 -6.042317
v 12.915169 31.962482 -4.867588
v 13.321502 33.744324 -2.235120
v 14.222831 30.924185 -3.464354
v 11.619066 33.764282 -3.076802
v 12.406899 31.627304 -5.172903
v 14.182405 32.644009 -2.704509
v 11.760143 32.798615 -4.343318
v 12.578969 33.952740 -2.789155
v 13.902210 31.475863 -4.855406
v 13.152773 33.226864 -3.819010
v 13.196425 34.331245 -2.434472
v 13.316970 32.439758 -4.529167
v 11.244228 34.309933 -2.057120
v 9.955782 32.403046 -3.879467
v 13.582711 33.671505 -3.630548
v 10.221523 33.634792 -2.980849
v 12.167854 34.508667 -2.407078
v 11.419662 32.403194 -4.900206
v 11.782123 34.083252 -3.674522
v 14.238124 35.119137 -0.846722
v 14.594731 32.547375 -2.314040
v 12.577734 35.751949 -1.575356
v 12.465082 33.721809 -3.826086
v 14.535686 33.826424 -1.436309
v 12.301643 34.935364 -2.896449
v 13.567585 35.604156 -1.339552
v 13.781626 33.090443 -3.642657
v 13.701087 34.835026 -2.445468
v 14.226724 36.615494 -0.010496
v 14.741135 33.690861 -0.647781
v 12.539173 36.246155 -0.333580
v 13.070855 34.439129 -2.380798
v 15.079117 35.690861 -0.181418
v 12.799443 35.956360 -1.846593
v 13.532413 36.814629 -0.241186
v 14.426576 34.017601 -2.041402
v 14.193274 36.150761 -1.405303
v 11.532269 23.918989 -10.956334
v 11.820955 20.990915 -12.771395
v 9.632226 24.330238 -11.350238
v 9.058600 22.135046 -13.449594
v 12.320868 22.685509 -11.873048
v 9.049479 23.393583 -12.551247
v 10.676056 24.298082 -11.313799
v 10.912133 21.719643 -13.804531
v 10.899693 23.436241 -12.579215
v 12.271701 24.597105 9.545412
v 12.649443 22.143982 11.013712
v 10.568292 25.003288 10.318247
v 11.053961 23.339697 12.731744
v 12.432577 23.440731 10.054317
v 10.568537 24.351559 11.715753
v 11.549527 25.013756 10.034451
v 11.864155 22.684673 12.353304
v 11.490006 24.386423 11.044729
v 12.091178 25.754978 8.360368
v 12.624403 23.117151 9.588359
v 10.475346 25.952787 9.288240
v 11.443791 24.185349 11.558363
v 12.487782 24.708281 8.743293
v 10.729557 25.213461 10.641820
v 11.406347 26.071283 8.926493
v 12.473948 23.895506 11.010798
v 11.593302 25.470984 9.858162
v 11.994676 26.677433 8.453087
v 12.296447 24.793032 10.775887
v 10.011535 26.628141 8.197024
v 8.881978 24.708168 10.335011
v 12.485907 25.851664 9.730947
v 9.071438 25.766800 9.290073
v 10.968131 26.867863 8.465570
v 10.440276 24.857141 11.257108
v 10.698689 26.301075 9.831849
v 12.746756 26.807615 7.205759
v 13.013932 24.557999 8.698005
v 11.043346 27.213802 7.978592
v 11.529016 25.550209 10.392089
v 12.991859 25.670765 7.738611
v 11.043591 26.562073 9.376100
v 12.024581 27.224264 7.694798
v 12.638709 25.098686 10.037598
v 12.049288 26.616461 8.729020
v 12.566230 27.965496 6.020713
v 13.183685 25.347185 7.272652
v 10.950400 28.163296 6.948587
v 11.918845 26.395863 9.218712
v 13.047062 26.938313 6.427587
v 11.204612 27.423975 8.302163
v 11.881403 28.281797 6.586838
v 13.033230 26.125540 8.695090
v 12.152581 27.701017 7.542459
v 12.469730 28.955730 6.113433
v 12.771502 27.071327 8.436231
v 10.486589 28.906443 5.857369
v 9.357033 26.986464 7.995357
v 12.960960 28.129959 7.391294
v 9.546490 28.045101 6.950419
v 11.443186 29.146164 6.125916
v 10.915330 27.135439 8.917453
v 11.173747 28.579376 7.492195
v 12.764537 29.792925 5.191439
v 13.482908 27.341009 6.610436
v 10.985136 30.045422 5.898737
v 11.276010 27.982040 8.119321
v 13.160029 28.599943 5.749174
v 10.867078 29.156595 7.203435
v 11.989982 30.113783 5.678657
v 12.536571 27.667248 7.931355
v 12.096175 29.384386 6.756627
v 12.672553 31.144133 4.143722
v 13.403837 28.346092 5.353391
v 10.970118 31.164093 4.985401
v 11.757953 29.027113 7.081504
v 13.363411 30.065910 4.593550
v 11.111195 30.198421 6.251918
v 11.930017 31.352551 4.697754
v 13.083217 28.897770 6.744443
v 12.333779 30.648775 5.708047
v 12.548856 32.040195 4.335292
v 12.669397 29.772472 6.429987
v 10.596656 32.018871 3.957945
v 9.308210 29.735765 5.780290
v 12.935139 31.004221 5.531368
v 9.573952 30.967510 4.881669
v 11.520286 32.217613 4.307902
v 10.772091 29.735914 6.801028
v 11.134550 31.415970 5.575345
v 13.413483 32.393116 3.164115
v 13.890433 29.444124 4.602672
v 11.634085 32.645611 3.871411
v 11.924960 30.582232 6.091998
v 13.979026 31.178036 3.741410
v 11.516029 31.756784 5.176111
v 12.638930 32.713974 3.651333
v 13.355567 30.245344 5.923592
v 12.915169 31.962482 4.748863
v 13.321502 33.744324 2.116395
v 14.222831 30.924185 3.345627
v 11.619066 33.764282 2.958077
v 12.406899 31.627304 5.054177
v 14.182405 32.644009 2.585784
v 11.760143 32.798615 4.224593
v 12.578969 33.952740 2.670430
v 13.902210 31.475863 4.736680
v 13.152773 33.226864 3.700286
v 13.196425 34.331245 2.315747
v 13.316970 32.439758 4.410442
v 11.244228 34.309933 1.938396
v 9.955782 32.403046 3.760741
v 13.582711 33.671505 3.511823
v 10.221523 33.634792 2.862124
v 12.167854 34.508667 2.288352
v 11.419662 32.403194 4.781481
v 11.782123 34.083252 3.555798
v 14.238124 35.119137 0.727997
v 14.594731 32.547375 2.195315
v 12.577734 35.751949 1.456630
v 12.465082 33.721809 3.707361
v 14.535686 33.826424 1.317584
v 12.301643 34.935364 2.777724
v 13.567585 35.604156 1.220826
v 13.781626 33.090443 3.523931
v 13.701087 34.835026 2.326741
v 14.226724 36.615494 -0.108230
v 14.741135 33.690861 0.529056
v 12.539173 36.246155 0.214855
v 13.070855 34.439129 2.262072
v 15.079117 35.690861 0.062693
v 12.799443 35.956360 1.727868
v 13.532413 36.814629 0.122461
v 14.426576 34.017601 1.922677
v 14.193274 36.150761 1.286577
v 11.532270 23.918989 10.837609
v 11.820957 20.990915 12.652672
v 9.632228 24.330238 11.231514
v 9.058602 22.135046 13.330873
v 12.320870 22.685509 11.754323
v 9.049481 23.393583 12.432525
v 10.676058 24.298082 11.195075
v 10.912135 21.719643 13.685808
v 10.899694 23.436241 12.460494
v -14.219700 29.865377 4.296445
v -13.427306 27.614296 5.535018
v -13.884936 28.839563 5.715729
v -14.369438 31.526369 4.374825
v -13.390025 29.930841 5.681907
v -13.219755 32.061539 4.356838
v -14.782189 35.066120 -0.471889
v -14.429237 32.371605 1.986282
v -14.445448 37.192036 -0.008530
v -14.539543 33.861389 2.076525
v -14.892563 36.652649 -0.054464
v -13.245032 34.022263 2.087014
v -14.709506 30.152554 3.011230
v -14.873819 32.311539 3.105393
v -13.634681 33.274200 3.138645
v -13.003767 23.854830 9.474201
v -12.395954 21.431925 10.712777
v -12.807114 22.744310 10.893487
v -13.006526 24.883337 9.552584
v -12.027113 23.998051 10.859665
v -11.856844 25.684732 9.534596
v -13.890215 28.673532 4.925279
v -13.397885 26.263941 7.164038
v -13.213165 31.546457 5.048923
v -13.213592 27.397987 7.303650
v -13.641798 30.405504 4.995279
v -11.955703 27.952501 7.384586
v -13.315784 24.231840 8.188987
v -13.148536 25.810825 8.283148
v -11.909398 26.969749 8.316402
v -12.686447 22.637632 10.890820
v -12.135360 20.955099 12.177948
v -12.409175 21.971409 12.330362
v -12.611456 24.053343 10.931415
v -11.632389 22.842558 12.274680
v -11.463321 24.474422 10.904773
v -13.629045 26.780012 6.230411
v -13.138842 24.891136 8.517365
v -12.820622 29.469130 6.284452
v -12.818562 26.302853 8.619343
v -13.245759 28.443739 6.253109
v -11.562535 26.707222 8.692402
v -13.717898 23.646255 9.577053
v -13.413994 24.927586 9.637073
v -11.669319 25.697838 9.652391
v -14.116356 28.251118 6.227000
v -13.149228 26.136414 7.514129
v -13.210847 26.801493 7.911917
v -13.853354 29.736315 6.267598
v -12.143837 27.416267 7.856235
v -12.414993 29.848309 6.240954
v -14.642913 32.028008 1.566596
v -14.152709 31.218754 3.853549
v -14.157829 35.095417 1.649371
v -14.164804 32.732132 3.955528
v -14.578706 34.332588 1.555415
v -12.908778 33.160702 4.028587
v -14.069744 29.705973 4.913234
v -14.098213 31.234877 4.973254
v -12.862161 32.111912 4.988575
v -14.219700 29.865377 -4.408486
v -13.427306 27.614296 -5.647062
v -13.884936 28.839563 -5.827773
v -14.369438 31.526369 -4.486868
v -13.390025 29.930841 -5.793951
v -13.219755 32.061539 -4.468881
v -14.991832 35.215256 -0.168315
v -14.429237 32.371670 -2.098322
v -14.619739 37.290810 -0.097126
v -14.576554 33.886898 -2.237899
v -15.069805 36.777435 -0.087682
v -13.318615 34.384903 -2.318873
v -14.347135 30.193514 -3.123273
v -14.511448 32.366623 -3.217434
v -13.272309 33.282375 -3.250688
v -13.003767 23.854830 -9.586243
v -12.529212 21.431925 -10.824818
v -12.940373 22.744310 -11.005528
v -13.006526 24.883337 -9.664624
v -12.160372 23.998051 -10.971706
v -11.856844 25.684732 -9.646637
v -13.890215 28.673532 -5.037323
v -13.397885 26.263941 -7.276080
v -13.213165 31.836983 -5.160966
v -13.213592 27.397987 -7.415695
v -13.641798 30.405504 -5.107320
v -11.955703 28.243029 -7.496630
v -13.805902 24.231840 -8.301031
v -13.638654 25.810825 -8.395191
v -12.399516 26.974514 -8.428446
v -12.686448 22.637632 -11.002858
v -12.135362 20.955099 -12.289989
v -12.409177 21.971409 -12.442403
v -12.611458 24.053343 -11.043455
v -11.632391 22.842558 -12.386724
v -11.463322 24.474422 -11.016813
v -13.629045 26.780012 -6.342454
v -13.138842 24.891136 -8.629407
v -12.820622 29.469130 -6.396496
v -12.818562 26.302853 -8.731387
v -13.245759 28.443739 -6.365152
v -11.562535 26.707222 -8.804445
v -13.055877 23.646255 -9.689094
v -12.751971 24.927586 -9.749113
v -11.515918 25.697838 -9.764432
v -14.382850 28.236149 -6.339045
v -13.149228 26.136414 -7.626173
v -13.478067 27.020700 -7.778588
v -14.119846 29.721731 -6.379642
v -12.411057 27.635475 -7.722908
v -12.681487 29.863829 -6.352998
v -14.642913 32.028076 -1.678637
v -14.152709 31.218754 -3.965591
v -14.178934 35.339085 -1.724138
v -14.164804 32.732132 -4.067569
v -14.598423 34.395439 -1.696791
v -12.908778 33.160702 -4.140628
v -13.453837 29.733629 -5.025279
v -13.482306 31.271254 -5.085298
v -12.246253 32.056686 -5.100616
v -15.350387 33.394665 -1.163188
v -15.501997 35.410847 -1.181666
v -14.398793 36.133186 -1.203427
v -15.225184 33.496979 0.748270
v -15.406414 35.737106 1.048755
v -14.566077 36.166470 1.176954
v -13.077932 24.597105 9.549626
v -13.455672 22.143982 11.017923
v -11.374523 25.003288 10.322457
v -11.860191 23.339697 12.735956
v -13.238809 23.440731 10.058532
v -11.374766 24.351559 11.719964
v -12.355759 25.013756 10.038666
v -12.670384 22.684675 12.357516
v -12.296236 24.386423 11.048942
v -12.897409 25.754978 8.364580
v -13.430634 23.117151 9.592571
v -11.281577 25.952787 9.292454
v -12.250021 24.185349 11.562575
v -13.294014 24.708281 8.747505
v -11.535789 25.213461 10.646031
v -12.212579 26.071283 8.930704
v -13.280178 23.895506 11.015010
v -12.399532 25.470984 9.862376
v -12.800907 26.677433 8.457299
v -13.102678 24.793032 10.780099
v -10.817766 26.628141 8.201235
v -9.688210 24.708168 10.339221
v -13.292138 25.851664 9.735160
v -9.877669 25.766800 9.294283
v -11.774364 26.867863 8.469782
v -11.246506 24.857141 11.261319
v -11.504921 26.301075 9.836061
v -13.552987 26.807615 7.209970
v -13.820165 24.557999 8.702216
v -11.849579 27.213802 7.982803
v -12.335246 25.550209 10.396300
v -13.798091 25.670765 7.742822
v -11.849823 26.562073 9.380314
v -12.830813 27.224264 7.699009
v -13.444941 25.098686 10.041812
v -12.855519 26.616461 8.733232
v -13.372461 27.965496 6.024924
v -13.989918 25.347185 7.276863
v -11.756633 28.163296 6.952798
v -12.725077 26.395863 9.222924
v -13.853293 26.938313 6.431798
v -12.010843 27.423975 8.306376
v -12.687634 28.281797 6.591051
v -13.839462 26.125540 8.699305
v -12.958813 27.594196 7.546670
v -13.275962 28.955730 6.117644
v -13.577733 27.071327 8.440443
v -11.292821 28.906443 5.861582
v -10.163264 26.986464 7.999568
v -13.767193 28.129959 7.395505
v -10.352721 28.045101 6.954630
v -12.249417 29.146164 6.130129
v -11.721562 27.135439 8.921665
v -11.979979 28.579376 7.496408
v -13.570769 29.792925 5.195650
v -14.289140 27.341009 6.614647
v -11.791368 30.045422 5.902948
v -11.840389 28.127071 8.168144
v -13.966261 28.599943 5.753385
v -11.441650 28.729572 6.999382
v -12.796214 30.113783 5.682870
v -13.342803 27.667248 7.935566
v -12.902407 29.384386 6.760838
v -13.478785 31.144133 4.147933
v -14.210069 28.346092 5.357602
v -11.776350 31.164093 4.989612
v -12.564183 29.027113 7.085715
v -14.169643 30.065910 4.597761
v -11.917426 30.198421 6.256130
v -12.736249 31.352551 4.701967
v -13.889448 28.897770 6.748655
v -13.140011 30.648775 5.712258
v -13.355087 32.040195 4.339506
v -13.475629 29.772472 6.434198
v -11.402888 32.018871 3.962158
v -10.114442 29.735765 5.784501
v -13.741371 31.004221 5.535579
v -10.380183 30.967510 4.885880
v -12.326517 32.217613 4.312113
v -11.578322 29.735914 6.805239
v -11.940782 31.415970 5.579556
v -14.219714 32.393116 3.168329
v -14.696665 29.444124 4.606884
v -12.440316 32.645611 3.875625
v -12.731193 30.582232 6.096209
v -14.785257 31.178036 3.745624
v -12.322260 31.756784 5.180322
v -13.445162 32.713974 3.655544
v -14.161799 30.245344 5.927803
v -13.721400 31.962482 4.753074
v -14.084620 33.663532 2.049000
v -15.029062 30.924185 3.349841
v -12.425298 33.764282 2.962288
v -13.213132 31.627304 5.058389
v -14.988637 32.644009 2.589996
v -12.566374 32.798615 4.228804
v -13.336239 33.856098 2.611174
v -14.708442 31.475863 4.740891
v -13.959004 33.226864 3.704497
v -13.928480 34.003506 2.229728
v -14.123201 32.439758 4.414654
v -12.023012 34.264038 1.876826
v -10.762013 32.403046 3.764954
v -14.388943 33.671505 3.516035
v -11.027755 33.634792 2.866335
v -12.899699 34.140923 2.176717
v -12.225895 32.403194 4.785692
v -12.588353 34.083252 3.560011
v -15.048008 35.052158 0.738563
v -15.400963 32.547375 2.199527
v -13.340311 35.090488 1.407847
v -13.271314 33.721809 3.711572
v -15.341918 33.826424 1.321796
v -13.022781 34.529690 2.710664
v -14.352050 35.089764 1.221791
v -14.587858 33.090443 3.528144
v -14.429955 34.393391 2.281640
v -15.062975 36.444885 -0.045050
v -15.547366 33.690861 0.533268
v -13.413281 35.798092 0.243385
v -13.798622 34.039761 2.165682
v -15.885348 35.690861 0.066905
v -13.537796 35.205391 1.707761
v -14.395740 36.475430 0.244631
v -15.223925 33.999352 1.918003
v -14.986732 35.777191 1.352220
v -12.338501 23.918989 10.841822
v -12.627183 20.990915 12.656883
v -10.438458 24.330238 11.235724
v -9.864830 22.135046 13.335083
v -13.127100 22.685509 11.758534
v -9.855709 23.393583 12.436735
v -11.482288 24.298082 11.199286
v -11.718363 21.719645 13.690020
v -11.705925 23.436241 12.464705
v -13.077932 24.597105 -9.659925
v -13.455674 22.143982 -11.128223
v -11.374523 25.003288 -10.432757
v -11.860193 23.339697 -12.846256
v -13.238809 23.440731 -10.168830
v -11.374768 24.351559 -11.830264
v -12.355759 25.013756 -10.148964
v -12.670386 22.684675 -12.467816
v -12.296238 24.386423 -11.159241
v -12.897409 25.754978 -8.474883
v -13.430634 23.117151 -9.702870
v -11.281577 25.952787 -9.402755
v -12.250023 24.185349 -11.672875
v -13.294014 24.708281 -8.857807
v -11.535789 25.213461 -10.756331
v -12.212579 26.071283 -9.041007
v -13.280180 23.895506 -11.125310
v -12.399532 25.470984 -9.972673
v -12.800907 26.677433 -8.567602
v -13.102678 24.793032 -10.890399
v -10.817766 26.628141 -8.311540
v -9.688210 24.708168 -10.449523
v -13.292138 25.851664 -9.845460
v -9.877669 25.766800 -9.404588
v -11.774364 26.867863 -8.580085
v -11.246508 24.857141 -11.371619
v -11.504921 26.301075 -9.946361
v -13.552987 26.807615 -7.320273
v -13.820165 24.557999 -8.812519
v -11.849579 27.213802 -8.093106
v -12.335246 25.550209 -10.506600
v -13.798091 25.670765 -7.853126
v -11.849823 26.562073 -9.490612
v -12.830813 27.224264 -7.809313
v -13.444941 25.098686 -10.152110
v -12.855519 26.616461 -8.843534
v -13.372461 27.965496 -6.135228
v -13.989918 25.347185 -7.387167
v -11.756633 28.163296 -7.063101
v -12.725077 26.395863 -9.333226
v -13.853293 26.938313 -6.542101
v -12.010843 27.423975 -8.416678
v -12.687634 28.281797 -6.701352
v -13.839462 26.125540 -8.809606
v -12.958813 27.701017 -7.656974
v -13.275962 28.955730 -6.227947
v -13.577733 27.071327 -8.550746
v -11.292821 28.906443 -5.971883
v -10.163264 26.986464 -8.109872
v -13.767193 28.129959 -7.505808
v -10.352721 28.045101 -7.064933
v -12.249417 29.146164 -6.240430
v -11.721562 27.135439 -9.031968
v -11.979979 28.579376 -7.606709
v -13.570769 29.792925 -5.305953
v -14.289140 27.341009 -6.724950
v -11.791368 30.045422 -6.013252
v -12.082241 27.982040 -8.233836
v -13.966261 28.599943 -5.863688
v -11.673309 29.156595 -7.317949
v -12.796214 30.113783 -5.793170
v -13.342803 27.667248 -8.045870
v -12.902407 29.384386 -6.871141
v -13.478785 31.144133 -4.258235
v -14.210069 28.346092 -5.467905
v -11.776350 31.164093 -5.099915
v -12.564183 29.027113 -7.196018
v -14.169643 30.065910 -4.708064
v -11.917426 30.198421 -6.366433
v -12.736249 31.352551 -4.812267
v -13.889448 28.897770 -6.858958
v -13.140011 30.648775 -5.822561
v -13.355087 32.040195 -4.449806
v -13.475629 29.772472 -6.544502
v -11.402888 32.018871 -4.072459
v -10.114442 29.735765 -5.894804
v -13.741371 31.004221 -5.645883
v -10.380183 30.967510 -4.996183
v -12.326517 32.217613 -4.422415
v -11.578322 29.735914 -6.915543
v -11.940782 31.415970 -5.689859
v -14.219714 32.393116 -3.278628
v -14.696665 29.444124 -4.717186
v -12.440316 32.645611 -3.985925
v -12.731193 30.582232 -6.206512
v -14.785257 31.178036 -3.855924
v -12.322260 31.756784 -5.290625
v -13.445162 32.713974 -3.765846
v -14.161799 30.245344 -6.038106
v -13.721400 31.962482 -4.863377
v -14.127733 33.744324 -2.230909
v -15.029062 30.924185 -3.460141
v -12.425298 33.764282 -3.072590
v -13.213132 31.627304 -5.168692
v -14.988637 32.644009 -2.700298
v -12.566374 32.798615 -4.339106
v -13.385201 33.952740 -2.784944
v -14.708442 31.475863 -4.851193
v -13.959004 33.226864 -3.814799
v -14.002657 34.331245 -2.430261
v -14.123201 32.439758 -4.524956
v -12.050460 34.309933 -2.052909
v -10.762013 32.403046 -3.875256
v -14.388943 33.671505 -3.626337
v -11.027755 33.634792 -2.976637
v -12.974086 34.508667 -2.402866
v -12.225895 32.403194 -4.895995
v -12.588353 34.083252 -3.670311
v -15.045899 35.122646 -0.842170
v -15.400963 32.547375 -2.309829
v -13.383965 35.751949 -1.571144
v -13.271314 33.721809 -3.821874
v -15.341918 33.826424 -1.432097
v -13.107875 34.935364 -2.892238
v -14.377673 35.612820 -1.334142
v -14.587858 33.090443 -3.638444
v -14.507318 34.835026 -2.441255
v -15.062422 36.432323 0.056408
v -15.547366 33.690861 -0.643569
v -13.450537 35.939529 -0.294505
v -13.877087 34.439129 -2.376586
v -15.885348 35.690861 -0.177206
v -13.605675 35.956360 -1.842382
v -14.409503 36.547905 -0.127231
v -15.232807 34.017601 -2.037190
v -14.999506 36.150761 -1.401091
v -12.338502 23.918989 -10.952122
v -12.627191 20.990915 -12.767183
v -10.438460 24.330238 -11.346026
v -9.864838 22.135046 -13.445385
v -13.127102 22.685509 -11.868834
v -9.855717 23.393583 -12.547036
v -11.482290 24.298082 -11.309587
v -11.718370 21.719645 -13.800320
v -11.705927 23.436241 -12.575005
v 6.130822 33.466328 1.095708
v 6.506323 33.466328 1.095708
v 6.130822 33.466328 0.720206
v 6.506323 33.466328 0.720206
vt -0.376607 1.197894
vt -0.376606 -0.207282
vt 1.407857 -0.207282
vt 1.407856 1.197894
vt 0.000000 0.000000
vt 1.000000 0.000000
vt 1.000000 0.225712
vt 0.000000 0.225712
vt 1.000000 0.451423
vt 0.000000 0.451424
vt 0.000000 0.000000
vt 1.000000 0.000000
vt 1.000000 0.225712
vt 0.000000 0.225712
vt 1.000000 0.451423
vt 0.000000 0.451424
vt 0.000000 0.000000
vt 1.000000 0.000000
vt 1.000000 0.225712
vt 0.000000 0.225712
vt 1.000000 0.451423
vt 0.000000 0.451424
vt 0.250000 0.000000
vt 1.000000 0.000000
vt 1.000000 0.225712
vt 0.250000 0.225712
vt 0.000000 0.000000
vt 1.000000 0.000000
vt 1.000000 0.225712
vt 0.000000 0.225712
vt 1.000000 0.451423
vt 0.000000 0.451424
vt 0.500000 0.225712
vt 1.000000 0.225712
vt 1.000000 0.451423
vt 0.500000 0.451424
vt 0.500000 0.000000
vt 1.000000 0.000000
vt 1.000000 0.225712
vt 0.500000 0.225712
vt 1.000000 0.451423
vt 0.500000 0.451424
vt 0.500000 0.000000
vt 1.000000 0.000000
vt 1.000000 0.225712
vt 0.500000 0.225712
vt 1.000000 0.451423
vt 0.500000 0.451424
vt 0.000000 0.225712
vt 0.000000 0.451424
vt 0.000000 0.225712
vt 0.000000 0.451424
vt 0.000000 0.000000
vt 0.000000 0.225712
vt 0.000000 0.451424
vt 0.000000 0.000000
vt 0.000000 0.000000
vt 1.000000 0.000000
vt 0.000000 0.000000
vt 1.000000 0.000000
vt 1.000000 0.225712
vt 0.000000 0.225712
vt 1.000000 0.451423
vt 0.000000 0.451424
vt 0.000000 0.000000
vt 1.000000 0.000000
vt 1.000000 0.225712
vt 0.000000 0.225712
vt 1.000000 0.451423
vt 0.000000 0.451424
vt 0.000000 0.000000
vt 0.451662 0.000000
vt 0.453500 0.225712
vt 0.000000 0.225712
vt 0.000000 0.000000
vt 1.000000 0.000000
vt 1.000000 0.225712
vt 0.000000 0.225712
vt 1.000000 0.451423
vt 0.000000 0.451424
vt 0.000000 0.000000
vt 1.000000 0.000000
vt 1.000000 0.225712
vt 0.000000 0.225712
vt 1.000000 0.451423
vt 0.000000 0.451424
vt 0.500000 0.225712
vt 1.000000 0.225712
vt 1.000000 0.451423
vt 0.500000 0.451424
vt 0.500000 0.000000
vt 1.000000 0.000000
vt 1.000000 0.225712
vt 0.500000 0.225712
vt 1.000000 0.451423
vt 0.500000 0.451424
vt 0.500000 0.000000
vt 1.000000 0.000000
vt 1.000000 0.225712
vt 0.500000 0.225712
vt 1.000000 0.451423
vt 0.500000 0.451424
vt 0.000000 0.225712
vt 0.000000 0.451424
vt 0.000000 0.225712
vt 0.000000 0.451424
vt 0.000000 0.000000
vt 0.000000 0.225712
vt 0.000000 0.451424
vt 0.000000 0.000000
vt 0.000000 0.000000
vt 1.000000 0.000000
vt 0.000000 0.000000
vt 1.000000 0.000000
vt 1.000000 0.225712
vt 0.000000 0.225712
vt 1.000000 0.451423
vt 0.000000 0.451424
vt 0.000000 0.000000
vt 1.000000 0.000000
vt 1.000000 0.225712
vt 0.000000 0.225712
vt 1.000000 0.451423
vt 0.000000 0.451424
vt 0.000000 0.000000
vt 1.000000 0.000000
vt 1.000000 0.225712
vt 0.000000 0.225712
vt 1.000000 0.451423
vt 0.000000 0.451424
vt 0.000000 0.000000
vt 1.000000 0.000000
vt 1.000000 0.225712
vt 0.000000 0.225712
vt 1.000000 0.451423
vt 0.000000 0.451424
vt 0.000000 0.000000
vt 1.000000 0.000000
vt 1.000000 0.225712
vt 0.000000 0.225712
vt 1.000000 0.451423
vt 0.000000 0.451424
vt 0.500000 0.225712
vt 1.000000 0.225712
vt 1.000000 0.451423
vt 0.500000 0.451424
vt 0.500000 0.000000
vt 1.000000 0.000000
vt 1.000000 0.225712
vt 0.500000 0.225712
vt 1.000000 0.451423
vt 0.500000 0.451424
vt 0.500000 0.000000
vt 1.000000 0.000000
vt 1.000000 0.225712
vt 0.500000 0.225712
vt 1.000000 0.451423
vt 0.500000 0.451424
vt 0.000000 0.225712
vt 0.000000 0.451424
vt 0.000000 0.225712
vt 0.000000 0.451424
vt 0.000000 0.000000
vt 0.000000 0.225712
vt 0.000000 0.451424
vt 0.000000 0.000000
vt 0.000000 0.000000
vt 1.000000 0.000000
vt 0.000000 0.000000
vt 1.000000 0.000000
vt 1.000000 0.225712
vt 0.000000 0.225712
vt 1.000000 0.451423
vt 0.000000 0.451424
vt 0.000000 0.000000
vt 1.000000 0.000000
vt 1.000000 0.225712
vt 0.000000 0.225712
vt 1.000000 0.451423
vt 0.000000 0.451424
vt 0.000000 0.000000
vt 1.000000 0.000000
vt 1.000000 0.225712
vt 0.000000 0.225712
vt 1.000000 0.451423
vt 0.000000 0.451424
vt 0.000000 0.000000
vt 1.000000 0.000000
vt 1.000000 0.225712
vt 0.000000 0.225712
vt 1.000000 0.451423
vt 0.000000 0.451424
vt 0.000000 0.000000
vt 1.000000 0.000000
vt 1.000000 0.225712
vt 0.000000 0.225712
vt 1.000000 0.451423
vt 0.000000 0.451424
vt 0.500000 0.225712
vt 1.000000 0.225712
vt 1.000000 0.451423
vt 0.500000 0.451424
vt 0.500000 0.000000
vt 1.000000 0.000000
vt 1.000000 0.225712
vt 0.500000 0.225712
vt 1.000000 0.451423
vt 0.500000 0.451424
vt 0.500000 0.000000
vt 1.000000 0.000000
vt 1.000000 0.225712
vt 0.500000 0.225712
vt 1.000000 0.451423
vt 0.500000 0.451424
vt 0.000000 0.225712
vt 0.000000 0.451424
vt 0.000000 0.225712
vt 0.000000 0.451424
vt 0.000000 0.000000
vt 0.000000 0.225712
vt 0.000000 0.451424
vt 0.000000 0.000000
vt 0.000000 0.000000
vt 1.000000 0.000000
vt 0.000000 0.000000
vt 1.000000 0.000000
vt 1.000000 0.225712
vt 0.000000 0.225712
vt 1.000000 0.451423
vt 0.000000 0.451424
vt 0.000000 0.000000
vt 1.000000 0.000000
vt 1.000000 0.225712
vt 0.000000 0.225712
vt 1.000000 0.451423
vt 0.000000 0.451424
vt 0.000000 0.000000
vt 1.000000 0.000000
vt 1.000000 0.225712
vt 0.000000 0.225712
vt 1.000000 0.451423
vt 0.000000 0.451424
vt 0.000000 0.000000
vt 1.000000 0.000000
vt 1.000000 0.225712
vt 0.000000 0.225712
vt 1.000000 0.451423
vt 0.000000 0.451424
vt 0.000000 0.000000
vt 1.000000 0.000000
vt 1.000000 0.225712
vt 0.000000 0.225712
vt 1.000000 0.451423
vt 0.000000 0.451424
vt 0.500000 0.225712
vt 1.000000 0.225712
vt 1.000000 0.451423
vt 0.500000 0.451424
vt 0.500000 0.000000
vt 1.000000 0.000000
vt 1.000000 0.225712
vt 0.500000 0.225712
vt 1.000000 0.451423
vt 0.500000 0.451424
vt 0.500000 0.000000
vt 1.000000 0.000000
vt 1.000000 0.225712
vt 0.500000 0.225712
vt 1.000000 0.451423
vt 0.500000 0.451424
vt 0.000000 0.225712
vt 0.000000 0.451424
vt 0.000000 0.225712
vt 0.000000 0.451424
vt 0.000000 0.000000
vt 0.000000 0.225712
vt 0.000000 0.451424
vt 0.000000 0.000000
vt 0.000000 0.000000
vt 1.000000 0.000000
vt 0.683614 0.014482
vt 0.912916 0.014482
vt 0.912916 0.192291
vt 0.683614 0.192291
vt 0.912916 0.359938
vt 0.683614 0.359938
vt 0.507095 0.014482
vt 0.507095 0.192291
vt 0.507095 0.359938
vt 0.174546 0.014482
vt 0.344538 0.014482
vt 0.344538 0.192291
vt 0.174546 0.192291
vt 0.344538 0.359938
vt 0.174546 0.359938
vt 0.712784 0.014482
vt 0.951871 0.014482
vt 0.951871 0.192291
vt 0.712784 0.192291
vt 0.951871 0.359938
vt 0.712784 0.359938
vt 0.528733 0.014482
vt 0.528733 0.192291
vt 0.528733 0.359938
vt 0.004748 0.014482
vt 0.359240 0.014482
vt 0.359240 0.192291
vt 0.004748 0.192291
vt 0.359240 0.359938
vt 0.004748 0.359938
vt 0.683614 0.014482
vt 0.912916 0.014482
vt 0.912916 0.192291
vt 0.683614 0.192291
vt 0.912916 0.359938
vt 0.683614 0.359938
vt 0.507095 0.014482
vt 0.507095 0.192291
vt 0.507095 0.359938
vt 0.004554 0.014482
vt 0.344538 0.014482
vt 0.344538 0.192291
vt 0.004554 0.192291
vt 0.344538 0.359938
vt 0.004554 0.359938
vt 0.683614 0.014482
vt 0.912916 0.014482
vt 0.912916 0.192291
vt 0.683614 0.192291
vt 0.912916 0.359938
vt 0.683614 0.359938
vt 0.507095 0.014482
vt 0.507095 0.192291
vt 0.507095 0.359938
vt 0.004554 0.014482
vt 0.344538 0.014482
vt 0.344538 0.192291
vt 0.004554 0.192291
vt 0.344538 0.359938
vt 0.004554 0.359938
vt 0.000000 0.000000
vt 1.000000 0.000000
vt 1.000000 0.225712
vt 0.000000 0.225712
vt 1.000000 0.451423
vt 0.000000 0.451424
vt 0.000000 0.000000
vt 1.000000 0.000000
vt 1.000000 0.225712
vt 0.000000 0.225712
vt 1.000000 0.451423
vt 0.000000 0.451424
vt 0.000000 0.000000
vt 1.000000 0.000000
vt 1.000000 0.225712
vt 0.000000 0.225712
vt 1.000000 0.451423
vt 0.000000 0.451424
vt 0.000000 0.000000
vt 1.000000 0.000000
vt 1.000000 0.225712
vt 0.000000 0.225712
vt 1.000000 0.451423
vt 0.000000 0.451424
vt 0.500000 0.225712
vt 1.000000 0.225712
vt 1.000000 0.451423
vt 0.500000 0.451424
vt 0.500000 0.000000
vt 1.000000 0.000000
vt 1.000000 0.225712
vt 0.500000 0.225712
vt 1.000000 0.451423
vt 0.500000 0.451424
vt 0.000000 0.225712
vt 0.000000 0.451424
vt 0.000000 0.225712
vt 0.000000 0.451424
vt 0.000000 0.000000
vt 0.000000 0.000000
vt 1.000000 0.000000
vt 0.000000 0.000000
vt 1.000000 0.000000
vt 1.000000 0.225712
vt 0.000000 0.225712
vt 1.000000 0.451423
vt 0.000000 0.451424
vt 0.000000 0.000000
vt 1.000000 0.000000
vt 1.000000 0.225712
vt 0.000000 0.225712
vt 1.000000 0.451423
vt 0.000000 0.451424
vt 0.000000 0.000000
vt 1.000000 0.000000
vt 1.000000 0.225712
vt 0.000000 0.225712
vt 1.000000 0.451423
vt 0.000000 0.451424
vt 0.000000 0.000000
vt 1.000000 0.000000
vt 1.000000 0.225712
vt 0.000000 0.225712
vt 1.000000 0.451423
vt 0.000000 0.451424
vt 0.500000 0.225712
vt 1.000000 0.225712
vt 1.000000 0.451423
vt 0.500000 0.451424
vt 0.500000 0.000000
vt 1.000000 0.000000
vt 1.000000 0.225712
vt 0.500000 0.225712
vt 1.000000 0.451423
vt 0.500000 0.451424
vt 0.000000 0.225712
vt 0.000000 0.451424
vt 0.250000 0.225712
vt 0.250000 0.451424
vt 0.250000 0.000000
vt 0.000000 0.000000
vt 1.000000 0.000000
vt 0.000000 0.000000
vt 1.000000 0.000000
vt 1.000000 0.225712
vt 0.000000 0.225712
vt 1.000000 0.451423
vt 0.000000 0.451424
vt 0.000000 0.000000
vt 1.000000 0.000000
vt 1.000000 0.225712
vt 0.000000 0.225712
vt 1.000000 0.451423
vt 0.000000 0.451424
vt 0.000000 0.000000
vt 1.000000 0.000000
vt 1.000000 0.225712
vt 0.000000 0.225712
vt 1.000000 0.451423
vt 0.000000 0.451424
vt 0.000000 0.000000
vt 1.000000 0.000000
vt 1.000000 0.225712
vt 0.000000 0.225712
vt 1.000000 0.451423
vt 0.000000 0.451424
vt 0.500000 0.225712
vt 1.000000 0.225712
vt 1.000000 0.451423
vt 0.500000 0.451424
vt 0.500000 0.000000
vt 1.000000 0.000000
vt 1.000000 0.225712
vt 0.500000 0.225712
vt 1.000000 0.451423
vt 0.500000 0.451424
vt 0.000000 0.225712
vt 0.000000 0.451424
vt 0.000000 0.225712
vt 0.000000 0.451424
vt 0.000000 0.000000
vt 0.000000 0.000000
vt 1.000000 0.000000
vt 0.000000 0.000000
vt 1.000000 0.000000
vt 1.000000 0.225712
vt 0.000000 0.225712
vt 1.000000 0.451423
vt 0.000000 0.451424
vt 0.000000 0.000000
vt 1.000000 0.000000
vt 1.000000 0.225712
vt 0.000000 0.225712
vt 1.000000 0.451423
vt 0.000000 0.451424
vt 0.000000 0.000000
vt 1.000000 0.000000
vt 1.000000 0.225712
vt 0.000000 0.225712
vt 1.000000 0.451423
vt 0.000000 0.451424
vt 0.000000 0.000000
vt 1.000000 0.000000
vt 1.000000 0.225712
vt 0.000000 0.225712
vt 1.000000 0.451423
vt 0.000000 0.451424
vt 0.500000 0.225712
vt 1.000000 0.225712
vt 1.000000 0.451423
vt 0.500000 0.451424
vt 0.500000 0.000000
vt 1.000000 0.000000
vt 1.000000 0.225712
vt 0.500000 0.225712
vt 1.000000 0.451423
vt 0.500000 0.451424
vt 0.000000 0.225712
vt 0.000000 0.451424
vt 0.000000 0.225712
vt 0.000000 0.451424
vt 0.000000 0.000000
vt 0.000000 0.000000
vt 1.000000 0.000000
vt 0.000000 0.000000
vt 0.000000 0.225712
vt 0.000000 0.451424
vt 0.572364 0.225712
vt 1.000000 0.225712
vt 1.000000 0.451423
vt 0.572067 0.451424
vt 0.454394 0.451424
vt 0.000000 0.451424
vt 0.577392 0.000000
vt 1.000000 0.000000
vt 0.000000 0.000000
vt 0.000000 0.225712
vt 1.000000 0.225712
vt 1.000000 0.000000
vt 0.000000 0.451424
vt 1.000000 0.451423
vt 0.000000 0.000000
vt 0.000000 0.225712
vt 1.000000 0.225712
vt 1.000000 0.000000
vt 0.000000 0.451424
vt 1.000000 0.451423
vt 0.000000 0.000000
vt 0.000000 0.225712
vt 1.000000 0.225712
vt 1.000000 0.000000
vt 0.000000 0.451424
vt 1.000000 0.451423
vt 0.000000 0.000000
vt 0.000000 0.225712
vt 1.000000 0.225712
vt 1.000000 0.000000
vt 0.000000 0.451424
vt 1.000000 0.451423
vt 0.000000 0.000000
vt 0.000000 0.225712
vt 1.000000 0.225712
vt 1.000000 0.000000
vt 0.000000 0.451424
vt 1.000000 0.451423
vt 0.500000 0.225712
vt 0.500000 0.451424
vt 1.000000 0.451423
vt 1.000000 0.225712
vt 0.500000 0.000000
vt 0.500000 0.225712
vt 1.000000 0.225712
vt 1.000000 0.000000
vt 0.500000 0.451424
vt 1.000000 0.451423
vt 0.500000 0.000000
vt 0.500000 0.225712
vt 1.000000 0.225712
vt 1.000000 0.000000
vt 0.500000 0.451424
vt 1.000000 0.451423
vt 0.000000 0.225712
vt 0.000000 0.451424
vt 0.000000 0.225712
vt 0.000000 0.451424
vt 0.000000 0.000000
vt 0.000000 0.225712
vt 0.000000 0.451424
vt 0.000000 0.000000
vt 0.000000 0.000000
vt 1.000000 0.000000
vt 0.000000 0.000000
vt 0.000000 0.225712
vt 1.000000 0.225712
vt 1.000000 0.000000
vt 0.000000 0.451424
vt 1.000000 0.451423
vt 0.000000 0.000000
vt 0.000000 0.225712
vt 1.000000 0.225712
vt 1.000000 0.000000
vt 0.000000 0.451424
vt 1.000000 0.451423
vt 0.000000 0.000000
vt 0.000000 0.225712
vt 0.453500 0.225712
vt 0.451662 0.000000
vt 0.000000 0.000000
vt 0.000000 0.225712
vt 1.000000 0.225712
vt 1.000000 0.000000
vt 0.000000 0.451424
vt 1.000000 0.451423
vt 0.000000 0.000000
vt 0.000000 0.225712
vt 1.000000 0.225712
vt 1.000000 0.000000
vt 0.000000 0.451424
vt 1.000000 0.451423
vt 0.500000 0.225712
vt 0.500000 0.451424
vt 1.000000 0.451423
vt 1.000000 0.225712
vt 0.500000 0.000000
vt 0.500000 0.225712
vt 1.000000 0.225712
vt 1.000000 0.000000
vt 0.500000 0.451424
vt 1.000000 0.451423
vt 0.500000 0.000000
vt 0.500000 0.225712
vt 1.000000 0.225712
vt 1.000000 0.000000
vt 0.500000 0.451424
vt 1.000000 0.451423
vt 0.000000 0.225712
vt 0.000000 0.451424
vt 0.000000 0.225712
vt 0.000000 0.451424
vt 0.000000 0.000000
vt 0.000000 0.225712
vt 0.000000 0.451424
vt 0.000000 0.000000
vt 0.000000 0.000000
vt 1.000000 0.000000
vt 0.000000 0.000000
vt 0.000000 0.225712
vt 1.000000 0.225712
vt 1.000000 0.000000
vt 0.000000 0.451424
vt 1.000000 0.451423
vt 0.000000 0.000000
vt 0.000000 0.225712
vt 1.000000 0.225712
vt 1.000000 0.000000
vt 0.000000 0.451424
vt 1.000000 0.451423
vt 0.000000 0.000000
vt 0.000000 0.225712
vt 1.000000 0.225712
vt 1.000000 0.000000
vt 0.000000 0.451424
vt 1.000000 0.451423
vt 0.000000 0.000000
vt 0.000000 0.225712
vt 1.000000 0.225712
vt 1.000000 0.000000
vt 0.000000 0.451424
vt 1.000000 0.451423
vt 0.000000 0.000000
vt 0.000000 0.225712
vt 1.000000 0.225712
vt 1.000000 0.000000
vt 0.000000 0.451424
vt 1.000000 0.451423
vt 0.500000 0.225712
vt 0.500000 0.451424
vt 1.000000 0.451423
vt 1.000000 0.225712
vt 0.500000 0.000000
vt 0.500000 0.225712
vt 1.000000 0.225712
vt 1.000000 0.000000
vt 0.500000 0.451424
vt 1.000000 0.451423
vt 0.500000 0.000000
vt 0.500000 0.225712
vt 1.000000 0.225712
vt 1.000000 0.000000
vt 0.500000 0.451424
vt 1.000000 0.451423
vt 0.000000 0.225712
vt 0.000000 0.451424
vt 0.000000 0.225712
vt 0.000000 0.451424
vt 0.000000 0.000000
vt 0.000000 0.225712
vt 0.000000 0.451424
vt 0.000000 0.000000
vt 0.000000 0.000000
vt 1.000000 0.000000
vt 0.000000 0.000000
vt 0.000000 0.225712
vt 1.000000 0.225712
vt 1.000000 0.000000
vt 0.000000 0.451424
vt 1.000000 0.451423
vt 0.000000 0.000000
vt 0.000000 0.225712
vt 1.000000 0.225712
vt 1.000000 0.000000
vt 0.000000 0.451424
vt 1.000000 0.451423
vt 0.000000 0.000000
vt 0.000000 0.225712
vt 1.000000 0.225712
vt 1.000000 0.000000
vt 0.000000 0.451424
vt 1.000000 0.451423
vt 0.000000 0.000000
vt 0.000000 0.225712
vt 1.000000 0.225712
vt 1.000000 0.000000
vt 0.000000 0.451424
vt 1.000000 0.451423
vt 0.000000 0.000000
vt 0.000000 0.225712
vt 1.000000 0.225712
vt 1.000000 0.000000
vt 0.000000 0.451424
vt 1.000000 0.451423
vt 0.500000 0.225712
vt 0.500000 0.451424
vt 1.000000 0.451423
vt 1.000000 0.225712
vt 0.500000 0.000000
vt 0.500000 0.225712
vt 1.000000 0.225712
vt 1.000000 0.000000
vt 0.500000 0.451424
vt 1.000000 0.451423
vt 0.500000 0.000000
vt 0.500000 0.225712
vt 1.000000 0.225712
vt 1.000000 0.000000
vt 0.500000 0.451424
vt 1.000000 0.451423
vt 0.000000 0.225712
vt 0.000000 0.451424
vt 0.000000 0.225712
vt 0.000000 0.451424
vt 0.000000 0.000000
vt 0.000000 0.225712
vt 0.000000 0.451424
vt 0.000000 0.000000
vt 0.000000 0.000000
vt 1.000000 0.000000
vt 0.000000 0.000000
vt 0.000000 0.225712
vt 1.000000 0.225712
vt 1.000000 0.000000
vt 0.000000 0.451424
vt 1.000000 0.451423
vt 0.000000 0.000000
vt 0.000000 0.225712
vt 1.000000 0.225712
vt 1.000000 0.000000
vt 0.000000 0.451424
vt 1.000000 0.451423
vt 0.000000 0.000000
vt 0.000000 0.225712
vt 1.000000 0.225712
vt 1.000000 0.000000
vt 0.000000 0.451424
vt 1.000000 0.451423
vt 0.000000 0.000000
vt 0.000000 0.225712
vt 1.000000 0.225712
vt 1.000000 0.000000
vt 0.000000 0.451424
vt 1.000000 0.451423
vt 0.000000 0.000000
vt 0.000000 0.225712
vt 1.000000 0.225712
vt 1.000000 0.000000
vt 0.000000 0.451424
vt 1.000000 0.451423
vt 0.500000 0.225712
vt 0.500000 0.451424
vt 1.000000 0.451423
vt 1.000000 0.225712
vt 0.500000 0.000000
vt 0.500000 0.225712
vt 1.000000 0.225712
vt 1.000000 0.000000
vt 0.500000 0.451424
vt 1.000000 0.451423
vt 0.500000 0.000000
vt 0.500000 0.225712
vt 1.000000 0.225712
vt 1.000000 0.000000
vt 0.500000 0.451424
vt 1.000000 0.451423
vt 0.000000 0.225712
vt 0.000000 0.451424
vt 0.000000 0.225712
vt 0.000000 0.451424
vt 0.000000 0.000000
vt 0.000000 0.225712
vt 0.000000 0.451424
vt 0.000000 0.000000
vt 0.000000 0.000000
vt 1.000000 0.000000
vt 0.683614 0.014482
vt 0.683614 0.192291
vt 0.912916 0.192291
vt 0.912916 0.014482
vt 0.683614 0.359938
vt 0.912916 0.359938
vt 0.507095 0.014482
vt 0.507095 0.192291
vt 0.507095 0.359938
vt 0.174546 0.014482
vt 0.174546 0.192291
vt 0.344538 0.192291
vt 0.344538 0.014482
vt 0.174546 0.359938
vt 0.344538 0.359938
vt 0.712784 0.014482
vt 0.712784 0.192291
vt 0.951871 0.192291
vt 0.951871 0.014482
vt 0.712784 0.359938
vt 0.951871 0.359938
vt 0.528733 0.014482
vt 0.528733 0.192291
vt 0.528733 0.359938
vt 0.004748 0.014482
vt 0.004748 0.192291
vt 0.359240 0.192291
vt 0.359240 0.014482
vt 0.004748 0.359938
vt 0.359240 0.359938
vt 0.683614 0.014482
vt 0.683614 0.192291
vt 0.912916 0.192291
vt 0.912916 0.014482
vt 0.683614 0.359938
vt 0.912916 0.359938
vt 0.507095 0.014482
vt 0.507095 0.192291
vt 0.507095 0.359938
vt 0.004554 0.014482
vt 0.004554 0.192291
vt 0.344538 0.192291
vt 0.344538 0.014482
vt 0.004554 0.359938
vt 0.344538 0.359938
vt 0.683614 0.014482
vt 0.683614 0.192291
vt 0.912916 0.192291
vt 0.912916 0.014482
vt 0.683614 0.359938
vt 0.912916 0.359938
vt 0.507095 0.014482
vt 0.507095 0.192291
vt 0.507095 0.359938
vt 0.004554 0.014482
vt 0.004554 0.192291
vt 0.344538 0.192291
vt 0.344538 0.014482
vt 0.004554 0.359938
vt 0.344538 0.359938
vt 0.000000 0.000000
vt 0.000000 0.225712
vt 1.000000 0.225712
vt 1.000000 0.000000
vt 0.000000 0.451424
vt 1.000000 0.451423
vt 0.000000 0.000000
vt 0.000000 0.225712
vt 1.000000 0.225712
vt 1.000000 0.000000
vt 0.000000 0.451424
vt 1.000000 0.451423
vt 0.000000 0.000000
vt 0.000000 0.225712
vt 1.000000 0.225712
vt 1.000000 0.000000
vt 0.000000 0.451424
vt 1.000000 0.451423
vt 0.000000 0.000000
vt 0.000000 0.225712
vt 1.000000 0.225712
vt 1.000000 0.000000
vt 0.000000 0.451424
vt 1.000000 0.451423
vt 0.500000 0.225712
vt 0.500000 0.451424
vt 1.000000 0.451423
vt 1.000000 0.225712
vt 0.500000 0.000000
vt 0.500000 0.225712
vt 1.000000 0.225712
vt 1.000000 0.000000
vt 0.500000 0.451424
vt 1.000000 0.451423
vt 0.000000 0.225712
vt 0.000000 0.451424
vt 0.000000 0.225712
vt 0.000000 0.451424
vt 0.000000 0.000000
vt 0.000000 0.000000
vt 1.000000 0.000000
vt 0.000000 0.000000
vt 0.000000 0.225712
vt 1.000000 0.225712
vt 1.000000 0.000000
vt 0.000000 0.451424
vt 1.000000 0.451423
vt 0.000000 0.000000
vt 0.000000 0.225712
vt 1.000000 0.225712
vt 1.000000 0.000000
vt 0.000000 0.451424
vt 1.000000 0.451423
vt 0.000000 0.000000
vt 0.000000 0.225712
vt 1.000000 0.225712
vt 1.000000 0.000000
vt 0.000000 0.451424
vt 1.000000 0.451423
vt 0.000000 0.000000
vt 0.000000 0.225712
vt 1.000000 0.225712
vt 1.000000 0.000000
vt 0.000000 0.451424
vt 1.000000 0.451423
vt 0.500000 0.225712
vt 0.500000 0.451424
vt 1.000000 0.451423
vt 1.000000 0.225712
vt 0.500000 0.000000
vt 0.500000 0.225712
vt 1.000000 0.225712
vt 1.000000 0.000000
vt 0.500000 0.451424
vt 1.000000 0.451423
vt 0.000000 0.225712
vt 0.000000 0.451424
vt 0.250000 0.225712
vt 0.250000 0.451424
vt 0.250000 0.000000
vt 0.000000 0.000000
vt 1.000000 0.000000
vt 0.000000 0.000000
vt 0.000000 0.225712
vt 1.000000 0.225712
vt 1.000000 0.000000
vt 0.000000 0.451424
vt 1.000000 0.451423
vt 0.000000 0.000000
vt 0.000000 0.225712
vt 1.000000 0.225712
vt 1.000000 0.000000
vt 0.000000 0.451424
vt 1.000000 0.451423
vt 0.000000 0.000000
vt 0.000000 0.225712
vt 1.000000 0.225712
vt 1.000000 0.000000
vt 0.000000 0.451424
vt 1.000000 0.451423
vt 0.000000 0.000000
vt 0.000000 0.225712
vt 1.000000 0.225712
vt 1.000000 0.000000
vt 0.000000 0.451424
vt 1.000000 0.451423
vt 0.500000 0.225712
vt 0.500000 0.451424
vt 1.000000 0.451423
vt 1.000000 0.225712
vt 0.500000 0.000000
vt 0.500000 0.225712
vt 1.000000 0.225712
vt 1.000000 0.000000
vt 0.500000 0.451424
vt 1.000000 0.451423
vt 0.000000 0.225712
vt 0.000000 0.451424
vt 0.000000 0.225712
vt 0.000000 0.451424
vt 0.000000 0.000000
vt 0.000000 0.000000
vt 1.000000 0.000000
vt 0.000000 0.000000
vt 0.000000 0.225712
vt 1.000000 0.225712
vt 1.000000 0.000000
vt 0.000000 0.451424
vt 1.000000 0.451423
vt 0.000000 0.000000
vt 0.000000 0.225712
vt 1.000000 0.225712
vt 1.000000 0.000000
vt 0.000000 0.451424
vt 1.000000 0.451423
vt 0.000000 0.000000
vt 0.000000 0.225712
vt 1.000000 0.225712
vt 1.000000 0.000000
vt 0.000000 0.451424
vt 1.000000 0.451423
vt 0.000000 0.000000
vt 0.000000 0.225712
vt 1.000000 0.225712
vt 1.000000 0.000000
vt 0.000000 0.451424
vt 1.000000 0.451423
vt 0.500000 0.225712
vt 0.500000 0.451424
vt 1.000000 0.451423
vt 1.000000 0.225712
vt 0.500000 0.000000
vt 0.500000 0.225712
vt 1.000000 0.225712
vt 1.000000 0.000000
vt 0.500000 0.451424
vt 1.000000 0.451423
vt 0.000000 0.225712
vt 0.000000 0.451424
vt 0.000000 0.225712
vt 0.000000 0.451424
vt 0.000000 0.000000
vt 0.000000 0.000000
vt 1.000000 0.000000
vt 0.000000 0.000000
vt 0.000000 0.225712
vt 0.000000 0.451424
vt 0.572364 0.225712
vt 0.572067 0.451424
vt 1.000000 0.451423
vt 1.000000 0.225712
vt 0.000000 0.451424
vt 0.454394 0.451424
vt 0.577392 0.000000
vt 1.000000 0.000000
vt 0.004554 0.192291
vt 0.004554 0.359938
vt 0.004554 0.014482
vt 0.004554 0.192291
vt 0.004554 0.359938
vt 0.004554 0.014482
vt 0.000000 0.000000
vt 0.000000 0.225712
vt 0.250000 0.451424
vt 0.000000 0.451424
vt 1.000000 0.451423
vt 0.750000 0.112856
vt 1.000000 0.112856
vt 1.000000 0.225712
vt 0.750000 0.225712
vt 1.000000 0.451423
vt 0.750000 0.451423
vt 0.250000 0.112856
vt 0.500000 0.112856
vt 0.500000 0.225712
vt 0.250000 0.225712
vt 0.000000 0.112856
vt 0.000000 0.225712
vt 0.250000 0.451424
vt 0.000000 0.451424
vt 0.500000 0.000000
vt 0.750000 0.000000
vt 0.000000 0.000000
vt 0.250000 0.000000
vt 1.000000 0.000000
vt 0.633470 0.260602
vt 0.633471 0.003151
vt 0.832942 0.003151
vt 0.828615 0.267829
vt 0.633469 0.455509
vt 0.749555 0.462929
vt 0.517381 0.462928
vt 0.438324 0.267827
vt 0.433999 0.003151
vt 0.980713 0.260602
vt 0.980715 0.003151
vt 1.180186 0.003151
vt 1.175859 0.267829
vt 0.980712 0.455509
vt 1.096799 0.462929
vt 0.864625 0.462928
vt 0.785568 0.267827
vt 0.781243 0.003151
vt 0.469149 0.260602
vt 0.469150 0.003151
vt 0.668621 0.003151
vt 0.664294 0.267829
vt 0.469148 0.455509
vt 0.585235 0.462929
vt 0.353061 0.462928
vt 0.274003 0.267827
vt 0.269679 0.003151
vt 0.776088 0.260602
vt 0.776089 0.003151
vt 0.975560 0.003151
vt 0.971233 0.267829
vt 0.776087 0.455509
vt 0.892174 0.462929
vt 0.659999 0.462928
vt 0.580942 0.267827
vt 0.576617 0.003151
vt 0.013391 0.260602
vt 0.013392 0.003151
vt 0.212863 0.003151
vt 0.208536 0.267829
vt 0.013390 0.455509
vt 0.129477 0.462929
vt -0.102697 0.462928
vt -0.181754 0.267827
vt -0.186079 0.003151
vt 0.351334 0.260602
vt 0.351335 0.003151
vt 0.550806 0.003151
vt 0.546479 0.267829
vt 0.351333 0.455509
vt 0.467420 0.462929
vt 0.235246 0.462928
vt 0.156188 0.267827
vt 0.151864 0.003151
vt 0.599365 0.260602
vt 0.599367 0.003151
vt 0.798837 0.003151
vt 0.794510 0.267829
vt 0.599364 0.455509
vt 0.715451 0.462929
vt 0.483277 0.462928
vt 0.404220 0.267827
vt 0.399895 0.003151
vt 0.915605 0.260602
vt 0.915607 0.003151
vt 1.115077 0.003151
vt 1.110750 0.267829
vt 0.915604 0.455509
vt 1.031691 0.462929
vt 0.799517 0.462928
vt 0.720460 0.267827
vt 0.716135 0.003151
vt 1.098528 0.260602
vt 1.098530 0.003151
vt 1.298001 0.003151
vt 1.293674 0.267829
vt 1.098527 0.455509
vt 1.214614 0.462929
vt 0.982440 0.462928
vt 0.903383 0.267827
vt 0.899058 0.003151
vt -0.197436 0.260602
vt -0.197434 0.003151
vt 0.002037 0.003151
vt -0.002290 0.267829
vt -0.197437 0.455509
vt -0.081350 0.462929
vt -0.313524 0.462928
vt -0.392581 0.267827
vt -0.396906 0.003151
vt -0.256343 0.260602
vt -0.256342 0.003151
vt -0.056871 0.003151
vt -0.061198 0.267829
vt -0.256344 0.455509
vt -0.140257 0.462929
vt -0.372431 0.462928
vt -0.451488 0.267827
vt -0.455813 0.003151
vt 1.340359 0.260602
vt 1.340360 0.003151
vt 1.539831 0.003151
vt 1.535504 0.267829
vt 1.340358 0.455509
vt 1.456445 0.462929
vt 1.224271 0.462928
vt 1.145213 0.267827
vt 1.140889 0.003151
vt 0.199415 0.260602
vt 0.199416 0.003151
vt 0.398887 0.003151
vt 0.394560 0.267829
vt 0.199414 0.455509
vt 0.315501 0.462929
vt 0.083326 0.462928
vt 0.004269 0.267827
vt -0.000056 0.003151
vt 0.199415 0.260602
vt 0.199416 0.003151
vt 0.398887 0.003151
vt 0.394560 0.267829
vt 0.199414 0.455509
vt 0.315501 0.462929
vt 0.083326 0.462928
vt 0.004269 0.267827
vt -0.000056 0.003151
vt 0.199415 0.260602
vt 0.199416 0.003151
vt 0.398887 0.003151
vt 0.394560 0.267829
vt 0.199414 0.455509
vt 0.315501 0.462929
vt 0.083326 0.462928
vt 0.004269 0.267827
vt -0.000056 0.003151
vt 0.633470 0.260602
vt 0.828615 0.267829
vt 0.832942 0.003151
vt 0.633471 0.003151
vt 0.633469 0.455509
vt 0.749555 0.462929
vt 0.517381 0.462928
vt 0.438324 0.267827
vt 0.433999 0.003151
vt 0.980713 0.260602
vt 1.175859 0.267829
vt 1.180186 0.003151
vt 0.980715 0.003151
vt 0.980712 0.455509
vt 1.096799 0.462929
vt 0.864625 0.462928
vt 0.785568 0.267827
vt 0.781243 0.003151
vt 0.469149 0.260602
vt 0.664294 0.267829
vt 0.668621 0.003151
vt 0.469150 0.003151
vt 0.469148 0.455509
vt 0.585235 0.462929
vt 0.353061 0.462928
vt 0.274003 0.267827
vt 0.269679 0.003151
vt 0.776088 0.260602
vt 0.971233 0.267829
vt 0.975560 0.003151
vt 0.776089 0.003151
vt 0.776087 0.455509
vt 0.892174 0.462929
vt 0.659999 0.462928
vt 0.580942 0.267827
vt 0.576617 0.003151
vt 0.013391 0.260602
vt 0.208536 0.267829
vt 0.212863 0.003151
vt 0.013392 0.003151
vt 0.013390 0.455509
vt 0.129477 0.462929
vt -0.102697 0.462928
vt -0.181754 0.267827
vt -0.186079 0.003151
vt 0.351334 0.260602
vt 0.546479 0.267829
vt 0.550806 0.003151
vt 0.351335 0.003151
vt 0.351333 0.455509
vt 0.467420 0.462929
vt 0.235246 0.462928
vt 0.156188 0.267827
vt 0.151864 0.003151
vt 0.599365 0.260602
vt 0.794510 0.267829
vt 0.798837 0.003151
vt 0.599367 0.003151
vt 0.599364 0.455509
vt 0.715451 0.462929
vt 0.483277 0.462928
vt 0.404220 0.267827
vt 0.399895 0.003151
vt 0.915605 0.260602
vt 1.110750 0.267829
vt 1.115077 0.003151
vt 0.915607 0.003151
vt 0.915604 0.455509
vt 1.031691 0.462929
vt 0.799517 0.462928
vt 0.720460 0.267827
vt 0.716135 0.003151
vt 1.098528 0.260602
vt 1.293674 0.267829
vt 1.298001 0.003151
vt 1.098530 0.003151
vt 1.098527 0.455509
vt 1.214614 0.462929
vt 0.982440 0.462928
vt 0.903383 0.267827
vt 0.899058 0.003151
vt -0.197436 0.260602
vt -0.002290 0.267829
vt 0.002037 0.003151
vt -0.197434 0.003151
vt -0.197437 0.455509
vt -0.081350 0.462929
vt -0.313524 0.462928
vt -0.392581 0.267827
vt -0.396906 0.003151
vt -0.256343 0.260602
vt -0.061198 0.267829
vt -0.056871 0.003151
vt -0.256342 0.003151
vt -0.256344 0.455509
vt -0.140257 0.462929
vt -0.372431 0.462928
vt -0.451488 0.267827
vt -0.455813 0.003151
vt 1.340359 0.260602
vt 1.535504 0.267829
vt 1.539831 0.003151
vt 1.340360 0.003151
vt 1.340358 0.455509
vt 1.456445 0.462929
vt 1.224271 0.462928
vt 1.145213 0.267827
vt 1.140889 0.003151
vt 0.199415 0.260602
vt 0.394560 0.267829
vt 0.398887 0.003151
vt 0.199416 0.003151
vt 0.199414 0.455509
vt 0.315501 0.462929
vt 0.083326 0.462928
vt 0.004269 0.267827
vt -0.000056 0.003151
vt 0.199415 0.260602
vt 0.394560 0.267829
vt 0.398887 0.003151
vt 0.199416 0.003151
vt 0.199414 0.455509
vt 0.315501 0.462929
vt 0.083326 0.462928
vt 0.004269 0.267827
vt -0.000056 0.003151
vt 0.199415 0.260602
vt 0.394560 0.267829
vt 0.398887 0.003151
vt 0.199416 0.003151
vt 0.199414 0.455509
vt 0.315501 0.462929
vt 0.083326 0.462928
vt 0.004269 0.267827
vt -0.000056 0.003151
vt 0.683614 0.014482
vt 0.912916 0.014482
vt 0.912916 0.192291
vt 0.683614 0.192291
vt 0.912916 0.359938
vt 0.683614 0.359938
vt 0.507095 0.014482
vt 0.507095 0.192291
vt 0.507095 0.359938
vt 0.174546 0.014482
vt 0.344538 0.014482
vt 0.344538 0.192291
vt 0.174546 0.192291
vt 0.344538 0.359938
vt 0.174546 0.359938
vt 0.712784 0.014482
vt 0.951871 0.014482
vt 0.951871 0.192291
vt 0.712784 0.192291
vt 0.951871 0.359938
vt 0.712784 0.359938
vt 0.528733 0.014482
vt 0.528733 0.192291
vt 0.528733 0.359938
vt 0.004748 0.014482
vt 0.359240 0.014482
vt 0.359240 0.192291
vt 0.004748 0.192291
vt 0.359240 0.359938
vt 0.004748 0.359938
vt 0.683614 0.014482
vt 0.912916 0.014482
vt 0.912916 0.192291
vt 0.683614 0.192291
vt 0.912916 0.359938
vt 0.683614 0.359938
vt 0.507095 0.014482
vt 0.507095 0.192291
vt 0.507095 0.359938
vt 0.004554 0.014482
vt 0.344538 0.014482
vt 0.344538 0.192291
vt 0.004554 0.192291
vt 0.344538 0.359938
vt 0.004554 0.359938
vt 0.683614 0.014482
vt 0.912916 0.014482
vt 0.912916 0.192291
vt 0.683614 0.192291
vt 0.912916 0.359938
vt 0.683614 0.359938
vt 0.507095 0.014482
vt 0.507095 0.192291
vt 0.507095 0.359938
vt 0.004554 0.014482
vt 0.344538 0.014482
vt 0.344538 0.192291
vt 0.004554 0.192291
vt 0.344538 0.359938
vt 0.004554 0.359938
vt 0.683614 0.014482
vt 0.683614 0.192291
vt 0.912916 0.192291
vt 0.912916 0.014482
vt 0.683614 0.359938
vt 0.912916 0.359938
vt 0.507095 0.014482
vt 0.507095 0.192291
vt 0.507095 0.359938
vt 0.174546 0.014482
vt 0.174546 0.192291
vt 0.344538 0.192291
vt 0.344538 0.014482
vt 0.174546 0.359938
vt 0.344538 0.359938
vt 0.712784 0.014482
vt 0.712784 0.192291
vt 0.951871 0.192291
vt 0.951871 0.014482
vt 0.712784 0.359938
vt 0.951871 0.359938
vt 0.528733 0.014482
vt 0.528733 0.192291
vt 0.528733 0.359938
vt 0.004748 0.014482
vt 0.004748 0.192291
vt 0.359240 0.192291
vt 0.359240 0.014482
vt 0.004748 0.359938
vt 0.359240 0.359938
vt 0.683614 0.014482
vt 0.683614 0.192291
vt 0.912916 0.192291
vt 0.912916 0.014482
vt 0.683614 0.359938
vt 0.912916 0.359938
vt 0.507095 0.014482
vt 0.507095 0.192291
vt 0.507095 0.359938
vt 0.004554 0.014482
vt 0.004554 0.192291
vt 0.344538 0.192291
vt 0.344538 0.014482
vt 0.004554 0.359938
vt 0.344538 0.359938
vt 0.683614 0.014482
vt 0.683614 0.192291
vt 0.912916 0.192291
vt 0.912916 0.014482
vt 0.683614 0.359938
vt 0.912916 0.359938
vt 0.507095 0.014482
vt 0.507095 0.192291
vt 0.507095 0.359938
vt 0.004554 0.014482
vt 0.004554 0.192291
vt 0.344538 0.192291
vt 0.344538 0.014482
vt 0.004554 0.359938
vt 0.344538 0.359938
vt 0.004554 0.192291
vt 0.004554 0.359938
vt 0.004554 0.014482
vt 0.004554 0.192291
vt 0.004554 0.359938
vt 0.004554 0.014482
vt 0.633470 0.260602
vt 0.633471 0.003151
vt 0.832942 0.003151
vt 0.828615 0.267829
vt 0.633469 0.455509
vt 0.749555 0.462929
vt 0.517381 0.462928
vt 0.438324 0.267827
vt 0.433999 0.003151
vt 0.980713 0.260602
vt 0.980715 0.003151
vt 1.180186 0.003151
vt 1.175859 0.267829
vt 0.980712 0.455509
vt 1.096799 0.462929
vt 0.864625 0.462928
vt 0.785568 0.267827
vt 0.781243 0.003151
vt 0.469149 0.260602
vt 0.469150 0.003151
vt 0.668621 0.003151
vt 0.664294 0.267829
vt 0.469148 0.455509
vt 0.585235 0.462929
vt 0.353061 0.462928
vt 0.274003 0.267827
vt 0.269679 0.003151
vt 0.776088 0.260602
vt 0.776089 0.003151
vt 0.975560 0.003151
vt 0.971233 0.267829
vt 0.776087 0.455509
vt 0.892174 0.462929
vt 0.659999 0.462928
vt 0.580942 0.267827
vt 0.576617 0.003151
vt 0.013391 0.260602
vt 0.013392 0.003151
vt 0.212863 0.003151
vt 0.208536 0.267829
vt 0.013390 0.455509
vt 0.129477 0.462929
vt -0.102697 0.462928
vt -0.181754 0.267827
vt -0.186079 0.003151
vt 0.351334 0.260602
vt 0.351335 0.003151
vt 0.550806 0.003151
vt 0.546479 0.267829
vt 0.351333 0.455509
vt 0.467420 0.462929
vt 0.235246 0.462928
vt 0.156188 0.267827
vt 0.151864 0.003151
vt 0.599365 0.260602
vt 0.599367 0.003151
vt 0.798837 0.003151
vt 0.794510 0.267829
vt 0.599364 0.455509
vt 0.715451 0.462929
vt 0.483277 0.462928
vt 0.404220 0.267827
vt 0.399895 0.003151
vt 0.915605 0.260602
vt 0.915607 0.003151
vt 1.115077 0.003151
vt 1.110750 0.267829
vt 0.915604 0.455509
vt 1.031691 0.462929
vt 0.799517 0.462928
vt 0.720460 0.267827
vt 0.716135 0.003151
vt 1.098528 0.260602
vt 1.098530 0.003151
vt 1.298001 0.003151
vt 1.293674 0.267829
vt 1.098527 0.455509
vt 1.214614 0.462929
vt 0.982440 0.462928
vt 0.903383 0.267827
vt 0.899058 0.003151
vt -0.197436 0.260602
vt -0.197434 0.003151
vt 0.002037 0.003151
vt -0.002290 0.267829
vt -0.197437 0.455509
vt -0.081350 0.462929
vt -0.313524 0.462928
vt -0.392581 0.267827
vt -0.396906 0.003151
vt -0.256343 0.260602
vt -0.256342 0.003151
vt -0.056871 0.003151
vt -0.061198 0.267829
vt -0.256344 0.455509
vt -0.140257 0.462929
vt -0.372431 0.462928
vt -0.451488 0.267827
vt -0.455813 0.003151
vt 1.340359 0.260602
vt 1.340360 0.003151
vt 1.539831 0.003151
vt 1.535504 0.267829
vt 1.340358 0.455509
vt 1.456445 0.462929
vt 1.224271 0.462928
vt 1.145213 0.267827
vt 1.140889 0.003151
vt 0.199415 0.260602
vt 0.199416 0.003151
vt 0.398887 0.003151
vt 0.394560 0.267829
vt 0.199414 0.455509
vt 0.315501 0.462929
vt 0.083326 0.462928
vt 0.004269 0.267827
vt -0.000056 0.003151
vt 0.199415 0.260602
vt 0.199416 0.003151
vt 0.398887 0.003151
vt 0.394560 0.267829
vt 0.199414 0.455509
vt 0.315501 0.462929
vt 0.083326 0.462928
vt 0.004269 0.267827
vt -0.000056 0.003151
vt 0.199415 0.260602
vt 0.199416 0.003151
vt 0.398887 0.003151
vt 0.394560 0.267829
vt 0.199414 0.455509
vt 0.315501 0.462929
vt 0.083326 0.462928
vt 0.004269 0.267827
vt -0.000056 0.003151
vt 0.633470 0.260602
vt 0.828615 0.267829
vt 0.832942 0.003151
vt 0.633471 0.003151
vt 0.633469 0.455509
vt 0.749555 0.462929
vt 0.517381 0.462928
vt 0.438324 0.267827
vt 0.433999 0.003151
vt 0.980713 0.260602
vt 1.175859 0.267829
vt 1.180186 0.003151
vt 0.980715 0.003151
vt 0.980712 0.455509
vt 1.096799 0.462929
vt 0.864625 0.462928
vt 0.785568 0.267827
vt 0.781243 0.003151
vt 0.469149 0.260602
vt 0.664294 0.267829
vt 0.668621 0.003151
vt 0.469150 0.003151
vt 0.469148 0.455509
vt 0.585235 0.462929
vt 0.353061 0.462928
vt 0.274003 0.267827
vt 0.269679 0.003151
vt 0.776088 0.260602
vt 0.971233 0.267829
vt 0.975560 0.003151
vt 0.776089 0.003151
vt 0.776087 0.455509
vt 0.892174 0.462929
vt 0.659999 0.462928
vt 0.580942 0.267827
vt 0.576617 0.003151
vt 0.013391 0.260602
vt 0.208536 0.267829
vt 0.212863 0.003151
vt 0.013392 0.003151
vt 0.013390 0.455509
vt 0.129477 0.462929
vt -0.102697 0.462928
vt -0.181754 0.267827
vt -0.186079 0.003151
vt 0.351334 0.260602
vt 0.546479 0.267829
vt 0.550806 0.003151
vt 0.351335 0.003151
vt 0.351333 0.455509
vt 0.467420 0.462929
vt 0.235246 0.462928
vt 0.156188 0.267827
vt 0.151864 0.003151
vt 0.599365 0.260602
vt 0.794510 0.267829
vt 0.798837 0.003151
vt 0.599367 0.003151
vt 0.599364 0.455509
vt 0.715451 0.462929
vt 0.483277 0.462928
vt 0.404220 0.267827
vt 0.399895 0.003151
vt 0.915605 0.260602
vt 1.110750 0.267829
vt 1.115077 0.003151
vt 0.915607 0.003151
vt 0.915604 0.455509
vt 1.031691 0.462929
vt 0.799517 0.462928
vt 0.720460 0.267827
vt 0.716135 0.003151
vt 1.098528 0.260602
vt 1.293674 0.267829
vt 1.298001 0.003151
vt 1.098530 0.003151
vt 1.098527 0.455509
vt 1.214614 0.462929
vt 0.982440 0.462928
vt 0.903383 0.267827
vt 0.899058 0.003151
vt -0.197436 0.260602
vt -0.002290 0.267829
vt 0.002037 0.003151
vt -0.197434 0.003151
vt -0.197437 0.455509
vt -0.081350 0.462929
vt -0.313524 0.462928
vt -0.392581 0.267827
vt -0.396906 0.003151
vt -0.256343 0.260602
vt -0.061198 0.267829
vt -0.056871 0.003151
vt -0.256342 0.003151
vt -0.256344 0.455509
vt -0.140257 0.462929
vt -0.372431 0.462928
vt -0.451488 0.267827
vt -0.455813 0.003151
vt 1.340359 0.260602
vt 1.535504 0.267829
vt 1.539831 0.003151
vt 1.340360 0.003151
vt 1.340358 0.455509
vt 1.456445 0.462929
vt 1.224271 0.462928
vt 1.145213 0.267827
vt 1.140889 0.003151
vt 0.199415 0.260602
vt 0.394560 0.267829
vt 0.398887 0.003151
vt 0.199416 0.003151
vt 0.199414 0.455509
vt 0.315501 0.462929
vt 0.083326 0.462928
vt 0.004269 0.267827
vt -0.000056 0.003151
vt 0.199415 0.260602
vt 0.394560 0.267829
vt 0.398887 0.003151
vt 0.199416 0.003151
vt 0.199414 0.455509
vt 0.315501 0.462929
vt 0.083326 0.462928
vt 0.004269 0.267827
vt -0.000056 0.003151
vt 0.199415 0.260602
vt 0.394560 0.267829
vt 0.398887 0.003151
vt 0.199416 0.003151
vt 0.199414 0.455509
vt 0.315501 0.462929
vt 0.083326 0.462928
vt 0.004269 0.267827
vt -0.000056 0.003151
vn 0.0000 1.0000 0.0000
vn -0.0132 0.2591 -0.9658
vn 0.0536 0.2788 -0.9588
vn 0.0006 0.6960 -0.7181
vn -0.0308 0.7390 -0.6730
vn -0.0385 0.8576 -0.5129
vn -0.0284 0.8670 -0.4976
vn -0.0143 0.2004 -0.9796
vn -0.0175 0.7482 -0.6632
vn -0.0169 0.8609 -0.5084
vn 0.0017 0.2099 -0.9777
vn -0.0061 0.6930 -0.7209
vn -0.0102 0.8393 -0.5436
vn -0.0410 0.3199 -0.9466
vn -0.0120 0.6247 -0.7808
vn -0.0200 0.2678 -0.9633
vn 0.0248 0.2597 -0.9654
vn -0.0030 0.3594 -0.9332
vn -0.0138 0.3518 -0.9360
vn -0.0109 0.6745 -0.7382
vn 0.0033 0.6477 -0.7619
vn -0.0597 0.4222 -0.9045
vn -0.0244 0.6898 -0.7236
vn -0.0036 0.2818 -0.9595
vn -0.0471 0.2615 -0.9641
vn -0.0255 0.4454 -0.8949
vn 0.0263 0.5389 -0.8419
vn 0.0333 0.7760 -0.6298
vn 0.0654 0.8292 -0.5551
vn -0.0028 0.3521 -0.9360
vn -0.0645 0.3614 -0.9302
vn -0.0453 0.6189 -0.7841
vn -0.0071 0.6671 -0.7449
vn -0.0124 0.8982 -0.4394
vn -0.0131 0.9116 -0.4108
vn 0.0536 0.6441 -0.7630
vn -0.0019 0.8941 -0.4479
vn 0.0990 0.3077 -0.9463
vn -0.0766 0.5229 -0.8489
vn -0.1466 0.5938 -0.7911
vn -0.1737 0.7933 -0.5835
vn -0.1093 0.8533 -0.5098
vn -0.1649 0.8643 -0.4753
vn -0.1055 0.9298 -0.3525
vn -0.0107 0.4236 -0.9058
vn 0.0186 0.9104 -0.4134
vn 0.0380 0.9978 0.0544
vn 0.0174 0.5010 -0.8653
vn 0.0419 0.3723 -0.9272
vn 0.0627 0.8893 -0.4529
vn 0.0210 0.8742 -0.4851
vn 0.0140 0.5639 -0.8257
vn 0.0256 0.8611 -0.5078
vn 0.0208 0.9890 -0.1467
vn 0.0323 0.9753 -0.2186
vn -0.0501 0.6859 -0.7259
vn -0.0153 0.6221 -0.7828
vn -0.0225 0.7388 -0.6735
vn -0.0213 0.7253 -0.6881
vn -0.0359 0.8334 -0.5515
vn -0.0326 0.8273 -0.5609
vn -0.0490 0.8076 -0.5877
vn -0.0277 0.8625 -0.5053
vn 0.0430 0.7832 -0.6202
vn -0.0183 0.7643 -0.6445
vn -0.0037 0.8286 -0.5599
vn 0.0416 0.8564 -0.5146
vn 0.0245 0.9161 -0.4001
vn 0.0377 0.9305 -0.3644
vn 0.0187 0.7246 -0.6889
vn 0.0585 0.7316 -0.6792
vn 0.0525 0.8650 -0.4989
vn 0.0194 0.8645 -0.5022
vn 0.0409 0.9778 -0.2056
vn 0.0255 0.9861 -0.1644
vn -0.0638 0.8628 -0.5014
vn -0.0265 0.9710 -0.2377
vn -0.0863 0.7281 -0.6800
vn -0.0067 0.3862 -0.9224
vn -0.0017 0.3510 -0.9364
vn -0.0492 0.6683 -0.7423
vn -0.0059 0.6350 -0.7725
vn -0.0275 0.7932 -0.6083
vn -0.0003 0.7941 -0.6078
vn 0.0041 0.4363 -0.8998
vn 0.0128 0.6818 -0.7314
vn 0.0174 0.8352 -0.5497
vn -0.0146 0.4862 -0.8737
vn -0.0221 0.7158 -0.6980
vn -0.0273 0.8699 -0.4925
vn -0.0610 0.5355 -0.8423
vn -0.0651 0.7306 -0.6797
vn -0.0652 0.8671 -0.4939
vn -0.0242 0.7052 -0.7086
vn 0.0287 0.5457 -0.8375
vn 0.0407 0.5889 -0.8072
vn 0.0031 0.6588 -0.7523
vn 0.0352 0.6466 -0.7620
vn 0.0321 0.6524 -0.7572
vn -0.0433 0.7795 -0.6250
vn 0.0057 0.7063 -0.7079
vn 0.0540 0.9051 -0.4219
vn -0.0470 0.8556 -0.5154
vn -0.0339 0.8380 -0.5446
vn 0.0628 0.8860 -0.4595
vn -0.0084 0.7950 -0.6065
vn 0.0705 0.8644 -0.4979
vn -0.0208 0.6370 -0.7706
vn 0.0772 0.7939 -0.6031
vn 0.0118 0.8196 -0.5729
vn -0.0738 0.6871 -0.7228
vn -0.0620 0.8522 -0.5196
vn -0.1466 0.7401 -0.6564
vn -0.0700 0.6326 -0.7713
vn 0.0263 0.7089 -0.7049
vn -0.1458 0.5600 -0.8156
vn 0.0209 0.6186 -0.7854
vn 0.0205 0.6012 -0.7989
vn 0.0275 0.7689 -0.6388
vn 0.0407 0.7749 -0.6307
vn 0.0366 0.8619 -0.5058
vn 0.0563 0.9033 -0.4253
vn -0.0074 0.5827 -0.8127
vn -0.0173 0.7876 -0.6159
vn -0.0350 0.9448 -0.3257
vn -0.0261 0.5399 -0.8413
vn -0.0489 0.7493 -0.6605
vn -0.0750 0.9423 -0.3263
vn -0.0178 0.5469 -0.8370
vn -0.0034 0.7384 -0.6744
vn 0.0229 0.9361 -0.3509
vn 0.0077 0.7989 -0.6014
vn 0.0191 0.6110 -0.7914
vn 0.0495 0.5841 -0.8101
vn 0.0367 0.7618 -0.6468
vn 0.0854 0.5532 -0.8286
vn 0.0695 0.6501 -0.7567
vn 0.0068 0.8643 -0.5030
vn 0.0172 0.7761 -0.6304
vn 0.0880 0.7115 -0.6972
vn 0.0468 0.9056 -0.4216
vn 0.0247 0.8561 -0.5162
vn 0.0412 0.7824 -0.6215
vn -0.0054 0.7918 -0.6107
vn 0.0043 0.8291 -0.5590
vn -0.0848 0.6963 -0.7127
vn -0.1194 0.6431 -0.7564
vn -0.1134 0.7790 -0.6167
vn -0.1268 0.7829 -0.6090
vn -0.1030 0.8801 -0.4635
vn -0.1665 0.8549 -0.4913
vn -0.0620 0.7590 -0.6482
vn -0.1229 0.8135 -0.5684
vn 0.0052 0.6931 -0.7208
vn -0.0169 0.5341 -0.8452
vn -0.0095 0.5581 -0.8297
vn -0.0088 0.7001 -0.7140
vn -0.0016 0.7471 -0.6647
vn -0.0100 0.7861 -0.6180
vn 0.0194 0.8554 -0.5176
vn 0.0287 0.4882 -0.8723
vn 0.0343 0.7967 -0.6034
vn 0.0546 0.9563 -0.2871
vn -0.0189 0.5097 -0.8601
vn -0.0467 0.7816 -0.6220
vn -0.0716 0.9380 -0.3392
vn -0.1079 0.5533 -0.8260
vn -0.1837 0.7184 -0.6710
vn -0.2425 0.8290 -0.5040
vn 0.0227 0.7813 -0.6237
vn 0.0135 0.7139 -0.7001
vn 0.0132 0.6802 -0.7329
vn 0.0300 0.7393 -0.6727
vn 0.0325 0.5757 -0.8170
vn 0.0340 0.5985 -0.8004
vn 0.0397 0.8053 -0.5916
vn 0.0965 0.6807 -0.7261
vn -0.0473 0.8464 -0.5305
vn 0.0328 0.8544 -0.5187
vn 0.0210 0.8233 -0.5672
vn -0.0551 0.8200 -0.5698
vn 0.0012 0.7507 -0.6606
vn -0.0631 0.7938 -0.6049
vn -0.1050 0.7130 -0.6933
vn -0.1025 0.7722 -0.6271
vn -0.1097 0.8162 -0.5672
vn -0.1644 0.7742 -0.6112
vn -0.1158 0.8587 -0.4993
vn -0.2300 0.8292 -0.5095
vn -0.2129 0.7138 -0.6672
vn -0.2826 0.7500 -0.5980
vn -0.1570 0.6780 -0.7181
vn 0.9672 -0.1544 -0.2015
vn 0.9743 -0.2119 -0.0766
vn 0.8537 0.1321 -0.5037
vn 0.8049 0.1984 -0.5592
vn 0.3947 0.4250 -0.8146
vn 0.4043 0.5312 -0.7446
vn 0.9955 -0.0714 -0.0616
vn 0.8852 0.3005 -0.3553
vn 0.3842 0.6106 -0.6926
vn 0.9946 -0.0555 -0.0871
vn 0.9930 -0.1162 -0.0220
vn 0.7859 0.2052 -0.5833
vn 0.9248 0.1673 -0.3416
vn 0.3069 0.4526 -0.8372
vn 0.4231 0.4929 -0.7603
vn 0.9932 -0.0728 -0.0910
vn 0.9847 -0.1741 -0.0002
vn 0.8758 0.2313 -0.4237
vn 0.8190 0.3249 -0.4729
vn 0.5041 0.4912 -0.7104
vn 0.5135 0.5573 -0.6525
vn 0.9723 0.0717 -0.2226
vn 0.7622 0.3997 -0.5093
vn 0.4603 0.5822 -0.6702
vn 0.9368 0.1173 -0.3295
vn 0.9476 0.1104 -0.2999
vn 0.7421 0.3174 -0.5904
vn 0.7293 0.2913 -0.6190
vn 0.4594 0.4561 -0.7622
vn 0.4821 0.4184 -0.7698
vn 0.9207 -0.0069 -0.3902
vn 0.9848 -0.0922 -0.1470
vn 0.7871 0.3024 -0.5377
vn 0.5752 0.4664 -0.6720
vn 0.3433 0.5594 -0.7545
vn 0.2986 0.6468 -0.7018
vn 0.9282 0.1702 -0.3310
vn 0.5385 0.6160 -0.5749
vn 0.2789 0.6721 -0.6859
vn 0.9162 0.1954 -0.3499
vn 0.9729 0.1999 -0.1165
vn 0.6682 0.4921 -0.5580
vn 0.7429 0.3642 -0.5616
vn 0.3698 0.6038 -0.7062
vn 0.4850 0.5188 -0.7040
vn 0.9379 0.0309 -0.3455
vn 0.8851 -0.0120 -0.4653
vn 0.4908 0.3364 -0.8037
vn 0.5697 0.3788 -0.7294
vn 0.1171 0.5009 -0.8575
vn 0.1491 0.5123 -0.8458
vn 0.9927 0.0376 -0.1144
vn 0.7127 0.3887 -0.5839
vn 0.2439 0.5465 -0.8011
vn 0.9803 -0.0046 -0.1975
vn 0.9894 -0.0119 -0.1449
vn 0.8477 0.2619 -0.4613
vn 0.8505 0.2276 -0.4742
vn 0.4539 0.5329 -0.7141
vn 0.5171 0.5098 -0.6876
vn -0.0676 0.5070 -0.8593
vn -0.1335 0.4894 -0.8618
vn -0.1575 0.7299 -0.6652
vn -0.0679 0.7456 -0.6629
vn -0.1664 0.8824 -0.4400
vn -0.1097 0.9081 -0.4041
vn 0.0559 0.4752 -0.8781
vn 0.0693 0.7296 -0.6803
vn 0.0738 0.9505 -0.3019
vn 0.0889 0.4390 -0.8941
vn 0.1156 0.6963 -0.7083
vn 0.1314 0.9534 -0.2715
vn -0.0480 0.7935 -0.6067
vn -0.0164 0.7786 -0.6273
vn -0.0187 0.8243 -0.5659
vn -0.0326 0.8332 -0.5520
vn -0.0215 0.8742 -0.4850
vn -0.0132 0.8811 -0.4728
vn -0.0499 0.8617 -0.5049
vn -0.0171 0.9092 -0.4161
vn 0.0742 0.7693 -0.6345
vn -0.0147 0.8040 -0.5945
vn -0.0029 0.8601 -0.5102
vn 0.0698 0.8526 -0.5178
vn 0.0261 0.9534 -0.3004
vn 0.0562 0.9523 -0.2999
vn 0.0339 0.8406 -0.5406
vn 0.0213 0.9497 -0.3123
vn 0.0374 0.7539 -0.6560
vn -0.0347 0.5846 -0.8106
vn -0.0282 0.5470 -0.8367
vn 0.0100 0.6909 -0.7229
vn -0.0063 0.7492 -0.6624
vn 0.0080 0.8353 -0.5498
vn 0.0107 0.8942 -0.4475
vn -0.0082 0.6050 -0.7962
vn -0.0035 0.8216 -0.5701
vn 0.0006 0.9358 -0.3525
vn 0.0509 0.5925 -0.8040
vn 0.0226 0.8315 -0.5550
vn 0.0063 0.9293 -0.3694
vn -0.0374 0.8220 -0.5682
vn -0.0130 0.6828 -0.7304
vn 0.0166 0.6631 -0.7483
vn -0.0066 0.7292 -0.6843
vn 0.0381 0.6485 -0.7603
vn 0.0219 0.6696 -0.7424
vn -0.0211 0.7840 -0.6204
vn -0.0056 0.7083 -0.7059
vn 0.1315 0.9325 -0.3364
vn -0.0199 0.9285 -0.3707
vn -0.0116 0.8475 -0.5306
vn 0.0981 0.8781 -0.4683
vn -0.0033 0.7303 -0.6831
vn 0.0481 0.7734 -0.6321
vn -0.0022 0.7907 -0.6122
vn -0.0820 0.7825 -0.6172
vn 0.0468 0.7928 -0.6077
vn 0.0020 0.5705 -0.8213
vn 0.0321 0.6227 -0.7818
vn -0.0030 0.7578 -0.6525
vn 0.0209 0.7668 -0.6415
vn -0.0035 0.8136 -0.5814
vn 0.0338 0.8808 -0.4723
vn -0.0261 0.5684 -0.8223
vn -0.0237 0.8135 -0.5811
vn -0.0209 0.9582 -0.2852
vn -0.0290 0.5969 -0.8018
vn -0.0799 0.8298 -0.5523
vn -0.1219 0.9639 -0.2366
vn -0.0134 0.7513 -0.6598
vn 0.0228 0.6252 -0.7801
vn 0.0479 0.6360 -0.7702
vn 0.0117 0.7000 -0.7140
vn 0.0664 0.6436 -0.7625
vn 0.0329 0.6638 -0.7472
vn -0.0247 0.7909 -0.6115
vn -0.0059 0.7084 -0.7058
vn -0.0399 0.7458 -0.6650
vn 0.0547 0.8587 -0.5095
vn 0.0454 0.8079 -0.5876
vn -0.0668 0.7487 -0.6595
vn 0.0258 0.7153 -0.6983
vn -0.1116 0.7527 -0.6489
vn -0.2460 0.6966 -0.6739
vn -0.2515 0.7649 -0.5929
vn -0.2382 0.6407 -0.7299
vn 0.0003 0.5710 -0.8209
vn 0.0695 0.5342 -0.8425
vn 0.1043 0.7207 -0.6854
vn 0.0231 0.7487 -0.6625
vn 0.1300 0.8506 -0.5094
vn 0.0480 0.8871 -0.4591
vn -0.0535 0.5947 -0.8022
vn -0.0769 0.7765 -0.6254
vn -0.0958 0.9145 -0.3931
vn -0.0369 0.5836 -0.8112
vn -0.0881 0.7645 -0.6386
vn -0.1400 0.9082 -0.3945
vn 0.0268 0.6896 -0.7237
vn -0.0154 0.6377 -0.7701
vn 0.0132 0.7553 -0.6553
vn 0.0366 0.7665 -0.6412
vn 0.0601 0.9578 -0.2812
vn 0.0458 0.9604 -0.2747
vn 0.0894 0.7752 -0.6253
vn 0.0378 0.8409 -0.5399
vn -0.1347 0.7542 -0.6427
vn -0.0391 0.7429 -0.6682
vn -0.0706 0.7722 -0.6314
vn -0.1288 0.8378 -0.5306
vn -0.1396 0.8374 -0.5285
vn -0.1130 0.9264 -0.3591
vn 0.0289 0.8623 -0.5056
vn -0.0170 0.9421 -0.3349
vn 0.0598 0.7837 -0.6183
vn -0.0692 0.7343 -0.6753
vn -0.1148 0.7488 -0.6528
vn -0.1901 0.7655 -0.6147
vn 0.1212 0.9188 -0.3757
vn 0.1076 0.9733 0.2026
vn 0.0593 0.9982 -0.0035
vn 0.0644 0.2980 -0.9524
vn -0.0201 0.3393 0.9405
vn -0.0334 0.6993 0.7141
vn -0.0211 0.7324 0.6805
vn 0.0451 0.3832 0.9226
vn -0.0395 0.8524 0.5215
vn -0.0388 0.8371 0.5457
vn -0.0111 0.2153 0.9765
vn -0.0387 0.6421 0.7656
vn -0.0536 0.8796 0.4727
vn 0.0095 0.2426 0.9701
vn 0.0275 0.6193 0.7847
vn 0.0343 0.8640 0.5024
vn -0.0174 0.3630 0.9316
vn 0.0766 0.6394 0.7651
vn 0.1467 0.8184 0.5557
vn -0.0268 0.2867 0.9576
vn -0.0242 0.3587 0.9331
vn 0.0204 0.3626 0.9317
vn 0.0238 0.2607 0.9651
vn 0.0095 0.6320 0.7749
vn -0.0002 0.6469 0.7626
vn -0.0734 0.4461 0.8920
vn -0.0256 0.6910 0.7224
vn 0.0580 0.2488 0.9668
vn 0.0609 0.4159 0.9074
vn -0.0049 0.4292 0.9032
vn -0.0147 0.2888 0.9573
vn 0.0654 0.8292 0.5551
vn 0.0328 0.7763 0.6295
vn -0.0294 0.2988 0.9539
vn -0.0209 0.6489 0.7606
vn -0.0069 0.4943 0.8692
vn -0.0049 0.2548 0.9670
vn -0.0131 0.9116 0.4109
vn -0.0125 0.8983 0.4393
vn 0.0536 0.6441 0.7630
vn -0.0019 0.8941 0.4479
vn 0.0990 0.3077 0.9463
vn -0.0836 0.5314 0.8430
vn -0.0732 0.8364 0.5432
vn -0.1594 0.7736 0.6133
vn -0.1388 0.6048 0.7842
vn -0.0578 0.9800 0.1906
vn -0.1732 0.9017 0.3963
vn 0.0004 0.3989 0.9170
vn 0.0449 0.9028 0.4276
vn 0.0648 0.9881 -0.1397
vn 0.0174 0.5010 0.8653
vn 0.0217 0.8742 0.4851
vn 0.0617 0.8879 0.4558
vn 0.0422 0.3721 0.9272
vn 0.0140 0.5639 0.8257
vn 0.0256 0.8611 0.5078
vn 0.0323 0.9753 0.2186
vn 0.0208 0.9890 0.1467
vn -0.0392 0.6876 0.7250
vn -0.0376 0.7449 0.6661
vn -0.0122 0.7279 0.6856
vn -0.0050 0.6427 0.7661
vn -0.0327 0.8348 0.5496
vn -0.0238 0.8468 0.5313
vn -0.0560 0.8073 0.5875
vn -0.0294 0.8791 0.4757
vn 0.0384 0.7751 0.6306
vn 0.0347 0.8464 0.5315
vn -0.0048 0.8313 0.5558
vn -0.0209 0.7683 0.6398
vn 0.0278 0.9232 0.3833
vn 0.0250 0.9164 0.3995
vn 0.0223 0.6835 0.7296
vn 0.0243 0.8361 0.5481
vn 0.0430 0.8358 0.5473
vn 0.0456 0.6970 0.7156
vn 0.0328 0.9816 0.1882
vn 0.0251 0.9699 0.2421
vn -0.0414 0.8456 0.5322
vn -0.0046 0.9674 0.2533
vn -0.0628 0.6991 0.7123
vn -0.0262 0.4237 0.9054
vn -0.0189 0.6806 0.7324
vn -0.0733 0.6918 0.7183
vn -0.0340 0.4029 0.9146
vn -0.0283 0.8244 0.5653
vn -0.0534 0.8161 0.5754
vn 0.0006 0.4479 0.8941
vn 0.0028 0.7040 0.7101
vn 0.0046 0.8543 0.5197
vn -0.0145 0.4862 0.8737
vn -0.0219 0.7157 0.6980
vn -0.0273 0.8699 0.4925
vn -0.0610 0.5355 0.8423
vn -0.0651 0.7306 0.6797
vn -0.0652 0.8671 0.4939
vn -0.0493 0.7328 0.6787
vn -0.0360 0.7148 0.6984
vn -0.0012 0.6347 0.7727
vn -0.0051 0.6176 0.7865
vn -0.0059 0.6844 0.7290
vn -0.0126 0.6768 0.7360
vn -0.0627 0.7928 0.6062
vn -0.0158 0.7294 0.6839
vn 0.0541 0.9050 0.4219
vn 0.0629 0.8860 0.4595
vn -0.0425 0.8422 0.5375
vn -0.0599 0.8627 0.5021
vn 0.0706 0.8644 0.4979
vn -0.0138 0.7955 0.6058
vn -0.0208 0.6370 0.7705
vn -0.0738 0.6871 0.7228
vn 0.0126 0.8191 0.5736
vn 0.0772 0.7939 0.6031
vn -0.1466 0.7401 0.6564
vn -0.0620 0.8522 0.5196
vn -0.0700 0.6326 0.7713
vn 0.0263 0.7089 0.7049
vn -0.1458 0.5600 0.8156
vn -0.0036 0.6560 0.7547
vn 0.0197 0.7408 0.6715
vn 0.0103 0.7270 0.6866
vn 0.0115 0.6384 0.7696
vn 0.0333 0.8172 0.5754
vn 0.0209 0.7700 0.6377
vn -0.0243 0.6004 0.7993
vn -0.0326 0.7720 0.6347
vn -0.0459 0.9188 0.3922
vn -0.0261 0.5399 0.8413
vn -0.0492 0.7492 0.6605
vn -0.0750 0.9423 0.3263
vn -0.0178 0.5469 0.8370
vn -0.0034 0.7383 0.6744
vn 0.0229 0.9361 0.3509
vn -0.0271 0.8277 0.5606
vn -0.0122 0.7656 0.6432
vn 0.0492 0.6063 0.7937
vn 0.0086 0.6327 0.7743
vn 0.0502 0.6605 0.7491
vn 0.0920 0.5773 0.8113
vn -0.0395 0.8577 0.5127
vn -0.0312 0.7852 0.6184
vn 0.0880 0.7115 0.6972
vn 0.0407 0.7823 0.6215
vn 0.0125 0.8538 0.5204
vn 0.0204 0.8993 0.4369
vn 0.0043 0.8291 0.5591
vn -0.0086 0.7912 0.6115
vn -0.1422 0.6876 0.7120
vn -0.1764 0.7943 0.5813
vn -0.1132 0.7790 0.6167
vn -0.1194 0.6431 0.7564
vn -0.2062 0.8805 0.4269
vn -0.1030 0.8801 0.4635
vn -0.1573 0.7853 0.5988
vn -0.1985 0.8699 0.4515
vn -0.1113 0.6806 0.7241
vn -0.0364 0.4312 0.9015
vn -0.0292 0.7661 0.6421
vn 0.0162 0.7088 0.7052
vn 0.0094 0.4740 0.8805
vn -0.0169 0.9288 0.3702
vn 0.0308 0.8314 0.5548
vn 0.0158 0.4017 0.9156
vn 0.0221 0.8447 0.5348
vn 0.0301 0.9979 0.0567
vn 0.0029 0.5055 0.8628
vn -0.0026 0.7961 0.6052
vn -0.0133 0.9608 0.2768
vn -0.1015 0.6098 0.7860
vn -0.1564 0.7396 0.6546
vn -0.1967 0.8247 0.5302
vn 0.0053 0.6972 0.7169
vn 0.0336 0.7204 0.6927
vn -0.0202 0.6453 0.7636
vn -0.0143 0.6125 0.7903
vn 0.0390 0.6439 0.7641
vn 0.0003 0.6055 0.7958
vn 0.0036 0.7537 0.6572
vn 0.1290 0.7311 0.6699
vn -0.0233 0.8241 0.5660
vn -0.0220 0.8073 0.5897
vn 0.0338 0.7773 0.6283
vn 0.0502 0.7954 0.6040
vn -0.0284 0.7867 0.6167
vn 0.0071 0.7224 0.6914
vn -0.0929 0.7247 0.6827
vn -0.1402 0.7906 0.5960
vn -0.1092 0.8171 0.5660
vn -0.1025 0.7721 0.6272
vn -0.1918 0.8501 0.4904
vn -0.1151 0.8605 0.4963
vn -0.1636 0.7486 0.6425
vn -0.1999 0.7980 0.5686
vn -0.1342 0.7035 0.6979
vn 0.9864 -0.1475 0.0731
vn 0.8635 0.2226 0.4525
vn 0.8537 0.1321 0.5037
vn 0.9743 -0.2119 0.0766
vn 0.4158 0.5550 0.7204
vn 0.3947 0.4250 0.8146
vn 0.9966 -0.0809 0.0144
vn 0.8789 0.2923 0.3771
vn 0.3820 0.6169 0.6881
vn 0.9769 -0.0655 0.2033
vn 0.8283 0.2246 0.5133
vn 0.6852 0.2312 0.6906
vn 0.9637 -0.1054 0.2453
vn 0.3392 0.4703 0.8147
vn 0.2973 0.4705 0.8308
vn 0.9772 -0.0833 0.1953
vn 0.7646 0.3101 0.5650
vn 0.9047 0.2443 0.3490
vn 0.9827 -0.1644 -0.0847
vn 0.4886 0.5292 0.6938
vn 0.5235 0.5088 0.6835
vn 0.9613 0.0845 0.2623
vn 0.7822 0.3883 0.4873
vn 0.4746 0.5637 0.6760
vn 0.9368 0.1173 0.3295
vn 0.7511 0.2726 0.6013
vn 0.7886 0.3213 0.5243
vn 0.9850 0.1154 0.1285
vn 0.5637 0.3741 0.7364
vn 0.5504 0.4336 0.7135
vn 0.9779 0.0081 0.2087
vn 0.7459 0.3971 0.5348
vn 0.7871 0.3024 0.5377
vn 0.9848 -0.0922 0.1470
vn 0.3510 0.6360 0.6873
vn 0.3433 0.5594 0.7545
vn 0.9369 0.1740 0.3033
vn 0.8020 0.3712 0.4680
vn 0.3308 0.6572 0.6773
vn 0.9162 0.1954 0.3499
vn 0.7778 0.3320 0.5336
vn 0.8085 0.3133 0.4981
vn 0.9235 0.1956 0.3301
vn 0.4850 0.5188 0.7040
vn 0.4291 0.5473 0.7186
vn 0.9953 0.0397 0.0879
vn 0.6817 0.4183 0.6002
vn 0.4551 0.3013 0.8379
vn 0.8684 -0.0642 0.4916
vn 0.1520 0.5249 0.8375
vn 0.1134 0.4705 0.8751
vn 0.9970 0.0214 -0.0742
vn 0.6895 0.4093 0.5975
vn 0.2314 0.5485 0.8035
vn 0.9807 0.0021 0.1956
vn 0.8543 0.2624 0.4488
vn 0.8045 0.2558 0.5361
vn 0.9482 -0.0046 0.3176
vn 0.5086 0.5741 0.6417
vn 0.4199 0.5465 0.7246
vn -0.0613 0.5147 0.8552
vn -0.0623 0.7273 0.6835
vn -0.1302 0.6952 0.7069
vn -0.1205 0.5050 0.8547
vn -0.0571 0.9179 0.3928
vn -0.1297 0.8901 0.4369
vn 0.0560 0.4752 0.8781
vn 0.0650 0.7058 0.7054
vn 0.0647 0.9393 0.3368
vn 0.0889 0.4390 0.8941
vn 0.1074 0.6559 0.7472
vn 0.1183 0.9377 0.3266
vn -0.0427 0.7878 0.6145
vn -0.0268 0.8344 0.5505
vn -0.0045 0.8230 0.5681
vn -0.0058 0.7667 0.6419
vn -0.0023 0.8899 0.4561
vn -0.0507 0.8618 0.5047
vn -0.0181 0.9096 0.4151
vn 0.0645 0.7677 0.6376
vn 0.0602 0.8520 0.5200
vn -0.0029 0.8601 0.5102
vn -0.0152 0.8042 0.5942
vn 0.0488 0.9523 0.3012
vn 0.0255 0.9535 0.3002
vn 0.0275 0.8411 0.5402
vn 0.0170 0.9498 0.3124
vn 0.0303 0.7535 0.6567
vn -0.0445 0.6034 0.7962
vn -0.0328 0.7633 0.6452
vn -0.0423 0.7160 0.6969
vn -0.0450 0.5911 0.8053
vn -0.0158 0.9141 0.4052
vn -0.0412 0.8621 0.5051
vn -0.0106 0.6076 0.7942
vn -0.0052 0.8226 0.5686
vn 0.0001 0.9360 0.3521
vn 0.0509 0.5925 0.8040
vn 0.0226 0.8315 0.5550
vn 0.0063 0.9293 0.3694
vn -0.0434 0.8197 0.5712
vn -0.0233 0.7643 0.6444
vn -0.0147 0.7103 0.7037
vn -0.0286 0.7241 0.6891
vn -0.0018 0.6987 0.7154
vn -0.0018 0.6985 0.7156
vn -0.0237 0.7878 0.6154
vn -0.0059 0.7084 0.7058
vn 0.1315 0.9325 0.3364
vn 0.0981 0.8781 0.4683
vn -0.0130 0.8495 0.5274
vn -0.0224 0.9309 0.3646
vn 0.0481 0.7734 0.6321
vn -0.0034 0.7303 0.6831
vn -0.0021 0.7905 0.6124
vn -0.0820 0.7825 0.6172
vn 0.0468 0.7928 0.6077
vn -0.0203 0.5692 0.8219
vn 0.0070 0.7684 0.6400
vn -0.0590 0.7359 0.6746
vn -0.0137 0.6130 0.7900
vn 0.0040 0.8552 0.5182
vn -0.0489 0.7776 0.6268
vn -0.0281 0.5690 0.8219
vn -0.0216 0.8151 0.5789
vn -0.0140 0.9604 0.2784
vn -0.0290 0.5969 0.8018
vn -0.0799 0.8298 0.5523
vn -0.1219 0.9639 0.2366
vn -0.0331 0.7404 0.6713
vn -0.0143 0.7047 0.7094
vn 0.0105 0.6261 0.7796
vn -0.0172 0.6301 0.7763
vn 0.0125 0.6521 0.7580
vn 0.0277 0.6234 0.7814
vn -0.0283 0.7921 0.6097
vn -0.0061 0.7083 0.7059
vn -0.0399 0.7458 0.6650
vn -0.0668 0.7489 0.6593
vn 0.0433 0.8086 0.5868
vn 0.0518 0.8602 0.5073
vn -0.1116 0.7527 0.6489
vn 0.0258 0.7153 0.6983
vn -0.2460 0.6966 0.6739
vn -0.2515 0.7649 0.5929
vn -0.2382 0.6407 0.7299
vn -0.0225 0.5683 0.8225
vn 0.0121 0.7433 0.6689
vn 0.0908 0.7332 0.6739
vn 0.0500 0.5275 0.8481
vn 0.0480 0.8780 0.4763
vn 0.1147 0.8435 0.5247
vn -0.0572 0.5914 0.8044
vn -0.0757 0.7880 0.6110
vn -0.0890 0.9314 0.3531
vn -0.0366 0.5852 0.8100
vn -0.0818 0.7911 0.6062
vn -0.1255 0.9421 0.3109
vn 0.0276 0.6776 0.7349
vn -0.0057 0.7196 0.6944
vn 0.0338 0.7554 0.6544
vn -0.0361 0.6087 0.7926
vn 0.0017 0.9291 0.3698
vn 0.0433 0.9449 0.3243
vn 0.0923 0.7328 0.6741
vn 0.0309 0.7703 0.6369
vn -0.1346 0.7542 0.6427
vn -0.1239 0.8453 0.5198
vn -0.0546 0.7606 0.6469
vn -0.0376 0.7382 0.6735
vn -0.1016 0.9386 0.3298
vn -0.1067 0.8212 0.5605
vn 0.0394 0.8729 0.4863
vn 0.0073 0.9589 0.2838
vn 0.0598 0.7837 0.6182
vn -0.0692 0.7343 0.6753
vn -0.1148 0.7488 0.6528
vn -0.1901 0.7655 0.6147
vn 0.1265 0.9186 0.3744
vn 0.1107 0.9732 -0.2017
vn 0.0614 0.9981 0.0041
vn 0.0651 0.2977 0.9524
vn 0.9557 0.2618 0.1342
vn 0.4805 0.5566 0.6777
vn 0.8793 -0.0660 -0.4716
vn 0.9667 0.2208 0.1297
vn 0.6789 0.6617 -0.3180
vn 0.9146 -0.0051 0.4043
vn -0.0397 0.4195 -0.9069
vn 0.0056 0.6732 -0.7395
vn 0.0150 0.8363 -0.5481
vn 0.0712 0.9275 -0.3670
vn -0.0931 0.5738 -0.8137
vn -0.1326 0.4435 -0.8864
vn -0.1766 0.9742 -0.1404
vn -0.0798 0.9827 -0.1671
vn -0.1968 0.9762 0.0914
vn -0.0767 0.9970 -0.0124
vn 0.1976 0.6617 -0.7233
vn 0.0638 0.6906 -0.7205
vn 0.0167 0.9728 -0.2312
vn 0.2138 0.9549 -0.2063
vn 0.1990 0.6642 -0.7206
vn 0.5122 0.8286 -0.2258
vn 0.2164 0.9722 -0.0896
vn 0.5499 0.8290 -0.1018
vn 0.0706 0.4293 -0.9004
vn -0.1277 0.2781 -0.9520
vn 0.0562 0.4645 -0.8838
vn 0.1699 0.4386 -0.8825
vn -0.1581 0.1334 -0.9784
vn 0.6894 0.5682 -0.4493
vn 0.7600 0.4950 -0.4212
vn 0.5536 0.6359 -0.5377
vn 0.4033 0.7548 -0.5174
vn 0.5302 0.6907 -0.4918
vn 0.2116 0.8610 -0.4626
vn 0.7703 0.4383 -0.4632
vn 0.8178 0.4312 -0.3810
vn 0.8351 0.4270 -0.3469
vn 0.6821 0.6257 -0.3785
vn 0.7975 0.5111 -0.3206
vn 0.4141 0.7082 -0.5719
vn 0.2888 0.7885 -0.5430
vn 0.4539 0.7712 -0.4463
vn 0.1269 0.8662 -0.4833
vn 0.7549 0.5512 -0.3554
vn 0.8796 0.4309 -0.2017
vn 0.9125 0.3833 -0.1430
vn -0.1013 0.8109 -0.5764
vn -0.1243 0.7082 -0.6950
vn -0.4230 0.6738 -0.6059
vn -0.4086 0.7555 -0.5121
vn -0.0647 0.9123 -0.4045
vn -0.3639 0.8720 -0.3274
vn 0.2159 0.8713 -0.4408
vn 0.2146 0.7588 -0.6150
vn 0.2083 0.6679 -0.7145
vn 0.6532 0.6241 -0.4288
vn 0.7483 0.5353 -0.3917
vn 0.4070 0.7058 -0.5798
vn 0.3080 0.7902 -0.5299
vn 0.5045 0.7316 -0.4584
vn 0.1826 0.8738 -0.4507
vn 0.7678 0.4897 -0.4130
vn 0.8506 0.4363 -0.2935
vn 0.8810 0.4093 -0.2372
vn 0.6751 0.6305 -0.3830
vn 0.7814 0.5329 -0.3248
vn 0.3903 0.7224 -0.5708
vn 0.2821 0.7938 -0.5387
vn 0.4375 0.7818 -0.4443
vn 0.1621 0.8555 -0.4918
vn 0.7293 0.5922 -0.3427
vn 0.8663 0.4532 -0.2100
vn 0.9055 0.3977 -0.1481
vn 0.4531 0.6469 -0.6134
vn 0.5359 0.6256 -0.5670
vn 0.0624 0.7204 -0.6907
vn 0.0000 0.7340 -0.6792
vn 0.3331 0.7191 -0.6099
vn -0.0883 0.7305 -0.6772
vn 0.6986 0.5606 -0.4446
vn 0.7445 0.5095 -0.4314
vn 0.7625 0.4870 -0.4260
vn 0.5465 0.6324 -0.5489
vn 0.6880 0.4796 -0.5446
vn 0.1956 0.5925 -0.7815
vn 0.1038 0.6981 -0.7085
vn 0.3039 0.8029 -0.5128
vn -0.0098 0.8053 -0.5928
vn 0.6387 0.6829 -0.3546
vn 0.8250 0.4613 -0.3263
vn 0.8794 0.3608 -0.3105
vn -0.1503 0.7163 -0.6814
vn -0.1792 0.6048 -0.7760
vn -0.4638 0.5853 -0.6651
vn -0.4456 0.6741 -0.5891
vn -0.1011 0.8362 -0.5390
vn -0.3932 0.8110 -0.4331
vn 0.1680 0.7902 -0.5894
vn 0.1583 0.6615 -0.7331
vn 0.1483 0.5618 -0.8139
vn 0.5587 0.6062 -0.5661
vn 0.6716 0.4560 -0.5839
vn 0.1901 0.6113 -0.7683
vn 0.1324 0.7158 -0.6857
vn 0.3717 0.7780 -0.5065
vn 0.0567 0.8262 -0.5605
vn 0.6846 0.6198 -0.3837
vn 0.8270 0.4093 -0.3855
vn 0.8688 0.3143 -0.3826
vn 0.5197 0.6536 -0.5502
vn 0.6639 0.4923 -0.5629
vn 0.1740 0.5877 -0.7902
vn 0.0948 0.6943 -0.7134
vn 0.2858 0.8226 -0.4917
vn -0.0057 0.8043 -0.5942
vn 0.6120 0.7302 -0.3038
vn 0.8179 0.4832 -0.3122
vn -0.1391 0.7759 -0.6153
vn -0.4406 0.7172 -0.5400
vn -0.0606 0.9401 -0.3354
vn -0.3379 0.9101 -0.2399
vn 0.1895 0.8986 -0.3958
vn 0.1699 0.7140 -0.6792
vn 0.6367 0.5423 -0.5483
vn 0.6895 0.4346 -0.5794
vn 0.3293 0.5690 -0.7536
vn 0.2931 0.6831 -0.6690
vn 0.5409 0.6894 -0.4819
vn 0.2392 0.8064 -0.5409
vn 0.8127 0.4619 -0.3551
vn 0.8498 0.3603 -0.3849
vn 0.8616 0.3136 -0.3991
vn 0.5778 0.5321 -0.6188
vn 0.7296 0.1914 -0.6566
vn 0.2830 0.3281 -0.9013
vn 0.0616 0.6688 -0.7409
vn 0.1055 0.9224 -0.3716
vn -0.2003 0.8991 -0.3892
vn 0.5726 0.7736 -0.2715
vn 0.8814 0.2793 -0.3810
vn 0.9150 0.0822 -0.3949
vn 0.3443 0.6328 -0.6936
vn 0.3809 0.4745 -0.7936
vn -0.0257 0.5807 -0.8137
vn -0.0163 0.6797 -0.7333
vn 0.2733 0.7984 -0.5365
vn -0.0012 0.8081 -0.5891
vn 0.5541 0.7138 -0.4283
vn 0.6604 0.4647 -0.5898
vn 0.6873 0.3106 -0.6566
vn 0.6847 0.5590 0.4677
vn 0.4033 0.7548 0.5174
vn 0.5536 0.6359 0.5377
vn 0.7600 0.4950 0.4212
vn 0.5302 0.6907 0.4918
vn 0.2116 0.8610 0.4626
vn 0.7703 0.4383 0.4632
vn 0.8178 0.4312 0.3810
vn 0.8351 0.4270 0.3469
vn 0.6806 0.6128 0.4015
vn 0.2888 0.7885 0.5430
vn 0.4141 0.7082 0.5719
vn 0.7975 0.5111 0.3206
vn 0.4539 0.7712 0.4463
vn 0.1269 0.8662 0.4833
vn 0.7549 0.5512 0.3554
vn 0.8796 0.4309 0.2017
vn 0.9125 0.3833 0.1430
vn -0.0985 0.8109 0.5768
vn -0.4086 0.7555 0.5121
vn -0.4230 0.6738 0.6059
vn -0.1243 0.7082 0.6950
vn -0.0647 0.9123 0.4045
vn -0.3639 0.8720 0.3274
vn 0.2159 0.8713 0.4408
vn 0.2146 0.7588 0.6150
vn 0.2083 0.6679 0.7145
vn 0.6498 0.6156 0.4459
vn 0.3080 0.7902 0.5299
vn 0.4070 0.7058 0.5798
vn 0.7483 0.5353 0.3917
vn 0.5045 0.7316 0.4584
vn 0.1826 0.8738 0.4507
vn 0.7678 0.4897 0.4130
vn 0.8506 0.4363 0.2935
vn 0.8810 0.4093 0.2372
vn 0.6583 0.6354 0.4036
vn 0.2525 0.7917 0.5564
vn 0.3723 0.7064 0.6020
vn 0.7847 0.5192 0.3387
vn 0.4213 0.8046 0.4185
vn 0.1005 0.8734 0.4765
vn 0.7369 0.6032 0.3051
vn 0.8757 0.4450 0.1874
vn -0.0985 0.8110 0.5767
vn 0.5159 0.6279 0.5827
vn 0.1456 0.7178 0.6809
vn 0.2153 0.6129 0.7603
vn 0.5934 0.5525 0.5853
vn 0.3930 0.7466 0.5367
vn 0.0580 0.8257 0.5611
vn 0.6986 0.5606 0.4446
vn 0.7445 0.5095 0.4314
vn 0.7625 0.4870 0.4260
vn 0.5441 0.6252 0.5595
vn 0.1038 0.6981 0.7085
vn 0.1956 0.5925 0.7815
vn 0.6880 0.4796 0.5446
vn 0.3039 0.8029 0.5128
vn -0.0098 0.8053 0.5928
vn 0.6387 0.6829 0.3546
vn 0.8250 0.4613 0.3263
vn 0.8794 0.3608 0.3105
vn -0.1472 0.7164 0.6820
vn -0.4456 0.6741 0.5891
vn -0.4638 0.5853 0.6651
vn -0.1792 0.6048 0.7760
vn -0.1011 0.8362 0.5390
vn -0.3932 0.8110 0.4331
vn 0.1680 0.7902 0.5894
vn 0.1583 0.6615 0.7331
vn 0.1483 0.5618 0.8139
vn 0.5560 0.6012 0.5739
vn 0.1324 0.7158 0.6857
vn 0.1901 0.6113 0.7683
vn 0.6716 0.4560 0.5839
vn 0.3717 0.7780 0.5065
vn 0.0567 0.8262 0.5605
vn 0.6846 0.6198 0.3837
vn 0.8270 0.4093 0.3855
vn 0.8688 0.3143 0.3826
vn 0.5174 0.6490 0.5577
vn 0.0948 0.6943 0.7134
vn 0.1740 0.5877 0.7902
vn 0.6639 0.4923 0.5629
vn 0.2858 0.8226 0.4917
vn -0.0057 0.8043 0.5942
vn 0.6120 0.7302 0.3038
vn 0.8179 0.4832 0.3122
vn -0.1334 0.7760 0.6165
vn -0.4406 0.7172 0.5400
vn -0.0606 0.9401 0.3354
vn -0.3379 0.9101 0.2399
vn 0.1895 0.8986 0.3958
vn 0.1699 0.7140 0.6792
vn 0.6344 0.5397 0.5534
vn 0.2931 0.6831 0.6690
vn 0.3293 0.5690 0.7536
vn 0.6895 0.4346 0.5794
vn 0.5409 0.6893 0.4819
vn 0.2392 0.8064 0.5409
vn 0.8127 0.4619 0.3551
vn 0.8498 0.3603 0.3849
vn 0.8616 0.3136 0.3991
vn 0.5739 0.5293 0.6249
vn 0.0616 0.6688 0.7409
vn 0.2830 0.3281 0.9013
vn 0.7296 0.1914 0.6566
vn 0.1055 0.9224 0.3716
vn -0.2003 0.8991 0.3892
vn 0.5726 0.7736 0.2715
vn 0.8814 0.2793 0.3810
vn 0.9150 0.0822 0.3949
vn 0.3444 0.6328 0.6935
vn -0.0163 0.6797 0.7333
vn -0.0257 0.5807 0.8137
vn 0.3809 0.4745 0.7936
vn 0.2733 0.7984 0.5365
vn -0.0012 0.8081 0.5891
vn 0.5541 0.7138 0.4283
vn 0.6604 0.4647 0.5898
vn 0.6873 0.3106 0.6566
vn -0.9672 -0.1544 0.2015
vn -0.9743 -0.2119 0.0766
vn -0.8537 0.1321 0.5037
vn -0.8049 0.1984 0.5592
vn -0.3947 0.4250 0.8146
vn -0.4043 0.5312 0.7446
vn -0.9711 -0.0443 0.2344
vn -0.6689 0.3081 0.6765
vn -0.4124 0.6260 0.6618
vn -0.9920 -0.0495 0.1163
vn -0.8940 0.0945 0.4380
vn -0.5876 0.2190 0.7790
vn -0.9064 0.1955 0.3744
vn -0.1684 0.3482 0.9222
vn -0.2648 0.4790 0.8369
vn -0.9932 -0.0728 0.0910
vn -0.9847 -0.1741 0.0002
vn -0.8758 0.2313 0.4237
vn -0.8190 0.3249 0.4729
vn -0.5041 0.4912 0.7104
vn -0.5135 0.5573 0.6525
vn -0.9723 0.0717 0.2226
vn -0.7622 0.3997 0.5093
vn -0.4603 0.5822 0.6702
vn -0.9368 0.1174 0.3295
vn -0.9476 0.1104 0.2999
vn -0.7421 0.3174 0.5904
vn -0.7293 0.2913 0.6190
vn -0.4594 0.4561 0.7622
vn -0.4821 0.4184 0.7698
vn -0.9207 -0.0069 0.3902
vn -0.9848 -0.0922 0.1470
vn -0.7871 0.3024 0.5377
vn -0.5752 0.4664 0.6720
vn -0.3433 0.5594 0.7545
vn -0.2986 0.6468 0.7018
vn -0.9282 0.1702 0.3310
vn -0.5385 0.6160 0.5749
vn -0.2789 0.6721 0.6859
vn -0.9162 0.1954 0.3499
vn -0.9729 0.1999 0.1165
vn -0.6682 0.4921 0.5580
vn -0.7429 0.3642 0.5616
vn -0.3698 0.6038 0.7062
vn -0.4850 0.5188 0.7040
vn -0.9379 0.0309 0.3455
vn -0.8851 -0.0120 0.4653
vn -0.4908 0.3364 0.8037
vn -0.5697 0.3788 0.7294
vn -0.1171 0.5009 0.8575
vn -0.1491 0.5123 0.8458
vn -0.9927 0.0376 0.1144
vn -0.7127 0.3887 0.5839
vn -0.2439 0.5465 0.8011
vn -0.9810 0.0088 0.1937
vn -0.9896 -0.0072 0.1436
vn -0.8392 0.2972 0.4555
vn -0.8696 0.2886 0.4006
vn -0.4413 0.5813 0.6837
vn -0.4939 0.6080 0.6216
vn -0.9864 -0.1475 -0.0731
vn -0.8635 0.2226 -0.4525
vn -0.8537 0.1321 -0.5037
vn -0.9743 -0.2119 -0.0766
vn -0.4158 0.5550 -0.7204
vn -0.3947 0.4250 -0.8146
vn -0.9961 -0.0744 -0.0468
vn -0.7469 0.4455 -0.4937
vn -0.4420 0.6651 -0.6019
vn -0.9765 -0.0692 -0.2039
vn -0.8144 0.2401 -0.5283
vn -0.6681 0.0808 -0.7397
vn -0.8120 0.0560 -0.5809
vn -0.3394 0.4984 -0.7977
vn -0.2639 0.4114 -0.8724
vn -0.9772 -0.0833 -0.1953
vn -0.7646 0.3101 -0.5650
vn -0.9047 0.2443 -0.3490
vn -0.9827 -0.1644 0.0847
vn -0.4886 0.5292 -0.6938
vn -0.5235 0.5088 -0.6835
vn -0.9613 0.0845 -0.2623
vn -0.7822 0.3883 -0.4873
vn -0.4746 0.5637 -0.6760
vn -0.9368 0.1174 -0.3295
vn -0.7511 0.2726 -0.6013
vn -0.7886 0.3213 -0.5243
vn -0.9850 0.1154 -0.1285
vn -0.5637 0.3741 -0.7364
vn -0.5504 0.4336 -0.7135
vn -0.9779 0.0081 -0.2087
vn -0.7459 0.3971 -0.5348
vn -0.7871 0.3024 -0.5377
vn -0.9848 -0.0922 -0.1470
vn -0.3510 0.6360 -0.6873
vn -0.3433 0.5594 -0.7545
vn -0.9369 0.1740 -0.3033
vn -0.8020 0.3712 -0.4680
vn -0.3308 0.6572 -0.6773
vn -0.9162 0.1954 -0.3499
vn -0.7778 0.3320 -0.5336
vn -0.8085 0.3133 -0.4981
vn -0.9235 0.1956 -0.3301
vn -0.4850 0.5188 -0.7040
vn -0.4291 0.5473 -0.7186
vn -0.9953 0.0397 -0.0879
vn -0.6817 0.4183 -0.6002
vn -0.4551 0.3013 -0.8379
vn -0.8684 -0.0642 -0.4916
vn -0.1520 0.5249 -0.8375
vn -0.1134 0.4705 -0.8751
vn -0.9970 0.0214 0.0742
vn -0.6895 0.4093 -0.5975
vn -0.2314 0.5485 -0.8035
vn -0.9807 0.0021 -0.1956
vn -0.8543 0.2624 -0.4488
vn -0.8045 0.2558 -0.5361
vn -0.9482 -0.0046 -0.3176
vn -0.5086 0.5741 -0.6417
vn -0.4199 0.5465 -0.7246
vn -0.9566 0.2822 -0.0719
vn -0.4874 0.5966 -0.6376
vn -0.8963 -0.0651 0.4387
vn -0.9602 0.2738 -0.0545
vn -0.5797 0.6936 0.4275
vn -0.9250 0.0008 -0.3801
vn -0.6894 0.5682 0.4493
vn -0.7600 0.4950 0.4212
vn -0.5536 0.6359 0.5377
vn -0.4033 0.7548 0.5174
vn -0.5302 0.6907 0.4918
vn -0.2116 0.8610 0.4626
vn -0.7703 0.4383 0.4632
vn -0.8178 0.4312 0.3810
vn -0.8351 0.4270 0.3469
vn -0.6821 0.6257 0.3785
vn -0.7975 0.5111 0.3206
vn -0.4141 0.7082 0.5719
vn -0.2888 0.7885 0.5430
vn -0.4539 0.7712 0.4463
vn -0.1269 0.8662 0.4833
vn -0.7549 0.5512 0.3554
vn -0.8796 0.4309 0.2017
vn -0.9125 0.3833 0.1430
vn 0.1013 0.8109 0.5764
vn 0.1243 0.7082 0.6950
vn 0.4230 0.6738 0.6059
vn 0.4086 0.7555 0.5121
vn 0.0647 0.9123 0.4045
vn 0.3639 0.8720 0.3274
vn -0.2159 0.8713 0.4408
vn -0.2146 0.7588 0.6150
vn -0.2083 0.6679 0.7145
vn -0.6532 0.6241 0.4288
vn -0.7483 0.5353 0.3917
vn -0.4070 0.7058 0.5798
vn -0.3080 0.7902 0.5299
vn -0.5045 0.7316 0.4584
vn -0.1826 0.8738 0.4507
vn -0.7678 0.4897 0.4130
vn -0.8506 0.4363 0.2935
vn -0.8810 0.4093 0.2372
vn -0.6751 0.6305 0.3830
vn -0.7814 0.5329 0.3248
vn -0.3903 0.7224 0.5708
vn -0.2821 0.7938 0.5387
vn -0.4375 0.7818 0.4443
vn -0.1621 0.8555 0.4918
vn -0.7293 0.5922 0.3427
vn -0.8663 0.4532 0.2100
vn -0.9055 0.3977 0.1481
vn -0.4531 0.6469 0.6134
vn -0.5359 0.6256 0.5670
vn -0.0624 0.7204 0.6907
vn -0.0000 0.7340 0.6792
vn -0.3331 0.7191 0.6099
vn 0.0883 0.7305 0.6772
vn -0.6986 0.5606 0.4446
vn -0.7445 0.5095 0.4314
vn -0.7625 0.4870 0.4260
vn -0.5465 0.6324 0.5489
vn -0.6880 0.4796 0.5446
vn -0.1956 0.5925 0.7815
vn -0.1038 0.6981 0.7085
vn -0.3039 0.8029 0.5128
vn 0.0098 0.8053 0.5928
vn -0.6387 0.6829 0.3546
vn -0.8250 0.4613 0.3263
vn -0.8794 0.3608 0.3105
vn 0.1503 0.7163 0.6814
vn 0.1792 0.6048 0.7760
vn 0.4638 0.5853 0.6651
vn 0.4456 0.6741 0.5891
vn 0.1011 0.8362 0.5390
vn 0.3932 0.8110 0.4331
vn -0.1680 0.7902 0.5894
vn -0.1583 0.6615 0.7331
vn -0.1483 0.5618 0.8139
vn -0.5587 0.6062 0.5661
vn -0.6716 0.4560 0.5839
vn -0.1901 0.6113 0.7683
vn -0.1324 0.7158 0.6857
vn -0.3717 0.7780 0.5065
vn -0.0567 0.8262 0.5605
vn -0.6846 0.6198 0.3837
vn -0.8270 0.4093 0.3855
vn -0.8688 0.3143 0.3826
vn -0.5207 0.6737 0.5244
vn -0.6639 0.4923 0.5629
vn -0.1740 0.5877 0.7902
vn -0.1077 0.7081 0.6978
vn -0.2819 0.8545 0.4364
vn -0.0230 0.8317 0.5547
vn -0.5749 0.7794 0.2492
vn -0.8079 0.5119 0.2920
vn 0.0992 0.8269 0.5535
vn 0.3897 0.7614 0.5181
vn 0.0017 0.9881 0.1536
vn 0.1983 0.9652 0.1703
vn -0.1885 0.9732 0.1315
vn -0.1784 0.7877 0.5897
vn -0.5675 0.6319 0.5279
vn -0.6469 0.5638 0.5136
vn -0.3390 0.7156 0.6108
vn -0.2684 0.7876 0.5546
vn -0.4427 0.7310 0.5193
vn -0.1700 0.8627 0.4763
vn -0.6607 0.5575 0.5026
vn -0.7527 0.4692 0.4619
vn -0.8130 0.4092 0.4143
vn -0.4845 0.5132 0.7085
vn -0.6431 0.2267 0.7314
vn -0.1312 0.3454 0.9293
vn 0.0758 0.5856 0.8071
vn -0.0054 0.8679 0.4968
vn 0.3387 0.7998 0.4956
vn -0.4637 0.7893 0.4025
vn -0.8170 0.3500 0.4583
vn -0.9107 0.0861 0.4041
vn -0.3443 0.6328 0.6936
vn -0.3809 0.4745 0.7936
vn 0.0257 0.5807 0.8137
vn 0.0163 0.6797 0.7333
vn -0.2733 0.7984 0.5365
vn 0.0012 0.8081 0.5891
vn -0.5541 0.7138 0.4283
vn -0.6604 0.4647 0.5898
vn -0.6873 0.3106 0.6566
vn -0.6847 0.5590 -0.4677
vn -0.4033 0.7548 -0.5174
vn -0.5536 0.6359 -0.5377
vn -0.7600 0.4950 -0.4211
vn -0.5302 0.6907 -0.4918
vn -0.2116 0.8610 -0.4626
vn -0.7703 0.4383 -0.4632
vn -0.8178 0.4312 -0.3810
vn -0.8351 0.4270 -0.3469
vn -0.6806 0.6128 -0.4015
vn -0.2888 0.7885 -0.5430
vn -0.4141 0.7082 -0.5719
vn -0.7975 0.5111 -0.3206
vn -0.4539 0.7712 -0.4463
vn -0.1269 0.8662 -0.4833
vn -0.7549 0.5512 -0.3554
vn -0.8796 0.4309 -0.2017
vn -0.9125 0.3833 -0.1430
vn 0.0985 0.8109 -0.5768
vn 0.4086 0.7555 -0.5121
vn 0.4230 0.6738 -0.6059
vn 0.1243 0.7082 -0.6950
vn 0.0647 0.9123 -0.4045
vn 0.3639 0.8720 -0.3274
vn -0.2159 0.8713 -0.4408
vn -0.2146 0.7588 -0.6150
vn -0.2083 0.6679 -0.7145
vn -0.6498 0.6156 -0.4459
vn -0.3080 0.7902 -0.5299
vn -0.4070 0.7058 -0.5798
vn -0.7483 0.5353 -0.3917
vn -0.5045 0.7316 -0.4584
vn -0.1826 0.8738 -0.4507
vn -0.7678 0.4897 -0.4130
vn -0.8506 0.4363 -0.2935
vn -0.8810 0.4093 -0.2372
vn -0.6583 0.6354 -0.4036
vn -0.2525 0.7917 -0.5564
vn -0.3723 0.7064 -0.6020
vn -0.7847 0.5192 -0.3387
vn -0.4213 0.8046 -0.4185
vn -0.1005 0.8734 -0.4765
vn -0.7369 0.6032 -0.3051
vn -0.8757 0.4450 -0.1874
vn 0.0985 0.8110 -0.5767
vn -0.5159 0.6279 -0.5827
vn -0.1456 0.7178 -0.6809
vn -0.2153 0.6129 -0.7603
vn -0.5934 0.5525 -0.5853
vn -0.3930 0.7466 -0.5367
vn -0.0580 0.8257 -0.5611
vn -0.6986 0.5606 -0.4446
vn -0.7445 0.5095 -0.4314
vn -0.7625 0.4870 -0.4260
vn -0.5441 0.6252 -0.5595
vn -0.1038 0.6981 -0.7085
vn -0.1956 0.5925 -0.7815
vn -0.6880 0.4796 -0.5446
vn -0.3039 0.8029 -0.5128
vn 0.0098 0.8053 -0.5928
vn -0.6387 0.6829 -0.3546
vn -0.8250 0.4613 -0.3263
vn -0.8794 0.3608 -0.3105
vn 0.1472 0.7164 -0.6820
vn 0.4456 0.6741 -0.5891
vn 0.4638 0.5853 -0.6651
vn 0.1792 0.6048 -0.7760
vn 0.1011 0.8362 -0.5390
vn 0.3932 0.8110 -0.4331
vn -0.1680 0.7902 -0.5894
vn -0.1583 0.6615 -0.7331
vn -0.1483 0.5618 -0.8139
vn -0.5560 0.6012 -0.5739
vn -0.1324 0.7158 -0.6857
vn -0.1901 0.6113 -0.7683
vn -0.6716 0.4560 -0.5839
vn -0.3717 0.7780 -0.5065
vn -0.0567 0.8262 -0.5605
vn -0.6846 0.6198 -0.3837
vn -0.8270 0.4093 -0.3855
vn -0.8688 0.3143 -0.3826
vn -0.5174 0.6490 -0.5577
vn -0.0948 0.6943 -0.7134
vn -0.1740 0.5877 -0.7902
vn -0.6639 0.4923 -0.5629
vn -0.2858 0.8226 -0.4917
vn 0.0057 0.8043 -0.5942
vn -0.6120 0.7302 -0.3038
vn -0.8179 0.4832 -0.3122
vn 0.1334 0.7760 -0.6165
vn 0.4406 0.7172 -0.5400
vn 0.0606 0.9401 -0.3354
vn 0.3379 0.9101 -0.2399
vn -0.1895 0.8986 -0.3958
vn -0.1699 0.7140 -0.6792
vn -0.6341 0.5389 -0.5545
vn -0.2920 0.6827 -0.6699
vn -0.3293 0.5690 -0.7536
vn -0.6895 0.4346 -0.5794
vn -0.5408 0.6876 -0.4845
vn -0.2368 0.8055 -0.5432
vn -0.8138 0.4588 -0.3566
vn -0.8501 0.3590 -0.3854
vn -0.8616 0.3136 -0.3991
vn -0.5458 0.5983 -0.5866
vn -0.0326 0.7263 -0.6866
vn -0.2830 0.3281 -0.9013
vn -0.7296 0.1914 -0.6566
vn -0.0410 0.9767 -0.2108
vn 0.2702 0.9422 -0.1983
vn -0.4887 0.8524 -0.1858
vn -0.8718 0.3373 -0.3553
vn -0.9150 0.0822 -0.3949
vn -0.3444 0.6328 -0.6935
vn 0.0163 0.6797 -0.7333
vn 0.0257 0.5807 -0.8137
vn -0.3809 0.4745 -0.7936
vn -0.2733 0.7984 -0.5365
vn 0.0012 0.8081 -0.5891
vn -0.5541 0.7138 -0.4283
vn -0.6604 0.4647 -0.5898
vn -0.6873 0.3106 -0.6566
usemtl thatch_opacity
s off
f 3535/3911/1748 3536/3912/1748 3538/3913/1748 3537/3914/1748
s 1
f 2091/3915/1749 2092/3916/1750 2093/3917/1751 2094/3918/1752
f 2094/3918/1752 2093/3917/1751 2095/3919/1753 2096/3920/1754
f 2098/3921/1755 2091/3922/1749 2094/3923/1752 2100/3924/1756
f 2100/3924/1756 2094/3923/1752 2096/3925/1754 2102/3926/1757
f 2097/3927/1758 2098/3928/1755 2100/3929/1756 2101/3930/1759
f 2101/3930/1759 2100/3929/1756 2102/3931/1757 2099/3932/1760
f 2848/3933/1761 2097/3934/1758 2101/3935/1759 2847/3936/1762
f 2106/3937/1763 2107/3938/1764 2108/3939/1765 2109/3940/1766
f 2109/3940/1766 2108/3939/1765 2110/3941/1767 2111/3942/1768
f 2121/3943/1769 2109/3944/1766 2111/3945/1768 2122/3946/1770
f 2126/3947/1771 2113/3948/1772 2115/3949/1773 2127/3950/1774
f 2127/3950/1774 2115/3949/1773 2117/3951/1775 2128/3952/1776
f 2123/3953/1777 2112/3954/1778 2116/3955/1779 2124/3956/1780
f 2124/3956/1780 2116/3955/1779 2114/3957/1781 2125/3958/1782
f 2115/3959/1773 2121/3943/1769 2122/3946/1770 2117/3960/1775
f 2120/3961/1783 2124/3956/1780 2125/3958/1782 2119/3962/1784
f 2118/3963/1785 2123/3953/1777 2124/3956/1780 2120/3961/1783
f 2116/3964/1779 2127/3950/1774 2128/3952/1776 2114/3965/1781
f 2112/3966/1778 2126/3947/1771 2127/3950/1774 2116/3964/1779
f 2113/3967/1772 2106/3968/1763 2109/3944/1766 2121/3943/1769 2115/3959/1773
f 2129/3969/1786 2130/3970/1787 2131/3971/1788 2132/3972/1789
f 2132/3972/1789 2131/3971/1788 2133/3973/1790 2134/3974/1791
f 2136/3975/1792 2129/3976/1786 2132/3977/1789 2138/3978/1793
f 2138/3978/1793 2132/3977/1789 2134/3979/1791 2140/3980/1794
f 2135/3981/1795 2461/3982/1796 2462/3983/1797 2139/3984/1798
f 2141/3985/1799 2135/3986/1795 2139/3987/1798 2143/3988/1800
f 2143/3988/1800 2139/3987/1798 2137/3989/1801 2142/3990/1802
f 2144/3991/1803 2145/3992/1804 2146/3993/1805 2147/3994/1806
f 2147/3994/1806 2146/3993/1805 2148/3995/1807 2149/3996/1808
f 2159/3997/1809 2147/3998/1806 2149/3999/1808 2160/4000/1810
f 2164/4001/1811 2151/4002/1812 2153/4003/1813 2165/4004/1814
f 2165/4004/1814 2153/4003/1813 2155/4005/1815 2166/4006/1816
f 2161/4007/1817 2150/4008/1818 2154/4009/1819 2162/4010/1820
f 2162/4010/1820 2154/4009/1819 2152/4011/1821 2163/4012/1822
f 2153/4013/1813 2159/3997/1809 2160/4000/1810 2155/4014/1815
f 2158/4015/1823 2162/4010/1820 2163/4012/1822 2157/4016/1824
f 2156/4017/1825 2161/4007/1817 2162/4010/1820 2158/4015/1823
f 2154/4018/1819 2165/4004/1814 2166/4006/1816 2152/4019/1821
f 2150/4020/1818 2164/4001/1811 2165/4004/1814 2154/4018/1819
f 2151/4021/1812 2144/4022/1803 2147/3998/1806 2159/3997/1809 2153/4013/1813
f 2167/4023/1826 2168/4024/1827 2169/4025/1828 2170/4026/1829
f 2170/4026/1829 2169/4025/1828 2171/4027/1830 2172/4028/1831
f 2174/4029/1832 2167/4030/1826 2170/4031/1829 2176/4032/1833
f 2176/4032/1833 2170/4031/1829 2172/4033/1831 2178/4034/1834
f 2173/4035/1835 2174/4036/1832 2176/4037/1833 2177/4038/1836
f 2177/4038/1836 2176/4037/1833 2178/4039/1834 2175/4040/1837
f 2179/4041/1838 2173/4042/1835 2177/4043/1836 2181/4044/1839
f 2181/4044/1839 2177/4043/1836 2175/4045/1837 2180/4046/1840
f 2182/4047/1841 2183/4048/1842 2184/4049/1843 2185/4050/1844
f 2185/4050/1844 2184/4049/1843 2186/4051/1845 2187/4052/1846
f 2197/4053/1847 2185/4054/1844 2187/4055/1846 2198/4056/1848
f 2202/4057/1849 2189/4058/1850 2191/4059/1851 2203/4060/1852
f 2203/4060/1852 2191/4059/1851 2193/4061/1853 2204/4062/1854
f 2199/4063/1855 2188/4064/1856 2192/4065/1857 2200/4066/1858
f 2200/4066/1858 2192/4065/1857 2190/4067/1859 2201/4068/1860
f 2191/4069/1851 2197/4053/1847 2198/4056/1848 2193/4070/1853
f 2196/4071/1861 2200/4066/1858 2201/4068/1860 2195/4072/1862
f 2194/4073/1863 2199/4063/1855 2200/4066/1858 2196/4071/1861
f 2192/4074/1857 2203/4060/1852 2204/4062/1854 2190/4075/1859
f 2188/4076/1856 2202/4057/1849 2203/4060/1852 2192/4074/1857
f 2189/4077/1850 2182/4078/1841 2185/4054/1844 2197/4053/1847 2191/4069/1851
f 2205/4079/1864 2206/4080/1865 2207/4081/1866 2208/4082/1867
f 2208/4082/1867 2207/4081/1866 2209/4083/1868 2210/4084/1869
f 2212/4085/1870 2205/4086/1864 2208/4087/1867 2214/4088/1871
f 2214/4088/1871 2208/4087/1867 2210/4089/1869 2216/4090/1872
f 2211/4091/1873 2212/4092/1870 2214/4093/1871 2215/4094/1874
f 2215/4094/1874 2214/4093/1871 2216/4095/1872 2213/4096/1875
f 2217/4097/1876 2211/4098/1873 2215/4099/1874 2219/4100/1877
f 2219/4100/1877 2215/4099/1874 2213/4101/1875 2218/4102/1878
f 2220/4103/1879 2221/4104/1880 2222/4105/1881 2223/4106/1882
f 2223/4106/1882 2222/4105/1881 2224/4107/1883 2225/4108/1884
f 2235/4109/1885 2223/4110/1882 2225/4111/1884 2236/4112/1886
f 2240/4113/1887 2227/4114/1888 2229/4115/1889 2241/4116/1890
f 2241/4116/1890 2229/4115/1889 2231/4117/1891 2242/4118/1892
f 2237/4119/1893 2226/4120/1894 2230/4121/1895 2238/4122/1896
f 2238/4122/1896 2230/4121/1895 2228/4123/1897 2239/4124/1898
f 2229/4125/1889 2235/4109/1885 2236/4112/1886 2231/4126/1891
f 2234/4127/1899 2238/4122/1896 2239/4124/1898 2233/4128/1900
f 2232/4129/1901 2237/4119/1893 2238/4122/1896 2234/4127/1899
f 2230/4130/1895 2241/4116/1890 2242/4118/1892 2228/4131/1897
f 2226/4132/1894 2240/4113/1887 2241/4116/1890 2230/4130/1895
f 2227/4133/1888 2220/4134/1879 2223/4110/1882 2235/4109/1885 2229/4125/1889
f 2243/4135/1902 2244/4136/1903 2245/4137/1904 2246/4138/1905
f 2246/4138/1905 2245/4137/1904 2247/4139/1906 2248/4140/1907
f 2250/4141/1908 2243/4142/1902 2246/4143/1905 2252/4144/1909
f 2252/4144/1909 2246/4143/1905 2248/4145/1907 2254/4146/1910
f 2249/4147/1911 2250/4148/1908 2252/4149/1909 2253/4150/1912
f 2253/4150/1912 2252/4149/1909 2254/4151/1910 2251/4152/1913
f 2255/4153/1914 2249/4154/1911 2253/4155/1912 2257/4156/1915
f 2257/4156/1915 2253/4155/1912 2251/4157/1913 2256/4158/1916
f 2258/4159/1917 2259/4160/1918 2260/4161/1919 2261/4162/1920
f 2261/4162/1920 2260/4161/1919 2262/4163/1921 2263/4164/1922
f 2273/4165/1923 2261/4166/1920 2263/4167/1922 2274/4168/1924
f 2278/4169/1925 2265/4170/1926 2267/4171/1927 2279/4172/1928
f 2279/4172/1928 2267/4171/1927 2269/4173/1929 2280/4174/1930
f 2275/4175/1931 2264/4176/1932 2268/4177/1933 2276/4178/1934
f 2276/4178/1934 2268/4177/1933 2266/4179/1935 2277/4180/1936
f 2267/4181/1927 2273/4165/1923 2274/4168/1924 2269/4182/1929
f 2272/4183/1937 2276/4178/1934 2277/4180/1936 2271/4184/1938
f 2270/4185/1939 2275/4175/1931 2276/4178/1934 2272/4183/1937
f 2268/4186/1933 2279/4172/1928 2280/4174/1930 2266/4187/1935
f 2264/4188/1932 2278/4169/1925 2279/4172/1928 2268/4186/1933
f 2265/4189/1926 2258/4190/1917 2261/4166/1920 2273/4165/1923 2267/4181/1927
f 2281/4191/1940 2282/4192/1941 2283/4193/1942 2284/4194/1943
f 2284/4194/1943 2283/4193/1942 2285/4195/1944 2286/4196/1945
f 2293/4197/1946 2281/4191/1940 2284/4194/1943 2294/4198/1947
f 2294/4198/1947 2284/4194/1943 2286/4196/1945 2295/4199/1948
f 2844/4200/1949 2288/4201/1950 2290/4202/1951 2845/4203/1952
f 2845/4203/1952 2290/4202/1951 2292/4204/1953 2846/4205/1954
f 2290/4202/1951 2294/4198/1947 2295/4199/1948 2292/4204/1953
f 2288/4201/1950 2293/4197/1946 2294/4198/1947 2290/4202/1951
f 2296/4206/1955 2297/4207/1956 2298/4208/1957 2299/4209/1958
f 2299/4209/1958 2298/4208/1957 2300/4210/1959 2301/4211/1960
f 2308/4212/1961 2296/4206/1955 2299/4209/1958 2309/4213/1962
f 2309/4213/1962 2299/4209/1958 2301/4211/1960 2310/4214/1963
f 2302/4215/1964 2303/4216/1965 2305/4217/1966 2306/4218/1967
f 2306/4218/1967 2305/4217/1966 2307/4219/1968 2304/4220/1969
f 2305/4217/1966 2309/4213/1962 2310/4214/1963 2307/4219/1968
f 2303/4216/1965 2308/4212/1961 2309/4213/1962 2305/4217/1966
f 2311/4221/1970 2312/4222/1971 2313/4223/1972 2314/4224/1973
f 2314/4224/1973 2313/4223/1972 2315/4225/1974 2316/4226/1975
f 2323/4227/1976 2311/4221/1970 2314/4224/1973 2324/4228/1977
f 2324/4228/1977 2314/4224/1973 2316/4226/1975 2325/4229/1978
f 2317/4230/1979 2318/4231/1980 2320/4232/1981 2321/4233/1982
f 2321/4233/1982 2320/4232/1981 2322/4234/1983 2319/4235/1984
f 2320/4232/1981 2324/4228/1977 2325/4229/1978 2322/4234/1983
f 2318/4231/1980 2323/4227/1976 2324/4228/1977 2320/4232/1981
f 2326/4236/1985 2327/4237/1986 2328/4238/1987 2329/4239/1988
f 2329/4239/1988 2328/4238/1987 2330/4240/1989 2331/4241/1990
f 2338/4242/1991 2326/4236/1985 2329/4239/1988 2339/4243/1992
f 2339/4243/1992 2329/4239/1988 2331/4241/1990 2340/4244/1993
f 2332/4245/1994 2333/4246/1995 2335/4247/1996 2336/4248/1997
f 2336/4248/1997 2335/4247/1996 2337/4249/1998 2334/4250/1999
f 2335/4247/1996 2339/4243/1992 2340/4244/1993 2337/4249/1998
f 2333/4246/1995 2338/4242/1991 2339/4243/1992 2335/4247/1996
f 2341/4251/2000 2342/4252/2001 2343/4253/2002 2344/4254/2003
f 2344/4254/2003 2343/4253/2002 2345/4255/2004 2346/4256/2005
f 2348/4257/2006 2341/4258/2000 2344/4259/2003 2350/4260/2007
f 2350/4260/2007 2344/4259/2003 2346/4261/2005 2352/4262/2008
f 2347/4263/2009 2348/4264/2006 2350/4265/2007 2351/4266/2010
f 2351/4266/2010 2350/4265/2007 2352/4267/2008 2349/4268/2011
f 2353/4269/2012 2354/4270/2013 2355/4271/2014 2356/4272/2015
f 2356/4272/2015 2355/4271/2014 2357/4273/2016 2358/4274/2017
f 2365/4275/2018 2356/4276/2015 2358/4277/2017 2366/4278/2019
f 2367/4279/2020 2360/4280/2021 2362/4281/2022 2368/4282/2023
f 2368/4282/2023 2362/4281/2022 2364/4283/2024 2369/4284/2025
f 2362/4285/2022 2365/4275/2018 2366/4278/2019 2364/4286/2024
f 2363/4287/2026 2368/4282/2023 2369/4284/2025 2361/4288/2027
f 2359/4289/2028 2367/4279/2020 2368/4282/2023 2363/4287/2026
f 2360/4290/2021 2353/4291/2012 2356/4276/2015 2365/4275/2018 2362/4285/2022
f 2370/4292/2029 2371/4293/2030 2372/4294/2031 2373/4295/2032
f 2373/4295/2032 2372/4294/2031 2374/4296/2033 2375/4297/2034
f 2377/4298/2035 2370/4299/2029 2373/4300/2032 2379/4301/2036
f 2379/4301/2036 2373/4300/2032 2375/4302/2034 2381/4303/2037
f 2376/4304/2038 2377/4305/2035 2379/4306/2036 2380/4307/2039
f 2380/4307/2039 2379/4306/2036 2381/4308/2037 2378/4309/2040
f 2382/4310/2041 2383/4311/2042 2384/4312/2043 2385/4313/2044
f 2385/4313/2044 2384/4312/2043 2386/4314/2045 2387/4315/2046
f 2394/4316/2047 2385/4317/2044 2387/4318/2046 2395/4319/2048
f 2396/4320/2049 2389/4321/2050 2391/4322/2051 2397/4323/2052
f 2397/4323/2052 2391/4322/2051 2393/4324/2053 2398/4325/2054
f 2391/4326/2051 2394/4316/2047 2395/4319/2048 2393/4327/2053
f 2457/4328/2055 2397/4323/2052 2398/4325/2054 2459/4329/2056
f 2458/4330/2057 2396/4320/2049 2397/4323/2052 2457/4328/2055
f 2389/4331/2050 2382/4332/2041 2385/4317/2044 2394/4316/2047 2391/4326/2051
f 2399/4333/2058 2400/4334/2059 2401/4335/2060 2402/4336/2061
f 2402/4336/2061 2401/4335/2060 2403/4337/2062 2404/4338/2063
f 2406/4339/2064 2399/4340/2058 2402/4341/2061 2408/4342/2065
f 2408/4342/2065 2402/4341/2061 2404/4343/2063 2410/4344/2066
f 2405/4345/2067 2406/4346/2064 2408/4347/2065 2409/4348/2068
f 2409/4348/2068 2408/4347/2065 2410/4349/2066 2407/4350/2069
f 2411/4351/2070 2412/4352/2071 2413/4353/2072 2414/4354/2073
f 2414/4354/2073 2413/4353/2072 2415/4355/2074 2416/4356/2075
f 2423/4357/2076 2414/4358/2073 2416/4359/2075 2424/4360/2077
f 2425/4361/2078 2418/4362/2079 2420/4363/2080 2426/4364/2081
f 2426/4364/2081 2420/4363/2080 2422/4365/2082 2427/4366/2083
f 2420/4367/2080 2423/4357/2076 2424/4360/2077 2422/4368/2082
f 2421/4369/2084 2426/4364/2081 2427/4366/2083 2419/4370/2085
f 2417/4371/2086 2425/4361/2078 2426/4364/2081 2421/4369/2084
f 2418/4372/2079 2411/4373/2070 2414/4358/2073 2423/4357/2076 2420/4367/2080
f 2428/4374/2087 2429/4375/2088 2430/4376/2089 2431/4377/2090
f 2431/4377/2090 2430/4376/2089 2432/4378/2091 2433/4379/2092
f 2435/4380/2093 2428/4381/2087 2431/4382/2090 2437/4383/2094
f 2437/4383/2094 2431/4382/2090 2433/4384/2092 2439/4385/2095
f 2434/4386/2096 2435/4387/2093 2437/4388/2094 2438/4389/2097
f 2438/4389/2097 2437/4388/2094 2439/4390/2095 2436/4391/2098
f 2440/4392/2099 2441/4393/2100 2442/4394/2101 2443/4395/2102
f 2443/4395/2102 2442/4394/2101 2444/4396/2103 2445/4397/2104
f 2452/4398/2105 2443/4399/2102 2445/4400/2104 2453/4401/2106
f 2454/4402/2107 2447/4403/2108 2449/4404/2109 2455/4405/2110
f 2455/4405/2110 2449/4404/2109 2451/4406/2111 2456/4407/2112
f 2449/4408/2109 2452/4398/2105 2453/4401/2106 2451/4409/2111
f 2450/4410/2113 2455/4405/2110 2456/4407/2112 2448/4411/2114
f 2446/4412/2115 2454/4402/2107 2455/4405/2110 2450/4410/2113
f 2447/4413/2108 2440/4414/2099 2443/4399/2102 2452/4398/2105 2449/4408/2109
f 2388/4415/2116 2458/4330/2057 2457/4328/2055 2392/4416/2117
f 2392/4416/2117 2457/4328/2055 2459/4329/2056 2390/4417/2118
f 2463/4418/2119 2138/4419/1793 2140/4420/1794 2465/4421/2120
f 2139/3984/1798 2462/3983/1797 2464/4422/2121 2137/4423/1801
f 2463/4418/2119 2465/4421/2120 2464/4422/2121 2462/3983/1797
f 2460/4424/2122 2463/4418/2119 2462/3983/1797 2461/3982/1796
f 2460/4424/2122 2136/4425/1792 2138/4419/1793 2463/4418/2119
f 2466/4426/2123 2469/4427/2124 2468/4428/2125 2467/4429/2126
f 2469/4427/2124 2471/4430/2127 2470/4431/2128 2468/4428/2125
f 2473/4432/2129 2475/4433/2130 2469/4434/2124 2466/4435/2123
f 2475/4433/2130 2477/4436/2131 2471/4437/2127 2469/4434/2124
f 2472/4438/2132 2476/4439/2133 2475/4440/2130 2473/4441/2129
f 2476/4439/2133 2474/4442/2134 2477/4443/2131 2475/4440/2130
f 2478/4444/2135 2480/4445/2136 2476/4446/2133 2472/4447/2132
f 2480/4445/2136 2479/4448/2137 2474/4449/2134 2476/4446/2133
f 2481/4450/2138 2484/4451/2139 2483/4452/2140 2482/4453/2141
f 2484/4451/2139 2486/4454/2142 2485/4455/2143 2483/4452/2140
f 2496/4456/2144 2497/4457/2145 2486/4458/2142 2484/4459/2139
f 2501/4460/2146 2502/4461/2147 2490/4462/2148 2488/4463/2149
f 2502/4461/2147 2503/4464/2150 2492/4465/2151 2490/4462/2148
f 2498/4466/2152 2499/4467/2153 2491/4468/2154 2487/4469/2155
f 2499/4467/2153 2500/4470/2156 2489/4471/2157 2491/4468/2154
f 2490/4472/2148 2492/4473/2151 2497/4457/2145 2496/4456/2144
f 2495/4474/2158 2494/4475/2159 2500/4470/2156 2499/4467/2153
f 2493/4476/2160 2495/4474/2158 2499/4467/2153 2498/4466/2152
f 2491/4477/2154 2489/4478/2157 2503/4464/2150 2502/4461/2147
f 2487/4479/2155 2491/4477/2154 2502/4461/2147 2501/4460/2146
f 2488/4480/2149 2490/4472/2148 2496/4456/2144 2484/4459/2139 2481/4481/2138
f 2504/4482/2161 2507/4483/2162 2506/4484/2163 2505/4485/2164
f 2507/4483/2162 2509/4486/2165 2508/4487/2166 2506/4484/2163
f 2511/4488/2167 2513/4489/2168 2507/4490/2162 2504/4491/2161
f 2513/4489/2168 2515/4492/2169 2509/4493/2165 2507/4490/2162
f 2510/4494/2170 2514/4495/2171 2837/4496/2172 2836/4497/2173
f 2516/4498/2174 2518/4499/2175 2514/4500/2171 2510/4501/2170
f 2518/4499/2175 2517/4502/2176 2512/4503/2177 2514/4500/2171
f 2519/4504/2178 2522/4505/2179 2521/4506/2180 2520/4507/2181
f 2522/4505/2179 2524/4508/2182 2523/4509/2183 2521/4506/2180
f 2534/4510/2184 2535/4511/2185 2524/4512/2182 2522/4513/2179
f 2539/4514/2186 2540/4515/2187 2528/4516/2188 2526/4517/2189
f 2540/4515/2187 2541/4518/2190 2530/4519/2191 2528/4516/2188
f 2536/4520/2192 2537/4521/2193 2529/4522/2194 2525/4523/2195
f 2537/4521/2193 2538/4524/2196 2527/4525/2197 2529/4522/2194
f 2528/4526/2188 2530/4527/2191 2535/4511/2185 2534/4510/2184
f 2533/4528/2198 2532/4529/2199 2538/4524/2196 2537/4521/2193
f 2531/4530/2200 2533/4528/2198 2537/4521/2193 2536/4520/2192
f 2529/4531/2194 2527/4532/2197 2541/4518/2190 2540/4515/2187
f 2525/4533/2195 2529/4531/2194 2540/4515/2187 2539/4514/2186
f 2526/4534/2189 2528/4526/2188 2534/4510/2184 2522/4513/2179 2519/4535/2178
f 2542/4536/2201 2545/4537/2202 2544/4538/2203 2543/4539/2204
f 2545/4537/2202 2547/4540/2205 2546/4541/2206 2544/4538/2203
f 2549/4542/2207 2551/4543/2208 2545/4544/2202 2542/4545/2201
f 2551/4543/2208 2553/4546/2209 2547/4547/2205 2545/4544/2202
f 2548/4548/2210 2552/4549/2211 2551/4550/2208 2549/4551/2207
f 2552/4549/2211 2550/4552/2212 2553/4553/2209 2551/4550/2208
f 2554/4554/2213 2556/4555/2214 2552/4556/2211 2548/4557/2210
f 2556/4555/2214 2555/4558/2215 2550/4559/2212 2552/4556/2211
f 2557/4560/2216 2560/4561/2217 2559/4562/2218 2558/4563/2219
f 2560/4561/2217 2562/4564/2220 2561/4565/2221 2559/4562/2218
f 2572/4566/2222 2573/4567/2223 2562/4568/2220 2560/4569/2217
f 2577/4570/2224 2578/4571/2225 2566/4572/2226 2564/4573/2227
f 2578/4571/2225 2579/4574/2228 2568/4575/2229 2566/4572/2226
f 2574/4576/2230 2575/4577/2231 2567/4578/2232 2563/4579/2233
f 2575/4577/2231 2576/4580/2234 2565/4581/2235 2567/4578/2232
f 2566/4582/2226 2568/4583/2229 2573/4567/2223 2572/4566/2222
f 2571/4584/2236 2570/4585/2237 2576/4580/2234 2575/4577/2231
f 2569/4586/2238 2571/4584/2236 2575/4577/2231 2574/4576/2230
f 2567/4587/2232 2565/4588/2235 2579/4574/2228 2578/4571/2225
f 2563/4589/2233 2567/4587/2232 2578/4571/2225 2577/4570/2224
f 2564/4590/2227 2566/4582/2226 2572/4566/2222 2560/4569/2217 2557/4591/2216
f 2580/4592/2239 2583/4593/2240 2582/4594/2241 2581/4595/2242
f 2583/4593/2240 2585/4596/2243 2584/4597/2244 2582/4594/2241
f 2587/4598/2245 2589/4599/2246 2583/4600/2240 2580/4601/2239
f 2589/4599/2246 2591/4602/2247 2585/4603/2243 2583/4600/2240
f 2586/4604/2248 2590/4605/2249 2589/4606/2246 2587/4607/2245
f 2590/4605/2249 2588/4608/2250 2591/4609/2247 2589/4606/2246
f 2592/4610/2251 2594/4611/2252 2590/4612/2249 2586/4613/2248
f 2594/4611/2252 2593/4614/2253 2588/4615/2250 2590/4612/2249
f 2595/4616/2254 2598/4617/2255 2597/4618/2256 2596/4619/2257
f 2598/4617/2255 2600/4620/2258 2599/4621/2259 2597/4618/2256
f 2610/4622/2260 2611/4623/2261 2600/4624/2258 2598/4625/2255
f 2615/4626/2262 2616/4627/2263 2604/4628/2264 2602/4629/2265
f 2616/4627/2263 2617/4630/2266 2606/4631/2267 2604/4628/2264
f 2612/4632/2268 2613/4633/2269 2605/4634/2270 2601/4635/2271
f 2613/4633/2269 2614/4636/2272 2603/4637/2273 2605/4634/2270
f 2604/4638/2264 2606/4639/2267 2611/4623/2261 2610/4622/2260
f 2609/4640/2274 2608/4641/2275 2614/4636/2272 2613/4633/2269
f 2607/4642/2276 2609/4640/2274 2613/4633/2269 2612/4632/2268
f 2605/4643/2270 2603/4644/2273 2617/4630/2266 2616/4627/2263
f 2601/4645/2271 2605/4643/2270 2616/4627/2263 2615/4626/2262
f 2602/4646/2265 2604/4638/2264 2610/4622/2260 2598/4625/2255 2595/4647/2254
f 2618/4648/2277 2621/4649/2278 2620/4650/2279 2619/4651/2280
f 2621/4649/2278 2623/4652/2281 2622/4653/2282 2620/4650/2279
f 2625/4654/2283 2627/4655/2284 2621/4656/2278 2618/4657/2277
f 2627/4655/2284 2629/4658/2285 2623/4659/2281 2621/4656/2278
f 2624/4660/2286 2628/4661/2287 2627/4662/2284 2625/4663/2283
f 2628/4661/2287 2626/4664/2288 2629/4665/2285 2627/4662/2284
f 2630/4666/2289 2632/4667/2290 2628/4668/2287 2624/4669/2286
f 2632/4667/2290 2631/4670/2291 2626/4671/2288 2628/4668/2287
f 2633/4672/2292 2636/4673/2293 2635/4674/2294 2634/4675/2295
f 2636/4673/2293 2638/4676/2296 2637/4677/2297 2635/4674/2294
f 2648/4678/2298 2649/4679/2299 2638/4680/2296 2636/4681/2293
f 2653/4682/2300 2654/4683/2301 2642/4684/2302 2640/4685/2303
f 2654/4683/2301 2655/4686/2304 2644/4687/2305 2642/4684/2302
f 2650/4688/2306 2651/4689/2307 2643/4690/2308 2639/4691/2309
f 2651/4689/2307 2652/4692/2310 2641/4693/2311 2643/4690/2308
f 2642/4694/2302 2644/4695/2305 2649/4679/2299 2648/4678/2298
f 2647/4696/2312 2646/4697/2313 2652/4692/2310 2651/4689/2307
f 2645/4698/2314 2647/4696/2312 2651/4689/2307 2650/4688/2306
f 2643/4699/2308 2641/4700/2311 2655/4686/2304 2654/4683/2301
f 2639/4701/2309 2643/4699/2308 2654/4683/2301 2653/4682/2300
f 2640/4702/2303 2642/4694/2302 2648/4678/2298 2636/4681/2293 2633/4703/2292
f 2656/4704/2315 2659/4705/2316 2658/4706/2317 2657/4707/2318
f 2659/4705/2316 2661/4708/2319 2660/4709/2320 2658/4706/2317
f 2668/4710/2321 2669/4711/2322 2659/4705/2316 2656/4704/2315
f 2669/4711/2322 2670/4712/2323 2661/4708/2319 2659/4705/2316
f 2841/4713/2324 2842/4714/2325 2665/4715/2326 2663/4716/2327
f 2842/4714/2325 2843/4717/2328 2667/4718/2329 2665/4715/2326
f 2665/4715/2326 2667/4718/2329 2670/4712/2323 2669/4711/2322
f 2663/4716/2327 2665/4715/2326 2669/4711/2322 2668/4710/2321
f 2671/4719/2330 2674/4720/2331 2673/4721/2332 2672/4722/2333
f 2674/4720/2331 2676/4723/2334 2675/4724/2335 2673/4721/2332
f 2683/4725/2336 2684/4726/2337 2674/4720/2331 2671/4719/2330
f 2684/4726/2337 2685/4727/2338 2676/4723/2334 2674/4720/2331
f 2677/4728/2339 2681/4729/2340 2680/4730/2341 2678/4731/2342
f 2681/4729/2340 2679/4732/2343 2682/4733/2344 2680/4730/2341
f 2680/4730/2341 2682/4733/2344 2685/4727/2338 2684/4726/2337
f 2678/4731/2342 2680/4730/2341 2684/4726/2337 2683/4725/2336
f 2686/4734/2345 2689/4735/2346 2688/4736/2347 2687/4737/2348
f 2689/4735/2346 2691/4738/2349 2690/4739/2350 2688/4736/2347
f 2698/4740/2351 2699/4741/2352 2689/4735/2346 2686/4734/2345
f 2699/4741/2352 2700/4742/2353 2691/4738/2349 2689/4735/2346
f 2692/4743/2354 2696/4744/2355 2695/4745/2356 2693/4746/2357
f 2696/4744/2355 2694/4747/2358 2697/4748/2359 2695/4745/2356
f 2695/4745/2356 2697/4748/2359 2700/4742/2353 2699/4741/2352
f 2693/4746/2357 2695/4745/2356 2699/4741/2352 2698/4740/2351
f 2701/4749/2360 2704/4750/2361 2703/4751/2362 2702/4752/2363
f 2704/4750/2361 2706/4753/2364 2705/4754/2365 2703/4751/2362
f 2713/4755/2366 2714/4756/2367 2704/4750/2361 2701/4749/2360
f 2714/4756/2367 2715/4757/2368 2706/4753/2364 2704/4750/2361
f 2707/4758/2369 2711/4759/2370 2710/4760/2371 2708/4761/2372
f 2711/4759/2370 2709/4762/2373 2712/4763/2374 2710/4760/2371
f 2710/4760/2371 2712/4763/2374 2715/4757/2368 2714/4756/2367
f 2708/4761/2372 2710/4760/2371 2714/4756/2367 2713/4755/2366
f 2716/4764/2375 2719/4765/2376 2718/4766/2377 2717/4767/2378
f 2719/4765/2376 2721/4768/2379 2720/4769/2380 2718/4766/2377
f 2723/4770/2381 2725/4771/2382 2719/4772/2376 2716/4773/2375
f 2725/4771/2382 2727/4774/2383 2721/4775/2379 2719/4772/2376
f 2722/4776/2384 2726/4777/2385 2725/4778/2382 2723/4779/2381
f 2726/4777/2385 2724/4780/2386 2727/4781/2383 2725/4778/2382
f 2728/4782/2387 2731/4783/2388 2730/4784/2389 2729/4785/2390
f 2731/4783/2388 2733/4786/2391 2732/4787/2391 2730/4784/2389
f 2740/4788/2392 2741/4789/2393 2733/4790/2391 2731/4791/2388
f 2742/4792/2394 2743/4793/2395 2737/4794/2396 2735/4795/2397
f 2743/4793/2395 2744/4796/2398 2739/4797/2399 2737/4794/2396
f 2737/4798/2396 2739/4799/2399 2741/4789/2393 2740/4788/2392
f 2738/4800/2400 2736/4801/2401 2744/4796/2398 2743/4793/2395
f 2734/4802/2402 2738/4800/2400 2743/4793/2395 2742/4792/2394
f 2735/4803/2397 2737/4798/2396 2740/4788/2392 2731/4791/2388 2728/4804/2387
f 2745/4805/2403 2748/4806/2404 2747/4807/2405 2746/4808/2406
f 2748/4806/2404 2750/4809/2407 2749/4810/2408 2747/4807/2405
f 2752/4811/2409 2754/4812/2410 2748/4813/2404 2745/4814/2403
f 2754/4812/2410 2756/4815/2411 2750/4816/2407 2748/4813/2404
f 2751/4817/2412 2755/4818/2413 2754/4819/2410 2752/4820/2409
f 2755/4818/2413 2753/4821/2414 2756/4822/2411 2754/4819/2410
f 2757/4823/2415 2760/4824/2416 2759/4825/2417 2758/4826/2418
f 2760/4824/2416 2762/4827/2419 2761/4828/2420 2759/4825/2417
f 2769/4829/2421 2770/4830/2422 2762/4831/2419 2760/4832/2416
f 2771/4833/2423 2772/4834/2424 2766/4835/2425 2764/4836/2426
f 2772/4834/2424 2773/4837/2427 2768/4838/2428 2766/4835/2425
f 2766/4839/2425 2768/4840/2428 2770/4830/2422 2769/4829/2421
f 2832/4841/2429 2834/4842/2430 2773/4837/2427 2772/4834/2424
f 2833/4843/2431 2832/4841/2429 2772/4834/2424 2771/4833/2423
f 2764/4844/2426 2766/4839/2425 2769/4829/2421 2760/4832/2416 2757/4845/2415
f 2774/4846/2432 2777/4847/2433 2776/4848/2434 2775/4849/2435
f 2777/4847/2433 2779/4850/2436 2778/4851/2437 2776/4848/2434
f 2781/4852/2438 2783/4853/2439 2777/4854/2433 2774/4855/2432
f 2783/4853/2439 2785/4856/2440 2779/4857/2436 2777/4854/2433
f 2780/4858/2441 2784/4859/2442 2783/4860/2439 2781/4861/2438
f 2784/4859/2442 2782/4862/2443 2785/4863/2440 2783/4860/2439
f 2786/4864/2444 2789/4865/2445 2788/4866/2446 2787/4867/2447
f 2789/4865/2445 2791/4868/2448 2790/4869/2449 2788/4866/2446
f 2798/4870/2450 2799/4871/2451 2791/4872/2448 2789/4873/2445
f 2800/4874/2452 2801/4875/2453 2795/4876/2454 2793/4877/2455
f 2801/4875/2453 2802/4878/2456 2797/4879/2457 2795/4876/2454
f 2795/4880/2454 2797/4881/2457 2799/4871/2451 2798/4870/2450
f 2796/4882/2458 2794/4883/2459 2802/4878/2456 2801/4875/2453
f 2792/4884/2460 2796/4882/2458 2801/4875/2453 2800/4874/2452
f 2793/4885/2455 2795/4880/2454 2798/4870/2450 2789/4873/2445 2786/4886/2444
f 2803/4887/2461 2806/4888/2462 2805/4889/2463 2804/4890/2464
f 2806/4888/2462 2808/4891/2465 2807/4892/2466 2805/4889/2463
f 2810/4893/2467 2812/4894/2468 2806/4895/2462 2803/4896/2461
f 2812/4894/2468 2814/4897/2469 2808/4898/2465 2806/4895/2462
f 2809/4899/2470 2813/4900/2471 2812/4901/2468 2810/4902/2467
f 2813/4900/2471 2811/4903/2472 2814/4904/2469 2812/4901/2468
f 2815/4905/2473 2818/4906/2474 2817/4907/2475 2816/4908/2476
f 2818/4906/2474 2820/4909/2477 2819/4910/2478 2817/4907/2475
f 2827/4911/2479 2828/4912/2480 2820/4913/2477 2818/4914/2474
f 2829/4915/2481 2830/4916/2482 2824/4917/2483 2822/4918/2484
f 2830/4916/2482 2831/4919/2485 2826/4920/2486 2824/4917/2483
f 2824/4921/2483 2826/4922/2486 2828/4912/2480 2827/4911/2479
f 2825/4923/2487 2823/4924/2488 2831/4919/2485 2830/4916/2482
f 2821/4925/2489 2825/4923/2487 2830/4916/2482 2829/4915/2481
f 2822/4926/2484 2824/4921/2483 2827/4911/2479 2818/4914/2474 2815/4927/2473
f 2763/4928/2490 2767/4929/2491 2832/4841/2429 2833/4843/2431
f 2767/4929/2491 2765/4930/2492 2834/4842/2430 2832/4841/2429
f 2838/4931/2493 2840/4932/2494 2515/4933/2169 2513/4934/2168
f 2514/4495/2171 2512/4935/2177 2839/4936/2495 2837/4496/2172
f 2838/4931/2493 2837/4496/2172 2839/4936/2495 2840/4932/2494
f 2835/4937/2496 2836/4497/2173 2837/4496/2172 2838/4931/2493
f 2835/4937/2496 2838/4931/2493 2513/4934/2168 2511/4938/2167
f 2666/4939/2497 2664/4940/2498 2843/4717/2328 2842/4714/2325
f 2662/4941/2499 2666/4939/2497 2842/4714/2325 2841/4713/2324
f 2291/4942/2500 2845/4203/1952 2846/4205/1954 2289/4943/2501
f 2287/4944/2502 2844/4200/1949 2845/4203/1952 2291/4942/2500
f 2103/4945/2503 2848/3933/1761 2847/3936/1762 2105/4946/2504
f 2105/4946/2504 2847/3936/1762 2849/4947/2505 2104/4948/2506
f 2847/3936/1762 2101/3935/1759 2099/4949/1760 2849/4947/2505
f 2868/4950/2507 2864/4951/2508 2852/4952/2509 2863/4953/2510
f 2863/4953/2510 2852/4952/2509 2851/4954/2511 2862/4955/2512
f 2867/4956/2513 2866/4957/2514 2857/4958/2515 2858/4959/2516
f 2865/4960/2517 2867/4956/2513 2858/4959/2516 2855/4961/2518
f 2855/4961/2518 2858/4959/2516 2860/4962/2519 2854/4963/2520
f 2866/4957/2514 2868/4950/2507 2863/4953/2510 2857/4958/2515
f 2858/4959/2516 2857/4958/2515 2863/4953/2510 2862/4955/2512 2860/4962/2519
f 2856/4964/2521 2861/4965/2522 2868/4950/2507 2866/4957/2514
f 2853/4966/2523 2859/4967/2524 2867/4956/2513 2865/4960/2517
f 2859/4967/2524 2856/4964/2521 2866/4957/2514 2867/4956/2513
f 2861/4965/2522 2850/4968/2525 2864/4951/2508 2868/4950/2507
f 2877/4969/2526 2876/4970/2527 2872/4971/2528 2874/4972/2529
f 2875/4973/2530 2877/4969/2526 2874/4972/2529 2871/4974/2531
f 2869/4975/2532 2873/4976/2533 2877/4969/2526 2875/4973/2530
f 2873/4976/2533 2870/4977/2534 2876/4970/2527 2877/4969/2526
f 2886/4978/2535 2885/4979/2536 2881/4980/2537 2883/4981/2538
f 2884/4982/2539 2886/4978/2535 2883/4981/2538 2880/4983/2540
f 2878/4984/2541 2882/4985/2542 2886/4978/2535 2884/4982/2539
f 2882/4985/2542 2879/4986/2543 2885/4979/2536 2886/4978/2535
f 2895/4987/2544 2894/4988/2545 2890/4989/2546 2892/4990/2547
f 2893/4991/2548 2895/4987/2544 2892/4990/2547 2889/4992/2549
f 2887/4993/2550 2891/4994/2551 2895/4987/2544 2893/4991/2548
f 2891/4994/2551 2888/4995/2552 2894/4988/2545 2895/4987/2544
f 2904/4996/2553 2903/4997/2554 2899/4998/2555 2901/4999/2556
f 2902/5000/2557 2904/4996/2553 2901/4999/2556 2898/5001/2558
f 2896/5002/2559 2900/5003/2560 2904/4996/2553 2902/5000/2557
f 2900/5003/2560 2897/5004/2561 2903/4997/2554 2904/4996/2553
f 2913/5005/2562 2912/5006/2563 2908/5007/2564 2910/5008/2565
f 2911/5009/2566 2913/5005/2562 2910/5008/2565 2907/5010/2567
f 2905/5011/2568 2909/5012/2569 2913/5005/2562 2911/5009/2566
f 2909/5012/2569 2906/5013/2570 2912/5006/2563 2913/5005/2562
f 2922/5014/2544 2921/5015/2545 2917/5016/2546 2919/5017/2547
f 2920/5018/2548 2922/5014/2544 2919/5017/2547 2916/5019/2549
f 2914/5020/2550 2918/5021/2551 2922/5014/2544 2920/5018/2548
f 2918/5021/2551 2915/5022/2552 2921/5015/2545 2922/5014/2544
f 2931/5023/2571 2930/5024/2572 2926/5025/2573 2928/5026/2574
f 2929/5027/2575 2931/5023/2571 2928/5026/2574 2925/5028/2576
f 2923/5029/2577 2927/5030/2578 2931/5023/2571 2929/5027/2575
f 2927/5030/2578 2924/5031/2579 2930/5024/2572 2931/5023/2571
f 2940/5032/2580 2939/5033/2581 2935/5034/2582 2937/5035/2583
f 2938/5036/2584 2940/5032/2580 2937/5035/2583 2934/5037/2585
f 2932/5038/2586 2936/5039/2587 2940/5032/2580 2938/5036/2584
f 2936/5039/2587 2933/5040/2588 2939/5033/2581 2940/5032/2580
f 2949/5041/2589 2948/5042/2590 2944/5043/2591 2946/5044/2592
f 2947/5045/2593 2949/5041/2589 2946/5044/2592 2943/5046/2594
f 2941/5047/2595 2945/5048/2596 2949/5041/2589 2947/5045/2593
f 2945/5048/2596 2942/5049/2597 2948/5042/2590 2949/5041/2589
f 2958/5050/2598 2957/5051/2599 2953/5052/2600 2955/5053/2601
f 2956/5054/2602 2958/5050/2598 2955/5053/2601 2952/5055/2603
f 2950/5056/2604 2954/5057/2605 2958/5050/2598 2956/5054/2602
f 2954/5057/2605 2951/5058/2606 2957/5051/2599 2958/5050/2598
f 2967/5059/2607 2966/5060/2608 2962/5061/2609 2964/5062/2610
f 2965/5063/2611 2967/5059/2607 2964/5062/2610 2961/5064/2612
f 2959/5065/2613 2963/5066/2614 2967/5059/2607 2965/5063/2611
f 2963/5066/2614 2960/5067/2588 2966/5060/2608 2967/5059/2607
f 2976/5068/2615 2975/5069/2590 2971/5070/2591 2973/5071/2616
f 2974/5072/2617 2976/5068/2615 2973/5071/2616 2970/5073/2618
f 2968/5074/2619 2972/5075/2620 2976/5068/2615 2974/5072/2617
f 2972/5075/2620 2969/5076/2597 2975/5069/2590 2976/5068/2615
f 2985/5077/2621 2984/5078/2622 2980/5079/2623 2982/5080/2624
f 2983/5081/2625 2985/5077/2621 2982/5080/2624 2979/5082/2626
f 2977/5083/2627 2981/5084/2628 2985/5077/2621 2983/5081/2625
f 2981/5084/2628 2978/5085/2629 2984/5078/2622 2985/5077/2621
f 2994/5086/2630 2993/5087/2631 2989/5088/2632 2991/5089/2633
f 2992/5090/2634 2994/5086/2630 2991/5089/2633 2988/5091/2635
f 2986/5092/2636 2990/5093/2637 2994/5086/2630 2992/5090/2634
f 2990/5093/2637 2987/5094/2638 2993/5087/2631 2994/5086/2630
f 3003/5095/2639 3002/5096/2640 2998/5097/2641 3000/5098/2642
f 3001/5099/2643 3003/5095/2639 3000/5098/2642 2997/5100/2644
f 2995/5101/2645 2999/5102/2646 3003/5095/2639 3001/5099/2643
f 2999/5102/2646 2996/5103/2647 3002/5096/2640 3003/5095/2639
f 3012/5104/2648 3009/5105/2649 3007/5106/2650 3011/5107/2651
f 3010/5108/2652 3006/5109/2653 3009/5105/2649 3012/5104/2648
f 3004/5110/2654 3010/5108/2652 3012/5104/2648 3008/5111/2655
f 3008/5111/2655 3012/5104/2648 3011/5107/2651 3005/5112/2656
f 3021/5113/2657 3018/5114/2658 3016/5115/2659 3020/5116/2660
f 3019/5117/2661 3015/5118/2662 3018/5114/2658 3021/5113/2657
f 3013/5119/2663 3019/5117/2661 3021/5113/2657 3017/5120/2664
f 3017/5120/2664 3021/5113/2657 3020/5116/2660 3014/5121/2665
f 3030/5122/2666 3027/5123/2667 3025/5124/2668 3029/5125/2669
f 3028/5126/2670 3024/5127/2671 3027/5123/2667 3030/5122/2666
f 3022/5128/2672 3028/5126/2670 3030/5122/2666 3026/5129/2673
f 3026/5129/2673 3030/5122/2666 3029/5125/2669 3023/5130/2674
f 3039/5131/2675 3036/5132/2676 3034/5133/2677 3038/5134/2678
f 3037/5135/2679 3033/5136/2680 3036/5132/2676 3039/5131/2675
f 3031/5137/2681 3037/5135/2679 3039/5131/2675 3035/5138/2682
f 3035/5138/2682 3039/5131/2675 3038/5134/2678 3032/5139/2683
f 3048/5140/2684 3045/5141/2685 3043/5142/2686 3047/5143/2687
f 3046/5144/2688 3042/5145/2689 3045/5141/2685 3048/5140/2684
f 3040/5146/2690 3046/5144/2688 3048/5140/2684 3044/5147/2691
f 3044/5147/2691 3048/5140/2684 3047/5143/2687 3041/5148/2665
f 3057/5149/2692 3054/5150/2667 3052/5151/2668 3056/5152/2669
f 3055/5153/2670 3051/5154/2671 3054/5150/2667 3057/5149/2692
f 3049/5155/2672 3055/5153/2670 3057/5149/2692 3053/5156/2673
f 3053/5156/2673 3057/5149/2692 3056/5152/2669 3050/5157/2674
f 3066/5158/2693 3063/5159/2694 3061/5160/2695 3065/5161/2696
f 3064/5162/2697 3060/5163/2698 3063/5159/2694 3066/5158/2693
f 3058/5164/2699 3064/5162/2697 3066/5158/2693 3062/5165/2700
f 3062/5165/2700 3066/5158/2693 3065/5161/2696 3059/5166/2701
f 3075/5167/2702 3072/5168/2703 3070/5169/2704 3074/5170/2705
f 3073/5171/2706 3069/5172/2707 3072/5168/2703 3075/5167/2702
f 3067/5173/2708 3073/5171/2706 3075/5167/2702 3071/5174/2709
f 3071/5174/2709 3075/5167/2702 3074/5170/2705 3068/5175/2710
f 3084/5176/2711 3081/5177/2712 3079/5178/2713 3083/5179/2714
f 3082/5180/2715 3078/5181/2716 3081/5177/2712 3084/5176/2711
f 3076/5182/2717 3082/5180/2715 3084/5176/2711 3080/5183/2718
f 3080/5183/2718 3084/5176/2711 3083/5179/2714 3077/5184/2719
f 3093/5185/2720 3090/5186/2721 3088/5187/2722 3092/5188/2723
f 3091/5189/2724 3087/5190/2725 3090/5186/2721 3093/5185/2720
f 3085/5191/2726 3091/5189/2724 3093/5185/2720 3089/5192/2727
f 3089/5192/2727 3093/5185/2720 3092/5188/2723 3086/5193/2728
f 3102/5194/2729 3099/5195/2730 3097/5196/2731 3101/5197/2732
f 3100/5198/2733 3096/5199/2734 3099/5195/2730 3102/5194/2729
f 3094/5200/2735 3100/5198/2733 3102/5194/2729 3098/5201/2736
f 3098/5201/2736 3102/5194/2729 3101/5197/2732 3095/5202/2710
f 3111/5203/2737 3108/5204/2738 3106/5205/2713 3110/5206/2714
f 3109/5207/2739 3105/5208/2740 3108/5204/2738 3111/5203/2737
f 3103/5209/2741 3109/5207/2739 3111/5203/2737 3107/5210/2742
f 3107/5210/2742 3111/5203/2737 3110/5206/2714 3104/5211/2719
f 3120/5212/2743 3117/5213/2744 3115/5214/2745 3119/5215/2746
f 3118/5216/2747 3114/5217/2748 3117/5213/2744 3120/5212/2743
f 3112/5218/2749 3118/5216/2747 3120/5212/2743 3116/5219/2750
f 3116/5219/2750 3120/5212/2743 3119/5215/2746 3113/5220/2751
f 3129/5221/2752 3126/5222/2753 3124/5223/2754 3128/5224/2755
f 3127/5225/2756 3123/5226/2757 3126/5222/2753 3129/5221/2752
f 3121/5227/2758 3127/5225/2756 3129/5221/2752 3125/5228/2759
f 3125/5228/2759 3129/5221/2752 3128/5224/2755 3122/5229/2760
f 3138/5230/2761 3135/5231/2762 3133/5232/2763 3137/5233/2764
f 3136/5234/2765 3132/5235/2766 3135/5231/2762 3138/5230/2761
f 3130/5236/2767 3136/5234/2765 3138/5230/2761 3134/5237/2768
f 3134/5237/2768 3138/5230/2761 3137/5233/2764 3131/5238/2769
f 3139/5239/2770 3140/5240/2771 3141/5241/2772 3142/5242/2773
f 3142/5242/2773 3141/5241/2772 3143/5243/2774 3144/5244/2775
f 3151/5245/2776 3139/5239/2770 3142/5242/2773 3152/5246/2777
f 3152/5246/2777 3142/5242/2773 3144/5244/2775 3153/5247/2778
f 3262/5248/2779 3146/5249/2780 3148/5250/2781 3263/5251/2782
f 3263/5251/2782 3148/5250/2781 3150/5252/2783 3264/5253/2784
f 3154/5254/2785 3155/5255/2786 3156/5256/2787 3157/5257/2788
f 3157/5257/2788 3156/5256/2787 3158/5258/2789 3159/5259/2790
f 3166/5260/2791 3154/5254/2785 3157/5257/2788 3167/5261/2792
f 3167/5261/2792 3157/5257/2788 3159/5259/2790 3168/5262/2793
f 3160/5263/2794 3161/5264/2795 3163/5265/2796 3164/5266/2797
f 3164/5266/2797 3163/5265/2796 3165/5267/2798 3162/5268/2799
f 3163/5265/2796 3167/5261/2792 3168/5262/2793 3165/5267/2798
f 3161/5264/2795 3166/5260/2791 3167/5261/2792 3163/5265/2796
f 3169/5269/2800 3170/5270/2801 3171/5271/2802 3172/5272/2803
f 3172/5272/2803 3171/5271/2802 3173/5273/2804 3174/5274/2805
f 3181/5275/2806 3169/5269/2800 3172/5272/2803 3182/5276/2807
f 3182/5276/2807 3172/5272/2803 3174/5274/2805 3183/5277/2808
f 3175/5278/2809 3176/5279/2810 3178/5280/2811 3179/5281/2812
f 3179/5281/2812 3178/5280/2811 3180/5282/2813 3177/5283/2814
f 3178/5280/2811 3182/5276/2807 3183/5277/2808 3180/5282/2813
f 3176/5279/2810 3181/5275/2806 3182/5276/2807 3178/5280/2811
f 3184/5284/2815 3185/5285/2816 3186/5286/2817 3187/5287/2818
f 3187/5287/2818 3186/5286/2817 3188/5288/2819 3189/5289/2820
f 3196/5290/2821 3184/5284/2815 3187/5287/2818 3197/5291/2822
f 3197/5291/2822 3187/5287/2818 3189/5289/2820 3198/5292/2823
f 3190/5293/2824 3191/5294/2825 3193/5295/2826 3194/5296/2827
f 3194/5296/2827 3193/5295/2826 3195/5297/2828 3192/5298/2829
f 3193/5295/2826 3197/5291/2822 3198/5292/2823 3195/5297/2828
f 3191/5294/2825 3196/5290/2821 3197/5291/2822 3193/5295/2826
f 3199/5299/2830 3202/5300/2831 3201/5301/2832 3200/5302/2833
f 3202/5300/2831 3204/5303/2834 3203/5304/2835 3201/5301/2832
f 3211/5305/2836 3212/5306/2837 3202/5300/2831 3199/5299/2830
f 3212/5306/2837 3213/5307/2838 3204/5303/2834 3202/5300/2831
f 3259/5308/2839 3260/5309/2840 3208/5310/2841 3206/5311/2842
f 3260/5309/2840 3261/5312/2843 3210/5313/2844 3208/5310/2841
f 3214/5314/2845 3217/5315/2846 3216/5316/2847 3215/5317/2848
f 3217/5315/2846 3219/5318/2849 3218/5319/2850 3216/5316/2847
f 3226/5320/2851 3227/5321/2852 3217/5315/2846 3214/5314/2845
f 3227/5321/2852 3228/5322/2853 3219/5318/2849 3217/5315/2846
f 3220/5323/2854 3224/5324/2855 3223/5325/2856 3221/5326/2857
f 3224/5324/2855 3222/5327/2858 3225/5328/2859 3223/5325/2856
f 3223/5325/2856 3225/5328/2859 3228/5322/2853 3227/5321/2852
f 3221/5326/2857 3223/5325/2856 3227/5321/2852 3226/5320/2851
f 3229/5329/2860 3232/5330/2861 3231/5331/2862 3230/5332/2863
f 3232/5330/2861 3234/5333/2864 3233/5334/2865 3231/5331/2862
f 3241/5335/2866 3242/5336/2867 3232/5330/2861 3229/5329/2860
f 3242/5336/2867 3243/5337/2868 3234/5333/2864 3232/5330/2861
f 3235/5338/2869 3239/5339/2870 3238/5340/2871 3236/5341/2872
f 3239/5339/2870 3237/5342/2873 3240/5343/2874 3238/5340/2871
f 3238/5340/2871 3240/5343/2874 3243/5337/2868 3242/5336/2867
f 3236/5341/2872 3238/5340/2871 3242/5336/2867 3241/5335/2866
f 3244/5344/2875 3247/5345/2876 3246/5346/2877 3245/5347/2878
f 3247/5345/2876 3249/5348/2879 3248/5349/2880 3246/5346/2877
f 3256/5350/2881 3257/5351/2882 3247/5345/2876 3244/5344/2875
f 3257/5351/2882 3258/5352/2883 3249/5348/2879 3247/5345/2876
f 3250/5353/2884 3254/5354/2885 3253/5355/2886 3251/5356/2887
f 3254/5354/2885 3252/5357/2888 3255/5358/2889 3253/5355/2886
f 3253/5355/2886 3255/5358/2889 3258/5352/2883 3257/5351/2882
f 3251/5356/2887 3253/5355/2886 3257/5351/2882 3256/5350/2881
f 3209/5359/2890 3207/5360/2891 3261/5312/2843 3260/5309/2840
f 3205/5361/2892 3209/5359/2890 3260/5309/2840 3259/5308/2839
f 3149/5362/2893 3263/5251/2782 3264/5253/2784 3147/5363/2894
f 3145/5364/2895 3262/5248/2779 3263/5251/2782 3149/5362/2893
f 3273/5365/2896 3272/5366/2897 3268/5367/2898 3270/5368/2899
f 3271/5369/2900 3273/5365/2896 3270/5368/2899 3267/5370/2901
f 3265/5371/2902 3269/5372/2903 3273/5365/2896 3271/5369/2900
f 3269/5372/2903 3266/5373/2904 3272/5366/2897 3273/5365/2896
f 3282/5374/2905 3281/5375/2906 3277/5376/2907 3279/5377/2908
f 3280/5378/2909 3282/5374/2905 3279/5377/2908 3276/5379/2910
f 3274/5380/2911 3278/5381/2912 3282/5374/2905 3280/5378/2909
f 3278/5381/2912 3275/5382/2913 3281/5375/2906 3282/5374/2905
f 3291/5383/2914 3290/5384/2915 3286/5385/2916 3288/5386/2917
f 3289/5387/2918 3291/5383/2914 3288/5386/2917 3285/5388/2919
f 3283/5389/2920 3287/5390/2921 3291/5383/2914 3289/5387/2918
f 3287/5390/2921 3284/5391/2922 3290/5384/2915 3291/5383/2914
f 3300/5392/2923 3299/5393/2924 3295/5394/2925 3297/5395/2926
f 3298/5396/2927 3300/5392/2923 3297/5395/2926 3294/5397/2928
f 3292/5398/2929 3296/5399/2930 3300/5392/2923 3298/5396/2927
f 3296/5399/2930 3293/5400/2931 3299/5393/2924 3300/5392/2923
f 3309/5401/2932 3308/5402/2933 3304/5403/2934 3306/5404/2935
f 3307/5405/2936 3309/5401/2932 3306/5404/2935 3303/5406/2937
f 3301/5407/2938 3305/5408/2939 3309/5401/2932 3307/5405/2936
f 3305/5408/2939 3302/5409/2940 3308/5402/2933 3309/5401/2932
f 3318/5410/2914 3317/5411/2915 3313/5412/2916 3315/5413/2917
f 3316/5414/2918 3318/5410/2914 3315/5413/2917 3312/5415/2919
f 3310/5416/2920 3314/5417/2921 3318/5410/2914 3316/5414/2918
f 3314/5417/2921 3311/5418/2922 3317/5411/2915 3318/5410/2914
f 3327/5419/2941 3326/5420/2942 3322/5421/2943 3324/5422/2944
f 3325/5423/2945 3327/5419/2941 3324/5422/2944 3321/5424/2946
f 3319/5425/2947 3323/5426/2948 3327/5419/2941 3325/5423/2945
f 3323/5426/2948 3320/5427/2949 3326/5420/2942 3327/5419/2941
f 3336/5428/2950 3335/5429/2951 3331/5430/2952 3333/5431/2953
f 3334/5432/2954 3336/5428/2950 3333/5431/2953 3330/5433/2955
f 3328/5434/2956 3332/5435/2957 3336/5428/2950 3334/5432/2954
f 3332/5435/2957 3329/5436/2958 3335/5429/2951 3336/5428/2950
f 3345/5437/2959 3344/5438/2960 3340/5439/2961 3342/5440/2962
f 3343/5441/2963 3345/5437/2959 3342/5440/2962 3339/5442/2964
f 3337/5443/2965 3341/5444/2966 3345/5437/2959 3343/5441/2963
f 3341/5444/2966 3338/5445/2967 3344/5438/2960 3345/5437/2959
f 3354/5446/2968 3353/5447/2969 3349/5448/2970 3351/5449/2971
f 3352/5450/2972 3354/5446/2968 3351/5449/2971 3348/5451/2973
f 3346/5452/2974 3350/5453/2975 3354/5446/2968 3352/5450/2972
f 3350/5453/2975 3347/5454/2976 3353/5447/2969 3354/5446/2968
f 3363/5455/2977 3362/5456/2978 3358/5457/2979 3360/5458/2980
f 3361/5459/2981 3363/5455/2977 3360/5458/2980 3357/5460/2982
f 3355/5461/2983 3359/5462/2984 3363/5455/2977 3361/5459/2981
f 3359/5462/2984 3356/5463/2958 3362/5456/2978 3363/5455/2977
f 3372/5464/2985 3371/5465/2960 3367/5466/2961 3369/5467/2986
f 3370/5468/2987 3372/5464/2985 3369/5467/2986 3366/5469/2988
f 3364/5470/2989 3368/5471/2990 3372/5464/2985 3370/5468/2987
f 3368/5471/2990 3365/5472/2967 3371/5465/2960 3372/5464/2985
f 3381/5473/2991 3380/5474/2992 3376/5475/2993 3378/5476/2994
f 3379/5477/2995 3381/5473/2991 3378/5476/2994 3375/5478/2996
f 3373/5479/2997 3377/5480/2998 3381/5473/2991 3379/5477/2995
f 3377/5480/2998 3374/5481/2999 3380/5474/2992 3381/5473/2991
f 3390/5482/3000 3389/5483/3001 3385/5484/3002 3387/5485/3003
f 3388/5486/3004 3390/5482/3000 3387/5485/3003 3384/5487/3005
f 3382/5488/3006 3386/5489/3007 3390/5482/3000 3388/5486/3004
f 3386/5489/3007 3383/5490/3008 3389/5483/3001 3390/5482/3000
f 3399/5491/3009 3398/5492/3010 3394/5493/3011 3396/5494/3012
f 3397/5495/3013 3399/5491/3009 3396/5494/3012 3393/5496/3014
f 3391/5497/3015 3395/5498/3016 3399/5491/3009 3397/5495/3013
f 3395/5498/3016 3392/5499/3017 3398/5492/3010 3399/5491/3009
f 3408/5500/3018 3405/5501/3019 3403/5502/3020 3407/5503/3021
f 3406/5504/3022 3402/5505/3023 3405/5501/3019 3408/5500/3018
f 3400/5506/3024 3406/5504/3022 3408/5500/3018 3404/5507/3025
f 3404/5507/3025 3408/5500/3018 3407/5503/3021 3401/5508/3026
f 3417/5509/3027 3414/5510/3028 3412/5511/3029 3416/5512/3030
f 3415/5513/3031 3411/5514/3032 3414/5510/3028 3417/5509/3027
f 3409/5515/3033 3415/5513/3031 3417/5509/3027 3413/5516/3034
f 3413/5516/3034 3417/5509/3027 3416/5512/3030 3410/5517/3035
f 3426/5518/3036 3423/5519/3037 3421/5520/3038 3425/5521/3039
f 3424/5522/3040 3420/5523/3041 3423/5519/3037 3426/5518/3036
f 3418/5524/3042 3424/5522/3040 3426/5518/3036 3422/5525/3043
f 3422/5525/3043 3426/5518/3036 3425/5521/3039 3419/5526/3044
f 3435/5527/3045 3432/5528/3046 3430/5529/3047 3434/5530/3048
f 3433/5531/3049 3429/5532/3050 3432/5528/3046 3435/5527/3045
f 3427/5533/3051 3433/5531/3049 3435/5527/3045 3431/5534/3052
f 3431/5534/3052 3435/5527/3045 3434/5530/3048 3428/5535/3053
f 3444/5536/3054 3441/5537/3055 3439/5538/3056 3443/5539/3057
f 3442/5540/3058 3438/5541/3059 3441/5537/3055 3444/5536/3054
f 3436/5542/3060 3442/5540/3058 3444/5536/3054 3440/5543/3061
f 3440/5543/3061 3444/5536/3054 3443/5539/3057 3437/5544/3035
f 3453/5545/3062 3450/5546/3037 3448/5547/3038 3452/5548/3039
f 3451/5549/3040 3447/5550/3041 3450/5546/3037 3453/5545/3062
f 3445/5551/3042 3451/5549/3040 3453/5545/3062 3449/5552/3043
f 3449/5552/3043 3453/5545/3062 3452/5548/3039 3446/5553/3044
f 3462/5554/3063 3459/5555/3064 3457/5556/3065 3461/5557/3066
f 3460/5558/3067 3456/5559/3068 3459/5555/3064 3462/5554/3063
f 3454/5560/3069 3460/5558/3067 3462/5554/3063 3458/5561/3070
f 3458/5561/3070 3462/5554/3063 3461/5557/3066 3455/5562/3071
f 3471/5563/3072 3468/5564/3073 3466/5565/3074 3470/5566/3075
f 3469/5567/3076 3465/5568/3077 3468/5564/3073 3471/5563/3072
f 3463/5569/3078 3469/5567/3076 3471/5563/3072 3467/5570/3079
f 3467/5570/3079 3471/5563/3072 3470/5566/3075 3464/5571/3080
f 3480/5572/3081 3477/5573/3082 3475/5574/3083 3479/5575/3084
f 3478/5576/3085 3474/5577/3086 3477/5573/3082 3480/5572/3081
f 3472/5578/3087 3478/5576/3085 3480/5572/3081 3476/5579/3088
f 3476/5579/3088 3480/5572/3081 3479/5575/3084 3473/5580/3089
f 3489/5581/3090 3486/5582/3091 3484/5583/3092 3488/5584/3093
f 3487/5585/3094 3483/5586/3095 3486/5582/3091 3489/5581/3090
f 3481/5587/3096 3487/5585/3094 3489/5581/3090 3485/5588/3097
f 3485/5588/3097 3489/5581/3090 3488/5584/3093 3482/5589/3098
f 3498/5590/3099 3495/5591/3100 3493/5592/3101 3497/5593/3102
f 3496/5594/3103 3492/5595/3104 3495/5591/3100 3498/5590/3099
f 3490/5596/3105 3496/5594/3103 3498/5590/3099 3494/5597/3106
f 3494/5597/3106 3498/5590/3099 3497/5593/3102 3491/5598/3080
f 3507/5599/3107 3504/5600/3108 3502/5601/3083 3506/5602/3084
f 3505/5603/3109 3501/5604/3110 3504/5600/3108 3507/5599/3107
f 3499/5605/3111 3505/5603/3109 3507/5599/3107 3503/5606/3112
f 3503/5606/3112 3507/5599/3107 3506/5602/3084 3500/5607/3089
f 3516/5608/3113 3513/5609/3114 3511/5610/3115 3515/5611/3116
f 3514/5612/3117 3510/5613/3118 3513/5609/3114 3516/5608/3113
f 3508/5614/3119 3514/5612/3117 3516/5608/3113 3512/5615/3120
f 3512/5615/3120 3516/5608/3113 3515/5611/3116 3509/5616/3121
f 3525/5617/3122 3522/5618/3123 3520/5619/3124 3524/5620/3125
f 3523/5621/3126 3519/5622/3127 3522/5618/3123 3525/5617/3122
f 3517/5623/3128 3523/5621/3126 3525/5617/3122 3521/5624/3129
f 3521/5624/3129 3525/5617/3122 3524/5620/3125 3518/5625/3130
f 3534/5626/3131 3531/5627/3132 3529/5628/3133 3533/5629/3134
f 3532/5630/3135 3528/5631/3136 3531/5627/3132 3534/5626/3131
f 3526/5632/3137 3532/5630/3135 3534/5626/3131 3530/5633/3138
f 3530/5633/3138 3534/5626/3131 3533/5629/3134 3527/5634/3139
