# Blender v2.79 (sub 0) OBJ File: '-v_hut_001.blend'
# www.blender.org
mtllib -LOD1_v_hut_001.mtl
o Circle.001_Circle.002
v 6.000000 5.141112 -1.787672
v 6.000000 5.104724 -1.750001
v 6.125000 5.104724 -1.783494
v 6.106164 5.141112 -1.816119
v 6.216506 5.104724 -1.875001
v 6.183882 5.141112 -1.893836
v 6.250000 5.104724 -2.000000
v 6.212328 5.141112 -2.000000
v 6.216506 5.104724 -2.125000
v 6.183881 5.141112 -2.106165
v 6.125000 5.104724 -2.216507
v 6.106164 5.141112 -2.183882
v 6.000000 5.104724 -2.250000
v 6.000000 5.141112 -2.212329
v 5.875000 5.104724 -2.216507
v 5.893836 5.141112 -2.183882
v 5.783494 5.104724 -2.125001
v 5.816119 5.141112 -2.106165
v 5.750000 5.104724 -2.000001
v 5.787672 5.141112 -2.000000
v 5.783493 5.104724 -1.875001
v 5.816118 5.141112 -1.893837
v 5.875000 5.104724 -1.783494
v 5.893836 5.141112 -1.816119
v 6.000000 0.205851 -1.750000
v 6.000000 0.169463 -1.787672
v 6.106164 0.169463 -1.816118
v 6.125000 0.205851 -1.783493
v 6.183882 0.169463 -1.893836
v 6.216506 0.205851 -1.875000
v 6.212328 0.169463 -2.000000
v 6.250000 0.205851 -2.000000
v 6.183881 0.169463 -2.106164
v 6.216506 0.205851 -2.125000
v 6.106164 0.169463 -2.183881
v 6.125000 0.205851 -2.216506
v 6.000000 0.169463 -2.212328
v 6.000000 0.205851 -2.250000
v 5.893836 0.169463 -2.183881
v 5.875000 0.205851 -2.216506
v 5.816119 0.169463 -2.106164
v 5.783494 0.205851 -2.125000
v 5.787672 0.169463 -2.000000
v 5.750000 0.205851 -2.000000
v 5.816118 0.169463 -1.893836
v 5.783493 0.205851 -1.875000
v 5.893836 0.169463 -1.816118
v 5.875000 0.205851 -1.783494
v 6.212329 5.141113 4.000000
v 6.250001 5.104724 4.000000
v 6.216507 5.104724 3.875000
v 6.183883 5.141113 3.893836
v 6.125001 5.104724 3.783493
v 6.106165 5.141113 3.816118
v 6.000001 5.104724 3.750000
v 6.000001 5.141113 3.787672
v 5.875001 5.104724 3.783494
v 5.893837 5.141113 3.816119
v 5.783495 5.104724 3.875000
v 5.816119 5.141113 3.893836
v 5.750001 5.104724 4.000000
v 5.787673 5.141113 4.000000
v 5.783495 5.104724 4.125000
v 5.816119 5.141113 4.106164
v 5.875001 5.104724 4.216506
v 5.893837 5.141113 4.183881
v 6.000001 5.104724 4.250000
v 6.000001 5.141113 4.212328
v 6.125001 5.104724 4.216507
v 6.106165 5.141113 4.183882
v 6.216507 5.104724 4.125000
v 6.183883 5.141113 4.106164
v 6.250001 0.205853 4.000001
v 6.212329 0.169465 4.000001
v 6.183883 0.169465 3.893836
v 6.216507 0.205853 3.875000
v 6.106165 0.169465 3.816119
v 6.125001 0.205853 3.783494
v 6.000001 0.169465 3.787673
v 6.000001 0.205853 3.750001
v 5.893837 0.169465 3.816120
v 5.875001 0.205853 3.783495
v 5.816119 0.169465 3.893836
v 5.783495 0.205853 3.875000
v 5.787673 0.169465 4.000001
v 5.750001 0.205853 4.000001
v 5.816119 0.169465 4.106165
v 5.783495 0.205853 4.125001
v 5.893837 0.169465 4.183882
v 5.875001 0.205853 4.216507
v 6.000001 0.169465 4.212329
v 6.000001 0.205853 4.250001
v 6.106165 0.169465 4.183883
v 6.125001 0.205853 4.216508
v 6.183883 0.169465 4.106165
v 6.216507 0.205853 4.125000
v 5.787672 5.141112 -4.000001
v 5.750000 5.104723 -4.000001
v 5.783494 5.104723 -3.875001
v 5.816118 5.141112 -3.893836
v 5.875000 5.104723 -3.783494
v 5.893836 5.141112 -3.816119
v 6.000000 5.104723 -3.750001
v 6.000000 5.141112 -3.787673
v 6.125000 5.104723 -3.783495
v 6.106164 5.141112 -3.816120
v 6.216506 5.104723 -3.875001
v 6.183882 5.141112 -3.893836
v 6.250000 5.104723 -4.000001
v 6.212328 5.141112 -4.000001
v 6.216506 5.104723 -4.125001
v 6.183882 5.141112 -4.106165
v 6.125000 5.104723 -4.216507
v 6.106164 5.141112 -4.183882
v 6.000000 5.104723 -4.250001
v 6.000000 5.141112 -4.212329
v 5.875000 5.104723 -4.216508
v 5.893836 5.141112 -4.183883
v 5.783494 5.104723 -4.125001
v 5.816119 5.141112 -4.106165
v 5.750000 0.205851 -4.000000
v 5.787672 0.169463 -4.000000
v 5.816118 0.169463 -3.893836
v 5.783494 0.205851 -3.875000
v 5.893836 0.169463 -3.816118
v 5.875000 0.205851 -3.783494
v 6.000000 0.169463 -3.787672
v 6.000000 0.205851 -3.750000
v 6.106164 0.169463 -3.816119
v 6.125000 0.205851 -3.783494
v 6.183882 0.169463 -3.893836
v 6.216506 0.205851 -3.875000
v 6.212328 0.169463 -4.000000
v 6.250000 0.205851 -4.000000
v 6.183882 0.169463 -4.106164
v 6.216506 0.205851 -4.125000
v 6.106164 0.169463 -4.183881
v 6.125000 0.205851 -4.216506
v 6.000000 0.169463 -4.212328
v 6.000000 0.205851 -4.250000
v 5.893836 0.169463 -4.183882
v 5.875000 0.205851 -4.216507
v 5.816119 0.169463 -4.106164
v 5.783494 0.205851 -4.125000
v -5.787677 5.141112 -2.000001
v -5.750005 5.104723 -2.000001
v -5.783499 5.104723 -2.125001
v -5.816123 5.141112 -2.106166
v -5.875005 5.104723 -2.216508
v -5.893841 5.141112 -2.183883
v -6.000005 5.104723 -2.250001
v -6.000005 5.141112 -2.212329
v -6.125005 5.104723 -2.216507
v -6.106170 5.141112 -2.183883
v -6.216512 5.104723 -2.125001
v -6.183887 5.141112 -2.106166
v -6.250005 5.104723 -2.000001
v -6.212333 5.141112 -2.000001
v -6.216512 5.104723 -1.875001
v -6.183887 5.141112 -1.893836
v -6.125005 5.104723 -1.783495
v -6.106170 5.141112 -1.816119
v -6.000005 5.104723 -1.750001
v -6.000005 5.141112 -1.787673
v -5.875005 5.104723 -1.783494
v -5.893841 5.141112 -1.816119
v -5.783499 5.104723 -1.875001
v -5.816123 5.141112 -1.893836
v -5.750005 0.205852 -2.000000
v -5.787677 0.169463 -2.000000
v -5.816123 0.169463 -2.106165
v -5.783499 0.205852 -2.125000
v -5.893841 0.169463 -2.183882
v -5.875005 0.205852 -2.216507
v -6.000005 0.169463 -2.212328
v -6.000005 0.205852 -2.250000
v -6.106170 0.169463 -2.183882
v -6.125005 0.205852 -2.216506
v -6.183887 0.169463 -2.106165
v -6.216512 0.205852 -2.125000
v -6.212333 0.169463 -2.000000
v -6.250005 0.205852 -2.000000
v -6.183887 0.169463 -1.893835
v -6.216512 0.205852 -1.875000
v -6.106170 0.169463 -1.816119
v -6.125005 0.205852 -1.783494
v -6.000005 0.169463 -1.787672
v -6.000005 0.205852 -1.750000
v -5.893841 0.169463 -1.816119
v -5.875005 0.205852 -1.783493
v -5.816123 0.169463 -1.893835
v -5.783499 0.205852 -1.875000
v -6.000000 5.141113 3.787671
v -6.000000 5.104725 3.749999
v -6.125000 5.104725 3.783493
v -6.106165 5.141113 3.816118
v -6.216507 5.104725 3.875000
v -6.183882 5.141113 3.893835
v -6.250000 5.104725 3.999999
v -6.212328 5.141113 3.999999
v -6.216506 5.104725 4.124999
v -6.183882 5.141113 4.106164
v -6.125000 5.104725 4.216506
v -6.106165 5.141113 4.183881
v -6.000000 5.104725 4.249999
v -6.000000 5.141113 4.212327
v -5.875000 5.104725 4.216506
v -5.893835 5.141113 4.183881
v -5.783494 5.104725 4.124999
v -5.816118 5.141113 4.106164
v -5.750000 5.104725 3.999999
v -5.787672 5.141113 3.999999
v -5.783493 5.104725 3.875000
v -5.816118 5.141113 3.893835
v -5.875000 5.104725 3.783493
v -5.893835 5.141113 3.816118
v -6.000000 0.205852 3.750000
v -6.000000 0.169464 3.787672
v -6.106165 0.169464 3.816118
v -6.125000 0.205852 3.783494
v -6.183882 0.169464 3.893836
v -6.216507 0.205852 3.875000
v -6.212328 0.169464 4.000000
v -6.250000 0.205852 4.000000
v -6.183882 0.169464 4.106164
v -6.216506 0.205852 4.125000
v -6.106165 0.169464 4.183882
v -6.125000 0.205852 4.216506
v -6.000000 0.169464 4.212328
v -6.000000 0.205852 4.250000
v -5.893835 0.169464 4.183882
v -5.875000 0.205852 4.216506
v -5.816118 0.169464 4.106164
v -5.783494 0.205852 4.125000
v -5.787672 0.169464 4.000000
v -5.750000 0.205852 4.000000
v -5.816118 0.169464 3.893836
v -5.783493 0.205852 3.875000
v -5.893835 0.169464 3.816119
v -5.875000 0.205852 3.783494
v -6.000000 5.141112 -4.212329
v -6.000000 5.104724 -4.250001
v -6.125000 5.104724 -4.216507
v -6.106165 5.141112 -4.183883
v -6.216507 5.104724 -4.125001
v -6.183882 5.141112 -4.106165
v -6.250000 5.104724 -4.000001
v -6.212328 5.141112 -4.000001
v -6.216506 5.104724 -3.875001
v -6.183882 5.141112 -3.893836
v -6.125000 5.104724 -3.783494
v -6.106165 5.141112 -3.816119
v -6.000000 5.104724 -3.750001
v -6.000000 5.141112 -3.787673
v -5.875000 5.104724 -3.783494
v -5.893835 5.141112 -3.816119
v -5.783494 5.104724 -3.875001
v -5.816118 5.141112 -3.893836
v -5.750000 5.104724 -4.000001
v -5.787672 5.141112 -4.000001
v -5.783493 5.104724 -4.125001
v -5.816118 5.141112 -4.106165
v -5.875000 5.104724 -4.216507
v -5.893835 5.141112 -4.183882
v -6.000000 0.205851 -4.250000
v -6.000000 0.169463 -4.212328
v -6.106165 0.169463 -4.183882
v -6.125000 0.205851 -4.216506
v -6.183882 0.169463 -4.106164
v -6.216507 0.205851 -4.125000
v -6.212328 0.169463 -4.000000
v -6.250000 0.205851 -4.000000
v -6.183882 0.169463 -3.893836
v -6.216506 0.205851 -3.875000
v -6.106165 0.169463 -3.816118
v -6.125000 0.205851 -3.783494
v -6.000000 0.169463 -3.787672
v -6.000000 0.205851 -3.750000
v -5.893835 0.169463 -3.816118
v -5.875000 0.205851 -3.783494
v -5.816118 0.169463 -3.893836
v -5.783494 0.205851 -3.875000
v -5.787672 0.169463 -4.000000
v -5.750000 0.205851 -4.000000
v -5.816118 0.169463 -4.106164
v -5.783493 0.205851 -4.125000
v -5.893835 0.169463 -4.183881
v -5.875000 0.205851 -4.216506
v 3.000000 5.141113 3.840753
v 3.000000 5.104725 3.812500
v 2.906250 5.104725 3.837620
v 2.920377 5.141113 3.862088
v 2.837620 5.104725 3.906250
v 2.862089 5.141113 3.920376
v 2.812500 5.104725 3.999999
v 2.840754 5.141113 3.999999
v 2.837621 5.104725 4.093749
v 2.862089 5.141113 4.079623
v 2.906250 5.104725 4.162379
v 2.920377 5.141113 4.137911
v 3.000000 5.104725 4.187499
v 3.000000 5.141113 4.159245
v 3.093750 5.104725 4.162379
v 3.079624 5.141113 4.137911
v 3.162380 5.104725 4.093749
v 3.137911 5.141113 4.079623
v 3.187500 5.104725 3.999999
v 3.159246 5.141113 3.999999
v 3.162380 5.104725 3.906250
v 3.137912 5.141113 3.920377
v 3.093750 5.104725 3.837620
v 3.079624 5.141113 3.862088
v 3.000000 0.205852 3.812500
v 3.000000 0.169464 3.840754
v 2.920377 0.169464 3.862089
v 2.906250 0.205852 3.837620
v 2.862089 0.169464 3.920377
v 2.837620 0.205852 3.906250
v 2.840754 0.169464 4.000000
v 2.812500 0.205852 4.000000
v 2.862089 0.169464 4.079624
v 2.837621 0.205852 4.093750
v 2.920377 0.169464 4.137912
v 2.906250 0.205852 4.162380
v 3.000000 0.169464 4.159246
v 3.000000 0.205852 4.187500
v 3.079624 0.169464 4.137912
v 3.093750 0.205852 4.162380
v 3.137911 0.169464 4.079624
v 3.162380 0.205852 4.093750
v 3.159246 0.169464 4.000000
v 3.187500 0.205852 4.000000
v 3.137912 0.169464 3.920377
v 3.162380 0.205852 3.906250
v 3.079624 0.169464 3.862089
v 3.093750 0.205852 3.837620
v 3.000002 5.141112 -3.840755
v 3.000002 5.104724 -3.812501
v 3.093752 5.104724 -3.837621
v 3.079625 5.141112 -3.862090
v 3.162382 5.104724 -3.906251
v 3.137913 5.141112 -3.920378
v 3.187502 5.104724 -4.000001
v 3.159248 5.141112 -4.000001
v 3.162381 5.104724 -4.093751
v 3.137913 5.141112 -4.079624
v 3.093752 5.104724 -4.162381
v 3.079625 5.141112 -4.137913
v 3.000002 5.104724 -4.187501
v 3.000002 5.141112 -4.159247
v 2.906252 5.104724 -4.162381
v 2.920378 5.141112 -4.137913
v 2.837622 5.104724 -4.093751
v 2.862091 5.141112 -4.079625
v 2.812502 5.104724 -4.000001
v 2.840755 5.141112 -4.000001
v 2.837621 5.104724 -3.906251
v 2.862090 5.141112 -3.920378
v 2.906252 5.104724 -3.837621
v 2.920378 5.141112 -3.862090
v 3.000002 0.205851 -3.812500
v 3.000002 0.169463 -3.840754
v 3.079625 0.169463 -3.862089
v 3.093752 0.205851 -3.837621
v 3.137913 0.169463 -3.920377
v 3.162382 0.205851 -3.906250
v 3.159248 0.169463 -4.000000
v 3.187502 0.205851 -4.000000
v 3.137913 0.169463 -4.079623
v 3.162381 0.205851 -4.093750
v 3.079625 0.169463 -4.137912
v 3.093752 0.205851 -4.162380
v 3.000002 0.169463 -4.159246
v 3.000002 0.205851 -4.187500
v 2.920378 0.169463 -4.137912
v 2.906252 0.205851 -4.162380
v 2.862091 0.169463 -4.079624
v 2.837622 0.205851 -4.093750
v 2.840755 0.169463 -4.000000
v 2.812502 0.205851 -4.000000
v 2.862090 0.169463 -3.920377
v 2.837621 0.205851 -3.906250
v 2.920378 0.169463 -3.862089
v 2.906252 0.205851 -3.837621
v -2.840753 5.141113 3.999998
v -2.812499 5.104724 3.999998
v -2.837619 5.104724 3.906248
v -2.862088 5.141113 3.920374
v -2.906249 5.104724 3.837618
v -2.920376 5.141113 3.862086
v -2.999999 5.104724 3.812498
v -2.999999 5.141113 3.840751
v -3.093749 5.104724 3.837619
v -3.079622 5.141113 3.862087
v -3.162379 5.104724 3.906248
v -3.137910 5.141113 3.920374
v -3.187499 5.104724 3.999998
v -3.159245 5.141113 3.999998
v -3.162379 5.104724 4.093748
v -3.137910 5.141113 4.079621
v -3.093749 5.104724 4.162377
v -3.079622 5.141113 4.137909
v -2.999999 5.104724 4.187498
v -2.999999 5.141113 4.159244
v -2.906249 5.104724 4.162378
v -2.920376 5.141113 4.137909
v -2.837619 5.104724 4.093748
v -2.862088 5.141113 4.079621
v -2.812499 0.205853 3.999999
v -2.840753 0.169464 3.999999
v -2.862088 0.169464 3.920375
v -2.837619 0.205853 3.906249
v -2.920376 0.169464 3.862087
v -2.906249 0.205853 3.837619
v -2.999999 0.169464 3.840752
v -2.999999 0.205853 3.812499
v -3.079622 0.169464 3.862088
v -3.093749 0.205853 3.837619
v -3.137910 0.169464 3.920375
v -3.162379 0.205853 3.906249
v -3.159245 0.169464 3.999999
v -3.187499 0.205853 3.999999
v -3.137910 0.169464 4.079622
v -3.162379 0.205853 4.093749
v -3.079622 0.169464 4.137910
v -3.093749 0.205853 4.162378
v -2.999999 0.169464 4.159245
v -2.999999 0.205853 4.187499
v -2.920376 0.169464 4.137910
v -2.906249 0.205853 4.162379
v -2.862088 0.169464 4.079622
v -2.837619 0.205853 4.093749
v -3.159245 5.141112 -4.000000
v -3.187500 5.104723 -4.000000
v -3.162379 5.104723 -3.906250
v -3.137911 5.141112 -3.920377
v -3.093750 5.104723 -3.837620
v -3.079622 5.141112 -3.862089
v -2.999999 5.104723 -3.812500
v -2.999999 5.141112 -3.840754
v -2.906249 5.104723 -3.837621
v -2.920376 5.141112 -3.862090
v -2.837620 5.104723 -3.906250
v -2.862088 5.141112 -3.920377
v -2.812499 5.104723 -4.000000
v -2.840753 5.141112 -4.000000
v -2.837620 5.104723 -4.093750
v -2.862088 5.141112 -4.079624
v -2.906249 5.104723 -4.162380
v -2.920376 5.141112 -4.137912
v -2.999999 5.104723 -4.187500
v -2.999999 5.141112 -4.159247
v -3.093750 5.104723 -4.162381
v -3.079622 5.141112 -4.137912
v -3.162379 5.104723 -4.093750
v -3.137910 5.141112 -4.079624
v -3.187500 0.205851 -4.000000
v -3.159245 0.169463 -4.000000
v -3.137911 0.169463 -3.920376
v -3.162379 0.205851 -3.906250
v -3.079622 0.169463 -3.862088
v -3.093750 0.205851 -3.837620
v -2.999999 0.169463 -3.840753
v -2.999999 0.205851 -3.812500
v -2.920376 0.169463 -3.862089
v -2.906249 0.205851 -3.837620
v -2.862088 0.169463 -3.920376
v -2.837620 0.205851 -3.906250
v -2.840753 0.169463 -4.000000
v -2.812499 0.205851 -4.000000
v -2.862088 0.169463 -4.079623
v -2.837620 0.205851 -4.093750
v -2.920376 0.169463 -4.137911
v -2.906249 0.205851 -4.162379
v -2.999999 0.169463 -4.159246
v -2.999999 0.205851 -4.187500
v -3.079622 0.169463 -4.137911
v -3.093750 0.205851 -4.162380
v -3.137910 0.169463 -4.079623
v -3.162379 0.205851 -4.093750
v 5.760258 4.735123 -4.586497
v 5.690153 4.735123 -4.515615
v 5.731665 4.890049 -4.515615
v 5.792378 4.854996 -4.586497
v 5.845079 5.003461 -4.515615
v 5.880131 4.942749 -4.586497
v 6.000004 5.044974 -4.515615
v 6.000004 4.974868 -4.586497
v 6.154930 5.003461 -4.515615
v 6.119877 4.942748 -4.586497
v 6.268343 4.890049 -4.515615
v 6.207630 4.854995 -4.586497
v 6.309855 4.735123 -4.515615
v 6.239750 4.735123 -4.586497
v 6.268343 4.580197 -4.515615
v 6.207630 4.615249 -4.586497
v 6.154930 4.466784 -4.515615
v 6.119877 4.527496 -4.586497
v 6.000004 4.425272 -4.515615
v 6.000004 4.495376 -4.586497
v 5.845078 4.466783 -4.515615
v 5.880131 4.527495 -4.586497
v 5.731665 4.580197 -4.515615
v 5.792378 4.615249 -4.586497
v 6.834267 4.454220 -3.845202
v 6.791633 4.454220 -3.897039
v 6.791633 4.570753 -3.865814
v 6.834267 4.544834 -3.820922
v 6.791633 4.656059 -3.780507
v 6.834267 4.611168 -3.754589
v 6.791632 4.687284 -3.663975
v 6.834267 4.635448 -3.663975
v 6.791632 4.656059 -3.547443
v 6.834267 4.611167 -3.573361
v 6.791632 4.570752 -3.462136
v 6.834267 4.544834 -3.507027
v 6.791632 4.454220 -3.430911
v 6.834267 4.454220 -3.482748
v 6.791633 4.337688 -3.462136
v 6.834267 4.363606 -3.507028
v 6.791632 4.252381 -3.547443
v 6.834267 4.297273 -3.573361
v 6.791632 4.221157 -3.663975
v 6.834267 4.272993 -3.663975
v 6.791632 4.252380 -3.780507
v 6.834267 4.297272 -3.754588
v 6.791632 4.337688 -3.865814
v 6.834267 4.363606 -3.820922
v -5.760258 4.735123 -4.586497
v -5.690153 4.735123 -4.515615
v -5.731665 4.890049 -4.515615
v -5.792378 4.854996 -4.586497
v -5.845079 5.003461 -4.515615
v -5.880131 4.942749 -4.586497
v -6.000004 5.044974 -4.515615
v -6.000004 4.974868 -4.586497
v -6.154930 5.003461 -4.515615
v -6.119877 4.942748 -4.586497
v -6.268343 4.890049 -4.515615
v -6.207630 4.854995 -4.586497
v -6.309855 4.735123 -4.515615
v -6.239750 4.735123 -4.586497
v -6.268343 4.580197 -4.515615
v -6.207630 4.615249 -4.586497
v -6.154930 4.466784 -4.515615
v -6.119877 4.527496 -4.586497
v -6.000004 4.425272 -4.515615
v -6.000004 4.495376 -4.586497
v -5.845078 4.466783 -4.515615
v -5.880131 4.527495 -4.586497
v -5.731665 4.580197 -4.515615
v -5.792378 4.615249 -4.586497
v -6.834267 4.454220 -3.845202
v -6.791633 4.454220 -3.897039
v -6.791633 4.570753 -3.865814
v -6.834267 4.544834 -3.820922
v -6.791633 4.656059 -3.780507
v -6.834267 4.611168 -3.754589
v -6.791632 4.687284 -3.663975
v -6.834267 4.635448 -3.663975
v -6.791632 4.656059 -3.547443
v -6.834267 4.611167 -3.573361
v -6.791632 4.570752 -3.462136
v -6.834267 4.544834 -3.507027
v -6.791632 4.454220 -3.430911
v -6.834267 4.454220 -3.482748
v -6.791633 4.337688 -3.462136
v -6.834267 4.363606 -3.507028
v -6.791632 4.252381 -3.547443
v -6.834267 4.297273 -3.573361
v -6.791632 4.221157 -3.663975
v -6.834267 4.272993 -3.663975
v -6.791632 4.252380 -3.780507
v -6.834267 4.297272 -3.754588
v -6.791632 4.337688 -3.865814
v -6.834267 4.363606 -3.820922
v 0.000000 4.454220 -3.896071
v 0.000000 4.570269 -3.864976
v 0.000000 4.655222 -3.780023
v 0.000000 4.686317 -3.663975
v 0.000000 4.655221 -3.547927
v 0.000000 4.570269 -3.462973
v 0.000000 4.454220 -3.431878
v 0.000000 4.338172 -3.462973
v 0.000000 4.253219 -3.547927
v 0.000000 4.222124 -3.663975
v 0.000000 4.253218 -3.780023
v 0.000000 4.338172 -3.864976
v 5.760258 4.735125 4.586495
v 5.690153 4.735125 4.515614
v 5.731665 4.890050 4.515614
v 5.792378 4.854998 4.586495
v 5.845079 5.003463 4.515614
v 5.880131 4.942751 4.586495
v 6.000004 5.044976 4.515614
v 6.000004 4.974870 4.586495
v 6.154930 5.003463 4.515614
v 6.119877 4.942750 4.586495
v 6.268343 4.890050 4.515614
v 6.207630 4.854997 4.586495
v 6.309855 4.735125 4.515614
v 6.239750 4.735125 4.586495
v 6.268343 4.580199 4.515614
v 6.207630 4.615251 4.586495
v 6.154930 4.466786 4.515613
v 6.119877 4.527498 4.586495
v 6.000004 4.425273 4.515613
v 6.000004 4.495378 4.586495
v 5.845078 4.466785 4.515613
v 5.880131 4.527497 4.586495
v 5.731665 4.580199 4.515613
v 5.792378 4.615251 4.586495
v 5.685602 4.735124 -0.000001
v 5.727724 4.892325 -0.000001
v 5.842803 5.007404 -0.000001
v 6.000004 5.049526 -0.000001
v 6.157206 5.007404 -0.000001
v 6.272285 4.892325 -0.000001
v 6.314407 4.735124 -0.000001
v 6.272285 4.577922 -0.000001
v 6.157206 4.462843 -0.000001
v 6.000004 4.420721 -0.000001
v 5.842803 4.462842 -0.000001
v 5.727724 4.577922 -0.000001
v 6.834267 4.454221 3.845201
v 6.791633 4.454221 3.897037
v 6.791633 4.570754 3.865813
v 6.834267 4.544835 3.820921
v 6.791633 4.656060 3.780505
v 6.834267 4.611169 3.754587
v 6.791632 4.687285 3.663973
v 6.834267 4.635448 3.663974
v 6.791632 4.656060 3.547441
v 6.834267 4.611168 3.573360
v 6.791632 4.570753 3.462134
v 6.834267 4.544835 3.507026
v 6.791632 4.454221 3.430909
v 6.834267 4.454221 3.482746
v 6.791633 4.337689 3.462134
v 6.834267 4.363607 3.507026
v 6.791632 4.252382 3.547441
v 6.834267 4.297274 3.573360
v 6.791632 4.221158 3.663974
v 6.834267 4.272994 3.663974
v 6.791632 4.252381 3.780505
v 6.834267 4.297273 3.754587
v 6.791632 4.337689 3.865813
v 6.834267 4.363607 3.820921
v -5.760258 4.735125 4.586495
v -5.690153 4.735125 4.515614
v -5.731665 4.890050 4.515614
v -5.792378 4.854998 4.586495
v -5.845079 5.003463 4.515614
v -5.880131 4.942751 4.586495
v -6.000004 5.044976 4.515614
v -6.000004 4.974870 4.586495
v -6.154930 5.003463 4.515614
v -6.119877 4.942750 4.586495
v -6.268343 4.890050 4.515614
v -6.207630 4.854997 4.586495
v -6.309855 4.735125 4.515614
v -6.239750 4.735125 4.586495
v -6.268343 4.580199 4.515614
v -6.207630 4.615251 4.586495
v -6.154930 4.466786 4.515613
v -6.119877 4.527498 4.586495
v -6.000004 4.425273 4.515613
v -6.000004 4.495378 4.586495
v -5.845078 4.466785 4.515613
v -5.880131 4.527497 4.586495
v -5.731665 4.580199 4.515613
v -5.792378 4.615251 4.586495
v -5.685602 4.735124 -0.000001
v -5.727724 4.892325 -0.000001
v -5.842803 5.007404 -0.000001
v -6.000004 5.049526 -0.000001
v -6.157206 5.007404 -0.000001
v -6.272285 4.892325 -0.000001
v -6.314407 4.735124 -0.000001
v -6.272285 4.577922 -0.000001
v -6.157206 4.462843 -0.000001
v -6.000004 4.420721 -0.000001
v -5.842803 4.462842 -0.000001
v -5.727724 4.577922 -0.000001
v -6.834267 4.454221 3.845201
v -6.791633 4.454221 3.897037
v -6.791633 4.570754 3.865813
v -6.834267 4.544835 3.820921
v -6.791633 4.656060 3.780505
v -6.834267 4.611169 3.754587
v -6.791632 4.687285 3.663973
v -6.834267 4.635448 3.663974
v -6.791632 4.656060 3.547441
v -6.834267 4.611168 3.573360
v -6.791632 4.570753 3.462134
v -6.834267 4.544835 3.507026
v -6.791632 4.454221 3.430909
v -6.834267 4.454221 3.482746
v -6.791633 4.337689 3.462134
v -6.834267 4.363607 3.507026
v -6.791632 4.252382 3.547441
v -6.834267 4.297274 3.573360
v -6.791632 4.221158 3.663974
v -6.834267 4.272994 3.663974
v -6.791632 4.252381 3.780505
v -6.834267 4.297273 3.754587
v -6.791632 4.337689 3.865813
v -6.834267 4.363607 3.820921
v 0.000000 4.454221 3.896070
v 0.000000 4.570270 3.864975
v 0.000000 4.655223 3.780022
v 0.000000 4.686318 3.663974
v 0.000000 4.655222 3.547925
v 0.000000 4.570270 3.462972
v 0.000000 4.454221 3.431877
v 0.000000 4.338173 3.462972
v 0.000000 4.253220 3.547925
v 0.000000 4.222125 3.663974
v 0.000000 4.253219 3.780022
v 0.000000 4.338173 3.864974
v 5.849863 5.141113 1.849860
v 5.823225 5.104724 1.823222
v 5.758520 5.104724 1.935294
v 5.794908 5.141113 1.945045
v 5.758520 5.104724 2.064704
v 5.794908 5.141113 2.054953
v 5.823225 5.104724 2.176776
v 5.849862 5.141113 2.150137
v 5.935297 5.104724 2.241480
v 5.945047 5.141113 2.205092
v 6.064706 5.104724 2.241480
v 6.054955 5.141113 2.205092
v 6.176778 5.104724 2.176776
v 6.150140 5.141113 2.150137
v 6.241483 5.104724 2.064704
v 6.205095 5.141113 2.054953
v 6.241483 5.104724 1.935294
v 6.205094 5.141113 1.945045
v 6.176778 5.104724 1.823222
v 6.150140 5.141113 1.849860
v 6.064707 5.104724 1.758517
v 6.054956 5.141113 1.794905
v 5.935297 5.104724 1.758517
v 5.945047 5.141113 1.794905
v 5.823225 0.205852 1.823223
v 5.849863 0.169464 1.849861
v 5.794908 0.169464 1.945045
v 5.758520 0.205852 1.935295
v 5.794908 0.169464 2.054954
v 5.758520 0.205852 2.064704
v 5.849862 0.169464 2.150138
v 5.823225 0.205852 2.176776
v 5.945047 0.169464 2.205093
v 5.935297 0.205852 2.241481
v 6.054955 0.169464 2.205093
v 6.064706 0.205852 2.241481
v 6.150140 0.169464 2.150138
v 6.176778 0.205852 2.176776
v 6.205095 0.169464 2.054954
v 6.241483 0.205852 2.064704
v 6.205094 0.169464 1.945045
v 6.241483 0.205852 1.935295
v 6.150140 0.169464 1.849861
v 6.176778 0.205852 1.823223
v 6.054956 0.169464 1.794906
v 6.064707 0.205852 1.758518
v 5.945047 0.169464 1.794906
v 5.935297 0.205852 1.758518
v -6.000005 5.141113 1.787671
v -6.000005 5.104724 1.750000
v -6.125005 5.104724 1.783493
v -6.106170 5.141113 1.816118
v -6.216512 5.104724 1.875000
v -6.183887 5.141113 1.893836
v -6.250005 5.104724 2.000000
v -6.212333 5.141113 2.000000
v -6.216511 5.104724 2.125000
v -6.183887 5.141113 2.106164
v -6.125005 5.104724 2.216506
v -6.106170 5.141113 2.183881
v -6.000005 5.104724 2.250000
v -6.000005 5.141113 2.212327
v -5.875005 5.104724 2.216506
v -5.893840 5.141113 2.183881
v -5.783499 5.104724 2.125000
v -5.816123 5.141113 2.106164
v -5.750005 5.104724 1.999999
v -5.787677 5.141113 1.999999
v -5.783498 5.104724 1.875000
v -5.816123 5.141113 1.893836
v -5.875005 5.104724 1.783493
v -5.893840 5.141113 1.816118
v -6.000005 0.205853 1.750000
v -6.000005 0.169464 1.787672
v -6.106170 0.169464 1.816119
v -6.125005 0.205853 1.783494
v -6.183887 0.169464 1.893836
v -6.216512 0.205853 1.875000
v -6.212333 0.169464 2.000000
v -6.250005 0.205853 2.000000
v -6.183887 0.169464 2.106165
v -6.216511 0.205853 2.125000
v -6.106170 0.169464 2.183882
v -6.125005 0.205853 2.216507
v -6.000005 0.169464 2.212328
v -6.000005 0.205853 2.250000
v -5.893840 0.169464 2.183882
v -5.875005 0.205853 2.216507
v -5.816123 0.169464 2.106165
v -5.783499 0.205853 2.125000
v -5.787677 0.169464 2.000000
v -5.750005 0.205853 2.000000
v -5.816123 0.169464 1.893836
v -5.783498 0.205853 1.875000
v -5.893840 0.169464 1.816119
v -5.875005 0.205853 1.783494
v -0.112604 5.141113 3.887395
v -0.132582 5.104725 3.867417
v -0.181111 5.104725 3.951471
v -0.153820 5.141113 3.958784
v -0.181111 5.104725 4.048528
v -0.153820 5.141113 4.041215
v -0.132583 5.104725 4.132582
v -0.112604 5.141113 4.112603
v -0.048528 5.104725 4.181110
v -0.041215 5.141113 4.153820
v 0.048529 5.104725 4.181110
v 0.041216 5.141113 4.153820
v 0.132582 5.104725 4.132582
v 0.112604 5.141113 4.112604
v 0.181111 5.104725 4.048528
v 0.153821 5.141113 4.041215
v 0.181111 5.104725 3.951471
v 0.153820 5.141113 3.958784
v 0.132582 5.104725 3.867417
v 0.112604 5.141113 3.887395
v 0.048529 5.104725 3.818888
v 0.041216 5.141113 3.846179
v -0.048528 5.104725 3.818888
v -0.041215 5.141113 3.846179
v -0.132582 0.205852 3.867418
v -0.112604 0.169464 3.887396
v -0.153820 0.169464 3.958785
v -0.181111 0.205852 3.951472
v -0.153820 0.169464 4.041216
v -0.181111 0.205852 4.048529
v -0.112604 0.169464 4.112604
v -0.132583 0.205852 4.132583
v -0.041215 0.169464 4.153821
v -0.048528 0.205852 4.181111
v 0.041216 0.169464 4.153821
v 0.048529 0.205852 4.181111
v 0.112604 0.169464 4.112605
v 0.132582 0.205852 4.132583
v 0.153821 0.169464 4.041216
v 0.181111 0.205852 4.048529
v 0.153820 0.169464 3.958785
v 0.181111 0.205852 3.951472
v 0.112604 0.169464 3.887396
v 0.132582 0.205852 3.867418
v 0.041216 0.169464 3.846180
v 0.048529 0.205852 3.818889
v -0.041215 0.169464 3.846180
v -0.048528 0.205852 3.818889
v 0.112606 5.141112 -3.887397
v 0.132585 5.104724 -3.867418
v 0.181113 5.104724 -3.951473
v 0.153822 5.141112 -3.958785
v 0.181113 5.104724 -4.048530
v 0.153822 5.141112 -4.041217
v 0.132585 5.104724 -4.132584
v 0.112606 5.141112 -4.112605
v 0.048530 5.104724 -4.181112
v 0.041218 5.141112 -4.153821
v -0.048527 5.104724 -4.181112
v -0.041214 5.141112 -4.153822
v -0.132581 5.104724 -4.132584
v -0.112602 5.141112 -4.112606
v -0.181109 5.104724 -4.048530
v -0.153819 5.141112 -4.041217
v -0.181109 5.104724 -3.951473
v -0.153818 5.141112 -3.958786
v -0.132581 5.104724 -3.867419
v -0.112602 5.141112 -3.887397
v -0.048527 5.104724 -3.818889
v -0.041214 5.141112 -3.846181
v 0.048530 5.104724 -3.818890
v 0.041217 5.141112 -3.846181
v 0.132585 0.205851 -3.867418
v 0.112606 0.169463 -3.887396
v 0.153822 0.169463 -3.958784
v 0.181113 0.205851 -3.951472
v 0.153822 0.169463 -4.041216
v 0.181113 0.205851 -4.048529
v 0.112606 0.169463 -4.112604
v 0.132585 0.205851 -4.132583
v 0.041218 0.169463 -4.153820
v 0.048530 0.205851 -4.181111
v -0.041214 0.169463 -4.153821
v -0.048527 0.205851 -4.181111
v -0.112602 0.169463 -4.112605
v -0.132581 0.205851 -4.132583
v -0.153819 0.169463 -4.041216
v -0.181109 0.205851 -4.048529
v -0.153818 0.169463 -3.958785
v -0.181109 0.205851 -3.951472
v -0.112602 0.169463 -3.887396
v -0.132581 0.205851 -3.867418
v -0.041214 0.169463 -3.846180
v -0.048527 0.205851 -3.818889
v 0.041217 0.169463 -3.846180
v 0.048530 0.205851 -3.818889
v 6.121305 3.311246 -4.504285
v 6.153387 3.279164 -4.474886
v 6.056146 3.223022 -4.474886
v 6.044403 3.266846 -4.504285
v 5.943861 3.223022 -4.474886
v 5.955604 3.266846 -4.504285
v 5.846620 3.279164 -4.474886
v 5.878702 3.311245 -4.504285
v 5.790478 3.376405 -4.474886
v 5.834302 3.388148 -4.504285
v 5.790478 3.488689 -4.474886
v 5.834302 3.476947 -4.504285
v 5.846620 3.585930 -4.474886
v 5.878702 3.553849 -4.504285
v 5.943861 3.642072 -4.474886
v 5.955604 3.598248 -4.504285
v 6.056145 3.642072 -4.474886
v 6.044402 3.598248 -4.504285
v 6.153387 3.585930 -4.474886
v 6.121305 3.553849 -4.504285
v 6.209528 3.488690 -4.474886
v 6.165705 3.476947 -4.504285
v 6.209528 3.376405 -4.474886
v 6.165704 3.388148 -4.504285
v 6.153387 3.279166 4.427900
v 6.121305 3.311247 4.457299
v 6.044403 3.266848 4.457299
v 6.056146 3.223023 4.427899
v 5.955604 3.266848 4.457299
v 5.943861 3.223023 4.427900
v 5.878702 3.311247 4.457299
v 5.846621 3.279166 4.427900
v 5.834302 3.388150 4.457299
v 5.790478 3.376407 4.427900
v 5.834303 3.476948 4.457299
v 5.790478 3.488691 4.427899
v 5.878702 3.553850 4.457299
v 5.846620 3.585932 4.427900
v 5.955605 3.598249 4.457299
v 5.943861 3.642074 4.427900
v 6.044402 3.598249 4.457299
v 6.056145 3.642074 4.427899
v 6.121305 3.553850 4.457299
v 6.153387 3.585932 4.427899
v 6.165705 3.476948 4.457299
v 6.209529 3.488691 4.427899
v 6.165705 3.388149 4.457299
v 6.209529 3.376406 4.427899
v -5.878695 3.311246 -4.333360
v -5.846613 3.279164 -4.282285
v -5.943854 3.223022 -4.282285
v -5.955597 3.266846 -4.333360
v -6.056139 3.223022 -4.282285
v -6.044396 3.266846 -4.333360
v -6.153380 3.279164 -4.282285
v -6.121298 3.311245 -4.333360
v -6.209522 3.376405 -4.282285
v -6.165698 3.388148 -4.333360
v -6.209522 3.488689 -4.282285
v -6.165698 3.476947 -4.333360
v -6.153380 3.585930 -4.282285
v -6.121298 3.553849 -4.333360
v -6.056139 3.642072 -4.282285
v -6.044396 3.598248 -4.333360
v -5.943855 3.642072 -4.282285
v -5.955598 3.598248 -4.333360
v -5.846613 3.585930 -4.282285
v -5.878695 3.553849 -4.333360
v -5.790472 3.488690 -4.282285
v -5.834295 3.476947 -4.333360
v -5.790472 3.376405 -4.282285
v -5.834296 3.388148 -4.333360
v -5.846613 3.279166 4.235300
v -5.878695 3.311247 4.286374
v -5.955597 3.266848 4.286374
v -5.943854 3.223023 4.235299
v -6.044396 3.266848 4.286374
v -6.056139 3.223023 4.235300
v -6.121298 3.311247 4.286374
v -6.153379 3.279166 4.235300
v -6.165698 3.388150 4.286374
v -6.209522 3.376407 4.235300
v -6.165697 3.476948 4.286374
v -6.209522 3.488691 4.235299
v -6.121298 3.553850 4.286374
v -6.153380 3.585932 4.235300
v -6.044395 3.598249 4.286374
v -6.056139 3.642074 4.235300
v -5.955598 3.598249 4.286374
v -5.943855 3.642074 4.235299
v -5.878695 3.553850 4.286374
v -5.846613 3.585932 4.235299
v -5.834295 3.476948 4.286374
v -5.790471 3.488691 4.235299
v -5.834295 3.388149 4.286374
v -5.790471 3.376406 4.235299
v 9.292184 3.849835 -2.511695
v 9.258668 3.849835 -2.472878
v 9.278514 3.923902 -2.472878
v 9.307538 3.907144 -2.511695
v 9.332734 3.978122 -2.472878
v 9.349492 3.949097 -2.511695
v 9.406800 3.997968 -2.472878
v 9.406800 3.964452 -2.511695
v 9.480866 3.978122 -2.472878
v 9.464107 3.949096 -2.511695
v 9.535085 3.923902 -2.472878
v 9.506061 3.907144 -2.511695
v 9.554933 3.849835 -2.472878
v 9.521415 3.849835 -2.511695
v 9.535085 3.775770 -2.472878
v 9.506061 3.792527 -2.511695
v 9.480866 3.721550 -2.472878
v 9.464107 3.750575 -2.511695
v 9.406800 3.701704 -2.472878
v 9.406800 3.735219 -2.511695
v 9.332734 3.721550 -2.472878
v 9.349492 3.750575 -2.511695
v 9.278514 3.775770 -2.472878
v 9.307538 3.792527 -2.511695
v 10.241061 3.443112 -1.845202
v 10.198428 3.443112 -1.897039
v 10.198428 3.559644 -1.865814
v 10.241061 3.533726 -1.820922
v 10.198428 3.644951 -1.780506
v 10.241061 3.600059 -1.754589
v 10.198426 3.676175 -1.663975
v 10.241061 3.624339 -1.663975
v 10.198426 3.644951 -1.547443
v 10.241061 3.600058 -1.573361
v 10.198426 3.559644 -1.462136
v 10.241061 3.533725 -1.507027
v 10.198426 3.443112 -1.430911
v 10.241061 3.443112 -1.482748
v 10.198428 3.326579 -1.462136
v 10.241061 3.352497 -1.507028
v 10.198426 3.241273 -1.547442
v 10.241061 3.286165 -1.573361
v 10.198426 3.210048 -1.663975
v 10.241061 3.261884 -1.663975
v 10.198426 3.241272 -1.780507
v 10.241061 3.286164 -1.754588
v 10.198426 3.326580 -1.865814
v 10.241061 3.352497 -1.820922
v 5.924975 4.693335 -1.896071
v 5.924975 4.809384 -1.864977
v 5.924975 4.894337 -1.780023
v 5.924975 4.925432 -1.663975
v 5.924975 4.894336 -1.547927
v 5.924975 4.809384 -1.462973
v 5.924975 4.693336 -1.431878
v 5.924975 4.577288 -1.462973
v 5.924975 4.492334 -1.547927
v 5.924975 4.461238 -1.663975
v 5.924975 4.492333 -1.780023
v 5.924975 4.577287 -1.864976
v 9.292184 3.849836 2.160260
v 9.258668 3.849836 2.121443
v 9.278514 3.923902 2.121443
v 9.307538 3.907144 2.160260
v 9.332734 3.978122 2.121443
v 9.349492 3.949097 2.160260
v 9.406800 3.997968 2.121443
v 9.406800 3.964453 2.160260
v 9.480866 3.978122 2.121443
v 9.464107 3.949096 2.160260
v 9.535085 3.923902 2.121443
v 9.506061 3.907144 2.160260
v 9.554933 3.849836 2.121443
v 9.521415 3.849836 2.160260
v 9.535085 3.775771 2.121443
v 9.506061 3.792528 2.160260
v 9.480866 3.721551 2.121443
v 9.464107 3.750576 2.160260
v 9.406800 3.701705 2.121443
v 9.406800 3.735220 2.160260
v 9.332734 3.721550 2.121443
v 9.349492 3.750576 2.160260
v 9.278514 3.775771 2.121443
v 9.307538 3.792528 2.160260
v 9.256492 3.849836 -0.000001
v 9.276629 3.924990 -0.000001
v 9.331647 3.980007 -0.000001
v 9.406800 4.000144 -0.000001
v 9.481954 3.980007 -0.000001
v 9.536969 3.924990 -0.000001
v 9.557107 3.849836 -0.000001
v 9.536969 3.774683 -0.000001
v 9.481954 3.719666 -0.000001
v 9.406800 3.699529 -0.000001
v 9.331647 3.719666 -0.000001
v 9.276629 3.774683 -0.000001
v 10.241061 3.443112 1.845201
v 10.198428 3.443112 1.897037
v 10.198428 3.559644 1.865813
v 10.241061 3.533726 1.820921
v 10.198428 3.644951 1.780505
v 10.241061 3.600060 1.754588
v 10.198426 3.676176 1.663973
v 10.241061 3.624339 1.663974
v 10.198426 3.644951 1.547442
v 10.241061 3.600059 1.573360
v 10.198426 3.559644 1.462134
v 10.241061 3.533726 1.507026
v 10.198426 3.443112 1.430910
v 10.241061 3.443112 1.482746
v 10.198428 3.326580 1.462134
v 10.241061 3.352498 1.507026
v 10.198426 3.241273 1.547441
v 10.241061 3.286165 1.573360
v 10.198426 3.210048 1.663974
v 10.241061 3.261884 1.663974
v 10.198426 3.241272 1.780506
v 10.241061 3.286164 1.754587
v 10.198426 3.326580 1.865813
v 10.241061 3.352498 1.820921
v 5.924975 4.693336 1.896070
v 5.924975 4.809385 1.864975
v 5.924975 4.894338 1.780022
v 5.924975 4.925433 1.663973
v 5.924975 4.894337 1.547925
v 5.924975 4.809384 1.462972
v 5.924975 4.693336 1.431877
v 5.924975 4.577288 1.462972
v 5.924975 4.492335 1.547925
v 5.924975 4.461239 1.663974
v 5.924975 4.492334 1.780022
v 5.924975 4.577288 1.864974
v 9.992502 3.732817 -1.863904
v 9.992502 3.696429 -1.839758
v 10.072624 3.696429 -1.861226
v 10.060551 3.732817 -1.882138
v 10.131277 3.696429 -1.919879
v 10.110365 3.732817 -1.931952
v 10.152745 3.696429 -2.000000
v 10.128599 3.732817 -2.000000
v 10.131277 3.696429 -2.080122
v 10.110365 3.732817 -2.068049
v 10.072624 3.696429 -2.138774
v 10.060551 3.732817 -2.117863
v 9.992502 3.696429 -2.160243
v 9.992502 3.732817 -2.136096
v 9.912381 3.696429 -2.138775
v 9.924455 3.732817 -2.117863
v 9.853729 3.696429 -2.080122
v 9.874640 3.732817 -2.068049
v 9.832260 3.696429 -2.000000
v 9.856407 3.732817 -2.000000
v 9.853728 3.696429 -1.919879
v 9.874640 3.732817 -1.931952
v 9.912381 3.696429 -1.861226
v 9.924455 3.732817 -1.882138
v 9.992502 0.205851 -1.839757
v 10.072624 0.205851 -1.861226
v 10.131277 0.205851 -1.919878
v 10.152745 0.205851 -2.000000
v 10.131277 0.205851 -2.080121
v 10.072624 0.205851 -2.138774
v 9.992502 0.205851 -2.160242
v 9.912381 0.205851 -2.138774
v 9.853729 0.205851 -2.080121
v 9.832260 0.205851 -2.000000
v 9.853728 0.205851 -1.919879
v 9.912381 0.205851 -1.861226
v 9.896270 3.732817 1.860622
v 9.879195 3.696429 1.843548
v 9.837722 3.696429 1.915383
v 9.861046 3.732817 1.921633
v 9.837722 3.696429 1.998331
v 9.861046 3.732817 1.992081
v 9.879195 3.696429 2.070165
v 9.896270 3.732817 2.053091
v 9.951030 3.696429 2.111639
v 9.957280 3.732817 2.088315
v 10.033978 3.696429 2.111639
v 10.027728 3.732817 2.088315
v 10.105813 3.696429 2.070165
v 10.088738 3.732817 2.053091
v 10.147286 3.696429 1.998331
v 10.123962 3.732817 1.992081
v 10.147286 3.696429 1.915383
v 10.123962 3.732817 1.921633
v 10.105813 3.696429 1.843549
v 10.088738 3.732817 1.860622
v 10.033978 3.696429 1.802074
v 10.027728 3.732817 1.825398
v 9.951030 3.696429 1.802075
v 9.957280 3.732817 1.825398
v 9.879195 0.205852 1.843549
v 9.837722 0.205852 1.915384
v 9.837722 0.205852 1.998331
v 9.879195 0.205852 2.070166
v 9.951030 0.205852 2.111640
v 10.033978 0.205852 2.111640
v 10.105813 0.205852 2.070166
v 10.147286 0.205852 1.998331
v 10.147286 0.205852 1.915384
v 10.105813 0.205852 1.843549
v 10.033978 0.205852 1.802075
v 9.951030 0.205852 1.802075
v 5.049982 4.990242 -3.836428
v 5.008172 4.918277 -3.878238
v 4.953422 4.918277 -3.783406
v 5.010535 4.990242 -3.768102
v 4.953421 4.918277 -3.673905
v 5.010535 4.990242 -3.689208
v 5.008172 4.918277 -3.579073
v 5.049982 4.990242 -3.620883
v 5.103004 4.918277 -3.524322
v 5.118308 4.990242 -3.581435
v 5.212505 4.918277 -3.524322
v 5.197202 4.990242 -3.581436
v 5.307337 4.918277 -3.579073
v 5.265527 4.990242 -3.620883
v 5.362088 4.918277 -3.673905
v 5.304975 4.990242 -3.689209
v 5.362088 4.918277 -3.783406
v 5.304975 4.990242 -3.768102
v 5.307337 4.918277 -3.878237
v 5.265527 4.990242 -3.836428
v 5.212506 4.918277 -3.932989
v 5.197203 4.990242 -3.875875
v 5.103004 4.918277 -3.932989
v 5.118308 4.990242 -3.875875
v 5.008172 2.760835 -3.878238
v 5.049982 2.688870 -3.836428
v 5.010534 2.688870 -3.768102
v 4.953422 2.760835 -3.783406
v 5.010535 2.688870 -3.689208
v 4.953421 2.760835 -3.673904
v 5.049982 2.688870 -3.620883
v 5.008172 2.760835 -3.579073
v 5.118308 2.688870 -3.581435
v 5.103004 2.760835 -3.524322
v 5.197202 2.688870 -3.581435
v 5.212505 2.760835 -3.524322
v 5.265527 2.688870 -3.620883
v 5.307337 2.760835 -3.579072
v 5.304975 2.688870 -3.689208
v 5.362088 2.760835 -3.673905
v 5.304975 2.688870 -3.768102
v 5.362088 2.760835 -3.783406
v 5.265527 2.688870 -3.836428
v 5.307337 2.760835 -3.878237
v 5.197203 2.688870 -3.875876
v 5.212506 2.760835 -3.932989
v 5.118308 2.688870 -3.875875
v 5.103004 2.760835 -3.932988
v 3.830133 5.451148 -3.728657
v 3.889261 5.379183 -3.728657
v 3.860919 5.379183 -3.834427
v 3.809713 5.451148 -3.804863
v 3.783491 5.379183 -3.911857
v 3.753926 5.451148 -3.860650
v 3.677720 5.379183 -3.940198
v 3.677720 5.451148 -3.881070
v 3.571949 5.379183 -3.911857
v 3.601512 5.451148 -3.860650
v 3.494520 5.379183 -3.834427
v 3.545726 5.451148 -3.804863
v 3.466178 5.379183 -3.728657
v 3.525307 5.451148 -3.728657
v 3.494520 5.379183 -3.622886
v 3.545726 5.451148 -3.652450
v 3.571949 5.379183 -3.545456
v 3.601512 5.451148 -3.596663
v 3.677719 5.379183 -3.517115
v 3.677720 5.451148 -3.576243
v 3.783490 5.379183 -3.545456
v 3.753926 5.451148 -3.596662
v 3.860919 5.379183 -3.622886
v 3.809713 5.451148 -3.652450
v 3.889261 0.242304 -3.728656
v 3.830133 0.170339 -3.728656
v 3.809713 0.170339 -3.804863
v 3.860919 0.242304 -3.834426
v 3.753926 0.170339 -3.860649
v 3.783491 0.242304 -3.911856
v 3.677720 0.170339 -3.881069
v 3.677720 0.242304 -3.940197
v 3.601512 0.170339 -3.860649
v 3.571949 0.242304 -3.911856
v 3.545726 0.170339 -3.804863
v 3.494520 0.242304 -3.834426
v 3.525307 0.170339 -3.728656
v 3.466178 0.242304 -3.728656
v 3.545726 0.170339 -3.652448
v 3.494520 0.242304 -3.622885
v 3.601512 0.170339 -3.596662
v 3.571949 0.242304 -3.545455
v 3.677720 0.170339 -3.576242
v 3.677719 0.242304 -3.517114
v 3.753926 0.170339 -3.596661
v 3.783491 0.242304 -3.545455
v 3.809713 0.170339 -3.652448
v 3.860919 0.242304 -3.622885
v 2.064284 6.033575 -3.728656
v 2.005156 5.961609 -3.728656
v 2.033497 5.961609 -3.622885
v 2.084704 6.033575 -3.652449
v 2.110926 5.961609 -3.545456
v 2.140491 6.033575 -3.596663
v 2.216697 5.961609 -3.517114
v 2.216697 6.033575 -3.576243
v 2.322468 5.961609 -3.545456
v 2.292904 6.033575 -3.596663
v 2.399897 5.961609 -3.622885
v 2.348691 6.033575 -3.652449
v 2.428239 5.961609 -3.728656
v 2.369110 6.033575 -3.728656
v 2.399897 5.961609 -3.834427
v 2.348691 6.033575 -3.804863
v 2.322468 5.961609 -3.911856
v 2.292904 6.033575 -3.860650
v 2.216698 5.961609 -3.940197
v 2.216697 6.033575 -3.881069
v 2.110927 5.961609 -3.911857
v 2.140491 6.033575 -3.860650
v 2.033497 5.961609 -3.834427
v 2.084704 6.033575 -3.804863
v 2.005156 2.711723 -3.728655
v 2.064283 2.639758 -3.728655
v 2.084703 2.639758 -3.652448
v 2.033497 2.711724 -3.622885
v 2.140491 2.639758 -3.596662
v 2.110926 2.711724 -3.545455
v 2.216697 2.639758 -3.576242
v 2.216697 2.711724 -3.517114
v 2.292904 2.639758 -3.596662
v 2.322468 2.711724 -3.545455
v 2.348691 2.639758 -3.652448
v 2.399897 2.711724 -3.622885
v 2.369110 2.639758 -3.728655
v 2.428239 2.711723 -3.728655
v 2.348691 2.639758 -3.804863
v 2.399897 2.711723 -3.834427
v 2.292904 2.639758 -3.860649
v 2.322468 2.711724 -3.911856
v 2.216697 2.639758 -3.881069
v 2.216698 2.711724 -3.940197
v 2.140491 2.639758 -3.860650
v 2.110926 2.711724 -3.911856
v 2.084703 2.639758 -3.804863
v 2.033497 2.711723 -3.834426
v 0.894262 5.878246 -3.728657
v 0.953390 5.806281 -3.728657
v 0.925048 5.806281 -3.834427
v 0.873842 5.878246 -3.804863
v 0.847619 5.806281 -3.911857
v 0.818054 5.878246 -3.860650
v 0.741848 5.806281 -3.940198
v 0.741848 5.878246 -3.881070
v 0.636077 5.806281 -3.911857
v 0.665641 5.878246 -3.860650
v 0.558648 5.806281 -3.834427
v 0.609855 5.878246 -3.804863
v 0.530306 5.806281 -3.728657
v 0.589435 5.878246 -3.728657
v 0.558648 5.806281 -3.622886
v 0.609855 5.878246 -3.652450
v 0.636077 5.806281 -3.545456
v 0.665641 5.878246 -3.596663
v 0.741848 5.806281 -3.517115
v 0.741848 5.878246 -3.576243
v 0.847619 5.806281 -3.545456
v 0.818054 5.878246 -3.596662
v 0.925048 5.806281 -3.622886
v 0.873842 5.878246 -3.652450
v 0.953390 2.711723 -3.728656
v 0.894262 2.639758 -3.728656
v 0.873842 2.639758 -3.804863
v 0.925048 2.711723 -3.834427
v 0.818055 2.639758 -3.860650
v 0.847619 2.711723 -3.911856
v 0.741848 2.639758 -3.881070
v 0.741848 2.711723 -3.940198
v 0.665641 2.639758 -3.860650
v 0.636077 2.711723 -3.911856
v 0.609854 2.639758 -3.804863
v 0.558648 2.711723 -3.834427
v 0.589435 2.639758 -3.728656
v 0.530306 2.711723 -3.728656
v 0.609854 2.639758 -3.652449
v 0.558648 2.711724 -3.622885
v 0.665641 2.639759 -3.596662
v 0.636077 2.711724 -3.545456
v 0.741848 2.639758 -3.576243
v 0.741848 2.711724 -3.517115
v 0.818055 2.639758 -3.596662
v 0.847619 2.711724 -3.545455
v 0.873842 2.639758 -3.652449
v 0.925048 2.711724 -3.622885
v -5.049982 4.990242 -3.836428
v -5.008172 4.918277 -3.878238
v -4.953422 4.918277 -3.783406
v -5.010535 4.990242 -3.768102
v -4.953421 4.918277 -3.673905
v -5.010535 4.990242 -3.689208
v -5.008172 4.918277 -3.579073
v -5.049982 4.990242 -3.620883
v -5.103004 4.918277 -3.524322
v -5.118308 4.990242 -3.581435
v -5.212505 4.918277 -3.524322
v -5.197202 4.990242 -3.581436
v -5.307337 4.918277 -3.579073
v -5.265527 4.990242 -3.620883
v -5.362088 4.918277 -3.673905
v -5.304975 4.990242 -3.689209
v -5.362088 4.918277 -3.783406
v -5.304975 4.990242 -3.768102
v -5.307337 4.918277 -3.878237
v -5.265527 4.990242 -3.836428
v -5.212506 4.918277 -3.932989
v -5.197203 4.990242 -3.875875
v -5.103004 4.918277 -3.932989
v -5.118308 4.990242 -3.875875
v -5.008172 2.760835 -3.878238
v -5.049982 2.688870 -3.836428
v -5.010534 2.688870 -3.768102
v -4.953422 2.760835 -3.783406
v -5.010535 2.688870 -3.689208
v -4.953421 2.760835 -3.673904
v -5.049982 2.688870 -3.620883
v -5.008172 2.760835 -3.579073
v -5.118308 2.688870 -3.581435
v -5.103004 2.760835 -3.524322
v -5.197202 2.688870 -3.581435
v -5.212505 2.760835 -3.524322
v -5.265527 2.688870 -3.620883
v -5.307337 2.760835 -3.579072
v -5.304975 2.688870 -3.689208
v -5.362088 2.760835 -3.673905
v -5.304975 2.688870 -3.768102
v -5.362088 2.760835 -3.783406
v -5.265527 2.688870 -3.836428
v -5.307337 2.760835 -3.878237
v -5.197203 2.688870 -3.875876
v -5.212506 2.760835 -3.932989
v -5.118308 2.688870 -3.875875
v -5.103004 2.760835 -3.932988
v -3.830133 5.451148 -3.728657
v -3.889261 5.379183 -3.728657
v -3.860919 5.379183 -3.834427
v -3.809713 5.451148 -3.804863
v -3.783491 5.379183 -3.911857
v -3.753926 5.451148 -3.860650
v -3.677720 5.379183 -3.940198
v -3.677720 5.451148 -3.881070
v -3.571949 5.379183 -3.911857
v -3.601512 5.451148 -3.860650
v -3.494520 5.379183 -3.834427
v -3.545726 5.451148 -3.804863
v -3.466178 5.379183 -3.728657
v -3.525307 5.451148 -3.728657
v -3.494520 5.379183 -3.622886
v -3.545726 5.451148 -3.652450
v -3.571949 5.379183 -3.545456
v -3.601512 5.451148 -3.596663
v -3.677719 5.379183 -3.517115
v -3.677720 5.451148 -3.576243
v -3.783490 5.379183 -3.545456
v -3.753926 5.451148 -3.596662
v -3.860919 5.379183 -3.622886
v -3.809713 5.451148 -3.652450
v -3.889261 0.242304 -3.728656
v -3.830133 0.170339 -3.728656
v -3.809713 0.170339 -3.804863
v -3.860919 0.242304 -3.834426
v -3.753926 0.170339 -3.860649
v -3.783491 0.242304 -3.911856
v -3.677720 0.170339 -3.881069
v -3.677720 0.242304 -3.940197
v -3.601512 0.170339 -3.860649
v -3.571949 0.242304 -3.911856
v -3.545726 0.170339 -3.804863
v -3.494520 0.242304 -3.834426
v -3.525307 0.170339 -3.728656
v -3.466178 0.242304 -3.728656
v -3.545726 0.170339 -3.652448
v -3.494520 0.242304 -3.622885
v -3.601512 0.170339 -3.596662
v -3.571949 0.242304 -3.545455
v -3.677720 0.170339 -3.576242
v -3.677719 0.242304 -3.517114
v -3.753926 0.170339 -3.596661
v -3.783491 0.242304 -3.545455
v -3.809713 0.170339 -3.652448
v -3.860919 0.242304 -3.622885
v -2.064284 6.033575 -3.728656
v -2.005156 5.961609 -3.728656
v -2.033497 5.961609 -3.622885
v -2.084704 6.033575 -3.652449
v -2.110926 5.961609 -3.545456
v -2.140491 6.033575 -3.596663
v -2.216697 5.961609 -3.517114
v -2.216697 6.033575 -3.576243
v -2.322468 5.961609 -3.545456
v -2.292904 6.033575 -3.596663
v -2.399897 5.961609 -3.622885
v -2.348691 6.033575 -3.652449
v -2.428239 5.961609 -3.728656
v -2.369110 6.033575 -3.728656
v -2.399897 5.961609 -3.834427
v -2.348691 6.033575 -3.804863
v -2.322468 5.961609 -3.911856
v -2.292904 6.033575 -3.860650
v -2.216698 5.961609 -3.940197
v -2.216697 6.033575 -3.881069
v -2.110927 5.961609 -3.911857
v -2.140491 6.033575 -3.860650
v -2.033497 5.961609 -3.834427
v -2.084704 6.033575 -3.804863
v -2.005156 2.711723 -3.728655
v -2.064283 2.639758 -3.728655
v -2.084703 2.639758 -3.652448
v -2.033497 2.711724 -3.622885
v -2.140491 2.639758 -3.596662
v -2.110926 2.711724 -3.545455
v -2.216697 2.639758 -3.576242
v -2.216697 2.711724 -3.517114
v -2.292904 2.639758 -3.596662
v -2.322468 2.711724 -3.545455
v -2.348691 2.639758 -3.652448
v -2.399897 2.711724 -3.622885
v -2.369110 2.639758 -3.728655
v -2.428239 2.711723 -3.728655
v -2.348691 2.639758 -3.804863
v -2.399897 2.711723 -3.834427
v -2.292904 2.639758 -3.860649
v -2.322468 2.711724 -3.911856
v -2.216697 2.639758 -3.881069
v -2.216698 2.711724 -3.940197
v -2.140491 2.639758 -3.860650
v -2.110926 2.711724 -3.911856
v -2.084703 2.639758 -3.804863
v -2.033497 2.711723 -3.834426
v -0.894262 5.878246 -3.728657
v -0.953390 5.806281 -3.728657
v -0.925048 5.806281 -3.834427
v -0.873842 5.878246 -3.804863
v -0.847619 5.806281 -3.911857
v -0.818054 5.878246 -3.860650
v -0.741848 5.806281 -3.940198
v -0.741848 5.878246 -3.881070
v -0.636077 5.806281 -3.911857
v -0.665641 5.878246 -3.860650
v -0.558648 5.806281 -3.834427
v -0.609855 5.878246 -3.804863
v -0.530306 5.806281 -3.728657
v -0.589435 5.878246 -3.728657
v -0.558648 5.806281 -3.622886
v -0.609855 5.878246 -3.652450
v -0.636077 5.806281 -3.545456
v -0.665641 5.878246 -3.596663
v -0.741848 5.806281 -3.517115
v -0.741848 5.878246 -3.576243
v -0.847619 5.806281 -3.545456
v -0.818054 5.878246 -3.596662
v -0.925048 5.806281 -3.622886
v -0.873842 5.878246 -3.652450
v -0.953390 2.711723 -3.728656
v -0.894262 2.639758 -3.728656
v -0.873842 2.639758 -3.804863
v -0.925048 2.711723 -3.834427
v -0.818055 2.639758 -3.860650
v -0.847619 2.711723 -3.911856
v -0.741848 2.639758 -3.881070
v -0.741848 2.711723 -3.940198
v -0.665641 2.639758 -3.860650
v -0.636077 2.711723 -3.911856
v -0.609854 2.639758 -3.804863
v -0.558648 2.711723 -3.834427
v -0.589435 2.639758 -3.728656
v -0.530306 2.711723 -3.728656
v -0.609854 2.639758 -3.652449
v -0.558648 2.711724 -3.622885
v -0.665641 2.639759 -3.596662
v -0.636077 2.711724 -3.545456
v -0.741848 2.639758 -3.576243
v -0.741848 2.711724 -3.517115
v -0.818055 2.639758 -3.596662
v -0.847619 2.711724 -3.545455
v -0.873842 2.639758 -3.652449
v -0.925048 2.711724 -3.622885
v 5.049982 4.990243 3.836426
v 5.008172 4.918278 3.878237
v 4.953422 4.918278 3.783405
v 5.010535 4.990243 3.768101
v 4.953421 4.918278 3.673903
v 5.010535 4.990243 3.689207
v 5.008172 4.918278 3.579072
v 5.049982 4.990243 3.620882
v 5.103004 4.918278 3.524321
v 5.118308 4.990243 3.581434
v 5.212505 4.918278 3.524321
v 5.197202 4.990243 3.581434
v 5.307337 4.918278 3.579071
v 5.265527 4.990243 3.620882
v 5.362088 4.918278 3.673903
v 5.304975 4.990243 3.689207
v 5.362088 4.918278 3.783405
v 5.304975 4.990243 3.768101
v 5.307337 4.918278 3.878236
v 5.265527 4.990243 3.836427
v 5.212506 4.918278 3.932988
v 5.197203 4.990243 3.875874
v 5.103004 4.918278 3.932987
v 5.118308 4.990243 3.875874
v 5.008172 2.760836 3.878237
v 5.049982 2.688871 3.836427
v 5.010534 2.688871 3.768101
v 4.953422 2.760836 3.783405
v 5.010535 2.688871 3.689207
v 4.953421 2.760836 3.673903
v 5.049982 2.688871 3.620882
v 5.008172 2.760836 3.579072
v 5.118308 2.688871 3.581434
v 5.103004 2.760836 3.524321
v 5.197202 2.688871 3.581434
v 5.212505 2.760836 3.524321
v 5.265527 2.688871 3.620882
v 5.307337 2.760836 3.579072
v 5.304975 2.688871 3.689207
v 5.362088 2.760836 3.673904
v 5.304975 2.688871 3.768101
v 5.362088 2.760836 3.783405
v 5.265527 2.688871 3.836427
v 5.307337 2.760836 3.878236
v 5.197203 2.688871 3.875875
v 5.212506 2.760836 3.932988
v 5.118308 2.688871 3.875875
v 5.103004 2.760836 3.932987
v 3.830133 5.451149 3.728655
v 3.889261 5.379184 3.728655
v 3.860919 5.379184 3.834425
v 3.809713 5.451149 3.804862
v 3.783491 5.379184 3.911855
v 3.753926 5.451149 3.860648
v 3.677720 5.379184 3.940196
v 3.677720 5.451149 3.881068
v 3.571949 5.379184 3.911855
v 3.601512 5.451149 3.860648
v 3.494520 5.379184 3.834425
v 3.545726 5.451149 3.804862
v 3.466178 5.379184 3.728655
v 3.525307 5.451149 3.728655
v 3.494520 5.379184 3.622884
v 3.545726 5.451149 3.652448
v 3.571949 5.379184 3.545455
v 3.601512 5.451149 3.596661
v 3.677719 5.379184 3.517113
v 3.677720 5.451149 3.576241
v 3.783490 5.379184 3.545454
v 3.753926 5.451149 3.596660
v 3.860919 5.379184 3.622884
v 3.809713 5.451149 3.652448
v 3.889261 0.242305 3.728656
v 3.830133 0.170340 3.728656
v 3.809713 0.170340 3.804863
v 3.860919 0.242305 3.834426
v 3.753926 0.170340 3.860649
v 3.783491 0.242305 3.911856
v 3.677720 0.170340 3.881069
v 3.677720 0.242305 3.940197
v 3.601512 0.170340 3.860649
v 3.571949 0.242305 3.911856
v 3.545726 0.170340 3.804863
v 3.494520 0.242305 3.834426
v 3.525307 0.170340 3.728656
v 3.466178 0.242305 3.728656
v 3.545726 0.170340 3.652448
v 3.494520 0.242305 3.622885
v 3.601512 0.170340 3.596662
v 3.571949 0.242305 3.545455
v 3.677720 0.170340 3.576242
v 3.677719 0.242305 3.517114
v 3.753926 0.170340 3.596661
v 3.783491 0.242305 3.545455
v 3.809713 0.170340 3.652448
v 3.860919 0.242305 3.622885
v 2.064284 6.033576 3.728654
v 2.005156 5.961610 3.728654
v 2.033497 5.961610 3.622883
v 2.084704 6.033576 3.652447
v 2.110926 5.961610 3.545454
v 2.140491 6.033576 3.596661
v 2.216697 5.961610 3.517112
v 2.216697 6.033576 3.576241
v 2.322468 5.961610 3.545454
v 2.292904 6.033576 3.596661
v 2.399897 5.961610 3.622883
v 2.348691 6.033576 3.652447
v 2.428239 5.961610 3.728654
v 2.369110 6.033576 3.728654
v 2.399897 5.961610 3.834425
v 2.348691 6.033576 3.804861
v 2.322468 5.961610 3.911854
v 2.292904 6.033576 3.860648
v 2.216698 5.961610 3.940195
v 2.216697 6.033576 3.881068
v 2.110927 5.961610 3.911855
v 2.140491 6.033576 3.860648
v 2.033497 5.961610 3.834425
v 2.084704 6.033576 3.804861
v 2.005156 2.711725 3.728654
v 2.064283 2.639759 3.728654
v 2.084703 2.639759 3.652447
v 2.033497 2.711725 3.622884
v 2.140491 2.639759 3.596661
v 2.110926 2.711725 3.545454
v 2.216697 2.639759 3.576241
v 2.216697 2.711725 3.517113
v 2.292904 2.639759 3.596661
v 2.322468 2.711725 3.545455
v 2.348691 2.639759 3.652447
v 2.399897 2.711725 3.622884
v 2.369110 2.639759 3.728654
v 2.428239 2.711725 3.728654
v 2.348691 2.639759 3.804862
v 2.399897 2.711725 3.834426
v 2.292904 2.639760 3.860648
v 2.322468 2.711725 3.911855
v 2.216697 2.639759 3.881068
v 2.216698 2.711725 3.940196
v 2.140491 2.639759 3.860649
v 2.110926 2.711725 3.911855
v 2.084703 2.639759 3.804862
v 2.033497 2.711725 3.834425
v 0.894262 5.878247 3.728655
v 0.953390 5.806282 3.728655
v 0.925048 5.806282 3.834425
v 0.873842 5.878247 3.804862
v 0.847619 5.806282 3.911855
v 0.818054 5.878247 3.860648
v 0.741848 5.806282 3.940196
v 0.741848 5.878247 3.881068
v 0.636077 5.806282 3.911855
v 0.665641 5.878247 3.860648
v 0.558648 5.806282 3.834425
v 0.609855 5.878247 3.804862
v 0.530306 5.806282 3.728655
v 0.589435 5.878247 3.728655
v 0.558648 5.806282 3.622884
v 0.609855 5.878247 3.652448
v 0.636077 5.806282 3.545455
v 0.665641 5.878247 3.596661
v 0.741848 5.806282 3.517113
v 0.741848 5.878247 3.576241
v 0.847619 5.806282 3.545454
v 0.818054 5.878247 3.596660
v 0.925048 5.806282 3.622884
v 0.873842 5.878247 3.652448
v 0.953390 2.711725 3.728655
v 0.894262 2.639759 3.728655
v 0.873842 2.639759 3.804862
v 0.925048 2.711725 3.834426
v 0.818055 2.639759 3.860649
v 0.847619 2.711725 3.911855
v 0.741848 2.639759 3.881069
v 0.741848 2.711725 3.940197
v 0.665641 2.639759 3.860649
v 0.636077 2.711725 3.911855
v 0.609854 2.639759 3.804862
v 0.558648 2.711725 3.834426
v 0.589435 2.639759 3.728655
v 0.530306 2.711725 3.728655
v 0.609854 2.639759 3.652448
v 0.558648 2.711725 3.622884
v 0.665641 2.639760 3.596661
v 0.636077 2.711725 3.545455
v 0.741848 2.639759 3.576242
v 0.741848 2.711725 3.517114
v 0.818055 2.639759 3.596661
v 0.847619 2.711725 3.545454
v 0.873842 2.639759 3.652448
v 0.925048 2.711725 3.622884
v -5.049982 4.990243 3.836426
v -5.008172 4.918278 3.878237
v -4.953422 4.918278 3.783405
v -5.010535 4.990243 3.768101
v -4.953421 4.918278 3.673903
v -5.010535 4.990243 3.689207
v -5.008172 4.918278 3.579072
v -5.049982 4.990243 3.620882
v -5.103004 4.918278 3.524321
v -5.118308 4.990243 3.581434
v -5.212505 4.918278 3.524321
v -5.197202 4.990243 3.581434
v -5.307337 4.918278 3.579071
v -5.265527 4.990243 3.620882
v -5.362088 4.918278 3.673903
v -5.304975 4.990243 3.689207
v -5.362088 4.918278 3.783405
v -5.304975 4.990243 3.768101
v -5.307337 4.918278 3.878236
v -5.265527 4.990243 3.836427
v -5.212506 4.918278 3.932988
v -5.197203 4.990243 3.875874
v -5.103004 4.918278 3.932987
v -5.118308 4.990243 3.875874
v -5.008172 2.760836 3.878237
v -5.049982 2.688871 3.836427
v -5.010534 2.688871 3.768101
v -4.953422 2.760836 3.783405
v -5.010535 2.688871 3.689207
v -4.953421 2.760836 3.673903
v -5.049982 2.688871 3.620882
v -5.008172 2.760836 3.579072
v -5.118308 2.688871 3.581434
v -5.103004 2.760836 3.524321
v -5.197202 2.688871 3.581434
v -5.212505 2.760836 3.524321
v -5.265527 2.688871 3.620882
v -5.307337 2.760836 3.579072
v -5.304975 2.688871 3.689207
v -5.362088 2.760836 3.673904
v -5.304975 2.688871 3.768101
v -5.362088 2.760836 3.783405
v -5.265527 2.688871 3.836427
v -5.307337 2.760836 3.878236
v -5.197203 2.688871 3.875875
v -5.212506 2.760836 3.932988
v -5.118308 2.688871 3.875875
v -5.103004 2.760836 3.932987
v -3.830133 5.451149 3.728655
v -3.889261 5.379184 3.728655
v -3.860919 5.379184 3.834425
v -3.809713 5.451149 3.804862
v -3.783491 5.379184 3.911855
v -3.753926 5.451149 3.860648
v -3.677720 5.379184 3.940196
v -3.677720 5.451149 3.881068
v -3.571949 5.379184 3.911855
v -3.601512 5.451149 3.860648
v -3.494520 5.379184 3.834425
v -3.545726 5.451149 3.804862
v -3.466178 5.379184 3.728655
v -3.525307 5.451149 3.728655
v -3.494520 5.379184 3.622884
v -3.545726 5.451149 3.652448
v -3.571949 5.379184 3.545455
v -3.601512 5.451149 3.596661
v -3.677719 5.379184 3.517113
v -3.677720 5.451149 3.576241
v -3.783490 5.379184 3.545454
v -3.753926 5.451149 3.596660
v -3.860919 5.379184 3.622884
v -3.809713 5.451149 3.652448
v -3.889261 0.242305 3.728656
v -3.830133 0.170340 3.728656
v -3.809713 0.170340 3.804863
v -3.860919 0.242305 3.834426
v -3.753926 0.170340 3.860649
v -3.783491 0.242305 3.911856
v -3.677720 0.170340 3.881069
v -3.677720 0.242305 3.940197
v -3.601512 0.170340 3.860649
v -3.571949 0.242305 3.911856
v -3.545726 0.170340 3.804863
v -3.494520 0.242305 3.834426
v -3.525307 0.170340 3.728656
v -3.466178 0.242305 3.728656
v -3.545726 0.170340 3.652448
v -3.494520 0.242305 3.622885
v -3.601512 0.170340 3.596662
v -3.571949 0.242305 3.545455
v -3.677720 0.170340 3.576242
v -3.677719 0.242305 3.517114
v -3.753926 0.170340 3.596661
v -3.783491 0.242305 3.545455
v -3.809713 0.170340 3.652448
v -3.860919 0.242305 3.622885
v -2.064284 6.033576 3.728654
v -2.005156 5.961610 3.728654
v -2.033497 5.961610 3.622883
v -2.084704 6.033576 3.652447
v -2.110926 5.961610 3.545454
v -2.140491 6.033576 3.596661
v -2.216697 5.961610 3.517112
v -2.216697 6.033576 3.576241
v -2.322468 5.961610 3.545454
v -2.292904 6.033576 3.596661
v -2.399897 5.961610 3.622883
v -2.348691 6.033576 3.652447
v -2.428239 5.961610 3.728654
v -2.369110 6.033576 3.728654
v -2.399897 5.961610 3.834425
v -2.348691 6.033576 3.804861
v -2.322468 5.961610 3.911854
v -2.292904 6.033576 3.860648
v -2.216698 5.961610 3.940195
v -2.216697 6.033576 3.881068
v -2.110927 5.961610 3.911855
v -2.140491 6.033576 3.860648
v -2.033497 5.961610 3.834425
v -2.084704 6.033576 3.804861
v -2.005156 2.711725 3.728654
v -2.064283 2.639759 3.728654
v -2.084703 2.639759 3.652447
v -2.033497 2.711725 3.622884
v -2.140491 2.639759 3.596661
v -2.110926 2.711725 3.545454
v -2.216697 2.639759 3.576241
v -2.216697 2.711725 3.517113
v -2.292904 2.639759 3.596661
v -2.322468 2.711725 3.545455
v -2.348691 2.639759 3.652447
v -2.399897 2.711725 3.622884
v -2.369110 2.639759 3.728654
v -2.428239 2.711725 3.728654
v -2.348691 2.639759 3.804862
v -2.399897 2.711725 3.834426
v -2.292904 2.639760 3.860648
v -2.322468 2.711725 3.911855
v -2.216697 2.639759 3.881068
v -2.216698 2.711725 3.940196
v -2.140491 2.639759 3.860649
v -2.110926 2.711725 3.911855
v -2.084703 2.639759 3.804862
v -2.033497 2.711725 3.834425
v -0.894262 5.878247 3.728655
v -0.953390 5.806282 3.728655
v -0.925048 5.806282 3.834425
v -0.873842 5.878247 3.804862
v -0.847619 5.806282 3.911855
v -0.818054 5.878247 3.860648
v -0.741848 5.806282 3.940196
v -0.741848 5.878247 3.881068
v -0.636077 5.806282 3.911855
v -0.665641 5.878247 3.860648
v -0.558648 5.806282 3.834425
v -0.609855 5.878247 3.804862
v -0.530306 5.806282 3.728655
v -0.589435 5.878247 3.728655
v -0.558648 5.806282 3.622884
v -0.609855 5.878247 3.652448
v -0.636077 5.806282 3.545455
v -0.665641 5.878247 3.596661
v -0.741848 5.806282 3.517113
v -0.741848 5.878247 3.576241
v -0.847619 5.806282 3.545454
v -0.818054 5.878247 3.596660
v -0.925048 5.806282 3.622884
v -0.873842 5.878247 3.652448
v -0.953390 2.711725 3.728655
v -0.894262 2.639759 3.728655
v -0.873842 2.639759 3.804862
v -0.925048 2.711725 3.834426
v -0.818055 2.639759 3.860649
v -0.847619 2.711725 3.911855
v -0.741848 2.639759 3.881069
v -0.741848 2.711725 3.940197
v -0.665641 2.639759 3.860649
v -0.636077 2.711725 3.911855
v -0.609854 2.639759 3.804862
v -0.558648 2.711725 3.834426
v -0.589435 2.639759 3.728655
v -0.530306 2.711725 3.728655
v -0.609854 2.639759 3.652448
v -0.558648 2.711725 3.622884
v -0.665641 2.639760 3.596661
v -0.636077 2.711725 3.545455
v -0.741848 2.639759 3.576242
v -0.741848 2.711725 3.517114
v -0.818055 2.639759 3.596661
v -0.847619 2.711725 3.545454
v -0.873842 2.639759 3.652448
v -0.925048 2.711725 3.622884
v 5.458436 3.835331 -3.486278
v 5.415801 3.835331 -3.423437
v 5.415801 3.715062 -3.455663
v 5.458436 3.746483 -3.510085
v 5.415801 3.627020 -3.543705
v 5.458436 3.681442 -3.575126
v 5.415800 3.594794 -3.663974
v 5.458436 3.657635 -3.663973
v 5.415800 3.627020 -3.784242
v 5.458436 3.681443 -3.752821
v 5.415800 3.715062 -3.872284
v 5.458436 3.746483 -3.817862
v 5.415800 3.835331 -3.904510
v 5.458436 3.835331 -3.841669
v 5.415801 3.955600 -3.872284
v 5.458436 3.924179 -3.817862
v 5.415800 4.043642 -3.784242
v 5.458436 3.989219 -3.752821
v 5.415800 4.075867 -3.663974
v 5.458436 4.013026 -3.663973
v 5.415800 4.043643 -3.543705
v 5.458436 3.989220 -3.575126
v 5.415800 3.955599 -3.455663
v 5.458436 3.924179 -3.510085
v -6.292271 3.701825 -3.482746
v -6.249636 3.701825 -3.430910
v -6.249636 3.585293 -3.462134
v -6.292271 3.611211 -3.507026
v -6.249636 3.499986 -3.547442
v -6.292271 3.544878 -3.573359
v -6.249636 3.468761 -3.663974
v -6.292270 3.520598 -3.663973
v -6.249636 3.499986 -3.780505
v -6.292270 3.544878 -3.754587
v -6.249636 3.585293 -3.865813
v -6.292270 3.611212 -3.820921
v -6.249636 3.701825 -3.897038
v -6.292270 3.701825 -3.845201
v -6.249636 3.818357 -3.865813
v -6.292271 3.792439 -3.820921
v -6.249636 3.903664 -3.780506
v -6.292271 3.858772 -3.754587
v -6.249636 3.934889 -3.663974
v -6.292271 3.883053 -3.663973
v -6.249636 3.903665 -3.547442
v -6.292271 3.858773 -3.573360
v -6.249636 3.818357 -3.462135
v -6.292271 3.792439 -3.507026
v -0.000001 3.835331 -3.424404
v -0.000001 3.715546 -3.456501
v -0.000001 3.627858 -3.544189
v -0.000001 3.595761 -3.663973
v -0.000001 3.627858 -3.783758
v -0.000001 3.715546 -3.871447
v -0.000001 3.835331 -3.903543
v -0.000001 3.955116 -3.871447
v -0.000001 4.042804 -3.783758
v -0.000001 4.074900 -3.663973
v -0.000001 4.042805 -3.544189
v -0.000001 3.955116 -3.456501
v 6.475929 2.962829 -3.486278
v 6.433292 2.962829 -3.414734
v 6.433292 2.838209 -3.448126
v 6.475929 2.873981 -3.510085
v 6.433292 2.746981 -3.539354
v 6.475929 2.808940 -3.575125
v 6.433292 2.713589 -3.663974
v 6.475929 2.785133 -3.663973
v 6.433292 2.746981 -3.788593
v 6.475929 2.808941 -3.752821
v 6.433292 2.838209 -3.879821
v 6.475929 2.873981 -3.817862
v 6.433292 2.962829 -3.913213
v 6.475929 2.962829 -3.841668
v 6.433292 3.087449 -3.879821
v 6.475929 3.051677 -3.817862
v 6.433292 3.178676 -3.788594
v 6.475929 3.116717 -3.752821
v 6.433292 3.212068 -3.663973
v 6.475929 3.140524 -3.663973
v 6.433292 3.178677 -3.539354
v 6.475929 3.116718 -3.575126
v 6.433292 3.087448 -3.448126
v 6.475929 3.051677 -3.510085
v -6.834267 2.981503 -3.482746
v -6.791633 2.981503 -3.430910
v -6.791633 2.864971 -3.462134
v -6.834267 2.890890 -3.507026
v -6.791633 2.779665 -3.547442
v -6.834267 2.824556 -3.573359
v -6.791632 2.748440 -3.663974
v -6.834267 2.800276 -3.663973
v -6.791632 2.779664 -3.780505
v -6.834267 2.824557 -3.754587
v -6.791632 2.864971 -3.865813
v -6.834267 2.890890 -3.820921
v -6.791632 2.981503 -3.897038
v -6.834267 2.981503 -3.845201
v -6.791633 3.098036 -3.865813
v -6.834267 3.072118 -3.820921
v -6.791632 3.183342 -3.780506
v -6.834267 3.138450 -3.754587
v -6.791632 3.214567 -3.663973
v -6.834267 3.162731 -3.663973
v -6.791632 3.183343 -3.547441
v -6.834267 3.138452 -3.573360
v -6.791632 3.098035 -3.462134
v -6.834267 3.072118 -3.507026
v -0.000002 2.962829 -3.415701
v -0.000002 2.838693 -3.448963
v -0.000002 2.747819 -3.539837
v -0.000002 2.714556 -3.663973
v -0.000002 2.747819 -3.788110
v -0.000002 2.838692 -3.878984
v -0.000002 2.962829 -3.912246
v -0.000002 3.086965 -3.878984
v -0.000002 3.177838 -3.788110
v -0.000002 3.211101 -3.663973
v -0.000002 3.177840 -3.539837
v -0.000002 3.086965 -3.448964
v 6.405745 0.325325 -3.932939
v 6.370513 0.270170 -3.932939
v 6.370513 0.287412 -3.997283
v 6.405745 0.335177 -3.969706
v 6.370513 0.334515 -4.044385
v 6.405746 0.362092 -3.996620
v 6.370513 0.398859 -4.061626
v 6.405745 0.398858 -4.006472
v 6.370513 0.463203 -4.044385
v 6.405745 0.435626 -3.996620
v 6.370513 0.510306 -3.997283
v 6.405745 0.462541 -3.969705
v 6.370513 0.527548 -3.932938
v 6.405745 0.472392 -3.932938
v 6.370513 0.510306 -3.868594
v 6.405745 0.462541 -3.896171
v 6.370513 0.463204 -3.821491
v 6.405745 0.435626 -3.869256
v 6.370513 0.398858 -3.804250
v 6.405746 0.398858 -3.859405
v 6.370513 0.334515 -3.821490
v 6.405746 0.362092 -3.869256
v 6.370513 0.287412 -3.868594
v 6.405746 0.335177 -3.896171
v -6.378309 0.320962 -3.914264
v -6.354308 0.290185 -3.914300
v -6.354223 0.304728 -3.968647
v -6.378309 0.331398 -3.953212
v -6.354160 0.344505 -4.008443
v -6.378309 0.359910 -3.981724
v -6.354137 0.398859 -4.023013
v -6.378308 0.398859 -3.992161
v -6.354160 0.453213 -4.008443
v -6.378308 0.437808 -3.981724
v -6.354222 0.492991 -3.968646
v -6.378308 0.466320 -3.953212
v -6.354307 0.507533 -3.914299
v -6.378308 0.476756 -3.914263
v -6.354393 0.492957 -3.859972
v -6.378309 0.466320 -3.875314
v -6.354455 0.453179 -3.820215
v -6.378309 0.437808 -3.846803
v -6.354477 0.398858 -3.805665
v -6.378309 0.398859 -3.836367
v -6.354455 0.344539 -3.820214
v -6.378309 0.359911 -3.846803
v -6.354393 0.304762 -3.859972
v -6.378309 0.331399 -3.875315
v 0.000160 0.286505 -3.932908
v 0.000254 0.301544 -3.989092
v 0.000322 0.342668 -4.030232
v 0.000347 0.398859 -4.045293
v 0.000322 0.455049 -4.030232
v 0.000254 0.496174 -3.989092
v 0.000160 0.511214 -3.932908
v 0.000067 0.496147 -3.876738
v -0.000002 0.455023 -3.835629
v -0.000027 0.398858 -3.820584
v -0.000002 0.342695 -3.835629
v 0.000067 0.301571 -3.876738
v 5.458436 3.835332 3.486277
v 5.415801 3.835332 3.423436
v 5.415801 3.715063 3.455661
v 5.458436 3.746484 3.510083
v 5.415801 3.627021 3.543705
v 5.458436 3.681443 3.575124
v 5.415800 3.594796 3.663973
v 5.458436 3.657637 3.663972
v 5.415800 3.627022 3.784241
v 5.458436 3.681444 3.752820
v 5.415800 3.715064 3.872283
v 5.458436 3.746485 3.817861
v 5.415800 3.835332 3.904509
v 5.458436 3.835332 3.841667
v 5.415801 3.955601 3.872283
v 5.458436 3.924180 3.817860
v 5.415800 4.043643 3.784241
v 5.458436 3.989220 3.752820
v 5.415800 4.075868 3.663972
v 5.458436 4.013027 3.663972
v 5.415800 4.043643 3.543704
v 5.458436 3.989221 3.575125
v 5.415800 3.955600 3.455662
v 5.458436 3.924180 3.510084
v -6.292271 3.701826 3.482745
v -6.249636 3.701826 3.430908
v -6.249636 3.585294 3.462133
v -6.292271 3.611212 3.507025
v -6.249636 3.499987 3.547441
v -6.292271 3.544878 3.573359
v -6.249636 3.468763 3.663973
v -6.292270 3.520599 3.663972
v -6.249636 3.499987 3.780504
v -6.292270 3.544880 3.754586
v -6.249636 3.585294 3.865812
v -6.292270 3.611213 3.820920
v -6.249636 3.701826 3.897036
v -6.292270 3.701826 3.845199
v -6.249636 3.818359 3.865811
v -6.292271 3.792441 3.820920
v -6.249636 3.903665 3.780504
v -6.292271 3.858773 3.754586
v -6.249636 3.934890 3.663972
v -6.292271 3.883054 3.663972
v -6.249636 3.903666 3.547440
v -6.292271 3.858774 3.573359
v -6.249636 3.818358 3.462133
v -6.292271 3.792440 3.507025
v -0.000001 3.835332 3.424403
v -0.000001 3.715547 3.456499
v -0.000001 3.627859 3.544188
v -0.000001 3.595763 3.663972
v -0.000001 3.627859 3.783757
v -0.000001 3.715547 3.871445
v -0.000001 3.835332 3.903542
v -0.000001 3.955117 3.871445
v -0.000001 4.042805 3.783757
v -0.000001 4.074901 3.663972
v -0.000001 4.042806 3.544187
v -0.000001 3.955117 3.456500
v 6.475929 2.962830 3.486277
v 6.433292 2.962830 3.414733
v 6.433292 2.838210 3.448125
v 6.475929 2.873982 3.510084
v 6.433292 2.746982 3.539353
v 6.475929 2.808941 3.575125
v 6.433292 2.713591 3.663973
v 6.475929 2.785135 3.663972
v 6.433292 2.746983 3.788592
v 6.475929 2.808942 3.752820
v 6.433292 2.838210 3.879820
v 6.475929 2.873983 3.817861
v 6.433292 2.962830 3.913212
v 6.475929 2.962830 3.841667
v 6.433292 3.087450 3.879820
v 6.475929 3.051678 3.817861
v 6.433292 3.178678 3.788593
v 6.475929 3.116718 3.752820
v 6.433292 3.212070 3.663972
v 6.475929 3.140526 3.663972
v 6.433292 3.178678 3.539353
v 6.475929 3.116719 3.575125
v 6.433292 3.087449 3.448125
v 6.475929 3.051678 3.510084
v -6.834267 2.981504 3.482745
v -6.791633 2.981504 3.430909
v -6.791633 2.864972 3.462133
v -6.834267 2.890891 3.507025
v -6.791633 2.779665 3.547441
v -6.834267 2.824557 3.573359
v -6.791632 2.748441 3.663973
v -6.834267 2.800277 3.663972
v -6.791632 2.779666 3.780504
v -6.834267 2.824558 3.754586
v -6.791632 2.864973 3.865812
v -6.834267 2.890891 3.820920
v -6.791632 2.981505 3.897037
v -6.834267 2.981505 3.845200
v -6.791633 3.098037 3.865812
v -6.834267 3.072119 3.820920
v -6.791632 3.183344 3.780505
v -6.834267 3.138452 3.754586
v -6.791632 3.214568 3.663972
v -6.834267 3.162732 3.663972
v -6.791632 3.183344 3.547441
v -6.834267 3.138453 3.573359
v -6.791632 3.098036 3.462133
v -6.834267 3.072119 3.507025
v -0.000002 2.962830 3.415700
v -0.000002 2.838694 3.448962
v -0.000002 2.747820 3.539836
v -0.000002 2.714558 3.663972
v -0.000002 2.747820 3.788109
v -0.000002 2.838694 3.878983
v -0.000002 2.962830 3.912245
v -0.000002 3.086966 3.878983
v -0.000002 3.177840 3.788109
v -0.000002 3.211102 3.663972
v -0.000002 3.177840 3.539836
v -0.000002 3.086966 3.448963
v 6.405745 0.325327 3.932939
v 6.370513 0.270171 3.932939
v 6.370513 0.287413 3.997283
v 6.405745 0.335178 3.969706
v 6.370513 0.334516 4.044385
v 6.405746 0.362093 3.996620
v 6.370513 0.398860 4.061626
v 6.405745 0.398859 4.006472
v 6.370513 0.463205 4.044385
v 6.405745 0.435627 3.996620
v 6.370513 0.510308 3.997283
v 6.405745 0.462543 3.969705
v 6.370513 0.527549 3.932938
v 6.405745 0.472394 3.932938
v 6.370513 0.510308 3.868594
v 6.405745 0.462542 3.896171
v 6.370513 0.463205 3.821491
v 6.405745 0.435627 3.869256
v 6.370513 0.398859 3.804250
v 6.405746 0.398860 3.859405
v 6.370513 0.334516 3.821490
v 6.405746 0.362094 3.869256
v 6.370513 0.287413 3.868594
v 6.405746 0.335178 3.896171
v -6.378309 0.320963 3.914264
v -6.354308 0.290186 3.914300
v -6.354223 0.304729 3.968647
v -6.378309 0.331399 3.953212
v -6.354160 0.344507 4.008443
v -6.378309 0.359912 3.981724
v -6.354137 0.398860 4.023013
v -6.378308 0.398860 3.992161
v -6.354160 0.453214 4.008443
v -6.378308 0.437809 3.981724
v -6.354222 0.492992 3.968646
v -6.378308 0.466321 3.953212
v -6.354307 0.507534 3.914299
v -6.378308 0.476757 3.914263
v -6.354393 0.492958 3.859972
v -6.378309 0.466321 3.875314
v -6.354455 0.453181 3.820215
v -6.378309 0.437809 3.846803
v -6.354477 0.398859 3.805665
v -6.378309 0.398860 3.836367
v -6.354455 0.344540 3.820214
v -6.378309 0.359912 3.846803
v -6.354393 0.304763 3.859972
v -6.378309 0.331400 3.875315
v 0.000160 0.286506 3.932908
v 0.000254 0.301546 3.989092
v 0.000322 0.342669 4.030232
v 0.000347 0.398860 4.045293
v 0.000322 0.455051 4.030232
v 0.000254 0.496176 3.989092
v 0.000160 0.511215 3.932908
v 0.000067 0.496148 3.876738
v -0.000002 0.455024 3.835629
v -0.000027 0.398859 3.820584
v -0.000002 0.342697 3.835629
v 0.000067 0.301573 3.876738
v 3.539439 3.908954 -5.299326
v 3.539439 4.605989 -4.716458
v 3.539439 3.961870 -5.409986
v 3.539439 4.637869 -4.754583
v 1.908924 4.561790 -4.805246
v 1.908924 5.258825 -4.222378
v 1.908924 4.614706 -4.915906
v 1.908924 5.290705 -4.260503
v 4.616731 5.258825 -4.222378
v 4.616731 4.561790 -4.805245
v 6.268095 5.258825 -4.222378
v 6.268095 4.561790 -4.805246
v 6.268095 4.614706 -4.915906
v 6.268095 5.290705 -4.260503
v 4.616731 4.614706 -4.915906
v 4.616731 5.290705 -4.260503
v 1.837238 5.258825 -4.264591
v 1.837238 4.561790 -4.847458
v 4.665676 5.258825 -4.264591
v 4.665676 4.561790 -4.847459
v 4.665676 4.614707 -4.958119
v 4.665676 5.290705 -4.302716
v 1.837238 4.614707 -4.958119
v 1.837238 5.290705 -4.302716
v 3.539439 5.219876 -4.402282
v 3.539439 5.916911 -3.819414
v 3.539439 5.272792 -4.512942
v 3.539439 5.948791 -3.857538
v 3.583443 5.916911 -3.819414
v 3.583443 5.219875 -4.402282
v 6.452540 5.916911 -3.819414
v 6.452540 5.219876 -4.402282
v 6.452540 5.286696 -4.664024
v 6.452540 5.948791 -3.857538
v 3.583443 5.286696 -4.664024
v 3.583443 5.948791 -3.857538
v 1.908924 5.872712 -3.908201
v 1.908924 6.569746 -3.325333
v 1.908924 5.925628 -4.018862
v 1.908924 6.601627 -3.363458
v 4.616731 6.569746 -3.325333
v 4.616731 5.872712 -3.908201
v 6.268095 6.569746 -3.325333
v 6.268095 5.872712 -3.908201
v 6.268095 5.925628 -4.018862
v 6.268095 6.601627 -3.363458
v 4.616731 5.925628 -4.018862
v 4.616731 6.601627 -3.363458
v 1.837238 6.569746 -3.367547
v 1.837238 5.872712 -3.950414
v 4.665676 6.569746 -3.367547
v 4.665676 5.872712 -3.950414
v 4.665676 5.925628 -4.061074
v 4.665676 6.601627 -3.405672
v 1.837238 5.925628 -4.061074
v 1.837238 6.601627 -3.405672
v 3.539439 6.530797 -3.505237
v 3.539439 7.227832 -2.922369
v 3.539439 6.583714 -3.783551
v 3.539439 7.259713 -2.960494
v 3.583443 7.227832 -2.922369
v 3.583443 6.530797 -3.505236
v 6.452540 7.227832 -2.922369
v 6.452540 6.530797 -3.505237
v 6.452540 6.583714 -3.615897
v 6.452540 7.259713 -2.960494
v 3.583443 6.583714 -3.615897
v 3.583443 7.259713 -2.960494
v 4.616731 7.880668 -2.428288
v 4.616731 7.183632 -3.011156
v 6.268095 7.880668 -2.428288
v 6.268095 7.183633 -3.011156
v 6.268095 7.236550 -3.121817
v 6.268095 7.912549 -2.466413
v 4.616731 7.236550 -3.121817
v 4.616731 7.912549 -2.466413
v 3.539439 7.841719 -2.608192
v 3.539439 8.538754 -2.025325
v 3.539439 7.894636 -2.718853
v 3.539439 8.570635 -2.063450
v 3.583443 8.538754 -2.025325
v 3.583443 7.841719 -2.608192
v 6.452540 8.538754 -2.025325
v 6.452540 7.841719 -2.608192
v 6.452540 7.894636 -2.718853
v 6.452540 8.570635 -2.063450
v 3.583443 7.894636 -2.718853
v 3.583443 8.570635 -2.063450
v 1.908924 8.494555 -2.114112
v 1.908924 9.191590 -1.531244
v 1.908924 8.547472 -2.224773
v 1.908924 9.223471 -1.569369
v 4.616731 9.191590 -1.531244
v 4.616731 8.494555 -2.114112
v 6.268095 9.191590 -1.531244
v 6.268095 8.494555 -2.114112
v 6.268095 8.561377 -2.375854
v 6.268095 9.223471 -1.569369
v 4.616731 8.561377 -2.375854
v 4.616731 9.223471 -1.569369
v 1.837238 9.191590 -1.573458
v 1.837238 8.494555 -2.156325
v 4.665676 9.191590 -1.573458
v 4.665676 8.494556 -2.156325
v 4.665676 8.547472 -2.266986
v 4.665676 9.223471 -1.611582
v 1.837238 8.547472 -2.266986
v 1.837238 9.223471 -1.611582
v 3.539439 9.152641 -1.711148
v 3.539439 9.849676 -1.128280
v 3.539439 9.205558 -1.821809
v 3.539439 9.881557 -1.166405
v 3.583443 9.849676 -1.128280
v 3.583443 9.152640 -1.711148
v 6.705044 9.849676 -1.128280
v 6.705044 9.152641 -1.711148
v 6.705044 9.205558 -1.821809
v 6.705044 9.881557 -1.166405
v 3.583443 9.205558 -1.821809
v 3.583443 9.881557 -1.166405
v 1.908924 9.805476 -1.217068
v 1.908924 10.502511 -0.634200
v 1.908924 9.858395 -1.327727
v 1.908924 10.534391 -0.672325
v 4.616731 10.502511 -0.634200
v 4.616731 9.805476 -1.217067
v 7.294733 10.502511 -0.634200
v 7.294733 9.805476 -1.217068
v 7.294733 9.858395 -1.327727
v 7.294733 10.534391 -0.672325
v 4.616731 9.858395 -1.327727
v 4.616731 10.534391 -0.672325
v 1.837238 10.502512 -0.676413
v 1.837238 9.805477 -1.259281
v 4.665676 10.502512 -0.676413
v 4.665676 9.805477 -1.259281
v 4.665676 9.872298 -1.521023
v 4.665676 10.534392 -0.714538
v 1.837238 9.872298 -1.521023
v 1.837238 10.534392 -0.714538
v 3.539439 10.463563 -0.814104
v 3.539439 11.160598 -0.231236
v 3.539439 10.516479 -0.924764
v 3.539439 11.192478 -0.269361
v 3.583443 11.160598 -0.231236
v 3.583443 10.463563 -0.814103
v 7.637991 11.160598 -0.231236
v 7.637991 10.463563 -0.814104
v 7.637991 10.516479 -0.924764
v 7.637991 11.192478 -0.269361
v 3.583443 10.516479 -0.924764
v 3.583443 11.192478 -0.269361
v 1.908924 11.116398 -0.320023
v 1.908924 11.165656 0.036236
v 1.908924 11.169315 -0.430683
v 1.908924 11.197537 -0.001889
v 4.616731 11.165656 0.036236
v 4.616731 11.116398 -0.320023
v 6.268095 11.165656 0.036236
v 6.268095 11.116398 -0.320023
v 6.268095 11.169315 -0.430683
v 6.268095 11.197537 -0.001889
v 4.616731 11.169315 -0.430683
v 4.616731 11.197537 -0.001889
v 1.837238 11.165651 -0.005971
v 1.837238 11.116399 -0.362236
v 4.665676 11.165651 -0.005971
v 4.665676 11.116399 -0.362237
v 4.665676 11.169317 -0.472897
v 4.665676 11.197532 -0.044096
v 1.837238 11.169317 -0.472897
v 1.837238 11.197532 -0.044096
v -3.539439 3.908954 -5.299326
v -3.539439 4.605989 -4.716458
v 0.000000 3.908954 -5.299325
v 0.000000 4.605989 -4.716458
v -3.539439 3.975775 -5.561068
v -3.539439 4.637869 -4.754583
v 0.000000 3.975775 -5.561068
v 0.000000 4.637869 -4.754583
v -3.583443 4.605989 -4.716458
v -3.583443 3.908954 -5.299325
v -6.851449 4.605989 -4.716458
v -6.851449 3.908954 -5.299326
v -6.851449 3.961870 -5.409986
v -6.851449 4.637869 -4.754583
v -3.583443 3.961870 -5.409986
v -3.583443 4.637869 -4.754583
v -1.908924 4.561790 -4.805246
v -1.908924 5.258825 -4.222378
v 0.000000 4.561790 -4.805245
v 0.000000 5.258825 -4.222378
v -1.908924 4.614706 -4.915906
v -1.908924 5.290705 -4.260503
v 0.000000 4.614706 -4.915906
v 0.000000 5.290705 -4.260503
v -4.616731 5.258825 -4.222378
v -4.616731 4.561790 -4.805245
v -6.268095 5.258825 -4.222378
v -6.268095 4.561790 -4.805246
v -6.268095 4.614706 -4.915906
v -6.268095 5.290705 -4.260503
v -4.616731 4.614706 -4.915906
v -4.616731 5.290705 -4.260503
v -1.837238 5.258825 -4.264591
v -1.837238 4.561790 -4.847458
v -4.665676 5.258825 -4.264591
v -4.665676 4.561790 -4.847459
v -4.665676 4.614707 -4.958119
v -4.665676 5.290705 -4.302716
v -1.837238 4.614707 -4.958119
v -1.837238 5.290705 -4.302716
v -3.539439 5.219876 -4.402282
v -3.539439 5.916911 -3.819414
v 0.000000 5.219875 -4.402282
v 0.000000 5.916911 -3.819414
v -3.539439 5.286696 -4.664024
v -3.539439 5.948791 -3.857538
v 0.000000 5.286696 -4.664024
v 0.000000 5.948791 -3.857538
v -3.583443 5.916911 -3.819414
v -3.583443 5.219875 -4.402282
v -6.452540 5.916911 -3.819414
v -6.452540 5.219876 -4.402282
v -6.452540 5.272792 -4.796107
v -6.452540 5.948791 -4.105605
v -3.583443 5.272792 -4.512942
v -3.583443 5.948791 -3.857538
v -1.908924 5.872712 -3.908201
v -1.908924 6.569746 -3.325333
v 0.000000 5.872712 -3.908201
v 0.000000 6.569746 -3.325333
v -1.908924 5.925628 -4.018862
v -1.908924 6.601627 -3.363458
v 0.000000 5.925628 -4.018862
v 0.000000 6.601627 -3.363458
v -4.616731 6.569746 -3.325333
v -4.616731 5.872712 -3.908201
v -6.268095 6.569746 -3.325333
v -6.268095 5.872712 -3.908201
v -6.268095 5.925628 -4.018862
v -6.268095 6.601627 -3.363458
v -4.616731 5.925628 -4.018862
v -4.616731 6.601627 -3.363458
v -3.539439 6.530797 -3.505237
v -3.539439 7.227832 -2.922369
v 0.000000 6.530797 -3.505236
v 0.000000 7.227832 -2.922369
v -3.539439 6.583714 -3.615897
v -3.539439 7.259713 -2.960494
v 0.000000 6.583714 -3.783551
v 0.000000 7.259713 -2.960494
v -3.583443 7.227832 -2.922369
v -3.583443 6.530797 -3.505236
v -6.452540 7.227832 -2.922369
v -6.452540 6.530797 -3.505237
v -6.452540 6.583714 -3.778717
v -6.452540 7.259713 -2.960494
v -3.583443 6.583714 -3.615897
v -3.583443 7.259713 -2.960494
v -4.616731 7.880668 -2.428288
v -4.616731 7.183632 -3.011156
v -6.268095 7.880668 -2.428288
v -6.268095 7.183633 -3.011156
v -6.268095 7.250454 -3.272898
v -6.268095 7.912549 -2.466413
v -4.616731 7.250454 -3.272898
v -4.616731 7.912549 -2.466413
v -1.837238 7.880668 -2.470502
v -1.837238 7.183633 -3.053370
v -4.665676 7.880668 -2.470502
v -4.665676 7.183633 -3.053370
v -4.665676 7.236551 -3.164030
v -4.665676 7.912549 -2.508627
v -1.837238 7.236551 -3.164030
v -1.837238 7.912549 -2.508627
v -3.539439 7.841719 -2.608192
v -3.539439 8.538754 -2.025325
v 0.000000 7.841719 -2.608192
v 0.000000 8.538754 -2.025325
v -3.539439 7.894636 -2.718853
v -3.539439 8.570635 -2.063450
v 0.000000 7.894636 -2.718853
v 0.000000 8.570635 -2.063450
v -3.583443 8.538754 -2.025325
v -3.583443 7.841719 -2.608192
v -6.452540 8.538754 -2.025325
v -6.452540 7.841719 -2.608192
v -6.452540 7.894636 -2.718853
v -6.452540 8.570635 -2.063450
v -3.583443 7.894636 -2.718853
v -3.583443 8.570635 -2.063450
v -1.908924 8.494555 -2.114112
v -1.908924 9.191590 -1.531244
v 0.000000 8.494555 -2.114112
v 0.000000 9.191590 -1.531244
v -1.908924 8.547472 -2.224773
v -1.908924 9.223471 -1.569369
v 0.000000 8.547472 -2.224773
v 0.000000 9.223471 -1.569369
v -4.616731 9.191590 -1.531244
v -4.616731 8.494555 -2.114112
v -6.268095 9.191590 -1.531244
v -6.268095 8.494555 -2.114112
v -6.268095 8.547472 -2.224773
v -6.268095 9.223471 -1.569369
v -4.616731 8.547472 -2.224773
v -4.616731 9.223471 -1.569369
v -1.837238 9.191590 -1.573458
v -1.837238 8.494555 -2.156325
v -4.665676 9.191590 -1.573458
v -4.665676 8.494556 -2.156325
v -4.665676 8.547472 -2.266986
v -4.665676 9.223471 -1.611582
v -1.837238 8.547472 -2.266986
v -1.837238 9.223471 -1.611582
v -3.539439 9.152641 -1.711148
v -3.539439 9.849676 -1.128280
v 0.000000 9.152640 -1.711148
v 0.000000 9.849676 -1.128280
v -3.539439 9.205558 -1.821809
v -3.539439 9.881557 -1.166405
v 0.000000 9.205558 -1.821809
v 0.000000 9.881557 -1.166405
v -3.583443 9.849676 -1.128280
v -3.583443 9.152640 -1.711148
v -6.911659 9.849676 -1.128280
v -6.911659 9.152641 -1.711148
v -6.911659 9.219462 -1.972890
v -6.911659 9.881557 -1.166405
v -3.583443 9.219462 -1.972890
v -3.583443 9.881557 -1.166405
v -1.908924 9.805476 -1.217068
v -1.908924 10.502511 -0.634200
v 0.000000 9.805476 -1.217067
v 0.000000 10.502511 -0.634200
v -1.908924 9.858395 -1.327727
v -1.908924 10.534391 -0.672325
v 0.000000 9.858395 -1.327727
v 0.000000 10.534391 -0.672325
v -1.837238 10.502512 -0.676413
v -1.837238 9.805477 -1.259281
v -4.665676 10.502512 -0.676413
v -4.665676 9.805477 -1.259281
v -4.665676 9.858394 -1.369941
v -4.665676 10.534392 -0.714538
v -1.837238 9.858394 -1.369941
v -1.837238 10.534392 -0.714538
v -3.539439 10.463563 -0.814104
v -3.539439 11.160598 -0.231236
v 0.000000 10.463563 -0.814103
v 0.000000 11.160598 -0.231236
v -3.539439 10.530384 -1.075845
v -3.539439 11.192478 -0.269361
v 0.000000 10.530384 -1.075845
v 0.000000 11.192478 -0.269361
v -3.583443 11.160598 -0.231236
v -3.583443 10.463563 -0.814103
v -7.781003 11.160598 -0.231236
v -7.781003 10.463563 -0.814104
v -7.781003 10.516479 -0.924764
v -7.781003 11.192478 -0.269361
v -3.583443 10.516479 -0.924764
v -3.583443 11.192478 -0.269361
v -1.908924 11.116398 -0.320023
v -1.908924 11.165656 0.036236
v 0.000000 11.116398 -0.320023
v 0.000000 11.165656 0.036236
v -1.908924 11.169315 -0.430683
v -1.908924 11.197537 -0.001889
v 0.000000 11.169315 -0.430683
v 0.000000 11.197537 -0.001889
v -4.616731 11.165656 0.036236
v -4.616731 11.116398 -0.320023
v -6.268095 11.165656 0.036236
v -6.268095 11.116398 -0.320023
v -6.268095 11.169315 -0.430683
v -6.268095 11.197537 -0.001889
v -4.616731 11.169315 -0.430683
v -4.616731 11.197537 -0.001889
v -1.837238 11.165651 -0.005971
v -1.837238 11.116399 -0.362236
v -4.665676 11.165651 -0.005971
v -4.665676 11.116399 -0.362237
v -4.665676 11.169317 -0.472897
v -4.665676 11.197532 -0.044096
v -1.837238 11.169317 -0.472897
v -1.837238 11.197532 -0.044096
v 2.013072 4.605990 4.716456
v 2.013072 3.908956 5.299325
v 6.281414 4.605990 4.716456
v 6.281414 3.908956 5.299325
v 6.281414 3.961872 5.409985
v 6.281414 4.637871 4.754581
v 2.013072 3.961872 5.409985
v 2.013072 4.637871 4.754581
v 1.908924 4.561791 4.805244
v 1.908924 5.258826 4.222376
v 1.908924 4.614708 4.915904
v 1.908924 5.290706 4.260501
v 4.616731 5.258826 4.222376
v 4.616731 4.561791 4.805243
v 6.268095 5.258826 4.222376
v 6.268095 4.561791 4.805244
v 6.268095 4.614708 4.915904
v 6.268095 5.290706 4.260501
v 4.616731 4.614708 4.915904
v 4.616731 5.290706 4.260501
v 1.837238 5.258826 4.264589
v 1.837238 4.561791 4.847456
v 4.665676 5.258826 4.264589
v 4.665676 4.561791 4.847457
v 4.665676 4.614708 4.958117
v 4.665676 5.290706 4.302714
v 1.837238 4.614708 4.958117
v 1.837238 5.290706 4.302714
v 3.539439 5.219878 4.402280
v 3.539439 5.916912 3.819412
v 3.539439 5.272794 4.512940
v 3.539439 5.948792 3.857537
v 3.583443 5.916912 3.819412
v 3.583443 5.219877 4.402280
v 6.452540 5.916912 3.819412
v 6.452540 5.219878 4.402280
v 6.452540 5.286698 4.664022
v 6.452540 5.948792 3.857537
v 3.583443 5.286698 4.664022
v 3.583443 5.948792 3.857537
v 1.908924 5.872713 3.908199
v 1.908924 6.569747 3.325331
v 1.908924 5.925629 4.018860
v 1.908924 6.601628 3.363456
v 4.616731 6.569747 3.325331
v 4.616731 5.872713 3.908199
v 6.268095 6.569747 3.325331
v 6.268095 5.872713 3.908199
v 6.268095 5.925629 4.018860
v 6.268095 6.601628 3.363456
v 4.616731 5.925629 4.018860
v 4.616731 6.601628 3.363456
v 1.837238 6.569747 3.367545
v 1.837238 5.872713 3.950412
v 4.665676 6.569747 3.367545
v 4.665676 5.872713 3.950413
v 4.665676 5.925629 4.061072
v 4.665676 6.601628 3.405670
v 1.837238 5.925629 4.061072
v 1.837238 6.601628 3.405670
v 3.539439 6.530798 3.505235
v 3.539439 7.227833 2.922366
v 3.539439 6.583715 3.615896
v 3.539439 7.259714 2.960491
v 3.583443 7.227833 2.922366
v 3.583443 6.530798 3.505234
v 6.452540 7.227833 2.922366
v 6.452540 6.530798 3.505235
v 6.452540 6.583715 3.615896
v 6.452540 7.259714 2.960491
v 3.583443 6.583715 3.615896
v 3.583443 7.259714 2.960491
v 1.908924 7.183634 3.011154
v 1.908924 7.880669 2.428286
v 1.908924 7.236551 3.121814
v 1.908924 7.912549 2.466411
v 4.616731 7.880669 2.428286
v 4.616731 7.183633 3.011153
v 6.268095 7.880669 2.428286
v 6.268095 7.183634 3.011154
v 6.268095 7.236551 3.121814
v 6.268095 7.912549 2.466411
v 4.616731 7.236551 3.121814
v 4.616731 7.912549 2.466411
v 1.837238 7.880669 2.470500
v 1.837238 7.183634 3.053367
v 4.665676 7.880669 2.470500
v 4.665676 7.183634 3.053368
v 4.665676 7.250456 3.315109
v 4.665676 7.912549 2.508625
v 1.837238 7.250456 3.315109
v 1.837238 7.912549 2.508625
v 3.539439 7.841720 2.608190
v 3.539439 8.538754 2.025322
v 3.539439 7.894637 2.718851
v 3.539439 8.570635 2.063447
v 3.583443 8.538754 2.025322
v 3.583443 7.841720 2.608190
v 6.452540 8.538754 2.025322
v 6.452540 7.841720 2.608190
v 6.452540 7.894637 2.718851
v 6.452540 8.570635 2.063447
v 3.583443 7.894637 2.718851
v 3.583443 8.570635 2.063447
v 1.908924 8.494555 2.114109
v 1.908924 9.191590 1.531241
v 1.908924 8.547472 2.224770
v 1.908924 9.223471 1.569366
v 4.616731 9.191590 1.531241
v 4.616731 8.494555 2.114109
v 6.268095 9.191590 1.531241
v 6.268095 8.494555 2.114109
v 6.268095 8.561377 2.375851
v 6.268095 9.223471 1.569366
v 4.616731 8.561377 2.375851
v 4.616731 9.223471 1.569366
v 1.837238 9.191590 1.573454
v 1.837238 8.494555 2.156322
v 4.665676 9.191590 1.573454
v 4.665676 8.494556 2.156322
v 4.665676 8.547472 2.266983
v 4.665676 9.223471 1.611579
v 1.837238 8.547472 2.266983
v 1.837238 9.223471 1.611579
v 2.523976 9.849676 1.128277
v 2.523976 9.152640 1.711145
v 6.705044 9.849676 1.128277
v 6.705044 9.152641 1.711145
v 6.705044 9.205558 1.821806
v 6.705044 9.881557 1.166402
v 2.523976 9.205558 1.821806
v 2.523976 9.881557 1.166402
v 1.908924 9.805476 1.217064
v 1.908924 10.502511 0.634197
v 1.908924 9.858395 1.327724
v 1.908924 10.534391 0.672322
v 4.616731 10.502511 0.634197
v 4.616731 9.805476 1.217064
v 7.294733 10.502511 0.634197
v 7.294733 9.805476 1.217064
v 7.294733 9.858395 1.327724
v 7.294733 10.534391 0.672322
v 4.616731 9.858395 1.327724
v 4.616731 10.534391 0.672322
v 1.837238 10.502512 0.676410
v 1.837238 9.805477 1.259277
v 4.665676 10.502512 0.676410
v 4.665676 9.805477 1.259277
v 4.665676 9.872298 1.521020
v 4.665676 10.534392 0.714534
v 1.837238 9.872298 1.521020
v 1.837238 10.534392 0.714534
v 3.539439 10.463563 0.814100
v 3.539439 11.160598 0.231232
v 3.539439 10.516479 0.924760
v 3.539439 11.192478 0.269358
v 3.583443 11.160598 0.231232
v 3.583443 10.463563 0.814100
v 7.637991 11.160598 0.231232
v 7.637991 10.463563 0.814100
v 7.637991 10.516479 0.924760
v 7.637991 11.192478 0.269358
v 3.583443 10.516479 0.924760
v 3.583443 11.192478 0.269358
v 1.908924 11.116398 0.320020
v 1.908924 11.165656 -0.036239
v 1.908924 11.169315 0.430679
v 1.908924 11.197537 0.001886
v 4.616731 11.165656 -0.036239
v 4.616731 11.116398 0.320019
v 6.268095 11.165656 -0.036239
v 6.268095 11.116398 0.320020
v 6.268095 11.169315 0.430679
v 6.268095 11.197537 0.001886
v 4.616731 11.169315 0.430679
v 4.616731 11.197537 0.001886
v 1.837238 11.165651 0.005967
v 1.837238 11.116399 0.362233
v 4.665676 11.165651 0.005967
v 4.665676 11.116399 0.362233
v 4.665676 11.169317 0.472893
v 4.665676 11.197532 0.044092
v 1.837238 11.169317 0.472893
v 1.837238 11.197532 0.044092
v -3.583443 4.605990 4.716456
v -3.583443 3.908956 5.299325
v -6.851449 4.605990 4.716456
v -6.851449 3.908956 5.299325
v -6.851449 3.961872 5.409985
v -6.851449 4.637871 4.754581
v -3.583443 3.961872 5.409985
v -3.583443 4.637871 4.754581
v -1.908924 4.561791 4.805244
v -1.908924 5.258826 4.222376
v 0.000000 4.561791 4.805243
v 0.000000 5.258826 4.222376
v -1.908924 4.614708 5.063800
v -1.908924 5.290706 4.260501
v 0.000000 4.614708 5.063800
v 0.000000 5.290706 4.260501
v -4.616731 5.258826 4.222376
v -4.616731 4.561791 4.805243
v -6.268095 5.258826 4.222376
v -6.268095 4.561791 4.805244
v -6.268095 4.614708 4.915904
v -6.268095 5.290706 4.260501
v -4.616731 4.614708 4.915904
v -4.616731 5.290706 4.260501
v -1.837238 5.258826 4.264589
v -1.837238 4.561791 4.847456
v -4.665676 5.258826 4.264589
v -4.665676 4.561791 4.847457
v -4.665676 4.614708 4.958117
v -4.665676 5.290706 4.302714
v -1.837238 4.614708 4.958117
v -1.837238 5.290706 4.302714
v -3.539439 5.219878 4.402280
v -3.539439 5.916912 3.819412
v 0.000000 5.219877 4.402280
v 0.000000 5.916912 3.819412
v -3.539439 5.286698 4.664022
v -3.539439 5.948792 3.857537
v 0.000000 5.286698 4.664022
v 0.000000 5.948792 3.857537
v -1.908924 5.872713 3.908199
v -1.908924 6.569747 3.325331
v 0.000000 5.872713 3.908199
v 0.000000 6.569747 3.325331
v -1.908924 5.925629 4.018860
v -1.908924 6.601628 3.363456
v 0.000000 5.925629 4.018860
v 0.000000 6.601628 3.363456
v -4.616731 6.569747 3.325331
v -4.616731 5.872713 3.908199
v -6.268095 6.569747 3.325331
v -6.268095 5.872713 3.908199
v -6.268095 5.925629 4.018860
v -6.268095 6.601628 3.363456
v -4.616731 5.925629 4.018860
v -4.616731 6.601628 3.363456
v -1.837238 6.569747 3.367545
v -1.837238 5.872713 3.950412
v -4.665676 6.569747 3.367545
v -4.665676 5.872713 3.950413
v -4.665676 5.925629 4.061072
v -4.665676 6.601628 3.405670
v -1.837238 5.925629 4.061072
v -1.837238 6.601628 3.405670
v -3.539439 6.530798 3.505235
v -3.539439 7.227833 2.922366
v 0.000000 6.530798 3.505234
v 0.000000 7.227833 2.922366
v -3.539439 6.583715 3.615896
v -3.539439 7.259714 2.960491
v 0.000000 6.583715 3.615896
v 0.000000 7.259714 2.960491
v -3.583443 7.227833 2.922366
v -3.583443 6.530798 3.505234
v -6.452540 7.227833 2.922366
v -6.452540 6.530798 3.505235
v -6.452540 6.583715 3.778715
v -6.452540 7.259714 2.960491
v -3.583443 6.583715 3.615896
v -3.583443 7.259714 2.960491
v -1.908924 7.183634 3.011154
v -1.908924 7.880669 2.428286
v 0.000000 7.183633 3.011153
v 0.000000 7.880669 2.428286
v -1.908924 7.236551 3.121814
v -1.908924 7.912549 2.466411
v 0.000000 7.236551 3.121814
v 0.000000 7.912549 2.466411
v -4.616731 7.880669 2.428286
v -4.616731 7.183633 3.011153
v -6.268095 7.880669 2.428286
v -6.268095 7.183634 3.011154
v -6.268095 7.250455 3.272896
v -6.268095 7.912549 2.466411
v -4.616731 7.250455 3.272896
v -4.616731 7.912549 2.466411
v -1.837238 7.880669 2.470500
v -1.837238 7.183634 3.053367
v -4.665676 7.880669 2.470500
v -4.665676 7.183634 3.053368
v -4.665676 7.236552 3.164028
v -4.665676 7.912549 2.508625
v -1.837238 7.236552 3.164028
v -1.837238 7.912549 2.508625
v -3.539439 7.841720 2.608190
v -3.539439 8.538754 2.025322
v 0.000000 7.841720 2.608190
v 0.000000 8.538754 2.025322
v -3.539439 7.894637 2.718851
v -3.539439 8.570635 2.063447
v 0.000000 7.894637 2.718851
v 0.000000 8.570635 2.063447
v -3.583443 8.538754 2.025322
v -3.583443 7.841720 2.608190
v -6.452540 8.538754 2.025322
v -6.452540 7.841720 2.608190
v -6.452540 7.894637 2.718851
v -6.452540 8.570635 2.063447
v -3.583443 7.894637 2.718851
v -3.583443 8.570635 2.063447
v -1.908924 8.494555 2.114109
v -1.908924 9.191590 1.531241
v 0.000000 8.494555 2.114109
v 0.000000 9.191590 1.531241
v -1.908924 8.547472 2.224770
v -1.908924 9.223471 1.569366
v 0.000000 8.547472 2.224770
v 0.000000 9.223471 1.569366
v -4.616731 9.191590 1.531241
v -4.616731 8.494555 2.114109
v -6.268095 9.191590 1.531241
v -6.268095 8.494555 2.114109
v -6.268095 8.547472 2.224770
v -6.268095 9.223471 1.569366
v -4.616731 8.547472 2.224770
v -4.616731 9.223471 1.569366
v -1.837238 9.191590 1.573454
v -1.837238 8.494555 2.156322
v -4.665676 9.191590 1.573454
v -4.665676 8.494556 2.156322
v -4.665676 8.547472 2.266983
v -4.665676 9.223471 1.611579
v -1.837238 8.547472 2.266983
v -1.837238 9.223471 1.611579
v -2.982542 9.849676 1.128277
v -2.982542 9.152640 1.711145
v -6.911659 9.849676 1.128277
v -6.911659 9.152641 1.711145
v -6.911659 9.219462 1.972887
v -6.911659 9.881557 1.166402
v -2.982542 9.219462 1.972887
v -2.982542 9.881557 1.166402
v -1.908924 9.805476 1.217064
v -1.908924 10.502511 0.634197
v 0.000000 9.805476 1.217064
v 0.000000 10.502511 0.634197
v -1.908924 9.858395 1.327724
v -1.908924 10.534391 0.672322
v 0.000000 9.858395 1.327724
v 0.000000 10.534391 0.672322
v -4.616731 10.502511 0.634197
v -4.616731 9.805476 1.217064
v -7.391020 10.502511 0.634197
v -7.391020 9.805476 1.217064
v -7.391020 9.858395 1.327724
v -7.391020 10.534391 0.672322
v -4.616731 9.858395 1.327724
v -4.616731 10.534391 0.672322
v -1.837238 10.502512 0.676410
v -1.837238 9.805477 1.259277
v -4.665676 10.502512 0.676410
v -4.665676 9.805477 1.259277
v -4.665676 9.858394 1.369938
v -4.665676 10.534392 0.714534
v -1.837238 9.858394 1.369938
v -1.837238 10.534392 0.714534
v -3.539439 10.463563 0.814100
v -3.539439 11.160598 0.231232
v 0.000000 10.463563 0.814100
v 0.000000 11.160598 0.231232
v -3.539439 10.530384 1.075842
v -3.539439 11.192478 0.269358
v 0.000000 10.530384 1.075842
v 0.000000 11.192478 0.269358
v -3.583443 11.160598 0.231232
v -3.583443 10.463563 0.814100
v -7.781003 11.160598 0.231232
v -7.781003 10.463563 0.814100
v -7.781003 10.516479 0.924760
v -7.781003 11.192478 0.269358
v -3.583443 10.516479 0.924760
v -3.583443 11.192478 0.269358
v -1.908924 11.116398 0.320020
v -1.908924 11.165656 -0.036239
v 0.000000 11.116398 0.320019
v 0.000000 11.165656 -0.036239
v -1.908924 11.169315 0.430679
v -1.908924 11.197537 0.001886
v 0.000000 11.169315 0.430679
v 0.000000 11.197537 0.001886
v -4.616731 11.165656 -0.036239
v -4.616731 11.116398 0.320019
v -6.268095 11.165656 -0.036239
v -6.268095 11.116398 0.320020
v -6.268095 11.169315 0.430679
v -6.268095 11.197537 0.001886
v -4.616731 11.169315 0.430679
v -4.616731 11.197537 0.001886
v -1.837238 11.165651 0.005967
v -1.837238 11.116399 0.362233
v -4.665676 11.165651 0.005967
v -4.665676 11.116399 0.362233
v -4.665676 11.169317 0.472893
v -4.665676 11.197532 0.044092
v -1.837238 11.169317 0.472893
v -1.837238 11.197532 0.044092
v -4.620865 0.676290 7.446942
v -4.620865 -0.020745 8.029810
v -6.272229 0.676290 7.446942
v -6.272229 -0.020745 8.029810
v -6.272229 0.032172 8.140471
v -6.272229 0.708170 7.485067
v -4.620865 0.032172 8.140471
v -4.620865 0.708170 7.485067
v -1.841372 0.676290 7.489156
v -1.841372 -0.020745 8.072022
v -4.669810 0.676290 7.489156
v -4.669810 -0.020745 8.072023
v -4.669810 0.032172 8.182684
v -4.669810 0.708170 7.527281
v -1.841372 0.032172 8.182683
v -1.841372 0.708170 7.527281
v -3.543572 0.637341 7.626846
v -3.543572 1.334376 7.043977
v -3.543572 0.690258 7.737507
v -3.543572 1.366256 7.082102
v -3.587577 1.334376 7.043977
v -3.587577 0.637341 7.626846
v -6.456674 1.334376 7.043977
v -6.456674 0.637341 7.626846
v -6.456674 0.690258 7.737507
v -6.456674 1.366256 7.082102
v -3.587577 0.690258 7.737507
v -3.587577 1.366256 7.082102
v -1.913057 1.290177 7.132765
v -1.913057 1.987212 6.549896
v -1.913057 1.343093 7.391321
v -1.913057 2.019092 6.588021
v -4.620865 1.987212 6.549896
v -4.620865 1.290176 7.132764
v -6.272229 1.987212 6.549896
v -6.272229 1.290177 7.132765
v -6.272229 1.343093 7.391322
v -6.272229 2.019092 6.588021
v -4.620865 1.343093 7.391322
v -4.620865 2.019092 6.588021
v -3.587577 2.645297 6.146933
v -3.587577 1.948263 6.729800
v -6.456674 2.645297 6.146933
v -6.456674 1.948263 6.729801
v -6.456674 2.001179 6.840462
v -6.456674 2.677178 6.185058
v -3.587577 2.001179 6.840462
v -3.587577 2.677178 6.185058
v -1.913057 2.601098 6.235720
v -1.913057 3.298133 5.652852
v -1.913057 2.654015 6.494277
v -1.913057 3.330014 5.690977
v -4.620865 3.298133 5.652852
v -4.620865 2.601097 6.235720
v -6.272229 3.298133 5.652852
v -6.272229 2.601098 6.235721
v -6.272229 2.667920 6.645358
v -6.272229 3.330014 5.690977
v -4.620865 2.667920 6.645358
v -4.620865 3.330014 5.690977
v -1.841372 3.298133 5.695065
v -1.841372 2.601098 6.277933
v -4.669810 3.298133 5.695065
v -4.669810 2.601099 6.277933
v -4.669810 2.654015 6.388595
v -4.669810 3.330014 5.733191
v -1.841372 2.654015 6.388594
v -1.841372 3.330014 5.733190
v -3.543573 3.259184 5.832756
v -3.543573 3.956219 5.249888
v -3.543573 3.312101 5.943417
v -3.543573 3.988099 5.288013
v -3.587577 3.956219 5.249888
v -3.587577 3.259183 5.832756
v -6.709178 3.956219 5.249888
v -6.709178 3.259184 5.832756
v -6.709178 3.312101 5.943417
v -6.709178 3.988099 5.288013
v -3.587577 3.312101 5.943417
v -3.587577 3.988099 5.288013
v 4.612597 0.676290 7.446941
v 4.612597 -0.020745 8.029808
v 6.263961 0.676290 7.446941
v 6.263961 -0.020745 8.029810
v 6.263961 0.032172 8.140471
v 6.263961 0.708170 7.485066
v 4.612597 0.032172 8.140471
v 4.612597 0.708170 7.485066
v 3.535305 0.637341 7.626845
v 3.535305 1.334376 7.043976
v -0.004134 0.637341 7.626845
v -0.004134 1.334376 7.043977
v 3.535305 0.690258 7.737505
v 3.535305 1.366256 7.082101
v -0.004134 0.690258 7.737506
v -0.004134 1.366256 7.082102
v 3.579310 1.334376 7.043976
v 3.579310 0.637341 7.626845
v 6.448406 1.334376 7.043976
v 6.448406 0.637341 7.626845
v 6.448406 0.690258 7.900326
v 6.448406 1.366256 7.082101
v 3.579310 0.690258 7.737505
v 3.579310 1.366256 7.082101
v 1.904790 1.290177 7.132765
v 1.904790 1.987212 6.549896
v -0.004134 1.290176 7.132764
v -0.004134 1.987212 6.549896
v 1.904790 1.343093 7.243425
v 1.904790 2.019092 6.588021
v -0.004134 1.343093 7.391321
v -0.004134 2.019092 6.588021
v 4.612597 1.987212 6.549895
v 4.612597 1.290176 7.132763
v 6.263961 1.987212 6.549895
v 6.263961 1.290177 7.132764
v 6.263961 1.356998 7.542402
v 6.263961 2.019092 6.588020
v 4.612597 1.356998 7.542402
v 4.612597 2.019092 6.588020
v 1.833104 1.987212 6.592110
v 1.833104 1.290177 7.174978
v 4.661542 1.987212 6.592110
v 4.661542 1.290177 7.174978
v 4.661542 1.343094 7.285638
v 4.661542 2.019092 6.630235
v 1.833104 1.343094 7.285639
v 1.833104 2.019092 6.630235
v 1.904790 2.601098 6.235720
v 1.904790 3.298133 5.652852
v -0.004134 2.601097 6.235719
v -0.004134 3.298133 5.652852
v 1.904790 2.654015 6.346381
v 1.904790 3.330014 5.690977
v -0.004134 2.654015 6.494277
v -0.004134 3.330014 5.690977
v 4.612597 3.298133 5.652851
v 4.612597 2.601097 6.235719
v 6.263961 3.298133 5.652851
v 6.263961 2.601098 6.235720
v 6.263961 2.654015 6.346380
v 6.263961 3.330014 5.690976
v 4.612597 2.654015 6.346380
v 4.612597 3.330014 5.690976
v 1.833104 3.298133 5.695065
v 1.833104 2.601098 6.277933
v 4.661542 3.298133 5.695065
v 4.661542 2.601099 6.277932
v 4.661542 2.654015 6.388594
v 4.661542 3.330014 5.733190
v 1.833104 2.654015 6.388594
v 1.833104 3.330014 5.733190
v 3.535305 3.259184 5.832755
v 3.535305 3.956219 5.249888
v -0.004134 3.259183 5.832756
v -0.004134 3.956219 5.249888
v 3.535305 3.312101 5.943416
v 3.535305 3.988099 5.288013
v -0.004134 3.312101 5.943416
v -0.004134 3.988099 5.288013
v 3.579310 3.956219 5.249888
v 3.579310 3.259183 5.832755
v 6.540361 3.956219 5.249887
v 6.540361 3.259184 5.832755
v 6.540361 3.326005 6.094498
v 6.540361 3.988099 5.288012
v 3.579310 3.326005 6.094498
v 3.579310 3.988099 5.288013
v 6.763658 4.605998 1.685280
v 7.346525 3.908963 1.685281
v 6.763658 4.605999 4.794778
v 7.346526 3.908964 5.074035
v 7.457186 3.961880 5.074035
v 6.801783 4.637879 4.794778
v 7.457186 3.961880 1.685281
v 6.801783 4.637878 1.685280
v 6.449481 5.219886 4.210324
v 5.866613 5.916920 4.210324
v 6.560142 5.272801 4.210324
v 5.904737 5.948800 4.210324
v 5.928865 5.909235 1.714476
v 5.762443 6.802486 1.714476
v 6.051259 5.901123 1.714476
v 5.811299 6.811588 1.714476
v 5.799238 6.781796 1.642790
v 5.965660 5.888546 1.642790
v 5.799238 6.781796 3.346164
v 5.965660 5.888546 3.618805
v 6.088054 5.880433 3.618806
v 5.848095 6.790899 3.346164
v 6.088054 5.880433 1.642790
v 5.848095 6.790899 1.642790
v 5.789472 7.491567 2.310800
v 5.623048 8.384817 2.160140
v 5.911864 7.483455 2.310800
v 5.671906 8.393920 2.160140
v 6.763659 4.605997 -1.802436
v 7.346526 3.908963 -1.802435
v 6.763658 4.605997 -5.050344
v 7.346527 3.908962 -5.465294
v 7.457186 3.961879 -5.465294
v 6.801783 4.637877 -5.050344
v 7.457187 3.961879 -1.802435
v 6.801784 4.637877 -1.802436
v 6.311790 5.258833 -2.031686
v 6.894658 4.561798 -2.031685
v 6.311791 5.258832 -4.405035
v 6.894659 4.561798 -4.860124
v 7.005319 4.614715 -4.860124
v 6.349916 5.290713 -4.405035
v 7.005319 4.614716 -2.031685
v 6.349916 5.290713 -2.031686
v 6.449481 5.219884 -4.432997
v 5.866613 5.916919 -3.733887
v 6.449481 5.219884 -0.194448
v 5.866613 5.916919 -0.194448
v 6.711224 5.286705 -4.432997
v 5.904738 5.948799 -3.733887
v 6.711224 5.286705 -0.194448
v 5.904738 5.948800 -0.194448
v 5.928865 5.909235 -2.103371
v 5.762443 6.802485 -2.103372
v 5.928864 5.909235 -0.194448
v 5.762443 6.802485 -0.194448
v 6.051259 5.901122 -2.103371
v 5.811299 6.811587 -2.103372
v 6.051259 5.901122 -0.194448
v 5.811299 6.811587 -0.194448
v 5.799238 6.781795 -2.031686
v 5.965660 5.888545 -2.031686
v 5.799238 6.781795 -3.215582
v 5.965661 5.888545 -3.859569
v 6.088054 5.880432 -3.859569
v 5.848095 6.790898 -3.215582
v 6.088054 5.880432 -2.031686
v 5.848095 6.790898 -2.031686
v 5.789472 7.491566 -2.559875
v 5.623048 8.384817 -2.332093
v 5.789470 7.491567 -0.194448
v 5.623048 8.384817 -0.194448
v 5.911864 7.483454 -2.559875
v 5.671906 8.393920 -2.332093
v 5.911864 7.483454 -0.194448
v 5.671906 8.393920 -0.194448
v -6.763658 4.605998 2.080534
v -7.346525 3.908963 2.080535
v -6.763658 4.605999 4.794778
v -7.346526 3.908964 5.074035
v -7.457186 3.961880 5.074035
v -6.801783 4.637879 4.794778
v -7.457186 3.961880 2.080535
v -6.801783 4.637878 2.080534
v -6.852446 4.561799 1.714476
v -6.269577 5.258834 1.714476
v -6.963105 4.614716 1.714476
v -6.307702 5.290714 1.714476
v -6.311790 5.258834 1.642790
v -6.894658 4.561799 1.642790
v -6.311790 5.258834 4.471229
v -6.894658 4.561800 4.471229
v -7.005319 4.614717 4.471229
v -6.349916 5.290715 4.471229
v -7.005319 4.614717 1.642790
v -6.349916 5.290714 1.642790
v -6.449481 5.219886 3.344990
v -5.866613 5.916920 3.344991
v -6.560142 5.272801 3.344990
v -5.904737 5.948800 3.344991
v -5.928865 5.909235 1.714476
v -5.762443 6.802486 1.714476
v -6.051259 5.901123 1.714476
v -5.811299 6.811588 1.714476
v -5.799238 6.781796 1.642790
v -5.965660 5.888546 1.642790
v -5.799238 6.781796 3.346164
v -5.965660 5.888546 3.618805
v -6.088054 5.880433 3.618806
v -5.848095 6.790899 3.346164
v -6.088054 5.880433 1.642790
v -5.848095 6.790899 1.642790
v -5.900166 6.680360 3.344990
v -5.733742 7.573611 2.739551
v -6.168694 6.590076 3.344990
v -5.782599 7.582714 2.739551
v -5.789472 7.491567 2.310800
v -5.623048 8.384817 2.160140
v -5.911864 7.483455 2.310800
v -5.671906 8.393920 2.160140
v -6.763659 4.605997 -2.574171
v -7.346526 3.908963 -2.574171
v -6.763658 4.605997 -5.050344
v -7.346527 3.908962 -5.465294
v -7.457186 3.961879 -5.465294
v -6.801783 4.637877 -5.050344
v -7.457187 3.961879 -2.574171
v -6.801784 4.637877 -2.574171
v -6.852445 4.561798 -2.103371
v -6.269577 5.258833 -2.103371
v -6.852445 4.561799 -0.194448
v -6.269577 5.258833 -0.194448
v -6.963105 4.614715 -2.103371
v -6.307702 5.290713 -2.103371
v -6.963105 4.614715 -0.194448
v -6.307702 5.290714 -0.194448
v -6.311790 5.258833 -2.031686
v -6.894658 4.561798 -2.031685
v -6.311791 5.258832 -4.405035
v -6.894659 4.561798 -4.860124
v -7.005319 4.614715 -4.860124
v -6.349916 5.290713 -4.405035
v -7.005319 4.614716 -2.031685
v -6.349916 5.290713 -2.031686
v -6.449481 5.219885 -4.105456
v -5.866613 5.916919 -3.733887
v -6.449481 5.219884 -0.194448
v -5.866613 5.916919 -0.194448
v -6.711224 5.286705 -4.105456
v -5.904738 5.948799 -3.733887
v -6.711224 5.286705 -0.194448
v -5.904738 5.948800 -0.194448
v -5.928865 5.909235 -2.103371
v -5.762443 6.802485 -2.103372
v -5.928864 5.909235 -0.194448
v -5.762443 6.802485 -0.194448
v -6.051259 5.901122 -2.103371
v -5.811299 6.811587 -2.103372
v -6.051259 5.901122 -0.194448
v -5.811299 6.811587 -0.194448
v -5.799238 6.781795 -2.031686
v -5.965660 5.888545 -2.031686
v -5.799238 6.781795 -3.215582
v -5.965661 5.888545 -3.859569
v -6.088054 5.880432 -3.859569
v -5.848095 6.790898 -3.215582
v -6.088054 5.880432 -2.031686
v -5.848095 6.790898 -2.031686
v -5.900166 6.680359 -3.328515
v -5.733743 7.573610 -2.720005
v -5.900166 6.680360 -0.194448
v -5.733743 7.573610 -0.194448
v -6.022559 6.672246 -3.328515
v -5.782599 7.582712 -2.720005
v -6.168694 6.590075 -0.194448
v -5.782599 7.582713 -0.194448
v -5.789472 7.491566 -2.559875
v -5.623048 8.384817 -2.332093
v -5.789470 7.491567 -0.194448
v -5.623048 8.384817 -0.194448
v -5.911864 7.483454 -2.559875
v -5.671906 8.393920 -2.332093
v -5.911864 7.483454 -0.194448
v -5.671906 8.393920 -0.194448
v 6.731515 4.690975 1.714476
v 6.288878 5.484490 1.714476
v 6.850104 4.722324 1.714476
v 6.332281 5.508700 1.714476
v 6.731515 4.690974 -2.103371
v 6.288878 5.484489 -2.103371
v 6.731514 4.690974 -0.194448
v 6.288878 5.484490 -0.194448
v 6.850104 4.722323 -2.103371
v 6.332281 5.508699 -2.103371
v 6.850104 4.722323 -0.194448
v 6.332281 5.508699 -0.194448
v 9.696844 3.761098 0.030280
v 10.423244 3.629160 0.030280
v 9.696844 3.761098 2.696445
v 10.423245 3.629161 2.696445
v 10.480925 3.737414 2.696445
v 9.708616 3.809380 2.696445
v 10.480925 3.813860 0.030280
v 9.708616 3.885826 0.030280
v 9.730824 3.786144 -2.493753
v 10.613580 3.570896 -2.493753
v 9.730824 3.786144 0.334685
v 10.613580 3.570897 0.334685
v 10.671259 3.679152 0.334685
v 9.742596 3.834427 0.334685
v 10.671259 3.679151 -2.493753
v 9.742596 3.834427 -2.493753
v 8.982011 4.051736 -0.747546
v 9.864767 3.836488 -0.747547
v 8.982011 4.051736 2.121550
v 9.864766 3.836489 2.121550
v 10.035812 4.045578 2.121551
v 8.993783 4.100019 2.121550
v 10.035812 4.045578 -0.747547
v 8.993783 4.100019 -0.747547
v 8.196946 4.284084 -0.220573
v 9.079703 4.068836 -0.220573
v 8.196946 4.284085 2.299570
v 9.079705 4.068839 2.299570
v 9.137385 4.177092 2.299570
v 8.208719 4.332367 2.299570
v 9.137385 4.177092 -0.220573
v 8.208720 4.332368 -0.220573
v 8.230927 4.309130 -2.493753
v 9.113686 4.093884 -2.493753
v 8.230927 4.309131 -0.156125
v 9.113686 4.093884 -0.156125
v 9.171363 4.202138 -0.156125
v 8.242701 4.357415 -0.156125
v 9.171363 4.202137 -2.493753
v 8.242701 4.357415 -2.493753
v 7.482112 4.574722 -0.747547
v 8.364870 4.359475 -0.747546
v 7.482112 4.574723 2.121550
v 8.364870 4.359476 2.121550
v 8.422550 4.467730 2.121550
v 7.493886 4.623005 2.121550
v 8.422552 4.467731 -0.747547
v 7.493886 4.623005 -0.747547
v 6.697050 4.807071 -0.152791
v 7.579808 4.591824 -0.152791
v 6.697050 4.807071 2.375637
v 7.579807 4.591824 2.375637
v 7.637488 4.700079 2.375637
v 6.708823 4.855355 2.375637
v 7.637488 4.700079 -0.152791
v 6.708823 4.855354 -0.152791
v 6.731030 4.832118 -2.493753
v 7.613788 4.616871 -2.493753
v 6.731030 4.832118 0.079225
v 7.613788 4.616872 0.079225
v 7.784831 4.825960 0.079225
v 6.742804 4.880402 0.079225
v 7.784831 4.825960 -2.493753
v 6.742804 4.880401 -2.493753
v 8.982011 4.103196 -2.758457
v 9.864767 3.887948 -2.758457
v 8.982011 4.103196 -0.193829
v 9.864766 3.887949 -0.193829
v 10.035812 4.097038 -0.193828
v 8.993783 4.151479 -0.193829
v 10.035812 4.097038 -2.758457
v 8.993783 4.151478 -2.758457
v 7.482112 4.626182 -2.771217
v 8.364870 4.410935 -2.771217
v 7.482112 4.626183 -0.539159
v 8.364870 4.410935 -0.539159
v 8.422550 4.519190 -0.539159
v 7.493886 4.674465 -0.539159
v 8.422552 4.519190 -2.771218
v 7.493886 4.674465 -2.771217
v 6.181167 3.082808 -5.731228
v 6.181167 12.441422 1.564088
v 6.181167 3.348510 -6.072077
v 6.181167 12.707124 1.223240
v 6.299785 3.082808 -5.731228
v 6.299785 12.441422 1.564088
v 6.299785 3.348510 -6.072077
v 6.299785 12.707124 1.223240
v 6.158914 0.180305 8.659069
v 6.158914 12.797686 -1.035914
v 6.158914 -0.292906 8.043217
v 6.158914 12.324476 -1.651767
v 6.322038 0.180305 8.659069
v 6.322038 12.797686 -1.035914
v 6.322038 -0.292906 8.043217
v 6.322038 12.324476 -1.651767
v 6.286939 8.394170 2.288388
v 6.286939 8.942908 1.873972
v 6.286939 8.394170 -2.141243
v 6.286939 8.942908 -1.707221
v 6.476499 8.394170 2.288388
v 6.476499 8.942908 1.873972
v 6.476499 8.394170 -2.141243
v 6.476499 8.942908 -1.707221
v 6.286939 6.460540 3.736169
v 6.286939 6.877517 3.465920
v 6.286939 6.460539 -3.542594
v 6.286939 6.877516 -3.264417
v 6.476499 6.460540 3.736169
v 6.476499 6.877517 3.465920
v 6.476499 6.460539 -3.542594
v 6.476499 6.877516 -3.264417
v 2.050586 3.597140 -5.330291
v 2.050586 11.997932 0.673476
v 2.050586 3.907757 -5.707061
v 2.050586 12.308548 0.296708
v 2.169205 3.597140 -5.330291
v 2.169205 11.997932 0.673476
v 2.169205 3.907757 -5.707061
v 2.169205 12.308548 0.296708
v 2.028333 0.130119 8.593755
v 2.028333 12.985807 -0.592856
v 2.028333 -0.316056 8.013088
v 2.028333 12.539633 -1.139818
v 2.191457 0.130119 8.593755
v 2.191457 12.985807 -0.592856
v 2.191457 -0.316056 8.013088
v 2.191457 12.539633 -1.139818
v 2.156359 8.394170 2.288388
v 2.156359 8.942908 1.873972
v 2.156359 8.394170 -2.141243
v 2.156359 8.942908 -1.707221
v 2.345919 8.394170 2.288388
v 2.345919 8.942908 1.873972
v 2.345919 8.394170 -2.141243
v 2.345919 8.942908 -1.707221
v 2.156359 5.795390 3.895667
v 2.156359 6.212366 3.582805
v 2.156359 5.795389 -3.880281
v 2.156359 6.212365 -3.558240
v 2.345919 5.795390 3.895667
v 2.345919 6.212366 3.582805
v 2.345919 5.795389 -3.880281
v 2.345919 6.212365 -3.558240
v 8.220597 11.168933 -0.109720
v 8.220597 11.168933 0.307257
v 8.220597 11.358493 -0.109720
v 8.220597 11.358493 0.307257
v 7.175337 8.700391 -1.324481
v 7.175337 9.117368 -1.324480
v 7.175337 8.700391 -1.514040
v 7.175337 9.117368 -1.514040
v 6.712048 6.693623 -2.748331
v 6.712048 7.110600 -2.748331
v 6.712048 6.693623 -2.937891
v 6.712048 7.110600 -2.937891
v 7.175337 8.700391 1.661372
v 7.175337 9.117368 1.661373
v 7.175337 8.700391 1.471812
v 7.175337 9.117368 1.471813
v 6.712048 6.693624 3.260572
v 6.712048 7.110601 3.260572
v 6.712048 6.693624 3.071012
v 6.712048 7.110601 3.071012
v 3.570848 3.549519 -5.360377
v 3.570848 12.441422 1.039098
v 3.570848 3.904508 -5.799340
v 3.570848 12.796410 0.600136
v 3.689466 3.549519 -5.360377
v 3.689466 12.441422 1.039098
v 3.689466 3.904508 -5.799340
v 3.689466 12.796410 0.600136
v 3.676620 8.394170 2.288388
v 3.676620 8.942908 1.873972
v 3.676620 8.394170 -2.141243
v 3.676620 8.942908 -1.707221
v 3.866180 8.394170 2.288388
v 3.866180 8.942908 1.873972
v 3.866180 8.394170 -2.141243
v 3.866180 8.942908 -1.707221
v 3.676620 5.795390 3.895667
v 3.676620 6.212366 3.582805
v 3.676620 5.795389 -3.880281
v 3.676620 6.212365 -3.558240
v 3.866180 5.795390 3.895667
v 3.866180 6.212366 3.582805
v 3.866180 5.795389 -3.880281
v 3.866180 6.212365 -3.558240
v 6.860195 8.179378 -2.334365
v 6.860195 8.499433 -2.067091
v 6.860195 8.269290 -2.496729
v 6.860195 8.589344 -2.229456
v 7.221539 4.666293 -4.721776
v 7.221539 4.986348 -4.454503
v 7.221539 4.756205 -4.884140
v 7.221539 5.076259 -4.616868
v 7.026050 7.452594 2.954481
v 7.026050 7.765479 2.678848
v 7.026050 7.305811 2.840898
v 7.026050 7.618695 2.565265
v 6.714623 4.663103 4.303015
v 6.714623 4.975987 4.027381
v 6.714623 4.516320 4.189432
v 6.714623 4.829204 3.913799
v 6.707752 2.022059 6.756805
v 6.707752 2.334943 6.481172
v 6.707752 1.875276 6.643222
v 6.707752 2.188159 6.367589
v 5.988652 5.777021 4.611027
v 5.988652 5.984153 4.424017
v 5.988652 5.777020 -4.418404
v 5.988652 5.984152 -4.240458
v 6.178212 5.777021 4.611027
v 6.178212 5.984153 4.424017
v 6.178212 5.777020 -4.418404
v 6.178212 5.984152 -4.240458
v 6.005572 3.334268 1.970916
v 6.005572 3.692917 2.063723
v 6.005572 4.337690 -1.906773
v 6.005572 4.696339 -1.813966
v 6.195132 3.334268 1.970916
v 6.195132 3.692917 2.063723
v 6.195132 4.337690 -1.906773
v 6.195132 4.696339 -1.813966
v 6.005572 1.516272 -1.879547
v 6.005572 1.813498 -2.100678
v 6.005572 -0.019118 -3.943284
v 6.005572 0.278107 -4.164415
v 6.195132 1.516272 -1.879547
v 6.195132 1.813498 -2.100678
v 6.195132 -0.019118 -3.943284
v 6.195132 0.278107 -4.164415
v 6.005572 0.022635 3.913292
v 6.005572 0.315862 4.139699
v 6.005572 1.594656 1.877319
v 6.005572 1.887882 2.103726
v 6.195132 0.022635 3.913292
v 6.195132 0.315862 4.139699
v 6.195132 1.594656 1.877319
v 6.195132 1.887882 2.103726
v 6.005572 1.808436 -1.912578
v 6.005572 2.082170 -1.912578
v 6.005572 1.808436 -4.054120
v 6.005572 2.082169 -4.054120
v 6.195132 1.808436 -1.912578
v 6.195132 2.082170 -1.912578
v 6.195132 1.808436 -4.054120
v 6.195132 2.082169 -4.054120
v 5.966073 4.447735 1.915649
v 5.966073 4.681270 1.778285
v 5.966073 3.439641 -1.804242
v 5.966073 3.673176 -1.941606
v 6.155633 4.447735 1.915649
v 6.155633 4.681270 1.778285
v 6.155633 3.439641 -1.804242
v 6.155633 3.673176 -1.941606
v 6.005572 1.808437 4.073607
v 6.005572 2.082170 4.073607
v 6.005572 1.808437 1.932066
v 6.005572 2.082170 1.932066
v 6.195132 1.808437 4.073607
v 6.195132 2.082170 4.073607
v 6.195132 1.808437 1.932066
v 6.195132 2.082170 1.932066
v 5.965607 3.216881 -1.879547
v 5.965607 3.456229 -2.100678
v 5.965607 1.980468 -3.943284
v 5.965607 2.219817 -4.164416
v 6.155167 3.216881 -1.879547
v 6.155167 3.456229 -2.100678
v 6.155167 1.980468 -3.943284
v 6.155167 2.219817 -4.164416
v 5.965607 2.014091 3.913292
v 5.965607 2.250220 4.139699
v 5.965607 3.280001 1.877318
v 5.965607 3.516130 2.103725
v 6.155167 2.014091 3.913292
v 6.155167 2.250220 4.139699
v 6.155167 3.280001 1.877318
v 6.155167 3.516130 2.103725
v 3.697370 2.841419 -3.873929
v 3.961877 3.084162 -3.873929
v 6.107018 0.170645 -3.873928
v 6.371525 0.413387 -3.873928
v 3.697370 2.841419 -3.730785
v 3.961877 3.084162 -3.730785
v 6.107018 0.170645 -3.730784
v 6.371525 0.413387 -3.730784
v 3.697371 2.841420 4.131917
v 3.961878 3.084162 4.131917
v 6.107019 0.170646 4.131917
v 6.371525 0.413388 4.131917
v 3.697371 2.841420 4.275061
v 3.961878 3.084162 4.275061
v 6.107019 0.170646 4.275062
v 6.371525 0.413388 4.275062
v 0.213997 0.333125 -4.055055
v 2.999182 2.727779 -4.055056
v 2.772121 2.987106 -4.055056
v 0.213997 0.333125 -3.905549
v 2.999182 2.727779 -3.905549
v 2.772121 2.987106 -3.905549
v 0.213997 0.333127 4.306682
v 2.999183 2.727781 4.306681
v 2.772122 2.987108 4.306681
v 0.213997 0.333127 4.456189
v 2.999183 2.727781 4.456188
v 2.772122 2.987108 4.456188
v 10.388828 1.847420 -2.019217
v 10.388828 2.121153 -2.019217
v 6.013070 1.847420 -2.019217
v 6.013070 2.121153 -2.019217
v 10.388828 1.847420 -2.122591
v 10.388828 2.121153 -2.122591
v 6.013070 1.847420 -2.122591
v 6.013070 2.121153 -2.122591
v 9.952955 0.249862 -2.084866
v 10.057598 0.502804 -2.084866
v 6.126928 1.832711 -2.084866
v 6.231571 2.085653 -2.084866
v 9.952955 0.249862 -2.188240
v 10.057598 0.502804 -2.188240
v 6.126928 1.832711 -2.188240
v 6.231571 2.085653 -2.188240
v 6.038570 8.515978 -0.068178
v 6.038570 8.515978 0.309300
v 7.568085 11.299803 -0.068179
v 7.568085 11.299803 0.309300
v 6.226236 8.489244 -0.068178
v 6.226236 8.489244 0.309300
v 7.755751 11.273070 -0.068179
v 7.755751 11.273070 0.309300
v 5.931113 5.571592 -0.068178
v 5.931113 5.571592 0.309300
v 5.841742 8.710795 -0.068178
v 5.841742 8.710795 0.309300
v 6.106508 5.642681 -0.068178
v 6.106508 5.642681 0.309300
v 6.017136 8.781886 -0.068178
v 6.017136 8.781886 0.309300
v 5.931113 5.571592 -1.075483
v 5.931113 5.571592 -0.698005
v 5.841742 8.710795 -1.075484
v 5.841742 8.710795 -0.698005
v 6.106508 5.642681 -1.075483
v 6.106508 5.642681 -0.698005
v 6.017136 8.781886 -1.075484
v 6.017136 8.781886 -0.698005
v 5.931113 5.571592 0.973669
v 5.931113 5.571592 1.351147
v 5.841742 8.710795 0.973668
v 5.841742 8.710795 1.351147
v 6.106508 5.642681 0.973669
v 6.106508 5.642681 1.351147
v 6.017136 8.781886 0.973668
v 6.017136 8.781886 1.351147
v 5.815912 5.635337 -2.154076
v 5.815912 5.635337 -1.854802
v 6.528045 8.694006 -2.154077
v 6.528045 8.694006 -1.854802
v 6.003620 5.659470 -2.154076
v 6.003620 5.659470 -1.854802
v 6.715754 8.718141 -2.154077
v 6.715754 8.718141 -1.854802
v 5.939881 5.608489 1.677757
v 5.939881 5.608489 2.055236
v 6.443969 8.708242 1.677757
v 6.443969 8.708242 2.055235
v 6.125533 5.645234 1.677757
v 6.125533 5.645234 2.055236
v 6.629621 8.744990 1.677757
v 6.629621 8.744990 2.055235
v 8.531394 0.253682 -2.037529
v 8.661458 0.253682 -2.037529
v 8.531394 2.040956 -1.986647
v 8.661458 2.040956 -1.986647
v 8.531394 0.294155 -2.137389
v 8.661458 0.294155 -2.137389
v 8.531394 2.081431 -2.086505
v 8.661458 2.081431 -2.086505
v 8.012043 0.253682 -2.037529
v 8.226956 0.253682 -2.037529
v 8.012043 2.040956 -1.986647
v 8.226956 2.040956 -1.986647
v 8.012043 0.294155 -2.137389
v 8.226956 0.294155 -2.137389
v 8.012043 2.081431 -2.086505
v 8.226956 2.081431 -2.086505
v 9.082133 0.253682 -2.037529
v 9.297048 0.253682 -2.037529
v 9.082133 2.040956 -1.986647
v 9.297048 2.040956 -1.986647
v 9.082133 0.294155 -2.137389
v 9.297048 0.294155 -2.137389
v 9.082133 2.081431 -2.086505
v 9.297048 2.081431 -2.086506
v 7.106016 0.253682 -2.037529
v 7.320929 0.253682 -2.037529
v 7.106016 2.040956 -1.986647
v 7.320929 2.040956 -1.986647
v 7.106016 0.294155 -2.137389
v 7.320929 0.294155 -2.137389
v 7.106016 2.081431 -2.086505
v 7.320929 2.081431 -2.086505
v 6.628246 0.253682 -2.037529
v 6.758310 0.253682 -2.037529
v 6.628246 2.040956 -1.986647
v 6.758310 2.040956 -1.986647
v 6.628246 0.294155 -2.137389
v 6.758310 0.294155 -2.137389
v 6.628246 2.081431 -2.086505
v 6.758310 2.081431 -2.086505
v 7.578115 0.259849 -2.037529
v 7.708032 0.249596 -2.037529
v 7.629719 2.045089 -1.986647
v 7.759636 2.034835 -1.986647
v 7.579284 0.300277 -2.137389
v 7.709200 0.290023 -2.137389
v 7.630888 2.085517 -2.086505
v 7.760805 2.075264 -2.086506
v -6.181167 3.082808 -5.731228
v -6.181167 12.441422 1.564088
v -6.181167 3.348510 -6.072077
v -6.181167 12.707124 1.223240
v -6.299785 3.082808 -5.731228
v -6.299785 12.441422 1.564088
v -6.299785 3.348510 -6.072077
v -6.299785 12.707124 1.223240
v -6.158914 0.180305 8.659069
v -6.158914 12.797686 -1.035914
v -6.158914 -0.292906 8.043217
v -6.158914 12.324476 -1.651767
v -6.322038 0.180305 8.659069
v -6.322038 12.797686 -1.035914
v -6.322038 -0.292906 8.043217
v -6.322038 12.324476 -1.651767
v -6.286939 8.394170 2.288388
v -6.286939 8.942908 1.873972
v -6.286939 8.394170 -2.141243
v -6.286939 8.942908 -1.707221
v -6.476499 8.394170 2.288388
v -6.476499 8.942908 1.873972
v -6.476499 8.394170 -2.141243
v -6.476499 8.942908 -1.707221
v -6.286939 6.460540 3.736169
v -6.286939 6.877517 3.465920
v -6.286939 6.460539 -3.542594
v -6.286939 6.877516 -3.264417
v -6.476499 6.460540 3.736169
v -6.476499 6.877517 3.465920
v -6.476499 6.460539 -3.542594
v -6.476499 6.877516 -3.264417
v -2.050586 3.597140 -5.330291
v -2.050586 11.997932 0.673476
v -2.050586 3.907757 -5.707061
v -2.050586 12.308548 0.296708
v -2.169205 3.597140 -5.330291
v -2.169205 11.997932 0.673476
v -2.169205 3.907757 -5.707061
v -2.169205 12.308548 0.296708
v -2.028333 0.130119 8.593755
v -2.028333 12.985807 -0.592856
v -2.028333 -0.316056 8.013088
v -2.028333 12.539633 -1.139818
v -2.191457 0.130119 8.593755
v -2.191457 12.985807 -0.592856
v -2.191457 -0.316056 8.013088
v -2.191457 12.539633 -1.139818
v -2.156359 8.394170 2.288388
v -2.156359 8.942908 1.873972
v -2.156359 8.394170 -2.141243
v -2.156359 8.942908 -1.707221
v -2.345919 8.394170 2.288388
v -2.345919 8.942908 1.873972
v -2.345919 8.394170 -2.141243
v -2.345919 8.942908 -1.707221
v -2.156359 5.795390 3.895667
v -2.156359 6.212366 3.582805
v -2.156359 5.795389 -3.880281
v -2.156359 6.212365 -3.558240
v -2.345919 5.795390 3.895667
v -2.345919 6.212366 3.582805
v -2.345919 5.795389 -3.880281
v -2.345919 6.212365 -3.558240
v -8.220597 11.168933 -0.109720
v -8.220597 11.168933 0.307257
v 0.000000 11.168933 -0.109720
v 0.000000 11.168933 0.307257
v -8.220597 11.358493 -0.109720
v -8.220597 11.358493 0.307257
v 0.000000 11.358493 -0.109720
v 0.000000 11.358493 0.307257
v -7.175337 8.700391 -1.324481
v -7.175337 9.117368 -1.324480
v 0.000000 8.700391 -1.324480
v 0.000000 9.117368 -1.324480
v -7.175337 8.700391 -1.514040
v -7.175337 9.117368 -1.514040
v 0.000000 8.700391 -1.514040
v 0.000000 9.117368 -1.514040
v -6.712048 6.693623 -2.748331
v -6.712048 7.110600 -2.748331
v 0.000000 6.693623 -2.748330
v 0.000000 7.110600 -2.748330
v -6.712048 6.693623 -2.937891
v -6.712048 7.110600 -2.937891
v 0.000000 6.693623 -2.937890
v 0.000000 7.110600 -2.937890
v -7.175337 8.700391 1.661372
v -7.175337 9.117368 1.661373
v 0.000000 8.700391 1.661373
v 0.000000 9.117368 1.661373
v -7.175337 8.700391 1.471812
v -7.175337 9.117368 1.471813
v 0.000000 8.700391 1.471813
v 0.000000 9.117368 1.471813
v -6.712048 6.693624 3.260572
v -6.712048 7.110601 3.260572
v 0.000000 6.693624 3.260572
v 0.000000 7.110601 3.260572
v -6.712048 6.693624 3.071012
v -6.712048 7.110601 3.071012
v 0.000000 6.693624 3.071012
v 0.000000 7.110601 3.071012
v -3.570848 3.549519 -5.360377
v -3.570848 12.441422 1.039098
v -3.570848 3.904508 -5.799340
v -3.570848 12.796410 0.600136
v -3.689466 3.549519 -5.360377
v -3.689466 12.441422 1.039098
v -3.689466 3.904508 -5.799340
v -3.689466 12.796410 0.600136
v -3.676620 8.394170 2.288388
v -3.676620 8.942908 1.873972
v -3.676620 8.394170 -2.141243
v -3.676620 8.942908 -1.707221
v -3.866180 8.394170 2.288388
v -3.866180 8.942908 1.873972
v -3.866180 8.394170 -2.141243
v -3.866180 8.942908 -1.707221
v -3.676620 5.795390 3.895667
v -3.676620 6.212366 3.582805
v -3.676620 5.795389 -3.880281
v -3.676620 6.212365 -3.558240
v -3.866180 5.795390 3.895667
v -3.866180 6.212366 3.582805
v -3.866180 5.795389 -3.880281
v -3.866180 6.212365 -3.558240
v -6.860195 8.179378 -2.334365
v -6.860195 8.499433 -2.067091
v 0.000000 8.179378 -2.334365
v 0.000000 8.499433 -2.067091
v -6.860195 8.269290 -2.496729
v -6.860195 8.589344 -2.229456
v 0.000000 8.269290 -2.496729
v 0.000000 8.589344 -2.229456
v -7.221539 4.666293 -4.721776
v -7.221539 4.986348 -4.454503
v 0.000000 4.666293 -4.721776
v 0.000000 4.986348 -4.454503
v -7.221539 4.756205 -4.884140
v -7.221539 5.076259 -4.616868
v 0.000000 4.756205 -4.884140
v 0.000000 5.076259 -4.616868
v -7.026050 7.452594 2.954481
v -7.026050 7.765479 2.678848
v 0.000000 7.452594 2.954481
v 0.000000 7.765479 2.678848
v -7.026050 7.305811 2.840898
v -7.026050 7.618695 2.565265
v 0.000000 7.305811 2.840898
v 0.000000 7.618695 2.565265
v -6.714623 4.663103 4.303015
v -6.714623 4.975987 4.027381
v 0.000000 4.663103 4.303015
v 0.000000 4.975987 4.027381
v -6.714623 4.516320 4.189432
v -6.714623 4.829204 3.913799
v 0.000000 4.516320 4.189432
v 0.000000 4.829204 3.913799
v -6.707752 2.022059 6.756805
v -6.707752 2.334943 6.481172
v 0.000000 2.022059 6.756805
v 0.000000 2.334943 6.481172
v -6.707752 1.875276 6.643222
v -6.707752 2.188159 6.367589
v 0.000000 1.875276 6.643222
v 0.000000 2.188159 6.367589
v -5.988652 5.777021 4.611027
v -5.988652 5.984153 4.424017
v -5.988652 5.777020 -4.418404
v -5.988652 5.984152 -4.240458
v -6.178212 5.777021 4.611027
v -6.178212 5.984153 4.424017
v -6.178212 5.777020 -4.418404
v -6.178212 5.984152 -4.240458
v -6.005572 3.334268 1.970916
v -6.005572 3.692917 2.063723
v -6.005572 4.337690 -1.906773
v -6.005572 4.696339 -1.813966
v -6.195132 3.334268 1.970916
v -6.195132 3.692917 2.063723
v -6.195132 4.337690 -1.906773
v -6.195132 4.696339 -1.813966
v -6.005572 1.516272 -1.879547
v -6.005572 1.813498 -2.100678
v -6.005572 -0.019118 -3.943284
v -6.005572 0.278107 -4.164415
v -6.195132 1.516272 -1.879547
v -6.195132 1.813498 -2.100678
v -6.195132 -0.019118 -3.943284
v -6.195132 0.278107 -4.164415
v -6.005572 0.022635 3.913292
v -6.005572 0.315862 4.139699
v -6.005572 1.594656 1.877319
v -6.005572 1.887882 2.103726
v -6.195132 0.022635 3.913292
v -6.195132 0.315862 4.139699
v -6.195132 1.594656 1.877319
v -6.195132 1.887882 2.103726
v -6.005572 1.808436 -1.912578
v -6.005572 2.082170 -1.912578
v -6.005572 1.808436 -4.054120
v -6.005572 2.082169 -4.054120
v -6.195132 1.808436 -1.912578
v -6.195132 2.082170 -1.912578
v -6.195132 1.808436 -4.054120
v -6.195132 2.082169 -4.054120
v -5.966073 4.447735 1.915649
v -5.966073 4.681270 1.778285
v -5.966073 3.439641 -1.804242
v -5.966073 3.673176 -1.941606
v -6.155633 4.447735 1.915649
v -6.155633 4.681270 1.778285
v -6.155633 3.439641 -1.804242
v -6.155633 3.673176 -1.941606
v -6.005572 1.808437 4.073607
v -6.005572 2.082170 4.073607
v -6.005572 1.808437 1.932066
v -6.005572 2.082170 1.932066
v -6.195132 1.808437 4.073607
v -6.195132 2.082170 4.073607
v -6.195132 1.808437 1.932066
v -6.195132 2.082170 1.932066
v -5.965607 3.216881 -1.879547
v -5.965607 3.456229 -2.100678
v -5.965607 1.980468 -3.943284
v -5.965607 2.219817 -4.164416
v -6.155167 3.216881 -1.879547
v -6.155167 3.456229 -2.100678
v -6.155167 1.980468 -3.943284
v -6.155167 2.219817 -4.164416
v -5.965607 2.014091 3.913292
v -5.965607 2.250220 4.139699
v -5.965607 3.280001 1.877318
v -5.965607 3.516130 2.103725
v -6.155167 2.014091 3.913292
v -6.155167 2.250220 4.139699
v -6.155167 3.280001 1.877318
v -6.155167 3.516130 2.103725
v -3.697370 2.841419 -3.873929
v -3.961877 3.084162 -3.873929
v -6.107018 0.170645 -3.873928
v -6.371525 0.413387 -3.873928
v -3.697370 2.841419 -3.730785
v -3.961877 3.084162 -3.730785
v -6.107018 0.170645 -3.730784
v -6.371525 0.413387 -3.730784
v -3.697371 2.841420 4.131917
v -3.961878 3.084162 4.131917
v -6.107019 0.170646 4.131917
v -6.371525 0.413388 4.131917
v -3.697371 2.841420 4.275061
v -3.961878 3.084162 4.275061
v -6.107019 0.170646 4.275062
v -6.371525 0.413388 4.275062
v -0.213997 0.333125 -4.055055
v 0.000000 0.592452 -4.055055
v -2.999182 2.727779 -4.055056
v -2.772121 2.987106 -4.055056
v -0.213997 0.333125 -3.905549
v 0.000000 0.592452 -3.905549
v -2.999182 2.727779 -3.905549
v -2.772121 2.987106 -3.905549
v -0.213997 0.333127 4.306682
v 0.000000 0.592453 4.306682
v -2.999183 2.727781 4.306681
v -2.772122 2.987108 4.306681
v -0.213997 0.333127 4.456189
v 0.000000 0.592453 4.456189
v -2.999183 2.727781 4.456188
v -2.772122 2.987108 4.456188
v -6.109551 1.847421 2.023586
v -6.109551 2.121154 2.023586
v -6.109551 1.847420 -1.858089
v -6.109551 2.121153 -1.858089
v -6.212925 1.847421 2.023586
v -6.212925 2.121154 2.023586
v -6.212925 1.847420 -1.858089
v -6.212925 2.121153 -1.858089
v -6.038570 8.515978 -0.068178
v -6.038570 8.515978 0.309300
v -7.568085 11.299803 -0.068179
v -7.568085 11.299803 0.309300
v -6.226236 8.489244 -0.068178
v -6.226236 8.489244 0.309300
v -7.755751 11.273070 -0.068179
v -7.755751 11.273070 0.309300
v -5.931113 5.571592 -0.068178
v -5.931113 5.571592 0.309300
v -5.841742 8.710795 -0.068178
v -5.841742 8.710795 0.309300
v -6.106508 5.642681 -0.068178
v -6.106508 5.642681 0.309300
v -6.017136 8.781886 -0.068178
v -6.017136 8.781886 0.309300
v -5.931113 5.571592 -1.075483
v -5.931113 5.571592 -0.698005
v -5.841742 8.710795 -1.075484
v -5.841742 8.710795 -0.698005
v -6.106508 5.642681 -1.075483
v -6.106508 5.642681 -0.698005
v -6.017136 8.781886 -1.075484
v -6.017136 8.781886 -0.698005
v -5.931113 5.571592 0.973669
v -5.931113 5.571592 1.351147
v -5.841742 8.710795 0.973668
v -5.841742 8.710795 1.351147
v -6.106508 5.642681 0.973669
v -6.106508 5.642681 1.351147
v -6.017136 8.781886 0.973668
v -6.017136 8.781886 1.351147
v -5.815912 5.635337 -2.154076
v -5.815912 5.635337 -1.854802
v -6.528045 8.694006 -2.154077
v -6.528045 8.694006 -1.854802
v -6.003620 5.659470 -2.154076
v -6.003620 5.659470 -1.854802
v -6.715754 8.718141 -2.154077
v -6.715754 8.718141 -1.854802
v -5.939881 5.608489 1.677757
v -5.939881 5.608489 2.055236
v -6.443969 8.708242 1.677757
v -6.443969 8.708242 2.055235
v -6.125533 5.645234 1.677757
v -6.125533 5.645234 2.055236
v -6.629621 8.744990 1.677757
v -6.629621 8.744990 2.055235
v -6.070135 1.946877 -0.220254
v -6.070135 1.946877 -0.005341
v -6.019252 3.434595 -0.220255
v -6.019252 3.434595 -0.005341
v -6.169994 1.980567 -0.220254
v -6.169994 1.980567 -0.005341
v -6.119111 3.468285 -0.220255
v -6.119111 3.468285 -0.005341
v -6.103627 0.253682 0.918198
v -6.103627 0.253682 1.133112
v -6.052744 2.040957 0.918197
v -6.052744 2.040957 1.133112
v -6.203486 0.294156 0.918198
v -6.203486 0.294156 1.133112
v -6.152603 2.081431 0.918197
v -6.152603 2.081431 1.133112
v -6.103627 0.253682 -1.259226
v -6.103627 0.253682 -1.044313
v -6.052744 2.040956 -1.259227
v -6.052744 2.040956 -1.044313
v -6.203486 0.294156 -1.259226
v -6.203486 0.294156 -1.044313
v -6.152603 2.081431 -1.259227
v -6.152603 2.081431 -1.044313
v 6.345628 0.362433 -3.444604
v 6.345628 0.779410 -3.444604
v 6.345628 0.362433 -3.634164
v 6.345628 0.779410 -3.634164
v 6.428372 0.362435 3.635041
v 6.428372 0.779411 3.635041
v 6.428372 0.362435 3.445481
v 6.428372 0.779411 3.445481
v -6.712048 0.362433 -3.444604
v -6.712048 0.779410 -3.444604
v 0.000000 0.362433 -3.444603
v 0.000000 0.779410 -3.444604
v -6.712048 0.362433 -3.634164
v -6.712048 0.779410 -3.634164
v 0.000000 0.362433 -3.634163
v 0.000000 0.779410 -3.634164
v -6.712048 0.362435 3.635041
v -6.712048 0.779411 3.635041
v 0.000000 0.362435 3.635041
v 0.000000 0.779411 3.635041
v -6.712048 0.362435 3.445481
v -6.712048 0.779411 3.445481
v 0.000000 0.362435 3.445481
v 0.000000 0.779411 3.445481
v -5.700394 0.371835 4.611028
v -5.700394 0.578966 4.424018
v -5.700394 0.371833 -4.418403
v -5.700394 0.578965 -4.240458
v -5.889954 0.371835 4.611028
v -5.889954 0.578966 4.424018
v -5.889954 0.371833 -4.418403
v -5.889954 0.578965 -4.240458
v 6.587464 0.339615 -5.670269
v 6.119442 0.339615 -5.670269
v 6.587464 0.339616 -2.221593
v 6.119442 0.339616 -2.221593
v 6.119442 0.263977 -2.221593
v 6.587464 0.263977 -2.221593
v 6.119442 0.263976 -5.670269
v 6.587464 0.263976 -5.670269
v 7.138873 0.339615 -5.859859
v 6.634480 0.339615 -5.834063
v 7.138873 0.339616 -2.383569
v 6.634480 0.339616 -2.383569
v 6.634480 0.263977 -2.383569
v 7.138873 0.263977 -2.383569
v 6.634480 0.263976 -5.834063
v 7.138873 0.263976 -5.859859
v 7.599350 0.339615 -5.670269
v 7.189402 0.339615 -5.670269
v 7.599350 0.339616 -2.157879
v 7.189402 0.339616 -2.193403
v 7.189402 0.263977 -2.193403
v 7.599350 0.263977 -2.157879
v 7.189402 0.263976 -5.670269
v 7.599350 0.263976 -5.670269
v 8.060669 0.339615 -5.670269
v 7.629248 0.339615 -5.743998
v 8.060669 0.339616 -2.193403
v 7.629248 0.339616 -2.193403
v 7.629248 0.263977 -2.193403
v 8.060669 0.263977 -2.193403
v 7.629248 0.263976 -5.743998
v 8.060669 0.263976 -5.670269
v 2.529907 0.339615 -5.670269
v 2.061886 0.339615 -5.670269
v 2.529907 0.339616 -1.444848
v 2.061886 0.339616 -1.444848
v 2.061886 0.263977 -1.444848
v 2.529907 0.263977 -1.444848
v 2.061886 0.263976 -5.670269
v 2.529907 0.263976 -5.670269
v 3.081316 0.339615 -5.859859
v 2.576923 0.339615 -5.834063
v 3.081316 0.339616 -1.364337
v 2.576923 0.339616 -1.364337
v 2.576923 0.263977 -1.364337
v 3.081316 0.263977 -1.364337
v 2.576923 0.263976 -5.834063
v 3.081316 0.263976 -5.859859
v 3.541794 0.339615 -5.670269
v 3.131845 0.339615 -5.670269
v 3.541794 0.339616 -1.381135
v 3.131845 0.339616 -1.416658
v 3.131845 0.263977 -1.416658
v 3.541794 0.263977 -1.381135
v 3.131845 0.263976 -5.670269
v 3.541794 0.263976 -5.670269
v 4.003113 0.339615 -5.670269
v 3.571692 0.339615 -5.743998
v 4.003113 0.339616 -1.253702
v 3.571692 0.339616 -1.253702
v 3.571692 0.263977 -1.253702
v 4.003113 0.263977 -1.253702
v 3.571692 0.263976 -5.743998
v 4.003113 0.263976 -5.670269
v 4.723874 0.339615 -5.785643
v 4.076985 0.339615 -5.834063
v 4.723874 0.339616 -1.527293
v 4.076985 0.339616 -1.491770
v 4.076985 0.263977 -1.491770
v 4.723874 0.263977 -1.527293
v 4.076985 0.263976 -5.834063
v 4.723874 0.263976 -5.785643
v 5.020898 0.339615 -5.670269
v 4.754685 0.339615 -5.670269
v 5.020898 0.339616 -1.277731
v 4.754685 0.339616 -1.277731
v 4.754685 0.263977 -1.277731
v 5.020898 0.263977 -1.277731
v 4.754685 0.263976 -5.670269
v 5.020898 0.263976 -5.670269
v 5.401141 0.339615 -5.834063
v 5.089697 0.339615 -5.834063
v 5.401141 0.339616 -1.527293
v 5.089697 0.339616 -1.491770
v 5.089697 0.263977 -1.491770
v 5.401141 0.263977 -1.527293
v 5.089697 0.263976 -5.834063
v 5.401141 0.263976 -5.834063
v 6.053076 0.339615 -5.874997
v 5.436564 0.339615 -5.923417
v 6.053076 0.339616 -1.655342
v 5.436564 0.339616 -1.619818
v 5.436564 0.263977 -1.619818
v 6.053076 0.263977 -1.655342
v 5.436564 0.263976 -5.923417
v 6.053076 0.263976 -5.874997
v 0.669250 0.339615 -5.785643
v 0.022361 0.339615 -5.834063
v 0.669250 0.339616 -1.364337
v 0.022361 0.339616 -1.328814
v 0.022361 0.263977 -1.328814
v 0.669250 0.263977 -1.364337
v 0.022361 0.263976 -5.834063
v 0.669250 0.263976 -5.785643
v 0.966273 0.339615 -5.670269
v 0.700061 0.339615 -5.670269
v 0.966273 0.339616 -1.440686
v 0.700061 0.339616 -1.440686
v 0.700061 0.263977 -1.440686
v 0.966273 0.263977 -1.440686
v 0.700061 0.263976 -5.670269
v 0.966273 0.263976 -5.670269
v 1.346517 0.339615 -5.834063
v 1.035072 0.339615 -5.834063
v 1.346517 0.339616 -1.527293
v 1.035072 0.339616 -1.491770
v 1.035072 0.263977 -1.491770
v 1.346517 0.263977 -1.527293
v 1.035072 0.263976 -5.834063
v 1.346517 0.263976 -5.834063
v 1.998451 0.339615 -5.874997
v 1.381940 0.339615 -5.923417
v 1.998451 0.339616 -1.001695
v 1.381940 0.339616 -0.966172
v 1.381940 0.263977 -0.966172
v 1.998451 0.263977 -1.001695
v 1.381940 0.263976 -5.923417
v 1.998451 0.263976 -5.874997
v -6.587464 0.339615 -5.670269
v -6.119442 0.339615 -5.670269
v -6.587464 0.339616 -2.221593
v -6.119442 0.339616 -2.221593
v -6.119442 0.263977 -2.221593
v -6.587464 0.263977 -2.221593
v -6.119442 0.263976 -5.670269
v -6.587464 0.263976 -5.670269
v -7.138873 0.339615 -5.859859
v -6.634480 0.339615 -5.834063
v -7.138873 0.339616 -2.383569
v -6.634480 0.339616 -2.383569
v -6.634480 0.263977 -2.383569
v -7.138873 0.263977 -2.383569
v -6.634480 0.263976 -5.834063
v -7.138873 0.263976 -5.859859
v -7.599350 0.339615 -5.670269
v -7.189402 0.339615 -5.670269
v -7.599350 0.339616 -2.157879
v -7.189402 0.339616 -2.193403
v -7.189402 0.263977 -2.193403
v -7.599350 0.263977 -2.157879
v -7.189402 0.263976 -5.670269
v -7.599350 0.263976 -5.670269
v -8.060669 0.339615 -5.670269
v -7.629248 0.339615 -5.743998
v -8.060669 0.339616 -2.193403
v -7.629248 0.339616 -2.193403
v -7.629248 0.263977 -2.193403
v -8.060669 0.263977 -2.193403
v -7.629248 0.263976 -5.743998
v -8.060669 0.263976 -5.670269
v -2.529907 0.339615 -5.670269
v -2.061886 0.339615 -5.670269
v -2.529907 0.339616 -1.444848
v -2.061886 0.339616 -1.444848
v -2.061886 0.263977 -1.444848
v -2.529907 0.263977 -1.444848
v -2.061886 0.263976 -5.670269
v -2.529907 0.263976 -5.670269
v -3.081316 0.339615 -5.859859
v -2.576923 0.339615 -5.834063
v -3.081316 0.339616 -1.364337
v -2.576923 0.339616 -1.364337
v -2.576923 0.263977 -1.364337
v -3.081316 0.263977 -1.364337
v -2.576923 0.263976 -5.834063
v -3.081316 0.263976 -5.859859
v -3.541794 0.339615 -5.670269
v -3.131845 0.339615 -5.670269
v -3.541794 0.339616 -1.381135
v -3.131845 0.339616 -1.416658
v -3.131845 0.263977 -1.416658
v -3.541794 0.263977 -1.381135
v -3.131845 0.263976 -5.670269
v -3.541794 0.263976 -5.670269
v -4.003113 0.339615 -5.670269
v -3.571692 0.339615 -5.743998
v -4.003113 0.339616 -1.253702
v -3.571692 0.339616 -1.253702
v -3.571692 0.263977 -1.253702
v -4.003113 0.263977 -1.253702
v -3.571692 0.263976 -5.743998
v -4.003113 0.263976 -5.670269
v -4.723874 0.339615 -5.785643
v -4.076985 0.339615 -5.834063
v -4.723874 0.339616 -1.527293
v -4.076985 0.339616 -1.491770
v -4.076985 0.263977 -1.491770
v -4.723874 0.263977 -1.527293
v -4.076985 0.263976 -5.834063
v -4.723874 0.263976 -5.785643
v -5.020898 0.339615 -5.670269
v -4.754685 0.339615 -5.670269
v -5.020898 0.339616 -1.277731
v -4.754685 0.339616 -1.277731
v -4.754685 0.263977 -1.277731
v -5.020898 0.263977 -1.277731
v -4.754685 0.263976 -5.670269
v -5.020898 0.263976 -5.670269
v -5.401141 0.339615 -5.834063
v -5.089697 0.339615 -5.834063
v -5.401141 0.339616 -1.527293
v -5.089697 0.339616 -1.491770
v -5.089697 0.263977 -1.491770
v -5.401141 0.263977 -1.527293
v -5.089697 0.263976 -5.834063
v -5.401141 0.263976 -5.834063
v -6.053076 0.339615 -5.874997
v -5.436564 0.339615 -5.923417
v -6.053076 0.339616 -1.001695
v -5.436564 0.339616 -0.966172
v -5.436564 0.263977 -0.966172
v -6.053076 0.263977 -1.001695
v -5.436564 0.263976 -5.923417
v -6.053076 0.263976 -5.874997
v -0.669250 0.339615 -5.785643
v -0.022361 0.339615 -5.834063
v -0.669250 0.339616 -1.364337
v -0.022361 0.339616 -1.328814
v -0.022361 0.263977 -1.328814
v -0.669250 0.263977 -1.364337
v -0.022361 0.263976 -5.834063
v -0.669250 0.263976 -5.785643
v -0.966273 0.339615 -5.670269
v -0.700061 0.339615 -5.670269
v -0.966273 0.339616 -1.440686
v -0.700061 0.339616 -1.440686
v -0.700061 0.263977 -1.440686
v -0.966273 0.263977 -1.440686
v -0.700061 0.263976 -5.670269
v -0.966273 0.263976 -5.670269
v -1.346517 0.339615 -5.834063
v -1.035072 0.339615 -5.834063
v -1.346517 0.339616 -1.527293
v -1.035072 0.339616 -1.491770
v -1.035072 0.263977 -1.491770
v -1.346517 0.263977 -1.527293
v -1.035072 0.263976 -5.834063
v -1.346517 0.263976 -5.834063
v -1.998451 0.339615 -5.874997
v -1.381940 0.339615 -5.923417
v -1.998451 0.339616 -1.001695
v -1.381940 0.339616 -0.966172
v -1.381940 0.263977 -0.966172
v -1.998451 0.263977 -1.001695
v -1.381940 0.263976 -5.923417
v -1.998451 0.263976 -5.874997
v 6.587464 0.339617 5.670269
v 6.119442 0.339617 5.670269
v 6.587464 0.339616 2.092610
v 6.119442 0.339616 2.092610
v 6.119442 0.263977 2.092610
v 6.587464 0.263977 2.092610
v 6.119442 0.263978 5.670269
v 6.587464 0.263978 5.670269
v 7.138873 0.339617 5.859859
v 6.634480 0.339617 5.834063
v 7.138873 0.339616 2.078893
v 6.634480 0.339616 2.078893
v 6.634480 0.263977 2.078893
v 7.138873 0.263977 2.078893
v 6.634480 0.263978 5.834063
v 7.138873 0.263978 5.859859
v 7.599350 0.339617 5.670269
v 7.189402 0.339617 5.670269
v 7.599350 0.330756 2.006790
v 7.189402 0.330756 2.042314
v 7.189402 0.255117 2.042314
v 7.599350 0.255117 2.006790
v 7.189402 0.263978 5.670269
v 7.599350 0.263978 5.670269
v 8.060669 0.339617 5.670269
v 7.629248 0.339617 5.743998
v 8.060669 0.339616 2.155352
v 7.629248 0.339616 2.155352
v 7.629248 0.263977 2.155352
v 8.060669 0.263977 2.155352
v 7.629248 0.263978 5.743998
v 8.060669 0.263978 5.670269
v 2.529907 0.339617 5.670269
v 2.061886 0.339617 5.670269
v 2.529907 0.339616 1.444848
v 2.061886 0.339616 1.444848
v 2.061886 0.263977 1.444848
v 2.529907 0.263977 1.444848
v 2.061886 0.263978 5.670269
v 2.529907 0.263978 5.670269
v 3.081316 0.339617 5.859859
v 2.576923 0.339617 5.834063
v 3.081316 0.339616 1.364337
v 2.576923 0.339616 1.364337
v 2.576923 0.263977 1.364337
v 3.081316 0.263977 1.364337
v 2.576923 0.263978 5.834063
v 3.081316 0.263978 5.859859
v 3.541794 0.339617 5.670269
v 3.131845 0.339617 5.670269
v 3.541794 0.339616 1.381135
v 3.131845 0.339616 1.416658
v 3.131845 0.263977 1.416658
v 3.541794 0.263977 1.381135
v 3.131845 0.263978 5.670269
v 3.541794 0.263978 5.670269
v 4.003113 0.339617 5.670269
v 3.571692 0.339617 5.743998
v 4.003113 0.339616 1.253702
v 3.571692 0.339616 1.253702
v 3.571692 0.263977 1.253702
v 4.003113 0.263977 1.253702
v 3.571692 0.263978 5.743998
v 4.003113 0.263978 5.670269
v 4.723874 0.339617 5.785643
v 4.076985 0.339617 5.834063
v 4.723874 0.339616 1.527293
v 4.076985 0.339616 1.491770
v 4.076985 0.263977 1.491770
v 4.723874 0.263977 1.527293
v 4.076985 0.263978 5.834063
v 4.723874 0.263978 5.785643
v 5.020898 0.339617 5.670269
v 4.754685 0.339617 5.670269
v 5.020898 0.339616 1.277731
v 4.754685 0.339616 1.277731
v 4.754685 0.263977 1.277731
v 5.020898 0.263977 1.277731
v 4.754685 0.263978 5.670269
v 5.020898 0.263978 5.670269
v 5.401141 0.339617 5.834063
v 5.089697 0.339617 5.834063
v 5.401141 0.339616 1.416587
v 5.089697 0.339616 1.381063
v 5.089697 0.263977 1.381063
v 5.401141 0.263977 1.416587
v 5.089697 0.263978 5.834063
v 5.401141 0.263978 5.834063
v 6.053076 0.339617 5.874997
v 5.436564 0.339617 5.923417
v 6.053076 0.339616 1.843515
v 5.436564 0.339616 1.807991
v 5.436564 0.263977 1.807991
v 6.053076 0.263977 1.843515
v 5.436564 0.263978 5.923417
v 6.053076 0.263978 5.874997
v 0.669250 0.339617 5.785643
v 0.022361 0.339617 5.834063
v 0.669250 0.339616 1.364337
v 0.022361 0.339616 1.328814
v 0.022361 0.263977 1.328814
v 0.669250 0.263977 1.364337
v 0.022361 0.263978 5.834063
v 0.669250 0.263978 5.785643
v 0.966273 0.339617 5.670269
v 0.700061 0.339617 5.670269
v 0.966273 0.339616 1.440686
v 0.700061 0.339616 1.440686
v 0.700061 0.263977 1.440686
v 0.966273 0.263977 1.440686
v 0.700061 0.263978 5.670269
v 0.966273 0.263978 5.670269
v 1.346517 0.339617 5.834063
v 1.035072 0.339617 5.834063
v 1.346517 0.339616 1.527293
v 1.035072 0.339616 1.491770
v 1.035072 0.263977 1.491770
v 1.346517 0.263977 1.527293
v 1.035072 0.263978 5.834063
v 1.346517 0.263978 5.834063
v 1.998451 0.339617 5.874997
v 1.381940 0.339617 5.923417
v 1.998451 0.339616 1.001695
v 1.381940 0.339616 0.966171
v 1.381940 0.263977 0.966171
v 1.998451 0.263977 1.001695
v 1.381940 0.263978 5.923417
v 1.998451 0.263978 5.874997
v -6.587464 0.339617 5.670269
v -6.119442 0.339617 5.670269
v -6.587464 0.339616 2.221593
v -6.119442 0.339616 2.221593
v -6.119442 0.263977 2.221593
v -6.587464 0.263977 2.221593
v -6.119442 0.263978 5.670269
v -6.587464 0.263978 5.670269
v -7.138873 0.339617 5.859859
v -6.634480 0.339617 5.834063
v -7.138873 0.339616 2.383569
v -6.634480 0.339616 2.383569
v -6.634480 0.263977 2.383569
v -7.138873 0.263977 2.383569
v -6.634480 0.263978 5.834063
v -7.138873 0.263978 5.859859
v -7.599350 0.339617 5.670269
v -7.189402 0.339617 5.670269
v -7.599350 0.339616 2.157879
v -7.189402 0.339616 2.193403
v -7.189402 0.263977 2.193403
v -7.599350 0.263977 2.157879
v -7.189402 0.263978 5.670269
v -7.599350 0.263978 5.670269
v -8.060669 0.339617 5.670269
v -7.629248 0.339617 5.743998
v -8.060669 0.339616 2.193403
v -7.629248 0.339616 2.193403
v -7.629248 0.263977 2.193403
v -8.060669 0.263977 2.193403
v -7.629248 0.263978 5.743998
v -8.060669 0.263978 5.670269
v -2.529907 0.339617 5.670269
v -2.061886 0.339617 5.670269
v -2.529907 0.339616 1.444848
v -2.061886 0.339616 1.444848
v -2.061886 0.263977 1.444848
v -2.529907 0.263977 1.444848
v -2.061886 0.263978 5.670269
v -2.529907 0.263978 5.670269
v -3.081316 0.339617 5.859859
v -2.576923 0.339617 5.834063
v -3.081316 0.339616 1.364337
v -2.576923 0.339616 1.364337
v -2.576923 0.263977 1.364337
v -3.081316 0.263977 1.364337
v -2.576923 0.263978 5.834063
v -3.081316 0.263978 5.859859
v -3.541794 0.339617 5.670269
v -3.131845 0.339617 5.670269
v -3.541794 0.339616 1.381135
v -3.131845 0.339616 1.416658
v -3.131845 0.263977 1.416658
v -3.541794 0.263977 1.381135
v -3.131845 0.263978 5.670269
v -3.541794 0.263978 5.670269
v -4.003113 0.339617 5.670269
v -3.571692 0.339617 5.743998
v -4.003113 0.339616 1.253702
v -3.571692 0.339616 1.253702
v -3.571692 0.263977 1.253702
v -4.003113 0.263977 1.253702
v -3.571692 0.263978 5.743998
v -4.003113 0.263978 5.670269
v -4.723874 0.339617 5.785643
v -4.076985 0.339617 5.834063
v -4.723874 0.339616 1.527293
v -4.076985 0.339616 1.491770
v -4.076985 0.263977 1.491770
v -4.723874 0.263977 1.527293
v -4.076985 0.263978 5.834063
v -4.723874 0.263978 5.785643
v -5.020898 0.339617 5.670269
v -4.754685 0.339617 5.670269
v -5.020898 0.339616 1.277731
v -4.754685 0.339616 1.277731
v -4.754685 0.263977 1.277731
v -5.020898 0.263977 1.277731
v -4.754685 0.263978 5.670269
v -5.020898 0.263978 5.670269
v -5.401141 0.339617 5.834063
v -5.089697 0.339617 5.834063
v -5.401141 0.339616 1.527293
v -5.089697 0.339616 1.491770
v -5.089697 0.263977 1.491770
v -5.401141 0.263977 1.527293
v -5.089697 0.263978 5.834063
v -5.401141 0.263978 5.834063
v -6.053076 0.339617 5.874997
v -5.436564 0.339617 5.923417
v -6.053076 0.339616 1.001695
v -5.436564 0.339616 0.966171
v -5.436564 0.263977 0.966171
v -6.053076 0.263977 1.001695
v -5.436564 0.263978 5.923417
v -6.053076 0.263978 5.874997
v -0.669250 0.339617 5.785643
v -0.022361 0.339617 5.834063
v -0.669250 0.339616 1.364337
v -0.022361 0.339616 1.328814
v -0.022361 0.263977 1.328814
v -0.669250 0.263977 1.364337
v -0.022361 0.263978 5.834063
v -0.669250 0.263978 5.785643
v -0.966273 0.339617 5.670269
v -0.700061 0.339617 5.670269
v -0.966273 0.339616 1.440686
v -0.700061 0.339616 1.440686
v -0.700061 0.263977 1.440686
v -0.966273 0.263977 1.440686
v -0.700061 0.263978 5.670269
v -0.966273 0.263978 5.670269
v -1.346517 0.339617 5.834063
v -1.035072 0.339617 5.834063
v -1.346517 0.339616 1.527293
v -1.035072 0.339616 1.491770
v -1.035072 0.263977 1.491770
v -1.346517 0.263977 1.527293
v -1.035072 0.263978 5.834063
v -1.346517 0.263978 5.834063
v -1.998451 0.339617 5.874997
v -1.381940 0.339617 5.923417
v -1.998451 0.339616 1.001695
v -1.381940 0.339616 0.966171
v -1.381940 0.263977 0.966171
v -1.998451 0.263977 1.001695
v -1.381940 0.263978 5.923417
v -1.998451 0.263978 5.874997
v 6.802797 0.342850 -2.138164
v 6.334776 0.342850 -2.138164
v 6.802797 0.342851 2.087258
v 6.334776 0.342851 2.087258
v 6.334776 0.267212 2.087258
v 6.802797 0.267212 2.087258
v 6.334776 0.267212 -2.138164
v 6.802797 0.267212 -2.138164
v 7.354207 0.342850 -2.327753
v 6.849813 0.342850 -2.301956
v 7.354207 0.342851 2.004814
v 6.849813 0.342851 2.004814
v 6.849813 0.267212 2.004814
v 7.354207 0.267212 2.004814
v 6.849813 0.267212 -2.301956
v 7.354207 0.267212 -2.327753
v 7.814684 0.342850 -2.138164
v 7.404736 0.342850 -2.138164
v 7.814684 0.342851 2.150972
v 7.404736 0.342851 2.115449
v 7.404736 0.267212 2.115449
v 7.814684 0.267212 2.150972
v 7.404736 0.267212 -2.138164
v 7.814684 0.267212 -2.138164
v 8.276003 0.342850 -2.138164
v 7.844582 0.342850 -2.211892
v 8.276003 0.342851 2.115449
v 7.844582 0.342851 2.115449
v 7.844582 0.267212 2.115449
v 8.276003 0.267212 2.115449
v 7.844582 0.267212 -2.211892
v 8.276003 0.267212 -2.138164
v 8.996764 0.342850 -2.253536
v 8.349875 0.342850 -2.301956
v 8.996764 0.342851 2.004814
v 8.349875 0.342851 2.040337
v 8.349875 0.267212 2.040337
v 8.996764 0.267212 2.004814
v 8.349875 0.267212 -2.301956
v 8.996764 0.267212 -2.253536
v 9.293788 0.342850 -2.138164
v 9.027575 0.342850 -2.138164
v 9.293788 0.342851 2.091420
v 9.027575 0.342851 2.091420
v 9.027575 0.267212 2.091420
v 9.293788 0.267212 2.091420
v 9.027575 0.267212 -2.138164
v 9.293788 0.267212 -2.138164
v 9.674031 0.342850 -2.301956
v 9.362587 0.342850 -2.301956
v 9.674031 0.342851 2.004814
v 9.362587 0.342851 2.040337
v 9.362587 0.267212 2.040337
v 9.674031 0.267212 2.004814
v 9.362587 0.267212 -2.301956
v 9.674031 0.267212 -2.301956
v 10.412120 0.342850 -2.342890
v 9.709455 0.342850 -2.391310
v 10.412120 0.342851 2.367456
v 9.709455 0.342851 2.402979
v 9.709455 0.267212 2.402979
v 10.412120 0.267212 2.367456
v 9.709455 0.267212 -2.391310
v 10.412120 0.267212 -2.342890
v 2.763627 0.342851 -1.475277
v 2.295606 0.342851 -1.475277
v 2.763627 0.342851 1.401169
v 2.295606 0.342851 1.401169
v 2.295606 0.267212 1.401169
v 2.763627 0.267212 1.401169
v 2.295606 0.267212 -1.475277
v 2.763627 0.267212 -1.475277
v 3.315036 0.342851 -1.604339
v 2.810643 0.342851 -1.586778
v 3.315036 0.342851 1.345045
v 2.810643 0.342851 1.345045
v 2.810643 0.267212 1.345045
v 3.315036 0.267212 1.345045
v 2.810643 0.267212 -1.586778
v 3.315036 0.267212 -1.604339
v 3.775514 0.342851 -1.475277
v 3.365565 0.342851 -1.475277
v 3.775514 0.342851 1.360570
v 3.365565 0.342851 1.336388
v 3.365565 0.267212 1.336388
v 3.775514 0.267212 1.360570
v 3.365565 0.267212 -1.475277
v 3.775514 0.267212 -1.475277
v 4.236833 0.342851 -1.475277
v 3.805411 0.342851 -1.525467
v 4.236833 0.342851 1.420359
v 3.805411 0.342851 1.420359
v 3.805411 0.267212 1.420359
v 4.236833 0.267212 1.420359
v 3.805411 0.267212 -1.525467
v 4.236833 0.267212 -1.475277
v 4.957594 0.342851 -1.553816
v 4.310705 0.342851 -1.586778
v 4.957594 0.342851 1.576001
v 4.310705 0.342851 1.600183
v 4.310705 0.267212 1.600183
v 4.957594 0.267212 1.576001
v 4.310705 0.267212 -1.586778
v 4.957594 0.267212 -1.553816
v 5.254618 0.342851 -1.475277
v 4.988405 0.342851 -1.475277
v 5.254618 0.342851 1.404002
v 4.988405 0.342851 1.404002
v 4.988405 0.267212 1.404002
v 5.254618 0.267212 1.404002
v 4.988405 0.267212 -1.475277
v 5.254618 0.267212 -1.475277
v 5.634861 0.342851 -1.586778
v 5.323417 0.342851 -1.586778
v 5.634861 0.342851 1.345045
v 5.323417 0.342851 1.369227
v 5.323417 0.267212 1.369227
v 5.634861 0.267212 1.345045
v 5.323417 0.267212 -1.586778
v 5.634861 0.267212 -1.586778
v 6.286796 0.342851 -1.614644
v 5.670284 0.342851 -1.647606
v 6.286796 0.342851 1.834293
v 5.670284 0.342851 1.858475
v 5.670284 0.267212 1.858475
v 6.286796 0.267212 1.834293
v 5.670284 0.267212 -1.647606
v 6.286796 0.267212 -1.614644
v -1.264971 0.342851 -1.475277
v -1.732992 0.342851 -1.475277
v -1.264971 0.342851 1.401169
v -1.732992 0.342851 1.401169
v -1.732992 0.267212 1.401169
v -1.264971 0.267212 1.401169
v -1.732992 0.267212 -1.475277
v -1.264971 0.267212 -1.475277
v -0.713562 0.342851 -1.604339
v -1.217955 0.342851 -1.586778
v -0.713562 0.342851 1.345045
v -1.217955 0.342851 1.345045
v -1.217955 0.267212 1.345045
v -0.713562 0.267212 1.345045
v -1.217955 0.267212 -1.586778
v -0.713562 0.267212 -1.604339
v -0.253084 0.342851 -1.475277
v -0.663033 0.342851 -1.475277
v -0.253084 0.342851 1.444542
v -0.663033 0.342851 1.420359
v -0.663033 0.267212 1.420359
v -0.253084 0.267212 1.444542
v -0.663033 0.267212 -1.475277
v -0.253084 0.267212 -1.475277
v 0.208235 0.342851 -1.475277
v -0.223186 0.342851 -1.525467
v 0.208235 0.342851 1.420359
v -0.223186 0.342851 1.420359
v -0.223186 0.267212 1.420359
v 0.208235 0.267212 1.420359
v -0.223186 0.267212 -1.525467
v 0.208235 0.267212 -1.475277
v 0.928996 0.342851 -1.553816
v 0.282107 0.342851 -1.586778
v 0.928996 0.342851 1.345045
v 0.282107 0.342851 1.369227
v 0.282107 0.267212 1.369227
v 0.928996 0.267212 1.345045
v 0.282107 0.267212 -1.586778
v 0.928996 0.267212 -1.553816
v 1.226020 0.342851 -1.475277
v 0.959807 0.342851 -1.475277
v 1.226020 0.342851 1.404002
v 0.959807 0.342851 1.404002
v 0.959807 0.267212 1.404002
v 1.226020 0.267212 1.404002
v 0.959807 0.267212 -1.475277
v 1.226020 0.267212 -1.475277
v 1.606263 0.342851 -1.586778
v 1.294819 0.342851 -1.586778
v 1.606263 0.342851 1.345045
v 1.294819 0.342851 1.369227
v 1.294819 0.267212 1.369227
v 1.606263 0.267212 1.345045
v 1.294819 0.267212 -1.586778
v 1.606263 0.267212 -1.586778
v 2.258198 0.342851 -1.614644
v 1.641686 0.342851 -1.647606
v 2.258198 0.342851 1.591913
v 1.641686 0.342851 1.616095
v 1.641686 0.267212 1.616095
v 2.258198 0.267212 1.591913
v 1.641686 0.267212 -1.647606
v 2.258198 0.267212 -1.614644
v -5.281720 0.342851 -1.475277
v -5.749742 0.342851 -1.475277
v -5.281720 0.342851 1.401169
v -5.749742 0.342851 1.401169
v -5.749742 0.267212 1.401169
v -5.281720 0.267212 1.401169
v -5.749742 0.267212 -1.475277
v -5.281720 0.267212 -1.475277
v -4.730311 0.342851 -1.604339
v -5.234704 0.342851 -1.586778
v -4.730311 0.342851 1.345045
v -5.234704 0.342851 1.345045
v -5.234704 0.267212 1.345045
v -4.730311 0.267212 1.345045
v -5.234704 0.267212 -1.586778
v -4.730311 0.267212 -1.604339
v -4.269834 0.342851 -1.475277
v -4.679782 0.342851 -1.475277
v -4.269834 0.342851 1.444542
v -4.679782 0.342851 1.420359
v -4.679782 0.267212 1.420359
v -4.269834 0.267212 1.444542
v -4.679782 0.267212 -1.475277
v -4.269834 0.267212 -1.475277
v -3.808515 0.342851 -1.475277
v -4.239936 0.342851 -1.525467
v -3.808515 0.342851 1.420359
v -4.239936 0.342851 1.420359
v -4.239936 0.267212 1.420359
v -3.808515 0.267212 1.420359
v -4.239936 0.267212 -1.525467
v -3.808515 0.267212 -1.475277
v -3.087753 0.342851 -1.553816
v -3.734642 0.342851 -1.586778
v -3.087753 0.342851 1.345045
v -3.734642 0.342851 1.369227
v -3.734642 0.267212 1.369227
v -3.087753 0.267212 1.345045
v -3.734642 0.267212 -1.586778
v -3.087753 0.267212 -1.553816
v -2.790730 0.342851 -1.475277
v -3.056942 0.342851 -1.475277
v -2.790730 0.342851 1.404002
v -3.056942 0.342851 1.404002
v -3.056942 0.267212 1.404002
v -2.790730 0.267212 1.404002
v -3.056942 0.267212 -1.475277
v -2.790730 0.267212 -1.475277
v -2.410486 0.342851 -1.586778
v -2.721931 0.342851 -1.586778
v -2.410486 0.342851 1.345045
v -2.721931 0.342851 1.369227
v -2.721931 0.267212 1.369227
v -2.410486 0.267212 1.345045
v -2.721931 0.267212 -1.586778
v -2.410486 0.267212 -1.586778
v -1.758552 0.342851 -1.614644
v -2.375063 0.342851 -1.647606
v -1.758552 0.342851 1.591913
v -2.375063 0.342851 1.616095
v -2.375063 0.267212 1.616095
v -1.758552 0.267212 1.591913
v -2.375063 0.267212 -1.647606
v -1.758552 0.267212 -1.614644
v -7.665810 0.342850 -2.066529
v -8.130367 0.342850 -2.110817
v -7.665810 0.342851 2.149444
v -8.130367 0.342851 2.181936
v -8.130367 0.267212 2.181936
v -7.665810 0.267212 2.149444
v -8.130367 0.267212 -2.110817
v -7.665810 0.267212 -2.066529
v -7.368786 0.342850 -2.150270
v -7.634998 0.342850 -2.150270
v -7.368786 0.342851 2.138550
v -7.634998 0.342851 2.138550
v -7.634998 0.267212 2.138550
v -7.368786 0.267212 2.138550
v -7.634998 0.267212 -2.150270
v -7.368786 0.267212 -2.150270
v -6.741159 0.342850 -2.110817
v -7.299987 0.342850 -2.110817
v -6.741159 0.342851 2.112528
v -7.299987 0.342851 2.145020
v -7.299987 0.267212 2.145020
v -6.741159 0.267212 2.112528
v -7.299987 0.267212 -2.110817
v -6.741159 0.267212 -2.110817
v -6.075402 0.342850 -2.176421
v -6.705736 0.342850 -2.220710
v -6.075402 0.342851 2.160183
v -6.705736 0.342851 2.192676
v -6.705736 0.267212 2.192676
v -6.075402 0.267212 2.160183
v -6.705736 0.267212 -2.220710
v -6.075402 0.267212 -2.176421
v 5.982272 0.202876 -3.595621
v 5.982272 4.427804 -3.595621
v 5.982272 0.202876 -3.845621
v 5.982272 4.427804 -3.845621
v 5.982272 3.070853 -3.845621
v 5.982272 3.070853 -3.595621
v 2.243352 0.202876 -3.595621
v 2.243352 4.427804 -3.595621
v 2.243352 3.070853 -3.595621
v 0.747784 0.202876 -3.845621
v 0.747784 4.427804 -3.845621
v 0.747784 3.070853 -3.845621
v 2.243352 4.427804 -3.845621
v 2.243352 3.070853 -3.845621
v 2.243352 0.202876 -3.845621
v 3.738920 0.202876 -3.845621
v 3.738920 4.427804 -3.845621
v 3.738920 3.070853 -3.845621
v 5.234488 4.427804 -3.845621
v 5.234488 3.070853 -3.845621
v 5.234488 0.202876 -3.845621
v 5.982272 3.749329 -3.845621
v 0.747784 3.749329 -3.845621
v 2.243352 3.749329 -3.845621
v 3.738920 3.749329 -3.845621
v 5.234488 3.749329 -3.845621
v 0.747784 4.427804 -3.595621
v 0.747784 3.070853 -3.595621
v 0.747784 0.202876 -3.595621
v 3.738920 3.070853 -3.595621
v 3.738920 4.427804 -3.595621
v 3.738920 0.202876 -3.595621
v 5.234488 0.202876 -3.595621
v 5.234488 3.070853 -3.595621
v 5.234488 4.427804 -3.595621
v 5.982272 3.749329 -3.595621
v 2.243352 3.749329 -3.595621
v 0.747784 3.749329 -3.595621
v 3.738920 3.749329 -3.595621
v 5.234488 3.749329 -3.595621
v -5.982272 0.202876 -3.595621
v -5.982272 4.427804 -3.595621
v 0.000000 0.202876 -3.595621
v 0.000000 4.427804 -3.595621
v -5.982272 0.202876 -3.845621
v -5.982272 4.427804 -3.845621
v 0.000000 0.202876 -3.845621
v 0.000000 4.427804 -3.845621
v 0.000000 3.070853 -3.845621
v -5.982272 3.070853 -3.845621
v -5.982272 3.070853 -3.595621
v 0.000000 3.070853 -3.595621
v -2.243352 0.202876 -3.595621
v -2.243352 4.427804 -3.595621
v -2.243352 3.070853 -3.595621
v -0.747784 0.202876 -3.845621
v -0.747784 4.427804 -3.845621
v -0.747784 3.070853 -3.845621
v -2.243352 4.427804 -3.845621
v -2.243352 3.070853 -3.845621
v -2.243352 0.202876 -3.845621
v -3.738920 0.202876 -3.845621
v -3.738920 4.427804 -3.845621
v -3.738920 3.070853 -3.845621
v -5.234488 4.427804 -3.845621
v -5.234488 3.070853 -3.845621
v -5.234488 0.202876 -3.845621
v 0.000000 3.749329 -3.845621
v -5.982272 3.749329 -3.845621
v -0.747784 3.749329 -3.845621
v -2.243352 3.749329 -3.845621
v -3.738920 3.749329 -3.845621
v -5.234488 3.749329 -3.845621
v -0.747784 4.427804 -3.595621
v -0.747784 3.070853 -3.595621
v -0.747784 0.202876 -3.595621
v -3.738920 3.070853 -3.595621
v -3.738920 4.427804 -3.595621
v -3.738920 0.202876 -3.595621
v -5.234488 0.202876 -3.595621
v -5.234488 3.070853 -3.595621
v -5.234488 4.427804 -3.595621
v -5.982272 3.749329 -3.595621
v 0.000000 3.749329 -3.595621
v -2.243352 3.749329 -3.595621
v -0.747784 3.749329 -3.595621
v -3.738920 3.749329 -3.595621
v -5.234488 3.749329 -3.595621
v 5.982272 0.202878 3.595621
v 5.982272 4.427805 3.595620
v 5.982272 0.202878 3.845621
v 5.982272 4.427805 3.845620
v 5.982272 3.070854 3.845620
v 5.982272 3.070854 3.595620
v 2.243352 0.202878 3.595621
v 2.243352 4.427805 3.595620
v 2.243352 3.070854 3.595620
v 0.747784 0.202878 3.845621
v 0.747784 4.427805 3.845620
v 0.747784 3.070854 3.845620
v 2.243352 4.427805 3.845620
v 2.243352 3.070854 3.845620
v 2.243352 0.202878 3.845621
v 3.738920 0.202878 3.845621
v 3.738920 4.427805 3.845620
v 3.738920 3.070854 3.845620
v 5.234488 4.427805 3.845620
v 5.234488 3.070854 3.845620
v 5.234488 0.202878 3.845621
v 5.982272 3.749330 3.845620
v 0.747784 3.749330 3.845620
v 2.243352 3.749330 3.845620
v 3.738920 3.749330 3.845620
v 5.234488 3.749330 3.845620
v 0.747784 4.427805 3.595620
v 0.747784 3.070854 3.595620
v 0.747784 0.202878 3.595621
v 3.738920 3.070854 3.595620
v 3.738920 4.427805 3.595620
v 3.738920 0.202878 3.595621
v 5.234488 0.202878 3.595621
v 5.234488 3.070854 3.595620
v 5.234488 4.427805 3.595620
v 5.982272 3.749330 3.595620
v 2.243352 3.749330 3.595620
v 0.747784 3.749330 3.595620
v 3.738920 3.749330 3.595620
v 5.234488 3.749330 3.595620
v -5.982272 0.202878 3.595621
v -5.982272 4.427805 3.595620
v 0.000000 0.202878 3.595621
v 0.000000 4.427805 3.595620
v -5.982272 0.202878 3.845621
v -5.982272 4.427805 3.845620
v 0.000000 0.202878 3.845621
v 0.000000 4.427805 3.845620
v 0.000000 3.070854 3.845620
v -5.982272 3.070854 3.845620
v -5.982272 3.070854 3.595620
v 0.000000 3.070854 3.595620
v -2.243352 0.202878 3.595621
v -2.243352 4.427805 3.595620
v -2.243352 3.070854 3.595620
v -0.747784 0.202878 3.845621
v -0.747784 4.427805 3.845620
v -0.747784 3.070854 3.845620
v -2.243352 4.427805 3.845620
v -2.243352 3.070854 3.845620
v -2.243352 0.202878 3.845621
v -3.738920 0.202878 3.845621
v -3.738920 4.427805 3.845620
v -3.738920 3.070854 3.845620
v -5.234488 4.427805 3.845620
v -5.234488 3.070854 3.845620
v -5.234488 0.202878 3.845621
v 0.000000 3.749330 3.845620
v -5.982272 3.749330 3.845620
v -0.747784 3.749330 3.845620
v -2.243352 3.749330 3.845620
v -3.738920 3.749330 3.845620
v -5.234488 3.749330 3.845620
v -0.747784 4.427805 3.595620
v -0.747784 3.070854 3.595620
v -0.747784 0.202878 3.595621
v -3.738920 3.070854 3.595620
v -3.738920 4.427805 3.595620
v -3.738920 0.202878 3.595621
v -5.234488 0.202878 3.595621
v -5.234488 3.070854 3.595620
v -5.234488 4.427805 3.595620
v -5.982272 3.749330 3.595620
v 0.000000 3.749330 3.595620
v -2.243352 3.749330 3.595620
v -0.747784 3.749330 3.595620
v -3.738920 3.749330 3.595620
v -5.234488 3.749330 3.595620
v 5.875000 4.895866 1.999999
v 5.875000 4.895865 -2.000001
v 6.125000 4.895866 1.999999
v 6.125000 4.895865 -2.000001
v 5.875000 0.169463 -2.088815
v 5.875000 4.895865 -2.088816
v 5.875000 0.169463 -4.028015
v 5.875000 4.895865 -4.028016
v 6.125000 0.169463 -2.088815
v 6.125000 4.895865 -2.088816
v 6.125000 0.169463 -4.028015
v 6.125000 4.895865 -4.028016
v 5.875000 0.169464 4.060858
v 5.875000 4.895866 4.060857
v 5.875000 0.169464 2.121658
v 5.875000 4.895866 2.121657
v 6.125000 0.169464 4.060858
v 6.125000 4.895866 4.060857
v 6.125000 0.169464 2.121658
v 6.125000 4.895866 2.121657
v 6.125000 3.421899 -2.000000
v 6.125000 3.421899 1.999999
v 5.875000 3.421899 1.999999
v 5.875000 3.421899 -2.000000
v -5.875000 4.895866 1.999999
v -5.875000 4.895865 -2.000001
v -6.125000 4.895866 1.999999
v -6.125000 4.895865 -2.000001
v -5.875000 0.169463 -2.088815
v -5.875000 4.895865 -2.088816
v -5.875000 0.169463 -4.028015
v -5.875000 4.895865 -4.028016
v -6.125000 0.169463 -2.088815
v -6.125000 4.895865 -2.088816
v -6.125000 0.169463 -4.028015
v -6.125000 4.895865 -4.028016
v -5.875000 0.169464 4.060858
v -5.875000 4.895866 4.060857
v -5.875000 0.169464 2.121658
v -5.875000 4.895866 2.121657
v -6.125000 0.169464 4.060858
v -6.125000 4.895866 4.060857
v -6.125000 0.169464 2.121658
v -6.125000 4.895866 2.121657
v -6.125000 3.421899 -2.000000
v -6.125000 3.421899 1.999999
v -5.875000 3.421899 1.999999
v -5.875000 3.421899 -2.000000
v -5.875000 3.323989 1.999999
v -5.875000 3.323988 -2.000000
v -6.125000 3.323989 1.999999
v -6.125000 3.323988 -2.000000
v -6.125000 0.169463 -2.000000
v -6.125000 0.169464 2.000000
v -5.875000 0.169464 2.000000
v -5.875000 0.169463 -2.000000
vt 2.090093 1.314467
vt 1.738768 1.314466
vt 1.738783 0.801759
vt 2.090094 0.801759
vt 7.359142 1.106847
vt 7.548428 1.106847
vt 7.548428 1.142537
vt 7.359143 1.142537
vt 1.227747 0.801759
vt 1.579070 0.801759
vt 1.579053 1.314466
vt 1.227743 1.314466
vt 1.068033 0.801759
vt 1.068001 1.314466
vt 5.235664 2.359722
vt 4.884339 2.359722
vt 4.884354 2.106681
vt 5.235664 2.106681
vt 2.090093 1.840390
vt 1.738768 1.840390
vt 1.738783 1.327682
vt 2.090094 1.327682
vt 7.359142 -0.267899
vt 7.548428 -0.267899
vt 7.548428 -0.232210
vt 7.359143 -0.232210
vt 1.227747 1.327682
vt 1.579070 1.327682
vt 1.579053 1.840390
vt 1.227743 1.840390
vt 1.068033 1.327682
vt 1.068001 1.840390
vt 4.724641 2.106681
vt 4.724624 2.359722
vt 4.213604 2.106681
vt 4.373318 2.106681
vt 4.373314 2.359722
vt 4.213573 2.359722
vt 7.557216 -0.916391
vt 7.557216 -0.963100
vt 7.628594 -0.963100
vt 7.628594 -0.916391
vt 7.658846 -1.056919
vt 7.658846 -1.070572
vt 7.812274 -1.070572
vt 7.812275 -1.056920
vt -0.006956 -1.860844
vt -0.358279 -1.860844
vt -0.358266 -2.113885
vt -0.006955 -2.113885
vt -0.517980 -2.113885
vt -0.517996 -1.860844
vt -1.029016 -2.113886
vt -0.869302 -2.113885
vt -0.869305 -1.860844
vt -1.029047 -1.860844
vt 7.574858 0.577272
vt 7.574859 0.530562
vt 7.646236 0.530562
vt 7.646236 0.577272
vt 7.672668 2.526389
vt 7.672668 2.512737
vt 7.826097 2.512737
vt 7.826097 2.526388
vt 5.235664 1.294695
vt 4.884339 1.294695
vt 4.884354 1.041653
vt 5.235664 1.041654
vt -0.006954 1.840390
vt -0.358280 1.840390
vt -0.358265 1.327682
vt -0.006954 1.327682
vt 7.359142 2.385341
vt 7.548428 2.385341
vt 7.548428 2.421030
vt 7.359143 2.421030
vt -0.869301 1.327682
vt -0.517979 1.327682
vt -0.517995 1.840389
vt -0.869305 1.840389
vt -1.029015 1.327682
vt -1.029047 1.840390
vt 4.724641 1.041654
vt 4.724624 1.294695
vt 4.213604 1.041654
vt 4.373318 1.041654
vt 4.373314 1.294695
vt 4.213573 1.294695
vt 7.574859 2.567745
vt 7.574858 2.521036
vt 7.646238 2.521036
vt 7.646238 2.567745
vt 7.652573 -1.440916
vt 7.652573 -1.454569
vt 7.806000 -1.454569
vt 7.806001 -1.440918
vt 6.284187 -0.302846
vt 5.932862 -0.302846
vt 5.932877 -0.555888
vt 6.284187 -0.555888
vt 1.041570 2.892236
vt 0.690244 2.892236
vt 0.690259 2.379529
vt 1.041570 2.379529
vt 7.359142 1.791519
vt 7.548428 1.791519
vt 7.548428 1.827208
vt 7.359143 1.827208
vt 0.179223 2.379529
vt 0.530546 2.379529
vt 0.530529 2.892237
vt 0.179219 2.892237
vt 0.019509 2.379529
vt 0.019477 2.892237
vt 5.773164 -0.555888
vt 5.773148 -0.302846
vt 5.262128 -0.555888
vt 5.421842 -0.555888
vt 5.421837 -0.302846
vt 5.262095 -0.302846
vt 7.456944 -1.380992
vt 7.456943 -1.427701
vt 7.528322 -1.427701
vt 7.528322 -1.380992
vt 7.641570 -0.547373
vt 7.641570 -0.561025
vt 7.794997 -0.561025
vt 7.794998 -0.547374
vt 3.138617 -1.867434
vt 2.787292 -1.867435
vt 2.787307 -2.120476
vt 3.138617 -2.120476
vt 2.627593 -2.120476
vt 2.627576 -1.867435
vt 2.116556 -2.120476
vt 2.276269 -2.120476
vt 2.276267 -1.867434
vt 2.116525 -1.867434
vt 7.574858 1.331962
vt 7.574859 1.285252
vt 7.646236 1.285252
vt 7.646236 1.331962
vt 7.672668 2.418919
vt 7.672668 2.405267
vt 7.826097 2.405267
vt 7.826097 2.418919
vt 7.332711 1.028438
vt 6.981386 1.028438
vt 6.981401 0.775396
vt 7.332711 0.775397
vt -1.055478 1.840389
vt -1.406803 1.840390
vt -1.406789 1.327682
vt -1.055477 1.327682
vt 7.359142 0.748223
vt 7.548428 0.748223
vt 7.548428 0.783912
vt 7.359143 0.783912
vt -1.917825 1.327682
vt -1.566502 1.327682
vt -1.566518 1.840390
vt -1.917828 1.840390
vt -2.077538 1.327682
vt -2.077570 1.840390
vt 6.821688 0.775397
vt 6.821671 1.028438
vt 6.310651 0.775397
vt 6.470365 0.775397
vt 6.470361 1.028438
vt 6.310618 1.028438
vt 7.554763 -1.560767
vt 7.554763 -1.607477
vt 7.626142 -1.607477
vt 7.626142 -1.560767
vt 7.652573 -1.734354
vt 7.652573 -1.748005
vt 7.806000 -1.748005
vt 7.806001 -1.734354
vt 6.284187 -1.900387
vt 5.932862 -1.900387
vt 5.932877 -2.153429
vt 6.284187 -2.153429
vt 5.773164 -2.153429
vt 5.773148 -1.900387
vt 5.262128 -2.153429
vt 5.421842 -2.153429
vt 5.421837 -1.900387
vt 5.262095 -1.900387
vt 7.574859 1.908568
vt 7.574858 1.861858
vt 7.646238 1.861858
vt 7.646238 1.908568
vt 7.652563 -1.340761
vt 7.652563 -1.354413
vt 7.805991 -1.354413
vt 7.805992 -1.340762
vt -0.006955 -1.328330
vt -0.358280 -1.328330
vt -0.358266 -1.581371
vt -0.006956 -1.581371
vt -1.055478 1.314467
vt -1.406803 1.314467
vt -1.406789 0.801759
vt -1.055477 0.801759
vt 7.359142 2.580961
vt 7.548428 2.580961
vt 7.548428 2.616650
vt 7.359143 2.616651
vt -1.917825 0.801759
vt -1.566502 0.801759
vt -1.566518 1.314467
vt -1.917828 1.314467
vt -2.077538 0.801759
vt -2.077570 1.314467
vt -0.517979 -1.581372
vt -0.517995 -1.328330
vt -1.029015 -1.581372
vt -0.869301 -1.581372
vt -0.869306 -1.328330
vt -1.029047 -1.328330
vt 7.574859 1.827208
vt 7.574858 1.780498
vt 7.646238 1.780498
vt 7.646238 1.827208
vt 7.659918 2.804280
vt 7.659917 2.790628
vt 7.813346 2.790628
vt 7.813348 2.804279
vt 2.090093 -0.263303
vt 1.738769 -0.263303
vt 1.738782 -0.516344
vt 2.090093 -0.516344
vt -0.006954 1.314467
vt -0.358280 1.314466
vt -0.358265 0.801759
vt -0.006954 0.801759
vt 7.359142 2.434246
vt 7.548428 2.434246
vt 7.548428 2.469935
vt 7.359142 2.469935
vt -0.869301 0.801759
vt -0.517979 0.801759
vt -0.517995 1.314467
vt -0.869305 1.314467
vt -1.029015 0.801759
vt -1.029047 1.314467
vt 1.579070 -0.516344
vt 1.579053 -0.263303
vt 1.068033 -0.516344
vt 1.227747 -0.516344
vt 1.227743 -0.263303
vt 1.068001 -0.263303
vt 7.574859 2.208194
vt 7.574858 2.161484
vt 7.646238 2.161484
vt 7.646238 2.208194
vt 7.359142 -2.041228
vt 7.359142 -2.054881
vt 7.512570 -2.054881
vt 7.512570 -2.041229
vt 5.235664 0.762181
vt 4.884340 0.762181
vt 4.884354 0.509140
vt 5.235664 0.509140
vt 4.724640 0.509140
vt 4.724624 0.762181
vt 4.213604 0.509140
vt 4.373317 0.509140
vt 4.373314 0.762181
vt 4.213573 0.762181
vt 7.574858 0.701947
vt 7.574859 0.655237
vt 7.646236 0.655237
vt 7.646236 0.701947
vt 7.672668 2.553256
vt 7.672668 2.539604
vt 7.826097 2.539604
vt 7.826097 2.553256
vt 7.332711 -0.036589
vt 6.981386 -0.036589
vt 6.981401 -0.289631
vt 7.332711 -0.289631
vt 1.041570 1.314467
vt 0.690244 1.314466
vt 0.690259 0.801759
vt 1.041570 0.801759
vt 7.359142 1.994099
vt 7.548428 1.994099
vt 7.548428 2.029789
vt 7.359143 2.029789
vt 0.179223 0.801759
vt 0.530546 0.801759
vt 0.530529 1.314466
vt 0.179219 1.314466
vt 0.019509 0.801759
vt 0.019477 1.314466
vt 6.821688 -0.289631
vt 6.821671 -0.036589
vt 6.310651 -0.289631
vt 6.470365 -0.289631
vt 6.470361 -0.036589
vt 6.310618 -0.036589
vt 7.554763 -1.620693
vt 7.554763 -1.667402
vt 7.626142 -1.667402
vt 7.626142 -1.620693
vt 7.605836 2.865368
vt 7.605836 2.851716
vt 7.759264 2.851716
vt 7.759264 2.865368
vt -0.006955 -1.062073
vt -0.358280 -1.062073
vt -0.358266 -1.315115
vt -0.006956 -1.315115
vt 2.090093 2.366313
vt 1.738769 2.366313
vt 1.738783 1.853605
vt 2.090094 1.853605
vt 7.359142 1.351373
vt 7.548428 1.351373
vt 7.548428 1.387062
vt 7.359143 1.387062
vt 1.227747 1.853605
vt 1.579070 1.853605
vt 1.579053 2.366313
vt 1.227743 2.366313
vt 1.068033 1.853605
vt 1.068001 2.366313
vt -0.517979 -1.315115
vt -0.517995 -1.062073
vt -1.029015 -1.315115
vt -0.869301 -1.315115
vt -0.869305 -1.062073
vt -1.029047 -1.062073
vt 7.547375 -1.113816
vt 7.547374 -1.160525
vt 7.618753 -1.160525
vt 7.618753 -1.113816
vt 7.641570 -0.618316
vt 7.641570 -0.631968
vt 7.794997 -0.631968
vt 7.794998 -0.618316
vt 6.284187 1.560952
vt 5.932863 1.560952
vt 5.932877 1.307910
vt 6.284187 1.307910
vt 5.773163 1.307910
vt 5.773148 1.560952
vt 5.262127 1.307910
vt 5.421840 1.307910
vt 5.421837 1.560952
vt 5.262095 1.560952
vt 7.574858 0.023027
vt 7.574859 -0.023683
vt 7.646236 -0.023683
vt 7.646236 0.023027
vt 7.672668 2.208194
vt 7.672668 2.194542
vt 7.826097 2.194542
vt 7.826097 2.208194
vt 1.041569 -0.795816
vt 0.690243 -0.795816
vt 0.690258 -1.048858
vt 1.041569 -1.048858
vt -0.006954 0.788543
vt -0.358280 0.788543
vt -0.358265 0.275836
vt -0.006954 0.275836
vt 7.359142 0.846033
vt 7.548428 0.846033
vt 7.548428 0.881722
vt 7.359143 0.881723
vt -0.869301 0.275836
vt -0.517979 0.275836
vt -0.517995 0.788543
vt -0.869305 0.788543
vt -1.029015 0.275836
vt -1.029047 0.788543
vt 0.530545 -1.048858
vt 0.530529 -0.795816
vt 0.019509 -1.048858
vt 0.179222 -1.048858
vt 0.179219 -0.795816
vt 0.019477 -0.795816
vt 7.359143 -1.380992
vt 7.359142 -1.427701
vt 7.430521 -1.427701
vt 7.430521 -1.380992
vt 7.638600 -0.816611
vt 7.638600 -0.830263
vt 7.792029 -0.830263
vt 7.792030 -0.816612
vt 6.284187 1.294695
vt 5.932862 1.294695
vt 5.932877 1.041653
vt 6.284187 1.041654
vt 4.187141 0.788543
vt 3.835816 0.788543
vt 3.835831 0.275836
vt 4.187141 0.275836
vt 7.359142 -0.121184
vt 7.548428 -0.121184
vt 7.548428 -0.085495
vt 7.359143 -0.085495
vt 3.324795 0.275836
vt 3.676117 0.275836
vt 3.676101 0.788543
vt 3.324791 0.788543
vt 3.165081 0.275836
vt 3.165049 0.788543
vt 5.773164 1.041654
vt 5.773148 1.294695
vt 5.262128 1.041653
vt 5.421842 1.041654
vt 5.421837 1.294695
vt 5.262095 1.294695
vt 7.359143 -1.500842
vt 7.359142 -1.547552
vt 7.430521 -1.547552
vt 7.430521 -1.500842
vt 7.438951 -1.273940
vt 7.438951 -1.287592
vt 7.592381 -1.287592
vt 7.592381 -1.273941
vt 2.090091 -1.328330
vt 1.738768 -1.328330
vt 1.738781 -1.581371
vt 2.090092 -1.581371
vt 1.579068 -1.581371
vt 1.579051 -1.328330
vt 1.068031 -1.581371
vt 1.227745 -1.581371
vt 1.227742 -1.328330
vt 1.068000 -1.328330
vt 7.574858 -0.096824
vt 7.574859 -0.143533
vt 7.646236 -0.143533
vt 7.646236 -0.096824
vt 7.672668 2.445786
vt 7.672668 2.432134
vt 7.826096 2.432134
vt 7.826097 2.445786
vt 5.235664 -0.835360
vt 5.235664 -1.088401
vt 4.884354 -1.088401
vt 4.884339 -0.835360
vt 2.090093 1.314467
vt 1.738768 1.314466
vt 7.359142 0.405887
vt 7.359143 0.441577
vt 7.548428 0.441576
vt 7.548428 0.405887
vt 1.227743 1.314466
vt 1.579053 1.314466
vt 1.068001 1.314466
vt 4.724641 -1.088401
vt 4.724624 -0.835360
vt 4.213604 -1.088401
vt 4.213573 -0.835360
vt 4.373314 -0.835360
vt 4.373318 -1.088401
vt 7.574859 2.387969
vt 7.646237 2.387969
vt 7.646238 2.341260
vt 7.574858 2.341260
vt 7.652573 -1.846964
vt 7.806001 -1.846965
vt 7.806000 -1.860616
vt 7.652573 -1.860616
vt 1.041569 -1.860844
vt 1.041568 -2.113885
vt 0.690258 -2.113885
vt 0.690243 -1.860844
vt 2.090093 1.840390
vt 1.738768 1.840390
vt 7.359142 1.896289
vt 7.359143 1.931979
vt 7.548428 1.931979
vt 7.548428 1.896289
vt 1.227743 1.840390
vt 1.579053 1.840390
vt 1.068001 1.840390
vt 0.530545 -2.113885
vt 0.530529 -1.860844
vt 0.019509 -2.113885
vt 0.019477 -1.860844
vt 0.179219 -1.860844
vt 0.179222 -2.113885
vt 7.561037 -1.036241
vt 7.632416 -1.036242
vt 7.632416 -1.082951
vt 7.561035 -1.082951
vt 7.658846 -1.083787
vt 7.812275 -1.083788
vt 7.812274 -1.097439
vt 7.658846 -1.097439
vt 7.332711 1.827208
vt 7.332711 1.574167
vt 6.981401 1.574167
vt 6.981387 1.827208
vt 6.821687 1.574167
vt 6.821671 1.827208
vt 6.310650 1.574167
vt 6.310618 1.827208
vt 6.470361 1.827208
vt 6.470364 1.574167
vt 7.574858 1.212111
vt 7.646236 1.212111
vt 7.646236 1.165401
vt 7.574859 1.165401
vt 7.672668 2.714461
vt 7.826097 2.714460
vt 7.826097 2.700809
vt 7.672668 2.700809
vt 5.235664 -0.036589
vt 5.235664 -0.289631
vt 4.884354 -0.289631
vt 4.884339 -0.036589
vt -0.006954 1.840390
vt -0.358280 1.840390
vt 7.359142 2.287530
vt 7.359143 2.323220
vt 7.548428 2.323219
vt 7.548428 2.287530
vt -0.869305 1.840389
vt -0.517995 1.840389
vt -1.029047 1.840390
vt 4.724641 -0.289630
vt 4.724624 -0.036589
vt 4.213604 -0.289630
vt 4.213573 -0.036589
vt 4.373314 -0.036589
vt 4.373318 -0.289630
vt 7.554763 -1.440916
vt 7.626142 -1.440917
vt 7.626142 -1.487626
vt 7.554763 -1.487626
vt 7.539002 -1.933757
vt 7.692431 -1.933758
vt 7.692430 -1.947410
vt 7.539002 -1.947410
vt -1.055478 -1.860844
vt -1.055479 -2.113885
vt -1.406789 -2.113885
vt -1.406803 -1.860844
vt 1.041570 2.892236
vt 0.690244 2.892236
vt 7.359142 2.678771
vt 7.359143 2.714461
vt 7.548428 2.714461
vt 7.548428 2.678771
vt 0.179219 2.892237
vt 0.530529 2.892237
vt 0.019477 2.892237
vt -1.566502 -2.113885
vt -1.566518 -1.860844
vt -2.077538 -2.113885
vt -2.077570 -1.860844
vt -1.917828 -1.860844
vt -1.917825 -2.113885
vt 7.574859 1.707358
vt 7.646238 1.707358
vt 7.646238 1.660648
vt 7.574858 1.660648
vt 7.652573 -1.787039
vt 7.806001 -1.787039
vt 7.806000 -1.800691
vt 7.652573 -1.800691
vt 7.332711 -1.367874
vt 7.332711 -1.620915
vt 6.981401 -1.620915
vt 6.981386 -1.367874
vt -1.055478 1.840389
vt -1.406803 1.840390
vt 7.359142 2.238625
vt 7.359143 2.274315
vt 7.548428 2.274314
vt 7.548428 2.238625
vt -1.917828 1.840390
vt -1.566518 1.840390
vt -2.077570 1.840390
vt 6.821688 -1.620915
vt 6.821671 -1.367874
vt 6.310651 -1.620915
vt 6.310618 -1.367874
vt 6.470361 -1.367874
vt 6.470365 -1.620915
vt 7.574859 2.328044
vt 7.646238 2.328044
vt 7.646238 2.281335
vt 7.574858 2.281335
vt 7.652573 -1.380992
vt 7.806001 -1.380992
vt 7.806000 -1.394643
vt 7.652573 -1.394643
vt 7.332711 0.495924
vt 7.332711 0.242883
vt 6.981401 0.242883
vt 6.981386 0.495924
vt 6.821688 0.242883
vt 6.821671 0.495924
vt 6.310651 0.242883
vt 6.310618 0.495924
vt 6.470361 0.495924
vt 6.470365 0.242883
vt 7.574859 2.507820
vt 7.646238 2.507820
vt 7.646238 2.461111
vt 7.574858 2.461111
vt 7.638600 -0.789744
vt 7.792030 -0.789744
vt 7.792029 -0.803396
vt 7.638600 -0.803396
vt 7.332711 2.359722
vt 7.332711 2.106681
vt 6.981401 2.106681
vt 6.981387 2.359722
vt 6.821687 2.106681
vt 6.821671 2.359722
vt 6.310651 2.106681
vt 6.310618 2.359722
vt 6.470362 2.359722
vt 6.470365 2.106681
vt 7.574858 -0.411986
vt 7.646236 -0.411986
vt 7.646236 -0.458695
vt 7.574859 -0.458695
vt 7.672668 1.825859
vt 7.826097 1.825858
vt 7.826097 1.812207
vt 7.672668 1.812207
vt 1.041569 -1.328330
vt 1.041568 -1.581371
vt 0.690258 -1.581371
vt 0.690243 -1.328330
vt -1.055478 1.314467
vt -1.406803 1.314467
vt 7.359142 1.847384
vt 7.359143 1.883074
vt 7.548428 1.883074
vt 7.548428 1.847384
vt -1.917828 1.314467
vt -1.566518 1.314467
vt -2.077570 1.314467
vt 0.530545 -1.581371
vt 0.530529 -1.328330
vt 0.019509 -1.581371
vt 0.019477 -1.328330
vt 0.179218 -1.328330
vt 0.179222 -1.581371
vt 7.554763 -1.813906
vt 7.626142 -1.813907
vt 7.626142 -1.860616
vt 7.554763 -1.860616
vt 7.539002 -1.987493
vt 7.692431 -1.987493
vt 7.692430 -2.001145
vt 7.539002 -2.001145
vt 1.041569 -1.062073
vt 1.041568 -1.315115
vt 0.690258 -1.315115
vt 0.690243 -1.062073
vt -0.006954 1.314467
vt -0.358280 1.314466
vt 7.359142 1.546993
vt 7.359143 1.582683
vt 7.548428 1.582683
vt 7.548428 1.546993
vt -0.869305 1.314467
vt -0.517995 1.314467
vt -1.029047 1.314467
vt 0.530545 -1.315115
vt 0.530529 -1.062073
vt 0.019509 -1.315115
vt 0.019477 -1.062073
vt 0.179219 -1.062073
vt 0.179222 -1.315115
vt 7.554763 -1.380992
vt 7.626142 -1.380992
vt 7.626142 -1.427701
vt 7.554763 -1.427701
vt 7.638600 -0.762876
vt 7.792030 -0.762877
vt 7.792029 -0.776528
vt 7.638600 -0.776528
vt 6.284187 -0.036589
vt 6.284187 -0.289631
vt 5.932877 -0.289631
vt 5.932863 -0.036589
vt 5.773163 -0.289631
vt 5.773148 -0.036589
vt 5.262127 -0.289631
vt 5.262095 -0.036589
vt 5.421837 -0.036589
vt 5.421840 -0.289631
vt 7.574858 -0.232210
vt 7.646236 -0.232210
vt 7.646236 -0.278920
vt 7.574859 -0.278920
vt 7.672668 2.067666
vt 7.826097 2.067666
vt 7.826097 2.054014
vt 7.672668 2.054014
vt 6.284187 1.028438
vt 6.284187 0.775397
vt 5.932877 0.775397
vt 5.932862 1.028438
vt 1.041570 1.314467
vt 0.690244 1.314466
vt 7.359142 1.204657
vt 7.359143 1.240347
vt 7.548428 1.240347
vt 7.548428 1.204657
vt 0.179219 1.314466
vt 0.530529 1.314466
vt 0.019477 1.314466
vt 5.773164 0.775397
vt 5.773148 1.028438
vt 5.262128 0.775397
vt 5.262095 1.028438
vt 5.421837 1.028438
vt 5.421842 0.775397
vt 7.456952 -1.873832
vt 7.528332 -1.873832
vt 7.528332 -1.920542
vt 7.456952 -1.920542
vt 7.645184 -1.113816
vt 7.798614 -1.113816
vt 7.798612 -1.127468
vt 7.645184 -1.127468
vt 2.090093 2.366313
vt 1.738769 2.366313
vt 7.359142 2.483150
vt 7.359142 2.518840
vt 7.548428 2.518840
vt 7.548428 2.483150
vt 1.227743 2.366313
vt 1.579053 2.366313
vt 1.068001 2.366313
vt 6.284187 -1.101617
vt 6.284187 -1.354659
vt 5.932877 -1.354659
vt 5.932863 -1.101617
vt 5.773163 -1.354659
vt 5.773148 -1.101617
vt 5.262127 -1.354658
vt 5.262095 -1.101617
vt 5.421837 -1.101617
vt 5.421840 -1.354658
vt 7.574858 1.092261
vt 7.646236 1.092261
vt 7.646236 1.045551
vt 7.574859 1.045551
vt 7.672668 1.933329
vt 7.826097 1.933329
vt 7.826097 1.919677
vt 7.672668 1.919677
vt 7.332711 2.625979
vt 7.332711 2.372938
vt 6.981401 2.372938
vt 6.981386 2.625979
vt -0.006954 0.788543
vt -0.358280 0.788543
vt 7.359142 -0.485252
vt 7.359143 -0.449562
vt 7.548428 -0.449563
vt 7.548428 -0.485252
vt -0.869305 0.788543
vt -0.517995 0.788543
vt -1.029047 0.788543
vt 6.821688 2.372938
vt 6.821671 2.625979
vt 6.310652 2.372938
vt 6.310618 2.625979
vt 6.470362 2.625979
vt 6.470365 2.372938
vt 7.574859 2.148269
vt 7.646238 2.148269
vt 7.646238 2.101559
vt 7.574858 2.101559
vt 7.658846 -0.976316
vt 7.812275 -0.976317
vt 7.812274 -0.989968
vt 7.658846 -0.989968
vt 7.332711 -0.569103
vt 7.332711 -0.822145
vt 6.981401 -0.822145
vt 6.981386 -0.569103
vt 4.187141 0.788543
vt 3.835816 0.788543
vt 7.359142 2.043005
vt 7.359143 2.078694
vt 7.548428 2.078694
vt 7.548428 2.043005
vt 3.324791 0.788543
vt 3.676101 0.788543
vt 3.165049 0.788543
vt 6.821688 -0.822145
vt 6.821671 -0.569103
vt 6.310651 -0.822145
vt 6.310618 -0.569103
vt 6.470361 -0.569103
vt 6.470365 -0.822145
vt 7.554763 -1.680618
vt 7.626142 -1.680618
vt 7.626142 -1.727327
vt 7.554763 -1.727327
vt 7.652573 -1.473974
vt 7.806001 -1.473975
vt 7.806000 -1.487626
vt 7.652573 -1.487626
vt 6.284187 0.229667
vt 6.284187 -0.023374
vt 5.932877 -0.023374
vt 5.932863 0.229667
vt 5.773163 -0.023374
vt 5.773148 0.229667
vt 5.262127 -0.023374
vt 5.262095 0.229667
vt 5.421837 0.229667
vt 5.421840 -0.023374
vt 7.574858 -0.156749
vt 7.646236 -0.156749
vt 7.646236 -0.203458
vt 7.574859 -0.203458
vt 7.672668 2.328044
vt 7.826097 2.328044
vt 7.826097 2.314392
vt 7.672668 2.314392
vt 5.235664 1.028438
vt 5.235664 0.775397
vt 4.884354 0.775397
vt 4.884339 1.028438
vt 4.724641 0.775397
vt 4.724624 1.028438
vt 4.213604 0.775397
vt 4.213573 1.028438
vt 4.373314 1.028438
vt 4.373318 0.775397
vt 7.463227 -0.976316
vt 7.534605 -0.976316
vt 7.534605 -1.023026
vt 7.463226 -1.023026
vt 7.539002 -1.960625
vt 7.692431 -1.960626
vt 7.692430 -1.974277
vt 7.539002 -1.974277
vt 7.332711 -1.101617
vt 7.332711 -1.354659
vt 6.981401 -1.354659
vt 6.981386 -1.101617
vt -0.006954 2.366313
vt -0.006954 1.853606
vt -0.358265 1.853605
vt -0.358280 2.366313
vt 7.359142 -0.680873
vt 7.359143 -0.645183
vt 7.548428 -0.645184
vt 7.548428 -0.680873
vt -0.869301 1.853605
vt -0.869305 2.366313
vt -0.517995 2.366313
vt -0.517979 1.853605
vt -1.029015 1.853605
vt -1.029047 2.366313
vt 6.821688 -1.354659
vt 6.821671 -1.101617
vt 6.310651 -1.354659
vt 6.310618 -1.101617
vt 6.470361 -1.101617
vt 6.470365 -1.354659
vt 7.554763 -1.740543
vt 7.626142 -1.740543
vt 7.626142 -1.787253
vt 7.554763 -1.787253
vt 7.652573 -1.533899
vt 7.806001 -1.533900
vt 7.806000 -1.547552
vt 7.652573 -1.547552
vt 5.235664 -1.900387
vt 5.235664 -2.153429
vt 4.884354 -2.153429
vt 4.884340 -1.900387
vt 4.724640 -2.153429
vt 4.724624 -1.900387
vt 4.213603 -2.153429
vt 4.213573 -1.900387
vt 4.373314 -1.900387
vt 4.373317 -2.153429
vt 7.574858 1.451812
vt 7.646236 1.451812
vt 7.646236 1.405102
vt 7.574859 1.405102
vt 7.672668 2.013931
vt 7.826097 2.013931
vt 7.826097 2.000279
vt 7.672668 2.000279
vt 6.284187 1.827208
vt 6.284187 1.574167
vt 5.932877 1.574167
vt 5.932862 1.827208
vt 4.187141 2.366313
vt 4.187141 1.853605
vt 3.835831 1.853605
vt 3.835816 2.366313
vt 7.359142 1.057942
vt 7.359143 1.093632
vt 7.548428 1.093632
vt 7.548428 1.057942
vt 3.324795 1.853605
vt 3.324791 2.366313
vt 3.676101 2.366313
vt 3.676117 1.853605
vt 3.165081 1.853605
vt 3.165049 2.366313
vt 5.773164 1.574167
vt 5.773148 1.827208
vt 5.262128 1.574167
vt 5.262095 1.827208
vt 5.421837 1.827208
vt 5.421842 1.574167
vt 7.574859 2.268119
vt 7.646238 2.268119
vt 7.646238 2.221409
vt 7.574858 2.221409
vt 7.652563 -1.307704
vt 7.805992 -1.307704
vt 7.805991 -1.321355
vt 7.652563 -1.321355
vt 7.332711 -1.900387
vt 7.332711 -2.153429
vt 6.981401 -2.153429
vt 6.981386 -1.900387
vt 1.041570 1.840390
vt 1.041570 1.327682
vt 0.690259 1.327682
vt 0.690244 1.840390
vt 7.359142 1.498088
vt 7.359143 1.533778
vt 7.548428 1.533778
vt 7.548428 1.498088
vt 0.179223 1.327682
vt 0.179219 1.840390
vt 0.530529 1.840390
vt 0.530546 1.327682
vt 0.019509 1.327682
vt 0.019477 1.840390
vt 6.821688 -2.153429
vt 6.821671 -1.900387
vt 6.310651 -2.153429
vt 6.310618 -1.900387
vt 6.470361 -1.900387
vt 6.470365 -2.153429
vt 7.359143 -1.813906
vt 7.430521 -1.813907
vt 7.430521 -1.860616
vt 7.359142 -1.860616
vt 7.652573 -1.680618
vt 7.806001 -1.680619
vt 7.806000 -1.694270
vt 7.652573 -1.694270
vt 1.041568 -1.594587
vt 1.041569 -1.847628
vt 0.690258 -1.847628
vt 0.690245 -1.594587
vt 0.530544 -1.847628
vt 0.530528 -1.594587
vt 0.019508 -1.847628
vt 0.019477 -1.594587
vt 0.179219 -1.594587
vt 0.179221 -1.847628
vt 7.574858 0.457422
vt 7.646236 0.457422
vt 7.646236 0.410712
vt 7.574859 0.410712
vt 7.672668 2.121401
vt 7.826097 2.121401
vt 7.826097 2.107749
vt 7.672668 2.107749
vt 7.332711 0.762181
vt 7.332711 0.509140
vt 6.981401 0.509140
vt 6.981386 0.762181
vt -1.055478 2.892236
vt -1.055477 2.379529
vt -1.406789 2.379529
vt -1.406803 2.892237
vt 7.359142 1.945194
vt 7.359143 1.980884
vt 7.548428 1.980884
vt 7.548428 1.945194
vt -1.917825 2.379529
vt -1.917828 2.892237
vt -1.566518 2.892237
vt -1.566502 2.379529
vt -2.077538 2.379529
vt -2.077570 2.892237
vt 6.821688 0.509140
vt 6.821671 0.762181
vt 6.310651 0.509140
vt 6.310618 0.762181
vt 6.470361 0.762181
vt 6.470365 0.509140
vt 7.554763 -1.500842
vt 7.626142 -1.500842
vt 7.626142 -1.547552
vt 7.554763 -1.547552
vt 7.539002 -2.014360
vt 7.692431 -2.014361
vt 7.692430 -2.028013
vt 7.539002 -2.028013
vt -1.055478 -1.062073
vt -1.055479 -1.315115
vt -1.406789 -1.315115
vt -1.406803 -1.062073
vt -1.055478 0.788543
vt -1.055477 0.275836
vt -1.406789 0.275836
vt -1.406803 0.788543
vt 7.359142 1.302468
vt 7.359143 1.338158
vt 7.548428 1.338157
vt 7.548428 1.302468
vt -1.917825 0.275836
vt -1.917828 0.788543
vt -1.566518 0.788543
vt -1.566502 0.275836
vt -2.077538 0.275836
vt -2.077570 0.788543
vt -1.566502 -1.315115
vt -1.566518 -1.062073
vt -2.077538 -1.315115
vt -2.077570 -1.062073
vt -1.917828 -1.062073
vt -1.917825 -1.315115
vt 7.540792 -0.855859
vt 7.612171 -0.855859
vt 7.612171 -0.902569
vt 7.540791 -0.902569
vt 7.641570 -0.698919
vt 7.794998 -0.698920
vt 7.794997 -0.712571
vt 7.641570 -0.712571
vt 2.090091 -0.795817
vt 2.090092 -1.048858
vt 1.738782 -1.048858
vt 1.738768 -0.795817
vt 1.579068 -1.048858
vt 1.579051 -0.795817
vt 1.068031 -1.048858
vt 1.068000 -0.795816
vt 1.227742 -0.795816
vt 1.227745 -1.048858
vt 7.574858 0.157795
vt 7.646236 0.157795
vt 7.646236 0.111086
vt 7.574859 0.111086
vt 7.672668 2.268119
vt 7.826097 2.268119
vt 7.826097 2.254467
vt 7.672668 2.254467
vt 4.187141 -0.536150
vt 4.187140 -0.789192
vt 3.835830 -0.789192
vt 3.835816 -0.536150
vt -0.006954 2.892237
vt -0.006954 2.379529
vt -0.358265 2.379529
vt -0.358280 2.892237
vt 7.359142 0.797128
vt 7.359143 0.832817
vt 7.548428 0.832817
vt 7.548428 0.797128
vt -0.869301 2.379529
vt -0.869305 2.892236
vt -0.517995 2.892236
vt -0.517979 2.379529
vt -1.029015 2.379529
vt -1.029047 2.892236
vt 3.676117 -0.789192
vt 3.676101 -0.536150
vt 3.165081 -0.789192
vt 3.165049 -0.536150
vt 3.324790 -0.536150
vt 3.324794 -0.789192
vt 7.456952 -1.813906
vt 7.528332 -1.813907
vt 7.528332 -1.860616
vt 7.456952 -1.860616
vt 7.652573 -1.707486
vt 7.806001 -1.707487
vt 7.806000 -1.721137
vt 7.652573 -1.721137
vt 5.235664 0.495924
vt 5.235664 0.242883
vt 4.884354 0.242883
vt 4.884339 0.495924
vt 2.090093 0.262620
vt 2.090094 -0.250088
vt 1.738783 -0.250088
vt 1.738768 0.262620
vt 7.359142 0.552602
vt 7.359143 0.588292
vt 7.548428 0.588292
vt 7.548428 0.552602
vt 1.227747 -0.250088
vt 1.227743 0.262620
vt 1.579053 0.262620
vt 1.579070 -0.250088
vt 1.068033 -0.250088
vt 1.068001 0.262620
vt 4.724641 0.242883
vt 4.724624 0.495924
vt 4.213604 0.242883
vt 4.213573 0.495924
vt 4.373314 0.495924
vt 4.373318 0.242883
vt 7.456952 -1.680618
vt 7.528332 -1.680618
vt 7.528332 -1.727327
vt 7.456952 -1.727327
vt 7.652573 -1.873832
vt 7.806001 -1.873832
vt 7.806000 -1.887484
vt 7.652573 -1.887484
vt 5.235664 1.827208
vt 5.235664 1.574167
vt 4.884354 1.574167
vt 4.884340 1.827208
vt 4.724640 1.574167
vt 4.724624 1.827208
vt 4.213604 1.574167
vt 4.213573 1.827208
vt 4.373314 1.827208
vt 4.373317 1.574167
vt 7.574858 0.517346
vt 7.646236 0.517346
vt 7.646236 0.470637
vt 7.574859 0.470637
vt 7.672668 2.580123
vt 7.826096 2.580123
vt 7.826097 2.566472
vt 7.672668 2.566472
vt 5.235664 2.093465
vt 5.235664 1.840424
vt 4.884354 1.840424
vt 4.884339 2.093465
vt 4.724641 1.840424
vt 4.724624 2.093465
vt 4.213604 1.840424
vt 4.213573 2.093465
vt 4.373314 2.093465
vt 4.373318 1.840424
vt 7.456952 -1.500842
vt 7.528332 -1.500842
vt 7.528332 -1.547552
vt 7.456952 -1.547552
vt 7.658846 -1.003184
vt 7.812275 -1.003184
vt 7.812274 -1.016836
vt 7.658846 -1.016836
vt 4.187141 -0.269894
vt 4.187140 -0.522935
vt 3.835830 -0.522935
vt 3.835816 -0.269894
vt 3.138617 1.840389
vt 3.138618 1.327682
vt 2.787307 1.327682
vt 2.787292 1.840389
vt 7.359142 0.308077
vt 7.359143 0.343766
vt 7.548428 0.343766
vt 7.548428 0.308077
vt 2.276270 1.327682
vt 2.276267 1.840390
vt 2.627577 1.840389
vt 2.627594 1.327682
vt 2.116557 1.327682
vt 2.116525 1.840390
vt 3.676117 -0.522935
vt 3.676101 -0.269894
vt 3.165081 -0.522935
vt 3.165049 -0.269894
vt 3.324790 -0.269894
vt 3.324794 -0.522935
vt 7.456952 -1.440916
vt 7.528332 -1.440917
vt 7.528332 -1.487626
vt 7.456952 -1.487626
vt 7.659918 2.831148
vt 7.813348 2.831147
vt 7.813346 2.817495
vt 7.659918 2.817495
vt 3.138617 -0.003637
vt 3.138617 -0.256678
vt 2.787307 -0.256678
vt 2.787292 -0.003637
vt 2.627593 -0.256678
vt 2.627576 -0.003637
vt 2.116556 -0.256678
vt 2.116525 -0.003637
vt 2.276267 -0.003637
vt 2.276270 -0.256678
vt 7.574858 0.881723
vt 7.646236 0.881723
vt 7.646236 0.835013
vt 7.574859 0.835013
vt 7.672668 2.633859
vt 7.826097 2.633858
vt 7.826096 2.620206
vt 7.672668 2.620206
vt 4.187141 0.262620
vt 4.187140 0.009579
vt 3.835830 0.009579
vt 3.835816 0.262620
vt -1.055478 2.366313
vt -1.055477 1.853606
vt -1.406789 1.853606
vt -1.406803 2.366313
vt 7.359142 -0.072279
vt 7.359143 -0.036589
vt 7.548428 -0.036590
vt 7.548428 -0.072279
vt -1.917825 1.853606
vt -1.917828 2.366313
vt -1.566518 2.366313
vt -1.566502 1.853606
vt -2.077538 1.853606
vt -2.077570 2.366313
vt 3.676117 0.009579
vt 3.676101 0.262620
vt 3.165081 0.009579
vt 3.165049 0.262620
vt 3.324790 0.262620
vt 3.324794 0.009579
vt 7.442982 -0.835360
vt 7.514359 -0.835360
vt 7.514359 -0.882070
vt 7.442980 -0.882070
vt 7.539002 -2.041228
vt 7.692431 -2.041229
vt 7.692430 -2.054881
vt 7.539002 -2.054881
vt 3.138617 -0.269894
vt 3.138617 -0.522935
vt 2.787306 -0.522935
vt 2.787292 -0.269894
vt 3.138617 0.788543
vt 3.138618 0.275836
vt 2.787307 0.275836
vt 2.787292 0.788543
vt 7.359142 -0.170089
vt 7.359143 -0.134400
vt 7.548428 -0.134400
vt 7.548428 -0.170089
vt 2.276270 0.275836
vt 2.276267 0.788543
vt 2.627577 0.788543
vt 2.627594 0.275836
vt 2.116557 0.275836
vt 2.116525 0.788543
vt 2.627594 -0.522935
vt 2.627577 -0.269894
vt 2.116557 -0.522935
vt 2.116525 -0.269894
vt 2.276267 -0.269894
vt 2.276271 -0.522935
vt 7.438952 -1.214015
vt 7.510331 -1.214015
vt 7.510331 -1.260724
vt 7.438951 -1.260724
vt 7.652573 -1.906890
vt 7.806001 -1.906890
vt 7.806000 -1.920542
vt 7.652573 -1.920542
vt 6.284188 2.892236
vt 6.284188 2.639194
vt 5.932878 2.639194
vt 5.932864 2.892236
vt 5.773164 2.639194
vt 5.773149 2.892236
vt 5.262127 2.639195
vt 5.262095 2.892236
vt 5.421838 2.892236
vt 5.421840 2.639195
vt 7.574858 1.272036
vt 7.646236 1.272036
vt 7.646236 1.225327
vt 7.574859 1.225327
vt 7.672668 2.472654
vt 7.826097 2.472653
vt 7.826097 2.459002
vt 7.672668 2.459002
vt 6.284188 2.625979
vt 5.932863 2.625979
vt 5.932878 2.372938
vt 6.284188 2.372938
vt 5.773165 2.372938
vt 5.773149 2.625979
vt 5.262128 2.372938
vt 5.421842 2.372938
vt 5.421837 2.625979
vt 5.262095 2.625979
vt 7.359143 -1.753981
vt 7.359142 -1.800691
vt 7.430521 -1.800691
vt 7.430521 -1.753982
vt 7.652573 -1.614503
vt 7.652573 -1.628155
vt 7.806000 -1.628155
vt 7.806001 -1.614504
vt 6.284188 2.093465
vt 5.932863 2.093465
vt 5.932877 1.840424
vt 6.284187 1.840424
vt -0.006954 2.366313
vt -0.358280 2.366313
vt 7.359142 -0.218994
vt 7.548428 -0.218994
vt 7.548428 -0.183305
vt 7.359143 -0.183305
vt -0.517995 2.366313
vt -0.869305 2.366313
vt -1.029047 2.366313
vt 5.773164 1.840424
vt 5.773149 2.093465
vt 5.262128 1.840424
vt 5.421842 1.840424
vt 5.421838 2.093465
vt 5.262095 2.093465
vt 7.359143 -1.440916
vt 7.359142 -1.487626
vt 7.430521 -1.487626
vt 7.430521 -1.440917
vt 7.652573 -1.414049
vt 7.652573 -1.427701
vt 7.806000 -1.427701
vt 7.806001 -1.414050
vt 7.332711 2.093465
vt 6.981387 2.093465
vt 6.981401 1.840424
vt 7.332711 1.840424
vt 6.821687 1.840424
vt 6.821671 2.093465
vt 6.310650 1.840424
vt 6.470364 1.840424
vt 6.470362 2.093465
vt 6.310618 2.093465
vt 7.574858 1.511737
vt 7.574859 1.465028
vt 7.646236 1.465028
vt 7.646236 1.511737
vt 7.672668 2.181326
vt 7.672668 2.167675
vt 7.826097 2.167675
vt 7.826097 2.181326
vt 4.187141 2.366313
vt 3.835816 2.366313
vt 7.359142 -0.338536
vt 7.548428 -0.338536
vt 7.548428 -0.302847
vt 7.359143 -0.302846
vt 3.676101 2.366313
vt 3.324791 2.366313
vt 3.165049 2.366313
vt 7.332711 0.229667
vt 6.981386 0.229667
vt 6.981401 -0.023374
vt 7.332711 -0.023374
vt 1.041570 1.840390
vt 0.690244 1.840390
vt 7.359142 -0.387441
vt 7.548428 -0.387441
vt 7.548428 -0.351752
vt 7.359143 -0.351752
vt 0.530529 1.840390
vt 0.179219 1.840390
vt 0.019477 1.840390
vt 6.821688 -0.023374
vt 6.821671 0.229667
vt 6.310651 -0.023374
vt 6.470365 -0.023374
vt 6.470361 0.229667
vt 6.310618 0.229667
vt 7.359143 -1.694056
vt 7.359142 -1.740765
vt 7.430521 -1.740765
vt 7.430521 -1.694056
vt 7.359142 -2.014360
vt 7.359142 -2.028013
vt 7.512570 -2.028013
vt 7.512570 -2.014361
vt 2.090091 -1.594587
vt 1.738768 -1.594587
vt 1.738781 -1.847628
vt 2.090092 -1.847628
vt 1.579068 -1.847628
vt 1.579051 -1.594587
vt 1.068031 -1.847628
vt 1.227745 -1.847628
vt 1.227742 -1.594587
vt 1.068000 -1.594587
vt 7.574858 1.571663
vt 7.574859 1.524953
vt 7.646236 1.524953
vt 7.646236 1.571663
vt 7.672668 1.960196
vt 7.672668 1.946544
vt 7.826097 1.946544
vt 7.826097 1.960196
vt 6.284187 -1.634130
vt 5.932862 -1.634130
vt 5.932877 -1.887172
vt 6.284187 -1.887172
vt -1.055478 2.892236
vt -1.406803 2.892237
vt 7.359142 -0.436347
vt 7.548428 -0.436347
vt 7.548428 -0.400657
vt 7.359143 -0.400657
vt -1.566518 2.892237
vt -1.917828 2.892237
vt -2.077570 2.892237
vt 5.773164 -1.887172
vt 5.773148 -1.634130
vt 5.262128 -1.887172
vt 5.421842 -1.887172
vt 5.421837 -1.634130
vt 5.262095 -1.634130
vt 7.359143 -1.560767
vt 7.359142 -1.607477
vt 7.430521 -1.607477
vt 7.430521 -1.560767
vt 7.547374 -1.187147
vt 7.547374 -1.200799
vt 7.700802 -1.200799
vt 7.700802 -1.187148
vt 4.187140 -0.802407
vt 3.835816 -0.802407
vt 3.835830 -1.055449
vt 4.187140 -1.055449
vt -1.055478 0.788543
vt -1.406803 0.788543
vt 7.359142 -0.534157
vt 7.548428 -0.534157
vt 7.548428 -0.498468
vt 7.359143 -0.498467
vt -1.566518 0.788543
vt -1.917828 0.788543
vt -2.077570 0.788543
vt 3.676117 -1.055449
vt 3.676101 -0.802407
vt 3.165081 -1.055449
vt 3.324794 -1.055449
vt 3.324790 -0.802407
vt 3.165049 -0.802407
vt 7.540792 -0.736008
vt 7.540791 -0.782718
vt 7.612171 -0.782718
vt 7.612171 -0.736009
vt 7.638600 -0.882727
vt 7.638600 -0.896379
vt 7.792029 -0.896379
vt 7.792030 -0.882728
vt 7.332711 2.892236
vt 6.981387 2.892236
vt 6.981401 2.639194
vt 7.332711 2.639194
vt 6.821687 2.639194
vt 6.821671 2.892236
vt 6.310651 2.639194
vt 6.470365 2.639194
vt 6.470362 2.892236
vt 6.310618 2.892236
vt 7.574858 0.821797
vt 7.574859 0.775087
vt 7.646236 0.775087
vt 7.646236 0.821797
vt 7.672668 2.148269
vt 7.672668 2.134617
vt 7.826097 2.134617
vt 7.826097 2.148268
vt 7.332711 -1.634130
vt 6.981386 -1.634130
vt 6.981401 -1.887172
vt 7.332711 -1.887172
vt -0.006954 2.892237
vt -0.358280 2.892237
vt 7.359142 1.693709
vt 7.548428 1.693709
vt 7.548428 1.729398
vt 7.359143 1.729398
vt -0.517995 2.892236
vt -0.869305 2.892236
vt -1.029047 2.892236
vt 6.821688 -1.887172
vt 6.821671 -1.634130
vt 6.310651 -1.887172
vt 6.470365 -1.887172
vt 6.470361 -1.634130
vt 6.310618 -1.634130
vt 7.456952 -1.753981
vt 7.456952 -1.800691
vt 7.528332 -1.800691
vt 7.528332 -1.753982
vt 7.652573 -1.587635
vt 7.652573 -1.601287
vt 7.806000 -1.601287
vt 7.806001 -1.587636
vt -0.006955 -1.594587
vt -0.358280 -1.594587
vt -0.358266 -1.847628
vt -0.006956 -1.847628
vt 2.090093 0.262620
vt 1.738768 0.262620
vt 7.359142 2.336435
vt 7.548428 2.336435
vt 7.548428 2.372125
vt 7.359143 2.372125
vt 1.579053 0.262620
vt 1.227743 0.262620
vt 1.068001 0.262620
vt -0.517979 -1.847628
vt -0.517995 -1.594587
vt -1.029015 -1.847629
vt -0.869301 -1.847629
vt -0.869305 -1.594587
vt -1.029047 -1.594587
vt 7.574859 2.714461
vt 7.574858 2.667751
vt 7.646237 2.667751
vt 7.646238 2.714461
vt 7.359142 -1.933757
vt 7.359142 -1.947410
vt 7.512570 -1.947410
vt 7.512570 -1.933758
vt 3.138617 0.262620
vt 2.787292 0.262620
vt 2.787307 0.009579
vt 3.138617 0.009579
vt 2.627593 0.009579
vt 2.627576 0.262620
vt 2.116556 0.009579
vt 2.276270 0.009579
vt 2.276267 0.262620
vt 2.116525 0.262620
vt 7.574858 0.277646
vt 7.574859 0.230936
vt 7.646236 0.230936
vt 7.646236 0.277646
vt 7.672668 1.852726
vt 7.672668 1.839074
vt 7.826097 1.839074
vt 7.826097 1.852726
vt 6.284187 -0.569103
vt 5.932862 -0.569103
vt 5.932877 -0.822145
vt 6.284187 -0.822145
vt 5.773164 -0.822145
vt 5.773148 -0.569103
vt 5.262128 -0.822145
vt 5.421842 -0.822145
vt 5.421837 -0.569103
vt 5.262095 -0.569103
vt 7.574859 2.088344
vt 7.574858 2.041634
vt 7.646238 2.041634
vt 7.646238 2.088344
vt 7.574858 0.912485
vt 7.574858 0.898833
vt 7.728286 0.898833
vt 7.728288 0.912485
vt 4.187141 -1.334921
vt 3.835816 -1.334921
vt 3.835830 -1.587963
vt 4.187140 -1.587963
vt 3.138617 1.840389
vt 2.787292 1.840389
vt 7.359142 0.601507
vt 7.548428 0.601507
vt 7.548428 0.637197
vt 7.359143 0.637197
vt 2.627577 1.840389
vt 2.276267 1.840390
vt 2.116525 1.840390
vt 3.676117 -1.587963
vt 3.676101 -1.334921
vt 3.165081 -1.587963
vt 3.324794 -1.587963
vt 3.324790 -1.334921
vt 3.165049 -1.334921
vt 7.359143 -1.634130
vt 7.359142 -1.680840
vt 7.430521 -1.680840
vt 7.430521 -1.634131
vt 7.638600 -0.736008
vt 7.638600 -0.749660
vt 7.792029 -0.749660
vt 7.792030 -0.736009
vt 2.090091 -1.860844
vt 1.738768 -1.860844
vt 1.738781 -2.113885
vt 2.090092 -2.113885
vt 1.579068 -2.113885
vt 1.579051 -1.860844
vt 1.068031 -2.113885
vt 1.227745 -2.113885
vt 1.227742 -1.860844
vt 1.068000 -1.860844
vt 7.574858 0.337571
vt 7.574859 0.290862
vt 7.646236 0.290862
vt 7.646236 0.337571
vt 7.672668 2.365184
vt 7.672668 2.351532
vt 7.826097 2.351532
vt 7.826097 2.365184
vt 4.187141 -1.867435
vt 3.835816 -1.867435
vt 3.835829 -2.120476
vt 4.187140 -2.120476
vt -1.055478 2.366313
vt -1.406803 2.366313
vt 7.359142 1.155752
vt 7.548428 1.155752
vt 7.548428 1.191442
vt 7.359143 1.191442
vt -1.566518 2.366313
vt -1.917828 2.366313
vt -2.077570 2.366313
vt 3.676117 -2.120476
vt 3.676101 -1.867435
vt 3.165081 -2.120476
vt 3.324794 -2.120476
vt 3.324790 -1.867434
vt 3.165049 -1.867434
vt 7.456952 -1.560767
vt 7.456952 -1.607477
vt 7.528332 -1.607477
vt 7.528332 -1.560767
vt 7.593205 2.741328
vt 7.593205 2.727676
vt 7.746634 2.727676
vt 7.746634 2.741328
vt 4.187140 -1.068664
vt 3.835816 -1.068664
vt 3.835830 -1.321706
vt 4.187140 -1.321706
vt 3.138617 0.788543
vt 2.787292 0.788543
vt 7.359142 2.189720
vt 7.548428 2.189720
vt 7.548428 2.225410
vt 7.359143 2.225410
vt 2.627577 0.788543
vt 2.276267 0.788543
vt 2.116525 0.788543
vt 3.676117 -1.321706
vt 3.676101 -1.068664
vt 3.165081 -1.321706
vt 3.324794 -1.321706
vt 3.324790 -1.068664
vt 3.165049 -1.068664
vt 7.456944 -1.307704
vt 7.456943 -1.354413
vt 7.528322 -1.354413
vt 7.528322 -1.307704
vt 7.359142 -1.987493
vt 7.359142 -2.001145
vt 7.512570 -2.001145
vt 7.512570 -1.987493
vt -1.055479 -0.529560
vt -1.406802 -0.529560
vt -1.406789 -0.782601
vt -1.055478 -0.782601
vt -1.566503 -0.782601
vt -1.566519 -0.529560
vt -2.077538 -0.782601
vt -1.917825 -0.782601
vt -1.917828 -0.529560
vt -2.077570 -0.529560
vt 7.574858 1.391887
vt 7.574859 1.345177
vt 7.646236 1.345177
vt 7.646236 1.391887
vt 7.672668 1.987064
vt 7.672668 1.973412
vt 7.826097 1.973412
vt 7.826097 1.987064
vt 5.235664 -1.634130
vt 4.884339 -1.634130
vt 4.884354 -1.887172
vt 5.235664 -1.887172
vt 4.724641 -1.887172
vt 4.724624 -1.634130
vt 4.213604 -1.887172
vt 4.373318 -1.887172
vt 4.373314 -1.634130
vt 4.213573 -1.634130
vt 7.574859 2.447895
vt 7.574858 2.401185
vt 7.646237 2.401185
vt 7.646238 2.447895
vt 7.645184 -1.146873
vt 7.645184 -1.160525
vt 7.798612 -1.160525
vt 7.798614 -1.146874
vt 7.332711 1.560952
vt 6.981387 1.560951
vt 6.981401 1.307910
vt 7.332711 1.307910
vt 6.821687 1.307910
vt 6.821671 1.560951
vt 6.310650 1.307910
vt 6.470364 1.307910
vt 6.470361 1.560952
vt 6.310618 1.560952
vt 7.574858 -0.471911
vt 7.574859 -0.518621
vt 7.646236 -0.518621
vt 7.646236 -0.471911
vt 7.672668 1.906461
vt 7.672668 1.892810
vt 7.826097 1.892810
vt 7.826097 1.906461
vt 5.235664 -1.101617
vt 4.884339 -1.101617
vt 4.884354 -1.354658
vt 5.235664 -1.354658
vt -1.055478 0.262620
vt -1.406803 0.262621
vt -1.406789 -0.250088
vt -1.055477 -0.250088
vt 7.359142 1.449183
vt 7.548428 1.449183
vt 7.548428 1.484872
vt 7.359143 1.484873
vt -1.917825 -0.250088
vt -1.566502 -0.250088
vt -1.566518 0.262621
vt -1.917828 0.262621
vt -2.077538 -0.250088
vt -2.077570 0.262621
vt 4.724641 -1.354658
vt 4.724624 -1.101617
vt 4.213604 -1.354658
vt 4.373318 -1.354658
vt 4.373314 -1.101617
vt 4.213573 -1.101617
vt 7.554754 -1.307704
vt 7.554753 -1.354413
vt 7.626132 -1.354413
vt 7.626132 -1.307704
vt 7.638600 -0.855859
vt 7.638600 -0.869511
vt 7.792029 -0.869511
vt 7.792030 -0.855860
vt 6.284187 0.495924
vt 5.932862 0.495924
vt 5.932877 0.242883
vt 6.284187 0.242883
vt 1.041569 0.788543
vt 0.690244 0.788543
vt 0.690259 0.275836
vt 1.041570 0.275836
vt 7.359142 1.253563
vt 7.548428 1.253563
vt 7.548428 1.289252
vt 7.359143 1.289252
vt 0.179222 0.275836
vt 0.530546 0.275836
vt 0.530529 0.788543
vt 0.179219 0.788543
vt 0.019509 0.275836
vt 0.019477 0.788543
vt 5.773164 0.242883
vt 5.773148 0.495924
vt 5.262128 0.242883
vt 5.421842 0.242883
vt 5.421837 0.495924
vt 5.262095 0.495924
vt 7.536762 -1.214014
vt 7.536761 -1.260724
vt 7.608141 -1.260724
vt 7.608141 -1.214015
vt 7.652573 -1.500842
vt 7.652573 -1.514494
vt 7.806000 -1.514494
vt 7.806001 -1.500843
vt 3.138617 -0.536150
vt 2.787292 -0.536150
vt 2.787306 -0.789192
vt 3.138617 -0.789192
vt 2.627594 -0.789192
vt 2.627577 -0.536150
vt 2.116557 -0.789192
vt 2.276271 -0.789192
vt 2.276267 -0.536150
vt 2.116524 -0.536150
vt 7.463227 -1.036241
vt 7.463226 -1.082951
vt 7.534605 -1.082951
vt 7.534605 -1.036242
vt 7.652573 -1.641371
vt 7.652573 -1.655022
vt 7.806000 -1.655022
vt 7.806001 -1.641371
vt 1.041570 -0.263303
vt 0.690244 -0.263303
vt 0.690258 -0.516344
vt 1.041569 -0.516344
vt 1.041570 2.366313
vt 0.690244 2.366313
vt 0.690259 1.853605
vt 1.041570 1.853605
vt 7.359141 2.532056
vt 7.548428 2.532056
vt 7.548428 2.567745
vt 7.359143 2.567745
vt 0.179222 1.853605
vt 0.530546 1.853605
vt 0.530529 2.366313
vt 0.179219 2.366313
vt 0.019509 1.853605
vt 0.019477 2.366313
vt 0.530546 -0.516344
vt 0.530529 -0.263303
vt 0.019509 -0.516344
vt 0.179223 -0.516344
vt 0.179219 -0.263303
vt 0.019477 -0.263303
vt 7.574859 1.767283
vt 7.574858 1.720573
vt 7.646238 1.720573
vt 7.646238 1.767283
vt 7.659917 2.777412
vt 7.659918 2.763761
vt 7.813346 2.763761
vt 7.813348 2.777411
vt 3.138617 -1.334921
vt 2.787292 -1.334921
vt 2.787307 -1.587963
vt 3.138617 -1.587963
vt 2.627593 -1.587963
vt 2.627576 -1.334921
vt 2.116556 -1.587963
vt 2.276269 -1.587963
vt 2.276267 -1.334921
vt 2.116525 -1.334921
vt 7.574858 1.152186
vt 7.574859 1.105476
vt 7.646236 1.105476
vt 7.646236 1.152186
vt 7.672668 1.879594
vt 7.672668 1.865942
vt 7.826097 1.865942
vt 7.826097 1.879593
vt 7.332711 -0.302846
vt 6.981386 -0.302846
vt 6.981401 -0.555888
vt 7.332711 -0.555888
vt 2.090093 2.892236
vt 1.738769 2.892236
vt 1.738783 2.379529
vt 2.090094 2.379529
vt 7.359142 2.629866
vt 7.548428 2.629866
vt 7.548428 2.665555
vt 7.359143 2.665555
vt 1.227747 2.379529
vt 1.579070 2.379529
vt 1.579053 2.892236
vt 1.227743 2.892236
vt 1.068033 2.379529
vt 1.068001 2.892236
vt 6.821688 -0.555888
vt 6.821671 -0.302846
vt 6.310651 -0.555888
vt 6.470365 -0.555888
vt 6.470361 -0.302846
vt 6.310618 -0.302846
vt 7.574859 1.968493
vt 7.574858 1.921783
vt 7.646238 1.921783
vt 7.646238 1.968493
vt 7.658846 -1.030052
vt 7.658846 -1.043704
vt 7.812274 -1.043704
vt 7.812275 -1.030052
vt 7.332711 -0.835360
vt 7.332711 -1.088401
vt 6.981401 -1.088401
vt 6.981386 -0.835360
vt 6.821688 -1.088401
vt 6.821671 -0.835360
vt 6.310651 -1.088401
vt 6.310618 -0.835360
vt 6.470361 -0.835360
vt 6.470365 -1.088401
vt 7.561037 -0.976316
vt 7.632416 -0.976316
vt 7.632416 -1.023026
vt 7.561035 -1.023026
vt 7.641570 -0.574240
vt 7.794998 -0.574241
vt 7.794997 -0.587893
vt 7.641570 -0.587893
vt 2.090092 -1.062073
vt 2.090091 -1.315115
vt 1.738781 -1.315115
vt 1.738767 -1.062073
vt -1.055478 0.262620
vt -1.406803 0.262621
vt 7.359142 1.644804
vt 7.359143 1.680493
vt 7.548428 1.680493
vt 7.548428 1.644804
vt -1.917828 0.262621
vt -1.566518 0.262621
vt -2.077570 0.262621
vt 1.579069 -1.315115
vt 1.579052 -1.062073
vt 1.068032 -1.315115
vt 1.068000 -1.062073
vt 1.227742 -1.062073
vt 1.227746 -1.315115
vt 7.442982 -0.736008
vt 7.514360 -0.736009
vt 7.514360 -0.782718
vt 7.442982 -0.782718
vt 7.652573 -1.813906
vt 7.806001 -1.813907
vt 7.806000 -1.827559
vt 7.652573 -1.827559
vt 5.235664 -1.367874
vt 5.235664 -1.620915
vt 4.884354 -1.620915
vt 4.884339 -1.367874
vt 1.041569 0.788543
vt 0.690244 0.788543
vt 7.359142 2.140815
vt 7.359143 2.176505
vt 7.548428 2.176505
vt 7.548428 2.140815
vt 0.179219 0.788543
vt 0.530529 0.788543
vt 0.019477 0.788543
vt 4.724641 -1.620915
vt 4.724624 -1.367874
vt 4.213604 -1.620915
vt 4.213573 -1.367874
vt 4.373314 -1.367874
vt 4.373318 -1.620915
vt 7.574859 1.631588
vt 7.646238 1.631588
vt 7.646238 1.584878
vt 7.574858 1.584878
vt 7.641570 -0.645183
vt 7.794998 -0.645184
vt 7.794997 -0.658836
vt 7.641570 -0.658836
vt 3.138617 -1.601178
vt 3.138617 -1.854219
vt 2.787307 -1.854220
vt 2.787292 -1.601178
vt 2.627593 -1.854220
vt 2.627576 -1.601178
vt 2.116556 -1.854219
vt 2.116525 -1.601177
vt 2.276267 -1.601177
vt 2.276269 -1.854219
vt 7.574858 -0.292135
vt 7.646236 -0.292135
vt 7.646236 -0.338845
vt 7.574859 -0.338845
vt 7.672668 2.687593
vt 7.826097 2.687593
vt 7.826097 2.673941
vt 7.672668 2.673941
vt 4.187141 -1.601178
vt 4.187140 -1.854220
vt 3.835830 -1.854220
vt 3.835816 -1.601178
vt 1.041570 2.366313
vt 0.690244 2.366313
vt 7.359142 -0.631968
vt 7.359143 -0.596278
vt 7.548428 -0.596279
vt 7.548428 -0.631968
vt 0.179219 2.366313
vt 0.530529 2.366313
vt 0.019477 2.366313
vt 3.676117 -1.854220
vt 3.676101 -1.601178
vt 3.165081 -1.854219
vt 3.165049 -1.601178
vt 3.324790 -1.601177
vt 3.324794 -1.854219
vt 7.574859 2.028418
vt 7.646238 2.028418
vt 7.646237 1.981708
vt 7.574858 1.981708
vt 7.655025 -0.916391
vt 7.808455 -0.916392
vt 7.808453 -0.930043
vt 7.655025 -0.930043
vt -1.055479 -1.594587
vt -1.055478 -1.847629
vt -1.406789 -1.847628
vt -1.406802 -1.594587
vt -1.566503 -1.847628
vt -1.566519 -1.594587
vt -2.077538 -1.847628
vt -2.077570 -1.594587
vt -1.917828 -1.594587
vt -1.917825 -1.847628
vt 7.574858 1.032335
vt 7.646236 1.032335
vt 7.646236 0.985626
vt 7.574859 0.985626
vt 7.672668 2.392052
vt 7.826096 2.392051
vt 7.826097 2.378400
vt 7.672668 2.378400
vt 7.332711 1.294695
vt 7.332711 1.041653
vt 6.981401 1.041653
vt 6.981386 1.294695
vt 2.090093 2.892236
vt 1.738769 2.892236
vt 7.359142 2.091910
vt 7.359143 2.127599
vt 7.548428 2.127599
vt 7.548428 2.091910
vt 1.227743 2.892236
vt 1.579053 2.892236
vt 1.068001 2.892236
vt 6.821688 1.041654
vt 6.821671 1.294695
vt 6.310651 1.041653
vt 6.310618 1.294695
vt 6.470361 1.294695
vt 6.470365 1.041654
vt 7.574859 2.654535
vt 7.646237 2.654535
vt 7.646238 2.607826
vt 7.574858 2.607826
vt 7.605836 2.892236
vt 7.759264 2.892235
vt 7.759264 2.878584
vt 7.605836 2.878584
vt 6.284187 -1.367874
vt 5.932862 -1.367874
vt 5.932877 -1.620915
vt 6.284187 -1.620915
vt 5.773164 -1.620915
vt 5.773148 -1.367874
vt 5.262128 -1.620915
vt 5.421842 -1.620915
vt 5.421837 -1.367874
vt 5.262095 -1.367874
vt 7.554763 -1.873832
vt 7.554763 -1.920542
vt 7.626142 -1.920542
vt 7.626142 -1.873832
vt 7.359142 -1.960625
vt 7.359142 -1.974277
vt 7.512570 -1.974277
vt 7.512570 -1.960626
vt 3.138617 2.892236
vt 2.787292 2.892236
vt 2.787307 2.379529
vt 3.138618 2.379529
vt 7.359142 1.742613
vt 7.548428 1.742613
vt 7.548428 1.778303
vt 7.359143 1.778303
vt 2.276271 2.379529
vt 2.627594 2.379529
vt 2.627577 2.892236
vt 2.276267 2.892236
vt 2.116557 2.379529
vt 2.116525 2.892236
vt 3.138617 2.366313
vt 2.787292 2.366313
vt 2.787307 1.853605
vt 3.138618 1.853605
vt 7.359142 1.595898
vt 7.548428 1.595898
vt 7.548428 1.631588
vt 7.359143 1.631588
vt 2.276270 1.853605
vt 2.627594 1.853605
vt 2.627577 2.366313
vt 2.276267 2.366313
vt 2.116557 1.853605
vt 2.116525 2.366313
vt 3.138617 -1.068664
vt 2.787292 -1.068664
vt 2.787307 -1.321706
vt 3.138617 -1.321706
vt 2.627593 -1.321706
vt 2.627576 -1.068664
vt 2.116556 -1.321706
vt 2.276270 -1.321706
vt 2.276267 -1.068664
vt 2.116525 -1.068664
vt 7.574858 -0.352060
vt 7.574859 -0.398770
vt 7.646236 -0.398770
vt 7.646236 -0.352060
vt 7.672668 2.040799
vt 7.672668 2.027147
vt 7.826097 2.027147
vt 7.826097 2.040798
vt 3.138617 1.314467
vt 2.787292 1.314466
vt 2.787307 0.801759
vt 3.138618 0.801759
vt 7.359142 1.400278
vt 7.548428 1.400278
vt 7.548428 1.435968
vt 7.359143 1.435968
vt 2.276270 0.801759
vt 2.627594 0.801759
vt 2.627577 1.314466
vt 2.276267 1.314466
vt 2.116557 0.801759
vt 2.116525 1.314466
vt 6.284187 0.762181
vt 6.284187 0.509140
vt 5.932877 0.509140
vt 5.932862 0.762181
vt 5.773164 0.509140
vt 5.773148 0.762181
vt 5.262128 0.509140
vt 5.262095 0.762181
vt 5.421837 0.762181
vt 5.421842 0.509140
vt 7.540792 -0.795933
vt 7.612171 -0.795934
vt 7.612171 -0.842643
vt 7.540791 -0.842643
vt 7.641570 -0.672051
vt 7.794998 -0.672052
vt 7.794997 -0.685703
vt 7.641570 -0.685703
vt 6.284188 2.359722
vt 6.284188 2.106681
vt 5.932878 2.106681
vt 5.932864 2.359722
vt 5.773164 2.106681
vt 5.773149 2.359722
vt 5.262127 2.106681
vt 5.262095 2.359722
vt 5.421838 2.359722
vt 5.421841 2.106681
vt 7.574858 0.082952
vt 7.646236 0.082952
vt 7.646236 0.036242
vt 7.574859 0.036242
vt 7.672668 2.094534
vt 7.826097 2.094533
vt 7.826097 2.080882
vt 7.672668 2.080882
vt 3.138617 2.892236
vt 2.787292 2.892236
vt 7.359142 -0.583062
vt 7.359143 -0.547373
vt 7.548428 -0.547373
vt 7.548428 -0.583062
vt 2.276267 2.892236
vt 2.627577 2.892236
vt 2.116525 2.892236
vt 3.138617 2.366313
vt 2.787292 2.366313
vt 7.359142 0.992748
vt 7.359143 1.028438
vt 7.548428 1.028438
vt 7.548428 0.992748
vt 2.276267 2.366313
vt 2.627577 2.366313
vt 2.116525 2.366313
vt 3.138617 -0.802407
vt 3.138617 -1.055449
vt 2.787307 -1.055449
vt 2.787292 -0.802407
vt 2.627593 -1.055449
vt 2.627576 -0.802407
vt 2.116556 -1.055449
vt 2.116524 -0.802407
vt 2.276267 -0.802407
vt 2.276270 -1.055449
vt 7.574858 -0.036898
vt 7.646236 -0.036898
vt 7.646236 -0.083608
vt 7.574859 -0.083608
vt 7.672668 2.241251
vt 7.826097 2.241251
vt 7.826097 2.227600
vt 7.672668 2.227600
vt 3.138617 1.314467
vt 2.787292 1.314466
vt 7.359142 0.943843
vt 7.359143 0.979533
vt 7.548428 0.979532
vt 7.548428 0.943843
vt 2.276267 1.314466
vt 2.627577 1.314466
vt 2.116525 1.314466
vt 5.235664 -0.569103
vt 5.235664 -0.822145
vt 4.884354 -0.822145
vt 4.884339 -0.569103
vt 4.724641 -0.822145
vt 4.724624 -0.569103
vt 4.213604 -0.822145
vt 4.213573 -0.569103
vt 4.373314 -0.569103
vt 4.373318 -0.822145
vt 7.359143 -1.873832
vt 7.430521 -1.873832
vt 7.430521 -1.920542
vt 7.359142 -1.920542
vt 7.652573 -1.560767
vt 7.806001 -1.560768
vt 7.806000 -1.574420
vt 7.652573 -1.574420
vt 2.090093 0.788543
vt 2.090094 0.275836
vt 1.738783 0.275836
vt 1.738768 0.788543
vt 7.359142 0.894938
vt 7.359143 0.930628
vt 7.548428 0.930627
vt 7.548428 0.894938
vt 1.227747 0.275836
vt 1.227743 0.788543
vt 1.579053 0.788543
vt 1.579070 0.275836
vt 1.068033 0.275836
vt 1.068001 0.788543
vt 1.041569 -0.529560
vt 1.041570 -0.782601
vt 0.690259 -0.782601
vt 0.690245 -0.529560
vt 0.530545 -0.782601
vt 0.530529 -0.529560
vt 0.019509 -0.782601
vt 0.019477 -0.529560
vt 0.179219 -0.529560
vt 0.179222 -0.782601
vt 7.574858 0.217721
vt 7.646236 0.217721
vt 7.646236 0.171011
vt 7.574859 0.171011
vt 7.672668 2.301177
vt 7.826097 2.301177
vt 7.826097 2.287525
vt 7.672668 2.287525
vt 4.187141 2.892236
vt 4.187141 2.379529
vt 3.835831 2.379529
vt 3.835816 2.892236
vt 7.359142 0.699318
vt 7.359143 0.735007
vt 7.548428 0.735007
vt 7.548428 0.699318
vt 3.324795 2.379529
vt 3.324791 2.892236
vt 3.676101 2.892236
vt 3.676117 2.379529
vt 3.165081 2.379529
vt 3.165049 2.892236
vt 4.187141 1.840389
vt 4.187141 1.327682
vt 3.835831 1.327682
vt 3.835816 1.840389
vt 7.359142 0.650412
vt 7.359143 0.686102
vt 7.548428 0.686102
vt 7.548428 0.650412
vt 3.324795 1.327682
vt 3.324791 1.840389
vt 3.676101 1.840389
vt 3.676117 1.327682
vt 3.165081 1.327682
vt 3.165049 1.840389
vt 5.235664 0.229667
vt 5.235664 -0.023374
vt 4.884354 -0.023374
vt 4.884340 0.229667
vt 4.724640 -0.023374
vt 4.724624 0.229667
vt 4.213604 -0.023374
vt 4.213573 0.229667
vt 4.373314 0.229667
vt 4.373317 -0.023374
vt 7.574858 0.397496
vt 7.646236 0.397496
vt 7.646236 0.350787
vt 7.574859 0.350787
vt 7.672668 2.499521
vt 7.826097 2.499521
vt 7.826097 2.485869
vt 7.672668 2.485869
vt 1.041570 0.262620
vt 1.041570 -0.250088
vt 0.690259 -0.250088
vt 0.690244 0.262620
vt 7.359142 0.503697
vt 7.359143 0.539387
vt 7.548428 0.539387
vt 7.548428 0.503697
vt 0.179223 -0.250088
vt 0.179219 0.262620
vt 0.530529 0.262620
vt 0.530546 -0.250088
vt 0.019509 -0.250088
vt 0.019477 0.262620
vt -0.006954 0.262620
vt -0.006954 -0.250088
vt -0.358265 -0.250088
vt -0.358280 0.262620
vt 7.359142 0.454792
vt 7.359143 0.490482
vt 7.548428 0.490482
vt 7.548428 0.454792
vt -0.869301 -0.250088
vt -0.869305 0.262620
vt -0.517995 0.262620
vt -0.517979 -0.250088
vt -1.029015 -0.250088
vt -1.029047 0.262620
vt 5.235664 1.560952
vt 4.884339 1.560952
vt 4.884354 1.307910
vt 5.235664 1.307910
vt 4.724641 1.307910
vt 4.724624 1.560952
vt 4.213604 1.307910
vt 4.373318 1.307910
vt 4.373314 1.560952
vt 4.213573 1.560952
vt 7.456952 -1.620693
vt 7.456952 -1.667402
vt 7.528332 -1.667402
vt 7.528332 -1.620693
vt 7.655025 -0.943258
vt 7.655025 -0.956910
vt 7.808453 -0.956910
vt 7.808455 -0.943259
vt 2.090093 0.788543
vt 1.738768 0.788543
vt 7.359142 0.356982
vt 7.548428 0.356982
vt 7.548428 0.392671
vt 7.359143 0.392672
vt 1.579053 0.788543
vt 1.227743 0.788543
vt 1.068001 0.788543
vt 5.235664 2.892236
vt 4.884340 2.892236
vt 4.884354 2.639195
vt 5.235664 2.639195
vt 4.724640 2.639195
vt 4.724625 2.892236
vt 4.213604 2.639195
vt 4.373317 2.639195
vt 4.373315 2.892236
vt 4.213573 2.892236
vt 7.574858 0.637197
vt 7.574859 0.590487
vt 7.646236 0.590487
vt 7.646236 0.637197
vt 7.672668 2.606991
vt 7.672668 2.593339
vt 7.826097 2.593339
vt 7.826097 2.606991
vt 4.187141 2.892236
vt 3.835816 2.892236
vt 7.359142 0.259172
vt 7.548428 0.259172
vt 7.548428 0.294861
vt 7.359143 0.294861
vt 3.676101 2.892236
vt 3.324791 2.892236
vt 3.165049 2.892236
vt 4.187141 1.840389
vt 3.835816 1.840389
vt 7.359142 0.193978
vt 7.548428 0.193978
vt 7.548428 0.229667
vt 7.359143 0.229667
vt 3.676101 1.840389
vt 3.324791 1.840389
vt 3.165049 1.840389
vt 4.187140 -0.003637
vt 3.835816 -0.003637
vt 3.835830 -0.256678
vt 4.187141 -0.256678
vt 3.676116 -0.256678
vt 3.676100 -0.003637
vt 3.165080 -0.256678
vt 3.324794 -0.256678
vt 3.324791 -0.003637
vt 3.165049 -0.003637
vt 7.574858 0.761872
vt 7.574859 0.715162
vt 7.646236 0.715162
vt 7.646236 0.761872
vt 7.672668 2.660726
vt 7.672668 2.647074
vt 7.826097 2.647074
vt 7.826097 2.660726
vt 1.041570 0.262620
vt 0.690244 0.262620
vt 7.359142 0.145073
vt 7.548428 0.145073
vt 7.548428 0.180762
vt 7.359143 0.180762
vt 0.530529 0.262620
vt 0.179219 0.262620
vt 0.019477 0.262620
vt -0.006954 0.262620
vt -0.358280 0.262620
vt 7.359142 0.096168
vt 7.548428 0.096168
vt 7.548428 0.131857
vt 7.359143 0.131857
vt -0.517995 0.262620
vt -0.869305 0.262620
vt -1.029047 0.262620
vt 4.187141 1.314466
vt 3.835816 1.314466
vt 3.835831 0.801759
vt 4.187141 0.801759
vt 7.359142 0.047263
vt 7.548428 0.047263
vt 7.548428 0.082952
vt 7.359143 0.082952
vt 3.324795 0.801759
vt 3.676117 0.801759
vt 3.676101 1.314466
vt 3.324791 1.314466
vt 3.165081 0.801759
vt 3.165049 1.314466
vt 4.187141 1.314466
vt 3.835816 1.314466
vt 7.359142 -0.001643
vt 7.359143 0.034047
vt 7.548428 0.034047
vt 7.548428 -0.001643
vt 3.324791 1.314466
vt 3.676101 1.314466
vt 3.165049 1.314466
vt -1.055478 -0.263303
vt -1.406803 -0.263303
vt -1.406789 -0.516344
vt -1.055479 -0.516344
vt -1.566502 -0.516344
vt -1.566518 -0.263303
vt -2.077538 -0.516344
vt -1.917825 -0.516344
vt -1.917828 -0.263303
vt -2.077570 -0.263303
vt -0.006955 -0.263303
vt -0.358279 -0.263303
vt -0.358265 -0.516344
vt -0.006954 -0.516344
vt -0.517980 -0.516344
vt -0.517995 -0.263303
vt -1.029015 -0.516344
vt -0.869302 -0.516344
vt -0.869305 -0.263303
vt -1.029047 -0.263303
vt 7.574858 0.972410
vt 7.574859 0.925701
vt 7.646236 0.925701
vt 7.646236 0.972410
vt 7.666953 -1.214852
vt 7.650000 -1.214014
vt 7.634572 -1.274739
vt 7.674851 -1.274739
vt 5.235664 2.625979
vt 4.884339 2.625979
vt 4.884354 2.372938
vt 5.235664 2.372938
vt 4.724641 2.372938
vt 4.724624 2.625979
vt 4.213604 2.372938
vt 4.373318 2.372938
vt 4.373314 2.625979
vt 4.213573 2.625979
vt 5.235664 -0.302846
vt 4.884339 -0.302846
vt 4.884354 -0.555888
vt 5.235664 -0.555888
vt 4.724641 -0.555888
vt 4.724624 -0.302846
vt 4.213604 -0.555888
vt 4.373318 -0.555888
vt 4.373314 -0.302846
vt 4.213573 -0.302846
vt -0.006955 -0.529560
vt -0.358279 -0.529560
vt -0.358265 -0.782601
vt -0.006954 -0.782601
vt -0.517980 -0.782601
vt -0.517995 -0.529560
vt -1.029015 -0.782601
vt -0.869302 -0.782601
vt -0.869305 -0.529560
vt -1.029047 -0.529560
vt 2.090093 -0.529560
vt 1.738768 -0.529560
vt 1.738782 -0.782601
vt 2.090092 -0.782601
vt 1.579069 -0.782601
vt 1.579053 -0.529560
vt 1.068033 -0.782601
vt 1.227746 -0.782601
vt 1.227743 -0.529560
vt 1.068000 -0.529560
vt -1.055478 -0.795816
vt -1.406803 -0.795816
vt -1.406789 -1.048858
vt -1.055479 -1.048858
vt -1.566502 -1.048858
vt -1.566518 -0.795816
vt -2.077538 -1.048858
vt -1.917825 -1.048858
vt -1.917828 -0.795816
vt -2.077570 -0.795816
vt -0.006956 -0.795816
vt -0.358279 -0.795816
vt -0.358266 -1.048858
vt -0.006955 -1.048858
vt -0.517980 -1.048858
vt -0.517996 -0.795816
vt -1.029016 -1.048858
vt -0.869302 -1.048858
vt -0.869305 -0.795816
vt -1.029047 -0.795816
vt 7.411957 -0.977984
vt 7.395469 -0.976316
vt 7.359142 -1.041676
vt 7.436795 -1.041676
vt 7.625590 2.830310
vt 7.608634 2.831148
vt 7.593208 2.770423
vt 7.633488 2.770423
vt 7.607243 -0.548211
vt 7.590285 -0.547373
vt 7.574858 -0.608097
vt 7.615139 -0.608097
vt 7.407684 -1.309236
vt 7.392530 -1.307704
vt 7.359142 -1.367776
vt 7.430512 -1.367776
vt 6.284187 -0.835360
vt 5.932862 -0.835360
vt 5.932877 -1.088401
vt 6.284187 -1.088401
vt 5.773164 -1.088401
vt 5.773148 -0.835360
vt 5.262128 -1.088401
vt 5.421842 -1.088401
vt 5.421837 -0.835360
vt 5.262095 -0.835360
vt -1.055478 -1.328330
vt -1.406803 -1.328330
vt -1.406789 -1.581371
vt -1.055479 -1.581371
vt -1.566502 -1.581371
vt -1.566518 -1.328330
vt -2.077538 -1.581371
vt -1.917825 -1.581371
vt -1.917828 -1.328330
vt -2.077570 -1.328330
vt 7.411957 -1.056560
vt 7.395469 -1.054892
vt 7.359142 -1.120252
vt 7.436795 -1.120252
vt 7.607243 -0.646021
vt 7.590285 -0.645183
vt 7.574858 -0.705908
vt 7.615139 -0.705908
vt 7.430850 2.892236
vt 7.359142 2.844363
vt 7.568669 2.844363
vt 7.579404 2.855100
vt 7.416550 -0.738786
vt 7.359142 -0.736008
vt 7.392543 -0.821830
vt 7.416550 -0.821830
vt 7.416550 -0.838138
vt 7.359142 -0.835360
vt 7.392542 -0.921182
vt 7.416550 -0.921182
vt 7.525228 -0.963101
vt 7.530785 -0.934397
vt 7.359143 -0.951096
vt 7.359142 -0.963101
vt 7.525230 -0.722793
vt 7.530786 -0.694089
vt 7.359142 -0.710789
vt 7.359143 -0.722793
vt 7.402057 -1.215125
vt 7.379587 -1.214015
vt 7.359142 -1.294488
vt 7.412521 -1.294488
vt 7.515707 -1.160525
vt 7.520944 -1.133468
vt 7.359143 -1.149209
vt 7.359142 -1.160525
vt 7.426737 2.772804
vt 7.359142 2.727676
vt 7.556654 2.727676
vt 7.566774 2.737798
vt 7.426739 2.831148
vt 7.359142 2.786020
vt 7.556656 2.786020
vt 7.566775 2.796141
vt 7.515705 -1.200799
vt 7.520943 -1.173741
vt 7.359142 -1.189483
vt 7.359142 -1.200799
vt 2.141458 1.010784
vt 2.141458 1.182103
vt 2.701256 1.182103
vt 2.701256 1.010785
vt -1.217329 1.010784
vt -1.217329 1.182103
vt -1.777125 1.182103
vt -1.777125 1.010784
vt -1.217329 -0.188441
vt -1.217329 0.839466
vt -1.777125 0.839466
vt -1.777125 -0.188441
vt 2.141458 -0.188441
vt 2.141458 0.839466
vt 2.701256 0.839467
vt 2.701256 -0.188441
vt -0.097733 1.182103
vt -0.097733 1.010785
vt 1.021862 1.182103
vt 1.021862 1.010785
vt 1.021862 -0.188441
vt 1.021862 0.839467
vt -0.097733 0.839467
vt -0.097733 -0.188441
vt 2.701256 -0.188441
vt 2.701256 0.839467
vt 2.141458 0.839466
vt 2.141458 -0.188441
vt 2.701256 1.010785
vt 2.701256 1.182103
vt 2.141458 1.182103
vt 2.141458 1.010784
vt -1.217329 -0.188441
vt -1.217329 0.839466
vt -0.097733 0.839467
vt -0.097733 -0.188441
vt 1.021862 1.010785
vt 1.021862 0.839467
vt -0.097733 1.010785
vt 1.021862 1.182103
vt -1.777125 1.010784
vt -1.777125 1.182103
vt -1.217329 1.182103
vt -1.217329 1.010784
vt -1.777125 -0.188441
vt -1.777125 0.839466
vt -0.097733 1.182103
vt 1.021862 -0.188441
vt 2.141458 1.010784
vt 2.141458 1.182103
vt -1.217329 1.010784
vt -1.777125 1.010784
vt -1.777125 1.182103
vt -1.217329 1.182103
vt -1.217329 -0.188441
vt -1.777125 -0.188441
vt -1.777125 0.839466
vt -1.217329 0.839466
vt 2.141458 -0.188441
vt 2.141458 0.839466
vt -0.097733 1.182103
vt -0.097733 1.010785
vt 1.021862 1.182103
vt 1.021862 1.010785
vt 1.021862 -0.188441
vt -0.097733 -0.188441
vt -0.097733 0.839467
vt 1.021862 0.839467
vt 2.141458 -0.188441
vt 2.141458 0.839466
vt 2.141458 1.010784
vt 2.141458 1.182103
vt -1.217329 -0.188441
vt -0.097733 -0.188441
vt -0.097733 0.839467
vt -1.217329 0.839466
vt 1.021862 1.010785
vt -0.097733 1.010785
vt 1.021862 0.839467
vt 1.021862 1.182103
vt -1.777125 1.010784
vt -1.217329 1.010784
vt -1.217329 1.182103
vt -1.777125 1.182103
vt -1.777125 -0.188441
vt -1.777125 0.839466
vt -0.097733 1.182103
vt 1.021862 -0.188441
vt 2.141458 1.010784
vt 2.701256 1.010785
vt 2.701256 1.182103
vt 2.141458 1.182103
vt -1.217329 1.010784
vt -1.777125 1.010784
vt -1.777125 1.182103
vt -1.217329 1.182103
vt -1.217329 -0.188441
vt -1.777125 -0.188441
vt -1.777125 0.839466
vt -1.217329 0.839466
vt 2.141458 -0.188441
vt 2.701256 -0.188441
vt 2.701256 0.839467
vt 2.141458 0.839466
vt -0.097733 1.182103
vt -0.097733 1.010785
vt 1.021862 1.182103
vt 1.021862 1.010785
vt 1.021862 -0.188441
vt -0.097733 -0.188441
vt -0.097733 0.839467
vt 1.021862 0.839467
vt 2.701256 -0.188441
vt 2.141458 -0.188441
vt 2.141458 0.839466
vt 2.701256 0.839467
vt 2.701256 1.010785
vt 2.141458 1.010784
vt 2.141458 1.182103
vt 2.701256 1.182103
vt -1.217329 -0.188441
vt -0.097733 -0.188441
vt -0.097733 0.839467
vt -1.217329 0.839466
vt 1.021862 1.010785
vt -0.097733 1.010785
vt 1.021862 0.839467
vt 1.021862 1.182103
vt -1.777125 1.010784
vt -1.217329 1.010784
vt -1.217329 1.182103
vt -1.777125 1.182103
vt -1.777125 -0.188441
vt -1.777125 0.839466
vt -0.097733 1.182103
vt 1.021862 -0.188441
vt 2.141458 1.010784
vt 2.141458 1.182103
vt -1.217329 1.010784
vt -1.217329 1.182103
vt -1.777125 1.182103
vt -1.777125 1.010784
vt -1.217329 -0.188441
vt -1.217329 0.839466
vt -1.777125 0.839466
vt -1.777125 -0.188441
vt 2.141458 -0.188441
vt 2.141458 0.839466
vt -0.097733 1.182103
vt -0.097733 1.010785
vt 1.021862 1.182103
vt 1.021862 1.010785
vt 1.021862 -0.188441
vt 1.021862 0.839467
vt -0.097733 0.839467
vt -0.097733 -0.188441
vt 2.141458 0.839466
vt 2.141458 -0.188441
vt 2.141458 1.182103
vt 2.141458 1.010784
vt -1.217329 -0.188441
vt -1.217329 0.839466
vt -0.097733 0.839467
vt -0.097733 -0.188441
vt 1.021862 1.010785
vt 1.021862 0.839467
vt -0.097733 1.010785
vt 1.021862 1.182103
vt -1.777125 1.010784
vt -1.777125 1.182103
vt -1.217329 1.182103
vt -1.217329 1.010784
vt -1.777125 -0.188441
vt -1.777125 0.839466
vt -0.097733 1.182103
vt 1.021862 -0.188441
vt -0.764821 0.605201
vt -0.764821 0.878588
vt 1.481006 0.878588
vt 1.481006 0.605201
vt 1.481006 0.605201
vt 1.481006 0.878588
vt -0.764821 0.878588
vt -0.764821 0.605201
vt 1.530870 -0.214960
vt 1.530870 0.878588
vt 2.619648 0.878588
vt 2.619648 -0.214960
vt 2.619648 -0.214960
vt 2.619648 0.878588
vt 1.530870 0.878588
vt 1.530870 -0.214960
vt -1.921903 -0.214960
vt -1.921903 0.878588
vt -0.833127 0.878588
vt -0.833127 -0.214960
vt -0.833127 0.878588
vt -0.833127 -0.214960
vt -1.921903 0.878588
vt -1.921903 -0.214960
vt -0.764821 0.605201
vt 1.481006 0.605201
vt 1.481006 0.878588
vt -0.764821 0.878588
vt 1.481006 0.605201
vt -0.764821 0.605201
vt -0.764821 0.878588
vt 1.481006 0.878588
vt 1.530870 -0.214960
vt 2.619648 -0.214960
vt 2.619648 0.878588
vt 1.530870 0.878588
vt 2.619648 -0.214960
vt 1.530870 -0.214960
vt 1.530870 0.878588
vt 2.619648 0.878588
vt -1.921903 -0.214960
vt -0.833127 -0.214960
vt -0.833127 0.878588
vt -1.921903 0.878588
vt -0.833127 -0.214960
vt -0.833127 0.878588
vt -1.921903 -0.214960
vt -1.921903 0.878588
vt -0.660678 -0.446881
vt 1.902998 -0.446881
vt 1.902998 0.468627
vt -0.660678 0.468627
vt -2.143113 0.161713
vt 0.420563 0.161713
vt 0.420563 1.077221
vt -2.143113 1.077221
vt -1.378425 1.180272
vt -1.378425 2.105315
vt -1.455242 2.105316
vt -1.455242 1.180272
vt -1.885412 1.180271
vt -1.885412 2.105315
vt -1.962229 2.105316
vt -1.962228 1.180271
vt -1.670327 1.180272
vt -1.670327 2.105315
vt -1.747144 2.105315
vt -1.747143 1.180272
vt -1.526937 2.105315
vt -1.526937 1.180272
vt -2.039045 2.105316
vt -2.039045 1.180272
vt -1.818838 2.105315
vt -1.813717 1.180271
vt -1.593511 2.105316
vt -1.593510 1.180272
vt 0.227856 -0.794212
vt 0.194658 -0.803603
vt 0.178058 -0.819255
vt 0.178058 -0.838037
vt 0.194658 -0.855254
vt 0.227856 -0.864645
vt 0.261054 -0.864645
vt 0.290933 -0.855254
vt 0.310852 -0.839602
vt 0.310852 -0.820820
vt 0.294253 -0.805168
vt 0.261054 -0.795776
vt -2.177313 1.180272
vt -2.177314 2.105315
vt -2.254130 2.105315
vt -2.254129 1.180272
vt -2.105618 1.180272
vt -2.105618 2.105315
vt -4.728312 1.180272
vt -4.728311 2.105315
vt -4.794885 2.105315
vt -4.794885 1.180272
vt -1.489685 -0.791100
vt -1.489685 -0.757902
vt -1.497511 -0.754582
vt -1.499076 -0.797740
vt -1.480294 -0.824299
vt -1.486554 -0.834258
vt -1.463076 -0.840898
vt -1.466207 -0.857497
vt -1.444294 -0.840898
vt -1.442729 -0.857497
vt -1.428642 -0.820979
vt -1.422382 -0.834259
vt -1.419251 -0.791100
vt -1.409860 -0.797740
vt -1.419251 -0.757902
vt -1.409860 -0.751262
vt -1.428642 -0.724704
vt -1.420816 -0.714744
vt -1.444294 -0.708105
vt -1.442729 -0.691504
vt -1.463076 -0.708104
vt -1.466207 -0.691505
vt -1.480294 -0.728023
vt -1.486554 -0.714744
vt 0.221216 -0.786385
vt 0.184698 -0.797342
vt 0.267694 -0.786385
vt 0.304213 -0.797342
vt 0.327452 -0.819255
vt 0.327452 -0.842733
vt 0.304213 -0.863080
vt 0.267694 -0.874036
vt 0.221216 -0.874036
vt 0.181378 -0.861515
vt 0.161459 -0.841167
vt 0.161459 -0.817690
vt -4.067692 1.180272
vt -4.067692 2.105315
vt -4.144508 2.105315
vt -4.144509 1.180272
vt -4.574678 1.180271
vt -4.574679 2.105315
vt -4.651495 2.105315
vt -4.651495 1.180271
vt -4.359594 1.180272
vt -4.359594 2.105315
vt -4.436410 2.105315
vt -4.436409 1.180272
vt -4.216204 2.105315
vt -4.216204 1.180272
vt -4.508105 2.105315
vt -4.502984 1.180271
vt -4.282777 2.105315
vt -4.282778 1.180272
vt 0.920744 -0.699331
vt 0.887546 -0.708722
vt 0.870947 -0.724374
vt 0.870946 -0.743157
vt 0.887546 -0.760374
vt 0.920744 -0.769765
vt 0.953943 -0.769765
vt 0.983822 -0.760374
vt 1.003741 -0.744722
vt 1.003741 -0.725940
vt 0.987141 -0.710288
vt 0.953943 -0.700896
vt -4.866580 1.180272
vt -4.866580 2.105315
vt -4.943396 2.105315
vt -4.943396 1.180272
vt -2.039045 0.247998
vt -2.039045 1.173042
vt -2.105618 1.173042
vt -2.105618 0.247998
vt -1.007457 -0.791101
vt -1.007457 -0.757902
vt -1.015283 -0.754582
vt -1.016848 -0.797740
vt -0.998066 -0.824299
vt -1.004327 -0.834259
vt -0.980849 -0.840898
vt -0.983979 -0.857497
vt -0.962066 -0.840898
vt -0.960501 -0.857497
vt -0.946414 -0.820979
vt -0.940154 -0.834259
vt -0.937023 -0.791101
vt -0.927632 -0.797740
vt -0.937023 -0.757902
vt -0.927632 -0.751262
vt -0.946414 -0.724704
vt -0.938588 -0.714744
vt -0.962066 -0.708104
vt -0.960501 -0.691505
vt -0.980848 -0.708104
vt -0.983979 -0.691504
vt -0.998066 -0.728023
vt -1.004327 -0.714744
vt 0.914105 -0.691505
vt 0.877586 -0.702461
vt 0.960583 -0.691505
vt 0.997101 -0.702461
vt 1.020340 -0.724374
vt 1.020340 -0.747852
vt 0.997101 -0.768200
vt 0.960583 -0.779156
vt 0.914105 -0.779156
vt 0.874266 -0.766635
vt 0.854348 -0.746287
vt 0.854348 -0.722809
vt -1.378425 0.247998
vt -1.378425 1.173042
vt -1.455242 1.173042
vt -1.455242 0.247998
vt -1.885412 0.247998
vt -1.885412 1.173042
vt -1.962229 1.173042
vt -1.962228 0.247998
vt -1.670327 0.247998
vt -1.670327 1.173042
vt -1.747144 1.173042
vt -1.747143 0.247998
vt -1.526937 1.173042
vt -1.526937 0.247998
vt -1.818838 1.173042
vt -1.813717 0.247998
vt -1.593511 1.173042
vt -1.593510 0.247998
vt 2.297654 -0.113502
vt 2.264455 -0.122893
vt 2.247856 -0.138545
vt 2.247856 -0.157328
vt 2.264455 -0.174544
vt 2.297654 -0.183936
vt 2.330853 -0.183936
vt 2.360731 -0.174544
vt 2.380651 -0.158893
vt 2.380650 -0.140111
vt 2.364051 -0.124458
vt 2.330853 -0.115067
vt -2.177313 0.247998
vt -2.177314 1.173042
vt -2.254130 1.173042
vt -2.254129 0.247998
vt 4.235909 1.180271
vt 4.235909 2.105315
vt 4.169334 2.105315
vt 4.169335 1.180271
vt 1.538597 -0.616287
vt 1.538597 -0.599688
vt 1.524162 -0.598027
vt 1.521276 -0.619606
vt 1.555918 -0.632886
vt 1.544370 -0.637866
vt 1.587673 -0.641186
vt 1.581900 -0.649485
vt 1.622315 -0.641186
vt 1.625202 -0.649485
vt 1.651185 -0.631226
vt 1.662732 -0.637866
vt 1.668505 -0.616287
vt 1.685827 -0.619606
vt 1.668505 -0.599688
vt 1.685827 -0.596368
vt 1.651185 -0.583088
vt 1.665619 -0.578108
vt 1.622315 -0.574789
vt 1.625203 -0.566489
vt 1.587673 -0.574789
vt 1.581900 -0.566489
vt 1.555918 -0.584748
vt 1.544370 -0.578108
vt 2.291014 -0.105676
vt 2.254496 -0.116632
vt 2.337492 -0.105676
vt 2.374010 -0.116632
vt 2.397249 -0.138545
vt 2.397249 -0.162023
vt 2.374010 -0.182371
vt 2.337492 -0.193327
vt 2.291014 -0.193327
vt 2.251176 -0.180805
vt 2.231256 -0.160458
vt 2.231256 -0.136980
vt 4.896528 1.180271
vt 4.896528 2.105315
vt 4.819712 2.105315
vt 4.819712 1.180271
vt 4.389541 1.180271
vt 4.389541 2.105315
vt 4.312724 2.105315
vt 4.312725 1.180271
vt 4.604626 1.180271
vt 4.604626 2.105315
vt 4.527809 2.105315
vt 4.527810 1.180271
vt 4.748016 2.105315
vt 4.748016 1.180271
vt 4.456115 2.105315
vt 4.461236 1.180271
vt 4.681442 2.105315
vt 4.681442 1.180271
vt 1.459458 -0.794212
vt 1.426260 -0.803603
vt 1.409660 -0.819255
vt 1.409660 -0.838037
vt 1.426260 -0.855254
vt 1.459458 -0.864645
vt 1.492657 -0.864645
vt 1.522535 -0.855254
vt 1.542455 -0.839602
vt 1.542454 -0.820820
vt 1.525855 -0.805168
vt 1.492657 -0.795776
vt 4.097639 1.180271
vt 4.097639 2.105315
vt 4.020823 2.105315
vt 4.020824 1.180271
vt -3.831888 -0.684275
vt -3.831890 0.240768
vt -3.898463 0.240768
vt -3.898463 -0.684275
vt 1.716482 -0.356454
vt 1.716482 -0.339854
vt 1.702048 -0.338194
vt 1.699161 -0.359773
vt 1.733804 -0.373053
vt 1.722256 -0.378032
vt 1.765559 -0.381352
vt 1.759785 -0.389652
vt 1.800201 -0.381352
vt 1.803087 -0.389652
vt 1.829070 -0.371393
vt 1.840618 -0.378032
vt 1.846392 -0.356454
vt 1.863712 -0.359773
vt 1.846391 -0.339854
vt 1.863712 -0.336535
vt 1.829070 -0.323255
vt 1.843504 -0.318275
vt 1.800201 -0.314955
vt 1.803088 -0.306656
vt 1.765559 -0.314955
vt 1.759785 -0.306656
vt 1.733804 -0.324915
vt 1.722256 -0.318275
vt 1.452819 -0.786385
vt 1.416300 -0.797342
vt 1.499296 -0.786385
vt 1.535815 -0.797342
vt 1.559054 -0.819255
vt 1.559054 -0.842733
vt 1.535815 -0.863081
vt 1.499296 -0.874036
vt 1.452819 -0.874036
vt 1.412980 -0.861515
vt 1.393061 -0.841167
vt 1.393061 -0.817690
vt -3.171270 -0.684275
vt -3.171270 0.240768
vt -3.248087 0.240768
vt -3.248087 -0.684275
vt -3.678257 -0.684275
vt -3.678257 0.240768
vt -3.755074 0.240768
vt -3.755073 -0.684275
vt -3.463171 -0.684275
vt -3.463172 0.240768
vt -3.539988 0.240768
vt -3.539988 -0.684275
vt -3.319782 0.240768
vt -3.319781 -0.684275
vt -3.611682 0.240768
vt -3.606561 -0.684275
vt -3.386356 0.240768
vt -3.386355 -0.684275
vt 1.459458 -0.699331
vt 1.426260 -0.708722
vt 1.409660 -0.724374
vt 1.409660 -0.743157
vt 1.426260 -0.760374
vt 1.459458 -0.769765
vt 1.492657 -0.769765
vt 1.522535 -0.760374
vt 1.542455 -0.744722
vt 1.542455 -0.725940
vt 1.525855 -0.710288
vt 1.492657 -0.700896
vt -3.970159 -0.684275
vt -3.970159 0.240768
vt -4.046975 0.240768
vt -4.046975 -0.684275
vt -4.728311 2.112545
vt -4.728311 3.037589
vt -4.794885 3.037589
vt -4.794885 2.112545
vt 0.074405 -0.791100
vt 0.074405 -0.757902
vt 0.066579 -0.754582
vt 0.065013 -0.797740
vt 0.083796 -0.824299
vt 0.077535 -0.834259
vt 0.101013 -0.840898
vt 0.097882 -0.857497
vt 0.119795 -0.840898
vt 0.121360 -0.857497
vt 0.135447 -0.820979
vt 0.141708 -0.834259
vt 0.144838 -0.791101
vt 0.154229 -0.797740
vt 0.144838 -0.757903
vt 0.154229 -0.751263
vt 0.135447 -0.724704
vt 0.143273 -0.714744
vt 0.119795 -0.708105
vt 0.121360 -0.691505
vt 0.101013 -0.708105
vt 0.097882 -0.691505
vt 0.083796 -0.728024
vt 0.077535 -0.714744
vt 1.452819 -0.691505
vt 1.416300 -0.702461
vt 1.499296 -0.691505
vt 1.535815 -0.702461
vt 1.559054 -0.724374
vt 1.559054 -0.747852
vt 1.535815 -0.768200
vt 1.499296 -0.779156
vt 1.452819 -0.779156
vt 1.412980 -0.766635
vt 1.393061 -0.746287
vt 1.393061 -0.722809
vt -4.067691 2.112545
vt -4.067692 3.037589
vt -4.144508 3.037589
vt -4.144508 2.112545
vt -4.574678 2.112545
vt -4.574679 3.037589
vt -4.651495 3.037589
vt -4.651495 2.112545
vt -4.359593 2.112545
vt -4.359594 3.037589
vt -4.436410 3.037589
vt -4.436409 2.112545
vt -4.216204 3.037589
vt -4.216203 2.112545
vt -4.508105 3.037589
vt -4.502984 2.112545
vt -4.282777 3.037589
vt -4.282777 2.112545
vt 0.747522 -0.699331
vt 0.714324 -0.708722
vt 0.697725 -0.724374
vt 0.697725 -0.743157
vt 0.714324 -0.760374
vt 0.747522 -0.769765
vt 0.780721 -0.769765
vt 0.810600 -0.760374
vt 0.830519 -0.744722
vt 0.830519 -0.725940
vt 0.813919 -0.710288
vt 0.780721 -0.700896
vt -4.866580 2.112545
vt -4.866580 3.037589
vt -4.943396 3.037589
vt -4.943396 2.112545
vt -2.935467 1.180272
vt -2.935467 2.105315
vt -3.002041 2.105315
vt -3.002041 1.180272
vt -1.586130 -0.791100
vt -1.586130 -0.757902
vt -1.593956 -0.754582
vt -1.595521 -0.797740
vt -1.576739 -0.824299
vt -1.583000 -0.834258
vt -1.559522 -0.840898
vt -1.562653 -0.857497
vt -1.540740 -0.840898
vt -1.539175 -0.857497
vt -1.525088 -0.820979
vt -1.518827 -0.834258
vt -1.515697 -0.791100
vt -1.506306 -0.797740
vt -1.515697 -0.757902
vt -1.506305 -0.751262
vt -1.525088 -0.724704
vt -1.517262 -0.714744
vt -1.540740 -0.708104
vt -1.539174 -0.691505
vt -1.559522 -0.708104
vt -1.562652 -0.691505
vt -1.576739 -0.728023
vt -1.583000 -0.714744
vt 0.740883 -0.691505
vt 0.704364 -0.702461
vt 0.787360 -0.691505
vt 0.823879 -0.702461
vt 0.847118 -0.724374
vt 0.847118 -0.747852
vt 0.823879 -0.768200
vt 0.787360 -0.779156
vt 0.740883 -0.779156
vt 0.701044 -0.766635
vt 0.681125 -0.746287
vt 0.681125 -0.722809
vt -2.274847 1.180272
vt -2.274848 2.105315
vt -2.351664 2.105315
vt -2.351664 1.180272
vt -2.781834 1.180271
vt -2.781835 2.105315
vt -2.858651 2.105315
vt -2.858650 1.180271
vt -2.566749 1.180272
vt -2.566749 2.105316
vt -2.643566 2.105315
vt -2.643565 1.180272
vt -2.423359 2.105315
vt -2.423359 1.180272
vt -2.715260 2.105315
vt -2.710139 1.180271
vt -2.489933 2.105315
vt -2.489933 1.180272
vt 0.574300 -0.699331
vt 0.541102 -0.708722
vt 0.524503 -0.724374
vt 0.524503 -0.743157
vt 0.541102 -0.760374
vt 0.574300 -0.769765
vt 0.607499 -0.769765
vt 0.637378 -0.760374
vt 0.657296 -0.744722
vt 0.657296 -0.725940
vt 0.640698 -0.710288
vt 0.607499 -0.700896
vt -3.073736 1.180272
vt -3.073736 2.105315
vt -3.150552 2.105315
vt -3.150552 1.180272
vt -0.246201 2.112545
vt -0.246201 3.037589
vt -0.312775 3.037588
vt -0.312774 2.112545
vt -0.911011 -0.791101
vt -0.911012 -0.757902
vt -0.918838 -0.754582
vt -0.920402 -0.797740
vt -0.901620 -0.824299
vt -0.907881 -0.834259
vt -0.884403 -0.840898
vt -0.887534 -0.857497
vt -0.865621 -0.840898
vt -0.864055 -0.857497
vt -0.849969 -0.820979
vt -0.843708 -0.834259
vt -0.840578 -0.791101
vt -0.831187 -0.797740
vt -0.840578 -0.757902
vt -0.831186 -0.751262
vt -0.849969 -0.724704
vt -0.842143 -0.714744
vt -0.865621 -0.708105
vt -0.864056 -0.691505
vt -0.884403 -0.708105
vt -0.887533 -0.691505
vt -0.901620 -0.728023
vt -0.907881 -0.714744
vt 0.567661 -0.691505
vt 0.531142 -0.702461
vt 0.614138 -0.691505
vt 0.650657 -0.702461
vt 0.673896 -0.724374
vt 0.673896 -0.747852
vt 0.650657 -0.768200
vt 0.614138 -0.779156
vt 0.567661 -0.779156
vt 0.527822 -0.766635
vt 0.507903 -0.746287
vt 0.507903 -0.722809
vt 0.414419 2.112545
vt 0.414419 3.037588
vt 0.337602 3.037588
vt 0.337602 2.112545
vt -0.092568 2.112545
vt -0.092569 3.037588
vt -0.169385 3.037588
vt -0.169384 2.112545
vt 0.122517 2.112545
vt 0.122517 3.037588
vt 0.045700 3.037588
vt 0.045701 2.112545
vt 0.265907 3.037588
vt 0.265907 2.112545
vt -0.025994 3.037588
vt -0.020873 2.112545
vt 0.199333 3.037589
vt 0.199333 2.112545
vt 0.747522 -0.794212
vt 0.714324 -0.803603
vt 0.697725 -0.819255
vt 0.697725 -0.838037
vt 0.714324 -0.855254
vt 0.747522 -0.864645
vt 0.780721 -0.864645
vt 0.810600 -0.855254
vt 0.830519 -0.839602
vt 0.830519 -0.820820
vt 0.813919 -0.805168
vt 0.780721 -0.795776
vt -0.384470 2.112545
vt -0.384470 3.037588
vt -0.461286 3.037588
vt -0.461285 2.112545
vt -3.831888 2.112545
vt -3.831890 3.037589
vt -3.898463 3.037589
vt -3.898463 2.112545
vt 1.937676 0.262457
vt 1.937676 0.279056
vt 1.923242 0.280716
vt 1.920355 0.259137
vt 1.954997 0.245857
vt 1.943450 0.240878
vt 1.986753 0.237558
vt 1.980979 0.229258
vt 2.021395 0.237558
vt 2.024282 0.229258
vt 2.050264 0.247517
vt 2.061811 0.240878
vt 2.067585 0.262457
vt 2.084907 0.259137
vt 2.067585 0.279056
vt 2.084907 0.282376
vt 2.050264 0.295655
vt 2.064698 0.300635
vt 2.021395 0.303955
vt 2.024282 0.312254
vt 1.986753 0.303955
vt 1.980979 0.312254
vt 1.954997 0.293995
vt 1.943450 0.300635
vt 0.740883 -0.786385
vt 0.704364 -0.797342
vt 0.787360 -0.786385
vt 0.823879 -0.797342
vt 0.847118 -0.819255
vt 0.847118 -0.842733
vt 0.823879 -0.863080
vt 0.787360 -0.874036
vt 0.740883 -0.874036
vt 0.701044 -0.861515
vt 0.681125 -0.841167
vt 0.681125 -0.817690
vt -3.171270 2.112545
vt -3.171270 3.037589
vt -3.248087 3.037589
vt -3.248087 2.112545
vt -3.678256 2.112545
vt -3.678257 3.037589
vt -3.755074 3.037589
vt -3.755073 2.112545
vt -3.463171 2.112545
vt -3.463171 3.037589
vt -3.539988 3.037589
vt -3.539988 2.112545
vt -3.319782 3.037589
vt -3.319781 2.112545
vt -3.611682 3.037589
vt -3.606561 2.112545
vt -3.386356 3.037589
vt -3.386356 2.112545
vt 2.277985 -0.806390
vt 2.244786 -0.815782
vt 2.228187 -0.831433
vt 2.228187 -0.850216
vt 2.244786 -0.867433
vt 2.277985 -0.876824
vt 2.311183 -0.876824
vt 2.341062 -0.867433
vt 2.360981 -0.851781
vt 2.360981 -0.832999
vt 2.344382 -0.817347
vt 2.311183 -0.807955
vt -3.970159 2.112545
vt -3.970159 3.037589
vt -4.046975 3.037589
vt -4.046975 2.112545
vt -1.142622 -0.684275
vt -1.142622 0.240768
vt -1.209196 0.240768
vt -1.209196 -0.684275
vt 1.538597 -0.529676
vt 1.538597 -0.513077
vt 1.524162 -0.511416
vt 1.521276 -0.532995
vt 1.555918 -0.546275
vt 1.544370 -0.551255
vt 1.587673 -0.554574
vt 1.581900 -0.562874
vt 1.622315 -0.554574
vt 1.625202 -0.562874
vt 1.651185 -0.544615
vt 1.662732 -0.551255
vt 1.668505 -0.529676
vt 1.685827 -0.532995
vt 1.668505 -0.513077
vt 1.685827 -0.509757
vt 1.651185 -0.496477
vt 1.665619 -0.491497
vt 1.622315 -0.488178
vt 1.625203 -0.479878
vt 1.587673 -0.488178
vt 1.581900 -0.479878
vt 1.555918 -0.498137
vt 1.544370 -0.491497
vt 2.271345 -0.798565
vt 2.234827 -0.809521
vt 2.317823 -0.798565
vt 2.354341 -0.809521
vt 2.377580 -0.831433
vt 2.377580 -0.854911
vt 2.354341 -0.875259
vt 2.317823 -0.886215
vt 2.271345 -0.886215
vt 2.231507 -0.873694
vt 2.211587 -0.853346
vt 2.211587 -0.829868
vt -0.482003 -0.684275
vt -0.482003 0.240768
vt -0.558820 0.240768
vt -0.558820 -0.684275
vt -0.988989 -0.684275
vt -0.988990 0.240768
vt -1.065807 0.240768
vt -1.065806 -0.684275
vt -0.773905 -0.684275
vt -0.773905 0.240768
vt -0.850721 0.240768
vt -0.850721 -0.684275
vt -0.630515 0.240768
vt -0.630515 -0.684275
vt -0.922416 0.240768
vt -0.917295 -0.684275
vt -0.697089 0.240768
vt -0.697089 -0.684275
vt -1.529124 -0.872553
vt -1.562323 -0.881944
vt -1.578922 -0.897596
vt -1.578922 -0.916378
vt -1.562323 -0.933596
vt -1.529124 -0.942987
vt -1.495926 -0.942987
vt -1.466047 -0.933596
vt -1.446128 -0.917944
vt -1.446128 -0.899161
vt -1.462727 -0.883510
vt -1.495926 -0.874118
vt -1.280891 -0.684275
vt -1.280892 0.240768
vt -1.357707 0.240768
vt -1.357707 -0.684275
vt -0.246201 -0.684275
vt -0.246201 0.240768
vt -0.312775 0.240768
vt -0.312775 -0.684275
vt -0.022041 -0.791101
vt -0.022041 -0.757902
vt -0.029867 -0.754582
vt -0.031432 -0.797740
vt -0.012650 -0.824299
vt -0.018911 -0.834259
vt 0.004567 -0.840898
vt 0.001437 -0.857497
vt 0.023349 -0.840898
vt 0.024915 -0.857497
vt 0.039002 -0.820979
vt 0.045262 -0.834259
vt 0.048393 -0.791101
vt 0.057784 -0.797740
vt 0.048393 -0.757902
vt 0.057784 -0.751262
vt 0.039002 -0.724704
vt 0.046827 -0.714744
vt 0.023349 -0.708105
vt 0.024915 -0.691505
vt 0.004567 -0.708104
vt 0.001437 -0.691505
vt -0.012650 -0.728024
vt -0.018911 -0.714744
vt -1.535764 -0.864727
vt -1.572283 -0.875684
vt -1.489286 -0.864727
vt -1.452768 -0.875684
vt -1.429529 -0.897596
vt -1.429529 -0.921074
vt -1.452768 -0.941422
vt -1.489286 -0.952378
vt -1.535764 -0.952378
vt -1.575602 -0.939856
vt -1.595521 -0.919509
vt -1.595521 -0.896031
vt 4.020824 0.240768
vt 4.020823 -0.684275
vt 4.097641 -0.684275
vt 4.097641 0.240768
vt 4.527810 0.240768
vt 4.527810 -0.684275
vt 4.604627 -0.684275
vt 4.604627 0.240768
vt 4.312726 0.240768
vt 4.312725 -0.684275
vt 4.389541 -0.684275
vt 4.389541 0.240768
vt 4.169335 -0.684275
vt 4.169335 0.240768
vt 4.681442 -0.684275
vt 4.681443 0.240768
vt 4.461236 -0.684275
vt 4.456115 0.240768
vt 4.235909 -0.684275
vt 4.235909 0.240768
vt 4.819712 0.240768
vt 4.819712 -0.684275
vt 4.896528 -0.684275
vt 4.896528 0.240768
vt 4.748017 0.240768
vt 4.748017 -0.684275
vt 1.538597 -0.183231
vt 1.538597 -0.166632
vt 1.524162 -0.164972
vt 1.521276 -0.186551
vt 1.555918 -0.199831
vt 1.544370 -0.204811
vt 1.587673 -0.208130
vt 1.581900 -0.216430
vt 1.622315 -0.208130
vt 1.625202 -0.216430
vt 1.651185 -0.198171
vt 1.662732 -0.204810
vt 1.668505 -0.183231
vt 1.685827 -0.186551
vt 1.668505 -0.166632
vt 1.685827 -0.163312
vt 1.651185 -0.150033
vt 1.665619 -0.145053
vt 1.622315 -0.141733
vt 1.625203 -0.133434
vt 1.587673 -0.141733
vt 1.581900 -0.133434
vt 1.555918 -0.151693
vt 1.544370 -0.145053
vt 4.917246 2.105315
vt 4.917244 1.180271
vt 4.994061 1.180271
vt 4.994061 2.105315
vt 5.424232 2.105315
vt 5.424232 1.180271
vt 5.501048 1.180271
vt 5.501048 2.105315
vt 5.209147 2.105315
vt 5.209146 1.180271
vt 5.285963 1.180271
vt 5.285963 2.105315
vt 5.065757 1.180271
vt 5.065757 2.105315
vt 5.577864 1.180271
vt 5.577866 2.105315
vt 5.357657 1.180271
vt 5.352537 2.105315
vt 5.132330 1.180271
vt 5.132331 2.105315
vt 5.716133 2.105315
vt 5.716133 1.180271
vt 5.792949 1.180271
vt 5.792949 2.105315
vt 5.644439 2.105315
vt 5.644439 1.180271
vt 1.360712 -0.443065
vt 1.360712 -0.426466
vt 1.346277 -0.424805
vt 1.343390 -0.446384
vt 1.378033 -0.459664
vt 1.366485 -0.464644
vt 1.409788 -0.467963
vt 1.404014 -0.476263
vt 1.444430 -0.467963
vt 1.447317 -0.476263
vt 1.473299 -0.458004
vt 1.484847 -0.464643
vt 1.490620 -0.443065
vt 1.507942 -0.446384
vt 1.490620 -0.426466
vt 1.507942 -0.423146
vt 1.473299 -0.409866
vt 1.487734 -0.404886
vt 1.444430 -0.401567
vt 1.447317 -0.393267
vt 1.409788 -0.401567
vt 1.404014 -0.393267
vt 1.378033 -0.411526
vt 1.366485 -0.404886
vt 4.917246 3.037588
vt 4.994062 3.037588
vt 4.994061 2.112545
vt 4.917244 2.112545
vt 5.424232 3.037588
vt 5.501050 3.037588
vt 5.501050 2.112545
vt 5.424232 2.112545
vt 5.209147 3.037588
vt 5.285963 3.037588
vt 5.285963 2.112545
vt 5.209147 2.112545
vt 5.065757 3.037588
vt 5.065757 2.112545
vt 5.577866 3.037588
vt 5.577864 2.112545
vt 5.352537 3.037588
vt 5.357657 2.112545
vt 5.132331 3.037588
vt 5.132330 2.112545
vt 5.716135 3.037588
vt 5.792950 3.037588
vt 5.792949 2.112545
vt 5.716135 2.112545
vt 5.644440 3.037588
vt 5.644440 2.112545
vt 1.360712 -0.356454
vt 1.343390 -0.359773
vt 1.346277 -0.338194
vt 1.360712 -0.339854
vt 1.378033 -0.373053
vt 1.366485 -0.378033
vt 1.409788 -0.381352
vt 1.404014 -0.389652
vt 1.444430 -0.381352
vt 1.447317 -0.389652
vt 1.473299 -0.371393
vt 1.484847 -0.378032
vt 1.490620 -0.356454
vt 1.507942 -0.359773
vt 1.490620 -0.339854
vt 1.507942 -0.336535
vt 1.473299 -0.323255
vt 1.487734 -0.318275
vt 1.444430 -0.314955
vt 1.447317 -0.306656
vt 1.409788 -0.314955
vt 1.404014 -0.306656
vt 1.378033 -0.324915
vt 1.366485 -0.318275
vt 4.917246 2.105315
vt 4.994061 2.105315
vt 5.424232 2.105315
vt 5.501048 2.105315
vt 5.209147 2.105315
vt 5.285963 2.105315
vt 5.065757 2.105315
vt 5.577866 2.105315
vt 5.352537 2.105315
vt 5.132331 2.105315
vt 5.716133 2.105315
vt 5.792949 2.105315
vt 5.644439 2.105315
vt 1.360712 -0.183231
vt 1.343390 -0.186551
vt 1.346277 -0.164972
vt 1.360712 -0.166632
vt 1.378033 -0.199831
vt 1.366485 -0.204811
vt 1.409788 -0.208130
vt 1.404014 -0.216430
vt 1.444430 -0.208130
vt 1.447317 -0.216430
vt 1.473299 -0.198171
vt 1.484847 -0.204810
vt 1.490620 -0.183231
vt 1.507942 -0.186551
vt 1.490620 -0.166632
vt 1.507942 -0.163312
vt 1.473299 -0.150033
vt 1.487734 -0.145053
vt 1.444430 -0.141733
vt 1.447317 -0.133434
vt 1.409788 -0.141733
vt 1.404014 -0.133434
vt 1.378033 -0.151693
vt 1.366485 -0.145053
vt 4.020824 0.240768
vt 4.097641 0.240768
vt 4.527810 0.240768
vt 4.604627 0.240768
vt 4.312726 0.240768
vt 4.389541 0.240768
vt 4.169335 0.240768
vt 4.681443 0.240768
vt 4.456115 0.240768
vt 4.235909 0.240768
vt 4.819712 0.240768
vt 4.896528 0.240768
vt 4.748017 0.240768
vt 1.360712 -0.269842
vt 1.343390 -0.273162
vt 1.346277 -0.251583
vt 1.360712 -0.253243
vt 1.378033 -0.286442
vt 1.366485 -0.291422
vt 1.409788 -0.294741
vt 1.404014 -0.303041
vt 1.444430 -0.294741
vt 1.447317 -0.303041
vt 1.473299 -0.284782
vt 1.484847 -0.291421
vt 1.490620 -0.269842
vt 1.507942 -0.273162
vt 1.490620 -0.253243
vt 1.507942 -0.249923
vt 1.473299 -0.236644
vt 1.487734 -0.231664
vt 1.444430 -0.228344
vt 1.447317 -0.220045
vt 1.409788 -0.228344
vt 1.404014 -0.220045
vt 1.378033 -0.238304
vt 1.366485 -0.231664
vt 3.124402 0.240768
vt 3.201218 0.240768
vt 3.201218 -0.684275
vt 3.124401 -0.684275
vt 3.631389 0.240768
vt 3.708205 0.240768
vt 3.708205 -0.684275
vt 3.631389 -0.684275
vt 3.416304 0.240768
vt 3.493119 0.240768
vt 3.493119 -0.684275
vt 3.416303 -0.684275
vt 3.272913 0.240768
vt 3.272913 -0.684275
vt 3.785021 0.240768
vt 3.785020 -0.684275
vt 3.559693 0.240768
vt 3.564814 -0.684275
vt 3.339487 0.240768
vt 3.339487 -0.684275
vt 3.923289 0.240768
vt 4.000106 0.240768
vt 4.000106 -0.684275
vt 3.923289 -0.684275
vt 3.851595 0.240768
vt 3.851595 -0.684275
vt 1.716482 -0.183231
vt 1.699161 -0.186551
vt 1.702048 -0.164972
vt 1.716482 -0.166632
vt 1.733804 -0.199831
vt 1.722256 -0.204811
vt 1.765559 -0.208130
vt 1.759785 -0.216430
vt 1.800201 -0.208130
vt 1.803087 -0.216430
vt 1.829070 -0.198171
vt 1.840618 -0.204810
vt 1.846392 -0.183231
vt 1.863712 -0.186551
vt 1.846391 -0.166632
vt 1.863712 -0.163312
vt 1.829070 -0.150033
vt 1.843504 -0.145053
vt 1.800201 -0.141733
vt 1.803088 -0.133434
vt 1.765559 -0.141733
vt 1.759785 -0.133434
vt 1.733804 -0.151693
vt 1.722256 -0.145053
vt 4.917246 3.037588
vt 4.994062 3.037588
vt 5.424232 3.037588
vt 5.501050 3.037588
vt 5.209147 3.037588
vt 5.285963 3.037588
vt 5.065757 3.037588
vt 5.577866 3.037588
vt 5.352537 3.037588
vt 5.132331 3.037588
vt 5.716135 3.037588
vt 5.792950 3.037588
vt 5.644440 3.037588
vt 1.937676 0.175846
vt 1.937676 0.192445
vt 1.923242 0.194105
vt 1.920355 0.172526
vt 1.954997 0.159246
vt 1.943450 0.154267
vt 1.986753 0.150947
vt 1.980979 0.142647
vt 2.021395 0.150947
vt 2.024282 0.142647
vt 2.050264 0.160906
vt 2.061811 0.154267
vt 2.067585 0.175846
vt 2.084907 0.172526
vt 2.067585 0.192445
vt 2.084907 0.195765
vt 2.050264 0.209044
vt 2.064698 0.214024
vt 2.021395 0.217344
vt 2.024282 0.225643
vt 1.986753 0.217344
vt 1.980979 0.225643
vt 1.954997 0.207384
vt 1.943450 0.214024
vt 3.124402 0.240768
vt 3.201218 0.240768
vt 3.631389 0.240768
vt 3.708205 0.240768
vt 3.416304 0.240768
vt 3.493119 0.240768
vt 3.272913 0.240768
vt 3.785021 0.240768
vt 3.559693 0.240768
vt 3.339487 0.240768
vt 3.923289 0.240768
vt 4.000106 0.240768
vt 3.851595 0.240768
vt -0.621675 -0.791101
vt -0.621675 -0.757902
vt -0.629501 -0.754582
vt -0.631066 -0.797740
vt -0.612284 -0.824299
vt -0.618544 -0.834259
vt -0.595066 -0.840898
vt -0.598197 -0.857497
vt -0.576284 -0.840898
vt -0.574719 -0.857497
vt -0.560632 -0.820979
vt -0.554371 -0.834259
vt -0.551241 -0.791101
vt -0.541850 -0.797740
vt -0.551241 -0.757902
vt -0.541850 -0.751262
vt -0.560632 -0.724704
vt -0.552806 -0.714744
vt -0.576284 -0.708105
vt -0.574719 -0.691505
vt -0.595066 -0.708105
vt -0.598197 -0.691505
vt -0.612284 -0.728024
vt -0.618544 -0.714744
vt 0.414418 -0.684275
vt 0.414418 0.240768
vt 0.337602 0.240768
vt 0.337602 -0.684275
vt -0.092568 -0.684275
vt -0.092569 0.240768
vt -0.169385 0.240768
vt -0.169384 -0.684275
vt 0.122517 -0.684275
vt 0.122517 0.240768
vt 0.045700 0.240768
vt 0.045701 -0.684275
vt 0.265907 0.240768
vt 0.265907 -0.684275
vt -0.025994 0.240768
vt -0.020873 -0.684275
vt 0.199333 0.240768
vt 0.199333 -0.684275
vt 0.920744 -0.794212
vt 0.887546 -0.803603
vt 0.870947 -0.819255
vt 0.870946 -0.838037
vt 0.887546 -0.855254
vt 0.920744 -0.864645
vt 0.953943 -0.864645
vt 0.983822 -0.855254
vt 1.003741 -0.839602
vt 1.003741 -0.820820
vt 0.987141 -0.805168
vt 0.953943 -0.795776
vt -0.384470 -0.684275
vt -0.384470 0.240768
vt -0.461286 0.240768
vt -0.461285 -0.684275
vt 1.546643 0.247998
vt 1.546643 1.173041
vt 1.480069 1.173041
vt 1.480069 0.247998
vt 1.937676 0.868734
vt 1.937676 0.885334
vt 1.923242 0.886994
vt 1.920355 0.865415
vt 1.954997 0.852135
vt 1.943450 0.847155
vt 1.986753 0.843835
vt 1.980979 0.835536
vt 2.021395 0.843835
vt 2.024282 0.835536
vt 2.050264 0.853795
vt 2.061811 0.847155
vt 2.067585 0.868734
vt 2.084907 0.865415
vt 2.067585 0.885333
vt 2.084907 0.888653
vt 2.050264 0.901933
vt 2.064698 0.906912
vt 2.021395 0.910232
vt 2.024282 0.918532
vt 1.986753 0.910232
vt 1.980979 0.918532
vt 1.954997 0.900273
vt 1.943450 0.906912
vt 0.914105 -0.786385
vt 0.877586 -0.797342
vt 0.960583 -0.786385
vt 0.997101 -0.797342
vt 1.020340 -0.819255
vt 1.020340 -0.842733
vt 0.997101 -0.863080
vt 0.960583 -0.874036
vt 0.914105 -0.874036
vt 0.874266 -0.861515
vt 0.854348 -0.841167
vt 0.854348 -0.817690
vt 2.207262 0.247998
vt 2.207262 1.173041
vt 2.130446 1.173041
vt 2.130446 0.247998
vt 1.700276 0.247998
vt 1.700275 1.173041
vt 1.623459 1.173041
vt 1.623459 0.247998
vt 1.915361 0.247998
vt 1.915361 1.173041
vt 1.838544 1.173041
vt 1.838544 0.247998
vt 2.058750 1.173041
vt 2.058751 0.247998
vt 1.766850 1.173041
vt 1.771971 0.247998
vt 1.992177 1.173041
vt 1.992177 0.247998
vt 1.632680 -0.794212
vt 1.599482 -0.803603
vt 1.582883 -0.819255
vt 1.582883 -0.838037
vt 1.599482 -0.855254
vt 1.632680 -0.864645
vt 1.665879 -0.864645
vt 1.695758 -0.855254
vt 1.715677 -0.839602
vt 1.715676 -0.820820
vt 1.699077 -0.805168
vt 1.665879 -0.795776
vt 1.408374 0.247998
vt 1.408373 1.173041
vt 1.331558 1.173041
vt 1.331558 0.247998
vt 2.443065 1.180271
vt 2.443065 2.105315
vt 2.376491 2.105315
vt 2.376491 1.180271
vt 1.894367 -0.443065
vt 1.894367 -0.426466
vt 1.879933 -0.424805
vt 1.877046 -0.446384
vt 1.911689 -0.459664
vt 1.900141 -0.464643
vt 1.943444 -0.467963
vt 1.937670 -0.476263
vt 1.978086 -0.467963
vt 1.980973 -0.476263
vt 2.006955 -0.458004
vt 2.018503 -0.464643
vt 2.024277 -0.443065
vt 2.041597 -0.446384
vt 2.024277 -0.426466
vt 2.041597 -0.423146
vt 2.006955 -0.409866
vt 2.021389 -0.404886
vt 1.978086 -0.401567
vt 1.980974 -0.393267
vt 1.943444 -0.401567
vt 1.937670 -0.393267
vt 1.911689 -0.411526
vt 1.900141 -0.404886
vt 1.626041 -0.786386
vt 1.589522 -0.797342
vt 1.672518 -0.786386
vt 1.709037 -0.797342
vt 1.732276 -0.819255
vt 1.732276 -0.842733
vt 1.709037 -0.863081
vt 1.672518 -0.874036
vt 1.626041 -0.874036
vt 1.586202 -0.861515
vt 1.566283 -0.841168
vt 1.566283 -0.817690
vt 3.103684 1.180271
vt 3.103684 2.105315
vt 3.026867 2.105315
vt 3.026867 1.180271
vt 2.596698 1.180271
vt 2.596696 2.105315
vt 2.519881 2.105315
vt 2.519881 1.180271
vt 2.811782 1.180271
vt 2.811782 2.105315
vt 2.734966 2.105315
vt 2.734967 1.180271
vt 2.955172 2.105315
vt 2.955172 1.180271
vt 2.663271 2.105315
vt 2.668392 1.180271
vt 2.888599 2.105315
vt 2.888599 1.180271
vt 1.632680 -0.699331
vt 1.599482 -0.708722
vt 1.582883 -0.724374
vt 1.582883 -0.743157
vt 1.599482 -0.760374
vt 1.632680 -0.769765
vt 1.665879 -0.769765
vt 1.695758 -0.760374
vt 1.715676 -0.744722
vt 1.715676 -0.725940
vt 1.699077 -0.710288
vt 1.665879 -0.700896
vt 2.304796 1.180271
vt 2.304796 2.105315
vt 2.227979 2.105315
vt 2.227980 1.180271
vt -4.728311 0.247998
vt -4.728312 1.173042
vt -4.794885 1.173042
vt -4.794885 0.247998
vt 1.937676 0.522290
vt 1.937677 0.538889
vt 1.923242 0.540549
vt 1.920355 0.518970
vt 1.954997 0.505691
vt 1.943450 0.500711
vt 1.986753 0.497391
vt 1.980979 0.489091
vt 2.021395 0.497391
vt 2.024282 0.489091
vt 2.050265 0.507350
vt 2.061811 0.500711
vt 2.067585 0.522290
vt 2.084907 0.518970
vt 2.067585 0.538889
vt 2.084907 0.542209
vt 2.050264 0.555488
vt 2.064698 0.560468
vt 2.021395 0.563788
vt 2.024282 0.572088
vt 1.986753 0.563788
vt 1.980979 0.572088
vt 1.954997 0.553828
vt 1.943450 0.560468
vt 1.626041 -0.691505
vt 1.589522 -0.702461
vt 1.672518 -0.691505
vt 1.709037 -0.702461
vt 1.732276 -0.724374
vt 1.732276 -0.747852
vt 1.709037 -0.768200
vt 1.672518 -0.779156
vt 1.626041 -0.779156
vt 1.586202 -0.766635
vt 1.566283 -0.746287
vt 1.566283 -0.722809
vt -4.067691 0.247999
vt -4.067692 1.173042
vt -4.144509 1.173042
vt -4.144508 0.247998
vt -4.574678 0.247998
vt -4.574679 1.173042
vt -4.651496 1.173042
vt -4.651495 0.247998
vt -4.359593 0.247998
vt -4.359594 1.173042
vt -4.436410 1.173042
vt -4.436409 0.247999
vt -4.216204 1.173042
vt -4.216203 0.247998
vt -4.508105 1.173042
vt -4.502984 0.247998
vt -4.282778 1.173042
vt -4.282777 0.247998
vt 0.574300 -0.794212
vt 0.541102 -0.803603
vt 0.524503 -0.819255
vt 0.524503 -0.838037
vt 0.541102 -0.855254
vt 0.574300 -0.864645
vt 0.607499 -0.864645
vt 0.637378 -0.855254
vt 0.657296 -0.839602
vt 0.657296 -0.820820
vt 0.640697 -0.805168
vt 0.607499 -0.795776
vt -4.866580 0.247998
vt -4.866580 1.173042
vt -4.943396 1.173042
vt -4.943396 0.247998
vt -3.831888 0.247999
vt -3.831890 1.173042
vt -3.898463 1.173042
vt -3.898463 0.247998
vt 1.937676 0.782123
vt 1.937676 0.798722
vt 1.923242 0.800382
vt 1.920355 0.778803
vt 1.954997 0.765524
vt 1.943450 0.760544
vt 1.986753 0.757224
vt 1.980979 0.748925
vt 2.021395 0.757224
vt 2.024282 0.748925
vt 2.050264 0.767184
vt 2.061811 0.760544
vt 2.067585 0.782123
vt 2.084907 0.778803
vt 2.067585 0.798722
vt 2.084907 0.802042
vt 2.050264 0.815322
vt 2.064698 0.820301
vt 2.021395 0.823621
vt 2.024282 0.831921
vt 1.986753 0.823621
vt 1.980979 0.831921
vt 1.954997 0.813662
vt 1.943450 0.820301
vt 0.567661 -0.786385
vt 0.531142 -0.797342
vt 0.614138 -0.786385
vt 0.650657 -0.797342
vt 0.673896 -0.819255
vt 0.673896 -0.842733
vt 0.650657 -0.863080
vt 0.614138 -0.874036
vt 0.567661 -0.874036
vt 0.527822 -0.861515
vt 0.507903 -0.841167
vt 0.507903 -0.817690
vt -0.482003 0.247998
vt -0.482003 1.173041
vt -0.558820 1.173041
vt -0.558820 0.247998
vt -0.988989 0.247998
vt -0.988990 1.173042
vt -1.065807 1.173042
vt -1.065806 0.247998
vt -0.773905 0.247998
vt -0.773905 1.173041
vt -0.850721 1.173041
vt -0.850721 0.247998
vt -0.630515 1.173041
vt -0.630515 0.247998
vt -1.142622 1.173042
vt -1.142622 0.247998
vt -0.922416 1.173041
vt -0.917295 0.247998
vt -0.697089 1.173041
vt -0.697089 0.247998
vt 1.267189 -0.794212
vt 1.233990 -0.803603
vt 1.217391 -0.819255
vt 1.217391 -0.838037
vt 1.233990 -0.855254
vt 1.267189 -0.864645
vt 1.300387 -0.864645
vt 1.330266 -0.855254
vt 1.350185 -0.839602
vt 1.350185 -0.820820
vt 1.333586 -0.805168
vt 1.300387 -0.795776
vt -1.280891 0.247998
vt -1.280892 1.173042
vt -1.357707 1.173042
vt -1.357707 0.247998
vt -1.209196 0.247998
vt -1.209196 1.173042
vt 1.894367 -0.356454
vt 1.894367 -0.339854
vt 1.879933 -0.338194
vt 1.877046 -0.359773
vt 1.911689 -0.373053
vt 1.900141 -0.378032
vt 1.943444 -0.381352
vt 1.937670 -0.389652
vt 1.978086 -0.381352
vt 1.980973 -0.389652
vt 2.006955 -0.371393
vt 2.018503 -0.378032
vt 2.024277 -0.356454
vt 2.041597 -0.359773
vt 2.024277 -0.339854
vt 2.041597 -0.336535
vt 2.006955 -0.323255
vt 2.021389 -0.318275
vt 1.978086 -0.314955
vt 1.980974 -0.306656
vt 1.943444 -0.314955
vt 1.937670 -0.306656
vt 1.911689 -0.324915
vt 1.900141 -0.318275
vt 1.260549 -0.786385
vt 1.224031 -0.797342
vt 1.307027 -0.786385
vt 1.343545 -0.797342
vt 1.366784 -0.819255
vt 1.366784 -0.842733
vt 1.343545 -0.863080
vt 1.307027 -0.874036
vt 1.260549 -0.874036
vt 1.220711 -0.861515
vt 1.200791 -0.841167
vt 1.200791 -0.817690
vt -2.274847 -0.684275
vt -2.274848 0.240768
vt -2.351664 0.240768
vt -2.351664 -0.684275
vt -2.781833 -0.684275
vt -2.781835 0.240768
vt -2.858651 0.240768
vt -2.858651 -0.684275
vt -2.566749 -0.684275
vt -2.566749 0.240768
vt -2.643566 0.240768
vt -2.643565 -0.684275
vt -2.423359 0.240768
vt -2.423359 -0.684275
vt -2.935467 0.240768
vt -2.935467 -0.684275
vt -2.715260 0.240768
vt -2.710139 -0.684275
vt -2.489933 0.240768
vt -2.489933 -0.684275
vt 1.911872 -0.806390
vt 1.878673 -0.815782
vt 1.862074 -0.831433
vt 1.862074 -0.850216
vt 1.878673 -0.867433
vt 1.911872 -0.876824
vt 1.945070 -0.876824
vt 1.974949 -0.867433
vt 1.994868 -0.851781
vt 1.994868 -0.832999
vt 1.978268 -0.817347
vt 1.945070 -0.807955
vt -3.073736 -0.684275
vt -3.073736 0.240768
vt -3.150552 0.240768
vt -3.150552 -0.684275
vt -3.002040 -0.684275
vt -3.002041 0.240768
vt 1.716482 -0.269842
vt 1.716482 -0.253243
vt 1.702048 -0.251583
vt 1.699161 -0.273162
vt 1.733804 -0.286442
vt 1.722256 -0.291421
vt 1.765559 -0.294741
vt 1.759785 -0.303041
vt 1.800201 -0.294741
vt 1.803087 -0.303041
vt 1.829070 -0.284782
vt 1.840618 -0.291421
vt 1.846392 -0.269842
vt 1.863712 -0.273162
vt 1.846392 -0.253243
vt 1.863712 -0.249923
vt 1.829070 -0.236644
vt 1.843504 -0.231664
vt 1.800201 -0.228344
vt 1.803088 -0.220045
vt 1.765559 -0.228344
vt 1.759785 -0.220045
vt 1.733804 -0.238304
vt 1.722256 -0.231664
vt 1.905232 -0.798565
vt 1.868713 -0.809521
vt 1.951710 -0.798565
vt 1.988228 -0.809521
vt 2.011467 -0.831433
vt 2.011467 -0.854911
vt 1.988228 -0.875259
vt 1.951710 -0.886215
vt 1.905232 -0.886215
vt 1.865394 -0.873694
vt 1.845474 -0.853346
vt 1.845474 -0.829868
vt 4.917246 1.173041
vt 4.917244 0.247998
vt 4.994061 0.247998
vt 4.994061 1.173041
vt 5.424232 1.173041
vt 5.424232 0.247998
vt 5.501048 0.247998
vt 5.501048 1.173041
vt 5.209147 1.173041
vt 5.209146 0.247998
vt 5.285963 0.247998
vt 5.285963 1.173041
vt 5.065757 0.247998
vt 5.065757 1.173041
vt 5.577864 0.247998
vt 5.577866 1.173041
vt 5.357657 0.247998
vt 5.352537 1.173041
vt 5.132330 0.247998
vt 5.132331 1.173041
vt 5.716133 1.173041
vt 5.716133 0.247998
vt 5.792949 0.247998
vt 5.792949 1.173041
vt 5.644439 1.173041
vt 5.644439 0.247998
vt 1.538597 -0.356453
vt 1.538597 -0.339854
vt 1.524162 -0.338194
vt 1.521276 -0.359773
vt 1.555918 -0.373053
vt 1.544370 -0.378033
vt 1.587673 -0.381352
vt 1.581900 -0.389652
vt 1.622315 -0.381352
vt 1.625202 -0.389652
vt 1.651185 -0.371393
vt 1.662732 -0.378033
vt 1.668505 -0.356454
vt 1.685827 -0.359773
vt 1.668505 -0.339854
vt 1.685827 -0.336535
vt 1.651185 -0.323255
vt 1.665619 -0.318275
vt 1.622315 -0.314955
vt 1.625203 -0.306656
vt 1.587673 -0.314955
vt 1.581900 -0.306656
vt 1.555918 -0.324915
vt 1.544370 -0.318275
vt 1.310840 -0.684275
vt 1.310840 0.240768
vt 1.234023 0.240768
vt 1.234023 -0.684275
vt 0.803854 -0.684275
vt 0.803853 0.240768
vt 0.727037 0.240768
vt 0.727037 -0.684275
vt 1.018939 -0.684275
vt 1.018939 0.240768
vt 0.942122 0.240768
vt 0.942123 -0.684275
vt 1.162328 0.240768
vt 1.162329 -0.684275
vt 0.650221 0.240768
vt 0.650221 -0.684275
vt 0.870428 0.240768
vt 0.875548 -0.684275
vt 1.095755 0.240768
vt 1.095755 -0.684275
vt 0.511952 -0.684275
vt 0.511952 0.240768
vt 0.435136 0.240768
vt 0.435136 -0.684275
vt 0.583647 -0.684275
vt 0.583647 0.240768
vt 1.538597 -0.443065
vt 1.538597 -0.426466
vt 1.524162 -0.424805
vt 1.521276 -0.446384
vt 1.555918 -0.459664
vt 1.544370 -0.464644
vt 1.587673 -0.467963
vt 1.581900 -0.476263
vt 1.622315 -0.467963
vt 1.625202 -0.476263
vt 1.651185 -0.458004
vt 1.662732 -0.464643
vt 1.668505 -0.443065
vt 1.685827 -0.446384
vt 1.668505 -0.426466
vt 1.685827 -0.423146
vt 1.651185 -0.409866
vt 1.665619 -0.404886
vt 1.622315 -0.401567
vt 1.625203 -0.393267
vt 1.587673 -0.401567
vt 1.581900 -0.393267
vt 1.555918 -0.411526
vt 1.544370 -0.404886
vt 4.917246 1.173041
vt 4.994061 1.173041
vt 5.424232 1.173041
vt 5.501048 1.173041
vt 5.209147 1.173041
vt 5.285963 1.173041
vt 5.065757 1.173041
vt 5.577866 1.173041
vt 5.352537 1.173041
vt 5.132331 1.173041
vt 5.716133 1.173041
vt 5.792949 1.173041
vt 5.644439 1.173041
vt 1.716482 -0.443065
vt 1.699161 -0.446384
vt 1.702048 -0.424805
vt 1.716482 -0.426465
vt 1.733804 -0.459664
vt 1.722256 -0.464644
vt 1.765559 -0.467963
vt 1.759785 -0.476263
vt 1.800201 -0.467963
vt 1.803087 -0.476263
vt 1.829070 -0.458004
vt 1.840618 -0.464644
vt 1.846392 -0.443065
vt 1.863712 -0.446384
vt 1.846392 -0.426466
vt 1.863712 -0.423146
vt 1.829070 -0.409866
vt 1.843504 -0.404886
vt 1.800201 -0.401567
vt 1.803088 -0.393267
vt 1.765559 -0.401567
vt 1.759785 -0.393267
vt 1.733804 -0.411526
vt 1.722256 -0.404886
vt 4.896528 0.247998
vt 4.819712 0.247998
vt 4.819712 1.173041
vt 4.896528 1.173041
vt 4.389541 0.247998
vt 4.312725 0.247998
vt 4.312724 1.173041
vt 4.389541 1.173041
vt 4.604626 0.247998
vt 4.527810 0.247998
vt 4.527809 1.173041
vt 4.604626 1.173041
vt 4.748016 0.247998
vt 4.748016 1.173041
vt 4.235909 0.247998
vt 4.235909 1.173041
vt 4.461236 0.247998
vt 4.456115 1.173041
vt 4.681442 0.247998
vt 4.681442 1.173041
vt 4.097639 0.247998
vt 4.020824 0.247998
vt 4.020823 1.173041
vt 4.097639 1.173041
vt 4.169335 0.247998
vt 4.169334 1.173041
vt 1.894367 -0.529676
vt 1.877046 -0.532995
vt 1.879933 -0.511416
vt 1.894367 -0.513077
vt 1.911689 -0.546275
vt 1.900141 -0.551255
vt 1.943444 -0.554574
vt 1.937670 -0.562874
vt 1.978086 -0.554574
vt 1.980973 -0.562874
vt 2.006955 -0.544615
vt 2.018503 -0.551255
vt 2.024277 -0.529676
vt 2.041597 -0.532995
vt 2.024277 -0.513077
vt 2.041597 -0.509757
vt 2.006955 -0.496477
vt 2.021389 -0.491497
vt 1.978086 -0.488178
vt 1.980974 -0.479878
vt 1.943444 -0.488178
vt 1.937670 -0.479878
vt 1.911689 -0.498137
vt 1.900141 -0.491497
vt -3.171270 0.247998
vt -3.171270 1.173042
vt -3.248087 1.173042
vt -3.248087 0.247998
vt -3.678256 0.247998
vt -3.678257 1.173042
vt -3.755074 1.173042
vt -3.755073 0.247998
vt -3.463171 0.247998
vt -3.463172 1.173042
vt -3.539989 1.173042
vt -3.539988 0.247998
vt -3.319782 1.173042
vt -3.319781 0.247998
vt -3.611683 1.173042
vt -3.606561 0.247998
vt -3.386356 1.173042
vt -3.386356 0.247998
vt -3.970159 0.247998
vt -3.970159 1.173042
vt -4.046975 1.173042
vt -4.046975 0.247998
vt 2.443065 0.247998
vt 2.443065 1.173041
vt 2.376491 1.173041
vt 2.376491 0.247998
vt 1.937676 1.215179
vt 1.937676 1.231778
vt 1.923242 1.233438
vt 1.920355 1.211859
vt 1.954997 1.198579
vt 1.943450 1.193600
vt 1.986753 1.190280
vt 1.980979 1.181980
vt 2.021396 1.190280
vt 2.024282 1.181980
vt 2.050264 1.200239
vt 2.061811 1.193599
vt 2.067585 1.215179
vt 2.084907 1.211859
vt 2.067585 1.231778
vt 2.084907 1.235098
vt 2.050265 1.248377
vt 2.064699 1.253357
vt 2.021396 1.256677
vt 2.024283 1.264976
vt 1.986753 1.256677
vt 1.980980 1.264976
vt 1.954998 1.246717
vt 1.943450 1.253357
vt -0.398086 -0.864727
vt -0.434605 -0.875684
vt -0.457844 -0.896031
vt -0.457844 -0.919509
vt -0.437924 -0.939857
vt -0.398086 -0.952378
vt -0.351608 -0.952378
vt -0.315090 -0.941422
vt -0.291851 -0.921074
vt -0.291851 -0.897596
vt -0.315090 -0.875684
vt -0.351608 -0.864727
vt 3.103684 0.247998
vt 3.103684 1.173041
vt 3.026867 1.173041
vt 3.026867 0.247998
vt 2.596698 0.247998
vt 2.596696 1.173041
vt 2.519881 1.173041
vt 2.519881 0.247998
vt 2.811782 0.247998
vt 2.811782 1.173041
vt 2.734966 1.173041
vt 2.734967 0.247998
vt 2.955172 1.173041
vt 2.955172 0.247998
vt 2.663271 1.173041
vt 2.668392 0.247998
vt 2.888599 1.173041
vt 2.888599 0.247998
vt 2.304796 0.247998
vt 2.304796 1.173041
vt 2.227979 1.173041
vt 2.227980 0.247998
vt 1.937676 0.955346
vt 1.937676 0.971944
vt 1.923242 0.973605
vt 1.920355 0.952026
vt 1.954997 0.938746
vt 1.943450 0.933766
vt 1.986753 0.930446
vt 1.980979 0.922147
vt 2.021395 0.930446
vt 2.024282 0.922147
vt 2.050264 0.940406
vt 2.061811 0.933766
vt 2.067585 0.955345
vt 2.084907 0.952026
vt 2.067584 0.971944
vt 2.084907 0.975264
vt 2.050264 0.988544
vt 2.064698 0.993524
vt 2.021395 0.996843
vt 2.024282 1.005143
vt 1.986753 0.996843
vt 1.980979 1.005143
vt 1.954997 0.986884
vt 1.943450 0.993524
vt 2.291014 0.240768
vt 2.254496 0.229812
vt 2.231256 0.209464
vt 2.231256 0.185986
vt 2.251176 0.165639
vt 2.291014 0.153117
vt 2.337492 0.153117
vt 2.374010 0.164073
vt 2.397249 0.184421
vt 2.397249 0.207899
vt 2.374010 0.229812
vt 2.337492 0.240768
vt 1.310840 0.247998
vt 1.310840 1.173041
vt 1.234023 1.173041
vt 1.234023 0.247998
vt 0.803854 0.247998
vt 0.803853 1.173041
vt 0.727037 1.173041
vt 0.727037 0.247998
vt 1.018939 0.247998
vt 1.018939 1.173041
vt 0.942122 1.173041
vt 0.942123 0.247998
vt 1.162328 1.173041
vt 1.162329 0.247998
vt 0.650221 1.173041
vt 0.650221 0.247998
vt 0.870428 1.173041
vt 0.875549 0.247998
vt 1.095755 1.173041
vt 1.095755 0.247998
vt 2.297654 0.043181
vt 2.264455 0.033790
vt 2.247856 0.018138
vt 2.247856 -0.000644
vt 2.264455 -0.017861
vt 2.297654 -0.027252
vt 2.330853 -0.027252
vt 2.360731 -0.017861
vt 2.380650 -0.002209
vt 2.380650 0.016573
vt 2.364051 0.032225
vt 2.330853 0.041616
vt 0.511952 0.247998
vt 0.511952 1.173041
vt 0.435136 1.173041
vt 0.435136 0.247998
vt 0.583647 0.247998
vt 0.583647 1.173041
vt -2.935467 2.112545
vt -2.935467 3.037589
vt -3.002041 3.037589
vt -3.002041 2.112545
vt 1.716482 -0.616287
vt 1.716482 -0.599688
vt 1.702048 -0.598027
vt 1.699161 -0.619606
vt 1.733804 -0.632886
vt 1.722256 -0.637866
vt 1.765559 -0.641186
vt 1.759785 -0.649485
vt 1.800201 -0.641186
vt 1.803087 -0.649485
vt 1.829070 -0.631226
vt 1.840618 -0.637866
vt 1.846392 -0.616287
vt 1.863712 -0.619606
vt 1.846392 -0.599688
vt 1.863712 -0.596368
vt 1.829070 -0.583088
vt 1.843504 -0.578108
vt 1.800201 -0.574789
vt 1.803088 -0.566489
vt 1.765559 -0.574789
vt 1.759785 -0.566489
vt 1.733804 -0.584748
vt 1.722256 -0.578108
vt 2.291014 0.051007
vt 2.254496 0.040051
vt 2.337492 0.051007
vt 2.374010 0.040051
vt 2.397249 0.018138
vt 2.397249 -0.005340
vt 2.374010 -0.025687
vt 2.337492 -0.036644
vt 2.291014 -0.036644
vt 2.251176 -0.024122
vt 2.231256 -0.003775
vt 2.231256 0.019703
vt -2.274847 2.112545
vt -2.274847 3.037589
vt -2.351664 3.037589
vt -2.351664 2.112545
vt -2.781834 2.112545
vt -2.781834 3.037589
vt -2.858650 3.037589
vt -2.858650 2.112545
vt -2.566749 2.112545
vt -2.566749 3.037589
vt -2.643565 3.037589
vt -2.643565 2.112545
vt -2.423359 3.037589
vt -2.423359 2.112545
vt -2.715260 3.037589
vt -2.710139 2.112545
vt -2.489933 3.037589
vt -2.489933 2.112545
vt 1.093967 -0.699331
vt 1.060768 -0.708722
vt 1.044169 -0.724374
vt 1.044169 -0.743157
vt 1.060768 -0.760374
vt 1.093967 -0.769765
vt 1.127165 -0.769765
vt 1.157044 -0.760374
vt 1.176963 -0.744722
vt 1.176963 -0.725940
vt 1.160364 -0.710288
vt 1.127165 -0.700896
vt -3.073736 2.112545
vt -3.073736 3.037589
vt -3.150552 3.037589
vt -3.150552 2.112545
vt 1.546643 2.112545
vt 1.546643 3.037588
vt 1.480069 3.037588
vt 1.480069 2.112545
vt 1.937676 0.002624
vt 1.937676 0.019223
vt 1.923242 0.020883
vt 1.920355 -0.000696
vt 1.954997 -0.013976
vt 1.943450 -0.018955
vt 1.986753 -0.022275
vt 1.980979 -0.030575
vt 2.021395 -0.022275
vt 2.024282 -0.030575
vt 2.050264 -0.012316
vt 2.061811 -0.018955
vt 2.067585 0.002624
vt 2.084907 -0.000696
vt 2.067585 0.019223
vt 2.084907 0.022543
vt 2.050264 0.035822
vt 2.064698 0.040802
vt 2.021395 0.044122
vt 2.024282 0.052421
vt 1.986753 0.044122
vt 1.980979 0.052421
vt 1.954997 0.034162
vt 1.943450 0.040802
vt 1.087327 -0.691505
vt 1.050808 -0.702461
vt 1.133805 -0.691505
vt 1.170323 -0.702461
vt 1.193562 -0.724374
vt 1.193562 -0.747852
vt 1.170323 -0.768200
vt 1.133805 -0.779156
vt 1.087327 -0.779156
vt 1.047489 -0.766635
vt 1.027569 -0.746287
vt 1.027569 -0.722809
vt 2.207262 2.112545
vt 2.207262 3.037588
vt 2.130446 3.037588
vt 2.130446 2.112545
vt 1.700276 2.112545
vt 1.700275 3.037588
vt 1.623459 3.037588
vt 1.623459 2.112545
vt 1.915361 2.112545
vt 1.915361 3.037588
vt 1.838544 3.037588
vt 1.838544 2.112545
vt 2.058751 3.037588
vt 2.058751 2.112545
vt 1.766850 3.037588
vt 1.771971 2.112545
vt 1.992177 3.037588
vt 1.992177 2.112545
vt 0.401078 -0.794212
vt 0.367880 -0.803603
vt 0.351280 -0.819255
vt 0.351280 -0.838037
vt 0.367880 -0.855254
vt 0.401078 -0.864645
vt 0.434277 -0.864645
vt 0.464155 -0.855254
vt 0.484074 -0.839602
vt 0.484074 -0.820820
vt 0.467475 -0.805168
vt 0.434277 -0.795776
vt 1.408374 2.112545
vt 1.408373 3.037588
vt 1.331558 3.037588
vt 1.331558 2.112545
vt -0.246201 1.180271
vt -0.246201 2.105315
vt -0.312775 2.105315
vt -0.312775 1.180271
vt -0.814566 -0.791101
vt -0.814566 -0.757902
vt -0.822392 -0.754582
vt -0.823957 -0.797740
vt -0.805175 -0.824299
vt -0.811435 -0.834259
vt -0.787958 -0.840898
vt -0.791088 -0.857497
vt -0.769175 -0.840898
vt -0.767610 -0.857497
vt -0.753523 -0.820979
vt -0.747263 -0.834259
vt -0.744132 -0.791101
vt -0.734741 -0.797740
vt -0.744132 -0.757902
vt -0.734741 -0.751262
vt -0.753523 -0.724704
vt -0.745697 -0.714744
vt -0.769175 -0.708105
vt -0.767610 -0.691505
vt -0.787958 -0.708104
vt -0.791088 -0.691505
vt -0.805175 -0.728024
vt -0.811435 -0.714744
vt 0.394439 -0.786385
vt 0.357920 -0.797342
vt 0.440916 -0.786385
vt 0.477435 -0.797342
vt 0.500674 -0.819255
vt 0.500674 -0.842733
vt 0.477435 -0.863080
vt 0.440916 -0.874036
vt 0.394439 -0.874036
vt 0.354600 -0.861515
vt 0.334681 -0.841167
vt 0.334681 -0.817690
vt 0.414418 1.180271
vt 0.414419 2.105315
vt 0.337602 2.105315
vt 0.337602 1.180271
vt -0.092568 1.180271
vt -0.092569 2.105315
vt -0.169385 2.105315
vt -0.169384 1.180271
vt 0.122517 1.180271
vt 0.122517 2.105315
vt 0.045700 2.105315
vt 0.045701 1.180271
vt 0.265907 2.105315
vt 0.265907 1.180271
vt -0.025994 2.105315
vt -0.020873 1.180271
vt 0.199333 2.105315
vt 0.199333 1.180271
vt 1.093967 -0.794212
vt 1.060768 -0.803603
vt 1.044169 -0.819255
vt 1.044169 -0.838037
vt 1.060768 -0.855254
vt 1.093967 -0.864645
vt 1.127165 -0.864645
vt 1.157044 -0.855254
vt 1.176963 -0.839602
vt 1.176963 -0.820820
vt 1.160364 -0.805168
vt 1.127165 -0.795776
vt -0.384470 1.180271
vt -0.384470 2.105315
vt -0.461286 2.105315
vt -0.461285 1.180271
vt 1.937676 1.041957
vt 1.937676 1.058556
vt 1.923242 1.060216
vt 1.920355 1.038637
vt 1.954997 1.025357
vt 1.943450 1.020378
vt 1.986753 1.017058
vt 1.980979 1.008758
vt 2.021395 1.017058
vt 2.024282 1.008758
vt 2.050264 1.027017
vt 2.061811 1.020377
vt 2.067585 1.041957
vt 2.084907 1.038637
vt 2.067585 1.058556
vt 2.084907 1.061875
vt 2.050264 1.075155
vt 2.064698 1.080135
vt 2.021395 1.083454
vt 2.024282 1.091754
vt 1.986753 1.083454
vt 1.980979 1.091754
vt 1.954997 1.073495
vt 1.943450 1.080135
vt 1.087327 -0.786385
vt 1.050808 -0.797342
vt 1.133805 -0.786385
vt 1.170323 -0.797342
vt 1.193562 -0.819255
vt 1.193562 -0.842733
vt 1.170323 -0.863080
vt 1.133805 -0.874036
vt 1.087327 -0.874036
vt 1.047489 -0.861515
vt 1.027569 -0.841167
vt 1.027569 -0.817690
vt 4.000106 1.180271
vt 3.923289 1.180271
vt 3.923289 2.105315
vt 4.000106 2.105315
vt 3.493119 1.180271
vt 3.416303 1.180271
vt 3.416302 2.105315
vt 3.493119 2.105315
vt 3.708204 1.180271
vt 3.631389 1.180271
vt 3.631387 2.105315
vt 3.708204 2.105315
vt 3.851594 1.180271
vt 3.851594 2.105315
vt 3.339487 1.180271
vt 3.339487 2.105315
vt 3.564814 1.180271
vt 3.559693 2.105315
vt 3.785020 1.180271
vt 3.785020 2.105315
vt 2.104763 -0.806390
vt 2.137961 -0.807955
vt 2.171160 -0.817347
vt 2.187759 -0.832999
vt 2.187759 -0.851781
vt 2.167840 -0.867433
vt 2.137961 -0.876824
vt 2.104763 -0.876824
vt 2.071564 -0.867433
vt 2.054965 -0.850216
vt 2.054965 -0.831433
vt 2.071564 -0.815782
vt 3.201218 1.180271
vt 3.124402 1.180271
vt 3.124401 2.105315
vt 3.201218 2.105315
vt 3.272913 1.180271
vt 3.272912 2.105315
vt 3.339487 0.247998
vt 3.272913 0.247998
vt 3.272912 1.173041
vt 3.339487 1.173041
vt 1.716482 -0.529676
vt 1.699161 -0.532995
vt 1.702048 -0.511416
vt 1.716482 -0.513077
vt 1.733804 -0.546275
vt 1.722256 -0.551255
vt 1.765559 -0.554574
vt 1.759785 -0.562874
vt 1.800201 -0.554574
vt 1.803087 -0.562874
vt 1.829070 -0.544615
vt 1.840618 -0.551255
vt 1.846392 -0.529676
vt 1.863712 -0.532995
vt 1.846392 -0.513077
vt 1.863712 -0.509757
vt 1.829070 -0.496477
vt 1.843504 -0.491497
vt 1.800201 -0.488178
vt 1.803088 -0.479878
vt 1.765559 -0.488178
vt 1.759785 -0.479878
vt 1.733804 -0.498137
vt 1.722256 -0.491497
vt 2.098123 -0.798565
vt 2.061604 -0.809521
vt 2.144601 -0.798565
vt 2.181119 -0.809521
vt 2.204358 -0.831433
vt 2.204358 -0.854911
vt 2.181119 -0.875259
vt 2.144601 -0.886215
vt 2.098123 -0.886215
vt 2.058285 -0.873694
vt 2.038365 -0.853346
vt 2.038365 -0.829868
vt 4.000106 0.247998
vt 3.923289 0.247998
vt 3.923289 1.173041
vt 4.000106 1.173041
vt 3.493119 0.247998
vt 3.416303 0.247998
vt 3.416302 1.173041
vt 3.493119 1.173041
vt 3.708204 0.247998
vt 3.631389 0.247998
vt 3.631387 1.173041
vt 3.708204 1.173041
vt 3.851594 0.247998
vt 3.851594 1.173041
vt 3.564814 0.247998
vt 3.559693 1.173041
vt 3.785020 0.247998
vt 3.785020 1.173041
vt 0.401078 -0.699331
vt 0.434277 -0.700896
vt 0.467475 -0.710288
vt 0.484074 -0.725940
vt 0.484074 -0.744722
vt 0.464155 -0.760374
vt 0.434277 -0.769765
vt 0.401078 -0.769765
vt 0.367880 -0.760374
vt 0.351280 -0.743157
vt 0.351280 -0.724374
vt 0.367880 -0.708722
vt 3.201218 0.247998
vt 3.124402 0.247998
vt 3.124401 1.173041
vt 3.201218 1.173041
vt 0.650221 1.180271
vt 0.583647 1.180271
vt 0.583647 2.105315
vt 0.650221 2.105315
vt 1.937676 0.089235
vt 1.920355 0.085915
vt 1.923242 0.107494
vt 1.937676 0.105834
vt 1.954997 0.072635
vt 1.943450 0.067656
vt 1.986753 0.064336
vt 1.980979 0.056036
vt 2.021395 0.064336
vt 2.024282 0.056036
vt 2.050264 0.074295
vt 2.061811 0.067656
vt 2.067585 0.089235
vt 2.084907 0.085915
vt 2.067585 0.105834
vt 2.084907 0.109154
vt 2.050264 0.122433
vt 2.064698 0.127413
vt 2.021395 0.130733
vt 2.024282 0.139032
vt 1.986753 0.130733
vt 1.980979 0.139032
vt 1.954997 0.120773
vt 1.943450 0.127413
vt 0.394439 -0.691505
vt 0.357920 -0.702461
vt 0.440916 -0.691505
vt 0.477435 -0.702461
vt 0.500674 -0.724374
vt 0.500674 -0.747852
vt 0.477435 -0.768200
vt 0.440916 -0.779156
vt 0.394439 -0.779156
vt 0.354600 -0.766635
vt 0.334681 -0.746287
vt 0.334681 -0.722809
vt 1.310840 1.180271
vt 1.234023 1.180271
vt 1.234023 2.105315
vt 1.310840 2.105315
vt 0.803854 1.180271
vt 0.727037 1.180271
vt 0.727037 2.105315
vt 0.803853 2.105315
vt 1.018939 1.180271
vt 0.942123 1.180271
vt 0.942122 2.105315
vt 1.018939 2.105315
vt 1.162329 1.180271
vt 1.162328 2.105315
vt 0.875549 1.180271
vt 0.870428 2.105315
vt 1.095755 1.180271
vt 1.095755 2.105315
vt 0.227856 -0.699331
vt 0.261054 -0.700896
vt 0.294253 -0.710288
vt 0.310852 -0.725940
vt 0.310852 -0.744722
vt 0.290933 -0.760374
vt 0.261054 -0.769765
vt 0.227856 -0.769765
vt 0.194658 -0.760374
vt 0.178058 -0.743157
vt 0.178058 -0.724374
vt 0.194658 -0.708722
vt 0.511952 1.180271
vt 0.435136 1.180271
vt 0.435136 2.105315
vt 0.511952 2.105315
vt -1.142622 2.112545
vt -1.209196 2.112545
vt -1.209196 3.037589
vt -1.142622 3.037588
vt -0.525229 -0.791101
vt -0.534620 -0.797740
vt -0.533055 -0.754582
vt -0.525229 -0.757902
vt -0.515838 -0.824299
vt -0.522099 -0.834259
vt -0.498621 -0.840898
vt -0.501751 -0.857497
vt -0.479839 -0.840898
vt -0.478273 -0.857497
vt -0.464186 -0.820979
vt -0.457926 -0.834259
vt -0.454795 -0.791101
vt -0.445404 -0.797740
vt -0.454795 -0.757902
vt -0.445404 -0.751262
vt -0.464186 -0.724704
vt -0.456361 -0.714744
vt -0.479839 -0.708105
vt -0.478273 -0.691505
vt -0.498621 -0.708104
vt -0.501751 -0.691505
vt -0.515838 -0.728024
vt -0.522099 -0.714744
vt 0.221216 -0.691505
vt 0.184698 -0.702461
vt 0.267694 -0.691505
vt 0.304213 -0.702461
vt 0.327452 -0.724374
vt 0.327452 -0.747852
vt 0.304213 -0.768200
vt 0.267694 -0.779156
vt 0.221216 -0.779156
vt 0.181378 -0.766635
vt 0.161459 -0.746287
vt 0.161459 -0.722809
vt -0.482003 2.112545
vt -0.558820 2.112545
vt -0.558820 3.037588
vt -0.482003 3.037588
vt -0.988989 2.112545
vt -1.065806 2.112545
vt -1.065806 3.037588
vt -0.988990 3.037588
vt -0.773905 2.112545
vt -0.850721 2.112545
vt -0.850721 3.037589
vt -0.773905 3.037588
vt -0.630514 2.112545
vt -0.630515 3.037589
vt -0.917295 2.112545
vt -0.922416 3.037588
vt -0.697088 2.112545
vt -0.697088 3.037588
vt 1.286236 -0.699331
vt 1.319435 -0.700896
vt 1.352633 -0.710288
vt 1.369233 -0.725940
vt 1.369232 -0.744722
vt 1.349313 -0.760374
vt 1.319435 -0.769765
vt 1.286236 -0.769765
vt 1.253038 -0.760374
vt 1.236438 -0.743157
vt 1.236438 -0.724374
vt 1.253038 -0.708722
vt -1.280891 2.112545
vt -1.357707 2.112545
vt -1.357707 3.037588
vt -1.280891 3.037588
vt 1.937676 -0.083987
vt 1.920355 -0.087307
vt 1.923242 -0.065728
vt 1.937676 -0.067388
vt 1.954997 -0.100587
vt 1.943450 -0.105567
vt 1.986753 -0.108886
vt 1.980979 -0.117186
vt 2.021395 -0.108886
vt 2.024282 -0.117186
vt 2.050264 -0.098927
vt 2.061811 -0.105567
vt 2.067585 -0.083987
vt 2.084907 -0.087307
vt 2.067585 -0.067388
vt 2.084907 -0.064068
vt 2.050264 -0.050789
vt 2.064698 -0.045809
vt 2.021395 -0.042489
vt 2.024282 -0.034190
vt 1.986753 -0.042489
vt 1.980979 -0.034190
vt 1.954997 -0.052449
vt 1.943450 -0.045809
vt 1.279596 -0.691505
vt 1.243078 -0.702461
vt 1.326074 -0.691505
vt 1.362593 -0.702461
vt 1.385831 -0.724374
vt 1.385831 -0.747852
vt 1.362593 -0.768200
vt 1.326074 -0.779156
vt 1.279596 -0.779156
vt 1.239758 -0.766635
vt 1.219839 -0.746287
vt 1.219839 -0.722809
vt 4.896528 2.112545
vt 4.819712 2.112545
vt 4.819712 3.037588
vt 4.896528 3.037588
vt 4.389541 2.112545
vt 4.312725 2.112545
vt 4.312724 3.037588
vt 4.389541 3.037588
vt 4.604626 2.112545
vt 4.527810 2.112545
vt 4.527809 3.037588
vt 4.604626 3.037588
vt 4.748016 2.112545
vt 4.748016 3.037588
vt 4.235909 2.112545
vt 4.235909 3.037588
vt 4.461236 2.112545
vt 4.456115 3.037588
vt 4.681442 2.112545
vt 4.681442 3.037588
vt -1.336233 -0.872553
vt -1.303035 -0.874118
vt -1.269836 -0.883510
vt -1.253237 -0.899161
vt -1.253237 -0.917944
vt -1.273156 -0.933596
vt -1.303035 -0.942987
vt -1.336233 -0.942987
vt -1.369432 -0.933596
vt -1.386031 -0.916378
vt -1.386031 -0.897596
vt -1.369432 -0.881944
vt 4.097639 2.112545
vt 4.020824 2.112545
vt 4.020823 3.037588
vt 4.097639 3.037588
vt 4.169335 2.112545
vt 4.169334 3.037588
vt -1.142622 1.180272
vt -1.209196 1.180272
vt -1.209196 2.105316
vt -1.142622 2.105315
vt 1.538597 -0.269842
vt 1.521276 -0.273162
vt 1.524162 -0.251583
vt 1.538597 -0.253243
vt 1.555918 -0.286442
vt 1.544370 -0.291421
vt 1.587673 -0.294741
vt 1.581900 -0.303041
vt 1.622315 -0.294741
vt 1.625202 -0.303041
vt 1.651185 -0.284782
vt 1.662732 -0.291422
vt 1.668505 -0.269842
vt 1.685827 -0.273162
vt 1.668505 -0.253243
vt 1.685827 -0.249923
vt 1.651185 -0.236644
vt 1.665619 -0.231664
vt 1.622315 -0.228344
vt 1.625203 -0.220045
vt 1.587673 -0.228344
vt 1.581900 -0.220045
vt 1.555918 -0.238304
vt 1.544370 -0.231664
vt -1.342873 -0.864727
vt -1.379391 -0.875684
vt -1.296395 -0.864727
vt -1.259876 -0.875684
vt -1.236638 -0.897596
vt -1.236638 -0.921074
vt -1.259876 -0.941422
vt -1.296395 -0.952378
vt -1.342873 -0.952378
vt -1.382711 -0.939856
vt -1.402630 -0.919509
vt -1.402630 -0.896031
vt -0.482003 1.180271
vt -0.558820 1.180271
vt -0.558820 2.105315
vt -0.482003 2.105315
vt -0.988989 1.180271
vt -1.065806 1.180271
vt -1.065807 2.105315
vt -0.988990 2.105315
vt -0.773905 1.180271
vt -0.850721 1.180271
vt -0.850721 2.105315
vt -0.773905 2.105315
vt -0.630515 1.180271
vt -0.630515 2.105315
vt -0.917295 1.180271
vt -0.922416 2.105315
vt -0.697089 1.180271
vt -0.697088 2.105315
vt -1.143342 -0.872553
vt -1.110144 -0.874118
vt -1.076945 -0.883510
vt -1.060346 -0.899161
vt -1.060346 -0.917944
vt -1.080265 -0.933596
vt -1.110144 -0.942987
vt -1.143342 -0.942987
vt -1.176541 -0.933596
vt -1.193140 -0.916379
vt -1.193140 -0.897596
vt -1.176541 -0.881944
vt -1.280891 1.180272
vt -1.357707 1.180272
vt -1.357707 2.105315
vt -1.280892 2.105315
vt -2.039045 -0.684275
vt -2.105618 -0.684275
vt -2.105618 0.240768
vt -2.039045 0.240768
vt 1.360712 -0.529676
vt 1.343390 -0.532995
vt 1.346277 -0.511416
vt 1.360712 -0.513077
vt 1.378033 -0.546275
vt 1.366485 -0.551255
vt 1.409788 -0.554574
vt 1.404014 -0.562874
vt 1.444430 -0.554574
vt 1.447317 -0.562874
vt 1.473299 -0.544615
vt 1.484847 -0.551255
vt 1.490620 -0.529676
vt 1.507942 -0.532995
vt 1.490620 -0.513077
vt 1.507942 -0.509757
vt 1.473299 -0.496477
vt 1.487734 -0.491497
vt 1.444430 -0.488178
vt 1.447317 -0.479878
vt 1.409788 -0.488178
vt 1.404014 -0.479878
vt 1.378033 -0.498137
vt 1.366485 -0.491497
vt -1.149982 -0.864727
vt -1.186500 -0.875684
vt -1.103504 -0.864727
vt -1.066986 -0.875684
vt -1.043746 -0.897596
vt -1.043747 -0.921074
vt -1.066986 -0.941422
vt -1.103504 -0.952378
vt -1.149982 -0.952378
vt -1.189820 -0.939857
vt -1.209739 -0.919509
vt -1.209739 -0.896031
vt -1.378425 -0.684275
vt -1.455242 -0.684275
vt -1.455242 0.240768
vt -1.378425 0.240768
vt -1.885412 -0.684275
vt -1.962228 -0.684275
vt -1.962229 0.240768
vt -1.885412 0.240768
vt -1.670327 -0.684275
vt -1.747143 -0.684275
vt -1.747144 0.240768
vt -1.670327 0.240768
vt -1.526937 -0.684275
vt -1.526937 0.240768
vt -1.813717 -0.684275
vt -1.818838 0.240768
vt -1.593510 -0.684275
vt -1.593511 0.240768
vt -0.970120 -0.872553
vt -0.936922 -0.874118
vt -0.903723 -0.883510
vt -0.887124 -0.899161
vt -0.887124 -0.917944
vt -0.907043 -0.933596
vt -0.936922 -0.942987
vt -0.970120 -0.942987
vt -1.003318 -0.933596
vt -1.019918 -0.916379
vt -1.019918 -0.897596
vt -1.003319 -0.881944
vt -2.177313 -0.684275
vt -2.254129 -0.684275
vt -2.254130 0.240768
vt -2.177314 0.240768
vt -4.728311 -0.684275
vt -4.794885 -0.684275
vt -4.794885 0.240768
vt -4.728311 0.240768
vt 1.894367 -0.183231
vt 1.877046 -0.186551
vt 1.879933 -0.164972
vt 1.894367 -0.166632
vt 1.911689 -0.199831
vt 1.900141 -0.204810
vt 1.943444 -0.208130
vt 1.937670 -0.216430
vt 1.978086 -0.208130
vt 1.980973 -0.216430
vt 2.006955 -0.198171
vt 2.018503 -0.204811
vt 2.024277 -0.183231
vt 2.041597 -0.186551
vt 2.024277 -0.166632
vt 2.041597 -0.163312
vt 2.006955 -0.150033
vt 2.021389 -0.145053
vt 1.978086 -0.141733
vt 1.980974 -0.133434
vt 1.943444 -0.141733
vt 1.937670 -0.133434
vt 1.911689 -0.151693
vt 1.900141 -0.145053
vt -0.976759 -0.864727
vt -1.013278 -0.875684
vt -0.930282 -0.864727
vt -0.893763 -0.875684
vt -0.870524 -0.897596
vt -0.870524 -0.921074
vt -0.893763 -0.941422
vt -0.930282 -0.952378
vt -0.976760 -0.952378
vt -1.016598 -0.939857
vt -1.036517 -0.919509
vt -1.036517 -0.896031
vt -4.067691 -0.684275
vt -4.144508 -0.684275
vt -4.144508 0.240768
vt -4.067692 0.240768
vt -4.574678 -0.684275
vt -4.651495 -0.684275
vt -4.651495 0.240768
vt -4.574679 0.240768
vt -4.359593 -0.684275
vt -4.436409 -0.684275
vt -4.436410 0.240768
vt -4.359594 0.240768
vt -4.216203 -0.684275
vt -4.216204 0.240768
vt -4.502984 -0.684275
vt -4.508105 0.240768
vt -4.282777 -0.684275
vt -4.282777 0.240768
vt -0.796898 -0.872553
vt -0.763699 -0.874118
vt -0.730501 -0.883510
vt -0.713901 -0.899161
vt -0.713902 -0.917944
vt -0.733821 -0.933596
vt -0.763699 -0.942987
vt -0.796898 -0.942987
vt -0.830096 -0.933596
vt -0.846696 -0.916379
vt -0.846695 -0.897596
vt -0.830096 -0.881944
vt -4.866580 -0.684275
vt -4.943396 -0.684275
vt -4.943396 0.240768
vt -4.866580 0.240768
vt 1.894367 -0.269842
vt 1.877046 -0.273162
vt 1.879933 -0.251583
vt 1.894367 -0.253243
vt 1.911689 -0.286442
vt 1.900141 -0.291421
vt 1.943444 -0.294741
vt 1.937670 -0.303041
vt 1.978086 -0.294741
vt 1.980973 -0.303041
vt 2.006955 -0.284782
vt 2.018503 -0.291422
vt 2.024277 -0.269842
vt 2.041597 -0.273162
vt 2.024277 -0.253243
vt 2.041597 -0.249923
vt 2.006955 -0.236644
vt 2.021389 -0.231664
vt 1.978086 -0.228344
vt 1.980974 -0.220045
vt 1.943444 -0.228344
vt 1.937670 -0.220045
vt 1.911689 -0.238304
vt 1.900141 -0.231664
vt -0.803537 -0.864727
vt -0.840056 -0.875684
vt -0.757060 -0.864727
vt -0.720541 -0.875684
vt -0.697302 -0.897596
vt -0.697302 -0.921074
vt -0.720541 -0.941422
vt -0.757060 -0.952378
vt -0.803537 -0.952378
vt -0.843376 -0.939857
vt -0.863295 -0.919509
vt -0.863295 -0.896031
vt -2.274847 0.247998
vt -2.274848 1.173042
vt -2.351664 1.173042
vt -2.351664 0.247998
vt -2.781834 0.247998
vt -2.781835 1.173042
vt -2.858650 1.173042
vt -2.858650 0.247998
vt -2.566749 0.247998
vt -2.566749 1.173042
vt -2.643566 1.173042
vt -2.643565 0.247998
vt -2.423359 1.173042
vt -2.423359 0.247998
vt -2.935468 1.173042
vt -2.935467 0.247998
vt -2.715260 1.173042
vt -2.710139 0.247998
vt -2.489933 1.173042
vt -2.489933 0.247998
vt -0.564669 -0.872553
vt -0.597867 -0.881944
vt -0.614466 -0.897596
vt -0.614466 -0.916379
vt -0.597867 -0.933596
vt -0.564669 -0.942987
vt -0.531470 -0.942987
vt -0.501592 -0.933596
vt -0.481672 -0.917944
vt -0.481672 -0.899161
vt -0.498272 -0.883510
vt -0.531470 -0.874118
vt -3.073736 0.247998
vt -3.073736 1.173042
vt -3.150553 1.173042
vt -3.150552 0.247998
vt -3.002041 0.247998
vt -3.002041 1.173042
vt 3.339487 2.112545
vt 3.339487 3.037588
vt 3.272912 3.037588
vt 3.272913 2.112545
vt 1.360712 -0.616287
vt 1.360712 -0.599688
vt 1.346277 -0.598027
vt 1.343390 -0.619606
vt 1.378033 -0.632886
vt 1.366485 -0.637866
vt 1.409788 -0.641186
vt 1.404014 -0.649485
vt 1.444430 -0.641186
vt 1.447317 -0.649485
vt 1.473299 -0.631226
vt 1.484847 -0.637866
vt 1.490620 -0.616287
vt 1.507942 -0.619606
vt 1.490620 -0.599688
vt 1.507942 -0.596368
vt 1.473299 -0.583088
vt 1.487734 -0.578108
vt 1.444430 -0.574789
vt 1.447317 -0.566489
vt 1.409788 -0.574789
vt 1.404014 -0.566489
vt 1.378033 -0.584748
vt 1.366485 -0.578108
vt -0.571308 -0.864727
vt -0.607827 -0.875684
vt -0.524831 -0.864727
vt -0.488312 -0.875684
vt -0.465073 -0.897596
vt -0.465073 -0.921074
vt -0.488312 -0.941422
vt -0.524831 -0.952378
vt -0.571308 -0.952378
vt -0.611147 -0.939857
vt -0.631066 -0.919509
vt -0.631066 -0.896031
vt 4.000106 2.112545
vt 4.000106 3.037588
vt 3.923289 3.037588
vt 3.923289 2.112545
vt 3.493119 2.112545
vt 3.493119 3.037588
vt 3.416302 3.037588
vt 3.416303 2.112545
vt 3.708204 2.112545
vt 3.708204 3.037588
vt 3.631387 3.037588
vt 3.631389 2.112545
vt 3.851594 3.037588
vt 3.851594 2.112545
vt 3.559693 3.037588
vt 3.564814 2.112545
vt 3.785020 3.037588
vt 3.785020 2.112545
vt -0.218224 -0.872553
vt -0.251423 -0.881944
vt -0.268022 -0.897596
vt -0.268022 -0.916379
vt -0.251423 -0.933596
vt -0.218224 -0.942987
vt -0.185026 -0.942987
vt -0.155147 -0.933596
vt -0.135228 -0.917944
vt -0.135228 -0.899161
vt -0.151827 -0.883510
vt -0.185026 -0.874118
vt 3.201218 2.112545
vt 3.201218 3.037588
vt 3.124401 3.037588
vt 3.124402 2.112545
vt 2.443065 2.112545
vt 2.443065 3.037588
vt 2.376491 3.037588
vt 2.376491 2.112545
vt 1.894367 -0.616287
vt 1.894367 -0.599688
vt 1.879933 -0.598027
vt 1.877046 -0.619606
vt 1.911689 -0.632886
vt 1.900141 -0.637866
vt 1.943444 -0.641186
vt 1.937670 -0.649485
vt 1.978086 -0.641186
vt 1.980973 -0.649485
vt 2.006955 -0.631226
vt 2.018503 -0.637866
vt 2.024277 -0.616287
vt 2.041597 -0.619606
vt 2.024277 -0.599687
vt 2.041597 -0.596368
vt 2.006955 -0.583088
vt 2.021389 -0.578108
vt 1.978086 -0.574789
vt 1.980974 -0.566489
vt 1.943444 -0.574789
vt 1.937670 -0.566489
vt 1.911689 -0.584748
vt 1.900141 -0.578108
vt -0.224864 -0.864727
vt -0.261382 -0.875684
vt -0.178386 -0.864727
vt -0.141868 -0.875684
vt -0.118629 -0.897596
vt -0.118629 -0.921074
vt -0.141868 -0.941422
vt -0.178386 -0.952378
vt -0.224864 -0.952378
vt -0.264702 -0.939857
vt -0.284621 -0.919509
vt -0.284621 -0.896031
vt 3.103684 2.112545
vt 3.103684 3.037588
vt 3.026867 3.037588
vt 3.026867 2.112545
vt 2.596698 2.112545
vt 2.596696 3.037588
vt 2.519881 3.037588
vt 2.519881 2.112545
vt 2.811782 2.112545
vt 2.811782 3.037588
vt 2.734966 3.037588
vt 2.734967 2.112545
vt 2.955172 3.037588
vt 2.955172 2.112545
vt 2.663271 3.037588
vt 2.668392 2.112545
vt 2.888599 3.037588
vt 2.888599 2.112545
vt -0.045002 -0.872553
vt -0.078201 -0.881944
vt -0.094800 -0.897596
vt -0.094800 -0.916379
vt -0.078201 -0.933596
vt -0.045002 -0.942987
vt -0.011804 -0.942987
vt 0.018075 -0.933596
vt 0.037994 -0.917944
vt 0.037994 -0.899161
vt 0.021395 -0.883510
vt -0.011804 -0.874118
vt 2.304796 2.112545
vt 2.304796 3.037588
vt 2.227979 3.037588
vt 2.227980 2.112545
vt -0.246201 0.247998
vt -0.246201 1.173041
vt -0.312775 1.173041
vt -0.312775 0.247998
vt 1.937676 1.128568
vt 1.937676 1.145167
vt 1.923242 1.146827
vt 1.920355 1.125248
vt 1.954998 1.111968
vt 1.943450 1.106989
vt 1.986753 1.103669
vt 1.980979 1.095369
vt 2.021395 1.103669
vt 2.024282 1.095369
vt 2.050264 1.113628
vt 2.061811 1.106989
vt 2.067585 1.128567
vt 2.084907 1.125248
vt 2.067585 1.145167
vt 2.084907 1.148486
vt 2.050264 1.161766
vt 2.064698 1.166746
vt 2.021395 1.170066
vt 2.024282 1.178365
vt 1.986753 1.170066
vt 1.980979 1.178365
vt 1.954997 1.160106
vt 1.943450 1.166746
vt -0.051642 -0.864727
vt -0.088160 -0.875684
vt -0.005164 -0.864727
vt 0.031354 -0.875684
vt 0.054593 -0.897596
vt 0.054593 -0.921074
vt 0.031354 -0.941422
vt -0.005164 -0.952378
vt -0.051642 -0.952378
vt -0.091480 -0.939857
vt -0.111399 -0.919509
vt -0.111399 -0.896031
vt 0.414418 0.247998
vt 0.414418 1.173041
vt 0.337602 1.173041
vt 0.337602 0.247998
vt -0.092568 0.247998
vt -0.092569 1.173041
vt -0.169385 1.173041
vt -0.169384 0.247998
vt 0.122517 0.247998
vt 0.122517 1.173041
vt 0.045700 1.173041
vt 0.045701 0.247998
vt 0.265907 1.173041
vt 0.265907 0.247998
vt -0.025994 1.173041
vt -0.020873 0.247998
vt 0.199333 1.173041
vt 0.199333 0.247998
vt 2.297654 0.138061
vt 2.264455 0.128671
vt 2.247856 0.113018
vt 2.247856 0.094236
vt 2.264455 0.077019
vt 2.297654 0.067628
vt 2.330853 0.067628
vt 2.360731 0.077019
vt 2.380650 0.092671
vt 2.380651 0.111454
vt 2.364051 0.127105
vt 2.330853 0.136497
vt -0.384470 0.247998
vt -0.384470 1.173041
vt -0.461286 1.173041
vt -0.461285 0.247998
vt 1.937676 0.695512
vt 1.937676 0.712111
vt 1.923242 0.713771
vt 1.920355 0.692192
vt 1.954998 0.678913
vt 1.943450 0.673933
vt 1.986753 0.670613
vt 1.980980 0.662313
vt 2.021395 0.670613
vt 2.024282 0.662313
vt 2.050264 0.680573
vt 2.061811 0.673933
vt 2.067585 0.695512
vt 2.084907 0.692192
vt 2.067585 0.712111
vt 2.084907 0.715431
vt 2.050264 0.728710
vt 2.064698 0.733690
vt 2.021395 0.737010
vt 2.024282 0.745310
vt 1.986753 0.737010
vt 1.980979 0.745310
vt 1.954997 0.727051
vt 1.943450 0.733690
vt 2.291014 0.145888
vt 2.254496 0.134931
vt 2.337492 0.145888
vt 2.374010 0.134931
vt 2.397249 0.113018
vt 2.397249 0.089541
vt 2.374010 0.069193
vt 2.337492 0.058237
vt 2.291014 0.058237
vt 2.251176 0.070758
vt 2.231256 0.091106
vt 2.231256 0.114584
vt 2.207262 1.180271
vt 2.207262 2.105315
vt 2.130446 2.105315
vt 2.130446 1.180271
vt 1.700276 1.180271
vt 1.700275 2.105315
vt 1.623459 2.105315
vt 1.623459 1.180271
vt 1.915361 1.180271
vt 1.915361 2.105315
vt 1.838544 2.105315
vt 1.838544 1.180271
vt 2.058750 2.105315
vt 2.058751 1.180271
vt 1.546643 2.105315
vt 1.546643 1.180271
vt 1.766850 2.105315
vt 1.771971 1.180271
vt 1.992177 2.105315
vt 1.992177 1.180271
vt 1.408374 1.180271
vt 1.408373 2.105315
vt 1.331558 2.105315
vt 1.331558 1.180271
vt 1.480069 1.180271
vt 1.480069 2.105315
vt 1.937676 0.608901
vt 1.937676 0.625500
vt 1.923242 0.627160
vt 1.920355 0.605581
vt 1.954997 0.592302
vt 1.943450 0.587322
vt 1.986753 0.584002
vt 1.980979 0.575702
vt 2.021395 0.584002
vt 2.024282 0.575702
vt 2.050264 0.593961
vt 2.061811 0.587322
vt 2.067585 0.608901
vt 2.084907 0.605581
vt 2.067585 0.625500
vt 2.084907 0.628820
vt 2.050264 0.642099
vt 2.064698 0.647079
vt 2.021395 0.650399
vt 2.024282 0.658699
vt 1.986753 0.650399
vt 1.980979 0.658699
vt 1.954997 0.640440
vt 1.943450 0.647079
vt 2.207262 1.180271
vt 2.130446 1.180271
vt 1.700276 1.180271
vt 1.623459 1.180271
vt 1.915361 1.180271
vt 1.838544 1.180271
vt 2.058751 1.180271
vt 1.546643 1.180271
vt 1.771970 1.180271
vt 1.992177 1.180271
vt 1.408374 1.180271
vt 1.331558 1.180271
vt 1.480069 1.180271
vt 1.937676 0.435679
vt 1.920355 0.432359
vt 1.923242 0.453938
vt 1.937676 0.452278
vt 1.954997 0.419080
vt 1.943450 0.414100
vt 1.986753 0.410780
vt 1.980979 0.402480
vt 2.021395 0.410780
vt 2.024282 0.402480
vt 2.050264 0.420739
vt 2.061811 0.414100
vt 2.067585 0.435679
vt 2.084907 0.432359
vt 2.067584 0.452278
vt 2.084907 0.455598
vt 2.050264 0.468877
vt 2.064698 0.473857
vt 2.021395 0.477177
vt 2.024282 0.485477
vt 1.986753 0.477177
vt 1.980979 0.485477
vt 1.954997 0.467218
vt 1.943450 0.473857
vt 1.310840 2.112545
vt 1.310840 3.037588
vt 1.234023 3.037588
vt 1.234023 2.112545
vt 0.803854 2.112545
vt 0.803853 3.037588
vt 0.727037 3.037588
vt 0.727037 2.112545
vt 1.018939 2.112545
vt 1.018939 3.037588
vt 0.942122 3.037588
vt 0.942123 2.112545
vt 1.162328 3.037588
vt 1.162329 2.112545
vt 0.650221 3.037588
vt 0.650221 2.112545
vt 0.870428 3.037588
vt 0.875549 2.112545
vt 1.095755 3.037588
vt 1.095755 2.112545
vt 0.511952 2.112545
vt 0.511952 3.037588
vt 0.435136 3.037588
vt 0.435137 2.112545
vt 0.583647 2.112545
vt 0.583647 3.037588
vt 1.937676 0.349068
vt 1.937676 0.365667
vt 1.923242 0.367327
vt 1.920355 0.345748
vt 1.954997 0.332469
vt 1.943450 0.327489
vt 1.986753 0.324169
vt 1.980979 0.315869
vt 2.021395 0.324169
vt 2.024282 0.315869
vt 2.050264 0.334128
vt 2.061811 0.327489
vt 2.067585 0.349068
vt 2.084907 0.345748
vt 2.067585 0.365667
vt 2.084907 0.368987
vt 2.050264 0.382266
vt 2.064698 0.387246
vt 2.021395 0.390566
vt 2.024282 0.398866
vt 1.986753 0.390566
vt 1.980979 0.398866
vt 1.954997 0.380606
vt 1.943450 0.387246
vt 1.310840 2.112545
vt 1.234023 2.112545
vt 0.803854 2.112545
vt 0.727037 2.112545
vt 1.018939 2.112545
vt 0.942123 2.112545
vt 1.162329 2.112545
vt 0.650221 2.112545
vt 0.875548 2.112545
vt 1.095755 2.112545
vt 0.511952 2.112545
vt 0.435137 2.112545
vt 0.583647 2.112545
vt -1.393239 -0.791100
vt -1.402630 -0.797740
vt -1.401065 -0.754582
vt -1.393239 -0.757902
vt -1.383848 -0.824299
vt -1.390109 -0.834259
vt -1.366631 -0.840898
vt -1.369761 -0.857497
vt -1.347849 -0.840898
vt -1.346283 -0.857497
vt -1.332197 -0.820979
vt -1.325936 -0.834258
vt -1.322806 -0.791100
vt -1.313415 -0.797740
vt -1.322805 -0.757902
vt -1.313414 -0.751262
vt -1.332196 -0.724704
vt -1.324371 -0.714744
vt -1.347849 -0.708104
vt -1.346283 -0.691505
vt -1.366631 -0.708104
vt -1.369761 -0.691505
vt -1.383848 -0.728023
vt -1.390109 -0.714744
vt 2.227980 0.240768
vt 2.227979 -0.684275
vt 2.304797 -0.684275
vt 2.304797 0.240768
vt 2.734967 0.240768
vt 2.734967 -0.684275
vt 2.811783 -0.684275
vt 2.811783 0.240768
vt 2.519882 0.240768
vt 2.519881 -0.684275
vt 2.596698 -0.684275
vt 2.596698 0.240768
vt 2.376491 -0.684275
vt 2.376491 0.240768
vt 2.888599 -0.684275
vt 2.888599 0.240768
vt 2.668392 -0.684275
vt 2.663271 0.240768
vt 2.443065 -0.684275
vt 2.443066 0.240768
vt 3.026867 0.240768
vt 3.026867 -0.684275
vt 3.103684 -0.684275
vt 3.103684 0.240768
vt 2.955173 0.240768
vt 2.955173 -0.684275
vt -1.296794 -0.791100
vt -1.296793 -0.757902
vt -1.304620 -0.754582
vt -1.306185 -0.797740
vt -1.287403 -0.824299
vt -1.293663 -0.834259
vt -1.270185 -0.840898
vt -1.273316 -0.857497
vt -1.251403 -0.840898
vt -1.249838 -0.857497
vt -1.235751 -0.820979
vt -1.229491 -0.834259
vt -1.226360 -0.791100
vt -1.216969 -0.797740
vt -1.226360 -0.757902
vt -1.216969 -0.751262
vt -1.235751 -0.724704
vt -1.227925 -0.714744
vt -1.251403 -0.708104
vt -1.249838 -0.691505
vt -1.270185 -0.708104
vt -1.273316 -0.691505
vt -1.287402 -0.728023
vt -1.293663 -0.714744
vt 2.227980 0.240768
vt 2.304797 0.240768
vt 2.734967 0.240768
vt 2.811783 0.240768
vt 2.519882 0.240768
vt 2.596698 0.240768
vt 2.376491 0.240768
vt 2.888599 0.240768
vt 2.663271 0.240768
vt 2.443066 0.240768
vt 3.026867 0.240768
vt 3.103684 0.240768
vt 2.955173 0.240768
vt -1.200348 -0.791100
vt -1.209739 -0.797740
vt -1.208174 -0.754582
vt -1.200348 -0.757902
vt -1.190957 -0.824299
vt -1.197218 -0.834259
vt -1.173740 -0.840898
vt -1.176870 -0.857497
vt -1.154958 -0.840898
vt -1.153392 -0.857497
vt -1.139306 -0.820979
vt -1.133045 -0.834259
vt -1.129914 -0.791101
vt -1.120523 -0.797740
vt -1.129915 -0.757902
vt -1.120523 -0.751262
vt -1.139306 -0.724704
vt -1.131480 -0.714744
vt -1.154958 -0.708104
vt -1.153392 -0.691505
vt -1.173740 -0.708104
vt -1.176870 -0.691504
vt -1.190957 -0.728023
vt -1.197218 -0.714744
vt -3.171270 1.180272
vt -3.248087 1.180272
vt -3.248087 2.105315
vt -3.171270 2.105315
vt -3.678256 1.180271
vt -3.755073 1.180271
vt -3.755074 2.105315
vt -3.678257 2.105315
vt -3.463172 1.180272
vt -3.539988 1.180272
vt -3.539988 2.105315
vt -3.463171 2.105315
vt -3.319782 1.180272
vt -3.319782 2.105315
vt -3.831889 1.180272
vt -3.831888 2.105315
vt -3.606561 1.180271
vt -3.611682 2.105315
vt -3.386356 1.180272
vt -3.386355 2.105315
vt -3.970159 1.180272
vt -4.046975 1.180272
vt -4.046975 2.105315
vt -3.970159 2.105315
vt -3.898463 1.180272
vt -3.898463 2.105315
vt -1.103902 -0.791101
vt -1.113294 -0.797740
vt -1.111728 -0.754582
vt -1.103903 -0.757902
vt -1.094512 -0.824299
vt -1.100772 -0.834259
vt -1.077294 -0.840898
vt -1.080425 -0.857497
vt -1.058512 -0.840898
vt -1.056947 -0.857497
vt -1.042860 -0.820979
vt -1.036599 -0.834259
vt -1.033469 -0.791101
vt -1.024078 -0.797740
vt -1.033469 -0.757902
vt -1.024078 -0.751262
vt -1.042860 -0.724704
vt -1.035034 -0.714744
vt -1.058512 -0.708104
vt -1.056947 -0.691505
vt -1.077294 -0.708104
vt -1.080425 -0.691504
vt -1.094511 -0.728023
vt -1.100772 -0.714744
vt -3.171270 1.180272
vt -3.248087 1.180272
vt -3.678256 1.180271
vt -3.755073 1.180271
vt -3.463172 1.180272
vt -3.539988 1.180272
vt -3.319782 1.180272
vt -3.831889 1.180272
vt -3.606561 1.180272
vt -3.386356 1.180272
vt -3.970159 1.180272
vt -4.046975 1.180272
vt -3.898463 1.180272
vt -0.718120 -0.791101
vt -0.718120 -0.757902
vt -0.725946 -0.754582
vt -0.727511 -0.797740
vt -0.708729 -0.824299
vt -0.714990 -0.834259
vt -0.691512 -0.840898
vt -0.694642 -0.857497
vt -0.672730 -0.840898
vt -0.671164 -0.857497
vt -0.657078 -0.820979
vt -0.650817 -0.834259
vt -0.647687 -0.791101
vt -0.638295 -0.797740
vt -0.647687 -0.757902
vt -0.638295 -0.751262
vt -0.657078 -0.724704
vt -0.649252 -0.714744
vt -0.672730 -0.708105
vt -0.671164 -0.691505
vt -0.691512 -0.708105
vt -0.694642 -0.691505
vt -0.708729 -0.728024
vt -0.714990 -0.714744
vt -1.378425 2.112545
vt -1.455242 2.112545
vt -1.455241 3.037589
vt -1.378425 3.037588
vt -1.885412 2.112545
vt -1.962228 2.112545
vt -1.962228 3.037589
vt -1.885412 3.037588
vt -1.670327 2.112545
vt -1.747143 2.112545
vt -1.747143 3.037588
vt -1.670326 3.037589
vt -1.526937 2.112545
vt -1.526937 3.037588
vt -2.039045 2.112545
vt -2.039044 3.037589
vt -1.813717 2.112545
vt -1.818838 3.037589
vt -1.593510 2.112545
vt -1.593510 3.037588
vt -2.177313 2.112545
vt -2.254129 2.112545
vt -2.254129 3.037589
vt -2.177313 3.037589
vt -2.105618 2.112545
vt -2.105618 3.037589
vt -0.428783 -0.791101
vt -0.438175 -0.797740
vt -0.436610 -0.754582
vt -0.428783 -0.757902
vt -0.419392 -0.824299
vt -0.425653 -0.834259
vt -0.402175 -0.840898
vt -0.405306 -0.857497
vt -0.383393 -0.840898
vt -0.381828 -0.857497
vt -0.367741 -0.820979
vt -0.361480 -0.834259
vt -0.358350 -0.791101
vt -0.348959 -0.797740
vt -0.358350 -0.757902
vt -0.348959 -0.751262
vt -0.367741 -0.724704
vt -0.359915 -0.714744
vt -0.383393 -0.708105
vt -0.381828 -0.691505
vt -0.402175 -0.708104
vt -0.405306 -0.691505
vt -0.419392 -0.728024
vt -0.425653 -0.714744
vt -1.378425 2.112545
vt -1.455242 2.112545
vt -1.885412 2.112545
vt -1.962228 2.112545
vt -1.670327 2.112545
vt -1.747143 2.112545
vt -1.526937 2.112545
vt -2.039045 2.112545
vt -1.813717 2.112545
vt -1.593510 2.112545
vt -2.177313 2.112545
vt -2.254129 2.112545
vt -2.105618 2.112545
vt -0.332338 -0.791101
vt -0.332338 -0.757902
vt -0.340164 -0.754582
vt -0.341729 -0.797740
vt -0.322947 -0.824299
vt -0.329208 -0.834259
vt -0.305730 -0.840898
vt -0.308860 -0.857497
vt -0.286948 -0.840898
vt -0.285382 -0.857497
vt -0.271296 -0.820979
vt -0.265035 -0.834259
vt -0.261904 -0.791101
vt -0.252513 -0.797740
vt -0.261904 -0.757902
vt -0.252513 -0.751262
vt -0.271296 -0.724704
vt -0.263470 -0.714744
vt -0.286948 -0.708105
vt -0.285382 -0.691505
vt -0.305730 -0.708105
vt -0.308860 -0.691505
vt -0.322947 -0.728024
vt -0.329208 -0.714744
vt 1.331558 0.240768
vt 1.408375 0.240768
vt 1.408375 -0.684275
vt 1.331558 -0.684275
vt 1.838545 0.240768
vt 1.915361 0.240768
vt 1.915361 -0.684275
vt 1.838545 -0.684275
vt 1.623460 0.240768
vt 1.700276 0.240768
vt 1.700276 -0.684275
vt 1.623459 -0.684275
vt 1.480069 0.240768
vt 1.480070 -0.684275
vt 1.992177 0.240768
vt 1.992177 -0.684275
vt 1.766850 0.240768
vt 1.771970 -0.684275
vt 1.546643 0.240768
vt 1.546643 -0.684275
vt 2.130446 0.240768
vt 2.207262 0.240768
vt 2.207262 -0.684275
vt 2.130446 -0.684275
vt 2.058751 0.240768
vt 2.058751 -0.684275
vt -0.235892 -0.791101
vt -0.245284 -0.797740
vt -0.243718 -0.754582
vt -0.235892 -0.757902
vt -0.226501 -0.824299
vt -0.232762 -0.834259
vt -0.209284 -0.840898
vt -0.212415 -0.857497
vt -0.190502 -0.840898
vt -0.188937 -0.857497
vt -0.174850 -0.820979
vt -0.168589 -0.834259
vt -0.165459 -0.791101
vt -0.156068 -0.797740
vt -0.165459 -0.757902
vt -0.156068 -0.751262
vt -0.174850 -0.724704
vt -0.167024 -0.714744
vt -0.190502 -0.708105
vt -0.188937 -0.691505
vt -0.209284 -0.708104
vt -0.212415 -0.691505
vt -0.226501 -0.728024
vt -0.232762 -0.714744
vt 1.331558 0.240768
vt 1.408375 0.240768
vt 1.838545 0.240768
vt 1.915361 0.240768
vt 1.623460 0.240768
vt 1.700276 0.240768
vt 1.480069 0.240768
vt 1.992177 0.240768
vt 1.766850 0.240768
vt 1.546643 0.240768
vt 2.130446 0.240768
vt 2.207262 0.240768
vt 2.058751 0.240768
vt -0.139447 -0.791100
vt -0.139447 -0.757902
vt -0.147273 -0.754582
vt -0.148838 -0.797740
vt -0.130056 -0.824299
vt -0.136316 -0.834259
vt -0.112839 -0.840898
vt -0.115969 -0.857497
vt -0.094056 -0.840898
vt -0.092491 -0.857497
vt -0.078404 -0.820979
vt -0.072144 -0.834259
vt -0.069013 -0.791101
vt -0.059622 -0.797740
vt -0.069013 -0.757902
vt -0.059622 -0.751262
vt -0.078404 -0.724704
vt -0.070579 -0.714744
vt -0.094056 -0.708105
vt -0.092491 -0.691505
vt -0.112839 -0.708105
vt -0.115969 -0.691505
vt -0.130056 -0.728024
vt -0.136316 -0.714744
vt 0.676463 0.044483
vt 0.676463 1.121643
vt 0.613114 1.121643
vt 0.613116 0.044483
vt 0.584660 1.121746
vt 0.584661 0.044586
vt 0.521311 1.121746
vt 0.521315 0.044586
vt 0.492856 1.121848
vt 0.492860 0.044689
vt 0.774022 0.558074
vt 0.755481 0.558074
vt 0.755481 0.513443
vt 0.774022 0.513443
vt 0.724612 0.554935
vt 0.706072 0.554935
vt 0.706072 0.510304
vt 0.724612 0.510304
vt 0.492346 0.044483
vt 0.492346 1.537518
vt 0.413303 1.537518
vt 0.413298 0.044484
vt 0.373863 1.537663
vt 0.373857 0.044628
vt 0.294821 1.537663
vt 0.294822 0.044629
vt 0.255380 1.537808
vt 0.255381 0.044773
vt 0.800029 0.569510
vt 0.774532 0.569510
vt 0.774532 0.513443
vt 0.800029 0.513443
vt 0.750620 0.566372
vt 0.725123 0.566372
vt 0.725123 0.510304
vt 0.750620 0.510304
vt 0.679514 0.045886
vt 0.765283 0.088682
vt 0.765284 0.458511
vt 0.679514 0.503333
vt 0.745238 0.575270
vt 0.745238 0.647522
vt 0.715609 0.647522
vt 0.715609 0.575270
vt 0.880682 0.503333
vt 0.794913 0.458511
vt 0.794913 0.088682
vt 0.880683 0.045886
vt 0.868036 0.511763
vt 0.868036 0.582776
vt 0.838407 0.582776
vt 0.838407 0.511763
vt 0.910311 0.503333
vt 0.910312 0.045886
vt 0.910823 0.045886
vt 0.975998 0.078195
vt 0.975996 0.882833
vt 0.910823 0.916089
vt 0.775378 0.595184
vt 0.775378 0.649592
vt 0.745749 0.649592
vt 0.745749 0.595184
vt 1.070799 0.916090
vt 1.005625 0.882833
vt 1.005628 0.078195
vt 1.070800 0.045887
vt 0.832377 0.512714
vt 0.832377 0.566548
vt 0.802748 0.566548
vt 0.802748 0.512714
vt 1.100428 0.916090
vt 1.100434 0.045887
vt 0.676463 0.044483
vt 0.676463 1.121643
vt 0.613114 1.121643
vt 0.613116 0.044483
vt 0.584660 1.121746
vt 0.584661 0.044586
vt 0.521311 1.121746
vt 0.521315 0.044586
vt 0.492856 1.121848
vt 0.492860 0.044689
vt 0.774022 0.558074
vt 0.755481 0.558074
vt 0.755481 0.513443
vt 0.774022 0.513443
vt 0.724612 0.554935
vt 0.706072 0.554935
vt 0.706072 0.510304
vt 0.724612 0.510304
vt 0.492346 0.044483
vt 0.492346 1.537518
vt 0.413303 1.537518
vt 0.413298 0.044484
vt 0.373863 1.537663
vt 0.373857 0.044628
vt 0.294821 1.537663
vt 0.294822 0.044629
vt 0.255380 1.537808
vt 0.255381 0.044773
vt 0.800029 0.569510
vt 0.774532 0.569510
vt 0.774532 0.513443
vt 0.800029 0.513443
vt 0.750620 0.566372
vt 0.725123 0.566372
vt 0.725123 0.510304
vt 0.750620 0.510304
vt 0.679514 0.045886
vt 0.765283 0.088682
vt 0.765284 0.458511
vt 0.679514 0.503333
vt 0.745238 0.575270
vt 0.745238 0.647522
vt 0.715609 0.647522
vt 0.715609 0.575270
vt 0.880682 0.503333
vt 0.794913 0.458511
vt 0.794913 0.088682
vt 0.880683 0.045886
vt 0.868036 0.511763
vt 0.868036 0.582776
vt 0.838407 0.582776
vt 0.838407 0.511763
vt 0.910311 0.503333
vt 0.910312 0.045886
vt 0.910823 0.045886
vt 0.975998 0.078195
vt 0.975996 0.882833
vt 0.910823 0.916089
vt 0.775378 0.595184
vt 0.775378 0.649592
vt 0.745749 0.649592
vt 0.745749 0.595184
vt 1.070799 0.916090
vt 1.005625 0.882833
vt 1.005628 0.078195
vt 1.070800 0.045887
vt 0.832377 0.512714
vt 0.832377 0.566548
vt 0.802748 0.566548
vt 0.802748 0.512714
vt 1.100428 0.916090
vt 1.100434 0.045887
vt 0.910823 0.044315
vt 0.975998 0.044315
vt 0.975996 0.899461
vt 0.910823 0.899461
vt 1.070799 0.899461
vt 1.005625 0.899461
vt 1.005628 0.044315
vt 1.070800 0.044315
vt 0.832377 0.512714
vt 0.832377 0.566548
vt 0.802748 0.566548
vt 0.802748 0.512714
vt 1.100428 0.899461
vt 1.100434 0.044315
vt 0.395684 0.044315
vt 0.460859 0.044315
vt 0.460856 0.899461
vt 0.395684 0.899461
vt 0.555660 0.899461
vt 0.490485 0.899461
vt 0.490488 0.044315
vt 0.555660 0.044315
vt 0.317237 0.512713
vt 0.317237 0.566548
vt 0.287609 0.566548
vt 0.287609 0.512713
vt 0.585289 0.899461
vt 0.585295 0.044315
vt 0.640007 -0.153112
vt 0.705182 -0.153112
vt 0.705179 1.084760
vt 0.640007 1.084760
vt 0.799983 1.084760
vt 0.734808 1.084760
vt 0.734811 -0.153112
vt 0.799984 -0.153112
vt 0.561561 0.524921
vt 0.561561 0.602850
vt 0.531932 0.602850
vt 0.531932 0.524921
vt 0.829612 1.084760
vt 0.829618 -0.153112
vt 0.640007 0.044315
vt 0.705182 0.044315
vt 0.705179 0.899461
vt 0.640007 0.899461
vt 0.799983 0.899461
vt 0.734808 0.899461
vt 0.734811 0.044315
vt 0.799984 0.044315
vt 0.561561 0.512713
vt 0.561561 0.566548
vt 0.531932 0.566548
vt 0.531932 0.512713
vt 0.829612 0.899461
vt 0.829618 0.044315
vt 0.395684 -0.153112
vt 0.460859 -0.153112
vt 0.460856 1.084760
vt 0.395684 1.084760
vt 0.555660 1.084760
vt 0.490485 1.084760
vt 0.490488 -0.153112
vt 0.555660 -0.153112
vt 0.317237 0.524921
vt 0.317237 0.602850
vt 0.287609 0.602850
vt 0.287609 0.524921
vt 0.585289 1.084760
vt 0.585295 -0.153112
vt 0.676463 0.044483
vt 0.676463 1.121643
vt 0.613114 1.121643
vt 0.613116 0.044483
vt 0.584660 1.121746
vt 0.584661 0.044586
vt 0.521311 1.121746
vt 0.521315 0.044586
vt 0.492856 1.121848
vt 0.492860 0.044689
vt 0.774022 0.558074
vt 0.755481 0.558074
vt 0.755481 0.513443
vt 0.774022 0.513443
vt 0.724612 0.554935
vt 0.706072 0.554935
vt 0.706072 0.510304
vt 0.724612 0.510304
vt 0.679514 0.045886
vt 0.765283 0.088682
vt 0.765284 0.458511
vt 0.679514 0.503333
vt 0.745238 0.575270
vt 0.745238 0.647522
vt 0.715609 0.647522
vt 0.715609 0.575270
vt 0.880682 0.503333
vt 0.794913 0.458511
vt 0.794913 0.088682
vt 0.880683 0.045886
vt 0.868036 0.511763
vt 0.868036 0.582776
vt 0.838407 0.582776
vt 0.838407 0.511763
vt 0.910311 0.503333
vt 0.910312 0.045886
vt 0.910823 0.045886
vt 0.975998 0.078195
vt 0.975996 0.882833
vt 0.910823 0.916089
vt 0.775378 0.595184
vt 0.775378 0.649592
vt 0.745749 0.649592
vt 0.745749 0.595184
vt 1.070799 0.916090
vt 1.005625 0.882833
vt 1.005628 0.078195
vt 1.070800 0.045887
vt 0.832377 0.512714
vt 0.832377 0.566548
vt 0.802748 0.566548
vt 0.802748 0.512714
vt 1.100428 0.916090
vt 1.100434 0.045887
vt 0.910823 0.044315
vt 0.975998 0.044315
vt 0.975996 0.899461
vt 0.910823 0.899461
vt 1.070799 0.899461
vt 1.005625 0.899461
vt 1.005628 0.044315
vt 1.070800 0.044315
vt 0.832377 0.512714
vt 0.832377 0.566548
vt 0.802748 0.566548
vt 0.802748 0.512714
vt 1.100428 0.899461
vt 1.100434 0.044315
vt 0.910823 0.044315
vt 0.975998 0.044315
vt 0.975996 0.899461
vt 0.910823 0.899461
vt 1.070799 0.899461
vt 1.005625 0.899461
vt 1.005628 0.044315
vt 1.070800 0.044315
vt 0.832377 0.512714
vt 0.832377 0.566548
vt 0.802748 0.566548
vt 0.802748 0.512714
vt 1.100428 0.899461
vt 1.100434 0.044315
vt 0.910823 0.044315
vt 0.975998 0.044315
vt 0.975996 0.899461
vt 0.910823 0.899461
vt 1.070799 0.899461
vt 1.005625 0.899461
vt 1.005628 0.044315
vt 1.070800 0.044315
vt 0.832377 0.512714
vt 0.832377 0.566548
vt 0.802748 0.566548
vt 0.802748 0.512714
vt 1.100428 0.899461
vt 1.100434 0.044315
vt 0.910823 0.044315
vt 0.975998 0.044315
vt 0.975996 0.899461
vt 0.910823 0.899461
vt 1.070799 0.899461
vt 1.005625 0.899461
vt 1.005628 0.044315
vt 1.070800 0.044315
vt 0.832377 0.512714
vt 0.832377 0.566548
vt 0.802748 0.566548
vt 0.802748 0.512714
vt 1.100428 0.899461
vt 1.100434 0.044315
vt 0.910823 0.044315
vt 0.975998 0.044315
vt 0.975996 0.899461
vt 0.910823 0.899461
vt 1.070799 0.899461
vt 1.005625 0.899461
vt 1.005628 0.044315
vt 1.070800 0.044315
vt 0.832377 0.512714
vt 0.832377 0.566548
vt 0.802748 0.566548
vt 0.802748 0.512714
vt 1.100428 0.899461
vt 1.100434 0.044315
vt 0.420183 0.045886
vt 0.485359 0.078195
vt 0.485356 0.882833
vt 0.420183 0.916089
vt 0.284738 0.595184
vt 0.284738 0.649592
vt 0.255109 0.649592
vt 0.255109 0.595184
vt 0.580160 0.916090
vt 0.514985 0.882833
vt 0.514988 0.078195
vt 0.580160 0.045887
vt 0.341737 0.512713
vt 0.341737 0.566548
vt 0.312108 0.566548
vt 0.312108 0.512713
vt 0.609788 0.916090
vt 0.609794 0.045887
vt 0.514727 0.049993
vt 0.584416 0.049993
vt 0.584416 0.547814
vt 0.514727 0.547814
vt 0.514627 0.073619
vt 0.514627 0.119662
vt 0.478968 0.119662
vt 0.478968 0.073619
vt 0.689764 0.547814
vt 0.620075 0.547815
vt 0.620074 0.049993
vt 0.689763 0.049993
vt 0.514627 0.073553
vt 0.444938 0.073553
vt 0.444938 0.049993
vt 0.514627 0.049993
vt 0.725423 0.547814
vt 0.725422 0.049993
vt 0.996021 0.049993
vt 1.065710 0.049993
vt 1.065710 0.547815
vt 0.996021 0.547815
vt 0.995921 0.073619
vt 0.995921 0.119663
vt 0.960262 0.119663
vt 0.960262 0.073619
vt 1.171058 0.547815
vt 1.101369 0.547815
vt 1.101368 0.049993
vt 1.171058 0.049993
vt 0.995921 0.073553
vt 0.926232 0.073553
vt 0.926232 0.049993
vt 0.995921 0.049993
vt 1.206717 0.547815
vt 1.206716 0.049993
vt 0.996021 0.049993
vt 1.065710 0.049993
vt 1.065710 0.547815
vt 0.996021 0.547815
vt 0.995921 0.073619
vt 0.995921 0.119663
vt 0.960262 0.119663
vt 0.960262 0.073619
vt 1.171058 0.547815
vt 1.101369 0.547815
vt 1.101368 0.049993
vt 1.171058 0.049993
vt 0.995921 0.073553
vt 0.926232 0.073553
vt 0.926232 0.049993
vt 0.995921 0.049993
vt 1.206717 0.547815
vt 1.206716 0.049993
vt 1.178259 0.049993
vt 1.247948 0.049993
vt 1.247948 0.547815
vt 1.178259 0.547815
vt 1.178159 0.073619
vt 1.178159 0.119663
vt 1.142500 0.119663
vt 1.142500 0.073619
vt 1.353296 0.547814
vt 1.283607 0.547815
vt 1.283606 0.049993
vt 1.353295 0.049993
vt 1.178159 0.073553
vt 1.108470 0.073553
vt 1.108470 0.049993
vt 1.178159 0.049993
vt 1.388955 0.547814
vt 1.388953 0.049993
vt 0.785747 0.049993
vt 0.855436 0.049993
vt 0.855436 0.547814
vt 0.785747 0.547814
vt 0.785647 0.073619
vt 0.785647 0.119662
vt 0.749988 0.119662
vt 0.749988 0.073619
vt 0.960784 0.547815
vt 0.891095 0.547815
vt 0.891094 0.049993
vt 0.960783 0.049993
vt 0.785647 0.073553
vt 0.715958 0.073553
vt 0.715958 0.049993
vt 0.785647 0.049993
vt 0.996443 0.547815
vt 0.996442 0.049993
vt 0.341835 0.049993
vt 0.411524 0.049993
vt 0.411524 0.547814
vt 0.341835 0.547814
vt 0.341735 0.073619
vt 0.341735 0.119662
vt 0.306076 0.119662
vt 0.306076 0.073619
vt 0.516872 0.547814
vt 0.447183 0.547815
vt 0.447182 0.049993
vt 0.516871 0.049993
vt 0.341735 0.073553
vt 0.272046 0.073553
vt 0.272046 0.049993
vt 0.341735 0.049993
vt 0.552531 0.547814
vt 0.552530 0.049993
vt 0.430617 0.049993
vt 0.500306 0.049993
vt 0.500306 0.547814
vt 0.430617 0.547814
vt 0.430517 0.073619
vt 0.430517 0.119663
vt 0.394858 0.119662
vt 0.394858 0.073619
vt 0.605655 0.547814
vt 0.535965 0.547815
vt 0.535964 0.049993
vt 0.605654 0.049993
vt 0.430517 0.073553
vt 0.360828 0.073553
vt 0.360828 0.049993
vt 0.430517 0.049993
vt 0.641314 0.547814
vt 0.641312 0.049993
vt 0.430617 0.049993
vt 0.500306 0.049993
vt 0.500306 0.547814
vt 0.430617 0.547814
vt 0.430517 0.073619
vt 0.430517 0.119663
vt 0.394858 0.119662
vt 0.394858 0.073619
vt 0.605655 0.547814
vt 0.535965 0.547815
vt 0.535964 0.049993
vt 0.605654 0.049993
vt 0.430517 0.073553
vt 0.360828 0.073553
vt 0.360828 0.049993
vt 0.430517 0.049993
vt 0.641314 0.547814
vt 0.641312 0.049993
vt 1.178259 0.049993
vt 1.247948 0.049993
vt 1.247948 0.547815
vt 1.178259 0.547815
vt 1.178159 0.073619
vt 1.178159 0.119663
vt 1.142500 0.119663
vt 1.142500 0.073619
vt 1.353296 0.547814
vt 1.283607 0.547815
vt 1.283606 0.049993
vt 1.353295 0.049993
vt 1.178159 0.073553
vt 1.108470 0.073553
vt 1.108470 0.049993
vt 1.178159 0.049993
vt 1.388955 0.547814
vt 1.388953 0.049993
vt 0.341835 0.049993
vt 0.411524 0.049993
vt 0.411524 0.547814
vt 0.341835 0.547814
vt 0.341735 0.073619
vt 0.341735 0.119662
vt 0.306076 0.119662
vt 0.306076 0.073619
vt 0.516872 0.547814
vt 0.447183 0.547815
vt 0.447182 0.049993
vt 0.516871 0.049993
vt 0.341735 0.073553
vt 0.272046 0.073553
vt 0.272046 0.049993
vt 0.341735 0.049993
vt 0.552531 0.547814
vt 0.552530 0.049993
vt 1.178259 -0.100951
vt 1.247948 -0.100951
vt 1.247948 0.824602
vt 1.178259 0.824602
vt 1.178159 -0.057026
vt 1.178159 0.028579
vt 1.142500 0.028579
vt 1.142500 -0.057026
vt 1.353296 0.824602
vt 1.283607 0.824602
vt 1.283606 -0.100951
vt 1.353295 -0.100951
vt 1.178159 -0.057148
vt 1.108470 -0.057148
vt 1.108470 -0.100951
vt 1.178159 -0.100951
vt 1.388955 0.824602
vt 1.388953 -0.100951
vt 0.341835 -0.100951
vt 0.411524 -0.100951
vt 0.411524 0.824602
vt 0.341835 0.824602
vt 0.341735 -0.057026
vt 0.341735 0.028579
vt 0.306076 0.028579
vt 0.306076 -0.057026
vt 0.516872 0.824602
vt 0.447183 0.824602
vt 0.447182 -0.100951
vt 0.516871 -0.100951
vt 0.341735 -0.057148
vt 0.272046 -0.057148
vt 0.272046 -0.100951
vt 0.341735 -0.100951
vt 0.552531 0.824602
vt 0.552530 -0.100951
vt 1.178259 -0.098666
vt 1.247948 -0.098666
vt 1.247948 0.820413
vt 1.178259 0.820413
vt 1.178159 -0.055048
vt 1.178159 0.029957
vt 1.142500 0.029957
vt 1.142500 -0.055048
vt 1.353296 0.820413
vt 1.283607 0.820413
vt 1.283606 -0.098666
vt 1.353295 -0.098666
vt 1.178159 -0.055170
vt 1.108470 -0.055170
vt 1.108470 -0.098666
vt 1.178159 -0.098666
vt 1.388955 0.820412
vt 1.388953 -0.098666
vt 0.692410 -0.062218
vt 0.762099 -0.062218
vt 0.762099 0.753577
vt 0.692410 0.753577
vt 0.692310 -0.023502
vt 0.692310 0.051951
vt 0.656651 0.051951
vt 0.656651 -0.023502
vt 0.867447 0.753577
vt 0.797758 0.753577
vt 0.797757 -0.062218
vt 0.867446 -0.062218
vt 0.692310 -0.023609
vt 0.622621 -0.023609
vt 0.622621 -0.062218
vt 0.692310 -0.062218
vt 0.903106 0.753577
vt 0.903104 -0.062218
vt 0.910823 0.318131
vt 0.975998 0.331657
vt 0.975996 0.668504
vt 0.910823 0.682427
vt 0.775378 0.548085
vt 0.775378 0.570862
vt 0.745749 0.570862
vt 0.745749 0.548085
vt 1.070799 0.682427
vt 1.005625 0.668504
vt 1.005628 0.331657
vt 1.070800 0.318132
vt 0.832377 0.513561
vt 0.832377 0.536097
vt 0.802748 0.536097
vt 0.802748 0.513561
vt 1.100428 0.682427
vt 1.100434 0.318132
vt 0.106020 0.082894
vt 0.171195 0.096420
vt 0.171192 0.433267
vt 0.106020 0.447189
vt -0.029426 0.312848
vt -0.029426 0.335626
vt -0.059055 0.335626
vt -0.059055 0.312848
vt 0.265996 0.447190
vt 0.200821 0.433267
vt 0.200824 0.096420
vt 0.265996 0.082895
vt 0.027573 0.278324
vt 0.027573 0.300861
vt -0.002055 0.300861
vt -0.002055 0.278324
vt 0.295625 0.447190
vt 0.295631 0.082895
vt 0.910823 0.318131
vt 0.975998 0.331657
vt 0.975996 0.668504
vt 0.910823 0.682427
vt 0.775378 0.548085
vt 0.775378 0.570862
vt 0.745749 0.570862
vt 0.745749 0.548085
vt 1.070799 0.682427
vt 1.005625 0.668504
vt 1.005628 0.331657
vt 1.070800 0.318132
vt 0.832377 0.513561
vt 0.832377 0.536097
vt 0.802748 0.536097
vt 0.802748 0.513561
vt 1.100428 0.682427
vt 1.100434 0.318132
vt 0.614121 -0.154793
vt 0.679296 -0.141267
vt 0.679294 0.195580
vt 0.614121 0.209502
vt 0.478676 0.075161
vt 0.478676 0.097938
vt 0.449047 0.097938
vt 0.449047 0.075161
vt 0.774098 0.209503
vt 0.708923 0.195580
vt 0.708926 -0.141267
vt 0.774098 -0.154792
vt 0.535675 0.040636
vt 0.535675 0.063173
vt 0.506046 0.063173
vt 0.506046 0.040636
vt 0.803726 0.209503
vt 0.803732 -0.154792
vt 0.106020 0.082894
vt 0.171195 0.096420
vt 0.171192 0.433267
vt 0.106020 0.447189
vt -0.029426 0.312848
vt -0.029426 0.335626
vt -0.059055 0.335626
vt -0.059055 0.312848
vt 0.265996 0.447190
vt 0.200821 0.433267
vt 0.200824 0.096420
vt 0.265996 0.082895
vt 0.027573 0.278324
vt 0.027573 0.300861
vt -0.002055 0.300861
vt -0.002055 0.278324
vt 0.295625 0.447190
vt 0.295631 0.082895
vt 0.106020 0.082894
vt 0.171195 0.096420
vt 0.171192 0.433267
vt 0.106020 0.447189
vt -0.029426 0.312848
vt -0.029426 0.335626
vt -0.059055 0.335626
vt -0.059055 0.312848
vt 0.265996 0.447190
vt 0.200821 0.433267
vt 0.200824 0.096420
vt 0.265996 0.082895
vt 0.027573 0.278324
vt 0.027573 0.300861
vt -0.002055 0.300861
vt -0.002055 0.278324
vt 0.295625 0.447190
vt 0.295631 0.082895
vt 0.106020 0.082894
vt 0.171195 0.096420
vt 0.171192 0.433267
vt 0.106020 0.447189
vt -0.029426 0.312848
vt -0.029426 0.335626
vt -0.059055 0.335626
vt -0.059055 0.312848
vt 0.265996 0.447190
vt 0.200821 0.433267
vt 0.200824 0.096420
vt 0.265996 0.082895
vt 0.027573 0.278324
vt 0.027573 0.300861
vt -0.002055 0.300861
vt -0.002055 0.278324
vt 0.295625 0.447190
vt 0.295631 0.082895
vt 0.910823 0.693040
vt 0.975998 0.706566
vt 0.975996 1.043414
vt 0.910823 1.057335
vt 0.775378 0.922994
vt 0.775378 0.945772
vt 0.745749 0.945772
vt 0.745749 0.922994
vt 1.070799 1.057336
vt 1.005625 1.043414
vt 1.005628 0.706566
vt 1.070800 0.693041
vt 0.832377 0.888470
vt 0.832377 0.911007
vt 0.802748 0.911007
vt 0.802748 0.888470
vt 1.100428 1.057336
vt 1.100434 0.693041
vt 0.614121 -0.154793
vt 0.679296 -0.141267
vt 0.679294 0.195580
vt 0.614121 0.209502
vt 0.478676 0.075161
vt 0.478676 0.097938
vt 0.449047 0.097938
vt 0.449047 0.075161
vt 0.774098 0.209503
vt 0.708923 0.195580
vt 0.708926 -0.141267
vt 0.774098 -0.154792
vt 0.535675 0.040636
vt 0.535675 0.063173
vt 0.506046 0.063173
vt 0.506046 0.040636
vt 0.803726 0.209503
vt 0.803732 -0.154792
vt 0.106020 0.457803
vt 0.171195 0.471329
vt 0.171192 0.808176
vt 0.106020 0.822098
vt -0.029426 0.687757
vt -0.029426 0.710534
vt -0.059055 0.710534
vt -0.059055 0.687757
vt 0.265996 0.822099
vt 0.200821 0.808176
vt 0.200824 0.471329
vt 0.265996 0.457804
vt 0.027573 0.653233
vt 0.027573 0.675769
vt -0.002055 0.675769
vt -0.002055 0.653233
vt 0.295625 0.822099
vt 0.295631 0.457804
vt 0.910823 0.318131
vt 0.975998 0.331657
vt 0.975996 0.668504
vt 0.910823 0.682427
vt 0.775378 0.548085
vt 0.775378 0.570862
vt 0.745749 0.570862
vt 0.745749 0.548085
vt 1.070799 0.682427
vt 1.005625 0.668504
vt 1.005628 0.331657
vt 1.070800 0.318132
vt 0.832377 0.513561
vt 0.832377 0.536097
vt 0.802748 0.536097
vt 0.802748 0.513561
vt 1.100428 0.682427
vt 1.100434 0.318132
vt 0.614121 -0.154793
vt 0.679296 -0.141267
vt 0.679294 0.195580
vt 0.614121 0.209502
vt 0.478676 0.075161
vt 0.478676 0.097938
vt 0.449047 0.097938
vt 0.449047 0.075161
vt 0.774098 0.209503
vt 0.708923 0.195580
vt 0.708926 -0.141267
vt 0.774098 -0.154792
vt 0.535675 0.040636
vt 0.535675 0.063173
vt 0.506046 0.063173
vt 0.506046 0.040636
vt 0.803726 0.209503
vt 0.803732 -0.154792
vt 0.676463 0.044483
vt 0.613116 0.044483
vt 0.613114 1.121643
vt 0.676463 1.121643
vt 0.584661 0.044586
vt 0.584660 1.121746
vt 0.521315 0.044586
vt 0.521311 1.121746
vt 0.492860 0.044689
vt 0.492856 1.121848
vt 0.774022 0.558074
vt 0.774022 0.513443
vt 0.755481 0.513443
vt 0.755481 0.558074
vt 0.724612 0.554935
vt 0.724612 0.510304
vt 0.706072 0.510304
vt 0.706072 0.554935
vt 0.492346 0.044483
vt 0.413298 0.044484
vt 0.413303 1.537518
vt 0.492346 1.537518
vt 0.373857 0.044628
vt 0.373863 1.537663
vt 0.294822 0.044629
vt 0.294821 1.537663
vt 0.255381 0.044773
vt 0.255380 1.537808
vt 0.800029 0.569510
vt 0.800029 0.513443
vt 0.774532 0.513443
vt 0.774532 0.569510
vt 0.750620 0.566372
vt 0.750620 0.510304
vt 0.725123 0.510304
vt 0.725123 0.566372
vt 0.679514 0.045886
vt 0.679514 0.503333
vt 0.765284 0.458511
vt 0.765283 0.088682
vt 0.745238 0.575270
vt 0.715609 0.575270
vt 0.715609 0.647522
vt 0.745238 0.647522
vt 0.880682 0.503333
vt 0.880683 0.045886
vt 0.794913 0.088682
vt 0.794913 0.458511
vt 0.868036 0.511763
vt 0.838407 0.511763
vt 0.838407 0.582776
vt 0.868036 0.582776
vt 0.910311 0.503333
vt 0.910312 0.045886
vt 0.910823 0.045886
vt 0.910823 0.916089
vt 0.975996 0.882833
vt 0.975998 0.078195
vt 0.775378 0.595184
vt 0.745749 0.595184
vt 0.745749 0.649592
vt 0.775378 0.649592
vt 1.070799 0.916090
vt 1.070800 0.045887
vt 1.005628 0.078195
vt 1.005625 0.882833
vt 0.832377 0.512714
vt 0.802748 0.512714
vt 0.802748 0.566548
vt 0.832377 0.566548
vt 1.100428 0.916090
vt 1.100434 0.045887
vt 0.676463 0.044483
vt 0.613116 0.044483
vt 0.613114 1.121643
vt 0.676463 1.121643
vt 0.584661 0.044586
vt 0.584660 1.121746
vt 0.521315 0.044586
vt 0.521311 1.121746
vt 0.492860 0.044689
vt 0.492856 1.121848
vt 0.774022 0.558074
vt 0.774022 0.513443
vt 0.755481 0.513443
vt 0.755481 0.558074
vt 0.724612 0.554935
vt 0.724612 0.510304
vt 0.706072 0.510304
vt 0.706072 0.554935
vt 0.492346 0.044483
vt 0.413298 0.044484
vt 0.413303 1.537518
vt 0.492346 1.537518
vt 0.373857 0.044628
vt 0.373863 1.537663
vt 0.294822 0.044629
vt 0.294821 1.537663
vt 0.255381 0.044773
vt 0.255380 1.537808
vt 0.800029 0.569510
vt 0.800029 0.513443
vt 0.774532 0.513443
vt 0.774532 0.569510
vt 0.750620 0.566372
vt 0.750620 0.510304
vt 0.725123 0.510304
vt 0.725123 0.566372
vt 0.679514 0.045886
vt 0.679514 0.503333
vt 0.765284 0.458511
vt 0.765283 0.088682
vt 0.745238 0.575270
vt 0.715609 0.575270
vt 0.715609 0.647522
vt 0.745238 0.647522
vt 0.880682 0.503333
vt 0.880683 0.045886
vt 0.794913 0.088682
vt 0.794913 0.458511
vt 0.868036 0.511763
vt 0.838407 0.511763
vt 0.838407 0.582776
vt 0.868036 0.582776
vt 0.910311 0.503333
vt 0.910312 0.045886
vt 0.910823 0.045886
vt 0.910823 0.916089
vt 0.975996 0.882833
vt 0.975998 0.078195
vt 0.775378 0.595184
vt 0.745749 0.595184
vt 0.745749 0.649592
vt 0.775378 0.649592
vt 1.070799 0.916090
vt 1.070800 0.045887
vt 1.005628 0.078195
vt 1.005625 0.882833
vt 0.832377 0.512714
vt 0.802748 0.512714
vt 0.802748 0.566548
vt 0.832377 0.566548
vt 1.100428 0.916090
vt 1.100434 0.045887
vt 0.910823 0.044315
vt 0.975998 0.044315
vt 1.070800 0.044315
vt 1.005628 0.044315
vt 0.832377 0.512714
vt 0.802748 0.512714
vt 0.802748 0.566548
vt 0.832377 0.566548
vt 1.100434 0.044315
vt 0.395684 0.044315
vt 0.460859 0.044315
vt 0.555660 0.044315
vt 0.490488 0.044315
vt 0.317237 0.512713
vt 0.287609 0.512713
vt 0.287609 0.566548
vt 0.317237 0.566548
vt 0.585295 0.044315
vt 0.640007 -0.153112
vt 0.705182 -0.153112
vt 0.799984 -0.153112
vt 0.734811 -0.153112
vt 0.561561 0.524921
vt 0.531932 0.524921
vt 0.531932 0.602850
vt 0.561561 0.602850
vt 0.829618 -0.153112
vt 0.640007 0.044315
vt 0.705182 0.044315
vt 0.799984 0.044315
vt 0.734811 0.044315
vt 0.561561 0.512713
vt 0.531932 0.512713
vt 0.531932 0.566548
vt 0.561561 0.566548
vt 0.829618 0.044315
vt 0.395684 -0.153112
vt 0.460859 -0.153112
vt 0.555660 -0.153112
vt 0.490488 -0.153112
vt 0.317237 0.524921
vt 0.287609 0.524921
vt 0.287609 0.602850
vt 0.317237 0.602850
vt 0.585295 -0.153112
vt 0.676463 0.044483
vt 0.613116 0.044483
vt 0.613114 1.121643
vt 0.676463 1.121643
vt 0.584661 0.044586
vt 0.584660 1.121746
vt 0.521315 0.044586
vt 0.521311 1.121746
vt 0.492860 0.044689
vt 0.492856 1.121848
vt 0.774022 0.558074
vt 0.774022 0.513443
vt 0.755481 0.513443
vt 0.755481 0.558074
vt 0.724612 0.554935
vt 0.724612 0.510304
vt 0.706072 0.510304
vt 0.706072 0.554935
vt 0.679514 0.045886
vt 0.679514 0.503333
vt 0.765284 0.458511
vt 0.765283 0.088682
vt 0.745238 0.575270
vt 0.715609 0.575270
vt 0.715609 0.647522
vt 0.745238 0.647522
vt 0.880682 0.503333
vt 0.880683 0.045886
vt 0.794913 0.088682
vt 0.794913 0.458511
vt 0.868036 0.511763
vt 0.838407 0.511763
vt 0.838407 0.582776
vt 0.868036 0.582776
vt 0.910311 0.503333
vt 0.910312 0.045886
vt 0.910823 0.045886
vt 0.910823 0.916089
vt 0.975996 0.882833
vt 0.975998 0.078195
vt 0.775378 0.595184
vt 0.745749 0.595184
vt 0.745749 0.649592
vt 0.775378 0.649592
vt 1.070799 0.916090
vt 1.070800 0.045887
vt 1.005628 0.078195
vt 1.005625 0.882833
vt 0.832377 0.512714
vt 0.802748 0.512714
vt 0.802748 0.566548
vt 0.832377 0.566548
vt 1.100428 0.916090
vt 1.100434 0.045887
vt 0.910823 0.044315
vt 0.975998 0.044315
vt 1.070800 0.044315
vt 1.005628 0.044315
vt 0.832377 0.512714
vt 0.802748 0.512714
vt 0.802748 0.566548
vt 0.832377 0.566548
vt 1.100434 0.044315
vt 0.910823 0.044315
vt 0.975998 0.044315
vt 1.070800 0.044315
vt 1.005628 0.044315
vt 0.832377 0.512714
vt 0.802748 0.512714
vt 0.802748 0.566548
vt 0.832377 0.566548
vt 1.100434 0.044315
vt 0.910823 0.044315
vt 0.975998 0.044315
vt 1.070800 0.044315
vt 1.005628 0.044315
vt 0.832377 0.512714
vt 0.802748 0.512714
vt 0.802748 0.566548
vt 0.832377 0.566548
vt 1.100434 0.044315
vt 0.910823 0.044315
vt 0.975998 0.044315
vt 1.070800 0.044315
vt 1.005628 0.044315
vt 0.832377 0.512714
vt 0.802748 0.512714
vt 0.802748 0.566548
vt 0.832377 0.566548
vt 1.100434 0.044315
vt 0.910823 0.044315
vt 0.975998 0.044315
vt 1.070800 0.044315
vt 1.005628 0.044315
vt 0.832377 0.512714
vt 0.802748 0.512714
vt 0.802748 0.566548
vt 0.832377 0.566548
vt 1.100434 0.044315
vt 0.420183 0.045886
vt 0.420183 0.916089
vt 0.485356 0.882833
vt 0.485359 0.078195
vt 0.284738 0.595184
vt 0.255109 0.595184
vt 0.255109 0.649592
vt 0.284738 0.649592
vt 0.580160 0.916090
vt 0.580160 0.045887
vt 0.514988 0.078195
vt 0.514985 0.882833
vt 0.341737 0.512713
vt 0.312108 0.512713
vt 0.312108 0.566548
vt 0.341737 0.566548
vt 0.609788 0.916090
vt 0.609794 0.045887
vt 0.514727 0.049993
vt 0.514727 0.547814
vt 0.584416 0.547814
vt 0.584416 0.049993
vt 0.514627 0.073619
vt 0.478968 0.073619
vt 0.478968 0.119662
vt 0.514627 0.119662
vt 0.689764 0.547814
vt 0.689763 0.049993
vt 0.620074 0.049993
vt 0.620075 0.547815
vt 0.514627 0.073553
vt 0.514627 0.049993
vt 0.444938 0.049993
vt 0.444938 0.073553
vt 0.725423 0.547814
vt 0.725422 0.049993
vt 0.996021 0.049993
vt 0.996021 0.547815
vt 1.065710 0.547815
vt 1.065710 0.049993
vt 0.995921 0.073619
vt 0.960262 0.073619
vt 0.960262 0.119663
vt 0.995921 0.119663
vt 1.171058 0.547815
vt 1.171058 0.049993
vt 1.101368 0.049993
vt 1.101369 0.547815
vt 0.995921 0.073553
vt 0.995921 0.049993
vt 0.926232 0.049993
vt 0.926232 0.073553
vt 1.206717 0.547815
vt 1.206716 0.049993
vt 0.996021 0.049993
vt 0.996021 0.547815
vt 1.065710 0.547815
vt 1.065710 0.049993
vt 0.995921 0.073619
vt 0.960262 0.073619
vt 0.960262 0.119663
vt 0.995921 0.119663
vt 1.171058 0.547815
vt 1.171058 0.049993
vt 1.101368 0.049993
vt 1.101369 0.547815
vt 0.995921 0.073553
vt 0.995921 0.049993
vt 0.926232 0.049993
vt 0.926232 0.073553
vt 1.206717 0.547815
vt 1.206716 0.049993
vt 1.178259 0.049993
vt 1.178259 0.547815
vt 1.247948 0.547815
vt 1.247948 0.049993
vt 1.178159 0.073619
vt 1.142500 0.073619
vt 1.142500 0.119663
vt 1.178159 0.119663
vt 1.353296 0.547814
vt 1.353295 0.049993
vt 1.283606 0.049993
vt 1.283607 0.547815
vt 1.178159 0.073553
vt 1.178159 0.049993
vt 1.108470 0.049993
vt 1.108470 0.073553
vt 1.388955 0.547814
vt 1.388953 0.049993
vt 0.785747 0.049993
vt 0.785747 0.547814
vt 0.855436 0.547814
vt 0.855436 0.049993
vt 0.785647 0.073619
vt 0.749988 0.073619
vt 0.749988 0.119662
vt 0.785647 0.119662
vt 0.960784 0.547815
vt 0.960783 0.049993
vt 0.891094 0.049993
vt 0.891095 0.547815
vt 0.785647 0.073553
vt 0.785647 0.049993
vt 0.715958 0.049993
vt 0.715958 0.073553
vt 0.996443 0.547815
vt 0.996442 0.049993
vt 0.341835 0.049993
vt 0.341835 0.547814
vt 0.411524 0.547814
vt 0.411524 0.049993
vt 0.341735 0.073619
vt 0.306076 0.073619
vt 0.306076 0.119662
vt 0.341735 0.119662
vt 0.516872 0.547814
vt 0.516871 0.049993
vt 0.447182 0.049993
vt 0.447183 0.547815
vt 0.341735 0.073553
vt 0.341735 0.049993
vt 0.272046 0.049993
vt 0.272046 0.073553
vt 0.552531 0.547814
vt 0.552530 0.049993
vt 0.430617 0.049993
vt 0.430617 0.547814
vt 0.500306 0.547814
vt 0.500306 0.049993
vt 0.430517 0.073619
vt 0.394858 0.073619
vt 0.394858 0.119662
vt 0.430517 0.119663
vt 0.605655 0.547814
vt 0.605654 0.049993
vt 0.535964 0.049993
vt 0.535965 0.547815
vt 0.430517 0.073553
vt 0.430517 0.049993
vt 0.360828 0.049993
vt 0.360828 0.073553
vt 0.641314 0.547814
vt 0.641312 0.049993
vt 0.430617 0.049993
vt 0.430617 0.547814
vt 0.500306 0.547814
vt 0.500306 0.049993
vt 0.430517 0.073619
vt 0.394858 0.073619
vt 0.394858 0.119662
vt 0.430517 0.119663
vt 0.605655 0.547814
vt 0.605654 0.049993
vt 0.535964 0.049993
vt 0.535965 0.547815
vt 0.430517 0.073553
vt 0.430517 0.049993
vt 0.360828 0.049993
vt 0.360828 0.073553
vt 0.641314 0.547814
vt 0.641312 0.049993
vt 1.178259 0.049993
vt 1.178259 0.547815
vt 1.247948 0.547815
vt 1.247948 0.049993
vt 1.178159 0.073619
vt 1.142500 0.073619
vt 1.142500 0.119663
vt 1.178159 0.119663
vt 1.353296 0.547814
vt 1.353295 0.049993
vt 1.283606 0.049993
vt 1.283607 0.547815
vt 1.178159 0.073553
vt 1.178159 0.049993
vt 1.108470 0.049993
vt 1.108470 0.073553
vt 1.388955 0.547814
vt 1.388953 0.049993
vt 0.341835 0.049993
vt 0.341835 0.547814
vt 0.411524 0.547814
vt 0.411524 0.049993
vt 0.341735 0.073619
vt 0.306076 0.073619
vt 0.306076 0.119662
vt 0.341735 0.119662
vt 0.516872 0.547814
vt 0.516871 0.049993
vt 0.447182 0.049993
vt 0.447183 0.547815
vt 0.341735 0.073553
vt 0.341735 0.049993
vt 0.272046 0.049993
vt 0.272046 0.073553
vt 0.552531 0.547814
vt 0.552530 0.049993
vt 1.178259 -0.100951
vt 1.178259 0.824602
vt 1.247948 0.824602
vt 1.178159 -0.057026
vt 1.142500 -0.057026
vt 1.142500 0.028579
vt 1.178159 0.028579
vt 1.353296 0.824602
vt 1.353295 -0.100951
vt 1.283607 0.824602
vt 1.178159 -0.057148
vt 1.178159 -0.100951
vt 1.388955 0.824602
vt 1.388953 -0.100951
vt 0.341835 -0.100951
vt 0.341835 0.824602
vt 0.411524 0.824602
vt 0.341735 -0.057026
vt 0.306076 -0.057026
vt 0.306076 0.028579
vt 0.341735 0.028579
vt 0.516872 0.824602
vt 0.516871 -0.100951
vt 0.447183 0.824602
vt 0.341735 -0.057148
vt 0.341735 -0.100951
vt 0.552531 0.824602
vt 0.552530 -0.100951
vt 1.178259 -0.098666
vt 1.178259 0.820413
vt 1.247948 0.820413
vt 1.247948 -0.098666
vt 1.178159 -0.055048
vt 1.142500 -0.055048
vt 1.142500 0.029957
vt 1.178159 0.029957
vt 1.353296 0.820413
vt 1.353295 -0.098666
vt 1.283606 -0.098666
vt 1.283607 0.820413
vt 1.178159 -0.055170
vt 1.178159 -0.098666
vt 1.108470 -0.098666
vt 1.108470 -0.055170
vt 1.388955 0.820412
vt 1.388953 -0.098666
vt 0.910823 0.318131
vt 0.910823 0.682427
vt 0.975996 0.668504
vt 0.975998 0.331657
vt 0.775378 0.548085
vt 0.745749 0.548085
vt 0.745749 0.570862
vt 0.775378 0.570862
vt 1.070799 0.682427
vt 1.070800 0.318132
vt 1.005628 0.331657
vt 1.005625 0.668504
vt 0.832377 0.513561
vt 0.802748 0.513561
vt 0.802748 0.536097
vt 0.832377 0.536097
vt 1.100428 0.682427
vt 1.100434 0.318132
vt 0.106020 0.082894
vt 0.106020 0.447189
vt 0.171192 0.433267
vt 0.171195 0.096420
vt -0.029426 0.312848
vt -0.059055 0.312848
vt -0.059055 0.335626
vt -0.029426 0.335626
vt 0.265996 0.447190
vt 0.265996 0.082895
vt 0.200824 0.096420
vt 0.200821 0.433267
vt 0.027573 0.278324
vt -0.002055 0.278324
vt -0.002055 0.300861
vt 0.027573 0.300861
vt 0.295625 0.447190
vt 0.295631 0.082895
vt 0.910823 0.318131
vt 0.910823 0.682427
vt 0.975996 0.668504
vt 0.975998 0.331657
vt 0.775378 0.548085
vt 0.745749 0.548085
vt 0.745749 0.570862
vt 0.775378 0.570862
vt 1.070799 0.682427
vt 1.070800 0.318132
vt 1.005628 0.331657
vt 1.005625 0.668504
vt 0.832377 0.513561
vt 0.802748 0.513561
vt 0.802748 0.536097
vt 0.832377 0.536097
vt 1.100428 0.682427
vt 1.100434 0.318132
vt 0.614121 -0.154793
vt 0.614121 0.209502
vt 0.679294 0.195580
vt 0.679296 -0.141267
vt 0.478676 0.075161
vt 0.449047 0.075161
vt 0.449047 0.097938
vt 0.478676 0.097938
vt 0.774098 0.209503
vt 0.774098 -0.154792
vt 0.708926 -0.141267
vt 0.708923 0.195580
vt 0.535675 0.040636
vt 0.506046 0.040636
vt 0.506046 0.063173
vt 0.535675 0.063173
vt 0.803726 0.209503
vt 0.803732 -0.154792
vt 0.106020 0.082894
vt 0.106020 0.447189
vt 0.171192 0.433267
vt 0.171195 0.096420
vt -0.029426 0.312848
vt -0.059055 0.312848
vt -0.059055 0.335626
vt -0.029426 0.335626
vt 0.265996 0.447190
vt 0.265996 0.082895
vt 0.200824 0.096420
vt 0.200821 0.433267
vt 0.027573 0.278324
vt -0.002055 0.278324
vt -0.002055 0.300861
vt 0.027573 0.300861
vt 0.295625 0.447190
vt 0.295631 0.082895
vt 0.106020 0.082894
vt 0.106020 0.447189
vt 0.171192 0.433267
vt 0.171195 0.096420
vt -0.029426 0.312848
vt -0.059055 0.312848
vt -0.059055 0.335626
vt -0.029426 0.335626
vt 0.265996 0.447190
vt 0.265996 0.082895
vt 0.200824 0.096420
vt 0.200821 0.433267
vt 0.027573 0.278324
vt -0.002055 0.278324
vt -0.002055 0.300861
vt 0.027573 0.300861
vt 0.295625 0.447190
vt 0.295631 0.082895
vt 0.910823 0.693040
vt 0.910823 1.057335
vt 0.975996 1.043414
vt 0.975998 0.706566
vt 0.775378 0.922994
vt 0.745749 0.922994
vt 0.745749 0.945772
vt 0.775378 0.945772
vt 1.070799 1.057336
vt 1.070800 0.693041
vt 1.005628 0.706566
vt 1.005625 1.043414
vt 0.832377 0.888470
vt 0.802748 0.888470
vt 0.802748 0.911007
vt 0.832377 0.911007
vt 1.100428 1.057336
vt 1.100434 0.693041
vt 0.614121 -0.154793
vt 0.614121 0.209502
vt 0.679294 0.195580
vt 0.679296 -0.141267
vt 0.478676 0.075161
vt 0.449047 0.075161
vt 0.449047 0.097938
vt 0.478676 0.097938
vt 0.774098 0.209503
vt 0.774098 -0.154792
vt 0.708926 -0.141267
vt 0.708923 0.195580
vt 0.535675 0.040636
vt 0.506046 0.040636
vt 0.506046 0.063173
vt 0.535675 0.063173
vt 0.803726 0.209503
vt 0.803732 -0.154792
vt 0.106020 0.457803
vt 0.106020 0.822098
vt 0.171192 0.808176
vt 0.171195 0.471329
vt -0.029426 0.687757
vt -0.059055 0.687757
vt -0.059055 0.710534
vt -0.029426 0.710534
vt 0.265996 0.822099
vt 0.265996 0.457804
vt 0.200824 0.471329
vt 0.200821 0.808176
vt 0.027573 0.653233
vt -0.002055 0.653233
vt -0.002055 0.675769
vt 0.027573 0.675769
vt 0.295625 0.822099
vt 0.295631 0.457804
vt 0.640007 -0.153112
vt 0.705182 -0.153112
vt 0.705179 1.084760
vt 0.640007 1.084760
vt 0.799983 1.084760
vt 0.734808 1.084760
vt 0.734811 -0.153112
vt 0.799984 -0.153112
vt 0.561561 0.524921
vt 0.561561 0.602850
vt 0.531932 0.602850
vt 0.531932 0.524921
vt 0.829612 1.084760
vt 0.829618 -0.153112
vt 0.395684 -0.153112
vt 0.460859 -0.153112
vt 0.460856 1.084760
vt 0.395684 1.084760
vt 0.555660 1.084760
vt 0.490485 1.084760
vt 0.490488 -0.153112
vt 0.555660 -0.153112
vt 0.317237 0.524921
vt 0.317237 0.602850
vt 0.287609 0.602850
vt 0.287609 0.524921
vt 0.585289 1.084760
vt 0.585295 -0.153112
vt 0.640007 -0.153112
vt 0.705182 -0.153112
vt 0.799984 -0.153112
vt 0.734811 -0.153112
vt 0.561561 0.524921
vt 0.531932 0.524921
vt 0.531932 0.602850
vt 0.561561 0.602850
vt 0.829618 -0.153112
vt 0.395684 -0.153112
vt 0.460859 -0.153112
vt 0.555660 -0.153112
vt 0.490488 -0.153112
vt 0.317237 0.524921
vt 0.287609 0.524921
vt 0.287609 0.602850
vt 0.317237 0.602850
vt 0.585295 -0.153112
vt 0.420183 0.045886
vt 0.420183 0.916089
vt 0.485356 0.882833
vt 0.485359 0.078195
vt 0.284738 0.595184
vt 0.255109 0.595184
vt 0.255109 0.649592
vt 0.284738 0.649592
vt 0.580160 0.916090
vt 0.580160 0.045887
vt 0.514988 0.078195
vt 0.514985 0.882833
vt 0.341737 0.512713
vt 0.312108 0.512713
vt 0.312108 0.566548
vt 0.341737 0.566548
vt 0.609788 0.916090
vt 0.609794 0.045887
vt 0.640891 0.287715
vt 0.710580 0.287715
vt 0.710581 0.785536
vt 0.640891 0.785536
vt 0.640791 0.311340
vt 0.640792 0.357384
vt 0.605133 0.357384
vt 0.605133 0.311340
vt 0.815929 0.785536
vt 0.746240 0.785536
vt 0.746239 0.287715
vt 0.815928 0.287715
vt 0.640792 0.311275
vt 0.571102 0.311275
vt 0.571102 0.287715
vt 0.640792 0.287715
vt 0.851588 0.785536
vt 0.851586 0.287715
vt 0.640891 0.544971
vt 0.710581 0.544971
vt 0.710581 1.042792
vt 0.640891 1.042792
vt 0.640792 0.568597
vt 0.640792 0.614640
vt 0.605133 0.614640
vt 0.605133 0.568597
vt 0.815929 1.042793
vt 0.746240 1.042793
vt 0.746239 0.544971
vt 0.815928 0.544971
vt 0.640792 0.568531
vt 0.571102 0.568531
vt 0.571102 0.544971
vt 0.640792 0.544971
vt 0.851588 1.042793
vt 0.851586 0.544971
vt 1.178259 0.049993
vt 1.247948 0.049993
vt 1.247948 0.547815
vt 1.178259 0.547815
vt 1.178159 0.073619
vt 1.178159 0.119663
vt 1.142500 0.119663
vt 1.142500 0.073619
vt 1.353296 0.547814
vt 1.283607 0.547815
vt 1.283606 0.049993
vt 1.353295 0.049993
vt 1.178159 0.073553
vt 1.108470 0.073553
vt 1.108470 0.049993
vt 1.178159 0.049993
vt 1.388955 0.547814
vt 1.388953 0.049993
vt 0.103524 0.287715
vt 0.173213 0.287715
vt 0.173213 0.785536
vt 0.103524 0.785536
vt 0.103424 0.311340
vt 0.103424 0.357384
vt 0.067765 0.357384
vt 0.067765 0.311340
vt 0.278561 0.785536
vt 0.208872 0.785536
vt 0.208871 0.287715
vt 0.278561 0.287715
vt 0.103424 0.311274
vt 0.033735 0.311274
vt 0.033735 0.287715
vt 0.103424 0.287715
vt 0.314220 0.785536
vt 0.314219 0.287715
vt 0.640891 0.782693
vt 0.710581 0.782693
vt 0.710581 1.280514
vt 0.640891 1.280514
vt 0.640791 0.806318
vt 0.640792 0.852362
vt 0.605133 0.852362
vt 0.605133 0.806318
vt 0.815929 1.280514
vt 0.746240 1.280514
vt 0.746239 0.782693
vt 0.815928 0.782693
vt 0.640792 0.806252
vt 0.571102 0.806252
vt 0.571102 0.782693
vt 0.640792 0.782693
vt 0.851588 1.280514
vt 0.851586 0.782693
vt 0.640891 0.049993
vt 0.710581 0.049993
vt 0.710581 0.547814
vt 0.640891 0.547814
vt 0.640792 0.073619
vt 0.640792 0.119662
vt 0.605133 0.119662
vt 0.605133 0.073619
vt 0.815929 0.547814
vt 0.746240 0.547815
vt 0.746239 0.049993
vt 0.815928 0.049993
vt 0.640792 0.073553
vt 0.571102 0.073553
vt 0.571102 0.049993
vt 0.640792 0.049993
vt 0.851588 0.547814
vt 0.851586 0.049993
vt 1.178259 0.544971
vt 1.247948 0.544971
vt 1.247948 1.042792
vt 1.178259 1.042792
vt 1.178159 0.568597
vt 1.178159 0.614641
vt 1.142500 0.614641
vt 1.142500 0.568597
vt 1.353296 1.042792
vt 1.283607 1.042793
vt 1.283606 0.544971
vt 1.353295 0.544971
vt 1.178159 0.568531
vt 1.108470 0.568531
vt 1.108470 0.544971
vt 1.178159 0.544971
vt 1.388955 1.042792
vt 1.388953 0.544971
vt 0.103524 0.287715
vt 0.173213 0.287715
vt 0.173213 0.785536
vt 0.103524 0.785536
vt 0.103424 0.311340
vt 0.103424 0.357384
vt 0.067765 0.357384
vt 0.067765 0.311340
vt 0.278561 0.785536
vt 0.208872 0.785536
vt 0.208871 0.287715
vt 0.278561 0.287715
vt 0.103424 0.311274
vt 0.033735 0.311274
vt 0.033735 0.287715
vt 0.103424 0.287715
vt 0.314220 0.785536
vt 0.314219 0.287715
vt 1.178259 0.049993
vt 1.247948 0.049993
vt 1.247948 0.547815
vt 1.178259 0.547815
vt 1.178159 0.073619
vt 1.178159 0.119663
vt 1.142500 0.119663
vt 1.142500 0.073619
vt 1.353296 0.547814
vt 1.283607 0.547815
vt 1.283606 0.049993
vt 1.353295 0.049993
vt 1.178159 0.073553
vt 1.108470 0.073553
vt 1.108470 0.049993
vt 1.178159 0.049993
vt 1.388955 0.547814
vt 1.388953 0.049993
vt 0.640891 0.049993
vt 0.710581 0.049993
vt 0.710581 0.547814
vt 0.640891 0.547814
vt 0.640792 0.073619
vt 0.640792 0.119662
vt 0.605133 0.119662
vt 0.605133 0.073619
vt 0.815929 0.547814
vt 0.746240 0.547815
vt 0.746239 0.049993
vt 0.815928 0.049993
vt 0.640792 0.073553
vt 0.571102 0.073553
vt 0.571102 0.049993
vt 0.640792 0.049993
vt 0.851588 0.547814
vt 0.851586 0.049993
vt 0.640891 0.287715
vt 0.710580 0.287715
vt 0.710581 0.785536
vt 0.640891 0.785536
vt 0.640791 0.311340
vt 0.640792 0.357384
vt 0.605133 0.357384
vt 0.605133 0.311340
vt 0.815929 0.785536
vt 0.746240 0.785536
vt 0.746239 0.287715
vt 0.815928 0.287715
vt 0.640792 0.311275
vt 0.571102 0.311275
vt 0.571102 0.287715
vt 0.640792 0.287715
vt 0.851588 0.785536
vt 0.851586 0.287715
vt 1.178259 0.361810
vt 1.247948 0.361810
vt 1.247948 0.859631
vt 1.178259 0.859631
vt 1.178159 0.385435
vt 1.178159 0.431479
vt 1.142500 0.431479
vt 1.142500 0.385435
vt 1.353296 0.859631
vt 1.283607 0.859631
vt 1.283606 0.361810
vt 1.353295 0.361810
vt 1.178159 0.385370
vt 1.108470 0.385370
vt 1.108470 0.361810
vt 1.178159 0.361810
vt 1.388955 0.859631
vt 1.388953 0.361810
vt 1.178259 0.544971
vt 1.247948 0.544971
vt 1.247948 1.042792
vt 1.178259 1.042792
vt 1.178159 0.568597
vt 1.178159 0.614641
vt 1.142500 0.614641
vt 1.142500 0.568597
vt 1.353296 1.042792
vt 1.283607 1.042793
vt 1.283606 0.544971
vt 1.353295 0.544971
vt 1.178159 0.568531
vt 1.108470 0.568531
vt 1.108470 0.544971
vt 1.178159 0.544971
vt 1.388955 1.042792
vt 1.388953 0.544971
vt 0.640891 0.049993
vt 0.710581 0.049993
vt 0.710581 0.547814
vt 0.640891 0.547814
vt 0.640792 0.073619
vt 0.640792 0.119662
vt 0.605133 0.119662
vt 0.605133 0.073619
vt 0.815929 0.547814
vt 0.746240 0.547815
vt 0.746239 0.049993
vt 0.815928 0.049993
vt 0.640792 0.073553
vt 0.571102 0.073553
vt 0.571102 0.049993
vt 0.640792 0.049993
vt 0.851588 0.547814
vt 0.851586 0.049993
vt 0.640891 0.287715
vt 0.710580 0.287715
vt 0.710581 0.785536
vt 0.640891 0.785536
vt 0.640791 0.311340
vt 0.640792 0.357384
vt 0.605133 0.357384
vt 0.605133 0.311340
vt 0.815929 0.785536
vt 0.746240 0.785536
vt 0.746239 0.287715
vt 0.815928 0.287715
vt 0.640792 0.311275
vt 0.571102 0.311275
vt 0.571102 0.287715
vt 0.640792 0.287715
vt 0.851588 0.785536
vt 0.851586 0.287715
vt 1.178259 0.361810
vt 1.247948 0.361810
vt 1.247948 0.859631
vt 1.178259 0.859631
vt 1.178159 0.385435
vt 1.178159 0.431479
vt 1.142500 0.431479
vt 1.142500 0.385435
vt 1.353296 0.859631
vt 1.283607 0.859631
vt 1.283606 0.361810
vt 1.353295 0.361810
vt 1.178159 0.385370
vt 1.108470 0.385370
vt 1.108470 0.361810
vt 1.178159 0.361810
vt 1.388955 0.859631
vt 1.388953 0.361810
vt 0.640891 0.782693
vt 0.640891 1.280514
vt 0.710581 1.280514
vt 0.710581 0.782693
vt 0.640791 0.806318
vt 0.605133 0.806318
vt 0.605133 0.852362
vt 0.640792 0.852362
vt 0.815929 1.280514
vt 0.815928 0.782693
vt 0.746239 0.782693
vt 0.746240 1.280514
vt 0.640792 0.806252
vt 0.640792 0.782693
vt 0.571102 0.782693
vt 0.571102 0.806252
vt 0.851588 1.280514
vt 0.851586 0.782693
vt 0.640891 0.544971
vt 0.640891 1.042792
vt 0.710581 1.042792
vt 0.710581 0.544971
vt 0.640792 0.568597
vt 0.605133 0.568597
vt 0.605133 0.614640
vt 0.640792 0.614640
vt 0.815929 1.042793
vt 0.815928 0.544971
vt 0.746239 0.544971
vt 0.746240 1.042793
vt 0.640792 0.568531
vt 0.640792 0.544971
vt 0.571102 0.544971
vt 0.571102 0.568531
vt 0.851588 1.042793
vt 0.851586 0.544971
vt 1.178259 0.049993
vt 1.178259 0.547815
vt 1.247948 0.547815
vt 1.247948 0.049993
vt 1.178159 0.073619
vt 1.142500 0.073619
vt 1.142500 0.119663
vt 1.178159 0.119663
vt 1.353296 0.547814
vt 1.353295 0.049993
vt 1.283606 0.049993
vt 1.283607 0.547815
vt 1.178159 0.073553
vt 1.178159 0.049993
vt 1.108470 0.049993
vt 1.108470 0.073553
vt 1.388955 0.547814
vt 1.388953 0.049993
vt 0.103524 0.287715
vt 0.103524 0.785536
vt 0.173213 0.785536
vt 0.173213 0.287715
vt 0.103424 0.311340
vt 0.067765 0.311340
vt 0.067765 0.357384
vt 0.103424 0.357384
vt 0.278561 0.785536
vt 0.278561 0.287715
vt 0.208871 0.287715
vt 0.208872 0.785536
vt 0.103424 0.311274
vt 0.103424 0.287715
vt 0.033735 0.287715
vt 0.033735 0.311274
vt 0.314220 0.785536
vt 0.314219 0.287715
vt 0.640891 0.782693
vt 0.640891 1.280514
vt 0.710581 1.280514
vt 0.710581 0.782693
vt 0.640791 0.806318
vt 0.605133 0.806318
vt 0.605133 0.852362
vt 0.640792 0.852362
vt 0.815929 1.280514
vt 0.815928 0.782693
vt 0.746239 0.782693
vt 0.746240 1.280514
vt 0.640792 0.806252
vt 0.640792 0.782693
vt 0.571102 0.782693
vt 0.571102 0.806252
vt 0.851588 1.280514
vt 0.851586 0.782693
vt 0.640891 0.049993
vt 0.640891 0.547814
vt 0.710581 0.547814
vt 0.710581 0.049993
vt 0.640792 0.073619
vt 0.605133 0.073619
vt 0.605133 0.119662
vt 0.640792 0.119662
vt 0.815929 0.547814
vt 0.815928 0.049993
vt 0.746239 0.049993
vt 0.746240 0.547815
vt 0.640792 0.073553
vt 0.640792 0.049993
vt 0.571102 0.049993
vt 0.571102 0.073553
vt 0.851588 0.547814
vt 0.851586 0.049993
vt 1.178259 0.049993
vt 1.178259 0.547815
vt 1.247948 0.547815
vt 1.247948 0.049993
vt 1.178159 0.073619
vt 1.142500 0.073619
vt 1.142500 0.119663
vt 1.178159 0.119663
vt 1.353296 0.547814
vt 1.353295 0.049993
vt 1.283606 0.049993
vt 1.283607 0.547815
vt 1.178159 0.073553
vt 1.178159 0.049993
vt 1.108470 0.049993
vt 1.108470 0.073553
vt 1.388955 0.547814
vt 1.388953 0.049993
vt 0.103524 0.287715
vt 0.103524 0.785536
vt 0.173213 0.785536
vt 0.173213 0.287715
vt 0.103424 0.311340
vt 0.067765 0.311340
vt 0.067765 0.357384
vt 0.103424 0.357384
vt 0.278561 0.785536
vt 0.278561 0.287715
vt 0.208871 0.287715
vt 0.208872 0.785536
vt 0.103424 0.311274
vt 0.103424 0.287715
vt 0.033735 0.287715
vt 0.033735 0.311274
vt 0.314220 0.785536
vt 0.314219 0.287715
vt 1.178259 0.049993
vt 1.178259 0.547815
vt 1.247948 0.547815
vt 1.247948 0.049993
vt 1.178159 0.073619
vt 1.142500 0.073619
vt 1.142500 0.119663
vt 1.178159 0.119663
vt 1.353296 0.547814
vt 1.353295 0.049993
vt 1.283606 0.049993
vt 1.283607 0.547815
vt 1.178159 0.073553
vt 1.178159 0.049993
vt 1.108470 0.049993
vt 1.108470 0.073553
vt 1.388955 0.547814
vt 1.388953 0.049993
vt 0.640891 0.049993
vt 0.640891 0.547814
vt 0.710581 0.547814
vt 0.710581 0.049993
vt 0.640792 0.073619
vt 0.605133 0.073619
vt 0.605133 0.119662
vt 0.640792 0.119662
vt 0.815929 0.547814
vt 0.815928 0.049993
vt 0.746239 0.049993
vt 0.746240 0.547815
vt 0.640792 0.073553
vt 0.640792 0.049993
vt 0.571102 0.049993
vt 0.571102 0.073553
vt 0.851588 0.547814
vt 0.851586 0.049993
vt 0.640891 0.287715
vt 0.640891 0.785536
vt 0.710581 0.785536
vt 0.710580 0.287715
vt 0.640791 0.311340
vt 0.605133 0.311340
vt 0.605133 0.357384
vt 0.640792 0.357384
vt 0.815929 0.785536
vt 0.815928 0.287715
vt 0.746239 0.287715
vt 0.746240 0.785536
vt 0.640792 0.311275
vt 0.640792 0.287715
vt 0.571102 0.287715
vt 0.571102 0.311275
vt 0.851588 0.785536
vt 0.851586 0.287715
vt 1.178259 0.361810
vt 1.178259 0.859631
vt 1.247948 0.859631
vt 1.247948 0.361810
vt 1.178159 0.385435
vt 1.142500 0.385435
vt 1.142500 0.431479
vt 1.178159 0.431479
vt 1.353296 0.859631
vt 1.353295 0.361810
vt 1.283606 0.361810
vt 1.283607 0.859631
vt 1.178159 0.385370
vt 1.178159 0.361810
vt 1.108470 0.361810
vt 1.108470 0.385370
vt 1.388955 0.859631
vt 1.388953 0.361810
vt 1.178259 0.049993
vt 1.178259 0.547815
vt 1.247948 0.547815
vt 1.247948 0.049993
vt 1.178159 0.073619
vt 1.142500 0.073619
vt 1.142500 0.119663
vt 1.178159 0.119663
vt 1.353296 0.547814
vt 1.353295 0.049993
vt 1.283606 0.049993
vt 1.283607 0.547815
vt 1.178159 0.073553
vt 1.178159 0.049993
vt 1.108470 0.049993
vt 1.108470 0.073553
vt 1.388955 0.547814
vt 1.388953 0.049993
vt 0.640891 0.049993
vt 0.640891 0.547814
vt 0.710581 0.547814
vt 0.710581 0.049993
vt 0.640792 0.073619
vt 0.605133 0.073619
vt 0.605133 0.119662
vt 0.640792 0.119662
vt 0.815929 0.547814
vt 0.815928 0.049993
vt 0.746239 0.049993
vt 0.746240 0.547815
vt 0.640792 0.073553
vt 0.640792 0.049993
vt 0.571102 0.049993
vt 0.571102 0.073553
vt 0.851588 0.547814
vt 0.851586 0.049993
vt 0.640891 0.287715
vt 0.640891 0.785536
vt 0.710581 0.785536
vt 0.710580 0.287715
vt 0.640791 0.311340
vt 0.605133 0.311340
vt 0.605133 0.357384
vt 0.640792 0.357384
vt 0.815929 0.785536
vt 0.815928 0.287715
vt 0.746239 0.287715
vt 0.746240 0.785536
vt 0.640792 0.311275
vt 0.640792 0.287715
vt 0.571102 0.287715
vt 0.571102 0.311275
vt 0.851588 0.785536
vt 0.851586 0.287715
vt 1.178259 0.361810
vt 1.178259 0.859631
vt 1.247948 0.859631
vt 1.247948 0.361810
vt 1.178159 0.385435
vt 1.142500 0.385435
vt 1.142500 0.431479
vt 1.178159 0.431479
vt 1.353296 0.859631
vt 1.353295 0.361810
vt 1.283606 0.361810
vt 1.283607 0.859631
vt 1.178159 0.385370
vt 1.178159 0.361810
vt 1.108470 0.361810
vt 1.108470 0.385370
vt 1.388955 0.859631
vt 1.388953 0.361810
vt 0.640891 0.782693
vt 0.640891 1.280514
vt 0.710581 1.280514
vt 0.710581 0.782693
vt 0.640791 0.806318
vt 0.605133 0.806318
vt 0.605133 0.852362
vt 0.640792 0.852362
vt 0.815929 1.280514
vt 0.815928 0.782693
vt 0.746239 0.782693
vt 0.746240 1.280514
vt 0.640792 0.806252
vt 0.640792 0.782693
vt 0.571102 0.782693
vt 0.571102 0.806252
vt 0.851588 1.280514
vt 0.851586 0.782693
vt 0.640891 0.544971
vt 0.640891 1.042792
vt 0.710581 1.042792
vt 0.710581 0.544971
vt 0.640792 0.568597
vt 0.605133 0.568597
vt 0.605133 0.614640
vt 0.640792 0.614640
vt 0.815929 1.042793
vt 0.815928 0.544971
vt 0.746239 0.544971
vt 0.746240 1.042793
vt 0.640792 0.568531
vt 0.640792 0.544971
vt 0.571102 0.544971
vt 0.571102 0.568531
vt 0.851588 1.042793
vt 0.851586 0.544971
vt 1.178259 0.049993
vt 1.178259 0.547815
vt 1.247948 0.547815
vt 1.247948 0.049993
vt 1.178159 0.073619
vt 1.142500 0.073619
vt 1.142500 0.119663
vt 1.178159 0.119663
vt 1.353296 0.547814
vt 1.353295 0.049993
vt 1.283606 0.049993
vt 1.283607 0.547815
vt 1.178159 0.073553
vt 1.178159 0.049993
vt 1.108470 0.049993
vt 1.108470 0.073553
vt 1.388955 0.547814
vt 1.388953 0.049993
vt 0.103524 0.287715
vt 0.103524 0.785536
vt 0.173213 0.785536
vt 0.173213 0.287715
vt 0.103424 0.311340
vt 0.067765 0.311340
vt 0.067765 0.357384
vt 0.103424 0.357384
vt 0.278561 0.785536
vt 0.278561 0.287715
vt 0.208871 0.287715
vt 0.208872 0.785536
vt 0.103424 0.311274
vt 0.103424 0.287715
vt 0.033735 0.287715
vt 0.033735 0.311274
vt 0.314220 0.785536
vt 0.314219 0.287715
vt 0.640891 0.782693
vt 0.640891 1.280514
vt 0.710581 1.280514
vt 0.710581 0.782693
vt 0.640791 0.806318
vt 0.605133 0.806318
vt 0.605133 0.852362
vt 0.640792 0.852362
vt 0.815929 1.280514
vt 0.815928 0.782693
vt 0.746239 0.782693
vt 0.746240 1.280514
vt 0.640792 0.806252
vt 0.640792 0.782693
vt 0.571102 0.782693
vt 0.571102 0.806252
vt 0.851588 1.280514
vt 0.851586 0.782693
vt 0.640891 0.049993
vt 0.640891 0.547814
vt 0.710581 0.547814
vt 0.710581 0.049993
vt 0.640792 0.073619
vt 0.605133 0.073619
vt 0.605133 0.119662
vt 0.640792 0.119662
vt 0.815929 0.547814
vt 0.815928 0.049993
vt 0.746239 0.049993
vt 0.746240 0.547815
vt 0.640792 0.073553
vt 0.640792 0.049993
vt 0.571102 0.049993
vt 0.571102 0.073553
vt 0.851588 0.547814
vt 0.851586 0.049993
vt 1.178259 0.049993
vt 1.178259 0.547815
vt 1.247948 0.547815
vt 1.247948 0.049993
vt 1.178159 0.073619
vt 1.142500 0.073619
vt 1.142500 0.119663
vt 1.178159 0.119663
vt 1.353296 0.547814
vt 1.353295 0.049993
vt 1.283606 0.049993
vt 1.283607 0.547815
vt 1.178159 0.073553
vt 1.178159 0.049993
vt 1.108470 0.049993
vt 1.108470 0.073553
vt 1.388955 0.547814
vt 1.388953 0.049993
vt 0.103524 0.287715
vt 0.103524 0.785536
vt 0.173213 0.785536
vt 0.173213 0.287715
vt 0.103424 0.311340
vt 0.067765 0.311340
vt 0.067765 0.357384
vt 0.103424 0.357384
vt 0.278561 0.785536
vt 0.278561 0.287715
vt 0.208871 0.287715
vt 0.208872 0.785536
vt 0.103424 0.311274
vt 0.103424 0.287715
vt 0.033735 0.287715
vt 0.033735 0.311274
vt 0.314220 0.785536
vt 0.314219 0.287715
vt 1.178259 0.049993
vt 1.178259 0.547815
vt 1.247948 0.547815
vt 1.247948 0.049993
vt 1.178159 0.073619
vt 1.142500 0.073619
vt 1.142500 0.119663
vt 1.178159 0.119663
vt 1.353296 0.547814
vt 1.353295 0.049993
vt 1.283606 0.049993
vt 1.283607 0.547815
vt 1.178159 0.073553
vt 1.178159 0.049993
vt 1.108470 0.049993
vt 1.108470 0.073553
vt 1.388955 0.547814
vt 1.388953 0.049993
vt 0.640891 0.049993
vt 0.640891 0.547814
vt 0.710581 0.547814
vt 0.710581 0.049993
vt 0.640792 0.073619
vt 0.605133 0.073619
vt 0.605133 0.119662
vt 0.640792 0.119662
vt 0.815929 0.547814
vt 0.815928 0.049993
vt 0.746239 0.049993
vt 0.746240 0.547815
vt 0.640792 0.073553
vt 0.640792 0.049993
vt 0.571102 0.049993
vt 0.571102 0.073553
vt 0.851588 0.547814
vt 0.851586 0.049993
vt 0.640891 0.287715
vt 0.640891 0.785536
vt 0.710581 0.785536
vt 0.710580 0.287715
vt 0.640791 0.311340
vt 0.605133 0.311340
vt 0.605133 0.357384
vt 0.640792 0.357384
vt 0.815929 0.785536
vt 0.815928 0.287715
vt 0.746239 0.287715
vt 0.746240 0.785536
vt 0.640792 0.311275
vt 0.640792 0.287715
vt 0.571102 0.287715
vt 0.571102 0.311275
vt 0.851588 0.785536
vt 0.851586 0.287715
vt 1.178259 0.361810
vt 1.178259 0.859631
vt 1.247948 0.859631
vt 1.247948 0.361810
vt 1.178159 0.385435
vt 1.142500 0.385435
vt 1.142500 0.431479
vt 1.178159 0.431479
vt 1.353296 0.859631
vt 1.353295 0.361810
vt 1.283606 0.361810
vt 1.283607 0.859631
vt 1.178159 0.385370
vt 1.178159 0.361810
vt 1.108470 0.361810
vt 1.108470 0.385370
vt 1.388955 0.859631
vt 1.388953 0.361810
vt 1.178259 0.544971
vt 1.178259 1.042792
vt 1.247948 1.042792
vt 1.247948 0.544971
vt 1.178159 0.568597
vt 1.142500 0.568597
vt 1.142500 0.614641
vt 1.178159 0.614641
vt 1.353296 1.042792
vt 1.353295 0.544971
vt 1.283606 0.544971
vt 1.283607 1.042793
vt 1.178159 0.568531
vt 1.178159 0.544971
vt 1.108470 0.544971
vt 1.108470 0.568531
vt 1.388955 1.042792
vt 1.388953 0.544971
vt 0.640891 0.049993
vt 0.640891 0.547814
vt 0.710581 0.547814
vt 0.710581 0.049993
vt 0.640792 0.073619
vt 0.605133 0.073619
vt 0.605133 0.119662
vt 0.640792 0.119662
vt 0.815929 0.547814
vt 0.815928 0.049993
vt 0.746239 0.049993
vt 0.746240 0.547815
vt 0.640792 0.073553
vt 0.640792 0.049993
vt 0.571102 0.049993
vt 0.571102 0.073553
vt 0.851588 0.547814
vt 0.851586 0.049993
vt 0.640891 0.287715
vt 0.640891 0.785536
vt 0.710581 0.785536
vt 0.710580 0.287715
vt 0.640791 0.311340
vt 0.605133 0.311340
vt 0.605133 0.357384
vt 0.640792 0.357384
vt 0.815929 0.785536
vt 0.815928 0.287715
vt 0.746239 0.287715
vt 0.746240 0.785536
vt 0.640792 0.311275
vt 0.640792 0.287715
vt 0.571102 0.287715
vt 0.571102 0.311275
vt 0.851588 0.785536
vt 0.851586 0.287715
vt 1.178259 0.361810
vt 1.178259 0.859631
vt 1.247948 0.859631
vt 1.247948 0.361810
vt 1.178159 0.385435
vt 1.142500 0.385435
vt 1.142500 0.431479
vt 1.178159 0.431479
vt 1.353296 0.859631
vt 1.353295 0.361810
vt 1.283606 0.361810
vt 1.283607 0.859631
vt 1.178159 0.385370
vt 1.178159 0.361810
vt 1.108470 0.361810
vt 1.108470 0.385370
vt 1.388955 0.859631
vt 1.388953 0.361810
vt 0.640891 0.287715
vt 0.710580 0.287715
vt 0.710581 0.785536
vt 0.640891 0.785536
vt 0.640791 0.311340
vt 0.640792 0.357384
vt 0.605133 0.357384
vt 0.605133 0.311340
vt 0.815929 0.785536
vt 0.746240 0.785536
vt 0.746239 0.287715
vt 0.815928 0.287715
vt 0.640792 0.311275
vt 0.571102 0.311275
vt 0.571102 0.287715
vt 0.640792 0.287715
vt 0.851588 0.785536
vt 0.851586 0.287715
vt 0.640891 0.049993
vt 0.710581 0.049993
vt 0.710581 0.547814
vt 0.640891 0.547814
vt 0.640792 0.073619
vt 0.640792 0.119662
vt 0.605133 0.119662
vt 0.605133 0.073619
vt 0.815929 0.547814
vt 0.746240 0.547815
vt 0.746239 0.049993
vt 0.815928 0.049993
vt 0.640792 0.073553
vt 0.571102 0.073553
vt 0.571102 0.049993
vt 0.640792 0.049993
vt 0.851588 0.547814
vt 0.851586 0.049993
vt 1.178259 0.049993
vt 1.247948 0.049993
vt 1.247948 0.547815
vt 1.178259 0.547815
vt 1.178159 0.073619
vt 1.178159 0.119663
vt 1.142500 0.119663
vt 1.142500 0.073619
vt 1.353296 0.547814
vt 1.283607 0.547815
vt 1.283606 0.049993
vt 1.353295 0.049993
vt 1.178159 0.073553
vt 1.108470 0.073553
vt 1.108470 0.049993
vt 1.178159 0.049993
vt 1.388955 0.547814
vt 1.388953 0.049993
vt 0.103524 0.287715
vt 0.173213 0.287715
vt 0.173213 0.785536
vt 0.103524 0.785536
vt 0.103424 0.311340
vt 0.103424 0.357384
vt 0.067765 0.357384
vt 0.067765 0.311340
vt 0.278561 0.785536
vt 0.208872 0.785536
vt 0.208871 0.287715
vt 0.278561 0.287715
vt 0.103424 0.311274
vt 0.033735 0.311274
vt 0.033735 0.287715
vt 0.103424 0.287715
vt 0.314220 0.785536
vt 0.314219 0.287715
vt 0.640891 0.782693
vt 0.710581 0.782693
vt 0.710581 1.280514
vt 0.640891 1.280514
vt 0.640791 0.806318
vt 0.640792 0.852362
vt 0.605133 0.852362
vt 0.605133 0.806318
vt 0.815929 1.280514
vt 0.746240 1.280514
vt 0.746239 0.782693
vt 0.815928 0.782693
vt 0.640792 0.806252
vt 0.571102 0.806252
vt 0.571102 0.782693
vt 0.640792 0.782693
vt 0.851588 1.280514
vt 0.851586 0.782693
vt 0.640891 0.049993
vt 0.710581 0.049993
vt 0.710581 0.547814
vt 0.640891 0.547814
vt 0.640792 0.073619
vt 0.640792 0.119662
vt 0.605133 0.119662
vt 0.605133 0.073619
vt 0.815929 0.547814
vt 0.746240 0.547815
vt 0.746239 0.049993
vt 0.815928 0.049993
vt 0.640792 0.073553
vt 0.571102 0.073553
vt 0.571102 0.049993
vt 0.640792 0.049993
vt 0.851588 0.547814
vt 0.851586 0.049993
vt 1.178259 0.049993
vt 1.247948 0.049993
vt 1.247948 0.547815
vt 1.178259 0.547815
vt 1.178159 0.073619
vt 1.178159 0.119663
vt 1.142500 0.119663
vt 1.142500 0.073619
vt 1.353296 0.547814
vt 1.283607 0.547815
vt 1.283606 0.049993
vt 1.353295 0.049993
vt 1.178159 0.073553
vt 1.108470 0.073553
vt 1.108470 0.049993
vt 1.178159 0.049993
vt 1.388955 0.547814
vt 1.388953 0.049993
vt 0.103524 0.782693
vt 0.173213 0.782693
vt 0.173213 1.280514
vt 0.103524 1.280514
vt 0.103424 0.806318
vt 0.103424 0.852361
vt 0.067765 0.852361
vt 0.067765 0.806318
vt 0.278561 1.280514
vt 0.208872 1.280514
vt 0.208871 0.782693
vt 0.278561 0.782693
vt 0.103424 0.806252
vt 0.033735 0.806252
vt 0.033735 0.782693
vt 0.103424 0.782693
vt 0.314220 1.280514
vt 0.314219 0.782693
vt 1.178259 0.049993
vt 1.247948 0.049993
vt 1.247948 0.547815
vt 1.178259 0.547815
vt 1.178159 0.073619
vt 1.178159 0.119663
vt 1.142500 0.119663
vt 1.142500 0.073619
vt 1.353296 0.547814
vt 1.283607 0.547815
vt 1.283606 0.049993
vt 1.353295 0.049993
vt 1.178159 0.073553
vt 1.108470 0.073553
vt 1.108470 0.049993
vt 1.178159 0.049993
vt 1.388955 0.547814
vt 1.388953 0.049993
vt 0.640891 0.544971
vt 0.710581 0.544971
vt 0.710581 1.042792
vt 0.640891 1.042792
vt 0.640792 0.568597
vt 0.640792 0.614640
vt 0.605133 0.614640
vt 0.605133 0.568597
vt 0.815929 1.042793
vt 0.746240 1.042793
vt 0.746239 0.544971
vt 0.815928 0.544971
vt 0.640792 0.568531
vt 0.571102 0.568531
vt 0.571102 0.544971
vt 0.640792 0.544971
vt 0.851588 1.042793
vt 0.851586 0.544971
vt 0.640891 0.782693
vt 0.710581 0.782693
vt 0.710581 1.280514
vt 0.640891 1.280514
vt 0.640791 0.806318
vt 0.640792 0.852362
vt 0.605133 0.852362
vt 0.605133 0.806318
vt 0.815929 1.280514
vt 0.746240 1.280514
vt 0.746239 0.782693
vt 0.815928 0.782693
vt 0.640792 0.806252
vt 0.571102 0.806252
vt 0.571102 0.782693
vt 0.640792 0.782693
vt 0.851588 1.280514
vt 0.851586 0.782693
vt 1.178259 0.361810
vt 1.247948 0.361810
vt 1.247948 0.859631
vt 1.178259 0.859631
vt 1.178159 0.385435
vt 1.178159 0.431479
vt 1.142500 0.431479
vt 1.142500 0.385435
vt 1.353296 0.859631
vt 1.283607 0.859631
vt 1.283606 0.361810
vt 1.353295 0.361810
vt 1.178159 0.385370
vt 1.108470 0.385370
vt 1.108470 0.361810
vt 1.178159 0.361810
vt 1.388955 0.859631
vt 1.388953 0.361810
vt 1.178259 0.049993
vt 1.247948 0.049993
vt 1.247948 0.547815
vt 1.178259 0.547815
vt 1.178159 0.073619
vt 1.178159 0.119663
vt 1.142500 0.119663
vt 1.142500 0.073619
vt 1.353296 0.547814
vt 1.283607 0.547815
vt 1.283606 0.049993
vt 1.353295 0.049993
vt 1.178159 0.073553
vt 1.108470 0.073553
vt 1.108470 0.049993
vt 1.178159 0.049993
vt 1.388955 0.547814
vt 1.388953 0.049993
vt 0.640891 0.544971
vt 0.710581 0.544971
vt 0.710581 1.042792
vt 0.640891 1.042792
vt 0.640792 0.568597
vt 0.640792 0.614640
vt 0.605133 0.614640
vt 0.605133 0.568597
vt 0.815929 1.042793
vt 0.746240 1.042793
vt 0.746239 0.544971
vt 0.815928 0.544971
vt 0.640792 0.568531
vt 0.571102 0.568531
vt 0.571102 0.544971
vt 0.640792 0.544971
vt 0.851588 1.042793
vt 0.851586 0.544971
vt 0.640891 0.287715
vt 0.710580 0.287715
vt 0.710581 0.785536
vt 0.640891 0.785536
vt 0.640791 0.311340
vt 0.640792 0.357384
vt 0.605133 0.357384
vt 0.605133 0.311340
vt 0.815929 0.785536
vt 0.746240 0.785536
vt 0.746239 0.287715
vt 0.815928 0.287715
vt 0.640792 0.311275
vt 0.571102 0.311275
vt 0.571102 0.287715
vt 0.640792 0.287715
vt 0.851588 0.785536
vt 0.851586 0.287715
vt 0.710983 0.461614
vt 0.780672 0.461614
vt 0.780672 0.959436
vt 0.710983 0.959436
vt 1.178159 0.880413
vt 1.178159 0.926457
vt 1.142500 0.926457
vt 1.142500 0.880413
vt 0.886020 0.959435
vt 0.816331 0.959436
vt 0.816330 0.461614
vt 0.886019 0.461614
vt 1.178159 0.880347
vt 1.108470 0.880347
vt 1.108470 0.856788
vt 1.178159 0.856788
vt 0.921679 0.959435
vt 0.921678 0.461614
vt 0.640891 0.287715
vt 0.710580 0.287715
vt 0.710581 0.785536
vt 0.640891 0.785536
vt 0.640791 0.311340
vt 0.640792 0.357384
vt 0.605133 0.357384
vt 0.605133 0.311340
vt 0.815929 0.785536
vt 0.746240 0.785536
vt 0.746239 0.287715
vt 0.815928 0.287715
vt 0.640792 0.311275
vt 0.571102 0.311275
vt 0.571102 0.287715
vt 0.640792 0.287715
vt 0.851588 0.785536
vt 0.851586 0.287715
vt 0.640891 0.544971
vt 0.710581 0.544971
vt 0.710581 1.042792
vt 0.640891 1.042792
vt 0.640792 0.568597
vt 0.640792 0.614640
vt 0.605133 0.614640
vt 0.605133 0.568597
vt 0.815929 1.042793
vt 0.746240 1.042793
vt 0.746239 0.544971
vt 0.815928 0.544971
vt 0.640792 0.568531
vt 0.571102 0.568531
vt 0.571102 0.544971
vt 0.640792 0.544971
vt 0.851588 1.042793
vt 0.851586 0.544971
vt 1.178259 0.049993
vt 1.247948 0.049993
vt 1.247948 0.547815
vt 1.178259 0.547815
vt 1.178159 0.073619
vt 1.178159 0.119663
vt 1.142500 0.119663
vt 1.142500 0.073619
vt 1.353296 0.547814
vt 1.283607 0.547815
vt 1.283606 0.049993
vt 1.353295 0.049993
vt 1.178159 0.073553
vt 1.108470 0.073553
vt 1.108470 0.049993
vt 1.178159 0.049993
vt 1.388955 0.547814
vt 1.388953 0.049993
vt 0.103524 0.287715
vt 0.173213 0.287715
vt 0.173213 0.785536
vt 0.103524 0.785536
vt 0.103424 0.311340
vt 0.103424 0.357384
vt 0.067765 0.357384
vt 0.067765 0.311340
vt 0.278561 0.785536
vt 0.208872 0.785536
vt 0.208871 0.287715
vt 0.278561 0.287715
vt 0.103424 0.311274
vt 0.033735 0.311274
vt 0.033735 0.287715
vt 0.103424 0.287715
vt 0.314220 0.785536
vt 0.314219 0.287715
vt 1.178259 0.544971
vt 1.247948 0.544971
vt 1.247948 1.042792
vt 1.178259 1.042792
vt 1.178159 0.568597
vt 1.178159 0.614641
vt 1.142500 0.614641
vt 1.142500 0.568597
vt 1.353296 1.042792
vt 1.283607 1.042793
vt 1.283606 0.544971
vt 1.353295 0.544971
vt 1.178159 0.568531
vt 1.108470 0.568531
vt 1.108470 0.544971
vt 1.178159 0.544971
vt 1.388955 1.042792
vt 1.388953 0.544971
vt 0.640891 0.544971
vt 0.710581 0.544971
vt 0.710581 1.042792
vt 0.640891 1.042792
vt 0.640792 0.568597
vt 0.640792 0.614640
vt 0.605133 0.614640
vt 0.605133 0.568597
vt 0.815929 1.042793
vt 0.746240 1.042793
vt 0.746239 0.544971
vt 0.815928 0.544971
vt 0.640792 0.568531
vt 0.571102 0.568531
vt 0.571102 0.544971
vt 0.640792 0.544971
vt 0.851588 1.042793
vt 0.851586 0.544971
vt 0.640891 0.782693
vt 0.710581 0.782693
vt 0.710581 1.280514
vt 0.640891 1.280514
vt 0.640791 0.806318
vt 0.640792 0.852362
vt 0.605133 0.852362
vt 0.605133 0.806318
vt 0.815929 1.280514
vt 0.746240 1.280514
vt 0.746239 0.782693
vt 0.815928 0.782693
vt 0.640792 0.806252
vt 0.571102 0.806252
vt 0.571102 0.782693
vt 0.640792 0.782693
vt 0.851588 1.280514
vt 0.851586 0.782693
vt 1.178259 0.361810
vt 1.247948 0.361810
vt 1.247948 0.859631
vt 1.178259 0.859631
vt 1.178159 0.385435
vt 1.178159 0.431479
vt 1.142500 0.431479
vt 1.142500 0.385435
vt 1.353296 0.859631
vt 1.283607 0.859631
vt 1.283606 0.361810
vt 1.353295 0.361810
vt 1.178159 0.385370
vt 1.108470 0.385370
vt 1.108470 0.361810
vt 1.178159 0.361810
vt 1.388955 0.859631
vt 1.388953 0.361810
vt 0.640891 0.287715
vt 0.710580 0.287715
vt 0.710581 0.785536
vt 0.640891 0.785536
vt 0.640791 0.311340
vt 0.640792 0.357384
vt 0.605133 0.357384
vt 0.605133 0.311340
vt 0.815929 0.785536
vt 0.746240 0.785536
vt 0.746239 0.287715
vt 0.815928 0.287715
vt 0.640792 0.311275
vt 0.571102 0.311275
vt 0.571102 0.287715
vt 0.640792 0.287715
vt 0.851588 0.785536
vt 0.851586 0.287715
vt 0.640891 0.049993
vt 0.710581 0.049993
vt 0.710581 0.547814
vt 0.640891 0.547814
vt 0.640792 0.073619
vt 0.640792 0.119662
vt 0.605133 0.119662
vt 0.605133 0.073619
vt 0.815929 0.547814
vt 0.746240 0.547815
vt 0.746239 0.049993
vt 0.815928 0.049993
vt 0.640792 0.073553
vt 0.571102 0.073553
vt 0.571102 0.049993
vt 0.640792 0.049993
vt 0.851588 0.547814
vt 0.851586 0.049993
vt 1.178259 0.049993
vt 1.247948 0.049993
vt 1.247948 0.547815
vt 1.178259 0.547815
vt 1.178159 0.073619
vt 1.178159 0.119663
vt 1.142500 0.119663
vt 1.142500 0.073619
vt 1.353296 0.547814
vt 1.283607 0.547815
vt 1.283606 0.049993
vt 1.353295 0.049993
vt 1.178159 0.073553
vt 1.108470 0.073553
vt 1.108470 0.049993
vt 1.178159 0.049993
vt 1.388955 0.547814
vt 1.388953 0.049993
vt 0.103524 0.287715
vt 0.173213 0.287715
vt 0.173213 0.785536
vt 0.103524 0.785536
vt 0.103424 0.311340
vt 0.103424 0.357384
vt 0.067765 0.357384
vt 0.067765 0.311340
vt 0.278561 0.785536
vt 0.208872 0.785536
vt 0.208871 0.287715
vt 0.278561 0.287715
vt 0.103424 0.311274
vt 0.033735 0.311274
vt 0.033735 0.287715
vt 0.103424 0.287715
vt 0.314220 0.785536
vt 0.314219 0.287715
vt 1.178259 0.049993
vt 1.247948 0.049993
vt 1.247948 0.547815
vt 1.178259 0.547815
vt 1.178159 0.073619
vt 1.178159 0.119663
vt 1.142500 0.119663
vt 1.142500 0.073619
vt 1.353296 0.547814
vt 1.283607 0.547815
vt 1.283606 0.049993
vt 1.353295 0.049993
vt 1.178159 0.073553
vt 1.108470 0.073553
vt 1.108470 0.049993
vt 1.178159 0.049993
vt 1.388955 0.547814
vt 1.388953 0.049993
vt 0.640891 0.049993
vt 0.710581 0.049993
vt 0.710581 0.547814
vt 0.640891 0.547814
vt 0.640792 0.073619
vt 0.640792 0.119662
vt 0.605133 0.119662
vt 0.605133 0.073619
vt 0.815929 0.547814
vt 0.746240 0.547815
vt 0.746239 0.049993
vt 0.815928 0.049993
vt 0.640792 0.073553
vt 0.571102 0.073553
vt 0.571102 0.049993
vt 0.640792 0.049993
vt 0.851588 0.547814
vt 0.851586 0.049993
vt 0.640891 0.287715
vt 0.710580 0.287715
vt 0.710581 0.785536
vt 0.640891 0.785536
vt 0.640791 0.311340
vt 0.640792 0.357384
vt 0.605133 0.357384
vt 0.605133 0.311340
vt 0.815929 0.785536
vt 0.746240 0.785536
vt 0.746239 0.287715
vt 0.815928 0.287715
vt 0.640792 0.311275
vt 0.571102 0.311275
vt 0.571102 0.287715
vt 0.640792 0.287715
vt 0.851588 0.785536
vt 0.851586 0.287715
vt 0.771729 0.609804
vt 0.841418 0.609804
vt 0.841418 1.107626
vt 0.771729 1.107626
vt 1.178159 0.880413
vt 1.178159 0.926457
vt 1.142500 0.926457
vt 1.142500 0.880413
vt 0.946766 1.107625
vt 0.877077 1.107626
vt 0.877076 0.609804
vt 0.946765 0.609804
vt 1.178159 0.880347
vt 1.108470 0.880347
vt 1.108470 0.856788
vt 1.178159 0.856788
vt 0.982425 1.107625
vt 0.982423 0.609804
vt 0.640891 0.287715
vt 0.710580 0.287715
vt 0.710581 0.785536
vt 0.640891 0.785536
vt 0.640791 0.311340
vt 0.640792 0.357384
vt 0.605133 0.357384
vt 0.605133 0.311340
vt 0.815929 0.785536
vt 0.746240 0.785536
vt 0.746239 0.287715
vt 0.815928 0.287715
vt 0.640792 0.311275
vt 0.571102 0.311275
vt 0.571102 0.287715
vt 0.640792 0.287715
vt 0.851588 0.785536
vt 0.851586 0.287715
vt 0.640891 0.049993
vt 0.710581 0.049993
vt 0.710581 0.547814
vt 0.640891 0.547814
vt 0.640792 0.073619
vt 0.640792 0.119662
vt 0.605133 0.119662
vt 0.605133 0.073619
vt 0.815929 0.547814
vt 0.746240 0.547815
vt 0.746239 0.049993
vt 0.815928 0.049993
vt 0.640792 0.073553
vt 0.571102 0.073553
vt 0.571102 0.049993
vt 0.640792 0.049993
vt 0.851588 0.547814
vt 0.851586 0.049993
vt 1.178259 0.049993
vt 1.247948 0.049993
vt 1.247948 0.547815
vt 1.178259 0.547815
vt 1.178159 0.073619
vt 1.178159 0.119663
vt 1.142500 0.119663
vt 1.142500 0.073619
vt 1.353296 0.547814
vt 1.283607 0.547815
vt 1.283606 0.049993
vt 1.353295 0.049993
vt 1.178159 0.073553
vt 1.108470 0.073553
vt 1.108470 0.049993
vt 1.178159 0.049993
vt 1.388955 0.547814
vt 1.388953 0.049993
vt 0.103524 0.782693
vt 0.173213 0.782693
vt 0.173213 1.280514
vt 0.103524 1.280514
vt 0.103424 0.806318
vt 0.103424 0.852361
vt 0.067765 0.852361
vt 0.067765 0.806318
vt 0.278561 1.280514
vt 0.208872 1.280514
vt 0.208871 0.782693
vt 0.278561 0.782693
vt 0.103424 0.806252
vt 0.033735 0.806252
vt 0.033735 0.782693
vt 0.103424 0.782693
vt 0.314220 1.280514
vt 0.314219 0.782693
vt 1.178259 0.049993
vt 1.247948 0.049993
vt 1.247948 0.547815
vt 1.178259 0.547815
vt 1.178159 0.073619
vt 1.178159 0.119663
vt 1.142500 0.119663
vt 1.142500 0.073619
vt 1.353296 0.547814
vt 1.283607 0.547815
vt 1.283606 0.049993
vt 1.353295 0.049993
vt 1.178159 0.073553
vt 1.108470 0.073553
vt 1.108470 0.049993
vt 1.178159 0.049993
vt 1.388955 0.547814
vt 1.388953 0.049993
vt 0.640891 0.049993
vt 0.710581 0.049993
vt 0.710581 0.547814
vt 0.640891 0.547814
vt 0.640792 0.073619
vt 0.640792 0.119662
vt 0.605133 0.119662
vt 0.605133 0.073619
vt 0.815929 0.547814
vt 0.746240 0.547815
vt 0.746239 0.049993
vt 0.815928 0.049993
vt 0.640792 0.073553
vt 0.571102 0.073553
vt 0.571102 0.049993
vt 0.640792 0.049993
vt 0.851588 0.547814
vt 0.851586 0.049993
vt 0.640891 0.287715
vt 0.710580 0.287715
vt 0.710581 0.785536
vt 0.640891 0.785536
vt 0.640791 0.311340
vt 0.640792 0.357384
vt 0.605133 0.357384
vt 0.605133 0.311340
vt 0.815929 0.785536
vt 0.746240 0.785536
vt 0.746239 0.287715
vt 0.815928 0.287715
vt 0.640792 0.311275
vt 0.571102 0.311275
vt 0.571102 0.287715
vt 0.640792 0.287715
vt 0.851588 0.785536
vt 0.851586 0.287715
vt 1.178259 0.856788
vt 1.247948 0.856788
vt 1.247948 1.354609
vt 1.178259 1.354609
vt 1.178159 0.880413
vt 1.178159 0.926457
vt 1.142500 0.926457
vt 1.142500 0.880413
vt 1.353296 1.354609
vt 1.283607 1.354609
vt 1.283606 0.856788
vt 1.353295 0.856788
vt 1.178159 0.880347
vt 1.108470 0.880347
vt 1.108470 0.856788
vt 1.178159 0.856788
vt 1.388955 1.354609
vt 1.388953 0.856788
vt 0.640891 0.782693
vt 0.710581 0.782693
vt 0.710581 1.280514
vt 0.640891 1.280514
vt 0.640791 0.806318
vt 0.640792 0.852362
vt 0.605133 0.852362
vt 0.605133 0.806318
vt 0.815929 1.280514
vt 0.746240 1.280514
vt 0.746239 0.782693
vt 0.815928 0.782693
vt 0.640792 0.806252
vt 0.571102 0.806252
vt 0.571102 0.782693
vt 0.640792 0.782693
vt 0.851588 1.280514
vt 0.851586 0.782693
vt 0.640891 0.049993
vt 0.710581 0.049993
vt 0.710581 0.547814
vt 0.640891 0.547814
vt 0.640792 0.073619
vt 0.640792 0.119662
vt 0.605133 0.119662
vt 0.605133 0.073619
vt 0.815929 0.547814
vt 0.746240 0.547815
vt 0.746239 0.049993
vt 0.815928 0.049993
vt 0.640792 0.073553
vt 0.571102 0.073553
vt 0.571102 0.049993
vt 0.640792 0.049993
vt 0.851588 0.547814
vt 0.851586 0.049993
vt 1.178259 0.049993
vt 1.247948 0.049993
vt 1.247948 0.547815
vt 1.178259 0.547815
vt 1.178159 0.073619
vt 1.178159 0.119663
vt 1.142500 0.119663
vt 1.142500 0.073619
vt 1.353296 0.547814
vt 1.283607 0.547815
vt 1.283606 0.049993
vt 1.353295 0.049993
vt 1.178159 0.073553
vt 1.108470 0.073553
vt 1.108470 0.049993
vt 1.178159 0.049993
vt 1.388955 0.547814
vt 1.388953 0.049993
vt 0.103524 0.287715
vt 0.173213 0.287715
vt 0.173213 0.785536
vt 0.103524 0.785536
vt 0.103424 0.311340
vt 0.103424 0.357384
vt 0.067765 0.357384
vt 0.067765 0.311340
vt 0.278561 0.785536
vt 0.208872 0.785536
vt 0.208871 0.287715
vt 0.278561 0.287715
vt 0.103424 0.311274
vt 0.033735 0.311274
vt 0.033735 0.287715
vt 0.103424 0.287715
vt 0.314220 0.785536
vt 0.314219 0.287715
vt 1.178259 0.544971
vt 1.247948 0.544971
vt 1.247948 1.042792
vt 1.178259 1.042792
vt 1.178159 0.568597
vt 1.178159 0.614641
vt 1.142500 0.614641
vt 1.142500 0.568597
vt 1.353296 1.042792
vt 1.283607 1.042793
vt 1.283606 0.544971
vt 1.353295 0.544971
vt 1.178159 0.568531
vt 1.108470 0.568531
vt 1.108470 0.544971
vt 1.178159 0.544971
vt 1.388955 1.042792
vt 1.388953 0.544971
vt 0.640891 0.049993
vt 0.710581 0.049993
vt 0.710581 0.547814
vt 0.640891 0.547814
vt 0.640792 0.073619
vt 0.640792 0.119662
vt 0.605133 0.119662
vt 0.605133 0.073619
vt 0.815929 0.547814
vt 0.746240 0.547815
vt 0.746239 0.049993
vt 0.815928 0.049993
vt 0.640792 0.073553
vt 0.571102 0.073553
vt 0.571102 0.049993
vt 0.640792 0.049993
vt 0.851588 0.547814
vt 0.851586 0.049993
vt 0.640891 0.287715
vt 0.710580 0.287715
vt 0.710581 0.785536
vt 0.640891 0.785536
vt 0.640791 0.311340
vt 0.640792 0.357384
vt 0.605133 0.357384
vt 0.605133 0.311340
vt 0.815929 0.785536
vt 0.746240 0.785536
vt 0.746239 0.287715
vt 0.815928 0.287715
vt 0.640792 0.311275
vt 0.571102 0.311275
vt 0.571102 0.287715
vt 0.640792 0.287715
vt 0.851588 0.785536
vt 0.851586 0.287715
vt 1.178259 0.361810
vt 1.247948 0.361810
vt 1.247948 0.859631
vt 1.178259 0.859631
vt 1.178159 0.385435
vt 1.178159 0.431479
vt 1.142500 0.431479
vt 1.142500 0.385435
vt 1.353296 0.859631
vt 1.283607 0.859631
vt 1.283606 0.361810
vt 1.353295 0.361810
vt 1.178159 0.385370
vt 1.108470 0.385370
vt 1.108470 0.361810
vt 1.178159 0.361810
vt 1.388955 0.859631
vt 1.388953 0.361810
vt 1.178259 0.049993
vt 1.247948 0.049993
vt 1.247948 0.547815
vt 1.178259 0.547815
vt 1.178159 0.073619
vt 1.178159 0.119663
vt 1.142500 0.119663
vt 1.142500 0.073619
vt 1.353296 0.547814
vt 1.283607 0.547815
vt 1.283606 0.049993
vt 1.353295 0.049993
vt 1.178159 0.073553
vt 1.108470 0.073553
vt 1.108470 0.049993
vt 1.178159 0.049993
vt 1.388955 0.547814
vt 1.388953 0.049993
vt 0.640891 0.049993
vt 0.710581 0.049993
vt 0.710581 0.547814
vt 0.640891 0.547814
vt 0.640792 0.073619
vt 0.640792 0.119662
vt 0.605133 0.119662
vt 0.605133 0.073619
vt 0.815929 0.547814
vt 0.746240 0.547815
vt 0.746239 0.049993
vt 0.815928 0.049993
vt 0.640792 0.073553
vt 0.571102 0.073553
vt 0.571102 0.049993
vt 0.640792 0.049993
vt 0.851588 0.547814
vt 0.851586 0.049993
vt 0.640891 0.287715
vt 0.710580 0.287715
vt 0.710581 0.785536
vt 0.640891 0.785536
vt 0.640791 0.311340
vt 0.640792 0.357384
vt 0.605133 0.357384
vt 0.605133 0.311340
vt 0.815929 0.785536
vt 0.746240 0.785536
vt 0.746239 0.287715
vt 0.815928 0.287715
vt 0.640792 0.311275
vt 0.571102 0.311275
vt 0.571102 0.287715
vt 0.640792 0.287715
vt 0.851588 0.785536
vt 0.851586 0.287715
vt 1.178259 0.361810
vt 1.247948 0.361810
vt 1.247948 0.859631
vt 1.178259 0.859631
vt 1.178159 0.385435
vt 1.178159 0.431479
vt 1.142500 0.431479
vt 1.142500 0.385435
vt 1.353296 0.859631
vt 1.283607 0.859631
vt 1.283606 0.361810
vt 1.353295 0.361810
vt 1.178159 0.385370
vt 1.108470 0.385370
vt 1.108470 0.361810
vt 1.178159 0.361810
vt 1.388955 0.859631
vt 1.388953 0.361810
vn 0.0000 -0.6415 0.7671
vn 1.0000 0.0000 0.0000
vn 0.0159 0.7376 -0.6751
vn 0.0047 -0.9520 -0.3061
vn 0.0000 0.7671 0.6415
vn 0.0000 0.6961 -0.7180
vn 0.0000 -0.9022 -0.4314
vn -1.0000 0.0000 0.0000
vn 0.0000 -0.9689 -0.2474
vn 0.0000 0.7729 -0.6345
vn 0.0000 0.7728 -0.6347
vn -0.0000 -0.9824 -0.1868
vn 0.0000 -0.9021 -0.4314
vn 0.0000 -0.9906 0.1370
vn 0.0000 0.9978 -0.0657
vn 0.0000 -0.9906 0.1369
vn -0.0083 0.9812 0.1929
vn 0.0101 -0.9786 -0.2053
vn 0.0655 0.7040 -0.7072
vn -0.0160 0.7379 -0.6748
vn -0.0062 -0.9649 -0.2625
vn 0.0075 -0.9641 -0.2656
vn 0.0192 0.7367 -0.6759
vn 0.0000 -0.6415 -0.7671
vn 0.0000 0.7671 -0.6415
vn -0.0000 -0.9022 0.4314
vn 0.0000 0.6961 0.7180
vn 0.0263 0.7332 0.6795
vn 0.0107 -0.9612 0.2755
vn 0.0159 0.7376 0.6751
vn 0.0047 -0.9520 0.3061
vn 0.0000 -0.9689 0.2474
vn 0.0000 0.7729 0.6345
vn 0.0000 -0.9021 0.4314
vn 0.0000 -0.9906 -0.1370
vn 0.0000 0.9978 0.0657
vn 0.0000 -0.9906 -0.1369
vn 0.0000 0.7651 0.6439
vn 0.0000 -0.9797 0.2005
vn 0.0075 -0.9641 0.2656
vn 0.0192 0.7367 0.6759
vn -0.0000 -0.9870 0.1610
vn 0.0000 0.8216 0.5700
vn -0.0075 -0.9641 0.2656
vn -0.0192 0.7367 0.6759
vn -0.7671 -0.6415 0.0000
vn -0.6415 0.7671 -0.0000
vn 0.4314 -0.9022 0.0000
vn 0.7180 0.6961 -0.0000
vn -0.1463 0.2567 0.9554
vn 0.0000 -0.0000 -1.0000
vn 0.0000 0.0000 1.0000
vn 0.6751 0.7376 0.0127
vn 0.3061 -0.9520 0.0037
vn -0.9831 -0.1832 0.0000
vn 0.9670 0.2549 -0.0000
vn -0.0661 -0.9978 0.0000
vn -0.1831 0.9831 -0.0000
vn -0.1832 0.9831 0.0000
vn -0.0017 0.2890 0.9573
vn -0.0010 0.1646 0.9864
vn -0.2068 0.3628 -0.9087
vn -0.2228 0.3910 -0.8930
vn -0.1968 0.5980 -0.7769
vn 0.6345 0.7729 -0.0000
vn 0.2474 -0.9689 0.0000
vn -0.0034 0.5806 -0.8142
vn -0.0014 0.2446 -0.9696
vn 0.7671 -0.6415 0.0000
vn 0.6415 0.7671 -0.0000
vn -0.4314 -0.9022 0.0000
vn -0.7180 0.6961 -0.0000
vn 0.1463 0.2567 0.9554
vn -0.6751 0.7376 0.0159
vn -0.3061 -0.9520 0.0047
vn 0.9831 -0.1832 0.0000
vn -0.9670 0.2549 -0.0000
vn 0.0661 -0.9978 0.0000
vn 0.1831 0.9831 -0.0000
vn 0.1832 0.9831 0.0000
vn 0.0017 0.2890 0.9573
vn -0.1443 0.5642 0.8129
vn -0.9320 0.3625 -0.0000
vn 0.3187 -0.9479 0.0000
vn 0.0010 0.1646 0.9864
vn 0.2068 0.3628 -0.9087
vn 0.2228 0.3910 -0.8930
vn 0.1237 0.3757 -0.9184
vn -0.6345 0.7729 -0.0000
vn -0.2474 -0.9689 0.0000
vn 0.0034 0.5806 -0.8142
vn 0.0032 0.5588 -0.8293
vn -0.9478 0.3182 -0.0199
vn 0.2441 -0.9697 -0.0070
vn 0.0014 0.2446 -0.9696
vn -0.8733 -0.4872 0.0000
vn 0.8352 0.5500 -0.0000
vn 0.2556 -0.9668 0.0000
vn -0.4871 0.8733 -0.0000
vn -0.1787 -0.9839 0.0000
vn -0.9909 0.1348 0.0019
vn 0.9304 -0.3664 -0.0053
vn 0.0927 0.9953 0.0285
vn -0.2369 -0.9715 0.0000
vn -0.9715 0.2369 -0.0000
vn 0.8825 -0.4702 0.0000
vn 0.1649 0.9863 -0.0000
vn 0.7740 -0.6332 0.0000
vn 0.0522 0.9986 -0.0000
vn 0.9252 0.2746 -0.2619
vn 0.8524 -0.3772 -0.3622
vn 0.8660 -0.0057 -0.5000
vn 0.9101 0.1207 -0.3964
vn -0.6703 0.2746 0.6894
vn -0.5571 -0.3772 0.7398
vn -0.5000 -0.0057 0.8660
vn -0.5900 0.1207 0.7983
vn -0.6894 0.2746 -0.6703
vn -0.7398 -0.3772 -0.5571
vn -0.8660 -0.0057 -0.5000
vn -0.7983 0.1207 -0.5900
vn 0.5000 -0.0057 -0.8660
vn 0.5900 0.1207 -0.7983
vn -0.3622 -0.3772 0.8524
vn -0.2744 0.3802 0.8833
vn -0.8524 -0.3772 -0.3622
vn -0.8833 0.3802 -0.2744
vn 0.3622 -0.3772 -0.8524
vn 0.2744 0.3802 -0.8833
vn 0.0291 -0.9983 0.0505
vn -0.0000 -0.9983 0.0583
vn -0.0292 -0.9983 0.0505
vn -0.0505 -0.9983 0.0291
vn -0.0583 -0.9983 -0.0000
vn -0.0505 -0.9983 -0.0292
vn -0.0291 -0.9983 -0.0505
vn 0.0000 -0.9983 -0.0583
vn 0.0292 -0.9983 -0.0505
vn 0.0505 -0.9983 -0.0291
vn 0.0583 -0.9983 0.0000
vn 0.0505 -0.9983 0.0292
vn 0.8618 0.0987 0.4976
vn 0.8660 -0.0057 0.5000
vn 0.4976 0.0987 0.8618
vn 0.5000 -0.0057 0.8660
vn 0.9951 0.0987 0.0000
vn 1.0000 -0.0057 -0.0000
vn 0.9193 -0.3772 -0.1125
vn 0.9021 0.3802 -0.2040
vn 0.0291 0.9983 0.0505
vn -0.0000 0.9983 0.0583
vn 0.0505 0.9983 0.0292
vn 0.0583 0.9983 0.0000
vn 0.0505 0.9983 -0.0291
vn 0.0292 0.9983 -0.0505
vn 0.0000 0.9983 -0.0583
vn -0.0291 0.9983 -0.0505
vn -0.0505 0.9983 -0.0292
vn -0.0583 0.9983 -0.0000
vn -0.0505 0.9983 0.0291
vn -0.0292 0.9983 0.0505
vn -0.2619 0.2746 -0.9252
vn -0.3622 -0.3772 -0.8524
vn -0.5000 -0.0057 -0.8660
vn -0.3964 0.1207 -0.9101
vn 0.6894 0.2746 0.6703
vn 0.7398 -0.3772 0.5571
vn 0.7983 0.1207 0.5900
vn 0.4976 0.0987 -0.8618
vn -0.9951 0.0987 -0.0000
vn -1.0000 -0.0057 0.0000
vn -0.9193 -0.3772 0.1125
vn -0.9021 0.3802 0.2040
vn 0.0583 0.9983 0.0002
vn 0.2619 0.2746 0.9252
vn 0.3622 -0.3772 0.8524
vn 0.3964 0.1207 0.9101
vn 0.6703 0.2746 -0.6894
vn 0.5571 -0.3772 -0.7398
vn 0.8524 -0.3772 0.3622
vn 0.8833 0.3802 0.2744
vn -0.4976 0.0987 0.8618
vn -0.0000 0.0987 -0.9951
vn -0.0000 -0.0057 -1.0000
vn -0.1125 -0.3772 -0.9193
vn -0.2040 0.3802 -0.9021
vn -0.9252 0.2746 0.2619
vn -0.8524 -0.3772 0.3622
vn -0.8660 -0.0057 0.5000
vn -0.9101 0.1207 0.3964
vn -0.8618 0.0987 -0.4976
vn -0.0000 0.0816 -0.9967
vn -0.0000 -0.0043 -1.0000
vn -0.1860 -0.3180 -0.9296
vn -0.2612 0.3186 -0.9112
vn -0.9487 0.2294 0.2177
vn -0.8981 -0.3181 0.3037
vn -0.8660 -0.0043 0.5000
vn -0.9042 0.1001 0.4152
vn 0.7127 0.2294 -0.6629
vn 0.6259 -0.3181 -0.7121
vn 0.5000 -0.0043 -0.8660
vn 0.5754 0.1001 -0.8117
vn 0.6629 0.2294 0.7127
vn 0.7121 -0.3181 0.6259
vn 0.8660 -0.0043 0.5000
vn 0.8117 0.1001 0.5754
vn -0.5000 -0.0043 0.8660
vn -0.5754 0.1001 0.8117
vn 0.8981 -0.3180 0.3037
vn 0.9197 0.3186 0.2294
vn -0.3037 -0.3180 0.8981
vn -0.2294 0.3186 0.9197
vn -0.0389 -0.9970 -0.0673
vn -0.0000 -0.9970 -0.0777
vn 0.0388 -0.9970 -0.0673
vn 0.0673 -0.9970 -0.0389
vn 0.0777 -0.9970 -0.0000
vn 0.0673 -0.9970 0.0388
vn 0.0389 -0.9970 0.0673
vn 0.0000 -0.9970 0.0777
vn -0.0388 -0.9970 0.0673
vn -0.0673 -0.9970 0.0389
vn -0.0777 -0.9970 0.0000
vn -0.0673 -0.9970 -0.0388
vn -0.8631 0.0816 -0.4983
vn -0.8660 -0.0043 -0.5000
vn -0.0000 0.0816 0.9967
vn 0.0000 -0.0043 1.0000
vn 0.1860 -0.3180 0.9296
vn 0.2612 0.3186 0.9112
vn -0.0389 0.9970 -0.0673
vn 0.0000 0.9970 -0.0777
vn -0.0673 0.9970 -0.0388
vn -0.0777 0.9970 0.0000
vn -0.0673 0.9970 0.0389
vn -0.0388 0.9970 0.0673
vn 0.0000 0.9970 0.0777
vn 0.0389 0.9970 0.0673
vn 0.0673 0.9970 0.0388
vn 0.0777 0.9970 -0.0000
vn 0.0673 0.9970 -0.0389
vn 0.0388 0.9970 -0.0673
vn 0.9487 0.2294 -0.2177
vn 0.8981 -0.3181 -0.3037
vn 0.8660 -0.0043 -0.5000
vn 0.9042 0.1001 -0.4152
vn -0.7127 0.2294 0.6629
vn -0.6259 -0.3181 0.7121
vn -0.6629 0.2294 -0.7127
vn -0.7121 -0.3181 -0.6259
vn -0.8117 0.1001 -0.5754
vn -0.8981 -0.3180 -0.3037
vn -0.9197 0.3186 -0.2294
vn 0.3037 -0.3180 -0.8981
vn 0.2294 0.3186 -0.9197
vn 0.8631 0.0816 0.4983
vn 0.9967 0.0816 0.0000
vn 1.0000 -0.0043 -0.0000
vn 0.9296 -0.3180 -0.1860
vn 0.9112 0.3186 -0.2612
vn 0.0001 0.9970 0.0777
vn -0.2177 0.2294 -0.9487
vn -0.3037 -0.3181 -0.8981
vn -0.5000 -0.0043 -0.8660
vn -0.4152 0.1001 -0.9042
vn 0.4983 0.0816 -0.8631
vn -0.9967 0.0816 0.0000
vn -1.0000 -0.0043 0.0000
vn -0.9296 -0.3180 0.1860
vn -0.9112 0.3186 0.2612
vn 0.2177 0.2294 0.9487
vn 0.3037 -0.3181 0.8981
vn 0.5000 -0.0043 0.8660
vn 0.4152 0.1001 0.9042
vn -0.4983 0.0816 0.8631
vn -0.7037 0.0987 -0.7037
vn -0.7071 -0.0057 -0.7071
vn -0.7296 -0.3772 -0.5704
vn -0.7822 0.3802 -0.4937
vn 0.0000 1.0000 -0.0078
vn 0.0000 1.0000 -0.0000
vn 0.5000 0.8660 -0.0000
vn 0.5000 0.8660 -0.0078
vn -0.5000 -0.8660 -0.0078
vn -0.5000 -0.8660 0.0000
vn -0.8660 -0.5000 0.0000
vn -0.8660 -0.5000 -0.0078
vn 0.8660 -0.5000 -0.0078
vn 0.8660 -0.5000 0.0000
vn 0.5000 -0.8660 0.0000
vn 0.5000 -0.8660 -0.0078
vn 0.8660 0.5000 -0.0000
vn 0.8660 0.5000 -0.0078
vn -1.0000 0.0000 -0.0078
vn 0.0000 -1.0000 0.0000
vn 0.0000 -1.0000 -0.0078
vn 1.0000 -0.0000 -0.0078
vn -0.5000 0.8660 -0.0078
vn -0.5000 0.8660 -0.0000
vn -0.8660 0.5000 -0.0078
vn -0.8660 0.5000 -0.0000
vn -0.0875 0.0505 -0.9949
vn -0.1011 -0.0000 -0.9949
vn -0.0506 0.0875 -0.9949
vn -0.0000 0.1011 -0.9949
vn 0.0505 0.0875 -0.9949
vn 0.0875 0.0506 -0.9949
vn 0.1011 0.0000 -0.9949
vn 0.0875 -0.0505 -0.9949
vn 0.0506 -0.0875 -0.9949
vn 0.0000 -0.1011 -0.9949
vn -0.0505 -0.0875 -0.9949
vn -0.0875 -0.0506 -0.9949
vn 0.0032 1.0000 0.0000
vn 0.0000 0.8660 0.5000
vn 0.0032 0.8660 0.5000
vn 0.0032 -0.8660 -0.5000
vn -0.0000 -0.8660 -0.5000
vn -0.0000 -0.5000 -0.8660
vn 0.0032 -0.5000 -0.8660
vn 0.0032 -0.5000 0.8660
vn 0.0000 -0.5000 0.8660
vn 0.0000 -0.8660 0.5000
vn 0.0032 -0.8660 0.5000
vn 0.0000 0.5000 0.8660
vn 0.0032 0.5000 0.8660
vn 0.0032 -0.0000 -1.0000
vn 0.0032 -1.0000 0.0000
vn 0.0032 0.0000 1.0000
vn 0.0032 0.8660 -0.5000
vn 0.0000 0.8660 -0.5000
vn 0.0032 0.5000 -0.8660
vn 0.0000 0.5000 -0.8660
vn 0.9968 0.0403 -0.0697
vn 0.9968 -0.0000 -0.0805
vn 0.9968 0.0698 -0.0402
vn 0.9968 0.0805 0.0000
vn 0.9968 0.0697 0.0403
vn 0.9968 0.0402 0.0698
vn 0.9968 -0.0000 0.0805
vn 0.9968 -0.0403 0.0697
vn 0.9968 -0.0698 0.0403
vn 0.9968 -0.0805 -0.0000
vn 0.9968 -0.0697 -0.0403
vn 0.9968 -0.0403 -0.0698
vn 0.0874 0.0507 -0.9949
vn -0.0876 -0.0505 -0.9949
vn -0.0507 -0.0874 -0.9949
vn -0.0001 -0.1011 -0.9949
vn 0.0507 -0.0875 -0.9949
vn 0.0876 -0.0504 -0.9949
vn -0.0032 1.0000 0.0000
vn -0.0032 0.8660 0.5000
vn -0.0032 -0.8660 -0.5000
vn -0.0032 -0.5000 -0.8660
vn -0.0032 -0.5000 0.8660
vn -0.0032 -0.8660 0.5000
vn -0.0032 0.5000 0.8660
vn -0.0032 -0.0000 -1.0000
vn -0.0032 -1.0000 0.0000
vn -0.0032 0.0000 1.0000
vn -0.0032 0.8660 -0.5000
vn -0.0032 0.5000 -0.8660
vn -0.9968 0.0403 -0.0697
vn -0.9968 -0.0000 -0.0805
vn -0.9968 0.0696 -0.0405
vn -0.9968 0.0805 0.0000
vn -0.9968 0.0697 0.0403
vn -0.9968 0.0404 0.0697
vn -0.9968 -0.0001 0.0805
vn -0.9968 -0.0403 0.0697
vn -0.9968 -0.0698 0.0402
vn -0.9968 -0.0805 -0.0000
vn -0.9968 -0.0697 -0.0403
vn -0.9968 -0.0402 -0.0698
vn -0.0000 1.0000 0.0078
vn 0.5000 0.8660 0.0078
vn -0.5000 -0.8660 0.0078
vn -0.8660 -0.5000 0.0078
vn 0.8660 -0.5000 0.0078
vn 0.5000 -0.8660 0.0078
vn 0.8660 0.5000 0.0078
vn -1.0000 -0.0000 0.0078
vn 0.0000 -1.0000 0.0078
vn 1.0000 0.0000 0.0078
vn -0.5000 0.8660 0.0078
vn -0.8660 0.5000 0.0078
vn -0.0874 0.0507 0.9949
vn -0.1011 0.0000 0.9949
vn -0.0505 0.0875 0.9949
vn 0.0000 0.1011 0.9949
vn 0.0506 0.0875 0.9949
vn 0.0875 0.0505 0.9949
vn 0.1011 -0.0000 0.9949
vn 0.0876 -0.0505 0.9949
vn 0.0507 -0.0874 0.9949
vn 0.0001 -0.1011 0.9949
vn -0.0508 -0.0874 0.9949
vn -0.0876 -0.0504 0.9949
vn 0.9968 0.0403 0.0697
vn 0.9968 0.0696 0.0405
vn 0.9968 0.0697 -0.0403
vn 0.9968 0.0404 -0.0697
vn 0.9968 -0.0001 -0.0805
vn 0.9968 -0.0403 -0.0697
vn 0.9968 -0.0698 -0.0402
vn 0.9968 -0.0697 0.0403
vn 0.9968 -0.0402 0.0698
vn -0.0875 0.0506 0.9949
vn -0.0875 -0.0505 0.9949
vn -0.0506 -0.0875 0.9949
vn -0.0000 -0.1011 0.9949
vn 0.0505 -0.0875 0.9949
vn 0.0875 -0.0506 0.9949
vn -0.9968 0.0403 0.0697
vn -0.9968 -0.0000 0.0805
vn -0.9968 0.0698 0.0402
vn -0.9968 0.0697 -0.0403
vn -0.9968 0.0402 -0.0698
vn -0.9968 -0.0403 -0.0697
vn -0.9968 -0.0698 -0.0403
vn -0.9968 -0.0697 0.0403
vn -0.9968 -0.0403 0.0698
vn -0.4691 0.2746 0.8394
vn -0.3466 -0.3772 0.8588
vn -0.2588 -0.0057 0.9659
vn -0.3633 0.1207 0.9238
vn -0.0135 0.2746 -0.9615
vn -0.1292 -0.3772 -0.9171
vn -0.2588 -0.0057 -0.9659
vn -0.1473 0.1207 -0.9817
vn 0.9615 0.2746 -0.0135
vn 0.9171 -0.3772 -0.1292
vn 0.9659 -0.0057 -0.2588
vn 0.9817 0.1207 -0.1473
vn 0.2588 -0.0057 0.9659
vn 0.1473 0.1207 0.9817
vn 0.8588 -0.3772 -0.3466
vn 0.8186 0.3802 -0.4305
vn 0.3466 -0.3772 0.8588
vn 0.4305 0.3802 0.8186
vn -0.0563 -0.9983 -0.0151
vn -0.0412 -0.9983 -0.0413
vn -0.0151 -0.9983 -0.0563
vn 0.0151 -0.9983 -0.0563
vn 0.0413 -0.9983 -0.0412
vn 0.0563 -0.9983 -0.0151
vn 0.0563 -0.9983 0.0151
vn 0.0412 -0.9983 0.0413
vn 0.0151 -0.9983 0.0563
vn -0.0151 -0.9983 0.0563
vn -0.0413 -0.9983 0.0412
vn -0.0563 -0.9983 0.0151
vn -0.9612 0.0987 0.2576
vn -0.9659 -0.0057 0.2588
vn -0.0563 0.9983 -0.0151
vn -0.0412 0.9983 -0.0413
vn -0.0563 0.9983 0.0151
vn -0.0413 0.9983 0.0412
vn -0.0151 0.9983 0.0563
vn 0.0151 0.9983 0.0563
vn 0.0412 0.9983 0.0413
vn 0.0563 0.9983 0.0151
vn 0.0563 0.9983 -0.0151
vn 0.0413 0.9983 -0.0412
vn 0.0151 0.9983 -0.0563
vn -0.0151 0.9983 -0.0563
vn -0.7047 0.0816 -0.7047
vn -0.7071 -0.0043 -0.7071
vn -0.7889 -0.3180 -0.5258
vn -0.8290 0.3186 -0.4596
vn 0.0001 0.9983 -0.0583
vn -0.5169 0.2294 0.8247
vn -0.4203 -0.3181 0.8498
vn -0.2588 -0.0043 0.9659
vn -0.3457 0.1001 0.9330
vn 0.0353 0.2294 -0.9727
vn -0.0609 -0.3181 -0.9461
vn -0.2588 -0.0043 -0.9659
vn -0.1671 0.1001 -0.9809
vn 0.9727 0.2294 0.0353
vn 0.9461 -0.3181 -0.0609
vn 0.9659 -0.0043 -0.2588
vn 0.9809 0.1001 -0.1671
vn 0.2588 -0.0043 0.9659
vn 0.1671 0.1001 0.9809
vn 0.8498 -0.3180 -0.4203
vn 0.8125 0.3186 -0.4881
vn 0.4203 -0.3180 0.8498
vn 0.4881 0.3186 0.8125
vn -0.0750 -0.9970 -0.0201
vn -0.0549 -0.9970 -0.0549
vn -0.0201 -0.9970 -0.0750
vn 0.0201 -0.9970 -0.0750
vn 0.0549 -0.9970 -0.0549
vn 0.0750 -0.9970 -0.0201
vn 0.0750 -0.9970 0.0201
vn 0.0549 -0.9970 0.0549
vn 0.0201 -0.9970 0.0750
vn -0.0201 -0.9970 0.0750
vn -0.0549 -0.9970 0.0549
vn -0.0750 -0.9970 0.0201
vn -0.9627 0.0816 0.2580
vn -0.9659 -0.0043 0.2588
vn 0.7047 0.0816 0.7047
vn 0.7071 -0.0043 0.7071
vn 0.7889 -0.3180 0.5258
vn 0.8290 0.3186 0.4596
vn -0.0750 0.9970 -0.0201
vn -0.0549 0.9970 -0.0550
vn -0.0750 0.9970 0.0201
vn -0.0549 0.9970 0.0549
vn -0.0201 0.9970 0.0750
vn 0.0201 0.9970 0.0750
vn 0.0549 0.9970 0.0549
vn 0.0750 0.9970 0.0201
vn 0.0750 0.9970 -0.0201
vn 0.0549 0.9970 -0.0549
vn 0.0201 0.9970 -0.0750
vn -0.0201 0.9970 -0.0750
vn 0.5169 0.2294 -0.8247
vn 0.4203 -0.3181 -0.8498
vn 0.2588 -0.0043 -0.9659
vn 0.3457 0.1001 -0.9330
vn -0.0353 0.2294 0.9727
vn 0.0609 -0.3181 0.9461
vn -0.9727 0.2294 -0.0353
vn -0.9461 -0.3181 0.0609
vn -0.9809 0.1001 0.1671
vn -0.8498 -0.3180 0.4203
vn -0.8125 0.3186 0.4881
vn -0.4203 -0.3180 -0.8498
vn -0.4881 0.3186 -0.8125
vn 0.9627 0.0816 -0.2580
vn -0.0000 0.0080 1.0000
vn 0.0278 -0.3250 0.9453
vn 0.0184 -0.6340 0.7731
vn 0.2281 0.2853 0.9309
vn 0.0549 0.9970 0.0550
vn -0.0549 0.9970 -0.0549
vn -0.7071 -0.7071 -0.0083
vn -0.7071 -0.7071 0.0083
vn -0.9659 -0.2588 0.0083
vn -0.9659 -0.2588 -0.0083
vn 0.9659 0.2588 -0.0083
vn 0.9659 0.2588 0.0083
vn 0.9659 -0.2588 0.0083
vn 0.9659 -0.2588 -0.0083
vn -0.2588 0.9659 -0.0083
vn -0.2588 0.9659 0.0083
vn 0.2588 0.9659 0.0083
vn 0.2588 0.9659 -0.0083
vn -0.9659 0.2588 0.0083
vn -0.9659 0.2588 -0.0083
vn 0.7071 -0.7071 0.0083
vn 0.7071 -0.7071 -0.0083
vn 0.7071 0.7071 0.0083
vn 0.7071 0.7071 -0.0083
vn -0.7071 0.7071 0.0083
vn -0.7071 0.7071 -0.0083
vn 0.0152 -0.0567 0.9983
vn 0.0415 -0.0415 0.9983
vn 0.0567 -0.0152 0.9983
vn 0.0567 0.0152 0.9983
vn 0.0415 0.0415 0.9983
vn 0.0152 0.0567 0.9983
vn -0.0152 0.0567 0.9983
vn -0.0415 0.0415 0.9983
vn -0.0567 0.0152 0.9983
vn -0.0567 -0.0152 0.9983
vn -0.0415 -0.0415 0.9983
vn -0.0152 -0.0567 0.9983
vn -0.2588 -0.9659 -0.0083
vn -0.2588 -0.9659 0.0083
vn 0.2588 -0.9659 -0.0083
vn 0.2588 -0.9659 0.0083
vn 0.0152 -0.0567 -0.9983
vn 0.0416 -0.0414 -0.9983
vn -0.0152 -0.0567 -0.9983
vn -0.0415 -0.0415 -0.9983
vn -0.0567 -0.0152 -0.9983
vn -0.0567 0.0152 -0.9983
vn -0.0415 0.0415 -0.9983
vn -0.0152 0.0567 -0.9983
vn 0.0152 0.0567 -0.9983
vn 0.0415 0.0415 -0.9983
vn 0.0567 0.0152 -0.9983
vn 0.0567 -0.0152 -0.9983
vn -0.7038 -0.7038 0.0971
vn -0.6949 -0.7125 -0.0969
vn -0.9614 -0.2576 -0.0971
vn -0.9645 -0.2455 0.0969
vn 0.9614 0.2576 0.0971
vn 0.9581 0.2696 -0.0969
vn 0.9614 -0.2576 -0.0971
vn 0.9581 -0.2696 0.0969
vn -0.2576 0.9614 0.0971
vn -0.2696 0.9581 -0.0969
vn 0.2576 0.9614 -0.0971
vn 0.2696 0.9581 0.0969
vn -0.9614 0.2576 -0.0971
vn -0.9581 0.2696 0.0969
vn 0.7038 -0.7038 -0.0971
vn 0.6949 -0.7125 0.0969
vn 0.7038 0.7038 -0.0971
vn 0.7125 0.6949 0.0969
vn -0.7038 0.7038 -0.0971
vn -0.6949 0.7125 0.0969
vn 0.0551 -0.1895 0.9803
vn 0.1424 -0.1365 0.9803
vn 0.1916 -0.0470 0.9803
vn 0.1895 0.0551 0.9803
vn 0.1365 0.1425 0.9803
vn 0.0470 0.1916 0.9803
vn -0.0551 0.1895 0.9803
vn -0.1424 0.1365 0.9803
vn -0.1916 0.0470 0.9803
vn -0.1895 -0.0551 0.9803
vn -0.1365 -0.1424 0.9803
vn -0.0470 -0.1916 0.9803
vn -0.2576 -0.9614 0.0971
vn -0.2455 -0.9645 -0.0969
vn 0.2576 -0.9614 0.0971
vn 0.2696 -0.9581 -0.0969
vn 0.0551 -0.1895 -0.9803
vn 0.1395 -0.1394 -0.9804
vn -0.0470 -0.1916 -0.9803
vn -0.1365 -0.1424 -0.9803
vn -0.1895 -0.0551 -0.9803
vn -0.1916 0.0470 -0.9803
vn -0.1424 0.1365 -0.9803
vn -0.0551 0.1895 -0.9803
vn 0.0470 0.1916 -0.9803
vn 0.1365 0.1424 -0.9803
vn 0.1895 0.0551 -0.9803
vn 0.1916 -0.0470 -0.9803
vn 0.0000 0.9998 0.0198
vn 0.0000 1.0000 0.0001
vn 0.5000 0.8660 0.0001
vn 0.5022 0.8645 0.0198
vn -0.4999 -0.8659 0.0198
vn -0.5000 -0.8660 0.0001
vn -0.8660 -0.5000 0.0001
vn -0.8672 -0.4976 0.0198
vn 0.8659 -0.4999 0.0198
vn 0.8660 -0.5000 0.0001
vn 0.5000 -0.8660 0.0001
vn 0.4976 -0.8672 0.0198
vn 0.8660 0.5000 0.0001
vn 0.8672 0.4976 0.0198
vn -1.0000 0.0000 0.0001
vn -0.9998 0.0027 0.0198
vn 0.0000 -1.0000 0.0001
vn -0.0026 -0.9998 0.0198
vn 1.0000 -0.0000 0.0001
vn 0.9998 -0.0027 0.0198
vn -0.4999 0.8659 0.0198
vn -0.5000 0.8660 0.0001
vn -0.8659 0.4999 0.0198
vn -0.8660 0.5000 0.0001
vn -0.1175 0.0661 -0.9909
vn -0.1348 -0.0000 -0.9909
vn -0.0687 0.1160 -0.9909
vn -0.0015 0.1348 -0.9909
vn 0.0661 0.1175 -0.9909
vn 0.1160 0.0687 -0.9909
vn 0.1348 0.0015 -0.9909
vn 0.1175 -0.0661 -0.9909
vn 0.0687 -0.1160 -0.9909
vn 0.0015 -0.1348 -0.9909
vn -0.0661 -0.1175 -0.9909
vn -0.1160 -0.0687 -0.9909
vn 0.1642 0.9864 0.0000
vn 0.2806 0.9598 0.0000
vn 0.2483 0.8493 0.4659
vn 0.1418 0.8567 0.4960
vn -0.1282 -0.8316 -0.5404
vn -0.2424 -0.8280 -0.5057
vn -0.1345 -0.4591 -0.8781
vn -0.0808 -0.5100 -0.8564
vn -0.0667 -0.4235 0.9034
vn -0.1345 -0.4591 0.8781
vn -0.2424 -0.8280 0.5057
vn -0.1331 -0.8702 0.4743
vn 0.1540 0.5271 0.8357
vn 0.0797 0.4851 0.8708
vn 0.0135 0.0468 -0.9988
vn -0.0032 -0.0243 -0.9997
vn -0.2810 -0.9597 0.0000
vn -0.1511 -0.9884 -0.0143
vn 0.0135 0.0468 0.9988
vn -0.0032 -0.0255 0.9997
vn 0.1453 0.8772 -0.4576
vn 0.2483 0.8493 -0.4658
vn 0.0916 0.5618 -0.8222
vn 0.1540 0.5271 -0.8357
vn 0.9968 -0.0698 0.0402
vn -0.0027 0.9998 -0.0197
vn 0.4999 0.8659 -0.0197
vn -0.4976 -0.8672 -0.0197
vn -0.8659 -0.4999 -0.0197
vn 0.8672 -0.4976 -0.0197
vn 0.4999 -0.8659 -0.0197
vn 0.8659 0.4999 -0.0197
vn -0.9998 -0.0000 -0.0197
vn 0.0000 -0.9998 -0.0197
vn 0.9998 -0.0000 -0.0197
vn -0.5022 0.8645 -0.0197
vn -0.8672 0.4976 -0.0197
vn -0.1167 0.0675 0.9909
vn -0.1348 0.0015 0.9909
vn -0.0674 0.1167 0.9909
vn 0.0000 0.1348 0.9909
vn 0.0674 0.1167 0.9909
vn 0.1167 0.0673 0.9909
vn 0.1348 -0.0000 0.9909
vn 0.1168 -0.0672 0.9909
vn 0.0675 -0.1167 0.9909
vn 0.0001 -0.1348 0.9909
vn -0.0676 -0.1166 0.9909
vn -0.1167 -0.0674 0.9909
vn 0.1644 0.9863 -0.0129
vn 0.2483 0.8493 -0.4659
vn -0.0808 -0.5099 -0.8564
vn 0.0142 0.0916 0.9957
vn -0.1514 -0.9885 -0.0000
vn 0.0141 0.0916 -0.9957
vn 0.0798 0.4851 0.8708
vn 0.9968 0.0698 0.0402
vn 0.9968 -0.0403 0.0698
vn 0.9490 0.1853 -0.2551
vn 0.6607 -0.6548 -0.3669
vn 0.8193 -0.3242 -0.4730
vn 0.9125 0.0277 -0.4081
vn -0.6943 0.1853 0.6954
vn -0.3888 -0.6548 0.6481
vn -0.4730 -0.3242 0.8193
vn -0.5862 0.0277 0.8097
vn -0.6954 0.1853 -0.6943
vn -0.6481 -0.6548 -0.3888
vn -0.8193 -0.3242 -0.4730
vn -0.8097 0.0277 -0.5862
vn 0.4730 -0.3242 -0.8193
vn 0.5862 0.0277 -0.8097
vn -0.6787 -0.6340 -0.3707
vn -0.9202 0.2853 -0.2679
vn 0.3707 -0.6340 -0.6787
vn 0.2679 0.2853 -0.9202
vn 0.8660 0.0081 0.5000
vn 0.8326 -0.3250 0.4486
vn -0.7071 0.0080 -0.7071
vn -0.6881 -0.3250 -0.6488
vn -0.5597 -0.6340 -0.5337
vn -0.8195 0.2853 -0.4970
vn 0.0776 0.9863 0.1454
vn -0.0002 0.9864 0.1647
vn 0.1399 0.9863 0.0871
vn 0.1647 0.9863 0.0055
vn 0.1454 0.9863 -0.0776
vn 0.0871 0.9863 -0.1399
vn 0.0055 0.9863 -0.1647
vn -0.0776 0.9863 -0.1454
vn -0.1399 0.9863 -0.0871
vn -0.1647 0.9863 -0.0055
vn -0.1454 0.9863 0.0776
vn -0.0871 0.9863 0.1399
vn -0.4906 0.1853 0.8514
vn -0.2078 -0.6548 0.7266
vn -0.2448 -0.3242 0.9138
vn -0.3567 0.0277 0.9338
vn -0.0008 0.1853 -0.9827
vn -0.1834 -0.6548 -0.7332
vn -0.2448 -0.3242 -0.9138
vn -0.1580 0.0277 -0.9870
vn 0.9827 0.1853 -0.0008
vn 0.7332 -0.6548 -0.1834
vn 0.9138 -0.3242 -0.2448
vn 0.9870 0.0277 -0.1580
vn 0.2448 -0.3242 0.9138
vn 0.1580 0.0277 0.9870
vn 0.7420 -0.6340 -0.2178
vn 0.8402 0.2853 -0.4612
vn 0.2178 -0.6340 0.7420
vn 0.4613 0.2853 0.8401
vn -0.9659 0.0081 0.2588
vn -0.9059 -0.3250 0.2715
vn -0.1576 0.9863 -0.0479
vn -0.1163 0.9864 -0.1165
vn -0.1605 0.9863 0.0373
vn -0.1203 0.9863 0.1126
vn -0.0479 0.9863 0.1577
vn 0.0373 0.9863 0.1605
vn 0.1126 0.9863 0.1203
vn 0.1576 0.9863 0.0479
vn 0.1605 0.9863 -0.0373
vn 0.1203 0.9863 -0.1126
vn 0.0479 0.9863 -0.1577
vn -0.0373 0.9863 -0.1605
vn -0.4812 0.2279 0.8465
vn -0.3651 -0.3284 0.8711
vn -0.2586 0.0408 0.9651
vn -0.3601 0.0718 0.9302
vn -0.0065 0.2279 -0.9737
vn -0.1194 -0.3284 -0.9370
vn -0.2586 0.0408 -0.9651
vn -0.1532 0.0718 -0.9856
vn 0.9737 0.2279 -0.0065
vn 0.9370 -0.3284 -0.1194
vn 0.9651 0.0408 -0.2586
vn 0.9856 0.0718 -0.1532
vn 0.2586 0.0408 0.9651
vn 0.1532 0.0718 0.9856
vn -0.3644 -0.3328 -0.8698
vn -0.4476 0.3307 -0.8309
vn 0.8698 -0.3328 -0.3644
vn 0.8309 0.3307 -0.4476
vn 0.3644 -0.3328 0.8698
vn 0.4476 0.3307 0.8309
vn -0.1106 -0.9933 -0.0325
vn -0.0796 -0.9933 -0.0835
vn -0.0272 -0.9933 -0.1121
vn 0.0325 -0.9933 -0.1106
vn 0.0835 -0.9933 -0.0796
vn 0.1121 -0.9933 -0.0272
vn 0.1106 -0.9933 0.0325
vn 0.0796 -0.9933 0.0835
vn 0.0272 -0.9933 0.1121
vn -0.0325 -0.9933 0.1106
vn -0.0835 -0.9933 0.0796
vn -0.1121 -0.9933 0.0272
vn -0.9647 0.0510 0.2585
vn -0.9663 0.0408 0.2541
vn -0.9647 0.0510 -0.2585
vn -0.9639 0.0408 -0.2631
vn 0.9987 0.0510 -0.0000
vn 0.9992 0.0408 0.0046
vn 0.9344 -0.3328 -0.1268
vn 0.9184 0.3307 -0.2173
vn -0.1106 0.9933 -0.0325
vn -0.0815 0.9933 -0.0815
vn -0.1121 0.9933 0.0272
vn -0.0835 0.9933 0.0796
vn -0.0325 0.9933 0.1106
vn 0.0272 0.9933 0.1121
vn 0.0796 0.9933 0.0835
vn 0.1106 0.9933 0.0325
vn 0.1121 0.9933 -0.0272
vn 0.0835 0.9933 -0.0796
vn 0.0325 0.9933 -0.1106
vn -0.0272 0.9933 -0.1121
vn -0.2583 0.2279 -0.9388
vn -0.3578 -0.3284 -0.8741
vn -0.4996 0.0408 -0.8653
vn -0.4031 0.0718 -0.9123
vn 0.6931 0.2279 0.6839
vn 0.7469 -0.3284 0.5781
vn 0.8653 0.0408 0.4996
vn 0.8053 0.0718 0.5886
vn -0.6839 0.2279 0.6931
vn -0.5781 -0.3284 0.7469
vn -0.4996 0.0408 0.8653
vn -0.5886 0.0718 0.8053
vn -0.8653 0.0408 -0.4996
vn -0.8053 0.0718 -0.5886
vn -0.3574 -0.3328 0.8727
vn -0.2710 0.3307 0.9040
vn -0.8727 -0.3328 -0.3574
vn -0.9040 0.3307 -0.2710
vn 0.1012 -0.9933 -0.0552
vn 0.1153 -0.9933 0.0028
vn 0.0984 -0.9933 0.0600
vn 0.0552 -0.9933 0.1012
vn -0.0028 -0.9933 0.1153
vn -0.0600 -0.9933 0.0984
vn -0.1012 -0.9933 0.0552
vn -0.1153 -0.9933 -0.0028
vn -0.0984 -0.9933 -0.0600
vn -0.0552 -0.9933 -0.1012
vn 0.0028 -0.9933 -0.1153
vn 0.0600 -0.9933 -0.0984
vn 0.4994 0.0510 -0.8649
vn 0.5036 0.0408 -0.8630
vn -0.9987 0.0510 0.0000
vn -0.9992 0.0408 -0.0046
vn -0.9344 -0.3328 0.1268
vn -0.9184 0.3307 0.2173
vn 0.1012 0.9933 -0.0552
vn 0.1153 0.9933 -0.0002
vn 0.0600 0.9933 -0.0984
vn 0.0028 0.9933 -0.1153
vn -0.0552 0.9933 -0.1012
vn -0.0984 0.9933 -0.0600
vn -0.1153 0.9933 -0.0028
vn -0.1012 0.9933 0.0552
vn -0.0600 0.9933 0.0984
vn -0.0028 0.9933 0.1153
vn 0.0552 0.9933 0.1012
vn 0.0984 0.9933 0.0600
vn 0.2583 0.2279 0.9388
vn 0.3578 -0.3284 0.8741
vn 0.4996 0.0408 0.8653
vn 0.4031 0.0718 0.9123
vn -0.6931 0.2279 -0.6839
vn -0.7469 -0.3284 -0.5781
vn 0.6839 0.2279 -0.6931
vn 0.5781 -0.3284 -0.7469
vn 0.4996 0.0408 -0.8653
vn 0.5886 0.0718 -0.8053
vn 0.3574 -0.3328 -0.8727
vn 0.2710 0.3307 -0.9040
vn 0.8727 -0.3328 0.3574
vn 0.9040 0.3307 0.2710
vn -0.4994 0.0510 0.8649
vn -0.5036 0.0408 0.8630
vn -0.1153 0.9933 0.0002
vn 0.1153 0.9933 0.0028
vn 0.6255 0.0718 0.7769
vn 0.4925 0.2279 0.8400
vn 0.5718 -0.3284 0.7517
vn 0.7065 0.0408 0.7065
vn -0.9856 0.0718 0.1532
vn -0.9737 0.2279 0.0065
vn -0.9370 -0.3284 0.1194
vn -0.9651 0.0408 0.2586
vn 0.0065 0.2279 0.9737
vn 0.1194 -0.3284 0.9370
vn 0.7062 0.0510 -0.7062
vn 0.7098 0.0408 -0.7032
vn -0.7062 0.0510 -0.7062
vn -0.7032 0.0408 -0.7098
vn -0.7062 0.0510 0.7062
vn -0.7098 0.0408 0.7032
vn 0.8030 0.3307 0.4957
vn 0.7504 -0.3328 0.5710
vn 0.9433 0.3307 0.0278
vn 0.9354 -0.3328 0.1193
vn -0.8649 0.0510 -0.4994
vn -0.8630 0.0408 -0.5036
vn 0.6013 0.7684 0.2189
vn 0.1091 0.7697 -0.6290
vn 0.4113 0.7684 0.4902
vn 0.1111 0.7684 0.6302
vn -0.2189 0.7684 0.6013
vn -0.4902 0.7684 0.4113
vn -0.6302 0.7684 0.1111
vn -0.6013 0.7684 -0.2189
vn -0.4113 0.7684 -0.4902
vn -0.1111 0.7684 -0.6302
vn 0.2189 0.7684 -0.6013
vn 0.4902 0.7684 -0.4113
vn 0.1071 0.0718 -0.9917
vn 0.2457 0.2279 -0.9422
vn 0.1272 -0.3284 -0.9359
vn 0.0000 0.0408 -0.9992
vn 0.0000 0.0510 0.9987
vn -0.0046 0.0408 0.9992
vn -0.2173 0.3307 -0.9184
vn -0.1268 -0.3328 -0.9344
vn 0.8649 0.0510 0.4994
vn 0.8630 0.0408 0.5036
vn -0.2704 0.7684 -0.5800
vn -0.5218 0.7697 0.3677
vn 0.0558 0.7684 -0.6375
vn 0.3671 0.7684 -0.5242
vn 0.5800 0.7684 -0.2704
vn 0.6375 0.7684 0.0558
vn 0.5242 0.7684 0.3670
vn 0.2704 0.7684 0.5800
vn -0.0558 0.7684 0.6375
vn -0.3670 0.7684 0.5242
vn -0.5800 0.7684 0.2704
vn -0.6375 0.7684 -0.0558
vn -0.1071 0.0718 0.9917
vn -0.2457 0.2279 0.9422
vn -0.1272 -0.3284 0.9359
vn -0.0000 0.0408 0.9992
vn -0.0000 0.0510 -0.9987
vn 0.0046 0.0408 -0.9992
vn 0.2173 0.3307 0.9184
vn 0.1268 -0.3328 0.9344
vn 0.5219 0.7697 -0.3677
vn -0.3671 0.7684 0.5242
vn -0.5242 0.7684 -0.3670
vn 0.3670 0.7684 -0.5242
vn -0.5220 0.7696 0.3676
vn -0.6255 0.0718 -0.7769
vn -0.4925 0.2279 -0.8400
vn -0.5718 -0.3284 -0.7517
vn -0.7065 0.0408 -0.7065
vn 0.7062 0.0510 0.7062
vn 0.7032 0.0408 0.7098
vn -0.8030 0.3307 -0.4957
vn -0.7504 -0.3328 -0.5710
vn -0.9433 0.3307 -0.0278
vn -0.9354 -0.3328 -0.1193
vn -0.1091 0.7697 0.6290
vn 0.6302 0.7684 -0.1111
vn 0.5218 0.7697 -0.3677
vn -0.5219 0.7697 0.3677
vn 0.5220 0.7696 -0.3676
vn 0.4812 0.2279 -0.8465
vn 0.3651 -0.3284 -0.8711
vn 0.2586 0.0408 -0.9651
vn 0.3601 0.0718 -0.9302
vn -0.8698 -0.3328 0.3644
vn -0.8309 0.3307 0.4476
vn 0.9647 0.0510 -0.2585
vn 0.9663 0.0408 -0.2541
vn 0.9647 0.0510 0.2585
vn 0.9639 0.0408 0.2631
vn 0.0815 0.9933 0.0815
vn -0.0796 0.9933 -0.0835
vn 0.0040 -1.0000 -0.0000
vn 0.0101 -0.9999 0.0000
vn 0.0086 -0.8660 -0.5000
vn 0.0040 -0.8660 -0.5000
vn 0.0040 0.8660 0.5000
vn -0.0099 0.8660 0.4999
vn -0.0060 0.5002 0.8659
vn 0.0040 0.5000 0.8660
vn 0.0040 0.5000 -0.8660
vn -0.0060 0.5002 -0.8659
vn -0.0099 0.8660 -0.4999
vn 0.0040 0.8660 -0.5000
vn 0.0047 -0.4999 -0.8661
vn 0.0040 -0.5000 -0.8660
vn -0.0006 0.0002 1.0000
vn 0.0040 0.0000 1.0000
vn -0.0113 0.9999 -0.0000
vn 0.0040 1.0000 -0.0000
vn -0.0006 0.0003 -1.0000
vn 0.0040 -0.0000 -1.0000
vn 0.0040 -0.8660 0.5000
vn 0.0086 -0.8659 0.5002
vn 0.0040 -0.5000 0.8660
vn 0.0047 -0.4999 0.8661
vn 0.9966 -0.0412 0.0713
vn 0.9966 -0.0001 0.0824
vn 0.9966 -0.0713 0.0412
vn 0.9966 -0.0824 -0.0000
vn 0.9966 -0.0713 -0.0412
vn 0.9966 -0.0412 -0.0713
vn 0.9966 -0.0000 -0.0824
vn 0.9966 0.0412 -0.0713
vn 0.9966 0.0713 -0.0412
vn 0.9966 0.0824 -0.0000
vn 0.9966 0.0713 0.0412
vn 0.9966 0.0412 0.0713
vn 0.0162 -0.9999 0.0001
vn 0.0134 -0.8641 -0.5031
vn -0.0222 0.8657 0.5000
vn -0.0147 0.5051 0.8629
vn -0.0146 0.4999 -0.8660
vn -0.0222 0.8675 -0.4969
vn 0.0059 -0.4996 -0.8663
vn -0.0044 0.0006 1.0000
vn -0.0250 0.9997 -0.0000
vn -0.0044 0.0005 -1.0000
vn 0.0134 -0.8660 0.4999
vn 0.0059 -0.5001 0.8660
vn -0.9968 -0.0405 0.0696
vn -0.9968 -0.0697 0.0404
vn -0.9968 -0.0002 -0.0805
vn -0.9968 0.0698 -0.0402
vn -0.9968 0.0402 0.0698
vn 0.0045 -1.0000 -0.0000
vn -0.0026 -1.0000 -0.0000
vn -0.0024 -0.8661 -0.4999
vn 0.0045 -0.8660 -0.5000
vn 0.0045 0.8660 0.5000
vn -0.0000 0.8660 0.5001
vn -0.0005 0.4998 0.8661
vn 0.0045 0.5000 0.8660
vn 0.0045 0.5000 -0.8660
vn -0.0005 0.5002 -0.8659
vn -0.0000 0.8660 -0.5001
vn 0.0045 0.8660 -0.5000
vn -0.0019 -0.5002 -0.8659
vn 0.0045 -0.5000 -0.8660
vn -0.0012 -0.0002 1.0000
vn 0.0045 -0.0000 1.0000
vn 0.0002 1.0000 -0.0000
vn 0.0045 1.0000 0.0000
vn -0.0012 -0.0002 -1.0000
vn 0.0045 0.0000 -1.0000
vn 0.0045 -0.8660 0.5000
vn -0.0024 -0.8661 0.4999
vn 0.0045 -0.5000 0.8660
vn -0.0019 -0.5002 0.8659
vn 0.9966 -0.0412 0.0714
vn 0.9966 0.0000 0.0824
vn 0.9966 -0.0714 0.0412
vn 0.9966 -0.0714 -0.0412
vn 0.9966 -0.0412 -0.0714
vn 0.9966 0.0412 -0.0714
vn 0.9966 0.0714 -0.0412
vn 0.9966 0.0825 -0.0000
vn 0.9966 0.0714 0.0412
vn 0.9966 0.0412 0.0714
vn -0.0083 -1.0000 0.0000
vn -0.0079 -0.8662 -0.4996
vn -0.0042 0.4993 0.8664
vn -0.0042 0.5000 -0.8660
vn -0.0032 0.8658 -0.5004
vn -0.0069 -0.5007 -0.8656
vn -0.0055 -0.0009 1.0000
vn -0.0028 1.0000 -0.0000
vn -0.0055 -0.0009 -1.0000
vn -0.0079 -0.8660 0.5000
vn -0.0069 -0.5000 0.8660
vn -0.9968 0.0698 -0.0401
vn -0.9968 0.0401 0.0698
vn 0.0011 0.0000 -1.0000
vn -0.0030 0.0000 -1.0000
vn -0.0028 0.5000 -0.8660
vn 0.0011 0.5000 -0.8660
vn 0.0011 -0.5000 0.8660
vn -0.0003 -0.5000 0.8660
vn -0.0008 -0.8660 0.5000
vn 0.0011 -0.8660 0.5001
vn 0.0011 0.8660 0.5001
vn -0.0008 0.8660 0.5000
vn -0.0003 0.5000 0.8660
vn 0.0011 0.5000 0.8661
vn -0.0023 0.8660 -0.5000
vn 0.0011 0.8661 -0.4999
vn -0.0016 -1.0000 -0.0000
vn 0.0011 -1.0000 0.0001
vn -0.0001 0.0000 1.0000
vn 0.0011 -0.0000 1.0000
vn -0.0016 1.0000 -0.0000
vn 0.0011 1.0000 0.0001
vn 0.0011 -0.5000 -0.8660
vn -0.0028 -0.5000 -0.8660
vn 0.0011 -0.8661 -0.4999
vn -0.0023 -0.8662 -0.4996
vn 0.9869 -0.1397 -0.0806
vn 0.9869 -0.1613 0.0000
vn 0.9869 -0.0806 -0.1397
vn 0.9869 -0.0000 -0.1613
vn 0.9869 0.0806 -0.1397
vn 0.9869 0.1397 -0.0806
vn 0.9869 0.1613 -0.0000
vn 0.9869 0.1397 0.0806
vn 0.9869 0.0806 0.1397
vn 0.9869 0.0000 0.1613
vn 0.9869 -0.0806 0.1397
vn 0.9869 -0.1397 0.0806
vn -0.0035 -0.0000 -1.0000
vn -0.0031 0.5004 -0.8658
vn 0.0020 -0.4998 0.8661
vn 0.0009 -0.8656 0.5008
vn 0.0009 0.8658 0.5004
vn 0.0020 0.4995 0.8663
vn -0.0020 0.8662 -0.4997
vn -0.0006 -1.0000 0.0003
vn 0.0023 0.0000 1.0000
vn -0.0006 1.0000 0.0006
vn -0.0031 -0.5004 -0.8658
vn -0.0020 -0.8662 -0.4996
vn -0.7880 -0.5327 -0.3087
vn -0.7879 -0.5329 -0.3086
vn -0.7886 -0.6150 -0.0009
vn -0.7886 -0.6150 -0.0006
vn -0.7875 -0.3079 -0.5339
vn -0.7875 -0.3078 -0.5340
vn -0.7873 -0.0000 -0.6166
vn -0.7875 0.3079 -0.5339
vn -0.7875 0.3078 -0.5340
vn -0.7879 0.5330 -0.3083
vn -0.7879 0.5329 -0.3086
vn -0.7886 0.6150 -0.0006
vn -0.7886 0.6150 -0.0009
vn -0.7892 0.5321 0.3066
vn -0.7892 0.5322 0.3064
vn -0.7897 0.3070 0.5312
vn -0.7898 0.3075 0.5307
vn -0.7898 0.0000 0.6133
vn -0.7897 -0.3070 0.5312
vn -0.7897 -0.3072 0.5311
vn -0.7892 -0.5321 0.3066
vn -0.7892 -0.5323 0.3064
vn 0.4408 -0.7866 0.4323
vn 0.4408 -0.8974 0.0189
vn 0.0095 -0.8655 0.5007
vn 0.4408 0.4651 -0.7677
vn 0.4408 0.7677 -0.4651
vn -0.0072 0.5013 -0.8652
vn -0.0089 0.8664 -0.4992
vn 0.4408 0.7677 0.4651
vn 0.4408 0.4651 0.7677
vn -0.0089 0.8664 0.4992
vn -0.0074 0.5013 0.8652
vn 0.4408 -0.7677 0.4651
vn 0.0063 -0.4987 0.8668
vn 0.4408 0.4323 -0.7866
vn -0.0022 0.0018 -1.0000
vn 0.4408 0.7866 0.4323
vn 0.4408 -0.4323 0.7866
vn 0.0009 0.0017 1.0000
vn 0.4408 -0.8974 -0.0189
vn 0.0093 -0.8655 -0.5007
vn 0.4408 -0.7677 -0.4651
vn 0.0061 -0.4987 -0.8668
vn 0.8882 -0.4095 -0.2082
vn 0.8882 0.2505 -0.3851
vn 0.8882 -0.4587 0.0244
vn 0.8882 -0.3851 0.2505
vn 0.8882 -0.2082 0.4095
vn 0.8882 0.0244 0.4587
vn 0.8882 0.2505 0.3851
vn 0.8882 0.4095 0.2082
vn 0.8882 0.4587 -0.0244
vn 0.8882 0.3851 -0.2505
vn 0.8882 0.2082 -0.4095
vn 0.8882 -0.0244 -0.4587
vn -0.3980 -0.8230 0.4053
vn -0.3991 -0.9149 0.0605
vn -0.4138 0.5178 -0.7487
vn -0.4137 0.7490 -0.5175
vn -0.4192 0.7472 0.5157
vn -0.4171 0.5167 0.7477
vn -0.3975 -0.7611 0.5125
vn -0.4145 0.3935 -0.8206
vn -0.4186 0.8216 0.3870
vn -0.4020 -0.3987 0.8243
vn -0.3958 -0.9163 -0.0609
vn -0.3970 -0.7613 -0.5127
vn -0.8489 -0.4777 -0.2262
vn -0.8488 0.3006 -0.4349
vn -0.8488 -0.5269 0.0429
vn -0.8488 -0.4349 0.3006
vn -0.8489 -0.2262 0.4778
vn -0.8488 0.0429 0.5269
vn -0.8488 0.3006 0.4350
vn -0.8488 0.4778 0.2263
vn -0.8488 0.5269 -0.0429
vn -0.8488 0.4349 -0.3006
vn -0.8489 0.2262 -0.4778
vn -0.8488 -0.0429 -0.5269
vn 0.4605 -0.7625 0.4544
vn 0.4605 -0.8876 -0.0122
vn 0.4605 0.4332 -0.7748
vn 0.4605 0.7748 -0.4332
vn -0.0005 0.4998 -0.8661
vn 0.4605 0.7748 0.4332
vn 0.4605 0.4332 0.7748
vn -0.0000 0.4998 0.8661
vn 0.4605 -0.7748 0.4332
vn 0.4605 0.4544 -0.7625
vn 0.4605 0.7625 0.4544
vn 0.4605 -0.4544 0.7625
vn 0.4605 -0.8876 0.0122
vn 0.4605 -0.7748 -0.4332
vn 0.9104 -0.3651 -0.1944
vn 0.9105 0.2191 -0.3508
vn 0.9104 -0.4134 0.0142
vn 0.9104 -0.3509 0.2190
vn 0.9104 -0.1944 0.3651
vn 0.9104 0.0142 0.4134
vn 0.9104 0.2190 0.3509
vn 0.9104 0.3651 0.1944
vn 0.9104 0.4134 -0.0142
vn 0.9104 0.3509 -0.2190
vn 0.9104 0.1944 -0.3651
vn 0.9104 -0.0142 -0.4134
vn -0.4102 -0.8223 0.3944
vn -0.4100 -0.9094 0.0696
vn -0.4081 0.5138 -0.7546
vn -0.4081 0.7545 -0.5139
vn -0.4075 0.7547 0.5141
vn -0.4077 0.5140 0.7547
vn -0.4096 -0.7531 0.5148
vn -0.4088 0.3959 -0.8223
vn -0.4075 0.8224 0.3969
vn -0.4089 -0.3954 0.8225
vn -0.4105 -0.9092 -0.0695
vn -0.4103 -0.7529 -0.5146
vn -0.8489 -0.4777 -0.2261
vn -0.8488 -0.5270 0.0428
vn -0.8488 -0.2263 0.4778
vn -0.8488 0.0428 0.5270
vn -0.8488 0.3006 0.4349
vn -0.8489 0.4348 -0.3006
vn -0.8489 0.2262 -0.4777
vn -0.8489 -0.0429 -0.5269
vn 0.4490 0.4445 0.7751
vn 0.4490 0.0026 0.8935
vn -0.0028 0.5000 0.8660
vn -0.0030 0.0000 1.0000
vn 0.4490 -0.7725 -0.4490
vn 0.4489 -0.4490 -0.7726
vn -0.0008 -0.8660 -0.5000
vn -0.0003 -0.5000 -0.8660
vn 0.4490 0.4490 -0.7726
vn 0.4490 0.7725 -0.4490
vn -0.0003 0.5000 -0.8660
vn -0.0008 0.8660 -0.5000
vn 0.4490 0.4490 0.7725
vn -0.0023 0.8660 0.5000
vn 0.4489 -0.7751 -0.4446
vn -0.0012 -1.0000 0.0000
vn 0.4490 0.4445 -0.7751
vn -0.0001 0.0000 -1.0000
vn 0.4490 0.7751 0.4445
vn 0.4490 -0.0026 0.8935
vn -0.0028 -0.5000 0.8660
vn 0.4490 -0.4490 0.7725
vn -0.0028 -0.8660 0.5000
vn 0.9205 -0.2284 0.3170
vn 0.9205 -0.3563 -0.1603
vn 0.9205 -0.0393 0.3887
vn 0.9205 0.1603 0.3563
vn 0.9205 0.3170 0.2284
vn 0.9205 0.3887 0.0393
vn 0.9205 0.3563 -0.1603
vn 0.9205 0.2284 -0.3170
vn 0.9205 0.0393 -0.3887
vn 0.9205 -0.1603 -0.3563
vn 0.9205 -0.3170 -0.2284
vn 0.9205 -0.3887 -0.0393
vn -0.0035 -0.0000 1.0000
vn -0.0031 0.5004 0.8658
vn 0.0020 -0.4996 -0.8663
vn 0.0009 -0.8656 -0.5008
vn 0.0009 0.8656 -0.5008
vn 0.0020 0.4995 -0.8663
vn -0.0020 0.8668 0.4987
vn -0.0006 -1.0000 -0.0017
vn 0.0023 0.0000 -1.0000
vn -0.0006 1.0000 -0.0016
vn -0.0031 -0.5007 0.8656
vn -0.0020 -0.8668 0.4987
vn -0.7880 -0.5331 0.3078
vn -0.7886 -0.6150 0.0006
vn -0.7886 -0.6150 0.0009
vn -0.7879 -0.5329 0.3086
vn -0.7875 -0.3079 0.5339
vn -0.7875 -0.3078 0.5340
vn -0.7873 0.0000 0.6166
vn -0.7875 0.3079 0.5339
vn -0.7875 0.3078 0.5340
vn -0.7879 0.5330 0.3083
vn -0.7879 0.5329 0.3086
vn -0.7886 0.6149 0.0006
vn -0.7886 0.6149 0.0009
vn -0.7892 0.5321 -0.3066
vn -0.7892 0.5322 -0.3064
vn -0.7897 0.3070 -0.5312
vn -0.7897 0.3068 -0.5312
vn -0.7898 0.0000 -0.6133
vn -0.7897 -0.3070 -0.5312
vn -0.7897 -0.3072 -0.5311
vn -0.7892 -0.5321 -0.3066
vn -0.7892 -0.5323 -0.3064
vn 0.0000 0.6148 -0.7887
vn 0.0000 -0.6148 0.7887
vn 0.0000 -0.7887 -0.6148
vn 0.0000 0.7887 0.6148
vn 0.0000 -0.6093 -0.7929
vn 0.0000 0.6093 0.7929
vn 0.0000 -0.7929 0.6093
vn 0.0000 0.7929 -0.6093
vn 0.0000 0.6204 -0.7843
vn 0.0000 0.6027 0.7980
vn 0.0000 0.5550 -0.8319
vn 0.0000 0.5439 0.8392
vn 0.0000 0.5814 -0.8136
vn 0.0000 -0.5814 0.8136
vn 0.0000 -0.7716 -0.6361
vn 0.0000 0.7716 0.6361
vn 0.0000 -0.5800 -0.8146
vn 0.0000 0.5814 0.8136
vn 0.0000 0.7749 -0.6321
vn 0.0000 0.6112 -0.7914
vn 0.0000 0.6002 0.7999
vn 0.0000 0.5841 -0.8117
vn 0.0000 -0.5841 0.8117
vn 0.0000 -0.7776 -0.6288
vn 0.0000 0.7776 0.6288
vn 0.0000 -0.6410 0.7676
vn 0.0000 0.6410 -0.7676
vn 0.0000 -0.8748 -0.4844
vn 0.0000 0.8748 0.4844
vn 0.0000 0.6610 0.7504
vn 0.0000 -0.6610 -0.7504
vn 0.0000 -0.6120 0.7909
vn 0.0000 0.6120 -0.7909
vn 0.0000 0.6516 -0.7585
vn 0.0000 0.6701 0.7422
vn 0.0000 0.2505 -0.9681
vn 0.0000 -0.2505 0.9681
vn 0.0000 -0.9681 -0.2505
vn 0.0000 0.9681 0.2505
vn 0.0000 -0.5969 -0.8023
vn 0.0000 0.5969 0.8023
vn 0.0000 -0.8023 0.5969
vn 0.0000 0.8023 -0.5969
vn 0.0000 0.6111 -0.7915
vn 0.0000 -0.6111 0.7915
vn 0.0000 -0.7915 -0.6111
vn 0.0000 0.7915 0.6111
vn 0.0000 -0.5070 -0.8619
vn 0.0000 0.5070 0.8619
vn 0.0000 -0.9652 0.2616
vn 0.0000 0.9652 -0.2616
vn 0.0000 -0.6786 -0.7345
vn 0.0000 0.6786 0.7345
vn 0.0000 -0.8578 0.5139
vn 0.0000 0.8578 -0.5139
vn 0.0000 0.6921 -0.7218
vn 0.0000 -0.6921 0.7218
vn 0.0000 -0.8492 -0.5280
vn 0.0000 0.8492 0.5280
vn 0.6761 -0.7368 0.0000
vn -0.6761 0.7368 0.0000
vn -0.7425 -0.6699 0.0000
vn 0.7425 0.6699 0.0000
vn 0.7524 0.6588 0.0000
vn -0.7713 -0.6365 0.0000
vn 0.6519 -0.7583 0.0000
vn -0.6537 0.7567 0.0000
vn -0.6537 0.7568 0.0000
vn -0.9240 0.3823 0.0000
vn 0.9240 -0.3823 0.0000
vn -0.3823 -0.9240 0.0000
vn 0.3823 0.9240 0.0000
vn -0.8764 0.4815 0.0000
vn 0.1410 0.9900 0.0000
vn 0.8764 -0.4815 0.0000
vn -0.1410 -0.9900 0.0000
vn -0.9996 -0.0285 0.0000
vn -0.3756 0.9268 0.0000
vn 0.9996 0.0285 0.0000
vn 0.3756 -0.9268 0.0000
vn -0.9740 0.2268 0.0000
vn -0.1275 0.9918 0.0000
vn 0.9740 -0.2268 0.0000
vn 0.1275 -0.9918 0.0000
vn -0.9870 0.1605 0.0000
vn -0.1942 0.9810 0.0000
vn 0.9870 -0.1605 0.0000
vn 0.1942 -0.9810 0.0000
vn 0.0000 -0.0285 0.9996
vn 0.0000 0.9268 0.3756
vn 0.0000 0.0285 -0.9996
vn 0.0000 -0.9268 -0.3756
vn -0.0022 -0.0284 0.9996
vn 0.0729 0.9242 0.3750
vn 0.0022 0.0284 -0.9996
vn -0.0729 -0.9242 -0.3750
vn -0.9996 0.0289 -0.0000
vn 0.9996 -0.0289 0.0000
vn -0.6761 -0.7368 0.0000
vn 0.6761 0.7368 0.0000
vn 0.7425 -0.6699 0.0000
vn -0.7425 0.6699 0.0000
vn -0.7524 0.6588 0.0000
vn 0.7713 -0.6365 0.0000
vn -0.6519 -0.7583 0.0000
vn 0.6537 0.7567 0.0000
vn 0.6537 0.7568 0.0000
vn 0.8764 0.4815 0.0000
vn -0.1410 0.9900 0.0000
vn -0.8764 -0.4815 0.0000
vn 0.1410 -0.9900 0.0000
vn 0.9996 -0.0285 0.0000
vn 0.3756 0.9268 0.0000
vn -0.9996 0.0285 0.0000
vn -0.3756 -0.9268 0.0000
vn 0.9740 0.2268 0.0000
vn 0.1275 0.9918 0.0000
vn -0.9740 -0.2268 0.0000
vn -0.1275 -0.9918 0.0000
vn 0.9870 0.1605 0.0000
vn 0.1942 0.9810 0.0000
vn -0.9870 -0.1605 0.0000
vn -0.1942 -0.9810 0.0000
vn 0.9994 -0.0342 0.0000
vn 0.3197 0.9475 0.0000
vn -0.9994 0.0342 0.0000
vn -0.3197 -0.9475 0.0000
vn -0.0511 0.0000 -0.9987
vn -0.0863 0.0000 0.9963
vn 0.1685 0.0000 -0.9857
vn 0.0746 0.0000 -0.9972
vn 0.0548 0.0000 0.9985
vn 0.1133 0.0000 0.9936
vn 0.0783 0.0000 -0.9969
vn 0.0575 0.0000 0.9983
vn 0.0511 0.0000 -0.9987
vn 0.0863 0.0000 0.9963
vn -0.1685 0.0000 -0.9857
vn -0.0746 0.0000 -0.9972
vn -0.0548 0.0000 0.9985
vn -0.1133 0.0000 0.9936
vn -0.0783 0.0000 -0.9969
vn -0.0575 0.0000 0.9983
vn -0.0511 0.0000 0.9987
vn -0.0001 1.0000 -0.0024
vn 0.0001 -1.0000 0.0024
vn -0.0863 0.0000 -0.9963
vn 0.1685 0.0000 0.9857
vn 0.0746 0.0000 0.9972
vn 0.0548 0.0000 -0.9985
vn 0.1133 0.0000 -0.9936
vn 0.0783 0.0000 0.9969
vn 0.0575 0.0000 -0.9983
vn 0.0511 0.0000 0.9987
vn 0.0863 0.0000 -0.9963
vn -0.1685 0.0000 0.9857
vn -0.0746 0.0000 0.9972
vn -0.0548 0.0000 -0.9985
vn -0.1133 0.0000 -0.9936
vn -0.0783 0.0000 0.9969
vn -0.0575 0.0000 -0.9983
vn 0.0687 0.0000 -0.9976
vn 0.0505 0.0000 0.9987
vn -0.0348 0.0000 -0.9994
vn -0.0589 0.0000 0.9983
vn 0.1156 0.0000 -0.9933
vn 0.0509 0.0000 -0.9987
vn 0.0374 0.0000 0.9993
vn 0.0774 0.0000 0.9970
vn 0.0534 0.0000 -0.9986
vn 0.0392 0.0000 0.9992
vn 0.0949 0.0000 -0.9955
vn 0.0698 0.0000 0.9976
vn 0.0580 0.0000 0.9983
vn 0.0701 0.0000 -0.9975
vn 0.0515 0.0000 0.9987
usemtl wood2.002
s 1
f 2341/1/1 2342/2/1 2516/3/1 2515/4/1
f 2343/5/2 2344/6/2 2342/7/2 2341/8/2
f 2519/9/3 2520/10/3 2344/11/3 2343/12/3
f 2515/13/4 2519/9/4 2343/12/4 2341/14/4
f 2520/10/5 2516/3/5 2342/2/5 2344/11/5
f 2352/15/1 2351/16/1 2349/17/1 2350/18/1
f 2345/19/1 2346/20/1 2532/21/1 2531/22/1
f 2347/23/2 2348/24/2 2346/25/2 2345/26/2
f 2535/27/6 2536/28/6 2348/29/6 2347/30/6
f 2531/31/7 2535/27/7 2347/30/7 2345/32/7
f 2356/33/5 2349/17/5 2351/16/5 2354/34/5
f 2350/35/7 2355/36/7 2353/37/7 2352/38/7
f 2355/36/6 2356/33/6 2354/34/6 2353/37/6
f 2353/39/2 2354/40/2 2351/41/2 2352/42/2
f 2536/28/5 2532/21/5 2346/20/5 2348/29/5
f 2349/43/8 2356/44/8 2355/45/8 2350/46/8
f 2360/47/1 2359/48/1 2357/49/1 2358/50/1
f 2364/51/5 2357/49/5 2359/48/5 2362/52/5
f 2358/53/7 2363/54/7 2361/55/7 2360/56/7
f 2363/54/6 2364/51/6 2362/52/6 2361/55/6
f 2361/57/2 2362/58/2 2359/59/2 2360/60/2
f 2357/61/8 2364/62/8 2363/63/8 2358/64/8
f 2372/65/1 2371/66/1 2369/67/1 2370/68/1
f 2365/69/1 2366/70/1 2556/71/1 2555/72/1
f 2367/73/2 2368/74/2 2366/75/2 2365/76/2
f 2559/77/3 2560/78/3 2368/79/3 2367/80/3
f 2555/81/4 2559/77/4 2367/80/4 2365/82/4
f 2376/83/5 2369/67/5 2371/66/5 2374/84/5
f 2370/85/9 2375/86/9 2373/87/9 2372/88/9
f 2375/86/10 2376/83/10 2374/84/10 2373/87/10
f 2373/89/2 2374/90/2 2371/91/2 2372/92/2
f 2560/78/5 2556/71/5 2366/70/5 2368/79/5
f 2369/93/8 2376/94/8 2375/95/8 2370/96/8
f 2384/97/1 2383/98/1 2381/99/1 2382/100/1
f 2377/101/1 2378/102/1 2572/103/1 2571/104/1
f 2379/105/2 2380/106/2 2378/107/2 2377/108/2
f 2575/109/6 2576/110/6 2380/111/6 2379/112/6
f 2571/113/7 2575/109/7 2379/112/7 2377/114/7
f 2388/115/5 2381/99/5 2383/98/5 2386/116/5
f 2382/117/7 2387/118/7 2385/119/7 2384/120/7
f 2387/118/6 2388/115/6 2386/116/6 2385/119/6
f 2385/121/2 2386/122/2 2383/123/2 2384/124/2
f 2576/110/5 2572/103/5 2378/102/5 2380/111/5
f 2381/125/8 2388/126/8 2387/127/8 2382/128/8
f 2392/129/1 2391/130/1 2389/131/1 2390/132/1
f 2396/133/5 2389/131/5 2391/130/5 2394/134/5
f 2390/135/7 2395/136/7 2393/137/7 2392/138/7
f 2395/136/6 2396/133/6 2394/134/6 2393/137/6
f 2393/139/2 2394/140/2 2391/141/2 2392/142/2
f 2389/143/8 2396/144/8 2395/145/8 2390/146/8
f 2404/147/1 2403/148/1 2401/149/1 2402/150/1
f 2397/151/1 2398/152/1 2588/153/1 2587/154/1
f 2399/155/2 2400/156/2 2398/157/2 2397/158/2
f 2591/159/11 2592/160/11 2400/161/11 2399/162/11
f 2587/163/12 2591/159/12 2399/162/12 2397/164/12
f 2408/165/5 2401/149/5 2403/148/5 2406/166/5
f 2402/167/7 2407/168/7 2405/169/7 2404/170/7
f 2407/168/6 2408/165/6 2406/166/6 2405/169/6
f 2405/171/2 2406/172/2 2403/173/2 2404/174/2
f 2592/160/5 2588/153/5 2398/152/5 2400/161/5
f 2401/175/8 2408/176/8 2407/177/8 2402/178/8
f 2412/179/1 2411/180/1 2409/181/1 2410/182/1
f 2416/183/5 2409/181/5 2411/180/5 2414/184/5
f 2410/185/7 2415/186/7 2413/187/7 2412/188/7
f 2415/186/6 2416/183/6 2414/184/6 2413/187/6
f 2413/189/2 2414/190/2 2411/191/2 2412/192/2
f 2409/193/8 2416/194/8 2415/195/8 2410/196/8
f 2424/197/1 2423/198/1 2421/199/1 2422/200/1
f 2417/201/1 2418/202/1 2620/203/1 2619/204/1
f 2419/205/2 2420/206/2 2418/207/2 2417/208/2
f 2623/209/6 2624/210/6 2420/211/6 2419/212/6
f 2619/213/7 2623/209/7 2419/212/7 2417/214/7
f 2428/215/5 2421/199/5 2423/198/5 2426/216/5
f 2422/217/7 2427/218/7 2425/219/7 2424/220/7
f 2427/218/6 2428/215/6 2426/216/6 2425/219/6
f 2425/221/2 2426/222/2 2423/223/2 2424/224/2
f 2624/210/5 2620/203/5 2418/202/5 2420/211/5
f 2421/225/8 2428/226/8 2427/227/8 2422/228/8
f 2436/229/1 2435/230/1 2433/231/1 2434/232/1
f 2429/233/1 2430/234/1 2636/235/1 2635/236/1
f 2431/237/2 2432/238/2 2430/239/2 2429/240/2
f 2639/241/6 2640/242/6 2432/243/6 2431/244/6
f 2635/245/7 2639/241/7 2431/244/7 2429/246/7
f 2440/247/5 2433/231/5 2435/230/5 2438/248/5
f 2434/249/9 2439/250/9 2437/251/9 2436/252/9
f 2439/250/10 2440/247/10 2438/248/10 2437/251/10
f 2437/253/2 2438/254/2 2435/255/2 2436/256/2
f 2640/242/5 2636/235/5 2430/234/5 2432/243/5
f 2433/257/8 2440/258/8 2439/259/8 2434/260/8
f 2444/261/1 2443/262/1 2441/263/1 2442/264/1
f 2448/265/5 2441/263/5 2443/262/5 2446/266/5
f 2442/267/7 2447/268/7 2445/269/7 2444/270/7
f 2447/268/6 2448/265/6 2446/266/6 2445/269/6
f 2445/271/2 2446/272/2 2443/273/2 2444/274/2
f 2441/275/8 2448/276/8 2447/277/8 2442/278/8
f 2456/279/1 2455/280/1 2453/281/1 2454/282/1
f 2449/283/1 2450/284/1 2660/285/1 2659/286/1
f 2451/287/2 2452/288/2 2450/289/2 2449/290/2
f 2663/291/6 2664/292/6 2452/293/6 2451/294/6
f 2659/295/7 2663/291/7 2451/294/7 2449/296/7
f 2460/297/5 2453/281/5 2455/280/5 2458/298/5
f 2454/299/7 2459/300/7 2457/301/7 2456/302/7
f 2459/300/6 2460/297/6 2458/298/6 2457/301/6
f 2457/303/2 2458/304/2 2455/305/2 2456/306/2
f 2664/292/5 2660/285/5 2450/284/5 2452/293/5
f 2453/307/8 2460/308/8 2459/309/8 2454/310/8
f 2468/311/1 2467/312/1 2465/313/1 2466/314/1
f 2461/315/1 2462/316/1 2676/317/1 2675/318/1
f 2463/319/2 2464/320/2 2462/321/2 2461/322/2
f 2679/323/6 2680/324/6 2464/325/6 2463/326/6
f 2675/327/13 2679/323/13 2463/326/13 2461/328/13
f 2472/329/5 2465/313/5 2467/312/5 2470/330/5
f 2466/331/7 2471/332/7 2469/333/7 2468/334/7
f 2471/332/6 2472/329/6 2470/330/6 2469/333/6
f 2469/335/2 2470/336/2 2467/337/2 2468/338/2
f 2680/324/5 2676/317/5 2462/316/5 2464/325/5
f 2465/339/8 2472/340/8 2471/341/8 2466/342/8
f 2476/343/1 2475/344/1 2473/345/1 2474/346/1
f 2480/347/5 2473/345/5 2475/344/5 2478/348/5
f 2474/349/9 2479/350/9 2477/351/9 2476/352/9
f 2479/350/10 2480/347/10 2478/348/10 2477/351/10
f 2477/353/2 2478/354/2 2475/355/2 2476/356/2
f 2473/357/8 2480/358/8 2479/359/8 2474/360/8
f 2488/361/1 2487/362/1 2485/363/1 2486/364/1
f 2481/365/1 2482/366/1 2692/367/1 2691/368/1
f 2483/369/2 2484/370/2 2482/371/2 2481/372/2
f 2695/373/3 2696/374/3 2484/375/3 2483/376/3
f 2691/377/4 2695/373/4 2483/376/4 2481/378/4
f 2492/379/5 2485/363/5 2487/362/5 2490/380/5
f 2486/381/7 2491/382/7 2489/383/7 2488/384/7
f 2491/382/6 2492/379/6 2490/380/6 2489/383/6
f 2489/385/2 2490/386/2 2487/387/2 2488/388/2
f 2696/374/5 2692/367/5 2482/366/5 2484/375/5
f 2485/389/8 2492/390/8 2491/391/8 2486/392/8
f 2500/393/14 2499/394/14 2497/395/14 2498/396/14
f 2493/397/14 2494/398/14 2708/399/14 2707/400/14
f 2495/401/2 2496/402/2 2494/403/2 2493/404/2
f 2711/405/15 2712/406/15 2496/407/15 2495/408/15
f 2707/409/7 2711/405/7 2495/408/7 2493/410/7
f 2504/411/5 2497/395/5 2499/394/5 2502/412/5
f 2498/413/7 2503/414/7 2501/415/7 2500/416/7
f 2503/414/15 2504/411/15 2502/412/15 2501/415/15
f 2501/417/2 2502/418/2 2499/419/2 2500/420/2
f 2712/406/5 2708/399/5 2494/398/5 2496/407/5
f 2497/421/8 2504/422/8 2503/423/8 2498/424/8
f 2508/425/16 2507/426/16 2505/427/16 2506/428/16
f 2512/429/5 2505/427/5 2507/426/5 2510/430/5
f 2506/431/7 2511/432/7 2509/433/7 2508/434/7
f 2511/432/15 2512/429/15 2510/430/15 2509/433/15
f 2509/435/2 2510/436/2 2507/437/2 2508/438/2
f 2505/439/8 2512/440/8 2511/441/8 2506/442/8
f 2524/443/1 2522/444/1 2521/445/1 2523/446/1
f 2513/447/1 2515/4/1 2516/3/1 2514/448/1
f 2517/449/8 2513/450/8 2514/451/8 2518/452/8
f 2519/9/10 2517/453/10 2518/454/10 2520/10/10
f 2515/13/9 2513/455/9 2517/453/9 2519/9/9
f 2528/456/5 2526/457/5 2523/446/5 2521/445/5
f 2522/458/7 2524/459/7 2525/460/7 2527/461/7
f 2527/461/6 2525/460/6 2526/457/6 2528/456/6
f 2525/462/8 2524/463/8 2523/464/8 2526/465/8
f 2520/10/5 2518/454/5 2514/448/5 2516/3/5
f 2521/466/2 2522/467/2 2527/468/2 2528/469/2
f 2540/470/1 2538/471/1 2537/472/1 2539/473/1
f 2529/474/1 2531/22/1 2532/21/1 2530/475/1
f 2533/476/8 2529/477/8 2530/478/8 2534/479/8
f 2535/27/6 2533/480/6 2534/481/6 2536/28/6
f 2531/31/7 2529/482/7 2533/480/7 2535/27/7
f 2544/483/5 2542/484/5 2539/473/5 2537/472/5
f 2538/485/7 2540/486/7 2541/487/7 2543/488/7
f 2543/488/6 2541/487/6 2542/484/6 2544/483/6
f 2541/489/8 2540/490/8 2539/491/8 2542/492/8
f 2536/28/5 2534/481/5 2530/475/5 2532/21/5
f 2537/493/2 2538/494/2 2543/495/2 2544/496/2
f 2548/497/1 2546/498/1 2545/499/1 2547/500/1
f 2552/501/5 2550/502/5 2547/500/5 2545/499/5
f 2546/503/7 2548/504/7 2549/505/7 2551/506/7
f 2551/506/6 2549/505/6 2550/502/6 2552/501/6
f 2549/507/8 2548/508/8 2547/509/8 2550/510/8
f 2545/511/2 2546/512/2 2551/513/2 2552/514/2
f 2564/515/1 2562/516/1 2561/517/1 2563/518/1
f 2553/519/1 2555/72/1 2556/71/1 2554/520/1
f 2557/521/8 2553/522/8 2554/523/8 2558/524/8
f 2559/77/10 2557/525/10 2558/526/10 2560/78/10
f 2555/81/9 2553/527/9 2557/525/9 2559/77/9
f 2568/528/17 2566/529/17 2563/518/17 2561/517/17
f 2562/530/18 2564/531/18 2565/532/18 2567/533/18
f 2567/533/19 2565/532/19 2566/529/19 2568/528/19
f 2565/534/8 2564/535/8 2563/536/8 2566/537/8
f 2560/78/5 2558/526/5 2554/520/5 2556/71/5
f 2561/538/2 2562/539/2 2567/540/2 2568/541/2
f 2580/542/1 2578/543/1 2577/544/1 2579/545/1
f 2569/546/1 2571/104/1 2572/103/1 2570/547/1
f 2573/548/8 2569/549/8 2570/550/8 2574/551/8
f 2575/109/6 2573/552/6 2574/553/6 2576/110/6
f 2571/113/7 2569/554/7 2573/552/7 2575/109/7
f 2584/555/5 2582/556/5 2579/545/5 2577/544/5
f 2578/557/7 2580/558/7 2581/559/7 2583/560/7
f 2583/560/6 2581/559/6 2582/556/6 2584/555/6
f 2581/561/8 2580/562/8 2579/563/8 2582/564/8
f 2576/110/5 2574/553/5 2570/547/5 2572/103/5
f 2577/565/2 2578/566/2 2583/567/2 2584/568/2
f 2596/569/1 2594/570/1 2593/571/1 2595/572/1
f 2585/573/1 2587/154/1 2588/153/1 2586/574/1
f 2589/575/8 2585/576/8 2586/577/8 2590/578/8
f 2591/159/20 2589/579/20 2590/580/20 2592/160/20
f 2587/163/21 2585/581/21 2589/579/21 2591/159/21
f 2600/582/5 2598/583/5 2595/572/5 2593/571/5
f 2594/584/22 2596/585/22 2597/586/22 2599/587/22
f 2599/587/23 2597/586/23 2598/583/23 2600/582/23
f 2597/588/8 2596/589/8 2595/590/8 2598/591/8
f 2592/160/5 2590/580/5 2586/574/5 2588/153/5
f 2593/592/2 2594/593/2 2599/594/2 2600/595/2
f 2604/596/1 2602/597/1 2601/598/1 2603/599/1
f 2608/600/5 2606/601/5 2603/599/5 2601/598/5
f 2602/602/9 2604/603/9 2605/604/9 2607/605/9
f 2607/605/10 2605/604/10 2606/601/10 2608/600/10
f 2605/606/8 2604/607/8 2603/608/8 2606/609/8
f 2601/610/2 2602/611/2 2607/612/2 2608/613/2
f 2612/614/1 2610/615/1 2609/616/1 2611/617/1
f 2616/618/5 2614/619/5 2611/617/5 2609/616/5
f 2610/620/7 2612/621/7 2613/622/7 2615/623/7
f 2615/623/6 2613/622/6 2614/619/6 2616/618/6
f 2613/624/8 2612/625/8 2611/626/8 2614/627/8
f 2609/628/2 2610/629/2 2615/630/2 2616/631/2
f 2628/632/1 2626/633/1 2625/634/1 2627/635/1
f 2617/636/1 2619/204/1 2620/203/1 2618/637/1
f 2621/638/8 2617/639/8 2618/640/8 2622/641/8
f 2623/209/6 2621/642/6 2622/643/6 2624/210/6
f 2619/213/7 2617/644/7 2621/642/7 2623/209/7
f 2632/645/5 2630/646/5 2627/635/5 2625/634/5
f 2626/647/7 2628/648/7 2629/649/7 2631/650/7
f 2631/650/6 2629/649/6 2630/646/6 2632/645/6
f 2629/651/8 2628/652/8 2627/653/8 2630/654/8
f 2624/210/5 2622/643/5 2618/637/5 2620/203/5
f 2625/655/2 2626/656/2 2631/657/2 2632/658/2
f 2644/659/1 2642/660/1 2641/661/1 2643/662/1
f 2633/663/1 2635/236/1 2636/235/1 2634/664/1
f 2637/665/8 2633/666/8 2634/667/8 2638/668/8
f 2639/241/6 2637/669/6 2638/670/6 2640/242/6
f 2635/245/7 2633/671/7 2637/669/7 2639/241/7
f 2648/672/5 2646/673/5 2643/662/5 2641/661/5
f 2642/674/7 2644/675/7 2645/676/7 2647/677/7
f 2647/677/6 2645/676/6 2646/673/6 2648/672/6
f 2645/678/8 2644/679/8 2643/680/8 2646/681/8
f 2640/242/5 2638/670/5 2634/664/5 2636/235/5
f 2641/682/2 2642/683/2 2647/684/2 2648/685/2
f 2652/686/1 2650/687/1 2649/688/1 2651/689/1
f 2656/690/5 2654/691/5 2651/689/5 2649/688/5
f 2650/692/7 2652/693/7 2653/694/7 2655/695/7
f 2655/695/6 2653/694/6 2654/691/6 2656/690/6
f 2653/696/8 2652/697/8 2651/698/8 2654/699/8
f 2649/700/2 2650/701/2 2655/702/2 2656/703/2
f 2668/704/1 2666/705/1 2665/706/1 2667/707/1
f 2657/708/1 2659/286/1 2660/285/1 2658/709/1
f 2661/710/8 2657/711/8 2658/712/8 2662/713/8
f 2663/291/6 2661/714/6 2662/715/6 2664/292/6
f 2659/295/7 2657/716/7 2661/714/7 2663/291/7
f 2672/717/5 2670/718/5 2667/707/5 2665/706/5
f 2666/719/9 2668/720/9 2669/721/9 2671/722/9
f 2671/722/10 2669/721/10 2670/718/10 2672/717/10
f 2669/723/8 2668/724/8 2667/725/8 2670/726/8
f 2664/292/5 2662/715/5 2658/709/5 2660/285/5
f 2665/727/2 2666/728/2 2671/729/2 2672/730/2
f 2673/731/1 2675/318/1 2676/317/1 2674/732/1
f 2677/733/8 2673/734/8 2674/735/8 2678/736/8
f 2679/323/6 2677/737/6 2678/738/6 2680/324/6
f 2675/327/13 2673/739/13 2677/737/13 2679/323/13
f 2680/324/5 2678/738/5 2674/732/5 2676/317/5
f 2684/740/1 2682/741/1 2681/742/1 2683/743/1
f 2688/744/5 2686/745/5 2683/743/5 2681/742/5
f 2682/746/7 2684/747/7 2685/748/7 2687/749/7
f 2687/749/6 2685/748/6 2686/745/6 2688/744/6
f 2685/750/8 2684/751/8 2683/752/8 2686/753/8
f 2681/754/2 2682/755/2 2687/756/2 2688/757/2
f 2700/758/1 2698/759/1 2697/760/1 2699/761/1
f 2689/762/1 2691/368/1 2692/367/1 2690/763/1
f 2693/764/8 2689/765/8 2690/766/8 2694/767/8
f 2695/373/10 2693/768/10 2694/769/10 2696/374/10
f 2691/377/9 2689/770/9 2693/768/9 2695/373/9
f 2704/771/5 2702/772/5 2699/761/5 2697/760/5
f 2698/773/7 2700/774/7 2701/775/7 2703/776/7
f 2703/776/6 2701/775/6 2702/772/6 2704/771/6
f 2701/777/8 2700/778/8 2699/779/8 2702/780/8
f 2696/374/5 2694/769/5 2690/763/5 2692/367/5
f 2697/781/2 2698/782/2 2703/783/2 2704/784/2
f 2716/785/14 2714/786/14 2713/787/14 2715/788/14
f 2705/789/14 2707/400/14 2708/399/14 2706/790/14
f 2709/791/8 2705/792/8 2706/793/8 2710/794/8
f 2711/405/15 2709/795/15 2710/796/15 2712/406/15
f 2707/409/7 2705/797/7 2709/795/7 2711/405/7
f 2720/798/5 2718/799/5 2715/788/5 2713/787/5
f 2714/800/7 2716/801/7 2717/802/7 2719/803/7
f 2719/803/15 2717/802/15 2718/799/15 2720/798/15
f 2717/804/8 2716/805/8 2715/806/8 2718/807/8
f 2712/406/5 2710/796/5 2706/790/5 2708/399/5
f 2713/808/2 2714/809/2 2719/810/2 2720/811/2
f 2724/812/16 2722/813/16 2721/814/16 2723/815/16
f 2728/816/5 2726/817/5 2723/815/5 2721/814/5
f 2722/818/7 2724/819/7 2725/820/7 2727/821/7
f 2727/821/15 2725/820/15 2726/817/15 2728/816/15
f 2725/822/8 2724/823/8 2723/824/8 2726/825/8
f 2721/826/2 2722/827/2 2727/828/2 2728/829/2
f 2732/830/24 2730/831/24 2729/832/24 2731/833/24
f 2736/834/25 2734/835/25 2731/833/25 2729/832/25
f 2730/836/26 2732/837/26 2733/838/26 2735/839/26
f 2735/839/27 2733/838/27 2734/835/27 2736/834/27
f 2733/840/2 2732/841/2 2731/842/2 2734/843/2
f 2729/844/8 2730/845/8 2735/846/8 2736/847/8
f 2744/848/24 2742/849/24 2741/850/24 2743/851/24
f 2737/852/24 2923/853/24 2924/854/24 2738/855/24
f 2739/856/2 2737/857/2 2738/858/2 2740/859/2
f 2927/860/28 2739/861/28 2740/862/28 2928/863/28
f 2923/864/29 2737/865/29 2739/861/29 2927/860/29
f 2748/866/25 2746/867/25 2743/851/25 2741/850/25
f 2742/868/26 2744/869/26 2745/870/26 2747/871/26
f 2747/871/27 2745/870/27 2746/867/27 2748/866/27
f 2745/872/2 2744/873/2 2743/874/2 2746/875/2
f 2928/863/25 2740/862/25 2738/855/25 2924/854/25
f 2741/876/8 2742/877/8 2747/878/8 2748/879/8
f 2752/880/24 2750/881/24 2749/882/24 2751/883/24
f 2756/884/25 2754/885/25 2751/883/25 2749/882/25
f 2750/886/26 2752/887/26 2753/888/26 2755/889/26
f 2755/889/27 2753/888/27 2754/885/27 2756/884/27
f 2753/890/2 2752/891/2 2751/892/2 2754/893/2
f 2749/894/8 2750/895/8 2755/896/8 2756/897/8
f 2764/898/24 2762/899/24 2761/900/24 2763/901/24
f 2757/902/24 2947/903/24 2948/904/24 2758/905/24
f 2759/906/2 2757/907/2 2758/908/2 2760/909/2
f 2951/910/30 2759/911/30 2760/912/30 2952/913/30
f 2947/914/31 2757/915/31 2759/911/31 2951/910/31
f 2768/916/25 2766/917/25 2763/901/25 2761/900/25
f 2762/918/32 2764/919/32 2765/920/32 2767/921/32
f 2767/921/33 2765/920/33 2766/917/33 2768/916/33
f 2765/922/2 2764/923/2 2763/924/2 2766/925/2
f 2952/913/25 2760/912/25 2758/905/25 2948/904/25
f 2761/926/8 2762/927/8 2767/928/8 2768/929/8
f 2776/930/24 2774/931/24 2773/932/24 2775/933/24
f 2769/934/24 2955/935/24 2956/936/24 2770/937/24
f 2771/938/2 2769/939/2 2770/940/2 2772/941/2
f 2959/942/27 2771/943/27 2772/944/27 2960/945/27
f 2955/946/26 2769/947/26 2771/943/26 2959/942/26
f 2780/948/25 2778/949/25 2775/933/25 2773/932/25
f 2774/950/26 2776/951/26 2777/952/26 2779/953/26
f 2779/953/27 2777/952/27 2778/949/27 2780/948/27
f 2777/954/2 2776/955/2 2775/956/2 2778/957/2
f 2960/945/25 2772/944/25 2770/937/25 2956/936/25
f 2773/958/8 2774/959/8 2779/960/8 2780/961/8
f 2784/962/24 2782/963/24 2781/964/24 2783/965/24
f 2788/966/25 2786/967/25 2783/965/25 2781/964/25
f 2782/968/26 2784/969/26 2785/970/26 2787/971/26
f 2787/971/27 2785/970/27 2786/967/27 2788/966/27
f 2785/972/2 2784/973/2 2783/974/2 2786/975/2
f 2781/976/8 2782/977/8 2787/978/8 2788/979/8
f 2796/980/24 2794/981/24 2793/982/24 2795/983/24
f 2789/984/24 2979/985/24 2980/986/24 2790/987/24
f 2791/988/2 2789/989/2 2790/990/2 2792/991/2
f 2983/992/27 2791/993/27 2792/994/27 2984/995/27
f 2979/996/26 2789/997/26 2791/993/26 2983/992/26
f 2800/998/25 2798/999/25 2795/983/25 2793/982/25
f 2794/1000/26 2796/1001/26 2797/1002/26 2799/1003/26
f 2799/1003/27 2797/1002/27 2798/999/27 2800/998/27
f 2797/1004/2 2796/1005/2 2795/1006/2 2798/1007/2
f 2984/995/25 2792/994/25 2790/987/25 2980/986/25
f 2793/1008/8 2794/1009/8 2799/1010/8 2800/1011/8
f 2808/1012/24 2806/1013/24 2805/1014/24 2807/1015/24
f 2801/1016/24 2995/1017/24 2996/1018/24 2802/1019/24
f 2803/1020/2 2801/1021/2 2802/1022/2 2804/1023/2
f 2999/1024/27 2803/1025/27 2804/1026/27 3000/1027/27
f 2995/1028/26 2801/1029/26 2803/1025/26 2999/1024/26
f 2812/1030/25 2810/1031/25 2807/1015/25 2805/1014/25
f 2806/1032/26 2808/1033/26 2809/1034/26 2811/1035/26
f 2811/1035/27 2809/1034/27 2810/1031/27 2812/1030/27
f 2809/1036/2 2808/1037/2 2807/1038/2 2810/1039/2
f 3000/1027/25 2804/1026/25 2802/1019/25 2996/1018/25
f 2805/1040/8 2806/1041/8 2811/1042/8 2812/1043/8
f 2816/1044/24 2814/1045/24 2813/1046/24 2815/1047/24
f 2820/1048/25 2818/1049/25 2815/1047/25 2813/1046/25
f 2814/1050/32 2816/1051/32 2817/1052/32 2819/1053/32
f 2819/1053/33 2817/1052/33 2818/1049/33 2820/1048/33
f 2817/1054/2 2816/1055/2 2815/1056/2 2818/1057/2
f 2813/1058/8 2814/1059/8 2819/1060/8 2820/1061/8
f 2828/1062/24 2826/1063/24 2825/1064/24 2827/1065/24
f 2821/1066/24 3019/1067/24 3020/1068/24 2822/1069/24
f 2823/1070/2 2821/1071/2 2822/1072/2 2824/1073/2
f 3023/1074/27 2823/1075/27 2824/1076/27 3024/1077/27
f 3019/1078/26 2821/1079/26 2823/1075/26 3023/1074/26
f 2832/1080/25 2830/1081/25 2827/1065/25 2825/1064/25
f 2826/1082/26 2828/1083/26 2829/1084/26 2831/1085/26
f 2831/1085/27 2829/1084/27 2830/1081/27 2832/1080/27
f 2829/1086/2 2828/1087/2 2827/1088/2 2830/1089/2
f 3024/1077/25 2824/1076/25 2822/1069/25 3020/1068/25
f 2825/1090/8 2826/1091/8 2831/1092/8 2832/1093/8
f 2840/1094/24 2838/1095/24 2837/1096/24 2839/1097/24
f 2833/1098/24 3035/1099/24 3036/1100/24 2834/1101/24
f 2835/1102/2 2833/1103/2 2834/1104/2 2836/1105/2
f 3039/1106/27 2835/1107/27 2836/1108/27 3040/1109/27
f 3035/1110/26 2833/1111/26 2835/1107/26 3039/1106/26
f 2844/1112/25 2842/1113/25 2839/1097/25 2837/1096/25
f 2838/1114/32 2840/1115/32 2841/1116/32 2843/1117/32
f 2843/1117/33 2841/1116/33 2842/1113/33 2844/1112/33
f 2841/1118/2 2840/1119/2 2839/1120/2 2842/1121/2
f 3040/1109/25 2836/1108/25 2834/1101/25 3036/1100/25
f 2837/1122/8 2838/1123/8 2843/1124/8 2844/1125/8
f 2848/1126/24 2846/1127/24 2845/1128/24 2847/1129/24
f 2852/1130/25 2850/1131/25 2847/1129/25 2845/1128/25
f 2846/1132/26 2848/1133/26 2849/1134/26 2851/1135/26
f 2851/1135/27 2849/1134/27 2850/1131/27 2852/1130/27
f 2849/1136/2 2848/1137/2 2847/1138/2 2850/1139/2
f 2845/1140/8 2846/1141/8 2851/1142/8 2852/1143/8
f 2856/1144/24 2854/1145/24 2853/1146/24 2855/1147/24
f 2860/1148/25 2858/1149/25 2855/1147/25 2853/1146/25
f 2854/1150/26 2856/1151/26 2857/1152/26 2859/1153/26
f 2859/1153/27 2857/1152/27 2858/1149/27 2860/1148/27
f 2857/1154/2 2856/1155/2 2855/1156/2 2858/1157/2
f 2853/1158/8 2854/1159/8 2859/1160/8 2860/1161/8
f 2868/1162/24 2866/1163/24 2865/1164/24 2867/1165/24
f 2861/1166/24 3067/1167/24 3068/1168/24 2862/1169/24
f 2863/1170/2 2861/1171/2 2862/1172/2 2864/1173/2
f 3071/1174/27 2863/1175/27 2864/1176/27 3072/1177/27
f 3067/1178/34 2861/1179/34 2863/1175/34 3071/1174/34
f 2872/1180/25 2870/1181/25 2867/1165/25 2865/1164/25
f 2866/1182/26 2868/1183/26 2869/1184/26 2871/1185/26
f 2871/1185/27 2869/1184/27 2870/1181/27 2872/1180/27
f 2869/1186/2 2868/1187/2 2867/1188/2 2870/1189/2
f 3072/1177/25 2864/1176/25 2862/1169/25 3068/1168/25
f 2865/1190/8 2866/1191/8 2871/1192/8 2872/1193/8
f 2876/1194/24 2874/1195/24 2873/1196/24 2875/1197/24
f 2880/1198/25 2878/1199/25 2875/1197/25 2873/1196/25
f 2874/1200/32 2876/1201/32 2877/1202/32 2879/1203/32
f 2879/1203/33 2877/1202/33 2878/1199/33 2880/1198/33
f 2877/1204/2 2876/1205/2 2875/1206/2 2878/1207/2
f 2873/1208/8 2874/1209/8 2879/1210/8 2880/1211/8
f 2888/1212/24 2886/1213/24 2885/1214/24 2887/1215/24
f 2881/1216/24 3091/1217/24 3092/1218/24 2882/1219/24
f 2883/1220/2 2881/1221/2 2882/1222/2 2884/1223/2
f 3095/1224/30 2883/1225/30 2884/1226/30 3096/1227/30
f 3091/1228/31 2881/1229/31 2883/1225/31 3095/1224/31
f 2892/1230/25 2890/1231/25 2887/1215/25 2885/1214/25
f 2886/1232/26 2888/1233/26 2889/1234/26 2891/1235/26
f 2891/1235/27 2889/1234/27 2890/1231/27 2892/1230/27
f 2889/1236/2 2888/1237/2 2887/1238/2 2890/1239/2
f 3096/1227/25 2884/1226/25 2882/1219/25 3092/1218/25
f 2885/1240/8 2886/1241/8 2891/1242/8 2892/1243/8
f 2900/1244/35 2898/1245/35 2897/1246/35 2899/1247/35
f 2893/1248/35 3107/1249/35 3108/1250/35 2894/1251/35
f 2895/1252/2 2893/1253/2 2894/1254/2 2896/1255/2
f 3111/1256/36 2895/1257/36 2896/1258/36 3112/1259/36
f 3107/1260/26 2893/1261/26 2895/1257/26 3111/1256/26
f 2904/1262/25 2902/1263/25 2899/1247/25 2897/1246/25
f 2898/1264/26 2900/1265/26 2901/1266/26 2903/1267/26
f 2903/1267/36 2901/1266/36 2902/1263/36 2904/1262/36
f 2901/1268/2 2900/1269/2 2899/1270/2 2902/1271/2
f 3112/1259/25 2896/1258/25 2894/1251/25 3108/1250/25
f 2897/1272/8 2898/1273/8 2903/1274/8 2904/1275/8
f 2908/1276/37 2906/1277/37 2905/1278/37 2907/1279/37
f 2912/1280/25 2910/1281/25 2907/1279/25 2905/1278/25
f 2906/1282/26 2908/1283/26 2909/1284/26 2911/1285/26
f 2911/1285/36 2909/1284/36 2910/1281/36 2912/1280/36
f 2909/1286/2 2908/1287/2 2907/1288/2 2910/1289/2
f 2905/1290/8 2906/1291/8 2911/1292/8 2912/1293/8
f 2916/1294/24 2915/1295/24 2913/1296/24 2914/1297/24
f 2920/1298/25 2913/1296/25 2915/1295/25 2918/1299/25
f 2914/1300/26 2919/1301/26 2917/1302/26 2916/1303/26
f 2919/1301/27 2920/1298/27 2918/1299/27 2917/1302/27
f 2917/1304/8 2918/1305/8 2915/1306/8 2916/1307/8
f 2913/1308/2 2920/1309/2 2919/1310/2 2914/1311/2
f 2932/1312/24 2931/1313/24 2929/1314/24 2930/1315/24
f 2921/1316/24 2922/1317/24 2924/854/24 2923/853/24
f 2925/1318/8 2926/1319/8 2922/1320/8 2921/1321/8
f 2927/860/38 2928/863/38 2926/1322/38 2925/1323/38
f 2923/864/39 2927/860/39 2925/1323/39 2921/1324/39
f 2936/1325/25 2929/1314/25 2931/1313/25 2934/1326/25
f 2930/1327/26 2935/1328/26 2933/1329/26 2932/1330/26
f 2935/1328/27 2936/1325/27 2934/1326/27 2933/1329/27
f 2933/1331/8 2934/1332/8 2931/1333/8 2932/1334/8
f 2928/863/25 2924/854/25 2922/1317/25 2926/1322/25
f 2929/1335/2 2936/1336/2 2935/1337/2 2930/1338/2
f 2940/1339/24 2939/1340/24 2937/1341/24 2938/1342/24
f 2944/1343/25 2937/1341/25 2939/1340/25 2942/1344/25
f 2938/1345/26 2943/1346/26 2941/1347/26 2940/1348/26
f 2943/1346/27 2944/1343/27 2942/1344/27 2941/1347/27
f 2941/1349/8 2942/1350/8 2939/1351/8 2940/1352/8
f 2937/1353/2 2944/1354/2 2943/1355/2 2938/1356/2
f 2945/1357/24 2946/1358/24 2948/904/24 2947/903/24
f 2949/1359/8 2950/1360/8 2946/1361/8 2945/1362/8
f 2951/910/33 2952/913/33 2950/1363/33 2949/1364/33
f 2947/914/32 2951/910/32 2949/1364/32 2945/1365/32
f 2952/913/25 2948/904/25 2946/1358/25 2950/1363/25
f 2964/1366/24 2963/1367/24 2961/1368/24 2962/1369/24
f 2953/1370/24 2954/1371/24 2956/936/24 2955/935/24
f 2957/1372/8 2958/1373/8 2954/1374/8 2953/1375/8
f 2959/942/27 2960/945/27 2958/1376/27 2957/1377/27
f 2955/946/26 2959/942/26 2957/1377/26 2953/1378/26
f 2968/1379/25 2961/1368/25 2963/1367/25 2966/1380/25
f 2962/1381/26 2967/1382/26 2965/1383/26 2964/1384/26
f 2967/1382/27 2968/1379/27 2966/1380/27 2965/1383/27
f 2965/1385/8 2966/1386/8 2963/1387/8 2964/1388/8
f 2960/945/25 2956/936/25 2954/1371/25 2958/1376/25
f 2961/1389/2 2968/1390/2 2967/1391/2 2962/1392/2
f 2972/1393/24 2971/1394/24 2969/1395/24 2970/1396/24
f 2976/1397/25 2969/1395/25 2971/1394/25 2974/1398/25
f 2970/1399/26 2975/1400/26 2973/1401/26 2972/1402/26
f 2975/1400/27 2976/1397/27 2974/1398/27 2973/1401/27
f 2973/1403/8 2974/1404/8 2971/1405/8 2972/1406/8
f 2969/1407/2 2976/1408/2 2975/1409/2 2970/1410/2
f 2988/1411/24 2987/1412/24 2985/1413/24 2986/1414/24
f 2977/1415/24 2978/1416/24 2980/986/24 2979/985/24
f 2981/1417/8 2982/1418/8 2978/1419/8 2977/1420/8
f 2983/992/27 2984/995/27 2982/1421/27 2981/1422/27
f 2979/996/26 2983/992/26 2981/1422/26 2977/1423/26
f 2992/1424/25 2985/1413/25 2987/1412/25 2990/1425/25
f 2986/1426/40 2991/1427/40 2989/1428/40 2988/1429/40
f 2991/1427/41 2992/1424/41 2990/1425/41 2989/1428/41
f 2989/1430/8 2990/1431/8 2987/1432/8 2988/1433/8
f 2984/995/25 2980/986/25 2978/1416/25 2982/1421/25
f 2985/1434/2 2992/1435/2 2991/1436/2 2986/1437/2
f 3004/1438/24 3003/1439/24 3001/1440/24 3002/1441/24
f 2993/1442/24 2994/1443/24 2996/1018/24 2995/1017/24
f 2997/1444/8 2998/1445/8 2994/1446/8 2993/1447/8
f 2999/1024/27 3000/1027/27 2998/1448/27 2997/1449/27
f 2995/1028/26 2999/1024/26 2997/1449/26 2993/1450/26
f 3008/1451/25 3001/1440/25 3003/1439/25 3006/1452/25
f 3002/1453/32 3007/1454/32 3005/1455/32 3004/1456/32
f 3007/1454/33 3008/1451/33 3006/1452/33 3005/1455/33
f 3005/1457/8 3006/1458/8 3003/1459/8 3004/1460/8
f 3000/1027/25 2996/1018/25 2994/1443/25 2998/1448/25
f 3001/1461/2 3008/1462/2 3007/1463/2 3002/1464/2
f 3012/1465/24 3011/1466/24 3009/1467/24 3010/1468/24
f 3016/1469/25 3009/1467/25 3011/1466/25 3014/1470/25
f 3010/1471/26 3015/1472/26 3013/1473/26 3012/1474/26
f 3015/1472/27 3016/1469/27 3014/1470/27 3013/1473/27
f 3013/1475/8 3014/1476/8 3011/1477/8 3012/1478/8
f 3009/1479/2 3016/1480/2 3015/1481/2 3010/1482/2
f 3028/1483/24 3027/1484/24 3025/1485/24 3026/1486/24
f 3017/1487/24 3018/1488/24 3020/1068/24 3019/1067/24
f 3021/1489/8 3022/1490/8 3018/1491/8 3017/1492/8
f 3023/1074/27 3024/1077/27 3022/1493/27 3021/1494/27
f 3019/1078/26 3023/1074/26 3021/1494/26 3017/1495/26
f 3032/1496/25 3025/1485/25 3027/1484/25 3030/1497/25
f 3026/1498/26 3031/1499/26 3029/1500/26 3028/1501/26
f 3031/1499/27 3032/1496/27 3030/1497/27 3029/1500/27
f 3029/1502/8 3030/1503/8 3027/1504/8 3028/1505/8
f 3024/1077/25 3020/1068/25 3018/1488/25 3022/1493/25
f 3025/1506/2 3032/1507/2 3031/1508/2 3026/1509/2
f 3044/1510/24 3043/1511/24 3041/1512/24 3042/1513/24
f 3033/1514/24 3034/1515/24 3036/1100/24 3035/1099/24
f 3037/1516/8 3038/1517/8 3034/1518/8 3033/1519/8
f 3039/1106/27 3040/1109/27 3038/1520/27 3037/1521/27
f 3035/1110/26 3039/1106/26 3037/1521/26 3033/1522/26
f 3048/1523/25 3041/1512/25 3043/1511/25 3046/1524/25
f 3042/1525/26 3047/1526/26 3045/1527/26 3044/1528/26
f 3047/1526/27 3048/1523/27 3046/1524/27 3045/1527/27
f 3045/1529/8 3046/1530/8 3043/1531/8 3044/1532/8
f 3040/1109/25 3036/1100/25 3034/1515/25 3038/1520/25
f 3041/1533/2 3048/1534/2 3047/1535/2 3042/1536/2
f 3052/1537/24 3051/1538/24 3049/1539/24 3050/1540/24
f 3056/1541/25 3049/1539/25 3051/1538/25 3054/1542/25
f 3050/1543/26 3055/1544/26 3053/1545/26 3052/1546/26
f 3055/1544/27 3056/1541/27 3054/1542/27 3053/1545/27
f 3053/1547/8 3054/1548/8 3051/1549/8 3052/1550/8
f 3049/1551/2 3056/1552/2 3055/1553/2 3050/1554/2
f 3060/1555/24 3059/1556/24 3057/1557/24 3058/1558/24
f 3064/1559/25 3057/1557/25 3059/1556/25 3062/1560/25
f 3058/1561/32 3063/1562/32 3061/1563/32 3060/1564/32
f 3063/1562/33 3064/1559/33 3062/1560/33 3061/1563/33
f 3061/1565/8 3062/1566/8 3059/1567/8 3060/1568/8
f 3057/1569/2 3064/1570/2 3063/1571/2 3058/1572/2
f 3076/1573/24 3075/1574/24 3073/1575/24 3074/1576/24
f 3065/1577/24 3066/1578/24 3068/1168/24 3067/1167/24
f 3069/1579/8 3070/1580/8 3066/1581/8 3065/1582/8
f 3071/1174/27 3072/1177/27 3070/1583/27 3069/1584/27
f 3067/1178/34 3071/1174/34 3069/1584/34 3065/1585/34
f 3080/1586/25 3073/1575/25 3075/1574/25 3078/1587/25
f 3074/1588/26 3079/1589/26 3077/1590/26 3076/1591/26
f 3079/1589/27 3080/1586/27 3078/1587/27 3077/1590/27
f 3077/1592/8 3078/1593/8 3075/1594/8 3076/1595/8
f 3072/1177/25 3068/1168/25 3066/1578/25 3070/1583/25
f 3073/1596/2 3080/1597/2 3079/1598/2 3074/1599/2
f 3084/1600/24 3083/1601/24 3081/1602/24 3082/1603/24
f 3088/1604/25 3081/1602/25 3083/1601/25 3086/1605/25
f 3082/1606/26 3087/1607/26 3085/1608/26 3084/1609/26
f 3087/1607/27 3088/1604/27 3086/1605/27 3085/1608/27
f 3085/1610/8 3086/1611/8 3083/1612/8 3084/1613/8
f 3081/1614/2 3088/1615/2 3087/1616/2 3082/1617/2
f 3100/1618/24 3099/1619/24 3097/1620/24 3098/1621/24
f 3089/1622/24 3090/1623/24 3092/1218/24 3091/1217/24
f 3093/1624/8 3094/1625/8 3090/1626/8 3089/1627/8
f 3095/1224/33 3096/1227/33 3094/1628/33 3093/1629/33
f 3091/1228/32 3095/1224/32 3093/1629/32 3089/1630/32
f 3104/1631/25 3097/1620/25 3099/1619/25 3102/1632/25
f 3098/1633/26 3103/1634/26 3101/1635/26 3100/1636/26
f 3103/1634/27 3104/1631/27 3102/1632/27 3101/1635/27
f 3101/1637/8 3102/1638/8 3099/1639/8 3100/1640/8
f 3096/1227/25 3092/1218/25 3090/1623/25 3094/1628/25
f 3097/1641/2 3104/1642/2 3103/1643/2 3098/1644/2
f 3116/1645/35 3115/1646/35 3113/1647/35 3114/1648/35
f 3105/1649/35 3106/1650/35 3108/1250/35 3107/1249/35
f 3109/1651/8 3110/1652/8 3106/1653/8 3105/1654/8
f 3111/1256/36 3112/1259/36 3110/1655/36 3109/1656/36
f 3107/1260/26 3111/1256/26 3109/1656/26 3105/1657/26
f 3120/1658/25 3113/1647/25 3115/1646/25 3118/1659/25
f 3114/1660/26 3119/1661/26 3117/1662/26 3116/1663/26
f 3119/1661/36 3120/1658/36 3118/1659/36 3117/1662/36
f 3117/1664/8 3118/1665/8 3115/1666/8 3116/1667/8
f 3112/1259/25 3108/1250/25 3106/1650/25 3110/1655/25
f 3113/1668/2 3120/1669/2 3119/1670/2 3114/1671/2
f 3124/1672/37 3123/1673/37 3121/1674/37 3122/1675/37
f 3128/1676/25 3121/1674/25 3123/1673/25 3126/1677/25
f 3122/1678/26 3127/1679/26 3125/1680/26 3124/1681/26
f 3127/1679/36 3128/1676/36 3126/1677/36 3125/1680/36
f 3125/1682/8 3126/1683/8 3123/1684/8 3124/1685/8
f 3121/1686/2 3128/1687/2 3127/1688/2 3122/1689/2
f 3132/1690/24 3131/1691/24 3129/1692/24 3130/1693/24
f 3136/1694/25 3129/1692/25 3131/1691/25 3134/1695/25
f 3130/1696/26 3135/1697/26 3133/1698/26 3132/1699/26
f 3135/1697/27 3136/1694/27 3134/1695/27 3133/1698/27
f 3133/1700/8 3134/1701/8 3131/1702/8 3132/1703/8
f 3129/1704/2 3136/1705/2 3135/1706/2 3130/1707/2
f 3140/1708/24 3139/1709/24 3137/1710/24 3138/1711/24
f 3144/1712/25 3137/1710/25 3139/1709/25 3142/1713/25
f 3138/1714/26 3143/1715/26 3141/1716/26 3140/1717/26
f 3143/1715/27 3144/1712/27 3142/1713/27 3141/1716/27
f 3141/1718/8 3142/1719/8 3139/1720/8 3140/1721/8
f 3137/1722/2 3144/1723/2 3143/1724/2 3138/1725/2
f 3152/1726/24 3151/1727/24 3149/1728/24 3150/1729/24
f 3145/1730/24 3146/1731/24 3220/1732/24 3219/1733/24
f 3147/1734/8 3148/1735/8 3146/1736/8 3145/1737/8
f 3223/1738/27 3224/1739/27 3148/1740/27 3147/1741/27
f 3219/1742/26 3223/1738/26 3147/1741/26 3145/1743/26
f 3156/1744/25 3149/1728/25 3151/1727/25 3154/1745/25
f 3150/1746/26 3155/1747/26 3153/1748/26 3152/1749/26
f 3155/1747/27 3156/1744/27 3154/1745/27 3153/1748/27
f 3153/1750/8 3154/1751/8 3151/1752/8 3152/1753/8
f 3224/1739/25 3220/1732/25 3146/1731/25 3148/1740/25
f 3149/1754/2 3156/1755/2 3155/1756/2 3150/1757/2
f 3164/1758/24 3163/1759/24 3161/1760/24 3162/1761/24
f 3157/1762/24 3158/1763/24 3236/1764/24 3235/1765/24
f 3159/1766/8 3160/1767/8 3158/1768/8 3157/1769/8
f 3239/1770/38 3240/1771/38 3160/1772/38 3159/1773/38
f 3235/1774/39 3239/1770/39 3159/1773/39 3157/1775/39
f 3168/1776/25 3161/1760/25 3163/1759/25 3166/1777/25
f 3162/1778/39 3167/1779/39 3165/1780/39 3164/1781/39
f 3167/1779/38 3168/1776/38 3166/1777/38 3165/1780/38
f 3165/1782/8 3166/1783/8 3163/1784/8 3164/1785/8
f 3240/1771/25 3236/1764/25 3158/1763/25 3160/1772/25
f 3161/1786/2 3168/1787/2 3167/1788/2 3162/1789/2
f 3172/1790/24 3171/1791/24 3169/1792/24 3170/1793/24
f 3176/1794/25 3169/1792/25 3171/1791/25 3174/1795/25
f 3170/1796/26 3175/1797/26 3173/1798/26 3172/1799/26
f 3175/1797/27 3176/1794/27 3174/1795/27 3173/1798/27
f 3173/1800/8 3174/1801/8 3171/1802/8 3172/1803/8
f 3169/1804/2 3176/1805/2 3175/1806/2 3170/1807/2
f 3184/1808/24 3183/1809/24 3181/1810/24 3182/1811/24
f 3177/1812/24 3178/1813/24 3260/1814/24 3259/1815/24
f 3179/1816/8 3180/1817/8 3178/1818/8 3177/1819/8
f 3263/1820/38 3264/1821/38 3180/1822/38 3179/1823/38
f 3259/1824/39 3263/1820/39 3179/1823/39 3177/1825/39
f 3188/1826/25 3181/1810/25 3183/1809/25 3186/1827/25
f 3182/1828/42 3187/1829/42 3185/1830/42 3184/1831/42
f 3187/1829/43 3188/1826/43 3186/1827/43 3185/1830/43
f 3185/1832/8 3186/1833/8 3183/1834/8 3184/1835/8
f 3264/1821/25 3260/1814/25 3178/1813/25 3180/1822/25
f 3181/1836/2 3188/1837/2 3187/1838/2 3182/1839/2
f 3192/1840/24 3191/1841/24 3189/1842/24 3190/1843/24
f 3196/1844/25 3189/1842/25 3191/1841/25 3194/1845/25
f 3190/1846/26 3195/1847/26 3193/1848/26 3192/1849/26
f 3195/1847/27 3196/1844/27 3194/1845/27 3193/1848/27
f 3193/1850/8 3194/1851/8 3191/1852/8 3192/1853/8
f 3189/1854/2 3196/1855/2 3195/1856/2 3190/1857/2
f 3204/1858/24 3203/1859/24 3201/1860/24 3202/1861/24
f 3197/1862/24 3198/1863/24 3284/1864/24 3283/1865/24
f 3199/1866/8 3200/1867/8 3198/1868/8 3197/1869/8
f 3287/1870/27 3288/1871/27 3200/1872/27 3199/1873/27
f 3283/1874/26 3287/1870/26 3199/1873/26 3197/1875/26
f 3208/1876/25 3201/1860/25 3203/1859/25 3206/1877/25
f 3202/1878/26 3207/1879/26 3205/1880/26 3204/1881/26
f 3207/1879/27 3208/1876/27 3206/1877/27 3205/1880/27
f 3205/1882/8 3206/1883/8 3203/1884/8 3204/1885/8
f 3288/1871/25 3284/1864/25 3198/1863/25 3200/1872/25
f 3201/1886/2 3208/1887/2 3207/1888/2 3202/1889/2
f 3212/1890/24 3210/1891/24 3209/1892/24 3211/1893/24
f 3216/1894/25 3214/1895/25 3211/1893/25 3209/1892/25
f 3210/1896/26 3212/1897/26 3213/1898/26 3215/1899/26
f 3215/1899/27 3213/1898/27 3214/1895/27 3216/1894/27
f 3213/1900/2 3212/1901/2 3211/1902/2 3214/1903/2
f 3209/1904/8 3210/1905/8 3215/1906/8 3216/1907/8
f 3228/1908/24 3226/1909/24 3225/1910/24 3227/1911/24
f 3217/1912/24 3219/1733/24 3220/1732/24 3218/1913/24
f 3221/1914/2 3217/1915/2 3218/1916/2 3222/1917/2
f 3223/1738/27 3221/1918/27 3222/1919/27 3224/1739/27
f 3219/1742/26 3217/1920/26 3221/1918/26 3223/1738/26
f 3232/1921/25 3230/1922/25 3227/1911/25 3225/1910/25
f 3226/1923/44 3228/1924/44 3229/1925/44 3231/1926/44
f 3231/1926/45 3229/1925/45 3230/1922/45 3232/1921/45
f 3229/1927/2 3228/1928/2 3227/1929/2 3230/1930/2
f 3224/1739/25 3222/1919/25 3218/1913/25 3220/1732/25
f 3225/1931/8 3226/1932/8 3231/1933/8 3232/1934/8
f 3244/1935/24 3242/1936/24 3241/1937/24 3243/1938/24
f 3233/1939/24 3235/1765/24 3236/1764/24 3234/1940/24
f 3237/1941/2 3233/1942/2 3234/1943/2 3238/1944/2
f 3239/1770/28 3237/1945/28 3238/1946/28 3240/1771/28
f 3235/1774/29 3233/1947/29 3237/1945/29 3239/1770/29
f 3248/1948/25 3246/1949/25 3243/1938/25 3241/1937/25
f 3242/1950/42 3244/1951/42 3245/1952/42 3247/1953/42
f 3247/1953/43 3245/1952/43 3246/1949/43 3248/1948/43
f 3245/1954/2 3244/1955/2 3243/1956/2 3246/1957/2
f 3240/1771/25 3238/1946/25 3234/1940/25 3236/1764/25
f 3241/1958/8 3242/1959/8 3247/1960/8 3248/1961/8
f 3252/1962/24 3250/1963/24 3249/1964/24 3251/1965/24
f 3256/1966/25 3254/1967/25 3251/1965/25 3249/1964/25
f 3250/1968/26 3252/1969/26 3253/1970/26 3255/1971/26
f 3255/1971/27 3253/1970/27 3254/1967/27 3256/1966/27
f 3253/1972/2 3252/1973/2 3251/1974/2 3254/1975/2
f 3249/1976/8 3250/1977/8 3255/1978/8 3256/1979/8
f 3268/1980/24 3266/1981/24 3265/1982/24 3267/1983/24
f 3257/1984/24 3259/1815/24 3260/1814/24 3258/1985/24
f 3261/1986/2 3257/1987/2 3258/1988/2 3262/1989/2
f 3263/1820/28 3261/1990/28 3262/1991/28 3264/1821/28
f 3259/1824/29 3257/1992/29 3261/1990/29 3263/1820/29
f 3272/1993/25 3270/1994/25 3267/1983/25 3265/1982/25
f 3266/1995/26 3268/1996/26 3269/1997/26 3271/1998/26
f 3271/1998/27 3269/1997/27 3270/1994/27 3272/1993/27
f 3269/1999/2 3268/2000/2 3267/2001/2 3270/2002/2
f 3264/1821/25 3262/1991/25 3258/1985/25 3260/1814/25
f 3265/2003/8 3266/2004/8 3271/2005/8 3272/2006/8
f 3276/2007/24 3274/2008/24 3273/2009/24 3275/2010/24
f 3280/2011/25 3278/2012/25 3275/2010/25 3273/2009/25
f 3274/2013/26 3276/2014/26 3277/2015/26 3279/2016/26
f 3279/2016/27 3277/2015/27 3278/2012/27 3280/2011/27
f 3277/2017/2 3276/2018/2 3275/2019/2 3278/2020/2
f 3273/2021/8 3274/2022/8 3279/2023/8 3280/2024/8
f 3292/2025/24 3290/2026/24 3289/2027/24 3291/2028/24
f 3281/2029/24 3283/1865/24 3284/1864/24 3282/2030/24
f 3285/2031/2 3281/2032/2 3282/2033/2 3286/2034/2
f 3287/1870/27 3285/2035/27 3286/2036/27 3288/1871/27
f 3283/1874/26 3281/2037/26 3285/2035/26 3287/1870/26
f 3296/2038/25 3294/2039/25 3291/2028/25 3289/2027/25
f 3290/2040/32 3292/2041/32 3293/2042/32 3295/2043/32
f 3295/2043/33 3293/2042/33 3294/2039/33 3296/2038/33
f 3293/2044/2 3292/2045/2 3291/2046/2 3294/2047/2
f 3288/1871/25 3286/2036/25 3282/2030/25 3284/1864/25
f 3289/2048/8 3290/2049/8 3295/2050/8 3296/2051/8
f 3300/2052/46 3299/2053/46 3297/2054/46 3298/2055/46
f 3304/2056/47 3297/2054/47 3299/2053/47 3302/2057/47
f 3298/2058/48 3303/2059/48 3301/2060/48 3300/2061/48
f 3303/2059/49 3304/2056/49 3302/2057/49 3301/2060/49
f 3301/2062/50 3302/2063/50 3299/2064/50 3300/2065/50
f 3297/2066/51 3304/2067/51 3303/2068/51 3298/2069/51
f 3305/2070/46 3306/2071/46 3344/2072/46 3343/2073/46
f 3307/2074/52 3308/2075/52 3306/2076/52 3305/2077/52
f 3347/2078/53 3348/2079/53 3308/2080/53 3307/2081/53
f 3343/2082/54 3347/2078/54 3307/2081/54 3305/2083/54
f 3348/2079/47 3344/2072/47 3306/2071/47 3308/2080/47
f 3309/2084/55 3310/2085/55 3352/2086/55 3351/2087/55
f 3311/2088/52 3312/2089/52 3310/2090/52 3309/2091/52
f 3355/2092/56 3356/2093/56 3312/2094/56 3311/2095/56
f 3351/2096/57 3355/2092/57 3311/2095/57 3309/2097/57
f 3356/2093/58 3352/2086/58 3310/2085/58 3312/2094/58
f 3316/2098/55 3315/2099/55 3313/2100/55 3314/2101/55
f 3320/2102/59 3313/2100/59 3315/2099/59 3318/2103/59
f 3314/2104/57 3319/2105/57 3317/2106/57 3316/2107/57
f 3319/2105/56 3320/2102/56 3318/2103/56 3317/2106/56
f 3317/2108/60 3318/2109/60 3315/2110/60 3316/2111/60
f 3313/2112/51 3320/2113/51 3319/2114/51 3314/2115/51
f 3321/2116/55 3322/2117/55 3368/2118/55 3367/2119/55
f 3323/2120/61 3324/2121/61 3322/2122/61 3321/2123/61
f 3371/2124/56 3372/2125/56 3324/2126/56 3323/2127/56
f 3367/2128/57 3371/2124/57 3323/2127/57 3321/2129/57
f 3372/2125/59 3368/2118/59 3322/2117/59 3324/2126/59
f 3328/2130/46 3326/2131/46 3325/2132/46 3327/2133/46
f 3332/2134/47 3330/2135/47 3327/2133/47 3325/2132/47
f 3326/2136/48 3328/2137/48 3329/2138/48 3331/2139/48
f 3331/2139/49 3329/2138/49 3330/2135/49 3332/2134/49
f 3329/2140/62 3328/2141/62 3327/2142/62 3330/2143/62
f 3325/2144/52 3326/2145/52 3331/2146/52 3332/2147/52
f 3336/2148/46 3334/2149/46 3333/2150/46 3335/2151/46
f 3340/2152/47 3338/2153/47 3335/2151/47 3333/2150/47
f 3334/2154/48 3336/2155/48 3337/2156/48 3339/2157/48
f 3339/2157/49 3337/2156/49 3338/2153/49 3340/2152/49
f 3337/2158/63 3336/2159/63 3335/2160/63 3338/2161/63
f 3333/2162/52 3334/2163/52 3339/2164/52 3340/2165/52
f 3341/2166/46 3343/2073/46 3344/2072/46 3342/2167/46
f 3345/2168/64 3341/2169/64 3342/2170/64 3346/2171/64
f 3347/2078/65 3345/2172/65 3346/2173/65 3348/2079/65
f 3343/2082/66 3341/2174/66 3345/2172/66 3347/2078/66
f 3348/2079/47 3346/2173/47 3342/2167/47 3344/2072/47
f 3349/2175/55 3351/2087/55 3352/2086/55 3350/2176/55
f 3353/2177/51 3349/2178/51 3350/2179/51 3354/2180/51
f 3355/2092/56 3353/2181/56 3354/2182/56 3356/2093/56
f 3351/2096/57 3349/2183/57 3353/2181/57 3355/2092/57
f 3356/2093/58 3354/2182/58 3350/2176/58 3352/2086/58
f 3360/2184/55 3358/2185/55 3357/2186/55 3359/2187/55
f 3364/2188/59 3362/2189/59 3359/2187/59 3357/2186/59
f 3358/2190/57 3360/2191/57 3361/2192/57 3363/2193/57
f 3363/2193/56 3361/2192/56 3362/2189/56 3364/2188/56
f 3361/2194/67 3360/2195/67 3359/2196/67 3362/2197/67
f 3357/2198/52 3358/2199/52 3363/2200/52 3364/2201/52
f 3365/2202/55 3367/2119/55 3368/2118/55 3366/2203/55
f 3369/2204/68 3365/2205/68 3366/2206/68 3370/2207/68
f 3371/2124/56 3369/2208/56 3370/2209/56 3372/2125/56
f 3367/2128/57 3365/2210/57 3369/2208/57 3371/2124/57
f 3372/2125/59 3370/2209/59 3366/2203/59 3368/2118/59
f 3376/2211/69 3374/2212/69 3373/2213/69 3375/2214/69
f 3380/2215/70 3378/2216/70 3375/2214/70 3373/2213/70
f 3374/2217/71 3376/2218/71 3377/2219/71 3379/2220/71
f 3379/2220/72 3377/2219/72 3378/2216/72 3380/2215/72
f 3377/2221/73 3376/2222/73 3375/2223/73 3378/2224/73
f 3373/2225/51 3374/2226/51 3379/2227/51 3380/2228/51
f 3381/2229/69 3427/2230/69 3428/2231/69 3382/2232/69
f 3383/2233/52 3381/2234/52 3382/2235/52 3384/2236/52
f 3431/2237/72 3383/2238/72 3384/2239/72 3432/2240/72
f 3427/2241/71 3381/2242/71 3383/2238/71 3431/2237/71
f 3432/2240/70 3384/2239/70 3382/2232/70 3428/2231/70
f 3388/2243/69 3386/2244/69 3385/2245/69 3387/2246/69
f 3392/2247/70 3390/2248/70 3387/2246/70 3385/2245/70
f 3386/2249/71 3388/2250/71 3389/2251/71 3391/2252/71
f 3391/2252/72 3389/2251/72 3390/2248/72 3392/2247/72
f 3389/2253/52 3388/2254/52 3387/2255/52 3390/2256/52
f 3385/2257/51 3386/2258/51 3391/2259/51 3392/2260/51
f 3393/2261/69 3443/2262/69 3444/2263/69 3394/2264/69
f 3395/2265/52 3393/2266/52 3394/2267/52 3396/2268/52
f 3447/2269/74 3395/2270/74 3396/2271/74 3448/2272/74
f 3443/2273/75 3393/2274/75 3395/2270/75 3447/2269/75
f 3448/2272/70 3396/2271/70 3394/2264/70 3444/2263/70
f 3397/2275/76 3451/2276/76 3452/2277/76 3398/2278/76
f 3399/2279/52 3397/2280/52 3398/2281/52 3400/2282/52
f 3455/2283/77 3399/2284/77 3400/2285/77 3456/2286/77
f 3451/2287/78 3397/2288/78 3399/2284/78 3455/2283/78
f 3456/2286/79 3400/2285/79 3398/2278/79 3452/2277/79
f 3404/2289/76 3402/2290/76 3401/2291/76 3403/2292/76
f 3408/2293/80 3406/2294/80 3403/2292/80 3401/2291/80
f 3402/2295/78 3404/2296/78 3405/2297/78 3407/2298/78
f 3407/2298/77 3405/2297/77 3406/2294/77 3408/2293/77
f 3405/2299/81 3404/2300/81 3403/2301/81 3406/2302/81
f 3401/2303/51 3402/2304/51 3407/2305/51 3408/2306/51
f 3409/2307/76 3467/2308/76 3468/2309/76 3410/2310/76
f 3411/2311/82 3409/2312/82 3410/2313/82 3412/2314/82
f 3471/2315/83 3411/2316/83 3412/2317/83 3472/2318/83
f 3467/2319/84 3409/2320/84 3411/2316/84 3471/2315/84
f 3472/2318/80 3412/2317/80 3410/2310/80 3468/2309/80
f 3413/2321/76 3475/2322/76 3476/2323/76 3414/2324/76
f 3415/2325/85 3413/2326/85 3414/2327/85 3416/2328/85
f 3479/2329/77 3415/2330/77 3416/2331/77 3480/2332/77
f 3475/2333/78 3413/2334/78 3415/2330/78 3479/2329/78
f 3480/2332/80 3416/2331/80 3414/2324/80 3476/2323/80
f 3420/2335/69 3419/2336/69 3417/2337/69 3418/2338/69
f 3424/2339/70 3417/2337/70 3419/2336/70 3422/2340/70
f 3418/2341/71 3423/2342/71 3421/2343/71 3420/2344/71
f 3423/2342/72 3424/2339/72 3422/2340/72 3421/2343/72
f 3421/2345/86 3422/2346/86 3419/2347/86 3420/2348/86
f 3417/2349/52 3424/2350/52 3423/2351/52 3418/2352/52
f 3425/2353/69 3426/2354/69 3428/2231/69 3427/2230/69
f 3429/2355/51 3430/2356/51 3426/2357/51 3425/2358/51
f 3431/2237/72 3432/2240/72 3430/2359/72 3429/2360/72
f 3427/2241/71 3431/2237/71 3429/2360/71 3425/2361/71
f 3432/2240/70 3428/2231/70 3426/2354/70 3430/2359/70
f 3436/2362/69 3435/2363/69 3433/2364/69 3434/2365/69
f 3440/2366/70 3433/2364/70 3435/2363/70 3438/2367/70
f 3434/2368/71 3439/2369/71 3437/2370/71 3436/2371/71
f 3439/2369/72 3440/2366/72 3438/2367/72 3437/2370/72
f 3437/2372/87 3438/2373/87 3435/2374/87 3436/2375/87
f 3433/2376/52 3440/2377/52 3439/2378/52 3434/2379/52
f 3441/2380/69 3442/2381/69 3444/2263/69 3443/2262/69
f 3445/2382/88 3446/2383/88 3442/2384/88 3441/2385/88
f 3447/2269/89 3448/2272/89 3446/2386/89 3445/2387/89
f 3443/2273/90 3447/2269/90 3445/2387/90 3441/2388/90
f 3448/2272/70 3444/2263/70 3442/2381/70 3446/2386/70
f 3449/2389/76 3450/2390/76 3452/2277/76 3451/2276/76
f 3453/2391/51 3454/2392/51 3450/2393/51 3449/2394/51
f 3455/2283/77 3456/2286/77 3454/2395/77 3453/2396/77
f 3451/2287/78 3455/2283/78 3453/2396/78 3449/2397/78
f 3456/2286/79 3452/2277/79 3450/2390/79 3454/2395/79
f 3460/2398/76 3459/2399/76 3457/2400/76 3458/2401/76
f 3464/2402/80 3457/2400/80 3459/2399/80 3462/2403/80
f 3458/2404/78 3463/2405/78 3461/2406/78 3460/2407/78
f 3463/2405/77 3464/2402/77 3462/2403/77 3461/2406/77
f 3461/2408/91 3462/2409/91 3459/2410/91 3460/2411/91
f 3457/2412/52 3464/2413/52 3463/2414/52 3458/2415/52
f 3465/2416/76 3466/2417/76 3468/2309/76 3467/2308/76
f 3469/2418/92 3470/2419/92 3466/2420/92 3465/2421/92
f 3471/2315/93 3472/2318/93 3470/2422/93 3469/2423/93
f 3467/2319/94 3471/2315/94 3469/2423/94 3465/2424/94
f 3472/2318/80 3468/2309/80 3466/2417/80 3470/2422/80
f 3473/2425/76 3474/2426/76 3476/2323/76 3475/2322/76
f 3477/2427/95 3478/2428/95 3474/2429/95 3473/2430/95
f 3479/2329/77 3480/2332/77 3478/2431/77 3477/2432/77
f 3475/2333/78 3479/2329/78 3477/2432/78 3473/2433/78
f 3480/2332/80 3476/2323/80 3474/2426/80 3478/2431/80
f 3481/2434/96 3482/2435/96 3488/2436/96 3487/2437/96
f 3483/2438/52 3484/2439/52 3482/2440/52 3481/2441/52
f 3491/2442/97 3492/2443/97 3484/2444/97 3483/2445/97
f 3487/2446/98 3491/2442/98 3483/2445/98 3481/2447/98
f 3492/2443/99 3488/2436/99 3482/2435/99 3484/2444/99
f 3485/2448/96 3487/2437/96 3488/2436/96 3486/2449/96
f 3489/2450/51 3485/2451/51 3486/2452/51 3490/2453/51
f 3491/2442/97 3489/2454/97 3490/2455/97 3492/2443/97
f 3487/2446/98 3485/2456/98 3489/2454/98 3491/2442/98
f 3492/2443/99 3490/2455/99 3486/2449/99 3488/2436/99
f 3496/2457/100 3495/2458/100 3493/2459/100 3494/2460/100
f 3500/2461/101 3493/2459/101 3495/2458/101 3498/2462/101
f 3494/2463/102 3499/2464/102 3497/2465/102 3496/2466/102
f 3499/2464/103 3500/2461/103 3498/2462/103 3497/2465/103
f 3504/2467/104 3503/2468/104 3501/2469/104 3502/2470/104
f 3508/2471/105 3501/2469/105 3503/2468/105 3506/2472/105
f 3502/2473/106 3507/2474/106 3505/2475/106 3504/2476/106
f 3507/2474/107 3508/2471/107 3506/2472/107 3505/2475/107
f 3505/2477/52 3506/2478/52 3503/2479/52 3504/2480/52
f 3501/2481/51 3508/2482/51 3507/2483/51 3502/2484/51
f 3512/2485/104 3511/2486/104 3509/2487/104 3510/2488/104
f 3516/2489/105 3509/2487/105 3511/2486/105 3514/2490/105
f 3510/2491/108 3515/2492/108 3513/2493/108 3512/2494/108
f 3515/2492/109 3516/2489/109 3514/2490/109 3513/2493/109
f 3520/2495/104 3519/2496/104 3517/2497/104 3518/2498/104
f 3524/2499/105 3517/2497/105 3519/2496/105 3522/2500/105
f 3518/2501/106 3523/2502/106 3521/2503/106 3520/2504/106
f 3523/2502/107 3524/2499/107 3522/2500/107 3521/2503/107
f 3528/2505/104 3527/2506/104 3525/2507/104 3526/2508/104
f 3532/2509/105 3525/2507/105 3527/2506/105 3530/2510/105
f 3526/2511/106 3531/2512/106 3529/2513/106 3528/2514/106
f 3531/2512/107 3532/2509/107 3530/2510/107 3529/2513/107
f 3536/2515/104 3535/2516/104 3533/2517/104 3534/2518/104
f 3540/2519/105 3533/2517/105 3535/2516/105 3538/2520/105
f 3534/2521/106 3539/2522/106 3537/2523/106 3536/2524/106
f 3539/2522/107 3540/2519/107 3538/2520/107 3537/2523/107
f 3544/2525/104 3543/2526/104 3541/2527/104 3542/2528/104
f 3548/2529/105 3541/2527/105 3543/2526/105 3546/2530/105
f 3542/2531/106 3547/2532/106 3545/2533/106 3544/2534/106
f 3547/2532/107 3548/2529/107 3546/2530/107 3545/2533/107
f 3552/2535/104 3551/2536/104 3549/2537/104 3550/2538/104
f 3556/2539/105 3549/2537/105 3551/2536/105 3554/2540/105
f 3550/2541/108 3555/2542/108 3553/2543/108 3552/2544/108
f 3555/2542/109 3556/2539/109 3554/2540/109 3553/2543/109
f 3509/2545/51 3516/2546/51 3515/2547/51 3510/2548/51
f 3525/2549/51 3532/2550/51 3531/2551/51 3526/2552/51
f 3533/2553/51 3540/2554/51 3539/2555/51 3534/2556/51
f 3549/2557/51 3556/2558/51 3555/2559/51 3550/2560/51
f 3560/2561/104 3559/2562/104 3557/2563/104 3558/2564/104
f 3564/2565/105 3557/2563/105 3559/2562/105 3562/2566/105
f 3558/2567/108 3563/2568/108 3561/2569/108 3560/2570/108
f 3563/2568/109 3564/2565/109 3562/2566/109 3561/2569/109
f 3568/2571/104 3567/2572/104 3565/2573/104 3566/2574/104
f 3572/2575/105 3565/2573/105 3567/2572/105 3570/2576/105
f 3566/2577/106 3571/2578/106 3569/2579/106 3568/2580/106
f 3571/2578/107 3572/2575/107 3570/2576/107 3569/2579/107
f 3557/2581/51 3564/2582/51 3563/2583/51 3558/2584/51
f 3565/2585/51 3572/2586/51 3571/2587/51 3566/2588/51
f 3512/2589/52 3513/2590/52 3514/2591/52 3511/2592/52
f 3496/2593/52 3497/2594/52 3498/2595/52 3495/2596/52
f 3520/2597/52 3521/2598/52 3522/2599/52 3519/2600/52
f 3536/2601/52 3537/2602/52 3538/2603/52 3535/2604/52
f 3544/2605/52 3545/2606/52 3546/2607/52 3543/2608/52
f 3493/2609/51 3500/2610/51 3499/2611/51 3494/2612/51
f 3528/2613/52 3529/2614/52 3530/2615/52 3527/2616/52
f 3552/2617/52 3553/2618/52 3554/2619/52 3551/2620/52
f 3560/2621/52 3561/2622/52 3562/2623/52 3559/2624/52
f 3568/2625/52 3569/2626/52 3570/2627/52 3567/2628/52
f 5134/2629/52 5123/2630/52 5140/2631/52 5180/2632/52
f 5122/2633/51 5115/2634/51 5100/2635/51 5118/2636/51
f 5117/2637/51 5116/2638/51 5101/2639/51 5099/2640/51
f 5125/2641/52 5124/2642/52 5148/2643/52 5139/2644/52
f 5113/2645/51 5115/2634/51 5122/2633/51 5121/2646/51
f 5104/2647/52 5123/2630/52 5134/2629/52 5133/2648/52
f 5111/2649/51 5110/2650/51 5114/2651/51 5112/2652/51
f 5143/2653/51 5145/2654/51 5108/2655/51 5106/2656/51
f 5164/2657/51 5144/2658/51 5107/2659/51 5119/2660/51
f 5129/2661/52 5130/2662/52 5126/2663/52 5128/2664/52
f 5112/2652/51 5114/2651/51 5116/2638/51 5117/2637/51
f 5120/2665/51 5121/2646/51 5114/2651/51 5110/2650/51
f 5133/2648/52 5105/2666/52 5126/2663/52 5135/2667/52
f 5145/2654/51 5164/2657/51 5119/2660/51 5108/2655/51
f 5107/2659/51 5109/2668/51 5120/2665/51 5119/2660/51
f 5106/2656/51 5108/2655/51 5110/2650/51 5111/2649/51
f 5109/2668/51 5113/2645/51 5121/2646/51 5120/2665/51
f 5116/2638/51 5122/2633/51 5118/2636/51 5101/2639/51
f 5132/2669/52 5098/2670/52 5131/2671/52 5136/2672/52
f 5097/2673/52 5102/2674/52 5130/2662/52 5129/2661/52
f 5102/2674/52 5132/2669/52 5136/2672/52 5130/2662/52
f 5131/2671/52 5127/2675/52 5135/2667/52 5136/2672/52
f 5127/2675/52 5104/2647/52 5133/2648/52 5135/2667/52
f 5103/2676/52 5105/2666/52 5124/2642/52 5125/2641/52
f 5124/2642/52 5134/2629/52 5180/2632/52 5148/2643/52
f 5128/2664/52 5126/2663/52 5105/2666/52 5103/2676/52
f 5182/2677/52 5180/2632/52 5140/2631/52 5170/2678/52
f 5169/2679/51 5165/2680/51 5142/2681/51 5161/2682/51
f 5163/2683/51 5141/2684/51 5146/2685/51 5162/2686/51
f 5172/2687/52 5139/2644/52 5148/2643/52 5171/2688/52
f 5159/2689/51 5168/2690/51 5169/2679/51 5161/2682/51
f 5150/2691/52 5181/2692/52 5182/2677/52 5170/2678/52
f 5157/2693/51 5158/2694/51 5160/2695/51 5156/2696/51
f 5143/2653/51 5152/2697/51 5154/2698/51 5145/2654/51
f 5164/2657/51 5166/2699/51 5153/2700/51 5144/2658/51
f 5176/2701/52 5175/2702/52 5173/2703/52 5177/2704/52
f 5158/2694/51 5163/2683/51 5162/2686/51 5160/2695/51
f 5167/2705/51 5156/2696/51 5160/2695/51 5168/2690/51
f 5181/2692/52 5183/2706/52 5173/2703/52 5151/2707/52
f 5145/2654/51 5154/2698/51 5166/2699/51 5164/2657/51
f 5153/2700/51 5166/2699/51 5167/2705/51 5155/2708/51
f 5152/2697/51 5157/2693/51 5156/2696/51 5154/2698/51
f 5155/2708/51 5167/2705/51 5168/2690/51 5159/2689/51
f 5162/2686/51 5146/2685/51 5165/2680/51 5169/2679/51
f 5179/2709/52 5184/2710/52 5178/2711/52 5138/2712/52
f 5137/2713/52 5176/2701/52 5177/2704/52 5147/2714/52
f 5147/2714/52 5177/2704/52 5184/2710/52 5179/2709/52
f 5178/2711/52 5184/2710/52 5183/2706/52 5174/2715/52
f 5174/2715/52 5183/2706/52 5181/2692/52 5150/2691/52
f 5149/2716/52 5172/2687/52 5171/2688/52 5151/2707/52
f 5171/2688/52 5148/2643/52 5180/2632/52 5182/2677/52
f 5175/2702/52 5149/2716/52 5151/2707/52 5173/2703/52
f 5222/2717/51 5268/2718/51 5228/2719/51 5211/2720/51
f 5210/2721/52 5206/2722/52 5188/2723/52 5203/2724/52
f 5205/2725/52 5187/2726/52 5189/2727/52 5204/2728/52
f 5213/2729/51 5227/2730/51 5236/2731/51 5212/2732/51
f 5201/2733/52 5209/2734/52 5210/2721/52 5203/2724/52
f 5192/2735/51 5221/2736/51 5222/2717/51 5211/2720/51
f 5199/2737/52 5200/2738/52 5202/2739/52 5198/2740/52
f 5231/2741/52 5194/2742/52 5196/2743/52 5233/2744/52
f 5252/2745/52 5207/2746/52 5195/2747/52 5232/2748/52
f 5217/2749/51 5216/2750/51 5214/2751/51 5218/2752/51
f 5200/2738/52 5205/2725/52 5204/2728/52 5202/2739/52
f 5208/2753/52 5198/2740/52 5202/2739/52 5209/2734/52
f 5221/2736/51 5223/2754/51 5214/2751/51 5193/2755/51
f 5233/2744/52 5196/2743/52 5207/2746/52 5252/2745/52
f 5195/2747/52 5207/2746/52 5208/2753/52 5197/2756/52
f 5194/2742/52 5199/2737/52 5198/2740/52 5196/2743/52
f 5197/2756/52 5208/2753/52 5209/2734/52 5201/2733/52
f 5204/2728/52 5189/2727/52 5206/2722/52 5210/2721/52
f 5220/2757/51 5224/2758/51 5219/2759/51 5186/2760/51
f 5185/2761/51 5217/2749/51 5218/2752/51 5190/2762/51
f 5190/2762/51 5218/2752/51 5224/2758/51 5220/2757/51
f 5219/2759/51 5224/2758/51 5223/2754/51 5215/2763/51
f 5215/2763/51 5223/2754/51 5221/2736/51 5192/2735/51
f 5191/2764/51 5213/2729/51 5212/2732/51 5193/2755/51
f 5212/2732/51 5236/2731/51 5268/2718/51 5222/2717/51
f 5216/2750/51 5191/2764/51 5193/2755/51 5214/2751/51
f 5270/2765/51 5258/2766/51 5228/2719/51 5268/2718/51
f 5257/2767/52 5249/2768/52 5230/2769/52 5253/2770/52
f 5251/2771/52 5250/2772/52 5234/2773/52 5229/2774/52
f 5260/2775/51 5259/2776/51 5236/2731/51 5227/2730/51
f 5247/2777/52 5249/2768/52 5257/2767/52 5256/2778/52
f 5238/2779/51 5258/2766/51 5270/2765/51 5269/2780/51
f 5245/2781/52 5244/2782/52 5248/2783/52 5246/2784/52
f 5231/2741/52 5233/2744/52 5242/2785/52 5240/2786/52
f 5252/2745/52 5232/2748/52 5241/2787/52 5254/2788/52
f 5264/2789/51 5265/2790/51 5261/2791/51 5263/2792/51
f 5246/2784/52 5248/2783/52 5250/2772/52 5251/2771/52
f 5255/2793/52 5256/2778/52 5248/2783/52 5244/2782/52
f 5269/2780/51 5239/2794/51 5261/2791/51 5271/2795/51
f 5233/2744/52 5252/2745/52 5254/2788/52 5242/2785/52
f 5241/2787/52 5243/2796/52 5255/2793/52 5254/2788/52
f 5240/2786/52 5242/2785/52 5244/2782/52 5245/2781/52
f 5243/2796/52 5247/2777/52 5256/2778/52 5255/2793/52
f 5250/2772/52 5257/2767/52 5253/2770/52 5234/2773/52
f 5267/2797/51 5226/2798/51 5266/2799/51 5272/2800/51
f 5225/2801/51 5235/2802/51 5265/2790/51 5264/2789/51
f 5235/2802/51 5267/2797/51 5272/2800/51 5265/2790/51
f 5266/2799/51 5262/2803/51 5271/2795/51 5272/2800/51
f 5262/2803/51 5238/2779/51 5269/2780/51 5271/2795/51
f 5237/2804/51 5239/2794/51 5259/2776/51 5260/2775/51
f 5259/2776/51 5270/2765/51 5268/2718/51 5236/2731/51
f 5263/2792/51 5261/2791/51 5239/2794/51 5237/2804/51
f 5295/2805/8 5273/2806/8 5274/2807/8 5296/2808/8
f 5293/2809/2 5276/2810/2 5275/2811/2 5294/2812/2
f 5277/2813/8 5278/2814/8 5280/2815/8 5279/2816/8
f 5283/2817/2 5284/2818/2 5282/2819/2 5281/2820/2
f 5285/2821/8 5286/2822/8 5288/2823/8 5287/2824/8
f 5287/2824/51 5288/2823/51 5292/2825/51 5291/2826/51
f 5291/2826/2 5292/2825/2 5290/2827/2 5289/2828/2
f 5319/2829/2 5320/2830/2 5298/2831/2 5297/2832/2
f 5317/2833/8 5318/2834/8 5299/2835/8 5300/2836/8
f 5301/2837/2 5303/2838/2 5304/2839/2 5302/2840/2
f 5307/2841/8 5305/2842/8 5306/2843/8 5308/2844/8
f 5309/2845/2 5311/2846/2 5312/2847/2 5310/2848/2
f 5311/2846/51 5315/2849/51 5316/2850/51 5312/2847/51
f 5315/2849/8 5313/2851/8 5314/2852/8 5316/2850/8
f 5327/2853/2 5328/2854/2 5322/2855/2 5321/2856/2
f 5325/2857/8 5326/2858/8 5323/2859/8 5324/2860/8
usemtl wood.002
f 7/2861/110 32/2862/111 34/2863/112 9/2864/113
f 21/2865/114 46/2866/115 48/2867/116 23/2868/117
f 15/2869/118 40/2870/119 42/2871/120 17/2872/121
f 9/2864/113 34/2863/112 36/2873/122 11/2874/123
f 23/2868/117 48/2867/116 25/2875/124 2/2876/125
f 17/2872/121 42/2871/120 44/2877/126 19/2878/127
f 11/2874/123 36/2873/122 38/2879/128 13/2880/129
f 27/2881/130 26/2882/131 47/2883/132 45/2884/133 43/2885/134 41/2886/135 39/2887/136 37/2888/137 35/2889/138 33/2890/139 31/2891/140 29/2892/141
f 5/2893/142 30/2894/143 32/2895/111 7/2896/110
f 19/2878/127 44/2877/126 46/2866/115 21/2865/114
f 13/2880/129 38/2879/128 40/2870/119 15/2869/118
f 3/2897/144 28/2898/145 30/2894/143 5/2893/142
f 50/2899/146 73/2900/147 76/2901/148 51/2902/149
f 4/2903/150 1/2904/151 2/2905/125 3/2906/144
f 6/2907/152 4/2903/150 3/2906/144 5/2908/142
f 8/2909/153 6/2907/152 5/2908/142 7/2910/110
f 10/2911/154 8/2909/153 7/2910/110 9/2912/113
f 12/2913/155 10/2911/154 9/2912/113 11/2914/123
f 14/2915/156 12/2913/155 11/2914/123 13/2916/129
f 16/2917/157 14/2915/156 13/2916/129 15/2918/118
f 18/2919/158 16/2917/157 15/2918/118 17/2920/121
f 20/2921/159 18/2919/158 17/2920/121 19/2922/127
f 22/2923/160 20/2921/159 19/2922/127 21/2924/114
f 24/2925/161 22/2923/160 21/2924/114 23/2926/117
f 1/2904/151 24/2925/161 23/2926/117 2/2905/125
f 28/2927/145 25/2928/124 26/2882/131 27/2881/130
f 30/2929/143 28/2927/145 27/2881/130 29/2892/141
f 32/2930/111 30/2929/143 29/2892/141 31/2891/140
f 34/2931/112 32/2930/111 31/2891/140 33/2890/139
f 36/2932/122 34/2931/112 33/2890/139 35/2889/138
f 38/2933/128 36/2932/122 35/2889/138 37/2888/137
f 40/2934/119 38/2933/128 37/2888/137 39/2887/136
f 42/2935/120 40/2934/119 39/2887/136 41/2886/135
f 44/2936/126 42/2935/120 41/2886/135 43/2885/134
f 46/2937/115 44/2936/126 43/2885/134 45/2884/133
f 48/2938/116 46/2937/115 45/2884/133 47/2883/132
f 25/2928/124 48/2938/116 47/2883/132 26/2882/131
f 4/2903/150 6/2907/152 8/2909/153 10/2911/154 12/2913/155 14/2915/156 16/2917/157 18/2919/158 20/2921/159 22/2923/160 24/2925/161 1/2904/151
f 55/2939/162 80/2940/163 82/2941/164 57/2942/165
f 69/2943/166 94/2944/167 96/2945/143 71/2946/168
f 63/2947/114 88/2948/115 90/2949/116 65/2950/117
f 57/2942/165 82/2941/164 84/2951/120 59/2952/121
f 71/2946/168 96/2945/143 73/2900/147 50/2899/146
f 65/2950/117 90/2949/116 92/2953/124 67/2954/125
f 59/2952/121 84/2951/120 86/2955/126 61/2956/127
f 75/2957/139 74/2958/140 95/2959/141 93/2960/130 91/2961/131 89/2962/132 87/2963/133 85/2964/134 83/2965/135 81/2966/136 79/2967/137 77/2968/138
f 53/2969/169 78/2970/122 80/2971/163 55/2972/162
f 67/2954/125 92/2953/124 94/2944/167 69/2943/166
f 61/2956/127 86/2955/126 88/2948/115 63/2947/114
f 51/2902/149 76/2901/148 78/2970/122 53/2969/169
f 98/2973/170 121/2974/171 124/2975/172 99/2976/173
f 52/2977/154 49/2978/174 50/2979/146 51/2980/149
f 54/2981/155 52/2977/154 51/2980/149 53/2982/169
f 56/2983/156 54/2981/155 53/2982/169 55/2984/162
f 58/2985/157 56/2983/156 55/2984/162 57/2986/165
f 60/2987/158 58/2985/157 57/2986/165 59/2988/121
f 62/2989/159 60/2987/158 59/2988/121 61/2990/127
f 64/2991/160 62/2989/159 61/2990/127 63/2992/114
f 66/2993/161 64/2991/160 63/2992/114 65/2994/117
f 68/2995/151 66/2993/161 65/2994/117 67/2996/125
f 70/2997/150 68/2995/151 67/2996/125 69/2998/166
f 72/2999/152 70/2997/150 69/2998/166 71/3000/168
f 49/2978/174 72/2999/152 71/3000/168 50/2979/146
f 76/3001/148 73/3002/147 74/2958/140 75/2957/139
f 78/3003/122 76/3001/148 75/2957/139 77/2968/138
f 80/3004/163 78/3003/122 77/2968/138 79/2967/137
f 82/3005/164 80/3004/163 79/2967/137 81/2966/136
f 84/3006/120 82/3005/164 81/2966/136 83/2965/135
f 86/3007/126 84/3006/120 83/2965/135 85/2964/134
f 88/3008/115 86/3007/126 85/2964/134 87/2963/133
f 90/3009/116 88/3008/115 87/2963/133 89/2962/132
f 92/3010/124 90/3009/116 89/2962/132 91/2961/131
f 94/3011/167 92/3010/124 91/2961/131 93/2960/130
f 96/3012/143 94/3011/167 93/2960/130 95/2959/141
f 73/3002/147 96/3012/143 95/2959/141 74/2958/140
f 52/2977/154 54/2981/155 56/2983/156 58/2985/157 60/2987/158 62/2989/159 64/2991/160 66/2993/161 68/2995/151 70/2997/150 72/2999/152 49/2978/174
f 103/3013/175 128/3014/176 130/3015/145 105/3016/177
f 117/3017/118 142/3018/119 144/3019/120 119/3020/121
f 111/3021/178 136/3022/179 138/3023/122 113/3024/123
f 105/3016/177 130/3015/145 132/3025/143 107/3026/168
f 119/3020/121 144/3019/120 121/2974/171 98/2973/170
f 113/3024/123 138/3023/122 140/3027/128 115/3028/129
f 107/3026/168 132/3025/143 134/3029/180 109/3030/181
f 123/3031/133 122/3032/134 143/3033/135 141/3034/136 139/3035/137 137/3036/138 135/3037/139 133/3038/140 131/3039/141 129/3040/130 127/3041/131 125/3042/132
f 101/3043/182 126/3044/116 128/3045/176 103/3046/175
f 115/3028/129 140/3027/128 142/3018/119 117/3017/118
f 109/3030/181 134/3029/180 136/3022/179 111/3021/178
f 99/2976/173 124/2975/172 126/3044/116 101/3043/182
f 146/3047/146 169/3048/147 172/3049/148 147/3050/149
f 100/3051/160 97/3052/159 98/3053/170 99/3054/173
f 102/3055/161 100/3051/160 99/3054/173 101/3056/182
f 104/3057/151 102/3055/161 101/3056/182 103/3058/175
f 106/3059/150 104/3057/151 103/3058/175 105/3060/177
f 108/3061/152 106/3059/150 105/3060/177 107/3062/168
f 110/3063/153 108/3061/152 107/3062/168 109/3064/181
f 112/3065/154 110/3063/153 109/3064/181 111/3066/178
f 114/3067/155 112/3065/154 111/3066/178 113/3068/123
f 116/3069/156 114/3067/155 113/3068/123 115/3070/129
f 118/3071/157 116/3069/156 115/3070/129 117/3072/118
f 120/3073/158 118/3071/157 117/3072/118 119/3074/121
f 97/3052/159 120/3073/158 119/3074/121 98/3053/170
f 124/3075/172 121/3076/171 122/3032/134 123/3031/133
f 126/3077/116 124/3075/172 123/3031/133 125/3042/132
f 128/3078/176 126/3077/116 125/3042/132 127/3041/131
f 130/3079/145 128/3078/176 127/3041/131 129/3040/130
f 132/3080/143 130/3079/145 129/3040/130 131/3039/141
f 134/3081/180 132/3080/143 131/3039/141 133/3038/140
f 136/3082/179 134/3081/180 133/3038/140 135/3037/139
f 138/3083/122 136/3082/179 135/3037/139 137/3036/138
f 140/3084/128 138/3083/122 137/3036/138 139/3035/137
f 142/3085/119 140/3084/128 139/3035/137 141/3034/136
f 144/3086/120 142/3085/119 141/3034/136 143/3033/135
f 121/3076/171 144/3086/120 143/3033/135 122/3032/134
f 100/3051/160 102/3055/161 104/3057/151 106/3059/150 108/3061/152 110/3063/153 112/3065/154 114/3067/155 116/3069/156 118/3071/157 120/3073/158 97/3052/159
f 151/3087/162 176/3088/163 178/3089/164 153/3090/165
f 165/3091/166 190/3092/167 192/3093/143 167/3094/168
f 159/3095/114 184/3096/115 186/3097/116 161/3098/117
f 153/3090/165 178/3089/164 180/3099/120 155/3100/121
f 167/3094/168 192/3093/143 169/3048/147 146/3047/146
f 161/3098/117 186/3097/116 188/3101/124 163/3102/125
f 155/3100/121 180/3099/120 182/3103/126 157/3104/127
f 171/3105/139 170/3106/140 191/3107/141 189/3108/130 187/3109/131 185/3110/132 183/3111/133 181/3112/134 179/3113/135 177/3114/136 175/3115/137 173/3116/138
f 149/3117/169 174/3118/122 176/3119/163 151/3120/162
f 163/3102/125 188/3101/124 190/3092/167 165/3091/166
f 157/3104/127 182/3103/126 184/3096/115 159/3095/114
f 147/3050/149 172/3049/148 174/3118/122 149/3117/169
f 194/3121/183 217/3122/184 220/3123/185 195/3124/186
f 148/3125/154 145/3126/153 146/3127/146 147/3128/149
f 150/3129/155 148/3125/154 147/3128/149 149/3130/169
f 152/3131/156 150/3129/155 149/3130/169 151/3132/162
f 154/3133/157 152/3131/156 151/3132/162 153/3134/165
f 156/3135/158 154/3133/157 153/3134/165 155/3136/121
f 158/3137/159 156/3135/158 155/3136/121 157/3138/127
f 160/3139/160 158/3137/159 157/3138/127 159/3140/114
f 162/3141/161 160/3139/160 159/3140/114 161/3142/117
f 164/3143/151 162/3141/161 161/3142/117 163/3144/125
f 166/3145/150 164/3143/151 163/3144/125 165/3146/166
f 168/3147/152 166/3145/150 165/3146/166 167/3148/168
f 145/3126/153 168/3147/152 167/3148/168 146/3127/146
f 172/3149/148 169/3150/147 170/3106/140 171/3105/139
f 174/3151/122 172/3149/148 171/3105/139 173/3116/138
f 176/3152/163 174/3151/122 173/3116/138 175/3115/137
f 178/3153/164 176/3152/163 175/3115/137 177/3114/136
f 180/3154/120 178/3153/164 177/3114/136 179/3113/135
f 182/3155/126 180/3154/120 179/3113/135 181/3112/134
f 184/3156/115 182/3155/126 181/3112/134 183/3111/133
f 186/3157/116 184/3156/115 183/3111/133 185/3110/132
f 188/3158/124 186/3157/116 185/3110/132 187/3109/131
f 190/3159/167 188/3158/124 187/3109/131 189/3108/130
f 192/3160/143 190/3159/167 189/3108/130 191/3107/141
f 169/3150/147 192/3160/143 191/3107/141 170/3106/140
f 148/3125/154 150/3129/155 152/3131/156 154/3133/157 156/3135/158 158/3137/159 160/3139/160 162/3141/161 164/3143/151 166/3145/150 168/3147/152 145/3126/153
f 199/3161/187 224/3162/188 226/3163/189 201/3164/190
f 213/3165/178 238/3166/179 240/3167/122 215/3168/123
f 207/3169/166 232/3170/167 234/3171/143 209/3172/168
f 201/3164/190 226/3163/189 228/3173/116 203/3174/117
f 215/3168/123 240/3167/122 217/3122/184 194/3121/183
f 209/3172/168 234/3171/143 236/3175/180 211/3176/181
f 203/3174/117 228/3173/116 230/3177/124 205/3178/125
f 219/3179/136 218/3180/137 239/3181/138 237/3182/139 235/3183/140 233/3184/141 231/3185/130 229/3186/131 227/3187/132 225/3188/133 223/3189/134 221/3190/135
f 197/3191/191 222/3192/120 224/3193/188 199/3194/187
f 211/3176/181 236/3175/180 238/3166/179 213/3165/178
f 205/3178/125 230/3177/124 232/3170/167 207/3169/166
f 195/3124/186 220/3123/185 222/3192/120 197/3191/191
f 242/3195/183 265/3196/184 268/3197/185 243/3198/186
f 196/3199/157 193/3200/156 194/3201/183 195/3202/186
f 198/3203/158 196/3199/157 195/3202/186 197/3204/191
f 200/3205/159 198/3203/158 197/3204/191 199/3206/187
f 202/3207/160 200/3205/159 199/3206/187 201/3208/190
f 204/3209/161 202/3207/160 201/3208/190 203/3210/117
f 206/3211/151 204/3209/161 203/3210/117 205/3212/125
f 208/3213/150 206/3211/151 205/3212/125 207/3214/166
f 210/3215/152 208/3213/150 207/3214/166 209/3216/168
f 212/3217/153 210/3215/152 209/3216/168 211/3218/181
f 214/3219/154 212/3217/153 211/3218/181 213/3220/178
f 216/3221/155 214/3219/154 213/3220/178 215/3222/123
f 193/3200/156 216/3221/155 215/3222/123 194/3201/183
f 220/3223/185 217/3224/184 218/3180/137 219/3179/136
f 222/3225/120 220/3223/185 219/3179/136 221/3190/135
f 224/3226/188 222/3225/120 221/3190/135 223/3189/134
f 226/3227/189 224/3226/188 223/3189/134 225/3188/133
f 228/3228/116 226/3227/189 225/3188/133 227/3187/132
f 230/3229/124 228/3228/116 227/3187/132 229/3186/131
f 232/3230/167 230/3229/124 229/3186/131 231/3185/130
f 234/3231/143 232/3230/167 231/3185/130 233/3184/141
f 236/3232/180 234/3231/143 233/3184/141 235/3183/140
f 238/3233/179 236/3232/180 235/3183/140 237/3182/139
f 240/3234/122 238/3233/179 237/3182/139 239/3181/138
f 217/3224/184 240/3234/122 239/3181/138 218/3180/137
f 196/3199/157 198/3203/158 200/3205/159 202/3207/160 204/3209/161 206/3211/151 208/3213/150 210/3215/152 212/3217/153 214/3219/154 216/3221/155 193/3200/156
f 247/3235/187 272/3236/188 274/3237/189 249/3238/190
f 261/3239/178 286/3240/179 288/3241/122 263/3242/123
f 255/3243/166 280/3244/167 282/3245/143 257/3246/168
f 249/3238/190 274/3237/189 276/3247/116 251/3248/117
f 263/3242/123 288/3241/122 265/3196/184 242/3195/183
f 257/3246/168 282/3245/143 284/3249/180 259/3250/181
f 251/3248/117 276/3247/116 278/3251/124 253/3252/125
f 267/3253/136 266/3254/137 287/3255/138 285/3256/139 283/3257/140 281/3258/141 279/3259/130 277/3260/131 275/3261/132 273/3262/133 271/3263/134 269/3264/135
f 245/3265/191 270/3266/120 272/3267/188 247/3268/187
f 259/3250/181 284/3249/180 286/3240/179 261/3239/178
f 253/3252/125 278/3251/124 280/3244/167 255/3243/166
f 243/3198/186 268/3197/185 270/3266/120 245/3265/191
f 290/3269/192 313/3270/193 316/3271/194 291/3272/195
f 244/3273/157 241/3274/156 242/3275/183 243/3276/186
f 246/3277/158 244/3273/157 243/3276/186 245/3278/191
f 248/3279/159 246/3277/158 245/3278/191 247/3280/187
f 250/3281/160 248/3279/159 247/3280/187 249/3282/190
f 252/3283/161 250/3281/160 249/3282/190 251/3284/117
f 254/3285/151 252/3283/161 251/3284/117 253/3286/125
f 256/3287/150 254/3285/151 253/3286/125 255/3288/166
f 258/3289/152 256/3287/150 255/3288/166 257/3290/168
f 260/3291/153 258/3289/152 257/3290/168 259/3292/181
f 262/3293/154 260/3291/153 259/3292/181 261/3294/178
f 264/3295/155 262/3293/154 261/3294/178 263/3296/123
f 241/3274/156 264/3295/155 263/3296/123 242/3275/183
f 268/3297/185 265/3298/184 266/3254/137 267/3253/136
f 270/3299/120 268/3297/185 267/3253/136 269/3264/135
f 272/3300/188 270/3299/120 269/3264/135 271/3263/134
f 274/3301/189 272/3300/188 271/3263/134 273/3262/133
f 276/3302/116 274/3301/189 273/3262/133 275/3261/132
f 278/3303/124 276/3302/116 275/3261/132 277/3260/131
f 280/3304/167 278/3303/124 277/3260/131 279/3259/130
f 282/3305/143 280/3304/167 279/3259/130 281/3258/141
f 284/3306/180 282/3305/143 281/3258/141 283/3257/140
f 286/3307/179 284/3306/180 283/3257/140 285/3256/139
f 288/3308/122 286/3307/179 285/3256/139 287/3255/138
f 265/3298/184 288/3308/122 287/3255/138 266/3254/137
f 244/3273/157 246/3277/158 248/3279/159 250/3281/160 252/3283/161 254/3285/151 256/3287/150 258/3289/152 260/3291/153 262/3293/154 264/3295/155 241/3274/156
f 295/3309/196 320/3310/197 322/3311/198 297/3312/199
f 309/3313/200 334/3314/201 336/3315/202 311/3316/203
f 303/3317/204 328/3318/205 330/3319/206 305/3320/207
f 297/3312/199 322/3311/198 324/3321/208 299/3322/209
f 311/3316/203 336/3315/202 313/3270/193 290/3269/192
f 305/3320/207 330/3319/206 332/3323/210 307/3324/211
f 299/3322/209 324/3321/208 326/3325/212 301/3326/213
f 315/3327/214 314/3328/215 335/3329/216 333/3330/217 331/3331/218 329/3332/219 327/3333/220 325/3334/221 323/3335/222 321/3336/223 319/3337/224 317/3338/225
f 293/3339/226 318/3340/227 320/3341/197 295/3342/196
f 307/3324/211 332/3323/210 334/3314/201 309/3313/200
f 301/3326/213 326/3325/212 328/3318/205 303/3317/204
f 291/3272/195 316/3271/194 318/3340/227 293/3339/226
f 338/3343/228 361/3344/229 364/3345/230 339/3346/231
f 292/3347/232 289/3348/233 290/3349/192 291/3350/195
f 294/3351/234 292/3347/232 291/3350/195 293/3352/226
f 296/3353/235 294/3351/234 293/3352/226 295/3354/196
f 298/3355/236 296/3353/235 295/3354/196 297/3356/199
f 300/3357/237 298/3355/236 297/3356/199 299/3358/209
f 302/3359/238 300/3357/237 299/3358/209 301/3360/213
f 304/3361/239 302/3359/238 301/3360/213 303/3362/204
f 306/3363/240 304/3361/239 303/3362/204 305/3364/207
f 308/3365/241 306/3363/240 305/3364/207 307/3366/211
f 310/3367/242 308/3365/241 307/3366/211 309/3368/200
f 312/3369/243 310/3367/242 309/3368/200 311/3370/203
f 289/3348/233 312/3369/243 311/3370/203 290/3349/192
f 316/3371/194 313/3372/193 314/3328/215 315/3327/214
f 318/3373/227 316/3371/194 315/3327/214 317/3338/225
f 320/3374/197 318/3373/227 317/3338/225 319/3337/224
f 322/3375/198 320/3374/197 319/3337/224 321/3336/223
f 324/3376/208 322/3375/198 321/3336/223 323/3335/222
f 326/3377/212 324/3376/208 323/3335/222 325/3334/221
f 328/3378/205 326/3377/212 325/3334/221 327/3333/220
f 330/3379/206 328/3378/205 327/3333/220 329/3332/219
f 332/3380/210 330/3379/206 329/3332/219 331/3331/218
f 334/3381/201 332/3380/210 331/3331/218 333/3330/217
f 336/3382/202 334/3381/201 333/3330/217 335/3329/216
f 313/3372/193 336/3382/202 335/3329/216 314/3328/215
f 292/3347/232 294/3351/234 296/3353/235 298/3355/236 300/3357/237 302/3359/238 304/3361/239 306/3363/240 308/3365/241 310/3367/242 312/3369/243 289/3348/233
f 343/3383/244 368/3384/245 370/3385/246 345/3386/247
f 357/3387/248 382/3388/249 384/3389/208 359/3390/209
f 351/3391/250 376/3392/251 378/3393/227 353/3394/252
f 345/3386/247 370/3385/246 372/3395/202 347/3396/203
f 359/3390/209 384/3389/208 361/3344/229 338/3343/228
f 353/3394/252 378/3393/227 380/3397/253 355/3398/254
f 347/3396/203 372/3395/202 374/3399/255 349/3400/256
f 363/3401/220 362/3402/221 383/3403/222 381/3404/223 379/3405/224 377/3406/225 375/3407/214 373/3408/215 371/3409/216 369/3410/217 367/3411/218 365/3412/219
f 341/3413/257 366/3414/206 368/3415/245 343/3416/244
f 355/3398/254 380/3397/253 382/3388/249 357/3387/248
f 349/3400/256 374/3399/255 376/3392/251 351/3391/250
f 339/3346/231 364/3345/230 366/3414/206 341/3413/257
f 386/3417/258 409/3418/259 412/3419/260 387/3420/261
f 340/3421/239 337/3422/262 338/3423/228 339/3424/231
f 342/3425/240 340/3421/239 339/3424/231 341/3426/257
f 344/3427/241 342/3425/240 341/3426/257 343/3428/244
f 346/3429/242 344/3427/241 343/3428/244 345/3430/247
f 348/3431/243 346/3429/242 345/3430/247 347/3432/203
f 350/3433/233 348/3431/243 347/3432/203 349/3434/256
f 352/3435/232 350/3433/233 349/3434/256 351/3436/250
f 354/3437/234 352/3435/232 351/3436/250 353/3438/252
f 356/3439/235 354/3437/234 353/3438/252 355/3440/254
f 358/3441/236 356/3439/235 355/3440/254 357/3442/248
f 360/3443/237 358/3441/236 357/3442/248 359/3444/209
f 337/3422/262 360/3443/237 359/3444/209 338/3423/228
f 364/3445/230 361/3446/229 362/3402/221 363/3401/220
f 366/3447/206 364/3445/230 363/3401/220 365/3412/219
f 368/3448/245 366/3447/206 365/3412/219 367/3411/218
f 370/3449/246 368/3448/245 367/3411/218 369/3410/217
f 372/3450/202 370/3449/246 369/3410/217 371/3409/216
f 374/3451/255 372/3450/202 371/3409/216 373/3408/215
f 376/3452/251 374/3451/255 373/3408/215 375/3407/214
f 378/3453/227 376/3452/251 375/3407/214 377/3406/225
f 380/3454/253 378/3453/227 377/3406/225 379/3405/224
f 382/3455/249 380/3454/253 379/3405/224 381/3404/223
f 384/3456/208 382/3455/249 381/3404/223 383/3403/222
f 361/3446/229 384/3456/208 383/3403/222 362/3402/221
f 340/3421/239 342/3425/240 344/3427/241 346/3429/242 348/3431/243 350/3433/233 352/3435/232 354/3437/234 356/3439/235 358/3441/236 360/3443/237 337/3422/262
f 391/3457/263 416/3458/264 418/3459/265 393/3460/266
f 405/3461/204 430/3462/205 432/3463/206 407/3464/207
f 399/3465/248 424/3466/249 426/3467/208 401/3468/209
f 393/3460/266 418/3459/265 420/3469/227 395/3470/252
f 407/3464/207 432/3463/206 409/3418/259 386/3417/258
f 401/3468/209 426/3467/208 428/3471/212 403/3472/213
f 395/3470/252 420/3469/227 422/3473/253 397/3474/254
f 411/3475/217 410/3476/218 431/3477/219 429/3478/220 427/3479/221 425/3480/222 423/3481/223 421/3482/224 419/3483/225 417/3484/214 415/3485/215 413/3486/216
f 389/3487/267 414/3488/202 416/3489/264 391/3490/263
f 403/3472/213 428/3471/212 430/3462/205 405/3461/204
f 397/3474/254 422/3473/253 424/3466/249 399/3465/248
f 387/3420/261 412/3419/260 414/3488/202 389/3487/267
f 434/3491/268 457/3492/269 460/3493/270 435/3494/271
f 388/3495/242 385/3496/241 386/3497/258 387/3498/261
f 390/3499/243 388/3495/242 387/3498/261 389/3500/267
f 392/3501/233 390/3499/243 389/3500/267 391/3502/263
f 394/3503/232 392/3501/233 391/3502/263 393/3504/266
f 396/3505/234 394/3503/232 393/3504/266 395/3506/252
f 398/3507/235 396/3505/234 395/3506/252 397/3508/254
f 400/3509/236 398/3507/235 397/3508/254 399/3510/248
f 402/3511/237 400/3509/236 399/3510/248 401/3512/209
f 404/3513/238 402/3511/237 401/3512/209 403/3514/213
f 406/3515/239 404/3513/238 403/3514/213 405/3516/204
f 408/3517/240 406/3515/239 405/3516/204 407/3518/207
f 385/3496/241 408/3517/240 407/3518/207 386/3497/258
f 412/3519/260 409/3520/259 410/3476/218 411/3475/217
f 414/3521/202 412/3519/260 411/3475/217 413/3486/216
f 416/3522/264 414/3521/202 413/3486/216 415/3485/215
f 418/3523/265 416/3522/264 415/3485/215 417/3484/214
f 420/3524/227 418/3523/265 417/3484/214 419/3483/225
f 422/3525/253 420/3524/227 419/3483/225 421/3482/224
f 424/3526/249 422/3525/253 421/3482/224 423/3481/223
f 426/3527/208 424/3526/249 423/3481/223 425/3480/222
f 428/3528/212 426/3527/208 425/3480/222 427/3479/221
f 430/3529/205 428/3528/212 427/3479/221 429/3478/220
f 432/3530/206 430/3529/205 429/3478/220 431/3477/219
f 409/3520/259 432/3530/206 431/3477/219 410/3476/218
f 388/3495/242 390/3499/243 392/3501/233 394/3503/232 396/3505/234 398/3507/235 400/3509/236 402/3511/237 404/3513/238 406/3515/239 408/3517/240 385/3496/241
f 439/3531/272 464/3532/273 466/3533/274 441/3534/275
f 453/3535/250 478/3536/251 480/3537/227 455/3538/252
f 447/3539/200 472/3540/201 474/3541/202 449/3542/203
f 441/3534/275 466/3533/274 468/3543/206 443/3544/207
f 455/3538/252 480/3537/227 457/3492/269 434/3491/268
f 449/3542/203 474/3541/202 476/3545/255 451/3546/256
f 443/3544/207 468/3543/206 470/3547/210 445/3548/211
f 459/3549/223 458/3550/224 479/3551/225 477/3552/214 475/3553/215 473/3554/216 471/3555/217 469/3556/218 467/3557/219 465/3558/220 463/3559/221 461/3560/222
f 437/3561/276 462/3562/208 464/3563/273 439/3564/272
f 451/3546/256 476/3545/255 478/3536/251 453/3535/250
f 445/3548/211 470/3547/210 472/3540/201 447/3539/200
f 435/3494/271 460/3493/270 462/3562/208 437/3561/276
f 722/3565/277 745/3566/278 748/3567/279 723/3568/280
f 436/3569/236 433/3570/235 434/3571/268 435/3572/271
f 438/3573/237 436/3569/236 435/3572/271 437/3574/276
f 440/3575/238 438/3573/237 437/3574/276 439/3576/272
f 442/3577/239 440/3575/238 439/3576/272 441/3578/275
f 444/3579/240 442/3577/239 441/3578/275 443/3580/207
f 446/3581/241 444/3579/240 443/3580/207 445/3582/211
f 448/3583/242 446/3581/241 445/3582/211 447/3584/200
f 450/3585/243 448/3583/242 447/3584/200 449/3586/203
f 452/3587/233 450/3585/243 449/3586/203 451/3588/256
f 454/3589/232 452/3587/233 451/3588/256 453/3590/250
f 456/3591/234 454/3589/232 453/3590/250 455/3592/252
f 433/3570/235 456/3591/234 455/3592/252 434/3571/268
f 460/3593/270 457/3594/269 458/3550/224 459/3549/223
f 462/3595/208 460/3593/270 459/3549/223 461/3560/222
f 464/3596/273 462/3595/208 461/3560/222 463/3559/221
f 466/3597/274 464/3596/273 463/3559/221 465/3558/220
f 468/3598/206 466/3597/274 465/3558/220 467/3557/219
f 470/3599/210 468/3598/206 467/3557/219 469/3556/218
f 472/3600/201 470/3599/210 469/3556/218 471/3555/217
f 474/3601/202 472/3600/201 471/3555/217 473/3554/216
f 476/3602/255 474/3601/202 473/3554/216 475/3553/215
f 478/3603/251 476/3602/255 475/3553/215 477/3552/214
f 480/3604/227 478/3603/251 477/3552/214 479/3551/225
f 457/3594/269 480/3604/227 479/3551/225 458/3550/224
f 436/3569/236 438/3573/237 440/3575/238 442/3577/239 444/3579/240 446/3581/241 448/3583/242 450/3585/243 452/3587/233 454/3589/232 456/3591/234 433/3570/235
f 487/3605/281 616/3606/282 617/3607/283 489/3608/284
f 501/3609/285 623/3610/286 624/3611/287 503/3612/288
f 495/3613/289 620/3614/290 621/3615/291 497/3616/292
f 489/3608/284 617/3607/283 618/3617/293 491/3618/294
f 503/3612/288 624/3611/287 613/3619/8 482/3620/295
f 497/3616/292 621/3615/291 622/3621/296 499/3622/297
f 491/3618/294 618/3617/293 619/3623/2 493/3624/298
f 485/3625/299 615/3626/300 616/3627/282 487/3628/281
f 499/3622/297 622/3621/296 623/3610/286 501/3609/285
f 493/3624/298 619/3623/2 620/3614/290 495/3613/289
f 483/3629/301 614/3630/302 615/3626/300 485/3625/299
f 484/3631/303 481/3632/304 482/3633/295 483/3634/301
f 486/3635/305 484/3631/303 483/3634/301 485/3636/299
f 488/3637/306 486/3635/305 485/3636/299 487/3638/281
f 490/3639/307 488/3637/306 487/3638/281 489/3640/284
f 492/3641/308 490/3639/307 489/3640/284 491/3642/294
f 494/3643/309 492/3641/308 491/3642/294 493/3644/298
f 496/3645/310 494/3643/309 493/3644/298 495/3646/289
f 498/3647/311 496/3645/310 495/3646/289 497/3648/292
f 500/3649/312 498/3647/311 497/3648/292 499/3650/297
f 502/3651/313 500/3649/312 499/3650/297 501/3652/285
f 504/3653/314 502/3651/313 501/3652/285 503/3654/288
f 481/3632/304 504/3653/314 503/3654/288 482/3633/295
f 484/3631/303 486/3635/305 488/3637/306 490/3639/307 492/3641/308 494/3643/309 496/3645/310 498/3647/311 500/3649/312 502/3651/313 504/3653/314 481/3632/304
f 482/3620/295 613/3619/8 614/3630/302 483/3629/301
f 511/3655/315 580/3656/282 581/3657/316 513/3658/317
f 525/3659/318 587/3660/319 588/3661/320 527/3662/321
f 519/3663/322 584/3664/323 585/3665/324 521/3666/325
f 513/3658/317 581/3657/316 582/3667/326 515/3668/327
f 527/3662/321 588/3661/320 577/3669/51 506/3670/328
f 521/3666/325 585/3665/324 586/3671/296 523/3672/329
f 515/3668/327 582/3667/326 583/3673/52 517/3674/330
f 509/3675/331 579/3676/332 580/3677/282 511/3678/315
f 523/3672/329 586/3671/296 587/3660/319 525/3659/318
f 517/3674/330 583/3673/52 584/3664/323 519/3663/322
f 507/3679/333 578/3680/334 579/3676/332 509/3675/331
f 508/3681/335 505/3682/336 506/3683/328 507/3684/333
f 510/3685/337 508/3681/335 507/3684/333 509/3686/331
f 512/3687/338 510/3685/337 509/3686/331 511/3688/315
f 514/3689/339 512/3687/338 511/3688/315 513/3690/317
f 516/3691/340 514/3689/339 513/3690/317 515/3692/327
f 518/3693/341 516/3691/340 515/3692/327 517/3694/330
f 520/3695/342 518/3693/341 517/3694/330 519/3696/322
f 522/3697/343 520/3695/342 519/3696/322 521/3698/325
f 524/3699/344 522/3697/343 521/3698/325 523/3700/329
f 526/3701/345 524/3699/344 523/3700/329 525/3702/318
f 528/3703/346 526/3701/345 525/3702/318 527/3704/321
f 505/3682/336 528/3703/346 527/3704/321 506/3683/328
f 508/3681/335 510/3685/337 512/3687/338 514/3689/339 516/3691/340 518/3693/341 520/3695/342 522/3697/343 524/3699/344 526/3701/345 528/3703/346 505/3682/336
f 506/3670/328 577/3669/51 578/3680/334 507/3679/333
f 535/3705/281 537/3706/299 677/3707/300 676/3708/282
f 549/3709/292 551/3710/289 684/3711/290 683/3712/291
f 543/3713/288 545/3714/285 681/3715/286 680/3716/287
f 537/3706/299 539/3717/301 678/3718/302 677/3707/300
f 551/3710/289 530/3719/298 673/3720/2 684/3711/290
f 545/3714/285 547/3721/297 682/3722/296 681/3715/286
f 539/3717/301 541/3723/295 679/3724/8 678/3718/302
f 533/3725/284 535/3726/281 676/3727/282 675/3728/283
f 547/3721/297 549/3709/292 683/3712/291 682/3722/296
f 541/3723/295 543/3713/288 680/3716/287 679/3724/8
f 531/3729/294 533/3725/284 675/3728/283 674/3730/293
f 532/3731/347 531/3732/294 530/3733/298 529/3734/309
f 534/3735/307 533/3736/284 531/3732/294 532/3731/347
f 536/3737/306 535/3738/281 533/3736/284 534/3735/307
f 538/3739/305 537/3740/299 535/3738/281 536/3737/306
f 540/3741/303 539/3742/301 537/3740/299 538/3739/305
f 542/3743/304 541/3744/295 539/3742/301 540/3741/303
f 544/3745/348 543/3746/288 541/3744/295 542/3743/304
f 546/3747/349 545/3748/285 543/3746/288 544/3745/348
f 548/3749/350 547/3750/297 545/3748/285 546/3747/349
f 550/3751/351 549/3752/292 547/3750/297 548/3749/350
f 552/3753/352 551/3754/289 549/3752/292 550/3751/351
f 529/3734/309 530/3733/298 551/3754/289 552/3753/352
f 532/3731/347 529/3734/309 552/3753/352 550/3751/351 548/3749/350 546/3747/349 544/3745/348 542/3743/304 540/3741/303 538/3739/305 536/3737/306 534/3735/307
f 530/3719/298 531/3729/294 674/3730/293 673/3720/2
f 559/3755/353 561/3756/354 581/3657/316 580/3656/282
f 573/3757/355 575/3758/356 588/3661/320 587/3660/319
f 567/3759/357 569/3760/358 585/3665/324 584/3664/323
f 561/3756/354 563/3761/359 582/3667/326 581/3657/316
f 575/3758/356 554/3762/360 577/3669/51 588/3661/320
f 569/3760/358 571/3763/361 586/3671/296 585/3665/324
f 563/3761/359 565/3764/362 583/3673/52 582/3667/326
f 557/3765/363 559/3766/353 580/3677/282 579/3676/332
f 571/3763/361 573/3757/355 587/3660/319 586/3671/296
f 565/3764/362 567/3759/357 584/3664/323 583/3673/52
f 555/3767/364 557/3765/363 579/3676/332 578/3680/334
f 556/3768/365 555/3769/364 554/3770/360 553/3771/366
f 558/3772/367 557/3773/363 555/3769/364 556/3768/365
f 560/3774/368 559/3775/353 557/3773/363 558/3772/367
f 562/3776/369 561/3777/354 559/3775/353 560/3774/368
f 564/3778/370 563/3779/359 561/3777/354 562/3776/369
f 566/3780/371 565/3781/362 563/3779/359 564/3778/370
f 568/3782/372 567/3783/357 565/3781/362 566/3780/371
f 570/3784/373 569/3785/358 567/3783/357 568/3782/372
f 572/3786/374 571/3787/361 569/3785/358 570/3784/373
f 574/3788/375 573/3789/355 571/3787/361 572/3786/374
f 576/3790/376 575/3791/356 573/3789/355 574/3788/375
f 553/3771/366 554/3770/360 575/3791/356 576/3790/376
f 556/3768/365 553/3771/366 576/3790/376 574/3788/375 572/3786/374 570/3784/373 568/3782/372 566/3780/371 564/3778/370 562/3776/369 560/3774/368 558/3772/367
f 554/3762/360 555/3767/364 578/3680/334 577/3669/51
f 595/3792/377 597/3793/378 617/3607/283 616/3606/282
f 609/3794/379 611/3795/380 624/3611/287 623/3610/286
f 603/3796/381 605/3797/382 621/3615/291 620/3614/290
f 597/3793/378 599/3798/383 618/3617/293 617/3607/283
f 611/3795/380 590/3799/384 613/3619/8 624/3611/287
f 605/3797/382 607/3800/385 622/3621/296 621/3615/291
f 599/3798/383 601/3801/386 619/3623/2 618/3617/293
f 593/3802/387 595/3803/377 616/3627/282 615/3626/300
f 607/3800/385 609/3794/379 623/3610/286 622/3621/296
f 601/3801/386 603/3796/381 620/3614/290 619/3623/2
f 591/3804/388 593/3802/387 615/3626/300 614/3630/302
f 592/3805/389 591/3806/388 590/3807/384 589/3808/390
f 594/3809/391 593/3810/387 591/3806/388 592/3805/389
f 596/3811/392 595/3812/377 593/3810/387 594/3809/391
f 598/3813/393 597/3814/378 595/3812/377 596/3811/392
f 600/3815/394 599/3816/383 597/3814/378 598/3813/393
f 602/3817/395 601/3818/386 599/3816/383 600/3815/394
f 604/3819/396 603/3820/381 601/3818/386 602/3817/395
f 606/3821/397 605/3822/382 603/3820/381 604/3819/396
f 608/3823/398 607/3824/385 605/3822/382 606/3821/397
f 610/3825/399 609/3826/379 607/3824/385 608/3823/398
f 612/3827/400 611/3828/380 609/3826/379 610/3825/399
f 589/3808/390 590/3807/384 611/3828/380 612/3827/400
f 592/3805/389 589/3808/390 612/3827/400 610/3825/399 608/3823/398 606/3821/397 604/3819/396 602/3817/395 600/3815/394 598/3813/393 596/3811/392 594/3809/391
f 590/3799/384 591/3804/388 614/3630/302 613/3619/8
f 631/3829/315 633/3830/331 713/3831/332 712/3832/282
f 645/3833/325 647/3834/322 720/3835/323 719/3836/324
f 639/3837/321 641/3838/318 717/3839/319 716/3840/320
f 633/3830/331 635/3841/333 714/3842/334 713/3831/332
f 647/3834/322 626/3843/330 709/3844/52 720/3835/323
f 641/3838/318 643/3845/329 718/3846/296 717/3839/319
f 635/3841/333 637/3847/328 715/3848/51 714/3842/334
f 629/3849/317 631/3850/315 712/3851/282 711/3852/316
f 643/3845/329 645/3833/325 719/3836/324 718/3846/296
f 637/3847/328 639/3837/321 716/3840/320 715/3848/51
f 627/3853/327 629/3849/317 711/3852/316 710/3854/326
f 628/3855/401 627/3856/327 626/3857/330 625/3858/341
f 630/3859/402 629/3860/317 627/3856/327 628/3855/401
f 632/3861/338 631/3862/315 629/3860/317 630/3859/402
f 634/3863/403 633/3864/331 631/3862/315 632/3861/338
f 636/3865/404 635/3866/333 633/3864/331 634/3863/403
f 638/3867/405 637/3868/328 635/3866/333 636/3865/404
f 640/3869/406 639/3870/321 637/3868/328 638/3867/405
f 642/3871/407 641/3872/318 639/3870/321 640/3869/406
f 644/3873/344 643/3874/329 641/3872/318 642/3871/407
f 646/3875/408 645/3876/325 643/3874/329 644/3873/344
f 648/3877/409 647/3878/322 645/3876/325 646/3875/408
f 625/3858/341 626/3857/330 647/3878/322 648/3877/409
f 628/3855/401 625/3858/341 648/3877/409 646/3875/408 644/3873/344 642/3871/407 640/3869/406 638/3867/405 636/3865/404 634/3863/403 632/3861/338 630/3859/402
f 626/3843/330 627/3853/327 710/3854/326 709/3844/52
f 655/3879/377 676/3708/282 677/3707/300 657/3880/387
f 669/3881/382 683/3712/291 684/3711/290 671/3882/381
f 663/3883/380 680/3716/287 681/3715/286 665/3884/379
f 657/3880/387 677/3707/300 678/3718/302 659/3885/388
f 671/3882/381 684/3711/290 673/3720/2 650/3886/386
f 665/3884/379 681/3715/286 682/3722/296 667/3887/385
f 659/3885/388 678/3718/302 679/3724/8 661/3888/384
f 653/3889/378 675/3728/283 676/3727/282 655/3890/377
f 667/3887/385 682/3722/296 683/3712/291 669/3881/382
f 661/3888/384 679/3724/8 680/3716/287 663/3883/380
f 651/3891/383 674/3730/293 675/3728/283 653/3889/378
f 652/3892/394 649/3893/395 650/3894/386 651/3895/383
f 654/3896/393 652/3892/394 651/3895/383 653/3897/378
f 656/3898/392 654/3896/393 653/3897/378 655/3899/377
f 658/3900/391 656/3898/392 655/3899/377 657/3901/387
f 660/3902/410 658/3900/391 657/3901/387 659/3903/388
f 662/3904/390 660/3902/410 659/3903/388 661/3905/384
f 664/3906/411 662/3904/390 661/3905/384 663/3907/380
f 666/3908/412 664/3906/411 663/3907/380 665/3909/379
f 668/3910/413 666/3908/412 665/3909/379 667/3911/385
f 670/3912/414 668/3910/413 667/3911/385 669/3913/382
f 672/3914/415 670/3912/414 669/3913/382 671/3915/381
f 649/3893/395 672/3914/415 671/3915/381 650/3894/386
f 652/3892/394 654/3896/393 656/3898/392 658/3900/391 660/3902/410 662/3904/390 664/3906/411 666/3908/412 668/3910/413 670/3912/414 672/3914/415 649/3893/395
f 650/3886/386 673/3720/2 674/3730/293 651/3891/383
f 691/3916/353 712/3832/282 713/3831/332 693/3917/363
f 705/3918/358 719/3836/324 720/3835/323 707/3919/357
f 699/3920/356 716/3840/320 717/3839/319 701/3921/355
f 693/3917/363 713/3831/332 714/3842/334 695/3922/364
f 707/3919/357 720/3835/323 709/3844/52 686/3923/362
f 701/3921/355 717/3839/319 718/3846/296 703/3924/361
f 695/3922/364 714/3842/334 715/3848/51 697/3925/360
f 689/3926/354 711/3852/316 712/3851/282 691/3927/353
f 703/3924/361 718/3846/296 719/3836/324 705/3918/358
f 697/3925/360 715/3848/51 716/3840/320 699/3920/356
f 687/3928/359 710/3854/326 711/3852/316 689/3926/354
f 688/3929/416 685/3930/417 686/3931/362 687/3932/359
f 690/3933/418 688/3929/416 687/3932/359 689/3934/354
f 692/3935/368 690/3933/418 689/3934/354 691/3936/353
f 694/3937/419 692/3935/368 691/3936/353 693/3938/363
f 696/3939/420 694/3937/419 693/3938/363 695/3940/364
f 698/3941/366 696/3939/420 695/3940/364 697/3942/360
f 700/3943/421 698/3941/366 697/3942/360 699/3944/356
f 702/3945/422 700/3943/421 699/3944/356 701/3946/355
f 704/3947/374 702/3945/422 701/3946/355 703/3948/361
f 706/3949/423 704/3947/374 703/3948/361 705/3950/358
f 708/3951/424 706/3949/423 705/3950/358 707/3952/357
f 685/3930/417 708/3951/424 707/3952/357 686/3931/362
f 688/3929/416 690/3933/418 692/3935/368 694/3937/419 696/3939/420 698/3941/366 700/3943/421 702/3945/422 704/3947/374 706/3949/423 708/3951/424 685/3930/417
f 686/3923/362 709/3844/52 710/3854/326 687/3928/359
f 727/3953/425 752/3954/426 754/3955/427 729/3956/428
f 741/3957/429 766/3958/430 768/3959/431 743/3960/432
f 735/3961/433 760/3962/434 762/3963/435 737/3964/436
f 729/3956/428 754/3955/427 756/3965/437 731/3966/438
f 743/3960/432 768/3959/431 745/3566/278 722/3565/277
f 737/3964/436 762/3963/435 764/3967/439 739/3968/440
f 731/3966/438 756/3965/437 758/3969/441 733/3970/442
f 747/3971/443 746/3972/444 767/3973/445 765/3974/446 763/3975/447 761/3976/448 759/3977/449 757/3978/450 755/3979/451 753/3980/452 751/3981/453 749/3982/454
f 725/3983/455 750/3984/456 752/3985/426 727/3986/425
f 739/3968/440 764/3967/439 766/3958/430 741/3957/429
f 733/3970/442 758/3969/441 760/3962/434 735/3961/433
f 723/3568/280 748/3567/279 750/3984/456 725/3983/455
f 770/3987/183 793/3988/184 796/3989/185 771/3990/186
f 724/3991/457 721/3992/458 722/3993/277 723/3994/280
f 726/3995/459 724/3991/457 723/3994/280 725/3996/455
f 728/3997/460 726/3995/459 725/3996/455 727/3998/425
f 730/3999/461 728/3997/460 727/3998/425 729/4000/428
f 732/4001/462 730/3999/461 729/4000/428 731/4002/438
f 734/4003/463 732/4001/462 731/4002/438 733/4004/442
f 736/4005/464 734/4003/463 733/4004/442 735/4006/433
f 738/4007/465 736/4005/464 735/4006/433 737/4008/436
f 740/4009/466 738/4007/465 737/4008/436 739/4010/440
f 742/4011/467 740/4009/466 739/4010/440 741/4012/429
f 744/4013/468 742/4011/467 741/4012/429 743/4014/432
f 721/3992/458 744/4013/468 743/4014/432 722/3993/277
f 748/4015/279 745/4016/278 746/3972/444 747/3971/443
f 750/4017/456 748/4015/279 747/3971/443 749/3982/454
f 752/4018/426 750/4017/456 749/3982/454 751/3981/453
f 754/4019/427 752/4018/426 751/3981/453 753/3980/452
f 756/4020/437 754/4019/427 753/3980/452 755/3979/451
f 758/4021/441 756/4020/437 755/3979/451 757/3978/450
f 760/4022/434 758/4021/441 757/3978/450 759/3977/449
f 762/4023/435 760/4022/434 759/3977/449 761/3976/448
f 764/4024/439 762/4023/435 761/3976/448 763/3975/447
f 766/4025/430 764/4024/439 763/3975/447 765/3974/446
f 768/4026/431 766/4025/430 765/3974/446 767/3973/445
f 745/4016/278 768/4026/431 767/3973/445 746/3972/444
f 724/3991/457 726/3995/459 728/3997/460 730/3999/461 732/4001/462 734/4003/463 736/4005/464 738/4007/465 740/4009/466 742/4011/467 744/4013/468 721/3992/458
f 775/4027/187 800/4028/188 802/4029/189 777/4030/190
f 789/4031/178 814/4032/179 816/4033/122 791/4034/123
f 783/4035/166 808/4036/167 810/4037/143 785/4038/168
f 777/4030/190 802/4029/189 804/4039/116 779/4040/117
f 791/4034/123 816/4033/122 793/3988/184 770/3987/183
f 785/4038/168 810/4037/143 812/4041/180 787/4042/181
f 779/4040/117 804/4039/116 806/4043/124 781/4044/125
f 795/4045/136 794/4046/137 815/4047/138 813/4048/139 811/4049/140 809/4050/141 807/4051/130 805/4052/131 803/4053/132 801/4054/133 799/4055/134 797/4056/135
f 773/4057/191 798/4058/120 800/4059/188 775/4060/187
f 787/4042/181 812/4041/180 814/4032/179 789/4031/178
f 781/4044/125 806/4043/124 808/4036/167 783/4035/166
f 771/3990/186 796/3989/185 798/4058/120 773/4057/191
f 818/4061/469 841/4062/470 844/4063/471 819/4064/472
f 772/4065/157 769/4066/473 770/4067/183 771/4068/186
f 774/4069/158 772/4065/157 771/4068/186 773/4070/191
f 776/4071/159 774/4069/158 773/4070/191 775/4072/187
f 778/4073/160 776/4071/159 775/4072/187 777/4074/190
f 780/4075/161 778/4073/160 777/4074/190 779/4076/117
f 782/4077/151 780/4075/161 779/4076/117 781/4078/125
f 784/4079/150 782/4077/151 781/4078/125 783/4080/166
f 786/4081/152 784/4079/150 783/4080/166 785/4082/168
f 788/4083/153 786/4081/152 785/4082/168 787/4084/181
f 790/4085/154 788/4083/153 787/4084/181 789/4086/178
f 792/4087/155 790/4085/154 789/4086/178 791/4088/123
f 769/4066/473 792/4087/155 791/4088/123 770/4067/183
f 796/4089/185 793/4090/184 794/4046/137 795/4045/136
f 798/4091/120 796/4089/185 795/4045/136 797/4056/135
f 800/4092/188 798/4091/120 797/4056/135 799/4055/134
f 802/4093/189 800/4092/188 799/4055/134 801/4054/133
f 804/4094/116 802/4093/189 801/4054/133 803/4053/132
f 806/4095/124 804/4094/116 803/4053/132 805/4052/131
f 808/4096/167 806/4095/124 805/4052/131 807/4051/130
f 810/4097/143 808/4096/167 807/4051/130 809/4050/141
f 812/4098/180 810/4097/143 809/4050/141 811/4049/140
f 814/4099/179 812/4098/180 811/4049/140 813/4048/139
f 816/4100/122 814/4099/179 813/4048/139 815/4047/138
f 793/4090/184 816/4100/122 815/4047/138 794/4046/137
f 772/4065/157 774/4069/158 776/4071/159 778/4073/160 780/4075/161 782/4077/151 784/4079/150 786/4081/152 788/4083/153 790/4085/154 792/4087/155 769/4066/473
f 823/4101/474 848/4102/475 850/4103/476 825/4104/477
f 837/4105/478 862/4106/479 864/4107/480 839/4108/481
f 831/4109/482 856/4110/483 858/4111/484 833/4112/485
f 825/4104/477 850/4103/476 852/4113/486 827/4114/487
f 839/4108/481 864/4107/480 841/4062/470 818/4061/469
f 833/4112/485 858/4111/484 860/4115/488 835/4116/489
f 827/4114/487 852/4113/486 854/4117/490 829/4118/491
f 843/4119/492 842/4120/493 863/4121/494 861/4122/495 859/4123/496 857/4124/497 855/4125/498 853/4126/499 851/4127/500 849/4128/501 847/4129/502 845/4130/503
f 821/4131/504 846/4132/505 848/4133/475 823/4134/474
f 835/4116/489 860/4115/488 862/4106/479 837/4105/478
f 829/4118/491 854/4117/490 856/4110/483 831/4109/482
f 819/4064/472 844/4063/471 846/4132/505 821/4131/504
f 866/4135/506 889/4136/507 892/4137/508 867/4138/509
f 820/4139/510 817/4140/511 818/4141/469 819/4142/472
f 822/4143/512 820/4139/510 819/4142/472 821/4144/504
f 824/4145/513 822/4143/512 821/4144/504 823/4146/474
f 826/4147/514 824/4145/513 823/4146/474 825/4148/477
f 828/4149/515 826/4147/514 825/4148/477 827/4150/487
f 830/4151/516 828/4149/515 827/4150/487 829/4152/491
f 832/4153/517 830/4151/516 829/4152/491 831/4154/482
f 834/4155/518 832/4153/517 831/4154/482 833/4156/485
f 836/4157/519 834/4155/518 833/4156/485 835/4158/489
f 838/4159/520 836/4157/519 835/4158/489 837/4160/478
f 840/4161/521 838/4159/520 837/4160/478 839/4162/481
f 817/4140/511 840/4161/521 839/4162/481 818/4141/469
f 844/4163/471 841/4164/470 842/4120/493 843/4119/492
f 846/4165/505 844/4163/471 843/4119/492 845/4130/503
f 848/4166/475 846/4165/505 845/4130/503 847/4129/502
f 850/4167/476 848/4166/475 847/4129/502 849/4128/501
f 852/4168/486 850/4167/476 849/4128/501 851/4127/500
f 854/4169/490 852/4168/486 851/4127/500 853/4126/499
f 856/4170/483 854/4169/490 853/4126/499 855/4125/498
f 858/4171/484 856/4170/483 855/4125/498 857/4124/497
f 860/4172/488 858/4171/484 857/4124/497 859/4123/496
f 862/4173/479 860/4172/488 859/4123/496 861/4122/495
f 864/4174/480 862/4173/479 861/4122/495 863/4121/494
f 841/4164/470 864/4174/480 863/4121/494 842/4120/493
f 820/4139/510 822/4143/512 824/4145/513 826/4147/514 828/4149/515 830/4151/516 832/4153/517 834/4155/518 836/4157/519 838/4159/520 840/4161/521 817/4140/511
f 871/4175/522 896/4176/523 898/4177/524 873/4178/525
f 885/4179/526 910/4180/527 912/4181/486 887/4182/487
f 879/4183/528 904/4184/529 906/4185/505 881/4186/530
f 873/4178/525 898/4177/524 900/4187/480 875/4188/481
f 887/4182/487 912/4181/486 889/4136/507 866/4135/506
f 881/4186/530 906/4185/505 908/4189/531 883/4190/532
f 875/4188/481 900/4187/480 902/4191/533 877/4192/534
f 891/4193/498 890/4194/499 911/4195/500 909/4196/501 907/4197/502 905/4198/503 903/4199/492 901/4200/493 899/4201/494 897/4202/495 895/4203/496 893/4204/497
f 869/4205/535 894/4206/484 896/4207/523 871/4208/522
f 883/4190/532 908/4189/531 910/4180/527 885/4179/526
f 877/4192/534 902/4191/533 904/4184/529 879/4183/528
f 867/4138/509 892/4137/508 894/4206/484 869/4205/535
f 1142/4209/536 1165/4210/537 1166/4211/538 1143/4212/539
f 868/4213/517 865/4214/540 866/4215/506 867/4216/509
f 870/4217/518 868/4213/517 867/4216/509 869/4218/535
f 872/4219/519 870/4217/518 869/4218/535 871/4220/522
f 874/4221/520 872/4219/519 871/4220/522 873/4222/525
f 876/4223/521 874/4221/520 873/4222/525 875/4224/481
f 878/4225/541 876/4223/521 875/4224/481 877/4226/534
f 880/4227/510 878/4225/541 877/4226/534 879/4228/528
f 882/4229/512 880/4227/510 879/4228/528 881/4230/530
f 884/4231/513 882/4229/512 881/4230/530 883/4232/532
f 886/4233/514 884/4231/513 883/4232/532 885/4234/526
f 888/4235/515 886/4233/514 885/4234/526 887/4236/487
f 865/4214/540 888/4235/515 887/4236/487 866/4215/506
f 892/4237/508 889/4238/507 890/4194/499 891/4193/498
f 894/4239/484 892/4237/508 891/4193/498 893/4204/497
f 896/4240/523 894/4239/484 893/4204/497 895/4203/496
f 898/4241/524 896/4240/523 895/4203/496 897/4202/495
f 900/4242/480 898/4241/524 897/4202/495 899/4201/494
f 902/4243/533 900/4242/480 899/4201/494 901/4200/493
f 904/4244/529 902/4243/533 901/4200/493 903/4199/492
f 906/4245/505 904/4244/529 903/4199/492 905/4198/503
f 908/4246/531 906/4245/505 905/4198/503 907/4197/502
f 910/4247/527 908/4246/531 907/4197/502 909/4196/501
f 912/4248/486 910/4247/527 909/4196/501 911/4195/500
f 889/4238/507 912/4248/486 911/4195/500 890/4194/499
f 868/4213/517 870/4217/518 872/4219/519 874/4221/520 876/4223/521 878/4225/541 880/4227/510 882/4229/512 884/4231/513 886/4233/514 888/4235/515 865/4214/540
f 919/4249/542 944/4250/543 946/4251/544 921/4252/545
f 933/4253/546 958/4254/547 960/4255/548 935/4256/549
f 927/4257/550 952/4258/551 954/4259/552 929/4260/553
f 921/4252/545 946/4251/544 948/4261/554 923/4262/555
f 935/4256/549 960/4255/548 937/4263/556 914/4264/557
f 929/4260/553 954/4259/552 956/4265/558 931/4266/559
f 923/4262/555 948/4261/554 950/4267/560 925/4268/561
f 939/4269/562 938/4270/563 959/4271/564 957/4272/565 955/4273/566 953/4274/567 951/4275/568 949/4276/569 947/4277/570 945/4278/571 943/4279/572 941/4280/573
f 917/4281/574 942/4282/575 944/4283/543 919/4284/542
f 931/4266/559 956/4265/558 958/4254/547 933/4253/546
f 925/4268/561 950/4267/560 952/4258/551 927/4257/550
f 915/4285/576 940/4286/577 942/4282/575 917/4281/574
f 916/4287/578 913/4288/579 914/4289/557 915/4290/576
f 918/4291/580 916/4287/578 915/4290/576 917/4292/574
f 920/4293/581 918/4291/580 917/4292/574 919/4294/542
f 922/4295/582 920/4293/581 919/4294/542 921/4296/545
f 924/4297/583 922/4295/582 921/4296/545 923/4298/555
f 926/4299/584 924/4297/583 923/4298/555 925/4300/561
f 928/4301/585 926/4299/584 925/4300/561 927/4302/550
f 930/4303/586 928/4301/585 927/4302/550 929/4304/553
f 932/4305/587 930/4303/586 929/4304/553 931/4306/559
f 934/4307/588 932/4305/587 931/4306/559 933/4308/546
f 936/4309/589 934/4307/588 933/4308/546 935/4310/549
f 913/4288/579 936/4309/589 935/4310/549 914/4289/557
f 940/4311/577 937/4312/556 938/4270/563 939/4269/562
f 942/4313/575 940/4311/577 939/4269/562 941/4280/573
f 944/4314/543 942/4313/575 941/4280/573 943/4279/572
f 946/4315/544 944/4314/543 943/4279/572 945/4278/571
f 948/4316/554 946/4315/544 945/4278/571 947/4277/570
f 950/4317/560 948/4316/554 947/4277/570 949/4276/569
f 952/4318/551 950/4317/560 949/4276/569 951/4275/568
f 954/4319/552 952/4318/551 951/4275/568 953/4274/567
f 956/4320/558 954/4319/552 953/4274/567 955/4273/566
f 958/4321/547 956/4320/558 955/4273/566 957/4272/565
f 960/4322/548 958/4321/547 957/4272/565 959/4271/564
f 937/4312/556 960/4322/548 959/4271/564 938/4270/563
f 916/4287/578 918/4291/580 920/4293/581 922/4295/582 924/4297/583 926/4299/584 928/4301/585 930/4303/586 932/4305/587 934/4307/588 936/4309/589 913/4288/579
f 914/4264/557 937/4263/556 940/4286/577 915/4285/576
f 967/4323/590 992/4324/591 994/4325/592 969/4326/593
f 981/4327/594 1006/4328/595 1008/4329/596 983/4330/597
f 975/4331/598 1000/4332/599 1002/4333/600 977/4334/601
f 969/4326/593 994/4325/592 996/4335/602 971/4336/603
f 983/4330/597 1008/4329/596 985/4337/604 962/4338/605
f 977/4334/601 1002/4333/600 1004/4339/606 979/4340/607
f 971/4336/603 996/4335/602 998/4341/608 973/4342/609
f 987/4343/610 986/4344/611 1007/4345/612 1005/4346/613 1003/4347/614 1001/4348/615 999/4349/616 997/4350/617 995/4351/618 993/4352/619 991/4353/620 989/4354/621
f 965/4355/622 990/4356/623 992/4357/591 967/4358/590
f 979/4340/607 1004/4339/606 1006/4328/595 981/4327/594
f 973/4342/609 998/4341/608 1000/4332/599 975/4331/598
f 963/4359/624 988/4360/625 990/4356/623 965/4355/622
f 964/4361/626 961/4362/627 962/4363/605 963/4364/624
f 966/4365/628 964/4361/626 963/4364/624 965/4366/622
f 968/4367/629 966/4365/628 965/4366/622 967/4368/590
f 970/4369/630 968/4367/629 967/4368/590 969/4370/593
f 972/4371/631 970/4369/630 969/4370/593 971/4372/603
f 974/4373/632 972/4371/631 971/4372/603 973/4374/609
f 976/4375/633 974/4373/632 973/4374/609 975/4376/598
f 978/4377/634 976/4375/633 975/4376/598 977/4378/601
f 980/4379/635 978/4377/634 977/4378/601 979/4380/607
f 982/4381/636 980/4379/635 979/4380/607 981/4382/594
f 984/4383/637 982/4381/636 981/4382/594 983/4384/597
f 961/4362/627 984/4383/637 983/4384/597 962/4363/605
f 988/4385/625 985/4386/604 986/4344/611 987/4343/610
f 990/4387/623 988/4385/625 987/4343/610 989/4354/621
f 992/4388/591 990/4387/623 989/4354/621 991/4353/620
f 994/4389/592 992/4388/591 991/4353/620 993/4352/619
f 996/4390/602 994/4389/592 993/4352/619 995/4351/618
f 998/4391/608 996/4390/602 995/4351/618 997/4350/617
f 1000/4392/599 998/4391/608 997/4350/617 999/4349/616
f 1002/4393/600 1000/4392/599 999/4349/616 1001/4348/615
f 1004/4394/606 1002/4393/600 1001/4348/615 1003/4347/614
f 1006/4395/595 1004/4394/606 1003/4347/614 1005/4346/613
f 1008/4396/596 1006/4395/595 1005/4346/613 1007/4345/612
f 985/4386/604 1008/4396/596 1007/4345/612 986/4344/611
f 964/4361/626 966/4365/628 968/4367/629 970/4369/630 972/4371/631 974/4373/632 976/4375/633 978/4377/634 980/4379/635 982/4381/636 984/4383/637 961/4362/627
f 962/4338/605 985/4337/604 988/4360/625 963/4359/624
f 1015/4397/638 1096/4398/639 1097/4399/640 1017/4400/641
f 1029/4401/642 1103/4402/643 1104/4403/644 1031/4404/645
f 1023/4405/646 1100/4406/647 1101/4407/648 1025/4408/649
f 1017/4400/641 1097/4399/640 1098/4409/650 1019/4410/651
f 1031/4404/645 1104/4403/644 1093/4411/652 1010/4412/653
f 1025/4408/649 1101/4407/648 1102/4413/654 1027/4414/655
f 1019/4410/651 1098/4409/650 1099/4415/656 1021/4416/657
f 1013/4417/658 1095/4418/659 1096/4419/639 1015/4420/638
f 1027/4414/655 1102/4413/654 1103/4402/643 1029/4401/642
f 1021/4416/657 1099/4415/656 1100/4406/647 1023/4405/646
f 1011/4421/660 1094/4422/661 1095/4418/659 1013/4417/658
f 1012/4423/662 1009/4424/663 1010/4425/653 1011/4426/660
f 1014/4427/664 1012/4423/662 1011/4426/660 1013/4428/658
f 1016/4429/665 1014/4427/664 1013/4428/658 1015/4430/638
f 1018/4431/666 1016/4429/665 1015/4430/638 1017/4432/641
f 1020/4433/667 1018/4431/666 1017/4432/641 1019/4434/651
f 1022/4435/668 1020/4433/667 1019/4434/651 1021/4436/657
f 1024/4437/669 1022/4435/668 1021/4436/657 1023/4438/646
f 1026/4439/670 1024/4437/669 1023/4438/646 1025/4440/649
f 1028/4441/671 1026/4439/670 1025/4440/649 1027/4442/655
f 1030/4443/672 1028/4441/671 1027/4442/655 1029/4444/642
f 1032/4445/673 1030/4443/672 1029/4444/642 1031/4446/645
f 1009/4424/663 1032/4445/673 1031/4446/645 1010/4425/653
f 1012/4423/662 1014/4427/664 1016/4429/665 1018/4431/666 1020/4433/667 1022/4435/668 1024/4437/669 1026/4439/670 1028/4441/671 1030/4443/672 1032/4445/673 1009/4424/663
f 1010/4412/653 1093/4411/652 1094/4422/661 1011/4421/660
f 1039/4447/674 1060/4448/675 1061/4449/676 1041/4450/677
f 1053/4451/678 1067/4452/679 1068/4453/680 1055/4454/681
f 1047/4455/682 1064/4456/683 1065/4457/684 1049/4458/685
f 1041/4450/677 1061/4449/676 1062/4459/686 1043/4460/687
f 1055/4454/681 1068/4453/680 1057/4461/688 1034/4462/689
f 1049/4458/685 1065/4457/684 1066/4463/690 1051/4464/691
f 1043/4460/687 1062/4459/686 1063/4465/692 1045/4466/693
f 1037/4467/694 1059/4468/695 1060/4469/675 1039/4470/674
f 1051/4464/691 1066/4463/690 1067/4452/679 1053/4451/678
f 1045/4466/693 1063/4465/692 1064/4456/683 1047/4455/682
f 1035/4471/696 1058/4472/697 1059/4468/695 1037/4467/694
f 1036/4473/335 1033/4474/336 1034/4475/689 1035/4476/696
f 1038/4477/337 1036/4473/335 1035/4476/696 1037/4478/694
f 1040/4479/338 1038/4477/337 1037/4478/694 1039/4480/674
f 1042/4481/339 1040/4479/338 1039/4480/674 1041/4482/677
f 1044/4483/340 1042/4481/339 1041/4482/677 1043/4484/687
f 1046/4485/341 1044/4483/340 1043/4484/687 1045/4486/693
f 1048/4487/342 1046/4485/341 1045/4486/693 1047/4488/682
f 1050/4489/698 1048/4487/342 1047/4488/682 1049/4490/685
f 1052/4491/344 1050/4489/698 1049/4490/685 1051/4492/691
f 1054/4493/345 1052/4491/344 1051/4492/691 1053/4494/678
f 1056/4495/346 1054/4493/345 1053/4494/678 1055/4496/681
f 1033/4474/336 1056/4495/346 1055/4496/681 1034/4475/689
f 1036/4473/335 1038/4477/337 1040/4479/338 1042/4481/339 1044/4483/340 1046/4485/341 1048/4487/342 1050/4489/698 1052/4491/344 1054/4493/345 1056/4495/346 1033/4474/336
f 1034/4462/689 1057/4461/688 1058/4472/697 1035/4471/696
f 1075/4497/699 1077/4498/700 1097/4399/640 1096/4398/639
f 1089/4499/701 1091/4500/702 1104/4403/644 1103/4402/643
f 1083/4501/703 1085/4502/704 1101/4407/648 1100/4406/647
f 1077/4498/700 1079/4503/705 1098/4409/650 1097/4399/640
f 1091/4500/702 1070/4504/706 1093/4411/652 1104/4403/644
f 1085/4502/704 1087/4505/707 1102/4413/654 1101/4407/648
f 1079/4503/705 1081/4506/708 1099/4415/656 1098/4409/650
f 1073/4507/709 1075/4508/699 1096/4419/639 1095/4418/659
f 1087/4505/707 1089/4499/701 1103/4402/643 1102/4413/654
f 1081/4506/708 1083/4501/703 1100/4406/647 1099/4415/656
f 1071/4509/710 1073/4507/709 1095/4418/659 1094/4422/661
f 1072/4510/711 1071/4511/710 1070/4512/706 1069/4513/712
f 1074/4514/713 1073/4515/709 1071/4511/710 1072/4510/711
f 1076/4516/714 1075/4517/699 1073/4515/709 1074/4514/713
f 1078/4518/715 1077/4519/700 1075/4517/699 1076/4516/714
f 1080/4520/716 1079/4521/705 1077/4519/700 1078/4518/715
f 1082/4522/717 1081/4523/708 1079/4521/705 1080/4520/716
f 1084/4524/718 1083/4525/703 1081/4523/708 1082/4522/717
f 1086/4526/719 1085/4527/704 1083/4525/703 1084/4524/718
f 1088/4528/720 1087/4529/707 1085/4527/704 1086/4526/719
f 1090/4530/721 1089/4531/701 1087/4529/707 1088/4528/720
f 1092/4532/722 1091/4533/702 1089/4531/701 1090/4530/721
f 1069/4513/712 1070/4512/706 1091/4533/702 1092/4532/722
f 1072/4510/711 1069/4513/712 1092/4532/722 1090/4530/721 1088/4528/720 1086/4526/719 1084/4524/718 1082/4522/717 1080/4520/716 1078/4518/715 1076/4516/714 1074/4514/713
f 1070/4504/706 1071/4509/710 1094/4422/661 1093/4411/652
f 1111/4534/723 1113/4535/694 1133/4536/724 1132/4537/675
f 1125/4538/685 1127/4539/682 1140/4540/683 1139/4541/684
f 1119/4542/725 1121/4543/678 1137/4544/679 1136/4545/680
f 1113/4535/694 1115/4546/696 1134/4547/697 1133/4536/724
f 1127/4539/682 1106/4548/726 1129/4549/692 1140/4540/683
f 1121/4543/678 1123/4550/727 1138/4551/690 1137/4544/679
f 1115/4546/696 1117/4552/728 1135/4553/688 1134/4547/697
f 1109/4554/677 1111/4555/723 1132/4556/675 1131/4557/676
f 1123/4550/727 1125/4538/685 1139/4541/684 1138/4551/690
f 1117/4552/728 1119/4542/725 1136/4545/680 1135/4553/688
f 1107/4558/729 1109/4554/677 1131/4557/676 1130/4559/686
f 1108/4560/401 1107/4561/729 1106/4562/726 1105/4563/341
f 1110/4564/730 1109/4565/677 1107/4561/729 1108/4560/401
f 1112/4566/338 1111/4567/723 1109/4565/677 1110/4564/730
f 1114/4568/403 1113/4569/694 1111/4567/723 1112/4566/338
f 1116/4570/404 1115/4571/696 1113/4569/694 1114/4568/403
f 1118/4572/336 1117/4573/728 1115/4571/696 1116/4570/404
f 1120/4574/406 1119/4575/725 1117/4573/728 1118/4572/336
f 1122/4576/407 1121/4577/678 1119/4575/725 1120/4574/406
f 1124/4578/344 1123/4579/727 1121/4577/678 1122/4576/407
f 1126/4580/408 1125/4581/685 1123/4579/727 1124/4578/344
f 1128/4582/731 1127/4583/682 1125/4581/685 1126/4580/408
f 1105/4563/341 1106/4562/726 1127/4583/682 1128/4582/731
f 1108/4560/401 1105/4563/341 1128/4582/731 1126/4580/408 1124/4578/344 1122/4576/407 1120/4574/406 1118/4572/336 1116/4570/404 1114/4568/403 1112/4566/338 1110/4564/730
f 1106/4548/726 1107/4558/729 1130/4559/686 1129/4549/692
f 1147/4584/732 1168/4585/733 1169/4586/734 1149/4587/735
f 1161/4588/736 1175/4589/737 1176/4590/738 1163/4591/739
f 1155/4592/740 1172/4593/741 1173/4594/742 1157/4595/743
f 1149/4587/735 1169/4586/734 1170/4596/744 1151/4597/745
f 1163/4591/739 1176/4590/738 1165/4210/537 1142/4209/536
f 1157/4595/743 1173/4594/742 1174/4598/746 1159/4599/747
f 1151/4597/745 1170/4596/744 1171/4600/748 1153/4601/749
f 1145/4602/750 1167/4603/751 1168/4604/733 1147/4605/732
f 1159/4599/747 1174/4598/746 1175/4589/737 1161/4588/736
f 1153/4601/749 1171/4600/748 1172/4593/741 1155/4592/740
f 1143/4212/539 1166/4211/538 1167/4603/751 1145/4602/750
f 1178/4606/752 1201/4607/753 1202/4608/754 1179/4609/755
f 1144/4610/756 1141/4611/757 1142/4612/536 1143/4613/539
f 1146/4614/758 1144/4610/756 1143/4613/539 1145/4615/750
f 1148/4616/759 1146/4614/758 1145/4615/750 1147/4617/732
f 1150/4618/760 1148/4616/759 1147/4617/732 1149/4619/735
f 1152/4620/761 1150/4618/760 1149/4619/735 1151/4621/745
f 1154/4622/762 1152/4620/761 1151/4621/745 1153/4623/749
f 1156/4624/763 1154/4622/762 1153/4623/749 1155/4625/740
f 1158/4626/764 1156/4624/763 1155/4625/740 1157/4627/743
f 1160/4628/765 1158/4626/764 1157/4627/743 1159/4629/747
f 1162/4630/766 1160/4628/765 1159/4629/747 1161/4631/736
f 1164/4632/767 1162/4630/766 1161/4631/736 1163/4633/739
f 1141/4611/757 1164/4632/767 1163/4633/739 1142/4612/536
f 1166/4634/538 1165/4635/537 1176/4636/738 1175/4637/737 1174/4638/746 1173/4639/742 1172/4640/741 1171/4641/748 1170/4642/744 1169/4643/734 1168/4644/733 1167/4645/751
f 1144/4610/756 1146/4614/758 1148/4616/759 1150/4618/760 1152/4620/761 1154/4622/762 1156/4624/763 1158/4626/764 1160/4628/765 1162/4630/766 1164/4632/767 1141/4611/757
f 1183/4646/768 1204/4647/769 1205/4648/770 1185/4649/771
f 1197/4650/772 1211/4651/773 1212/4652/774 1199/4653/775
f 1191/4654/776 1208/4655/777 1209/4656/778 1193/4657/779
f 1185/4649/771 1205/4648/770 1206/4658/780 1187/4659/781
f 1199/4653/775 1212/4652/774 1201/4607/753 1178/4606/752
f 1193/4657/779 1209/4656/778 1210/4660/782 1195/4661/783
f 1187/4659/781 1206/4658/780 1207/4662/784 1189/4663/785
f 1181/4664/786 1203/4665/787 1204/4666/769 1183/4667/768
f 1195/4661/783 1210/4660/782 1211/4651/773 1197/4650/772
f 1189/4663/785 1207/4662/784 1208/4655/777 1191/4654/776
f 1179/4609/755 1202/4608/754 1203/4665/787 1181/4664/786
f 1180/4668/788 1177/4669/789 1178/4670/752 1179/4671/755
f 1182/4672/790 1180/4668/788 1179/4671/755 1181/4673/786
f 1184/4674/791 1182/4672/790 1181/4673/786 1183/4675/768
f 1186/4676/792 1184/4674/791 1183/4675/768 1185/4677/771
f 1188/4678/793 1186/4676/792 1185/4677/771 1187/4679/781
f 1190/4680/794 1188/4678/793 1187/4679/781 1189/4681/785
f 1192/4682/795 1190/4680/794 1189/4681/785 1191/4683/776
f 1194/4684/796 1192/4682/795 1191/4683/776 1193/4685/779
f 1196/4686/797 1194/4684/796 1193/4685/779 1195/4687/783
f 1198/4688/798 1196/4686/797 1195/4687/783 1197/4689/772
f 1200/4690/799 1198/4688/798 1197/4689/772 1199/4691/775
f 1177/4669/789 1200/4690/799 1199/4691/775 1178/4670/752
f 1202/4692/754 1201/4693/753 1212/4694/774 1211/4695/773 1210/4696/782 1209/4697/778 1208/4698/777 1207/4699/784 1206/4700/780 1205/4701/770 1204/4702/769 1203/4703/787
f 1180/4668/788 1182/4672/790 1184/4674/791 1186/4676/792 1188/4678/793 1190/4680/794 1192/4682/795 1194/4684/796 1196/4686/797 1198/4688/798 1200/4690/799 1177/4669/789
f 2/2876/125 25/2875/124 28/2898/145 3/2897/144
f 1219/4704/800 1244/4705/801 1246/4706/802 1221/4707/803
f 1233/4708/804 1258/4709/805 1260/4710/806 1235/4711/807
f 1227/4712/808 1252/4713/809 1254/4714/810 1229/4715/811
f 1221/4707/803 1246/4706/802 1248/4716/812 1223/4717/813
f 1235/4711/807 1260/4710/806 1237/4718/814 1214/4719/815
f 1229/4715/811 1254/4714/810 1256/4720/816 1231/4721/817
f 1223/4717/813 1248/4716/812 1250/4722/818 1225/4723/819
f 1239/4724/820 1238/4725/821 1259/4726/822 1257/4727/823 1255/4728/824 1253/4729/825 1251/4730/826 1249/4731/827 1247/4732/828 1245/4733/829 1243/4734/830 1241/4735/831
f 1217/4736/832 1242/4737/833 1244/4738/801 1219/4739/800
f 1231/4721/817 1256/4720/816 1258/4709/805 1233/4708/804
f 1225/4723/819 1250/4722/818 1252/4713/809 1227/4712/808
f 1215/4740/834 1240/4741/835 1242/4737/833 1217/4736/832
f 1262/4742/836 1285/4743/837 1288/4744/838 1263/4745/839
f 1216/4746/840 1213/4747/841 1214/4748/815 1215/4749/834
f 1218/4750/842 1216/4746/840 1215/4749/834 1217/4751/832
f 1220/4752/843 1218/4750/842 1217/4751/832 1219/4753/800
f 1222/4754/844 1220/4752/843 1219/4753/800 1221/4755/803
f 1224/4756/845 1222/4754/844 1221/4755/803 1223/4757/813
f 1226/4758/846 1224/4756/845 1223/4757/813 1225/4759/819
f 1228/4760/847 1226/4758/846 1225/4759/819 1227/4761/808
f 1230/4762/848 1228/4760/847 1227/4761/808 1229/4763/811
f 1232/4764/849 1230/4762/848 1229/4763/811 1231/4765/817
f 1234/4766/850 1232/4764/849 1231/4765/817 1233/4767/804
f 1236/4768/851 1234/4766/850 1233/4767/804 1235/4769/807
f 1213/4747/841 1236/4768/851 1235/4769/807 1214/4748/815
f 1240/4770/835 1237/4771/814 1238/4725/821 1239/4724/820
f 1242/4772/833 1240/4770/835 1239/4724/820 1241/4735/831
f 1244/4773/801 1242/4772/833 1241/4735/831 1243/4734/830
f 1246/4774/802 1244/4773/801 1243/4734/830 1245/4733/829
f 1248/4775/812 1246/4774/802 1245/4733/829 1247/4732/828
f 1250/4776/818 1248/4775/812 1247/4732/828 1249/4731/827
f 1252/4777/809 1250/4776/818 1249/4731/827 1251/4730/826
f 1254/4778/810 1252/4777/809 1251/4730/826 1253/4729/825
f 1256/4779/816 1254/4778/810 1253/4729/825 1255/4728/824
f 1258/4780/805 1256/4779/816 1255/4728/824 1257/4727/823
f 1260/4781/806 1258/4780/805 1257/4727/823 1259/4726/822
f 1237/4771/814 1260/4781/806 1259/4726/822 1238/4725/821
f 1216/4746/840 1218/4750/842 1220/4752/843 1222/4754/844 1224/4756/845 1226/4758/846 1228/4760/847 1230/4762/848 1232/4764/849 1234/4766/850 1236/4768/851 1213/4747/841
f 1267/4782/852 1292/4783/853 1294/4784/854 1269/4785/855
f 1281/4786/856 1306/4787/857 1308/4788/858 1283/4789/859
f 1275/4790/860 1300/4791/861 1302/4792/862 1277/4793/863
f 1269/4785/855 1294/4784/854 1296/4794/864 1271/4795/865
f 1283/4789/859 1308/4788/858 1285/4743/837 1262/4742/836
f 1277/4793/863 1302/4792/862 1304/4796/866 1279/4797/867
f 1271/4795/865 1296/4794/864 1298/4798/868 1273/4799/869
f 1287/4800/870 1286/4801/871 1307/4802/872 1305/4803/873 1303/4804/874 1301/4805/875 1299/4806/876 1297/4807/877 1295/4808/878 1293/4809/879 1291/4810/880 1289/4811/881
f 1265/4812/882 1290/4813/883 1292/4814/853 1267/4815/852
f 1279/4797/867 1304/4796/866 1306/4787/857 1281/4786/856
f 1273/4799/869 1298/4798/868 1300/4791/861 1275/4790/860
f 1263/4745/839 1288/4744/838 1290/4813/883 1265/4812/882
f 1310/4816/884 1333/4817/885 1336/4818/886 1311/4819/887
f 1264/4820/888 1261/4821/889 1262/4822/836 1263/4823/839
f 1266/4824/890 1264/4820/888 1263/4823/839 1265/4825/882
f 1268/4826/891 1266/4824/890 1265/4825/882 1267/4827/852
f 1270/4828/892 1268/4826/891 1267/4827/852 1269/4829/855
f 1272/4830/893 1270/4828/892 1269/4829/855 1271/4831/865
f 1274/4832/894 1272/4830/893 1271/4831/865 1273/4833/869
f 1276/4834/895 1274/4832/894 1273/4833/869 1275/4835/860
f 1278/4836/896 1276/4834/895 1275/4835/860 1277/4837/863
f 1280/4838/897 1278/4836/896 1277/4837/863 1279/4839/867
f 1282/4840/898 1280/4838/897 1279/4839/867 1281/4841/856
f 1284/4842/899 1282/4840/898 1281/4841/856 1283/4843/859
f 1261/4821/889 1284/4842/899 1283/4843/859 1262/4822/836
f 1288/4844/838 1285/4845/837 1286/4801/871 1287/4800/870
f 1290/4846/883 1288/4844/838 1287/4800/870 1289/4811/881
f 1292/4847/853 1290/4846/883 1289/4811/881 1291/4810/880
f 1294/4848/854 1292/4847/853 1291/4810/880 1293/4809/879
f 1296/4849/864 1294/4848/854 1293/4809/879 1295/4808/878
f 1298/4850/868 1296/4849/864 1295/4808/878 1297/4807/877
f 1300/4851/861 1298/4850/868 1297/4807/877 1299/4806/876
f 1302/4852/862 1300/4851/861 1299/4806/876 1301/4805/875
f 1304/4853/866 1302/4852/862 1301/4805/875 1303/4804/874
f 1306/4854/857 1304/4853/866 1303/4804/874 1305/4803/873
f 1308/4855/858 1306/4854/857 1305/4803/873 1307/4802/872
f 1285/4845/837 1308/4855/858 1307/4802/872 1286/4801/871
f 1264/4820/888 1266/4824/890 1268/4826/891 1270/4828/892 1272/4830/893 1274/4832/894 1276/4834/895 1278/4836/896 1280/4838/897 1282/4840/898 1284/4842/899 1261/4821/889
f 1315/4856/900 1340/4857/901 1342/4858/902 1317/4859/903
f 1329/4860/904 1354/4861/905 1356/4862/864 1331/4863/865
f 1323/4864/906 1348/4865/907 1350/4866/908 1325/4867/909
f 1317/4859/903 1342/4858/902 1344/4868/858 1319/4869/859
f 1331/4863/865 1356/4862/864 1333/4817/885 1310/4816/884
f 1325/4867/909 1350/4866/908 1352/4870/910 1327/4871/911
f 1319/4869/859 1344/4868/858 1346/4872/912 1321/4873/913
f 1335/4874/876 1334/4875/877 1355/4876/878 1353/4877/879 1351/4878/880 1349/4879/881 1347/4880/870 1345/4881/871 1343/4882/872 1341/4883/873 1339/4884/874 1337/4885/875
f 1313/4886/914 1338/4887/915 1340/4888/901 1315/4889/900
f 1327/4871/911 1352/4870/910 1354/4861/905 1329/4860/904
f 1321/4873/913 1346/4872/912 1348/4865/907 1323/4864/906
f 1311/4819/887 1336/4818/886 1338/4887/915 1313/4886/914
f 1358/4890/836 1381/4891/837 1384/4892/838 1359/4893/839
f 1312/4894/895 1309/4895/916 1310/4896/884 1311/4897/887
f 1314/4898/896 1312/4894/895 1311/4897/887 1313/4899/914
f 1316/4900/897 1314/4898/896 1313/4899/914 1315/4901/900
f 1318/4902/898 1316/4900/897 1315/4901/900 1317/4903/903
f 1320/4904/899 1318/4902/898 1317/4903/903 1319/4905/859
f 1322/4906/917 1320/4904/899 1319/4905/859 1321/4907/913
f 1324/4908/888 1322/4906/917 1321/4907/913 1323/4909/906
f 1326/4910/890 1324/4908/888 1323/4909/906 1325/4911/909
f 1328/4912/891 1326/4910/890 1325/4911/909 1327/4913/911
f 1330/4914/892 1328/4912/891 1327/4913/911 1329/4915/904
f 1332/4916/893 1330/4914/892 1329/4915/904 1331/4917/865
f 1309/4895/916 1332/4916/893 1331/4917/865 1310/4896/884
f 1336/4918/886 1333/4919/885 1334/4875/877 1335/4874/876
f 1338/4920/915 1336/4918/886 1335/4874/876 1337/4885/875
f 1340/4921/901 1338/4920/915 1337/4885/875 1339/4884/874
f 1342/4922/902 1340/4921/901 1339/4884/874 1341/4883/873
f 1344/4923/858 1342/4922/902 1341/4883/873 1343/4882/872
f 1346/4924/912 1344/4923/858 1343/4882/872 1345/4881/871
f 1348/4925/907 1346/4924/912 1345/4881/871 1347/4880/870
f 1350/4926/908 1348/4925/907 1347/4880/870 1349/4879/881
f 1352/4927/910 1350/4926/908 1349/4879/881 1351/4878/880
f 1354/4928/905 1352/4927/910 1351/4878/880 1353/4877/879
f 1356/4929/864 1354/4928/905 1353/4877/879 1355/4876/878
f 1333/4919/885 1356/4929/864 1355/4876/878 1334/4875/877
f 1312/4894/895 1314/4898/896 1316/4900/897 1318/4902/898 1320/4904/899 1322/4906/917 1324/4908/888 1326/4910/890 1328/4912/891 1330/4914/892 1332/4916/893 1309/4895/916
f 1363/4930/852 1388/4931/853 1390/4932/854 1365/4933/855
f 1377/4934/856 1402/4935/857 1404/4936/858 1379/4937/859
f 1371/4938/860 1396/4939/861 1398/4940/862 1373/4941/863
f 1365/4933/855 1390/4932/854 1392/4942/864 1367/4943/865
f 1379/4937/859 1404/4936/858 1381/4891/837 1358/4890/836
f 1373/4941/863 1398/4940/862 1400/4944/866 1375/4945/867
f 1367/4943/865 1392/4942/864 1394/4946/868 1369/4947/869
f 1383/4948/870 1382/4949/871 1403/4950/872 1401/4951/873 1399/4952/874 1397/4953/875 1395/4954/876 1393/4955/877 1391/4956/878 1389/4957/879 1387/4958/880 1385/4959/881
f 1361/4960/882 1386/4961/883 1388/4962/853 1363/4963/852
f 1375/4945/867 1400/4944/866 1402/4935/857 1377/4934/856
f 1369/4947/869 1394/4946/868 1396/4939/861 1371/4938/860
f 1359/4893/839 1384/4892/838 1386/4961/883 1361/4960/882
f 1360/4964/888 1357/4965/889 1358/4966/836 1359/4967/839
f 1362/4968/890 1360/4964/888 1359/4967/839 1361/4969/882
f 1364/4970/891 1362/4968/890 1361/4969/882 1363/4971/852
f 1366/4972/892 1364/4970/891 1363/4971/852 1365/4973/855
f 1368/4974/893 1366/4972/892 1365/4973/855 1367/4975/865
f 1370/4976/894 1368/4974/893 1367/4975/865 1369/4977/869
f 1372/4978/895 1370/4976/894 1369/4977/869 1371/4979/860
f 1374/4980/896 1372/4978/895 1371/4979/860 1373/4981/863
f 1376/4982/897 1374/4980/896 1373/4981/863 1375/4983/867
f 1378/4984/898 1376/4982/897 1375/4983/867 1377/4985/856
f 1380/4986/899 1378/4984/898 1377/4985/856 1379/4987/859
f 1357/4965/889 1380/4986/899 1379/4987/859 1358/4966/836
f 1384/4988/838 1381/4989/837 1382/4949/871 1383/4948/870
f 1386/4990/883 1384/4988/838 1383/4948/870 1385/4959/881
f 1388/4991/853 1386/4990/883 1385/4959/881 1387/4958/880
f 1390/4992/854 1388/4991/853 1387/4958/880 1389/4957/879
f 1392/4993/864 1390/4992/854 1389/4957/879 1391/4956/878
f 1394/4994/868 1392/4993/864 1391/4956/878 1393/4955/877
f 1396/4995/861 1394/4994/868 1393/4955/877 1395/4954/876
f 1398/4996/862 1396/4995/861 1395/4954/876 1397/4953/875
f 1400/4997/866 1398/4996/862 1397/4953/875 1399/4952/874
f 1402/4998/857 1400/4997/866 1399/4952/874 1401/4951/873
f 1404/4999/858 1402/4998/857 1401/4951/873 1403/4950/872
f 1381/4989/837 1404/4999/858 1403/4950/872 1382/4949/871
f 1360/4964/888 1362/4968/890 1364/4970/891 1366/4972/892 1368/4974/893 1370/4976/894 1372/4978/895 1374/4980/896 1376/4982/897 1378/4984/898 1380/4986/899 1357/4965/889
f 1214/4719/815 1237/4718/814 1240/4741/835 1215/4740/834
f 1411/5000/918 1413/5001/919 1438/5002/920 1436/5003/921
f 1425/5004/807 1427/5005/804 1452/5006/805 1450/5007/806
f 1419/5008/922 1421/5009/923 1446/5010/924 1444/5011/925
f 1413/5001/919 1415/5012/926 1440/5013/927 1438/5002/920
f 1427/5005/804 1406/5014/928 1429/5015/929 1452/5006/805
f 1421/5009/923 1423/5016/930 1448/5017/931 1446/5010/924
f 1415/5012/926 1417/5018/932 1442/5019/933 1440/5013/927
f 1431/5020/825 1433/5021/826 1435/5022/827 1437/5023/828 1439/5024/829 1441/5025/830 1443/5026/831 1445/5027/820 1447/5028/821 1449/5029/822 1451/5030/823 1430/5031/824
f 1409/5032/934 1411/5033/918 1436/5034/921 1434/5035/935
f 1423/5016/930 1425/5004/807 1450/5007/806 1448/5017/931
f 1417/5018/932 1419/5008/922 1444/5011/925 1442/5019/933
f 1407/5036/936 1409/5032/934 1434/5035/935 1432/5037/937
f 1454/5038/869 1455/5039/938 1480/5040/939 1477/5041/868
f 1408/5042/940 1407/5043/936 1406/5044/928 1405/5045/941
f 1410/5046/942 1409/5047/934 1407/5043/936 1408/5042/940
f 1412/5048/943 1411/5049/918 1409/5047/934 1410/5046/942
f 1414/5050/944 1413/5051/919 1411/5049/918 1412/5048/943
f 1416/5052/945 1415/5053/926 1413/5051/919 1414/5050/944
f 1418/5054/946 1417/5055/932 1415/5053/926 1416/5052/945
f 1420/5056/947 1419/5057/922 1417/5055/932 1418/5054/946
f 1422/5058/948 1421/5059/923 1419/5057/922 1420/5056/947
f 1424/5060/949 1423/5061/930 1421/5059/923 1422/5058/948
f 1426/5062/950 1425/5063/807 1423/5061/930 1424/5060/949
f 1428/5064/951 1427/5065/804 1425/5063/807 1426/5062/950
f 1405/5045/941 1406/5044/928 1427/5065/804 1428/5064/951
f 1432/5066/937 1431/5020/825 1430/5031/824 1429/5067/929
f 1434/5068/935 1433/5021/826 1431/5020/825 1432/5066/937
f 1436/5069/921 1435/5022/827 1433/5021/826 1434/5068/935
f 1438/5070/920 1437/5023/828 1435/5022/827 1436/5069/921
f 1440/5071/927 1439/5024/829 1437/5023/828 1438/5070/920
f 1442/5072/933 1441/5025/830 1439/5024/829 1440/5071/927
f 1444/5073/925 1443/5026/831 1441/5025/830 1442/5072/933
f 1446/5074/924 1445/5027/820 1443/5026/831 1444/5073/925
f 1448/5075/931 1447/5028/821 1445/5027/820 1446/5074/924
f 1450/5076/806 1449/5029/822 1447/5028/821 1448/5075/931
f 1452/5077/805 1451/5030/823 1449/5029/822 1450/5076/806
f 1429/5067/929 1430/5031/824 1451/5030/823 1452/5077/805
f 1408/5042/940 1405/5045/941 1428/5064/951 1426/5062/950 1424/5060/949 1422/5058/948 1420/5056/947 1418/5054/946 1416/5052/945 1414/5050/944 1412/5048/943 1410/5046/942
f 1459/5078/952 1461/5079/953 1486/5080/954 1484/5081/955
f 1473/5082/863 1475/5083/860 1500/5084/861 1498/5085/862
f 1467/5086/859 1469/5087/856 1494/5088/857 1492/5089/858
f 1461/5079/953 1463/5090/906 1488/5091/907 1486/5080/954
f 1475/5083/860 1454/5038/869 1477/5041/868 1500/5084/861
f 1469/5087/856 1471/5092/956 1496/5093/957 1494/5088/857
f 1463/5090/906 1465/5094/836 1490/5095/837 1488/5091/907
f 1479/5096/878 1481/5097/879 1483/5098/880 1485/5099/881 1487/5100/870 1489/5101/871 1491/5102/872 1493/5103/873 1495/5104/874 1497/5105/875 1499/5106/876 1478/5107/877
f 1457/5108/958 1459/5109/952 1484/5110/955 1482/5111/959
f 1471/5092/956 1473/5082/863 1498/5085/862 1496/5093/957
f 1465/5094/836 1467/5086/859 1492/5089/858 1490/5095/837
f 1455/5039/938 1457/5108/958 1482/5111/959 1480/5040/939
f 1502/5112/913 1503/5113/960 1528/5114/961 1525/5115/912
f 1456/5116/962 1455/5117/938 1454/5118/869 1453/5119/963
f 1458/5120/964 1457/5121/958 1455/5117/938 1456/5116/962
f 1460/5122/965 1459/5123/952 1457/5121/958 1458/5120/964
f 1462/5124/966 1461/5125/953 1459/5123/952 1460/5122/965
f 1464/5126/967 1463/5127/906 1461/5125/953 1462/5124/966
f 1466/5128/968 1465/5129/836 1463/5127/906 1464/5126/967
f 1468/5130/969 1467/5131/859 1465/5129/836 1466/5128/968
f 1470/5132/970 1469/5133/856 1467/5131/859 1468/5130/969
f 1472/5134/971 1471/5135/956 1469/5133/856 1470/5132/970
f 1474/5136/972 1473/5137/863 1471/5135/956 1472/5134/971
f 1476/5138/973 1475/5139/860 1473/5137/863 1474/5136/972
f 1453/5119/963 1454/5118/869 1475/5139/860 1476/5138/973
f 1480/5140/939 1479/5096/878 1478/5107/877 1477/5141/868
f 1482/5142/959 1481/5097/879 1479/5096/878 1480/5140/939
f 1484/5143/955 1483/5098/880 1481/5097/879 1482/5142/959
f 1486/5144/954 1485/5099/881 1483/5098/880 1484/5143/955
f 1488/5145/907 1487/5100/870 1485/5099/881 1486/5144/954
f 1490/5146/837 1489/5101/871 1487/5100/870 1488/5145/907
f 1492/5147/858 1491/5102/872 1489/5101/871 1490/5146/837
f 1494/5148/857 1493/5103/873 1491/5102/872 1492/5147/858
f 1496/5149/957 1495/5104/874 1493/5103/873 1494/5148/857
f 1498/5150/862 1497/5105/875 1495/5104/874 1496/5149/957
f 1500/5151/861 1499/5106/876 1497/5105/875 1498/5150/862
f 1477/5141/868 1478/5107/877 1499/5106/876 1500/5151/861
f 1456/5116/962 1453/5119/963 1476/5138/973 1474/5136/972 1472/5134/971 1470/5132/970 1468/5130/969 1466/5128/968 1464/5126/967 1462/5124/966 1460/5122/965 1458/5120/964
f 1507/5152/974 1509/5153/975 1534/5154/976 1532/5155/977
f 1521/5156/909 1523/5157/906 1548/5158/907 1546/5159/908
f 1515/5160/865 1517/5161/904 1542/5162/905 1540/5163/864
f 1509/5153/975 1511/5164/860 1536/5165/861 1534/5154/976
f 1523/5157/906 1502/5112/913 1525/5115/912 1548/5158/907
f 1517/5161/904 1519/5166/978 1544/5167/979 1542/5162/905
f 1511/5164/860 1513/5168/884 1538/5169/885 1536/5165/861
f 1527/5170/872 1529/5171/873 1531/5172/874 1533/5173/875 1535/5174/876 1537/5175/877 1539/5176/878 1541/5177/879 1543/5178/880 1545/5179/881 1547/5180/870 1526/5181/871
f 1505/5182/980 1507/5183/974 1532/5184/977 1530/5185/981
f 1519/5166/978 1521/5156/909 1546/5159/908 1544/5167/979
f 1513/5168/884 1515/5160/865 1540/5163/864 1538/5169/885
f 1503/5113/960 1505/5182/980 1530/5185/981 1528/5114/961
f 1550/5186/869 1551/5187/938 1576/5188/939 1573/5189/868
f 1504/5190/969 1503/5191/960 1502/5192/913 1501/5193/982
f 1506/5194/970 1505/5195/980 1503/5191/960 1504/5190/969
f 1508/5196/983 1507/5197/974 1505/5195/980 1506/5194/970
f 1510/5198/972 1509/5199/975 1507/5197/974 1508/5196/983
f 1512/5200/973 1511/5201/860 1509/5199/975 1510/5198/972
f 1514/5202/984 1513/5203/884 1511/5201/860 1512/5200/973
f 1516/5204/962 1515/5205/865 1513/5203/884 1514/5202/984
f 1518/5206/964 1517/5207/904 1515/5205/865 1516/5204/962
f 1520/5208/985 1519/5209/978 1517/5207/904 1518/5206/964
f 1522/5210/966 1521/5211/909 1519/5209/978 1520/5208/985
f 1524/5212/967 1523/5213/906 1521/5211/909 1522/5210/966
f 1501/5193/982 1502/5192/913 1523/5213/906 1524/5212/967
f 1528/5214/961 1527/5170/872 1526/5181/871 1525/5215/912
f 1530/5216/981 1529/5171/873 1527/5170/872 1528/5214/961
f 1532/5217/977 1531/5172/874 1529/5171/873 1530/5216/981
f 1534/5218/976 1533/5173/875 1531/5172/874 1532/5217/977
f 1536/5219/861 1535/5174/876 1533/5173/875 1534/5218/976
f 1538/5220/885 1537/5175/877 1535/5174/876 1536/5219/861
f 1540/5221/864 1539/5176/878 1537/5175/877 1538/5220/885
f 1542/5222/905 1541/5177/879 1539/5176/878 1540/5221/864
f 1544/5223/979 1543/5178/880 1541/5177/879 1542/5222/905
f 1546/5224/908 1545/5179/881 1543/5178/880 1544/5223/979
f 1548/5225/907 1547/5180/870 1545/5179/881 1546/5224/908
f 1525/5215/912 1526/5181/871 1547/5180/870 1548/5225/907
f 1504/5190/969 1501/5193/982 1524/5212/967 1522/5210/966 1520/5208/985 1518/5206/964 1516/5204/962 1514/5202/984 1512/5200/973 1510/5198/972 1508/5196/983 1506/5194/970
f 1555/5226/952 1557/5227/953 1582/5228/954 1580/5229/955
f 1569/5230/863 1571/5231/860 1596/5232/861 1594/5233/862
f 1563/5234/859 1565/5235/856 1590/5236/857 1588/5237/858
f 1557/5227/953 1559/5238/906 1584/5239/907 1582/5228/954
f 1571/5231/860 1550/5186/869 1573/5189/868 1596/5232/861
f 1565/5235/856 1567/5240/956 1592/5241/957 1590/5236/857
f 1559/5238/906 1561/5242/836 1586/5243/837 1584/5239/907
f 1575/5244/878 1577/5245/879 1579/5246/880 1581/5247/881 1583/5248/870 1585/5249/871 1587/5250/872 1589/5251/873 1591/5252/874 1593/5253/875 1595/5254/876 1574/5255/877
f 1553/5256/958 1555/5257/952 1580/5258/955 1578/5259/959
f 1567/5240/956 1569/5230/863 1594/5233/862 1592/5241/957
f 1561/5242/836 1563/5234/859 1588/5237/858 1586/5243/837
f 1551/5187/938 1553/5256/958 1578/5259/959 1576/5188/939
f 1552/5260/962 1551/5261/938 1550/5262/869 1549/5263/986
f 1554/5264/964 1553/5265/958 1551/5261/938 1552/5260/962
f 1556/5266/965 1555/5267/952 1553/5265/958 1554/5264/964
f 1558/5268/966 1557/5269/953 1555/5267/952 1556/5266/965
f 1560/5270/967 1559/5271/906 1557/5269/953 1558/5268/966
f 1562/5272/968 1561/5273/836 1559/5271/906 1560/5270/967
f 1564/5274/969 1563/5275/859 1561/5273/836 1562/5272/968
f 1566/5276/970 1565/5277/856 1563/5275/859 1564/5274/969
f 1568/5278/971 1567/5279/956 1565/5277/856 1566/5276/970
f 1570/5280/972 1569/5281/863 1567/5279/956 1568/5278/971
f 1572/5282/973 1571/5283/860 1569/5281/863 1570/5280/972
f 1549/5263/986 1550/5262/869 1571/5283/860 1572/5282/973
f 1576/5284/939 1575/5244/878 1574/5255/877 1573/5285/868
f 1578/5286/959 1577/5245/879 1575/5244/878 1576/5284/939
f 1580/5287/955 1579/5246/880 1577/5245/879 1578/5286/959
f 1582/5288/954 1581/5247/881 1579/5246/880 1580/5287/955
f 1584/5289/907 1583/5248/870 1581/5247/881 1582/5288/954
f 1586/5290/837 1585/5249/871 1583/5248/870 1584/5289/907
f 1588/5291/858 1587/5250/872 1585/5249/871 1586/5290/837
f 1590/5292/857 1589/5251/873 1587/5250/872 1588/5291/858
f 1592/5293/957 1591/5252/874 1589/5251/873 1590/5292/857
f 1594/5294/862 1593/5253/875 1591/5252/874 1592/5293/957
f 1596/5295/861 1595/5254/876 1593/5253/875 1594/5294/862
f 1573/5285/868 1574/5255/877 1595/5254/876 1596/5295/861
f 1552/5260/962 1549/5263/986 1572/5282/973 1570/5280/972 1568/5278/971 1566/5276/970 1564/5274/969 1562/5272/968 1560/5270/967 1558/5268/966 1556/5266/965 1554/5264/964
f 1406/5014/928 1407/5036/936 1432/5037/937 1429/5015/929
f 1603/5296/987 1605/5297/988 1630/5298/989 1628/5299/990
f 1617/5300/813 1619/5301/926 1644/5302/927 1642/5303/812
f 1611/5304/811 1613/5305/808 1638/5306/809 1636/5307/810
f 1605/5297/988 1607/5308/804 1632/5309/805 1630/5298/989
f 1619/5301/926 1598/5310/932 1621/5311/933 1644/5302/927
f 1613/5305/808 1615/5312/991 1640/5313/992 1638/5306/809
f 1607/5308/804 1609/5314/928 1634/5315/929 1632/5309/805
f 1623/5316/831 1625/5317/820 1627/5318/821 1629/5319/822 1631/5320/823 1633/5321/824 1635/5322/825 1637/5323/826 1639/5324/827 1641/5325/828 1643/5326/829 1622/5327/830
f 1601/5328/993 1603/5329/987 1628/5330/990 1626/5331/994
f 1615/5312/991 1617/5300/813 1642/5303/812 1640/5313/992
f 1609/5314/928 1611/5304/811 1636/5307/810 1634/5315/929
f 1599/5332/995 1601/5328/993 1626/5331/994 1624/5333/996
f 1646/5334/913 1647/5335/960 1672/5336/961 1669/5337/912
f 1600/5338/947 1599/5339/995 1598/5340/932 1597/5341/997
f 1602/5342/948 1601/5343/993 1599/5339/995 1600/5338/947
f 1604/5344/949 1603/5345/987 1601/5343/993 1602/5342/948
f 1606/5346/950 1605/5347/988 1603/5345/987 1604/5344/949
f 1608/5348/951 1607/5349/804 1605/5347/988 1606/5346/950
f 1610/5350/998 1609/5351/928 1607/5349/804 1608/5348/951
f 1612/5352/940 1611/5353/811 1609/5351/928 1610/5350/998
f 1614/5354/942 1613/5355/808 1611/5353/811 1612/5352/940
f 1616/5356/943 1615/5357/991 1613/5355/808 1614/5354/942
f 1618/5358/944 1617/5359/813 1615/5357/991 1616/5356/943
f 1620/5360/945 1619/5361/926 1617/5359/813 1618/5358/944
f 1597/5341/997 1598/5340/932 1619/5361/926 1620/5360/945
f 1624/5362/996 1623/5316/831 1622/5327/830 1621/5363/933
f 1626/5364/994 1625/5317/820 1623/5316/831 1624/5362/996
f 1628/5365/990 1627/5318/821 1625/5317/820 1626/5364/994
f 1630/5366/989 1629/5319/822 1627/5318/821 1628/5365/990
f 1632/5367/805 1631/5320/823 1629/5319/822 1630/5366/989
f 1634/5368/929 1633/5321/824 1631/5320/823 1632/5367/805
f 1636/5369/810 1635/5322/825 1633/5321/824 1634/5368/929
f 1638/5370/809 1637/5323/826 1635/5322/825 1636/5369/810
f 1640/5371/992 1639/5324/827 1637/5323/826 1638/5370/809
f 1642/5372/812 1641/5325/828 1639/5324/827 1640/5371/992
f 1644/5373/927 1643/5326/829 1641/5325/828 1642/5372/812
f 1621/5363/933 1622/5327/830 1643/5326/829 1644/5373/927
f 1600/5338/947 1597/5341/997 1620/5360/945 1618/5358/944 1616/5356/943 1614/5354/942 1612/5352/940 1610/5350/998 1608/5348/951 1606/5346/950 1604/5344/949 1602/5342/948
f 1651/5374/974 1653/5375/975 1678/5376/976 1676/5377/977
f 1665/5378/909 1667/5379/906 1692/5380/907 1690/5381/908
f 1659/5382/865 1661/5383/904 1686/5384/905 1684/5385/864
f 1653/5375/975 1655/5386/860 1680/5387/861 1678/5376/976
f 1667/5379/906 1646/5334/913 1669/5337/912 1692/5380/907
f 1661/5383/904 1663/5388/978 1688/5389/979 1686/5384/905
f 1655/5386/860 1657/5390/884 1682/5391/885 1680/5387/861
f 1671/5392/872 1673/5393/873 1675/5394/874 1677/5395/875 1679/5396/876 1681/5397/877 1683/5398/878 1685/5399/879 1687/5400/880 1689/5401/881 1691/5402/870 1670/5403/871
f 1649/5404/980 1651/5405/974 1676/5406/977 1674/5407/981
f 1663/5388/978 1665/5378/909 1690/5381/908 1688/5389/979
f 1657/5390/884 1659/5382/865 1684/5385/864 1682/5391/885
f 1647/5335/960 1649/5404/980 1674/5407/981 1672/5336/961
f 1694/5408/869 1695/5409/938 1720/5410/939 1717/5411/868
f 1648/5412/969 1647/5413/960 1646/5414/913 1645/5415/999
f 1650/5416/970 1649/5417/980 1647/5413/960 1648/5412/969
f 1652/5418/983 1651/5419/974 1649/5417/980 1650/5416/970
f 1654/5420/972 1653/5421/975 1651/5419/974 1652/5418/983
f 1656/5422/973 1655/5423/860 1653/5421/975 1654/5420/972
f 1658/5424/984 1657/5425/884 1655/5423/860 1656/5422/973
f 1660/5426/962 1659/5427/865 1657/5425/884 1658/5424/984
f 1662/5428/964 1661/5429/904 1659/5427/865 1660/5426/962
f 1664/5430/985 1663/5431/978 1661/5429/904 1662/5428/964
f 1666/5432/966 1665/5433/909 1663/5431/978 1664/5430/985
f 1668/5434/967 1667/5435/906 1665/5433/909 1666/5432/966
f 1645/5415/999 1646/5414/913 1667/5435/906 1668/5434/967
f 1672/5436/961 1671/5392/872 1670/5403/871 1669/5437/912
f 1674/5438/981 1673/5393/873 1671/5392/872 1672/5436/961
f 1676/5439/977 1675/5394/874 1673/5393/873 1674/5438/981
f 1678/5440/976 1677/5395/875 1675/5394/874 1676/5439/977
f 1680/5441/861 1679/5396/876 1677/5395/875 1678/5440/976
f 1682/5442/885 1681/5397/877 1679/5396/876 1680/5441/861
f 1684/5443/864 1683/5398/878 1681/5397/877 1682/5442/885
f 1686/5444/905 1685/5399/879 1683/5398/878 1684/5443/864
f 1688/5445/979 1687/5400/880 1685/5399/879 1686/5444/905
f 1690/5446/908 1689/5401/881 1687/5400/880 1688/5445/979
f 1692/5447/907 1691/5402/870 1689/5401/881 1690/5446/908
f 1669/5437/912 1670/5403/871 1691/5402/870 1692/5447/907
f 1648/5412/969 1645/5415/999 1668/5434/967 1666/5432/966 1664/5430/985 1662/5428/964 1660/5426/962 1658/5424/984 1656/5422/973 1654/5420/972 1652/5418/983 1650/5416/970
f 1699/5448/952 1701/5449/953 1726/5450/954 1724/5451/955
f 1713/5452/863 1715/5453/860 1740/5454/861 1738/5455/862
f 1707/5456/859 1709/5457/856 1734/5458/857 1732/5459/858
f 1701/5449/953 1703/5460/906 1728/5461/907 1726/5450/954
f 1715/5453/860 1694/5408/869 1717/5411/868 1740/5454/861
f 1709/5457/856 1711/5462/956 1736/5463/957 1734/5458/857
f 1703/5460/906 1705/5464/836 1730/5465/837 1728/5461/907
f 1719/5466/878 1721/5467/879 1723/5468/880 1725/5469/881 1727/5470/870 1729/5471/871 1731/5472/872 1733/5473/873 1735/5474/874 1737/5475/875 1739/5476/876 1718/5477/877
f 1697/5478/958 1699/5479/952 1724/5480/955 1722/5481/959
f 1711/5462/956 1713/5452/863 1738/5455/862 1736/5463/957
f 1705/5464/836 1707/5456/859 1732/5459/858 1730/5465/837
f 1695/5409/938 1697/5478/958 1722/5481/959 1720/5410/939
f 1742/5482/913 1743/5483/960 1768/5484/961 1765/5485/912
f 1696/5486/962 1695/5487/938 1694/5488/869 1693/5489/1000
f 1698/5490/964 1697/5491/958 1695/5487/938 1696/5486/962
f 1700/5492/965 1699/5493/952 1697/5491/958 1698/5490/964
f 1702/5494/966 1701/5495/953 1699/5493/952 1700/5492/965
f 1704/5496/967 1703/5497/906 1701/5495/953 1702/5494/966
f 1706/5498/968 1705/5499/836 1703/5497/906 1704/5496/967
f 1708/5500/969 1707/5501/859 1705/5499/836 1706/5498/968
f 1710/5502/970 1709/5503/856 1707/5501/859 1708/5500/969
f 1712/5504/971 1711/5505/956 1709/5503/856 1710/5502/970
f 1714/5506/972 1713/5507/863 1711/5505/956 1712/5504/971
f 1716/5508/973 1715/5509/860 1713/5507/863 1714/5506/972
f 1693/5489/1000 1694/5488/869 1715/5509/860 1716/5508/973
f 1720/5510/939 1719/5466/878 1718/5477/877 1717/5511/868
f 1722/5512/959 1721/5467/879 1719/5466/878 1720/5510/939
f 1724/5513/955 1723/5468/880 1721/5467/879 1722/5512/959
f 1726/5514/954 1725/5469/881 1723/5468/880 1724/5513/955
f 1728/5515/907 1727/5470/870 1725/5469/881 1726/5514/954
f 1730/5516/837 1729/5471/871 1727/5470/870 1728/5515/907
f 1732/5517/858 1731/5472/872 1729/5471/871 1730/5516/837
f 1734/5518/857 1733/5473/873 1731/5472/872 1732/5517/858
f 1736/5519/957 1735/5474/874 1733/5473/873 1734/5518/857
f 1738/5520/862 1737/5475/875 1735/5474/874 1736/5519/957
f 1740/5521/861 1739/5476/876 1737/5475/875 1738/5520/862
f 1717/5511/868 1718/5477/877 1739/5476/876 1740/5521/861
f 1696/5486/962 1693/5489/1000 1716/5508/973 1714/5506/972 1712/5504/971 1710/5502/970 1708/5500/969 1706/5498/968 1704/5496/967 1702/5494/966 1700/5492/965 1698/5490/964
f 1747/5522/974 1749/5523/975 1774/5524/976 1772/5525/977
f 1761/5526/909 1763/5527/906 1788/5528/907 1786/5529/908
f 1755/5530/865 1757/5531/904 1782/5532/905 1780/5533/864
f 1749/5523/975 1751/5534/860 1776/5535/861 1774/5524/976
f 1763/5527/906 1742/5482/913 1765/5485/912 1788/5528/907
f 1757/5531/904 1759/5536/978 1784/5537/979 1782/5532/905
f 1751/5534/860 1753/5538/884 1778/5539/885 1776/5535/861
f 1767/5540/872 1769/5541/873 1771/5542/874 1773/5543/875 1775/5544/876 1777/5545/877 1779/5546/878 1781/5547/879 1783/5548/880 1785/5549/881 1787/5550/870 1766/5551/871
f 1745/5552/980 1747/5553/974 1772/5554/977 1770/5555/981
f 1759/5536/978 1761/5526/909 1786/5529/908 1784/5537/979
f 1753/5538/884 1755/5530/865 1780/5533/864 1778/5539/885
f 1743/5483/960 1745/5552/980 1770/5555/981 1768/5484/961
f 1744/5556/969 1743/5557/960 1742/5558/913 1741/5559/1001
f 1746/5560/970 1745/5561/980 1743/5557/960 1744/5556/969
f 1748/5562/983 1747/5563/974 1745/5561/980 1746/5560/970
f 1750/5564/972 1749/5565/975 1747/5563/974 1748/5562/983
f 1752/5566/973 1751/5567/860 1749/5565/975 1750/5564/972
f 1754/5568/984 1753/5569/884 1751/5567/860 1752/5566/973
f 1756/5570/962 1755/5571/865 1753/5569/884 1754/5568/984
f 1758/5572/964 1757/5573/904 1755/5571/865 1756/5570/962
f 1760/5574/985 1759/5575/978 1757/5573/904 1758/5572/964
f 1762/5576/966 1761/5577/909 1759/5575/978 1760/5574/985
f 1764/5578/967 1763/5579/906 1761/5577/909 1762/5576/966
f 1741/5559/1001 1742/5558/913 1763/5579/906 1764/5578/967
f 1768/5580/961 1767/5540/872 1766/5551/871 1765/5581/912
f 1770/5582/981 1769/5541/873 1767/5540/872 1768/5580/961
f 1772/5583/977 1771/5542/874 1769/5541/873 1770/5582/981
f 1774/5584/976 1773/5543/875 1771/5542/874 1772/5583/977
f 1776/5585/861 1775/5544/876 1773/5543/875 1774/5584/976
f 1778/5586/885 1777/5545/877 1775/5544/876 1776/5585/861
f 1780/5587/864 1779/5546/878 1777/5545/877 1778/5586/885
f 1782/5588/905 1781/5547/879 1779/5546/878 1780/5587/864
f 1784/5589/979 1783/5548/880 1781/5547/879 1782/5588/905
f 1786/5590/908 1785/5549/881 1783/5548/880 1784/5589/979
f 1788/5591/907 1787/5550/870 1785/5549/881 1786/5590/908
f 1765/5581/912 1766/5551/871 1787/5550/870 1788/5591/907
f 1744/5556/969 1741/5559/1001 1764/5578/967 1762/5576/966 1760/5574/985 1758/5572/964 1756/5570/962 1754/5568/984 1752/5566/973 1750/5564/972 1748/5562/983 1746/5560/970
f 1598/5310/932 1599/5332/995 1624/5333/996 1621/5311/933
f 1795/5592/1002 1820/5593/1003 1822/5594/1004 1797/5595/1005
f 1809/5596/926 1834/5597/927 1836/5598/812 1811/5599/813
f 1803/5600/923 1828/5601/924 1830/5602/925 1805/5603/922
f 1797/5595/1005 1822/5594/1004 1824/5604/806 1799/5605/807
f 1811/5599/813 1836/5598/812 1813/5606/818 1790/5607/819
f 1805/5603/922 1830/5602/925 1832/5608/1006 1807/5609/1007
f 1799/5605/807 1824/5604/806 1826/5610/814 1801/5611/815
f 1815/5612/826 1814/5613/827 1835/5614/828 1833/5615/829 1831/5616/830 1829/5617/831 1827/5618/820 1825/5619/821 1823/5620/822 1821/5621/823 1819/5622/824 1817/5623/825
f 1793/5624/1008 1818/5625/1009 1820/5626/1003 1795/5627/1002
f 1807/5609/1007 1832/5608/1006 1834/5597/927 1809/5596/926
f 1801/5611/815 1826/5610/814 1828/5601/924 1803/5600/923
f 1791/5628/1010 1816/5629/1011 1818/5625/1009 1793/5624/1008
f 1838/5630/884 1861/5631/885 1864/5632/886 1839/5633/887
f 1792/5634/847 1789/5635/1012 1790/5636/819 1791/5637/1010
f 1794/5638/848 1792/5634/847 1791/5637/1010 1793/5639/1008
f 1796/5640/849 1794/5638/848 1793/5639/1008 1795/5641/1002
f 1798/5642/850 1796/5640/849 1795/5641/1002 1797/5643/1005
f 1800/5644/851 1798/5642/850 1797/5643/1005 1799/5645/807
f 1802/5646/1013 1800/5644/851 1799/5645/807 1801/5647/815
f 1804/5648/840 1802/5646/1013 1801/5647/815 1803/5649/923
f 1806/5650/842 1804/5648/840 1803/5649/923 1805/5651/922
f 1808/5652/843 1806/5650/842 1805/5651/922 1807/5653/1007
f 1810/5654/844 1808/5652/843 1807/5653/1007 1809/5655/926
f 1812/5656/845 1810/5654/844 1809/5655/926 1811/5657/813
f 1789/5635/1012 1812/5656/845 1811/5657/813 1790/5636/819
f 1816/5658/1011 1813/5659/818 1814/5613/827 1815/5612/826
f 1818/5660/1009 1816/5658/1011 1815/5612/826 1817/5623/825
f 1820/5661/1003 1818/5660/1009 1817/5623/825 1819/5622/824
f 1822/5662/1004 1820/5661/1003 1819/5622/824 1821/5621/823
f 1824/5663/806 1822/5662/1004 1821/5621/823 1823/5620/822
f 1826/5664/814 1824/5663/806 1823/5620/822 1825/5619/821
f 1828/5665/924 1826/5664/814 1825/5619/821 1827/5618/820
f 1830/5666/925 1828/5665/924 1827/5618/820 1829/5617/831
f 1832/5667/1006 1830/5666/925 1829/5617/831 1831/5616/830
f 1834/5668/927 1832/5667/1006 1831/5616/830 1833/5615/829
f 1836/5669/812 1834/5668/927 1833/5615/829 1835/5614/828
f 1813/5659/818 1836/5669/812 1835/5614/828 1814/5613/827
f 1792/5634/847 1794/5638/848 1796/5640/849 1798/5642/850 1800/5644/851 1802/5646/1013 1804/5648/840 1806/5650/842 1808/5652/843 1810/5654/844 1812/5656/845 1789/5635/1012
f 1843/5670/900 1868/5671/901 1870/5672/902 1845/5673/903
f 1857/5674/904 1882/5675/905 1884/5676/864 1859/5677/865
f 1851/5678/906 1876/5679/907 1878/5680/908 1853/5681/909
f 1845/5673/903 1870/5672/902 1872/5682/858 1847/5683/859
f 1859/5677/865 1884/5676/864 1861/5631/885 1838/5630/884
f 1853/5681/909 1878/5680/908 1880/5684/910 1855/5685/911
f 1847/5683/859 1872/5682/858 1874/5686/912 1849/5687/913
f 1863/5688/876 1862/5689/877 1883/5690/878 1881/5691/879 1879/5692/880 1877/5693/881 1875/5694/870 1873/5695/871 1871/5696/872 1869/5697/873 1867/5698/874 1865/5699/875
f 1841/5700/914 1866/5701/915 1868/5702/901 1843/5703/900
f 1855/5685/911 1880/5684/910 1882/5675/905 1857/5674/904
f 1849/5687/913 1874/5686/912 1876/5679/907 1851/5678/906
f 1839/5633/887 1864/5632/886 1866/5701/915 1841/5700/914
f 1886/5704/836 1909/5705/837 1912/5706/838 1887/5707/839
f 1840/5708/895 1837/5709/916 1838/5710/884 1839/5711/887
f 1842/5712/896 1840/5708/895 1839/5711/887 1841/5713/914
f 1844/5714/897 1842/5712/896 1841/5713/914 1843/5715/900
f 1846/5716/898 1844/5714/897 1843/5715/900 1845/5717/903
f 1848/5718/899 1846/5716/898 1845/5717/903 1847/5719/859
f 1850/5720/917 1848/5718/899 1847/5719/859 1849/5721/913
f 1852/5722/888 1850/5720/917 1849/5721/913 1851/5723/906
f 1854/5724/890 1852/5722/888 1851/5723/906 1853/5725/909
f 1856/5726/891 1854/5724/890 1853/5725/909 1855/5727/911
f 1858/5728/892 1856/5726/891 1855/5727/911 1857/5729/904
f 1860/5730/893 1858/5728/892 1857/5729/904 1859/5731/865
f 1837/5709/916 1860/5730/893 1859/5731/865 1838/5710/884
f 1864/5732/886 1861/5733/885 1862/5689/877 1863/5688/876
f 1866/5734/915 1864/5732/886 1863/5688/876 1865/5699/875
f 1868/5735/901 1866/5734/915 1865/5699/875 1867/5698/874
f 1870/5736/902 1868/5735/901 1867/5698/874 1869/5697/873
f 1872/5737/858 1870/5736/902 1869/5697/873 1871/5696/872
f 1874/5738/912 1872/5737/858 1871/5696/872 1873/5695/871
f 1876/5739/907 1874/5738/912 1873/5695/871 1875/5694/870
f 1878/5740/908 1876/5739/907 1875/5694/870 1877/5693/881
f 1880/5741/910 1878/5740/908 1877/5693/881 1879/5692/880
f 1882/5742/905 1880/5741/910 1879/5692/880 1881/5691/879
f 1884/5743/864 1882/5742/905 1881/5691/879 1883/5690/878
f 1861/5733/885 1884/5743/864 1883/5690/878 1862/5689/877
f 1840/5708/895 1842/5712/896 1844/5714/897 1846/5716/898 1848/5718/899 1850/5720/917 1852/5722/888 1854/5724/890 1856/5726/891 1858/5728/892 1860/5730/893 1837/5709/916
f 1891/5744/852 1916/5745/853 1918/5746/854 1893/5747/855
f 1905/5748/856 1930/5749/857 1932/5750/858 1907/5751/859
f 1899/5752/860 1924/5753/861 1926/5754/862 1901/5755/863
f 1893/5747/855 1918/5746/854 1920/5756/864 1895/5757/865
f 1907/5751/859 1932/5750/858 1909/5705/837 1886/5704/836
f 1901/5755/863 1926/5754/862 1928/5758/866 1903/5759/867
f 1895/5757/865 1920/5756/864 1922/5760/868 1897/5761/869
f 1911/5762/870 1910/5763/871 1931/5764/872 1929/5765/873 1927/5766/874 1925/5767/875 1923/5768/876 1921/5769/877 1919/5770/878 1917/5771/879 1915/5772/880 1913/5773/881
f 1889/5774/882 1914/5775/883 1916/5776/853 1891/5777/852
f 1903/5759/867 1928/5758/866 1930/5749/857 1905/5748/856
f 1897/5761/869 1922/5760/868 1924/5753/861 1899/5752/860
f 1887/5707/839 1912/5706/838 1914/5775/883 1889/5774/882
f 1934/5778/884 1957/5779/885 1960/5780/886 1935/5781/887
f 1888/5782/888 1885/5783/889 1886/5784/836 1887/5785/839
f 1890/5786/890 1888/5782/888 1887/5785/839 1889/5787/882
f 1892/5788/891 1890/5786/890 1889/5787/882 1891/5789/852
f 1894/5790/892 1892/5788/891 1891/5789/852 1893/5791/855
f 1896/5792/893 1894/5790/892 1893/5791/855 1895/5793/865
f 1898/5794/894 1896/5792/893 1895/5793/865 1897/5795/869
f 1900/5796/895 1898/5794/894 1897/5795/869 1899/5797/860
f 1902/5798/896 1900/5796/895 1899/5797/860 1901/5799/863
f 1904/5800/897 1902/5798/896 1901/5799/863 1903/5801/867
f 1906/5802/898 1904/5800/897 1903/5801/867 1905/5803/856
f 1908/5804/899 1906/5802/898 1905/5803/856 1907/5805/859
f 1885/5783/889 1908/5804/899 1907/5805/859 1886/5784/836
f 1912/5806/838 1909/5807/837 1910/5763/871 1911/5762/870
f 1914/5808/883 1912/5806/838 1911/5762/870 1913/5773/881
f 1916/5809/853 1914/5808/883 1913/5773/881 1915/5772/880
f 1918/5810/854 1916/5809/853 1915/5772/880 1917/5771/879
f 1920/5811/864 1918/5810/854 1917/5771/879 1919/5770/878
f 1922/5812/868 1920/5811/864 1919/5770/878 1921/5769/877
f 1924/5813/861 1922/5812/868 1921/5769/877 1923/5768/876
f 1926/5814/862 1924/5813/861 1923/5768/876 1925/5767/875
f 1928/5815/866 1926/5814/862 1925/5767/875 1927/5766/874
f 1930/5816/857 1928/5815/866 1927/5766/874 1929/5765/873
f 1932/5817/858 1930/5816/857 1929/5765/873 1931/5764/872
f 1909/5807/837 1932/5817/858 1931/5764/872 1910/5763/871
f 1888/5782/888 1890/5786/890 1892/5788/891 1894/5790/892 1896/5792/893 1898/5794/894 1900/5796/895 1902/5798/896 1904/5800/897 1906/5802/898 1908/5804/899 1885/5783/889
f 1939/5818/900 1964/5819/901 1966/5820/902 1941/5821/903
f 1953/5822/904 1978/5823/905 1980/5824/864 1955/5825/865
f 1947/5826/906 1972/5827/907 1974/5828/908 1949/5829/909
f 1941/5821/903 1966/5820/902 1968/5830/858 1943/5831/859
f 1955/5825/865 1980/5824/864 1957/5779/885 1934/5778/884
f 1949/5829/909 1974/5828/908 1976/5832/910 1951/5833/911
f 1943/5831/859 1968/5830/858 1970/5834/912 1945/5835/913
f 1959/5836/876 1958/5837/877 1979/5838/878 1977/5839/879 1975/5840/880 1973/5841/881 1971/5842/870 1969/5843/871 1967/5844/872 1965/5845/873 1963/5846/874 1961/5847/875
f 1937/5848/914 1962/5849/915 1964/5850/901 1939/5851/900
f 1951/5833/911 1976/5832/910 1978/5823/905 1953/5822/904
f 1945/5835/913 1970/5834/912 1972/5827/907 1947/5826/906
f 1935/5781/887 1960/5780/886 1962/5849/915 1937/5848/914
f 1936/5852/895 1933/5853/916 1934/5854/884 1935/5855/887
f 1938/5856/896 1936/5852/895 1935/5855/887 1937/5857/914
f 1940/5858/897 1938/5856/896 1937/5857/914 1939/5859/900
f 1942/5860/898 1940/5858/897 1939/5859/900 1941/5861/903
f 1944/5862/899 1942/5860/898 1941/5861/903 1943/5863/859
f 1946/5864/917 1944/5862/899 1943/5863/859 1945/5865/913
f 1948/5866/888 1946/5864/917 1945/5865/913 1947/5867/906
f 1950/5868/890 1948/5866/888 1947/5867/906 1949/5869/909
f 1952/5870/891 1950/5868/890 1949/5869/909 1951/5871/911
f 1954/5872/892 1952/5870/891 1951/5871/911 1953/5873/904
f 1956/5874/893 1954/5872/892 1953/5873/904 1955/5875/865
f 1933/5853/916 1956/5874/893 1955/5875/865 1934/5854/884
f 1960/5876/886 1957/5877/885 1958/5837/877 1959/5836/876
f 1962/5878/915 1960/5876/886 1959/5836/876 1961/5847/875
f 1964/5879/901 1962/5878/915 1961/5847/875 1963/5846/874
f 1966/5880/902 1964/5879/901 1963/5846/874 1965/5845/873
f 1968/5881/858 1966/5880/902 1965/5845/873 1967/5844/872
f 1970/5882/912 1968/5881/858 1967/5844/872 1969/5843/871
f 1972/5883/907 1970/5882/912 1969/5843/871 1971/5842/870
f 1974/5884/908 1972/5883/907 1971/5842/870 1973/5841/881
f 1976/5885/910 1974/5884/908 1973/5841/881 1975/5840/880
f 1978/5886/905 1976/5885/910 1975/5840/880 1977/5839/879
f 1980/5887/864 1978/5886/905 1977/5839/879 1979/5838/878
f 1957/5877/885 1980/5887/864 1979/5838/878 1958/5837/877
f 1936/5852/895 1938/5856/896 1940/5858/897 1942/5860/898 1944/5862/899 1946/5864/917 1948/5866/888 1950/5868/890 1952/5870/891 1954/5872/892 1956/5874/893 1933/5853/916
f 1790/5607/819 1813/5606/818 1816/5629/1011 1791/5628/1010
f 1987/5888/1014 2032/5889/1015 2033/5890/1016 1989/5891/1017
f 2001/5892/1018 2039/5893/1019 2040/5894/1020 2003/5895/1021
f 1995/5896/1022 2036/5897/1023 2037/5898/1024 1997/5899/1025
f 1989/5891/1017 2033/5890/1016 2034/5900/1026 1991/5901/1027
f 2003/5895/1021 2040/5894/1020 2029/5902/1028 1982/5903/1029
f 1997/5899/1025 2037/5898/1024 2038/5904/1030 1999/5905/1031
f 1991/5901/1027 2034/5900/1026 2035/5906/1032 1993/5907/1033
f 1985/5908/1034 2031/5909/1035 2032/5910/1015 1987/5911/1014
f 1999/5905/1031 2038/5904/1030 2039/5893/1019 2001/5892/1018
f 1993/5907/1033 2035/5906/1032 2036/5897/1023 1995/5896/1022
f 1983/5912/1036 2030/5913/1037 2031/5909/1035 1985/5908/1034
f 1984/5914/1038 1981/5915/1039 1982/5916/1029 1983/5917/1036
f 1986/5918/1040 1984/5914/1038 1983/5917/1036 1985/5919/1034
f 1988/5920/1041 1986/5918/1040 1985/5919/1034 1987/5921/1014
f 1990/5922/1042 1988/5920/1041 1987/5921/1014 1989/5923/1017
f 1992/5924/1043 1990/5922/1042 1989/5923/1017 1991/5925/1027
f 1994/5926/1044 1992/5924/1043 1991/5925/1027 1993/5927/1033
f 1996/5928/1045 1994/5926/1044 1993/5927/1033 1995/5929/1022
f 1998/5930/1046 1996/5928/1045 1995/5929/1022 1997/5931/1025
f 2000/5932/1047 1998/5930/1046 1997/5931/1025 1999/5933/1031
f 2002/5934/1048 2000/5932/1047 1999/5933/1031 2001/5935/1018
f 2004/5936/1049 2002/5934/1048 2001/5935/1018 2003/5937/1021
f 1981/5915/1039 2004/5936/1049 2003/5937/1021 1982/5916/1029
f 1984/5914/1038 1986/5918/1040 1988/5920/1041 1990/5922/1042 1992/5924/1043 1994/5926/1044 1996/5928/1045 1998/5930/1046 2000/5932/1047 2002/5934/1048 2004/5936/1049 1981/5915/1039
f 1982/5903/1029 2029/5902/1028 2030/5913/1037 1983/5912/1036
f 2011/5938/1050 2013/5939/1051 2033/5890/1016 2032/5889/1015
f 2025/5940/1052 2027/5941/1053 2040/5894/1020 2039/5893/1019
f 2019/5942/1054 2021/5943/1055 2037/5898/1024 2036/5897/1023
f 2013/5939/1051 2015/5944/1056 2034/5900/1026 2033/5890/1016
f 2027/5941/1053 2006/5945/1057 2029/5902/1028 2040/5894/1020
f 2021/5943/1055 2023/5946/1058 2038/5904/1030 2037/5898/1024
f 2015/5944/1056 2017/5947/1059 2035/5906/1032 2034/5900/1026
f 2009/5948/1060 2011/5949/1050 2032/5910/1015 2031/5909/1035
f 2023/5946/1058 2025/5940/1052 2039/5893/1019 2038/5904/1030
f 2017/5947/1059 2019/5942/1054 2036/5897/1023 2035/5906/1032
f 2007/5950/1061 2009/5948/1060 2031/5909/1035 2030/5913/1037
f 2008/5951/1062 2007/5952/1061 2006/5953/1057 2005/5954/417
f 2010/5955/1063 2009/5956/1060 2007/5952/1061 2008/5951/1062
f 2012/5957/374 2011/5958/1050 2009/5956/1060 2010/5955/1063
f 2014/5959/375 2013/5960/1051 2011/5958/1050 2012/5957/374
f 2016/5961/376 2015/5962/1056 2013/5960/1051 2014/5959/375
f 2018/5963/1064 2017/5964/1059 2015/5962/1056 2016/5961/376
f 2020/5965/365 2019/5966/1054 2017/5964/1059 2018/5963/1064
f 2022/5967/1065 2021/5968/1055 2019/5966/1054 2020/5965/365
f 2024/5969/368 2023/5970/1058 2021/5968/1055 2022/5967/1065
f 2026/5971/369 2025/5972/1052 2023/5970/1058 2024/5969/368
f 2028/5973/1066 2027/5974/1053 2025/5972/1052 2026/5971/369
f 2005/5954/417 2006/5953/1057 2027/5974/1053 2028/5973/1066
f 2008/5951/1062 2005/5954/417 2028/5973/1066 2026/5971/369 2024/5969/368 2022/5967/1065 2020/5965/365 2018/5963/1064 2016/5961/376 2014/5959/375 2012/5957/374 2010/5955/1063
f 2006/5945/1057 2007/5950/1061 2030/5913/1037 2029/5902/1028
f 2047/5975/1067 2092/5976/1068 2093/5977/1069 2049/5978/1070
f 2061/5979/1071 2099/5980/1072 2100/5981/1073 2063/5982/1074
f 2055/5983/1075 2096/5984/1076 2097/5985/1077 2057/5986/1078
f 2049/5978/1070 2093/5977/1069 2094/5987/1079 2051/5988/1080
f 2063/5982/1074 2100/5981/1073 2089/5989/1081 2042/5990/1082
f 2057/5986/1078 2097/5985/1077 2098/5991/1083 2059/5992/1084
f 2051/5988/1080 2094/5987/1079 2095/5993/1085 2053/5994/1086
f 2045/5995/1087 2091/5996/1088 2092/5997/1068 2047/5998/1067
f 2059/5992/1084 2098/5991/1083 2099/5980/1072 2061/5979/1071
f 2053/5994/1086 2095/5993/1085 2096/5984/1076 2055/5983/1075
f 2043/5999/1089 2090/6000/1090 2091/5996/1088 2045/5995/1087
f 2044/6001/1091 2041/6002/1092 2042/6003/1082 2043/6004/1089
f 2046/6005/1093 2044/6001/1091 2043/6004/1089 2045/6006/1087
f 2048/6007/1041 2046/6005/1093 2045/6006/1087 2047/6008/1067
f 2050/6009/1094 2048/6007/1041 2047/6008/1067 2049/6010/1070
f 2052/6011/1095 2050/6009/1094 2049/6010/1070 2051/6012/1080
f 2054/6013/1044 2052/6011/1095 2051/6012/1080 2053/6014/1086
f 2056/6015/1096 2054/6013/1044 2053/6014/1086 2055/6016/1075
f 2058/6017/1097 2056/6015/1096 2055/6016/1075 2057/6018/1078
f 2060/6019/1098 2058/6017/1097 2057/6018/1078 2059/6020/1084
f 2062/6021/1099 2060/6019/1098 2059/6020/1084 2061/6022/1071
f 2064/6023/1100 2062/6021/1099 2061/6022/1071 2063/6024/1074
f 2041/6002/1092 2064/6023/1100 2063/6024/1074 2042/6003/1082
f 2044/6001/1091 2046/6005/1093 2048/6007/1041 2050/6009/1094 2052/6011/1095 2054/6013/1044 2056/6015/1096 2058/6017/1097 2060/6019/1098 2062/6021/1099 2064/6023/1100 2041/6002/1092
f 2042/5990/1082 2089/5989/1081 2090/6000/1090 2043/5999/1089
f 2071/6025/1101 2073/6026/1102 2093/5977/1069 2092/5976/1068
f 2085/6027/354 2087/6028/1103 2100/5981/1073 2099/5980/1072
f 2079/6029/1104 2081/6030/1105 2097/5985/1077 2096/5984/1076
f 2073/6026/1102 2075/6031/1106 2094/5987/1079 2093/5977/1069
f 2087/6028/1103 2066/6032/1107 2089/5989/1081 2100/5981/1073
f 2081/6030/1105 2083/6033/1108 2098/5991/1083 2097/5985/1077
f 2075/6031/1106 2077/6034/1109 2095/5993/1085 2094/5987/1079
f 2069/6035/1110 2071/6036/1101 2092/5997/1068 2091/5996/1088
f 2083/6033/1108 2085/6027/354 2099/5980/1072 2098/5991/1083
f 2077/6034/1109 2079/6029/1104 2096/5984/1076 2095/5993/1085
f 2067/6037/1111 2069/6035/1110 2091/5996/1088 2090/6000/1090
f 2068/6038/1062 2067/6039/1111 2066/6040/1107 2065/6041/417
f 2070/6042/1063 2069/6043/1110 2067/6039/1111 2068/6038/1062
f 2072/6044/374 2071/6045/1101 2069/6043/1110 2070/6042/1063
f 2074/6046/375 2073/6047/1102 2071/6045/1101 2072/6044/374
f 2076/6048/376 2075/6049/1106 2073/6047/1102 2074/6046/375
f 2078/6050/366 2077/6051/1109 2075/6049/1106 2076/6048/376
f 2080/6052/365 2079/6053/1104 2077/6051/1109 2078/6050/366
f 2082/6054/1112 2081/6055/1105 2079/6053/1104 2080/6052/365
f 2084/6056/368 2083/6057/1108 2081/6055/1105 2082/6054/1112
f 2086/6058/369 2085/6059/354 2083/6057/1108 2084/6056/368
f 2088/6060/1113 2087/6061/1103 2085/6059/354 2086/6058/369
f 2065/6041/417 2066/6040/1107 2087/6061/1103 2088/6060/1113
f 2068/6038/1062 2065/6041/417 2088/6060/1113 2086/6058/369 2084/6056/368 2082/6054/1112 2080/6052/365 2078/6050/366 2076/6048/376 2074/6046/375 2072/6044/374 2070/6042/1063
f 2066/6032/1107 2067/6037/1111 2090/6000/1090 2089/5989/1081
f 2107/6062/1114 2152/6063/1115 2153/6064/1116 2109/6065/1117
f 2121/6066/1118 2159/6067/1119 2160/6068/1120 2123/6069/1121
f 2115/6070/1122 2156/6071/1123 2157/6072/1124 2117/6073/1125
f 2109/6065/1117 2153/6064/1116 2154/6074/1126 2111/6075/1127
f 2123/6069/1121 2160/6068/1120 2149/6076/1128 2102/6077/1129
f 2117/6073/1125 2157/6072/1124 2158/6078/1130 2119/6079/1131
f 2111/6075/1127 2154/6074/1126 2155/6080/1132 2113/6081/1133
f 2105/6082/1134 2151/6083/1135 2152/6084/1115 2107/6085/1114
f 2119/6079/1131 2158/6078/1130 2159/6067/1119 2121/6066/1118
f 2113/6081/1133 2155/6080/1132 2156/6071/1123 2115/6070/1122
f 2103/6086/1136 2150/6087/1137 2151/6083/1135 2105/6082/1134
f 2104/6088/1138 2101/6089/1139 2102/6090/1129 2103/6091/1136
f 2106/6092/1140 2104/6088/1138 2103/6091/1136 2105/6093/1134
f 2108/6094/1141 2106/6092/1140 2105/6093/1134 2107/6095/1114
f 2110/6096/1142 2108/6094/1141 2107/6095/1114 2109/6097/1117
f 2112/6098/1143 2110/6096/1142 2109/6097/1117 2111/6099/1127
f 2114/6100/1144 2112/6098/1143 2111/6099/1127 2113/6101/1133
f 2116/6102/1145 2114/6100/1144 2113/6101/1133 2115/6103/1122
f 2118/6104/1146 2116/6102/1145 2115/6103/1122 2117/6105/1125
f 2120/6106/1147 2118/6104/1146 2117/6105/1125 2119/6107/1131
f 2122/6108/1148 2120/6106/1147 2119/6107/1131 2121/6109/1118
f 2124/6110/1149 2122/6108/1148 2121/6109/1118 2123/6111/1121
f 2101/6089/1139 2124/6110/1149 2123/6111/1121 2102/6090/1129
f 2104/6088/1138 2106/6092/1140 2108/6094/1141 2110/6096/1142 2112/6098/1143 2114/6100/1144 2116/6102/1145 2118/6104/1146 2120/6106/1147 2122/6108/1148 2124/6110/1149 2101/6089/1139
f 2102/6077/1129 2149/6076/1128 2150/6087/1137 2103/6086/1136
f 2131/6112/1150 2133/6113/1151 2153/6064/1116 2152/6063/1115
f 2145/6114/1152 2147/6115/1153 2160/6068/1120 2159/6067/1119
f 2139/6116/1154 2141/6117/1155 2157/6072/1124 2156/6071/1123
f 2133/6113/1151 2135/6118/1156 2154/6074/1126 2153/6064/1116
f 2147/6115/1153 2126/6119/1157 2149/6076/1128 2160/6068/1120
f 2141/6117/1155 2143/6120/1158 2158/6078/1130 2157/6072/1124
f 2135/6118/1156 2137/6121/1159 2155/6080/1132 2154/6074/1126
f 2129/6122/1160 2131/6123/1150 2152/6084/1115 2151/6083/1135
f 2143/6120/1158 2145/6114/1152 2159/6067/1119 2158/6078/1130
f 2137/6121/1159 2139/6116/1154 2156/6071/1123 2155/6080/1132
f 2127/6124/1161 2129/6122/1160 2151/6083/1135 2150/6087/1137
f 2128/6125/1162 2127/6126/1163 2126/6127/1164 2125/6128/1165
f 2130/6129/1166 2129/6130/1167 2127/6126/1163 2128/6125/1162
f 2132/6131/1168 2131/6132/1168 2129/6130/1167 2130/6129/1166
f 2134/6133/1169 2133/6134/1170 2131/6132/1168 2132/6131/1168
f 2136/6135/1171 2135/6136/1172 2133/6134/1170 2134/6133/1169
f 2138/6137/1173 2137/6138/1174 2135/6136/1172 2136/6135/1171
f 2140/6139/1175 2139/6140/1176 2137/6138/1174 2138/6137/1173
f 2142/6141/1177 2141/6142/1178 2139/6140/1176 2140/6139/1175
f 2144/6143/1179 2143/6144/1179 2141/6142/1178 2142/6141/1177
f 2146/6145/1180 2145/6146/1181 2143/6144/1179 2144/6143/1179
f 2148/6147/1182 2147/6148/1183 2145/6146/1181 2146/6145/1180
f 2125/6128/1165 2126/6127/1164 2147/6148/1183 2148/6147/1182
f 2128/6125/8 2125/6128/8 2148/6147/8 2146/6145/8 2144/6143/8 2142/6141/8 2140/6139/8 2138/6137/8 2136/6135/8 2134/6133/8 2132/6131/8 2130/6129/8
f 2126/6119/1157 2127/6124/1161 2150/6087/1137 2149/6076/1128
f 2167/6149/1184 2169/6150/1185 2213/6151/1186 2212/6152/1015
f 2181/6153/1187 2183/6154/1188 2220/6155/1189 2219/6156/1190
f 2175/6157/1191 2177/6158/1192 2217/6159/1193 2216/6160/1194
f 2169/6150/1185 2171/6161/1195 2214/6162/1196 2213/6151/1186
f 2183/6154/1188 2162/6163/1197 2209/6164/1198 2220/6155/1189
f 2177/6158/1192 2179/6165/1199 2218/6166/1030 2217/6159/1193
f 2171/6161/1195 2173/6167/1200 2215/6168/1201 2214/6162/1196
f 2165/6169/1202 2167/6170/1184 2212/6171/1015 2211/6172/1203
f 2179/6165/1199 2181/6153/1187 2219/6156/1190 2218/6166/1030
f 2173/6167/1200 2175/6157/1191 2216/6160/1194 2215/6168/1201
f 2163/6173/1204 2165/6169/1202 2211/6172/1203 2210/6174/1205
f 2164/6175/1206 2163/6176/1204 2162/6177/1197 2161/6178/1207
f 2166/6179/1208 2165/6180/1202 2163/6176/1204 2164/6175/1206
f 2168/6181/1209 2167/6182/1184 2165/6180/1202 2166/6179/1208
f 2170/6183/1210 2169/6184/1185 2167/6182/1184 2168/6181/1209
f 2172/6185/1211 2171/6186/1195 2169/6184/1185 2170/6183/1210
f 2174/6187/1212 2173/6188/1200 2171/6186/1195 2172/6185/1211
f 2176/6189/1213 2175/6190/1191 2173/6188/1200 2174/6187/1212
f 2178/6191/1214 2177/6192/1192 2175/6190/1191 2176/6189/1213
f 2180/6193/1215 2179/6194/1199 2177/6192/1192 2178/6191/1214
f 2182/6195/1216 2181/6196/1187 2179/6194/1199 2180/6193/1215
f 2184/6197/1217 2183/6198/1188 2181/6196/1187 2182/6195/1216
f 2161/6178/1207 2162/6177/1197 2183/6198/1188 2184/6197/1217
f 2164/6175/1206 2161/6178/1207 2184/6197/1217 2182/6195/1216 2180/6193/1215 2178/6191/1214 2176/6189/1213 2174/6187/1212 2172/6185/1211 2170/6183/1210 2168/6181/1209 2166/6179/1208
f 2162/6163/1197 2163/6173/1204 2210/6174/1205 2209/6164/1198
f 2191/6199/1218 2212/6152/1015 2213/6151/1186 2193/6200/1219
f 2205/6201/1220 2219/6156/1190 2220/6155/1189 2207/6202/1221
f 2199/6203/1222 2216/6160/1194 2217/6159/1193 2201/6204/1223
f 2193/6200/1219 2213/6151/1186 2214/6162/1196 2195/6205/1224
f 2207/6202/1221 2220/6155/1189 2209/6164/1198 2186/6206/1225
f 2201/6204/1223 2217/6159/1193 2218/6166/1030 2203/6207/1226
f 2195/6205/1224 2214/6162/1196 2215/6168/1201 2197/6208/1227
f 2189/6209/1228 2211/6172/1203 2212/6171/1015 2191/6210/1218
f 2203/6207/1226 2218/6166/1030 2219/6156/1190 2205/6201/1220
f 2197/6208/1227 2215/6168/1201 2216/6160/1194 2199/6203/1222
f 2187/6211/1229 2210/6174/1205 2211/6172/1203 2189/6209/1228
f 2188/6212/1230 2185/6213/1231 2186/6214/1225 2187/6215/1229
f 2190/6216/1232 2188/6212/1230 2187/6215/1229 2189/6217/1228
f 2192/6218/1233 2190/6216/1232 2189/6217/1228 2191/6219/1218
f 2194/6220/1234 2192/6218/1233 2191/6219/1218 2193/6221/1219
f 2196/6222/1235 2194/6220/1234 2193/6221/1219 2195/6223/1224
f 2198/6224/1236 2196/6222/1235 2195/6223/1224 2197/6225/1227
f 2200/6226/1237 2198/6224/1236 2197/6225/1227 2199/6227/1222
f 2202/6228/1238 2200/6226/1237 2199/6227/1222 2201/6229/1223
f 2204/6230/1239 2202/6228/1238 2201/6229/1223 2203/6231/1226
f 2206/6232/1240 2204/6230/1239 2203/6231/1226 2205/6233/1220
f 2208/6234/1241 2206/6232/1240 2205/6233/1220 2207/6235/1221
f 2185/6213/1231 2208/6234/1241 2207/6235/1221 2186/6214/1225
f 2188/6212/1230 2190/6216/1232 2192/6218/1233 2194/6220/1234 2196/6222/1235 2198/6224/1236 2200/6226/1237 2202/6228/1238 2204/6230/1239 2206/6232/1240 2208/6234/1241 2185/6213/1231
f 2186/6206/1225 2209/6164/1198 2210/6174/1205 2187/6211/1229
f 2227/6236/1242 2229/6237/1243 2273/6238/1088 2272/6239/1068
f 2241/6240/1244 2243/6241/1245 2280/6242/1246 2279/6243/1077
f 2235/6244/1247 2237/6245/1248 2277/6246/1072 2276/6247/1249
f 2229/6237/1243 2231/6248/1250 2274/6249/1090 2273/6238/1088
f 2243/6241/1245 2222/6250/1251 2269/6251/1085 2280/6242/1246
f 2237/6245/1248 2239/6252/1252 2278/6253/1083 2277/6246/1072
f 2231/6248/1250 2233/6254/1253 2275/6255/1081 2274/6249/1090
f 2225/6256/1254 2227/6257/1242 2272/6258/1068 2271/6259/1069
f 2239/6252/1252 2241/6240/1244 2279/6243/1077 2278/6253/1083
f 2233/6254/1253 2235/6244/1247 2276/6247/1249 2275/6255/1081
f 2223/6260/1255 2225/6256/1254 2271/6259/1069 2270/6261/1079
f 2224/6262/1256 2223/6263/1255 2222/6264/1251 2221/6265/1257
f 2226/6266/1258 2225/6267/1254 2223/6263/1255 2224/6262/1256
f 2228/6268/1259 2227/6269/1242 2225/6267/1254 2226/6266/1258
f 2230/6270/1260 2229/6271/1243 2227/6269/1242 2228/6268/1259
f 2232/6272/1261 2231/6273/1250 2229/6271/1243 2230/6270/1260
f 2234/6274/1262 2233/6275/1253 2231/6273/1250 2232/6272/1261
f 2236/6276/1263 2235/6277/1247 2233/6275/1253 2234/6274/1262
f 2238/6278/1264 2237/6279/1248 2235/6277/1247 2236/6276/1263
f 2240/6280/1265 2239/6281/1252 2237/6279/1248 2238/6278/1264
f 2242/6282/1266 2241/6283/1244 2239/6281/1252 2240/6280/1265
f 2244/6284/1267 2243/6285/1245 2241/6283/1244 2242/6282/1266
f 2221/6265/1257 2222/6264/1251 2243/6285/1245 2244/6284/1267
f 2224/6262/1256 2221/6265/1257 2244/6284/1267 2242/6282/1266 2240/6280/1265 2238/6278/1264 2236/6276/1263 2234/6274/1262 2232/6272/1261 2230/6270/1260 2228/6268/1259 2226/6266/1258
f 2222/6250/1251 2223/6260/1255 2270/6261/1079 2269/6251/1085
f 2251/6286/1268 2272/6239/1068 2273/6238/1088 2253/6287/1269
f 2265/6288/1270 2279/6243/1077 2280/6242/1246 2267/6289/1271
f 2259/6290/1272 2276/6247/1249 2277/6246/1072 2261/6291/1273
f 2253/6287/1269 2273/6238/1088 2274/6249/1090 2255/6292/1274
f 2267/6289/1271 2280/6242/1246 2269/6251/1085 2246/6293/1275
f 2261/6291/1273 2277/6246/1072 2278/6253/1083 2263/6294/1276
f 2255/6292/1274 2274/6249/1090 2275/6255/1081 2257/6295/1277
f 2249/6296/1278 2271/6259/1069 2272/6258/1068 2251/6297/1268
f 2263/6294/1276 2278/6253/1083 2279/6243/1077 2265/6288/1270
f 2257/6295/1277 2275/6255/1081 2276/6247/1249 2259/6290/1272
f 2247/6298/1279 2270/6261/1079 2271/6259/1069 2249/6296/1278
f 2248/6299/1280 2245/6300/1231 2246/6301/1275 2247/6302/1279
f 2250/6303/1281 2248/6299/1280 2247/6302/1279 2249/6304/1278
f 2252/6305/1233 2250/6303/1281 2249/6304/1278 2251/6306/1268
f 2254/6307/1282 2252/6305/1233 2251/6306/1268 2253/6308/1269
f 2256/6309/1283 2254/6307/1282 2253/6308/1269 2255/6310/1274
f 2258/6311/1284 2256/6309/1283 2255/6310/1274 2257/6312/1277
f 2260/6313/1237 2258/6311/1284 2257/6312/1277 2259/6314/1272
f 2262/6315/1238 2260/6313/1237 2259/6314/1272 2261/6316/1273
f 2264/6317/1285 2262/6315/1238 2261/6316/1273 2263/6318/1276
f 2266/6319/1286 2264/6317/1285 2263/6318/1276 2265/6320/1270
f 2268/6321/1287 2266/6319/1286 2265/6320/1270 2267/6322/1271
f 2245/6300/1231 2268/6321/1287 2267/6322/1271 2246/6301/1275
f 2248/6299/1280 2250/6303/1281 2252/6305/1233 2254/6307/1282 2256/6309/1283 2258/6311/1284 2260/6313/1237 2262/6315/1238 2264/6317/1285 2266/6319/1286 2268/6321/1287 2245/6300/1231
f 2246/6293/1275 2269/6251/1085 2270/6261/1079 2247/6298/1279
f 2287/6323/1288 2289/6324/1289 2333/6325/1290 2332/6326/1291
f 2301/6327/1292 2303/6328/1293 2340/6329/1294 2339/6330/1295
f 2295/6331/1296 2297/6332/1297 2337/6333/1298 2336/6334/1299
f 2289/6324/1289 2291/6335/1300 2334/6336/1301 2333/6325/1290
f 2303/6328/1293 2282/6337/1302 2329/6338/1303 2340/6329/1294
f 2297/6332/1297 2299/6339/1304 2338/6340/1305 2337/6333/1298
f 2291/6335/1300 2293/6341/1306 2335/6342/1132 2334/6336/1301
f 2285/6343/1307 2287/6344/1288 2332/6345/1291 2331/6346/1308
f 2299/6339/1304 2301/6327/1292 2339/6330/1295 2338/6340/1305
f 2293/6341/1306 2295/6331/1296 2336/6334/1299 2335/6342/1132
f 2283/6347/1309 2285/6343/1307 2331/6346/1308 2330/6348/1310
f 2284/6349/1311 2283/6350/1309 2282/6351/1302 2281/6352/1312
f 2286/6353/1313 2285/6354/1307 2283/6350/1309 2284/6349/1311
f 2288/6355/1314 2287/6356/1288 2285/6354/1307 2286/6353/1313
f 2290/6357/1315 2289/6358/1289 2287/6356/1288 2288/6355/1314
f 2292/6359/1316 2291/6360/1300 2289/6358/1289 2290/6357/1315
f 2294/6361/1317 2293/6362/1306 2291/6360/1300 2292/6359/1316
f 2296/6363/1318 2295/6364/1296 2293/6362/1306 2294/6361/1317
f 2298/6365/1319 2297/6366/1297 2295/6364/1296 2296/6363/1318
f 2300/6367/1320 2299/6368/1304 2297/6366/1297 2298/6365/1319
f 2302/6369/1321 2301/6370/1292 2299/6368/1304 2300/6367/1320
f 2304/6371/1322 2303/6372/1293 2301/6370/1292 2302/6369/1321
f 2281/6352/1312 2282/6351/1302 2303/6372/1293 2304/6371/1322
f 2284/6349/1311 2281/6352/1312 2304/6371/1322 2302/6369/1321 2300/6367/1320 2298/6365/1319 2296/6363/1318 2294/6361/1317 2292/6359/1316 2290/6357/1315 2288/6355/1314 2286/6353/1313
f 2282/6337/1302 2283/6347/1309 2330/6348/1310 2329/6338/1303
f 2311/6373/1323 2332/6326/1291 2333/6325/1290 2313/6374/1324
f 2325/6375/1325 2339/6330/1295 2340/6329/1294 2327/6376/1326
f 2319/6377/1327 2336/6334/1299 2337/6333/1298 2321/6378/1328
f 2313/6374/1324 2333/6325/1290 2334/6336/1301 2315/6379/1329
f 2327/6376/1326 2340/6329/1294 2329/6338/1303 2306/6380/1330
f 2321/6378/1328 2337/6333/1298 2338/6340/1305 2323/6381/1331
f 2315/6379/1329 2334/6336/1301 2335/6342/1132 2317/6382/1332
f 2309/6383/1333 2331/6346/1308 2332/6345/1291 2311/6384/1323
f 2323/6381/1331 2338/6340/1305 2339/6330/1295 2325/6375/1325
f 2317/6382/1332 2335/6342/1132 2336/6334/1299 2319/6377/1327
f 2307/6385/1334 2330/6348/1310 2331/6346/1308 2309/6383/1333
f 2308/6386/1335 2305/6387/1336 2306/6388/1337 2307/6389/1338
f 2310/6390/1339 2308/6386/1335 2307/6389/1338 2309/6391/1340
f 2312/6392/1341 2310/6390/1339 2309/6391/1340 2311/6393/1341
f 2314/6394/1342 2312/6392/1341 2311/6393/1341 2313/6395/1343
f 2316/6396/1344 2314/6394/1342 2313/6395/1343 2315/6397/1345
f 2318/6398/1346 2316/6396/1344 2315/6397/1345 2317/6399/1347
f 2320/6400/1348 2318/6398/1346 2317/6399/1347 2319/6401/1349
f 2322/6402/1350 2320/6400/1348 2319/6401/1349 2321/6403/1351
f 2324/6404/1352 2322/6402/1350 2321/6403/1351 2323/6405/1352
f 2326/6406/1353 2324/6404/1352 2323/6405/1352 2325/6407/1354
f 2328/6408/1355 2326/6406/1353 2325/6407/1354 2327/6409/1356
f 2305/6387/1336 2328/6408/1355 2327/6409/1356 2306/6388/1337
f 2308/6386/8 2310/6390/8 2312/6392/8 2314/6394/8 2316/6396/8 2318/6398/8 2320/6400/8 2322/6402/8 2324/6404/8 2326/6406/8 2328/6408/8 2305/6387/8
f 2306/6380/1330 2329/6338/1303 2330/6348/1310 2307/6385/1334
f 3573/6410/8 3574/6411/8 3576/6412/8 3575/6413/8
f 3575/6413/1357 3576/6412/1357 3580/6414/1357 3579/6415/1357
f 3579/6415/2 3580/6414/2 3578/6416/2 3577/6417/2
f 3577/6417/1358 3578/6416/1358 3574/6418/1358 3573/6419/1358
f 3575/6420/1359 3579/6421/1359 3577/6422/1359 3573/6423/1359
f 3580/6424/1360 3576/6425/1360 3574/6426/1360 3578/6427/1360
f 3581/6428/8 3582/6429/8 3584/6430/8 3583/6431/8
f 3583/6431/1361 3584/6430/1361 3588/6432/1361 3587/6433/1361
f 3587/6433/2 3588/6432/2 3586/6434/2 3585/6435/2
f 3585/6435/1362 3586/6434/1362 3582/6436/1362 3581/6437/1362
f 3583/6438/1363 3587/6439/1363 3585/6440/1363 3581/6441/1363
f 3588/6442/1364 3584/6443/1364 3582/6444/1364 3586/6445/1364
f 3589/6446/8 3590/6447/8 3592/6448/8 3591/6449/8
f 3591/6450/1365 3592/6451/1365 3596/6452/1365 3595/6453/1365
f 3595/6454/2 3596/6455/2 3594/6456/2 3593/6457/2
f 3593/6458/1366 3594/6459/1366 3590/6460/1366 3589/6461/1366
f 3591/6462/296 3595/6454/296 3593/6457/296 3589/6463/296
f 3596/6455/282 3592/6448/282 3590/6447/282 3594/6456/282
f 3597/6464/8 3598/6465/8 3600/6466/8 3599/6467/8
f 3599/6468/1367 3600/6469/1367 3604/6470/1367 3603/6471/1367
f 3603/6472/2 3604/6473/2 3602/6474/2 3601/6475/2
f 3601/6476/1368 3602/6477/1368 3598/6478/1368 3597/6479/1368
f 3599/6480/296 3603/6472/296 3601/6475/296 3597/6481/296
f 3604/6473/282 3600/6466/282 3598/6465/282 3602/6474/282
f 3605/6482/8 3606/6483/8 3608/6484/8 3607/6485/8
f 3607/6485/1369 3608/6484/1369 3612/6486/1369 3611/6487/1369
f 3611/6487/2 3612/6486/2 3610/6488/2 3609/6489/2
f 3609/6489/1370 3610/6488/1370 3606/6490/1370 3605/6491/1370
f 3607/6492/1371 3611/6493/1371 3609/6494/1371 3605/6495/1371
f 3612/6496/1372 3608/6497/1372 3606/6498/1372 3610/6499/1372
f 3613/6500/8 3614/6501/8 3616/6502/8 3615/6503/8
f 3615/6503/1373 3616/6502/1373 3620/6504/1373 3619/6505/1373
f 3619/6505/2 3620/6504/2 3618/6506/2 3617/6507/2
f 3617/6507/1374 3618/6506/1374 3614/6508/1374 3613/6509/1374
f 3615/6510/1363 3619/6511/1363 3617/6512/1363 3613/6513/1363
f 3620/6514/1375 3616/6515/1375 3614/6516/1375 3618/6517/1375
f 3621/6518/8 3622/6519/8 3624/6520/8 3623/6521/8
f 3623/6522/1365 3624/6523/1365 3628/6524/1365 3627/6525/1365
f 3627/6526/2 3628/6527/2 3626/6528/2 3625/6529/2
f 3625/6530/1366 3626/6531/1366 3622/6532/1366 3621/6533/1366
f 3623/6534/296 3627/6526/296 3625/6529/296 3621/6535/296
f 3628/6527/282 3624/6520/282 3622/6519/282 3626/6528/282
f 3629/6536/8 3630/6537/8 3632/6538/8 3631/6539/8
f 3631/6540/1376 3632/6541/1376 3636/6542/1376 3635/6543/1376
f 3635/6544/2 3636/6545/2 3634/6546/2 3633/6547/2
f 3633/6548/1377 3634/6549/1377 3630/6550/1377 3629/6551/1377
f 3631/6552/296 3635/6544/296 3633/6547/296 3629/6553/296
f 3636/6545/282 3632/6538/282 3630/6537/282 3634/6546/282
f 3637/6554/296 3638/6555/296 3980/6556/296 3979/6557/296
f 3983/6558/282 3984/6559/282 3640/6560/282 3639/6561/282
f 3639/6562/2 3640/6563/2 3638/6564/2 3637/6565/2
f 3979/6566/51 3983/6558/51 3639/6561/51 3637/6567/51
f 3984/6559/52 3980/6556/52 3638/6555/52 3640/6560/52
f 3641/6568/52 3642/6569/52 3988/6570/52 3987/6571/52
f 3991/6572/51 3992/6573/51 3644/6574/51 3643/6575/51
f 3643/6576/2 3644/6577/2 3642/6578/2 3641/6579/2
f 3987/6580/296 3991/6572/296 3643/6575/296 3641/6581/296
f 3992/6573/282 3988/6570/282 3642/6569/282 3644/6574/282
f 3645/6582/52 3646/6583/52 3996/6584/52 3995/6585/52
f 3999/6586/51 4000/6587/51 3648/6588/51 3647/6589/51
f 3647/6590/2 3648/6591/2 3646/6592/2 3645/6593/2
f 3995/6594/296 3999/6586/296 3647/6589/296 3645/6595/296
f 4000/6587/282 3996/6584/282 3646/6583/282 3648/6588/282
f 3649/6596/52 3650/6597/52 4004/6598/52 4003/6599/52
f 4007/6600/51 4008/6601/51 3652/6602/51 3651/6603/51
f 3651/6604/2 3652/6605/2 3650/6606/2 3649/6607/2
f 4003/6608/296 4007/6600/296 3651/6603/296 3649/6609/296
f 4008/6601/282 4004/6598/282 3650/6597/282 3652/6602/282
f 3653/6610/52 3654/6611/52 4012/6612/52 4011/6613/52
f 4015/6614/51 4016/6615/51 3656/6616/51 3655/6617/51
f 3655/6618/2 3656/6619/2 3654/6620/2 3653/6621/2
f 4011/6622/296 4015/6614/296 3655/6617/296 3653/6623/296
f 4016/6615/282 4012/6612/282 3654/6611/282 3656/6616/282
f 3657/6624/8 3658/6625/8 3660/6626/8 3659/6627/8
f 3659/6627/1378 3660/6626/1378 3664/6628/1378 3663/6629/1378
f 3663/6629/2 3664/6628/2 3662/6630/2 3661/6631/2
f 3661/6631/1379 3662/6630/1379 3658/6632/1379 3657/6633/1379
f 3659/6634/1380 3663/6635/1380 3661/6636/1380 3657/6637/1380
f 3664/6638/1381 3660/6639/1381 3658/6640/1381 3662/6641/1381
f 3665/6642/8 3666/6643/8 3668/6644/8 3667/6645/8
f 3667/6646/1365 3668/6647/1365 3672/6648/1365 3671/6649/1365
f 3671/6650/2 3672/6651/2 3670/6652/2 3669/6653/2
f 3669/6654/1366 3670/6655/1366 3666/6656/1366 3665/6657/1366
f 3667/6658/296 3671/6650/296 3669/6653/296 3665/6659/296
f 3672/6651/282 3668/6644/282 3666/6643/282 3670/6652/282
f 3673/6660/8 3674/6661/8 3676/6662/8 3675/6663/8
f 3675/6664/1376 3676/6665/1376 3680/6666/1376 3679/6667/1376
f 3679/6668/2 3680/6669/2 3678/6670/2 3677/6671/2
f 3677/6672/1377 3678/6673/1377 3674/6674/1377 3673/6675/1377
f 3675/6676/296 3679/6668/296 3677/6671/296 3673/6677/296
f 3680/6669/282 3676/6662/282 3674/6661/282 3678/6670/282
f 3681/6678/1382 3682/6679/1382 4044/6680/1382 4043/6681/1382
f 4047/6682/1383 4048/6683/1383 3684/6684/1383 3683/6685/1383
f 3683/6686/2 3684/6687/2 3682/6688/2 3681/6689/2
f 4043/6690/1384 4047/6682/1384 3683/6685/1384 3681/6691/1384
f 4048/6683/1385 4044/6680/1385 3682/6679/1385 3684/6684/1385
f 3685/6692/1382 3686/6693/1382 4052/6694/1382 4051/6695/1382
f 4055/6696/1383 4056/6697/1383 3688/6698/1383 3687/6699/1383
f 3687/6700/2 3688/6701/2 3686/6702/2 3685/6703/2
f 4051/6704/1384 4055/6696/1384 3687/6699/1384 3685/6705/1384
f 4056/6697/1385 4052/6694/1385 3686/6693/1385 3688/6698/1385
f 3689/6706/1386 3690/6707/1386 4060/6708/1386 4059/6709/1386
f 4063/6710/1387 4064/6711/1387 3692/6712/1387 3691/6713/1387
f 3691/6714/2 3692/6715/2 3690/6716/2 3689/6717/2
f 4059/6718/1388 4063/6710/1388 3691/6713/1388 3689/6719/1388
f 4064/6711/1389 4060/6708/1389 3690/6707/1389 3692/6712/1389
f 3693/6720/1386 3694/6721/1386 4068/6722/1386 4067/6723/1386
f 4071/6724/1387 4072/6725/1387 3696/6726/1387 3695/6727/1387
f 3695/6728/2 3696/6729/2 3694/6730/2 3693/6731/2
f 4067/6732/1388 4071/6724/1388 3695/6727/1388 3693/6733/1388
f 4072/6725/1389 4068/6722/1389 3694/6721/1389 3696/6726/1389
f 3697/6734/1386 3698/6735/1386 4076/6736/1386 4075/6737/1386
f 4079/6738/1387 4080/6739/1387 3700/6740/1387 3699/6741/1387
f 3699/6742/2 3700/6743/2 3698/6744/2 3697/6745/2
f 4075/6746/1388 4079/6738/1388 3699/6741/1388 3697/6747/1388
f 4080/6739/1389 4076/6736/1389 3698/6735/1389 3700/6740/1389
f 3701/6748/8 3702/6749/8 3704/6750/8 3703/6751/8
f 3703/6752/1390 3704/6753/1390 3708/6754/1390 3707/6755/1390
f 3707/6756/2 3708/6757/2 3706/6758/2 3705/6759/2
f 3705/6760/1391 3706/6761/1391 3702/6762/1391 3701/6763/1391
f 3703/6764/296 3707/6756/296 3705/6759/296 3701/6765/296
f 3708/6757/282 3704/6750/282 3702/6749/282 3706/6758/282
f 3709/6766/8 3710/6767/8 3712/6768/8 3711/6769/8
f 3711/6770/1392 3712/6771/1392 3716/6772/1392 3715/6773/1392
f 3715/6774/2 3716/6775/2 3714/6776/2 3713/6777/2
f 3713/6778/1393 3714/6779/1393 3710/6780/1393 3709/6781/1393
f 3711/6782/1394 3715/6774/1394 3713/6777/1394 3709/6783/1394
f 3716/6775/1395 3712/6768/1395 3710/6767/1395 3714/6776/1395
f 3717/6784/8 3718/6785/8 3720/6786/8 3719/6787/8
f 3719/6788/1396 3720/6789/1396 3724/6790/1396 3723/6791/1396
f 3723/6792/2 3724/6793/2 3722/6794/2 3721/6795/2
f 3721/6796/1397 3722/6797/1397 3718/6798/1397 3717/6799/1397
f 3719/6800/1398 3723/6792/1398 3721/6795/1398 3717/6801/1398
f 3724/6793/1399 3720/6786/1399 3718/6785/1399 3722/6794/1399
f 3725/6802/8 3726/6803/8 3728/6804/8 3727/6805/8
f 3727/6806/1400 3728/6807/1400 3732/6808/1400 3731/6809/1400
f 3731/6810/2 3732/6811/2 3730/6812/2 3729/6813/2
f 3729/6814/1401 3730/6815/1401 3726/6816/1401 3725/6817/1401
f 3727/6818/1402 3731/6810/1402 3729/6813/1402 3725/6819/1402
f 3732/6811/1403 3728/6804/1403 3726/6803/1403 3730/6812/1403
f 3733/6820/8 3734/6821/8 3736/6822/8 3735/6823/8
f 3735/6824/51 3736/6825/51 3740/6826/51 3739/6827/51
f 3739/6828/2 3740/6829/2 3738/6830/2 3737/6831/2
f 3737/6832/52 3738/6833/52 3734/6834/52 3733/6835/52
f 3735/6836/296 3739/6828/296 3737/6831/296 3733/6837/296
f 3740/6829/282 3736/6822/282 3734/6821/282 3738/6830/282
f 3741/6838/8 3742/6839/8 3744/6840/8 3743/6841/8
f 3743/6842/1404 3744/6843/1404 3748/6844/1404 3747/6845/1404
f 3747/6846/2 3748/6847/2 3746/6848/2 3745/6849/2
f 3745/6850/1405 3746/6851/1405 3742/6852/1405 3741/6853/1405
f 3743/6854/1406 3747/6846/1406 3745/6849/1406 3741/6855/1406
f 3748/6847/1407 3744/6840/1407 3742/6839/1407 3746/6848/1407
f 3749/6856/8 3750/6857/8 3752/6858/8 3751/6859/8
f 3751/6860/51 3752/6861/51 3756/6862/51 3755/6863/51
f 3755/6864/2 3756/6865/2 3754/6866/2 3753/6867/2
f 3753/6868/52 3754/6869/52 3750/6870/52 3749/6871/52
f 3751/6872/296 3755/6864/296 3753/6867/296 3749/6873/296
f 3756/6865/282 3752/6858/282 3750/6857/282 3754/6866/282
f 3757/6874/8 3758/6875/8 3760/6876/8 3759/6877/8
f 3759/6878/1408 3760/6879/1408 3764/6880/1408 3763/6881/1408
f 3763/6882/2 3764/6883/2 3762/6884/2 3761/6885/2
f 3761/6886/1409 3762/6887/1409 3758/6888/1409 3757/6889/1409
f 3759/6890/1410 3763/6882/1410 3761/6885/1410 3757/6891/1410
f 3764/6883/1411 3760/6876/1411 3758/6875/1411 3762/6884/1411
f 3765/6892/8 3766/6893/8 3768/6894/8 3767/6895/8
f 3767/6896/1412 3768/6897/1412 3772/6898/1412 3771/6899/1412
f 3771/6900/2 3772/6901/2 3770/6902/2 3769/6903/2
f 3769/6904/1413 3770/6905/1413 3766/6906/1413 3765/6907/1413
f 3767/6908/1414 3771/6900/1414 3769/6903/1414 3765/6909/1414
f 3772/6901/1415 3768/6894/1415 3766/6893/1415 3770/6902/1415
f 3773/6910/51 3774/6911/51 3776/6912/51 3775/6913/51
f 3775/6914/1416 3776/6915/1416 3780/6916/1416 3779/6917/1416
f 3779/6918/52 3780/6919/52 3778/6920/52 3777/6921/52
f 3777/6922/1417 3778/6923/1417 3774/6924/1417 3773/6925/1417
f 3775/6926/1418 3779/6918/1418 3777/6921/1418 3773/6927/1418
f 3780/6919/1419 3776/6912/1419 3774/6911/1419 3778/6920/1419
f 3781/6928/51 3782/6929/51 3784/6930/51 3783/6931/51
f 3783/6932/1416 3784/6933/1416 3788/6934/1416 3787/6935/1416
f 3787/6936/52 3788/6937/52 3786/6938/52 3785/6939/52
f 3785/6940/1417 3786/6941/1417 3782/6942/1417 3781/6943/1417
f 3783/6944/1418 3787/6936/1418 3785/6939/1418 3781/6945/1418
f 3788/6937/1419 3784/6930/1419 3782/6929/1419 3786/6938/1419
f 3789/6946/51 4170/6947/51 3791/6948/51 3790/6949/51
f 3790/6950/1420 3791/6951/1420 3794/6952/1420 3793/6953/1420
f 3793/6954/52 3794/6955/52 4174/6956/52 3792/6957/52
f 3792/6958/1421 4174/6959/1421 4170/6960/1421 3789/6961/1421
f 3790/6962/1422 3793/6954/1422 3792/6957/1422 3789/6963/1422
f 3794/6955/1423 3791/6948/1423 4170/6947/1423 4174/6956/1423
f 3795/6964/51 4178/6965/51 3797/6966/51 3796/6967/51
f 3796/6968/1420 3797/6969/1420 3800/6970/1420 3799/6971/1420
f 3799/6972/52 3800/6973/52 4182/6974/52 3798/6975/52
f 3798/6976/1421 4182/6977/1421 4178/6978/1421 3795/6979/1421
f 3796/6980/1422 3799/6972/1422 3798/6975/1422 3795/6981/1422
f 3800/6973/1424 3797/6966/1424 4178/6965/1424 4182/6974/1424
f 3801/6982/52 3802/6983/52 3804/6984/52 3803/6985/52
f 3803/6986/8 3804/6987/8 3808/6988/8 3807/6989/8
f 3807/6990/51 3808/6991/51 3806/6992/51 3805/6993/51
f 3805/6994/2 3806/6995/2 3802/6996/2 3801/6997/2
f 3803/6998/296 3807/6990/296 3805/6993/296 3801/6999/296
f 3808/6991/282 3804/6984/282 3802/6983/282 3806/6992/282
f 3809/7000/52 3810/7001/52 3812/7002/52 3811/7003/52
f 3811/7004/1425 3812/7005/1425 3816/7006/1425 3815/7007/1425
f 3815/7008/51 3816/7009/51 3814/7010/51 3813/7011/51
f 3813/7012/1426 3814/7013/1426 3810/7014/1426 3809/7015/1426
f 3811/7016/1427 3815/7008/1427 3813/7011/1427 3809/7017/1427
f 3816/7009/1428 3812/7002/1428 3810/7001/1428 3814/7010/1428
f 3817/7018/1429 3818/7019/1429 3820/7020/1429 3819/7021/1429
f 3819/7022/1430 3820/7023/1430 3824/7024/1430 3823/7025/1430
f 3823/7026/1431 3824/7027/1431 3822/7028/1431 3821/7029/1431
f 3821/7030/1432 3822/7031/1432 3818/7032/1432 3817/7033/1432
f 3819/7034/51 3823/7026/51 3821/7029/51 3817/7035/51
f 3824/7027/52 3820/7020/52 3818/7019/52 3822/7028/52
f 3825/7036/1433 3826/7037/1433 3828/7038/1433 3827/7039/1433
f 3827/7040/1434 3828/7041/1434 3832/7042/1434 3831/7043/1434
f 3831/7044/1435 3832/7045/1435 3830/7046/1435 3829/7047/1435
f 3829/7048/1436 3830/7049/1436 3826/7050/1436 3825/7051/1436
f 3827/7052/51 3831/7044/51 3829/7047/51 3825/7053/51
f 3832/7045/52 3828/7038/52 3826/7037/52 3830/7046/52
f 3833/7054/1433 3834/7055/1433 3836/7056/1433 3835/7057/1433
f 3835/7058/1434 3836/7059/1434 3840/7060/1434 3839/7061/1434
f 3839/7062/1435 3840/7063/1435 3838/7064/1435 3837/7065/1435
f 3837/7066/1436 3838/7067/1436 3834/7068/1436 3833/7069/1436
f 3835/7070/51 3839/7062/51 3837/7065/51 3833/7071/51
f 3840/7063/52 3836/7056/52 3834/7055/52 3838/7064/52
f 3841/7072/1433 3842/7073/1433 3844/7074/1433 3843/7075/1433
f 3843/7076/1434 3844/7077/1434 3848/7078/1434 3847/7079/1434
f 3847/7080/1435 3848/7081/1435 3846/7082/1435 3845/7083/1435
f 3845/7084/1436 3846/7085/1436 3842/7086/1436 3841/7087/1436
f 3843/7088/51 3847/7080/51 3845/7083/51 3841/7089/51
f 3848/7081/52 3844/7074/52 3842/7073/52 3846/7082/52
f 3849/7090/1437 3850/7091/1437 3852/7092/1437 3851/7093/1437
f 3851/7094/1438 3852/7095/1438 3856/7096/1438 3855/7097/1438
f 3855/7098/1439 3856/7099/1439 3854/7100/1439 3853/7101/1439
f 3853/7102/1440 3854/7103/1440 3850/7104/1440 3849/7105/1440
f 3851/7106/51 3855/7098/51 3853/7101/51 3849/7107/51
f 3856/7099/52 3852/7092/52 3850/7091/52 3854/7100/52
f 3857/7108/1441 3858/7109/1441 3860/7110/1441 3859/7111/1441
f 3859/7112/1442 3860/7113/1442 3864/7114/1442 3863/7115/1442
f 3863/7116/1443 3864/7117/1443 3862/7118/1443 3861/7119/1443
f 3861/7120/1444 3862/7121/1444 3858/7122/1444 3857/7123/1444
f 3859/7124/51 3863/7116/51 3861/7119/51 3857/7125/51
f 3864/7117/52 3860/7110/52 3858/7109/52 3862/7118/52
f 3865/7126/1445 3866/7127/1445 3868/7128/1445 3867/7129/1445
f 3867/7130/1446 3868/7131/1446 3872/7132/1446 3871/7133/1446
f 3871/7134/1447 3872/7135/1447 3870/7136/1447 3869/7137/1447
f 3869/7138/1448 3870/7139/1448 3866/7140/1448 3865/7141/1448
f 3867/7142/8 3871/7134/8 3869/7137/8 3865/7143/8
f 3872/7135/2 3868/7128/2 3866/7127/2 3870/7136/2
f 3873/7144/1445 3874/7145/1445 3876/7146/1445 3875/7147/1445
f 3875/7148/1446 3876/7149/1446 3880/7150/1446 3879/7151/1446
f 3879/7152/1447 3880/7153/1447 3878/7154/1447 3877/7155/1447
f 3877/7156/1448 3878/7157/1448 3874/7158/1448 3873/7159/1448
f 3875/7160/8 3879/7152/8 3877/7155/8 3873/7161/8
f 3880/7153/2 3876/7146/2 3874/7145/2 3878/7154/2
f 3881/7162/1445 3882/7163/1445 3884/7164/1445 3883/7165/1445
f 3883/7166/1446 3884/7167/1446 3888/7168/1446 3887/7169/1446
f 3887/7170/1447 3888/7171/1447 3886/7172/1447 3885/7173/1447
f 3885/7174/1448 3886/7175/1448 3882/7176/1448 3881/7177/1448
f 3883/7178/8 3887/7170/8 3885/7173/8 3881/7179/8
f 3888/7171/2 3884/7164/2 3882/7163/2 3886/7172/2
f 3889/7180/1445 3890/7181/1445 3892/7182/1445 3891/7183/1445
f 3891/7184/1446 3892/7185/1446 3896/7186/1446 3895/7187/1446
f 3895/7188/1447 3896/7189/1447 3894/7190/1447 3893/7191/1447
f 3893/7192/1448 3894/7193/1448 3890/7194/1448 3889/7195/1448
f 3891/7196/8 3895/7188/8 3893/7191/8 3889/7197/8
f 3896/7189/2 3892/7182/2 3890/7181/2 3894/7190/2
f 3897/7198/1445 3898/7199/1445 3900/7200/1445 3899/7201/1445
f 3899/7202/1446 3900/7203/1446 3904/7204/1446 3903/7205/1446
f 3903/7206/1447 3904/7207/1447 3902/7208/1447 3901/7209/1447
f 3901/7210/1448 3902/7211/1448 3898/7212/1448 3897/7213/1448
f 3899/7214/8 3903/7206/8 3901/7209/8 3897/7215/8
f 3904/7207/2 3900/7200/2 3898/7199/2 3902/7208/2
f 3905/7216/1449 3906/7217/1449 3908/7218/1449 3907/7219/1449
f 3907/7220/1450 3908/7221/1450 3912/7222/1450 3911/7223/1450
f 3911/7224/1451 3912/7225/1451 3910/7226/1451 3909/7227/1451
f 3909/7228/1452 3910/7229/1452 3906/7230/1452 3905/7231/1452
f 3907/7232/1453 3911/7224/1453 3909/7227/1453 3905/7233/1453
f 3912/7225/1454 3908/7218/1454 3906/7217/1454 3910/7226/1454
f 3913/7234/2 3915/7235/2 3916/7236/2 3914/7237/2
f 3915/7235/1357 3919/7238/1357 3920/7239/1357 3916/7236/1357
f 3919/7238/8 3917/7240/8 3918/7241/8 3920/7239/8
f 3917/7240/1358 3913/7242/1358 3914/7243/1358 3918/7241/1358
f 3915/7244/1359 3913/7245/1359 3917/7246/1359 3919/7247/1359
f 3920/7248/1360 3918/7249/1360 3914/7250/1360 3916/7251/1360
f 3921/7252/2 3923/7253/2 3924/7254/2 3922/7255/2
f 3923/7253/1361 3927/7256/1361 3928/7257/1361 3924/7254/1361
f 3927/7256/8 3925/7258/8 3926/7259/8 3928/7257/8
f 3925/7258/1362 3921/7260/1362 3922/7261/1362 3926/7259/1362
f 3923/7262/1363 3921/7263/1363 3925/7264/1363 3927/7265/1363
f 3928/7266/1364 3926/7267/1364 3922/7268/1364 3924/7269/1364
f 3929/7270/2 3931/7271/2 3932/7272/2 3930/7273/2
f 3931/7274/1365 3935/7275/1365 3936/7276/1365 3932/7277/1365
f 3935/7278/8 3933/7279/8 3934/7280/8 3936/7281/8
f 3933/7282/1366 3929/7283/1366 3930/7284/1366 3934/7285/1366
f 3931/7286/296 3929/7287/296 3933/7279/296 3935/7278/296
f 3936/7281/282 3934/7280/282 3930/7273/282 3932/7272/282
f 3937/7288/2 3939/7289/2 3940/7290/2 3938/7291/2
f 3939/7292/1367 3943/7293/1367 3944/7294/1367 3940/7295/1367
f 3943/7296/8 3941/7297/8 3942/7298/8 3944/7299/8
f 3941/7300/1368 3937/7301/1368 3938/7302/1368 3942/7303/1368
f 3939/7304/296 3937/7305/296 3941/7297/296 3943/7296/296
f 3944/7299/282 3942/7298/282 3938/7291/282 3940/7290/282
f 3945/7306/2 3947/7307/2 3948/7308/2 3946/7309/2
f 3947/7307/1369 3951/7310/1369 3952/7311/1369 3948/7308/1369
f 3951/7310/8 3949/7312/8 3950/7313/8 3952/7311/8
f 3949/7312/1370 3945/7314/1370 3946/7315/1370 3950/7313/1370
f 3947/7316/1371 3945/7317/1371 3949/7318/1371 3951/7319/1371
f 3952/7320/1372 3950/7321/1372 3946/7322/1372 3948/7323/1372
f 3953/7324/2 3955/7325/2 3956/7326/2 3954/7327/2
f 3955/7325/1373 3959/7328/1373 3960/7329/1373 3956/7326/1373
f 3959/7328/8 3957/7330/8 3958/7331/8 3960/7329/8
f 3957/7330/1374 3953/7332/1374 3954/7333/1374 3958/7331/1374
f 3955/7334/1363 3953/7335/1363 3957/7336/1363 3959/7337/1363
f 3960/7338/1375 3958/7339/1375 3954/7340/1375 3956/7341/1375
f 3961/7342/2 3963/7343/2 3964/7344/2 3962/7345/2
f 3963/7346/1365 3967/7347/1365 3968/7348/1365 3964/7349/1365
f 3967/7350/8 3965/7351/8 3966/7352/8 3968/7353/8
f 3965/7354/1366 3961/7355/1366 3962/7356/1366 3966/7357/1366
f 3963/7358/296 3961/7359/296 3965/7351/296 3967/7350/296
f 3968/7353/282 3966/7352/282 3962/7345/282 3964/7344/282
f 3969/7360/2 3971/7361/2 3972/7362/2 3970/7363/2
f 3971/7364/1376 3975/7365/1376 3976/7366/1376 3972/7367/1376
f 3975/7368/8 3973/7369/8 3974/7370/8 3976/7371/8
f 3973/7372/1377 3969/7373/1377 3970/7374/1377 3974/7375/1377
f 3971/7376/296 3969/7377/296 3973/7369/296 3975/7368/296
f 3976/7371/282 3974/7370/282 3970/7363/282 3972/7362/282
f 3977/7378/296 3979/6557/296 3980/6556/296 3978/7379/296
f 3983/6558/282 3981/7380/282 3982/7381/282 3984/6559/282
f 3981/7382/8 3977/7383/8 3978/7384/8 3982/7385/8
f 3979/6566/51 3977/7386/51 3981/7380/51 3983/6558/51
f 3984/6559/52 3982/7381/52 3978/7379/52 3980/6556/52
f 3985/7387/52 3987/6571/52 3988/6570/52 3986/7388/52
f 3991/6572/51 3989/7389/51 3990/7390/51 3992/6573/51
f 3989/7391/8 3985/7392/8 3986/7393/8 3990/7394/8
f 3987/6580/296 3985/7395/296 3989/7389/296 3991/6572/296
f 3992/6573/282 3990/7390/282 3986/7388/282 3988/6570/282
f 3993/7396/52 3995/6585/52 3996/6584/52 3994/7397/52
f 3999/6586/51 3997/7398/51 3998/7399/51 4000/6587/51
f 3997/7400/8 3993/7401/8 3994/7402/8 3998/7403/8
f 3995/6594/296 3993/7404/296 3997/7398/296 3999/6586/296
f 4000/6587/282 3998/7399/282 3994/7397/282 3996/6584/282
f 4001/7405/52 4003/6599/52 4004/6598/52 4002/7406/52
f 4007/6600/51 4005/7407/51 4006/7408/51 4008/6601/51
f 4005/7409/8 4001/7410/8 4002/7411/8 4006/7412/8
f 4003/6608/296 4001/7413/296 4005/7407/296 4007/6600/296
f 4008/6601/282 4006/7408/282 4002/7406/282 4004/6598/282
f 4009/7414/52 4011/6613/52 4012/6612/52 4010/7415/52
f 4015/6614/51 4013/7416/51 4014/7417/51 4016/6615/51
f 4013/7418/8 4009/7419/8 4010/7420/8 4014/7421/8
f 4011/6622/296 4009/7422/296 4013/7416/296 4015/6614/296
f 4016/6615/282 4014/7417/282 4010/7415/282 4012/6612/282
f 4017/7423/2 4019/7424/2 4020/7425/2 4018/7426/2
f 4019/7424/1378 4023/7427/1378 4024/7428/1378 4020/7425/1378
f 4023/7427/8 4021/7429/8 4022/7430/8 4024/7428/8
f 4021/7429/1379 4017/7431/1379 4018/7432/1379 4022/7430/1379
f 4019/7433/1380 4017/7434/1380 4021/7435/1380 4023/7436/1380
f 4024/7437/1381 4022/7438/1381 4018/7439/1381 4020/7440/1381
f 4025/7441/2 4027/7442/2 4028/7443/2 4026/7444/2
f 4027/7445/1365 4031/7446/1365 4032/7447/1365 4028/7448/1365
f 4031/7449/8 4029/7450/8 4030/7451/8 4032/7452/8
f 4029/7453/1366 4025/7454/1366 4026/7455/1366 4030/7456/1366
f 4027/7457/296 4025/7458/296 4029/7450/296 4031/7449/296
f 4032/7452/282 4030/7451/282 4026/7444/282 4028/7443/282
f 4033/7459/2 4035/7460/2 4036/7461/2 4034/7462/2
f 4035/7463/1376 4039/7464/1376 4040/7465/1376 4036/7466/1376
f 4039/7467/8 4037/7468/8 4038/7469/8 4040/7470/8
f 4037/7471/1377 4033/7472/1377 4034/7473/1377 4038/7474/1377
f 4035/7475/296 4033/7476/296 4037/7468/296 4039/7467/296
f 4040/7470/282 4038/7469/282 4034/7462/282 4036/7461/282
f 4041/7477/1382 4043/6681/1382 4044/6680/1382 4042/7478/1382
f 4047/6682/1383 4045/7479/1383 4046/7480/1383 4048/6683/1383
f 4045/7481/8 4041/7482/8 4042/7483/8 4046/7484/8
f 4043/6690/1384 4041/7485/1384 4045/7479/1384 4047/6682/1384
f 4048/6683/1385 4046/7480/1385 4042/7478/1385 4044/6680/1385
f 4049/7486/1382 4051/6695/1382 4052/6694/1382 4050/7487/1382
f 4055/6696/1383 4053/7488/1383 4054/7489/1383 4056/6697/1383
f 4053/7490/8 4049/7491/8 4050/7492/8 4054/7493/8
f 4051/6704/1384 4049/7494/1384 4053/7488/1384 4055/6696/1384
f 4056/6697/1385 4054/7489/1385 4050/7487/1385 4052/6694/1385
f 4057/7495/1386 4059/6709/1386 4060/6708/1386 4058/7496/1386
f 4063/6710/1387 4061/7497/1387 4062/7498/1387 4064/6711/1387
f 4061/7499/8 4057/7500/8 4058/7501/8 4062/7502/8
f 4059/6718/1388 4057/7503/1388 4061/7497/1388 4063/6710/1388
f 4064/6711/1389 4062/7498/1389 4058/7496/1389 4060/6708/1389
f 4065/7504/1386 4067/6723/1386 4068/6722/1386 4066/7505/1386
f 4071/6724/1387 4069/7506/1387 4070/7507/1387 4072/6725/1387
f 4069/7508/8 4065/7509/8 4066/7510/8 4070/7511/8
f 4067/6732/1388 4065/7512/1388 4069/7506/1388 4071/6724/1388
f 4072/6725/1389 4070/7507/1389 4066/7505/1389 4068/6722/1389
f 4073/7513/1386 4075/6737/1386 4076/6736/1386 4074/7514/1386
f 4079/6738/1387 4077/7515/1387 4078/7516/1387 4080/6739/1387
f 4077/7517/8 4073/7518/8 4074/7519/8 4078/7520/8
f 4075/6746/1388 4073/7521/1388 4077/7515/1388 4079/6738/1388
f 4080/6739/1389 4078/7516/1389 4074/7514/1389 4076/6736/1389
f 4081/7522/2 4083/7523/2 4084/7524/2 4082/7525/2
f 4083/7526/1390 4087/7527/1390 4088/7528/1390 4084/7529/1390
f 4087/7530/8 4085/7531/8 4086/7532/8 4088/7533/8
f 4085/7534/1391 4081/7535/1391 4082/7536/1391 4086/7537/1391
f 4083/7538/296 4081/7539/296 4085/7531/296 4087/7530/296
f 4088/7533/282 4086/7532/282 4082/7525/282 4084/7524/282
f 4089/7540/2 4091/7541/2 4092/7542/2 4090/7543/2
f 4091/7544/1392 4095/7545/1392 4096/7546/1392 4092/7547/1392
f 4095/7548/8 4093/7549/8 4094/7550/8 4096/7551/8
f 4093/7552/1393 4089/7553/1393 4090/7554/1393 4094/7555/1393
f 4091/7556/1394 4089/7557/1394 4093/7549/1394 4095/7548/1394
f 4096/7551/1395 4094/7550/1395 4090/7543/1395 4092/7542/1395
f 4097/7558/2 4099/7559/2 4100/7560/2 4098/7561/2
f 4099/7562/1396 4103/7563/1396 4104/7564/1396 4100/7565/1396
f 4103/7566/8 4101/7567/8 4102/7568/8 4104/7569/8
f 4101/7570/1397 4097/7571/1397 4098/7572/1397 4102/7573/1397
f 4099/7574/1398 4097/7575/1398 4101/7567/1398 4103/7566/1398
f 4104/7569/1399 4102/7568/1399 4098/7561/1399 4100/7560/1399
f 4105/7576/2 4107/7577/2 4108/7578/2 4106/7579/2
f 4107/7580/1400 4111/7581/1400 4112/7582/1400 4108/7583/1400
f 4111/7584/8 4109/7585/8 4110/7586/8 4112/7587/8
f 4109/7588/1401 4105/7589/1401 4106/7590/1401 4110/7591/1401
f 4107/7592/1402 4105/7593/1402 4109/7585/1402 4111/7584/1402
f 4112/7587/1403 4110/7586/1403 4106/7579/1403 4108/7578/1403
f 4113/7594/2 4115/7595/2 4116/7596/2 4114/7597/2
f 4115/7598/51 4119/7599/51 4120/7600/51 4116/7601/51
f 4119/7602/8 4117/7603/8 4118/7604/8 4120/7605/8
f 4117/7606/52 4113/7607/52 4114/7608/52 4118/7609/52
f 4115/7610/296 4113/7611/296 4117/7603/296 4119/7602/296
f 4120/7605/282 4118/7604/282 4114/7597/282 4116/7596/282
f 4121/7612/2 4123/7613/2 4124/7614/2 4122/7615/2
f 4123/7616/1404 4127/7617/1404 4128/7618/1404 4124/7619/1404
f 4127/7620/8 4125/7621/8 4126/7622/8 4128/7623/8
f 4125/7624/1405 4121/7625/1405 4122/7626/1405 4126/7627/1405
f 4123/7628/1406 4121/7629/1406 4125/7621/1406 4127/7620/1406
f 4128/7623/1407 4126/7622/1407 4122/7615/1407 4124/7614/1407
f 4129/7630/2 4131/7631/2 4132/7632/2 4130/7633/2
f 4131/7634/51 4135/7635/51 4136/7636/51 4132/7637/51
f 4135/7638/8 4133/7639/8 4134/7640/8 4136/7641/8
f 4133/7642/52 4129/7643/52 4130/7644/52 4134/7645/52
f 4131/7646/296 4129/7647/296 4133/7639/296 4135/7638/296
f 4136/7641/282 4134/7640/282 4130/7633/282 4132/7632/282
f 4137/7648/2 4139/7649/2 4140/7650/2 4138/7651/2
f 4139/7652/1408 4143/7653/1408 4144/7654/1408 4140/7655/1408
f 4143/7656/8 4141/7657/8 4142/7658/8 4144/7659/8
f 4141/7660/1409 4137/7661/1409 4138/7662/1409 4142/7663/1409
f 4139/7664/1410 4137/7665/1410 4141/7657/1410 4143/7656/1410
f 4144/7659/1411 4142/7658/1411 4138/7651/1411 4140/7650/1411
f 4145/7666/2 4147/7667/2 4148/7668/2 4146/7669/2
f 4147/7670/1412 4151/7671/1412 4152/7672/1412 4148/7673/1412
f 4151/7674/8 4149/7675/8 4150/7676/8 4152/7677/8
f 4149/7678/1413 4145/7679/1413 4146/7680/1413 4150/7681/1413
f 4147/7682/1414 4145/7683/1414 4149/7675/1414 4151/7674/1414
f 4152/7677/1415 4150/7676/1415 4146/7669/1415 4148/7668/1415
f 4153/7684/51 4155/7685/51 4156/7686/51 4154/7687/51
f 4155/7688/1455 4159/7689/1455 4160/7690/1455 4156/7691/1455
f 4159/7692/52 4157/7693/52 4158/7694/52 4160/7695/52
f 4157/7696/1456 4153/7697/1456 4154/7698/1456 4158/7699/1456
f 4155/7700/1457 4153/7701/1457 4157/7693/1457 4159/7692/1457
f 4160/7695/1458 4158/7694/1458 4154/7687/1458 4156/7686/1458
f 4161/7702/51 4163/7703/51 4164/7704/51 4162/7705/51
f 4163/7706/1455 4167/7707/1455 4168/7708/1455 4164/7709/1455
f 4167/7710/52 4165/7711/52 4166/7712/52 4168/7713/52
f 4165/7714/1456 4161/7715/1456 4162/7716/1456 4166/7717/1456
f 4163/7718/1457 4161/7719/1457 4165/7711/1457 4167/7710/1457
f 4168/7713/1458 4166/7712/1458 4162/7705/1458 4164/7704/1458
f 4169/7720/51 4171/7721/51 4172/7722/51 4170/6947/51
f 4171/7723/1459 4175/7724/1459 4176/7725/1459 4172/7726/1459
f 4175/7727/52 4173/7728/52 4174/6956/52 4176/7729/52
f 4173/7730/1460 4169/7731/1460 4170/6960/1460 4174/6959/1460
f 4171/7732/1461 4169/7733/1461 4173/7728/1461 4175/7727/1461
f 4176/7729/1462 4174/6956/1462 4170/6947/1462 4172/7722/1462
f 4177/7734/51 4179/7735/51 4180/7736/51 4178/6965/51
f 4179/7737/1459 4183/7738/1459 4184/7739/1459 4180/7740/1459
f 4183/7741/52 4181/7742/52 4182/6974/52 4184/7743/52
f 4181/7744/1460 4177/7745/1460 4178/6978/1460 4182/6977/1460
f 4179/7746/1461 4177/7747/1461 4181/7742/1461 4183/7741/1461
f 4184/7743/1463 4182/6974/1463 4178/6965/1463 4180/7736/1463
f 4185/7748/2 4187/7749/2 4188/7750/2 4186/7751/2
f 4187/7752/51 4191/7753/51 4192/7754/51 4188/7755/51
f 4191/7756/8 4189/7757/8 4190/7758/8 4192/7759/8
f 4189/7760/52 4185/7761/52 4186/7762/52 4190/7763/52
f 4187/7764/296 4185/7765/296 4189/7757/296 4191/7756/296
f 4192/7759/282 4190/7758/282 4186/7751/282 4188/7750/282
f 4193/7766/1464 4195/7767/1464 4196/7768/1464 4194/7769/1464
f 4195/7770/1465 4199/7771/1465 4200/7772/1465 4196/7773/1465
f 4199/7774/1466 4197/7775/1466 4198/7776/1466 4200/7777/1466
f 4197/7778/1467 4193/7779/1467 4194/7780/1467 4198/7781/1467
f 4195/7782/51 4193/7783/51 4197/7775/51 4199/7774/51
f 4200/7777/52 4198/7776/52 4194/7769/52 4196/7768/52
f 4201/7784/1468 4203/7785/1468 4204/7786/1468 4202/7787/1468
f 4203/7788/1469 4207/7789/1469 4208/7790/1469 4204/7791/1469
f 4207/7792/1470 4205/7793/1470 4206/7794/1470 4208/7795/1470
f 4205/7796/1471 4201/7797/1471 4202/7798/1471 4206/7799/1471
f 4203/7800/51 4201/7801/51 4205/7793/51 4207/7792/51
f 4208/7795/52 4206/7794/52 4202/7787/52 4204/7786/52
f 4209/7802/1468 4211/7803/1468 4212/7804/1468 4210/7805/1468
f 4211/7806/1469 4215/7807/1469 4216/7808/1469 4212/7809/1469
f 4215/7810/1470 4213/7811/1470 4214/7812/1470 4216/7813/1470
f 4213/7814/1471 4209/7815/1471 4210/7816/1471 4214/7817/1471
f 4211/7818/51 4209/7819/51 4213/7811/51 4215/7810/51
f 4216/7813/52 4214/7812/52 4210/7805/52 4212/7804/52
f 4217/7820/1468 4219/7821/1468 4220/7822/1468 4218/7823/1468
f 4219/7824/1469 4223/7825/1469 4224/7826/1469 4220/7827/1469
f 4223/7828/1470 4221/7829/1470 4222/7830/1470 4224/7831/1470
f 4221/7832/1471 4217/7833/1471 4218/7834/1471 4222/7835/1471
f 4219/7836/51 4217/7837/51 4221/7829/51 4223/7828/51
f 4224/7831/52 4222/7830/52 4218/7823/52 4220/7822/52
f 4225/7838/1472 4227/7839/1472 4228/7840/1472 4226/7841/1472
f 4227/7842/1473 4231/7843/1473 4232/7844/1473 4228/7845/1473
f 4231/7846/1474 4229/7847/1474 4230/7848/1474 4232/7849/1474
f 4229/7850/1475 4225/7851/1475 4226/7852/1475 4230/7853/1475
f 4227/7854/51 4225/7855/51 4229/7847/51 4231/7846/51
f 4232/7849/52 4230/7848/52 4226/7841/52 4228/7840/52
f 4233/7856/1476 4235/7857/1476 4236/7858/1476 4234/7859/1476
f 4235/7860/1477 4239/7861/1477 4240/7862/1477 4236/7863/1477
f 4239/7864/1478 4237/7865/1478 4238/7866/1478 4240/7867/1478
f 4237/7868/1479 4233/7869/1479 4234/7870/1479 4238/7871/1479
f 4235/7872/51 4233/7873/51 4237/7865/51 4239/7864/51
f 4240/7867/52 4238/7866/52 4234/7859/52 4236/7858/52
f 4241/7874/1480 4243/7875/1480 4244/7876/1480 4242/7877/1480
f 4243/7878/1481 4247/7879/1481 4248/7880/1481 4244/7881/1481
f 4247/7882/1482 4245/7883/1482 4246/7884/1482 4248/7885/1482
f 4245/7886/1483 4241/7887/1483 4242/7888/1483 4246/7889/1483
f 4243/7890/51 4241/7891/51 4245/7883/51 4247/7882/51
f 4248/7885/52 4246/7884/52 4242/7877/52 4244/7876/52
f 4249/7892/1468 4251/7893/1468 4252/7894/1468 4250/7895/1468
f 4251/7896/1469 4255/7897/1469 4256/7898/1469 4252/7899/1469
f 4255/7900/1470 4253/7901/1470 4254/7902/1470 4256/7903/1470
f 4253/7904/1471 4249/7905/1471 4250/7906/1471 4254/7907/1471
f 4251/7908/51 4249/7909/51 4253/7901/51 4255/7900/51
f 4256/7903/52 4254/7902/52 4250/7895/52 4252/7894/52
f 4257/7910/1468 4259/7911/1468 4260/7912/1468 4258/7913/1468
f 4259/7914/1469 4263/7915/1469 4264/7916/1469 4260/7917/1469
f 4263/7918/1470 4261/7919/1470 4262/7920/1470 4264/7921/1470
f 4261/7922/1471 4257/7923/1471 4258/7924/1471 4262/7925/1471
f 4259/7926/51 4257/7927/51 4261/7919/51 4263/7918/51
f 4264/7921/52 4262/7920/52 4258/7913/52 4260/7912/52
f 4265/7928/52 4266/7929/52 4276/7930/52 4275/7931/52
f 4279/7932/51 4280/7933/51 4268/7934/51 4267/7935/51
f 4267/7936/2 4268/7937/2 4266/7938/2 4265/7939/2
f 4275/7940/296 4279/7932/296 4267/7935/296 4265/7941/296
f 4280/7933/282 4276/7930/282 4266/7929/282 4268/7934/282
f 4269/7942/52 4270/7943/52 4284/7944/52 4283/7945/52
f 4287/7946/51 4288/7947/51 4272/7948/51 4271/7949/51
f 4271/7950/2 4272/7951/2 4270/7952/2 4269/7953/2
f 4283/7954/296 4287/7946/296 4271/7949/296 4269/7955/296
f 4288/7947/282 4284/7944/282 4270/7943/282 4272/7948/282
f 4273/7956/52 4275/7931/52 4276/7930/52 4274/7957/52
f 4279/7932/51 4277/7958/51 4278/7959/51 4280/7933/51
f 4277/7960/8 4273/7961/8 4274/7962/8 4278/7963/8
f 4275/7940/296 4273/7964/296 4277/7958/296 4279/7932/296
f 4280/7933/282 4278/7959/282 4274/7957/282 4276/7930/282
f 4281/7965/52 4283/7945/52 4284/7944/52 4282/7966/52
f 4287/7946/51 4285/7967/51 4286/7968/51 4288/7947/51
f 4285/7969/8 4281/7970/8 4282/7971/8 4286/7972/8
f 4283/7954/296 4281/7973/296 4285/7967/296 4287/7946/296
f 4288/7947/282 4286/7968/282 4282/7966/282 4284/7944/282
f 4289/7974/2 4291/7975/2 4292/7976/2 4290/7977/2
f 4291/7978/1390 4295/7979/1390 4296/7980/1390 4292/7981/1390
f 4295/7982/8 4293/7983/8 4294/7984/8 4296/7985/8
f 4293/7986/1391 4289/7987/1391 4290/7988/1391 4294/7989/1391
f 4291/7990/296 4289/7991/296 4293/7983/296 4295/7982/296
f 4296/7985/282 4294/7984/282 4290/7977/282 4292/7976/282
f 4300/7992/282 4299/7993/282 4297/7994/282 4298/7995/282
f 4298/7996/51 4297/7997/51 4304/7998/51 4303/7999/51
f 4303/8000/296 4304/8001/296 4302/8002/296 4301/8003/296
f 4301/8004/52 4302/8005/52 4299/8006/52 4300/8007/52
f 4298/8008/8 4303/8000/8 4301/8003/8 4300/8009/8
f 4304/8001/2 4297/7994/2 4299/7993/2 4302/8002/2
f 4308/8010/282 4307/8011/282 4305/8012/282 4306/8013/282
f 4306/8014/1484 4305/8015/1484 4312/8016/1484 4311/8017/1484
f 4311/8018/296 4312/8019/296 4310/8020/296 4309/8021/296
f 4309/8022/52 4310/8023/52 4307/8024/52 4308/8025/52
f 4306/8026/8 4311/8018/8 4309/8021/8 4308/8027/8
f 4312/8019/2 4305/8012/2 4307/8011/2 4310/8020/2
f 4316/8028/282 4315/8029/282 4313/8030/282 4314/8031/282
f 4314/8032/51 4313/8033/51 4320/8034/51 4319/8035/51
f 4319/8036/296 4320/8037/296 4318/8038/296 4317/8039/296
f 4317/8040/1485 4318/8041/1485 4315/8042/1485 4316/8043/1485
f 4314/8044/8 4319/8036/8 4317/8039/8 4316/8045/8
f 4320/8037/2 4313/8030/2 4315/8029/2 4318/8038/2
f 4324/8046/282 4323/8047/282 4321/8048/282 4322/8049/282
f 4322/8050/1486 4321/8051/1486 4328/8052/1486 4327/8053/1486
f 4327/8054/296 4328/8055/296 4326/8056/296 4325/8057/296
f 4325/8058/52 4326/8059/52 4323/8060/52 4324/8061/52
f 4322/8062/8 4327/8054/8 4325/8057/8 4324/8063/8
f 4328/8055/2 4321/8048/2 4323/8047/2 4326/8056/2
f 4332/8064/282 4331/8065/282 4329/8066/282 4330/8067/282
f 4330/8068/51 4329/8069/51 4336/8070/51 4335/8071/51
f 4335/8072/296 4336/8073/296 4334/8074/296 4333/8075/296
f 4333/8076/52 4334/8077/52 4331/8078/52 4332/8079/52
f 4330/8080/8 4335/8072/8 4333/8075/8 4332/8081/8
f 4336/8073/2 4329/8066/2 4331/8065/2 4334/8074/2
f 4340/8082/282 4339/8083/282 4337/8084/282 4338/8085/282
f 4338/8086/1484 4337/8087/1484 4344/8088/1484 4343/8089/1484
f 4343/8090/296 4344/8091/296 4342/8092/296 4341/8093/296
f 4341/8094/52 4342/8095/52 4339/8096/52 4340/8097/52
f 4338/8098/8 4343/8090/8 4341/8093/8 4340/8099/8
f 4344/8091/2 4337/8084/2 4339/8083/2 4342/8092/2
f 4348/8100/282 4347/8101/282 4345/8102/282 4346/8103/282
f 4346/8104/51 4345/8105/51 4352/8106/51 4351/8107/51
f 4351/8108/296 4352/8109/296 4350/8110/296 4349/8111/296
f 4349/8112/1485 4350/8113/1485 4347/8114/1485 4348/8115/1485
f 4346/8116/8 4351/8108/8 4349/8111/8 4348/8117/8
f 4352/8109/2 4345/8102/2 4347/8101/2 4350/8110/2
f 4356/8118/282 4355/8119/282 4353/8120/282 4354/8121/282
f 4354/8122/1486 4353/8123/1486 4360/8124/1486 4359/8125/1486
f 4359/8126/296 4360/8127/296 4358/8128/296 4357/8129/296
f 4357/8130/52 4358/8131/52 4355/8132/52 4356/8133/52
f 4354/8134/8 4359/8126/8 4357/8129/8 4356/8135/8
f 4360/8127/2 4353/8120/2 4355/8119/2 4358/8128/2
f 4364/8136/282 4363/8137/282 4361/8138/282 4362/8139/282
f 4362/8140/1487 4361/8141/1487 4368/8142/1487 4367/8143/1487
f 4367/8144/296 4368/8145/296 4366/8146/296 4365/8147/296
f 4365/8148/1488 4366/8149/1488 4363/8150/1488 4364/8151/1488
f 4362/8152/8 4367/8144/8 4365/8147/8 4364/8153/8
f 4368/8145/2 4361/8138/2 4363/8137/2 4366/8146/2
f 4372/8154/282 4371/8155/282 4369/8156/282 4370/8157/282
f 4370/8158/51 4369/8159/51 4376/8160/51 4375/8161/51
f 4375/8162/296 4376/8163/296 4374/8164/296 4373/8165/296
f 4373/8166/52 4374/8167/52 4371/8168/52 4372/8169/52
f 4370/8170/8 4375/8162/8 4373/8165/8 4372/8171/8
f 4376/8163/2 4369/8156/2 4371/8155/2 4374/8164/2
f 4380/8172/282 4379/8173/282 4377/8174/282 4378/8175/282
f 4378/8176/51 4377/8177/51 4384/8178/51 4383/8179/51
f 4383/8180/296 4384/8181/296 4382/8182/296 4381/8183/296
f 4381/8184/1489 4382/8185/1489 4379/8186/1489 4380/8187/1489
f 4378/8188/8 4383/8180/8 4381/8183/8 4380/8189/8
f 4384/8181/2 4377/8174/2 4379/8173/2 4382/8182/2
f 4388/8190/282 4387/8191/282 4385/8192/282 4386/8193/282
f 4386/8194/1490 4385/8195/1490 4392/8196/1490 4391/8197/1490
f 4391/8198/296 4392/8199/296 4390/8200/296 4389/8201/296
f 4389/8202/1491 4390/8203/1491 4387/8204/1491 4388/8205/1491
f 4386/8206/8 4391/8198/8 4389/8201/8 4388/8207/8
f 4392/8199/2 4385/8192/2 4387/8191/2 4390/8200/2
f 4396/8208/282 4395/8209/282 4393/8210/282 4394/8211/282
f 4394/8212/1487 4393/8213/1487 4400/8214/1487 4399/8215/1487
f 4399/8216/296 4400/8217/296 4398/8218/296 4397/8219/296
f 4397/8220/1488 4398/8221/1488 4395/8222/1488 4396/8223/1488
f 4394/8224/8 4399/8216/8 4397/8219/8 4396/8225/8
f 4400/8217/2 4393/8210/2 4395/8209/2 4398/8218/2
f 4404/8226/282 4403/8227/282 4401/8228/282 4402/8229/282
f 4402/8230/51 4401/8231/51 4408/8232/51 4407/8233/51
f 4407/8234/296 4408/8235/296 4406/8236/296 4405/8237/296
f 4405/8238/52 4406/8239/52 4403/8240/52 4404/8241/52
f 4402/8242/8 4407/8234/8 4405/8237/8 4404/8243/8
f 4408/8235/2 4401/8228/2 4403/8227/2 4406/8236/2
f 4412/8244/282 4411/8245/282 4409/8246/282 4410/8247/282
f 4410/8248/51 4409/8249/51 4416/8250/51 4415/8251/51
f 4415/8252/296 4416/8253/296 4414/8254/296 4413/8255/296
f 4413/8256/1489 4414/8257/1489 4411/8258/1489 4412/8259/1489
f 4410/8260/8 4415/8252/8 4413/8255/8 4412/8261/8
f 4416/8253/2 4409/8246/2 4411/8245/2 4414/8254/2
f 4420/8262/282 4419/8263/282 4417/8264/282 4418/8265/282
f 4418/8266/1490 4417/8267/1490 4424/8268/1490 4423/8269/1490
f 4423/8270/296 4424/8271/296 4422/8272/296 4421/8273/296
f 4421/8274/1491 4422/8275/1491 4419/8276/1491 4420/8277/1491
f 4418/8278/8 4423/8270/8 4421/8273/8 4420/8279/8
f 4424/8271/2 4417/8264/2 4419/8263/2 4422/8272/2
f 4428/8280/282 4426/8281/282 4425/8282/282 4427/8283/282
f 4426/8284/51 4431/8285/51 4432/8286/51 4425/8287/51
f 4431/8288/296 4429/8289/296 4430/8290/296 4432/8291/296
f 4429/8292/52 4428/8293/52 4427/8294/52 4430/8295/52
f 4426/8296/2 4428/8297/2 4429/8289/2 4431/8288/2
f 4432/8291/8 4430/8290/8 4427/8283/8 4425/8282/8
f 4436/8298/282 4434/8299/282 4433/8300/282 4435/8301/282
f 4434/8302/1492 4439/8303/1492 4440/8304/1492 4433/8305/1492
f 4439/8306/296 4437/8307/296 4438/8308/296 4440/8309/296
f 4437/8310/52 4436/8311/52 4435/8312/52 4438/8313/52
f 4434/8314/2 4436/8315/2 4437/8307/2 4439/8306/2
f 4440/8309/8 4438/8308/8 4435/8301/8 4433/8300/8
f 4444/8316/282 4442/8317/282 4441/8318/282 4443/8319/282
f 4442/8320/51 4447/8321/51 4448/8322/51 4441/8323/51
f 4447/8324/296 4445/8325/296 4446/8326/296 4448/8327/296
f 4445/8328/1493 4444/8329/1493 4443/8330/1493 4446/8331/1493
f 4442/8332/2 4444/8333/2 4445/8325/2 4447/8324/2
f 4448/8327/8 4446/8326/8 4443/8319/8 4441/8318/8
f 4452/8334/282 4450/8335/282 4449/8336/282 4451/8337/282
f 4450/8338/1494 4455/8339/1494 4456/8340/1494 4449/8341/1494
f 4455/8342/296 4453/8343/296 4454/8344/296 4456/8345/296
f 4453/8346/52 4452/8347/52 4451/8348/52 4454/8349/52
f 4450/8350/2 4452/8351/2 4453/8343/2 4455/8342/2
f 4456/8345/8 4454/8344/8 4451/8337/8 4449/8336/8
f 4460/8352/282 4458/8353/282 4457/8354/282 4459/8355/282
f 4458/8356/51 4463/8357/51 4464/8358/51 4457/8359/51
f 4463/8360/296 4461/8361/296 4462/8362/296 4464/8363/296
f 4461/8364/52 4460/8365/52 4459/8366/52 4462/8367/52
f 4458/8368/2 4460/8369/2 4461/8361/2 4463/8360/2
f 4464/8363/8 4462/8362/8 4459/8355/8 4457/8354/8
f 4468/8370/282 4466/8371/282 4465/8372/282 4467/8373/282
f 4466/8374/1492 4471/8375/1492 4472/8376/1492 4465/8377/1492
f 4471/8378/296 4469/8379/296 4470/8380/296 4472/8381/296
f 4469/8382/52 4468/8383/52 4467/8384/52 4470/8385/52
f 4466/8386/2 4468/8387/2 4469/8379/2 4471/8378/2
f 4472/8381/8 4470/8380/8 4467/8373/8 4465/8372/8
f 4476/8388/282 4474/8389/282 4473/8390/282 4475/8391/282
f 4474/8392/51 4479/8393/51 4480/8394/51 4473/8395/51
f 4479/8396/296 4477/8397/296 4478/8398/296 4480/8399/296
f 4477/8400/1493 4476/8401/1493 4475/8402/1493 4478/8403/1493
f 4474/8404/2 4476/8405/2 4477/8397/2 4479/8396/2
f 4480/8399/8 4478/8398/8 4475/8391/8 4473/8390/8
f 4484/8406/282 4482/8407/282 4481/8408/282 4483/8409/282
f 4482/8410/1494 4487/8411/1494 4488/8412/1494 4481/8413/1494
f 4487/8414/296 4485/8415/296 4486/8416/296 4488/8417/296
f 4485/8418/52 4484/8419/52 4483/8420/52 4486/8421/52
f 4482/8422/2 4484/8423/2 4485/8415/2 4487/8414/2
f 4488/8417/8 4486/8416/8 4483/8409/8 4481/8408/8
f 4492/8424/282 4490/8425/282 4489/8426/282 4491/8427/282
f 4490/8428/1495 4495/8429/1495 4496/8430/1495 4489/8431/1495
f 4495/8432/296 4493/8433/296 4494/8434/296 4496/8435/296
f 4493/8436/1496 4492/8437/1496 4491/8438/1496 4494/8439/1496
f 4490/8440/2 4492/8441/2 4493/8433/2 4495/8432/2
f 4496/8435/8 4494/8434/8 4491/8427/8 4489/8426/8
f 4500/8442/282 4498/8443/282 4497/8444/282 4499/8445/282
f 4498/8446/51 4503/8447/51 4504/8448/51 4497/8449/51
f 4503/8450/296 4501/8451/296 4502/8452/296 4504/8453/296
f 4501/8454/52 4500/8455/52 4499/8456/52 4502/8457/52
f 4498/8458/2 4500/8459/2 4501/8451/2 4503/8450/2
f 4504/8453/8 4502/8452/8 4499/8445/8 4497/8444/8
f 4508/8460/282 4506/8461/282 4505/8462/282 4507/8463/282
f 4506/8464/51 4511/8465/51 4512/8466/51 4505/8467/51
f 4511/8468/296 4509/8469/296 4510/8470/296 4512/8471/296
f 4509/8472/1497 4508/8473/1497 4507/8474/1497 4510/8475/1497
f 4506/8476/2 4508/8477/2 4509/8469/2 4511/8468/2
f 4512/8471/8 4510/8470/8 4507/8463/8 4505/8462/8
f 4516/8478/282 4514/8479/282 4513/8480/282 4515/8481/282
f 4514/8482/1498 4519/8483/1498 4520/8484/1498 4513/8485/1498
f 4519/8486/296 4517/8487/296 4518/8488/296 4520/8489/296
f 4517/8490/1499 4516/8491/1499 4515/8492/1499 4518/8493/1499
f 4514/8494/2 4516/8495/2 4517/8487/2 4519/8486/2
f 4520/8489/8 4518/8488/8 4515/8481/8 4513/8480/8
f 4524/8496/282 4522/8497/282 4521/8498/282 4523/8499/282
f 4522/8500/1495 4527/8501/1495 4528/8502/1495 4521/8503/1495
f 4527/8504/296 4525/8505/296 4526/8506/296 4528/8507/296
f 4525/8508/1496 4524/8509/1496 4523/8510/1496 4526/8511/1496
f 4522/8512/2 4524/8513/2 4525/8505/2 4527/8504/2
f 4528/8507/8 4526/8506/8 4523/8499/8 4521/8498/8
f 4532/8514/282 4530/8515/282 4529/8516/282 4531/8517/282
f 4530/8518/51 4535/8519/51 4536/8520/51 4529/8521/51
f 4535/8522/296 4533/8523/296 4534/8524/296 4536/8525/296
f 4533/8526/52 4532/8527/52 4531/8528/52 4534/8529/52
f 4530/8530/2 4532/8531/2 4533/8523/2 4535/8522/2
f 4536/8525/8 4534/8524/8 4531/8517/8 4529/8516/8
f 4540/8532/282 4538/8533/282 4537/8534/282 4539/8535/282
f 4538/8536/51 4543/8537/51 4544/8538/51 4537/8539/51
f 4543/8540/296 4541/8541/296 4542/8542/296 4544/8543/296
f 4541/8544/1497 4540/8545/1497 4539/8546/1497 4542/8547/1497
f 4538/8548/2 4540/8549/2 4541/8541/2 4543/8540/2
f 4544/8543/8 4542/8542/8 4539/8535/8 4537/8534/8
f 4548/8550/282 4546/8551/282 4545/8552/282 4547/8553/282
f 4546/8554/1498 4551/8555/1498 4552/8556/1498 4545/8557/1498
f 4551/8558/296 4549/8559/296 4550/8560/296 4552/8561/296
f 4549/8562/1499 4548/8563/1499 4547/8564/1499 4550/8565/1499
f 4546/8566/2 4548/8567/2 4549/8559/2 4551/8558/2
f 4552/8561/8 4550/8560/8 4547/8553/8 4545/8552/8
f 4556/8568/282 4554/8569/282 4553/8570/282 4555/8571/282
f 4554/8572/52 4559/8573/52 4560/8574/52 4553/8575/52
f 4559/8576/296 4557/8577/296 4558/8578/296 4560/8579/296
f 4557/8580/51 4556/8581/51 4555/8582/51 4558/8583/51
f 4554/8584/8 4556/8585/8 4557/8577/8 4559/8576/8
f 4560/8579/2 4558/8578/2 4555/8571/2 4553/8570/2
f 4564/8586/282 4562/8587/282 4561/8588/282 4563/8589/282
f 4562/8590/1500 4567/8591/1500 4568/8592/1500 4561/8593/1500
f 4567/8594/296 4565/8595/296 4566/8596/296 4568/8597/296
f 4565/8598/51 4564/8599/51 4563/8600/51 4566/8601/51
f 4562/8602/8 4564/8603/8 4565/8595/8 4567/8594/8
f 4568/8597/2 4566/8596/2 4563/8589/2 4561/8588/2
f 4572/8604/1501 4570/8605/1501 4569/8606/1501 4571/8607/1501
f 4570/8608/52 4575/8609/52 4576/8610/52 4569/8611/52
f 4575/8612/1502 4573/8613/1502 4574/8614/1502 4576/8615/1502
f 4573/8616/1503 4572/8617/1503 4571/8618/1503 4574/8619/1503
f 4570/8620/8 4572/8621/8 4573/8613/8 4575/8612/8
f 4576/8615/2 4574/8614/2 4571/8607/2 4569/8606/2
f 4580/8622/282 4578/8623/282 4577/8624/282 4579/8625/282
f 4578/8626/1504 4583/8627/1504 4584/8628/1504 4577/8629/1504
f 4583/8630/296 4581/8631/296 4582/8632/296 4584/8633/296
f 4581/8634/51 4580/8635/51 4579/8636/51 4582/8637/51
f 4578/8638/8 4580/8639/8 4581/8631/8 4583/8630/8
f 4584/8633/2 4582/8632/2 4579/8625/2 4577/8624/2
f 4588/8640/282 4586/8641/282 4585/8642/282 4587/8643/282
f 4586/8644/52 4591/8645/52 4592/8646/52 4585/8647/52
f 4591/8648/296 4589/8649/296 4590/8650/296 4592/8651/296
f 4589/8652/51 4588/8653/51 4587/8654/51 4590/8655/51
f 4586/8656/8 4588/8657/8 4589/8649/8 4591/8648/8
f 4592/8651/2 4590/8650/2 4587/8643/2 4585/8642/2
f 4596/8658/282 4594/8659/282 4593/8660/282 4595/8661/282
f 4594/8662/1500 4599/8663/1500 4600/8664/1500 4593/8665/1500
f 4599/8666/296 4597/8667/296 4598/8668/296 4600/8669/296
f 4597/8670/51 4596/8671/51 4595/8672/51 4598/8673/51
f 4594/8674/8 4596/8675/8 4597/8667/8 4599/8666/8
f 4600/8669/2 4598/8668/2 4595/8661/2 4593/8660/2
f 4604/8676/282 4602/8677/282 4601/8678/282 4603/8679/282
f 4602/8680/52 4607/8681/52 4608/8682/52 4601/8683/52
f 4607/8684/296 4605/8685/296 4606/8686/296 4608/8687/296
f 4605/8688/1503 4604/8689/1503 4603/8690/1503 4606/8691/1503
f 4602/8692/8 4604/8693/8 4605/8685/8 4607/8684/8
f 4608/8687/2 4606/8686/2 4603/8679/2 4601/8678/2
f 4612/8694/282 4610/8695/282 4609/8696/282 4611/8697/282
f 4610/8698/1504 4615/8699/1504 4616/8700/1504 4609/8701/1504
f 4615/8702/296 4613/8703/296 4614/8704/296 4616/8705/296
f 4613/8706/51 4612/8707/51 4611/8708/51 4614/8709/51
f 4610/8710/8 4612/8711/8 4613/8703/8 4615/8702/8
f 4616/8705/2 4614/8704/2 4611/8697/2 4609/8696/2
f 4620/8712/282 4618/8713/282 4617/8714/282 4619/8715/282
f 4618/8716/1505 4623/8717/1505 4624/8718/1505 4617/8719/1505
f 4623/8720/296 4621/8721/296 4622/8722/296 4624/8723/296
f 4621/8724/1506 4620/8725/1506 4619/8726/1506 4622/8727/1506
f 4618/8728/8 4620/8729/8 4621/8721/8 4623/8720/8
f 4624/8723/2 4622/8722/2 4619/8715/2 4617/8714/2
f 4628/8730/282 4626/8731/282 4625/8732/282 4627/8733/282
f 4626/8734/52 4631/8735/52 4632/8736/52 4625/8737/52
f 4631/8738/296 4629/8739/296 4630/8740/296 4632/8741/296
f 4629/8742/51 4628/8743/51 4627/8744/51 4630/8745/51
f 4626/8746/8 4628/8747/8 4629/8739/8 4631/8738/8
f 4632/8741/2 4630/8740/2 4627/8733/2 4625/8732/2
f 4636/8748/282 4634/8749/282 4633/8750/282 4635/8751/282
f 4634/8752/52 4639/8753/52 4640/8754/52 4633/8755/52
f 4639/8756/296 4637/8757/296 4638/8758/296 4640/8759/296
f 4637/8760/1507 4636/8761/1507 4635/8762/1507 4638/8763/1507
f 4634/8764/8 4636/8765/8 4637/8757/8 4639/8756/8
f 4640/8759/2 4638/8758/2 4635/8751/2 4633/8750/2
f 4644/8766/282 4642/8767/282 4641/8768/282 4643/8769/282
f 4642/8770/1508 4647/8771/1508 4648/8772/1508 4641/8773/1508
f 4647/8774/296 4645/8775/296 4646/8776/296 4648/8777/296
f 4645/8778/1509 4644/8779/1509 4643/8780/1509 4646/8781/1509
f 4642/8782/8 4644/8783/8 4645/8775/8 4647/8774/8
f 4648/8777/2 4646/8776/2 4643/8769/2 4641/8768/2
f 4652/8784/282 4650/8785/282 4649/8786/282 4651/8787/282
f 4650/8788/1505 4655/8789/1505 4656/8790/1505 4649/8791/1505
f 4655/8792/296 4653/8793/296 4654/8794/296 4656/8795/296
f 4653/8796/1506 4652/8797/1506 4651/8798/1506 4654/8799/1506
f 4650/8800/8 4652/8801/8 4653/8793/8 4655/8792/8
f 4656/8795/2 4654/8794/2 4651/8787/2 4649/8786/2
f 4660/8802/282 4658/8803/282 4657/8804/282 4659/8805/282
f 4658/8806/52 4663/8807/52 4664/8808/52 4657/8809/52
f 4663/8810/296 4661/8811/296 4662/8812/296 4664/8813/296
f 4661/8814/51 4660/8815/51 4659/8816/51 4662/8817/51
f 4658/8818/8 4660/8819/8 4661/8811/8 4663/8810/8
f 4664/8813/2 4662/8812/2 4659/8805/2 4657/8804/2
f 4668/8820/282 4666/8821/282 4665/8822/282 4667/8823/282
f 4666/8824/52 4671/8825/52 4672/8826/52 4665/8827/52
f 4671/8828/296 4669/8829/296 4670/8830/296 4672/8831/296
f 4669/8832/1507 4668/8833/1507 4667/8834/1507 4670/8835/1507
f 4666/8836/8 4668/8837/8 4669/8829/8 4671/8828/8
f 4672/8831/2 4670/8830/2 4667/8823/2 4665/8822/2
f 4676/8838/282 4674/8839/282 4673/8840/282 4675/8841/282
f 4674/8842/1508 4679/8843/1508 4680/8844/1508 4673/8845/1508
f 4679/8846/296 4677/8847/296 4678/8848/296 4680/8849/296
f 4677/8850/1509 4676/8851/1509 4675/8852/1509 4678/8853/1509
f 4674/8854/8 4676/8855/8 4677/8847/8 4679/8846/8
f 4680/8849/2 4678/8848/2 4675/8841/2 4673/8840/2
f 4684/8856/282 4683/8857/282 4681/8858/282 4682/8859/282
f 4682/8860/52 4681/8861/52 4688/8862/52 4687/8863/52
f 4687/8864/296 4688/8865/296 4686/8866/296 4685/8867/296
f 4685/8868/51 4686/8869/51 4683/8870/51 4684/8871/51
f 4682/8872/2 4687/8864/2 4685/8867/2 4684/8873/2
f 4688/8865/8 4681/8858/8 4683/8857/8 4686/8866/8
f 4692/8874/282 4691/8875/282 4689/8876/282 4690/8877/282
f 4690/8878/1510 4689/8879/1510 4696/8880/1510 4695/8881/1510
f 4695/8882/296 4696/8883/296 4694/8884/296 4693/8885/296
f 4693/8886/51 4694/8887/51 4691/8888/51 4692/8889/51
f 4690/8890/2 4695/8882/2 4693/8885/2 4692/8891/2
f 4696/8883/8 4689/8876/8 4691/8875/8 4694/8884/8
f 4700/8892/282 4699/8893/282 4697/8894/282 4698/8895/282
f 4698/8896/52 4697/8897/52 4704/8898/52 4703/8899/52
f 4703/8900/296 4704/8901/296 4702/8902/296 4701/8903/296
f 4701/8904/1511 4702/8905/1511 4699/8906/1511 4700/8907/1511
f 4698/8908/2 4703/8900/2 4701/8903/2 4700/8909/2
f 4704/8901/8 4697/8894/8 4699/8893/8 4702/8902/8
f 4708/8910/282 4707/8911/282 4705/8912/282 4706/8913/282
f 4706/8914/1512 4705/8915/1512 4712/8916/1512 4711/8917/1512
f 4711/8918/296 4712/8919/296 4710/8920/296 4709/8921/296
f 4709/8922/51 4710/8923/51 4707/8924/51 4708/8925/51
f 4706/8926/2 4711/8918/2 4709/8921/2 4708/8927/2
f 4712/8919/8 4705/8912/8 4707/8911/8 4710/8920/8
f 4716/8928/282 4715/8929/282 4713/8930/282 4714/8931/282
f 4714/8932/52 4713/8933/52 4720/8934/52 4719/8935/52
f 4719/8936/296 4720/8937/296 4718/8938/296 4717/8939/296
f 4717/8940/51 4718/8941/51 4715/8942/51 4716/8943/51
f 4714/8944/2 4719/8936/2 4717/8939/2 4716/8945/2
f 4720/8937/8 4713/8930/8 4715/8929/8 4718/8938/8
f 4724/8946/282 4723/8947/282 4721/8948/282 4722/8949/282
f 4722/8950/1510 4721/8951/1510 4728/8952/1510 4727/8953/1510
f 4727/8954/296 4728/8955/296 4726/8956/296 4725/8957/296
f 4725/8958/51 4726/8959/51 4723/8960/51 4724/8961/51
f 4722/8962/2 4727/8954/2 4725/8957/2 4724/8963/2
f 4728/8955/8 4721/8948/8 4723/8947/8 4726/8956/8
f 4732/8964/282 4731/8965/282 4729/8966/282 4730/8967/282
f 4730/8968/52 4729/8969/52 4736/8970/52 4735/8971/52
f 4735/8972/296 4736/8973/296 4734/8974/296 4733/8975/296
f 4733/8976/1511 4734/8977/1511 4731/8978/1511 4732/8979/1511
f 4730/8980/2 4735/8972/2 4733/8975/2 4732/8981/2
f 4736/8973/8 4729/8966/8 4731/8965/8 4734/8974/8
f 4740/8982/282 4739/8983/282 4737/8984/282 4738/8985/282
f 4738/8986/1512 4737/8987/1512 4744/8988/1512 4743/8989/1512
f 4743/8990/296 4744/8991/296 4742/8992/296 4741/8993/296
f 4741/8994/51 4742/8995/51 4739/8996/51 4740/8997/51
f 4738/8998/2 4743/8990/2 4741/8993/2 4740/8999/2
f 4744/8991/8 4737/8984/8 4739/8983/8 4742/8992/8
f 4748/9000/282 4747/9001/282 4745/9002/282 4746/9003/282
f 4746/9004/1513 4745/9005/1513 4752/9006/1513 4751/9007/1513
f 4751/9008/296 4752/9009/296 4750/9010/296 4749/9011/296
f 4749/9012/1514 4750/9013/1514 4747/9014/1514 4748/9015/1514
f 4746/9016/2 4751/9008/2 4749/9011/2 4748/9017/2
f 4752/9009/8 4745/9002/8 4747/9001/8 4750/9010/8
f 4756/9018/282 4755/9019/282 4753/9020/282 4754/9021/282
f 4754/9022/52 4753/9023/52 4760/9024/52 4759/9025/52
f 4759/9026/296 4760/9027/296 4758/9028/296 4757/9029/296
f 4757/9030/51 4758/9031/51 4755/9032/51 4756/9033/51
f 4754/9034/2 4759/9026/2 4757/9029/2 4756/9035/2
f 4760/9027/8 4753/9020/8 4755/9019/8 4758/9028/8
f 4764/9036/282 4763/9037/282 4761/9038/282 4762/9039/282
f 4762/9040/52 4761/9041/52 4768/9042/52 4767/9043/52
f 4767/9044/296 4768/9045/296 4766/9046/296 4765/9047/296
f 4765/9048/1515 4766/9049/1515 4763/9050/1515 4764/9051/1515
f 4762/9052/2 4767/9044/2 4765/9047/2 4764/9053/2
f 4768/9045/8 4761/9038/8 4763/9037/8 4766/9046/8
f 4772/9054/282 4771/9055/282 4769/9056/282 4770/9057/282
f 4770/9058/1516 4769/9059/1516 4776/9060/1516 4775/9061/1516
f 4775/9062/296 4776/9063/296 4774/9064/296 4773/9065/296
f 4773/9066/1517 4774/9067/1517 4771/9068/1517 4772/9069/1517
f 4770/9070/2 4775/9062/2 4773/9065/2 4772/9071/2
f 4776/9063/8 4769/9056/8 4771/9055/8 4774/9064/8
f 4780/9072/282 4779/9073/282 4777/9074/282 4778/9075/282
f 4778/9076/1513 4777/9077/1513 4784/9078/1513 4783/9079/1513
f 4783/9080/296 4784/9081/296 4782/9082/296 4781/9083/296
f 4781/9084/1514 4782/9085/1514 4779/9086/1514 4780/9087/1514
f 4778/9088/2 4783/9080/2 4781/9083/2 4780/9089/2
f 4784/9081/8 4777/9074/8 4779/9073/8 4782/9082/8
f 4788/9090/282 4787/9091/282 4785/9092/282 4786/9093/282
f 4786/9094/52 4785/9095/52 4792/9096/52 4791/9097/52
f 4791/9098/296 4792/9099/296 4790/9100/296 4789/9101/296
f 4789/9102/51 4790/9103/51 4787/9104/51 4788/9105/51
f 4786/9106/2 4791/9098/2 4789/9101/2 4788/9107/2
f 4792/9099/8 4785/9092/8 4787/9091/8 4790/9100/8
f 4796/9108/282 4795/9109/282 4793/9110/282 4794/9111/282
f 4794/9112/52 4793/9113/52 4800/9114/52 4799/9115/52
f 4799/9116/296 4800/9117/296 4798/9118/296 4797/9119/296
f 4797/9120/1515 4798/9121/1515 4795/9122/1515 4796/9123/1515
f 4794/9124/2 4799/9116/2 4797/9119/2 4796/9125/2
f 4800/9117/8 4793/9110/8 4795/9109/8 4798/9118/8
f 4804/9126/282 4803/9127/282 4801/9128/282 4802/9129/282
f 4802/9130/1516 4801/9131/1516 4808/9132/1516 4807/9133/1516
f 4807/9134/296 4808/9135/296 4806/9136/296 4805/9137/296
f 4805/9138/1517 4806/9139/1517 4803/9140/1517 4804/9141/1517
f 4802/9142/2 4807/9134/2 4805/9137/2 4804/9143/2
f 4808/9135/8 4801/9128/8 4803/9127/8 4806/9136/8
f 4812/9144/282 4811/9145/282 4809/9146/282 4810/9147/282
f 4810/9148/51 4809/9149/51 4816/9150/51 4815/9151/51
f 4815/9152/296 4816/9153/296 4814/9154/296 4813/9155/296
f 4813/9156/52 4814/9157/52 4811/9158/52 4812/9159/52
f 4810/9160/8 4815/9152/8 4813/9155/8 4812/9161/8
f 4816/9153/2 4809/9146/2 4811/9145/2 4814/9154/2
f 4820/9162/282 4819/9163/282 4817/9164/282 4818/9165/282
f 4818/9166/1484 4817/9167/1484 4824/9168/1484 4823/9169/1484
f 4823/9170/296 4824/9171/296 4822/9172/296 4821/9173/296
f 4821/9174/52 4822/9175/52 4819/9176/52 4820/9177/52
f 4818/9178/8 4823/9170/8 4821/9173/8 4820/9179/8
f 4824/9171/2 4817/9164/2 4819/9163/2 4822/9172/2
f 4828/9180/282 4827/9181/282 4825/9182/282 4826/9183/282
f 4826/9184/51 4825/9185/51 4832/9186/51 4831/9187/51
f 4831/9188/296 4832/9189/296 4830/9190/296 4829/9191/296
f 4829/9192/1485 4830/9193/1485 4827/9194/1485 4828/9195/1485
f 4826/9196/8 4831/9188/8 4829/9191/8 4828/9197/8
f 4832/9189/2 4825/9182/2 4827/9181/2 4830/9190/2
f 4836/9198/282 4835/9199/282 4833/9200/282 4834/9201/282
f 4834/9202/1486 4833/9203/1486 4840/9204/1486 4839/9205/1486
f 4839/9206/296 4840/9207/296 4838/9208/296 4837/9209/296
f 4837/9210/52 4838/9211/52 4835/9212/52 4836/9213/52
f 4834/9214/8 4839/9206/8 4837/9209/8 4836/9215/8
f 4840/9207/2 4833/9200/2 4835/9199/2 4838/9208/2
f 4844/9216/282 4843/9217/282 4841/9218/282 4842/9219/282
f 4842/9220/1487 4841/9221/1487 4848/9222/1487 4847/9223/1487
f 4847/9224/296 4848/9225/296 4846/9226/296 4845/9227/296
f 4845/9228/1488 4846/9229/1488 4843/9230/1488 4844/9231/1488
f 4842/9232/8 4847/9224/8 4845/9227/8 4844/9233/8
f 4848/9225/2 4841/9218/2 4843/9217/2 4846/9226/2
f 4852/9234/282 4851/9235/282 4849/9236/282 4850/9237/282
f 4850/9238/51 4849/9239/51 4856/9240/51 4855/9241/51
f 4855/9242/296 4856/9243/296 4854/9244/296 4853/9245/296
f 4853/9246/52 4854/9247/52 4851/9248/52 4852/9249/52
f 4850/9250/8 4855/9242/8 4853/9245/8 4852/9251/8
f 4856/9243/2 4849/9236/2 4851/9235/2 4854/9244/2
f 4860/9252/282 4859/9253/282 4857/9254/282 4858/9255/282
f 4858/9256/51 4857/9257/51 4864/9258/51 4863/9259/51
f 4863/9260/296 4864/9261/296 4862/9262/296 4861/9263/296
f 4861/9264/1489 4862/9265/1489 4859/9266/1489 4860/9267/1489
f 4858/9268/8 4863/9260/8 4861/9263/8 4860/9269/8
f 4864/9261/2 4857/9254/2 4859/9253/2 4862/9262/2
f 4868/9270/282 4867/9271/282 4865/9272/282 4866/9273/282
f 4866/9274/1518 4865/9275/1518 4872/9276/1518 4871/9277/1518
f 4871/9278/296 4872/9279/296 4870/9280/296 4869/9281/296
f 4869/9282/1519 4870/9283/1519 4867/9284/1519 4868/9285/1519
f 4866/9286/8 4871/9278/8 4869/9281/8 4868/9287/8
f 4872/9279/2 4865/9272/2 4867/9271/2 4870/9280/2
f 4876/9288/282 4875/9289/282 4873/9290/282 4874/9291/282
f 4874/9292/51 4873/9293/51 4880/9294/51 4879/9295/51
f 4879/9296/296 4880/9297/296 4878/9298/296 4877/9299/296
f 4877/9300/52 4878/9301/52 4875/9302/52 4876/9303/52
f 4874/9304/8 4879/9296/8 4877/9299/8 4876/9305/8
f 4880/9297/2 4873/9290/2 4875/9289/2 4878/9298/2
f 4884/9306/282 4883/9307/282 4881/9308/282 4882/9309/282
f 4882/9310/1520 4881/9311/1520 4888/9312/1520 4887/9313/1520
f 4887/9314/296 4888/9315/296 4886/9316/296 4885/9317/296
f 4885/9318/52 4886/9319/52 4883/9320/52 4884/9321/52
f 4882/9322/8 4887/9314/8 4885/9317/8 4884/9323/8
f 4888/9315/2 4881/9308/2 4883/9307/2 4886/9316/2
f 4892/9324/282 4891/9325/282 4889/9326/282 4890/9327/282
f 4890/9328/51 4889/9329/51 4896/9330/51 4895/9331/51
f 4895/9332/296 4896/9333/296 4894/9334/296 4893/9335/296
f 4893/9336/1521 4894/9337/1521 4891/9338/1521 4892/9339/1521
f 4890/9340/8 4895/9332/8 4893/9335/8 4892/9341/8
f 4896/9333/2 4889/9326/2 4891/9325/2 4894/9334/2
f 4900/9342/282 4899/9343/282 4897/9344/282 4898/9345/282
f 4898/9346/1522 4897/9347/1522 4904/9348/1522 4903/9349/1522
f 4903/9350/296 4904/9351/296 4902/9352/296 4901/9353/296
f 4901/9354/52 4902/9355/52 4899/9356/52 4900/9357/52
f 4898/9358/8 4903/9350/8 4901/9353/8 4900/9359/8
f 4904/9351/2 4897/9344/2 4899/9343/2 4902/9352/2
f 4908/9360/282 4907/9361/282 4905/9362/282 4906/9363/282
f 4906/9364/1523 4905/9365/1523 4912/9366/1523 4911/9367/1523
f 4911/9368/296 4912/9369/296 4910/9370/296 4909/9371/296
f 4909/9372/1524 4910/9373/1524 4907/9374/1524 4908/9375/1524
f 4906/9376/8 4911/9368/8 4909/9371/8 4908/9377/8
f 4912/9369/2 4905/9362/2 4907/9361/2 4910/9370/2
f 4916/9378/282 4915/9379/282 4913/9380/282 4914/9381/282
f 4914/9382/51 4913/9383/51 4920/9384/51 4919/9385/51
f 4919/9386/296 4920/9387/296 4918/9388/296 4917/9389/296
f 4917/9390/52 4918/9391/52 4915/9392/52 4916/9393/52
f 4914/9394/8 4919/9386/8 4917/9389/8 4916/9395/8
f 4920/9387/2 4913/9380/2 4915/9379/2 4918/9388/2
f 4924/9396/282 4923/9397/282 4921/9398/282 4922/9399/282
f 4922/9400/51 4921/9401/51 4928/9402/51 4927/9403/51
f 4927/9404/296 4928/9405/296 4926/9406/296 4925/9407/296
f 4925/9408/1525 4926/9409/1525 4923/9410/1525 4924/9411/1525
f 4922/9412/8 4927/9404/8 4925/9407/8 4924/9413/8
f 4928/9405/2 4921/9398/2 4923/9397/2 4926/9406/2
f 4932/9414/282 4931/9415/282 4929/9416/282 4930/9417/282
f 4930/9418/1526 4929/9419/1526 4936/9420/1526 4935/9421/1526
f 4935/9422/296 4936/9423/296 4934/9424/296 4933/9425/296
f 4933/9426/1527 4934/9427/1527 4931/9428/1527 4932/9429/1527
f 4930/9430/8 4935/9422/8 4933/9425/8 4932/9431/8
f 4936/9423/2 4929/9416/2 4931/9415/2 4934/9424/2
f 4940/9432/282 4939/9433/282 4937/9434/282 4938/9435/282
f 4938/9436/51 4937/9437/51 4944/9438/51 4943/9439/51
f 4943/9440/296 4944/9441/296 4942/9442/296 4941/9443/296
f 4941/9444/52 4942/9445/52 4939/9446/52 4940/9447/52
f 4938/9448/8 4943/9440/8 4941/9443/8 4940/9449/8
f 4944/9441/2 4937/9434/2 4939/9433/2 4942/9442/2
f 4948/9450/282 4947/9451/282 4945/9452/282 4946/9453/282
f 4946/9454/1520 4945/9455/1520 4952/9456/1520 4951/9457/1520
f 4951/9458/296 4952/9459/296 4950/9460/296 4949/9461/296
f 4949/9462/52 4950/9463/52 4947/9464/52 4948/9465/52
f 4946/9466/8 4951/9458/8 4949/9461/8 4948/9467/8
f 4952/9459/2 4945/9452/2 4947/9451/2 4950/9460/2
f 4956/9468/282 4955/9469/282 4953/9470/282 4954/9471/282
f 4954/9472/51 4953/9473/51 4960/9474/51 4959/9475/51
f 4959/9476/296 4960/9477/296 4958/9478/296 4957/9479/296
f 4957/9480/1521 4958/9481/1521 4955/9482/1521 4956/9483/1521
f 4954/9484/8 4959/9476/8 4957/9479/8 4956/9485/8
f 4960/9477/2 4953/9470/2 4955/9469/2 4958/9478/2
f 4964/9486/282 4963/9487/282 4961/9488/282 4962/9489/282
f 4962/9490/1522 4961/9491/1522 4968/9492/1522 4967/9493/1522
f 4967/9494/296 4968/9495/296 4966/9496/296 4965/9497/296
f 4965/9498/52 4966/9499/52 4963/9500/52 4964/9501/52
f 4962/9502/8 4967/9494/8 4965/9497/8 4964/9503/8
f 4968/9495/2 4961/9488/2 4963/9487/2 4966/9496/2
f 4972/9504/282 4971/9505/282 4969/9506/282 4970/9507/282
f 4970/9508/1523 4969/9509/1523 4976/9510/1523 4975/9511/1523
f 4975/9512/296 4976/9513/296 4974/9514/296 4973/9515/296
f 4973/9516/1524 4974/9517/1524 4971/9518/1524 4972/9519/1524
f 4970/9520/8 4975/9512/8 4973/9515/8 4972/9521/8
f 4976/9513/2 4969/9506/2 4971/9505/2 4974/9514/2
f 4980/9522/282 4979/9523/282 4977/9524/282 4978/9525/282
f 4978/9526/51 4977/9527/51 4984/9528/51 4983/9529/51
f 4983/9530/296 4984/9531/296 4982/9532/296 4981/9533/296
f 4981/9534/52 4982/9535/52 4979/9536/52 4980/9537/52
f 4978/9538/8 4983/9530/8 4981/9533/8 4980/9539/8
f 4984/9531/2 4977/9524/2 4979/9523/2 4982/9532/2
f 4988/9540/282 4987/9541/282 4985/9542/282 4986/9543/282
f 4986/9544/51 4985/9545/51 4992/9546/51 4991/9547/51
f 4991/9548/296 4992/9549/296 4990/9550/296 4989/9551/296
f 4989/9552/1525 4990/9553/1525 4987/9554/1525 4988/9555/1525
f 4986/9556/8 4991/9548/8 4989/9551/8 4988/9557/8
f 4992/9549/2 4985/9542/2 4987/9541/2 4990/9550/2
f 4996/9558/282 4995/9559/282 4993/9560/282 4994/9561/282
f 4994/9562/1526 4993/9563/1526 5000/9564/1526 4999/9565/1526
f 4999/9566/296 5000/9567/296 4998/9568/296 4997/9569/296
f 4997/9570/1527 4998/9571/1527 4995/9572/1527 4996/9573/1527
f 4994/9574/8 4999/9566/8 4997/9569/8 4996/9575/8
f 5000/9567/2 4993/9560/2 4995/9559/2 4998/9568/2
f 5004/9576/282 5003/9577/282 5001/9578/282 5002/9579/282
f 5002/9580/51 5001/9581/51 5008/9582/51 5007/9583/51
f 5007/9584/296 5008/9585/296 5006/9586/296 5005/9587/296
f 5005/9588/52 5006/9589/52 5003/9590/52 5004/9591/52
f 5002/9592/8 5007/9584/8 5005/9587/8 5004/9593/8
f 5008/9585/2 5001/9578/2 5003/9577/2 5006/9586/2
f 5012/9594/282 5011/9595/282 5009/9596/282 5010/9597/282
f 5010/9598/1520 5009/9599/1520 5016/9600/1520 5015/9601/1520
f 5015/9602/296 5016/9603/296 5014/9604/296 5013/9605/296
f 5013/9606/52 5014/9607/52 5011/9608/52 5012/9609/52
f 5010/9610/8 5015/9602/8 5013/9605/8 5012/9611/8
f 5016/9603/2 5009/9596/2 5011/9595/2 5014/9604/2
f 5020/9612/282 5019/9613/282 5017/9614/282 5018/9615/282
f 5018/9616/51 5017/9617/51 5024/9618/51 5023/9619/51
f 5023/9620/296 5024/9621/296 5022/9622/296 5021/9623/296
f 5021/9624/1521 5022/9625/1521 5019/9626/1521 5020/9627/1521
f 5018/9628/8 5023/9620/8 5021/9623/8 5020/9629/8
f 5024/9621/2 5017/9614/2 5019/9613/2 5022/9622/2
f 5028/9630/282 5027/9631/282 5025/9632/282 5026/9633/282
f 5026/9634/1522 5025/9635/1522 5032/9636/1522 5031/9637/1522
f 5031/9638/296 5032/9639/296 5030/9640/296 5029/9641/296
f 5029/9642/52 5030/9643/52 5027/9644/52 5028/9645/52
f 5026/9646/8 5031/9638/8 5029/9641/8 5028/9647/8
f 5032/9639/2 5025/9632/2 5027/9631/2 5030/9640/2
f 5036/9648/282 5035/9649/282 5033/9650/282 5034/9651/282
f 5034/9652/1523 5033/9653/1523 5040/9654/1523 5039/9655/1523
f 5039/9656/296 5040/9657/296 5038/9658/296 5037/9659/296
f 5037/9660/1524 5038/9661/1524 5035/9662/1524 5036/9663/1524
f 5034/9664/8 5039/9656/8 5037/9659/8 5036/9665/8
f 5040/9657/2 5033/9650/2 5035/9649/2 5038/9658/2
f 5044/9666/282 5043/9667/282 5041/9668/282 5042/9669/282
f 5042/9670/51 5041/9671/51 5048/9672/51 5047/9673/51
f 5047/9674/296 5048/9675/296 5046/9676/296 5045/9677/296
f 5045/9678/52 5046/9679/52 5043/9680/52 5044/9681/52
f 5042/9682/8 5047/9674/8 5045/9677/8 5044/9683/8
f 5048/9675/2 5041/9668/2 5043/9667/2 5046/9676/2
f 5052/9684/282 5051/9685/282 5049/9686/282 5050/9687/282
f 5050/9688/51 5049/9689/51 5056/9690/51 5055/9691/51
f 5055/9692/296 5056/9693/296 5054/9694/296 5053/9695/296
f 5053/9696/1525 5054/9697/1525 5051/9698/1525 5052/9699/1525
f 5050/9700/8 5055/9692/8 5053/9695/8 5052/9701/8
f 5056/9693/2 5049/9686/2 5051/9685/2 5054/9694/2
f 5060/9702/282 5059/9703/282 5057/9704/282 5058/9705/282
f 5058/9706/1526 5057/9707/1526 5064/9708/1526 5063/9709/1526
f 5063/9710/296 5064/9711/296 5062/9712/296 5061/9713/296
f 5061/9714/1527 5062/9715/1527 5059/9716/1527 5060/9717/1527
f 5058/9718/8 5063/9710/8 5061/9713/8 5060/9719/8
f 5064/9711/2 5057/9704/2 5059/9703/2 5062/9712/2
f 5068/9720/282 5067/9721/282 5065/9722/282 5066/9723/282
f 5066/9724/1528 5065/9725/1528 5072/9726/1528 5071/9727/1528
f 5071/9728/296 5072/9729/296 5070/9730/296 5069/9731/296
f 5069/9732/1529 5070/9733/1529 5067/9734/1529 5068/9735/1529
f 5066/9736/8 5071/9728/8 5069/9731/8 5068/9737/8
f 5072/9729/2 5065/9722/2 5067/9721/2 5070/9730/2
f 5076/9738/282 5075/9739/282 5073/9740/282 5074/9741/282
f 5074/9742/51 5073/9743/51 5080/9744/51 5079/9745/51
f 5079/9746/296 5080/9747/296 5078/9748/296 5077/9749/296
f 5077/9750/52 5078/9751/52 5075/9752/52 5076/9753/52
f 5074/9754/8 5079/9746/8 5077/9749/8 5076/9755/8
f 5080/9747/2 5073/9740/2 5075/9739/2 5078/9748/2
f 5084/9756/282 5083/9757/282 5081/9758/282 5082/9759/282
f 5082/9760/51 5081/9761/51 5088/9762/51 5087/9763/51
f 5087/9764/296 5088/9765/296 5086/9766/296 5085/9767/296
f 5085/9768/1530 5086/9769/1530 5083/9770/1530 5084/9771/1530
f 5082/9772/8 5087/9764/8 5085/9767/8 5084/9773/8
f 5088/9765/2 5081/9758/2 5083/9757/2 5086/9766/2
f 5092/9774/282 5091/9775/282 5089/9776/282 5090/9777/282
f 5090/9778/1531 5089/9779/1531 5096/9780/1531 5095/9781/1531
f 5095/9782/296 5096/9783/296 5094/9784/296 5093/9785/296
f 5093/9786/1532 5094/9787/1532 5091/9788/1532 5092/9789/1532
f 5090/9790/8 5095/9782/8 5093/9785/8 5092/9791/8
f 5096/9783/2 5089/9776/2 5091/9775/2 5094/9784/2
