# Blender v2.79 (sub 0) OBJ File: 'viking_watchtower.blend'
# www.blender.org
mtllib LOD1_viking_watchtower.mtl
o enforcement.001_Cube.034
v -6.650419 19.712374 3.281559
v -6.721393 19.685085 3.274771
v -6.610553 19.680273 3.281709
v -6.593065 19.625973 3.252295
v -6.657652 19.593075 3.247603
v -6.716197 19.626863 3.249956
v -6.616589 21.151436 0.007341
v -6.684082 21.137333 -0.004383
v -6.554010 21.101110 0.000848
v -6.572964 21.036467 -0.019722
v -6.639878 21.027620 -0.033890
v -6.688069 21.077581 -0.024909
v -7.036884 19.478582 3.245402
v -7.100442 19.445482 3.249347
v -6.990606 19.456669 3.239209
v -6.972442 19.398054 3.204185
v -7.048366 19.344444 3.216819
v -7.102463 19.375694 3.232412
v -7.266862 21.170254 -0.188197
v -7.322174 21.164248 -0.189973
v -7.205170 21.139421 -0.187011
v -7.204008 21.062351 -0.206112
v -7.271861 21.056988 -0.218926
v -7.322410 21.081966 -0.219359
v -8.937415 19.909908 1.867724
v -9.023157 20.017864 1.919791
v -9.087207 19.997915 1.912823
v -9.032731 19.891237 1.853372
v -8.935724 19.980957 1.912995
v -9.092025 19.918127 1.875655
v -8.914647 19.807676 1.965289
v -8.974594 19.910599 2.022127
v -9.040489 19.890240 2.019098
v -8.985337 19.787178 1.951439
v -8.907758 19.872919 2.005250
v -9.044577 19.809227 1.971920
v -7.463697 20.062923 1.505704
v -7.475958 19.992498 1.468835
v -7.397887 19.949863 1.457804
v -7.338032 19.974281 1.468220
v -7.400105 20.080336 1.513424
v -7.338314 20.052475 1.505433
v -6.159713 19.358265 3.286233
v -6.221839 19.333281 3.274992
v -6.109598 19.326958 3.276942
v -6.112185 19.269579 3.251745
v -6.167284 19.261740 3.246889
v -6.217630 19.283222 3.253297
v -6.124593 21.165037 -0.047909
v -6.188907 21.148338 -0.075928
v -6.078919 21.135548 -0.066733
v -6.082286 21.080496 -0.086838
v -6.134915 21.063099 -0.099539
v -6.187063 21.092892 -0.091037
v -4.965042 19.277309 3.297875
v -5.048174 19.250643 3.297469
v -4.926020 19.241831 3.294113
v -4.921450 19.192202 3.272167
v -4.982108 19.145330 3.268170
v -5.032340 19.182735 3.274571
v -4.961598 21.089375 -0.014407
v -5.041908 21.044386 -0.025008
v -4.912118 21.056414 -0.026735
v -4.916211 20.986771 -0.050713
v -4.978987 20.963703 -0.062923
v -5.031635 20.979902 -0.054884
v -5.527112 19.313147 3.242721
v -5.586112 19.275236 3.234939
v -5.467193 19.285849 3.237657
v -5.469759 19.210058 3.212135
v -5.521946 19.190590 3.194041
v -5.589638 19.217308 3.207772
v -5.553057 21.063803 -0.046345
v -5.620899 21.048254 -0.032466
v -5.494929 21.040976 -0.042311
v -5.504249 20.968967 -0.080920
v -5.565892 20.950804 -0.084636
v -5.618881 20.984562 -0.074154
v -9.530508 20.512934 0.226319
v -9.521662 20.457850 0.321019
v -9.529094 20.645632 0.234234
v -9.523182 20.699833 0.360004
v -9.533653 20.648523 0.449762
v -9.513610 20.533073 0.446152
v -9.086249 20.254440 1.344731
v -9.102840 20.235453 1.392084
v -9.089972 20.318890 1.359332
v -9.111256 20.343153 1.412214
v -9.090815 20.300476 1.467098
v -9.095727 20.240528 1.445116
v -4.455078 20.297098 1.162961
v -4.436250 20.259201 1.201947
v -4.436287 20.339619 1.169123
v -4.457034 20.360388 1.224963
v -4.435803 20.329437 1.244939
v -4.452910 20.283903 1.257289
v -9.133144 19.719711 2.142516
v -9.119576 19.683224 2.204907
v -9.116224 19.777933 2.166381
v -9.127150 19.784206 2.218719
v -9.129776 19.749699 2.253731
v -9.135620 19.707424 2.249728
v -8.865207 20.082796 1.528478
v -8.996344 20.088684 1.521143
v -8.929687 20.193481 1.567605
v -8.995053 20.175594 1.559817
v -8.934292 20.059845 1.512551
v -8.862090 20.154303 1.564050
v -6.706504 20.335997 1.593919
v -6.642073 20.226738 1.540492
v -6.564253 20.327509 1.592590
v -6.626519 20.364071 1.606332
v -6.565316 20.256475 1.556441
v -6.707929 20.271572 1.557104
v -6.210691 20.198978 1.594412
v -6.151554 20.119774 1.555924
v -6.088146 20.197319 1.598081
v -6.141472 20.225548 1.614464
v -6.092143 20.137285 1.567301
v -6.206689 20.143124 1.567792
v -5.617699 20.283213 1.572929
v -5.555211 20.185051 1.518677
v -5.484571 20.292587 1.565638
v -5.546666 20.315643 1.574779
v -5.490568 20.209347 1.526054
v -5.621271 20.212847 1.536330
v -7.221259 20.324486 1.490574
v -7.157794 20.349358 1.492085
v -7.225372 20.242785 1.458334
v -7.167213 20.213501 1.445093
v -7.087426 20.251585 1.447375
v -7.095616 20.326023 1.480802
v -8.283897 19.981718 1.540014
v -8.398021 19.996698 1.540822
v -8.340149 20.075422 1.588413
v -8.396732 20.056988 1.572279
v -8.341402 19.969133 1.528648
v -8.274297 20.036232 1.567137
v -4.506230 19.939327 2.322061
v -4.506387 19.964863 2.225905
v -6.386682 19.844475 2.289757
v -6.387705 19.928356 2.347987
v -6.388802 19.954807 2.246570
v -6.395775 19.882866 2.220876
v -6.390929 19.871239 2.342912
v -6.387068 19.965633 2.304950
v -7.850080 19.733118 2.434021
v -7.855823 19.812403 2.491093
v -7.851089 19.847855 2.392045
v -7.857109 19.771103 2.363515
v -7.859362 19.756426 2.486577
v -7.853642 19.851322 2.450877
v -7.168296 20.081955 1.352124
v -7.167059 20.172413 1.424594
v -7.167642 20.189289 1.305230
v -7.170506 20.126856 1.297996
v -7.179255 20.215229 1.373003
v -7.170757 20.105228 1.416741
v -8.951444 20.858278 -0.014326
v -9.007860 20.830729 -0.025572
v -9.067517 20.856741 -0.021998
v -9.070196 20.929096 0.018936
v -8.943991 20.921246 0.027911
v -9.008212 20.943546 0.014848
v -8.932234 19.020655 3.189268
v -9.001697 19.000418 3.176432
v -9.051973 19.024719 3.195169
v -9.048806 19.101952 3.220653
v -8.931282 19.079605 3.216365
v -8.987165 19.124178 3.224751
v -8.080920 20.474339 0.249464
v -6.474845 20.808146 0.131050
v -8.084799 20.670126 0.387517
v -6.470111 21.001930 0.278409
v -8.084183 20.693409 0.154084
v -6.470695 21.054346 0.040542
v -8.084155 20.549160 0.140348
v -6.471865 20.904072 0.020835
v -6.462512 21.087860 0.172898
v -8.077004 20.740137 0.282647
v -8.076374 20.544458 0.378710
v -6.472325 20.865494 0.262674
v -8.271932 21.045391 -0.152805
v -8.327435 21.032139 -0.163297
v -8.376832 21.063610 -0.152285
v -8.375632 21.117910 -0.131677
v -8.265536 21.099098 -0.138362
v -8.325730 21.134501 -0.111692
v -8.302425 19.013720 3.228071
v -8.354269 18.998499 3.222178
v -8.408204 19.013586 3.227526
v -8.406119 19.072107 3.252721
v -8.294171 19.064009 3.249522
v -8.353797 19.097660 3.261376
v -9.130419 20.086960 1.795413
v -9.130842 20.038589 1.844843
v -9.127111 20.152378 1.805998
v -9.125762 20.171400 1.871734
v -9.127772 20.123234 1.921186
v -9.129440 20.057552 1.910588
v -4.495066 20.140289 1.725938
v -4.494429 20.209665 1.736764
v -4.493726 20.232147 1.802300
v -4.518698 20.184977 1.860693
v -4.521393 20.107082 1.849042
v -8.960105 19.549273 2.650659
v -8.960159 19.503286 2.699630
v -8.957037 19.615824 2.661131
v -8.955524 19.637156 2.726548
v -8.957134 19.591764 2.775445
v -8.958594 19.525785 2.764836
v -2.464656 19.517832 2.543283
v -2.466471 19.467636 2.592924
v -2.463104 19.587757 2.553250
v -2.461676 19.609297 2.618594
v -2.461922 19.559017 2.668224
v -2.465042 19.489174 2.658262
v -4.495203 20.384501 1.012425
v -4.494271 20.449976 1.027365
v -4.492604 20.491899 0.977092
v -4.492936 20.465118 0.913329
v -4.497445 20.358046 0.948416
v -4.496858 20.399872 0.898165
v -9.260193 20.516815 1.025705
v -9.257995 20.583790 1.036066
v -9.255019 20.640085 0.985174
v -9.255979 20.627991 0.918413
v -9.261326 20.504412 0.959042
v -9.259996 20.560514 0.908239
v -7.576982 19.916248 1.892350
v -7.577934 19.941162 1.762166
v -7.575813 20.014164 1.774333
v -7.574856 19.989388 1.904859
v -7.578576 19.891472 1.818452
v -7.574207 20.039623 1.848693
v -5.950642 19.939198 1.768223
v -5.949404 20.040359 1.854970
v -5.950660 20.061813 1.724195
v -5.951045 19.987957 1.711933
v -5.949773 19.965961 1.842288
v -5.949873 20.089638 1.798423
v -8.110787 20.439047 0.992859
v -8.114479 20.313498 1.036200
v -8.115773 20.293718 0.962623
v -8.112100 20.420832 0.917689
v -8.112051 20.384951 1.049252
v -8.114558 20.346878 0.905870
v -7.295252 20.444523 1.002030
v -7.295606 20.484344 0.870364
v -7.298086 20.350813 0.916485
v -7.296999 20.368469 0.990410
v -7.297418 20.409746 0.858100
v -7.294510 20.503124 0.943125
v -5.452086 19.924116 1.986958
v -5.583317 19.996000 2.023130
v -5.512877 19.905754 1.967551
v -5.449361 20.003815 2.034836
v -5.513569 20.028427 2.039503
v -5.581471 19.930679 1.982603
v -5.399471 20.033632 1.886341
v -5.549790 20.104885 1.927512
v -5.461190 20.011061 1.864230
v -5.397963 20.112326 1.924834
v -5.459848 20.135271 1.933316
v -5.553979 20.035585 1.880472
v -7.311427 20.755154 -0.122036
v -7.362920 20.740341 -0.121302
v -7.429243 20.761173 -0.106740
v -7.424551 20.835426 -0.083091
v -7.308399 20.834219 -0.089198
v -7.360987 20.850750 -0.084820
v -5.483628 19.961803 1.883749
v -5.534737 20.037106 1.957331
v -5.402010 20.020073 1.858299
v -5.436689 20.110344 1.919908
v -5.382864 20.026516 2.121267
v -5.352128 19.958685 2.064023
v -5.287235 20.012728 2.050415
v -5.312484 20.061922 2.100430
v -7.391977 18.996021 3.172570
v -7.447470 18.961075 3.159204
v -7.522533 19.011723 3.155781
v -7.501287 19.068802 3.193057
v -7.391460 19.065025 3.194054
v -7.454275 19.093853 3.197090
v -5.575134 20.198826 1.284109
v -5.572016 20.281391 1.338916
v -5.575449 20.285173 1.241955
v -5.581538 20.241386 1.239615
v -5.578029 20.229904 1.340334
v -5.585028 20.311686 1.302902
v -6.587028 19.632851 2.501464
v -6.730387 19.701540 2.530360
v -6.658484 19.599453 2.491733
v -6.591437 19.702511 2.531620
v -6.647217 19.736996 2.542748
v -6.723302 19.638206 2.500187
v -2.396229 19.536003 3.248025
v -2.327610 19.505444 3.239386
v -2.438117 19.504309 3.249319
v -2.459782 19.450729 3.220482
v -2.397897 19.413225 3.214324
v -2.337252 19.446589 3.214886
v -2.391905 21.133179 -0.027004
v -2.329307 21.098244 -0.035818
v -2.460108 21.102539 -0.036394
v -2.446937 21.030924 -0.056743
v -2.383595 20.999962 -0.066358
v -2.329974 21.036867 -0.054559
v -0.171020 19.132080 3.245717
v -0.120010 19.095476 3.224329
v -0.246078 19.100895 3.227680
v -0.244880 19.039865 3.192907
v -0.187954 19.006660 3.189530
v -0.126086 19.029381 3.208153
v -0.311908 21.089380 -0.104277
v -0.252125 21.064505 -0.125932
v -0.371785 21.045031 -0.114737
v -0.379464 20.982843 -0.134973
v -0.327881 20.973675 -0.147057
v -0.257142 21.003836 -0.142304
v -2.008649 19.225941 3.197090
v -1.945835 19.197432 3.194054
v -2.055661 19.199379 3.193057
v -2.076907 19.141388 3.155781
v -2.001844 19.090385 3.159204
v -1.946351 19.126926 3.172570
v -1.915361 21.126785 -0.084820
v -1.862774 21.114609 -0.089198
v -1.978925 21.105621 -0.083091
v -1.983618 21.027840 -0.106740
v -1.917295 21.011402 -0.121302
v -1.865801 21.031374 -0.122036
v -1.505053 20.124113 2.039227
v -1.436777 20.087822 2.029091
v -1.562471 20.101219 2.015992
v -1.578666 20.031479 1.999342
v -1.504338 19.992912 1.988770
v -1.451576 20.031389 2.003333
v -1.002053 19.040081 3.420902
v -0.970226 19.017830 3.413948
v -1.055248 19.033064 3.397764
v -1.054765 18.974388 3.386359
v -1.005036 18.958410 3.372000
v -0.967443 18.982050 3.398700
v -0.823018 20.864534 0.059655
v -0.766834 20.846802 0.046681
v -0.875161 20.832653 0.063389
v -0.886872 20.777431 0.040036
v -0.829907 20.757164 0.016618
v -0.765408 20.783392 0.026843
v -2.908171 19.214481 3.261376
v -2.848546 19.181074 3.249522
v -2.960494 19.188694 3.252721
v -2.962578 19.130125 3.227526
v -2.908643 19.115133 3.222178
v -2.856800 19.130602 3.228071
v -2.880105 21.309652 -0.111692
v -2.819911 21.279472 -0.138362
v -2.930006 21.287683 -0.131677
v -2.931206 21.232613 -0.152285
v -2.881809 21.205437 -0.163297
v -2.826306 21.224558 -0.152805
v -3.541539 19.240702 3.224751
v -3.485657 19.196129 3.216365
v -3.603180 19.218475 3.220653
v -3.606348 19.141243 3.195169
v -3.556071 19.116941 3.176432
v -3.486608 19.137178 3.189268
v -3.562587 21.069241 0.014848
v -3.498365 21.049515 0.027911
v -3.624570 21.052370 0.018936
v -3.621891 20.979641 -0.021998
v -3.562234 20.955587 -0.025572
v -3.505818 20.985670 -0.014326
v 0.884650 20.807571 0.026129
v 0.877753 20.731606 0.124795
v 0.888169 20.958822 0.031385
v 0.888298 21.003218 0.158008
v 0.900649 20.928951 0.251522
v 0.876821 20.802853 0.251125
v 0.561962 20.211086 1.218969
v 0.577935 20.177773 1.267143
v 0.570174 20.284676 1.232078
v 0.594118 20.299957 1.284507
v 0.572292 20.249872 1.339948
v 0.572343 20.179989 1.319546
v -4.589646 20.284592 1.165807
v -4.609606 20.243324 1.205378
v -4.607908 20.323837 1.174562
v -4.584109 20.347706 1.228935
v -4.605850 20.314596 1.248700
v -4.590830 20.271242 1.260436
v 0.370261 19.619535 2.024064
v 0.355624 19.572422 2.087088
v 0.358173 19.690264 2.046556
v 0.370384 19.681931 2.099934
v 0.371399 19.641914 2.134824
v 0.374164 19.594154 2.131241
v -1.315162 20.267977 1.028774
v -1.384865 20.159670 0.989613
v -1.445444 20.257349 1.022606
v -1.385311 20.293152 1.034280
v -1.443201 20.191725 1.005186
v -1.313774 20.189812 0.993539
v -2.326204 20.300364 1.561619
v -2.400533 20.193129 1.510295
v -2.468260 20.302391 1.564086
v -2.402208 20.334362 1.576310
v -2.473582 20.230089 1.528057
v -2.330737 20.234829 1.525042
v -2.828671 20.208378 1.567137
v -2.895777 20.133734 1.528648
v -2.951106 20.219006 1.572279
v -2.894523 20.242569 1.588413
v -2.952395 20.157301 1.540822
v -2.838272 20.151581 1.540014
v -3.416465 20.287094 1.564050
v -3.488666 20.188377 1.512551
v -3.549428 20.302391 1.559817
v -3.484061 20.323271 1.567605
v -3.550718 20.214832 1.521143
v -3.419580 20.214787 1.528478
v -1.892689 20.318583 1.505433
v -1.954480 20.342598 1.513423
v -1.892407 20.236431 1.468220
v -1.952262 20.205454 1.457804
v -2.030333 20.243832 1.468835
v -2.018071 20.318666 1.505704
v -0.764211 20.007832 1.602190
v -0.830248 19.912334 1.564233
v -0.886768 20.009954 1.610944
v -0.822406 20.037592 1.618641
v -0.899450 19.934759 1.587440
v -0.765491 19.944500 1.579172
v -0.175455 20.121229 1.614971
v -0.255388 20.020903 1.577491
v -0.313094 20.114014 1.623274
v -0.237027 20.155710 1.638917
v -0.315464 20.046236 1.588333
v -0.180789 20.051991 1.590354
v -4.510435 19.853334 2.266780
v -4.510064 19.895454 2.202768
v -4.506245 19.977943 2.280484
v -4.509037 19.879032 2.318150
v -2.666507 19.769356 2.260185
v -2.658635 19.853861 2.318099
v -2.657569 19.887167 2.217020
v -2.656081 19.812284 2.191433
v -2.659491 19.793509 2.313175
v -2.657484 19.895361 2.275169
v -1.215840 19.663807 2.345489
v -1.203548 19.745361 2.401863
v -1.207761 19.783234 2.303457
v -1.207635 19.704206 2.274923
v -1.203975 19.687555 2.397308
v -1.203829 19.786114 2.361874
v -1.891294 20.019630 1.307553
v -1.883869 20.115635 1.379110
v -1.883607 20.132317 1.260660
v -1.886306 20.066311 1.253607
v -1.869345 20.160574 1.327359
v -1.885732 20.044945 1.370849
v -0.852729 19.577341 2.383461
v -0.721371 19.648880 2.398951
v -0.781669 19.558733 2.367821
v -0.845128 19.666426 2.399652
v -0.774278 19.687021 2.410124
v -0.723379 19.588646 2.385879
v -1.462172 20.087776 1.724878
v -1.310380 20.152634 1.755649
v -1.381688 20.044449 1.721635
v -1.445696 20.164602 1.740744
v -1.384482 20.193174 1.757522
v -1.321079 20.086529 1.729034
v -0.962825 20.739067 0.127259
v -2.557762 20.850712 0.090572
v -0.942665 20.946144 0.264318
v -2.543761 21.055191 0.234327
v -0.946773 20.977514 0.026735
v -2.544629 21.093473 -0.004994
v -0.957261 20.822550 0.015934
v -2.555532 20.942604 -0.021986
v -2.547330 21.137711 0.125050
v -0.947080 21.024208 0.158200
v -0.959846 20.810196 0.255745
v -2.552800 20.917702 0.221786
v -1.219047 20.782909 0.251225
v -1.297658 20.672737 0.196727
v -1.363407 20.762436 0.238270
v -1.290905 20.805681 0.258256
v -1.221383 20.707527 0.217276
v -1.351938 20.701878 0.213006
v -1.117809 20.946505 -0.040349
v -1.188298 20.840919 -0.069269
v -1.255186 20.921646 -0.035358
v -1.184270 20.965343 -0.027049
v -1.125825 20.876444 -0.055203
v -1.238425 20.866770 -0.056342
v 0.477778 19.962067 1.672485
v 0.475943 19.901520 1.722278
v 0.479228 20.034967 1.682321
v 0.480738 20.048454 1.747533
v 0.480509 19.988235 1.797360
v 0.477326 19.915531 1.787501
v -4.548230 20.138933 1.726491
v -4.523046 20.081440 1.773741
v -4.544020 20.208447 1.737267
v -4.541819 20.230907 1.802834
v -4.547493 20.384012 1.012416
v -4.543744 20.449684 1.027036
v -4.543336 20.491573 0.976330
v -4.546083 20.464535 0.912944
v -4.548549 20.357536 0.948797
v -4.547342 20.399385 0.898106
v 0.517571 20.533930 0.899094
v 0.520149 20.604866 0.908827
v 0.519539 20.661728 0.858613
v 0.517927 20.645950 0.793672
v 0.516315 20.518047 0.834198
v 0.517423 20.574881 0.784086
v -1.485333 19.857508 1.819048
v -1.485236 19.887329 1.689332
v -1.481994 19.965120 1.701283
v -1.482103 19.935200 1.831316
v -1.486958 19.832691 1.745597
v -1.480352 19.990177 1.775169
v -3.103607 19.942167 1.744064
v -3.096183 20.044504 1.830528
v -3.095750 20.075596 1.699714
v -3.100788 19.997561 1.687635
v -3.101250 19.966339 1.818016
v -3.093269 20.100332 1.773849
v -0.939291 20.442595 0.905748
v -0.941850 20.308695 0.949580
v -0.943483 20.285259 0.877590
v -0.940976 20.418797 0.832703
v -0.939758 20.385881 0.962151
v -0.942966 20.341169 0.820913
v -1.746950 20.365334 0.963352
v -1.747545 20.390781 0.834887
v -1.752451 20.262192 0.879859
v -1.750405 20.288956 0.951099
v -1.750901 20.314762 0.822537
v -1.745465 20.417686 0.905681
v -3.598951 19.930571 1.971920
v -3.462132 19.999372 2.005250
v -3.539712 19.910234 1.951439
v -3.594863 20.012127 2.019098
v -3.528969 20.034803 2.022127
v -3.469021 19.933388 1.965289
v -3.646399 20.039291 1.875655
v -3.490099 20.107944 1.912995
v -3.587106 20.014091 1.853372
v -3.641581 20.119614 1.912823
v -3.577531 20.141769 1.919791
v -3.491789 20.036358 1.867724
v -0.920637 19.512976 2.745363
v -0.782255 19.580130 2.774907
v -0.838331 19.487041 2.730526
v -0.905954 19.598801 2.767529
v -0.835454 19.615036 2.786849
v -0.777394 19.524179 2.757119
v -0.784803 19.129044 3.268739
v -0.798345 19.661049 2.371663
v -0.808757 19.077400 3.257983
v -0.914603 19.718580 2.487894
v -0.757364 19.063789 3.224265
v -0.732505 19.115282 3.231116
v -0.880882 19.754055 2.458061
v -0.875395 19.584887 2.409102
v -0.905603 19.197657 3.078367
v -0.954357 19.155462 3.160700
v -0.927101 19.229860 3.194528
v -0.883124 19.263781 3.124367
v -0.840277 19.746401 2.487869
v -0.872246 19.712774 2.522248
v -0.811650 19.123854 3.134264
v -0.860689 19.127251 3.197365
v -0.821371 19.188234 3.214010
v -0.776765 19.178484 3.161960
v -0.746849 19.640980 2.439082
v -0.805104 19.572376 2.478358
v -0.896330 19.632587 2.455758
v -0.833742 19.697639 2.411191
v -0.788059 19.681652 2.479993
v -0.839339 19.631525 2.510723
v -3.566661 19.980839 1.864992
v -3.508829 20.054405 1.937901
v -3.644712 20.045097 1.840678
v -3.602624 20.135069 1.901769
v -3.658297 20.040367 2.103931
v -3.694849 19.973467 2.047263
v -3.756331 20.031136 2.034727
v -3.726679 20.079315 2.084280
v -0.985628 19.077991 3.240366
v -0.883377 19.123520 3.289998
v -0.925911 19.057659 3.235373
v -0.983575 19.142754 3.278796
v -0.924224 19.151461 3.301474
v -0.879587 19.081514 3.267451
v 0.146301 18.961885 3.385985
v 0.077111 18.974628 3.401842
v 0.191729 19.012154 3.390574
v 0.162327 19.082663 3.405457
v 0.101592 19.093178 3.411508
v 0.050063 19.039722 3.413736
v 0.538673 21.018522 -0.270108
v 0.473263 20.993692 -0.264839
v 0.587904 21.053225 -0.236572
v 0.543907 21.125740 -0.218550
v 0.480932 21.117094 -0.222553
v 0.443374 21.068226 -0.248334
v 0.145964 20.281651 1.380768
v 0.160658 20.402557 1.443370
v 0.270442 20.322786 1.426766
v 0.222197 20.281143 1.389078
v 0.225750 20.398853 1.455194
v 0.109936 20.354771 1.409922
v -0.117928 19.590561 2.464704
v -0.085077 19.512449 2.421679
v 0.013972 19.504982 2.414982
v 0.074698 19.555202 2.451868
v 0.029335 19.638000 2.496523
v -0.043046 19.647610 2.492246
v 0.076553 20.043510 1.836002
v -0.046011 19.904446 1.754940
v -0.000798 20.051714 1.825064
v 0.122251 19.952702 1.793880
v 0.061092 19.907288 1.756286
v -0.082990 19.984974 1.785701
v -0.003499 19.037615 2.909708
v -0.056483 19.181267 2.968908
v 0.018812 19.177160 2.961864
v 0.054321 19.086870 2.923819
v -0.087936 19.047382 2.925004
v -0.120544 19.118406 2.949047
v -3.467538 20.316612 1.243990
v -3.464648 20.402391 1.299230
v -3.463373 20.413712 1.202163
v -3.459360 20.366011 1.199330
v -3.462464 20.346800 1.301631
v -3.449316 20.436390 1.262525
v -2.478376 19.513514 2.469196
v -2.330494 19.578579 2.493866
v -2.409817 19.475164 2.457741
v -2.468580 19.584816 2.498980
v -2.410482 19.617775 2.508485
v -2.342464 19.513666 2.464173
v -4.112444 20.972271 -0.034794
v -4.104240 19.249001 3.288746
v -4.022156 19.216579 3.286973
v -4.144584 19.215776 3.285771
v -4.152511 19.166756 3.264324
v -4.091411 19.115608 3.260561
v -4.039903 19.152142 3.264544
v -4.145488 21.098995 0.018702
v -4.066197 21.067217 0.003603
v -4.196058 21.056553 0.008944
v -4.196797 20.987751 -0.015385
v -4.081282 21.004395 -0.028097
v -6.650419 19.712372 -3.281560
v -6.721393 19.685083 -3.274772
v -6.610553 19.680271 -3.281710
v -6.593065 19.625973 -3.252296
v -6.657652 19.593073 -3.247604
v -6.716197 19.626862 -3.249957
v -6.616589 21.151436 -0.007343
v -6.684082 21.137333 0.004382
v -6.554010 21.101110 -0.000849
v -6.572964 21.036467 0.019720
v -6.639878 21.027620 0.033889
v -6.688069 21.077581 0.024907
v -7.036884 19.478580 -3.245403
v -7.100442 19.445482 -3.249348
v -6.990606 19.456667 -3.239210
v -6.972442 19.398052 -3.204186
v -7.048366 19.344444 -3.216820
v -7.102463 19.375694 -3.232413
v -7.266862 21.170254 0.188196
v -7.322174 21.164248 0.189971
v -7.205170 21.139421 0.187009
v -7.204008 21.062351 0.206111
v -7.271861 21.056988 0.218924
v -7.322410 21.081966 0.219357
v -8.937415 19.909906 -1.867725
v -9.023157 20.017864 -1.919793
v -9.087207 19.997913 -1.912825
v -9.032731 19.891235 -1.853373
v -8.935724 19.980957 -1.912996
v -9.092025 19.918127 -1.875656
v -8.914647 19.807674 -1.965290
v -8.974594 19.910597 -2.022128
v -9.040489 19.890240 -2.019099
v -8.985337 19.787178 -1.951441
v -8.907758 19.872917 -2.005251
v -9.044577 19.809225 -1.971922
v -7.463697 20.062923 -1.505706
v -7.475958 19.992496 -1.468836
v -7.397887 19.949863 -1.457805
v -7.338032 19.974279 -1.468221
v -7.400105 20.080334 -1.513425
v -7.338314 20.052475 -1.505434
v -6.159713 19.358263 -3.286234
v -6.221839 19.333281 -3.274993
v -6.109598 19.326958 -3.276943
v -6.112185 19.269579 -3.251746
v -6.167284 19.261738 -3.246890
v -6.217630 19.283220 -3.253298
v -6.124593 21.165037 0.047908
v -6.188907 21.148338 0.075927
v -6.078919 21.135548 0.066732
v -6.082286 21.080496 0.086836
v -6.134915 21.063099 0.099537
v -6.187063 21.092892 0.091035
v -4.965042 19.277309 -3.297876
v -5.048174 19.250643 -3.297470
v -4.926020 19.241829 -3.294113
v -4.921450 19.192200 -3.272168
v -4.982108 19.145330 -3.268170
v -5.032340 19.182735 -3.274572
v -4.961598 21.089375 0.014405
v -5.041908 21.044386 0.025007
v -4.912118 21.056414 0.026733
v -4.916211 20.986771 0.050711
v -4.978987 20.963703 0.062921
v -5.031635 20.979902 0.054883
v -5.527112 19.313147 -3.242722
v -5.586112 19.275234 -3.234940
v -5.467193 19.285847 -3.237658
v -5.469759 19.210058 -3.212136
v -5.521946 19.190588 -3.194042
v -5.589638 19.217308 -3.207772
v -5.553057 21.063803 0.046343
v -5.620899 21.048254 0.032464
v -5.494929 21.040976 0.042310
v -5.504249 20.968967 0.080918
v -5.565892 20.950804 0.084634
v -5.618881 20.984562 0.074153
v -9.530508 20.512934 -0.226320
v -9.521662 20.457850 -0.321020
v -9.529094 20.645632 -0.234235
v -9.523182 20.699833 -0.360006
v -9.533653 20.648523 -0.449763
v -9.513610 20.533073 -0.446153
v -9.086249 20.254440 -1.344732
v -9.102840 20.235453 -1.392085
v -9.089972 20.318890 -1.359334
v -9.111256 20.343153 -1.412215
v -9.090815 20.300474 -1.467099
v -9.095727 20.240528 -1.445117
v -4.455078 20.297098 -1.162963
v -4.436250 20.259201 -1.201948
v -4.436287 20.339619 -1.169124
v -4.457034 20.360388 -1.224964
v -4.435803 20.329437 -1.244941
v -4.452910 20.283903 -1.257290
v -9.133144 19.719709 -2.142517
v -9.119576 19.683222 -2.204908
v -9.116224 19.777933 -2.166382
v -9.127150 19.784204 -2.218719
v -9.129776 19.749697 -2.253732
v -9.135620 19.707424 -2.249729
v -8.865207 20.082794 -1.528479
v -8.996344 20.088684 -1.521144
v -8.929687 20.193481 -1.567606
v -8.995053 20.175594 -1.559819
v -8.934292 20.059843 -1.512552
v -8.862090 20.154303 -1.564052
v -6.706504 20.335997 -1.593920
v -6.642073 20.226736 -1.540493
v -6.564253 20.327507 -1.592591
v -6.626519 20.364071 -1.606333
v -6.565316 20.256474 -1.556442
v -6.707929 20.271570 -1.557105
v -6.210691 20.198978 -1.594414
v -6.151554 20.119774 -1.555926
v -6.088146 20.197319 -1.598082
v -6.141472 20.225546 -1.614465
v -6.092143 20.137283 -1.567302
v -6.206689 20.143124 -1.567793
v -5.617699 20.283211 -1.572931
v -5.555211 20.185049 -1.518678
v -5.484571 20.292585 -1.565639
v -5.546666 20.315641 -1.574780
v -5.490568 20.209347 -1.526055
v -5.621271 20.212845 -1.536331
v -7.221259 20.324486 -1.490575
v -7.157794 20.349358 -1.492087
v -7.225372 20.242785 -1.458335
v -7.167213 20.213501 -1.445094
v -7.087426 20.251585 -1.447376
v -7.095616 20.326023 -1.480803
v -8.283897 19.981718 -1.540015
v -8.398021 19.996698 -1.540823
v -8.340149 20.075420 -1.588415
v -8.396732 20.056988 -1.572280
v -8.341402 19.969131 -1.528650
v -8.274297 20.036230 -1.567138
v -4.506230 19.939327 -2.322062
v -4.506387 19.964863 -2.225906
v -6.386682 19.844475 -2.289758
v -6.387705 19.928354 -2.347988
v -6.388802 19.954807 -2.246571
v -6.395775 19.882866 -2.220876
v -6.390929 19.871237 -2.342913
v -6.387068 19.965633 -2.304950
v -7.850080 19.733116 -2.434021
v -7.855823 19.812401 -2.491094
v -7.851089 19.847855 -2.392046
v -7.857109 19.771103 -2.363516
v -7.859362 19.756424 -2.486578
v -7.853642 19.851322 -2.450878
v -7.168296 20.081955 -1.352125
v -7.167059 20.172413 -1.424595
v -7.167642 20.189289 -1.305231
v -7.170506 20.126856 -1.297997
v -7.179255 20.215229 -1.373004
v -7.170757 20.105228 -1.416743
v -8.951444 20.858278 0.014325
v -9.007860 20.830729 0.025571
v -9.067517 20.856741 0.021996
v -9.070196 20.929096 -0.018937
v -8.943991 20.921246 -0.027912
v -9.008212 20.943546 -0.014849
v -8.932234 19.020655 -3.189268
v -9.001697 19.000416 -3.176433
v -9.051973 19.024717 -3.195170
v -9.048806 19.101950 -3.220654
v -8.931282 19.079603 -3.216366
v -8.987165 19.124176 -3.224752
v -8.080920 20.474339 -0.249466
v -6.474845 20.808146 -0.131052
v -8.084799 20.670126 -0.387518
v -6.470111 21.001930 -0.278410
v -8.084183 20.693409 -0.154086
v -6.470695 21.054346 -0.040543
v -8.084155 20.549160 -0.140349
v -6.471865 20.904072 -0.020836
v -6.462512 21.087860 -0.172899
v -8.077004 20.740137 -0.282648
v -8.076374 20.544458 -0.378711
v -6.472325 20.865494 -0.262676
v -8.271932 21.045391 0.152803
v -8.327435 21.032139 0.163296
v -8.376832 21.063610 0.152284
v -8.375632 21.117910 0.131675
v -8.265536 21.099098 0.138361
v -8.325730 21.134501 0.111691
v -8.302425 19.013720 -3.228071
v -8.354269 18.998497 -3.222178
v -8.408204 19.013584 -3.227527
v -8.406119 19.072107 -3.252721
v -8.294171 19.064007 -3.249522
v -8.353797 19.097658 -3.261377
v -9.130419 20.086960 -1.795414
v -9.130842 20.038589 -1.844844
v -9.127111 20.152378 -1.805999
v -9.125762 20.171398 -1.871735
v -9.127772 20.123232 -1.921187
v -9.129440 20.057552 -1.910589
v -4.495066 20.140289 -1.725939
v -4.494429 20.209665 -1.736766
v -4.493726 20.232145 -1.802301
v -4.518698 20.184975 -1.860695
v -4.521393 20.107080 -1.849043
v -8.960105 19.549271 -2.650660
v -8.960159 19.503284 -2.699631
v -8.957037 19.615822 -2.661132
v -8.955524 19.637154 -2.726549
v -8.957134 19.591763 -2.775446
v -8.958594 19.525785 -2.764837
v -2.464656 19.517830 -2.543283
v -2.466471 19.467636 -2.592925
v -2.463104 19.587755 -2.553251
v -2.461676 19.609295 -2.618595
v -2.461922 19.559017 -2.668225
v -2.465042 19.489174 -2.658263
v -4.495203 20.384501 -1.012427
v -4.494271 20.449976 -1.027366
v -4.492604 20.491899 -0.977093
v -4.492936 20.465118 -0.913330
v -4.497445 20.358046 -0.948417
v -4.496858 20.399872 -0.898166
v -9.260193 20.516815 -1.025706
v -9.257995 20.583790 -1.036068
v -9.255019 20.640085 -0.985176
v -9.255979 20.627991 -0.918415
v -9.261326 20.504412 -0.959043
v -9.259996 20.560514 -0.908240
v -7.576982 19.916246 -1.892351
v -7.577934 19.941160 -1.762167
v -7.575813 20.014164 -1.774334
v -7.574856 19.989386 -1.904860
v -7.578576 19.891472 -1.818453
v -7.574207 20.039623 -1.848694
v -5.950642 19.939198 -1.768224
v -5.949404 20.040359 -1.854971
v -5.950660 20.061813 -1.724196
v -5.951045 19.987957 -1.711934
v -5.949773 19.965961 -1.842289
v -5.949873 20.089638 -1.798424
v -8.110787 20.439047 -0.992860
v -8.114479 20.313498 -1.036201
v -8.115773 20.293718 -0.962624
v -8.112100 20.420832 -0.917690
v -8.112051 20.384951 -1.049254
v -8.114558 20.346878 -0.905872
v -7.295252 20.444523 -1.002031
v -7.295606 20.484344 -0.870365
v -7.298086 20.350813 -0.916486
v -7.296999 20.368469 -0.990412
v -7.297418 20.409746 -0.858101
v -7.294510 20.503124 -0.943126
v -5.452086 19.924114 -1.986959
v -5.583317 19.995998 -2.023131
v -5.512877 19.905752 -1.967552
v -5.449361 20.003815 -2.034837
v -5.513569 20.028427 -2.039504
v -5.581471 19.930679 -1.982605
v -5.399471 20.033630 -1.886342
v -5.549790 20.104883 -1.927513
v -5.461190 20.011059 -1.864231
v -5.397963 20.112324 -1.924835
v -5.459848 20.135271 -1.933318
v -5.553979 20.035583 -1.880473
v -7.311427 20.755154 0.122035
v -7.362920 20.740341 0.121300
v -7.429243 20.761173 0.106739
v -7.424551 20.835426 0.083090
v -7.308399 20.834219 0.089197
v -7.360987 20.850750 0.084819
v -5.483628 19.961803 -1.883750
v -5.534737 20.037104 -1.957332
v -5.402010 20.020073 -1.858300
v -5.436689 20.110344 -1.919909
v -5.382864 20.026516 -2.121268
v -5.352128 19.958683 -2.064023
v -5.287235 20.012728 -2.050416
v -5.312484 20.061920 -2.100431
v -7.391977 18.996021 -3.172571
v -7.447470 18.961073 -3.159204
v -7.522533 19.011723 -3.155782
v -7.501287 19.068802 -3.193058
v -7.391460 19.065025 -3.194054
v -7.454275 19.093851 -3.197091
v -5.575134 20.198826 -1.284110
v -5.572016 20.281391 -1.338917
v -5.575449 20.285173 -1.241956
v -5.581538 20.241386 -1.239616
v -5.578029 20.229904 -1.340335
v -5.585028 20.311686 -1.302903
v -6.587028 19.632851 -2.501465
v -6.730387 19.701540 -2.530361
v -6.658484 19.599453 -2.491734
v -6.591437 19.702511 -2.531621
v -6.647217 19.736996 -2.542749
v -6.723302 19.638206 -2.500188
v -2.396229 19.536003 -3.248026
v -2.327610 19.505442 -3.239387
v -2.438117 19.504307 -3.249320
v -2.459782 19.450727 -3.220483
v -2.397897 19.413223 -3.214325
v -2.337252 19.446589 -3.214887
v -2.391905 21.133179 0.027002
v -2.329307 21.098244 0.035817
v -2.460108 21.102539 0.036393
v -2.446937 21.030924 0.056741
v -2.383595 20.999962 0.066356
v -2.329974 21.036867 0.054557
v -0.171020 19.132080 -3.245717
v -0.120010 19.095474 -3.224329
v -0.246078 19.100893 -3.227681
v -0.244880 19.039865 -3.192908
v -0.187954 19.006659 -3.189530
v -0.126086 19.029379 -3.208153
v -0.311908 21.089380 0.104275
v -0.252125 21.064505 0.125930
v -0.371785 21.045031 0.114736
v -0.379464 20.982843 0.134972
v -0.327881 20.973675 0.147055
v -0.257142 21.003836 0.142302
v -2.008649 19.225941 -3.197091
v -1.945835 19.197432 -3.194054
v -2.055661 19.199377 -3.193058
v -2.076907 19.141388 -3.155782
v -2.001844 19.090384 -3.159204
v -1.946351 19.126926 -3.172571
v -1.915361 21.126785 0.084819
v -1.862774 21.114609 0.089197
v -1.978925 21.105621 0.083090
v -1.983618 21.027840 0.106739
v -1.917295 21.011402 0.121300
v -1.865801 21.031374 0.122035
v -1.505053 20.124113 -2.039228
v -1.436777 20.087820 -2.029092
v -1.562471 20.101217 -2.015993
v -1.578666 20.031477 -1.999343
v -1.504338 19.992910 -1.988771
v -1.451576 20.031389 -2.003334
v -1.002053 19.040079 -3.420902
v -0.970226 19.017830 -3.413948
v -1.055248 19.033062 -3.397765
v -1.054765 18.974388 -3.386359
v -1.005036 18.958410 -3.372000
v -0.967443 18.982048 -3.398700
v -0.823018 20.864534 -0.059657
v -0.766834 20.846802 -0.046682
v -0.875161 20.832653 -0.063390
v -0.886872 20.777431 -0.040037
v -0.829907 20.757164 -0.016620
v -0.765408 20.783392 -0.026845
v -2.908171 19.214481 -3.261377
v -2.848546 19.181072 -3.249522
v -2.960494 19.188694 -3.252721
v -2.962578 19.130123 -3.227527
v -2.908643 19.115131 -3.222178
v -2.856800 19.130600 -3.228071
v -2.880105 21.309652 0.111691
v -2.819911 21.279472 0.138361
v -2.930006 21.287683 0.131675
v -2.931206 21.232613 0.152284
v -2.881809 21.205437 0.163296
v -2.826306 21.224558 0.152803
v -3.541539 19.240700 -3.224752
v -3.485657 19.196127 -3.216366
v -3.603180 19.218473 -3.220654
v -3.606348 19.141241 -3.195170
v -3.556071 19.116940 -3.176433
v -3.486608 19.137178 -3.189268
v -3.562587 21.069241 -0.014849
v -3.498365 21.049515 -0.027912
v -3.624570 21.052370 -0.018937
v -3.621891 20.979641 0.021996
v -3.562234 20.955587 0.025571
v -3.505818 20.985670 0.014325
v 0.884650 20.807571 -0.026130
v 0.877753 20.731606 -0.124796
v 0.888169 20.958822 -0.031387
v 0.888298 21.003218 -0.158010
v 0.900649 20.928951 -0.251524
v 0.876821 20.802853 -0.251126
v 0.561962 20.211086 -1.218970
v 0.577935 20.177773 -1.267145
v 0.570174 20.284676 -1.232079
v 0.594118 20.299957 -1.284509
v 0.572292 20.249872 -1.339950
v 0.572343 20.179989 -1.319547
v -4.589646 20.284592 -1.165808
v -4.609606 20.243324 -1.205380
v -4.607908 20.323837 -1.174564
v -4.584109 20.347706 -1.228936
v -4.605850 20.314596 -1.248701
v -4.590830 20.271242 -1.260437
v 0.370261 19.619535 -2.024065
v 0.355624 19.572422 -2.087089
v 0.358173 19.690262 -2.046557
v 0.370384 19.681931 -2.099935
v 0.371399 19.641912 -2.134825
v 0.374164 19.594154 -2.131242
v -1.315162 20.267977 -1.028775
v -1.384865 20.159670 -0.989614
v -1.445444 20.257349 -1.022607
v -1.385311 20.293152 -1.034281
v -1.443201 20.191725 -1.005188
v -1.313774 20.189812 -0.993540
v -2.326204 20.300362 -1.561620
v -2.400533 20.193127 -1.510296
v -2.468260 20.302391 -1.564087
v -2.402208 20.334360 -1.576311
v -2.473582 20.230087 -1.528058
v -2.330737 20.234829 -1.525043
v -2.828671 20.208376 -1.567138
v -2.895777 20.133732 -1.528650
v -2.951106 20.219004 -1.572280
v -2.894523 20.242569 -1.588415
v -2.952395 20.157301 -1.540823
v -2.838272 20.151581 -1.540015
v -3.416465 20.287094 -1.564052
v -3.488666 20.188377 -1.512552
v -3.549428 20.302391 -1.559819
v -3.484061 20.323269 -1.567606
v -3.550718 20.214830 -1.521144
v -3.419580 20.214785 -1.528479
v -1.892689 20.318581 -1.505434
v -1.954480 20.342598 -1.513425
v -1.892407 20.236431 -1.468221
v -1.952262 20.205454 -1.457805
v -2.030333 20.243832 -1.468836
v -2.018071 20.318665 -1.505706
v -0.764211 20.007832 -1.602191
v -0.830248 19.912334 -1.564235
v -0.886768 20.009954 -1.610945
v -0.822406 20.037590 -1.618643
v -0.899450 19.934757 -1.587441
v -0.765491 19.944498 -1.579174
v -0.175455 20.121229 -1.614972
v -0.255388 20.020903 -1.577492
v -0.313094 20.114014 -1.623276
v -0.237027 20.155708 -1.638919
v -0.315464 20.046234 -1.588334
v -0.180789 20.051989 -1.590356
v -4.510435 19.853333 -2.266781
v -4.510064 19.895454 -2.202769
v -4.506245 19.977943 -2.280485
v -4.509037 19.879032 -2.318151
v -2.666507 19.769354 -2.260186
v -2.658635 19.853861 -2.318100
v -2.657569 19.887165 -2.217021
v -2.656081 19.812283 -2.191434
v -2.659491 19.793507 -2.313176
v -2.657484 19.895359 -2.275170
v -1.215840 19.663807 -2.345490
v -1.203548 19.745361 -2.401864
v -1.207761 19.783232 -2.303458
v -1.207635 19.704206 -2.274924
v -1.203975 19.687553 -2.397309
v -1.203829 19.786114 -2.361875
v -1.891294 20.019630 -1.307554
v -1.883869 20.115635 -1.379111
v -1.883607 20.132317 -1.260661
v -1.886306 20.066311 -1.253608
v -1.869345 20.160574 -1.327360
v -1.885732 20.044945 -1.370850
v -0.852729 19.577341 -2.383462
v -0.721371 19.648878 -2.398952
v -0.781669 19.558731 -2.367822
v -0.845128 19.666426 -2.399653
v -0.774278 19.687021 -2.410125
v -0.723379 19.588644 -2.385880
v -1.462172 20.087774 -1.724879
v -1.310380 20.152632 -1.755650
v -1.381688 20.044449 -1.721636
v -1.445696 20.164602 -1.740745
v -1.384482 20.193174 -1.757523
v -1.321079 20.086527 -1.729035
v -0.962825 20.739067 -0.127260
v -2.557762 20.850712 -0.090573
v -0.942665 20.946144 -0.264320
v -2.543761 21.055191 -0.234328
v -0.946773 20.977514 -0.026736
v -2.544629 21.093473 0.004992
v -0.957261 20.822550 -0.015935
v -2.555532 20.942604 0.021985
v -2.547330 21.137711 -0.125052
v -0.947080 21.024208 -0.158202
v -0.959846 20.810196 -0.255747
v -2.552800 20.917702 -0.221787
v -1.219047 20.782909 -0.251227
v -1.297658 20.672737 -0.196728
v -1.363407 20.762436 -0.238272
v -1.290905 20.805681 -0.258257
v -1.221383 20.707527 -0.217277
v -1.351938 20.701878 -0.213007
v -1.117809 20.946505 0.040347
v -1.188298 20.840919 0.069268
v -1.255186 20.921646 0.035356
v -1.184270 20.965343 0.027047
v -1.125825 20.876444 0.055201
v -1.238425 20.866770 0.056341
v 0.477778 19.962067 -1.672486
v 0.475943 19.901520 -1.722279
v 0.479228 20.034967 -1.682322
v 0.480738 20.048454 -1.747534
v 0.480509 19.988234 -1.797361
v 0.477326 19.915529 -1.787502
v -4.548230 20.138931 -1.726492
v -4.523046 20.081440 -1.773742
v -4.544020 20.208447 -1.737269
v -4.541819 20.230907 -1.802835
v -4.547493 20.384012 -1.012417
v -4.543744 20.449684 -1.027038
v -4.543336 20.491573 -0.976332
v -4.546083 20.464535 -0.912946
v -4.548549 20.357536 -0.948798
v -4.547342 20.399385 -0.898107
v 0.517571 20.533930 -0.899096
v 0.520149 20.604866 -0.908828
v 0.519539 20.661728 -0.858614
v 0.517927 20.645950 -0.793673
v 0.516315 20.518047 -0.834199
v 0.517423 20.574881 -0.784087
v -1.485333 19.857506 -1.819049
v -1.485236 19.887327 -1.689333
v -1.481994 19.965120 -1.701284
v -1.482103 19.935200 -1.831317
v -1.486958 19.832691 -1.745599
v -1.480352 19.990177 -1.775170
v -3.103607 19.942165 -1.744066
v -3.096183 20.044502 -1.830529
v -3.095750 20.075594 -1.699715
v -3.100788 19.997559 -1.687636
v -3.101250 19.966337 -1.818017
v -3.093269 20.100332 -1.773850
v -0.939291 20.442595 -0.905750
v -0.941850 20.308695 -0.949581
v -0.943483 20.285259 -0.877591
v -0.940976 20.418797 -0.832704
v -0.939758 20.385881 -0.962153
v -0.942966 20.341169 -0.820914
v -1.746950 20.365334 -0.963353
v -1.747545 20.390781 -0.834888
v -1.752451 20.262192 -0.879860
v -1.750405 20.288956 -0.951100
v -1.750901 20.314762 -0.822538
v -1.745465 20.417686 -0.905682
v -3.598951 19.930569 -1.971922
v -3.462132 19.999372 -2.005251
v -3.539712 19.910234 -1.951441
v -3.594863 20.012127 -2.019099
v -3.528969 20.034801 -2.022128
v -3.469021 19.933386 -1.965290
v -3.646399 20.039291 -1.875656
v -3.490099 20.107944 -1.912996
v -3.587106 20.014091 -1.853373
v -3.641581 20.119612 -1.912825
v -3.577531 20.141769 -1.919793
v -3.491789 20.036358 -1.867725
v -0.920637 19.512974 -2.745364
v -0.782255 19.580130 -2.774908
v -0.838331 19.487040 -2.730527
v -0.905954 19.598799 -2.767530
v -0.835454 19.615036 -2.786849
v -0.777394 19.524179 -2.757120
v -0.784803 19.129044 -3.268739
v -0.798345 19.661047 -2.371664
v -0.808757 19.077398 -3.257984
v -0.914603 19.718580 -2.487895
v -0.757364 19.063789 -3.224265
v -0.732505 19.115282 -3.231116
v -0.880882 19.754055 -2.458061
v -0.875395 19.584887 -2.409103
v -0.905603 19.197655 -3.078367
v -0.954357 19.155462 -3.160701
v -0.927101 19.229858 -3.194529
v -0.883124 19.263781 -3.124368
v -0.840277 19.746399 -2.487870
v -0.872246 19.712772 -2.522249
v -0.811650 19.123854 -3.134264
v -0.860689 19.127251 -3.197365
v -0.821371 19.188234 -3.214010
v -0.776765 19.178484 -3.161961
v -0.746849 19.640980 -2.439083
v -0.805104 19.572374 -2.478359
v -0.896330 19.632586 -2.455759
v -0.833742 19.697639 -2.411192
v -0.788059 19.681652 -2.479994
v -0.839339 19.631523 -2.510724
v -3.566661 19.980839 -1.864994
v -3.508829 20.054403 -1.937902
v -3.644712 20.045095 -1.840679
v -3.602624 20.135067 -1.901770
v -3.658297 20.040365 -2.103932
v -3.694849 19.973467 -2.047264
v -3.756331 20.031136 -2.034728
v -3.726679 20.079315 -2.084280
v -0.985628 19.077991 -3.240366
v -0.883377 19.123518 -3.289998
v -0.925911 19.057659 -3.235374
v -0.983575 19.142754 -3.278796
v -0.924224 19.151459 -3.301474
v -0.879587 19.081512 -3.267451
v 0.146301 18.961885 -3.385986
v 0.077111 18.974628 -3.401843
v 0.191729 19.012152 -3.390575
v 0.162327 19.082661 -3.405458
v 0.101592 19.093178 -3.411508
v 0.050063 19.039722 -3.413736
v 0.538673 21.018522 0.270106
v 0.473263 20.993692 0.264838
v 0.587904 21.053225 0.236571
v 0.543907 21.125740 0.218548
v 0.480932 21.117094 0.222552
v 0.443374 21.068226 0.248333
v 0.145964 20.281651 -1.380769
v 0.160658 20.402557 -1.443372
v 0.270442 20.322786 -1.426767
v 0.222197 20.281143 -1.389079
v 0.225750 20.398853 -1.455196
v 0.109936 20.354771 -1.409924
v -0.117928 19.590559 -2.464705
v -0.085077 19.512447 -2.421680
v 0.013972 19.504980 -2.414983
v 0.074698 19.555202 -2.451869
v 0.029335 19.638000 -2.496524
v -0.043046 19.647608 -2.492247
v 0.076553 20.043510 -1.836004
v -0.046011 19.904446 -1.754941
v -0.000798 20.051712 -1.825065
v 0.122251 19.952702 -1.793881
v 0.061092 19.907288 -1.756287
v -0.082990 19.984972 -1.785702
v -0.003499 19.037613 -2.909709
v -0.056483 19.181265 -2.968908
v 0.018812 19.177160 -2.961864
v 0.054321 19.086870 -2.923819
v -0.087936 19.047382 -2.925005
v -0.120544 19.118404 -2.949047
v -3.467538 20.316612 -1.243991
v -3.464648 20.402391 -1.299232
v -3.463373 20.413712 -1.202164
v -3.459360 20.366011 -1.199332
v -3.462464 20.346800 -1.301632
v -3.449316 20.436390 -1.262527
v -2.478376 19.513514 -2.469197
v -2.330494 19.578577 -2.493867
v -2.409817 19.475164 -2.457742
v -2.468580 19.584814 -2.498981
v -2.410482 19.617775 -2.508486
v -2.342464 19.513664 -2.464174
v -4.112444 20.972271 0.034792
v -4.104240 19.248999 -3.288747
v -4.022156 19.216578 -3.286973
v -4.144584 19.215776 -3.285771
v -4.152511 19.166756 -3.264325
v -4.091411 19.115606 -3.260561
v -4.039903 19.152140 -3.264544
v -4.145488 21.098995 -0.018703
v -4.066197 21.067217 -0.003605
v -4.196058 21.056553 -0.008946
v -4.196797 20.987751 0.015384
v -4.081282 21.004395 0.028096
v 0.640753 16.363876 0.973168
v 0.835475 16.368580 0.969974
v 0.890093 16.365589 1.131150
v 0.798088 16.359755 1.253562
v 0.635624 16.357105 1.245211
v 1.226117 9.360720 1.052964
v 1.452675 9.376810 1.221117
v 1.490772 9.378242 0.934338
v 1.311751 9.366020 0.922087
v 1.540422 9.382418 1.096403
v 1.292249 9.365194 1.207910
v 1.265990 12.521712 1.154155
v 1.000268 12.443687 1.265463
v 1.172056 12.491323 1.290275
v 1.031618 12.455665 0.981508
v 1.214441 12.510397 0.988617
v 1.451124 6.303235 1.021904
v 1.674011 6.310006 1.206749
v 1.738253 6.326244 0.914479
v 1.556530 6.314005 0.889436
v 1.776958 6.315892 1.079443
v 1.506383 6.299896 1.181002
v 1.893215 -0.107697 0.847546
v 1.792195 -0.113164 0.974081
v 2.070145 -0.098920 0.862847
v 2.113345 -0.100954 1.027761
v 2.017236 -0.122636 1.142955
v 1.862103 -0.112807 1.136373
v 1.648162 2.803911 0.972923
v 1.875196 2.801074 1.156865
v 1.939006 2.815794 0.863143
v 1.756211 2.813834 0.840302
v 1.980254 2.815724 1.027438
v 1.705809 2.798525 1.134004
v 0.642077 16.363955 -1.038127
v 0.837520 16.368698 -1.034933
v 0.890619 16.365620 -1.196110
v 0.797611 16.359728 -1.318521
v 0.635283 16.357086 -1.310170
v 1.223987 9.360596 -1.117921
v 1.451066 9.376717 -1.286074
v 1.489997 9.378197 -0.999295
v 1.310729 9.365960 -0.987044
v 1.538903 9.382330 -1.161360
v 1.290329 9.365083 -1.272867
v 1.262163 12.521489 -1.219113
v 0.995398 12.443403 -1.330421
v 1.167493 12.491057 -1.355233
v 1.029950 12.455567 -1.046466
v 1.213187 12.510323 -1.053575
v 1.449246 6.303126 -1.086860
v 1.673348 6.309968 -1.271705
v 1.736597 6.326148 -0.979436
v 1.554743 6.313901 -0.954392
v 1.775959 6.315834 -1.144399
v 1.505273 6.299831 -1.245958
v 1.895029 -0.107592 -0.912500
v 1.793993 -0.113060 -1.039035
v 2.072157 -0.098802 -0.927801
v 2.115557 -0.100826 -1.092715
v 2.019474 -0.122506 -1.207909
v 1.864138 -0.112688 -1.201327
v 1.648181 2.803913 -1.037878
v 1.875948 2.801118 -1.221820
v 1.939429 2.815819 -0.928098
v 1.756174 2.813832 -0.905256
v 1.981036 2.815770 -1.092394
v 1.706225 2.798549 -1.198959
v 1.698459 6.923412 1.407697
v 1.674089 6.979362 1.410273
v 1.652984 6.871063 1.419492
v 1.590708 6.885347 1.431934
v 1.576929 6.942714 1.442865
v 1.615917 6.986625 1.436515
v 1.703926 6.838902 -1.254704
v 1.686044 6.896377 -1.257135
v 1.670917 6.794361 -1.261345
v 1.622998 6.806306 -1.269576
v 1.614901 6.856740 -1.272448
v 1.638699 6.908999 -1.261158
v 1.642558 6.930372 0.373568
v 1.529740 6.884241 0.397089
v 1.620133 6.805485 0.380663
v 1.671310 6.863681 0.370736
v 1.547490 6.822128 0.392321
v 1.571857 6.941215 0.389634
v 1.723070 8.637256 1.230590
v 1.700181 8.574862 1.243079
v 1.693805 8.671877 1.253453
v 1.637908 8.681770 1.265206
v 1.613682 8.622316 1.281853
v 1.643229 8.573994 1.263339
v 1.529262 8.685907 -1.203354
v 1.516775 8.628349 -1.206603
v 1.499307 8.737644 -1.200637
v 1.451498 8.721189 -1.212448
v 1.439148 8.664439 -1.219803
v 1.469264 8.621487 -1.215316
v 1.596208 8.211359 1.331623
v 1.573992 8.155697 1.346215
v 1.570818 8.250799 1.340809
v 1.507162 8.261173 1.344318
v 1.475850 8.194658 1.373383
v 1.510946 8.148243 1.367319
v 1.558665 8.236275 -1.231032
v 1.551278 8.186315 -1.229581
v 1.542116 8.285999 -1.225783
v 1.485754 8.283197 -1.236051
v 1.473203 8.227114 -1.246601
v 1.489661 8.180599 -1.243384
v 1.652523 7.556569 1.553631
v 1.630952 7.524810 1.566552
v 1.631597 7.608222 1.530994
v 1.576824 7.600780 1.556452
v 1.551449 7.552299 1.564228
v 1.590174 7.517154 1.576601
v 1.682968 7.531567 -1.155216
v 1.663530 7.484142 -1.157420
v 1.671839 7.580077 -1.152285
v 1.621543 7.585804 -1.164333
v 1.595724 7.534493 -1.174650
v 1.612521 7.478040 -1.165830
v 1.521114 9.115498 1.378958
v 1.498631 9.058647 1.383112
v 1.487111 9.158760 1.390602
v 1.426538 9.151884 1.403799
v 1.418840 9.100018 1.406625
v 1.443758 9.057877 1.396477
v 1.474615 9.176319 -1.211702
v 1.453172 9.119205 -1.222952
v 1.443015 9.218203 -1.217769
v 1.396812 9.212001 -1.226879
v 1.383873 9.162929 -1.234754
v 1.408128 9.117461 -1.230141
v 1.382827 10.285737 1.333532
v 1.363991 10.215577 1.344676
v 1.349896 10.319574 1.351245
v 1.296397 10.320730 1.362633
v 1.265386 10.265305 1.379640
v 1.300796 10.221855 1.367217
v 1.348663 10.330279 -1.289285
v 1.330281 10.262537 -1.292908
v 1.319876 10.372679 -1.291524
v 1.269782 10.367758 -1.301788
v 1.256600 10.312918 -1.311224
v 1.276100 10.266657 -1.305468
v 1.435796 9.729195 1.385469
v 1.407948 9.677933 1.398110
v 1.404440 9.780477 1.397792
v 1.337799 9.774214 1.419518
v 1.315394 9.725280 1.417318
v 1.349686 9.671274 1.409520
v 1.391424 9.762799 -1.210275
v 1.394281 9.705577 -1.200913
v 1.373878 9.811747 -1.202898
v 1.313086 9.800409 -1.220216
v 1.306669 9.746136 -1.225040
v 1.334534 9.702727 -1.220201
v 1.604834 8.591671 0.210415
v 1.486397 8.640095 0.226325
v 1.589114 8.715956 0.215489
v 1.629785 8.661689 0.206726
v 1.513940 8.709795 0.224617
v 1.532434 8.584227 0.216843
v 1.499618 9.078808 0.268708
v 1.398645 9.127098 0.284061
v 1.485460 9.195465 0.275920
v 1.525797 9.145058 0.270235
v 1.415823 9.185994 0.284875
v 1.431977 9.077614 0.278363
v 1.468054 9.681986 0.250794
v 1.349529 9.727585 0.266062
v 1.451192 9.799913 0.246725
v 1.486995 9.746169 0.240665
v 1.365871 9.789320 0.260555
v 1.391144 9.672668 0.261804
v 1.628151 8.164680 0.182554
v 1.651260 8.224264 0.175524
v 1.546320 8.154081 0.195713
v 1.510659 8.208247 0.200634
v 1.543653 8.279614 0.190326
v 1.622787 8.278608 0.179897
v 1.603627 7.433840 0.461772
v 1.506683 7.489752 0.473671
v 1.617717 7.549706 0.455174
v 1.640429 7.489049 0.453701
v 1.542732 7.553253 0.470573
v 1.536136 7.430394 0.473992
v 1.555612 7.518506 0.914430
v 1.623394 7.403049 0.898457
v 1.530130 7.453246 0.923004
v 1.637303 7.521845 0.882006
v 1.661110 7.453744 0.881789
v 1.564297 7.400319 0.921974
v 1.345965 9.803047 0.580113
v 1.437912 9.688958 0.562534
v 1.326920 9.744693 0.570604
v 1.431520 9.809486 0.578050
v 1.465493 9.751945 0.566852
v 1.363837 9.687380 0.564429
v 1.370694 9.834232 0.496060
v 1.467534 9.712667 0.483018
v 1.345815 9.775517 0.486854
v 1.449117 9.838768 0.485962
v 1.484066 9.786110 0.478916
v 1.386417 9.702703 0.481912
v 1.631822 7.557872 1.082214
v 1.703168 7.439366 1.081540
v 1.598504 7.482236 1.096431
v 1.712420 7.553632 1.056480
v 1.736378 7.490159 1.065725
v 1.645585 7.427987 1.098442
v 1.566167 7.567315 1.443754
v 1.638122 7.471169 1.470009
v 1.543883 7.505433 1.459936
v 1.645911 7.574762 1.440788
v 1.668681 7.514455 1.458542
v 1.585124 7.461657 1.475904
v 1.447859 8.684110 0.899985
v 1.525623 8.560785 0.880068
v 1.419900 8.618065 0.911172
v 1.518402 8.688154 0.882428
v 1.559036 8.636715 0.871491
v 1.457715 8.562597 0.895488
v 1.300781 12.826204 1.267300
v 1.267554 12.883357 1.282216
v 1.278230 12.786553 1.288742
v 1.225035 12.766977 1.299971
v 1.189938 12.820778 1.319531
v 1.211421 12.874004 1.302591
v 1.150195 12.865622 -1.239986
v 1.125074 12.917494 -1.240285
v 1.132578 12.807228 -1.240874
v 1.081129 12.813412 -1.252279
v 1.056832 12.865951 -1.256051
v 1.077650 12.915025 -1.248613
v 1.018106 14.711828 1.408460
v 0.979106 14.757094 1.414913
v 0.989726 14.649129 1.412298
v 0.926598 14.644600 1.422442
v 0.896469 14.693195 1.437595
v 0.920722 14.746011 1.438037
v 0.979080 14.685925 -1.273919
v 0.947807 14.735772 -1.279993
v 0.958688 14.632380 -1.277838
v 0.909057 14.623627 -1.285231
v 0.889592 14.669557 -1.293701
v 0.900401 14.727850 -1.287884
v 1.119747 13.227728 1.432884
v 1.091774 13.279982 1.446185
v 1.098807 13.185526 1.443226
v 1.036560 13.164936 1.447051
v 0.998033 13.225775 1.475495
v 1.028765 13.276601 1.467830
v 1.100166 13.320366 -1.189093
v 1.085028 13.367737 -1.185994
v 1.092350 13.268147 -1.185829
v 1.035621 13.260275 -1.196065
v 1.014100 13.314552 -1.204365
v 1.023764 13.362970 -1.199514
v 1.057502 13.896688 1.539976
v 1.033764 13.926763 1.551061
v 1.040067 13.843544 1.518923
v 0.984320 13.842846 1.545694
v 0.956722 13.889260 1.548691
v 0.992986 13.928277 1.560464
v 1.032707 14.035357 -1.419497
v 1.009520 14.081739 -1.421620
v 1.024594 13.987378 -1.416682
v 0.975122 13.974310 -1.428600
v 0.945600 14.022888 -1.440173
v 0.958744 14.079832 -1.431345
v 1.188539 12.324250 1.458120
v 1.152261 12.374374 1.468317
v 1.165762 12.274315 1.465001
v 1.105169 12.269276 1.478504
v 1.084439 12.316609 1.486768
v 1.097952 12.364148 1.481376
v 1.192724 12.384570 -1.201384
v 1.158174 12.435362 -1.210149
v 1.171423 12.336275 -1.210073
v 1.124710 12.332665 -1.219247
v 1.100949 12.377068 -1.225060
v 1.114066 12.427173 -1.218077
v 1.234876 11.693064 1.426963
v 1.195017 11.736718 1.444428
v 1.216835 11.636288 1.434342
v 1.150199 11.629646 1.456290
v 1.116158 11.672802 1.458485
v 1.136027 11.732609 1.456096
v 1.227096 11.724129 -1.174815
v 1.216198 11.777617 -1.164090
v 1.222086 11.670745 -1.169258
v 1.159365 11.669361 -1.187469
v 1.139898 11.720514 -1.190902
v 1.157185 11.769076 -1.184405
v 1.163611 12.900412 0.254290
v 1.056412 12.830656 0.267165
v 1.173375 12.775587 0.252416
v 1.202209 12.837135 0.247410
v 1.097921 12.767723 0.261433
v 1.090897 12.894235 0.260654
v 1.151095 12.409519 0.349374
v 1.065711 12.341084 0.358031
v 1.168227 12.292734 0.345436
v 1.194703 12.350910 0.345143
v 1.097759 12.288492 0.353822
v 1.084887 12.396698 0.357716
v 1.232050 11.797822 0.315442
v 1.129028 11.729473 0.327458
v 1.248264 11.679762 0.301718
v 1.268407 11.740541 0.300531
v 1.160522 11.673794 0.317382
v 1.155010 11.791380 0.327573
v 1.132972 13.334404 0.291046
v 1.162676 13.279014 0.284258
v 1.050424 13.331120 0.304460
v 1.021378 13.272670 0.309358
v 1.062747 13.206882 0.298949
v 1.141123 13.221172 0.288344
v 0.959539 14.059642 0.308360
v 0.865667 13.991842 0.328128
v 0.978707 13.945609 0.306252
v 0.999674 14.008002 0.301100
v 0.904161 13.931756 0.326388
v 0.892624 14.052711 0.324145
v 0.959192 14.752520 0.362236
v 0.864686 14.675653 0.379658
v 0.973199 14.628032 0.362851
v 1.005388 14.697704 0.357158
v 0.899077 14.621963 0.372801
v 0.889285 14.741789 0.376656
v 0.971124 13.952258 0.827996
v 1.032681 14.077370 0.804150
v 0.942883 14.016124 0.834786
v 1.051694 13.961913 0.791221
v 1.072600 14.030268 0.787729
v 0.974698 14.071536 0.829768
v 1.158384 11.643211 0.618356
v 1.219868 11.771448 0.608886
v 1.125063 11.696872 0.613042
v 1.244038 11.652574 0.615265
v 1.262356 11.715497 0.607861
v 1.147160 11.760201 0.611338
v 1.186218 11.620521 0.537245
v 1.250193 11.756953 0.532371
v 1.146736 11.672640 0.533786
v 1.263891 11.630504 0.525163
v 1.284913 11.689384 0.521798
v 1.167888 11.752106 0.534042
v 1.045280 13.917497 1.016103
v 1.110293 14.045442 1.011067
v 1.009769 13.990088 1.027242
v 1.124720 13.933413 0.990057
v 1.145828 13.998319 0.996922
v 1.052631 14.047703 1.028117
v 1.051468 14.014710 1.514333
v 0.995085 13.983418 1.538031
v 0.959827 14.035588 1.516938
v 1.011736 14.067640 1.488913
v 0.977915 13.943573 1.380275
v 0.993995 13.892505 1.471057
v 1.078447 13.928541 1.452090
v 1.058636 13.972392 1.375665
v 0.957535 14.002757 1.428051
v 0.997532 13.948344 1.483772
v 1.068684 13.998269 1.460110
v 1.025449 14.043115 1.415786
v 0.981347 13.879628 1.409917
v 1.046167 13.984262 1.436743
v 0.955940 13.939081 1.423982
v 1.060009 13.883459 1.409656
v 1.079061 13.944038 1.427436
v 0.993531 13.986386 1.440269
v 0.723345 15.356373 1.525396
v 0.734574 15.298508 1.549605
v 0.772955 15.390455 1.504024
v 0.831543 15.361480 1.499653
v 0.838683 15.310023 1.511015
v 0.790618 15.271281 1.539290
v 0.774442 15.337211 -1.475939
v 0.771304 15.284441 -1.469306
v 0.809336 15.379552 -1.457881
v 0.861567 15.337167 -1.451619
v 0.860828 15.285209 -1.449421
v 0.820799 15.252347 -1.457049
v 0.882905 15.285028 0.146643
v 1.013098 15.294172 0.132460
v 0.941139 15.396228 0.143616
v 0.883723 15.353190 0.144992
v 1.014034 15.355494 0.133064
v 0.957084 15.250159 0.138519
v 0.936394 15.264126 0.925871
v 0.856454 15.291960 0.923252
v 0.849574 15.372664 0.908334
v 0.910288 15.422204 0.902419
v 0.987971 15.385326 0.902968
v 0.993303 15.321252 0.909105
v 0.974817 15.332668 0.447297
v 0.834838 15.238174 0.471475
v 0.976365 15.263039 0.448134
v 0.888905 15.371426 0.452443
v 0.833356 15.320624 0.457371
v 0.909773 15.204576 0.461462
v 1.034755 12.750229 0.932072
v 1.089463 12.885324 0.917092
v 0.995100 12.810093 0.946377
v 1.104551 12.758991 0.914416
v 1.135097 12.816625 0.905765
v 1.022963 12.871729 0.932500
v 1.183680 11.168545 -1.198286
v 1.299503 11.128508 1.444380
v 1.265254 11.193995 1.460282
v 1.274562 11.089751 1.459850
v 1.221773 11.079905 1.471279
v 1.180564 11.133104 1.492523
v 1.207108 11.180244 1.479741
v 1.282253 11.152825 -1.176132
v 1.250745 11.217475 -1.179053
v 1.261908 11.107302 -1.179080
v 1.211018 11.103216 -1.189079
v 1.201157 11.204233 -1.194217
v 2.007933 3.659243 1.248286
v 1.974159 3.716360 1.263202
v 1.985479 3.619594 1.269726
v 1.932327 3.600021 1.280958
v 1.896919 3.653803 1.300515
v 1.917918 3.707001 1.283576
v 1.862401 3.698949 -1.259002
v 1.836833 3.750800 -1.259299
v 1.845236 3.640581 -1.259888
v 1.793675 3.646763 -1.271296
v 1.768930 3.699274 -1.275066
v 1.789388 3.748322 -1.267628
v 1.675479 5.815540 1.357297
v 1.635565 5.860753 1.363751
v 1.648838 5.752939 1.361135
v 1.586144 5.748437 1.371279
v 1.554965 5.796968 1.386434
v 1.577795 5.849702 1.386876
v 1.776012 5.795611 -1.240235
v 1.743268 5.845264 -1.247137
v 1.756950 5.742162 -1.244771
v 1.707530 5.733521 -1.253419
v 1.686946 5.779354 -1.262038
v 1.696086 5.837302 -1.256078
v 1.823682 4.060574 1.253133
v 1.795163 4.112798 1.266431
v 1.803256 4.018399 1.263473
v 1.741351 3.997831 1.267298
v 1.702159 4.058633 1.295743
v 1.732295 4.109419 1.288078
v 1.807333 4.153399 -1.368845
v 1.791551 4.200732 -1.365745
v 1.800184 4.101219 -1.365580
v 1.743569 4.093356 -1.375816
v 1.721364 4.147592 -1.384117
v 1.730384 4.195971 -1.379268
v 1.741159 4.876938 1.528302
v 1.716974 4.906989 1.538592
v 1.724725 4.823850 1.508761
v 1.669180 4.823166 1.533610
v 1.640854 4.869536 1.536393
v 1.676317 4.908504 1.547322
v 1.854111 5.021490 -1.134030
v 1.829871 5.067656 -1.136624
v 1.846965 4.973633 -1.131718
v 1.797888 4.960550 -1.144201
v 1.767194 5.008945 -1.155225
v 1.779128 5.065770 -1.146868
v 1.897908 3.158073 1.374809
v 1.861627 3.208200 1.385007
v 1.875167 3.108143 1.381690
v 1.814576 3.103099 1.395194
v 1.793842 3.150438 1.403459
v 1.807340 3.197970 1.398066
v 1.769581 3.212906 -1.370400
v 1.735074 3.263790 -1.378224
v 1.748520 3.164564 -1.378302
v 1.701731 3.160816 -1.386392
v 1.677858 3.205303 -1.392009
v 1.690989 3.255641 -1.385173
v 1.943908 2.526631 1.343652
v 1.904059 2.570288 1.361118
v 1.925887 2.469859 1.351034
v 1.859160 2.463209 1.372979
v 1.825043 2.506360 1.375175
v 1.844982 2.566171 1.372785
v 1.781657 2.551370 -1.357371
v 1.770700 2.605046 -1.346199
v 1.776781 2.497702 -1.351443
v 1.714168 2.496325 -1.368115
v 1.694479 2.547547 -1.371299
v 1.711880 2.596423 -1.365026
v 1.876970 3.733809 0.235275
v 1.770320 3.664084 0.248149
v 1.887758 3.609042 0.233401
v 1.916064 3.670563 0.228395
v 1.812347 3.601181 0.242417
v 1.804294 3.727633 0.241639
v 1.868405 3.243605 0.265508
v 1.782452 3.175282 0.276020
v 1.885560 3.127262 0.261411
v 1.911690 3.185194 0.260421
v 1.814979 3.122530 0.271271
v 1.801888 3.231164 0.275277
v 1.949076 2.631653 0.231420
v 1.845432 2.563390 0.245677
v 1.965076 2.514139 0.217439
v 1.984876 2.574699 0.215381
v 1.877394 2.507418 0.235037
v 1.871918 2.625572 0.245209
v 1.841862 4.167539 0.111295
v 1.872290 4.112190 0.104504
v 1.759377 4.164258 0.124708
v 1.731091 4.105854 0.129604
v 1.773326 4.040117 0.119197
v 1.851522 4.054394 0.108592
v 1.644933 5.040184 0.385671
v 1.552727 4.972296 0.402007
v 1.666664 4.925903 0.384032
v 1.686559 4.988515 0.379979
v 1.592199 4.912454 0.401060
v 1.578181 5.032836 0.398785
v 1.618134 5.856503 0.311550
v 1.526316 5.779667 0.327196
v 1.635751 5.731855 0.312451
v 1.666190 5.801681 0.307564
v 1.561731 5.726237 0.320810
v 1.548776 5.845367 0.324567
v 1.658705 4.932737 0.867400
v 1.717928 5.057713 0.845265
v 1.629153 4.996528 0.873703
v 1.739534 4.942405 0.833264
v 1.759031 5.010674 0.830022
v 1.659957 5.051878 0.869046
v 1.875171 2.477234 0.535046
v 1.937004 2.605488 0.525576
v 1.841732 2.530882 0.529731
v 1.961154 2.486616 0.531954
v 1.979536 2.549541 0.524552
v 1.864001 2.594227 0.528029
v 1.903199 2.454556 0.453935
v 1.967413 2.590999 0.449061
v 1.863569 2.506662 0.450476
v 1.981086 2.464549 0.441852
v 2.002150 2.523436 0.438489
v 1.884877 2.586141 0.450733
v 1.730909 4.897862 1.042012
v 1.793638 5.025672 1.037338
v 1.693893 4.970362 1.052353
v 1.810441 4.913780 1.017835
v 1.830235 4.978614 1.024208
v 1.735699 5.027913 1.053165
v 1.732817 4.995121 1.431021
v 1.625548 6.954578 0.798460
v 1.677223 4.963878 1.454721
v 1.733278 6.963441 0.857200
v 1.641124 5.015997 1.433630
v 1.692245 5.048004 1.405605
v 1.706655 6.994948 0.807425
v 1.666915 6.883799 0.874833
v 1.664284 4.940414 1.286305
v 1.681324 4.889403 1.377086
v 1.764768 4.925383 1.358118
v 1.744144 4.969187 1.281693
v 1.675545 7.030126 0.844135
v 1.704095 7.002703 0.896918
v 1.639462 4.983205 1.344741
v 1.680352 4.928843 1.400462
v 1.750285 4.978698 1.376800
v 1.706358 5.023501 1.332476
v 1.591836 6.997202 0.869341
v 1.624601 6.939310 0.940359
v 1.694562 6.910689 0.880633
v 1.652336 6.964606 0.801265
v 1.625670 7.013273 0.873611
v 1.660666 6.965870 0.931347
v 1.665442 4.859902 1.407575
v 1.728173 4.964417 1.432476
v 1.639073 4.919302 1.420632
v 1.743754 4.863711 1.407331
v 1.761651 4.924228 1.423838
v 1.675710 4.966550 1.435749
v 1.553577 6.394789 1.554217
v 1.574135 6.336333 1.563984
v 1.594658 6.433673 1.527541
v 1.654307 6.410679 1.505644
v 1.668830 6.358274 1.509519
v 1.630979 6.315383 1.539934
v 1.678725 6.395825 -1.183713
v 1.677788 6.340693 -1.176999
v 1.712510 6.440752 -1.167314
v 1.764917 6.405361 -1.159619
v 1.765558 6.352430 -1.158597
v 1.728475 6.316270 -1.166656
v 1.531769 6.270118 0.241358
v 1.661020 6.285488 0.225164
v 1.577141 6.382137 0.250114
v 1.526261 6.336613 0.247920
v 1.655420 6.347701 0.233729
v 1.607607 6.238816 0.225978
v 1.683365 6.297242 0.534586
v 1.554041 6.194296 0.549726
v 1.691881 6.229596 0.525335
v 1.595398 6.331453 0.550252
v 1.543143 6.277841 0.550512
v 1.632835 6.166718 0.532733
v 1.747684 3.583599 0.913058
v 1.802035 3.718674 0.898077
v 1.707076 3.643408 0.927360
v 1.818132 3.592396 0.895401
v 1.848588 3.650031 0.886751
v 1.735011 3.705048 0.913484
v 1.672160 1.994221 -1.484492
v 2.009222 1.963464 1.295313
v 1.975110 2.028772 1.312282
v 1.984208 1.924768 1.311734
v 1.931793 1.915068 1.324205
v 1.890165 1.968012 1.345536
v 1.916853 2.014963 1.332659
v 1.770493 1.978571 -1.464088
v 1.738945 2.043442 -1.466166
v 1.750278 1.932961 -1.466391
v 1.699571 1.928715 -1.475275
v 1.689863 2.030412 -1.480407
v -8.572061 14.857523 -2.557510
v -8.547323 14.848103 -2.586200
v -8.556902 14.879278 -2.511859
v -8.501766 14.860635 -2.515946
v -8.475253 14.857677 -2.559441
v -8.507595 14.842671 -2.590872
v -8.930756 16.867388 -2.529510
v -8.898293 16.857008 -2.572990
v -8.921148 16.862038 -2.488147
v -8.869462 16.858192 -2.481825
v -8.830896 16.854151 -2.526945
v -8.840816 16.843437 -2.576966
v -8.633544 14.788013 -0.325263
v -8.599840 14.776916 -0.374231
v -8.606524 14.778431 -0.275348
v -8.532404 14.762864 -0.277459
v -8.507578 14.768470 -0.321412
v -8.537942 14.771237 -0.377408
v -8.721096 17.081999 -0.429428
v -8.720703 17.067755 -0.481452
v -8.701715 17.066301 -0.385126
v -8.629488 17.062710 -0.392318
v -8.617843 17.060383 -0.440007
v -8.651873 17.069963 -0.480147
v -8.708423 15.675828 -0.480376
v -8.602256 15.669894 -0.432789
v -8.702052 15.680560 -0.377006
v -8.729796 15.685700 -0.425219
v -8.620347 15.673161 -0.381799
v -8.637057 15.671626 -0.483530
v -8.733215 15.389533 -2.591095
v -8.651068 15.388150 -2.542473
v -8.755423 15.399727 -2.493779
v -8.771401 15.397024 -2.544169
v -8.688590 15.389006 -2.487472
v -8.673528 15.381872 -2.592873
v -8.627814 15.352030 -0.319271
v -8.711014 15.357361 -0.434134
v -8.603583 15.359575 -0.367730
v -8.705203 15.358012 -0.318132
v -8.731939 15.363264 -0.366235
v -8.636094 15.361192 -0.437623
v -8.637070 16.489582 0.969030
v -8.603592 16.471367 0.972444
v -8.685952 16.467060 0.953239
v -8.677725 16.412073 0.965856
v -8.627735 16.397301 0.961688
v -8.595971 16.434025 0.973855
v -8.966480 16.712942 -3.355899
v -8.911257 16.691891 -3.355777
v -9.013108 16.688322 -3.344399
v -9.016449 16.630911 -3.341689
v -8.959446 16.604031 -3.348394
v -8.901978 16.629782 -3.347030
v -8.765556 16.776371 -1.299317
v -8.815736 16.674889 -1.295502
v -8.882564 16.775589 -1.296273
v -8.824842 16.805527 -1.298989
v -8.885226 16.701408 -1.288447
v -8.758466 16.712383 -1.294734
v -8.818789 16.507214 -0.661937
v -8.704022 16.590254 -0.674894
v -8.749436 16.492893 -0.665944
v -8.823368 16.590334 -0.680428
v -8.758955 16.621496 -0.680063
v -8.698961 16.532625 -0.663635
v -8.752926 16.522615 0.068837
v -8.775795 16.580347 -0.703980
v -8.770540 16.468550 0.079985
v -8.890490 16.651398 -0.638996
v -8.717092 16.448263 0.058485
v -8.698489 16.500273 0.044216
v -8.859493 16.673628 -0.676010
v -8.841040 16.522165 -0.647645
v -8.847584 16.477568 -0.088222
v -8.893763 16.472172 -0.010294
v -8.877557 16.554789 -0.012557
v -8.835529 16.557606 -0.079157
v -8.820175 16.686380 -0.648884
v -8.850237 16.667721 -0.609040
v -8.765445 16.452803 -0.026574
v -8.817455 16.475832 0.022232
v -8.786907 16.544008 0.011558
v -8.739645 16.518110 -0.026622
v -8.727412 16.598400 -0.645550
v -8.776528 16.549295 -0.590213
v -8.865097 16.572676 -0.631302
v -8.810471 16.616871 -0.690401
v -8.767385 16.639139 -0.631168
v -8.812777 16.602661 -0.588281
v -8.918461 16.440969 0.059261
v -8.827978 16.514452 0.082138
v -8.858047 16.427973 0.064014
v -8.926274 16.513659 0.065654
v -8.871324 16.538557 0.080165
v -8.818146 16.468147 0.079822
v -8.586460 14.858546 2.649443
v -8.552792 14.856398 2.691302
v -8.562172 14.857109 2.602805
v -8.504218 14.853528 2.598026
v -8.470551 14.851379 2.639886
v -8.494837 14.852815 2.686524
v -8.930765 17.269424 2.558153
v -8.898386 17.258768 2.601646
v -8.921122 17.264460 2.516861
v -8.869456 17.260695 2.510593
v -8.830919 17.256327 2.555583
v -8.840870 17.245060 2.605722
v -8.626811 14.790821 0.648933
v -8.595767 14.780599 0.694038
v -8.601924 14.781994 0.602957
v -8.533651 14.767657 0.604901
v -8.510785 14.772820 0.645386
v -8.538754 14.775368 0.696963
v -8.721096 17.004490 0.665189
v -8.720710 16.990248 0.717209
v -8.701712 16.988808 0.620895
v -8.629495 16.985222 0.628088
v -8.617856 16.982893 0.675774
v -8.651882 16.992460 0.715909
v -8.708312 16.077936 0.716141
v -8.600050 16.072029 0.668547
v -8.693015 16.082689 0.612767
v -8.724862 16.087814 0.660978
v -8.614832 16.075298 0.617562
v -8.637020 16.073750 0.719290
v -8.733345 15.791097 2.649853
v -8.651094 15.790351 2.601226
v -8.755311 15.802370 2.552510
v -8.771413 15.799028 2.602880
v -8.688645 15.791579 2.546351
v -8.673416 15.783614 2.651725
v -8.627813 15.754143 0.555032
v -8.711014 15.759476 0.669897
v -8.603583 15.761689 0.603492
v -8.705203 15.760125 0.553894
v -8.731938 15.765377 0.601997
v -8.636094 15.763306 0.673385
v -8.429689 16.656662 0.081928
v -8.450611 16.679659 0.071371
v -8.385899 16.664946 0.101177
v -8.375237 16.708973 0.083408
v -8.410885 16.735270 0.076703
v -8.445625 16.711618 0.064944
v -8.702929 16.713619 3.453905
v -8.740713 16.745283 3.442300
v -8.656394 16.718512 3.449513
v -8.636172 16.763391 3.441585
v -8.674822 16.801556 3.434751
v -8.728195 16.795942 3.426784
v -8.881989 16.829060 1.309522
v -8.810878 16.896700 1.303945
v -8.787524 16.797625 1.326375
v -8.843152 16.789616 1.322204
v -8.761964 16.855154 1.312559
v -8.867856 16.881632 1.297795
v -8.518443 16.713316 0.578548
v -8.640469 16.676550 0.567909
v -8.577244 16.750683 0.562589
v -8.547540 16.649921 0.597939
v -8.605755 16.640593 0.583679
v -8.632589 16.722858 0.554285
v -8.592834 16.703194 0.161502
v -8.560682 16.740038 0.149377
v -8.604378 16.775276 0.156218
v -8.637681 16.741041 0.170593
v -8.519942 16.747351 0.302105
v -8.468801 16.723253 0.244179
v -8.506958 16.661314 0.252163
v -8.552209 16.684116 0.301154
v -8.573151 16.776207 0.235286
v -8.527976 16.733696 0.205457
v -8.575722 16.688641 0.216594
v -8.614338 16.730198 0.238030
v -8.433081 16.727669 0.189377
v -8.527338 16.687912 0.162377
v -8.478126 16.753511 0.173573
v -8.448571 16.665506 0.192951
v -8.498284 16.657175 0.174030
v -8.522015 16.728556 0.157789
v -8.916465 15.867667 0.154853
v -8.897869 15.888108 0.164236
v -8.955388 15.875030 0.137744
v -8.964866 15.914164 0.153537
v -8.933179 15.937537 0.159497
v -8.902301 15.916516 0.169949
v -8.908473 15.918294 -2.842288
v -8.874890 15.946436 -2.831973
v -8.949836 15.922641 -2.838384
v -8.967810 15.962531 -2.831336
v -8.933456 15.996454 -2.825263
v -8.886016 15.991464 -2.818182
v -8.514445 16.020901 -0.936279
v -8.577650 16.081022 -0.931323
v -8.598409 15.992962 -0.951258
v -8.548965 15.985843 -0.947550
v -8.621127 16.044096 -0.938976
v -8.527006 16.067631 -0.925855
v -8.837578 15.918024 -0.286561
v -8.729117 15.885345 -0.277106
v -8.785314 15.951236 -0.272377
v -8.811715 15.861675 -0.303799
v -8.759972 15.853385 -0.291122
v -8.736120 15.926506 -0.264996
v -8.913452 15.930780 0.059348
v -8.829672 15.895445 0.083346
v -8.873413 15.953752 0.073395
v -8.899682 15.875529 0.056172
v -8.855495 15.868124 0.072989
v -8.834403 15.931568 0.087426
v -8.796943 15.695649 2.754425
v -8.815599 15.715349 2.757121
v -8.758734 15.700344 2.743541
v -8.752191 15.739166 2.753369
v -8.782743 15.760342 2.750603
v -8.812487 15.742296 2.758694
v -8.766377 15.587013 0.393288
v -8.799110 15.613520 0.393672
v -8.729412 15.593122 0.401882
v -8.714431 15.631202 0.404691
v -8.747030 15.662178 0.400299
v -8.791677 15.657470 0.400851
v -8.961445 15.570175 1.528957
v -8.904970 15.627680 1.533252
v -8.882044 15.544682 1.531192
v -8.927760 15.537271 1.528771
v -8.863835 15.594172 1.537905
v -8.952083 15.614990 1.533199
v -8.869961 15.728750 1.987246
v -8.966028 15.698234 1.976689
v -8.913729 15.753912 1.984578
v -8.885176 15.671795 1.972799
v -8.935719 15.664985 1.972553
v -8.956747 15.738169 1.985591
v -8.792603 15.738066 2.502171
v -8.870344 15.707966 2.517305
v -8.830671 15.760184 2.505730
v -8.803481 15.686995 2.505618
v -8.846320 15.682062 2.515551
v -8.866716 15.741544 2.516360
v -8.811201 16.355078 0.348783
v -8.792545 16.374775 0.346087
v -8.849411 16.359772 0.359667
v -8.855953 16.398594 0.349839
v -8.825401 16.419769 0.352606
v -8.795658 16.401726 0.344513
v -8.841765 16.246441 2.709919
v -8.809033 16.272947 2.709535
v -8.878732 16.252548 2.701326
v -8.893713 16.290630 2.698516
v -8.861115 16.321608 2.702909
v -8.816468 16.316898 2.702355
v -8.646700 16.229603 1.574250
v -8.703175 16.287109 1.569955
v -8.726100 16.204109 1.572016
v -8.680384 16.196699 1.574435
v -8.744308 16.253601 1.565303
v -8.656060 16.274418 1.570008
v -8.738183 16.388176 1.115961
v -8.642117 16.357662 1.126518
v -8.694416 16.413340 1.118629
v -8.722968 16.331224 1.130407
v -8.672425 16.324413 1.130653
v -8.651398 16.397596 1.117616
v -8.815540 16.397491 0.601036
v -8.737800 16.367393 0.585903
v -8.777472 16.419613 0.597477
v -8.804664 16.346422 0.597590
v -8.761824 16.341490 0.587657
v -8.741429 16.400970 0.586848
v 0.511056 14.857524 2.777067
v 0.486319 14.848104 2.809674
v 0.495897 14.879279 2.725187
v 0.440762 14.860636 2.729832
v 0.414248 14.857678 2.779263
v 0.446591 14.842672 2.814983
v 0.869751 16.972027 2.745247
v 0.837288 16.961647 2.794658
v 0.860144 16.966675 2.698238
v 0.808457 16.962831 2.691054
v 0.769891 16.958788 2.742333
v 0.779811 16.948076 2.799179
v 0.572538 14.788013 1.426917
v 0.538835 14.776916 1.482567
v 0.545519 14.778431 1.370192
v 0.471399 14.762864 1.372589
v 0.446572 14.768470 1.422541
v 0.476937 14.771237 1.486177
v 0.660091 17.081999 1.545297
v 0.659698 17.067755 1.604419
v 0.640709 17.066301 1.494949
v 0.568483 17.062710 1.503120
v 0.556838 17.060383 1.557320
v 0.590867 17.069963 1.602936
v 0.647417 15.675828 1.603197
v 0.541252 15.669895 1.549116
v 0.641046 15.680560 1.485722
v 0.668792 15.685700 1.540514
v 0.559341 15.673161 1.491167
v 0.576053 15.671626 1.606783
v 0.672210 15.389534 2.815235
v 0.590063 15.388151 2.759978
v 0.694418 15.399728 2.704638
v 0.710396 15.397024 2.761905
v 0.627586 15.389007 2.697470
v 0.612522 15.381873 2.817256
v 0.566808 15.352030 1.420107
v 0.650008 15.357361 1.550646
v 0.542578 15.359575 1.475180
v 0.644198 15.358012 1.418814
v 0.670933 15.363264 1.473481
v 0.575089 15.361193 1.554611
v 0.699057 16.757517 3.948334
v 0.732533 16.739304 3.952213
v 0.650175 16.734997 3.930387
v 0.658401 16.680010 3.944728
v 0.708392 16.665236 3.939990
v 0.740155 16.701963 3.953816
v 0.613602 16.931541 1.081591
v 0.668825 16.910492 1.081730
v 0.566975 16.906923 1.094663
v 0.563634 16.849512 1.097739
v 0.620636 16.822630 1.090117
v 0.678105 16.848383 1.091669
v 0.865003 16.994972 2.894704
v 0.814822 16.893492 2.899040
v 0.747997 16.994188 2.898162
v 0.805717 17.024128 2.895077
v 0.745333 16.920010 2.907058
v 0.872093 16.930983 2.899912
v 0.811769 16.725815 3.619058
v 0.926537 16.808853 3.604334
v 0.881121 16.711493 3.614503
v 0.807189 16.808933 3.598043
v 0.871603 16.840097 3.598459
v 0.931598 16.751226 3.617127
v 0.854763 16.798946 3.571277
v 0.740069 16.869999 3.645129
v 0.771064 16.892229 3.603065
v 0.789518 16.740767 3.635301
v 0.810384 16.904982 3.633894
v 0.780321 16.886322 3.679173
v 0.903146 16.817001 3.637681
v 0.854030 16.767899 3.700569
v 0.765462 16.791277 3.653874
v 0.820087 16.835470 3.586708
v 0.863173 16.857740 3.654025
v 0.817782 16.821262 3.702764
v 0.618005 14.858545 -2.975825
v 0.584337 14.856398 -3.010834
v 0.593719 14.857109 -2.936820
v 0.535764 14.853527 -2.932822
v 0.502096 14.851378 -2.967830
v 0.526382 14.852814 -3.006836
v 0.962312 17.269423 -2.899474
v 0.929931 17.258768 -2.935850
v 0.952667 17.264460 -2.864938
v 0.901002 17.260695 -2.859696
v 0.862465 17.256325 -2.897324
v 0.872414 17.245060 -2.939260
v 0.658356 14.790821 -1.302672
v 0.627312 14.780599 -1.340395
v 0.633469 14.781994 -1.264220
v 0.565198 14.767656 -1.265845
v 0.542330 14.772820 -1.299706
v 0.570299 14.775368 -1.342843
v 0.752641 17.004490 -1.316269
v 0.752255 16.990248 -1.359776
v 0.733256 16.988808 -1.279223
v 0.661041 16.985222 -1.285239
v 0.649401 16.982893 -1.325121
v 0.683428 16.992460 -1.358690
v 0.739858 16.077936 -1.358882
v 0.631596 16.072027 -1.319076
v 0.724559 16.082689 -1.272425
v 0.756407 16.087814 -1.312747
v 0.646377 16.075298 -1.276435
v 0.668566 16.073750 -1.361517
v 0.764890 15.791096 -2.976170
v 0.682640 15.790350 -2.935499
v 0.786856 15.802369 -2.894753
v 0.802958 15.799027 -2.936881
v 0.720190 15.791578 -2.889603
v 0.704962 15.783613 -2.977732
v 0.659358 15.754143 -1.224138
v 0.742558 15.759475 -1.320206
v 0.635128 15.761688 -1.264667
v 0.736748 15.760125 -1.223185
v 0.763484 15.765377 -1.263417
v 0.667639 15.763305 -1.323123
v 0.461236 16.656662 -0.828449
v 0.482156 16.679659 -0.819620
v 0.417443 16.664946 -0.844550
v 0.406782 16.708973 -0.829688
v 0.442430 16.735270 -0.824080
v 0.477171 16.711618 -0.814245
v 0.734475 16.713619 -3.318852
v 0.772257 16.745281 -3.309147
v 0.687939 16.718510 -3.315179
v 0.667718 16.763390 -3.308547
v 0.706367 16.801556 -3.302832
v 0.759741 16.795940 -3.296170
v 0.913534 16.829058 -1.855165
v 0.842423 16.896700 -1.850500
v 0.819070 16.797625 -1.869261
v 0.874698 16.789616 -1.865771
v 0.793510 16.855154 -1.857705
v 0.899401 16.881630 -1.845357
v 0.549989 16.713316 -1.243805
v 0.672013 16.676548 -1.234907
v 0.608789 16.750681 -1.230458
v 0.579084 16.649921 -1.260023
v 0.637300 16.640593 -1.248097
v 0.664134 16.722858 -1.223513
v 0.624379 16.703194 -0.895002
v 0.592227 16.740038 -0.884862
v 0.635924 16.775276 -0.890583
v 0.669226 16.741041 -0.902606
v 0.551488 16.747351 -1.012598
v 0.500346 16.723253 -0.964150
v 0.538502 16.661314 -0.970828
v 0.583755 16.684116 -1.011802
v 0.604695 16.776207 -0.956712
v 0.559521 16.733696 -0.931765
v 0.607267 16.688641 -0.941079
v 0.645883 16.730198 -0.959008
v 0.464626 16.727669 -0.918316
v 0.558882 16.687912 -0.895735
v 0.509671 16.753511 -0.905098
v 0.480117 16.665506 -0.921305
v 0.529830 16.657175 -0.905480
v 0.553559 16.728556 -0.891897
v 0.855460 15.867667 0.881286
v 0.836864 15.888108 0.870623
v 0.894384 15.875031 0.900730
v 0.903861 15.914164 0.882782
v 0.872174 15.937537 0.876008
v 0.841295 15.916516 0.864130
v 0.612594 15.918295 3.567260
v 0.579011 15.946437 3.555538
v 0.653957 15.922642 3.562823
v 0.671931 15.962532 3.554816
v 0.637577 15.996455 3.547911
v 0.590137 15.991465 3.539865
v 0.453440 16.020901 2.121311
v 0.516646 16.081022 2.115677
v 0.537403 15.992963 2.138335
v 0.487959 15.985843 2.134121
v 0.560122 16.044096 2.124378
v 0.466001 16.067631 2.109466
v 0.776572 15.918025 1.382935
v 0.668112 15.885345 1.372188
v 0.724309 15.951237 1.366815
v 0.750710 15.861676 1.402523
v 0.698967 15.853385 1.388118
v 0.675116 15.926506 1.358427
v 0.852446 15.930780 0.989823
v 0.768667 15.895445 0.962551
v 0.812409 15.953752 0.973860
v 0.838678 15.875529 0.993433
v 0.794490 15.868124 0.974319
v 0.773399 15.931568 0.957915
v 0.828489 16.053677 -3.063628
v 0.847145 16.073374 -3.065883
v 0.790280 16.058369 -3.054524
v 0.783736 16.097193 -3.062745
v 0.814289 16.118368 -3.060432
v 0.844032 16.100323 -3.067199
v 0.797923 15.945040 -1.088860
v 0.830657 15.971547 -1.089182
v 0.760958 15.951148 -1.096048
v 0.745977 15.989229 -1.098397
v 0.778576 16.020206 -1.094724
v 0.823222 16.015495 -1.095186
v 0.992990 15.928201 -2.038692
v 0.936515 15.985707 -2.042283
v 0.913589 15.902709 -2.040562
v 0.959307 15.895297 -2.038538
v 0.895381 15.952198 -2.046175
v 0.983628 15.973017 -2.042241
v 0.901506 16.086777 -2.421988
v 0.997574 16.056261 -2.413159
v 0.945274 16.111937 -2.419758
v 0.916722 16.029821 -2.409905
v 0.967265 16.023010 -2.409701
v 0.988292 16.096195 -2.420605
v 0.824150 16.096092 -2.852652
v 0.901890 16.065992 -2.865310
v 0.862216 16.118210 -2.855627
v 0.835027 16.045021 -2.855535
v 0.877866 16.040087 -2.863843
v 0.898261 16.099569 -2.864520
v -0.713623 14.857524 3.277390
v -0.746229 14.848104 3.252654
v -0.661743 14.879279 3.262231
v -0.666388 14.860636 3.207096
v -0.715819 14.857678 3.180583
v -0.751539 14.842673 3.212925
v -0.681804 16.972027 3.636085
v -0.731215 16.961647 3.603622
v -0.634795 16.966675 3.626478
v -0.627610 16.962831 3.574791
v -0.678889 16.958788 3.536225
v -0.735735 16.948076 3.546145
v 0.636527 14.788014 3.338873
v 0.580877 14.776917 3.305170
v 0.693252 14.778431 3.311854
v 0.690855 14.762865 3.237734
v 0.640903 14.768471 3.212908
v 0.577266 14.771238 3.243273
v 0.518147 17.081999 3.426425
v 0.459024 17.067757 3.426032
v 0.568494 17.066301 3.407044
v 0.560323 17.062710 3.334817
v 0.506123 17.060383 3.323172
v 0.460507 17.069963 3.357201
v 0.460247 15.675828 3.413752
v 0.514327 15.669895 3.307587
v 0.577721 15.680561 3.407381
v 0.522929 15.685700 3.435127
v 0.572277 15.673161 3.325676
v 0.456661 15.671627 3.342388
v -0.751792 15.389534 3.438545
v -0.696534 15.388151 3.356397
v -0.641194 15.399728 3.460753
v -0.698460 15.397025 3.476731
v -0.634027 15.389007 3.393921
v -0.753812 15.381873 3.378857
v 0.643336 15.352031 3.333143
v 0.512797 15.357361 3.416343
v 0.588264 15.359576 3.308913
v 0.644630 15.358012 3.410533
v 0.589962 15.363265 3.437268
v 0.508833 15.361193 3.341424
v -2.386305 16.708181 3.465392
v -2.390183 16.689968 3.498868
v -2.368358 16.685661 3.416510
v -2.382699 16.630674 3.424736
v -2.377960 16.615900 3.474727
v -2.391787 16.652628 3.506490
v 0.981852 16.931541 3.379936
v 0.981713 16.910492 3.435159
v 0.968781 16.906923 3.333308
v 0.965704 16.849512 3.329967
v 0.973327 16.822630 3.386970
v 0.971774 16.848385 3.444439
v -0.831261 16.994972 3.631337
v -0.835596 16.893492 3.581157
v -0.834719 16.994188 3.514331
v -0.831634 17.024128 3.572051
v -0.843614 16.920010 3.511667
v -0.836469 16.930983 3.638427
v -1.555615 16.725815 3.578103
v -1.540891 16.808853 3.692872
v -1.551060 16.711493 3.647456
v -1.534600 16.808933 3.573524
v -1.535016 16.840097 3.637938
v -1.553684 16.751226 3.697932
v -1.993668 16.741217 3.643967
v -1.507834 16.798946 3.621098
v -2.006336 16.687151 3.626353
v -1.581685 16.869999 3.506404
v -1.981903 16.666862 3.679801
v -1.965685 16.718872 3.698403
v -1.539622 16.892229 3.537399
v -1.571858 16.740767 3.555853
v -1.815178 16.696169 3.549308
v -1.903739 16.690775 3.503129
v -1.901168 16.773388 3.519335
v -1.825481 16.776207 3.561363
v -1.570451 16.904982 3.576719
v -1.615730 16.886322 3.546656
v -1.885239 16.671404 3.631448
v -1.940702 16.694433 3.579438
v -1.928574 16.762609 3.609985
v -1.885182 16.736713 3.657248
v -1.574238 16.817001 3.669481
v -1.637125 16.767899 3.620365
v -1.590430 16.791277 3.531797
v -1.523265 16.835470 3.586421
v -1.590582 16.857740 3.629508
v -1.639321 16.821262 3.584117
v -1.982786 16.659569 3.478432
v -2.008784 16.733051 3.568915
v -1.988188 16.646572 3.538846
v -1.990051 16.732258 3.470618
v -2.006543 16.757158 3.525569
v -2.006153 16.686749 3.578748
v -2.037961 14.858546 3.384339
v -2.002952 14.856399 3.350671
v -2.076966 14.857110 3.360052
v -2.080963 14.853528 3.302097
v -2.045955 14.851380 3.268429
v -2.006949 14.852816 3.292717
v -2.114311 17.269424 3.728646
v -2.077936 17.258770 3.696264
v -2.148848 17.264460 3.719000
v -2.154090 17.260696 3.667336
v -2.116462 17.256327 3.628799
v -2.074526 17.245062 3.638748
v -3.711114 14.790822 3.424691
v -3.673390 14.780600 3.393647
v -3.749566 14.781995 3.399804
v -3.747941 14.767657 3.331532
v -3.714080 14.772820 3.308664
v -3.670943 14.775369 3.336633
v -3.697517 17.004490 3.518975
v -3.654010 16.990248 3.518589
v -3.734563 16.988808 3.499590
v -3.728547 16.985222 3.427375
v -3.688665 16.982893 3.415735
v -3.655096 16.992460 3.449762
v -3.654904 16.077936 3.506192
v -3.694710 16.072029 3.397930
v -3.741361 16.082691 3.490894
v -3.701039 16.087816 3.522742
v -3.737350 16.075298 3.412712
v -3.652269 16.073751 3.434900
v -2.037616 15.791098 3.531224
v -2.078287 15.790351 3.448974
v -2.119032 15.802370 3.553190
v -2.076904 15.799028 3.569292
v -2.124183 15.791579 3.486524
v -2.036054 15.783614 3.471296
v -3.789648 15.754144 3.425693
v -3.693579 15.759476 3.508892
v -3.749118 15.761689 3.401462
v -3.790600 15.760126 3.503082
v -3.750368 15.765378 3.529818
v -3.690663 15.763306 3.433973
v -4.185337 16.656662 3.227570
v -4.194166 16.679661 3.248490
v -4.169236 16.664946 3.183778
v -4.184098 16.708973 3.173116
v -4.189705 16.735270 3.208764
v -4.199541 16.711620 3.243505
v -1.694934 16.713619 3.500809
v -1.704639 16.745283 3.538591
v -1.698606 16.718512 3.454273
v -1.705238 16.763391 3.434052
v -1.710953 16.801556 3.472701
v -1.717616 16.795940 3.526075
v -3.158620 16.829060 3.679868
v -3.163286 16.896700 3.608757
v -3.144525 16.797625 3.585403
v -3.148014 16.789616 3.641031
v -3.156081 16.855156 3.559843
v -3.168429 16.881632 3.665735
v -3.769981 16.713316 3.316323
v -3.778879 16.676550 3.438347
v -3.783328 16.750683 3.375123
v -3.753762 16.649921 3.345418
v -3.765688 16.640593 3.403634
v -3.790274 16.722858 3.430468
v -4.118784 16.703194 3.390714
v -4.128924 16.740038 3.358561
v -4.123202 16.775276 3.402258
v -4.111179 16.741041 3.435560
v -4.001188 16.747351 3.317822
v -4.049636 16.723255 3.266680
v -4.042957 16.661314 3.304837
v -4.001984 16.684118 3.350089
v -4.057074 16.776207 3.371030
v -4.082021 16.733696 3.325856
v -4.072707 16.688641 3.373601
v -4.054778 16.730200 3.412218
v -4.095469 16.727669 3.230960
v -4.118051 16.687914 3.325217
v -4.108687 16.753511 3.276005
v -4.092481 16.665506 3.246451
v -4.108305 16.657175 3.296164
v -4.121889 16.728556 3.319894
v -5.394343 14.857524 3.277390
v -5.426949 14.848104 3.252654
v -5.342463 14.879279 3.262231
v -5.347108 14.860636 3.207097
v -5.396540 14.857678 3.180583
v -5.432260 14.842673 3.212926
v -5.362523 16.972027 3.636086
v -5.411935 16.961647 3.603623
v -5.315515 16.966675 3.626478
v -5.308331 16.962831 3.574791
v -5.359609 16.958788 3.536225
v -5.416455 16.948076 3.546145
v -5.432512 15.389534 3.438545
v -5.377254 15.388151 3.356398
v -5.321914 15.399728 3.460753
v -5.379180 15.397025 3.476731
v -5.314747 15.389007 3.393921
v -5.434532 15.381873 3.378857
v -7.067025 16.708181 3.465392
v -7.070903 16.689968 3.498868
v -7.049078 16.685661 3.416510
v -7.063418 16.630674 3.424736
v -7.058681 16.615900 3.474727
v -7.072507 16.652628 3.506490
v -3.698868 16.611355 3.379937
v -3.699007 16.590305 3.435159
v -3.711939 16.586737 3.333308
v -3.715016 16.529325 3.329968
v -3.707394 16.502443 3.386970
v -3.708946 16.528198 3.444439
v -5.511981 16.994972 3.631337
v -5.516316 16.893492 3.581157
v -5.515439 16.994188 3.514331
v -5.512354 17.024128 3.572051
v -5.524334 16.920010 3.511667
v -5.517189 16.930983 3.638427
v -6.236335 16.725815 3.578104
v -6.221610 16.808853 3.692872
v -6.231780 16.711493 3.647457
v -6.215321 16.808933 3.573524
v -6.215736 16.840097 3.637938
v -6.234404 16.751226 3.697932
v -6.663506 16.659569 3.478432
v -6.689504 16.733051 3.568915
v -6.668908 16.646572 3.538846
v -6.670771 16.732258 3.470618
v -6.687263 16.757158 3.525569
v -6.686873 16.686749 3.578748
v -6.718682 14.858546 3.384339
v -6.683671 14.856399 3.350672
v -6.757686 14.857110 3.360052
v -6.761683 14.853528 3.302097
v -6.726675 14.851380 3.268430
v -6.687669 14.852816 3.292717
v -6.795032 17.269424 3.728646
v -6.758656 17.258770 3.696265
v -6.829568 17.264460 3.719001
v -6.834810 17.260696 3.667336
v -6.797182 17.256327 3.628799
v -6.755246 17.245062 3.638748
v -8.391833 14.790822 3.424691
v -8.354110 14.780600 3.393647
v -8.430286 14.781995 3.399804
v -8.428660 14.767657 3.331533
v -8.394800 14.772820 3.308664
v -8.351662 14.775369 3.336633
v -8.378238 17.004490 3.518976
v -8.334730 16.990248 3.518589
v -8.415283 16.988808 3.499590
v -8.409267 16.985222 3.427375
v -8.369384 16.982893 3.415735
v -8.335816 16.992460 3.449762
v -8.335624 16.077936 3.506192
v -8.375430 16.072029 3.397930
v -8.422081 16.082691 3.490894
v -8.381759 16.087816 3.522742
v -8.418070 16.075298 3.412712
v -8.332989 16.073751 3.434900
v -6.718337 15.791098 3.531224
v -6.759007 15.790351 3.448974
v -6.799753 15.802370 3.553190
v -6.757625 15.799028 3.569292
v -6.804903 15.791579 3.486524
v -6.716774 15.783614 3.471296
v -8.470367 15.754144 3.425693
v -8.374300 15.759476 3.508892
v -8.429839 15.761689 3.401462
v -8.471320 15.760126 3.503082
v -8.431088 15.765378 3.529818
v -8.371383 15.763306 3.433973
v -8.866056 16.656662 3.227570
v -8.874887 16.679661 3.248490
v -8.849957 16.664946 3.183778
v -8.864818 16.708973 3.173116
v -8.870425 16.735270 3.208764
v -8.880260 16.711620 3.243506
v -6.375654 16.713619 3.500809
v -6.385359 16.745283 3.538591
v -6.379327 16.718512 3.454273
v -6.385959 16.763391 3.434053
v -6.391674 16.801556 3.472701
v -6.398336 16.795940 3.526075
v -7.839340 16.829060 3.679868
v -7.844006 16.896700 3.608757
v -7.825245 16.797625 3.585404
v -7.828734 16.789616 3.641032
v -7.836801 16.855156 3.559843
v -7.849150 16.881632 3.665735
v -8.450702 16.713316 3.316323
v -8.459599 16.676550 3.438347
v -8.464047 16.750683 3.375123
v -8.434482 16.649921 3.345419
v -8.446408 16.640593 3.403634
v -8.470993 16.722858 3.430468
v -8.799503 16.703194 3.390714
v -8.809645 16.740038 3.358562
v -8.803923 16.775276 3.402258
v -8.791900 16.741041 3.435560
v -8.681908 16.747351 3.317822
v -8.730356 16.723255 3.266680
v -8.723678 16.661314 3.304837
v -8.682703 16.684118 3.350089
v -8.737794 16.776207 3.371030
v -8.762740 16.733696 3.325856
v -8.753428 16.688641 3.373602
v -8.735498 16.730200 3.412218
v -8.776189 16.727669 3.230960
v -8.798770 16.687914 3.325217
v -8.789408 16.753511 3.276006
v -8.773202 16.665506 3.246451
v -8.789025 16.657175 3.296165
v -8.802609 16.728556 3.319894
v -7.282714 14.857523 -2.950734
v -7.250108 14.848103 -2.925997
v -7.334593 14.879278 -2.935575
v -7.329948 14.860635 -2.880440
v -7.280518 14.857677 -2.853926
v -7.244797 14.842672 -2.886268
v -7.314533 16.972025 -3.309429
v -7.265122 16.961645 -3.276966
v -7.361542 16.966675 -3.299822
v -7.368726 16.962830 -3.248135
v -7.317448 16.958788 -3.209569
v -7.260601 16.948074 -3.219489
v -7.244545 15.389533 -3.111888
v -7.299802 15.388150 -3.029741
v -7.355143 15.399727 -3.134096
v -7.297875 15.397024 -3.150074
v -7.362310 15.389006 -3.067264
v -7.242525 15.381872 -3.052200
v -5.610032 16.708181 -3.138736
v -5.606153 16.689966 -3.172212
v -5.627978 16.685659 -3.089854
v -5.613638 16.630672 -3.098080
v -5.618376 16.615898 -3.148071
v -5.604549 16.652626 -3.179834
v -8.978189 16.931540 -3.053281
v -8.978049 16.910492 -3.108503
v -8.965117 16.906923 -3.006653
v -8.962041 16.849510 -3.003312
v -8.969663 16.822628 -3.060314
v -8.968110 16.848383 -3.117783
v -7.165077 16.994972 -3.304681
v -7.160740 16.893492 -3.254500
v -7.161618 16.994188 -3.187675
v -7.164703 17.024126 -3.245395
v -7.152722 16.920008 -3.185011
v -7.159868 16.930983 -3.311771
v -6.440722 16.725815 -3.251448
v -6.455447 16.808853 -3.366216
v -6.445277 16.711491 -3.320800
v -6.461737 16.808933 -3.246868
v -6.461321 16.840096 -3.311282
v -6.442653 16.751225 -3.371277
v -6.002669 16.741217 -3.317311
v -6.488503 16.798944 -3.294442
v -5.990000 16.687149 -3.299697
v -6.414651 16.869999 -3.179748
v -6.014433 16.666862 -3.353145
v -6.030651 16.718872 -3.371747
v -6.456715 16.892227 -3.210743
v -6.424479 16.740767 -3.229197
v -6.181158 16.696169 -3.222652
v -6.092597 16.690773 -3.176473
v -6.095169 16.773388 -3.192679
v -6.170856 16.776205 -3.234706
v -6.425886 16.904980 -3.250062
v -6.380607 16.886320 -3.220000
v -6.111097 16.671402 -3.304791
v -6.055635 16.694431 -3.252782
v -6.067763 16.762609 -3.283329
v -6.111155 16.736712 -3.330591
v -6.422099 16.816999 -3.342825
v -6.359211 16.767897 -3.293709
v -6.405906 16.791275 -3.205141
v -6.473072 16.835468 -3.259766
v -6.405755 16.857738 -3.302852
v -6.357015 16.821260 -3.257461
v -6.013551 16.659567 -3.151776
v -5.987552 16.733049 -3.242259
v -6.008149 16.646572 -3.212189
v -6.006285 16.732256 -3.143962
v -5.989794 16.757156 -3.198913
v -5.990184 16.686747 -3.252091
v -5.958375 14.858545 -3.057682
v -5.993385 14.856398 -3.024014
v -5.919371 14.857109 -3.033395
v -5.915373 14.853527 -2.975441
v -5.950382 14.851379 -2.941772
v -5.989388 14.852814 -2.966059
v -5.882025 17.269423 -3.401989
v -5.918401 17.258768 -3.369608
v -5.847488 17.264460 -3.392344
v -5.842247 17.260695 -3.340680
v -5.879874 17.256325 -3.302143
v -5.921811 17.245060 -3.312092
v -4.285223 14.790821 -3.098034
v -4.322947 14.780599 -3.066990
v -4.246771 14.781994 -3.073148
v -4.248395 14.767656 -3.004876
v -4.282257 14.772820 -2.982008
v -4.325394 14.775368 -3.009976
v -4.298820 17.004490 -3.192320
v -4.342327 16.990248 -3.191933
v -4.261774 16.988806 -3.172935
v -4.267790 16.985220 -3.100719
v -4.307672 16.982893 -3.089080
v -4.341241 16.992458 -3.123106
v -4.341433 16.077934 -3.179536
v -4.301627 16.072027 -3.071274
v -4.254976 16.082689 -3.164237
v -4.295298 16.087814 -3.196086
v -4.258986 16.075296 -3.086055
v -4.344068 16.073750 -3.108243
v -5.958720 15.791097 -3.204566
v -5.918049 15.790350 -3.122317
v -5.877305 15.802369 -3.226532
v -5.919432 15.799027 -3.242635
v -5.872154 15.791578 -3.159868
v -5.960283 15.783613 -3.144639
v -4.206689 15.754143 -3.099037
v -4.302757 15.759475 -3.182236
v -4.247218 15.761688 -3.074806
v -4.205736 15.760125 -3.176426
v -4.245969 15.765377 -3.203162
v -4.305674 15.763305 -3.107317
v -3.811000 16.656662 -2.900914
v -3.802171 16.679659 -2.921835
v -3.827100 16.664944 -2.857122
v -3.812239 16.708973 -2.846460
v -3.806631 16.735268 -2.882108
v -3.796796 16.711618 -2.916849
v -6.301403 16.713619 -3.174153
v -6.291698 16.745281 -3.211935
v -6.297730 16.718510 -3.127617
v -6.291098 16.763390 -3.107396
v -6.285383 16.801556 -3.146044
v -6.278720 16.795940 -3.199418
v -4.837716 16.829058 -3.353211
v -4.833051 16.896698 -3.282100
v -4.851812 16.797625 -3.258747
v -4.848322 16.789616 -3.314375
v -4.840256 16.855154 -3.233187
v -4.827908 16.881630 -3.339079
v -4.226356 16.713316 -2.989667
v -4.217458 16.676548 -3.111691
v -4.213009 16.750681 -3.048467
v -4.242575 16.649920 -3.018763
v -4.230649 16.640593 -3.076978
v -4.206063 16.722858 -3.103812
v -3.877553 16.703194 -3.064058
v -3.867413 16.740038 -3.031906
v -3.873135 16.775276 -3.075603
v -3.885157 16.741039 -3.108904
v -3.995149 16.747351 -2.991166
v -3.946701 16.723253 -2.940024
v -3.953380 16.661314 -2.978181
v -3.994353 16.684116 -3.023434
v -3.939263 16.776205 -3.044374
v -3.914316 16.733694 -2.999200
v -3.923630 16.688641 -3.046945
v -3.941559 16.730198 -3.085562
v -3.900867 16.727669 -2.904304
v -3.878286 16.687912 -2.998560
v -3.887650 16.753510 -2.949349
v -3.903855 16.665504 -2.919795
v -3.888031 16.657175 -2.969508
v -3.874447 16.728554 -2.993238
v -2.601994 14.857523 -2.950734
v -2.569388 14.848103 -2.925997
v -2.653873 14.879278 -2.935575
v -2.649229 14.860635 -2.880440
v -2.599797 14.857677 -2.853927
v -2.564077 14.842672 -2.886269
v -2.633813 16.972025 -3.309429
v -2.584402 16.961645 -3.276967
v -2.680822 16.966675 -3.299822
v -2.688006 16.962830 -3.248135
v -2.636728 16.958788 -3.209569
v -2.579881 16.948074 -3.219489
v -2.563825 15.389533 -3.111888
v -2.619083 15.388150 -3.029741
v -2.674423 15.399727 -3.134096
v -2.617156 15.397024 -3.150075
v -2.681590 15.389006 -3.067264
v -2.561805 15.381872 -3.052200
v -0.929311 16.708181 -3.138737
v -0.925433 16.689966 -3.172213
v -0.947258 16.685659 -3.089855
v -0.932918 16.630672 -3.098081
v -0.937656 16.615898 -3.148072
v -0.923829 16.652626 -3.179835
v -4.297469 16.611355 -3.053281
v -4.297330 16.590305 -3.108504
v -4.284398 16.586737 -3.006653
v -4.281321 16.529324 -3.003312
v -4.288943 16.502441 -3.060314
v -4.287391 16.528196 -3.117783
v -2.484356 16.994972 -3.304681
v -2.480021 16.893492 -3.254501
v -2.480898 16.994188 -3.187675
v -2.483983 17.024126 -3.245395
v -2.472003 16.920008 -3.185011
v -2.479148 16.930983 -3.311771
v -1.760002 16.725815 -3.251448
v -1.774726 16.808853 -3.366216
v -1.764556 16.711491 -3.320801
v -1.781017 16.808933 -3.246869
v -1.780601 16.840096 -3.311283
v -1.761932 16.751225 -3.371277
v -1.332830 16.659567 -3.151777
v -1.306832 16.733049 -3.242260
v -1.327428 16.646572 -3.212190
v -1.325565 16.732256 -3.143963
v -1.309074 16.757156 -3.198914
v -1.309464 16.686747 -3.252092
v -1.277655 14.858545 -3.057683
v -1.312665 14.856398 -3.024016
v -1.238651 14.857109 -3.033396
v -1.234653 14.853527 -2.975441
v -1.269661 14.851379 -2.941773
v -1.308668 14.852814 -2.966060
v -1.201305 17.269423 -3.401990
v -1.237680 17.258768 -3.369609
v -1.166769 17.264460 -3.392345
v -1.161527 17.260695 -3.340681
v -1.199154 17.256325 -3.302144
v -1.241091 17.245060 -3.312092
v -0.316156 14.790821 -3.098035
v -0.353879 14.780599 -3.066991
v -0.277704 14.781994 -3.073148
v -0.279329 14.767656 -3.004876
v -0.313190 14.772820 -2.982008
v -0.356327 14.775368 -3.009977
v -0.329753 17.004490 -3.192320
v -0.373260 16.990248 -3.191934
v -0.292707 16.988806 -3.172935
v -0.298723 16.985220 -3.100719
v -0.338605 16.982893 -3.089080
v -0.372174 16.992458 -3.123106
v -0.372367 16.077934 -3.179537
v -0.332560 16.072027 -3.071274
v -0.285909 16.082689 -3.164237
v -0.326231 16.087814 -3.196086
v -0.289920 16.075296 -3.086056
v -0.375001 16.073750 -3.108244
v -1.278000 15.791097 -3.204567
v -1.237329 15.790350 -3.122318
v -1.196584 15.802369 -3.226534
v -1.238713 15.799027 -3.242636
v -1.191434 15.791578 -3.159868
v -1.279563 15.783613 -3.144640
v -0.237622 15.754143 -3.099037
v -0.333691 15.759475 -3.182236
v -0.278151 15.761688 -3.074806
v -0.236670 15.760125 -3.176426
v -0.276902 15.765377 -3.203162
v -0.336607 15.763305 -3.107317
v 0.869720 16.656662 -2.900914
v 0.878549 16.679659 -2.921835
v 0.853620 16.664944 -2.857122
v 0.868481 16.708973 -2.846461
v 0.874089 16.735268 -2.882109
v 0.883924 16.711618 -2.916850
v -1.620683 16.713619 -3.174154
v -1.610978 16.745281 -3.211936
v -1.617010 16.718510 -3.127617
v -1.610379 16.763390 -3.107397
v -1.604663 16.801556 -3.146045
v -1.598001 16.795940 -3.199419
v -0.156996 16.829058 -3.353212
v -0.152331 16.896698 -3.282101
v -0.171092 16.797625 -3.258748
v -0.167602 16.789616 -3.314376
v -0.159536 16.855154 -3.233188
v -0.147188 16.881630 -3.339080
v 0.454365 16.713316 -2.989668
v 0.463262 16.676548 -3.111691
v 0.467711 16.750681 -3.048467
v 0.438145 16.649920 -3.018763
v 0.450072 16.640593 -3.076978
v 0.474657 16.722858 -3.103812
v 0.779853 16.727669 -2.904305
v 0.802434 16.687912 -2.998561
v 0.793071 16.753510 -2.949350
v 0.776865 16.665504 -2.919796
v 0.792689 16.657175 -2.969509
v 0.806273 16.728554 -2.993238
vt 0.534535 0.601737
vt 0.519826 0.601765
vt 0.519826 0.391074
vt 0.534535 0.391046
vt 0.578663 0.601841
vt 0.563954 0.601810
vt 0.563954 0.391118
vt 0.578663 0.391150
vt 0.549245 0.601768
vt 0.549245 0.391077
vt 0.505117 0.601801
vt 0.490407 0.601829
vt 0.490407 0.391138
vt 0.505117 0.391110
vt 0.549245 0.707114
vt 0.549244 0.812460
vt 0.534535 0.812429
vt 0.534535 0.707083
vt 0.519826 0.707111
vt 0.519826 0.812456
vt 0.505116 0.812492
vt 0.505117 0.707147
vt 0.134974 0.833445
vt 0.134968 0.814093
vt 0.143348 0.804407
vt 0.151738 0.814092
vt 0.151738 0.833463
vt 0.143353 0.843129
vt 0.568118 0.584529
vt 0.568118 0.596649
vt 0.561657 0.598507
vt 0.555204 0.588250
vt 0.555209 0.576145
vt 0.561661 0.574281
vt 0.637316 0.352705
vt 0.637316 0.142118
vt 0.652018 0.142149
vt 0.652018 0.352736
vt 0.593210 0.352661
vt 0.593210 0.142074
vt 0.607913 0.142046
vt 0.607913 0.352633
vt 0.671980 0.810645
vt 0.671974 0.791293
vt 0.680354 0.781605
vt 0.688745 0.791287
vt 0.688745 0.810658
vt 0.680360 0.820327
vt 0.541510 0.584529
vt 0.541510 0.596649
vt 0.535049 0.598507
vt 0.528596 0.588250
vt 0.528601 0.576145
vt 0.535053 0.574281
vt 0.055696 0.722223
vt 0.055696 0.509202
vt 0.040825 0.509158
vt 0.040825 0.722179
vt 0.675113 0.799943
vt 0.689815 0.799916
vt 0.689815 0.589329
vt 0.675113 0.589357
vt 0.706705 0.313870
vt 0.721242 0.313894
vt 0.721242 0.162288
vt 0.706705 0.162323
vt 0.663092 0.324574
vt 0.663092 0.313830
vt 0.648555 0.313790
vt 0.648555 0.324531
vt 0.706705 0.324612
vt 0.692167 0.324718
vt 0.692167 0.370577
vt 0.706705 0.370551
vt 0.677629 0.324518
vt 0.663092 0.370510
vt 0.677629 0.370549
vt 0.692167 0.313963
vt 0.555171 0.358887
vt 0.540298 0.358917
vt 0.540298 0.145896
vt 0.555171 0.145866
vt 0.599786 0.358998
vt 0.584914 0.358964
vt 0.584914 0.145943
vt 0.599786 0.145977
vt 0.570042 0.358921
vt 0.570042 0.145900
vt 0.525427 0.358954
vt 0.510555 0.358984
vt 0.510554 0.145963
vt 0.525427 0.145934
vt 0.570043 0.571941
vt 0.555171 0.571908
vt 0.540299 0.571937
vt 0.525427 0.571975
vt 0.134974 0.856870
vt 0.134968 0.837518
vt 0.143348 0.827830
vt 0.151738 0.837513
vt 0.151738 0.856884
vt 0.143353 0.866552
vt 0.843310 0.876455
vt 0.843310 0.888575
vt 0.836848 0.890432
vt 0.830395 0.880175
vt 0.830400 0.868070
vt 0.836853 0.866207
vt 0.715845 0.827775
vt 0.700789 0.827806
vt 0.700789 0.396500
vt 0.715845 0.396468
vt 0.761011 0.827893
vt 0.745956 0.827857
vt 0.745956 0.396550
vt 0.761011 0.396587
vt 0.730901 0.827811
vt 0.730901 0.396504
vt 0.685734 0.827846
vt 0.670678 0.827877
vt 0.670678 0.396571
vt 0.685734 0.396539
vt 0.134974 0.669486
vt 0.134968 0.650134
vt 0.143348 0.640445
vt 0.151738 0.650128
vt 0.151738 0.669499
vt 0.143353 0.679168
vt 0.494143 0.584529
vt 0.494143 0.596649
vt 0.487682 0.598507
vt 0.481229 0.588250
vt 0.481233 0.576145
vt 0.487686 0.574281
vt 0.585599 0.866092
vt 0.600137 0.866066
vt 0.600137 1.074295
vt 0.585599 1.074321
vt 0.541987 0.865997
vt 0.556525 0.866025
vt 0.556525 1.074254
vt 0.541987 1.074225
vt 0.571062 0.866064
vt 0.571062 1.074292
vt 0.614675 0.866032
vt 0.629212 0.866006
vt 0.629212 1.074235
vt 0.614675 1.074261
vt 0.614675 0.657803
vt 0.629212 0.657778
vt 0.629212 0.809315
vt 0.614675 0.809409
vt 0.541987 0.657768
vt 0.556525 0.657796
vt 0.556525 0.809345
vt 0.541987 0.809305
vt 0.829560 0.776453
vt 0.829555 0.757101
vt 0.837934 0.747413
vt 0.846325 0.757096
vt 0.846325 0.776467
vt 0.837940 0.786136
vt 0.024110 0.872330
vt 0.024110 0.884451
vt 0.017649 0.886309
vt 0.011196 0.876052
vt 0.011201 0.863946
vt 0.017653 0.862083
vt 0.148169 0.859485
vt 0.124868 0.859050
vt 0.125771 0.532912
vt 0.148535 0.532432
vt 0.055027 0.532075
vt 0.079883 0.532021
vt 0.079903 0.859771
vt 0.055677 0.859725
vt 0.032113 0.859429
vt 0.030652 0.532494
vt 0.125689 0.992027
vt 0.123252 1.137294
vt 0.103524 1.138815
vt 0.103793 0.993092
vt 0.081095 0.992670
vt 0.082257 1.137731
vt 0.058468 1.138309
vt 0.056346 0.992864
vt 0.622615 0.352664
vt 0.622615 0.142077
vt 0.563806 0.352724
vt 0.563806 0.142138
vt 0.578508 0.142110
vt 0.578508 0.352697
vt 0.593210 0.563247
vt 0.578508 0.563283
vt 0.205857 0.787939
vt 0.170738 0.787933
vt 0.170738 0.755015
vt 0.205857 0.755015
vt 0.239841 0.787886
vt 0.239841 0.860251
vt 0.205857 0.860251
vt 0.099998 0.787897
vt 0.135570 0.787906
vt 0.135570 0.860251
vt 0.099998 0.860251
vt 0.135570 0.755015
vt 0.170738 0.860251
vt 0.170738 0.965488
vt 0.135570 0.965488
vt 0.099998 0.965488
vt 0.065034 0.965488
vt 0.065034 0.860251
vt 0.068490 0.876626
vt 0.060512 0.889294
vt 0.052533 0.886990
vt 0.052533 0.872020
vt 0.060512 0.859352
vt 0.068490 0.861655
vt 0.510131 0.547037
vt 0.522724 0.532496
vt 0.535317 0.547037
vt 0.535317 0.576118
vt 0.522724 0.590658
vt 0.510131 0.576118
vt 0.241865 0.442536
vt 0.241865 0.705311
vt 0.220137 0.705616
vt 0.220137 0.442841
vt 0.263593 0.442232
vt 0.263593 0.705006
vt 0.198408 0.443146
vt 0.198408 0.705920
vt 0.176680 0.706225
vt 0.176680 0.443450
vt 0.820634 0.841330
vt 0.828448 0.850353
vt 0.828448 0.868399
vt 0.820634 0.877421
vt 0.812820 0.868399
vt 0.812820 0.850353
vt 0.154952 0.443755
vt 0.154952 0.706530
vt 0.133224 0.706834
vt 0.133224 0.444060
vt 0.704517 0.799947
vt 0.704517 0.589360
vt 0.677629 0.578777
vt 0.692167 0.578806
vt 0.721242 0.370517
vt 0.721242 0.324645
vt 0.490407 0.707174
vt 0.563954 0.707155
vt 0.578663 0.707186
vt 0.510555 0.572005
vt 0.584914 0.571985
vt 0.599786 0.572019
vt 0.585599 0.657863
vt 0.600137 0.657838
vt 0.600137 0.809385
vt 0.585599 0.809478
vt 0.563806 0.563311
vt 0.607912 0.563220
vt 0.622615 0.563251
vt 0.637316 0.563292
vt 0.652018 0.563323
vt 0.677629 0.313793
vt 0.692167 0.162348
vt 0.677629 0.162320
vt 0.719219 0.799988
vt 0.733920 0.800019
vt 0.733920 0.589432
vt 0.719218 0.589401
vt 0.660411 0.589393
vt 0.660411 0.799979
vt 0.097866 0.870846
vt 0.091409 0.860599
vt 0.084957 0.862463
vt 0.084953 0.874568
vt 0.091405 0.884825
vt 0.097866 0.882967
vt 0.719218 0.378814
vt 0.704517 0.378773
vt 0.689815 0.378742
vt 0.198408 0.180371
vt 0.198408 -0.345178
vt 0.220136 -0.345483
vt 0.220136 0.180067
vt 0.154952 0.180981
vt 0.154952 -0.344568
vt 0.176680 -0.344873
vt 0.176680 0.180676
vt 0.133224 0.181285
vt 0.133224 -0.344264
vt 0.263593 -0.346092
vt 0.263593 0.179457
vt 0.241865 0.179762
vt 0.241865 -0.345787
vt 0.065034 0.787950
vt 0.030942 0.787886
vt 0.030942 0.755015
vt 0.065034 0.755015
vt 0.099998 0.755015
vt 0.030942 0.965488
vt 0.030942 0.860251
vt 0.205857 0.965488
vt 0.239841 0.965488
vt 0.239841 0.755015
vt 0.663092 0.578739
vt 0.648555 0.370482
vt 0.648555 0.578710
vt 0.591707 0.850497
vt 0.600087 0.860180
vt 0.608472 0.850511
vt 0.608472 0.831140
vt 0.600081 0.821457
vt 0.591701 0.831145
vt 0.721242 0.578746
vt 0.735780 0.578720
vt 0.735780 0.370491
vt 0.011081 0.509154
vt -0.003791 0.509192
vt -0.003791 0.722213
vt 0.011081 0.722175
vt 0.645709 0.589420
vt 0.660411 0.378806
vt 0.645709 0.378834
vt 0.025953 0.935166
vt 0.025953 0.722145
vt 0.011081 0.935196
vt 0.025953 0.509125
vt 0.055696 0.935243
vt 0.040825 0.935200
vt 0.675113 0.378770
vt 0.102667 0.859754
vt 0.103063 0.532104
vt 0.038005 1.138429
vt 0.032974 0.992703
vt 0.145892 1.137605
vt 0.148449 0.992400
vt 0.171000 1.138574
vt 0.174477 0.992760
vt 0.173609 0.859378
vt 0.602751 0.850497
vt 0.611130 0.860180
vt 0.619515 0.850511
vt 0.619515 0.831140
vt 0.611125 0.821457
vt 0.602745 0.831145
vt 0.706705 0.578780
vt 0.645708 0.800007
vt 0.070568 0.935277
vt 0.070568 0.722256
vt -0.003791 0.935234
vt -0.018663 0.722242
vt -0.018663 0.935263
vt 0.826326 0.876105
vt 0.819869 0.865857
vt 0.813416 0.867720
vt 0.813412 0.879825
vt 0.819865 0.890082
vt 0.826326 0.888225
vt -0.018663 0.509221
vt 0.118854 0.966877
vt 0.154426 0.966877
vt 0.154426 1.019495
vt 0.118854 1.019495
vt 0.014583 0.966877
vt 0.048567 0.966877
vt 0.048567 1.019495
vt 0.014583 1.019495
vt 0.083686 0.966877
vt 0.083686 1.019495
vt 0.189390 0.966877
vt 0.223482 0.966877
vt 0.223482 1.019495
vt 0.189390 1.019495
vt 0.189390 0.887950
vt 0.223482 0.887950
vt 0.083686 0.887950
vt 0.083686 0.809023
vt 0.118854 0.809023
vt 0.118854 0.887950
vt 0.111710 0.860421
vt 0.119689 0.847753
vt 0.127667 0.850056
vt 0.127667 0.865027
vt 0.119688 0.877695
vt 0.111710 0.875391
vt 0.634129 0.732920
vt 0.646722 0.718379
vt 0.659314 0.732920
vt 0.659314 0.762001
vt 0.646722 0.776541
vt 0.634129 0.762001
vt 0.156111 -0.230923
vt 0.156111 0.831557
vt 0.134383 0.831711
vt 0.134383 -0.230769
vt 0.069199 0.832173
vt 0.069198 -0.230307
vt 0.090927 -0.230461
vt 0.090927 0.832019
vt 0.112655 -0.230615
vt 0.112655 0.831865
vt 0.047470 0.832327
vt 0.047470 -0.230153
vt 0.060419 0.836072
vt 0.068233 0.845095
vt 0.068233 0.863141
vt 0.060419 0.872163
vt 0.052605 0.863141
vt 0.052605 0.845095
vt 0.081219 0.836072
vt 0.089033 0.845095
vt 0.089033 0.863141
vt 0.081219 0.872163
vt 0.073405 0.863141
vt 0.073405 0.845095
vt 0.177839 -0.231077
vt 0.177839 0.831403
vt 0.030921 0.870376
vt 0.030921 0.817757
vt 0.066088 0.817757
vt 0.066088 0.870376
vt 0.030921 0.909839
vt 0.066088 0.909839
vt 0.101660 1.028230
vt 0.101660 0.909839
vt 0.136624 0.909839
vt 0.136624 1.028230
vt 0.101660 0.870376
vt 0.101660 0.817757
vt 0.136624 0.817757
vt 0.136624 0.870376
vt 0.101125 0.860421
vt 0.109103 0.847753
vt 0.117082 0.850056
vt 0.117082 0.865027
vt 0.109103 0.877695
vt 0.101125 0.875391
vt -0.004199 0.909839
vt 0.030920 1.028230
vt -0.004199 1.028230
vt 0.541710 0.547037
vt 0.554302 0.532496
vt 0.566895 0.547037
vt 0.566895 0.576118
vt 0.554302 0.590658
vt 0.541710 0.576118
vt 0.189390 0.809023
vt 0.223482 0.809023
vt 0.048567 0.809023
vt 0.048567 0.887950
vt 0.014582 0.809023
vt 0.014583 0.887950
vt 0.154426 0.809023
vt 0.154426 0.887950
vt 0.170716 0.817757
vt 0.170716 0.870376
vt -0.004199 0.817757
vt -0.004199 0.870376
vt -0.038183 0.817757
vt -0.038183 0.870376
vt 0.066088 1.028230
vt -0.038183 0.909839
vt 0.170716 0.909839
vt -0.038183 1.028230
vt 0.170716 1.028230
vt 0.556525 0.820089
vt 0.541987 0.820046
vt 0.571062 0.809308
vt 0.571062 0.657835
vt 0.600137 0.820127
vt 0.585599 0.820233
vt 0.629212 0.820056
vt 0.614675 0.820160
vt 0.571062 0.820033
vt 0.663092 0.162281
vt 0.735780 0.313800
vt 0.735780 0.162263
vt 0.648555 0.162253
vt 0.735780 0.324541
vt 0.680672 0.783266
vt 0.680523 0.851347
vt 0.650048 0.851351
vt 0.650198 0.783269
vt 0.680735 0.749225
vt 0.650261 0.749228
vt 0.680587 0.885389
vt 0.650112 0.885392
vt 0.629358 0.698705
vt 0.638177 0.696193
vt 0.638177 0.721634
vt 0.628910 0.718026
vt 0.680735 0.953471
vt 0.650261 0.953475
vt 0.733920 0.378845
vt 0.070568 0.509235
vt 0.603595 0.584529
vt 0.597138 0.574281
vt 0.590685 0.576145
vt 0.590681 0.588250
vt 0.597133 0.598507
vt 0.603595 0.596649
vt 0.134974 0.810024
vt 0.143353 0.819706
vt 0.151738 0.810037
vt 0.151738 0.790666
vt 0.143348 0.780984
vt 0.134968 0.790672
vt 0.578663 0.812532
vt 0.563954 0.812501
vt 0.490407 0.812520
vt 0.638725 0.853432
vt 0.629874 0.848441
vt 0.625521 0.837090
vt 0.627273 0.825530
vt 0.633851 0.824253
vt 0.638725 0.834494
vt 0.587117 0.574074
vt 0.587117 0.363383
vt 0.572407 0.363411
vt 0.572407 0.574102
vt 0.631244 0.574178
vt 0.631244 0.363487
vt 0.616535 0.363456
vt 0.616535 0.574147
vt 0.601826 0.363414
vt 0.601826 0.574106
vt 0.557698 0.574138
vt 0.557698 0.363447
vt 0.542988 0.363475
vt 0.542988 0.574166
vt 0.601826 0.679451
vt 0.587117 0.679420
vt 0.587117 0.784766
vt 0.601826 0.784797
vt 0.572407 0.679448
vt 0.557698 0.679484
vt 0.557698 0.784829
vt 0.572407 0.784793
vt 0.671980 0.834066
vt 0.680360 0.843750
vt 0.688745 0.834084
vt 0.688745 0.814712
vt 0.680354 0.805028
vt 0.671974 0.814714
vt 0.576987 0.584529
vt 0.570530 0.574281
vt 0.564078 0.576145
vt 0.564073 0.588250
vt 0.570526 0.598507
vt 0.576987 0.596649
vt 0.077858 0.722145
vt 0.077858 0.509125
vt 0.062986 0.509154
vt 0.062986 0.722175
vt 0.122474 0.722256
vt 0.122474 0.509235
vt 0.107602 0.509202
vt 0.107602 0.722223
vt 0.092730 0.509158
vt 0.092730 0.722179
vt 0.048114 0.722213
vt 0.048114 0.509192
vt 0.033242 0.509221
vt 0.033242 0.722242
vt 0.077858 0.935166
vt 0.092730 0.935200
vt 0.048114 0.935234
vt 0.062986 0.935196
vt 0.013906 0.845184
vt 0.005529 0.835500
vt -0.002859 0.845167
vt -0.002864 0.864539
vt 0.005524 0.874223
vt 0.013906 0.864535
vt 0.805527 0.876105
vt 0.799070 0.865857
vt 0.792617 0.867719
vt 0.792612 0.879825
vt 0.799065 0.890082
vt 0.805527 0.888225
vt 0.719218 0.589401
vt 0.733920 0.589432
vt 0.733920 0.378845
vt 0.719218 0.378814
vt 0.675113 0.589357
vt 0.689815 0.589329
vt 0.689815 0.378742
vt 0.675113 0.378770
vt 0.134974 0.810024
vt 0.143353 0.819706
vt 0.151738 0.810037
vt 0.151738 0.790666
vt 0.143348 0.780984
vt 0.134968 0.790672
vt 0.603595 0.584529
vt 0.597138 0.574281
vt 0.590685 0.576145
vt 0.590681 0.588250
vt 0.597133 0.598507
vt 0.603595 0.596649
vt 0.718498 0.422389
vt 0.733554 0.422425
vt 0.658276 0.422378
vt 0.673332 0.422338
vt 0.688388 0.422307
vt 0.703443 0.422343
vt 0.151737 0.626710
vt 0.143361 0.617025
vt 0.134973 0.626692
vt 0.134967 0.646063
vt 0.143355 0.655748
vt 0.151737 0.646062
vt 0.226367 0.874666
vt 0.226367 1.082895
vt 0.240904 1.082869
vt 0.240905 0.874640
vt 0.182755 0.874570
vt 0.182755 1.082799
vt 0.197292 1.082828
vt 0.197292 0.874599
vt 0.211829 1.082866
vt 0.211829 0.874637
vt 0.255442 0.874606
vt 0.255442 1.082835
vt 0.269980 1.082809
vt 0.269980 0.874580
vt 0.671980 0.857490
vt 0.680359 0.867173
vt 0.688744 0.857505
vt 0.688744 0.838133
vt 0.680354 0.828451
vt 0.671974 0.838139
vt 0.639021 0.628290
vt 0.632564 0.618043
vt 0.626112 0.619906
vt 0.626108 0.632012
vt 0.632560 0.642269
vt 0.639021 0.640411
vt 0.025953 0.722145
vt 0.025953 0.509125
vt 0.011081 0.509154
vt 0.011081 0.722175
vt 0.070568 0.722256
vt 0.070568 0.509235
vt 0.055696 0.509202
vt 0.055696 0.722223
vt 0.040825 0.509158
vt 0.040825 0.722179
vt -0.003791 0.722213
vt -0.003791 0.509192
vt -0.018663 0.509221
vt -0.018663 0.722242
vt 0.025953 0.935166
vt 0.040825 0.935200
vt -0.003791 0.935234
vt 0.011081 0.935196
vt 0.602751 0.850497
vt 0.611130 0.860180
vt 0.619515 0.850511
vt 0.619515 0.831140
vt 0.611125 0.821457
vt 0.602745 0.831145
vt 0.826326 0.876105
vt 0.819869 0.865857
vt 0.813416 0.867720
vt 0.813412 0.879825
vt 0.819865 0.890082
vt 0.826326 0.888225
vt 0.692167 0.370577
vt 0.692167 0.578806
vt 0.706705 0.578780
vt 0.706705 0.370551
vt 0.648555 0.370482
vt 0.648555 0.578710
vt 0.663092 0.578739
vt 0.663092 0.370510
vt 0.677629 0.578777
vt 0.677629 0.370549
vt 0.721242 0.370517
vt 0.721242 0.578746
vt 0.735780 0.578720
vt 0.735780 0.370491
vt 0.721242 0.162288
vt 0.721242 0.313894
vt 0.735780 0.313800
vt 0.735780 0.162263
vt 0.648555 0.162253
vt 0.648555 0.313790
vt 0.663092 0.313830
vt 0.663092 0.162281
vt 0.591707 0.850497
vt 0.600087 0.860180
vt 0.608472 0.850511
vt 0.608472 0.831140
vt 0.600081 0.821457
vt 0.591701 0.831145
vt 0.097866 0.870846
vt 0.091409 0.860599
vt 0.084957 0.862463
vt 0.084953 0.874568
vt 0.091405 0.884825
vt 0.097866 0.882967
vt 0.124692 0.397839
vt 0.102510 0.396816
vt 0.103206 0.065962
vt 0.123069 0.067283
vt 0.079935 0.397242
vt 0.055611 0.397030
vt 0.057470 0.066893
vt 0.081966 0.067366
vt 0.704517 0.589360
vt 0.704517 0.378773
vt 0.645709 0.589420
vt 0.660411 0.589393
vt 0.660411 0.378806
vt 0.645709 0.378834
vt 0.660411 0.799979
vt 0.675113 0.799943
vt 0.157565 0.653296
vt 0.157565 0.620373
vt 0.122445 0.620373
vt 0.122445 0.653290
vt 0.157565 0.725609
vt 0.191549 0.725609
vt 0.191549 0.653243
vt 0.051706 0.653254
vt 0.051706 0.725609
vt 0.087278 0.725609
vt 0.087278 0.653263
vt 0.087278 0.620373
vt 0.122445 0.725609
vt 0.087278 0.830845
vt 0.122445 0.830845
vt 0.016742 0.725609
vt 0.016742 0.830845
vt 0.051706 0.830845
vt 0.385464 0.875283
vt 0.385464 0.860312
vt 0.377486 0.858009
vt 0.369508 0.870676
vt 0.369508 0.885647
vt 0.377486 0.887950
vt 0.525921 0.547037
vt 0.525921 0.576118
vt 0.538513 0.590658
vt 0.551106 0.576118
vt 0.551106 0.547037
vt 0.538513 0.532496
vt 0.159649 0.555818
vt 0.137921 0.556122
vt 0.137921 0.818897
vt 0.159649 0.818592
vt 0.181378 0.555513
vt 0.181378 0.818288
vt 0.116193 0.556427
vt 0.094465 0.556732
vt 0.094465 0.819506
vt 0.116193 0.819202
vt 0.810235 0.841330
vt 0.802420 0.850353
vt 0.802420 0.868399
vt 0.810235 0.877421
vt 0.818049 0.868399
vt 0.818049 0.850353
vt 0.072737 0.557037
vt 0.051008 0.557341
vt 0.051009 0.820115
vt 0.072737 0.819811
vt 0.673332 0.476252
vt 0.658276 0.476291
vt 0.658276 0.584118
vt 0.673332 0.584078
vt 0.703443 0.476256
vt 0.688388 0.476220
vt 0.688388 0.584046
vt 0.703443 0.584083
vt 0.673332 0.757686
vt 0.658276 0.757921
vt 0.658276 0.799771
vt 0.673332 0.799731
vt 0.733554 0.799819
vt 0.733554 0.757652
vt 0.718498 0.758382
vt 0.718498 0.799782
vt 0.688388 0.799700
vt 0.688388 0.758094
vt 0.542988 0.679512
vt 0.616535 0.679492
vt 0.631244 0.679523
vt -0.018663 0.935263
vt 0.055696 0.935243
vt 0.070568 0.935277
vt 0.692167 0.162348
vt 0.692167 0.313963
vt 0.706705 0.313870
vt 0.706705 0.162323
vt 0.645708 0.800007
vt 0.689815 0.799916
vt 0.704517 0.799947
vt 0.719219 0.799988
vt 0.733920 0.800019
vt 0.255442 0.770492
vt 0.269980 0.770466
vt 0.197292 0.770485
vt 0.211829 0.770523
vt 0.182755 0.770456
vt 0.226367 0.770552
vt 0.240905 0.770526
vt 0.033242 0.935263
vt 0.107602 0.935243
vt 0.122474 0.935277
vt 0.116193 0.293653
vt 0.137921 0.293348
vt 0.137921 -0.232201
vt 0.116193 -0.231897
vt 0.072737 0.294262
vt 0.094465 0.293957
vt 0.094465 -0.231592
vt 0.072737 -0.231287
vt 0.051008 -0.230983
vt 0.051008 0.294566
vt 0.181377 -0.232811
vt 0.159649 -0.232506
vt 0.159649 0.293043
vt 0.181377 0.292739
vt 0.016742 0.653307
vt 0.016742 0.620373
vt -0.017351 0.620373
vt -0.017351 0.653243
vt 0.051706 0.620373
vt -0.017351 0.725609
vt -0.017351 0.830845
vt 0.157565 0.830845
vt 0.191549 0.830845
vt 0.191549 0.620373
vt 0.226367 0.718495
vt 0.240905 0.718469
vt 0.182755 0.718399
vt 0.197292 0.718427
vt 0.211829 0.718466
vt 0.255442 0.718434
vt 0.269980 0.718409
vt 0.643220 0.757636
vt 0.643220 0.799803
vt 0.703443 0.758320
vt 0.703443 0.799736
vt 0.733554 0.584165
vt 0.718498 0.584129
vt 0.643220 0.584149
vt 0.032552 0.397239
vt 0.036644 0.066591
vt 0.145257 0.067014
vt 0.148305 0.397523
vt 0.170529 0.066543
vt 0.174477 0.397184
vt 0.173848 0.532394
vt 0.643220 0.476323
vt 0.718498 0.476303
vt 0.733554 0.476339
vt 0.643220 0.422409
vt 0.161424 0.784041
vt 0.161424 0.836659
vt 0.196996 0.836659
vt 0.196996 0.784041
vt 0.057153 0.784041
vt 0.057153 0.836659
vt 0.091137 0.836659
vt 0.091137 0.784041
vt 0.126256 0.836659
vt 0.126256 0.784041
vt 0.231960 0.784041
vt 0.231960 0.836659
vt 0.266052 0.836659
vt 0.266052 0.784041
vt 0.231960 0.705113
vt 0.266052 0.705113
vt 0.126256 0.705113
vt 0.161424 0.705113
vt 0.161424 0.626186
vt 0.126256 0.626186
vt 0.350616 0.863436
vt 0.350616 0.878407
vt 0.358595 0.880710
vt 0.366573 0.868043
vt 0.366573 0.853072
vt 0.358595 0.850769
vt 0.589077 0.547037
vt 0.589077 0.576118
vt 0.601670 0.590658
vt 0.614262 0.576118
vt 0.614262 0.547037
vt 0.601670 0.532496
vt 0.051310 0.554850
vt 0.086477 0.554850
vt 0.086477 0.502231
vt 0.051310 0.502231
vt 0.051310 0.594313
vt 0.086477 0.594313
vt 0.122050 0.712704
vt 0.157013 0.712704
vt 0.157013 0.594313
vt 0.122050 0.594313
vt 0.122050 0.554850
vt 0.157013 0.554850
vt 0.157013 0.502231
vt 0.122050 0.502231
vt 0.613966 0.859464
vt 0.613966 0.874434
vt 0.621945 0.876738
vt 0.629923 0.864070
vt 0.629923 0.849099
vt 0.621945 0.846796
vt 0.016190 0.594313
vt 0.016190 0.712704
vt 0.051310 0.712704
vt 0.557499 0.547037
vt 0.557499 0.576118
vt 0.570091 0.590658
vt 0.582684 0.576118
vt 0.582684 0.547037
vt 0.570092 0.532496
vt 0.231960 0.626186
vt 0.266052 0.626186
vt 0.091137 0.626186
vt 0.091137 0.705113
vt 0.057153 0.626186
vt 0.057153 0.705113
vt 0.196996 0.705113
vt 0.196996 0.626186
vt 0.191106 0.554850
vt 0.191106 0.502231
vt 0.016190 0.502231
vt 0.016190 0.554850
vt -0.017794 0.502231
vt -0.017794 0.554850
vt 0.086477 0.712704
vt -0.017794 0.594313
vt 0.191106 0.594313
vt -0.017794 0.712704
vt 0.191106 0.712704
vt 0.663092 0.324574
vt 0.648555 0.324531
vt 0.677629 0.313793
vt 0.677629 0.162320
vt 0.706705 0.324612
vt 0.692167 0.324718
vt 0.735780 0.324541
vt 0.721242 0.324645
vt 0.677629 0.324518
vt 0.240905 0.675584
vt 0.255442 0.675590
vt 0.255442 0.666377
vt 0.240905 0.666412
vt 0.182755 0.666342
vt 0.182755 0.675568
vt 0.197292 0.675576
vt 0.197292 0.666370
vt 0.592113 0.556234
vt 0.579098 0.556235
vt 0.579035 0.585310
vt 0.592049 0.585309
vt 0.605127 0.556232
vt 0.605063 0.585307
vt 0.579062 0.599848
vt 0.592076 0.599846
vt 0.592140 0.541696
vt 0.579125 0.541698
vt 0.614630 0.542282
vt 0.601615 0.542284
vt 0.601551 0.571358
vt 0.614566 0.571357
vt 0.605154 0.628920
vt 0.605091 0.599845
vt 0.592140 0.628921
vt 0.226367 0.666437
vt 0.226367 0.675597
vt 0.614656 0.527745
vt 0.601642 0.527746
vt 0.601579 0.585896
vt 0.614593 0.585895
vt 0.605154 0.541695
vt 0.627671 0.614968
vt 0.627607 0.585893
vt 0.614656 0.614969
vt 0.627644 0.542281
vt 0.627580 0.571355
vt 0.739504 0.485432
vt 0.739504 0.489930
vt 0.755086 0.489930
vt 0.755086 0.485432
vt 0.579125 0.628923
vt 0.627671 0.527743
vt 0.749878 0.485432
vt 0.749878 0.489930
vt 0.765460 0.489930
vt 0.765460 0.485432
vt 0.601642 0.614971
vt 0.838253 0.725651
vt 0.807778 0.725655
vt 0.807629 0.793736
vt 0.838103 0.793733
vt 0.838315 0.691610
vt 0.807841 0.691614
vt 0.807693 0.827778
vt 0.838167 0.827774
vt 0.522978 0.576647
vt 0.522530 0.595968
vt 0.531797 0.599576
vt 0.531797 0.574135
vt 0.807841 0.895860
vt 0.838315 0.895856
vt 0.269980 0.675578
vt 0.269980 0.666352
vt 0.211829 0.675585
vt 0.211829 0.666409
vt 0.152141 0.693418
vt 0.152141 0.901647
vt 0.166678 0.901621
vt 0.166679 0.693393
vt 0.108529 0.693323
vt 0.108529 0.901552
vt 0.123066 0.901580
vt 0.123066 0.693351
vt 0.137603 0.901619
vt 0.137603 0.693390
vt 0.181216 0.693358
vt 0.181216 0.901587
vt 0.195754 0.901561
vt 0.195754 0.693333
vt 0.123066 0.566269
vt 0.123066 0.647415
vt 0.137603 0.647359
vt 0.137603 0.566260
vt 0.829560 0.799876
vt 0.837940 0.809559
vt 0.846325 0.799890
vt 0.846325 0.780519
vt 0.837934 0.770836
vt 0.829555 0.780524
vt 0.638587 0.870950
vt 0.632131 0.860702
vt 0.625678 0.862566
vt 0.625674 0.874671
vt 0.632126 0.884928
vt 0.638587 0.883070
vt 0.181216 0.525719
vt 0.181216 0.485130
vt 0.166679 0.485164
vt 0.166679 0.525737
vt 0.181216 0.647486
vt 0.181216 0.566308
vt 0.166679 0.566309
vt 0.166679 0.647453
vt 0.152141 0.566375
vt 0.152141 0.647559
vt 0.123066 0.525696
vt 0.123066 0.485123
vt 0.108529 0.485094
vt 0.108529 0.525664
vt 0.137603 0.525711
vt 0.108529 0.566234
vt 0.108529 0.647373
vt 0.152141 0.525782
vt 0.152141 0.485190
vt 0.137603 0.485161
vt 0.195754 0.525674
vt 0.195754 0.485104
vt 0.195754 0.647383
vt 0.195754 0.566243
vt 0.631244 0.784869
vt 0.616535 0.784838
vt 0.542988 0.784857
vt 0.715845 0.338031
vt 0.715845 -0.093275
vt 0.700789 -0.093243
vt 0.700789 0.338063
vt 0.761011 0.338150
vt 0.761011 -0.093156
vt 0.745956 -0.093193
vt 0.745956 0.338114
vt 0.730901 -0.093239
vt 0.730901 0.338068
vt 0.685734 0.338103
vt 0.685734 -0.093204
vt 0.670678 -0.093172
vt 0.670678 0.338134
vt 0.134974 0.716332
vt 0.143353 0.726014
vt 0.151738 0.716345
vt 0.151738 0.696974
vt 0.143348 0.687291
vt 0.134968 0.696980
vt 0.511881 0.584529
vt 0.505424 0.574281
vt 0.498972 0.576145
vt 0.498967 0.588250
vt 0.505420 0.598507
vt 0.511881 0.596649
vt 0.727467 0.259759
vt 0.679518 0.299915
vt 0.597755 0.293051
vt 0.568991 0.258863
vt 0.607779 0.224284
vt 0.697397 0.224284
vt 0.615794 0.555336
vt 0.707580 0.555336
vt 0.766675 0.608766
vt 0.721001 0.652062
vt 0.634253 0.650887
vt 0.565981 0.604944
vt 0.534535 0.601737
vt 0.534535 0.391046
vt 0.519826 0.391074
vt 0.519826 0.601765
vt 0.578663 0.601841
vt 0.578663 0.391150
vt 0.563954 0.391118
vt 0.563954 0.601810
vt 0.549245 0.391077
vt 0.549245 0.601768
vt 0.505117 0.601801
vt 0.505117 0.391110
vt 0.490407 0.391138
vt 0.490407 0.601829
vt 0.549245 0.707114
vt 0.534535 0.707083
vt 0.534535 0.812429
vt 0.549244 0.812460
vt 0.519826 0.707111
vt 0.505117 0.707147
vt 0.505116 0.812492
vt 0.519826 0.812456
vt 0.134974 0.833445
vt 0.143353 0.843129
vt 0.151738 0.833463
vt 0.151738 0.814092
vt 0.143348 0.804407
vt 0.134968 0.814093
vt 0.568118 0.584529
vt 0.561661 0.574281
vt 0.555209 0.576145
vt 0.555204 0.588250
vt 0.561657 0.598507
vt 0.568118 0.596649
vt 0.637316 0.352705
vt 0.652018 0.352736
vt 0.652018 0.142149
vt 0.637316 0.142118
vt 0.593210 0.352661
vt 0.607913 0.352633
vt 0.607913 0.142046
vt 0.593210 0.142074
vt 0.671980 0.810645
vt 0.680360 0.820327
vt 0.688745 0.810658
vt 0.688745 0.791287
vt 0.680354 0.781605
vt 0.671974 0.791293
vt 0.541510 0.584529
vt 0.535053 0.574281
vt 0.528601 0.576145
vt 0.528596 0.588250
vt 0.535049 0.598507
vt 0.541510 0.596649
vt 0.055696 0.722223
vt 0.040825 0.722179
vt 0.040825 0.509158
vt 0.055696 0.509202
vt 0.675113 0.799943
vt 0.675113 0.589357
vt 0.689815 0.589329
vt 0.689815 0.799916
vt 0.706705 0.313870
vt 0.706705 0.162323
vt 0.721242 0.162288
vt 0.721242 0.313894
vt 0.663092 0.324574
vt 0.648555 0.324531
vt 0.648555 0.313790
vt 0.663092 0.313830
vt 0.706705 0.324612
vt 0.706705 0.370551
vt 0.692167 0.370577
vt 0.692167 0.324718
vt 0.677629 0.324518
vt 0.677629 0.370549
vt 0.663092 0.370510
vt 0.692167 0.313963
vt 0.555171 0.358887
vt 0.555171 0.145866
vt 0.540298 0.145896
vt 0.540298 0.358917
vt 0.599786 0.358998
vt 0.599786 0.145977
vt 0.584914 0.145943
vt 0.584914 0.358964
vt 0.570042 0.145900
vt 0.570042 0.358921
vt 0.525427 0.358954
vt 0.525427 0.145934
vt 0.510554 0.145963
vt 0.510555 0.358984
vt 0.555171 0.571908
vt 0.570043 0.571941
vt 0.525427 0.571975
vt 0.540299 0.571937
vt 0.134974 0.856870
vt 0.143353 0.866552
vt 0.151738 0.856884
vt 0.151738 0.837513
vt 0.143348 0.827830
vt 0.134968 0.837518
vt 0.843310 0.876455
vt 0.836853 0.866207
vt 0.830400 0.868070
vt 0.830395 0.880175
vt 0.836848 0.890432
vt 0.843310 0.888575
vt 0.715845 0.827775
vt 0.715845 0.396468
vt 0.700789 0.396500
vt 0.700789 0.827806
vt 0.761011 0.827893
vt 0.761011 0.396587
vt 0.745956 0.396550
vt 0.745956 0.827857
vt 0.730901 0.396504
vt 0.730901 0.827811
vt 0.685734 0.827846
vt 0.685734 0.396539
vt 0.670678 0.396571
vt 0.670678 0.827877
vt 0.134974 0.669486
vt 0.143353 0.679168
vt 0.151738 0.669499
vt 0.151738 0.650128
vt 0.143348 0.640445
vt 0.134968 0.650134
vt 0.494143 0.584529
vt 0.487686 0.574281
vt 0.481233 0.576145
vt 0.481229 0.588250
vt 0.487682 0.598507
vt 0.494143 0.596649
vt 0.585599 0.866092
vt 0.585599 1.074321
vt 0.600137 1.074295
vt 0.600137 0.866066
vt 0.541987 0.865997
vt 0.541987 1.074225
vt 0.556525 1.074254
vt 0.556525 0.866025
vt 0.571062 1.074292
vt 0.571062 0.866064
vt 0.614675 0.866032
vt 0.614675 1.074261
vt 0.629212 1.074235
vt 0.629212 0.866006
vt 0.614675 0.657803
vt 0.614675 0.809409
vt 0.629212 0.809315
vt 0.629212 0.657778
vt 0.541987 0.657768
vt 0.541987 0.809305
vt 0.556525 0.809345
vt 0.556525 0.657796
vt 0.829560 0.776453
vt 0.837940 0.786136
vt 0.846325 0.776467
vt 0.846325 0.757096
vt 0.837934 0.747413
vt 0.829555 0.757101
vt 0.024110 0.872330
vt 0.017653 0.862083
vt 0.011201 0.863946
vt 0.011196 0.876052
vt 0.017649 0.886309
vt 0.024110 0.884451
vt 0.148169 0.859485
vt 0.148535 0.532432
vt 0.125771 0.532912
vt 0.124868 0.859050
vt 0.055027 0.532075
vt 0.030652 0.532494
vt 0.032113 0.859429
vt 0.055677 0.859725
vt 0.079903 0.859771
vt 0.079883 0.532021
vt 0.125689 0.992027
vt 0.103793 0.993092
vt 0.103524 1.138815
vt 0.123252 1.137294
vt 0.081095 0.992670
vt 0.056346 0.992864
vt 0.058468 1.138309
vt 0.082257 1.137731
vt 0.622615 0.352664
vt 0.622615 0.142077
vt 0.563806 0.352724
vt 0.578508 0.352697
vt 0.578508 0.142110
vt 0.563806 0.142138
vt 0.578508 0.563283
vt 0.593210 0.563247
vt 0.205857 0.787939
vt 0.205857 0.755015
vt 0.170738 0.755015
vt 0.170738 0.787933
vt 0.205857 0.860251
vt 0.239841 0.860251
vt 0.239841 0.787886
vt 0.099998 0.787897
vt 0.099998 0.860251
vt 0.135570 0.860251
vt 0.135570 0.787906
vt 0.135570 0.755015
vt 0.170738 0.860251
vt 0.135570 0.965488
vt 0.170738 0.965488
vt 0.065034 0.860251
vt 0.065034 0.965488
vt 0.099998 0.965488
vt 0.068490 0.876626
vt 0.068490 0.861655
vt 0.060512 0.859352
vt 0.052533 0.872020
vt 0.052533 0.886990
vt 0.060512 0.889294
vt 0.510131 0.547037
vt 0.510131 0.576118
vt 0.522724 0.590658
vt 0.535317 0.576118
vt 0.535317 0.547037
vt 0.522724 0.532496
vt 0.241865 0.442536
vt 0.220137 0.442841
vt 0.220137 0.705616
vt 0.241865 0.705311
vt 0.263593 0.442232
vt 0.263593 0.705006
vt 0.198408 0.443146
vt 0.176680 0.443450
vt 0.176680 0.706225
vt 0.198408 0.705920
vt 0.820634 0.841330
vt 0.812820 0.850353
vt 0.812820 0.868399
vt 0.820634 0.877421
vt 0.828448 0.868399
vt 0.828448 0.850353
vt 0.154952 0.443755
vt 0.133224 0.444060
vt 0.133224 0.706834
vt 0.154952 0.706530
vt 0.704517 0.589360
vt 0.704517 0.799947
vt 0.677629 0.578777
vt 0.692167 0.578806
vt 0.721242 0.324645
vt 0.721242 0.370517
vt 0.490407 0.707174
vt 0.563954 0.707155
vt 0.578663 0.707186
vt 0.510555 0.572005
vt 0.584914 0.571985
vt 0.599786 0.572019
vt 0.585599 0.657863
vt 0.585599 0.809478
vt 0.600137 0.809385
vt 0.600137 0.657838
vt 0.563806 0.563311
vt 0.607912 0.563220
vt 0.622615 0.563251
vt 0.637316 0.563292
vt 0.652018 0.563323
vt 0.677629 0.313793
vt 0.677629 0.162320
vt 0.692167 0.162348
vt 0.719219 0.799988
vt 0.719218 0.589401
vt 0.733920 0.589432
vt 0.733920 0.800019
vt 0.660411 0.799979
vt 0.660411 0.589393
vt 0.097866 0.870846
vt 0.097866 0.882967
vt 0.091405 0.884825
vt 0.084953 0.874568
vt 0.084957 0.862463
vt 0.091409 0.860599
vt 0.704517 0.378773
vt 0.719218 0.378814
vt 0.689815 0.378742
vt 0.198408 0.180371
vt 0.220136 0.180067
vt 0.220136 -0.345483
vt 0.198408 -0.345178
vt 0.154952 0.180981
vt 0.176680 0.180676
vt 0.176680 -0.344873
vt 0.154952 -0.344568
vt 0.133224 -0.344264
vt 0.133224 0.181285
vt 0.263593 -0.346092
vt 0.241865 -0.345787
vt 0.241865 0.179762
vt 0.263593 0.179457
vt 0.065034 0.787950
vt 0.065034 0.755015
vt 0.030942 0.755015
vt 0.030942 0.787886
vt 0.099998 0.755015
vt 0.030942 0.860251
vt 0.030942 0.965488
vt 0.205857 0.965488
vt 0.239841 0.965488
vt 0.239841 0.755015
vt 0.663092 0.578739
vt 0.648555 0.370482
vt 0.648555 0.578710
vt 0.591707 0.850497
vt 0.591701 0.831145
vt 0.600081 0.821457
vt 0.608472 0.831140
vt 0.608472 0.850511
vt 0.600087 0.860180
vt 0.735780 0.370491
vt 0.735780 0.578720
vt 0.721242 0.578746
vt 0.011081 0.509154
vt 0.011081 0.722175
vt -0.003791 0.722213
vt -0.003791 0.509192
vt 0.645709 0.589420
vt 0.645709 0.378834
vt 0.660411 0.378806
vt 0.025953 0.935166
vt 0.011081 0.935196
vt 0.025953 0.722145
vt 0.025953 0.509125
vt 0.055696 0.935243
vt 0.040825 0.935200
vt 0.675113 0.378770
vt 0.102667 0.859754
vt 0.103063 0.532104
vt 0.032974 0.992703
vt 0.038005 1.138429
vt 0.145892 1.137605
vt 0.148449 0.992400
vt 0.171000 1.138574
vt 0.174477 0.992760
vt 0.173609 0.859378
vt 0.602751 0.850497
vt 0.602745 0.831145
vt 0.611125 0.821457
vt 0.619515 0.831140
vt 0.619515 0.850511
vt 0.611130 0.860180
vt 0.706705 0.578780
vt 0.645708 0.800007
vt 0.070568 0.935277
vt 0.070568 0.722256
vt -0.003791 0.935234
vt -0.018663 0.935263
vt -0.018663 0.722242
vt 0.826326 0.876105
vt 0.826326 0.888225
vt 0.819865 0.890082
vt 0.813412 0.879825
vt 0.813416 0.867720
vt 0.819869 0.865857
vt -0.018663 0.509221
vt 0.118854 0.966877
vt 0.118854 1.019495
vt 0.154426 1.019495
vt 0.154426 0.966877
vt 0.014583 0.966877
vt 0.014583 1.019495
vt 0.048567 1.019495
vt 0.048567 0.966877
vt 0.083686 1.019495
vt 0.083686 0.966877
vt 0.189390 0.966877
vt 0.189390 1.019495
vt 0.223482 1.019495
vt 0.223482 0.966877
vt 0.189390 0.887950
vt 0.223482 0.887950
vt 0.083686 0.887950
vt 0.118854 0.887950
vt 0.118854 0.809023
vt 0.083686 0.809023
vt 0.111710 0.860421
vt 0.111710 0.875391
vt 0.119688 0.877695
vt 0.127667 0.865027
vt 0.127667 0.850056
vt 0.119689 0.847753
vt 0.634129 0.732920
vt 0.634129 0.762001
vt 0.646722 0.776541
vt 0.659314 0.762001
vt 0.659314 0.732920
vt 0.646722 0.718379
vt 0.156111 -0.230923
vt 0.134383 -0.230769
vt 0.134383 0.831711
vt 0.156111 0.831557
vt 0.069199 0.832173
vt 0.090927 0.832019
vt 0.090927 -0.230461
vt 0.069198 -0.230307
vt 0.112655 -0.230615
vt 0.112655 0.831865
vt 0.047470 0.832327
vt 0.047470 -0.230153
vt 0.060419 0.836072
vt 0.052605 0.845095
vt 0.052605 0.863141
vt 0.060419 0.872163
vt 0.068233 0.863141
vt 0.068233 0.845095
vt 0.081219 0.836072
vt 0.073405 0.845095
vt 0.073405 0.863141
vt 0.081219 0.872163
vt 0.089033 0.863141
vt 0.089033 0.845095
vt 0.177839 0.831403
vt 0.177839 -0.231077
vt 0.030921 0.870376
vt 0.066088 0.870376
vt 0.066088 0.817757
vt 0.030921 0.817757
vt 0.030921 0.909839
vt 0.066088 0.909839
vt 0.101660 1.028230
vt 0.136624 1.028230
vt 0.136624 0.909839
vt 0.101660 0.909839
vt 0.101660 0.870376
vt 0.136624 0.870376
vt 0.136624 0.817757
vt 0.101660 0.817757
vt 0.101125 0.860421
vt 0.101125 0.875391
vt 0.109103 0.877695
vt 0.117082 0.865027
vt 0.117082 0.850056
vt 0.109103 0.847753
vt -0.004199 0.909839
vt -0.004199 1.028230
vt 0.030920 1.028230
vt 0.541710 0.547037
vt 0.541710 0.576118
vt 0.554302 0.590658
vt 0.566895 0.576118
vt 0.566895 0.547037
vt 0.554302 0.532496
vt 0.189390 0.809023
vt 0.223482 0.809023
vt 0.048567 0.809023
vt 0.048567 0.887950
vt 0.014582 0.809023
vt 0.014583 0.887950
vt 0.154426 0.887950
vt 0.154426 0.809023
vt 0.170716 0.870376
vt 0.170716 0.817757
vt -0.004199 0.817757
vt -0.004199 0.870376
vt -0.038183 0.817757
vt -0.038183 0.870376
vt 0.066088 1.028230
vt -0.038183 0.909839
vt 0.170716 0.909839
vt -0.038183 1.028230
vt 0.170716 1.028230
vt 0.556525 0.820089
vt 0.541987 0.820046
vt 0.571062 0.809308
vt 0.571062 0.657835
vt 0.600137 0.820127
vt 0.585599 0.820233
vt 0.629212 0.820056
vt 0.614675 0.820160
vt 0.571062 0.820033
vt 0.663092 0.162281
vt 0.735780 0.162263
vt 0.735780 0.313800
vt 0.648555 0.162253
vt 0.735780 0.324541
vt 0.680672 0.783266
vt 0.650198 0.783269
vt 0.650048 0.851351
vt 0.680523 0.851347
vt 0.680735 0.749225
vt 0.650261 0.749228
vt 0.650112 0.885392
vt 0.680587 0.885389
vt 0.629358 0.698705
vt 0.628910 0.718026
vt 0.638177 0.721634
vt 0.638177 0.696193
vt 0.650261 0.953475
vt 0.680735 0.953471
vt 0.733920 0.378845
vt 0.070568 0.509235
vt 0.603595 0.584529
vt 0.603595 0.596649
vt 0.597133 0.598507
vt 0.590681 0.588250
vt 0.590685 0.576145
vt 0.597138 0.574281
vt 0.134974 0.810024
vt 0.134968 0.790672
vt 0.143348 0.780984
vt 0.151738 0.790666
vt 0.151738 0.810037
vt 0.143353 0.819706
vt 0.578663 0.812532
vt 0.563954 0.812501
vt 0.490407 0.812520
vt 0.638725 0.853432
vt 0.638725 0.834494
vt 0.633851 0.824253
vt 0.627273 0.825530
vt 0.625521 0.837090
vt 0.629874 0.848441
vt 0.587117 0.574074
vt 0.572407 0.574102
vt 0.572407 0.363411
vt 0.587117 0.363383
vt 0.631244 0.574178
vt 0.616535 0.574147
vt 0.616535 0.363456
vt 0.631244 0.363487
vt 0.601826 0.574106
vt 0.601826 0.363414
vt 0.557698 0.574138
vt 0.542988 0.574166
vt 0.542988 0.363475
vt 0.557698 0.363447
vt 0.601826 0.679451
vt 0.601826 0.784797
vt 0.587117 0.784766
vt 0.587117 0.679420
vt 0.572407 0.679448
vt 0.572407 0.784793
vt 0.557698 0.784829
vt 0.557698 0.679484
vt 0.671980 0.834066
vt 0.671974 0.814714
vt 0.680354 0.805028
vt 0.688745 0.814712
vt 0.688745 0.834084
vt 0.680360 0.843750
vt 0.576987 0.584529
vt 0.576987 0.596649
vt 0.570526 0.598507
vt 0.564073 0.588250
vt 0.564078 0.576145
vt 0.570530 0.574281
vt 0.077858 0.722145
vt 0.062986 0.722175
vt 0.062986 0.509154
vt 0.077858 0.509125
vt 0.122474 0.722256
vt 0.107602 0.722223
vt 0.107602 0.509202
vt 0.122474 0.509235
vt 0.092730 0.722179
vt 0.092730 0.509158
vt 0.048114 0.722213
vt 0.033242 0.722242
vt 0.033242 0.509221
vt 0.048114 0.509192
vt 0.092730 0.935200
vt 0.077858 0.935166
vt 0.062986 0.935196
vt 0.048114 0.935234
vt 0.013906 0.845184
vt 0.013906 0.864535
vt 0.005524 0.874223
vt -0.002864 0.864539
vt -0.002859 0.845167
vt 0.005529 0.835500
vt 0.805527 0.876105
vt 0.805527 0.888225
vt 0.799065 0.890082
vt 0.792612 0.879825
vt 0.792617 0.867719
vt 0.799070 0.865857
vt 0.719218 0.589401
vt 0.719218 0.378814
vt 0.733920 0.378845
vt 0.733920 0.589432
vt 0.675113 0.589357
vt 0.675113 0.378770
vt 0.689815 0.378742
vt 0.689815 0.589329
vt 0.134974 0.810024
vt 0.134968 0.790672
vt 0.143348 0.780984
vt 0.151738 0.790666
vt 0.151738 0.810037
vt 0.143353 0.819706
vt 0.603595 0.584529
vt 0.603595 0.596649
vt 0.597133 0.598507
vt 0.590681 0.588250
vt 0.590685 0.576145
vt 0.597138 0.574281
vt 0.718498 0.422389
vt 0.703443 0.422343
vt 0.688388 0.422307
vt 0.673332 0.422338
vt 0.658276 0.422378
vt 0.733554 0.422425
vt 0.151737 0.626710
vt 0.151737 0.646062
vt 0.143355 0.655748
vt 0.134967 0.646063
vt 0.134973 0.626692
vt 0.143361 0.617025
vt 0.226367 0.874666
vt 0.240905 0.874640
vt 0.240904 1.082869
vt 0.226367 1.082895
vt 0.182755 0.874570
vt 0.197292 0.874599
vt 0.197292 1.082828
vt 0.182755 1.082799
vt 0.211829 0.874637
vt 0.211829 1.082866
vt 0.255442 0.874606
vt 0.269980 0.874580
vt 0.269980 1.082809
vt 0.255442 1.082835
vt 0.671980 0.857490
vt 0.671974 0.838139
vt 0.680354 0.828451
vt 0.688744 0.838133
vt 0.688744 0.857505
vt 0.680359 0.867173
vt 0.639021 0.628290
vt 0.639021 0.640411
vt 0.632560 0.642269
vt 0.626108 0.632012
vt 0.626112 0.619906
vt 0.632564 0.618043
vt 0.025953 0.722145
vt 0.011081 0.722175
vt 0.011081 0.509154
vt 0.025953 0.509125
vt 0.070568 0.722256
vt 0.055696 0.722223
vt 0.055696 0.509202
vt 0.070568 0.509235
vt 0.040825 0.722179
vt 0.040825 0.509158
vt -0.003791 0.722213
vt -0.018663 0.722242
vt -0.018663 0.509221
vt -0.003791 0.509192
vt 0.040825 0.935200
vt 0.025953 0.935166
vt 0.011081 0.935196
vt -0.003791 0.935234
vt 0.602751 0.850497
vt 0.602745 0.831145
vt 0.611125 0.821457
vt 0.619515 0.831140
vt 0.619515 0.850511
vt 0.611130 0.860180
vt 0.826326 0.876105
vt 0.826326 0.888225
vt 0.819865 0.890082
vt 0.813412 0.879825
vt 0.813416 0.867720
vt 0.819869 0.865857
vt 0.692167 0.370577
vt 0.706705 0.370551
vt 0.706705 0.578780
vt 0.692167 0.578806
vt 0.648555 0.370482
vt 0.663092 0.370510
vt 0.663092 0.578739
vt 0.648555 0.578710
vt 0.677629 0.370549
vt 0.677629 0.578777
vt 0.721242 0.370517
vt 0.735780 0.370491
vt 0.735780 0.578720
vt 0.721242 0.578746
vt 0.721242 0.162288
vt 0.735780 0.162263
vt 0.735780 0.313800
vt 0.721242 0.313894
vt 0.648555 0.162253
vt 0.663092 0.162281
vt 0.663092 0.313830
vt 0.648555 0.313790
vt 0.591707 0.850497
vt 0.591701 0.831145
vt 0.600081 0.821457
vt 0.608472 0.831140
vt 0.608472 0.850511
vt 0.600087 0.860180
vt 0.097866 0.870846
vt 0.097866 0.882967
vt 0.091405 0.884825
vt 0.084953 0.874568
vt 0.084957 0.862463
vt 0.091409 0.860599
vt 0.124692 0.397839
vt 0.123069 0.067283
vt 0.103206 0.065962
vt 0.102510 0.396816
vt 0.079935 0.397242
vt 0.081966 0.067366
vt 0.057470 0.066893
vt 0.055611 0.397030
vt 0.704517 0.589360
vt 0.704517 0.378773
vt 0.645709 0.589420
vt 0.645709 0.378834
vt 0.660411 0.378806
vt 0.660411 0.589393
vt 0.675113 0.799943
vt 0.660411 0.799979
vt 0.157565 0.653296
vt 0.122445 0.653290
vt 0.122445 0.620373
vt 0.157565 0.620373
vt 0.191549 0.653243
vt 0.191549 0.725609
vt 0.157565 0.725609
vt 0.051706 0.653254
vt 0.087278 0.653263
vt 0.087278 0.725609
vt 0.051706 0.725609
vt 0.087278 0.620373
vt 0.122445 0.725609
vt 0.122445 0.830845
vt 0.087278 0.830845
vt 0.051706 0.830845
vt 0.016742 0.830845
vt 0.016742 0.725609
vt 0.385464 0.875283
vt 0.377486 0.887950
vt 0.369508 0.885647
vt 0.369508 0.870676
vt 0.377486 0.858009
vt 0.385464 0.860312
vt 0.525921 0.547037
vt 0.538513 0.532496
vt 0.551106 0.547037
vt 0.551106 0.576118
vt 0.538513 0.590658
vt 0.525921 0.576118
vt 0.159649 0.555818
vt 0.159649 0.818592
vt 0.137921 0.818897
vt 0.137921 0.556122
vt 0.181378 0.555513
vt 0.181378 0.818288
vt 0.116193 0.556427
vt 0.116193 0.819202
vt 0.094465 0.819506
vt 0.094465 0.556732
vt 0.810235 0.841330
vt 0.818049 0.850353
vt 0.818049 0.868399
vt 0.810235 0.877421
vt 0.802420 0.868399
vt 0.802420 0.850353
vt 0.072737 0.557037
vt 0.072737 0.819811
vt 0.051009 0.820115
vt 0.051008 0.557341
vt 0.673332 0.476252
vt 0.673332 0.584078
vt 0.658276 0.584118
vt 0.658276 0.476291
vt 0.703443 0.476256
vt 0.703443 0.584083
vt 0.688388 0.584046
vt 0.688388 0.476220
vt 0.673332 0.757686
vt 0.673332 0.799731
vt 0.658276 0.799771
vt 0.658276 0.757921
vt 0.733554 0.799819
vt 0.718498 0.799782
vt 0.718498 0.758382
vt 0.733554 0.757652
vt 0.688388 0.799700
vt 0.688388 0.758094
vt 0.542988 0.679512
vt 0.616535 0.679492
vt 0.631244 0.679523
vt -0.018663 0.935263
vt 0.055696 0.935243
vt 0.070568 0.935277
vt 0.692167 0.162348
vt 0.706705 0.162323
vt 0.706705 0.313870
vt 0.692167 0.313963
vt 0.645708 0.800007
vt 0.689815 0.799916
vt 0.704517 0.799947
vt 0.719219 0.799988
vt 0.733920 0.800019
vt 0.255442 0.770492
vt 0.269980 0.770466
vt 0.197292 0.770485
vt 0.211829 0.770523
vt 0.182755 0.770456
vt 0.226367 0.770552
vt 0.240905 0.770526
vt 0.033242 0.935263
vt 0.107602 0.935243
vt 0.122474 0.935277
vt 0.116193 0.293653
vt 0.116193 -0.231897
vt 0.137921 -0.232201
vt 0.137921 0.293348
vt 0.072737 0.294262
vt 0.072737 -0.231287
vt 0.094465 -0.231592
vt 0.094465 0.293957
vt 0.051008 0.294566
vt 0.051008 -0.230983
vt 0.181377 -0.232811
vt 0.181377 0.292739
vt 0.159649 0.293043
vt 0.159649 -0.232506
vt 0.016742 0.653307
vt -0.017351 0.653243
vt -0.017351 0.620373
vt 0.016742 0.620373
vt 0.051706 0.620373
vt -0.017351 0.830845
vt -0.017351 0.725609
vt 0.157565 0.830845
vt 0.191549 0.830845
vt 0.191549 0.620373
vt 0.226367 0.718495
vt 0.240905 0.718469
vt 0.182755 0.718399
vt 0.197292 0.718427
vt 0.211829 0.718466
vt 0.255442 0.718434
vt 0.269980 0.718409
vt 0.643220 0.799803
vt 0.643220 0.757636
vt 0.703443 0.758320
vt 0.703443 0.799736
vt 0.718498 0.584129
vt 0.733554 0.584165
vt 0.643220 0.584149
vt 0.036644 0.066591
vt 0.032552 0.397239
vt 0.145257 0.067014
vt 0.148305 0.397523
vt 0.170529 0.066543
vt 0.174477 0.397184
vt 0.173848 0.532394
vt 0.643220 0.476323
vt 0.718498 0.476303
vt 0.733554 0.476339
vt 0.643220 0.422409
vt 0.161424 0.784041
vt 0.196996 0.784041
vt 0.196996 0.836659
vt 0.161424 0.836659
vt 0.057153 0.784041
vt 0.091137 0.784041
vt 0.091137 0.836659
vt 0.057153 0.836659
vt 0.126256 0.784041
vt 0.126256 0.836659
vt 0.231960 0.784041
vt 0.266052 0.784041
vt 0.266052 0.836659
vt 0.231960 0.836659
vt 0.231960 0.705113
vt 0.266052 0.705113
vt 0.126256 0.705113
vt 0.126256 0.626186
vt 0.161424 0.626186
vt 0.161424 0.705113
vt 0.350616 0.863436
vt 0.358595 0.850769
vt 0.366573 0.853072
vt 0.366573 0.868043
vt 0.358595 0.880710
vt 0.350616 0.878407
vt 0.589077 0.547037
vt 0.601670 0.532496
vt 0.614262 0.547037
vt 0.614262 0.576118
vt 0.601670 0.590658
vt 0.589077 0.576118
vt 0.051310 0.554850
vt 0.051310 0.502231
vt 0.086477 0.502231
vt 0.086477 0.554850
vt 0.051310 0.594313
vt 0.086477 0.594313
vt 0.122050 0.712704
vt 0.122050 0.594313
vt 0.157013 0.594313
vt 0.157013 0.712704
vt 0.122050 0.554850
vt 0.122050 0.502231
vt 0.157013 0.502231
vt 0.157013 0.554850
vt 0.613966 0.859464
vt 0.621945 0.846796
vt 0.629923 0.849099
vt 0.629923 0.864070
vt 0.621945 0.876738
vt 0.613966 0.874434
vt 0.016190 0.594313
vt 0.051310 0.712704
vt 0.016190 0.712704
vt 0.557499 0.547037
vt 0.570092 0.532496
vt 0.582684 0.547037
vt 0.582684 0.576118
vt 0.570091 0.590658
vt 0.557499 0.576118
vt 0.231960 0.626186
vt 0.266052 0.626186
vt 0.091137 0.626186
vt 0.091137 0.705113
vt 0.057153 0.626186
vt 0.057153 0.705113
vt 0.196996 0.626186
vt 0.196996 0.705113
vt 0.191106 0.502231
vt 0.191106 0.554850
vt 0.016190 0.502231
vt 0.016190 0.554850
vt -0.017794 0.502231
vt -0.017794 0.554850
vt 0.086477 0.712704
vt -0.017794 0.594313
vt 0.191106 0.594313
vt -0.017794 0.712704
vt 0.191106 0.712704
vt 0.663092 0.324574
vt 0.648555 0.324531
vt 0.677629 0.313793
vt 0.677629 0.162320
vt 0.706705 0.324612
vt 0.692167 0.324718
vt 0.735780 0.324541
vt 0.721242 0.324645
vt 0.677629 0.324518
vt 0.240905 0.675584
vt 0.240905 0.666412
vt 0.255442 0.666377
vt 0.255442 0.675590
vt 0.182755 0.666342
vt 0.197292 0.666370
vt 0.197292 0.675576
vt 0.182755 0.675568
vt 0.592113 0.556234
vt 0.592049 0.585309
vt 0.579035 0.585310
vt 0.579098 0.556235
vt 0.605127 0.556232
vt 0.605063 0.585307
vt 0.592076 0.599846
vt 0.579062 0.599848
vt 0.592140 0.541696
vt 0.579125 0.541698
vt 0.614630 0.542282
vt 0.614566 0.571357
vt 0.601551 0.571358
vt 0.601615 0.542284
vt 0.605154 0.628920
vt 0.592140 0.628921
vt 0.605091 0.599845
vt 0.226367 0.666437
vt 0.226367 0.675597
vt 0.614656 0.527745
vt 0.601642 0.527746
vt 0.614593 0.585895
vt 0.601579 0.585896
vt 0.605154 0.541695
vt 0.627671 0.614968
vt 0.614656 0.614969
vt 0.627607 0.585893
vt 0.627644 0.542281
vt 0.627580 0.571355
vt 0.739504 0.485432
vt 0.755086 0.485432
vt 0.755086 0.489930
vt 0.739504 0.489930
vt 0.579125 0.628923
vt 0.627671 0.527743
vt 0.749878 0.485432
vt 0.765460 0.485432
vt 0.765460 0.489930
vt 0.749878 0.489930
vt 0.601642 0.614971
vt 0.838253 0.725651
vt 0.838103 0.793733
vt 0.807629 0.793736
vt 0.807778 0.725655
vt 0.838315 0.691610
vt 0.807841 0.691614
vt 0.838167 0.827774
vt 0.807693 0.827778
vt 0.522978 0.576647
vt 0.531797 0.574135
vt 0.531797 0.599576
vt 0.522530 0.595968
vt 0.838315 0.895856
vt 0.807841 0.895860
vt 0.269980 0.666352
vt 0.269980 0.675578
vt 0.211829 0.675585
vt 0.211829 0.666409
vt 0.152141 0.693418
vt 0.166679 0.693393
vt 0.166678 0.901621
vt 0.152141 0.901647
vt 0.108529 0.693323
vt 0.123066 0.693351
vt 0.123066 0.901580
vt 0.108529 0.901552
vt 0.137603 0.693390
vt 0.137603 0.901619
vt 0.181216 0.693358
vt 0.195754 0.693333
vt 0.195754 0.901561
vt 0.181216 0.901587
vt 0.123066 0.566269
vt 0.137603 0.566260
vt 0.137603 0.647359
vt 0.123066 0.647415
vt 0.829560 0.799876
vt 0.829555 0.780524
vt 0.837934 0.770836
vt 0.846325 0.780519
vt 0.846325 0.799890
vt 0.837940 0.809559
vt 0.638587 0.870950
vt 0.638587 0.883070
vt 0.632126 0.884928
vt 0.625674 0.874671
vt 0.625678 0.862566
vt 0.632131 0.860702
vt 0.181216 0.525719
vt 0.166679 0.525737
vt 0.166679 0.485164
vt 0.181216 0.485130
vt 0.181216 0.647486
vt 0.166679 0.647453
vt 0.166679 0.566309
vt 0.181216 0.566308
vt 0.152141 0.647559
vt 0.152141 0.566375
vt 0.123066 0.525696
vt 0.108529 0.525664
vt 0.108529 0.485094
vt 0.123066 0.485123
vt 0.137603 0.525711
vt 0.108529 0.647373
vt 0.108529 0.566234
vt 0.152141 0.525782
vt 0.137603 0.485161
vt 0.152141 0.485190
vt 0.195754 0.525674
vt 0.195754 0.485104
vt 0.195754 0.647383
vt 0.195754 0.566243
vt 0.631244 0.784869
vt 0.616535 0.784838
vt 0.542988 0.784857
vt 0.715845 0.338031
vt 0.700789 0.338063
vt 0.700789 -0.093243
vt 0.715845 -0.093275
vt 0.761011 0.338150
vt 0.745956 0.338114
vt 0.745956 -0.093193
vt 0.761011 -0.093156
vt 0.730901 0.338068
vt 0.730901 -0.093239
vt 0.685734 0.338103
vt 0.670678 0.338134
vt 0.670678 -0.093172
vt 0.685734 -0.093204
vt 0.134974 0.716332
vt 0.134968 0.696980
vt 0.143348 0.687291
vt 0.151738 0.696974
vt 0.151738 0.716345
vt 0.143353 0.726014
vt 0.511881 0.584529
vt 0.511881 0.596649
vt 0.505420 0.598507
vt 0.498967 0.588250
vt 0.498972 0.576145
vt 0.505424 0.574281
vt 0.727467 0.259759
vt 0.697397 0.224284
vt 0.607779 0.224284
vt 0.568991 0.258863
vt 0.597755 0.293051
vt 0.679518 0.299915
vt 0.615794 0.555336
vt 0.565981 0.604944
vt 0.634253 0.650887
vt 0.721001 0.652062
vt 0.766675 0.608766
vt 0.707580 0.555336
vt 0.686484 0.631733
vt 0.658936 0.631811
vt 0.658885 0.307836
vt 0.687297 0.307468
vt 0.631688 1.110915
vt 0.610271 1.112566
vt 0.609556 0.631779
vt 0.633933 0.631835
vt 0.656265 1.111253
vt 0.584664 0.307531
vt 0.584619 0.631743
vt 0.531956 0.631815
vt 0.533226 0.307527
vt 0.558258 0.307301
vt 0.609171 0.307068
vt 0.633251 0.308179
vt 0.587184 1.111390
vt 0.539146 1.112147
vt 0.079883 0.532021
vt 0.055027 0.532075
vt 0.057470 0.066893
vt 0.081966 0.067366
vt 0.683522 1.112304
vt 0.148169 0.859485
vt 0.124868 0.859050
vt 0.125771 0.532912
vt 0.148535 0.532432
vt 0.079903 0.859771
vt 0.055677 0.859725
vt 0.032113 0.859429
vt 0.030652 0.532494
vt 0.038005 1.138429
vt 0.058468 1.138309
vt 0.123252 1.137294
vt 0.103524 1.138815
vt 0.102667 0.859754
vt 0.103063 0.532104
vt 0.145892 1.137605
vt 0.173609 0.859378
vt 0.171000 1.138574
vt 0.082257 1.137731
vt 0.036644 0.066591
vt 0.103206 0.065962
vt 0.123069 0.067283
vt 0.145257 0.067014
vt 0.170529 0.066543
vt 0.173848 0.532394
vt 0.686484 0.631733
vt 0.687297 0.307468
vt 0.658885 0.307836
vt 0.658936 0.631811
vt 0.631688 1.110915
vt 0.633933 0.631835
vt 0.609556 0.631779
vt 0.610271 1.112566
vt 0.656265 1.111253
vt 0.584664 0.307531
vt 0.558258 0.307301
vt 0.533226 0.307527
vt 0.531956 0.631815
vt 0.584619 0.631743
vt 0.609171 0.307068
vt 0.633251 0.308179
vt 0.587184 1.111390
vt 0.539146 1.112147
vt 0.079883 0.532021
vt 0.081966 0.067366
vt 0.057470 0.066893
vt 0.055027 0.532075
vt 0.683522 1.112304
vt 0.148169 0.859485
vt 0.148535 0.532432
vt 0.125771 0.532912
vt 0.124868 0.859050
vt 0.030652 0.532494
vt 0.032113 0.859429
vt 0.055677 0.859725
vt 0.079903 0.859771
vt 0.038005 1.138429
vt 0.058468 1.138309
vt 0.102667 0.859754
vt 0.103524 1.138815
vt 0.123252 1.137294
vt 0.103063 0.532104
vt 0.145892 1.137605
vt 0.171000 1.138574
vt 0.173609 0.859378
vt 0.082257 1.137731
vt 0.036644 0.066591
vt 0.123069 0.067283
vt 0.103206 0.065962
vt 0.145257 0.067014
vt 0.170529 0.066543
vt 0.173848 0.532394
vt 0.642232 0.111130
vt 0.627360 0.111159
vt 0.627360 -0.101862
vt 0.642232 -0.101891
vt 0.686847 0.111240
vt 0.671975 0.111207
vt 0.671975 -0.101814
vt 0.686847 -0.101781
vt 0.657104 0.111163
vt 0.657104 -0.101858
vt 0.612488 0.111197
vt 0.597616 0.111226
vt 0.597616 -0.101794
vt 0.612488 -0.101824
vt 0.657104 0.324184
vt 0.642232 0.324150
vt 0.627360 0.324180
vt 0.612488 0.324218
vt 0.047037 0.845184
vt 0.047037 0.864535
vt 0.038655 0.874223
vt 0.030267 0.864539
vt 0.030273 0.845167
vt 0.038660 0.835500
vt 0.046198 0.872330
vt 0.046198 0.884451
vt 0.039736 0.886308
vt 0.033284 0.876051
vt 0.033288 0.863945
vt 0.039741 0.862083
vt 0.597616 0.324247
vt 0.671975 0.324227
vt 0.686847 0.324261
vt 0.534535 0.601737
vt 0.534535 0.391046
vt 0.519826 0.391074
vt 0.519826 0.601765
vt 0.578663 0.601841
vt 0.578663 0.391150
vt 0.563954 0.391118
vt 0.563954 0.601810
vt 0.549245 0.391077
vt 0.549245 0.601768
vt 0.505117 0.601801
vt 0.505117 0.391110
vt 0.490407 0.391138
vt 0.490407 0.601829
vt 0.549245 0.707114
vt 0.534535 0.707083
vt 0.534535 0.812429
vt 0.549244 0.812460
vt 0.519826 0.707111
vt 0.505117 0.707147
vt 0.505116 0.812492
vt 0.519826 0.812456
vt 0.134974 0.833445
vt 0.143353 0.843129
vt 0.151738 0.833463
vt 0.151738 0.814092
vt 0.143348 0.804407
vt 0.134968 0.814093
vt 0.568118 0.584529
vt 0.561661 0.574281
vt 0.555209 0.576145
vt 0.555204 0.588250
vt 0.561657 0.598507
vt 0.568118 0.596649
vt 0.637316 0.352705
vt 0.652018 0.352736
vt 0.652018 0.142149
vt 0.637316 0.142118
vt 0.593210 0.352661
vt 0.607913 0.352633
vt 0.607913 0.142046
vt 0.593210 0.142074
vt 0.671980 0.810645
vt 0.680360 0.820327
vt 0.688745 0.810658
vt 0.688745 0.791287
vt 0.680354 0.781605
vt 0.671974 0.791293
vt 0.541510 0.584529
vt 0.535053 0.574281
vt 0.528601 0.576145
vt 0.528596 0.588250
vt 0.535049 0.598507
vt 0.541510 0.596649
vt 0.636930 0.892303
vt 0.636930 1.100532
vt 0.651467 1.100506
vt 0.651467 0.892278
vt 0.593318 0.892208
vt 0.593318 1.100437
vt 0.607855 1.100465
vt 0.607855 0.892236
vt 0.622392 1.100504
vt 0.622392 0.892275
vt 0.666005 0.892243
vt 0.666005 1.100472
vt 0.680542 1.100446
vt 0.680542 0.892218
vt 0.041318 0.864537
vt 0.049697 0.874220
vt 0.058082 0.864551
vt 0.058082 0.845180
vt 0.049692 0.835497
vt 0.041312 0.845186
vt 0.612464 0.584529
vt 0.606007 0.574281
vt 0.599555 0.576145
vt 0.599550 0.588250
vt 0.606003 0.598508
vt 0.612464 0.596649
vt 0.555171 0.358887
vt 0.555171 0.145866
vt 0.540298 0.145896
vt 0.540298 0.358917
vt 0.599786 0.358998
vt 0.599786 0.145977
vt 0.584914 0.145943
vt 0.584914 0.358964
vt 0.570042 0.145900
vt 0.570042 0.358921
vt 0.525427 0.358954
vt 0.525427 0.145934
vt 0.510554 0.145963
vt 0.510555 0.358984
vt 0.555171 0.571908
vt 0.570043 0.571941
vt 0.525427 0.571975
vt 0.540299 0.571937
vt 0.134974 0.856870
vt 0.143353 0.866552
vt 0.151738 0.856884
vt 0.151738 0.837513
vt 0.143348 0.827830
vt 0.134968 0.837518
vt 0.843310 0.876455
vt 0.836853 0.866207
vt 0.830400 0.868070
vt 0.830395 0.880175
vt 0.836848 0.890432
vt 0.843310 0.888575
vt 0.715845 0.827775
vt 0.715845 0.396468
vt 0.700789 0.396500
vt 0.700789 0.827806
vt 0.761011 0.827893
vt 0.761011 0.396587
vt 0.745956 0.396550
vt 0.745956 0.827857
vt 0.730901 0.396504
vt 0.730901 0.827811
vt 0.685734 0.827846
vt 0.685734 0.396539
vt 0.670678 0.396571
vt 0.670678 0.827877
vt 0.134974 0.669486
vt 0.143353 0.679168
vt 0.151738 0.669499
vt 0.151738 0.650128
vt 0.143348 0.640445
vt 0.134968 0.650134
vt 0.494143 0.584529
vt 0.487686 0.574281
vt 0.481233 0.576145
vt 0.481229 0.588250
vt 0.487682 0.598507
vt 0.494143 0.596649
vt 0.585599 0.866092
vt 0.585599 1.074321
vt 0.600137 1.074295
vt 0.600137 0.866066
vt 0.541987 0.865997
vt 0.541987 1.074225
vt 0.556525 1.074254
vt 0.556525 0.866025
vt 0.571062 1.074292
vt 0.571062 0.866064
vt 0.614675 0.866032
vt 0.614675 1.074261
vt 0.629212 1.074235
vt 0.629212 0.866006
vt 0.614675 0.657803
vt 0.614675 0.809409
vt 0.629212 0.809315
vt 0.629212 0.657778
vt 0.541987 0.657768
vt 0.541987 0.809305
vt 0.556525 0.809345
vt 0.556525 0.657796
vt 0.829560 0.776453
vt 0.837940 0.786136
vt 0.846325 0.776467
vt 0.846325 0.757096
vt 0.837934 0.747413
vt 0.829555 0.757101
vt 0.024110 0.872330
vt 0.017653 0.862083
vt 0.011201 0.863946
vt 0.011196 0.876052
vt 0.017649 0.886309
vt 0.024110 0.884451
vt 0.622615 0.352664
vt 0.622615 0.142077
vt 0.563806 0.352724
vt 0.578508 0.352697
vt 0.578508 0.142110
vt 0.563806 0.142138
vt 0.578508 0.563283
vt 0.593210 0.563247
vt 0.490407 0.707174
vt 0.563954 0.707155
vt 0.578663 0.707186
vt 0.510555 0.572005
vt 0.584914 0.571985
vt 0.599786 0.572019
vt 0.585599 0.657863
vt 0.585599 0.809478
vt 0.600137 0.809385
vt 0.600137 0.657838
vt 0.563806 0.563311
vt 0.607912 0.563220
vt 0.622615 0.563251
vt 0.637316 0.563292
vt 0.652018 0.563323
vt 0.666005 0.788129
vt 0.680542 0.788103
vt 0.607855 0.788122
vt 0.622392 0.788161
vt 0.593318 0.788094
vt 0.636930 0.788189
vt 0.651468 0.788163
vt 0.636930 0.736132
vt 0.651467 0.736106
vt 0.593318 0.736036
vt 0.607855 0.736065
vt 0.622392 0.736104
vt 0.666005 0.736072
vt 0.680542 0.736046
vt 0.556525 0.820089
vt 0.541987 0.820046
vt 0.571062 0.809308
vt 0.571062 0.657835
vt 0.600137 0.820127
vt 0.585599 0.820233
vt 0.629212 0.820056
vt 0.614675 0.820160
vt 0.571062 0.820033
vt 0.651468 0.693221
vt 0.666005 0.693227
vt 0.666005 0.684015
vt 0.651468 0.684049
vt 0.593318 0.683979
vt 0.593318 0.693206
vt 0.607855 0.693214
vt 0.607855 0.684008
vt 0.636930 0.684075
vt 0.636930 0.693234
vt 0.680542 0.693216
vt 0.680542 0.683989
vt 0.622392 0.693222
vt 0.622392 0.684046
vt 0.578663 0.812532
vt 0.563954 0.812501
vt 0.490407 0.812520
vt 0.587117 0.574074
vt 0.572407 0.574102
vt 0.572407 0.363411
vt 0.587117 0.363383
vt 0.631244 0.574178
vt 0.616535 0.574147
vt 0.616535 0.363456
vt 0.631244 0.363487
vt 0.601826 0.574106
vt 0.601826 0.363414
vt 0.557698 0.574138
vt 0.542988 0.574166
vt 0.542988 0.363475
vt 0.557698 0.363447
vt 0.601826 0.679451
vt 0.601826 0.784797
vt 0.587117 0.784766
vt 0.587117 0.679420
vt 0.572407 0.679448
vt 0.572407 0.784793
vt 0.557698 0.784829
vt 0.557698 0.679484
vt 0.671980 0.834066
vt 0.671974 0.814714
vt 0.680354 0.805028
vt 0.688745 0.814712
vt 0.688745 0.834084
vt 0.680360 0.843750
vt 0.576987 0.584529
vt 0.576987 0.596649
vt 0.570526 0.598507
vt 0.564073 0.588250
vt 0.564078 0.576145
vt 0.570530 0.574281
vt 0.077858 0.722145
vt 0.062986 0.722175
vt 0.062986 0.509154
vt 0.077858 0.509125
vt 0.122474 0.722256
vt 0.107602 0.722223
vt 0.107602 0.509202
vt 0.122474 0.509235
vt 0.092730 0.722179
vt 0.092730 0.509158
vt 0.048114 0.722213
vt 0.033242 0.722242
vt 0.033242 0.509221
vt 0.048114 0.509192
vt 0.092730 0.935200
vt 0.077858 0.935166
vt 0.062986 0.935196
vt 0.048114 0.935234
vt 0.013906 0.845184
vt 0.013906 0.864535
vt 0.005524 0.874223
vt -0.002864 0.864539
vt -0.002859 0.845167
vt 0.005529 0.835500
vt 0.805527 0.876105
vt 0.805527 0.888225
vt 0.799065 0.890082
vt 0.792612 0.879825
vt 0.792617 0.867719
vt 0.799070 0.865857
vt 0.719218 0.589401
vt 0.719218 0.378814
vt 0.733920 0.378845
vt 0.733920 0.589432
vt 0.675113 0.589357
vt 0.675113 0.378770
vt 0.689815 0.378742
vt 0.689815 0.589329
vt 0.134974 0.810024
vt 0.134968 0.790672
vt 0.143348 0.780984
vt 0.151738 0.790666
vt 0.151738 0.810037
vt 0.143353 0.819706
vt 0.603595 0.584529
vt 0.603595 0.596649
vt 0.597133 0.598507
vt 0.590681 0.588250
vt 0.590685 0.576145
vt 0.597138 0.574281
vt 0.226367 0.874666
vt 0.240905 0.874640
vt 0.240904 1.082869
vt 0.226367 1.082895
vt 0.182755 0.874570
vt 0.197292 0.874599
vt 0.197292 1.082828
vt 0.182755 1.082799
vt 0.211829 0.874637
vt 0.211829 1.082866
vt 0.255442 0.874606
vt 0.269980 0.874580
vt 0.269980 1.082809
vt 0.255442 1.082835
vt 0.671980 0.857490
vt 0.671974 0.838139
vt 0.680354 0.828451
vt 0.688744 0.838133
vt 0.688744 0.857505
vt 0.680359 0.867173
vt 0.639021 0.628290
vt 0.639021 0.640411
vt 0.632560 0.642269
vt 0.626108 0.632012
vt 0.626112 0.619906
vt 0.632564 0.618043
vt 0.025953 0.722145
vt 0.011081 0.722175
vt 0.011081 0.509154
vt 0.025953 0.509125
vt 0.070568 0.722256
vt 0.055696 0.722223
vt 0.055696 0.509202
vt 0.070568 0.509235
vt 0.040825 0.722179
vt 0.040825 0.509158
vt -0.003791 0.722213
vt -0.018663 0.722242
vt -0.018663 0.509221
vt -0.003791 0.509192
vt 0.040825 0.935200
vt 0.025953 0.935166
vt 0.011081 0.935196
vt -0.003791 0.935234
vt 0.602751 0.850497
vt 0.602745 0.831145
vt 0.611125 0.821457
vt 0.619515 0.831140
vt 0.619515 0.850511
vt 0.611130 0.860180
vt 0.826326 0.876105
vt 0.826326 0.888225
vt 0.819865 0.890082
vt 0.813412 0.879825
vt 0.813416 0.867720
vt 0.819869 0.865857
vt 0.692167 0.370577
vt 0.706705 0.370551
vt 0.706705 0.578780
vt 0.692167 0.578806
vt 0.648555 0.370482
vt 0.663092 0.370510
vt 0.663092 0.578739
vt 0.648555 0.578710
vt 0.677629 0.370549
vt 0.677629 0.578777
vt 0.721242 0.370517
vt 0.735780 0.370491
vt 0.735780 0.578720
vt 0.721242 0.578746
vt 0.721242 0.162288
vt 0.735780 0.162263
vt 0.735780 0.313800
vt 0.721242 0.313894
vt 0.648555 0.162253
vt 0.663092 0.162281
vt 0.663092 0.313830
vt 0.648555 0.313790
vt 0.591707 0.850497
vt 0.591701 0.831145
vt 0.600081 0.821457
vt 0.608472 0.831140
vt 0.608472 0.850511
vt 0.600087 0.860180
vt 0.097866 0.870846
vt 0.097866 0.882967
vt 0.091405 0.884825
vt 0.084953 0.874568
vt 0.084957 0.862463
vt 0.091409 0.860599
vt 0.704517 0.589360
vt 0.704517 0.378773
vt 0.645709 0.589420
vt 0.645709 0.378834
vt 0.660411 0.378806
vt 0.660411 0.589393
vt 0.675113 0.799943
vt 0.660411 0.799979
vt 0.542988 0.679512
vt 0.616535 0.679492
vt 0.631244 0.679523
vt -0.018663 0.935263
vt 0.055696 0.935243
vt 0.070568 0.935277
vt 0.692167 0.162348
vt 0.706705 0.162323
vt 0.706705 0.313870
vt 0.692167 0.313963
vt 0.645708 0.800007
vt 0.689815 0.799916
vt 0.704517 0.799947
vt 0.719219 0.799988
vt 0.733920 0.800019
vt 0.255442 0.770492
vt 0.269980 0.770466
vt 0.197292 0.770485
vt 0.211829 0.770523
vt 0.182755 0.770456
vt 0.226367 0.770552
vt 0.240905 0.770526
vt 0.033242 0.935263
vt 0.107602 0.935243
vt 0.122474 0.935277
vt 0.226367 0.718495
vt 0.240905 0.718469
vt 0.182755 0.718399
vt 0.197292 0.718427
vt 0.211829 0.718466
vt 0.255442 0.718434
vt 0.269980 0.718409
vt 0.663092 0.324574
vt 0.648555 0.324531
vt 0.677629 0.313793
vt 0.677629 0.162320
vt 0.706705 0.324612
vt 0.692167 0.324718
vt 0.735780 0.324541
vt 0.721242 0.324645
vt 0.677629 0.324518
vt 0.240905 0.675584
vt 0.240905 0.666412
vt 0.255442 0.666377
vt 0.255442 0.675590
vt 0.182755 0.666342
vt 0.197292 0.666370
vt 0.197292 0.675576
vt 0.182755 0.675568
vt 0.592113 0.556234
vt 0.592049 0.585309
vt 0.579035 0.585310
vt 0.579098 0.556235
vt 0.605127 0.556232
vt 0.605063 0.585307
vt 0.592076 0.599846
vt 0.579062 0.599848
vt 0.592140 0.541696
vt 0.579125 0.541698
vt 0.605154 0.628920
vt 0.592140 0.628921
vt 0.605091 0.599845
vt 0.226367 0.666437
vt 0.226367 0.675597
vt 0.605154 0.541695
vt 0.739504 0.485432
vt 0.755086 0.485432
vt 0.755086 0.489930
vt 0.739504 0.489930
vt 0.579125 0.628923
vt 0.269980 0.666352
vt 0.269980 0.675578
vt 0.211829 0.675585
vt 0.211829 0.666409
vt 0.152141 0.693418
vt 0.166679 0.693393
vt 0.166678 0.901621
vt 0.152141 0.901647
vt 0.108529 0.693323
vt 0.123066 0.693351
vt 0.123066 0.901580
vt 0.108529 0.901552
vt 0.137603 0.693390
vt 0.137603 0.901619
vt 0.181216 0.693358
vt 0.195754 0.693333
vt 0.195754 0.901561
vt 0.181216 0.901587
vt 0.123066 0.566269
vt 0.137603 0.566260
vt 0.137603 0.647359
vt 0.123066 0.647415
vt 0.829560 0.799876
vt 0.829555 0.780524
vt 0.837934 0.770836
vt 0.846325 0.780519
vt 0.846325 0.799890
vt 0.837940 0.809559
vt 0.638587 0.870950
vt 0.638587 0.883070
vt 0.632126 0.884928
vt 0.625674 0.874671
vt 0.625678 0.862566
vt 0.632131 0.860702
vt 0.181216 0.647486
vt 0.166679 0.647453
vt 0.166679 0.566309
vt 0.181216 0.566308
vt 0.152141 0.647559
vt 0.152141 0.566375
vt 0.166679 0.485164
vt 0.181216 0.485130
vt 0.108529 0.566234
vt 0.108529 0.485094
vt 0.123066 0.485123
vt 0.108529 0.647373
vt 0.137603 0.485161
vt 0.152141 0.485190
vt 0.195754 0.647383
vt 0.195754 0.566243
vt 0.195754 0.485104
vt 0.631244 0.784869
vt 0.616535 0.784838
vt 0.542988 0.784857
vt 0.715845 0.338031
vt 0.700789 0.338063
vt 0.700789 -0.093243
vt 0.715845 -0.093275
vt 0.761011 0.338150
vt 0.745956 0.338114
vt 0.745956 -0.093193
vt 0.761011 -0.093156
vt 0.730901 0.338068
vt 0.730901 -0.093239
vt 0.685734 0.338103
vt 0.670678 0.338134
vt 0.670678 -0.093172
vt 0.685734 -0.093204
vt 0.134974 0.716332
vt 0.134968 0.696980
vt 0.143348 0.687291
vt 0.151738 0.696974
vt 0.151738 0.716345
vt 0.143353 0.726014
vt 0.511881 0.584529
vt 0.511881 0.596649
vt 0.505420 0.598507
vt 0.498967 0.588250
vt 0.498972 0.576145
vt 0.505424 0.574281
vt 0.587117 0.574074
vt 0.572407 0.574102
vt 0.572407 0.363411
vt 0.587117 0.363383
vt 0.631244 0.574178
vt 0.616535 0.574147
vt 0.616535 0.363456
vt 0.631244 0.363487
vt 0.601826 0.574106
vt 0.601826 0.363414
vt 0.557698 0.574138
vt 0.542988 0.574166
vt 0.542988 0.363475
vt 0.557698 0.363447
vt 0.601826 0.679451
vt 0.601826 0.784797
vt 0.587117 0.784766
vt 0.587117 0.679420
vt 0.572407 0.679448
vt 0.572407 0.784793
vt 0.557698 0.784829
vt 0.557698 0.679484
vt 0.671980 0.834066
vt 0.671974 0.814714
vt 0.680354 0.805028
vt 0.688745 0.814712
vt 0.688745 0.834084
vt 0.680360 0.843750
vt 0.576987 0.584529
vt 0.576987 0.596649
vt 0.570526 0.598507
vt 0.564073 0.588250
vt 0.564078 0.576145
vt 0.570530 0.574281
vt 0.077858 0.722145
vt 0.062986 0.722175
vt 0.062986 0.509154
vt 0.077858 0.509125
vt 0.122474 0.722256
vt 0.107602 0.722223
vt 0.107602 0.509202
vt 0.122474 0.509235
vt 0.092730 0.722179
vt 0.092730 0.509158
vt 0.048114 0.722213
vt 0.033242 0.722242
vt 0.033242 0.509221
vt 0.048114 0.509192
vt 0.092730 0.935200
vt 0.077858 0.935166
vt 0.062986 0.935196
vt 0.048114 0.935234
vt 0.013906 0.845184
vt 0.013906 0.864535
vt 0.005524 0.874223
vt -0.002864 0.864539
vt -0.002859 0.845167
vt 0.005529 0.835500
vt 0.805527 0.876105
vt 0.805527 0.888225
vt 0.799065 0.890082
vt 0.792612 0.879825
vt 0.792617 0.867719
vt 0.799070 0.865857
vt 0.719218 0.589401
vt 0.719218 0.378814
vt 0.733920 0.378845
vt 0.733920 0.589432
vt 0.675113 0.589357
vt 0.675113 0.378770
vt 0.689815 0.378742
vt 0.689815 0.589329
vt 0.134974 0.810024
vt 0.134968 0.790672
vt 0.143348 0.780984
vt 0.151738 0.790666
vt 0.151738 0.810037
vt 0.143353 0.819706
vt 0.603595 0.584529
vt 0.603595 0.596649
vt 0.597133 0.598507
vt 0.590681 0.588250
vt 0.590685 0.576145
vt 0.597138 0.574281
vt 0.226367 0.874666
vt 0.240905 0.874640
vt 0.240904 1.082869
vt 0.226367 1.082895
vt 0.182755 0.874570
vt 0.197292 0.874599
vt 0.197292 1.082828
vt 0.182755 1.082799
vt 0.211829 0.874637
vt 0.211829 1.082866
vt 0.255442 0.874606
vt 0.269980 0.874580
vt 0.269980 1.082809
vt 0.255442 1.082835
vt 0.671980 0.857490
vt 0.671974 0.838139
vt 0.680354 0.828451
vt 0.688744 0.838133
vt 0.688744 0.857505
vt 0.680359 0.867173
vt 0.639021 0.628290
vt 0.639021 0.640411
vt 0.632560 0.642269
vt 0.626108 0.632012
vt 0.626112 0.619906
vt 0.632564 0.618043
vt 0.025953 0.722145
vt 0.011081 0.722175
vt 0.011081 0.509154
vt 0.025953 0.509125
vt 0.070568 0.722256
vt 0.055696 0.722223
vt 0.055696 0.509202
vt 0.070568 0.509235
vt 0.040825 0.722179
vt 0.040825 0.509158
vt -0.003791 0.722213
vt -0.018663 0.722242
vt -0.018663 0.509221
vt -0.003791 0.509192
vt 0.040825 0.935200
vt 0.025953 0.935166
vt 0.011081 0.935196
vt -0.003791 0.935234
vt 0.602751 0.850497
vt 0.602745 0.831145
vt 0.611125 0.821457
vt 0.619515 0.831140
vt 0.619515 0.850511
vt 0.611130 0.860180
vt 0.826326 0.876105
vt 0.826326 0.888225
vt 0.819865 0.890082
vt 0.813412 0.879825
vt 0.813416 0.867720
vt 0.819869 0.865857
vt 0.692167 0.370577
vt 0.706705 0.370551
vt 0.706705 0.578780
vt 0.692167 0.578806
vt 0.648555 0.370482
vt 0.663092 0.370510
vt 0.663092 0.578739
vt 0.648555 0.578710
vt 0.677629 0.370549
vt 0.677629 0.578777
vt 0.721242 0.370517
vt 0.735780 0.370491
vt 0.735780 0.578720
vt 0.721242 0.578746
vt 0.721242 0.162288
vt 0.735780 0.162263
vt 0.735780 0.313800
vt 0.721242 0.313894
vt 0.648555 0.162253
vt 0.663092 0.162281
vt 0.663092 0.313830
vt 0.648555 0.313790
vt 0.591707 0.850497
vt 0.591701 0.831145
vt 0.600081 0.821457
vt 0.608472 0.831140
vt 0.608472 0.850511
vt 0.600087 0.860180
vt 0.097866 0.870846
vt 0.097866 0.882967
vt 0.091405 0.884825
vt 0.084953 0.874568
vt 0.084957 0.862463
vt 0.091409 0.860599
vt 0.704517 0.589360
vt 0.704517 0.378773
vt 0.645709 0.589420
vt 0.645709 0.378834
vt 0.660411 0.378806
vt 0.660411 0.589393
vt 0.675113 0.799943
vt 0.660411 0.799979
vt 0.542988 0.679512
vt 0.616535 0.679492
vt 0.631244 0.679523
vt -0.018663 0.935263
vt 0.055696 0.935243
vt 0.070568 0.935277
vt 0.692167 0.162348
vt 0.706705 0.162323
vt 0.706705 0.313870
vt 0.692167 0.313963
vt 0.645708 0.800007
vt 0.689815 0.799916
vt 0.704517 0.799947
vt 0.719219 0.799988
vt 0.733920 0.800019
vt 0.255442 0.770492
vt 0.269980 0.770466
vt 0.197292 0.770485
vt 0.211829 0.770523
vt 0.182755 0.770456
vt 0.226367 0.770552
vt 0.240905 0.770526
vt 0.033242 0.935263
vt 0.107602 0.935243
vt 0.122474 0.935277
vt 0.226367 0.718495
vt 0.240905 0.718469
vt 0.182755 0.718399
vt 0.197292 0.718427
vt 0.211829 0.718466
vt 0.255442 0.718434
vt 0.269980 0.718409
vt 0.663092 0.324574
vt 0.648555 0.324531
vt 0.677629 0.313793
vt 0.677629 0.162320
vt 0.706705 0.324612
vt 0.692167 0.324718
vt 0.735780 0.324541
vt 0.721242 0.324645
vt 0.677629 0.324518
vt 0.240905 0.675584
vt 0.240905 0.666412
vt 0.255442 0.666377
vt 0.255442 0.675590
vt 0.182755 0.666342
vt 0.197292 0.666370
vt 0.197292 0.675576
vt 0.182755 0.675568
vt 0.592113 0.556234
vt 0.592049 0.585309
vt 0.579035 0.585310
vt 0.579098 0.556235
vt 0.605127 0.556232
vt 0.605063 0.585307
vt 0.592076 0.599846
vt 0.579062 0.599848
vt 0.592140 0.541696
vt 0.579125 0.541698
vt 0.614630 0.542282
vt 0.614566 0.571357
vt 0.601551 0.571358
vt 0.601615 0.542284
vt 0.605154 0.628920
vt 0.592140 0.628921
vt 0.605091 0.599845
vt 0.226367 0.666437
vt 0.226367 0.675597
vt 0.614656 0.527745
vt 0.601642 0.527746
vt 0.614593 0.585895
vt 0.601579 0.585896
vt 0.605154 0.541695
vt 0.627671 0.614968
vt 0.614656 0.614969
vt 0.627607 0.585893
vt 0.627644 0.542281
vt 0.627580 0.571355
vt 0.739504 0.485432
vt 0.755086 0.485432
vt 0.755086 0.489930
vt 0.739504 0.489930
vt 0.579125 0.628923
vt 0.627671 0.527743
vt 0.749878 0.485432
vt 0.765460 0.485432
vt 0.765460 0.489930
vt 0.749878 0.489930
vt 0.601642 0.614971
vt 0.269980 0.666352
vt 0.269980 0.675578
vt 0.211829 0.675585
vt 0.211829 0.666409
vt 0.152141 0.693418
vt 0.166679 0.693393
vt 0.166678 0.901621
vt 0.152141 0.901647
vt 0.108529 0.693323
vt 0.123066 0.693351
vt 0.123066 0.901580
vt 0.108529 0.901552
vt 0.137603 0.693390
vt 0.137603 0.901619
vt 0.181216 0.693358
vt 0.195754 0.693333
vt 0.195754 0.901561
vt 0.181216 0.901587
vt 0.123066 0.647415
vt 0.108529 0.647373
vt 0.108529 0.485094
vt 0.123066 0.485123
vt 0.829560 0.799876
vt 0.829555 0.780524
vt 0.837934 0.770836
vt 0.846325 0.780519
vt 0.846325 0.799890
vt 0.837940 0.809559
vt 0.638587 0.870950
vt 0.638587 0.883070
vt 0.632126 0.884928
vt 0.625674 0.874671
vt 0.625678 0.862566
vt 0.632131 0.860702
vt 0.137603 0.485161
vt 0.137603 0.647359
vt 0.166679 0.647453
vt 0.152141 0.647559
vt 0.152141 0.485190
vt 0.181216 0.647486
vt 0.181216 0.485130
vt 0.195754 0.485104
vt 0.195754 0.647383
vt 0.166679 0.485164
vt 0.631244 0.784869
vt 0.616535 0.784838
vt 0.542988 0.784857
vt 0.715845 0.338031
vt 0.700789 0.338063
vt 0.700789 -0.093243
vt 0.715845 -0.093275
vt 0.761011 0.338150
vt 0.745956 0.338114
vt 0.745956 -0.093193
vt 0.761011 -0.093156
vt 0.730901 0.338068
vt 0.730901 -0.093239
vt 0.685734 0.338103
vt 0.670678 0.338134
vt 0.670678 -0.093172
vt 0.685734 -0.093204
vt 0.134974 0.716332
vt 0.134968 0.696980
vt 0.143348 0.687291
vt 0.151738 0.696974
vt 0.151738 0.716345
vt 0.143353 0.726014
vt 0.511881 0.584529
vt 0.511881 0.596649
vt 0.505420 0.598507
vt 0.498967 0.588250
vt 0.498972 0.576145
vt 0.505424 0.574281
vt 0.645084 0.223660
vt 0.604564 0.249695
vt 0.529830 0.222710
vt 0.560642 0.199867
vt 0.612544 0.199867
vt 0.529830 0.173810
vt 0.562432 0.150137
vt 0.614540 0.150137
vt 0.645563 0.172881
vt 0.570771 0.199836
vt 0.636930 0.892303
vt 0.651467 0.892278
vt 0.651467 1.100506
vt 0.636930 1.100532
vt 0.593318 0.892208
vt 0.607855 0.892236
vt 0.607855 1.100465
vt 0.593318 1.100437
vt 0.622392 0.892275
vt 0.622392 1.100504
vt 0.666005 0.892243
vt 0.680542 0.892218
vt 0.680542 1.100446
vt 0.666005 1.100472
vt 0.041318 0.864537
vt 0.041312 0.845186
vt 0.049692 0.835497
vt 0.058082 0.845180
vt 0.058082 0.864551
vt 0.049697 0.874220
vt 0.612464 0.584529
vt 0.612464 0.596649
vt 0.606003 0.598508
vt 0.599550 0.588250
vt 0.599555 0.576145
vt 0.606007 0.574281
vt 0.585599 0.866092
vt 0.600137 0.866066
vt 0.600137 1.074295
vt 0.585599 1.074321
vt 0.541987 0.865997
vt 0.556525 0.866025
vt 0.556525 1.074254
vt 0.541987 1.074225
vt 0.571062 0.866064
vt 0.571062 1.074292
vt 0.614675 0.866032
vt 0.629212 0.866006
vt 0.629212 1.074235
vt 0.614675 1.074261
vt 0.614675 0.820160
vt 0.600137 0.820127
vt 0.600137 0.657838
vt 0.614675 0.657803
vt 0.556525 0.657796
vt 0.571062 0.657835
vt 0.571062 0.820033
vt 0.556525 0.820089
vt 0.829560 0.776453
vt 0.829555 0.757101
vt 0.837934 0.747413
vt 0.846325 0.757096
vt 0.846325 0.776467
vt 0.837940 0.786136
vt 0.024110 0.872330
vt 0.024110 0.884451
vt 0.017649 0.886309
vt 0.011196 0.876052
vt 0.011201 0.863946
vt 0.017653 0.862083
vt 0.541987 0.820046
vt 0.541987 0.657768
vt 0.651468 0.684049
vt 0.666005 0.684015
vt 0.680542 0.683989
vt 0.622392 0.684046
vt 0.607855 0.684008
vt 0.593318 0.683979
vt 0.636930 0.684075
vt 0.585599 0.820233
vt 0.585599 0.657863
vt 0.629212 0.820056
vt 0.629212 0.657778
vt 0.226367 0.874666
vt 0.226367 1.082895
vt 0.240904 1.082869
vt 0.240905 0.874640
vt 0.182755 0.874570
vt 0.182755 1.082799
vt 0.197292 1.082828
vt 0.197292 0.874599
vt 0.211829 1.082866
vt 0.211829 0.874637
vt 0.255442 0.874606
vt 0.255442 1.082835
vt 0.269980 1.082809
vt 0.269980 0.874580
vt 0.671980 0.857490
vt 0.680359 0.867173
vt 0.688744 0.857505
vt 0.688744 0.838133
vt 0.680354 0.828451
vt 0.671974 0.838139
vt 0.639021 0.628290
vt 0.632564 0.618043
vt 0.626112 0.619906
vt 0.626108 0.632012
vt 0.632560 0.642269
vt 0.639021 0.640411
vt 0.255442 0.770492
vt 0.269980 0.770466
vt 0.197292 0.770485
vt 0.211829 0.770523
vt 0.182755 0.770456
vt 0.226367 0.770552
vt 0.240905 0.770526
vt 0.255442 0.675590
vt 0.240905 0.675584
vt 0.226367 0.675597
vt 0.197292 0.675576
vt 0.182755 0.675568
vt 0.211829 0.675585
vt 0.255442 0.666377
vt 0.240905 0.666412
vt 0.182755 0.666342
vt 0.197292 0.666370
vt 0.592113 0.556234
vt 0.579098 0.556235
vt 0.579035 0.585310
vt 0.592049 0.585309
vt 0.605127 0.556232
vt 0.605063 0.585307
vt 0.579062 0.599848
vt 0.592076 0.599846
vt 0.592140 0.541696
vt 0.579125 0.541698
vt 0.614630 0.542282
vt 0.601615 0.542284
vt 0.601551 0.571358
vt 0.614566 0.571357
vt 0.605154 0.628920
vt 0.605091 0.599845
vt 0.592140 0.628921
vt 0.226367 0.666437
vt 0.614656 0.527745
vt 0.601642 0.527746
vt 0.601579 0.585896
vt 0.614593 0.585895
vt 0.605154 0.541695
vt 0.627671 0.614968
vt 0.627607 0.585893
vt 0.614656 0.614969
vt 0.627644 0.542281
vt 0.627580 0.571355
vt 0.739504 0.485432
vt 0.739504 0.489930
vt 0.755086 0.489930
vt 0.755086 0.485432
vt 0.579125 0.628923
vt 0.627671 0.527743
vt 0.749878 0.485432
vt 0.749878 0.489930
vt 0.765460 0.489930
vt 0.765460 0.485432
vt 0.601642 0.614971
vt 0.269980 0.675578
vt 0.269980 0.666352
vt 0.211829 0.666409
vt 0.636930 0.892303
vt 0.636930 1.100532
vt 0.651467 1.100506
vt 0.651467 0.892278
vt 0.593318 0.892208
vt 0.593318 1.100437
vt 0.607855 1.100465
vt 0.607855 0.892236
vt 0.622392 1.100504
vt 0.622392 0.892275
vt 0.666005 0.892243
vt 0.666005 1.100472
vt 0.680542 1.100446
vt 0.680542 0.892218
vt 0.041318 0.864537
vt 0.049697 0.874220
vt 0.058082 0.864551
vt 0.058082 0.845180
vt 0.049692 0.835497
vt 0.041312 0.845186
vt 0.612464 0.584529
vt 0.606007 0.574281
vt 0.599555 0.576145
vt 0.599550 0.588250
vt 0.606003 0.598508
vt 0.612464 0.596649
vt 0.585599 0.866092
vt 0.585599 1.074321
vt 0.600137 1.074295
vt 0.600137 0.866066
vt 0.541987 0.865997
vt 0.541987 1.074225
vt 0.556525 1.074254
vt 0.556525 0.866025
vt 0.571062 1.074292
vt 0.571062 0.866064
vt 0.614675 0.866032
vt 0.614675 1.074261
vt 0.629212 1.074235
vt 0.629212 0.866006
vt 0.614675 0.820160
vt 0.614675 0.657803
vt 0.600137 0.657838
vt 0.600137 0.820127
vt 0.556525 0.657796
vt 0.556525 0.820089
vt 0.571062 0.820033
vt 0.571062 0.657835
vt 0.829560 0.776453
vt 0.837940 0.786136
vt 0.846325 0.776467
vt 0.846325 0.757096
vt 0.837934 0.747413
vt 0.829555 0.757101
vt 0.024110 0.872330
vt 0.017653 0.862083
vt 0.011201 0.863946
vt 0.011196 0.876052
vt 0.017649 0.886309
vt 0.024110 0.884451
vt 0.541987 0.657768
vt 0.541987 0.820046
vt 0.666005 0.684015
vt 0.651468 0.684049
vt 0.680542 0.683989
vt 0.622392 0.684046
vt 0.607855 0.684008
vt 0.593318 0.683979
vt 0.636930 0.684075
vt 0.585599 0.820233
vt 0.585599 0.657863
vt 0.629212 0.820056
vt 0.629212 0.657778
vt 0.226367 0.874666
vt 0.240905 0.874640
vt 0.240904 1.082869
vt 0.226367 1.082895
vt 0.182755 0.874570
vt 0.197292 0.874599
vt 0.197292 1.082828
vt 0.182755 1.082799
vt 0.211829 0.874637
vt 0.211829 1.082866
vt 0.255442 0.874606
vt 0.269980 0.874580
vt 0.269980 1.082809
vt 0.255442 1.082835
vt 0.671980 0.857490
vt 0.671974 0.838139
vt 0.680354 0.828451
vt 0.688744 0.838133
vt 0.688744 0.857505
vt 0.680359 0.867173
vt 0.639021 0.628290
vt 0.639021 0.640411
vt 0.632560 0.642269
vt 0.626108 0.632012
vt 0.626112 0.619906
vt 0.632564 0.618043
vt 0.240905 0.718469
vt 0.255442 0.718434
vt 0.269980 0.718409
vt 0.197292 0.718427
vt 0.211829 0.718466
vt 0.182755 0.718399
vt 0.226367 0.718495
vt 0.240905 0.675584
vt 0.240905 0.666412
vt 0.255442 0.666377
vt 0.255442 0.675590
vt 0.182755 0.666342
vt 0.197292 0.666370
vt 0.197292 0.675576
vt 0.182755 0.675568
vt 0.592113 0.556234
vt 0.592049 0.585309
vt 0.579035 0.585310
vt 0.579098 0.556235
vt 0.605127 0.556232
vt 0.605063 0.585307
vt 0.592076 0.599846
vt 0.579062 0.599848
vt 0.592140 0.541696
vt 0.579125 0.541698
vt 0.605154 0.628920
vt 0.592140 0.628921
vt 0.605091 0.599845
vt 0.226367 0.666437
vt 0.226367 0.675597
vt 0.605154 0.541695
vt 0.739504 0.485432
vt 0.755086 0.485432
vt 0.755086 0.489930
vt 0.739504 0.489930
vt 0.579125 0.628923
vt 0.269980 0.666352
vt 0.269980 0.675578
vt 0.211829 0.675585
vt 0.211829 0.666409
vt 0.226367 0.874666
vt 0.240905 0.874640
vt 0.240904 1.082869
vt 0.226367 1.082895
vt 0.182755 0.874570
vt 0.197292 0.874599
vt 0.197292 1.082828
vt 0.182755 1.082799
vt 0.211829 0.874637
vt 0.211829 1.082866
vt 0.255442 0.874606
vt 0.269980 0.874580
vt 0.269980 1.082809
vt 0.255442 1.082835
vt 0.671980 0.857490
vt 0.671974 0.838139
vt 0.680354 0.828451
vt 0.688744 0.838133
vt 0.688744 0.857505
vt 0.680359 0.867173
vt 0.639021 0.628290
vt 0.639021 0.640411
vt 0.632560 0.642269
vt 0.626108 0.632012
vt 0.626112 0.619906
vt 0.632564 0.618043
vt 0.240905 0.718469
vt 0.255442 0.718434
vt 0.269980 0.718409
vt 0.197292 0.718427
vt 0.211829 0.718466
vt 0.182755 0.718399
vt 0.226367 0.718495
vt 0.240905 0.675584
vt 0.240905 0.666412
vt 0.255442 0.666377
vt 0.255442 0.675590
vt 0.182755 0.666342
vt 0.197292 0.666370
vt 0.197292 0.675576
vt 0.182755 0.675568
vt 0.226367 0.666437
vt 0.226367 0.675597
vt 0.269980 0.666352
vt 0.269980 0.675578
vt 0.211829 0.675585
vt 0.211829 0.666409
vt 0.226367 0.874666
vt 0.226367 1.082895
vt 0.240904 1.082869
vt 0.240905 0.874640
vt 0.182755 0.874570
vt 0.182755 1.082799
vt 0.197292 1.082828
vt 0.197292 0.874599
vt 0.211829 1.082866
vt 0.211829 0.874637
vt 0.255442 0.874606
vt 0.255442 1.082835
vt 0.269980 1.082809
vt 0.269980 0.874580
vt 0.671980 0.857490
vt 0.680359 0.867173
vt 0.688744 0.857505
vt 0.688744 0.838133
vt 0.680354 0.828451
vt 0.671974 0.838139
vt 0.639021 0.628290
vt 0.632564 0.618043
vt 0.626112 0.619906
vt 0.626108 0.632012
vt 0.632560 0.642269
vt 0.639021 0.640411
vt 0.255442 0.770492
vt 0.269980 0.770466
vt 0.197292 0.770485
vt 0.211829 0.770523
vt 0.182755 0.770456
vt 0.226367 0.770552
vt 0.240905 0.770526
vt 0.255442 0.675590
vt 0.240905 0.675584
vt 0.226367 0.675597
vt 0.197292 0.675576
vt 0.182755 0.675568
vt 0.211829 0.675585
vt 0.255442 0.666377
vt 0.240905 0.666412
vt 0.182755 0.666342
vt 0.197292 0.666370
vt 0.226367 0.666437
vt 0.269980 0.675578
vt 0.269980 0.666352
vt 0.211829 0.666409
vt 0.226367 0.874666
vt 0.226367 1.082895
vt 0.240904 1.082869
vt 0.240905 0.874640
vt 0.182755 0.874570
vt 0.182755 1.082799
vt 0.197292 1.082828
vt 0.197292 0.874599
vt 0.211829 1.082866
vt 0.211829 0.874637
vt 0.255442 0.874606
vt 0.255442 1.082835
vt 0.269980 1.082809
vt 0.269980 0.874580
vt 0.671980 0.857490
vt 0.680359 0.867173
vt 0.688744 0.857505
vt 0.688744 0.838133
vt 0.680354 0.828451
vt 0.671974 0.838139
vt 0.639021 0.628290
vt 0.632564 0.618043
vt 0.626112 0.619906
vt 0.626108 0.632012
vt 0.632560 0.642269
vt 0.639021 0.640411
vt 0.255442 0.770492
vt 0.269980 0.770466
vt 0.197292 0.770485
vt 0.211829 0.770523
vt 0.182755 0.770456
vt 0.226367 0.770552
vt 0.240905 0.770526
vt 0.255442 0.675590
vt 0.240905 0.675584
vt 0.226367 0.675597
vt 0.197292 0.675576
vt 0.182755 0.675568
vt 0.211829 0.675585
vt 0.255442 0.666377
vt 0.240905 0.666412
vt 0.182755 0.666342
vt 0.197292 0.666370
vt 0.226367 0.666437
vt 0.269980 0.675578
vt 0.269980 0.666352
vt 0.211829 0.666409
vt 0.636930 0.892303
vt 0.651467 0.892278
vt 0.651467 1.100506
vt 0.636930 1.100532
vt 0.593318 0.892208
vt 0.607855 0.892236
vt 0.607855 1.100465
vt 0.593318 1.100437
vt 0.622392 0.892275
vt 0.622392 1.100504
vt 0.666005 0.892243
vt 0.680542 0.892218
vt 0.680542 1.100446
vt 0.666005 1.100472
vt 0.041318 0.864537
vt 0.041312 0.845186
vt 0.049692 0.835497
vt 0.058082 0.845180
vt 0.058082 0.864551
vt 0.049697 0.874220
vt 0.612464 0.584529
vt 0.612464 0.596649
vt 0.606003 0.598508
vt 0.599550 0.588250
vt 0.599555 0.576145
vt 0.606007 0.574281
vt 0.585599 0.866092
vt 0.600137 0.866066
vt 0.600137 1.074295
vt 0.585599 1.074321
vt 0.541987 0.865997
vt 0.556525 0.866025
vt 0.556525 1.074254
vt 0.541987 1.074225
vt 0.571062 0.866064
vt 0.571062 1.074292
vt 0.614675 0.866032
vt 0.629212 0.866006
vt 0.629212 1.074235
vt 0.614675 1.074261
vt 0.614675 0.820160
vt 0.600137 0.820127
vt 0.600137 0.657838
vt 0.614675 0.657803
vt 0.556525 0.657796
vt 0.571062 0.657835
vt 0.571062 0.820033
vt 0.556525 0.820089
vt 0.829560 0.776453
vt 0.829555 0.757101
vt 0.837934 0.747413
vt 0.846325 0.757096
vt 0.846325 0.776467
vt 0.837940 0.786136
vt 0.024110 0.872330
vt 0.024110 0.884451
vt 0.017649 0.886309
vt 0.011196 0.876052
vt 0.011201 0.863946
vt 0.017653 0.862083
vt 0.541987 0.820046
vt 0.541987 0.657768
vt 0.651468 0.684049
vt 0.666005 0.684015
vt 0.680542 0.683989
vt 0.622392 0.684046
vt 0.607855 0.684008
vt 0.593318 0.683979
vt 0.636930 0.684075
vt 0.585599 0.820233
vt 0.585599 0.657863
vt 0.629212 0.820056
vt 0.629212 0.657778
vt 0.226367 0.874666
vt 0.226367 1.082895
vt 0.240904 1.082869
vt 0.240905 0.874640
vt 0.182755 0.874570
vt 0.182755 1.082799
vt 0.197292 1.082828
vt 0.197292 0.874599
vt 0.211829 1.082866
vt 0.211829 0.874637
vt 0.255442 0.874606
vt 0.255442 1.082835
vt 0.269980 1.082809
vt 0.269980 0.874580
vt 0.671980 0.857490
vt 0.680359 0.867173
vt 0.688744 0.857505
vt 0.688744 0.838133
vt 0.680354 0.828451
vt 0.671974 0.838139
vt 0.639021 0.628290
vt 0.632564 0.618043
vt 0.626112 0.619906
vt 0.626108 0.632012
vt 0.632560 0.642269
vt 0.639021 0.640411
vt 0.255442 0.770492
vt 0.269980 0.770466
vt 0.197292 0.770485
vt 0.211829 0.770523
vt 0.182755 0.770456
vt 0.226367 0.770552
vt 0.240905 0.770526
vt 0.226367 0.666437
vt 0.211829 0.666409
vt 0.182755 0.666342
vt 0.197292 0.666370
vt 0.269980 0.666352
vt 0.255442 0.666377
vt 0.614630 0.542282
vt 0.601615 0.542284
vt 0.601551 0.571358
vt 0.614566 0.571357
vt 0.614656 0.527745
vt 0.601642 0.527746
vt 0.601579 0.585896
vt 0.614593 0.585895
vt 0.627671 0.614968
vt 0.627607 0.585893
vt 0.614656 0.614969
vt 0.627644 0.542281
vt 0.627580 0.571355
vt 0.627671 0.527743
vt 0.749878 0.485432
vt 0.749878 0.489930
vt 0.765460 0.489930
vt 0.765460 0.485432
vt 0.601642 0.614971
vt 0.240905 0.666412
vt 0.636930 0.892303
vt 0.636930 1.100532
vt 0.651467 1.100506
vt 0.651467 0.892278
vt 0.593318 0.892208
vt 0.593318 1.100437
vt 0.607855 1.100465
vt 0.607855 0.892236
vt 0.622392 1.100504
vt 0.622392 0.892275
vt 0.666005 0.892243
vt 0.666005 1.100472
vt 0.680542 1.100446
vt 0.680542 0.892218
vt 0.041318 0.864537
vt 0.049697 0.874220
vt 0.058082 0.864551
vt 0.058082 0.845180
vt 0.049692 0.835497
vt 0.041312 0.845186
vt 0.612464 0.584529
vt 0.606007 0.574281
vt 0.599555 0.576145
vt 0.599550 0.588250
vt 0.606003 0.598508
vt 0.612464 0.596649
vt 0.585599 0.866092
vt 0.585599 1.074321
vt 0.600137 1.074295
vt 0.600137 0.866066
vt 0.541987 0.865997
vt 0.541987 1.074225
vt 0.556525 1.074254
vt 0.556525 0.866025
vt 0.571062 1.074292
vt 0.571062 0.866064
vt 0.614675 0.866032
vt 0.614675 1.074261
vt 0.629212 1.074235
vt 0.629212 0.866006
vt 0.614675 0.820160
vt 0.614675 0.657803
vt 0.600137 0.657838
vt 0.600137 0.820127
vt 0.556525 0.657796
vt 0.556525 0.820089
vt 0.571062 0.820033
vt 0.571062 0.657835
vt 0.829560 0.776453
vt 0.837940 0.786136
vt 0.846325 0.776467
vt 0.846325 0.757096
vt 0.837934 0.747413
vt 0.829555 0.757101
vt 0.024110 0.872330
vt 0.017653 0.862083
vt 0.011201 0.863946
vt 0.011196 0.876052
vt 0.017649 0.886309
vt 0.024110 0.884451
vt 0.541987 0.657768
vt 0.541987 0.820046
vt 0.666005 0.684015
vt 0.651468 0.684049
vt 0.680542 0.683989
vt 0.622392 0.684046
vt 0.607855 0.684008
vt 0.593318 0.683979
vt 0.636930 0.684075
vt 0.585599 0.820233
vt 0.585599 0.657863
vt 0.629212 0.820056
vt 0.629212 0.657778
vt 0.226367 0.874666
vt 0.240905 0.874640
vt 0.240904 1.082869
vt 0.226367 1.082895
vt 0.182755 0.874570
vt 0.197292 0.874599
vt 0.197292 1.082828
vt 0.182755 1.082799
vt 0.211829 0.874637
vt 0.211829 1.082866
vt 0.255442 0.874606
vt 0.269980 0.874580
vt 0.269980 1.082809
vt 0.255442 1.082835
vt 0.671980 0.857490
vt 0.671974 0.838139
vt 0.680354 0.828451
vt 0.688744 0.838133
vt 0.688744 0.857505
vt 0.680359 0.867173
vt 0.639021 0.628290
vt 0.639021 0.640411
vt 0.632560 0.642269
vt 0.626108 0.632012
vt 0.626112 0.619906
vt 0.632564 0.618043
vt 0.240905 0.718469
vt 0.255442 0.718434
vt 0.269980 0.718409
vt 0.197292 0.718427
vt 0.211829 0.718466
vt 0.182755 0.718399
vt 0.240905 0.675584
vt 0.240905 0.666412
vt 0.255442 0.666377
vt 0.255442 0.675590
vt 0.182755 0.666342
vt 0.197292 0.666370
vt 0.197292 0.675576
vt 0.182755 0.675568
vt 0.592113 0.556234
vt 0.592049 0.585309
vt 0.579035 0.585310
vt 0.579098 0.556235
vt 0.605127 0.556232
vt 0.605063 0.585307
vt 0.592076 0.599846
vt 0.579062 0.599848
vt 0.592140 0.541696
vt 0.579125 0.541698
vt 0.605154 0.628920
vt 0.592140 0.628921
vt 0.605091 0.599845
vt 0.226367 0.666437
vt 0.226367 0.675597
vt 0.605154 0.541695
vt 0.739504 0.485432
vt 0.755086 0.485432
vt 0.755086 0.489930
vt 0.739504 0.489930
vt 0.579125 0.628923
vt 0.226367 0.718495
vt 0.269980 0.666352
vt 0.269980 0.675578
vt 0.211829 0.675585
vt 0.211829 0.666409
vt 0.226367 0.874666
vt 0.240905 0.874640
vt 0.240904 1.082869
vt 0.226367 1.082895
vt 0.182755 0.874570
vt 0.197292 0.874599
vt 0.197292 1.082828
vt 0.182755 1.082799
vt 0.211829 0.874637
vt 0.211829 1.082866
vt 0.255442 0.874606
vt 0.269980 0.874580
vt 0.269980 1.082809
vt 0.255442 1.082835
vt 0.671980 0.857490
vt 0.671974 0.838139
vt 0.680354 0.828451
vt 0.688744 0.838133
vt 0.688744 0.857505
vt 0.680359 0.867173
vt 0.639021 0.628290
vt 0.639021 0.640411
vt 0.632560 0.642269
vt 0.626108 0.632012
vt 0.626112 0.619906
vt 0.632564 0.618043
vt 0.240905 0.718469
vt 0.255442 0.718434
vt 0.269980 0.718409
vt 0.197292 0.718427
vt 0.211829 0.718466
vt 0.182755 0.718399
vt 0.226367 0.718495
vt 0.240905 0.675584
vt 0.240905 0.666412
vt 0.255442 0.666377
vt 0.255442 0.675590
vt 0.182755 0.666342
vt 0.197292 0.666370
vt 0.197292 0.675576
vt 0.182755 0.675568
vt 0.226367 0.666437
vt 0.226367 0.675597
vt 0.269980 0.666352
vt 0.269980 0.675578
vt 0.211829 0.675585
vt 0.211829 0.666409
vt 0.226367 0.874666
vt 0.226367 1.082895
vt 0.240904 1.082869
vt 0.240905 0.874640
vt 0.182755 0.874570
vt 0.182755 1.082799
vt 0.197292 1.082828
vt 0.197292 0.874599
vt 0.211829 1.082866
vt 0.211829 0.874637
vt 0.255442 0.874606
vt 0.255442 1.082835
vt 0.269980 1.082809
vt 0.269980 0.874580
vt 0.671980 0.857490
vt 0.680359 0.867173
vt 0.688744 0.857505
vt 0.688744 0.838133
vt 0.680354 0.828451
vt 0.671974 0.838139
vt 0.639021 0.628290
vt 0.632564 0.618043
vt 0.626112 0.619906
vt 0.626108 0.632012
vt 0.632560 0.642269
vt 0.639021 0.640411
vt 0.255442 0.770492
vt 0.269980 0.770466
vt 0.197292 0.770485
vt 0.211829 0.770523
vt 0.182755 0.770456
vt 0.226367 0.770552
vt 0.240905 0.770526
vt 0.255442 0.675590
vt 0.240905 0.675584
vt 0.226367 0.675597
vt 0.197292 0.675576
vt 0.182755 0.675568
vt 0.211829 0.675585
vt 0.255442 0.666377
vt 0.240905 0.666412
vt 0.182755 0.666342
vt 0.197292 0.666370
vt 0.226367 0.666437
vt 0.269980 0.675578
vt 0.269980 0.666352
vt 0.211829 0.666409
vt 0.636930 0.892303
vt 0.651467 0.892278
vt 0.651467 1.100506
vt 0.636930 1.100532
vt 0.593318 0.892208
vt 0.607855 0.892236
vt 0.607855 1.100465
vt 0.593318 1.100437
vt 0.622392 0.892275
vt 0.622392 1.100504
vt 0.666005 0.892243
vt 0.680542 0.892218
vt 0.680542 1.100446
vt 0.666005 1.100472
vt 0.041318 0.864537
vt 0.041312 0.845186
vt 0.049692 0.835497
vt 0.058082 0.845180
vt 0.058082 0.864551
vt 0.049697 0.874220
vt 0.612464 0.584529
vt 0.612464 0.596649
vt 0.606003 0.598508
vt 0.599550 0.588250
vt 0.599555 0.576145
vt 0.606007 0.574281
vt 0.585599 0.866092
vt 0.600137 0.866066
vt 0.600137 1.074295
vt 0.585599 1.074321
vt 0.541987 0.865997
vt 0.556525 0.866025
vt 0.556525 1.074254
vt 0.541987 1.074225
vt 0.571062 0.866064
vt 0.571062 1.074292
vt 0.614675 0.866032
vt 0.629212 0.866006
vt 0.629212 1.074235
vt 0.614675 1.074261
vt 0.614675 0.820160
vt 0.600137 0.820127
vt 0.600137 0.657838
vt 0.614675 0.657803
vt 0.556525 0.657796
vt 0.571062 0.657835
vt 0.571062 0.820033
vt 0.556525 0.820089
vt 0.829560 0.776453
vt 0.829555 0.757101
vt 0.837934 0.747413
vt 0.846325 0.757096
vt 0.846325 0.776467
vt 0.837940 0.786136
vt 0.024110 0.872330
vt 0.024110 0.884451
vt 0.017649 0.886309
vt 0.011196 0.876052
vt 0.011201 0.863946
vt 0.017653 0.862083
vt 0.541987 0.820046
vt 0.541987 0.657768
vt 0.651468 0.684049
vt 0.666005 0.684015
vt 0.680542 0.683989
vt 0.622392 0.684046
vt 0.607855 0.684008
vt 0.593318 0.683979
vt 0.636930 0.684075
vt 0.585599 0.820233
vt 0.585599 0.657863
vt 0.629212 0.820056
vt 0.629212 0.657778
vt 0.226367 0.874666
vt 0.226367 1.082895
vt 0.240904 1.082869
vt 0.240905 0.874640
vt 0.182755 0.874570
vt 0.182755 1.082799
vt 0.197292 1.082828
vt 0.197292 0.874599
vt 0.211829 1.082866
vt 0.211829 0.874637
vt 0.255442 0.874606
vt 0.255442 1.082835
vt 0.269980 1.082809
vt 0.269980 0.874580
vt 0.671980 0.857490
vt 0.680359 0.867173
vt 0.688744 0.857505
vt 0.688744 0.838133
vt 0.680354 0.828451
vt 0.671974 0.838139
vt 0.639021 0.628290
vt 0.632564 0.618043
vt 0.626112 0.619906
vt 0.626108 0.632012
vt 0.632560 0.642269
vt 0.639021 0.640411
vt 0.255442 0.770492
vt 0.269980 0.770466
vt 0.197292 0.770485
vt 0.211829 0.770523
vt 0.182755 0.770456
vt 0.226367 0.770552
vt 0.240905 0.770526
vt 0.255442 0.675590
vt 0.240905 0.675584
vt 0.226367 0.675597
vt 0.197292 0.675576
vt 0.182755 0.675568
vt 0.211829 0.675585
vt 0.255442 0.666377
vt 0.240905 0.666412
vt 0.182755 0.666342
vt 0.197292 0.666370
vt 0.592113 0.556234
vt 0.579098 0.556235
vt 0.579035 0.585310
vt 0.592049 0.585309
vt 0.605127 0.556232
vt 0.605063 0.585307
vt 0.579062 0.599848
vt 0.592076 0.599846
vt 0.592140 0.541696
vt 0.579125 0.541698
vt 0.614630 0.542282
vt 0.601615 0.542284
vt 0.601551 0.571358
vt 0.614566 0.571357
vt 0.605154 0.628920
vt 0.605091 0.599845
vt 0.592140 0.628921
vt 0.226367 0.666437
vt 0.614656 0.527745
vt 0.601642 0.527746
vt 0.601579 0.585896
vt 0.614593 0.585895
vt 0.605154 0.541695
vt 0.627671 0.614968
vt 0.627607 0.585893
vt 0.614656 0.614969
vt 0.627644 0.542281
vt 0.627580 0.571355
vt 0.739504 0.485432
vt 0.739504 0.489930
vt 0.755086 0.489930
vt 0.755086 0.485432
vt 0.579125 0.628923
vt 0.627671 0.527743
vt 0.749878 0.485432
vt 0.749878 0.489930
vt 0.765460 0.489930
vt 0.765460 0.485432
vt 0.601642 0.614971
vt 0.269980 0.675578
vt 0.269980 0.666352
vt 0.211829 0.666409
vt 0.636930 0.892303
vt 0.636930 1.100532
vt 0.651467 1.100506
vt 0.651467 0.892278
vt 0.593318 0.892208
vt 0.593318 1.100437
vt 0.607855 1.100465
vt 0.607855 0.892236
vt 0.622392 1.100504
vt 0.622392 0.892275
vt 0.666005 0.892243
vt 0.666005 1.100472
vt 0.680542 1.100446
vt 0.680542 0.892218
vt 0.041318 0.864537
vt 0.049697 0.874220
vt 0.058082 0.864551
vt 0.058082 0.845180
vt 0.049692 0.835497
vt 0.041312 0.845186
vt 0.612464 0.584529
vt 0.606007 0.574281
vt 0.599555 0.576145
vt 0.599550 0.588250
vt 0.606003 0.598508
vt 0.612464 0.596649
vt 0.585599 0.866092
vt 0.585599 1.074321
vt 0.600137 1.074295
vt 0.600137 0.866066
vt 0.541987 0.865997
vt 0.541987 1.074225
vt 0.556525 1.074254
vt 0.556525 0.866025
vt 0.571062 1.074292
vt 0.571062 0.866064
vt 0.614675 0.866032
vt 0.614675 1.074261
vt 0.629212 1.074235
vt 0.629212 0.866006
vt 0.614675 0.820160
vt 0.614675 0.657803
vt 0.600137 0.657838
vt 0.600137 0.820127
vt 0.556525 0.657796
vt 0.556525 0.820089
vt 0.571062 0.820033
vt 0.571062 0.657835
vt 0.829560 0.776453
vt 0.837940 0.786136
vt 0.846325 0.776467
vt 0.846325 0.757096
vt 0.837934 0.747413
vt 0.829555 0.757101
vt 0.024110 0.872330
vt 0.017653 0.862083
vt 0.011201 0.863946
vt 0.011196 0.876052
vt 0.017649 0.886309
vt 0.024110 0.884451
vt 0.541987 0.657768
vt 0.541987 0.820046
vt 0.666005 0.684015
vt 0.651468 0.684049
vt 0.680542 0.683989
vt 0.622392 0.684046
vt 0.607855 0.684008
vt 0.593318 0.683979
vt 0.636930 0.684075
vt 0.585599 0.820233
vt 0.585599 0.657863
vt 0.629212 0.820056
vt 0.629212 0.657778
vt 0.226367 0.874666
vt 0.240905 0.874640
vt 0.240904 1.082869
vt 0.226367 1.082895
vt 0.182755 0.874570
vt 0.197292 0.874599
vt 0.197292 1.082828
vt 0.182755 1.082799
vt 0.211829 0.874637
vt 0.211829 1.082866
vt 0.255442 0.874606
vt 0.269980 0.874580
vt 0.269980 1.082809
vt 0.255442 1.082835
vt 0.671980 0.857490
vt 0.671974 0.838139
vt 0.680354 0.828451
vt 0.688744 0.838133
vt 0.688744 0.857505
vt 0.680359 0.867173
vt 0.639021 0.628290
vt 0.639021 0.640411
vt 0.632560 0.642269
vt 0.626108 0.632012
vt 0.626112 0.619906
vt 0.632564 0.618043
vt 0.240905 0.718469
vt 0.255442 0.718434
vt 0.269980 0.718409
vt 0.197292 0.718427
vt 0.211829 0.718466
vt 0.182755 0.718399
vt 0.240905 0.675584
vt 0.240905 0.666412
vt 0.255442 0.666377
vt 0.255442 0.675590
vt 0.182755 0.666342
vt 0.197292 0.666370
vt 0.197292 0.675576
vt 0.182755 0.675568
vt 0.592113 0.556234
vt 0.592049 0.585309
vt 0.579035 0.585310
vt 0.579098 0.556235
vt 0.605127 0.556232
vt 0.605063 0.585307
vt 0.592076 0.599846
vt 0.579062 0.599848
vt 0.592140 0.541696
vt 0.579125 0.541698
vt 0.605154 0.628920
vt 0.592140 0.628921
vt 0.605091 0.599845
vt 0.226367 0.666437
vt 0.226367 0.675597
vt 0.605154 0.541695
vt 0.739504 0.485432
vt 0.755086 0.485432
vt 0.755086 0.489930
vt 0.739504 0.489930
vt 0.579125 0.628923
vt 0.226367 0.718495
vt 0.269980 0.666352
vt 0.269980 0.675578
vt 0.211829 0.675585
vt 0.211829 0.666409
vt 0.636930 0.892303
vt 0.651467 0.892278
vt 0.651467 1.100506
vt 0.636930 1.100532
vt 0.593318 0.892208
vt 0.607855 0.892236
vt 0.607855 1.100465
vt 0.593318 1.100437
vt 0.622392 0.892275
vt 0.622392 1.100504
vt 0.666005 0.892243
vt 0.680542 0.892218
vt 0.680542 1.100446
vt 0.666005 1.100472
vt 0.041318 0.864537
vt 0.041312 0.845186
vt 0.049692 0.835497
vt 0.058082 0.845180
vt 0.058082 0.864551
vt 0.049697 0.874220
vt 0.612464 0.584529
vt 0.612464 0.596649
vt 0.606003 0.598508
vt 0.599550 0.588250
vt 0.599555 0.576145
vt 0.606007 0.574281
vt 0.651468 0.684049
vt 0.666005 0.684015
vt 0.680542 0.683989
vt 0.622392 0.684046
vt 0.607855 0.684008
vt 0.593318 0.683979
vt 0.636930 0.684075
vt 0.226367 0.874666
vt 0.226367 1.082895
vt 0.240904 1.082869
vt 0.240905 0.874640
vt 0.182755 0.874570
vt 0.182755 1.082799
vt 0.197292 1.082828
vt 0.197292 0.874599
vt 0.211829 1.082866
vt 0.211829 0.874637
vt 0.255442 0.874606
vt 0.255442 1.082835
vt 0.269980 1.082809
vt 0.269980 0.874580
vt 0.671980 0.857490
vt 0.680359 0.867173
vt 0.688744 0.857505
vt 0.688744 0.838133
vt 0.680354 0.828451
vt 0.671974 0.838139
vt 0.639021 0.628290
vt 0.632564 0.618043
vt 0.626112 0.619906
vt 0.626108 0.632012
vt 0.632560 0.642269
vt 0.639021 0.640411
vt 0.255442 0.770492
vt 0.269980 0.770466
vt 0.197292 0.770485
vt 0.211829 0.770523
vt 0.182755 0.770456
vt 0.226367 0.770552
vt 0.240905 0.770526
vt 0.255442 0.675590
vt 0.240905 0.675584
vt 0.226367 0.675597
vt 0.197292 0.675576
vt 0.182755 0.675568
vt 0.211829 0.675585
vt 0.255442 0.666377
vt 0.240905 0.666412
vt 0.182755 0.666342
vt 0.197292 0.666370
vt 0.226367 0.666437
vt 0.269980 0.675578
vt 0.269980 0.666352
vt 0.211829 0.666409
vt 0.636930 0.892303
vt 0.636930 1.100532
vt 0.651467 1.100506
vt 0.651467 0.892278
vt 0.593318 0.892208
vt 0.593318 1.100437
vt 0.607855 1.100465
vt 0.607855 0.892236
vt 0.622392 1.100504
vt 0.622392 0.892275
vt 0.666005 0.892243
vt 0.666005 1.100472
vt 0.680542 1.100446
vt 0.680542 0.892218
vt 0.041318 0.864537
vt 0.049697 0.874220
vt 0.058082 0.864551
vt 0.058082 0.845180
vt 0.049692 0.835497
vt 0.041312 0.845186
vt 0.612464 0.584529
vt 0.606007 0.574281
vt 0.599555 0.576145
vt 0.599550 0.588250
vt 0.606003 0.598508
vt 0.612464 0.596649
vt 0.585599 0.866092
vt 0.585599 1.074321
vt 0.600137 1.074295
vt 0.600137 0.866066
vt 0.541987 0.865997
vt 0.541987 1.074225
vt 0.556525 1.074254
vt 0.556525 0.866025
vt 0.571062 1.074292
vt 0.571062 0.866064
vt 0.614675 0.866032
vt 0.614675 1.074261
vt 0.629212 1.074235
vt 0.629212 0.866006
vt 0.614675 0.820160
vt 0.614675 0.657803
vt 0.600137 0.657838
vt 0.600137 0.820127
vt 0.556525 0.657796
vt 0.556525 0.820089
vt 0.571062 0.820033
vt 0.571062 0.657835
vt 0.829560 0.776453
vt 0.837940 0.786136
vt 0.846325 0.776467
vt 0.846325 0.757096
vt 0.837934 0.747413
vt 0.829555 0.757101
vt 0.024110 0.872330
vt 0.017653 0.862083
vt 0.011201 0.863946
vt 0.011196 0.876052
vt 0.017649 0.886309
vt 0.024110 0.884451
vt 0.541987 0.657768
vt 0.541987 0.820046
vt 0.666005 0.684015
vt 0.651468 0.684049
vt 0.680542 0.683989
vt 0.622392 0.684046
vt 0.607855 0.684008
vt 0.593318 0.683979
vt 0.636930 0.684075
vt 0.585599 0.820233
vt 0.585599 0.657863
vt 0.629212 0.820056
vt 0.629212 0.657778
vt 0.226367 0.874666
vt 0.240905 0.874640
vt 0.240904 1.082869
vt 0.226367 1.082895
vt 0.182755 0.874570
vt 0.197292 0.874599
vt 0.197292 1.082828
vt 0.182755 1.082799
vt 0.211829 0.874637
vt 0.211829 1.082866
vt 0.255442 0.874606
vt 0.269980 0.874580
vt 0.269980 1.082809
vt 0.255442 1.082835
vt 0.671980 0.857490
vt 0.671974 0.838139
vt 0.680354 0.828451
vt 0.688744 0.838133
vt 0.688744 0.857505
vt 0.680359 0.867173
vt 0.639021 0.628290
vt 0.639021 0.640411
vt 0.632560 0.642269
vt 0.626108 0.632012
vt 0.626112 0.619906
vt 0.632564 0.618043
vt 0.240905 0.718469
vt 0.255442 0.718434
vt 0.269980 0.718409
vt 0.197292 0.718427
vt 0.211829 0.718466
vt 0.182755 0.718399
vt 0.240905 0.675584
vt 0.240905 0.666412
vt 0.255442 0.666377
vt 0.255442 0.675590
vt 0.182755 0.666342
vt 0.197292 0.666370
vt 0.197292 0.675576
vt 0.182755 0.675568
vt 0.592113 0.556234
vt 0.592049 0.585309
vt 0.579035 0.585310
vt 0.579098 0.556235
vt 0.605127 0.556232
vt 0.605063 0.585307
vt 0.592076 0.599846
vt 0.579062 0.599848
vt 0.592140 0.541696
vt 0.579125 0.541698
vt 0.605154 0.628920
vt 0.592140 0.628921
vt 0.605091 0.599845
vt 0.226367 0.666437
vt 0.226367 0.675597
vt 0.605154 0.541695
vt 0.739504 0.485432
vt 0.755086 0.485432
vt 0.755086 0.489930
vt 0.739504 0.489930
vt 0.579125 0.628923
vt 0.226367 0.718495
vt 0.269980 0.666352
vt 0.269980 0.675578
vt 0.211829 0.675585
vt 0.211829 0.666409
vt 0.636930 0.892303
vt 0.651467 0.892278
vt 0.651467 1.100506
vt 0.636930 1.100532
vt 0.593318 0.892208
vt 0.607855 0.892236
vt 0.607855 1.100465
vt 0.593318 1.100437
vt 0.622392 0.892275
vt 0.622392 1.100504
vt 0.666005 0.892243
vt 0.680542 0.892218
vt 0.680542 1.100446
vt 0.666005 1.100472
vt 0.041318 0.864537
vt 0.041312 0.845186
vt 0.049692 0.835497
vt 0.058082 0.845180
vt 0.058082 0.864551
vt 0.049697 0.874220
vt 0.612464 0.584529
vt 0.612464 0.596649
vt 0.606003 0.598508
vt 0.599550 0.588250
vt 0.599555 0.576145
vt 0.606007 0.574281
vt 0.651468 0.684049
vt 0.666005 0.684015
vt 0.680542 0.683989
vt 0.622392 0.684046
vt 0.607855 0.684008
vt 0.593318 0.683979
vt 0.636930 0.684075
vt 0.226367 0.874666
vt 0.226367 1.082895
vt 0.240904 1.082869
vt 0.240905 0.874640
vt 0.182755 0.874570
vt 0.182755 1.082799
vt 0.197292 1.082828
vt 0.197292 0.874599
vt 0.211829 1.082866
vt 0.211829 0.874637
vt 0.255442 0.874606
vt 0.255442 1.082835
vt 0.269980 1.082809
vt 0.269980 0.874580
vt 0.671980 0.857490
vt 0.680359 0.867173
vt 0.688744 0.857505
vt 0.688744 0.838133
vt 0.680354 0.828451
vt 0.671974 0.838139
vt 0.639021 0.628290
vt 0.632564 0.618043
vt 0.626112 0.619906
vt 0.626108 0.632012
vt 0.632560 0.642269
vt 0.639021 0.640411
vt 0.255442 0.770492
vt 0.269980 0.770466
vt 0.197292 0.770485
vt 0.211829 0.770523
vt 0.182755 0.770456
vt 0.226367 0.770552
vt 0.240905 0.770526
vt 0.255442 0.675590
vt 0.240905 0.675584
vt 0.226367 0.675597
vt 0.197292 0.675576
vt 0.182755 0.675568
vt 0.211829 0.675585
vt 0.255442 0.666377
vt 0.240905 0.666412
vt 0.182755 0.666342
vt 0.197292 0.666370
vt 0.592113 0.556234
vt 0.579098 0.556235
vt 0.579035 0.585310
vt 0.592049 0.585309
vt 0.605127 0.556232
vt 0.605063 0.585307
vt 0.579062 0.599848
vt 0.592076 0.599846
vt 0.592140 0.541696
vt 0.579125 0.541698
vt 0.614630 0.542282
vt 0.601615 0.542284
vt 0.601551 0.571358
vt 0.614566 0.571357
vt 0.605154 0.628920
vt 0.605091 0.599845
vt 0.592140 0.628921
vt 0.226367 0.666437
vt 0.614656 0.527745
vt 0.601642 0.527746
vt 0.601579 0.585896
vt 0.614593 0.585895
vt 0.605154 0.541695
vt 0.627671 0.614968
vt 0.627607 0.585893
vt 0.614656 0.614969
vt 0.627644 0.542281
vt 0.627580 0.571355
vt 0.739504 0.485432
vt 0.739504 0.489930
vt 0.755086 0.489930
vt 0.755086 0.485432
vt 0.579125 0.628923
vt 0.627671 0.527743
vt 0.749878 0.485432
vt 0.749878 0.489930
vt 0.765460 0.489930
vt 0.765460 0.485432
vt 0.601642 0.614971
vt 0.269980 0.675578
vt 0.269980 0.666352
vt 0.211829 0.666409
vt 0.636930 0.892303
vt 0.636930 1.100532
vt 0.651467 1.100506
vt 0.651467 0.892278
vt 0.593318 0.892208
vt 0.593318 1.100437
vt 0.607855 1.100465
vt 0.607855 0.892236
vt 0.622392 1.100504
vt 0.622392 0.892275
vt 0.666005 0.892243
vt 0.666005 1.100472
vt 0.680542 1.100446
vt 0.680542 0.892218
vt 0.041318 0.864537
vt 0.049697 0.874220
vt 0.058082 0.864551
vt 0.058082 0.845180
vt 0.049692 0.835497
vt 0.041312 0.845186
vt 0.612464 0.584529
vt 0.606007 0.574281
vt 0.599555 0.576145
vt 0.599550 0.588250
vt 0.606003 0.598508
vt 0.612464 0.596649
vt 0.585599 0.866092
vt 0.585599 1.074321
vt 0.600137 1.074295
vt 0.600137 0.866066
vt 0.541987 0.865997
vt 0.541987 1.074225
vt 0.556525 1.074254
vt 0.556525 0.866025
vt 0.571062 1.074292
vt 0.571062 0.866064
vt 0.614675 0.866032
vt 0.614675 1.074261
vt 0.629212 1.074235
vt 0.629212 0.866006
vt 0.614675 0.820160
vt 0.614675 0.657803
vt 0.600137 0.657838
vt 0.600137 0.820127
vt 0.556525 0.657796
vt 0.556525 0.820089
vt 0.571062 0.820033
vt 0.571062 0.657835
vt 0.829560 0.776453
vt 0.837940 0.786136
vt 0.846325 0.776467
vt 0.846325 0.757096
vt 0.837934 0.747413
vt 0.829555 0.757101
vt 0.024110 0.872330
vt 0.017653 0.862083
vt 0.011201 0.863946
vt 0.011196 0.876052
vt 0.017649 0.886309
vt 0.024110 0.884451
vt 0.541987 0.657768
vt 0.541987 0.820046
vt 0.666005 0.684015
vt 0.651468 0.684049
vt 0.680542 0.683989
vt 0.622392 0.684046
vt 0.607855 0.684008
vt 0.593318 0.683979
vt 0.636930 0.684075
vt 0.585599 0.820233
vt 0.585599 0.657863
vt 0.629212 0.820056
vt 0.629212 0.657778
vt 0.226367 0.874666
vt 0.240905 0.874640
vt 0.240904 1.082869
vt 0.226367 1.082895
vt 0.182755 0.874570
vt 0.197292 0.874599
vt 0.197292 1.082828
vt 0.182755 1.082799
vt 0.211829 0.874637
vt 0.211829 1.082866
vt 0.255442 0.874606
vt 0.269980 0.874580
vt 0.269980 1.082809
vt 0.255442 1.082835
vt 0.671980 0.857490
vt 0.671974 0.838139
vt 0.680354 0.828451
vt 0.688744 0.838133
vt 0.688744 0.857505
vt 0.680359 0.867173
vt 0.639021 0.628290
vt 0.639021 0.640411
vt 0.632560 0.642269
vt 0.626108 0.632012
vt 0.626112 0.619906
vt 0.632564 0.618043
vt 0.240905 0.718469
vt 0.255442 0.718434
vt 0.269980 0.718409
vt 0.197292 0.718427
vt 0.211829 0.718466
vt 0.182755 0.718399
vt 0.240905 0.675584
vt 0.240905 0.666412
vt 0.255442 0.666377
vt 0.255442 0.675590
vt 0.182755 0.666342
vt 0.197292 0.666370
vt 0.197292 0.675576
vt 0.182755 0.675568
vt 0.592113 0.556234
vt 0.592049 0.585309
vt 0.579035 0.585310
vt 0.579098 0.556235
vt 0.605127 0.556232
vt 0.605063 0.585307
vt 0.592076 0.599846
vt 0.579062 0.599848
vt 0.592140 0.541696
vt 0.579125 0.541698
vt 0.605154 0.628920
vt 0.592140 0.628921
vt 0.605091 0.599845
vt 0.226367 0.666437
vt 0.226367 0.675597
vt 0.605154 0.541695
vt 0.739504 0.485432
vt 0.755086 0.485432
vt 0.755086 0.489930
vt 0.739504 0.489930
vt 0.579125 0.628923
vt 0.226367 0.718495
vt 0.269980 0.666352
vt 0.269980 0.675578
vt 0.211829 0.675585
vt 0.211829 0.666409
vt 0.636930 0.892303
vt 0.651467 0.892278
vt 0.651467 1.100506
vt 0.636930 1.100532
vt 0.593318 0.892208
vt 0.607855 0.892236
vt 0.607855 1.100465
vt 0.593318 1.100437
vt 0.622392 0.892275
vt 0.622392 1.100504
vt 0.666005 0.892243
vt 0.680542 0.892218
vt 0.680542 1.100446
vt 0.666005 1.100472
vt 0.041318 0.864537
vt 0.041312 0.845186
vt 0.049692 0.835497
vt 0.058082 0.845180
vt 0.058082 0.864551
vt 0.049697 0.874220
vt 0.612464 0.584529
vt 0.612464 0.596649
vt 0.606003 0.598508
vt 0.599550 0.588250
vt 0.599555 0.576145
vt 0.606007 0.574281
vt 0.651468 0.684049
vt 0.666005 0.684015
vt 0.680542 0.683989
vt 0.622392 0.684046
vt 0.607855 0.684008
vt 0.593318 0.683979
vt 0.636930 0.684075
vt 0.226367 0.874666
vt 0.226367 1.082895
vt 0.240904 1.082869
vt 0.240905 0.874640
vt 0.182755 0.874570
vt 0.182755 1.082799
vt 0.197292 1.082828
vt 0.197292 0.874599
vt 0.211829 1.082866
vt 0.211829 0.874637
vt 0.255442 0.874606
vt 0.255442 1.082835
vt 0.269980 1.082809
vt 0.269980 0.874580
vt 0.671980 0.857490
vt 0.680359 0.867173
vt 0.688744 0.857505
vt 0.688744 0.838133
vt 0.680354 0.828451
vt 0.671974 0.838139
vt 0.639021 0.628290
vt 0.632564 0.618043
vt 0.626112 0.619906
vt 0.626108 0.632012
vt 0.632560 0.642269
vt 0.639021 0.640411
vt 0.255442 0.770492
vt 0.269980 0.770466
vt 0.197292 0.770485
vt 0.211829 0.770523
vt 0.182755 0.770456
vt 0.226367 0.770552
vt 0.240905 0.770526
vt 0.255442 0.675590
vt 0.240905 0.675584
vt 0.226367 0.675597
vt 0.197292 0.675576
vt 0.182755 0.675568
vt 0.211829 0.675585
vt 0.255442 0.666377
vt 0.240905 0.666412
vt 0.182755 0.666342
vt 0.197292 0.666370
vt 0.226367 0.666437
vt 0.269980 0.675578
vt 0.269980 0.666352
vt 0.211829 0.666409
vt 0.636930 0.892303
vt 0.636930 1.100532
vt 0.651467 1.100506
vt 0.651467 0.892278
vt 0.593318 0.892208
vt 0.593318 1.100437
vt 0.607855 1.100465
vt 0.607855 0.892236
vt 0.622392 1.100504
vt 0.622392 0.892275
vt 0.666005 0.892243
vt 0.666005 1.100472
vt 0.680542 1.100446
vt 0.680542 0.892218
vt 0.041318 0.864537
vt 0.049697 0.874220
vt 0.058082 0.864551
vt 0.058082 0.845180
vt 0.049692 0.835497
vt 0.041312 0.845186
vt 0.612464 0.584529
vt 0.606007 0.574281
vt 0.599555 0.576145
vt 0.599550 0.588250
vt 0.606003 0.598508
vt 0.612464 0.596649
vt 0.585599 0.866092
vt 0.585599 1.074321
vt 0.600137 1.074295
vt 0.600137 0.866066
vt 0.541987 0.865997
vt 0.541987 1.074225
vt 0.556525 1.074254
vt 0.556525 0.866025
vt 0.571062 1.074292
vt 0.571062 0.866064
vt 0.614675 0.866032
vt 0.614675 1.074261
vt 0.629212 1.074235
vt 0.629212 0.866006
vt 0.614675 0.820160
vt 0.614675 0.657803
vt 0.600137 0.657838
vt 0.600137 0.820127
vt 0.556525 0.657796
vt 0.556525 0.820089
vt 0.571062 0.820033
vt 0.571062 0.657835
vt 0.829560 0.776453
vt 0.837940 0.786136
vt 0.846325 0.776467
vt 0.846325 0.757096
vt 0.837934 0.747413
vt 0.829555 0.757101
vt 0.024110 0.872330
vt 0.017653 0.862083
vt 0.011201 0.863946
vt 0.011196 0.876052
vt 0.017649 0.886309
vt 0.024110 0.884451
vt 0.541987 0.657768
vt 0.541987 0.820046
vt 0.666005 0.684015
vt 0.651468 0.684049
vt 0.680542 0.683989
vt 0.622392 0.684046
vt 0.607855 0.684008
vt 0.593318 0.683979
vt 0.636930 0.684075
vt 0.585599 0.820233
vt 0.585599 0.657863
vt 0.629212 0.820056
vt 0.629212 0.657778
vt 0.226367 0.874666
vt 0.240905 0.874640
vt 0.240904 1.082869
vt 0.226367 1.082895
vt 0.182755 0.874570
vt 0.197292 0.874599
vt 0.197292 1.082828
vt 0.182755 1.082799
vt 0.211829 0.874637
vt 0.211829 1.082866
vt 0.255442 0.874606
vt 0.269980 0.874580
vt 0.269980 1.082809
vt 0.255442 1.082835
vt 0.671980 0.857490
vt 0.671974 0.838139
vt 0.680354 0.828451
vt 0.688744 0.838133
vt 0.688744 0.857505
vt 0.680359 0.867173
vt 0.639021 0.628290
vt 0.639021 0.640411
vt 0.632560 0.642269
vt 0.626108 0.632012
vt 0.626112 0.619906
vt 0.632564 0.618043
vt 0.240905 0.718469
vt 0.255442 0.718434
vt 0.269980 0.718409
vt 0.197292 0.718427
vt 0.211829 0.718466
vt 0.182755 0.718399
vt 0.240905 0.675584
vt 0.240905 0.666412
vt 0.255442 0.666377
vt 0.255442 0.675590
vt 0.182755 0.666342
vt 0.197292 0.666370
vt 0.197292 0.675576
vt 0.182755 0.675568
vt 0.226367 0.666437
vt 0.226367 0.675597
vt 0.226367 0.718495
vt 0.269980 0.666352
vt 0.269980 0.675578
vt 0.211829 0.675585
vt 0.211829 0.666409
vn -0.1565 -0.8487 -0.5053
vn -0.8696 -0.4152 -0.2674
vn -0.9272 -0.3321 -0.1730
vn -0.2469 -0.8632 -0.4403
vn 0.0730 0.8604 0.5043
vn 0.9099 0.3527 0.2184
vn 0.8933 0.4020 0.2010
vn 0.0930 0.8931 0.4401
vn 0.8311 -0.4866 -0.2693
vn 0.7878 -0.5498 -0.2778
vn -0.7898 0.5341 0.3015
vn -0.7457 0.5990 0.2919
vn 0.8280 -0.5314 -0.1791
vn 0.9397 -0.3415 0.0177
vn -0.1038 -0.9946 0.0095
vn -0.0015 -0.9578 -0.2875
vn -0.8064 -0.5510 -0.2147
vn -0.8523 -0.5230 -0.0078
vn -0.7769 0.6290 0.0273
vn -0.8900 0.4303 0.1507
vn -0.0449 -0.3274 0.9438
vn 0.1319 0.2891 -0.9482
vn 0.8392 0.5103 0.1878
vn 0.7915 0.5632 0.2374
vn 0.1319 0.8864 0.4437
vn 0.0872 0.8918 0.4439
vn -0.9701 -0.2386 -0.0443
vn -0.9859 -0.1316 -0.1037
vn -0.0046 -0.8963 -0.4433
vn 0.0307 -0.8870 -0.4607
vn 0.1924 -0.2628 0.9455
vn 0.1156 0.2678 -0.9565
vn -0.8234 0.4887 0.2885
vn -0.8427 0.4624 0.2758
vn -0.7850 -0.5379 -0.3072
vn -0.8174 -0.3216 -0.4780
vn 0.6510 -0.6989 -0.2964
vn 0.1793 -0.8743 -0.4511
vn -0.1136 -0.8875 -0.4466
vn 0.9589 -0.2587 -0.1170
vn 0.7778 -0.4420 -0.4469
vn 0.9054 0.3738 0.2016
vn 0.9242 0.3125 0.2198
vn 0.7776 -0.5344 -0.3311
vn -0.7970 0.4779 0.3694
vn -0.7595 0.4122 0.5032
vn 0.1545 0.7588 0.6327
vn 0.0114 0.8094 0.5871
vn 0.7972 -0.4812 -0.3646
vn -0.1764 -0.7987 -0.5753
vn -0.0028 -0.8908 -0.4545
vn 0.8190 -0.5377 -0.2002
vn -0.9112 -0.3646 -0.1920
vn -0.7811 0.5851 0.2180
vn -0.8351 -0.4561 -0.3074
vn -0.0560 -0.7752 -0.6293
vn -0.0857 -0.8760 -0.4747
vn -0.9011 -0.3806 -0.2078
vn -0.9252 -0.3211 -0.2022
vn -0.1059 -0.8607 -0.4980
vn -0.0084 0.8836 0.4682
vn 0.9063 0.3683 0.2073
vn 0.8756 0.4212 0.2365
vn -0.0325 0.8697 0.4926
vn 0.9125 -0.3666 -0.1813
vn 0.9244 -0.3143 -0.2162
vn -0.7921 0.5426 0.2796
vn -0.7704 0.5608 0.3033
vn 0.9054 -0.3743 -0.2003
vn -0.0886 -0.8867 -0.4538
vn -0.8824 -0.4106 -0.2296
vn -0.7943 0.5405 0.2774
vn -0.0372 -0.3837 0.9227
vn 0.1033 0.3953 -0.9127
vn 0.0527 -0.8796 -0.4728
vn -0.8177 -0.4958 -0.2924
vn -0.8387 -0.4754 -0.2658
vn 0.0922 -0.8741 -0.4770
vn 0.0100 0.8840 0.4674
vn 0.9234 0.3350 0.1874
vn 0.9055 0.3675 0.2122
vn 0.0066 0.8745 0.4851
vn 0.8480 -0.4644 -0.2554
vn 0.8715 -0.4321 -0.2318
vn -0.8649 0.4355 0.2496
vn -0.8278 0.4945 0.2652
vn 0.0255 -0.2629 0.9645
vn -0.0212 0.3655 -0.9306
vn -0.0702 -0.8955 -0.4394
vn -0.8585 -0.4856 -0.1650
vn -0.8932 -0.3998 -0.2059
vn -0.1582 -0.8871 -0.4336
vn 0.0130 0.9017 0.4321
vn 0.8136 0.5625 0.1468
vn 0.8779 0.4265 0.2177
vn 0.0063 0.9071 0.4209
vn 0.7909 -0.4948 -0.3600
vn 0.8715 -0.4250 -0.2448
vn -0.8067 0.4941 0.3242
vn -0.7695 0.5778 0.2720
vn -0.8865 0.3998 0.2331
vn -0.0749 0.8566 0.5106
vn -0.0861 0.7794 0.6206
vn -0.8747 0.4354 0.2128
vn 0.8750 0.4103 0.2570
vn 0.8073 0.3606 0.4672
vn -0.0256 -0.3697 0.9288
vn -0.0221 0.3972 -0.9175
vn -0.0789 0.6538 -0.7525
vn -0.0937 0.9814 0.1677
vn 0.0236 0.9866 0.1615
vn 0.0267 0.6560 -0.7542
vn -0.0385 -0.9891 -0.1421
vn -0.0234 -0.6275 0.7783
vn 0.0724 -0.6629 0.7452
vn 0.1185 -0.9871 -0.1081
vn 0.0415 -0.4614 -0.8862
vn -0.0059 -0.5136 -0.8580
vn -0.1189 0.9833 0.1376
vn -0.0219 0.9971 0.0733
vn 0.0303 0.4633 0.8857
vn 0.0151 0.4008 0.9160
vn 0.1104 -0.6023 0.7906
vn 0.0477 -0.5630 0.8251
vn 0.0083 -0.9969 0.0777
vn 0.1065 -0.9941 0.0202
vn 0.8381 -0.4590 -0.2948
vn 0.8533 -0.4302 -0.2948
vn -0.9299 0.2171 0.2970
vn -0.9685 0.1744 0.1774
vn -0.9624 -0.2575 -0.0860
vn -0.9575 0.2130 0.1947
vn -0.0747 0.5980 -0.7980
vn -0.0406 0.9830 0.1793
vn -0.0243 0.9753 0.2194
vn -0.0677 0.9186 -0.3894
vn -0.0267 -0.3515 -0.9358
vn -0.0218 -0.4028 -0.9150
vn -0.0130 0.5714 -0.8206
vn 0.0864 -0.5150 0.8528
vn 0.0384 0.4127 0.9101
vn 0.0293 0.3482 0.9370
vn -0.0015 -0.6471 0.7624
vn 0.0520 0.4194 0.9063
vn 0.0227 0.9860 0.1653
vn 0.0667 0.9873 0.1438
vn 0.0414 0.3142 0.9485
vn -0.0379 -0.6745 0.7373
vn -0.0766 -0.9839 -0.1615
vn -0.0297 -0.9901 -0.1371
vn -0.9978 -0.0391 -0.0534
vn 0.9997 0.0182 -0.0134
vn -0.0204 0.7305 -0.6826
vn 0.0767 0.7499 -0.6571
vn -0.1123 0.9305 0.3487
vn -0.0394 0.8854 0.4631
vn 0.0116 0.3486 -0.9372
vn 0.1475 0.3360 -0.9302
vn -0.0212 0.5516 0.8338
vn -0.1899 0.4603 0.8672
vn -0.1043 -0.7464 0.6572
vn 0.0479 -0.7607 0.6473
vn -0.9972 0.0375 -0.0639
vn 0.0661 -0.9978 0.0001
vn 0.0442 -0.9985 -0.0314
vn 0.1225 -0.8576 -0.4996
vn 0.0639 -0.8680 -0.4924
vn -0.8931 -0.3764 -0.2463
vn -0.8900 -0.3770 -0.2563
vn -0.7608 -0.5894 -0.2716
vn -0.0820 -0.8857 -0.4570
vn 0.8571 0.4279 0.2867
vn 0.7966 0.4801 0.3674
vn 0.1737 0.9384 0.2989
vn 0.8765 0.4663 0.1197
vn -0.0090 0.8886 0.4586
vn 0.9047 0.3733 0.2056
vn 0.0244 -0.8642 -0.5026
vn -0.8267 -0.4843 -0.2865
vn -0.8133 -0.4016 -0.4210
vn -0.0094 -0.7899 -0.6131
vn 0.0155 0.8955 0.4448
vn 0.0523 -0.8976 -0.4376
vn 0.8576 -0.4387 -0.2686
vn 0.8237 0.5255 0.2131
vn -0.8371 -0.4856 -0.2517
vn -0.0934 -0.8377 -0.5381
vn -0.8486 -0.4423 -0.2902
vn -0.7420 0.5873 0.3231
vn 0.0167 0.8619 0.5068
vn 0.0109 0.8846 0.4661
vn -0.7912 0.5443 0.2788
vn 0.7714 0.6290 -0.0963
vn 0.7336 0.6188 0.2811
vn 0.0700 0.4098 -0.9095
vn -0.6774 0.6716 0.3001
vn -0.8457 -0.4645 -0.2627
vn 0.1084 -0.8725 -0.4765
vn 0.0124 0.5409 0.8410
vn -0.0724 0.3845 0.9203
vn -0.0632 0.9772 0.2025
vn -0.0127 0.8991 0.4376
vn 0.0381 -0.9956 -0.0861
vn 0.0026 -0.9971 0.0759
vn -0.0144 -0.5179 0.8553
vn 0.0271 -0.6310 0.7753
vn -0.0082 -0.8615 -0.5077
vn -0.0398 -0.8638 -0.5023
vn -0.0280 0.3648 -0.9307
vn -0.0408 0.3358 -0.9411
vn -0.0413 0.7054 -0.7076
vn -0.0598 0.7254 -0.6857
vn 0.0551 -0.9882 -0.1428
vn -0.0479 -0.3128 -0.9486
vn 0.0395 -0.9859 -0.1629
vn 0.0912 -0.4490 0.8889
vn -0.0568 -0.3563 -0.9326
vn 0.0288 0.6253 -0.7798
vn -0.0711 0.1181 -0.9905
vn -0.7068 0.6150 0.3496
vn 0.0900 0.8933 0.4404
vn 0.0002 0.9021 0.4316
vn 0.0029 -0.3640 0.9314
vn 0.8213 0.5277 0.2167
vn 0.7119 -0.6095 -0.3489
vn 0.9469 0.2654 0.1816
vn 0.9582 0.2430 0.1508
vn 0.6483 -0.6556 -0.3872
vn 0.5499 0.7243 0.4158
vn 0.1598 0.8891 0.4289
vn -0.0618 -0.8646 -0.4987
vn -0.0716 -0.8552 -0.5133
vn 0.6256 -0.6827 -0.3775
vn -0.1642 -0.8317 -0.5304
vn -0.8531 0.4531 0.2585
vn -0.6441 -0.6690 -0.3710
vn 0.6321 -0.7060 -0.3192
vn 0.0121 0.4059 0.9138
vn 0.0509 0.4169 0.9075
vn -0.0515 -0.3566 -0.9328
vn -0.0095 -0.3884 -0.9215
vn -0.0619 0.5427 -0.8376
vn -0.1277 0.5330 -0.8364
vn -0.0021 -0.3768 0.9263
vn 0.7662 -0.5445 -0.3412
vn -0.0198 0.8610 0.5082
vn 0.1604 0.8363 0.5242
vn 0.9683 0.1950 0.1559
vn 0.0383 0.4031 -0.9143
vn -0.0096 0.8447 0.5351
vn 0.0038 0.4909 0.8712
vn 0.0670 -0.5430 0.8371
vn 0.0577 -0.6156 0.7859
vn 0.1044 0.6956 0.7108
vn -0.0030 -0.5163 -0.8564
vn -0.0607 0.5207 -0.8516
vn -0.0604 0.6569 -0.7516
vn -0.1055 -0.4569 -0.8833
vn -0.0420 0.8849 0.4639
vn -0.2409 0.9060 0.3479
vn 0.0781 -0.8777 -0.4728
vn 0.2845 -0.7837 -0.5522
vn -0.0417 -0.8936 -0.4468
vn -0.0337 -0.4164 -0.9086
vn 0.0321 0.8942 0.4464
vn 0.0878 0.8836 0.4600
vn 0.0439 0.4076 0.9121
vn 0.0290 0.3925 0.9193
vn -0.9993 0.0361 0.0106
vn 0.9734 -0.1631 0.1609
vn -0.0089 -0.9752 -0.2213
vn -0.0090 -0.9737 -0.2276
vn 0.0092 -0.6369 0.7709
vn 0.0090 -0.6456 0.7636
vn -0.0098 0.6483 -0.7613
vn -0.0100 0.6390 -0.7692
vn 0.0081 0.9731 0.2304
vn 0.0080 0.9747 0.2235
vn 0.0171 0.3115 0.9501
vn 0.0171 0.3264 0.9451
vn -0.0174 -0.3110 -0.9503
vn -0.0174 -0.3260 -0.9452
vn -0.9994 0.0321 0.0129
vn 0.9994 -0.0318 -0.0114
vn 0.0616 0.9559 0.2873
vn 0.1644 0.9457 0.2805
vn 0.0477 0.3182 0.9468
vn 0.0347 0.2857 0.9577
vn -0.0040 0.9717 0.2364
vn 0.0009 0.3044 0.9525
vn -0.0039 -0.6535 0.7569
vn 0.0070 -0.6745 0.7382
vn 0.0038 -0.9721 -0.2344
vn 0.0072 -0.9734 -0.2290
vn -0.0284 -0.6899 0.7233
vn -0.1256 -0.6590 0.7416
vn -0.1727 -0.9419 -0.2880
vn -0.0664 -0.9631 -0.2610
vn -0.9990 0.0450 0.0074
vn -0.0034 0.6665 -0.7455
vn 0.0026 0.9819 0.1896
vn 0.0143 0.6693 -0.7429
vn 0.9994 -0.0351 -0.0061
vn -0.1057 -0.8805 -0.4622
vn -0.0516 -0.3855 -0.9212
vn 0.0348 0.5057 -0.8620
vn -0.0145 0.4834 -0.8753
vn -0.0482 -0.4843 0.8736
vn -0.0015 -0.5021 0.8648
vn -0.0513 -0.2795 -0.9588
vn -0.0465 -0.3265 -0.9440
vn 0.1246 0.6939 -0.7092
vn 0.0184 0.6671 -0.7447
vn -0.0060 0.3391 0.9407
vn -0.0009 -0.3181 -0.9481
vn 0.0160 -0.2824 -0.9592
vn 0.8340 0.4264 0.3503
vn 0.0567 0.8112 0.5821
vn 0.7923 -0.5495 -0.2654
vn 0.8188 -0.5007 -0.2810
vn -0.8383 -0.4264 -0.3398
vn 0.1092 -0.8110 -0.5748
vn -0.7522 0.5380 0.3805
vn 0.8802 -0.4231 -0.2153
vn -0.8424 0.4535 0.2911
vn 0.1577 0.8246 0.5433
vn -0.0513 -0.9983 0.0282
vn -0.6751 0.3244 0.6625
vn -0.7242 -0.1253 0.6781
vn -0.0353 -0.9967 0.0738
vn 0.8151 0.0128 -0.5792
vn 0.8658 -0.3202 -0.3844
vn 0.4335 0.8957 -0.0996
vn -0.0279 0.9882 0.1505
vn 0.2868 -0.4663 0.8369
vn 0.5026 -0.4693 0.7261
vn 0.4968 -0.4319 0.7528
vn 0.4393 -0.4190 0.7946
vn -0.0759 0.3264 -0.9422
vn -0.1004 -0.3206 0.9419
vn 0.0109 0.9997 0.0215
vn 0.8310 0.5560 0.0158
vn 0.9987 -0.0415 0.0302
vn 0.9978 -0.0539 0.0381
vn 0.9948 -0.1019 0.0028
vn 0.9949 -0.0646 -0.0774
vn 0.9981 -0.0371 -0.0497
vn 0.9957 0.0174 -0.0905
vn 0.0281 -0.8268 -0.5618
vn 0.0512 -0.8890 -0.4549
vn 0.9027 -0.3822 -0.1979
vn 0.8544 -0.4064 -0.3238
vn 0.0112 0.8276 0.5613
vn -0.0013 0.8948 0.4464
vn -0.8251 0.5095 0.2443
vn -0.8259 0.4449 0.3463
vn -0.8534 -0.4622 -0.2409
vn -0.8793 -0.3946 -0.2668
vn 0.8602 0.4463 0.2467
vn 0.8661 0.4421 0.2333
vn -0.8740 -0.4483 -0.1873
vn -0.0056 -0.9555 -0.2949
vn -0.0886 -0.9942 -0.0618
vn -0.9429 -0.3329 -0.0027
vn 0.7675 -0.5845 -0.2634
vn 0.9298 0.3481 0.1198
vn 0.8511 0.5233 0.0424
vn 0.8598 -0.5085 -0.0459
vn 0.0582 -0.3221 0.9449
vn 0.0085 0.2829 -0.9591
vn 0.0102 -0.8252 -0.5648
vn -0.0310 -0.8789 -0.4761
vn 0.8897 -0.3688 -0.2693
vn 0.8113 -0.4425 -0.3820
vn 0.0342 0.8860 0.4624
vn 0.0400 0.8817 0.4701
vn -0.8568 0.4376 0.2729
vn -0.8543 0.4528 0.2552
vn -0.8033 -0.5256 -0.2802
vn -0.8494 -0.4392 -0.2925
vn 0.8963 0.4067 0.1769
vn 0.8994 0.3970 0.1828
vn 0.0596 -0.8485 -0.5258
vn -0.7859 -0.5399 -0.3014
vn 0.9419 0.2959 0.1591
vn 0.8130 -0.4759 -0.3354
vn -0.0668 -0.3938 0.9168
vn -0.1291 0.3369 -0.9327
vn -0.7609 0.5368 0.3644
vn -0.0027 0.8846 0.4664
vn 0.1001 0.8948 0.4350
vn -0.7043 0.6473 0.2916
vn 0.8470 -0.5308 0.0286
vn 0.0480 -0.9061 -0.4203
vn 0.1795 -0.8575 -0.4821
vn 0.6741 -0.6771 -0.2952
vn -0.0962 -0.3151 0.9442
vn -0.1030 0.3132 -0.9441
vn -0.0561 0.3036 -0.9511
vn -0.0809 -0.3380 0.9377
vn 0.0275 -0.9168 -0.3984
vn 0.0962 -0.8654 -0.4917
vn 0.7794 -0.5618 -0.2772
vn 0.8077 -0.5875 -0.0502
vn 0.0795 0.8764 0.4750
vn 0.0674 0.8811 0.4682
vn -0.7433 0.5935 0.3086
vn -0.8035 0.5303 0.2706
vn -0.8983 -0.3858 -0.2103
vn -0.8834 -0.4346 -0.1752
vn 0.8835 0.3686 0.2890
vn 0.7892 0.5426 0.2877
vn -0.1581 -0.4201 0.8936
vn -0.1490 0.3697 -0.9171
vn -0.0359 -0.8431 -0.5365
vn -0.0907 -0.8385 -0.5373
vn 0.7461 -0.5808 -0.3256
vn 0.7662 -0.6106 -0.2005
vn 0.0237 0.8025 0.5961
vn -0.0505 0.8392 0.5415
vn -0.8543 0.4456 0.2677
vn -0.8511 0.4349 0.2940
vn -0.7656 -0.5532 -0.3284
vn -0.8039 -0.3329 -0.4929
vn 0.8940 0.4288 0.1300
vn 0.9398 0.2810 0.1943
vn -0.0284 -0.8552 -0.5175
vn -0.6277 -0.6736 -0.3901
vn 0.9664 0.1953 0.1670
vn 0.6379 -0.6663 -0.3862
vn -0.0006 -0.3762 0.9265
vn -0.0010 0.3985 -0.9172
vn 0.0208 -0.8865 -0.4622
vn -0.0478 -0.8882 -0.4569
vn 0.7803 -0.5301 -0.3319
vn 0.8279 -0.5228 -0.2033
vn 0.0574 0.8942 0.4440
vn -0.0312 0.9017 0.4313
vn -0.7175 0.6065 0.3425
vn -0.7686 0.6066 0.2030
vn -0.7504 -0.5997 -0.2781
vn -0.8322 -0.4486 -0.3258
vn 0.8480 0.4414 0.2934
vn 0.8117 0.5403 0.2219
vn 0.9229 0.3139 0.2229
vn 0.9021 0.3780 0.2080
vn 0.1372 0.7568 0.6391
vn 0.1457 0.8238 0.5478
vn -0.7649 0.4064 0.4998
vn -0.8458 0.4480 0.2898
vn 0.0542 0.4076 -0.9115
vn 0.0376 0.9861 0.1616
vn -0.0052 0.4091 0.9125
vn 0.0091 0.4438 0.8961
vn 0.0151 0.9766 0.2145
vn 0.0245 -0.5391 0.8419
vn 0.0432 -0.9964 -0.0725
vn 0.0136 -0.9808 -0.1945
vn 0.0110 -0.4312 0.9022
vn -0.8987 -0.3868 -0.2067
vn -0.8316 -0.4808 -0.2780
vn 0.7128 0.2791 0.6434
vn 0.5229 0.7301 0.4399
vn 0.7363 0.6030 0.3069
vn 0.6570 -0.6818 -0.3217
vn 0.0418 0.6272 -0.7778
vn -0.0634 0.9319 -0.3572
vn -0.0866 0.9637 0.2525
vn 0.0592 0.9808 0.1859
vn 0.0161 0.5746 -0.8183
vn -0.0119 -0.3825 -0.9239
vn 0.0097 -0.2942 -0.9557
vn -0.0775 -0.4776 0.8752
vn -0.0492 -0.6633 0.7467
vn 0.0156 0.3139 0.9493
vn -0.0277 0.4220 0.9062
vn -0.0653 0.3828 0.9215
vn 0.0568 0.9796 0.1929
vn 0.0147 0.4446 0.8956
vn -0.0492 0.9733 0.2244
vn -0.0464 -0.9871 -0.1535
vn 0.0621 -0.9833 -0.1712
vn 0.0681 -0.7466 0.6618
vn 0.9918 -0.0931 -0.0872
vn -0.9984 0.0545 0.0116
vn -0.0916 0.8292 -0.5513
vn -0.0286 0.8933 0.4486
vn 0.1222 0.9120 0.3915
vn -0.0487 0.7980 -0.6008
vn -0.0476 0.3273 -0.9437
vn -0.1345 0.3097 -0.9413
vn -0.1591 0.3485 0.9237
vn -0.2673 -0.5645 0.7809
vn 0.1456 -0.3511 0.9250
vn 0.1936 0.1834 0.9638
vn 0.9961 -0.0286 -0.0839
vn -0.0582 -0.9981 -0.0224
vn -0.0982 -0.8364 -0.5392
vn -0.1361 -0.8179 -0.5591
vn -0.0709 -0.9891 -0.1292
vn 0.7996 -0.5890 -0.1169
vn 0.7390 0.4607 0.4916
vn 0.8572 0.4432 0.2623
vn 0.8366 -0.4933 -0.2382
vn -0.7977 -0.4156 -0.4369
vn -0.0765 -0.8169 -0.5716
vn -0.0490 -0.9245 -0.3780
vn -0.8279 -0.5087 -0.2364
vn 0.8371 -0.5464 0.0266
vn 0.8133 0.5378 0.2221
vn 0.6690 0.4293 0.6067
vn 0.7640 -0.6010 0.2346
vn -0.1633 0.9562 0.2429
vn 0.0666 0.9707 0.2309
vn -0.7050 0.7055 -0.0731
vn -0.7297 0.6651 -0.1586
vn -0.1885 -0.9684 -0.1632
vn 0.1066 -0.9647 -0.2407
vn -0.0396 0.8934 0.4475
vn -0.8856 0.4219 0.1941
vn -0.0505 0.8483 0.5271
vn -0.8640 0.4322 0.2583
vn -0.0813 -0.8365 -0.5419
vn -0.0403 -0.7734 -0.6326
vn 0.7829 -0.4342 -0.4455
vn 0.7815 -0.5289 -0.3310
vn -0.0246 0.8329 0.5528
vn 0.2136 -0.8406 -0.4977
vn -0.8753 -0.3912 -0.2844
vn -0.7696 0.5437 0.3350
vn 0.8865 0.4580 -0.0660
vn 0.1756 0.9320 0.3172
vn -0.7788 0.6224 0.0787
vn -0.8177 -0.5301 -0.2245
vn 0.0838 -0.9603 -0.2659
vn 0.8699 -0.3884 -0.3038
vn 0.1765 0.8235 0.5392
vn -0.8505 0.4254 0.3092
vn -0.1840 0.3394 0.9224
vn -0.1325 0.9413 0.3104
vn 0.1041 0.9388 0.3284
vn 0.1011 0.3594 0.9277
vn -0.0161 -0.9975 -0.0689
vn -0.1379 -0.5115 0.8481
vn 0.0046 -0.5914 0.8064
vn -0.0423 -0.9827 -0.1801
vn -0.0231 -0.8611 -0.5079
vn -0.0531 -0.8415 -0.5376
vn 0.0491 0.3345 -0.9411
vn 0.0766 0.7804 -0.6206
vn -0.0263 0.7495 -0.6615
vn 0.0728 0.3198 -0.9447
vn -0.0505 -0.9828 -0.1779
vn 0.0699 -0.9836 -0.1662
vn 0.0480 -0.3099 -0.9496
vn -0.0029 -0.4811 0.8767
vn 0.0294 -0.4489 -0.8931
vn -0.0060 0.7694 -0.6388
vn 0.0164 0.1362 -0.9905
vn 0.1670 -0.9012 -0.3999
vn 0.8790 -0.4703 -0.0790
vn 0.1161 0.8884 0.4441
vn -0.7373 0.6516 0.1783
vn -0.8907 -0.3279 -0.3148
vn 0.7905 0.4267 0.4394
vn -0.8362 -0.4951 -0.2360
vn -0.9405 -0.1346 -0.3121
vn -0.1163 0.9476 0.2975
vn -0.8862 0.4401 0.1448
vn -0.0620 -0.4181 -0.9063
vn 0.0021 -0.4993 -0.8664
vn 0.0051 0.6430 -0.7658
vn -0.0393 0.6035 -0.7964
vn -0.7389 -0.3909 -0.5488
vn 0.2158 -0.8113 -0.5434
vn 0.9176 -0.3965 0.0264
vn 0.7948 0.3676 0.4829
vn -0.1289 0.8463 0.5168
vn -0.9101 0.4110 -0.0530
vn 0.0982 0.8937 0.4378
vn -0.8384 0.5439 -0.0353
vn 0.2027 0.2933 0.9343
vn 0.0162 0.0595 0.9981
vn -0.0455 -0.6251 0.7792
vn -0.1785 -0.6145 0.7684
vn 0.1652 -0.3305 -0.9293
vn -0.0035 0.0682 -0.9977
vn 0.0406 0.6536 -0.7558
vn -0.0888 0.6582 -0.7476
vn 0.1205 0.9778 -0.1715
vn 0.3800 0.9073 0.1803
vn -0.3565 -0.9045 -0.2340
vn -0.1463 -0.9875 0.0592
vn -0.2781 -0.9316 -0.2341
vn -0.0838 -0.3147 -0.9455
vn 0.2703 0.9306 0.2470
vn 0.1015 0.2930 0.9507
vn 0.0027 0.2349 0.9720
vn -0.0339 0.9993 0.0158
vn 0.9994 -0.0298 -0.0157
vn -0.9777 -0.1006 0.1845
vn -0.0936 0.9658 0.2420
vn 0.0127 0.2940 0.9557
vn -0.0179 0.3539 0.9351
vn -0.1366 0.9605 0.2423
vn 0.0168 0.9864 0.1634
vn -0.0109 0.3244 0.9459
vn -0.0041 -0.6366 0.7712
vn -0.0392 -0.9888 -0.1438
vn -0.0252 -0.9760 -0.2162
vn 0.0023 -0.6194 0.7851
vn 0.0641 -0.6651 0.7440
vn 0.0754 -0.9726 -0.2201
vn 0.1434 -0.9455 -0.2922
vn 0.1251 -0.6181 0.7760
vn 0.9997 -0.0195 -0.0172
vn -0.0062 0.6561 -0.7546
vn -0.0039 0.6381 -0.7699
vn 0.0296 0.9821 0.1863
vn -0.9993 0.0356 0.0143
vn 0.0396 -0.9988 -0.0273
vn 0.0033 -0.2006 -0.9797
vn -0.0264 0.8046 -0.5933
vn -0.1778 0.6347 -0.7520
vn 0.1884 -0.6461 0.7396
vn 0.0308 -0.7836 0.6205
vn 0.0002 -0.3316 -0.9434
vn 0.0162 -0.2441 -0.9696
vn -0.1240 0.6862 -0.7168
vn -0.0600 0.6312 -0.7733
vn 0.0281 0.3048 0.9520
vn -0.0367 -0.3364 -0.9410
vn -0.0378 -0.3428 -0.9386
vn -0.8050 0.4663 0.3668
vn -0.0147 0.8067 0.5908
vn -0.8333 -0.4893 -0.2572
vn -0.8452 -0.4460 -0.2946
vn 0.8060 -0.4700 -0.3599
vn -0.1518 -0.7977 -0.5837
vn 0.7885 0.4859 0.3771
vn -0.9073 -0.3712 -0.1978
vn 0.8898 -0.4562 0.0153
vn 0.8128 0.2293 0.5355
vn 0.7425 0.1548 0.6517
vn 0.8102 -0.5778 0.0981
vn 0.0522 0.7134 0.6988
vn 0.1483 0.6973 0.7013
vn -0.7786 0.5717 0.2587
vn -0.8558 0.5173 -0.0054
vn -0.6252 -0.6972 0.3507
vn -0.4326 -0.8297 0.3527
vn 0.2921 -0.3769 -0.8790
vn 0.2155 -0.5609 -0.7994
vn -0.8198 -0.5214 0.2367
vn 0.1498 -0.7551 -0.6383
vn 0.5887 0.8078 0.0319
vn 0.7982 0.3301 -0.5038
vn 0.0253 0.5553 0.8312
vn 0.1094 0.3092 0.9447
vn -0.0769 0.6866 -0.7229
vn -0.0099 0.7930 -0.6092
vn -0.9517 -0.2713 -0.1436
vn -0.9498 -0.3077 -0.0562
vn -0.0577 0.6409 0.7654
vn 0.9714 0.0060 -0.2373
vn 0.0480 -0.8318 -0.5530
vn 0.2027 -0.8108 -0.5491
vn 0.7699 0.5166 0.3746
vn 0.7149 0.5609 0.4175
vn 0.2921 -0.3830 0.8764
vn -0.2944 -0.4088 0.8638
vn 0.7418 0.6224 0.2497
vn -0.3640 -0.0289 0.9310
vn -0.1188 0.5185 -0.8468
vn -0.9731 -0.1504 -0.1748
vn 0.5538 -0.4077 0.7260
vn 0.4647 -0.3554 0.8110
vn 0.4744 -0.3294 0.8163
vn 0.3647 -0.1926 0.9110
vn -0.3805 0.7057 0.5976
vn -0.2918 0.7850 0.5465
vn -0.2690 0.7829 0.5610
vn -0.0841 0.8564 0.5094
vn 0.0073 -0.9996 -0.0277
vn -0.0105 -0.9998 0.0168
vn 0.7212 -0.0730 0.6888
vn 0.7373 0.1731 0.6530
vn -0.8487 0.1706 -0.5007
vn -0.8978 -0.2231 -0.3797
vn -0.3934 0.9126 -0.1117
vn 0.0093 0.9600 0.2797
vn -0.6342 -0.4861 0.6012
vn -0.4320 -0.4432 0.7855
vn -0.5014 -0.3962 0.7692
vn -0.5246 -0.4050 0.7489
vn -0.7582 -0.3594 -0.5440
vn -0.7389 -0.3039 -0.6014
vn -0.4124 0.8155 0.4060
vn -0.3837 0.8778 0.2869
vn -0.9548 0.2807 -0.0975
vn -0.9493 0.2985 -0.0980
vn 0.4637 -0.7862 -0.4086
vn 0.5066 -0.8183 -0.2716
vn 0.9502 -0.3056 0.0617
vn 0.9740 -0.1765 0.1418
vn 0.3395 0.8430 0.4171
vn 0.4625 0.6832 0.5652
vn -0.4683 -0.6332 -0.6163
vn -0.4208 -0.7981 -0.4313
vn 0.9885 -0.1422 -0.0510
vn 0.9680 -0.2507 0.0081
vn 0.4934 0.6349 0.5945
vn 0.5427 0.6469 0.5356
vn 0.1341 -0.1423 0.9807
vn 0.0465 0.3779 -0.9247
vn -0.6194 -0.7475 -0.2398
vn -0.5551 -0.8292 0.0649
vn -0.9273 0.1069 0.3587
vn -0.9810 0.0414 0.1897
vn -0.5419 -0.6084 -0.5798
vn -0.6158 -0.6184 -0.4883
vn -0.9641 0.2207 0.1474
vn -0.9699 0.2240 -0.0960
vn -0.3211 0.7601 0.5650
vn -0.4072 0.7778 0.4788
vn 0.9304 -0.2454 -0.2722
vn 0.9452 -0.1225 -0.3028
vn 0.3349 -0.9104 -0.2431
vn 0.2324 -0.8606 -0.4532
vn 0.6218 0.7249 0.2965
vn 0.3340 -0.7595 -0.5582
vn 0.3548 -0.7702 -0.5300
vn -0.3820 0.7766 0.5010
vn -0.2717 0.9200 0.2826
vn 0.6341 0.7720 -0.0441
vn -0.2026 0.9720 0.1194
vn -0.7623 0.6400 0.0966
vn 0.1714 -0.8620 -0.4771
vn 0.2484 -0.8320 -0.4962
vn 0.8342 -0.4797 -0.2721
vn 0.7704 -0.5583 -0.3077
vn -0.2929 0.8285 0.4772
vn -0.2466 0.8361 0.4901
vn -0.8287 0.4902 0.2700
vn -0.9027 0.3703 0.2189
vn -0.8785 -0.4207 -0.2264
vn -0.8077 -0.5220 -0.2742
vn 0.9570 0.2271 0.1804
vn 0.9011 0.3785 0.2117
vn -0.0210 -0.2541 0.9669
vn -0.1073 0.3721 -0.9220
vn 0.9995 0.0261 -0.0175
vn 0.9949 -0.1003 -0.0114
vn 0.9967 -0.0694 -0.0431
vn 0.9981 -0.0611 -0.0110
vn 0.9946 -0.0827 -0.0631
vn 0.9971 -0.0226 0.0728
vn -0.9915 -0.0825 0.1004
vn -0.9987 0.0032 -0.0514
vn -0.9992 0.0238 0.0311
vn -0.9991 -0.0303 0.0301
vn -0.9969 -0.0504 0.0609
vn -0.9972 -0.0183 0.0728
vn -0.1297 -0.8396 0.5275
vn -0.2411 -0.8651 0.4399
vn -0.9432 -0.2902 0.1616
vn -0.8888 -0.3525 0.2930
vn 0.1032 0.8404 -0.5320
vn 0.1111 0.8902 -0.4418
vn 0.8823 0.4233 -0.2058
vn 0.8776 0.3753 -0.2981
vn 0.7547 -0.5857 0.2957
vn 0.8226 -0.4907 0.2874
vn -0.8128 0.5242 -0.2540
vn -0.8229 0.5089 -0.2529
vn 0.8335 -0.5259 0.1694
vn -0.0561 -0.9704 0.2348
vn 0.0360 -0.9993 -0.0119
vn 0.9269 -0.3753 -0.0051
vn -0.8029 -0.5581 0.2098
vn -0.9047 0.4107 -0.1130
vn -0.8001 0.5997 -0.0152
vn -0.8886 -0.4586 -0.0102
vn -0.0449 -0.3274 -0.9438
vn 0.1319 0.2891 0.9482
vn 0.7990 0.5325 -0.2794
vn 0.0469 0.9106 -0.4105
vn -0.0348 0.9014 -0.4316
vn 0.7341 0.6326 -0.2467
vn -0.8352 -0.5423 -0.0911
vn -0.0798 -0.9317 0.3543
vn -0.2611 -0.8440 0.4685
vn -0.7214 -0.6540 0.2275
vn 0.1924 -0.2628 -0.9455
vn 0.1156 0.2678 0.9565
vn -0.8373 0.4569 -0.3004
vn -0.9535 -0.2579 0.1561
vn -0.9699 -0.1735 0.1708
vn -0.8156 0.4973 -0.2958
vn 0.9467 -0.2785 0.1620
vn 0.8123 -0.3398 0.4740
vn 0.0019 -0.8344 0.5512
vn -0.1112 -0.8645 0.4901
vn 0.7778 -0.4420 0.4468
vn 0.7776 -0.5344 0.3311
vn 0.9242 0.3125 -0.2198
vn 0.9054 0.3738 -0.2016
vn -0.7970 0.4779 -0.3694
vn 0.0114 0.8094 -0.5871
vn 0.1545 0.7588 -0.6327
vn -0.7595 0.4122 -0.5032
vn 0.7972 -0.4812 0.3646
vn 0.8168 -0.5388 0.2064
vn -0.0105 -0.8933 0.4494
vn -0.1765 -0.7987 0.5753
vn -0.9112 -0.3646 0.1920
vn -0.8393 -0.4437 0.3142
vn -0.7793 0.5858 -0.2224
vn -0.0560 -0.7752 0.6293
vn -0.0741 -0.8713 0.4851
vn -0.0569 -0.8664 0.4961
vn -0.8158 -0.5175 0.2583
vn -0.8227 -0.5510 0.1400
vn 0.0841 0.8337 -0.5457
vn 0.1394 0.8524 -0.5040
vn 0.8973 0.3831 -0.2192
vn 0.8944 0.3759 -0.2424
vn 0.6743 -0.6414 0.3660
vn 0.7606 -0.4217 0.4936
vn -0.8450 0.5177 -0.1341
vn -0.9147 0.3561 -0.1913
vn -0.0678 -0.8886 0.4537
vn 0.5769 -0.7303 0.3659
vn -0.9292 0.3221 -0.1814
vn -0.7160 -0.6239 0.3132
vn -0.0372 -0.3837 -0.9227
vn 0.1033 0.3953 0.9127
vn -0.0464 -0.8813 0.4703
vn -0.0667 -0.8755 0.4785
vn -0.7822 -0.5463 0.2996
vn -0.7186 -0.6160 0.3227
vn 0.2828 0.8384 -0.4660
vn 0.2686 0.8469 -0.4589
vn 0.8458 0.4720 -0.2487
vn 0.9155 0.3531 -0.1929
vn 0.8854 -0.4084 0.2221
vn 0.8180 -0.5089 0.2681
vn -0.9463 0.2536 -0.2005
vn -0.8802 0.4127 -0.2342
vn 0.0255 -0.2630 -0.9645
vn -0.0212 0.3655 0.9306
vn -0.0642 -0.8930 0.4454
vn -0.0349 -0.8984 0.4379
vn -0.8264 -0.5002 0.2585
vn -0.8556 -0.4915 0.1624
vn 0.0098 0.9032 -0.4292
vn 0.0864 0.9047 -0.4173
vn 0.7582 0.5923 -0.2726
vn 0.8114 0.5643 -0.1522
vn 0.6854 -0.6421 0.3433
vn 0.7982 -0.4920 0.3478
vn -0.8071 0.4938 -0.3237
vn -0.7791 0.5666 -0.2683
vn -0.8865 0.3998 -0.2331
vn -0.8747 0.4354 -0.2128
vn -0.0861 0.7794 -0.6206
vn -0.0749 0.8566 -0.5106
vn 0.8073 0.3606 -0.4672
vn 0.8750 0.4103 -0.2570
vn -0.0256 -0.3697 -0.9288
vn -0.0221 0.3972 0.9175
vn -0.1087 0.6743 0.7304
vn -0.0026 0.6337 0.7736
vn 0.0255 0.9868 -0.1596
vn -0.1001 0.9817 -0.1620
vn -0.0378 -0.9956 0.0852
vn -0.0425 -0.4812 0.8756
vn -0.0030 -0.5004 0.8658
vn 0.1187 -0.9792 0.1645
vn 0.1145 -0.6270 -0.7706
vn 0.0060 -0.6513 -0.7588
vn -0.1134 0.9831 -0.1435
vn 0.0260 0.4102 -0.9116
vn 0.0300 0.4708 -0.8817
vn -0.0243 0.9874 -0.1565
vn 0.0576 -0.5618 -0.8253
vn 0.0208 -0.9983 0.0544
vn -0.0093 -0.9895 0.1440
vn 0.0380 -0.4369 -0.8987
vn 0.8635 -0.4427 0.2414
vn 0.7814 -0.5249 0.3376
vn -0.6986 0.3104 -0.6448
vn -0.4644 0.7403 -0.4860
vn -0.7206 0.6442 -0.2565
vn -0.6824 -0.6948 0.2269
vn -0.0747 0.5980 0.7980
vn -0.0677 0.9186 0.3894
vn -0.0243 0.9753 -0.2194
vn -0.0406 0.9830 -0.1793
vn 0.0048 0.5853 0.8108
vn -0.0298 -0.3957 0.9179
vn -0.0267 -0.3515 0.9358
vn 0.0864 -0.5150 -0.8528
vn 0.0249 -0.6679 -0.7438
vn 0.0254 0.3444 -0.9385
vn 0.0384 0.4127 -0.9101
vn 0.0520 0.4194 -0.9063
vn -0.0001 0.9891 -0.1474
vn 0.0237 0.4503 -0.8925
vn 0.0653 0.9826 -0.1740
vn -0.0184 -0.9919 0.1256
vn -0.0818 -0.9910 0.1064
vn -0.0541 -0.7585 -0.6494
vn -0.9978 -0.0391 0.0534
vn 0.9997 0.0182 0.0134
vn 0.0879 0.8156 0.5719
vn 0.0403 0.9148 -0.4018
vn -0.1046 0.9489 -0.2977
vn 0.0768 0.7516 0.6552
vn 0.0412 0.3502 0.9358
vn 0.1475 0.3360 0.9302
vn 0.1774 0.3463 -0.9212
vn 0.2708 -0.5629 -0.7809
vn -0.1486 -0.3686 -0.9176
vn -0.2170 0.2026 -0.9549
vn -0.9972 0.0375 0.0639
vn 0.0490 -0.9987 -0.0154
vn 0.0838 -0.8668 0.4916
vn 0.1225 -0.8576 0.4996
vn 0.0495 -0.9933 0.1044
vn -0.9110 -0.3603 0.2004
vn -0.8815 -0.3980 0.2542
vn -0.9202 -0.3521 0.1708
vn 0.0418 -0.8907 0.4527
vn 0.7966 0.4801 -0.3674
vn 0.8575 0.4277 -0.2861
vn 0.0961 0.9218 -0.3756
vn 0.9121 0.3808 -0.1516
vn 0.1583 0.8739 -0.4596
vn 0.8951 0.3919 -0.2128
vn 0.0244 -0.8642 0.5026
vn -0.0094 -0.7899 0.6132
vn -0.8133 -0.4016 0.4210
vn -0.8267 -0.4843 0.2865
vn 0.0130 0.8954 -0.4450
vn -0.2299 -0.9018 0.3659
vn 0.8701 -0.4170 0.2629
vn 0.7632 0.5968 -0.2478
vn -0.8371 -0.4856 0.2517
vn -0.8486 -0.4423 0.2902
vn -0.0934 -0.8377 0.5381
vn -0.8045 0.5181 -0.2905
vn -0.7443 0.6224 -0.2422
vn 0.0490 0.8652 -0.4991
vn 0.0143 0.8619 -0.5069
vn 0.9679 0.1886 -0.1661
vn 0.5359 0.7414 -0.4040
vn 0.0700 0.4098 0.9095
vn -0.9065 -0.3611 0.2188
vn -0.7423 0.6061 -0.2857
vn -0.1554 -0.8791 0.4507
vn 0.2140 0.3482 -0.9127
vn 0.1561 0.9479 -0.2776
vn -0.0630 0.9500 -0.3058
vn -0.0725 0.3809 -0.9218
vn -0.0035 -0.9989 0.0465
vn 0.1534 -0.5081 -0.8476
vn -0.0172 -0.5751 -0.8179
vn 0.0001 -0.9879 0.1553
vn -0.0184 -0.8748 0.4842
vn 0.0262 -0.8601 0.5095
vn -0.0510 0.3441 0.9376
vn -0.0571 0.7831 0.6193
vn 0.0209 0.7430 0.6690
vn -0.0961 0.3334 0.9379
vn 0.0551 -0.9882 0.1428
vn 0.0395 -0.9859 0.1629
vn -0.0479 -0.3128 0.9486
vn 0.0912 -0.4490 -0.8889
vn -0.0844 -0.5004 0.8617
vn -0.0104 0.7503 0.6610
vn -0.0711 0.1180 0.9905
vn -0.8394 0.4602 -0.2891
vn 0.0872 0.8922 -0.4432
vn 0.0795 0.8965 -0.4359
vn 0.0029 -0.3640 -0.9314
vn 0.8126 0.5395 -0.2205
vn 0.8574 -0.4317 0.2801
vn 0.7510 -0.6292 0.2004
vn 0.9152 0.3902 -0.1007
vn 0.8292 0.4870 -0.2745
vn -0.0071 0.8981 -0.4398
vn 0.9634 0.1712 -0.2064
vn -0.0410 -0.8655 0.4992
vn 0.8192 -0.4898 0.2984
vn -0.0831 -0.8600 0.5035
vn -0.1158 -0.8398 0.5305
vn -0.8644 0.4354 -0.2514
vn -0.9350 -0.2848 0.2113
vn 0.9625 -0.2145 0.1660
vn 0.0068 0.4011 -0.9160
vn 0.0130 0.4534 -0.8912
vn 0.0523 -0.4401 0.8964
vn -0.0434 -0.5373 0.8422
vn -0.0584 0.6285 0.7756
vn -0.0529 0.6000 0.7983
vn -0.0021 -0.3768 -0.9263
vn 0.8436 -0.4532 0.2880
vn 0.1480 0.8516 -0.5029
vn 0.0691 0.8942 -0.4424
vn 0.8677 0.4291 -0.2510
vn 0.0383 0.4031 0.9143
vn 0.1631 0.8284 -0.5359
vn -0.1773 0.3049 -0.9357
vn -0.0328 0.0917 -0.9952
vn 0.0580 -0.6092 -0.7909
vn 0.1866 -0.6259 -0.7573
vn -0.1935 -0.3515 0.9160
vn 0.0061 0.0815 0.9967
vn -0.0603 0.6636 0.7457
vn 0.0820 0.6418 0.7625
vn -0.1379 0.9712 0.1942
vn -0.3603 0.9180 -0.1656
vn 0.3347 -0.9173 0.2158
vn 0.1592 -0.9844 -0.0754
vn 0.2247 -0.9538 0.1995
vn 0.0405 -0.3470 0.9370
vn -0.2182 0.9543 -0.2044
vn -0.0598 0.3172 -0.9465
vn 0.0392 0.2590 -0.9651
vn 0.0893 0.9953 0.0377
vn -0.9993 0.0361 -0.0106
vn 0.9734 -0.1631 -0.1609
vn -0.0089 -0.9752 0.2213
vn 0.0090 -0.6456 -0.7636
vn 0.0092 -0.6369 -0.7709
vn -0.0090 -0.9737 0.2276
vn -0.0098 0.6483 0.7613
vn 0.0080 0.9747 -0.2235
vn 0.0081 0.9731 -0.2303
vn -0.0100 0.6390 0.7692
vn 0.0171 0.3115 -0.9501
vn 0.0171 0.3264 -0.9451
vn -0.0174 -0.3110 0.9503
vn -0.0174 -0.3260 0.9452
vn -0.9994 0.0321 -0.0129
vn 0.9994 -0.0318 0.0114
vn 0.0637 0.9551 -0.2893
vn 0.0160 0.2713 -0.9624
vn 0.0486 0.3424 -0.9383
vn 0.1645 0.9492 -0.2681
vn -0.0451 0.9792 -0.1979
vn 0.0312 0.3350 -0.9417
vn -0.0039 -0.6521 -0.7581
vn 0.0078 -0.9816 0.1906
vn 0.0464 -0.9600 0.2762
vn 0.0482 -0.6421 -0.7651
vn -0.0126 -0.7033 -0.7108
vn -0.0500 -0.9684 0.2443
vn -0.1728 -0.9379 0.3008
vn -0.1251 -0.6486 -0.7507
vn -0.9990 0.0450 -0.0074
vn -0.0447 0.6957 0.7170
vn 0.0144 0.6706 0.7417
vn 0.0021 0.9733 -0.2294
vn 0.9994 -0.0351 0.0061
vn -0.1003 -0.9945 -0.0307
vn -0.0464 -0.2280 0.9726
vn 0.0507 0.7936 0.6064
vn 0.1835 0.6210 0.7620
vn -0.1983 -0.6343 -0.7472
vn -0.0591 -0.7758 -0.6282
vn -0.0279 -0.3485 0.9369
vn -0.0502 -0.2548 0.9657
vn 0.1252 0.7034 0.6997
vn -0.0005 0.6552 0.7554
vn -0.0069 0.3037 -0.9528
vn 0.0111 -0.3058 0.9520
vn 0.0145 -0.3194 0.9475
vn 0.8340 0.4264 -0.3503
vn 0.0567 0.8112 -0.5821
vn 0.7923 -0.5495 0.2654
vn 0.8188 -0.5006 0.2810
vn -0.8383 -0.4264 0.3398
vn 0.1092 -0.8110 0.5748
vn -0.7522 0.5380 -0.3805
vn 0.8802 -0.4231 0.2153
vn -0.8424 0.4535 -0.2911
vn 0.1577 0.8246 -0.5433
vn -0.0388 -0.9991 -0.0193
vn -0.0183 -0.9979 -0.0617
vn -0.7109 -0.0628 -0.7004
vn -0.7162 0.2554 -0.6495
vn 0.8432 0.1510 0.5160
vn 0.8698 -0.3112 0.3828
vn 0.3990 0.8989 0.1811
vn 0.0092 0.9738 -0.2274
vn 0.6164 -0.5284 -0.5838
vn 0.4215 -0.4744 -0.7729
vn 0.4932 -0.4316 -0.7553
vn 0.5154 -0.4416 -0.7345
vn -0.0759 0.3264 0.9422
vn -0.1004 -0.3206 -0.9419
vn 0.2420 0.9697 -0.0340
vn 0.7780 0.6271 -0.0382
vn 0.9998 -0.0081 -0.0186
vn 0.9975 0.0078 -0.0707
vn 0.9996 -0.0041 0.0278
vn 0.9950 -0.0624 0.0783
vn 0.9946 -0.0859 0.0581
vn 0.9960 -0.0899 0.0011
vn 0.0543 -0.8386 0.5421
vn 0.8324 -0.4673 0.2980
vn 0.8816 -0.4225 0.2104
vn 0.0573 -0.8887 0.4549
vn 0.0427 0.8457 -0.5319
vn -0.8638 0.4269 -0.2675
vn -0.8388 0.4892 -0.2388
vn 0.0172 0.8945 -0.4467
vn -0.8868 -0.3897 0.2484
vn -0.8785 -0.4200 0.2277
vn 0.8388 0.4575 -0.2952
vn 0.8001 0.5403 -0.2607
vn -0.8693 -0.4534 0.1969
vn -0.9543 -0.2987 -0.0103
vn 0.0539 -0.9962 0.0681
vn -0.0605 -0.9358 0.3474
vn 0.7731 -0.5734 0.2711
vn 0.8192 -0.5701 0.0624
vn 0.8303 0.5546 -0.0548
vn 0.9168 0.3671 -0.1571
vn 0.0582 -0.3221 -0.9449
vn 0.0085 0.2829 0.9591
vn 0.0708 -0.8528 0.5175
vn 0.7711 -0.5361 0.3435
vn 0.7885 -0.5305 0.3111
vn 0.1245 -0.8624 0.4906
vn -0.0138 0.8596 -0.5108
vn -0.8306 0.4650 -0.3065
vn -0.8090 0.5095 -0.2931
vn 0.0132 0.8803 -0.4742
vn -0.8802 -0.4227 0.2156
vn -0.8936 -0.3936 0.2159
vn 0.8886 0.4118 -0.2021
vn 0.8473 0.4833 -0.2202
vn -0.8507 -0.4528 0.2668
vn 0.0199 -0.8465 0.5320
vn 0.7551 -0.5466 0.3621
vn 0.9306 0.3244 -0.1698
vn -0.0668 -0.3938 -0.9168
vn -0.1291 0.3369 0.9327
vn -0.8095 0.5185 -0.2754
vn -0.7657 0.5798 -0.2786
vn -0.0672 0.8920 -0.4470
vn -0.0420 0.8636 -0.5025
vn 0.9677 -0.2276 0.1086
vn 0.9730 -0.1717 0.1544
vn -0.0838 -0.8858 0.4565
vn -0.0665 -0.8561 0.5125
vn -0.0962 -0.3151 -0.9442
vn -0.1030 0.3132 0.9441
vn -0.0561 0.3036 0.9511
vn -0.0809 -0.3380 -0.9377
vn -0.0186 -0.8979 0.4398
vn 0.9461 -0.2681 0.1814
vn 0.9407 -0.2864 0.1820
vn -0.0164 -0.8762 0.4817
vn 0.0990 0.8847 -0.4555
vn -0.7938 0.5349 -0.2896
vn -0.7654 0.5677 -0.3031
vn 0.0654 0.8810 -0.4686
vn -0.8612 -0.4535 0.2295
vn -0.8615 -0.4443 0.2456
vn 0.9244 0.3400 -0.1732
vn 0.8683 0.4331 -0.2420
vn -0.1581 -0.4201 -0.8936
vn -0.1490 0.3697 0.9171
vn -0.0244 -0.8496 0.5269
vn 0.8573 -0.4430 0.2624
vn 0.8798 -0.3971 0.2611
vn -0.0416 -0.8422 0.5375
vn 0.1183 0.8482 -0.5163
vn -0.8649 0.4301 -0.2590
vn -0.8284 0.4813 -0.2863
vn 0.1234 0.8337 -0.5382
vn -0.9482 -0.2691 0.1691
vn -0.9632 -0.1928 0.1875
vn 0.8481 0.4542 -0.2728
vn 0.8155 0.5003 -0.2910
vn -0.9266 -0.2946 0.2337
vn -0.0076 -0.8555 0.5177
vn 0.8276 -0.4706 0.3061
vn 0.8646 0.4288 -0.2621
vn -0.0006 -0.3762 -0.9265
vn -0.0010 0.3985 0.9172
vn 0.0272 -0.8893 0.4565
vn 0.8308 -0.5171 0.2060
vn 0.8550 -0.4367 0.2796
vn 0.0762 -0.8885 0.4524
vn 0.0545 0.8929 -0.4469
vn -0.7715 0.6049 -0.1972
vn -0.8469 0.4498 -0.2835
vn 0.0482 0.8988 -0.4357
vn -0.8259 -0.4516 0.3375
vn -0.9144 -0.3645 0.1763
vn 0.8477 0.4417 -0.2938
vn 0.8027 0.5521 -0.2257
vn 0.9229 0.3139 -0.2229
vn 0.1457 0.8238 -0.5478
vn 0.1372 0.7568 -0.6391
vn 0.9021 0.3780 -0.2080
vn -0.8458 0.4480 -0.2898
vn -0.7649 0.4064 -0.4998
vn 0.0542 0.4076 0.9115
vn 0.0433 0.9869 -0.1555
vn 0.0101 0.9914 -0.1308
vn 0.0087 0.4364 -0.8997
vn 0.0049 0.4001 -0.9165
vn -0.0294 -0.5818 -0.8128
vn -0.0041 -0.5585 -0.8295
vn 0.0052 -0.9995 -0.0306
vn -0.0344 -0.9994 -0.0053
vn -0.8774 -0.4025 0.2611
vn -0.8953 -0.3794 0.2333
vn 0.9550 0.1884 -0.2292
vn 0.9777 0.1641 -0.1312
vn 0.9469 -0.2577 0.1922
vn 0.9670 0.1700 -0.1897
vn 0.0418 0.6272 0.7777
vn 0.0592 0.9808 -0.1859
vn -0.0866 0.9637 -0.2525
vn -0.0634 0.9319 0.3571
vn 0.0097 -0.2942 0.9557
vn -0.0207 -0.3888 0.9211
vn 0.0318 0.5595 0.8282
vn -0.0775 -0.4776 -0.8752
vn -0.0277 0.4220 -0.9062
vn 0.0120 0.3180 -0.9480
vn -0.0203 -0.6446 -0.7642
vn -0.0653 0.3828 -0.9215
vn 0.0346 0.9769 -0.2111
vn -0.0512 0.9795 -0.1949
vn -0.0080 0.3120 -0.9500
vn 0.0579 -0.6590 -0.7499
vn 0.0572 -0.9722 0.2272
vn -0.0356 -0.9856 0.1652
vn 0.9918 -0.0931 0.0872
vn -0.9984 0.0545 -0.0116
vn 0.0182 0.7442 0.6677
vn -0.0489 0.7963 0.6029
vn 0.1294 0.8893 -0.4387
vn 0.0547 0.8577 -0.5112
vn -0.0176 0.3254 0.9454
vn -0.1345 0.3097 0.9413
vn 0.0417 0.5373 -0.8424
vn 0.1825 0.4404 -0.8791
vn 0.0654 -0.7342 -0.6758
vn -0.0685 -0.7571 -0.6497
vn 0.9961 -0.0286 0.0839
vn -0.0750 -0.9965 0.0378
vn -0.0633 -0.9964 0.0556
vn -0.1361 -0.8179 0.5590
vn -0.0782 -0.8378 0.5403
vn 0.8691 -0.4680 0.1604
vn 0.8590 -0.4820 0.1724
vn 0.8483 0.4650 -0.2534
vn 0.8014 0.4397 -0.4056
vn -0.8063 -0.4145 0.4220
vn -0.8462 -0.4689 0.2530
vn -0.0608 -0.9282 0.3671
vn -0.0515 -0.8344 0.5487
vn 0.8228 -0.5672 -0.0363
vn 0.7433 -0.6310 -0.2220
vn 0.8214 0.1976 -0.5350
vn 0.8637 0.4859 -0.1340
vn 0.0563 0.9602 -0.2736
vn -0.7651 0.6188 0.1781
vn -0.8181 0.5749 -0.0101
vn 0.0426 0.9812 -0.1885
vn 0.0721 -0.9854 0.1546
vn -0.0099 -0.9854 0.1701
vn -0.1157 0.9206 -0.3731
vn -0.8471 0.5056 -0.1637
vn 0.1174 0.8434 -0.5243
vn -0.8749 0.4142 -0.2510
vn -0.0813 -0.8365 0.5419
vn 0.7815 -0.5289 0.3310
vn 0.7829 -0.4342 0.4455
vn -0.0403 -0.7734 0.6326
vn -0.0272 0.8329 -0.5528
vn -0.0776 -0.8378 0.5404
vn -0.8629 -0.4125 0.2919
vn -0.8284 0.4718 -0.3020
vn 0.7744 0.5774 -0.2588
vn 0.1620 0.9383 -0.3055
vn -0.8229 0.5527 -0.1319
vn -0.8130 -0.5336 0.2329
vn 0.0828 -0.9601 0.2670
vn 0.7211 -0.6750 0.1560
vn 0.0068 0.8370 -0.5471
vn -0.8604 0.4111 -0.3010
vn 0.0226 0.5210 -0.8532
vn 0.1012 0.3631 -0.9263
vn 0.1041 0.9683 -0.2269
vn 0.0318 0.8841 -0.4663
vn -0.0584 -0.9926 0.1068
vn -0.0398 -0.9979 -0.0508
vn 0.0074 -0.5354 -0.8446
vn -0.0171 -0.6391 -0.7689
vn -0.0190 -0.8436 0.5367
vn -0.0013 -0.8503 0.5262
vn 0.0284 0.3561 0.9340
vn 0.0178 0.3231 0.9462
vn 0.0354 0.7080 0.7053
vn 0.0740 0.7214 0.6886
vn -0.0505 -0.9828 0.1779
vn 0.0480 -0.3099 0.9496
vn 0.0699 -0.9836 0.1662
vn -0.0029 -0.4811 -0.8767
vn 0.0148 -0.3031 0.9528
vn -0.0607 0.6454 0.7614
vn 0.0164 0.1362 0.9905
vn 0.1628 -0.8996 0.4052
vn 0.9203 -0.3678 0.1335
vn 0.1190 0.8891 -0.4421
vn -0.7270 0.6568 -0.2003
vn -0.8760 -0.3440 0.3380
vn 0.8824 0.3670 -0.2946
vn -0.8667 -0.4633 0.1849
vn -0.8227 -0.4137 0.3899
vn -0.8771 0.4629 -0.1280
vn -0.0512 0.9323 -0.3581
vn 0.0108 -0.3202 0.9473
vn 0.0000 -0.3650 0.9310
vn 0.0035 0.5572 0.8304
vn 0.0362 0.5399 0.8410
vn -0.7498 -0.3778 0.5432
vn -0.0113 -0.8345 0.5508
vn 0.8521 -0.5233 0.0057
vn 0.7679 0.4066 -0.4949
vn -0.1173 0.8526 -0.5092
vn -0.8854 0.4516 -0.1100
vn -0.1166 0.8807 -0.4592
vn -0.8549 0.5169 0.0457
vn 0.0335 0.4795 -0.8769
vn -0.0591 -0.5388 -0.8403
vn -0.0458 -0.6314 -0.7741
vn -0.0878 0.6754 -0.7322
vn -0.0360 -0.4951 0.8681
vn 0.0528 0.5292 0.8468
vn 0.0401 0.6468 0.7616
vn 0.0789 -0.4735 0.8773
vn 0.0638 0.8676 -0.4932
vn 0.2285 0.8983 -0.3752
vn -0.0952 -0.8635 0.4954
vn -0.2766 -0.7710 0.5737
vn -0.0095 -0.8730 0.4877
vn -0.0124 -0.3893 0.9210
vn 0.0224 0.8716 -0.4897
vn -0.0294 0.8603 -0.5090
vn 0.0067 0.3815 -0.9243
vn 0.0182 0.3732 -0.9276
vn 0.9994 -0.0298 0.0157
vn -0.9777 -0.1006 -0.1845
vn -0.0919 0.9663 -0.2404
vn -0.1365 0.9573 -0.2549
vn -0.0184 0.3298 -0.9439
vn -0.0052 0.3086 -0.9512
vn -0.0240 0.9789 -0.2027
vn 0.0197 0.2952 -0.9552
vn -0.0041 -0.6379 -0.7701
vn 0.0422 -0.6517 -0.7573
vn 0.0202 -0.9846 0.1737
vn -0.0391 -0.9824 0.1827
vn 0.0799 -0.6510 -0.7549
vn 0.1248 -0.6288 -0.7674
vn 0.1434 -0.9494 0.2793
vn 0.0909 -0.9672 0.2373
vn 0.9997 -0.0195 0.0172
vn -0.0475 0.6257 0.7786
vn 0.0288 0.9888 -0.1461
vn -0.0039 0.6367 0.7711
vn -0.9993 0.0356 -0.0143
vn 0.0419 -0.8556 0.5159
vn -0.0005 -0.3559 0.9345
vn -0.0364 0.5144 0.8568
vn 0.0097 0.4889 0.8723
vn 0.0450 -0.4889 -0.8712
vn 0.0057 -0.5039 -0.8638
vn 0.0159 -0.2688 0.9631
vn 0.0195 -0.3100 0.9505
vn -0.1243 0.6765 0.7259
vn -0.0785 0.6431 0.7618
vn 0.0294 0.3402 -0.9399
vn -0.0214 -0.3511 0.9361
vn -0.0369 -0.3061 0.9513
vn -0.8050 0.4663 -0.3668
vn -0.0147 0.8067 -0.5908
vn -0.8333 -0.4893 0.2572
vn -0.8452 -0.4460 0.2946
vn 0.8060 -0.4700 0.3599
vn -0.1518 -0.7977 0.5837
vn 0.7885 0.4859 -0.3771
vn -0.9073 -0.3712 0.1978
vn 0.8898 -0.4562 -0.0153
vn 0.8102 -0.5778 -0.0981
vn 0.7424 0.1548 -0.6518
vn 0.8128 0.2293 -0.5355
vn 0.0522 0.7134 -0.6988
vn -0.8558 0.5173 0.0054
vn -0.7786 0.5717 -0.2587
vn 0.1483 0.6973 -0.7013
vn -0.6573 -0.6624 -0.3594
vn 0.2155 -0.5637 0.7974
vn 0.2572 -0.4300 0.8654
vn -0.4300 -0.8411 -0.3282
vn -0.7888 -0.5844 -0.1906
vn 0.2126 -0.7211 0.6594
vn 0.6137 0.6957 0.3733
vn 0.6323 0.6013 0.4885
vn -0.0045 0.6693 -0.7430
vn 0.1043 0.3015 -0.9478
vn -0.0284 0.6748 0.7374
vn -0.9507 -0.3050 0.0564
vn -0.9530 -0.2291 0.1981
vn -0.0313 0.7863 0.6171
vn -0.1778 0.5716 -0.8010
vn 0.9005 0.4346 -0.0147
vn 0.0480 -0.8318 0.5530
vn 0.2027 -0.8108 0.5491
vn 0.8278 0.4044 -0.3889
vn 0.7147 0.5666 -0.4099
vn 0.0869 -0.5650 -0.8205
vn -0.2091 -0.6063 -0.7673
vn 0.7143 0.6870 -0.1337
vn 0.0249 0.1241 -0.9920
vn -0.1952 0.4916 0.8486
vn -0.9750 -0.1948 0.1066
vn 0.4284 -0.4788 -0.7663
vn 0.4782 -0.5394 -0.6931
vn 0.4395 -0.3483 -0.8279
vn 0.4656 -0.3580 -0.8093
vn -0.4048 0.7789 -0.4791
vn -0.4993 0.7077 -0.5000
vn -0.2739 0.8024 -0.5302
vn -0.2952 0.7838 -0.5464
vn 0.0197 -0.9996 0.0191
vn 0.7025 0.2461 -0.6678
vn 0.7311 -0.1372 -0.6684
vn 0.0075 -0.9995 -0.0291
vn -0.8267 0.0295 0.5618
vn -0.8947 -0.2325 0.3814
vn -0.4265 0.9037 0.0377
vn 0.0537 0.9743 -0.2188
vn -0.2956 -0.4419 -0.8469
vn -0.5137 -0.4334 -0.7405
vn -0.5050 -0.3962 -0.7668
vn -0.4459 -0.3868 -0.8072
vn -0.7582 -0.3594 0.5440
vn -0.7389 -0.3039 0.6014
vn -0.4189 0.8104 -0.4096
vn -0.9494 0.2961 0.1046
vn -0.9769 0.1601 0.1418
vn -0.4937 0.8299 -0.2598
vn 0.4660 -0.7868 0.4047
vn 0.9752 -0.1714 -0.1403
vn 0.9801 -0.1196 -0.1582
vn 0.4365 -0.8523 0.2883
vn 0.4556 0.6954 -0.5557
vn 0.6057 0.6990 -0.3802
vn -0.4680 -0.6336 0.6161
vn -0.4068 -0.8038 0.4340
vn 0.9885 -0.1422 0.0510
vn 0.5427 0.6469 -0.5356
vn 0.4934 0.6349 -0.5945
vn 0.9680 -0.2507 -0.0081
vn 0.1341 -0.1423 -0.9807
vn 0.0465 0.3779 0.9247
vn -0.6194 -0.7475 0.2398
vn -0.9810 0.0414 -0.1897
vn -0.9273 0.1069 -0.3587
vn -0.5551 -0.8292 -0.0649
vn -0.5419 -0.6084 0.5798
vn -0.9699 0.2240 0.0960
vn -0.9641 0.2207 -0.1474
vn -0.6158 -0.6184 0.4883
vn -0.4072 0.7778 -0.4788
vn -0.3211 0.7601 -0.5650
vn 0.9304 -0.2454 0.2722
vn 0.2324 -0.8606 0.4532
vn 0.3349 -0.9104 0.2431
vn 0.9452 -0.1225 0.3028
vn 0.6218 0.7249 -0.2965
vn 0.3548 -0.7702 0.5300
vn 0.3340 -0.7595 0.5582
vn -0.3820 0.7766 -0.5010
vn 0.6341 0.7720 0.0441
vn -0.2717 0.9200 -0.2826
vn 0.0301 0.9945 -0.0999
vn -0.8179 0.5704 -0.0761
vn 0.0732 -0.8696 0.4883
vn 0.8595 -0.4309 0.2749
vn 0.8791 -0.4084 0.2459
vn 0.0866 -0.8720 0.4819
vn -0.0199 0.8742 -0.4851
vn -0.9112 0.3524 -0.2135
vn -0.8896 0.3884 -0.2405
vn 0.0145 0.8751 -0.4837
vn -0.8385 -0.4775 0.2623
vn -0.8638 -0.4438 0.2386
vn 0.8819 0.4114 -0.2304
vn 0.8509 0.4607 -0.2523
vn -0.0210 -0.2542 -0.9669
vn -0.1073 0.3720 0.9220
vn 0.9922 -0.1148 -0.0488
vn 0.9958 -0.0106 0.0909
vn 0.9999 -0.0006 0.0147
vn 0.9984 -0.0545 0.0142
vn 0.9968 -0.0788 -0.0135
vn 0.9985 -0.0454 -0.0291
vn -0.9983 0.0510 -0.0290
vn -0.9966 -0.0758 -0.0323
vn -0.9989 -0.0472 -0.0026
vn -0.9988 -0.0367 -0.0337
vn -0.9981 -0.0596 0.0176
vn -0.9932 0.0042 -0.1161
vn -0.6350 -0.0375 -0.7716
vn 0.5803 0.0622 -0.8120
vn 0.6059 0.1212 -0.7863
vn -0.6710 -0.0040 -0.7414
vn 0.9844 0.0834 0.1546
vn 0.3720 0.0304 0.9277
vn 0.3828 0.0640 0.9216
vn 0.9822 0.0954 0.1615
vn 0.5585 0.0056 -0.8295
vn -0.7712 -0.0326 0.6357
vn -0.7689 -0.0392 0.6381
vn -0.9969 -0.0787 -0.0035
vn 0.4141 0.0484 0.9089
vn 0.9847 0.0849 0.1523
vn -0.7804 -0.1243 0.6128
vn -0.6375 -0.0941 -0.7647
vn -0.6994 -0.0119 0.7146
vn -0.9860 -0.0231 -0.1650
vn -0.9787 -0.1462 -0.1440
vn -0.5279 -0.0079 0.8493
vn 0.6370 0.0302 -0.7702
vn 0.9765 0.0578 0.2078
vn 0.9751 0.0528 0.2156
vn 0.6798 0.0366 -0.7325
vn -0.7155 -0.0198 0.6983
vn -0.9865 -0.1055 -0.1254
vn -0.4862 -0.0660 -0.8714
vn -0.5112 -0.0233 -0.8592
vn -0.3525 -0.0736 -0.9329
vn -0.9979 -0.0627 -0.0167
vn 0.9824 0.0706 0.1728
vn 0.3855 0.0244 0.9224
vn 0.3777 0.0494 0.9246
vn 0.3793 -0.0302 0.9248
vn 0.6039 0.0505 -0.7955
vn -0.6524 -0.0802 0.7536
vn -0.4393 0.0312 -0.8978
vn 0.3900 0.0234 0.9205
vn 0.9639 0.0450 0.2625
vn 0.7001 0.0573 -0.7117
vn -0.6578 -0.0947 0.7472
vn -0.6133 -0.0003 0.7899
vn 0.6064 0.1216 0.7858
vn 0.6150 0.0368 0.7877
vn 0.9845 0.0826 -0.1547
vn 0.9810 0.0918 -0.1710
vn 0.4412 0.0166 -0.8973
vn 0.4095 0.0313 -0.9118
vn 0.5795 0.0056 0.8150
vn -0.7728 -0.0331 -0.6338
vn -0.9798 -0.0782 0.1842
vn -0.7435 -0.0771 -0.6642
vn 0.4184 0.0490 -0.9069
vn 0.9850 0.0854 -0.1496
vn -0.7775 -0.1239 -0.6166
vn -0.7253 -0.0977 0.6815
vn -0.6768 -0.0410 -0.7351
vn -0.6246 -0.0038 -0.7809
vn -0.9773 -0.1467 0.1526
vn -0.9793 -0.0534 0.1951
vn 0.6752 0.0843 0.7328
vn 0.6555 0.0654 0.7524
vn 0.9758 0.0514 -0.2124
vn 0.9774 0.0644 -0.2013
vn -0.4810 0.0165 0.8765
vn -0.5268 -0.0256 0.8496
vn -0.9809 -0.1040 0.1645
vn -0.6816 -0.0629 -0.7291
vn -0.4597 -0.0806 0.8844
vn -0.9701 -0.0612 0.2348
vn 0.4099 0.0193 -0.9119
vn 0.3934 0.0250 -0.9190
vn 0.9736 0.0703 -0.2174
vn 0.4150 0.0112 -0.9098
vn 0.6859 0.0563 0.7256
vn -0.5594 -0.0737 -0.8256
vn -0.3307 0.0365 0.9430
vn 0.9749 0.0495 -0.2170
vn 0.3777 0.0230 -0.9257
vn 0.6073 0.0549 0.7926
vn -0.9806 0.1951 -0.0181
vn -0.4059 0.9133 -0.0337
vn -0.4199 0.9039 -0.0814
vn -0.9827 0.1784 -0.0500
vn 0.9323 -0.3615 0.0139
vn 0.5127 -0.8581 0.0275
vn 0.4884 -0.8726 -0.0100
vn 0.9517 -0.3070 -0.0018
vn -0.6821 -0.7311 0.0150
vn -0.6958 -0.7177 -0.0257
vn 0.6405 0.7677 -0.0209
vn 0.6689 0.7424 -0.0382
vn -0.6371 -0.7542 0.1590
vn -0.9748 0.2206 0.0327
vn -0.3748 0.9267 -0.0267
vn 0.6175 0.7861 0.0273
vn 0.9082 -0.4163 0.0437
vn 0.2786 -0.0381 0.9597
vn 0.5500 -0.8315 0.0784
vn 0.1783 0.0323 -0.9834
vn -0.9901 -0.1401 -0.0121
vn -0.9870 -0.1574 0.0327
vn -0.3966 -0.9180 -0.0080
vn -0.4134 -0.9100 -0.0323
vn 0.9925 0.1219 -0.0060
vn 0.9838 0.1429 -0.1082
vn 0.3954 0.9161 -0.0664
vn 0.3918 0.9199 0.0168
vn -0.6754 0.7374 -0.0093
vn -0.6517 0.7583 0.0146
vn 0.6472 -0.7618 -0.0275
vn 0.6698 -0.7345 -0.1094
vn -0.5604 0.8246 0.0770
vn -0.9900 -0.0945 0.1043
vn -0.7821 -0.0739 0.6188
vn -0.3951 0.8083 0.4365
vn -0.4303 -0.9020 0.0347
vn 0.5884 -0.8064 -0.0588
vn 0.5986 -0.7998 -0.0447
vn -0.3154 -0.8597 0.4019
vn 0.3790 -0.0335 0.9248
vn 0.1721 0.0708 -0.9825
vn 0.4827 0.8758 0.0039
vn 0.9984 0.0560 -0.0119
vn 0.9917 0.0698 -0.1079
vn 0.4937 0.8663 -0.0761
vn -0.1899 -0.9818 -0.0103
vn -0.9995 -0.0306 0.0035
vn -0.9991 -0.0294 0.0309
vn -0.2234 -0.9747 -0.0105
vn 0.9908 0.0519 0.1248
vn 0.4847 0.8676 0.1108
vn -0.5046 0.8607 0.0680
vn 0.2693 0.1426 0.9525
vn 0.4027 -0.9138 0.0534
vn 0.4323 -0.8989 -0.0709
vn 0.1819 0.0643 -0.9812
vn -0.5793 0.8148 -0.0221
vn -0.9984 0.0497 -0.0266
vn -0.9965 0.0663 -0.0499
vn -0.5351 -0.8393 -0.0961
vn -0.5328 -0.8449 -0.0468
vn 0.9939 -0.1102 0.0062
vn 0.9945 -0.1039 -0.0141
vn 0.6020 0.7984 -0.0091
vn 0.5810 0.8132 0.0340
vn -0.4857 0.8728 -0.0488
vn -0.4956 0.8684 0.0152
vn 0.5195 -0.8541 -0.0262
vn 0.5429 -0.8383 -0.0499
vn 0.8035 0.1516 0.5757
vn 0.4370 0.8456 0.3065
vn 0.1605 0.3156 0.9352
vn -0.7784 0.0617 0.6247
vn -0.1823 -0.4945 0.8498
vn 0.4908 -0.3619 0.7926
vn 0.2137 0.0129 -0.9768
vn -0.9588 -0.2839 0.0062
vn -0.9695 -0.2449 0.0050
vn -0.4626 -0.8864 -0.0176
vn -0.4623 -0.8866 -0.0138
vn 0.9938 0.1102 -0.0151
vn 0.9913 0.1097 -0.0722
vn 0.2161 0.9761 -0.0236
vn 0.1835 0.9828 0.0193
vn -0.4964 0.8681 -0.0063
vn -0.4653 0.8847 0.0272
vn 0.4153 -0.9092 -0.0282
vn 0.4600 -0.8852 -0.0690
vn -0.9451 -0.3267 0.0076
vn -0.4285 0.9029 0.0339
vn 0.3748 -0.9268 0.0246
vn -0.4500 -0.8927 0.0228
vn 0.9917 0.1060 0.0729
vn 0.1699 0.9830 0.0701
vn 0.2517 -0.0367 0.9671
vn 0.2143 0.0667 -0.9745
vn -0.9988 -0.0494 0.0055
vn -0.9988 -0.0487 0.0057
vn -0.5018 -0.8649 -0.0116
vn -0.5002 -0.8658 -0.0110
vn 0.9939 0.1081 0.0234
vn 0.9934 0.1091 -0.0367
vn 0.4039 0.9145 -0.0221
vn 0.4086 0.9114 0.0491
vn -0.6158 0.7879 -0.0076
vn -0.6091 0.7914 0.0513
vn 0.6371 -0.7707 0.0108
vn 0.6331 -0.7726 -0.0474
vn 0.3383 0.0234 0.9408
vn 0.2190 0.0396 -0.9749
vn -0.9794 -0.2003 0.0260
vn -0.9775 -0.2090 0.0279
vn -0.3705 -0.9272 -0.0556
vn -0.3854 -0.9226 0.0161
vn 0.9863 0.1566 -0.0510
vn 0.9818 0.1601 -0.1023
vn 0.3757 0.9244 -0.0663
vn 0.3602 0.9321 -0.0382
vn -0.6403 0.7676 0.0287
vn -0.6263 0.7796 0.0001
vn 0.6538 -0.7563 -0.0244
vn 0.6618 -0.7434 -0.0963
vn 0.5572 -0.8239 0.1030
vn 0.5517 -0.8340 0.0021
vn 0.9970 0.0413 0.0655
vn 0.9899 0.0284 0.1388
vn 0.4051 0.9107 0.0805
vn 0.4267 0.8931 0.1422
vn 0.2567 -0.0280 0.9661
vn -0.4243 -0.9019 0.0804
vn 0.2138 0.0361 -0.9762
vn -0.5575 0.8301 0.0123
vn 0.4095 -0.9122 -0.0141
vn -0.1553 -0.9878 -0.0100
vn 0.9938 0.0851 -0.0715
vn 0.3919 0.9200 -0.0037
vn -0.9916 -0.1286 -0.0144
vn -0.9914 -0.1242 -0.0405
vn -0.4538 -0.8895 -0.0533
vn -0.9991 -0.0321 -0.0291
vn 0.4768 -0.8757 -0.0759
vn 0.9787 -0.1383 -0.1516
vn 0.5202 0.8494 -0.0889
vn -0.5021 0.8619 0.0703
vn -0.9879 -0.0229 0.1537
vn -0.4554 -0.8877 0.0680
vn -0.9896 -0.1361 0.0461
vn -0.3544 -0.9272 0.1214
vn 0.9966 -0.0817 -0.0123
vn 0.5038 0.8588 -0.0932
vn -0.5474 0.8343 -0.0658
vn 0.5564 -0.8268 0.0819
vn 0.3624 0.9320 -0.0066
vn 0.9898 0.1277 0.0636
vn -0.5330 0.8453 0.0368
vn -0.5337 0.8454 0.0221
vn -0.4134 -0.9105 0.0053
vn -0.9888 -0.1357 -0.0621
vn 0.6376 -0.7671 0.0708
vn -0.5456 0.8355 -0.0650
vn -0.3555 -0.9273 0.1168
vn 0.5769 -0.7878 0.2158
vn 0.9848 -0.0291 0.1714
vn 0.5068 0.8620 -0.0002
vn -0.9838 -0.1625 -0.0756
vn -0.5721 0.8071 -0.1456
vn -0.6138 0.7589 -0.2173
vn 0.9083 0.0766 -0.4112
vn 0.3746 0.9144 -0.1532
vn -0.9981 -0.0548 -0.0283
vn -0.5795 0.8150 -0.0012
vn -0.5717 0.8203 0.0148
vn -0.9990 -0.0451 0.0016
vn 0.9967 0.0797 0.0129
vn 0.5662 -0.8241 -0.0139
vn 0.5767 -0.8126 -0.0844
vn 0.9949 0.0693 -0.0733
vn -0.4881 -0.8722 -0.0339
vn -0.5100 -0.8600 -0.0199
vn 0.4831 0.8753 0.0217
vn 0.5052 0.8614 -0.0524
vn -0.4020 -0.9148 0.0385
vn -0.2443 -0.8852 0.3958
vn -0.7823 -0.0871 0.6168
vn -0.9899 -0.0874 0.1120
vn -0.5787 0.8117 0.0792
vn -0.4492 0.7820 0.4321
vn 0.4562 0.8899 -0.0037
vn 0.4349 0.9003 -0.0209
vn 0.3746 0.0620 0.9251
vn 0.1781 0.0285 -0.9836
vn -0.9967 -0.0812 0.0060
vn -0.4948 0.8690 -0.0024
vn -0.5523 0.8336 -0.0125
vn -0.9964 -0.0839 -0.0112
vn 0.9965 -0.0830 -0.0124
vn 0.7416 -0.6708 -0.0035
vn 0.7246 -0.6881 -0.0389
vn 0.9986 -0.0332 -0.0416
vn -0.4273 -0.9041 0.0092
vn -0.4325 -0.9004 -0.0476
vn 0.1915 0.9814 -0.0098
vn 0.2588 0.9650 -0.0432
vn -0.3932 -0.9129 0.1095
vn -0.9967 -0.0749 0.0323
vn -0.4248 0.9053 0.0095
vn 0.1319 0.9904 0.0406
vn 0.9896 -0.1403 0.0321
vn 0.2489 -0.0623 0.9665
vn 0.7631 -0.6447 0.0455
vn 0.1959 -0.0043 -0.9806
vn 0.6087 -0.7928 -0.0300
vn 0.6265 -0.7736 -0.0947
vn 0.9939 0.0722 -0.0830
vn 0.9974 0.0724 -0.0028
vn -0.3415 0.9393 0.0326
vn -0.3833 0.9233 0.0248
vn -0.9944 -0.1053 0.0067
vn -0.9956 -0.0940 -0.0057
vn 0.9909 0.0620 0.1194
vn 0.2553 0.9620 0.0963
vn 0.2937 -0.0925 0.9514
vn -0.3725 -0.9275 0.0299
vn 0.6029 -0.7950 0.0668
vn 0.2856 0.9581 -0.0212
vn -0.4396 -0.8954 -0.0708
vn 0.1844 0.0009 -0.9828
vn -0.9946 -0.1035 -0.0009
vn -0.6123 0.7906 0.0027
vn -0.6321 0.7748 -0.0138
vn -0.9913 -0.1241 -0.0448
vn 0.9803 0.1959 -0.0234
vn 0.6491 -0.7605 -0.0162
vn 0.6704 -0.7410 -0.0387
vn 0.9867 0.1622 -0.0096
vn -0.3970 -0.9178 -0.0072
vn -0.3920 -0.9161 -0.0838
vn 0.4428 0.8965 -0.0120
vn 0.4468 0.8945 -0.0159
vn 0.8118 -0.0660 0.5801
vn 0.4325 0.4509 0.7808
vn -0.2709 0.5507 0.7895
vn 0.1910 -0.2564 0.9475
vn 0.5365 -0.7947 0.2839
vn 0.2271 -0.0013 -0.9739
vn -0.9993 0.0369 -0.0029
vn -0.6533 0.7569 0.0161
vn -0.6556 0.7551 0.0016
vn -0.9998 -0.0011 -0.0210
vn 0.9906 0.1370 0.0056
vn 0.5570 -0.8304 -0.0175
vn 0.5635 -0.8249 -0.0458
vn 0.9905 0.1359 -0.0209
vn -0.2617 -0.9649 -0.0226
vn -0.2858 -0.9560 -0.0659
vn 0.4070 0.9132 0.0225
vn 0.4164 0.9091 -0.0087
vn -0.2087 -0.9776 0.0292
vn -0.9968 0.0779 0.0165
vn -0.6487 0.7604 0.0310
vn 0.4149 0.9080 0.0585
vn 0.9899 0.1366 0.0382
vn 0.2514 -0.0038 0.9679
vn 0.5632 -0.8262 0.0166
vn 0.2254 0.0331 -0.9737
vn -0.9991 -0.0413 0.0041
vn -0.5784 0.8156 0.0182
vn -0.5720 0.8183 -0.0557
vn -0.9995 -0.0320 -0.0048
vn 0.9945 0.1010 -0.0273
vn 0.5611 -0.8267 -0.0422
vn 0.5742 -0.8169 -0.0548
vn 0.9927 0.0992 -0.0686
vn -0.4347 -0.9003 -0.0241
vn -0.4431 -0.8965 0.0015
vn 0.4568 0.8896 0.0020
vn 0.4615 0.8841 -0.0738
vn 0.3878 0.9104 0.1443
vn 0.9703 0.1962 0.1419
vn 0.9786 0.1959 0.0637
vn 0.3707 0.9279 0.0397
vn 0.5945 -0.7977 0.1010
vn 0.5847 -0.8102 0.0403
vn 0.2565 0.0000 0.9665
vn -0.3212 -0.9437 0.0784
vn 0.2270 0.0456 -0.9728
vn -0.4248 -0.9047 -0.0323
vn 0.2598 0.9651 0.0320
vn -0.2948 0.9547 0.0407
vn 0.9921 0.0972 -0.0793
vn 0.5462 -0.8362 -0.0493
vn -0.9938 -0.1108 -0.0118
vn -0.6236 0.7814 0.0203
vn -0.6266 0.7792 -0.0120
vn -0.9931 -0.1123 -0.0348
vn -0.9966 -0.0797 -0.0220
vn 0.5222 0.8454 -0.1120
vn 0.9151 0.3555 -0.1903
vn 0.5878 -0.7980 -0.1332
vn -0.4052 -0.9118 0.0659
vn -0.9783 -0.0165 0.2067
vn -0.5310 0.8389 0.1197
vn -0.9959 0.0835 0.0334
vn -0.4568 0.8791 0.1364
vn 0.9509 0.3052 -0.0520
vn 0.5836 -0.8043 -0.1120
vn -0.4655 -0.8792 -0.1012
vn 0.5658 0.8243 0.0219
vn 0.5483 -0.8335 -0.0678
vn 0.9922 0.1213 0.0295
vn -0.3463 -0.9381 -0.0043
vn -0.5953 0.8005 0.0694
vn -0.9937 -0.1098 -0.0223
vn 0.4558 0.8852 0.0927
vn -0.3563 -0.9298 -0.0920
vn -0.4566 0.8800 0.1308
vn 0.4892 0.8374 0.2438
vn 0.5896 -0.8072 -0.0298
vn 0.9809 0.0865 0.1740
vn -0.9162 -0.3436 0.2063
vn -0.9106 0.2486 -0.3302
vn -0.8940 0.0986 -0.4371
vn -0.9517 -0.2400 0.1915
vn -0.8641 -0.4552 0.2150
vn -0.8282 0.4386 0.3490
vn 0.2054 0.8191 -0.5357
vn 0.3684 0.5327 -0.7619
vn 0.9495 0.0889 0.3011
vn 0.4867 -0.4234 0.7641
vn 0.3317 -0.1377 0.9333
vn 0.8160 0.1855 0.5475
vn 0.7522 0.2280 0.6183
vn 0.0932 0.9765 0.1944
vn -0.9930 0.0885 0.0776
vn -0.9913 0.0986 -0.0868
vn 0.4873 -0.1417 0.8617
vn -0.4833 -0.8563 -0.1819
vn -0.5363 -0.8054 -0.2526
vn 0.8865 -0.4586 -0.0610
vn 0.0403 -0.9988 -0.0277
vn 0.0441 -0.9975 -0.0547
vn 0.8861 -0.4452 -0.1287
vn -0.9107 0.4117 0.0349
vn -0.0172 0.9999 -0.0015
vn 0.0046 0.9978 -0.0663
vn -0.9074 0.4158 0.0611
vn 0.8358 0.5469 -0.0493
vn 0.8418 0.5254 -0.1238
vn -0.8402 -0.5420 0.0181
vn -0.8468 -0.5282 0.0625
vn -0.0807 0.9962 -0.0330
vn 0.7687 0.6352 0.0753
vn 0.7870 0.6169 -0.0017
vn -0.0618 0.9974 -0.0376
vn 0.2525 0.3177 0.9139
vn 0.2097 -0.9533 0.2175
vn 0.8923 -0.2642 0.3661
vn 0.7188 0.6172 0.3201
vn -0.0254 0.9868 0.1598
vn 0.2444 -0.0155 -0.9695
vn -0.8147 -0.5796 -0.0154
vn 0.1627 -0.9864 0.0233
vn 0.1752 -0.9814 0.0781
vn -0.7873 -0.6155 -0.0365
vn 0.9008 -0.4330 0.0327
vn 0.9150 -0.3804 0.1341
vn -0.7539 -0.6399 -0.1487
vn -0.9343 0.3438 -0.0946
vn -0.9332 0.3118 -0.1787
vn -0.9203 0.3889 -0.0433
vn 0.9054 0.0919 -0.4146
vn 0.5227 -0.8292 -0.1980
vn -0.9932 -0.1164 0.0003
vn -0.5903 0.8071 0.0083
vn -0.5904 0.8071 0.0089
vn -0.9933 -0.1158 -0.0002
vn 0.9958 0.0878 0.0260
vn 0.5589 -0.8287 0.0285
vn 0.5566 -0.8299 -0.0396
vn 0.9954 0.0903 -0.0315
vn -0.5076 -0.8611 0.0287
vn -0.5101 -0.8591 -0.0407
vn 0.5176 0.8547 0.0391
vn 0.5126 0.8582 -0.0264
vn 0.3440 -0.0014 0.9390
vn 0.2252 -0.0005 -0.9743
vn -0.9977 -0.0608 -0.0292
vn -0.5810 0.8139 -0.0016
vn -0.5748 0.8181 0.0154
vn -0.9987 -0.0516 0.0027
vn 0.9962 0.0859 0.0128
vn 0.5687 -0.8225 -0.0138
vn 0.5785 -0.8113 -0.0842
vn 0.9944 0.0760 -0.0738
vn -0.4844 -0.8742 -0.0339
vn -0.5070 -0.8617 -0.0192
vn 0.4802 0.8769 0.0215
vn 0.5031 0.8625 -0.0535
vn -0.3978 -0.9168 0.0353
vn -0.2464 -0.8850 0.3950
vn -0.7848 -0.0905 0.6131
vn -0.9902 -0.0922 0.1051
vn -0.5797 0.8113 0.0759
vn -0.4546 0.7812 0.4279
vn 0.4523 0.8919 0.0013
vn 0.4342 0.9006 -0.0182
vn 0.3739 0.0647 0.9252
vn 0.1779 0.0299 -0.9836
vn -0.9937 -0.1018 -0.0468
vn -0.5063 0.8619 -0.0268
vn -0.5593 0.8270 -0.0578
vn -0.9896 -0.1065 -0.0969
vn 0.9904 0.1329 0.0382
vn 0.6089 -0.7927 0.0288
vn 0.6271 -0.7789 0.0019
vn 0.9909 0.1306 0.0315
vn -0.4196 -0.9076 -0.0141
vn -0.4162 -0.9043 -0.0950
vn 0.1812 0.9834 0.0032
vn 0.2460 0.9690 -0.0215
vn -0.3833 -0.9168 0.1120
vn -0.9950 -0.0956 0.0297
vn -0.4466 0.8947 0.0065
vn 0.1304 0.9906 0.0412
vn 0.9903 0.1221 0.0666
vn 0.2502 -0.0561 0.9666
vn 0.6022 -0.7941 0.0824
vn 0.2172 0.0026 -0.9761
vn 0.6141 -0.7887 -0.0286
vn 0.6327 -0.7688 -0.0934
vn 0.9930 0.0838 -0.0836
vn 0.9965 0.0832 -0.0010
vn -0.3454 0.9379 0.0316
vn -0.3892 0.9208 0.0263
vn -0.9932 -0.1162 0.0080
vn -0.9946 -0.1037 -0.0077
vn 0.9898 0.0716 0.1228
vn 0.2522 0.9628 0.0970
vn 0.2942 -0.0893 0.9516
vn -0.3671 -0.9297 0.0295
vn 0.6076 -0.7914 0.0679
vn 0.2820 0.9592 -0.0222
vn -0.4322 -0.8988 -0.0726
vn 0.1845 0.0033 -0.9828
vn -0.9906 -0.1205 -0.0639
vn -0.6206 0.7834 -0.0340
vn -0.6348 0.7696 -0.0689
vn -0.9801 -0.1439 -0.1367
vn 0.9760 0.2152 0.0342
vn 0.6543 -0.7559 0.0220
vn 0.6804 -0.7328 0.0122
vn 0.9806 0.1825 0.0715
vn -0.3903 -0.9201 -0.0330
vn -0.3734 -0.9190 -0.1265
vn 0.4333 0.9011 0.0159
vn 0.4428 0.8964 0.0206
vn 0.8061 -0.0561 0.5891
vn 0.4206 0.4487 0.7885
vn -0.2794 0.5450 0.7905
vn 0.1793 -0.2369 0.9548
vn 0.5380 -0.7910 0.2914
vn 0.2336 0.0055 -0.9723
vn -0.9933 -0.1085 0.0389
vn -0.4932 0.8691 0.0390
vn -0.5377 0.8418 0.0481
vn -0.9914 -0.1155 0.0615
vn 0.9895 0.1381 -0.0430
vn 0.3918 -0.9193 -0.0359
vn 0.4372 -0.8955 -0.0835
vn 0.9832 0.1385 -0.1191
vn -0.2577 -0.9662 -0.0087
vn -0.2900 -0.9564 -0.0348
vn 0.2067 0.9783 0.0101
vn 0.2636 0.9638 -0.0394
vn -0.1994 -0.9796 0.0264
vn -0.9952 -0.0978 0.0053
vn -0.4432 0.8959 0.0286
vn 0.1620 0.9843 0.0706
vn 0.9879 0.1337 0.0791
vn 0.2514 -0.0037 0.9679
vn 0.3562 -0.9341 0.0231
vn 0.2045 0.0318 -0.9784
vn -0.9947 -0.0461 0.0917
vn -0.5783 0.8132 0.0650
vn -0.5764 0.8172 0.0025
vn -0.9947 -0.0378 0.0956
vn 0.9876 0.1073 -0.1149
vn 0.5619 -0.8226 -0.0874
vn 0.5727 -0.8130 -0.1051
vn 0.9802 0.1111 -0.1638
vn -0.4313 -0.9020 0.0195
vn -0.4389 -0.8972 0.0495
vn 0.4542 0.8899 -0.0418
vn 0.4554 0.8823 -0.1185
vn 0.3862 0.9108 0.1463
vn 0.9694 0.1957 0.1480
vn 0.9783 0.1957 0.0685
vn 0.3715 0.9275 0.0423
vn 0.5957 -0.7965 0.1034
vn 0.5857 -0.8094 0.0435
vn 0.2562 0.0000 0.9666
vn -0.3212 -0.9440 0.0761
vn 0.2040 0.0454 -0.9779
vn -0.4194 -0.9072 -0.0328
vn 0.2561 0.9661 0.0326
vn -0.3019 0.9526 0.0366
vn 0.9920 0.1038 -0.0713
vn 0.5490 -0.8346 -0.0461
vn -0.9936 -0.1106 -0.0212
vn -0.6252 0.7804 0.0141
vn -0.6251 0.7804 -0.0151
vn -0.9929 -0.1122 -0.0403
vn -0.9957 -0.0889 -0.0271
vn 0.5178 0.8489 -0.1056
vn 0.9064 0.3723 -0.1996
vn 0.5905 -0.7932 -0.1492
vn -0.4011 -0.9135 0.0679
vn -0.9757 -0.0290 0.2171
vn -0.5374 0.8332 0.1304
vn -0.9970 0.0690 0.0342
vn -0.4575 0.8767 0.1487
vn 0.9469 0.3176 -0.0491
vn 0.5929 -0.7968 -0.1165
vn -0.4548 -0.8834 -0.1131
vn 0.5642 0.8250 0.0319
vn 0.5499 -0.8325 -0.0679
vn 0.9923 0.1209 0.0285
vn -0.3443 -0.9389 -0.0060
vn -0.5910 0.8037 0.0695
vn -0.9937 -0.1102 -0.0227
vn 0.4592 0.8836 0.0918
vn -0.3539 -0.9307 -0.0921
vn -0.4635 0.8743 0.1441
vn 0.4798 0.8371 0.2629
vn 0.5979 -0.8010 -0.0310
vn 0.9766 0.1016 0.1898
vn -0.8915 -0.4260 0.1540
vn -0.9373 0.2069 -0.2803
vn -0.8578 0.1884 -0.4783
vn -0.9207 -0.3795 0.0911
vn -0.8582 -0.4672 0.2126
vn -0.8321 0.4304 0.3497
vn 0.1674 0.8796 -0.4453
vn 0.2873 0.7447 -0.6024
vn 0.9253 0.0895 0.3686
vn 0.5315 -0.5213 0.6677
vn 0.4147 -0.3176 0.8527
vn 0.8831 0.1652 0.4392
vn 0.4544 -0.5923 -0.6654
vn 0.4544 -0.5924 -0.6653
vn 0.4774 -0.5429 -0.6909
vn 0.7512 0.2353 0.6167
vn 0.0850 0.9776 0.1927
vn -0.9948 0.0642 0.0790
vn -0.9920 0.0899 -0.0884
vn -0.3567 0.9331 0.0445
vn -0.3570 0.6702 -0.6507
vn -0.2585 0.7615 -0.5944
vn -0.3965 0.9053 0.1522
vn 0.5997 -0.3258 0.7309
vn 0.2859 0.2600 0.9223
vn 0.0730 0.1006 0.9922
vn 0.4447 -0.4848 0.7532
vn 0.4891 -0.1317 0.8622
vn 0.1099 0.9929 -0.0462
vn 0.6179 0.5267 0.5838
vn 0.4378 -0.6246 -0.6466
vn 0.2069 0.8428 -0.4968
vn 0.8715 0.2234 0.4366
vn -0.4789 -0.8553 -0.1976
vn -0.5176 -0.8125 -0.2681
vn 0.9201 -0.3917 0.0046
vn 0.1263 -0.9881 -0.0880
vn 0.1345 -0.9861 -0.0973
vn 0.9204 -0.3909 0.0000
vn -0.9351 0.3519 -0.0416
vn -0.1029 0.9930 0.0573
vn -0.0917 0.9955 -0.0254
vn -0.9300 0.3585 -0.0812
vn 0.7916 0.6059 0.0796
vn 0.8096 0.5856 0.0403
vn -0.7981 -0.5928 -0.1078
vn -0.8029 -0.5854 -0.1124
vn -0.2108 0.9737 0.0864
vn -0.9620 0.2699 0.0419
vn -0.9713 0.2371 -0.0161
vn -0.1599 0.9871 -0.0091
vn 0.4195 0.2272 0.8789
vn 0.3200 -0.9042 0.2829
vn 0.9496 -0.2580 0.1779
vn 0.7228 0.6898 0.0413
vn 0.2399 -0.0034 -0.9708
vn 0.7766 0.6186 -0.1191
vn 0.2454 -0.9680 -0.0517
vn 0.9319 -0.3547 -0.0754
vn -0.7319 -0.6814 -0.0018
vn -0.7301 -0.6752 0.1050
vn 0.9110 0.0959 -0.4010
vn 0.5234 -0.8307 -0.1895
vn -0.9899 -0.1180 0.0785
vn -0.5873 0.8078 0.0514
vn -0.5869 0.8080 0.0519
vn -0.9901 -0.1164 0.0780
vn 0.9947 0.0872 -0.0553
vn 0.5580 -0.8297 -0.0139
vn 0.5535 -0.8292 -0.0779
vn 0.9899 0.0894 -0.1097
vn -0.5030 -0.8613 0.0713
vn -0.5082 -0.8612 0.0054
vn 0.5159 0.8566 -0.0068
vn 0.5094 0.8578 -0.0686
vn 0.3584 -0.0000 0.9336
vn 0.2085 -0.0014 -0.9780
vn -0.0396 0.9974 0.0598
vn -0.0133 0.9969 0.0777
vn 0.0091 1.0000 0.0001
vn -0.0172 0.9998 0.0062
vn -0.0335 0.9992 0.0226
vn -0.0474 0.9974 -0.0546
vn -0.0342 0.9990 -0.0271
vn -0.0408 0.9990 -0.0175
vn 0.0068 1.0000 0.0022
vn 0.0291 0.9989 -0.0357
vn 0.9762 0.1647 0.1408
vn 0.5383 0.0950 -0.8374
vn 0.5752 0.0787 -0.8142
vn 0.9731 0.1162 0.1991
vn -0.9682 -0.1675 -0.1856
vn -0.6075 -0.1192 0.7853
vn -0.6239 -0.0733 0.7780
vn -0.9705 -0.1055 -0.2169
vn 0.4557 0.0719 0.8872
vn 0.4400 0.0488 0.8967
vn -0.4824 -0.0729 -0.8729
vn -0.4784 -0.0426 -0.8771
vn -0.0724 -0.9504 0.3026
vn 0.1389 0.9877 -0.0712
vn 0.9854 0.0050 -0.1704
vn 0.4295 -0.0188 -0.9029
vn 0.4088 0.0045 -0.9126
vn 0.9807 0.0102 -0.1953
vn -0.9938 0.0057 0.1108
vn -0.3918 0.0357 0.9194
vn -0.3988 0.0074 0.9170
vn -0.9924 0.0015 0.1234
vn 0.5318 0.0351 0.8462
vn 0.5470 0.0101 0.8371
vn -0.5992 -0.0213 -0.8003
vn -0.6023 -0.0006 -0.7983
vn -0.5822 -0.1587 -0.7974
vn 0.5260 -0.0426 -0.8494
vn 0.5417 0.0055 -0.8405
vn -0.5649 -0.1775 -0.8059
vn -0.4449 -0.0108 0.8955
vn 0.4543 0.1377 0.8801
vn 0.4674 0.1446 0.8722
vn -0.4248 0.0563 0.9035
vn -0.1519 -0.9877 -0.0380
vn 0.1314 0.9911 0.0213
vn -0.9941 -0.1065 0.0215
vn -0.9837 -0.1797 0.0001
vn 0.4436 0.1429 -0.8847
vn -0.4878 -0.1688 -0.8565
vn -0.9339 -0.3391 -0.1136
vn 0.4948 0.1304 0.8592
vn -0.5660 -0.2457 0.7869
vn 0.9508 0.3097 -0.0107
vn 0.9935 0.0935 -0.0649
vn 0.9872 0.1547 -0.0398
vn 0.0659 -0.9961 -0.0592
vn 0.0380 -0.9988 0.0322
vn 0.9185 -0.3924 -0.0484
vn 0.9624 -0.2578 -0.0858
vn -0.0184 0.9987 0.0484
vn -0.0296 0.9987 -0.0425
vn -0.8618 0.5062 0.0327
vn -0.8538 0.5131 0.0887
vn -0.8358 -0.5442 0.0727
vn -0.8337 -0.5513 0.0301
vn 0.9034 0.4263 -0.0457
vn 0.8439 0.5298 -0.0846
vn -0.1542 -0.0140 0.9879
vn -0.0739 -0.0797 -0.9941
vn 0.9337 0.3554 0.0425
vn -0.0040 0.9809 0.1945
vn -0.8752 0.4785 0.0708
vn -0.7870 -0.6027 -0.1320
vn 0.1915 -0.9672 -0.1670
vn 0.9826 -0.1766 -0.0567
vn 0.8021 0.5970 0.0139
vn 0.9404 -0.3327 -0.0706
vn 0.2499 -0.9656 -0.0723
vn -0.8971 0.4321 0.0924
vn -0.0319 0.9956 0.0880
vn -0.7849 -0.6194 0.0154
vn 0.7932 0.5840 -0.1723
vn 0.9303 -0.2762 -0.2414
vn -0.0389 0.9970 0.0671
vn -0.8784 0.4038 0.2558
vn -0.2115 -0.9752 0.0656
vn -0.1462 -0.9890 0.0244
vn 0.2943 -0.8398 -0.4563
vn -0.3045 -0.9443 0.1250
vn 0.3579 -0.8924 -0.2748
vn 0.5170 -0.0818 -0.8521
vn 0.5390 0.6005 -0.5906
vn 0.7047 0.4815 -0.5211
vn -0.0812 0.8480 0.5238
vn -0.0139 0.7771 0.6293
vn -0.3095 0.1761 0.9344
vn -0.4950 0.2742 0.8245
vn -0.6111 -0.2270 -0.7583
vn -0.6163 -0.1501 -0.7731
vn -0.6114 -0.2244 -0.7588
vn -0.1212 0.9074 0.4023
vn 0.8747 0.3047 -0.3768
vn 0.2754 -0.9553 -0.1076
vn 0.6894 0.7160 0.1098
vn 0.7193 0.6628 0.2082
vn 0.4648 0.6619 -0.5881
vn 0.4977 0.5767 -0.6478
vn -0.5364 -0.2552 0.8044
vn -0.4707 -0.4106 0.7809
vn 0.0393 -0.0727 0.9966
vn -0.0563 0.1054 0.9928
vn -0.7073 0.3846 0.5932
vn 0.6457 0.7622 0.0460
vn -0.1470 0.2702 0.9515
vn -0.6033 -0.2947 -0.7411
vn 0.4168 0.0748 0.9059
vn 0.5230 0.4897 -0.6976
vn -0.5858 -0.0969 0.8046
vn -0.4256 0.8944 0.1377
vn -0.7618 -0.6208 0.1850
vn 0.9775 0.1392 -0.1584
vn 0.9735 0.1120 -0.1995
vn 0.5733 0.0950 0.8138
vn 0.5586 0.1115 0.8219
vn -0.9731 -0.1342 0.1870
vn -0.9714 -0.1013 0.2146
vn -0.6234 -0.0893 -0.7768
vn -0.6025 -0.1180 -0.7894
vn 0.4395 0.0307 -0.8977
vn 0.4333 0.0336 -0.9006
vn -0.4627 -0.0330 0.8859
vn -0.4758 -0.0242 0.8792
vn -0.0618 -0.9981 -0.0015
vn 0.1383 0.9872 0.0800
vn 0.9819 0.0046 0.1895
vn 0.9750 0.0180 0.2215
vn 0.4051 0.0073 0.9142
vn 0.4312 -0.0290 0.9018
vn -0.9891 0.0101 -0.1470
vn -0.9862 -0.0024 -0.1653
vn -0.3965 0.0081 -0.9180
vn -0.3900 0.0528 -0.9193
vn 0.5636 0.0182 -0.8259
vn 0.5435 0.0508 -0.8379
vn -0.6145 -0.0307 0.7884
vn -0.6167 -0.0025 0.7872
vn -0.5826 -0.0560 0.8108
vn -0.5719 -0.0402 0.8193
vn 0.5455 0.0749 0.8347
vn 0.5295 0.0248 0.8479
vn -0.4516 -0.0919 -0.8875
vn -0.4421 -0.0276 -0.8965
vn 0.4712 0.0344 -0.8813
vn 0.4502 -0.0025 -0.8929
vn -0.1519 -0.9877 0.0380
vn 0.1313 0.9911 -0.0211
vn -0.9936 -0.1129 -0.0022
vn -0.9970 -0.0726 -0.0271
vn -0.4402 -0.0468 0.8967
vn 0.5464 0.1383 0.8260
vn -0.9721 -0.1871 0.1417
vn 0.4217 0.0343 -0.9061
vn -0.5734 -0.1568 -0.8041
vn 0.9773 0.1820 -0.1086
vn 0.9956 0.0618 0.0708
vn 0.9946 0.0947 0.0434
vn 0.2498 0.9678 -0.0300
vn -0.6857 0.7259 -0.0536
vn -0.6626 0.7453 0.0743
vn 0.2794 0.9598 0.0253
vn -0.3178 -0.9481 0.0130
vn 0.6167 -0.7843 0.0666
vn 0.6127 -0.7876 -0.0652
vn -0.3090 -0.9510 -0.0137
vn 0.9657 0.2562 0.0419
vn 0.9743 0.2204 -0.0473
vn -0.9583 -0.2836 -0.0348
vn -0.9663 -0.2501 0.0605
vn 0.2973 -0.2138 -0.9305
vn -0.0450 0.2329 0.9715
vn -0.7185 0.6281 -0.2987
vn -0.9053 -0.3541 -0.2346
vn -0.2928 -0.9559 0.0225
vn 0.6320 -0.7271 0.2681
vn 0.9073 0.3514 0.2309
vn 0.1540 0.9854 -0.0720
vn -0.7412 0.6079 -0.2847
vn -0.6018 0.5424 -0.5862
vn -0.7211 -0.3921 -0.5712
vn -0.8669 -0.3764 -0.3269
vn -0.1681 -0.9775 -0.1275
vn 0.6387 -0.6437 0.4214
vn 0.6573 -0.7316 0.1808
vn -0.2352 -0.9650 -0.1164
vn 0.5106 0.8371 -0.1964
vn -0.0632 0.9668 0.2477
vn 0.4575 0.8744 -0.1616
vn 0.5799 0.7775 -0.2432
vn -0.0646 0.9971 0.0409
vn -0.8716 -0.1407 0.4696
vn -0.7625 -0.2910 0.5779
vn -0.5644 0.3914 0.7268
vn -0.1287 -0.9304 -0.3433
vn 0.4735 -0.5638 -0.6767
vn 0.3539 -0.4324 -0.8293
vn -0.1499 -0.8510 -0.5034
vn -0.1174 -0.9720 -0.2038
vn -0.6740 -0.7354 0.0701
vn 0.4267 0.9023 0.0607
vn 0.2158 0.9756 0.0407
vn 0.5974 -0.6960 -0.3985
vn -0.6681 0.6831 0.2951
vn -0.2653 -0.1127 -0.9576
vn 0.7819 0.5793 0.2301
vn 0.6156 0.7371 0.2788
vn -0.2506 0.9666 0.0542
vn 0.6836 0.7298 -0.0041
vn 0.6493 0.7447 -0.1544
vn -0.2882 0.9575 0.0120
vn 0.3224 -0.9457 -0.0411
vn -0.6106 -0.7918 -0.0140
vn -0.6035 -0.7850 0.1399
vn 0.3098 -0.9505 -0.0243
vn -0.9697 0.2408 0.0422
vn -0.9664 0.1937 0.1690
vn 0.9644 -0.2598 -0.0497
vn 0.9596 -0.2146 -0.1818
vn -0.2973 -0.2138 0.9305
vn 0.0450 0.2329 -0.9715
vn 0.7185 0.6281 0.2987
vn 0.9053 -0.3541 0.2346
vn 0.2928 -0.9559 -0.0225
vn -0.6320 -0.7271 -0.2682
vn -0.9073 0.3514 -0.2309
vn -0.1540 0.9854 0.0720
vn 0.7412 0.6079 0.2847
vn 0.6018 0.5424 0.5862
vn 0.7211 -0.3920 0.5712
vn 0.8669 -0.3764 0.3269
vn 0.1681 -0.9775 0.1275
vn -0.6387 -0.6438 -0.4214
vn -0.6573 -0.7316 -0.1808
vn 0.2352 -0.9650 0.1164
vn -0.4267 0.9024 -0.0607
vn -0.2158 0.9756 -0.0407
vn -0.7820 0.5793 -0.2301
vn -0.6156 0.7371 -0.2788
vn 0.2420 0.9694 -0.0406
vn 0.2755 0.9589 0.0684
vn -0.6872 0.7228 -0.0726
vn -0.6996 0.7055 -0.1136
vn -0.2946 -0.9552 0.0280
vn -0.2796 -0.9567 -0.0807
vn 0.6587 -0.7504 0.0558
vn 0.6462 -0.7555 0.1077
vn 0.9574 0.2548 0.1356
vn 0.9613 0.2663 0.0706
vn -0.9486 -0.3065 -0.0783
vn -0.9424 -0.2999 -0.1483
vn 0.1437 -0.0546 0.9881
vn 0.1024 0.0728 -0.9921
vn -0.9468 -0.2974 0.1228
vn -0.2582 -0.9538 0.1536
vn 0.6335 -0.7717 0.0559
vn 0.9368 0.3308 -0.1138
vn 0.1206 0.9827 -0.1408
vn -0.7361 0.6761 -0.0332
vn -0.9313 -0.3144 0.1842
vn -0.7610 0.6342 0.1368
vn 0.0666 0.9977 -0.0155
vn 0.5139 -0.8558 -0.0597
vn -0.1336 -0.9889 0.0654
vn 0.9249 0.3487 -0.1512
vn -0.9196 -0.3250 0.2209
vn -0.7674 0.6181 0.1705
vn -0.0042 -0.9967 0.0808
vn 0.3832 -0.9226 -0.0453
vn 0.0625 0.9980 -0.0054
vn 0.9200 0.3591 -0.1572
vn -0.2420 0.9694 0.0406
vn -0.2753 0.9589 -0.0684
vn 0.6872 0.7228 0.0726
vn 0.6996 0.7054 0.1136
vn 0.2946 -0.9552 -0.0280
vn 0.2796 -0.9567 0.0807
vn -0.6587 -0.7504 -0.0558
vn -0.6462 -0.7555 -0.1077
vn -0.9574 0.2548 -0.1356
vn -0.9613 0.2663 -0.0706
vn 0.9486 -0.3065 0.0783
vn 0.9424 -0.2999 0.1483
vn -0.1437 -0.0546 -0.9881
vn -0.1024 0.0728 0.9921
vn 0.9468 -0.2974 -0.1228
vn 0.2582 -0.9538 -0.1536
vn -0.6335 -0.7717 -0.0559
vn -0.9368 0.3308 0.1138
vn -0.1206 0.9827 0.1408
vn 0.7361 0.6761 0.0332
vn 0.9313 -0.3144 -0.1842
vn 0.7610 0.6342 -0.1368
vn -0.0666 0.9977 0.0155
vn -0.5139 -0.8558 0.0597
vn 0.1336 -0.9889 -0.0654
vn -0.9249 0.3487 0.1512
vn 0.9196 -0.3250 -0.2209
vn 0.7674 0.6181 -0.1705
vn 0.0042 -0.9967 -0.0808
vn -0.3832 -0.9226 0.0453
vn -0.0625 0.9980 0.0054
vn -0.9200 0.3590 0.1572
vn -0.9776 0.1618 -0.1347
vn -0.5540 0.0959 0.8270
vn -0.5855 0.0748 0.8072
vn -0.9781 0.1094 -0.1771
vn 0.9706 -0.1658 0.1744
vn 0.6259 -0.1219 -0.7703
vn 0.6383 -0.0693 -0.7667
vn 0.9738 -0.0974 0.2055
vn -0.4751 0.0711 -0.8770
vn -0.4611 0.0490 -0.8860
vn 0.5128 -0.0771 0.8551
vn 0.5082 -0.0414 0.8602
vn 0.0731 -0.9604 -0.2690
vn -0.1389 0.9883 0.0627
vn -0.9867 0.0037 0.1622
vn -0.4508 -0.0258 0.8922
vn -0.4357 0.0049 0.9001
vn -0.9838 0.0102 0.1790
vn 0.9951 0.0057 -0.0988
vn 0.4142 0.0454 -0.9090
vn 0.4143 0.0081 -0.9101
vn 0.9938 0.0016 -0.1112
vn -0.5550 0.0439 -0.8307
vn -0.5660 0.0109 -0.8243
vn 0.6119 -0.0276 0.7905
vn 0.6077 -0.0004 0.7942
vn 0.6015 -0.1708 0.7804
vn -0.5453 -0.0546 0.8364
vn -0.5642 -0.0003 0.8256
vn 0.5887 -0.1945 0.7846
vn 0.4619 -0.0059 -0.8869
vn -0.4785 0.1495 -0.8653
vn -0.4876 0.1594 -0.8584
vn 0.4442 0.0681 -0.8933
vn 0.1520 -0.9878 0.0335
vn -0.1314 0.9912 -0.0187
vn 0.9942 -0.1064 -0.0170
vn 0.9842 -0.1773 0.0014
vn -0.4696 0.1513 0.8698
vn 0.5139 -0.1829 0.8381
vn 0.9341 -0.3467 0.0845
vn -0.5241 0.1371 -0.8405
vn 0.5790 -0.2528 -0.7752
vn -0.9519 0.3064 -0.0023
vn -0.9937 0.0930 0.0625
vn -0.9872 0.1532 0.0441
vn 0.0698 -0.9962 -0.0522
vn 0.0425 -0.9985 0.0353
vn 0.8830 -0.4632 -0.0756
vn 0.8832 -0.4565 -0.1077
vn -0.0174 0.9989 0.0434
vn -0.0228 0.9986 -0.0477
vn -0.8542 0.5163 0.0609
vn -0.8533 0.5106 0.1054
vn -0.8320 -0.5447 0.1055
vn -0.8276 -0.5590 0.0500
vn 0.8088 0.5849 -0.0611
vn 0.8020 0.5863 -0.1147
vn -0.1746 -0.0159 0.9845
vn -0.0839 -0.0904 -0.9924
vn 0.7873 0.5498 0.2790
vn -0.0310 0.9721 0.2325
vn -0.8250 0.5648 -0.0172
vn -0.7248 -0.6262 -0.2871
vn 0.2339 -0.9674 -0.0969
vn 0.9238 -0.3651 0.1152
vn 0.1332 -0.9892 -0.0609
vn -0.7009 -0.5704 -0.4283
vn -0.0013 0.8900 0.4559
vn -0.7221 0.6161 -0.3146
vn 0.6571 0.5746 0.4880
vn -0.6554 -0.2410 -0.7158
vn -0.6626 -0.1614 -0.7314
vn 0.6893 0.7151 0.1157
vn 0.7203 0.6694 0.1819
vn 0.4841 0.6893 -0.5390
vn 0.5222 0.6078 -0.5982
vn -0.5802 -0.2776 0.7657
vn -0.5068 -0.4422 0.7400
vn 0.0456 -0.0821 0.9956
vn -0.0630 0.1146 0.9914
vn 0.6519 0.7569 0.0463
vn -0.1668 0.3025 0.9384
vn -0.6445 -0.3149 -0.6967
vn 0.5543 0.5190 -0.6506
vn -0.6340 -0.1048 0.7662
vn -0.4265 0.8963 0.1214
vn 0.8116 -0.4108 0.4154
vn -0.9756 0.1391 0.1701
vn -0.9661 0.1101 0.2335
vn -0.5582 0.0905 -0.8247
vn -0.5315 0.1027 -0.8408
vn 0.9702 -0.1339 -0.2020
vn 0.9677 -0.1035 -0.2297
vn 0.6003 -0.0841 0.7953
vn 0.5735 -0.1096 0.8119
vn -0.4112 0.0300 0.9111
vn -0.4019 0.0346 0.9150
vn 0.4213 -0.0315 -0.9064
vn 0.4279 -0.0224 -0.9036
vn 0.0618 -0.9981 0.0018
vn -0.1381 0.9858 -0.0955
vn -0.9794 0.0063 -0.2021
vn -0.9692 0.0179 -0.2458
vn -0.3655 0.0066 -0.9308
vn -0.3975 -0.0205 -0.9174
vn 0.9855 0.0098 0.1694
vn 0.9820 -0.0025 0.1888
vn 0.3678 0.0069 0.9299
vn 0.3550 0.0402 0.9340
vn -0.5369 0.0165 0.8435
vn -0.5117 0.0386 0.8583
vn 0.5975 -0.0228 -0.8015
vn 0.6115 -0.0027 -0.7913
vn 0.5498 -0.0483 -0.8339
vn 0.5394 -0.0376 -0.8412
vn -0.5162 0.0690 -0.8537
vn -0.4966 0.0311 -0.8674
vn 0.4185 -0.0807 0.9046
vn 0.4127 -0.0351 0.9102
vn -0.4420 0.0268 0.8966
vn -0.4083 -0.0015 0.9129
vn 0.1519 -0.9874 -0.0454
vn -0.1312 0.9910 0.0253
vn 0.9935 -0.1136 0.0055
vn 0.9968 -0.0724 0.0333
vn 0.4069 -0.0456 -0.9123
vn -0.5142 0.1274 -0.8481
vn 0.9703 -0.1881 -0.1522
vn -0.3829 0.0333 0.9232
vn 0.5390 -0.1426 0.8302
vn -0.9763 0.1834 0.1150
vn -0.9951 0.0614 -0.0774
vn -0.9948 0.0962 -0.0338
vn 0.3406 0.9276 0.1535
vn 0.6840 0.7266 0.0651
vn 0.6541 0.7485 -0.1088
vn 0.2355 0.9677 -0.0902
vn 0.3311 -0.9435 -0.0109
vn -0.6089 -0.7888 -0.0835
vn -0.6189 -0.7797 0.0947
vn 0.3038 -0.9525 0.0212
vn -0.8813 -0.4205 -0.2154
vn -0.9041 -0.3853 0.1849
vn 0.9598 -0.2767 0.0466
vn 0.9662 -0.2408 -0.0921
vn -0.2538 -0.1825 0.9499
vn 0.0379 0.1965 -0.9798
vn 0.7063 0.6186 0.3442
vn 0.8928 -0.3575 0.2742
vn 0.2924 -0.9560 -0.0236
vn -0.6186 -0.7235 -0.3064
vn -0.9500 0.1324 -0.2827
vn 0.7261 0.6010 0.3341
vn 0.5520 0.5216 0.6506
vn 0.6687 -0.3904 0.6328
vn 0.8462 -0.3681 0.3853
vn 0.1287 -0.9837 0.1254
vn -0.6131 -0.6099 -0.5021
vn -0.6389 -0.7386 -0.2151
vn 0.2366 -0.9603 0.1477
vn -0.5020 0.8339 0.2294
vn 0.0401 0.9617 -0.2713
vn -0.4550 0.8695 0.1921
vn -0.5727 0.7678 0.2872
vn 0.1064 0.9915 -0.0755
vn 0.8437 -0.1485 -0.5159
vn 0.7164 -0.3521 -0.6024
vn 0.5096 0.3534 -0.7845
vn 0.1395 -0.9228 0.3591
vn -0.4341 -0.5169 0.7378
vn -0.3110 -0.3799 0.8712
vn 0.1559 -0.7864 0.5977
vn 0.1620 -0.9604 0.2268
vn 0.6733 -0.7346 -0.0837
vn -0.4629 0.8840 -0.0651
vn -0.2045 0.9783 -0.0343
vn -0.5780 -0.6734 0.4610
vn 0.6559 0.6707 -0.3464
vn 0.2247 -0.0954 0.9697
vn 0.1018 0.9806 0.1675
vn -0.7671 0.5815 -0.2709
vn -0.5989 0.7075 -0.3752
vn 0.2493 0.9683 -0.0126
vn -0.6869 0.7263 -0.0260
vn -0.6587 0.7458 0.0995
vn 0.2907 0.9564 0.0297
vn -0.3158 -0.9487 0.0113
vn 0.6167 -0.7865 0.0325
vn 0.6060 -0.7906 -0.0882
vn -0.2995 -0.9538 -0.0219
vn 0.9675 0.2519 0.0225
vn 0.9770 0.2011 -0.0702
vn -0.9605 -0.2782 -0.0088
vn -0.9623 -0.2632 0.0690
vn 0.3315 -0.2384 -0.9129
vn -0.0507 0.2625 0.9636
vn -0.7254 0.6329 -0.2705
vn -0.9125 -0.3517 -0.2091
vn -0.2932 -0.9558 0.0220
vn 0.6399 -0.7291 0.2427
vn 0.9126 0.3541 0.2043
vn 0.1519 0.9861 -0.0674
vn -0.7498 0.6123 -0.2509
vn -0.6347 0.5536 -0.5392
vn -0.7558 -0.3887 -0.5270
vn -0.8787 -0.3814 -0.2871
vn -0.1973 -0.9722 -0.1259
vn 0.6528 -0.6630 0.3665
vn 0.6690 -0.7260 0.1592
vn -0.2332 -0.9675 -0.0973
vn 0.3994 0.9147 0.0622
vn 0.2236 0.9737 0.0432
vn 0.7907 0.5774 0.2036
vn 0.6197 0.7555 0.2127
vn -0.2384 0.9692 0.0612
vn -0.2830 0.9555 -0.0829
vn 0.6766 0.7315 0.0848
vn 0.7045 0.6958 0.1398
vn 0.2943 -0.9548 -0.0420
vn 0.2666 -0.9592 0.0943
vn -0.6696 -0.7396 -0.0676
vn -0.6383 -0.7587 -0.1305
vn -0.9538 0.2531 -0.1617
vn -0.9630 0.2567 -0.0821
vn 0.9462 -0.3131 0.0815
vn 0.9390 -0.2941 0.1781
vn -0.1206 -0.0459 -0.9916
vn -0.0858 0.0611 0.9944
vn 0.9471 -0.2872 -0.1434
vn 0.2632 -0.9463 -0.1877
vn -0.6342 -0.7699 -0.0715
vn -0.9307 0.3386 0.1381
vn -0.1142 0.9799 0.1636
vn 0.7347 0.6773 0.0395
vn 0.9242 -0.3122 -0.2199
vn 0.7565 0.6331 -0.1640
vn -0.0642 0.9978 0.0171
vn -0.5091 -0.8566 0.0846
vn 0.1333 -0.9879 -0.0791
vn -0.9197 0.3482 0.1816
vn 0.9078 -0.3276 -0.2618
vn 0.7535 0.6247 -0.2047
vn -0.0196 -0.9929 -0.1175
vn -0.3888 -0.9171 0.0887
vn -0.0773 0.9970 0.0103
vn -0.9192 0.3474 0.1857
vn 0.1347 0.1619 -0.9776
vn -0.8270 0.0959 -0.5540
vn -0.8072 0.0748 -0.5855
vn 0.1771 0.1094 -0.9781
vn -0.1744 -0.1658 0.9706
vn 0.7703 -0.1219 0.6259
vn 0.7667 -0.0693 0.6383
vn -0.2055 -0.0974 0.9738
vn 0.8770 0.0711 -0.4751
vn 0.8860 0.0490 -0.4611
vn -0.8551 -0.0771 0.5128
vn -0.8602 -0.0414 0.5082
vn 0.2690 -0.9603 0.0731
vn -0.0627 0.9883 -0.1390
vn -0.1622 0.0037 -0.9867
vn -0.8922 -0.0258 -0.4508
vn -0.9001 0.0049 -0.4357
vn -0.1789 0.0102 -0.9838
vn 0.0988 0.0057 0.9951
vn 0.9090 0.0454 0.4142
vn 0.9101 0.0081 0.4143
vn 0.1112 0.0016 0.9938
vn 0.8307 0.0439 -0.5550
vn 0.8243 0.0109 -0.5660
vn -0.7905 -0.0276 0.6119
vn -0.7942 -0.0005 0.6077
vn -0.7804 -0.1708 0.6015
vn -0.8364 -0.0546 -0.5453
vn -0.8256 -0.0003 -0.5642
vn -0.7846 -0.1945 0.5887
vn 0.8869 -0.0059 0.4619
vn 0.8653 0.1495 -0.4785
vn 0.8584 0.1594 -0.4876
vn 0.8933 0.0681 0.4442
vn -0.0334 -0.9878 0.1520
vn 0.0187 0.9912 -0.1314
vn 0.0170 -0.1064 0.9942
vn -0.0015 -0.1773 0.9842
vn -0.8698 0.1513 -0.4696
vn -0.8381 -0.1829 0.5139
vn -0.0845 -0.3467 0.9341
vn 0.8405 0.1371 -0.5241
vn 0.7752 -0.2528 0.5790
vn 0.0023 0.3064 -0.9519
vn -0.0625 0.0930 -0.9937
vn -0.0441 0.1532 -0.9872
vn 0.0522 -0.9962 0.0698
vn -0.0353 -0.9985 0.0426
vn 0.0756 -0.4632 0.8830
vn 0.1077 -0.4565 0.8832
vn -0.0434 0.9989 -0.0174
vn 0.0477 0.9986 -0.0228
vn -0.0609 0.5163 -0.8542
vn -0.1054 0.5106 -0.8533
vn -0.1055 -0.5447 -0.8320
vn -0.0500 -0.5590 -0.8276
vn 0.0611 0.5848 0.8088
vn 0.1147 0.5863 0.8020
vn -0.9845 -0.0159 -0.1746
vn 0.9924 -0.0904 -0.0839
vn -0.1841 0.5776 0.7953
vn -0.1940 0.9798 -0.0482
vn -0.0452 0.5520 -0.8326
vn 0.1915 -0.5989 -0.7776
vn 0.1597 -0.9654 0.2061
vn -0.0152 -0.3995 0.9166
vn -0.2435 0.5838 0.7746
vn -0.1455 -0.3792 0.9138
vn 0.0637 -0.9712 0.2295
vn 0.0609 0.6369 -0.7685
vn -0.0949 0.9764 -0.1942
vn 0.2099 -0.6093 -0.7647
vn -0.2101 0.5897 0.7798
vn -0.1408 -0.3440 0.9284
vn -0.0775 0.9539 -0.2898
vn -0.0024 0.7604 -0.6494
vn -0.0604 -0.9744 -0.2166
vn -0.0214 -0.9890 -0.1462
vn 0.4325 -0.8418 0.3230
vn -0.1102 -0.9459 -0.3051
vn 0.2312 -0.9138 0.3340
vn 0.8200 -0.0895 0.5654
vn 0.5901 0.5644 0.5773
vn 0.4945 0.4755 0.7276
vn -0.5020 0.8597 -0.0948
vn -0.5864 0.8092 -0.0366
vn -0.9176 0.1965 -0.3454
vn -0.7912 0.2961 -0.5350
vn 0.7158 -0.2410 -0.6554
vn 0.7314 -0.1614 -0.6626
vn -0.3725 0.9115 -0.1743
vn 0.3273 0.3190 0.8894
vn 0.0263 -0.9650 0.2610
vn -0.1157 0.7151 0.6893
vn -0.1819 0.6694 0.7203
vn 0.5390 0.6893 0.4841
vn 0.5982 0.6078 0.5222
vn -0.7657 -0.2776 -0.5802
vn -0.7400 -0.4422 -0.5069
vn -0.9956 -0.0821 0.0456
vn -0.9914 0.1146 -0.0630
vn -0.5441 0.4008 -0.7371
vn -0.0463 0.7569 0.6519
vn -0.9384 0.3025 -0.1668
vn 0.6967 -0.3149 -0.6445
vn -0.8831 0.0828 0.4618
vn 0.6506 0.5190 0.5543
vn -0.7662 -0.1048 -0.6340
vn -0.1214 0.8963 -0.4265
vn 0.1561 -0.6320 -0.7591
vn -0.1701 0.1391 -0.9756
vn -0.2335 0.1101 -0.9661
vn 0.8247 0.0905 -0.5583
vn 0.8408 0.1027 -0.5315
vn 0.2020 -0.1339 0.9702
vn 0.2297 -0.1035 0.9677
vn -0.7953 -0.0841 0.6003
vn -0.8119 -0.1096 0.5735
vn -0.9111 0.0300 -0.4112
vn -0.9150 0.0346 -0.4019
vn 0.9064 -0.0315 0.4213
vn 0.9036 -0.0224 0.4279
vn -0.0018 -0.9981 0.0618
vn 0.0955 0.9858 -0.1381
vn 0.2021 0.0063 -0.9794
vn 0.2458 0.0179 -0.9692
vn 0.9308 0.0066 -0.3655
vn 0.9174 -0.0205 -0.3975
vn -0.1694 0.0098 0.9855
vn -0.1888 -0.0025 0.9820
vn -0.9299 0.0069 0.3678
vn -0.9340 0.0402 0.3550
vn -0.8435 0.0165 -0.5369
vn -0.8583 0.0386 -0.5116
vn 0.8015 -0.0228 0.5975
vn 0.7913 -0.0027 0.6115
vn 0.8339 -0.0483 0.5498
vn 0.8412 -0.0376 0.5394
vn 0.8537 0.0690 -0.5162
vn 0.8674 0.0311 -0.4966
vn -0.9046 -0.0807 0.4185
vn -0.9102 -0.0351 0.4127
vn -0.8966 0.0268 -0.4420
vn -0.9129 -0.0015 -0.4083
vn 0.0454 -0.9874 0.1519
vn -0.0253 0.9910 -0.1312
vn -0.0055 -0.1136 0.9935
vn -0.0333 -0.0724 0.9968
vn 0.9123 -0.0456 0.4069
vn 0.8481 0.1274 -0.5142
vn 0.1522 -0.1881 0.9703
vn -0.9232 0.0333 -0.3829
vn -0.8302 -0.1426 0.5390
vn -0.1150 0.1834 -0.9763
vn 0.0774 0.0614 -0.9951
vn 0.0338 0.0962 -0.9948
vn -0.1535 0.9276 0.3406
vn -0.0651 0.7266 0.6840
vn 0.1088 0.7485 0.6542
vn 0.0902 0.9677 0.2355
vn 0.0109 -0.9435 0.3311
vn 0.0835 -0.7888 -0.6089
vn -0.0947 -0.7797 -0.6189
vn -0.0212 -0.9525 0.3038
vn 0.2154 -0.4205 -0.8814
vn -0.1849 -0.3853 -0.9041
vn -0.0466 -0.2767 0.9598
vn 0.0921 -0.2408 0.9662
vn -0.9499 -0.1825 -0.2538
vn 0.9798 0.1965 0.0380
vn -0.3442 0.6186 0.7063
vn -0.2742 -0.3575 0.8928
vn 0.0236 -0.9560 0.2924
vn 0.3064 -0.7235 -0.6186
vn 0.2827 0.1324 -0.9500
vn -0.3341 0.6010 0.7261
vn -0.6506 0.5216 0.5520
vn -0.6328 -0.3903 0.6687
vn -0.3852 -0.3680 0.8462
vn -0.1254 -0.9837 0.1287
vn 0.5021 -0.6099 -0.6131
vn 0.2151 -0.7386 -0.6389
vn -0.1477 -0.9603 0.2366
vn -0.2294 0.8339 -0.5020
vn 0.2713 0.9617 0.0401
vn -0.1921 0.8695 -0.4550
vn -0.2871 0.7678 -0.5727
vn 0.0755 0.9915 0.1063
vn 0.5159 -0.1485 0.8437
vn 0.6024 -0.3521 0.7164
vn 0.7845 0.3534 0.5096
vn -0.3591 -0.9228 0.1396
vn -0.7378 -0.5169 -0.4341
vn -0.8712 -0.3799 -0.3110
vn -0.5977 -0.7864 0.1559
vn -0.2268 -0.9604 0.1620
vn 0.0837 -0.7346 0.6733
vn 0.0651 0.8840 -0.4629
vn 0.0343 0.9783 -0.2045
vn -0.4610 -0.6734 -0.5780
vn 0.3464 0.6707 0.6559
vn -0.9697 -0.0954 0.2247
vn -0.1675 0.9806 0.1018
vn 0.2709 0.5815 -0.7671
vn 0.3752 0.7075 -0.5989
vn -0.8551 -0.0770 0.5128
vn 0.2690 -0.9604 0.0731
vn -0.0627 0.9883 -0.1389
vn -0.0400 -0.9961 0.0791
vn -0.2064 -0.9770 0.0530
vn -0.0181 -0.5071 0.8617
vn 0.0769 -0.4338 0.8977
vn 0.0417 0.9988 -0.0240
vn 0.2176 0.9752 -0.0392
vn 0.0269 0.4672 -0.8837
vn -0.0537 0.5254 -0.8492
vn -0.2049 -0.5828 -0.7864
vn -0.0916 -0.5369 -0.8387
vn 0.1086 0.5928 0.7980
vn 0.2171 0.5346 0.8168
vn 0.8247 0.0905 -0.5582
vn 0.9308 0.0066 -0.3656
vn -0.1887 -0.0025 0.9820
vn 0.8412 -0.0376 0.5395
vn -0.0252 0.9910 -0.1312
vn 0.0773 0.0614 -0.9951
vn -0.0211 -0.9525 0.3038
vn 0.9798 0.1965 0.0379
vn -0.6328 -0.3903 0.6688
vn -0.3852 -0.3680 0.8463
vn -0.3591 -0.9228 0.1395
vn -0.2267 -0.9604 0.1620
vn 0.0838 -0.7346 0.6733
vn -0.1347 0.1619 0.9776
vn 0.8270 0.0959 0.5540
vn 0.8072 0.0748 0.5855
vn -0.1771 0.1094 0.9781
vn 0.1744 -0.1658 -0.9706
vn -0.7703 -0.1219 -0.6259
vn -0.7667 -0.0693 -0.6383
vn 0.2055 -0.0974 -0.9738
vn -0.8770 0.0711 0.4751
vn -0.8860 0.0490 0.4611
vn 0.8551 -0.0771 -0.5128
vn 0.8602 -0.0414 -0.5082
vn -0.2690 -0.9603 -0.0731
vn 0.0627 0.9883 0.1389
vn 0.8698 0.1513 0.4696
vn 0.8381 -0.1829 -0.5139
vn 0.0845 -0.3467 -0.9341
vn -0.8405 0.1371 0.5241
vn -0.7752 -0.2528 -0.5790
vn -0.0023 0.3064 0.9519
vn -0.0522 -0.9962 -0.0698
vn 0.0353 -0.9985 -0.0425
vn -0.0756 -0.4632 -0.8830
vn -0.1077 -0.4565 -0.8832
vn 0.0434 0.9989 0.0174
vn -0.0477 0.9986 0.0228
vn 0.0609 0.5163 0.8542
vn 0.1054 0.5107 0.8533
vn 0.1055 -0.5447 0.8320
vn 0.0500 -0.5590 0.8276
vn -0.0611 0.5849 -0.8088
vn -0.1147 0.5863 -0.8020
vn 0.9845 -0.0159 0.1746
vn -0.9924 -0.0904 0.0839
vn 0.1841 0.5776 -0.7953
vn 0.1940 0.9798 0.0482
vn 0.0452 0.5520 0.8326
vn -0.1915 -0.5989 0.7776
vn -0.1597 -0.9654 -0.2061
vn 0.0152 -0.3995 -0.9166
vn 0.2435 0.5838 -0.7746
vn 0.1455 -0.3792 -0.9138
vn -0.0637 -0.9712 -0.2295
vn -0.0609 0.6369 0.7685
vn 0.0949 0.9764 0.1942
vn -0.2099 -0.6093 0.7647
vn 0.2101 0.5897 -0.7798
vn 0.1408 -0.3440 -0.9284
vn 0.0775 0.9539 0.2898
vn 0.0024 0.7604 0.6494
vn 0.0604 -0.9744 0.2166
vn 0.0214 -0.9890 0.1462
vn -0.4325 -0.8418 -0.3230
vn 0.1102 -0.9459 0.3051
vn -0.2312 -0.9138 -0.3340
vn -0.8200 -0.0895 -0.5654
vn -0.5901 0.5644 -0.5773
vn -0.4945 0.4755 -0.7276
vn 0.5020 0.8597 0.0948
vn 0.5864 0.8092 0.0366
vn 0.9176 0.1965 0.3454
vn 0.7912 0.2961 0.5350
vn -0.7158 -0.2410 0.6554
vn -0.7314 -0.1614 0.6626
vn 0.3725 0.9115 0.1743
vn -0.3273 0.3190 -0.8894
vn -0.0263 -0.9650 -0.2610
vn 0.1157 0.7151 -0.6893
vn 0.1819 0.6693 -0.7203
vn -0.5390 0.6893 -0.4841
vn -0.5982 0.6078 -0.5222
vn 0.7657 -0.2776 0.5802
vn 0.7400 -0.4422 0.5068
vn 0.9956 -0.0821 -0.0456
vn 0.9914 0.1146 0.0630
vn 0.5441 0.4008 0.7371
vn 0.0463 0.7569 -0.6519
vn 0.9384 0.3025 0.1668
vn -0.6967 -0.3149 0.6446
vn 0.8831 0.0828 -0.4618
vn -0.6506 0.5190 -0.5543
vn 0.7662 -0.1048 0.6340
vn 0.1214 0.8963 0.4265
vn -0.1561 -0.6320 0.7591
vn 0.1701 0.1391 0.9756
vn 0.2335 0.1101 0.9661
vn -0.8247 0.0905 0.5583
vn -0.8408 0.1027 0.5315
vn -0.2020 -0.1339 -0.9702
vn -0.2297 -0.1035 -0.9677
vn 0.7953 -0.0841 -0.6003
vn 0.8119 -0.1096 -0.5735
vn 0.9111 0.0300 0.4112
vn 0.9150 0.0346 0.4019
vn -0.9064 -0.0315 -0.4213
vn -0.9036 -0.0224 -0.4279
vn 0.0018 -0.9981 -0.0618
vn -0.0955 0.9858 0.1381
vn -0.2021 0.0063 0.9794
vn -0.2458 0.0179 0.9692
vn -0.9308 0.0066 0.3656
vn -0.9174 -0.0205 0.3975
vn 0.1694 0.0098 -0.9855
vn 0.1887 -0.0025 -0.9820
vn 0.9299 0.0069 -0.3678
vn 0.9340 0.0402 -0.3550
vn 0.8435 0.0165 0.5369
vn 0.8583 0.0386 0.5116
vn -0.8015 -0.0228 -0.5975
vn -0.7913 -0.0027 -0.6115
vn -0.8339 -0.0483 -0.5498
vn -0.8412 -0.0376 -0.5394
vn -0.8537 0.0690 0.5162
vn -0.8674 0.0311 0.4966
vn 0.9046 -0.0807 -0.4185
vn 0.9102 -0.0351 -0.4127
vn 0.8966 0.0268 0.4420
vn 0.9129 -0.0015 0.4083
vn -0.0454 -0.9874 -0.1519
vn 0.0253 0.9910 0.1313
vn 0.0055 -0.1136 -0.9935
vn 0.0333 -0.0724 -0.9968
vn -0.9123 -0.0456 -0.4069
vn -0.8481 0.1274 0.5142
vn -0.1522 -0.1881 -0.9703
vn 0.9232 0.0333 0.3829
vn 0.8302 -0.1426 -0.5390
vn 0.1150 0.1834 0.9763
vn -0.0774 0.0614 0.9951
vn -0.0338 0.0962 0.9948
vn 0.1535 0.9276 -0.3406
vn 0.0651 0.7266 -0.6840
vn -0.1088 0.7485 -0.6541
vn -0.0902 0.9677 -0.2355
vn -0.0109 -0.9435 -0.3311
vn -0.0835 -0.7888 0.6089
vn 0.0947 -0.7797 0.6189
vn 0.0212 -0.9525 -0.3038
vn -0.2154 -0.4205 0.8814
vn 0.1849 -0.3853 0.9041
vn 0.0466 -0.2767 -0.9598
vn -0.0921 -0.2408 -0.9662
vn 0.9499 -0.1825 0.2538
vn -0.9798 0.1965 -0.0379
vn 0.3442 0.6186 -0.7063
vn 0.2742 -0.3575 -0.8928
vn -0.0236 -0.9560 -0.2924
vn -0.3064 -0.7235 0.6186
vn -0.2827 0.1324 0.9500
vn 0.3341 0.6010 -0.7261
vn 0.6506 0.5216 -0.5520
vn 0.6328 -0.3904 -0.6687
vn 0.3852 -0.3681 -0.8462
vn 0.1254 -0.9837 -0.1287
vn -0.5021 -0.6099 0.6131
vn -0.2151 -0.7386 0.6389
vn 0.1477 -0.9603 -0.2366
vn 0.2294 0.8339 0.5020
vn -0.2713 0.9616 -0.0401
vn 0.1921 0.8696 0.4549
vn 0.2871 0.7678 0.5727
vn -0.0756 0.9915 -0.1064
vn -0.5159 -0.1485 -0.8437
vn -0.6023 -0.3521 -0.7164
vn -0.7845 0.3534 -0.5096
vn 0.3591 -0.9228 -0.1395
vn 0.7379 -0.5168 0.4340
vn 0.8712 -0.3799 0.3110
vn 0.5977 -0.7864 -0.1559
vn 0.2268 -0.9604 -0.1620
vn -0.0837 -0.7346 -0.6733
vn -0.0651 0.8840 0.4629
vn -0.0343 0.9783 0.2045
vn 0.4610 -0.6734 0.5780
vn -0.3464 0.6707 -0.6559
vn 0.9697 -0.0954 -0.2247
vn 0.1675 0.9806 -0.1018
vn -0.2709 0.5815 0.7671
vn -0.3752 0.7075 0.5989
vn -0.1347 0.1618 0.9776
vn -0.2690 -0.9603 -0.0732
vn 0.0627 0.9883 0.1390
vn 0.0400 -0.9961 -0.0791
vn 0.2064 -0.9770 -0.0531
vn 0.0181 -0.5071 -0.8617
vn -0.0769 -0.4338 -0.8977
vn -0.0417 0.9988 0.0240
vn -0.2176 0.9752 0.0392
vn -0.0269 0.4672 0.8837
vn 0.0537 0.5254 0.8492
vn 0.2049 -0.5828 0.7864
vn 0.0916 -0.5369 0.8387
vn -0.1086 0.5928 -0.7980
vn -0.2171 0.5346 -0.8168
vn -0.1561 -0.6320 0.7590
vn -0.9308 0.0066 0.3655
vn 0.1888 -0.0025 -0.9820
vn 0.0253 0.9910 0.1312
vn 0.3853 -0.3681 -0.8462
usemtl dark_logwood_pattern.004
s 1
f 110/1/1 114/2/2 12/3/3 11/4/4
f 112/5/5 111/6/6 9/7/7 7/8/8
f 111/6/6 113/9/9 10/10/10 9/7/7
f 109/11/11 112/12/5 7/13/8 8/14/12
f 292/15/13 4/16/14 5/17/15 294/18/16
f 297/19/17 6/20/18 2/21/19 293/22/20
f 1/23/21 2/24/21 6/25/21 5/26/21 4/27/21 3/28/21
f 8/29/22 7/30/22 9/31/22 10/32/22 11/33/22 12/34/22
f 132/35/23 21/36/24 19/37/25 128/38/26
f 129/39/27 24/40/28 23/41/29 130/42/30
f 13/43/31 14/44/31 18/45/31 17/46/31 16/47/31 15/48/31
f 20/49/32 19/50/32 21/51/32 22/52/32 23/53/32 24/54/32
f 136/55/33 186/56/34 185/57/35 134/58/36
f 280/59/37 281/60/38 39/61/39 40/62/40
f 31/63/41 35/64/42 169/65/43 165/66/44
f 27/67/45 33/68/46 32/69/47 26/70/48
f 25/71/49 28/72/50 107/73/51 103/74/52
f 30/75/53 27/67/45 106/76/54 104/77/55
f 25/71/49 31/63/41 34/78/56 28/72/50
f 116/79/57 120/80/58 54/81/59 53/82/60
f 118/83/61 117/84/62 51/85/63 49/86/64
f 117/84/62 119/87/65 52/88/66 51/85/63
f 115/89/67 118/90/61 49/91/64 50/92/68
f 119/87/65 46/93/69 47/94/70 116/79/57
f 120/80/58 48/95/71 44/96/72 115/89/67
f 43/97/73 44/98/73 48/99/73 47/100/73 46/101/73 45/102/73
f 50/103/74 49/104/74 51/105/74 52/106/74 53/107/74 54/108/74
f 59/109/75 60/110/76 66/111/77 65/112/78
f 55/113/79 57/114/80 63/115/81 61/116/82
f 57/114/80 58/117/83 64/118/84 63/115/81
f 56/119/85 55/120/79 61/121/82 62/122/86
f 64/118/84 58/117/83 59/109/75 65/112/78
f 66/111/77 60/110/76 56/119/85 62/122/86
f 55/123/87 56/124/87 60/125/87 59/126/87 58/127/87 57/128/87
f 62/129/88 61/130/88 63/131/88 64/132/88 65/133/88 66/134/88
f 122/135/89 126/136/90 78/137/91 77/138/92
f 124/139/93 123/140/94 75/141/95 73/142/96
f 123/140/94 125/143/97 76/144/98 75/141/95
f 121/145/99 124/146/93 73/147/96 74/148/100
f 68/149/101 67/150/102 258/151/103 255/152/104
f 67/153/102 69/154/105 257/155/106 258/156/103
f 67/157/107 68/158/107 72/159/107 71/160/107 70/161/107 69/162/107
f 74/163/108 73/164/108 75/165/108 76/166/108 77/167/108 78/168/108
f 176/169/109 179/170/110 484/171/111 481/172/112
f 477/173/113 487/174/114 182/175/115 172/176/116 178/177/117 483/178/118
f 180/179/119 82/180/120 83/181/121 173/182/122
f 181/183/123 84/184/124 80/185/125 171/186/126
f 131/187/127 22/188/128 21/36/24 132/35/23
f 130/42/30 23/41/29 22/188/128 131/187/127
f 128/189/26 19/190/25 20/191/129 127/192/130
f 129/39/27 18/193/131 14/194/132 127/192/130
f 288/195/133 291/196/134 94/197/135 93/198/136
f 288/195/133 289/199/137 156/200/138 155/201/139
f 290/202/140 287/203/141 154/204/142 158/205/143
f 94/197/135 291/196/134 287/203/141 95/206/144
f 157/207/145 88/208/146 89/209/147 154/204/142
f 158/205/143 90/210/148 86/211/149 153/212/150
f 85/213/151 86/214/151 90/215/151 89/216/151 88/217/151 87/218/151
f 92/219/152 91/220/152 93/221/152 94/222/152 95/223/152 96/224/152
f 149/225/153 99/226/154 100/227/155 152/228/156
f 150/229/157 97/230/158 99/226/154 149/225/153
f 148/231/159 101/232/160 102/233/161 151/234/162
f 97/235/163 98/236/163 102/237/163 101/238/163 100/239/163 99/240/163
f 147/241/164 98/242/165 97/243/166 150/244/167
f 281/60/38 282/245/168 38/246/169 39/61/39
f 161/247/170 160/248/171 107/73/51 104/77/55
f 103/74/52 108/249/172 29/250/173 25/71/49
f 12/3/3 114/2/2 109/11/11 8/14/12
f 10/10/10 113/9/9 110/1/1 11/4/4
f 293/22/20 296/251/174 112/12/5 109/11/11
f 295/252/175 292/15/13 113/9/9 111/6/6
f 296/253/174 295/252/175 111/6/6 112/5/5
f 294/18/16 297/19/17 114/2/2 110/1/1
f 54/81/59 120/80/58 115/89/67 50/92/68
f 52/88/66 119/87/65 116/79/57 53/82/60
f 44/96/72 43/254/176 118/90/61 115/89/67
f 45/255/177 46/93/69 119/87/65 117/84/62
f 43/256/176 45/255/177 117/84/62 118/83/61
f 47/94/70 48/95/71 120/80/58 116/79/57
f 78/137/91 126/136/90 121/145/99 74/148/100
f 76/144/98 125/143/97 122/135/89 77/138/92
f 71/257/178 72/258/179 259/259/180 256/260/181
f 24/40/28 129/39/27 127/192/130 20/191/129
f 13/261/182 128/189/26 127/192/130 14/194/132
f 17/262/183 130/42/30 131/187/127 16/263/184
f 16/263/184 131/187/127 132/35/23 15/264/185
f 18/193/131 129/39/27 130/42/30 17/262/183
f 15/264/185 132/35/23 128/38/26 13/265/182
f 36/266/186 34/78/56 166/267/187 167/268/188
f 283/269/189 285/270/190 41/271/191 37/272/192
f 40/62/40 42/273/193 284/274/194 280/59/37
f 163/275/195 159/276/195 160/277/195 161/278/195 162/279/195 164/280/195
f 38/246/169 37/272/192 269/281/196 268/282/197
f 39/61/39 38/246/169 268/282/197 267/283/198
f 142/284/199 139/285/200 444/286/201 146/287/202
f 141/288/203 442/289/204 445/290/205 145/291/206
f 147/241/164 141/288/203 145/291/206 151/234/162
f 148/231/159 142/284/199 146/287/202 152/228/156
f 442/289/204 141/288/203 144/292/207 443/293/208
f 139/285/200 142/284/199 145/291/206 445/290/205
f 443/294/209 144/295/210 143/296/211 140/297/212
f 140/297/212 143/296/211 146/287/202 444/286/201
f 101/232/160 148/231/159 152/228/156 100/227/155
f 98/242/165 147/241/164 151/234/162 102/233/161
f 141/288/203 147/241/164 150/244/167 144/292/207
f 142/284/199 148/231/159 151/234/162 145/291/206
f 144/295/210 150/229/157 149/225/153 143/296/211
f 143/296/211 149/225/153 152/228/156 146/287/202
f 286/298/213 289/299/137 91/300/214 92/301/215
f 287/203/141 290/202/140 96/302/216 95/206/144
f 86/211/149 85/303/217 156/304/138 153/212/150
f 87/305/218 88/208/146 157/207/145 155/201/139
f 85/306/217 87/305/218 155/201/139 156/200/138
f 89/209/147 90/210/148 158/205/143 154/204/142
f 291/196/134 288/195/133 155/201/139 157/207/145
f 289/299/137 286/298/213 153/212/150 156/304/138
f 289/199/137 288/195/133 93/198/219 91/307/214
f 286/298/213 290/202/140 158/205/143 153/212/150
f 106/76/54 162/308/220 161/247/170 104/77/55
f 105/309/221 164/310/222 162/308/220 106/76/54
f 170/311/223 168/312/223 167/313/223 166/314/223 165/315/223 169/316/223
f 108/249/172 163/317/224 164/318/222 105/319/221
f 183/320/225 187/321/226 138/322/227 133/323/228
f 41/324/191 42/273/193 270/325/229 271/326/230
f 190/327/231 137/328/232 133/323/228 189/329/233
f 104/77/55 107/73/51 28/72/50 30/75/53
f 185/57/35 184/330/234 137/328/232 134/58/36
f 192/331/235 136/55/33 134/58/36 191/332/236
f 266/333/237 270/325/229 42/273/193 40/62/40
f 282/245/168 283/269/189 37/272/192 38/246/169
f 166/267/187 34/78/56 31/63/41 165/66/44
f 28/72/50 34/78/56 36/266/186 30/75/53
f 182/175/115 181/183/123 171/186/126 172/176/116
f 174/334/238 182/175/115 487/174/114 479/335/239
f 179/170/110 180/179/119 173/182/122 174/334/238
f 80/185/125 79/336/240 177/337/241 171/186/126
f 171/186/126 177/337/241 178/177/117 172/176/116
f 81/338/242 82/180/120 180/179/119 175/339/243
f 175/339/243 180/179/119 179/170/110 176/169/109
f 79/340/240 81/338/242 175/339/243 177/341/241
f 177/341/241 175/339/243 176/169/109 178/342/117
f 83/181/121 84/184/124 181/183/123 173/182/122
f 173/182/122 181/183/123 182/175/115 174/334/238
f 194/343/244 192/344/244 191/345/244 190/346/244 189/347/244 193/348/244
f 107/73/51 160/248/171 159/349/245 103/74/52
f 285/350/190 284/274/194 42/273/193 41/324/191
f 194/351/246 135/352/247 136/55/33 192/331/235
f 193/353/248 138/322/227 135/354/247 194/355/246
f 159/349/245 163/317/224 108/249/172 103/74/52
f 187/356/249 183/357/249 184/358/249 185/359/249 186/360/249 188/361/249
f 134/58/36 137/328/232 190/327/231 191/332/236
f 138/322/227 187/321/226 188/362/250 135/354/247
f 133/323/228 138/322/227 193/353/248 189/329/233
f 237/363/251 240/364/252 205/365/253 204/366/254
f 239/367/255 238/368/256 202/369/257 201/370/258
f 238/368/256 241/371/259 203/372/260 202/369/257
f 236/373/261 239/374/255 201/375/258 507/376/262
f 234/377/263 231/378/264 239/374/255 236/373/261
f 235/379/265 198/380/266 199/381/267 233/382/268
f 195/383/269 196/384/269 200/385/269 199/386/269 198/387/269 197/388/269
f 507/389/270 201/390/270 202/391/270 203/392/270 204/393/270 205/394/270
f 207/395/271 213/396/272 217/397/273 211/398/274
f 214/399/275 208/400/276 209/401/277 215/402/278
f 210/403/279 216/404/280 215/402/278 209/401/277
f 212/405/281 206/406/282 208/400/276 214/399/275
f 216/404/280 210/403/279 211/398/274 217/397/273
f 206/407/283 207/408/283 211/409/283 210/410/283 209/411/283 208/412/283
f 212/413/284 214/414/284 215/415/284 216/416/284 217/417/284 213/418/284
f 213/396/272 207/395/271 206/419/282 212/420/281
f 242/421/285 226/422/286 225/423/287 246/424/288
f 253/425/289 242/421/285 246/424/288 248/426/290
f 218/427/291 251/428/292 250/429/293 222/430/294
f 243/431/295 224/432/296 228/433/297 244/434/298
f 251/428/292 243/431/295 244/434/298 250/429/293
f 229/435/299 228/436/299 224/437/299 225/438/299 226/439/299 227/440/299
f 249/441/300 253/425/289 220/442/301 221/443/302
f 222/444/303 223/445/303 221/446/303 220/447/303 219/448/303 218/449/303
f 246/424/288 243/431/295 251/428/292 248/426/290
f 196/450/304 195/451/305 231/378/264 234/377/263
f 241/371/259 235/379/265 233/382/268 237/363/251
f 197/452/306 198/380/266 235/379/265 232/453/307
f 195/454/305 197/452/306 232/453/307 231/455/264
f 199/381/267 200/456/308 230/457/309 233/382/268
f 203/372/260 241/371/259 237/363/251 204/366/254
f 205/365/253 240/364/252 236/373/261 507/376/262
f 232/453/307 235/379/265 241/371/259 238/368/256
f 231/455/264 232/453/307 238/368/256 239/367/255
f 233/382/268 230/457/309 240/364/252 237/363/251
f 240/364/252 230/457/309 234/377/263 236/373/261
f 230/457/309 200/456/308 196/450/304 234/377/263
f 228/433/297 229/458/310 247/459/311 244/434/298
f 227/460/312 226/422/286 242/421/285 245/461/313
f 229/462/310 227/460/312 245/461/313 247/463/311
f 225/423/287 224/432/296 243/431/295 246/424/288
f 248/426/290 251/428/292 218/427/291 219/464/314
f 245/461/313 242/421/285 253/425/289 249/441/300
f 247/463/311 245/461/313 249/441/300 252/465/315
f 244/434/298 247/459/311 252/466/315 250/429/293
f 252/465/315 249/441/300 221/443/302 223/467/316
f 250/429/293 252/466/315 223/468/316 222/430/294
f 220/442/301 253/425/289 248/426/290 219/464/314
f 263/469/317 264/470/318 258/156/103 257/155/106
f 254/471/319 70/472/320 71/257/178 256/260/181
f 259/259/180 72/258/179 68/149/101 255/152/104
f 265/473/321 126/136/90 122/135/89 262/474/322
f 265/473/321 262/474/322 256/260/181 259/259/180
f 264/475/318 261/476/323 255/152/104 258/151/103
f 261/476/323 265/473/321 259/259/180 255/152/104
f 260/477/324 263/469/317 257/155/106 254/471/319
f 69/154/105 70/472/320 254/471/319 257/155/106
f 263/469/317 123/140/94 124/139/93 264/470/318
f 260/477/324 125/143/97 123/140/94 263/469/317
f 264/475/318 124/146/93 121/145/99 261/476/323
f 126/136/90 265/473/321 261/476/323 121/145/99
f 125/143/97 260/477/324 262/474/322 122/135/89
f 262/474/322 260/477/324 254/471/319 256/260/181
f 168/478/325 33/68/46 36/266/186 167/268/188
f 27/67/45 26/70/48 105/309/221 106/76/54
f 169/65/43 35/64/42 32/479/47 170/480/326
f 170/481/326 32/69/47 33/68/46 168/478/325
f 26/482/48 32/479/47 35/64/42 29/250/173
f 277/483/327 276/484/328 273/485/329 272/486/330
f 278/487/331 277/483/327 272/486/330 274/488/332
f 276/484/328 279/489/333 275/490/334 273/485/329
f 279/491/335 276/492/336 277/493/337 278/494/338
f 275/490/334 279/489/333 278/495/331 274/496/332
f 40/62/40 39/61/39 267/283/198 266/333/237
f 26/482/48 29/250/173 108/249/172 105/319/221
f 29/250/173 35/64/42 31/63/41 25/71/49
f 37/272/192 41/271/191 271/497/230 269/281/196
f 135/352/247 188/498/250 186/56/34 136/55/33
f 270/499/339 266/500/339 267/501/339 268/502/339 269/503/339 271/504/339
f 285/505/340 283/506/340 282/507/340 281/508/340 280/509/340 284/510/340
f 137/328/232 184/330/234 183/320/225 133/323/228
f 30/75/53 36/266/186 33/68/46 27/67/45
f 96/302/216 290/202/140 286/298/213 92/301/215
f 287/203/141 291/196/134 157/207/145 154/204/142
f 5/17/15 6/20/18 297/19/17 294/18/16
f 1/511/341 3/512/342 295/252/175 296/253/174
f 3/512/342 4/16/14 292/15/13 295/252/175
f 2/21/19 1/513/341 296/251/174 293/22/20
f 114/2/2 297/19/17 293/22/20 109/11/11
f 113/9/9 292/15/13 294/18/16 110/1/1
f 443/514/343 140/515/344 444/516/345 139/517/346 445/518/347 442/519/348
f 407/520/349 308/521/350 309/522/351 411/523/352
f 409/524/353 304/525/354 306/526/355 408/527/356
f 408/527/356 306/526/355 307/528/357 410/529/358
f 406/530/359 305/531/360 304/532/354 409/533/353
f 644/534/361 646/535/362 302/536/363 301/537/364
f 649/538/365 645/539/366 299/540/367 303/541/368
f 298/542/369 300/543/369 301/544/369 302/545/369 303/546/369 299/547/369
f 305/548/370 309/549/370 308/550/370 307/551/370 306/552/370 304/553/370
f 437/554/371 320/555/372 321/556/373 441/557/374
f 439/558/375 316/559/376 318/560/377 438/561/378
f 438/561/378 318/560/377 319/562/379 440/563/380
f 436/564/381 317/565/382 316/566/376 439/567/375
f 440/563/380 437/554/371 314/568/383 313/569/384
f 441/557/374 436/564/381 311/570/385 315/571/386
f 310/572/387 312/573/387 313/574/387 314/575/387 315/576/387 311/577/387
f 317/578/388 321/579/388 320/580/388 319/581/388 318/582/388 316/583/388
f 429/584/389 425/585/390 328/586/391 330/587/392
f 426/588/393 427/589/394 332/590/395 333/591/396
f 322/592/397 324/593/397 325/594/397 326/595/397 327/596/397 323/597/397
f 329/598/398 333/599/398 332/600/398 331/601/398 330/602/398 328/603/398
f 496/604/399 497/605/399 494/606/399 498/607/399 495/608/399 499/609/399
f 334/610/400 336/611/400 337/612/400 338/613/400 339/614/400 335/615/400
f 431/616/401 350/617/402 351/618/403 435/619/404
f 433/620/405 346/621/406 348/622/407 432/623/408
f 432/623/408 348/622/407 349/624/409 434/625/410
f 430/626/411 347/627/412 346/628/406 433/629/405
f 340/630/413 342/631/413 343/632/413 344/633/413 345/634/413 341/635/413
f 347/636/414 351/637/414 350/638/414 349/639/414 348/640/414 346/641/414
f 413/642/415 362/643/416 363/644/417 417/645/418
f 415/646/419 358/647/420 360/648/421 414/649/422
f 414/649/422 360/648/421 361/650/423 416/651/424
f 412/652/425 359/653/426 358/654/420 415/655/419
f 416/651/424 413/642/415 356/656/427 355/657/428
f 417/645/418 412/652/425 353/658/429 357/659/430
f 352/660/431 354/661/431 355/662/431 356/663/431 357/664/431 353/665/431
f 359/666/432 363/667/432 362/668/432 361/669/432 360/670/432 358/671/432
f 419/672/433 374/673/434 375/674/435 423/675/436
f 421/676/437 370/677/438 372/678/439 420/679/440
f 420/679/440 372/678/439 373/680/441 422/681/442
f 418/682/443 371/683/444 370/684/438 421/685/437
f 365/686/445 547/687/446 550/688/447 364/689/448
f 364/690/448 550/691/447 549/692/449 366/693/450
f 364/694/223 366/695/223 367/696/223 368/697/223 369/698/223 365/699/223
f 371/700/451 375/701/451 374/702/451 373/703/451 372/704/451 370/705/451
f 174/334/238 479/335/239 484/171/111 179/170/110
f 485/706/452 478/707/453 380/708/454 379/709/455
f 486/710/456 476/711/457 377/712/458 381/713/459
f 428/714/460 429/584/389 330/587/392 331/715/461
f 427/589/394 428/714/460 331/715/461 332/590/395
f 425/716/390 424/717/462 329/718/463 328/719/391
f 426/588/393 424/717/462 323/720/464 327/721/465
f 640/722/466 390/723/467 391/724/468 643/725/469
f 640/722/466 460/726/470 461/727/471 641/728/472
f 642/729/473 463/730/474 459/731/475 639/732/476
f 391/724/468 392/733/477 639/732/476 643/725/469
f 462/734/478 459/731/475 386/735/479 385/736/480
f 463/730/474 458/737/481 383/738/482 387/739/483
f 382/740/484 384/741/484 385/742/484 386/743/484 387/744/484 383/745/484
f 389/746/485 393/747/485 392/748/485 391/749/485 390/750/485 388/751/485
f 454/752/486 457/753/487 397/754/488 396/755/489
f 455/756/490 454/752/486 396/755/489 394/757/491
f 453/758/492 456/759/493 399/760/494 398/761/495
f 394/762/496 396/763/496 397/764/496 398/765/496 399/766/496 395/767/496
f 452/768/497 455/769/498 394/770/499 395/771/500
f 492/772/501 488/773/502 400/774/503 405/775/504
f 493/776/505 489/777/506 401/778/507 404/779/508
f 475/780/509 471/781/510 335/782/511 339/783/512
f 334/784/513 474/785/514 473/786/515 336/787/516
f 338/788/517 472/789/518 475/780/509 339/783/512
f 309/522/351 305/531/360 406/530/359 411/523/352
f 307/528/357 308/521/350 407/520/349 410/529/358
f 645/539/366 406/530/359 409/533/353 648/790/519
f 647/791/520 408/527/356 410/529/358 644/534/361
f 648/792/519 409/524/353 408/527/356 647/791/520
f 646/535/362 407/520/349 411/523/352 649/538/365
f 363/644/417 359/653/426 412/652/425 417/645/418
f 361/650/423 362/643/416 413/642/415 416/651/424
f 353/658/429 412/652/425 415/655/419 352/793/521
f 354/794/522 414/649/422 416/651/424 355/657/428
f 352/795/521 415/646/419 414/649/422 354/794/522
f 356/656/427 413/642/415 417/645/418 357/659/430
f 375/674/435 371/683/444 418/682/443 423/675/436
f 373/680/441 374/673/434 419/672/433 422/681/442
f 368/796/523 548/797/524 551/798/525 369/799/526
f 333/591/396 329/718/463 424/717/462 426/588/393
f 322/800/527 323/720/464 424/717/462 425/716/390
f 326/801/528 325/802/529 428/714/460 427/589/394
f 325/802/529 324/803/530 429/584/389 428/714/460
f 327/721/465 326/801/528 427/589/394 426/588/393
f 324/803/530 322/804/527 425/585/390 429/584/389
f 351/618/403 347/627/412 430/626/411 435/619/404
f 349/624/409 350/617/402 431/616/401 434/625/410
f 465/805/531 430/626/411 433/629/405 468/806/532
f 467/807/533 432/623/408 434/625/410 464/808/534
f 468/809/532 433/620/405 432/623/408 467/807/533
f 466/810/535 431/616/401 435/619/404 469/811/536
f 321/556/373 317/565/382 436/564/381 441/557/374
f 319/562/379 320/555/372 437/554/371 440/563/380
f 311/570/385 436/564/381 439/567/375 310/812/537
f 312/813/538 438/561/378 440/563/380 313/569/384
f 310/814/537 439/558/375 438/561/378 312/813/538
f 314/568/383 437/554/371 441/557/374 315/571/386
f 447/815/539 451/816/540 444/817/541 139/818/542
f 446/819/543 450/820/544 445/821/545 442/822/546
f 452/768/497 456/759/493 450/820/544 446/819/543
f 453/758/492 457/753/487 451/816/540 447/815/539
f 442/822/546 443/823/547 449/824/548 446/819/543
f 139/818/542 445/821/545 450/820/544 447/815/539
f 443/825/549 140/826/550 448/827/551 449/828/552
f 140/826/550 444/817/541 451/816/540 448/827/551
f 398/761/495 397/754/488 457/753/487 453/758/492
f 395/771/500 399/760/494 456/759/493 452/768/497
f 446/819/543 449/824/548 455/769/498 452/768/497
f 447/815/539 450/820/544 456/759/493 453/758/492
f 449/828/552 448/827/551 454/752/486 455/756/490
f 448/827/551 451/816/540 457/753/487 454/752/486
f 638/829/553 389/830/554 388/831/555 641/832/472
f 639/732/476 392/733/477 393/833/556 642/729/473
f 383/738/482 458/737/481 461/834/471 382/835/557
f 384/836/558 460/726/470 462/734/478 385/736/480
f 382/837/557 461/727/471 460/726/470 384/836/558
f 386/735/479 459/731/475 463/730/474 387/739/483
f 643/725/469 462/734/478 460/726/470 640/722/466
f 641/832/472 461/834/471 458/737/481 638/829/553
f 641/728/472 388/838/555 390/723/559 640/722/466
f 638/829/553 458/737/481 463/730/474 642/729/473
f 560/839/560 466/810/535 469/811/536 563/840/561
f 562/841/562 468/809/532 467/807/533 561/842/563
f 561/842/563 467/807/533 464/808/534 558/843/564
f 559/844/565 465/805/531 468/806/532 562/845/562
f 435/619/404 430/626/411 465/805/531 469/811/536
f 434/625/410 431/616/401 466/810/535 464/808/534
f 475/780/509 472/789/518 401/778/507 405/775/504
f 335/782/511 471/781/510 474/846/514 334/847/513
f 470/848/566 472/789/518 338/788/517 337/849/567
f 473/786/515 474/785/514 403/850/568 402/851/569
f 470/848/566 473/786/515 402/851/569 404/779/508
f 474/846/514 471/781/510 400/774/503 403/852/568
f 405/775/504 400/774/503 471/781/510 475/780/509
f 404/779/508 401/778/507 472/789/518 470/848/566
f 336/787/516 473/786/515 470/848/566 337/849/567
f 487/174/114 477/173/113 476/711/457 486/710/456
f 484/171/111 479/335/239 478/707/453 485/706/452
f 377/712/458 476/711/457 482/853/570 376/854/571
f 476/711/457 477/173/113 483/178/118 482/853/570
f 378/855/572 480/856/573 485/706/452 379/709/455
f 480/856/573 481/172/112 484/171/111 485/706/452
f 376/857/571 482/858/570 480/856/573 378/855/572
f 482/858/570 483/859/118 481/172/112 480/856/573
f 380/708/454 478/707/453 486/710/456 381/713/459
f 478/707/453 479/335/239 487/174/114 486/710/456
f 499/609/574 495/608/575 489/777/506 493/776/505
f 498/607/576 494/606/577 488/773/502 492/772/501
f 400/774/503 488/773/502 491/860/578 403/852/568
f 402/851/569 490/861/579 493/776/505 404/779/508
f 403/850/568 491/862/578 490/861/579 402/851/569
f 401/778/507 489/777/506 492/772/501 405/775/504
f 488/773/502 494/606/577 497/863/580 491/860/578
f 490/861/579 496/604/581 499/609/574 493/776/505
f 491/862/578 497/605/580 496/604/581 490/861/579
f 489/777/506 495/608/575 498/607/576 492/772/501
f 529/864/582 204/865/583 205/866/584 532/867/585
f 531/868/586 506/869/587 508/870/588 530/871/589
f 530/871/589 508/870/588 509/872/590 533/873/591
f 528/874/592 507/875/593 506/876/587 531/877/586
f 526/878/594 528/874/592 531/877/586 523/879/595
f 527/880/596 525/881/597 504/882/598 503/883/599
f 500/884/600 502/885/600 503/886/600 504/887/600 505/888/600 501/889/600
f 507/890/601 205/891/601 204/892/601 509/893/601 508/894/601 506/895/601
f 534/896/602 538/897/603 517/898/604 518/899/605
f 545/900/606 540/901/607 538/897/603 534/896/602
f 510/902/608 514/903/609 542/904/610 543/905/611
f 535/906/612 536/907/613 520/908/614 516/909/615
f 543/905/611 542/904/610 536/907/613 535/906/612
f 521/910/616 519/911/616 518/912/616 517/913/616 516/914/616 520/915/616
f 541/916/617 513/917/618 512/918/619 545/900/606
f 514/919/620 510/920/620 511/921/620 512/922/620 513/923/620 515/924/620
f 538/897/603 540/901/607 543/905/611 535/906/612
f 501/925/621 526/878/594 523/879/595 500/926/622
f 533/873/591 529/864/582 525/881/597 527/880/596
f 502/927/623 524/928/624 527/880/596 503/883/599
f 500/929/622 523/930/595 524/928/624 502/927/623
f 504/882/598 525/881/597 522/931/625 505/932/626
f 509/872/590 204/865/583 529/864/582 533/873/591
f 205/866/584 507/875/593 528/874/592 532/867/585
f 524/928/624 530/871/589 533/873/591 527/880/596
f 523/930/595 531/868/586 530/871/589 524/928/624
f 525/881/597 529/864/582 532/867/585 522/931/625
f 532/867/585 528/874/592 526/878/594 522/931/625
f 522/931/625 526/878/594 501/925/621 505/932/626
f 520/908/614 536/907/613 539/933/627 521/934/628
f 519/935/629 537/936/630 534/896/602 518/899/605
f 521/937/628 539/938/627 537/936/630 519/935/629
f 517/898/604 538/897/603 535/906/612 516/909/615
f 540/901/607 511/939/631 510/902/608 543/905/611
f 537/936/630 541/916/617 545/900/606 534/896/602
f 539/938/627 544/940/632 541/916/617 537/936/630
f 536/907/613 542/904/610 544/941/632 539/933/627
f 544/940/632 515/942/633 513/917/618 541/916/617
f 542/904/610 514/903/609 515/943/633 544/941/632
f 512/918/619 511/939/631 540/901/607 545/900/606
f 555/944/634 549/692/449 550/691/447 556/945/635
f 546/946/636 548/797/524 368/796/523 367/947/637
f 551/798/525 547/687/446 365/686/445 369/799/526
f 557/948/638 554/949/639 419/672/433 423/675/436
f 557/948/638 551/798/525 548/797/524 554/949/639
f 556/950/635 550/688/447 547/687/446 553/951/640
f 553/951/640 547/687/446 551/798/525 557/948/638
f 552/952/641 546/946/636 549/692/449 555/944/634
f 366/693/450 549/692/449 546/946/636 367/947/637
f 555/944/634 556/945/635 421/676/437 420/679/440
f 552/952/641 555/944/634 420/679/440 422/681/442
f 556/950/635 553/951/640 418/682/443 421/685/437
f 423/675/436 418/682/443 553/951/640 557/948/638
f 422/681/442 419/672/433 554/949/639 552/952/641
f 554/949/639 548/797/524 546/946/636 552/952/641
f 601/953/642 597/954/643 341/955/644 345/956/645
f 340/957/646 600/958/647 599/959/648 342/960/649
f 469/811/536 465/805/531 559/844/565 563/840/561
f 464/808/534 466/810/535 560/839/560 558/843/564
f 579/961/650 573/962/651 572/963/652 578/964/653
f 566/965/654 579/961/650 578/964/653 568/966/655
f 578/964/653 572/963/652 575/967/656 581/968/657
f 580/969/658 574/970/659 573/962/651 579/961/650
f 585/971/660 565/972/661 571/973/662 584/974/663
f 564/975/664 569/976/665 581/968/657 580/977/658
f 344/978/666 598/979/667 601/953/642 345/956/645
f 586/980/668 582/981/669 565/972/661 585/971/660
f 584/974/663 571/973/662 583/982/670 587/983/671
f 564/984/664 580/969/658 579/961/650 566/965/654
f 568/966/655 578/964/653 581/968/657 569/976/665
f 576/985/672 577/986/673 587/983/671 586/987/668
f 570/988/674 585/971/660 584/974/663 567/989/675
f 564/990/676 566/991/677 568/992/678 569/993/679
f 575/967/656 574/994/659 580/977/658 581/968/657
f 576/995/672 586/980/668 585/971/660 570/988/674
f 567/989/675 584/974/663 587/983/671 577/986/673
f 576/996/680 570/997/681 567/998/682 577/999/683
f 583/982/670 582/1000/669 586/987/668 587/983/671
f 593/1001/684 588/1002/685 589/1003/686 592/1004/687
f 594/1005/688 590/1006/689 588/1002/685 593/1001/684
f 592/1004/687 589/1003/686 591/1007/690 595/1008/691
f 595/1009/692 594/1010/693 593/1011/694 592/1012/695
f 591/1007/690 590/1013/689 594/1014/688 595/1008/691
f 601/953/642 598/979/667 560/839/560 563/840/561
f 341/955/644 597/954/643 600/1015/647 340/1016/646
f 596/1017/696 598/979/667 344/978/666 343/1018/697
f 599/959/648 600/958/647 562/841/562 561/842/563
f 596/1017/696 599/959/648 561/842/563 558/843/564
f 600/1015/647 597/954/643 559/844/565 562/845/562
f 563/840/561 559/844/565 597/954/643 601/953/642
f 558/843/564 560/839/560 598/979/667 596/1017/696
f 342/960/649 599/959/648 596/1017/696 343/1018/697
f 615/1019/698 612/1020/699 613/1021/700 619/1022/701
f 617/1023/702 608/1024/703 610/1025/704 616/1026/705
f 616/1026/705 610/1025/704 611/1027/706 618/1028/707
f 614/1029/708 609/1030/709 608/1031/703 617/1032/702
f 623/1033/710 629/1034/711 626/1035/712 624/1036/713
f 602/1037/714 604/1038/714 605/1039/714 606/1040/714 607/1041/714 603/1042/714
f 609/1043/715 613/1044/715 612/1045/715 611/1046/715 610/1047/715 608/1048/715
f 613/1021/700 609/1030/709 614/1029/708 619/1022/701
f 611/1027/706 612/1020/699 615/1019/698 618/1028/707
f 636/1049/716 603/1050/717 607/1051/718 637/1052/719
f 627/1053/720 621/1054/721 620/1055/722 631/1056/723
f 631/1056/723 620/1055/722 625/1057/724 628/1058/725
f 635/1059/726 604/1060/727 602/1061/728 632/1062/729
f 631/1056/723 628/1058/725 615/1019/698 619/1022/701
f 635/1059/726 623/1033/710 624/1036/713 634/1063/730
f 629/1034/711 623/1033/710 622/1064/731 630/1065/732
f 628/1058/725 625/1057/724 624/1036/713 626/1035/712
f 633/1066/733 606/1067/734 605/1068/735 634/1063/730
f 632/1069/729 602/1070/728 603/1050/717 636/1049/716
f 629/1034/711 630/1065/732 617/1023/702 616/1026/705
f 626/1035/712 629/1034/711 616/1026/705 618/1028/707
f 630/1071/732 627/1053/720 614/1029/708 617/1032/702
f 619/1022/701 614/1029/708 627/1053/720 631/1056/723
f 618/1028/707 615/1019/698 628/1058/725 626/1035/712
f 630/1071/732 622/1072/731 621/1054/721 627/1053/720
f 633/1066/733 637/1052/719 607/1051/718 606/1067/734
f 625/1057/724 620/1055/722 637/1052/719 633/1066/733
f 622/1072/731 632/1069/729 636/1049/716 621/1054/721
f 625/1057/724 633/1066/733 634/1063/730 624/1036/713
f 604/1060/727 635/1059/726 634/1063/730 605/1068/735
f 623/1033/710 635/1059/726 632/1062/729 622/1064/731
f 621/1054/721 636/1049/716 637/1052/719 620/1055/722
f 393/833/556 389/830/554 638/829/553 642/729/473
f 639/732/476 459/731/475 462/734/478 643/725/469
f 302/536/363 646/535/362 649/538/365 303/541/368
f 298/1073/736 648/792/519 647/791/520 300/1074/737
f 300/1074/737 647/791/520 644/534/361 301/537/364
f 299/540/367 645/539/366 648/790/519 298/1075/736
f 411/523/352 406/530/359 645/539/366 649/538/365
f 410/529/358 407/520/349 646/535/362 644/534/361
f 655/1076/738 650/1077/739 661/1078/740 656/1079/741
f 651/1080/742 657/1081/743 659/1082/744 653/1083/745
f 653/1083/745 659/1082/744 660/1084/746 654/1085/747
f 652/1086/748 658/1087/749 657/1088/743 651/1089/742
f 660/1084/746 650/1077/739 655/1076/738 654/1085/747
f 661/1078/740 658/1087/749 652/1086/748 656/1079/741
f 651/1090/750 653/1091/750 654/1092/750 655/1093/750 656/1094/750 652/1095/750
f 658/1096/751 661/1097/751 650/1098/751 660/1099/751 659/1100/751 657/1101/751
f 178/342/117 176/169/109 481/172/112 483/859/118
f 376/1102/752 378/1103/753 379/1104/754 380/1105/755 381/1106/756 377/1107/757
f 79/1108/758 80/1109/759 84/1110/760 83/1111/761 82/1112/762 81/1113/763
f 771/1114/764 672/1115/765 673/1116/766 775/1117/767
f 773/1118/768 668/1119/769 670/1120/770 772/1121/771
f 772/1121/771 670/1120/770 671/1122/772 774/1123/773
f 770/1124/774 669/1125/775 668/1126/769 773/1127/768
f 953/1128/776 955/1129/777 666/1130/778 665/1131/779
f 958/1132/780 954/1133/781 663/1134/782 667/1135/783
f 662/1136/784 664/1137/784 665/1138/784 666/1139/784 667/1140/784 663/1141/784
f 669/1142/785 673/1143/785 672/1144/785 671/1145/785 670/1146/785 668/1147/785
f 793/1148/786 789/1149/787 680/1150/788 682/1151/789
f 790/1152/790 791/1153/791 684/1154/792 685/1155/793
f 674/1156/794 676/1157/794 677/1158/794 678/1159/794 679/1160/794 675/1161/794
f 681/1162/795 685/1163/795 684/1164/795 683/1165/795 682/1166/795 680/1167/795
f 797/1168/796 795/1169/797 846/1170/798 847/1171/799
f 941/1172/800 701/1173/801 700/1174/802 942/1175/803
f 692/1176/804 826/1177/805 830/1178/806 696/1179/807
f 688/1180/808 687/1181/809 693/1182/810 694/1183/811
f 686/1184/812 764/1185/813 768/1186/814 689/1187/815
f 691/1188/816 765/1189/817 767/1190/818 688/1180/808
f 686/1184/812 689/1187/815 695/1191/819 692/1176/804
f 777/1192/820 714/1193/821 715/1194/822 781/1195/823
f 779/1196/824 710/1197/825 712/1198/826 778/1199/827
f 778/1199/827 712/1198/826 713/1200/828 780/1201/829
f 776/1202/830 711/1203/831 710/1204/825 779/1205/824
f 780/1201/829 777/1192/820 708/1206/832 707/1207/833
f 781/1195/823 776/1202/830 705/1208/834 709/1209/835
f 704/1210/836 706/1211/836 707/1212/836 708/1213/836 709/1214/836 705/1215/836
f 711/1216/837 715/1217/837 714/1218/837 713/1219/837 712/1220/837 710/1221/837
f 720/1222/838 726/1223/839 727/1224/840 721/1225/841
f 716/1226/842 722/1227/843 724/1228/844 718/1229/845
f 718/1229/845 724/1228/844 725/1230/846 719/1231/847
f 717/1232/848 723/1233/849 722/1234/843 716/1235/842
f 725/1230/846 726/1223/839 720/1222/838 719/1231/847
f 727/1224/840 723/1233/849 717/1232/848 721/1225/841
f 716/1236/850 718/1237/850 719/1238/850 720/1239/850 721/1240/850 717/1241/850
f 723/1242/851 727/1243/851 726/1244/851 725/1245/851 724/1246/851 722/1247/851
f 783/1248/852 738/1249/853 739/1250/854 787/1251/855
f 785/1252/856 734/1253/857 736/1254/858 784/1255/859
f 784/1255/859 736/1254/858 737/1256/860 786/1257/861
f 782/1258/862 735/1259/863 734/1260/857 785/1261/856
f 729/1262/864 916/1263/865 919/1264/866 728/1265/867
f 728/1266/867 919/1267/866 918/1268/868 730/1269/869
f 728/1270/870 730/1271/870 731/1272/870 732/1273/870 733/1274/870 729/1275/870
f 735/1276/871 739/1277/871 738/1278/871 737/1279/871 736/1280/871 734/1281/871
f 837/1282/872 1142/1283/873 1145/1284/874 840/1285/875
f 1138/1286/876 1144/1287/877 839/1288/878 833/1289/879 843/1290/880 1148/1291/881
f 841/1292/882 834/1293/883 744/1294/884 743/1295/885
f 842/1296/886 832/1297/887 741/1298/888 745/1299/889
f 792/1300/890 793/1148/786 682/1151/789 683/1301/891
f 791/1153/791 792/1300/890 683/1301/891 684/1154/792
f 789/1302/787 788/1303/892 681/1304/893 680/1305/788
f 790/1152/790 788/1303/892 675/1306/894 679/1307/895
f 949/1308/896 754/1309/897 755/1310/898 952/1311/899
f 949/1308/896 816/1312/900 817/1313/901 950/1314/902
f 951/1315/903 819/1316/904 815/1317/905 948/1318/906
f 755/1310/898 756/1319/907 948/1318/906 952/1311/899
f 818/1320/908 815/1317/905 750/1321/909 749/1322/910
f 819/1316/904 814/1323/911 747/1324/912 751/1325/913
f 746/1326/914 748/1327/914 749/1328/914 750/1329/914 751/1330/914 747/1331/914
f 753/1332/915 757/1333/915 756/1334/915 755/1335/915 754/1336/915 752/1337/915
f 810/1338/916 813/1339/917 761/1340/918 760/1341/919
f 811/1342/920 810/1338/916 760/1341/919 758/1343/921
f 809/1344/922 812/1345/923 763/1346/924 762/1347/925
f 758/1348/926 760/1349/926 761/1350/926 762/1351/926 763/1352/926 759/1353/926
f 808/1354/927 811/1355/928 758/1356/929 759/1357/930
f 942/1175/803 700/1174/802 699/1358/931 943/1359/932
f 822/1360/933 765/1189/817 768/1186/814 821/1361/934
f 764/1185/813 686/1184/812 690/1362/935 769/1363/936
f 673/1116/766 669/1125/775 770/1124/774 775/1117/767
f 671/1122/772 672/1115/765 771/1114/764 774/1123/773
f 954/1133/781 770/1124/774 773/1127/768 957/1364/937
f 956/1365/938 772/1121/771 774/1123/773 953/1128/776
f 957/1366/937 773/1118/768 772/1121/771 956/1365/938
f 955/1129/777 771/1114/764 775/1117/767 958/1132/780
f 715/1194/822 711/1203/831 776/1202/830 781/1195/823
f 713/1200/828 714/1193/821 777/1192/820 780/1201/829
f 705/1208/834 776/1202/830 779/1205/824 704/1367/939
f 706/1368/940 778/1199/827 780/1201/829 707/1207/833
f 704/1369/939 779/1196/824 778/1199/827 706/1368/940
f 708/1206/832 777/1192/820 781/1195/823 709/1209/835
f 739/1250/854 735/1259/863 782/1258/862 787/1251/855
f 737/1256/860 738/1249/853 783/1248/852 786/1257/861
f 732/1370/941 917/1371/942 920/1372/943 733/1373/944
f 685/1155/793 681/1304/893 788/1303/892 790/1152/790
f 674/1374/945 675/1306/894 788/1303/892 789/1302/787
f 678/1375/946 677/1376/947 792/1300/890 791/1153/791
f 677/1376/947 676/1377/948 793/1148/786 792/1300/890
f 679/1307/895 678/1375/946 791/1153/791 790/1152/790
f 676/1377/948 674/1378/945 789/1149/787 793/1148/786
f 697/1379/949 828/1380/950 827/1381/951 695/1191/819
f 944/1382/952 698/1383/953 702/1384/954 946/1385/955
f 701/1173/801 941/1172/800 945/1386/956 703/1387/957
f 824/1388/958 825/1389/958 823/1390/958 822/1391/958 821/1392/958 820/1393/958
f 699/1358/931 929/1394/959 930/1395/960 698/1383/953
f 700/1174/802 928/1396/961 929/1394/959 699/1358/931
f 803/1397/962 807/1398/963 1105/1399/964 800/1400/965
f 802/1401/966 806/1402/967 1106/1403/968 1103/1404/969
f 808/1354/927 812/1345/923 806/1402/967 802/1401/966
f 809/1344/922 813/1339/917 807/1398/963 803/1397/962
f 1103/1404/969 1104/1405/970 805/1406/971 802/1401/966
f 800/1400/965 1106/1403/968 806/1402/967 803/1397/962
f 1104/1407/972 801/1408/973 804/1409/974 805/1410/975
f 801/1408/973 1105/1399/964 807/1398/963 804/1409/974
f 762/1347/925 761/1340/918 813/1339/917 809/1344/922
f 759/1357/930 763/1346/924 812/1345/923 808/1354/927
f 802/1401/966 805/1406/971 811/1355/928 808/1354/927
f 803/1397/962 806/1402/967 812/1345/923 809/1344/922
f 805/1410/975 804/1409/974 810/1338/916 811/1342/920
f 804/1409/974 807/1398/963 813/1339/917 810/1338/916
f 947/1411/976 753/1412/977 752/1413/978 950/1414/902
f 948/1318/906 756/1319/907 757/1415/979 951/1315/903
f 747/1324/912 814/1323/911 817/1416/901 746/1417/980
f 748/1418/981 816/1312/900 818/1320/908 749/1322/910
f 746/1419/980 817/1313/901 816/1312/900 748/1418/981
f 750/1321/909 815/1317/905 819/1316/904 751/1325/913
f 952/1311/899 818/1320/908 816/1312/900 949/1308/896
f 950/1414/902 817/1416/901 814/1323/911 947/1411/976
f 950/1314/902 752/1420/978 754/1309/982 949/1308/896
f 947/1411/976 814/1323/911 819/1316/904 951/1315/903
f 767/1190/818 765/1189/817 822/1360/933 823/1421/983
f 766/1422/984 767/1190/818 823/1421/983 825/1423/985
f 831/1424/986 830/1425/986 826/1426/986 827/1427/986 828/1428/986 829/1429/986
f 769/1363/936 766/1430/984 825/1431/985 824/1432/987
f 844/1433/988 794/1434/989 799/1435/990 848/1436/991
f 702/1437/954 932/1438/992 931/1439/993 703/1387/957
f 851/1440/994 850/1441/995 794/1434/989 798/1442/996
f 765/1189/817 691/1188/816 689/1187/815 768/1186/814
f 846/1170/798 795/1169/797 798/1442/996 845/1443/997
f 853/1444/998 852/1445/999 795/1169/797 797/1168/796
f 927/1446/1000 701/1173/801 703/1387/957 931/1439/993
f 943/1359/932 699/1358/931 698/1383/953 944/1382/952
f 827/1381/951 826/1177/805 692/1176/804 695/1191/819
f 689/1187/815 691/1188/816 697/1379/949 695/1191/819
f 843/1290/880 833/1289/879 832/1297/887 842/1296/886
f 835/1447/1001 1140/1448/1002 1148/1291/881 843/1290/880
f 840/1285/875 835/1447/1001 834/1293/883 841/1292/882
f 741/1298/888 832/1297/887 838/1449/1003 740/1450/1004
f 832/1297/887 833/1289/879 839/1288/878 838/1449/1003
f 742/1451/1005 836/1452/1006 841/1292/882 743/1295/885
f 836/1452/1006 837/1282/872 840/1285/875 841/1292/882
f 740/1453/1004 838/1454/1003 836/1452/1006 742/1451/1005
f 838/1454/1003 839/1455/878 837/1282/872 836/1452/1006
f 744/1294/884 834/1293/883 842/1296/886 745/1299/889
f 834/1293/883 835/1447/1001 843/1290/880 842/1296/886
f 855/1456/1007 854/1457/1007 850/1458/1007 851/1459/1007 852/1460/1007 853/1461/1007
f 768/1186/814 764/1185/813 820/1462/1008 821/1361/934
f 946/1463/955 702/1437/954 703/1387/957 945/1386/956
f 855/1464/1009 853/1444/998 797/1168/796 796/1465/1010
f 854/1466/1011 855/1467/1009 796/1468/1010 799/1435/990
f 820/1462/1008 764/1185/813 769/1363/936 824/1432/987
f 848/1469/1012 849/1470/1012 847/1471/1012 846/1472/1012 845/1473/1012 844/1474/1012
f 795/1169/797 852/1445/999 851/1440/994 798/1442/996
f 799/1435/990 796/1468/1010 849/1475/1013 848/1436/991
f 794/1434/989 850/1441/995 854/1466/1011 799/1435/990
f 898/1476/1014 865/1477/1015 866/1478/1016 901/1479/1017
f 900/1480/1018 862/1481/1019 863/1482/1020 899/1483/1021
f 899/1483/1021 863/1482/1020 864/1484/1022 902/1485/1023
f 897/1486/1024 1168/1487/1025 862/1488/1019 900/1489/1018
f 895/1490/1026 897/1486/1024 900/1489/1018 892/1491/1027
f 896/1492/1028 894/1493/1029 860/1494/1030 859/1495/1031
f 856/1496/1032 858/1497/1032 859/1498/1032 860/1499/1032 861/1500/1032 857/1501/1032
f 1168/1502/1033 866/1503/1033 865/1504/1033 864/1505/1033 863/1506/1033 862/1507/1033
f 868/1508/1034 872/1509/1035 878/1510/1036 874/1511/1037
f 875/1512/1038 876/1513/1039 870/1514/1040 869/1515/1041
f 871/1516/1042 870/1514/1040 876/1513/1039 877/1517/1043
f 873/1518/1044 875/1512/1038 869/1515/1041 867/1519/1045
f 877/1517/1043 878/1510/1036 872/1509/1035 871/1516/1042
f 867/1520/1046 869/1521/1046 870/1522/1046 871/1523/1046 872/1524/1046 868/1525/1046
f 873/1526/1047 874/1527/1047 878/1528/1047 877/1529/1047 876/1530/1047 875/1531/1047
f 874/1511/1037 873/1532/1044 867/1533/1045 868/1508/1034
f 903/1534/1048 907/1535/1049 886/1536/1050 887/1537/1051
f 914/1538/1052 909/1539/1053 907/1535/1049 903/1534/1048
f 879/1540/1054 883/1541/1055 911/1542/1056 912/1543/1057
f 904/1544/1058 905/1545/1059 889/1546/1060 885/1547/1061
f 912/1543/1057 911/1542/1056 905/1545/1059 904/1544/1058
f 890/1548/1062 888/1549/1062 887/1550/1062 886/1551/1062 885/1552/1062 889/1553/1062
f 910/1554/1063 882/1555/1064 881/1556/1065 914/1538/1052
f 883/1557/1066 879/1558/1066 880/1559/1066 881/1560/1066 882/1561/1066 884/1562/1066
f 907/1535/1049 909/1539/1053 912/1543/1057 904/1544/1058
f 857/1563/1067 895/1490/1026 892/1491/1027 856/1564/1068
f 902/1485/1023 898/1476/1014 894/1493/1029 896/1492/1028
f 858/1565/1069 893/1566/1070 896/1492/1028 859/1495/1031
f 856/1567/1068 892/1568/1027 893/1566/1070 858/1565/1069
f 860/1494/1030 894/1493/1029 891/1569/1071 861/1570/1072
f 864/1484/1022 865/1477/1015 898/1476/1014 902/1485/1023
f 866/1478/1016 1168/1487/1025 897/1486/1024 901/1479/1017
f 893/1566/1070 899/1483/1021 902/1485/1023 896/1492/1028
f 892/1568/1027 900/1480/1018 899/1483/1021 893/1566/1070
f 894/1493/1029 898/1476/1014 901/1479/1017 891/1569/1071
f 901/1479/1017 897/1486/1024 895/1490/1026 891/1569/1071
f 891/1569/1071 895/1490/1026 857/1563/1067 861/1570/1072
f 889/1546/1060 905/1545/1059 908/1571/1073 890/1572/1074
f 888/1573/1075 906/1574/1076 903/1534/1048 887/1537/1051
f 890/1575/1074 908/1576/1073 906/1574/1076 888/1573/1075
f 886/1536/1050 907/1535/1049 904/1544/1058 885/1547/1061
f 909/1539/1053 880/1577/1077 879/1540/1054 912/1543/1057
f 906/1574/1076 910/1554/1063 914/1538/1052 903/1534/1048
f 908/1576/1073 913/1578/1078 910/1554/1063 906/1574/1076
f 905/1545/1059 911/1542/1056 913/1579/1078 908/1571/1073
f 913/1578/1078 884/1580/1079 882/1555/1064 910/1554/1063
f 911/1542/1056 883/1541/1055 884/1581/1079 913/1579/1078
f 881/1556/1065 880/1577/1077 909/1539/1053 914/1538/1052
f 924/1582/1080 918/1268/868 919/1267/866 925/1583/1081
f 915/1584/1082 917/1371/942 732/1370/941 731/1585/1083
f 920/1372/943 916/1263/865 729/1262/864 733/1373/944
f 926/1586/1084 923/1587/1085 783/1248/852 787/1251/855
f 926/1586/1084 920/1372/943 917/1371/942 923/1587/1085
f 925/1588/1081 919/1264/866 916/1263/865 922/1589/1086
f 922/1589/1086 916/1263/865 920/1372/943 926/1586/1084
f 921/1590/1087 915/1584/1082 918/1268/868 924/1582/1080
f 730/1269/869 918/1268/868 915/1584/1082 731/1585/1083
f 924/1582/1080 925/1583/1081 785/1252/856 784/1255/859
f 921/1590/1087 924/1582/1080 784/1255/859 786/1257/861
f 925/1588/1081 922/1589/1086 782/1258/862 785/1261/856
f 787/1251/855 782/1258/862 922/1589/1086 926/1586/1084
f 786/1257/861 783/1248/852 923/1587/1085 921/1590/1087
f 923/1587/1085 917/1371/942 915/1584/1082 921/1590/1087
f 829/1591/1088 828/1380/950 697/1379/949 694/1183/811
f 688/1180/808 767/1190/818 766/1422/984 687/1181/809
f 830/1178/806 831/1592/1089 693/1593/810 696/1179/807
f 831/1594/1089 829/1591/1088 694/1183/811 693/1182/810
f 687/1595/809 690/1362/935 696/1179/807 693/1593/810
f 938/1596/1090 933/1597/1091 934/1598/1092 937/1599/1093
f 939/1600/1094 935/1601/1095 933/1597/1091 938/1596/1090
f 937/1599/1093 934/1598/1092 936/1602/1096 940/1603/1097
f 940/1604/1098 939/1605/1099 938/1606/1100 937/1607/1101
f 936/1602/1096 935/1608/1095 939/1609/1094 940/1603/1097
f 701/1173/801 927/1446/1000 928/1396/961 700/1174/802
f 687/1595/809 766/1430/984 769/1363/936 690/1362/935
f 690/1362/935 686/1184/812 692/1176/804 696/1179/807
f 698/1383/953 930/1395/960 932/1610/992 702/1384/954
f 796/1465/1010 797/1168/796 847/1171/799 849/1611/1013
f 931/1612/1102 932/1613/1102 930/1614/1102 929/1615/1102 928/1616/1102 927/1617/1102
f 946/1618/1103 945/1619/1103 941/1620/1103 942/1621/1103 943/1622/1103 944/1623/1103
f 798/1442/996 794/1434/989 844/1433/988 845/1443/997
f 691/1188/816 688/1180/808 694/1183/811 697/1379/949
f 757/1415/979 753/1412/977 947/1411/976 951/1315/903
f 948/1318/906 815/1317/905 818/1320/908 952/1311/899
f 666/1130/778 955/1129/777 958/1132/780 667/1135/783
f 662/1624/1104 957/1366/937 956/1365/938 664/1625/1105
f 664/1625/1105 956/1365/938 953/1128/776 665/1131/779
f 663/1134/782 954/1133/781 957/1364/937 662/1626/1104
f 775/1117/767 770/1124/774 954/1133/781 958/1132/780
f 774/1123/773 771/1114/764 955/1129/777 953/1128/776
f 1104/1627/1106 1103/1628/1107 1106/1629/1108 800/1630/1109 1105/1631/1110 801/1632/1111
f 1068/1633/1112 1072/1634/1113 970/1635/1114 969/1636/1115
f 1070/1637/1116 1069/1638/1117 967/1639/1118 965/1640/1119
f 1069/1638/1117 1071/1641/1120 968/1642/1121 967/1639/1118
f 1067/1643/1122 1070/1644/1116 965/1645/1119 966/1646/1123
f 1305/1647/1124 962/1648/1125 963/1649/1126 1307/1650/1127
f 1310/1651/1128 964/1652/1129 960/1653/1130 1306/1654/1131
f 959/1655/1132 960/1656/1132 964/1657/1132 963/1658/1132 962/1659/1132 961/1660/1132
f 966/1661/1133 965/1662/1133 967/1663/1133 968/1664/1133 969/1665/1133 970/1666/1133
f 1098/1667/1134 1102/1668/1135 982/1669/1136 981/1670/1137
f 1100/1671/1138 1099/1672/1139 979/1673/1140 977/1674/1141
f 1099/1672/1139 1101/1675/1142 980/1676/1143 979/1673/1140
f 1097/1677/1144 1100/1678/1138 977/1679/1141 978/1680/1145
f 1101/1675/1142 974/1681/1146 975/1682/1147 1098/1667/1134
f 1102/1668/1135 976/1683/1148 972/1684/1149 1097/1677/1144
f 971/1685/1150 972/1686/1150 976/1687/1150 975/1688/1150 974/1689/1150 973/1690/1150
f 978/1691/1151 977/1692/1151 979/1693/1151 980/1694/1151 981/1695/1151 982/1696/1151
f 1090/1697/1152 991/1698/1153 989/1699/1154 1086/1700/1155
f 1087/1701/1156 994/1702/1157 993/1703/1158 1088/1704/1159
f 983/1705/1160 984/1706/1160 988/1707/1160 987/1708/1160 986/1709/1160 985/1710/1160
f 990/1711/1161 989/1712/1161 991/1713/1161 992/1714/1161 993/1715/1161 994/1716/1161
f 1157/1717/1162 1160/1718/1162 1156/1719/1162 1159/1720/1162 1155/1721/1162 1158/1722/1162
f 995/1723/1163 996/1724/1163 1000/1725/1163 999/1726/1163 998/1727/1163 997/1728/1163
f 1092/1729/1164 1096/1730/1165 1012/1731/1166 1011/1732/1167
f 1094/1733/1168 1093/1734/1169 1009/1735/1170 1007/1736/1171
f 1093/1734/1169 1095/1737/1172 1010/1738/1173 1009/1735/1170
f 1091/1739/1174 1094/1740/1168 1007/1741/1171 1008/1742/1175
f 1001/1743/1176 1002/1744/1176 1006/1745/1176 1005/1746/1176 1004/1747/1176 1003/1748/1176
f 1008/1749/1177 1007/1750/1177 1009/1751/1177 1010/1752/1177 1011/1753/1177 1012/1754/1177
f 1074/1755/1178 1078/1756/1179 1024/1757/1180 1023/1758/1181
f 1076/1759/1182 1075/1760/1183 1021/1761/1184 1019/1762/1185
f 1075/1760/1183 1077/1763/1186 1022/1764/1187 1021/1761/1184
f 1073/1765/1188 1076/1766/1182 1019/1767/1185 1020/1768/1189
f 1077/1763/1186 1016/1769/1190 1017/1770/1191 1074/1755/1178
f 1078/1756/1179 1018/1771/1192 1014/1772/1193 1073/1765/1188
f 1013/1773/1194 1014/1774/1194 1018/1775/1194 1017/1776/1194 1016/1777/1194 1015/1778/1194
f 1020/1779/1195 1019/1780/1195 1021/1781/1195 1022/1782/1195 1023/1783/1195 1024/1784/1195
f 1080/1785/1196 1084/1786/1197 1036/1787/1198 1035/1788/1199
f 1082/1789/1200 1081/1790/1201 1033/1791/1202 1031/1792/1203
f 1081/1790/1201 1083/1793/1204 1034/1794/1205 1033/1791/1202
f 1079/1795/1206 1082/1796/1200 1031/1797/1203 1032/1798/1207
f 1026/1799/1208 1025/1800/1209 1211/1801/1210 1208/1802/1211
f 1025/1803/1209 1027/1804/1212 1210/1805/1213 1211/1806/1210
f 1025/1807/986 1026/1808/986 1030/1809/986 1029/1810/986 1028/1811/986 1027/1812/986
f 1032/1813/1214 1031/1814/1214 1033/1815/1214 1034/1816/1214 1035/1817/1214 1036/1818/1214
f 835/1447/1001 840/1285/875 1145/1284/874 1140/1448/1002
f 1146/1819/1215 1040/1820/1216 1041/1821/1217 1139/1822/1218
f 1147/1823/1219 1042/1824/1220 1038/1825/1221 1137/1826/1222
f 1089/1827/1223 992/1828/1224 991/1698/1153 1090/1697/1152
f 1088/1704/1159 993/1703/1158 992/1828/1224 1089/1827/1223
f 1086/1829/1155 989/1830/1154 990/1831/1225 1085/1832/1226
f 1087/1701/1156 988/1833/1227 984/1834/1228 1085/1832/1226
f 1301/1835/1229 1304/1836/1230 1052/1837/1231 1051/1838/1232
f 1301/1835/1229 1302/1839/1233 1122/1840/1234 1121/1841/1235
f 1303/1842/1236 1300/1843/1237 1120/1844/1238 1124/1845/1239
f 1052/1837/1231 1304/1836/1230 1300/1843/1237 1053/1846/1240
f 1123/1847/1241 1046/1848/1242 1047/1849/1243 1120/1844/1238
f 1124/1845/1239 1048/1850/1244 1044/1851/1245 1119/1852/1246
f 1043/1853/1247 1044/1854/1247 1048/1855/1247 1047/1856/1247 1046/1857/1247 1045/1858/1247
f 1050/1859/1248 1049/1860/1248 1051/1861/1248 1052/1862/1248 1053/1863/1248 1054/1864/1248
f 1115/1865/1249 1057/1866/1250 1058/1867/1251 1118/1868/1252
f 1116/1869/1253 1055/1870/1254 1057/1866/1250 1115/1865/1249
f 1114/1871/1255 1059/1872/1256 1060/1873/1257 1117/1874/1258
f 1055/1875/1259 1056/1876/1259 1060/1877/1259 1059/1878/1259 1058/1879/1259 1057/1880/1259
f 1113/1881/1260 1056/1882/1261 1055/1883/1262 1116/1884/1263
f 1153/1885/1264 1066/1886/1265 1061/1887/1266 1149/1888/1267
f 1154/1889/1268 1065/1890/1269 1062/1891/1270 1150/1892/1271
f 1136/1893/1272 1000/1894/1273 996/1895/1274 1132/1896/1275
f 995/1897/1276 997/1898/1277 1134/1899/1278 1135/1900/1279
f 999/1901/1280 1000/1894/1273 1136/1893/1272 1133/1902/1281
f 970/1635/1114 1072/1634/1113 1067/1643/1122 966/1646/1123
f 968/1642/1121 1071/1641/1120 1068/1633/1112 969/1636/1115
f 1306/1654/1131 1309/1903/1282 1070/1644/1116 1067/1643/1122
f 1308/1904/1283 1305/1647/1124 1071/1641/1120 1069/1638/1117
f 1309/1905/1282 1308/1904/1283 1069/1638/1117 1070/1637/1116
f 1307/1650/1127 1310/1651/1128 1072/1634/1113 1068/1633/1112
f 1024/1757/1180 1078/1756/1179 1073/1765/1188 1020/1768/1189
f 1022/1764/1187 1077/1763/1186 1074/1755/1178 1023/1758/1181
f 1014/1772/1193 1013/1906/1284 1076/1766/1182 1073/1765/1188
f 1015/1907/1285 1016/1769/1190 1077/1763/1186 1075/1760/1183
f 1013/1908/1284 1015/1907/1285 1075/1760/1183 1076/1759/1182
f 1017/1770/1191 1018/1771/1192 1078/1756/1179 1074/1755/1178
f 1036/1787/1198 1084/1786/1197 1079/1795/1206 1032/1798/1207
f 1034/1794/1205 1083/1793/1204 1080/1785/1196 1035/1788/1199
f 1029/1909/1286 1030/1910/1287 1212/1911/1288 1209/1912/1289
f 994/1702/1157 1087/1701/1156 1085/1832/1226 990/1831/1225
f 983/1913/1290 1086/1829/1155 1085/1832/1226 984/1834/1228
f 987/1914/1291 1088/1704/1159 1089/1827/1223 986/1915/1292
f 986/1915/1292 1089/1827/1223 1090/1697/1152 985/1916/1293
f 988/1833/1227 1087/1701/1156 1088/1704/1159 987/1914/1291
f 985/1916/1293 1090/1697/1152 1086/1700/1155 983/1917/1290
f 1012/1731/1166 1096/1730/1165 1091/1739/1174 1008/1742/1175
f 1010/1738/1173 1095/1737/1172 1092/1729/1164 1011/1732/1167
f 1126/1918/1294 1129/1919/1295 1094/1740/1168 1091/1739/1174
f 1128/1920/1296 1125/1921/1297 1095/1737/1172 1093/1734/1169
f 1129/1922/1295 1128/1920/1296 1093/1734/1169 1094/1733/1168
f 1127/1923/1298 1130/1924/1299 1096/1730/1165 1092/1729/1164
f 982/1669/1136 1102/1668/1135 1097/1677/1144 978/1680/1145
f 980/1676/1143 1101/1675/1142 1098/1667/1134 981/1670/1137
f 972/1684/1149 971/1925/1300 1100/1678/1138 1097/1677/1144
f 973/1926/1301 974/1681/1146 1101/1675/1142 1099/1672/1139
f 971/1927/1300 973/1926/1301 1099/1672/1139 1100/1671/1138
f 975/1682/1147 976/1683/1148 1102/1668/1135 1098/1667/1134
f 1108/1928/1302 800/1929/1303 1105/1930/1304 1112/1931/1305
f 1107/1932/1306 1103/1933/1307 1106/1934/1308 1111/1935/1309
f 1113/1881/1260 1107/1932/1306 1111/1935/1309 1117/1874/1258
f 1114/1871/1255 1108/1928/1302 1112/1931/1305 1118/1868/1252
f 1103/1933/1307 1107/1932/1306 1110/1936/1310 1104/1937/1311
f 800/1929/1303 1108/1928/1302 1111/1935/1309 1106/1934/1308
f 1104/1938/1312 1110/1939/1313 1109/1940/1314 801/1941/1315
f 801/1941/1315 1109/1940/1314 1112/1931/1305 1105/1930/1304
f 1059/1872/1256 1114/1871/1255 1118/1868/1252 1058/1867/1251
f 1056/1882/1261 1113/1881/1260 1117/1874/1258 1060/1873/1257
f 1107/1932/1306 1113/1881/1260 1116/1884/1263 1110/1936/1310
f 1108/1928/1302 1114/1871/1255 1117/1874/1258 1111/1935/1309
f 1110/1939/1313 1116/1869/1253 1115/1865/1249 1109/1940/1314
f 1109/1940/1314 1115/1865/1249 1118/1868/1252 1112/1931/1305
f 1299/1942/1316 1302/1943/1233 1049/1944/1317 1050/1945/1318
f 1300/1843/1237 1303/1842/1236 1054/1946/1319 1053/1846/1240
f 1044/1851/1245 1043/1947/1320 1122/1948/1234 1119/1852/1246
f 1045/1949/1321 1046/1848/1242 1123/1847/1241 1121/1841/1235
f 1043/1950/1320 1045/1949/1321 1121/1841/1235 1122/1840/1234
f 1047/1849/1243 1048/1850/1244 1124/1845/1239 1120/1844/1238
f 1304/1836/1230 1301/1835/1229 1121/1841/1235 1123/1847/1241
f 1302/1943/1233 1299/1942/1316 1119/1852/1246 1122/1948/1234
f 1302/1839/1233 1301/1835/1229 1051/1838/1322 1049/1951/1317
f 1299/1942/1316 1303/1842/1236 1124/1845/1239 1119/1852/1246
f 1221/1952/1323 1224/1953/1324 1130/1924/1299 1127/1923/1298
f 1223/1954/1325 1222/1955/1326 1128/1920/1296 1129/1922/1295
f 1222/1955/1326 1219/1956/1327 1125/1921/1297 1128/1920/1296
f 1220/1957/1328 1223/1958/1325 1129/1919/1295 1126/1918/1294
f 1096/1730/1165 1130/1924/1299 1126/1918/1294 1091/1739/1174
f 1095/1737/1172 1125/1921/1297 1127/1923/1298 1092/1729/1164
f 1136/1893/1272 1066/1886/1265 1062/1891/1270 1133/1902/1281
f 996/1895/1274 995/1959/1276 1135/1960/1279 1132/1896/1275
f 1131/1961/1329 998/1962/1330 999/1901/1280 1133/1902/1281
f 1134/1899/1278 1063/1963/1331 1064/1964/1332 1135/1900/1279
f 1131/1961/1329 1065/1890/1269 1063/1963/1331 1134/1899/1278
f 1135/1960/1279 1064/1965/1332 1061/1887/1266 1132/1896/1275
f 1066/1886/1265 1136/1893/1272 1132/1896/1275 1061/1887/1266
f 1065/1890/1269 1131/1961/1329 1133/1902/1281 1062/1891/1270
f 997/1898/1277 998/1962/1330 1131/1961/1329 1134/1899/1278
f 1148/1291/881 1147/1823/1219 1137/1826/1222 1138/1286/876
f 1145/1284/874 1146/1819/1215 1139/1822/1218 1140/1448/1002
f 1038/1825/1221 1037/1966/1333 1143/1967/1334 1137/1826/1222
f 1137/1826/1222 1143/1967/1334 1144/1287/877 1138/1286/876
f 1039/1968/1335 1040/1820/1216 1146/1819/1215 1141/1969/1336
f 1141/1969/1336 1146/1819/1215 1145/1284/874 1142/1283/873
f 1037/1970/1333 1039/1968/1335 1141/1969/1336 1143/1971/1334
f 1143/1971/1334 1141/1969/1336 1142/1283/873 1144/1972/877
f 1041/1821/1217 1042/1824/1220 1147/1823/1219 1139/1822/1218
f 1139/1822/1218 1147/1823/1219 1148/1291/881 1140/1448/1002
f 1160/1718/1337 1154/1889/1268 1150/1892/1271 1156/1719/1338
f 1159/1720/1339 1153/1885/1264 1149/1888/1267 1155/1721/1340
f 1061/1887/1266 1064/1965/1332 1152/1973/1341 1149/1888/1267
f 1063/1963/1331 1065/1890/1269 1154/1889/1268 1151/1974/1342
f 1064/1964/1332 1063/1963/1331 1151/1974/1342 1152/1975/1341
f 1062/1891/1270 1066/1886/1265 1153/1885/1264 1150/1892/1271
f 1149/1888/1267 1152/1973/1341 1158/1976/1343 1155/1721/1340
f 1151/1974/1342 1154/1889/1268 1160/1718/1337 1157/1717/1344
f 1152/1975/1341 1151/1974/1342 1157/1717/1344 1158/1722/1343
f 1150/1892/1271 1153/1885/1264 1159/1720/1339 1156/1719/1338
f 1190/1977/1345 1193/1978/1346 866/1979/1347 865/1980/1348
f 1192/1981/1349 1191/1982/1350 1169/1983/1351 1167/1984/1352
f 1191/1982/1350 1194/1985/1353 1170/1986/1354 1169/1983/1351
f 1189/1987/1355 1192/1988/1349 1167/1989/1352 1168/1990/1356
f 1187/1991/1357 1184/1992/1358 1192/1988/1349 1189/1987/1355
f 1188/1993/1359 1164/1994/1360 1165/1995/1361 1186/1996/1362
f 1161/1997/1363 1162/1998/1363 1166/1999/1363 1165/2000/1363 1164/2001/1363 1163/2002/1363
f 1168/2003/1364 1167/2004/1364 1169/2005/1364 1170/2006/1364 865/2007/1364 866/2008/1364
f 1195/2009/1365 1179/2010/1366 1178/2011/1367 1199/2012/1368
f 1206/2013/1369 1195/2009/1365 1199/2012/1368 1201/2014/1370
f 1171/2015/1371 1204/2016/1372 1203/2017/1373 1175/2018/1374
f 1196/2019/1375 1177/2020/1376 1181/2021/1377 1197/2022/1378
f 1204/2016/1372 1196/2019/1375 1197/2022/1378 1203/2017/1373
f 1182/2023/1379 1181/2024/1379 1177/2025/1379 1178/2026/1379 1179/2027/1379 1180/2028/1379
f 1202/2029/1380 1206/2013/1369 1173/2030/1381 1174/2031/1382
f 1175/2032/1383 1176/2033/1383 1174/2034/1383 1173/2035/1383 1172/2036/1383 1171/2037/1383
f 1199/2012/1368 1196/2019/1375 1204/2016/1372 1201/2014/1370
f 1162/2038/1384 1161/2039/1385 1184/1992/1358 1187/1991/1357
f 1194/1985/1353 1188/1993/1359 1186/1996/1362 1190/1977/1345
f 1163/2040/1386 1164/1994/1360 1188/1993/1359 1185/2041/1387
f 1161/2042/1385 1163/2040/1386 1185/2041/1387 1184/2043/1358
f 1165/1995/1361 1166/2044/1388 1183/2045/1389 1186/1996/1362
f 1170/1986/1354 1194/1985/1353 1190/1977/1345 865/1980/1348
f 866/1979/1347 1193/1978/1346 1189/1987/1355 1168/1990/1356
f 1185/2041/1387 1188/1993/1359 1194/1985/1353 1191/1982/1350
f 1184/2043/1358 1185/2041/1387 1191/1982/1350 1192/1981/1349
f 1186/1996/1362 1183/2045/1389 1193/1978/1346 1190/1977/1345
f 1193/1978/1346 1183/2045/1389 1187/1991/1357 1189/1987/1355
f 1183/2045/1389 1166/2044/1388 1162/2038/1384 1187/1991/1357
f 1181/2021/1377 1182/2046/1390 1200/2047/1391 1197/2022/1378
f 1180/2048/1392 1179/2010/1366 1195/2009/1365 1198/2049/1393
f 1182/2050/1390 1180/2048/1392 1198/2049/1393 1200/2051/1391
f 1178/2011/1367 1177/2020/1376 1196/2019/1375 1199/2012/1368
f 1201/2014/1370 1204/2016/1372 1171/2015/1371 1172/2052/1394
f 1198/2049/1393 1195/2009/1365 1206/2013/1369 1202/2029/1380
f 1200/2051/1391 1198/2049/1393 1202/2029/1380 1205/2053/1395
f 1197/2022/1378 1200/2047/1391 1205/2054/1395 1203/2017/1373
f 1205/2053/1395 1202/2029/1380 1174/2031/1382 1176/2055/1396
f 1203/2017/1373 1205/2054/1395 1176/2056/1396 1175/2018/1374
f 1173/2030/1381 1206/2013/1369 1201/2014/1370 1172/2052/1394
f 1216/2057/1397 1217/2058/1398 1211/1806/1210 1210/1805/1213
f 1207/2059/1399 1028/2060/1400 1029/1909/1286 1209/1912/1289
f 1212/1911/1288 1030/1910/1287 1026/1799/1208 1208/1802/1211
f 1218/2061/1401 1084/1786/1197 1080/1785/1196 1215/2062/1402
f 1218/2061/1401 1215/2062/1402 1209/1912/1289 1212/1911/1288
f 1217/2063/1398 1214/2064/1403 1208/1802/1211 1211/1801/1210
f 1214/2064/1403 1218/2061/1401 1212/1911/1288 1208/1802/1211
f 1213/2065/1404 1216/2057/1397 1210/1805/1213 1207/2059/1399
f 1027/1804/1212 1028/2060/1400 1207/2059/1399 1210/1805/1213
f 1216/2057/1397 1081/1790/1201 1082/1789/1200 1217/2058/1398
f 1213/2065/1404 1083/1793/1204 1081/1790/1201 1216/2057/1397
f 1217/2063/1398 1082/1796/1200 1079/1795/1206 1214/2064/1403
f 1084/1786/1197 1218/2061/1401 1214/2064/1403 1079/1795/1206
f 1083/1793/1204 1213/2065/1404 1215/2062/1402 1080/1785/1196
f 1215/2062/1402 1213/2065/1404 1207/2059/1399 1209/1912/1289
f 1262/2066/1405 1006/2067/1406 1002/2068/1407 1258/2069/1408
f 1001/2070/1409 1003/2071/1410 1260/2072/1411 1261/2073/1412
f 1130/1924/1299 1224/1953/1324 1220/1957/1328 1126/1918/1294
f 1125/1921/1297 1219/1956/1327 1221/1952/1323 1127/1923/1298
f 1240/2074/1413 1239/2075/1414 1233/2076/1415 1234/2077/1416
f 1227/2078/1417 1229/2079/1418 1239/2075/1414 1240/2074/1413
f 1239/2075/1414 1242/2080/1419 1236/2081/1420 1233/2076/1415
f 1241/2082/1421 1240/2074/1413 1234/2077/1416 1235/2083/1422
f 1246/2084/1423 1245/2085/1424 1232/2086/1425 1226/2087/1426
f 1225/2088/1427 1241/2089/1421 1242/2080/1419 1230/2090/1428
f 1005/2091/1429 1006/2067/1406 1262/2066/1405 1259/2092/1430
f 1247/2093/1431 1246/2084/1423 1226/2087/1426 1243/2094/1432
f 1245/2085/1424 1248/2095/1433 1244/2096/1434 1232/2086/1425
f 1225/2097/1427 1227/2078/1417 1240/2074/1413 1241/2082/1421
f 1229/2079/1418 1230/2090/1428 1242/2080/1419 1239/2075/1414
f 1237/2098/1435 1247/2099/1431 1248/2095/1433 1238/2100/1436
f 1231/2101/1437 1228/2102/1438 1245/2085/1424 1246/2084/1423
f 1225/2103/1439 1230/2104/1440 1229/2105/1441 1227/2106/1442
f 1236/2081/1420 1242/2080/1419 1241/2089/1421 1235/2107/1422
f 1237/2108/1435 1231/2101/1437 1246/2084/1423 1247/2093/1431
f 1228/2102/1438 1238/2100/1436 1248/2095/1433 1245/2085/1424
f 1237/2109/1443 1238/2110/1444 1228/2111/1445 1231/2112/1446
f 1244/2096/1434 1248/2095/1433 1247/2099/1431 1243/2113/1432
f 1254/2114/1447 1253/2115/1448 1250/2116/1449 1249/2117/1450
f 1255/2118/1451 1254/2114/1447 1249/2117/1450 1251/2119/1452
f 1253/2115/1448 1256/2120/1453 1252/2121/1454 1250/2116/1449
f 1256/2122/1455 1253/2123/1456 1254/2124/1457 1255/2125/1458
f 1252/2121/1454 1256/2120/1453 1255/2126/1451 1251/2127/1452
f 1262/2066/1405 1224/1953/1324 1221/1952/1323 1259/2092/1430
f 1002/2068/1407 1001/2128/1409 1261/2129/1412 1258/2069/1408
f 1257/2130/1459 1004/2131/1460 1005/2091/1429 1259/2092/1430
f 1260/2072/1411 1222/1955/1326 1223/1954/1325 1261/2073/1412
f 1257/2130/1459 1219/1956/1327 1222/1955/1326 1260/2072/1411
f 1261/2129/1412 1223/1958/1325 1220/1957/1328 1258/2069/1408
f 1224/1953/1324 1262/2066/1405 1258/2069/1408 1220/1957/1328
f 1219/1956/1327 1257/2130/1459 1259/2092/1430 1221/1952/1323
f 1003/2071/1410 1004/2131/1460 1257/2130/1459 1260/2072/1411
f 1276/2132/1461 1280/2133/1462 1274/2134/1463 1273/2135/1464
f 1278/2136/1465 1277/2137/1466 1271/2138/1467 1269/2139/1468
f 1277/2137/1466 1279/2140/1469 1272/2141/1470 1271/2138/1467
f 1275/2142/1471 1278/2143/1465 1269/2144/1468 1270/2145/1472
f 1284/2146/1473 1285/2147/1474 1287/2148/1475 1290/2149/1476
f 1263/2150/1477 1264/2151/1477 1268/2152/1477 1267/2153/1477 1266/2154/1477 1265/2155/1477
f 1270/2156/1478 1269/2157/1478 1271/2158/1478 1272/2159/1478 1273/2160/1478 1274/2161/1478
f 1274/2134/1463 1280/2133/1462 1275/2142/1471 1270/2145/1472
f 1272/2141/1470 1279/2140/1469 1276/2132/1461 1273/2135/1464
f 1297/2162/1479 1298/2163/1480 1268/2164/1481 1264/2165/1482
f 1288/2166/1483 1292/2167/1484 1281/2168/1485 1282/2169/1486
f 1292/2167/1484 1289/2170/1487 1286/2171/1488 1281/2168/1485
f 1296/2172/1489 1293/2173/1490 1263/2174/1491 1265/2175/1492
f 1292/2167/1484 1280/2133/1462 1276/2132/1461 1289/2170/1487
f 1296/2172/1489 1295/2176/1493 1285/2147/1474 1284/2146/1473
f 1290/2149/1476 1291/2177/1494 1283/2178/1495 1284/2146/1473
f 1289/2170/1487 1287/2148/1475 1285/2147/1474 1286/2171/1488
f 1294/2179/1496 1295/2176/1493 1266/2180/1497 1267/2181/1498
f 1293/2182/1490 1297/2162/1479 1264/2165/1482 1263/2183/1491
f 1290/2149/1476 1277/2137/1466 1278/2136/1465 1291/2177/1494
f 1287/2148/1475 1279/2140/1469 1277/2137/1466 1290/2149/1476
f 1291/2184/1494 1278/2143/1465 1275/2142/1471 1288/2166/1483
f 1280/2133/1462 1292/2167/1484 1288/2166/1483 1275/2142/1471
f 1279/2140/1469 1287/2148/1475 1289/2170/1487 1276/2132/1461
f 1291/2184/1494 1288/2166/1483 1282/2169/1486 1283/2185/1495
f 1294/2179/1496 1267/2181/1498 1268/2164/1481 1298/2163/1480
f 1286/2171/1488 1294/2179/1496 1298/2163/1480 1281/2168/1485
f 1283/2185/1495 1282/2169/1486 1297/2162/1479 1293/2182/1490
f 1286/2171/1488 1285/2147/1474 1295/2176/1493 1294/2179/1496
f 1265/2175/1492 1266/2180/1497 1295/2176/1493 1296/2172/1489
f 1284/2146/1473 1283/2178/1495 1293/2173/1490 1296/2172/1489
f 1282/2169/1486 1281/2168/1485 1298/2163/1480 1297/2162/1479
f 1054/1946/1319 1303/1842/1236 1299/1942/1316 1050/1945/1318
f 1300/1843/1237 1304/1836/1230 1123/1847/1241 1120/1844/1238
f 963/1649/1126 964/1652/1129 1310/1651/1128 1307/1650/1127
f 959/2186/1499 961/2187/1500 1308/1904/1283 1309/1905/1282
f 961/2187/1500 962/1648/1125 1305/1647/1124 1308/1904/1283
f 960/1653/1130 959/2188/1499 1309/1903/1282 1306/1654/1131
f 1072/1634/1113 1310/1651/1128 1306/1654/1131 1067/1643/1122
f 1071/1641/1120 1305/1647/1124 1307/1650/1127 1068/1633/1112
f 1316/2189/1501 1317/2190/1502 1322/2191/1503 1311/2192/1504
f 1312/2193/1505 1314/2194/1506 1320/2195/1507 1318/2196/1508
f 1314/2194/1506 1315/2197/1509 1321/2198/1510 1320/2195/1507
f 1313/2199/1511 1312/2200/1505 1318/2201/1508 1319/2202/1512
f 1321/2198/1510 1315/2197/1509 1316/2189/1501 1311/2192/1504
f 1322/2191/1503 1317/2190/1502 1313/2199/1511 1319/2202/1512
f 1312/2203/1513 1313/2204/1513 1317/2205/1513 1316/2206/1513 1315/2207/1513 1314/2208/1513
f 1319/2209/1514 1318/2210/1514 1320/2211/1514 1321/2212/1514 1311/2213/1514 1322/2214/1514
f 839/1455/878 1144/1972/877 1142/1283/873 837/1282/872
f 1037/2215/1515 1038/2216/1516 1042/2217/1517 1041/2218/1518 1040/2219/1519 1039/2220/1520
f 740/2221/1521 742/2222/1522 743/2223/1523 744/2224/1524 745/2225/1525 741/2226/1526
f 1337/2227/1527 1338/2228/1528 1330/2229/1529 1331/2230/1530
f 1325/2231/1531 1326/2232/1532 1336/2233/1533 1334/2234/1534
f 1325/2231/1531 1334/2234/1534 1338/2228/1528 1324/2235/1535
f 1333/2236/1536 1335/2237/1537 1337/2238/1527 1331/2239/1530 1328/2240/1538
f 1329/2241/1539 1332/2242/1540 1334/2234/1534 1336/2233/1533
f 1330/2229/1529 1338/2228/1528 1334/2234/1534 1332/2242/1540
f 1329/2241/1539 1336/2233/1533 1335/2237/1537 1333/2236/1536
f 1327/2243/1541 1335/2237/1537 1336/2233/1533 1326/2232/1532
f 1327/2243/1541 1323/2244/1542 1337/2238/1527 1335/2237/1537
f 1356/2245/1543 1351/2246/1544 1346/2247/1545 1350/2248/1546
f 1324/2235/1535 1338/2228/1528 1337/2227/1527 1323/2249/1542
f 1341/2250/1547 1343/2251/1548 1355/2252/1549 1353/2253/1550
f 1351/2246/1544 1356/2245/1543 1344/2254/1551 1339/2255/1552 1342/2256/1553 1354/2257/1554
f 1331/2258/1555 1342/2256/1553 1339/2255/1552 1328/2259/1556
f 1343/2251/1548 1332/2260/1557 1329/2261/1558 1340/2262/1559
f 1340/2262/1559 1344/2254/1551 1356/2245/1543 1352/2263/1560
f 1332/2260/1557 1343/2251/1548 1341/2250/1547 1330/2264/1561
f 1341/2250/1547 1342/2265/1553 1331/2266/1555 1330/2264/1561
f 1333/2267/1562 1344/2254/1551 1340/2262/1559 1329/2261/1558
f 1340/2262/1559 1352/2263/1560 1355/2252/1549 1343/2251/1548
f 1346/2247/1545 1351/2246/1544 1354/2257/1554 1345/2268/1563
f 1355/2252/1549 1352/2263/1560 1349/2269/1564 1348/2270/1565
f 1347/2271/1566 1353/2253/1550 1355/2252/1549 1348/2270/1565
f 1345/2272/1563 1354/2273/1554 1353/2253/1550 1347/2271/1566
f 1349/2269/1564 1352/2263/1560 1356/2245/1543 1350/2248/1546
f 1342/2265/1553 1341/2250/1547 1353/2253/1550 1354/2273/1554
f 1344/2254/1551 1333/2267/1562 1328/2259/1556 1339/2255/1552
f 1371/2274/1567 1365/2275/1568 1364/2276/1569 1372/2277/1570
f 1359/2278/1571 1368/2279/1572 1370/2280/1573 1360/2281/1574
f 1359/2278/1571 1358/2282/1575 1372/2277/1570 1368/2279/1572
f 1367/2283/1576 1362/2284/1577 1365/2285/1568 1371/2286/1567 1369/2287/1578
f 1363/2288/1579 1370/2280/1573 1368/2279/1572 1366/2289/1580
f 1364/2276/1569 1366/2289/1580 1368/2279/1572 1372/2277/1570
f 1363/2288/1579 1367/2283/1576 1369/2287/1578 1370/2280/1573
f 1361/2290/1581 1360/2281/1574 1370/2280/1573 1369/2287/1578
f 1361/2290/1581 1369/2287/1578 1371/2286/1567 1357/2291/1582
f 1390/2292/1583 1384/2293/1584 1380/2294/1585 1385/2295/1586
f 1358/2282/1575 1357/2296/1582 1371/2274/1567 1372/2277/1570
f 1375/2297/1587 1387/2298/1588 1389/2299/1589 1377/2300/1590
f 1385/2295/1586 1388/2301/1591 1376/2302/1592 1373/2303/1593 1378/2304/1594 1390/2292/1583
f 1365/2305/1595 1362/2306/1596 1373/2303/1593 1376/2302/1592
f 1377/2300/1590 1374/2307/1597 1363/2308/1598 1366/2309/1599
f 1374/2307/1597 1386/2310/1600 1390/2292/1583 1378/2304/1594
f 1366/2309/1599 1364/2311/1601 1375/2297/1587 1377/2300/1590
f 1375/2297/1587 1364/2311/1601 1365/2312/1595 1376/2313/1592
f 1367/2314/1602 1363/2308/1598 1374/2307/1597 1378/2304/1594
f 1374/2307/1597 1377/2300/1590 1389/2299/1589 1386/2310/1600
f 1380/2294/1585 1379/2315/1603 1388/2301/1591 1385/2295/1586
f 1389/2299/1589 1382/2316/1604 1383/2317/1605 1386/2310/1600
f 1381/2318/1606 1382/2316/1604 1389/2299/1589 1387/2298/1588
f 1379/2319/1603 1381/2318/1606 1387/2298/1588 1388/2320/1591
f 1383/2317/1605 1384/2293/1584 1390/2292/1583 1386/2310/1600
f 1376/2313/1592 1388/2320/1591 1387/2298/1588 1375/2297/1587
f 1378/2304/1594 1373/2303/1593 1362/2306/1596 1367/2314/1602
f 1404/2321/1607 1408/2322/1608 1402/2323/1609 1401/2324/1610
f 1406/2325/1611 1405/2326/1612 1399/2327/1613 1397/2328/1614
f 1405/2326/1612 1407/2329/1615 1400/2330/1616 1399/2327/1613
f 1403/2331/1617 1406/2332/1611 1397/2333/1614 1398/2334/1618
f 1407/2329/1615 1394/2335/1619 1395/2336/1620 1404/2321/1607
f 1408/2322/1608 1396/2337/1621 1392/2338/1622 1403/2331/1617
f 1391/2339/1623 1392/2340/1622 1396/2341/1624 1395/2342/1624 1394/2343/1619 1393/2344/1625
f 1398/2345/1618 1397/2346/1614 1399/2347/1613 1400/2348/1626 1401/2349/1626 1402/2350/1609
f 1402/2323/1609 1408/2322/1608 1403/2331/1617 1398/2334/1618
f 1400/2330/1616 1407/2329/1615 1404/2321/1607 1401/2324/1610
f 1392/2338/1622 1391/2351/1623 1406/2332/1611 1403/2331/1617
f 1393/2352/1625 1394/2335/1619 1407/2329/1615 1405/2326/1612
f 1391/2353/1623 1393/2352/1625 1405/2326/1612 1406/2325/1611
f 1395/2336/1620 1396/2337/1621 1408/2322/1608 1404/2321/1607
f 1482/2354/1627 1419/2355/1628 1420/2356/1629 1486/2357/1630
f 1484/2358/1631 1415/2359/1632 1417/2360/1633 1483/2361/1634
f 1483/2361/1634 1417/2360/1633 1418/2362/1635 1485/2363/1636
f 1481/2364/1637 1416/2365/1638 1415/2366/1632 1484/2367/1631
f 1541/2368/1639 1543/2369/1640 1413/2370/1641 1412/2371/1642
f 1546/2372/1643 1542/2373/1644 1410/2374/1645 1414/2375/1646
f 1409/2376/1647 1411/2377/1647 1412/2378/1642 1413/2379/1641 1414/2380/1646 1410/2381/1645
f 1416/2382/1638 1420/2383/1648 1419/2384/1648 1418/2385/1635 1417/2386/1633 1415/2387/1632
f 1504/2388/1649 1500/2389/1650 1427/2390/1651 1429/2391/1652
f 1501/2392/1653 1502/2393/1654 1431/2394/1655 1432/2395/1656
f 1421/2396/1657 1423/2397/1658 1424/2398/1659 1425/2399/1660 1426/2400/1660 1422/2401/1661
f 1428/2402/1662 1432/2403/1663 1431/2404/1663 1430/2405/1664 1429/2406/1652 1427/2407/1651
f 1506/2408/1665 1443/2409/1666 1444/2410/1667 1510/2411/1668
f 1508/2412/1669 1439/2413/1670 1441/2414/1671 1507/2415/1672
f 1507/2415/1672 1441/2414/1671 1442/2416/1673 1509/2417/1674
f 1505/2418/1675 1440/2419/1676 1439/2420/1670 1508/2421/1669
f 1433/2422/1677 1435/2423/1678 1436/2424/1679 1437/2425/1680 1438/2426/1681 1434/2427/1682
f 1440/2428/1676 1444/2429/1667 1443/2430/1683 1442/2431/1673 1441/2432/1671 1439/2433/1670
f 1488/2434/1684 1455/2435/1685 1456/2436/1686 1492/2437/1687
f 1490/2438/1688 1451/2439/1689 1453/2440/1690 1489/2441/1691
f 1489/2441/1691 1453/2440/1690 1454/2442/1692 1491/2443/1693
f 1487/2444/1694 1452/2445/1695 1451/2446/1689 1490/2447/1688
f 1491/2443/1693 1488/2434/1684 1449/2448/1696 1448/2449/1697
f 1492/2437/1687 1487/2444/1694 1446/2450/1698 1450/2451/1699
f 1445/2452/1700 1447/2453/1701 1448/2454/1702 1449/2455/1702 1450/2456/1699 1446/2457/1698
f 1452/2458/1695 1456/2459/1703 1455/2460/1703 1454/2461/1692 1453/2462/1690 1451/2463/1689
f 1461/2464/1704 1467/2465/1705 1468/2466/1706 1462/2467/1707
f 1457/2468/1708 1463/2469/1709 1465/2470/1710 1459/2471/1711
f 1459/2471/1711 1465/2470/1710 1466/2472/1712 1460/2473/1713
f 1458/2474/1714 1464/2475/1715 1463/2476/1709 1457/2477/1708
f 1466/2472/1712 1467/2465/1705 1461/2464/1704 1460/2473/1713
f 1468/2466/1706 1464/2475/1715 1458/2474/1714 1462/2467/1707
f 1457/2478/1708 1459/2479/1711 1460/2480/1713 1461/2481/1716 1462/2482/1716 1458/2483/1714
f 1464/2484/1715 1468/2485/1717 1467/2486/1717 1466/2487/1712 1465/2488/1710 1463/2489/1709
f 1494/2490/1718 1479/2491/1719 1480/2492/1720 1498/2493/1721
f 1496/2494/1722 1475/2495/1723 1477/2496/1724 1495/2497/1725
f 1495/2497/1725 1477/2496/1724 1478/2498/1726 1497/2499/1727
f 1493/2500/1728 1476/2501/1729 1475/2502/1723 1496/2503/1722
f 1470/2504/1730 1518/2505/1731 1521/2506/1732 1469/2507/1733
f 1469/2508/1733 1521/2509/1732 1520/2510/1734 1471/2511/1735
f 1469/2512/1733 1471/2513/1735 1472/2514/1736 1473/2515/1736 1474/2516/1737 1470/2517/1730
f 1476/2518/1729 1480/2519/1720 1479/2520/1738 1478/2521/1738 1477/2522/1724 1475/2523/1723
f 1503/2524/1739 1504/2388/1649 1429/2391/1652 1430/2525/1664
f 1502/2393/1654 1503/2524/1739 1430/2525/1664 1431/2394/1655
f 1500/2526/1650 1499/2527/1740 1428/2528/1662 1427/2529/1651
f 1501/2392/1653 1499/2527/1740 1422/2530/1661 1426/2531/1741
f 1420/2356/1629 1416/2365/1638 1481/2364/1637 1486/2357/1630
f 1418/2362/1635 1419/2355/1628 1482/2354/1627 1485/2363/1636
f 1542/2373/1644 1481/2364/1637 1484/2367/1631 1545/2532/1742
f 1544/2533/1743 1483/2361/1634 1485/2363/1636 1541/2368/1639
f 1545/2534/1742 1484/2358/1631 1483/2361/1634 1544/2533/1743
f 1543/2369/1640 1482/2354/1627 1486/2357/1630 1546/2372/1643
f 1456/2436/1686 1452/2445/1695 1487/2444/1694 1492/2437/1687
f 1454/2442/1692 1455/2435/1685 1488/2434/1684 1491/2443/1693
f 1446/2450/1698 1487/2444/1694 1490/2447/1688 1445/2535/1700
f 1447/2536/1701 1489/2441/1691 1491/2443/1693 1448/2449/1697
f 1445/2537/1700 1490/2438/1688 1489/2441/1691 1447/2536/1701
f 1449/2448/1696 1488/2434/1684 1492/2437/1687 1450/2451/1699
f 1480/2492/1720 1476/2501/1729 1493/2500/1728 1498/2493/1721
f 1478/2498/1726 1479/2491/1719 1494/2490/1718 1497/2499/1727
f 1473/2538/1744 1519/2539/1745 1522/2540/1746 1474/2541/1737
f 1432/2395/1656 1428/2528/1662 1499/2527/1740 1501/2392/1653
f 1421/2542/1657 1422/2530/1661 1499/2527/1740 1500/2526/1650
f 1425/2543/1747 1424/2544/1659 1503/2524/1739 1502/2393/1654
f 1424/2544/1659 1423/2545/1658 1504/2388/1649 1503/2524/1739
f 1426/2531/1741 1425/2543/1747 1502/2393/1654 1501/2392/1653
f 1423/2545/1658 1421/2546/1657 1500/2389/1650 1504/2388/1649
f 1444/2410/1667 1440/2419/1676 1505/2418/1675 1510/2411/1668
f 1442/2416/1673 1443/2409/1666 1506/2408/1665 1509/2417/1674
f 1512/2547/1748 1505/2418/1675 1508/2421/1669 1515/2548/1749
f 1514/2549/1750 1507/2415/1672 1509/2417/1674 1511/2550/1751
f 1515/2551/1749 1508/2412/1669 1507/2415/1672 1514/2549/1750
f 1513/2552/1752 1506/2408/1665 1510/2411/1668 1516/2553/1753
f 1531/2554/1754 1513/2552/1752 1516/2553/1753 1534/2555/1755
f 1533/2556/1756 1515/2551/1749 1514/2549/1750 1532/2557/1757
f 1532/2557/1757 1514/2549/1750 1511/2550/1751 1529/2558/1758
f 1530/2559/1759 1512/2547/1748 1515/2548/1749 1533/2560/1756
f 1510/2411/1668 1505/2418/1675 1512/2547/1748 1516/2553/1753
f 1509/2417/1674 1506/2408/1665 1513/2552/1752 1511/2550/1751
f 1526/2561/1760 1520/2510/1734 1521/2509/1732 1527/2562/1761
f 1517/2563/1762 1519/2539/1745 1473/2538/1744 1472/2564/1763
f 1522/2540/1746 1518/2505/1731 1470/2504/1730 1474/2541/1737
f 1528/2565/1764 1525/2566/1765 1494/2490/1718 1498/2493/1721
f 1528/2565/1764 1522/2540/1746 1519/2539/1745 1525/2566/1765
f 1527/2567/1761 1521/2506/1732 1518/2505/1731 1524/2568/1766
f 1524/2568/1766 1518/2505/1731 1522/2540/1746 1528/2565/1764
f 1523/2569/1767 1517/2563/1762 1520/2510/1734 1526/2561/1760
f 1471/2511/1735 1520/2510/1734 1517/2563/1762 1472/2564/1763
f 1526/2561/1760 1527/2562/1761 1496/2494/1722 1495/2497/1725
f 1523/2569/1767 1526/2561/1760 1495/2497/1725 1497/2499/1727
f 1527/2567/1761 1524/2568/1766 1493/2500/1728 1496/2503/1722
f 1498/2493/1721 1493/2500/1728 1524/2568/1766 1528/2565/1764
f 1497/2499/1727 1494/2490/1718 1525/2566/1765 1523/2569/1767
f 1525/2566/1765 1519/2539/1745 1517/2563/1762 1523/2569/1767
f 1540/2570/1768 1536/2571/1769 1434/2572/1682 1438/2573/1681
f 1433/2574/1677 1539/2575/1770 1538/2576/1771 1435/2577/1678
f 1516/2553/1753 1512/2547/1748 1530/2559/1759 1534/2555/1755
f 1511/2550/1751 1513/2552/1752 1531/2554/1754 1529/2558/1758
f 1437/2578/1680 1537/2579/1772 1540/2570/1768 1438/2573/1681
f 1540/2570/1768 1537/2579/1772 1531/2554/1754 1534/2555/1755
f 1434/2572/1682 1536/2571/1769 1539/2580/1770 1433/2581/1677
f 1535/2582/1773 1537/2579/1772 1437/2578/1680 1436/2583/1774
f 1538/2576/1771 1539/2575/1770 1533/2556/1756 1532/2557/1757
f 1535/2582/1773 1538/2576/1771 1532/2557/1757 1529/2558/1758
f 1539/2580/1770 1536/2571/1769 1530/2559/1759 1533/2560/1756
f 1534/2555/1755 1530/2559/1759 1536/2571/1769 1540/2570/1768
f 1529/2558/1758 1531/2554/1754 1537/2579/1772 1535/2582/1773
f 1435/2577/1678 1538/2576/1771 1535/2582/1773 1436/2583/1774
f 1413/2370/1641 1543/2369/1640 1546/2372/1643 1414/2375/1646
f 1409/2584/1775 1545/2534/1742 1544/2533/1743 1411/2585/1776
f 1411/2585/1776 1544/2533/1743 1541/2368/1639 1412/2371/1642
f 1410/2374/1645 1542/2373/1644 1545/2532/1742 1409/2586/1775
f 1486/2357/1630 1481/2364/1637 1542/2373/1644 1546/2372/1643
f 1485/2363/1636 1482/2354/1627 1543/2369/1640 1541/2368/1639
f 1620/2587/1777 1624/2588/1778 1558/2589/1779 1557/2590/1780
f 1622/2591/1781 1621/2592/1782 1555/2593/1783 1553/2594/1784
f 1621/2592/1782 1623/2595/1785 1556/2596/1786 1555/2593/1783
f 1619/2597/1787 1622/2598/1781 1553/2599/1784 1554/2600/1788
f 1727/2601/1789 1550/2602/1790 1551/2603/1791 1729/2604/1792
f 1732/2605/1793 1552/2606/1794 1548/2607/1795 1728/2608/1796
f 1547/2609/1797 1548/2610/1795 1552/2611/1794 1551/2612/1791 1550/2613/1790 1549/2614/1797
f 1554/2615/1788 1553/2616/1784 1555/2617/1783 1556/2618/1798 1557/2619/1798 1558/2620/1798
f 1650/2621/1799 1654/2622/1800 1570/2623/1801 1569/2624/1802
f 1652/2625/1803 1651/2626/1804 1567/2627/1805 1565/2628/1806
f 1651/2626/1804 1653/2629/1807 1568/2630/1808 1567/2627/1805
f 1649/2631/1809 1652/2632/1803 1565/2633/1806 1566/2634/1810
f 1653/2629/1807 1562/2635/1811 1563/2636/1812 1650/2621/1799
f 1654/2622/1800 1564/2637/1813 1560/2638/1814 1649/2631/1809
f 1559/2639/1815 1560/2640/1814 1564/2641/1816 1563/2642/1816 1562/2643/1811 1561/2644/1817
f 1566/2645/1810 1565/2646/1806 1567/2647/1805 1568/2648/1808 1569/2649/1818 1570/2650/1818
f 1642/2651/1819 1579/2652/1820 1577/2653/1821 1638/2654/1822
f 1639/2655/1823 1582/2656/1824 1581/2657/1825 1640/2658/1826
f 1571/2659/1827 1572/2660/1828 1576/2661/1829 1575/2662/1829 1574/2663/1830 1573/2664/1831
f 1578/2665/1832 1577/2666/1821 1579/2667/1820 1580/2668/1833 1581/2669/1834 1582/2670/1834
f 1644/2671/1835 1648/2672/1836 1594/2673/1837 1593/2674/1838
f 1646/2675/1839 1645/2676/1840 1591/2677/1841 1589/2678/1842
f 1645/2676/1840 1647/2679/1843 1592/2680/1844 1591/2677/1841
f 1643/2681/1845 1646/2682/1839 1589/2683/1842 1590/2684/1846
f 1583/2685/1847 1584/2686/1848 1588/2687/1849 1587/2688/1850 1586/2689/1850 1585/2690/1851
f 1590/2691/1846 1589/2692/1842 1591/2693/1841 1592/2694/1844 1593/2695/1852 1594/2696/1852
f 1626/2697/1853 1630/2698/1854 1606/2699/1855 1605/2700/1856
f 1628/2701/1857 1627/2702/1858 1603/2703/1859 1601/2704/1860
f 1627/2702/1858 1629/2705/1861 1604/2706/1862 1603/2703/1859
f 1625/2707/1863 1628/2708/1857 1601/2709/1860 1602/2710/1864
f 1629/2705/1861 1598/2711/1865 1599/2712/1866 1626/2697/1853
f 1630/2698/1854 1600/2713/1867 1596/2714/1868 1625/2707/1863
f 1595/2715/1869 1596/2716/1868 1600/2717/1870 1599/2718/1870 1598/2719/1865 1597/2720/1871
f 1602/2721/1864 1601/2722/1860 1603/2723/1859 1604/2724/1862 1605/2725/1872 1606/2726/1872
f 1632/2727/1873 1636/2728/1874 1618/2729/1875 1617/2730/1876
f 1634/2731/1877 1633/2732/1878 1615/2733/1879 1613/2734/1880
f 1633/2732/1878 1635/2735/1881 1616/2736/1882 1615/2733/1879
f 1631/2737/1883 1634/2738/1877 1613/2739/1880 1614/2740/1884
f 1608/2741/1885 1607/2742/1886 1665/2743/1887 1662/2744/1888
f 1607/2745/1886 1609/2746/1889 1664/2747/1890 1665/2748/1887
f 1607/2749/1886 1608/2750/1885 1612/2751/1891 1611/2752/1891 1610/2753/1892 1609/2754/1889
f 1614/2755/1884 1613/2756/1880 1615/2757/1879 1616/2758/1893 1617/2759/1893 1618/2760/1875
f 1641/2761/1894 1580/2762/1833 1579/2652/1820 1642/2651/1819
f 1640/2658/1826 1581/2657/1825 1580/2762/1833 1641/2761/1894
f 1638/2763/1822 1577/2764/1821 1578/2765/1832 1637/2766/1895
f 1639/2655/1823 1576/2767/1896 1572/2768/1828 1637/2766/1895
f 1558/2589/1779 1624/2588/1778 1619/2597/1787 1554/2600/1788
f 1556/2596/1786 1623/2595/1785 1620/2587/1777 1557/2590/1780
f 1728/2608/1796 1731/2769/1897 1622/2598/1781 1619/2597/1787
f 1730/2770/1898 1727/2601/1789 1623/2595/1785 1621/2592/1782
f 1731/2771/1897 1730/2770/1898 1621/2592/1782 1622/2591/1781
f 1729/2604/1792 1732/2605/1793 1624/2588/1778 1620/2587/1777
f 1606/2699/1855 1630/2698/1854 1625/2707/1863 1602/2710/1864
f 1604/2706/1862 1629/2705/1861 1626/2697/1853 1605/2700/1856
f 1596/2714/1868 1595/2772/1869 1628/2708/1857 1625/2707/1863
f 1597/2773/1871 1598/2711/1865 1629/2705/1861 1627/2702/1858
f 1595/2774/1869 1597/2773/1871 1627/2702/1858 1628/2701/1857
f 1599/2712/1866 1600/2713/1867 1630/2698/1854 1626/2697/1853
f 1618/2729/1875 1636/2728/1874 1631/2737/1883 1614/2740/1884
f 1616/2736/1882 1635/2735/1881 1632/2727/1873 1617/2730/1876
f 1611/2775/1899 1612/2776/1900 1666/2777/1901 1663/2778/1902
f 1582/2656/1824 1639/2655/1823 1637/2766/1895 1578/2765/1832
f 1571/2779/1827 1638/2763/1822 1637/2766/1895 1572/2768/1828
f 1575/2780/1903 1640/2658/1826 1641/2761/1894 1574/2781/1830
f 1574/2781/1830 1641/2761/1894 1642/2651/1819 1573/2782/1831
f 1576/2767/1896 1639/2655/1823 1640/2658/1826 1575/2780/1903
f 1573/2782/1831 1642/2651/1819 1638/2654/1822 1571/2783/1827
f 1594/2673/1837 1648/2672/1836 1643/2681/1845 1590/2684/1846
f 1592/2680/1844 1647/2679/1843 1644/2671/1835 1593/2674/1838
f 1656/2784/1904 1659/2785/1905 1646/2682/1839 1643/2681/1845
f 1658/2786/1906 1655/2787/1907 1647/2679/1843 1645/2676/1840
f 1659/2788/1905 1658/2786/1906 1645/2676/1840 1646/2675/1839
f 1657/2789/1908 1660/2790/1909 1648/2672/1836 1644/2671/1835
f 1570/2623/1801 1654/2622/1800 1649/2631/1809 1566/2634/1810
f 1568/2630/1808 1653/2629/1807 1650/2621/1799 1569/2624/1802
f 1560/2638/1814 1559/2791/1815 1652/2632/1803 1649/2631/1809
f 1561/2792/1817 1562/2635/1811 1653/2629/1807 1651/2626/1804
f 1559/2793/1815 1561/2792/1817 1651/2626/1804 1652/2625/1803
f 1563/2636/1812 1564/2637/1813 1654/2622/1800 1650/2621/1799
f 1675/2794/1910 1678/2795/1911 1660/2790/1909 1657/2789/1908
f 1677/2796/1912 1676/2797/1913 1658/2786/1906 1659/2788/1905
f 1676/2797/1913 1673/2798/1914 1655/2787/1907 1658/2786/1906
f 1674/2799/1915 1677/2800/1912 1659/2785/1905 1656/2784/1904
f 1648/2672/1836 1660/2790/1909 1656/2784/1904 1643/2681/1845
f 1647/2679/1843 1655/2787/1907 1657/2789/1908 1644/2671/1835
f 1670/2801/1916 1671/2802/1917 1665/2748/1887 1664/2747/1890
f 1661/2803/1918 1610/2804/1892 1611/2775/1899 1663/2778/1902
f 1666/2777/1901 1612/2776/1900 1608/2741/1885 1662/2744/1888
f 1672/2805/1919 1636/2728/1874 1632/2727/1873 1669/2806/1920
f 1672/2805/1919 1669/2806/1920 1663/2778/1902 1666/2777/1901
f 1671/2807/1917 1668/2808/1921 1662/2744/1888 1665/2743/1887
f 1668/2808/1921 1672/2805/1919 1666/2777/1901 1662/2744/1888
f 1667/2809/1922 1670/2801/1916 1664/2747/1890 1661/2803/1918
f 1609/2746/1889 1610/2804/1892 1661/2803/1918 1664/2747/1890
f 1670/2801/1916 1633/2732/1878 1634/2731/1877 1671/2802/1917
f 1667/2809/1922 1635/2735/1881 1633/2732/1878 1670/2801/1916
f 1671/2807/1917 1634/2738/1877 1631/2737/1883 1668/2808/1921
f 1636/2728/1874 1672/2805/1919 1668/2808/1921 1631/2737/1883
f 1635/2735/1881 1667/2809/1922 1669/2806/1920 1632/2727/1873
f 1669/2806/1920 1667/2809/1922 1661/2803/1918 1663/2778/1902
f 1696/2810/1923 1588/2811/1849 1584/2812/1848 1692/2813/1924
f 1583/2814/1847 1585/2815/1851 1694/2816/1925 1695/2817/1926
f 1660/2790/1909 1678/2795/1911 1674/2799/1915 1656/2784/1904
f 1655/2787/1907 1673/2798/1914 1675/2794/1910 1657/2789/1908
f 1688/2818/1927 1687/2819/1928 1683/2820/1929 1684/2821/1930
f 1680/2822/1931 1681/2823/1932 1687/2819/1928 1688/2818/1927
f 1687/2819/1928 1690/2824/1933 1686/2825/1934 1683/2820/1929
f 1689/2826/1935 1688/2818/1936 1684/2821/1937 1685/2827/1938
f 1679/2828/1939 1689/2829/1935 1690/2824/1933 1682/2830/1940
f 1587/2831/1941 1588/2811/1849 1696/2810/1923 1693/2832/1942
f 1679/2833/1939 1680/2822/1943 1688/2818/1936 1689/2826/1935
f 1681/2823/1932 1682/2830/1940 1690/2824/1933 1687/2819/1928
f 1679/2834/1939 1682/2835/1940 1681/2836/1932 1680/2837/1943
f 1686/2825/1934 1690/2824/1933 1689/2829/1935 1685/2838/1938
f 1696/2810/1923 1678/2795/1911 1675/2794/1910 1693/2832/1942
f 1584/2812/1848 1583/2839/1847 1695/2840/1926 1692/2813/1924
f 1691/2841/1944 1586/2842/1945 1587/2831/1941 1693/2832/1942
f 1694/2816/1925 1676/2797/1913 1677/2796/1912 1695/2817/1926
f 1691/2841/1944 1673/2798/1914 1676/2797/1913 1694/2816/1925
f 1695/2840/1926 1677/2800/1912 1674/2799/1915 1692/2813/1924
f 1678/2795/1911 1696/2810/1923 1692/2813/1924 1674/2799/1915
f 1673/2798/1914 1691/2841/1944 1693/2832/1942 1675/2794/1910
f 1585/2815/1851 1586/2842/1945 1691/2841/1944 1694/2816/1925
f 1710/2843/1946 1714/2844/1947 1708/2845/1948 1707/2846/1949
f 1712/2847/1950 1711/2848/1951 1705/2849/1952 1703/2850/1953
f 1711/2848/1951 1713/2851/1954 1706/2852/1955 1705/2849/1952
f 1709/2853/1956 1712/2854/1950 1703/2855/1953 1704/2856/1957
f 1718/2857/1958 1719/2858/1959 1721/2859/1960 1724/2860/1961
f 1697/2861/1962 1698/2862/1962 1702/2863/1963 1701/2864/1964 1700/2865/1965 1699/2866/1966
f 1704/2867/1967 1703/2868/1967 1705/2869/1952 1706/2870/1955 1707/2871/1949 1708/2872/1948
f 1708/2845/1948 1714/2844/1947 1709/2853/1956 1704/2856/1957
f 1706/2852/1955 1713/2851/1954 1710/2843/1946 1707/2846/1949
f 1722/2873/1968 1726/2874/1969 1715/2875/1970 1716/2876/1971
f 1726/2874/1969 1723/2877/1972 1720/2878/1973 1715/2875/1970
f 1716/2876/1971 1715/2875/1970 1702/2879/1963 1698/2880/1974
f 1726/2874/1969 1714/2844/1947 1710/2843/1946 1723/2877/1972
f 1718/2857/1958 1717/2881/1975 1697/2882/1976 1699/2883/1966
f 1724/2860/1961 1725/2884/1977 1717/2881/1975 1718/2857/1958
f 1723/2877/1972 1721/2859/1960 1719/2858/1959 1720/2878/1973
f 1699/2883/1966 1700/2885/1965 1719/2858/1959 1718/2857/1958
f 1720/2878/1973 1719/2858/1959 1700/2885/1965 1701/2886/1964
f 1724/2860/1961 1711/2848/1951 1712/2847/1950 1725/2884/1977
f 1721/2859/1960 1713/2851/1954 1711/2848/1951 1724/2860/1961
f 1725/2887/1977 1712/2854/1950 1709/2853/1956 1722/2873/1968
f 1714/2844/1947 1726/2874/1969 1722/2873/1968 1709/2853/1956
f 1713/2851/1954 1721/2859/1960 1723/2877/1972 1710/2843/1946
f 1725/2887/1977 1722/2873/1968 1716/2876/1971 1717/2888/1975
f 1717/2888/1975 1716/2876/1971 1698/2880/1974 1697/2889/1976
f 1551/2603/1791 1552/2606/1794 1732/2605/1793 1729/2604/1792
f 1547/2890/1978 1549/2891/1979 1730/2770/1898 1731/2771/1897
f 1549/2891/1979 1550/2602/1790 1727/2601/1789 1730/2770/1898
f 1548/2607/1795 1547/2892/1978 1731/2769/1897 1728/2608/1796
f 1624/2588/1778 1732/2605/1793 1728/2608/1796 1619/2597/1787
f 1623/2595/1785 1727/2601/1789 1729/2604/1792 1620/2587/1777
f 1738/2893/1980 1739/2894/1981 1744/2895/1982 1733/2896/1983
f 1734/2897/1984 1736/2898/1985 1742/2899/1986 1740/2900/1987
f 1736/2898/1985 1737/2901/1988 1743/2902/1989 1742/2899/1986
f 1735/2903/1990 1734/2904/1984 1740/2905/1987 1741/2906/1991
f 1743/2902/1989 1737/2901/1988 1738/2893/1980 1733/2896/1983
f 1744/2895/1982 1739/2894/1981 1735/2903/1990 1741/2906/1991
f 1734/2907/1984 1735/2908/1990 1739/2909/1992 1738/2910/1992 1737/2911/1988 1736/2912/1985
f 1741/2913/1991 1740/2914/1987 1742/2915/1986 1743/2916/1989 1733/2917/1993 1744/2918/1993
f 1818/2919/1994 1822/2920/1995 1756/2921/1996 1755/2922/1997
f 1820/2923/1998 1819/2924/1999 1753/2925/2000 1751/2926/2001
f 1819/2924/1999 1821/2927/2002 1754/2928/2003 1753/2925/2000
f 1817/2929/2004 1820/2930/1998 1751/2931/2001 1752/2932/2005
f 1931/2933/2006 1748/2934/2007 1749/2935/2008 1933/2936/2009
f 1936/2937/2010 1750/2938/2011 1746/2939/2012 1932/2940/2013
f 1745/2941/2014 1746/2942/2012 1750/2943/2011 1749/2944/2008 1748/2945/2007 1747/2946/2014
f 1752/2947/2005 1751/2948/2001 1753/2949/2000 1754/2950/2015 1755/2951/2015 1756/2952/2015
f 1848/2953/2016 1852/2954/2017 1768/2955/2018 1767/2956/2019
f 1850/2957/2020 1849/2958/2021 1765/2959/2022 1763/2960/2023
f 1849/2958/2021 1851/2961/2024 1766/2962/2025 1765/2959/2022
f 1847/2963/2026 1850/2964/2020 1763/2965/2023 1764/2966/2027
f 1851/2961/2024 1760/2967/2028 1761/2968/2029 1848/2953/2016
f 1852/2954/2017 1762/2969/2030 1758/2970/2031 1847/2963/2026
f 1757/2971/2032 1758/2972/2031 1762/2973/2033 1761/2974/2033 1760/2975/2028 1759/2976/2034
f 1764/2977/2027 1763/2978/2023 1765/2979/2022 1766/2980/2025 1767/2981/2035 1768/2982/2035
f 1840/2983/2036 1777/2984/2037 1775/2985/2038 1836/2986/2039
f 1837/2987/2040 1780/2988/2041 1779/2989/2042 1838/2990/2043
f 1769/2991/2044 1770/2992/2045 1774/2993/2046 1773/2994/2046 1772/2995/2047 1771/2996/2048
f 1776/2997/2049 1775/2998/2038 1777/2999/2037 1778/3000/2050 1779/3001/2051 1780/3002/2051
f 1842/3003/2052 1846/3004/2053 1792/3005/2054 1791/3006/2055
f 1844/3007/2056 1843/3008/2057 1789/3009/2058 1787/3010/2059
f 1843/3008/2057 1845/3011/2060 1790/3012/2061 1789/3009/2058
f 1841/3013/2062 1844/3014/2056 1787/3015/2059 1788/3016/2063
f 1781/3017/2064 1782/3018/2065 1786/3019/2066 1785/3020/2067 1784/3021/2067 1783/3022/2068
f 1788/3023/2063 1787/3024/2059 1789/3025/2058 1790/3026/2061 1791/3027/2069 1792/3028/2069
f 1824/3029/2070 1828/3030/2071 1804/3031/2072 1803/3032/2073
f 1826/3033/2074 1825/3034/2075 1801/3035/2076 1799/3036/2077
f 1825/3034/2075 1827/3037/2078 1802/3038/2079 1801/3035/2076
f 1823/3039/2080 1826/3040/2074 1799/3041/2077 1800/3042/2081
f 1827/3037/2078 1796/3043/2082 1797/3044/2083 1824/3029/2070
f 1828/3030/2071 1798/3045/2084 1794/3046/2085 1823/3039/2080
f 1793/3047/2086 1794/3048/2085 1798/3049/2087 1797/3050/2087 1796/3051/2082 1795/3052/2088
f 1800/3053/2081 1799/3054/2077 1801/3055/2076 1802/3056/2079 1803/3057/2089 1804/3058/2089
f 1830/3059/2090 1834/3060/2091 1816/3061/2092 1815/3062/2093
f 1832/3063/2094 1831/3064/2095 1813/3065/2096 1811/3066/2097
f 1831/3064/2095 1833/3067/2098 1814/3068/2099 1813/3065/2096
f 1829/3069/2100 1832/3070/2094 1811/3071/2097 1812/3072/2101
f 1806/3073/2102 1805/3074/2103 1863/3075/2104 1860/3076/2105
f 1805/3077/2103 1807/3078/2106 1862/3079/2107 1863/3080/2104
f 1805/3081/2103 1806/3082/2102 1810/3083/2108 1809/3084/2108 1808/3085/2109 1807/3086/2106
f 1812/3087/2101 1811/3088/2097 1813/3089/2096 1814/3090/2110 1815/3091/2110 1816/3092/2092
f 1839/3093/2111 1778/3094/2050 1777/2984/2037 1840/2983/2036
f 1838/2990/2043 1779/2989/2042 1778/3094/2050 1839/3093/2111
f 1836/3095/2039 1775/3096/2038 1776/3097/2049 1835/3098/2112
f 1837/2987/2040 1774/3099/2113 1770/3100/2045 1835/3098/2112
f 1756/2921/1996 1822/2920/1995 1817/2929/2004 1752/2932/2005
f 1754/2928/2003 1821/2927/2002 1818/2919/1994 1755/2922/1997
f 1932/2940/2013 1935/3101/2114 1820/2930/1998 1817/2929/2004
f 1934/3102/2115 1931/2933/2006 1821/2927/2002 1819/2924/1999
f 1935/3103/2114 1934/3102/2115 1819/2924/1999 1820/2923/1998
f 1933/2936/2009 1936/2937/2010 1822/2920/1995 1818/2919/1994
f 1804/3031/2072 1828/3030/2071 1823/3039/2080 1800/3042/2081
f 1802/3038/2079 1827/3037/2078 1824/3029/2070 1803/3032/2073
f 1794/3046/2085 1793/3104/2086 1826/3040/2074 1823/3039/2080
f 1795/3105/2088 1796/3043/2082 1827/3037/2078 1825/3034/2075
f 1793/3106/2086 1795/3105/2088 1825/3034/2075 1826/3033/2074
f 1797/3044/2083 1798/3045/2084 1828/3030/2071 1824/3029/2070
f 1816/3061/2092 1834/3060/2091 1829/3069/2100 1812/3072/2101
f 1814/3068/2099 1833/3067/2098 1830/3059/2090 1815/3062/2093
f 1809/3107/2116 1810/3108/2117 1864/3109/2118 1861/3110/2119
f 1780/2988/2041 1837/2987/2040 1835/3098/2112 1776/3097/2049
f 1769/3111/2044 1836/3095/2039 1835/3098/2112 1770/3100/2045
f 1773/3112/2120 1838/2990/2043 1839/3093/2111 1772/3113/2047
f 1772/3113/2047 1839/3093/2111 1840/2983/2036 1771/3114/2048
f 1774/3099/2113 1837/2987/2040 1838/2990/2043 1773/3112/2120
f 1771/3114/2048 1840/2983/2036 1836/2986/2039 1769/3115/2044
f 1792/3005/2054 1846/3004/2053 1841/3013/2062 1788/3016/2063
f 1790/3012/2061 1845/3011/2060 1842/3003/2052 1791/3006/2055
f 1854/3116/2121 1857/3117/2122 1844/3014/2056 1841/3013/2062
f 1856/3118/2123 1853/3119/2124 1845/3011/2060 1843/3008/2057
f 1857/3120/2122 1856/3118/2123 1843/3008/2057 1844/3007/2056
f 1855/3121/2125 1858/3122/2126 1846/3004/2053 1842/3003/2052
f 1768/2955/2018 1852/2954/2017 1847/2963/2026 1764/2966/2027
f 1766/2962/2025 1851/2961/2024 1848/2953/2016 1767/2956/2019
f 1758/2970/2031 1757/3123/2032 1850/2964/2020 1847/2963/2026
f 1759/3124/2034 1760/2967/2028 1851/2961/2024 1849/2958/2021
f 1757/3125/2032 1759/3124/2034 1849/2958/2021 1850/2957/2020
f 1761/2968/2029 1762/2969/2030 1852/2954/2017 1848/2953/2016
f 1873/3126/2127 1876/3127/2128 1858/3122/2126 1855/3121/2125
f 1875/3128/2129 1874/3129/2130 1856/3118/2123 1857/3120/2122
f 1874/3129/2130 1871/3130/2131 1853/3119/2124 1856/3118/2123
f 1872/3131/2132 1875/3132/2129 1857/3117/2122 1854/3116/2121
f 1846/3004/2053 1858/3122/2126 1854/3116/2121 1841/3013/2062
f 1845/3011/2060 1853/3119/2124 1855/3121/2125 1842/3003/2052
f 1868/3133/2133 1869/3134/2134 1863/3080/2104 1862/3079/2107
f 1859/3135/2135 1808/3136/2109 1809/3107/2116 1861/3110/2119
f 1864/3109/2118 1810/3108/2117 1806/3073/2102 1860/3076/2105
f 1870/3137/2136 1834/3060/2091 1830/3059/2090 1867/3138/2137
f 1870/3137/2136 1867/3138/2137 1861/3110/2119 1864/3109/2118
f 1869/3139/2134 1866/3140/2138 1860/3076/2105 1863/3075/2104
f 1866/3140/2138 1870/3137/2136 1864/3109/2118 1860/3076/2105
f 1865/3141/2139 1868/3133/2133 1862/3079/2107 1859/3135/2135
f 1807/3078/2106 1808/3136/2109 1859/3135/2135 1862/3079/2107
f 1868/3133/2133 1831/3064/2095 1832/3063/2094 1869/3134/2134
f 1865/3141/2139 1833/3067/2098 1831/3064/2095 1868/3133/2133
f 1869/3139/2134 1832/3070/2094 1829/3069/2100 1866/3140/2138
f 1834/3060/2091 1870/3137/2136 1866/3140/2138 1829/3069/2100
f 1833/3067/2098 1865/3141/2139 1867/3138/2137 1830/3059/2090
f 1867/3138/2137 1865/3141/2139 1859/3135/2135 1861/3110/2119
f 1906/3142/2140 1786/3143/2066 1782/3144/2065 1902/3145/2141
f 1781/3146/2064 1783/3147/2068 1904/3148/2142 1905/3149/2143
f 1858/3122/2126 1876/3127/2128 1872/3131/2132 1854/3116/2121
f 1853/3119/2124 1871/3130/2131 1873/3126/2127 1855/3121/2125
f 1892/3150/2144 1891/3151/2145 1885/3152/2146 1886/3153/2147
f 1879/3154/2148 1881/3155/2149 1891/3151/2145 1892/3150/2144
f 1891/3151/2145 1894/3156/2150 1888/3157/2151 1885/3152/2146
f 1893/3158/2152 1892/3150/2153 1886/3153/2154 1887/3159/2155
f 1898/3160/2156 1897/3161/2157 1884/3162/2158 1878/3163/2158
f 1877/3164/2159 1893/3165/2152 1894/3156/2150 1882/3166/2160
f 1785/3167/2161 1786/3143/2066 1906/3142/2140 1903/3168/2162
f 1899/3169/2163 1898/3160/2164 1878/3163/2165 1895/3170/2166
f 1897/3161/2167 1900/3171/2168 1896/3172/2169 1884/3162/2170
f 1877/3173/2159 1879/3154/2171 1892/3150/2153 1893/3158/2152
f 1881/3155/2149 1882/3166/2160 1894/3156/2150 1891/3151/2145
f 1889/3174/2172 1899/3175/2163 1900/3171/2168 1890/3176/2173
f 1883/3177/2174 1880/3178/2174 1897/3161/2157 1898/3160/2156
f 1877/3179/2159 1882/3180/2160 1881/3181/2149 1879/3182/2171
f 1888/3157/2151 1894/3156/2150 1893/3165/2152 1887/3183/2155
f 1889/3184/2172 1883/3177/2175 1898/3160/2164 1899/3169/2163
f 1880/3178/2176 1890/3176/2173 1900/3171/2168 1897/3161/2167
f 1889/3185/2172 1890/3186/2173 1880/3187/2176 1883/3188/2175
f 1896/3172/2169 1900/3171/2168 1899/3175/2163 1895/3189/2166
f 1906/3142/2140 1876/3127/2128 1873/3126/2127 1903/3168/2162
f 1782/3144/2065 1781/3190/2064 1905/3191/2143 1902/3145/2141
f 1901/3192/2177 1784/3193/2178 1785/3167/2161 1903/3168/2162
f 1904/3148/2142 1874/3129/2130 1875/3128/2129 1905/3149/2143
f 1901/3192/2177 1871/3130/2131 1874/3129/2130 1904/3148/2142
f 1905/3191/2143 1875/3132/2129 1872/3131/2132 1902/3145/2141
f 1876/3127/2128 1906/3142/2140 1902/3145/2141 1872/3131/2132
f 1871/3130/2131 1901/3192/2177 1903/3168/2162 1873/3126/2127
f 1783/3147/2068 1784/3193/2178 1901/3192/2177 1904/3148/2142
f 1920/3194/2179 1924/3195/2180 1918/3196/2181 1917/3197/2182
f 1922/3198/2183 1921/3199/2184 1915/3200/2185 1913/3201/2186
f 1921/3199/2184 1923/3202/2187 1916/3203/2188 1915/3200/2185
f 1919/3204/2189 1922/3205/2183 1913/3206/2186 1914/3207/2190
f 1928/3208/2191 1929/3209/2192 1907/3210/2193 1909/3211/2194
f 1907/3212/2195 1908/3213/2195 1912/3214/2196 1911/3215/2197 1910/3216/2198 1909/3217/2194
f 1914/3218/2199 1913/3219/2199 1915/3220/2185 1916/3221/2188 1917/3222/2182 1918/3223/2181
f 1918/3196/2181 1924/3195/2180 1919/3204/2189 1914/3207/2190
f 1916/3203/2188 1923/3202/2187 1920/3194/2179 1917/3197/2182
f 1909/3211/2194 1910/3224/2198 1925/3225/2200 1928/3208/2191
f 1930/3226/2201 1924/3195/2180 1920/3194/2179 1927/3227/2202
f 1925/3225/2200 1910/3224/2198 1911/3228/2197 1927/3227/2202
f 1926/3229/2203 1908/3230/2204 1907/3231/2193 1929/3232/2192
f 1928/3208/2191 1921/3199/2184 1922/3198/2183 1929/3209/2192
f 1925/3225/2200 1923/3202/2187 1921/3199/2184 1928/3208/2191
f 1929/3232/2192 1922/3205/2183 1919/3204/2189 1926/3229/2203
f 1924/3195/2180 1930/3226/2201 1926/3229/2203 1919/3204/2189
f 1923/3202/2187 1925/3225/2200 1927/3227/2202 1920/3194/2179
f 1927/3227/2202 1911/3228/2197 1912/3233/2196 1930/3226/2201
f 1749/2935/2008 1750/2938/2011 1936/2937/2010 1933/2936/2009
f 1745/3234/2205 1747/3235/2206 1934/3102/2115 1935/3103/2114
f 1747/3235/2206 1748/2934/2007 1931/2933/2006 1934/3102/2115
f 1746/2939/2012 1745/3236/2205 1935/3101/2114 1932/2940/2013
f 1822/2920/1995 1936/2937/2010 1932/2940/2013 1817/2929/2004
f 1821/2927/2002 1931/2933/2006 1933/2936/2009 1818/2919/1994
f 1942/3237/2207 1943/3238/2208 1948/3239/2209 1937/3240/2210
f 1938/3241/2211 1940/3242/2212 1946/3243/2213 1944/3244/2214
f 1940/3242/2212 1941/3245/2215 1947/3246/2216 1946/3243/2213
f 1939/3247/2217 1938/3248/2211 1944/3249/2214 1945/3250/2218
f 1947/3246/2216 1941/3245/2215 1942/3237/2207 1937/3240/2210
f 1948/3239/2209 1943/3238/2208 1939/3247/2217 1945/3250/2218
f 1938/3251/2211 1939/3252/2217 1943/3253/2219 1942/3254/2219 1941/3255/2215 1940/3256/2212
f 1945/3257/2218 1944/3258/2214 1946/3259/2213 1947/3260/2216 1937/3261/2220 1948/3262/2220
f 1720/2878/1973 1701/2886/1964 1702/2879/1963 1715/2875/1970
f 1930/3226/2201 1912/3233/2196 1908/3230/2204 1926/3229/2203
f 1324/3263/2221 1323/3264/2222 1327/3265/2223 1326/3266/2224 1325/3267/2225
f 1358/3268/2226 1359/3269/2227 1360/3270/2228 1361/3271/2229 1357/3272/2230
f 1980/3273/2231 1984/3274/2232 1960/3275/2233 1959/3276/2234
f 1982/3277/2235 1981/3278/2236 1957/3279/2237 1955/3280/2238
f 1981/3278/2236 1983/3281/2239 1958/3282/2240 1957/3279/2237
f 1979/3283/2241 1982/3284/2235 1955/3285/2238 1956/3286/2242
f 1949/3287/2243 1950/3288/2243 1954/3289/2243 1953/3290/2243 1952/3291/2243 1951/3292/2243
f 1956/3293/2244 1955/3294/2244 1957/3295/2244 1958/3296/2244 1959/3297/2244 1960/3298/2244
f 1974/3299/2245 1978/3300/2246 1972/3301/2247 1971/3302/2248
f 1976/3303/2249 1975/3304/2250 1969/3305/2251 1967/3306/2252
f 1975/3304/2250 1977/3307/2253 1970/3308/2254 1969/3305/2251
f 1973/3309/2255 1976/3310/2249 1967/3311/2252 1968/3312/2256
f 1986/3313/2257 1990/3314/2258 1966/3315/2259 1962/3316/2260
f 1963/3317/2261 1964/3318/2262 1985/3319/2263 1988/3320/2264
f 1961/3321/2265 1962/3322/2265 1966/3323/2265 1965/3324/2265 1964/3325/2265 1963/3326/2265
f 1968/3327/2266 1967/3328/2266 1969/3329/2266 1970/3330/2266 1971/3331/2266 1972/3332/2266
f 1972/3301/2247 1978/3300/2246 1973/3309/2255 1968/3312/2256
f 1970/3308/2254 1977/3307/2253 1974/3299/2245 1971/3302/2248
f 1988/3320/2264 1989/3333/2267 1961/3334/2268 1963/3317/2261
f 1960/3275/2233 1984/3274/2232 1979/3283/2241 1956/3286/2242
f 1958/3282/2240 1983/3281/2239 1980/3273/2231 1959/3276/2234
f 1984/3274/2232 1954/3335/2269 1950/3336/2270 1979/3283/2241
f 1949/3337/2271 1982/3284/2235 1979/3283/2241 1950/3336/2270
f 1952/3338/2272 1983/3281/2239 1981/3278/2236 1951/3339/2273
f 1951/3339/2273 1981/3278/2236 1982/3277/2235 1949/3340/2271
f 1983/3281/2239 1952/3338/2272 1953/3341/2274 1980/3273/2231
f 1987/3342/2275 1985/3319/2263 1964/3318/2262 1965/3343/2276
f 1990/3314/2258 1978/3300/2246 1974/3299/2245 1987/3342/2275
f 1989/3344/2267 1986/3313/2257 1962/3316/2260 1961/3345/2268
f 1988/3320/2264 1975/3304/2250 1976/3303/2249 1989/3333/2267
f 1985/3319/2263 1977/3307/2253 1975/3304/2250 1988/3320/2264
f 1989/3344/2267 1976/3310/2249 1973/3309/2255 1986/3313/2257
f 1978/3300/2246 1990/3314/2258 1986/3313/2257 1973/3309/2255
f 1977/3307/2253 1985/3319/2263 1987/3342/2275 1974/3299/2245
f 2004/3346/2277 2001/3347/2278 2002/3348/2279 2008/3349/2280
f 2006/3350/2281 1997/3351/2282 1999/3352/2283 2005/3353/2284
f 2005/3353/2284 1999/3352/2283 2000/3354/2285 2007/3355/2286
f 2003/3356/2287 1998/3357/2288 1997/3358/2282 2006/3359/2281
f 1991/3360/2289 1993/3361/2289 1994/3362/2289 1995/3363/2289 1996/3364/2289 1992/3365/2289
f 1998/3366/2290 2002/3367/2290 2001/3368/2290 2000/3369/2290 1999/3370/2290 1997/3371/2290
f 2002/3348/2279 1998/3357/2288 2003/3356/2287 2008/3349/2280
f 2000/3354/2285 2001/3347/2278 2004/3346/2277 2007/3355/2286
f 2010/3372/2291 2003/3356/2287 2006/3359/2281 2013/3373/2292
f 2012/3374/2293 2005/3353/2284 2007/3355/2286 2009/3375/2294
f 2013/3376/2292 2006/3350/2281 2005/3353/2284 2012/3374/2293
f 2011/3377/2295 2004/3346/2277 2008/3349/2280 2014/3378/2296
f 2010/3372/2291 2040/3379/2297 2044/3380/2298 2014/3378/2296
f 2044/3380/2298 2041/3381/2299 2011/3377/2295 2014/3378/2296
f 2042/3382/2300 2043/3383/2301 2013/3376/2292 2012/3374/2293
f 2039/3384/2302 2042/3382/2300 2012/3374/2293 2009/3375/2294
f 2008/3349/2280 2003/3356/2287 2010/3372/2291 2014/3378/2296
f 2007/3355/2286 2004/3346/2277 2011/3377/2295 2009/3375/2294
f 2044/3380/2298 2040/3379/2297 1992/3385/2303 1996/3386/2304
f 1991/3387/2305 2043/3383/2301 2042/3382/2300 1993/3388/2306
f 2011/3377/2295 2041/3381/2299 2039/3384/2302 2009/3375/2294
f 2030/3389/2307 2024/3390/2308 2023/3391/2308 2029/3392/2309
f 2017/3393/2310 2030/3389/2307 2029/3392/2309 2019/3394/2311
f 2029/3392/2309 2023/3391/2312 2026/3395/2313 2032/3396/2314
f 2031/3397/2315 2025/3398/2316 2024/3390/2317 2030/3389/2318
f 2036/3399/2319 2016/3400/2320 2022/3401/2320 2035/3402/2321
f 2015/3403/2322 2020/3404/2323 2032/3396/2314 2031/3405/2315
f 1995/3406/2324 2041/3381/2299 2044/3380/2298 1996/3386/2304
f 2037/3407/2325 2033/3408/2326 2016/3400/2327 2036/3399/2328
f 2035/3402/2329 2022/3401/2330 2034/3409/2331 2038/3410/2332
f 2015/3411/2322 2031/3397/2315 2030/3389/2318 2017/3393/2333
f 2019/3394/2311 2029/3392/2309 2032/3396/2314 2020/3404/2323
f 2027/3412/2334 2028/3413/2335 2038/3410/2332 2037/3414/2325
f 2021/3415/2336 2036/3399/2319 2035/3402/2321 2018/3416/2336
f 2015/3417/2337 2017/3418/2337 2019/3419/2337 2020/3420/2337
f 2026/3395/2313 2025/3421/2316 2031/3405/2315 2032/3396/2314
f 2027/3422/2334 2037/3407/2325 2036/3399/2328 2021/3415/2338
f 2018/3416/2339 2035/3402/2329 2038/3410/2332 2028/3413/2335
f 2027/3423/2340 2021/3424/2340 2018/3425/2340 2028/3426/2340
f 2034/3409/2331 2033/3427/2326 2037/3414/2325 2038/3410/2332
f 1992/3385/2303 2040/3379/2297 2043/3428/2301 1991/3429/2305
f 2039/3384/2302 2041/3381/2299 1995/3406/2324 1994/3430/2341
f 1993/3388/2306 2042/3382/2300 2039/3384/2302 1994/3430/2341
f 1990/3314/2258 1987/3342/2275 1965/3343/2276 1966/3315/2259
f 2076/3431/2342 2055/3432/2343 2056/3433/2344 2080/3434/2345
f 2078/3435/2346 2051/3436/2347 2053/3437/2348 2077/3438/2349
f 2077/3438/2349 2053/3437/2348 2054/3439/2350 2079/3440/2351
f 2075/3441/2352 2052/3442/2353 2051/3443/2347 2078/3444/2346
f 2045/3445/2354 2047/3446/2354 2048/3447/2354 2049/3448/2354 2050/3449/2354 2046/3450/2354
f 2052/3451/2355 2056/3452/2355 2055/3453/2355 2054/3454/2355 2053/3455/2355 2051/3456/2355
f 2070/3457/2356 2067/3458/2357 2068/3459/2358 2074/3460/2359
f 2072/3461/2360 2063/3462/2361 2065/3463/2362 2071/3464/2363
f 2071/3464/2363 2065/3463/2362 2066/3465/2364 2073/3466/2365
f 2069/3467/2366 2064/3468/2367 2063/3469/2361 2072/3470/2360
f 2082/3471/2368 2058/3472/2369 2062/3473/2370 2086/3474/2371
f 2059/3475/2372 2084/3476/2373 2081/3477/2374 2060/3478/2375
f 2057/3479/2376 2059/3480/2376 2060/3481/2376 2061/3482/2376 2062/3483/2376 2058/3484/2376
f 2064/3485/2377 2068/3486/2377 2067/3487/2377 2066/3488/2377 2065/3489/2377 2063/3490/2377
f 2068/3459/2358 2064/3468/2367 2069/3467/2366 2074/3460/2359
f 2066/3465/2364 2067/3458/2357 2070/3457/2356 2073/3466/2365
f 2084/3476/2373 2059/3475/2372 2057/3491/2378 2085/3492/2379
f 2056/3433/2344 2052/3442/2353 2075/3441/2352 2080/3434/2345
f 2054/3439/2350 2055/3432/2343 2076/3431/2342 2079/3440/2351
f 2075/3441/2352 2046/3493/2380 2050/3494/2381 2080/3434/2345
f 2045/3495/2382 2046/3493/2380 2075/3441/2352 2078/3444/2346
f 2048/3496/2383 2047/3497/2384 2077/3438/2349 2079/3440/2351
f 2047/3497/2384 2045/3498/2382 2078/3435/2346 2077/3438/2349
f 2076/3431/2342 2049/3499/2385 2048/3496/2383 2079/3440/2351
f 2083/3500/2386 2061/3501/2387 2060/3478/2375 2081/3477/2374
f 2086/3474/2371 2083/3500/2386 2070/3457/2356 2074/3460/2359
f 2085/3502/2379 2057/3503/2378 2058/3472/2369 2082/3471/2368
f 2084/3476/2373 2085/3492/2379 2072/3461/2360 2071/3464/2363
f 2081/3477/2374 2084/3476/2373 2071/3464/2363 2073/3466/2365
f 2085/3502/2379 2082/3471/2368 2069/3467/2366 2072/3470/2360
f 2074/3460/2359 2069/3467/2366 2082/3471/2368 2086/3474/2371
f 2073/3466/2365 2070/3457/2356 2083/3500/2386 2081/3477/2374
f 2100/3504/2388 2104/3505/2389 2098/3506/2390 2097/3507/2391
f 2102/3508/2392 2101/3509/2393 2095/3510/2394 2093/3511/2395
f 2101/3509/2393 2103/3512/2396 2096/3513/2397 2095/3510/2394
f 2099/3514/2398 2102/3515/2392 2093/3516/2395 2094/3517/2399
f 2087/3518/2400 2088/3519/2400 2092/3520/2400 2091/3521/2400 2090/3522/2400 2089/3523/2400
f 2094/3524/2401 2093/3525/2401 2095/3526/2401 2096/3527/2401 2097/3528/2401 2098/3529/2401
f 2098/3506/2390 2104/3505/2389 2099/3514/2398 2094/3517/2399
f 2096/3513/2397 2103/3512/2396 2100/3504/2388 2097/3507/2391
f 2104/3505/2389 2110/3530/2402 2106/3531/2403 2099/3514/2398
f 2106/3531/2403 2109/3532/2404 2102/3515/2392 2099/3514/2398
f 2108/3533/2405 2105/3534/2406 2103/3512/2396 2101/3509/2393
f 2109/3535/2404 2108/3533/2405 2101/3509/2393 2102/3508/2392
f 2103/3512/2396 2105/3534/2406 2107/3536/2407 2100/3504/2388
f 2128/3537/2408 2092/3538/2409 2088/3539/2410 2124/3540/2411
f 2087/3541/2412 2089/3542/2413 2126/3543/2414 2127/3544/2415
f 2120/3545/2416 2119/3546/2417 2115/3547/2418 2116/3548/2418
f 2112/3549/2419 2113/3550/2420 2119/3546/2417 2120/3545/2416
f 2119/3546/2417 2122/3551/2421 2118/3552/2422 2115/3547/2423
f 2121/3553/2424 2120/3545/2425 2116/3548/2426 2117/3554/2427
f 2111/3555/2428 2121/3556/2424 2122/3551/2421 2114/3557/2429
f 2091/3558/2430 2092/3538/2409 2128/3537/2408 2125/3559/2431
f 2111/3560/2428 2112/3549/2432 2120/3545/2425 2121/3553/2424
f 2113/3550/2420 2114/3557/2433 2122/3551/2421 2119/3546/2417
f 2111/3561/2434 2114/3562/2434 2113/3563/2434 2112/3564/2434
f 2118/3552/2422 2122/3551/2421 2121/3556/2424 2117/3565/2427
f 2128/3537/2408 2110/3530/2402 2107/3536/2407 2125/3559/2431
f 2088/3539/2410 2087/3566/2412 2127/3567/2415 2124/3540/2411
f 2123/3568/2435 2090/3569/2436 2091/3558/2430 2125/3559/2431
f 2126/3543/2414 2108/3533/2405 2109/3535/2404 2127/3544/2415
f 2123/3568/2435 2105/3534/2406 2108/3533/2405 2126/3543/2414
f 2127/3567/2415 2109/3532/2404 2106/3531/2403 2124/3540/2411
f 2110/3530/2402 2128/3537/2408 2124/3540/2411 2106/3531/2403
f 2105/3534/2406 2123/3568/2435 2125/3559/2431 2107/3536/2407
f 2089/3542/2413 2090/3569/2436 2123/3568/2435 2126/3543/2414
f 2086/3474/2371 2062/3473/2370 2061/3501/2387 2083/3500/2386
f 2080/3434/2345 2050/3494/2381 2049/3499/2385 2076/3431/2342
f 2107/3536/2407 2110/3530/2402 2104/3505/2389 2100/3504/2388
f 2043/3428/2301 2040/3379/2297 2010/3372/2291 2013/3373/2292
f 2142/3570/2437 2146/3571/2438 2140/3572/2439 2139/3573/2440
f 2144/3574/2441 2143/3575/2442 2137/3576/2443 2135/3577/2444
f 2143/3575/2442 2145/3578/2445 2138/3579/2446 2137/3576/2443
f 2141/3580/2447 2144/3581/2441 2135/3582/2444 2136/3583/2448
f 2129/3584/2449 2130/3585/2449 2134/3586/2449 2133/3587/2449 2132/3588/2449 2131/3589/2449
f 2136/3590/2450 2135/3591/2450 2137/3592/2450 2138/3593/2450 2139/3594/2450 2140/3595/2450
f 2140/3572/2439 2146/3571/2438 2141/3580/2447 2136/3583/2448
f 2138/3579/2446 2145/3578/2445 2142/3570/2437 2139/3573/2440
f 2146/3571/2438 2152/3596/2451 2148/3597/2452 2141/3580/2447
f 2148/3597/2452 2151/3598/2453 2144/3581/2441 2141/3580/2447
f 2150/3599/2454 2147/3600/2455 2145/3578/2445 2143/3575/2442
f 2151/3601/2453 2150/3599/2454 2143/3575/2442 2144/3574/2441
f 2145/3578/2445 2147/3600/2455 2149/3602/2456 2142/3570/2437
f 2158/3603/2457 2134/3604/2458 2130/3605/2459 2154/3606/2460
f 2129/3607/2461 2131/3608/2462 2156/3609/2463 2157/3610/2464
f 2133/3611/2465 2134/3604/2458 2158/3603/2457 2155/3612/2466
f 2158/3603/2457 2152/3596/2451 2149/3602/2456 2155/3612/2466
f 2130/3605/2459 2129/3613/2461 2157/3614/2464 2154/3606/2460
f 2153/3615/2467 2132/3616/2468 2133/3611/2465 2155/3612/2466
f 2156/3609/2463 2150/3599/2454 2151/3601/2453 2157/3610/2464
f 2153/3615/2467 2147/3600/2455 2150/3599/2454 2156/3609/2463
f 2157/3614/2464 2151/3598/2453 2148/3597/2452 2154/3606/2460
f 2152/3596/2451 2158/3603/2457 2154/3606/2460 2148/3597/2452
f 2147/3600/2455 2153/3615/2467 2155/3612/2466 2149/3602/2456
f 2131/3608/2462 2132/3616/2468 2153/3615/2467 2156/3609/2463
f 2149/3602/2456 2152/3596/2451 2146/3571/2438 2142/3570/2437
f 2172/3617/2469 2169/3618/2470 2170/3619/2471 2176/3620/2472
f 2174/3621/2473 2165/3622/2474 2167/3623/2475 2173/3624/2476
f 2173/3624/2476 2167/3623/2475 2168/3625/2477 2175/3626/2478
f 2171/3627/2479 2166/3628/2480 2165/3629/2474 2174/3630/2473
f 2159/3631/2481 2161/3632/2481 2162/3633/2481 2163/3634/2481 2164/3635/2481 2160/3636/2481
f 2166/3637/2482 2170/3638/2482 2169/3639/2482 2168/3640/2482 2167/3641/2482 2165/3642/2482
f 2170/3619/2471 2166/3628/2480 2171/3627/2479 2176/3620/2472
f 2168/3625/2477 2169/3618/2470 2172/3617/2469 2175/3626/2478
f 2178/3643/2483 2171/3627/2479 2174/3630/2473 2181/3644/2484
f 2180/3645/2485 2173/3624/2476 2175/3626/2478 2177/3646/2486
f 2181/3647/2484 2174/3621/2473 2173/3624/2476 2180/3645/2485
f 2179/3648/2487 2172/3617/2469 2176/3620/2472 2182/3649/2488
f 2178/3643/2483 2184/3650/2489 2188/3651/2490 2182/3649/2488
f 2188/3651/2490 2185/3652/2491 2179/3648/2487 2182/3649/2488
f 2186/3653/2492 2187/3654/2493 2181/3647/2484 2180/3645/2485
f 2183/3655/2494 2186/3653/2492 2180/3645/2485 2177/3646/2486
f 2176/3620/2472 2171/3627/2479 2178/3643/2483 2182/3649/2488
f 2175/3626/2478 2172/3617/2469 2179/3648/2487 2177/3646/2486
f 2188/3651/2490 2184/3650/2489 2160/3656/2495 2164/3657/2496
f 2159/3658/2497 2187/3654/2493 2186/3653/2492 2161/3659/2498
f 2179/3648/2487 2185/3652/2491 2183/3655/2494 2177/3646/2486
f 2163/3660/2499 2185/3652/2491 2188/3651/2490 2164/3657/2496
f 2160/3656/2495 2184/3650/2489 2187/3661/2493 2159/3662/2497
f 2183/3655/2494 2185/3652/2491 2163/3660/2499 2162/3663/2500
f 2161/3659/2498 2186/3653/2492 2183/3655/2494 2162/3663/2500
f 2187/3661/2493 2184/3650/2489 2178/3643/2483 2181/3644/2484
f 1980/3273/2231 1953/3341/2274 1954/3335/2269 1984/3274/2232
f 2202/3664/2501 2199/3665/2502 2200/3666/2503 2206/3667/2504
f 2204/3668/2505 2195/3669/2506 2197/3670/2507 2203/3671/2508
f 2203/3671/2508 2197/3670/2507 2198/3672/2509 2205/3673/2510
f 2201/3674/2511 2196/3675/2512 2195/3676/2506 2204/3677/2505
f 2189/3678/2513 2191/3679/2513 2192/3680/2513 2193/3681/2513 2194/3682/2513 2190/3683/2513
f 2196/3684/2514 2200/3685/2514 2199/3686/2514 2198/3687/2514 2197/3688/2514 2195/3689/2514
f 2200/3666/2503 2196/3675/2512 2201/3674/2511 2206/3667/2504
f 2198/3672/2509 2199/3665/2502 2202/3664/2501 2205/3673/2510
f 2208/3690/2515 2201/3674/2511 2204/3677/2505 2211/3691/2516
f 2210/3692/2517 2203/3671/2508 2205/3673/2510 2207/3693/2518
f 2211/3694/2516 2204/3668/2505 2203/3671/2508 2210/3692/2517
f 2209/3695/2519 2202/3664/2501 2206/3667/2504 2212/3696/2520
f 2208/3690/2515 2214/3697/2521 2218/3698/2522 2212/3696/2520
f 2218/3698/2522 2215/3699/2523 2209/3695/2519 2212/3696/2520
f 2216/3700/2524 2217/3701/2525 2211/3694/2516 2210/3692/2517
f 2213/3702/2526 2216/3700/2524 2210/3692/2517 2207/3693/2518
f 2206/3667/2504 2201/3674/2511 2208/3690/2515 2212/3696/2520
f 2205/3673/2510 2202/3664/2501 2209/3695/2519 2207/3693/2518
f 2218/3698/2522 2214/3697/2521 2190/3703/2527 2194/3704/2528
f 2189/3705/2529 2217/3701/2525 2216/3700/2524 2191/3706/2530
f 2209/3695/2519 2215/3699/2523 2213/3702/2526 2207/3693/2518
f 2193/3707/2531 2215/3699/2523 2218/3698/2522 2194/3704/2528
f 2190/3703/2527 2214/3697/2521 2217/3708/2525 2189/3709/2529
f 2213/3702/2526 2215/3699/2523 2193/3707/2531 2192/3710/2532
f 2191/3706/2530 2216/3700/2524 2213/3702/2526 2192/3710/2532
f 2217/3708/2525 2214/3697/2521 2208/3690/2515 2211/3691/2516
f 2250/3711/2533 2254/3712/2534 2230/3713/2535 2229/3714/2536
f 2252/3715/2537 2251/3716/2538 2227/3717/2539 2225/3718/2540
f 2251/3716/2538 2253/3719/2541 2228/3720/2542 2227/3717/2539
f 2249/3721/2543 2252/3722/2537 2225/3723/2540 2226/3724/2544
f 2219/3725/2545 2220/3726/2545 2224/3727/2545 2223/3728/2545 2222/3729/2545 2221/3730/2545
f 2226/3731/2546 2225/3732/2546 2227/3733/2546 2228/3734/2546 2229/3735/2546 2230/3736/2546
f 2244/3737/2547 2248/3738/2548 2242/3739/2549 2241/3740/2550
f 2246/3741/2551 2245/3742/2552 2239/3743/2553 2237/3744/2554
f 2245/3742/2552 2247/3745/2555 2240/3746/2556 2239/3743/2553
f 2243/3747/2557 2246/3748/2551 2237/3749/2554 2238/3750/2558
f 2256/3751/2559 2260/3752/2560 2236/3753/2561 2232/3754/2562
f 2233/3755/2563 2234/3756/2564 2255/3757/2565 2258/3758/2566
f 2231/3759/2567 2232/3760/2567 2236/3761/2567 2235/3762/2567 2234/3763/2567 2233/3764/2567
f 2238/3765/2568 2237/3766/2568 2239/3767/2568 2240/3768/2568 2241/3769/2568 2242/3770/2568
f 2242/3739/2549 2248/3738/2548 2243/3747/2557 2238/3750/2558
f 2240/3746/2556 2247/3745/2555 2244/3737/2547 2241/3740/2550
f 2258/3758/2566 2259/3771/2569 2231/3772/2570 2233/3755/2563
f 2230/3713/2535 2254/3712/2534 2249/3721/2543 2226/3724/2544
f 2228/3720/2542 2253/3719/2541 2250/3711/2533 2229/3714/2536
f 2254/3712/2534 2224/3773/2571 2220/3774/2572 2249/3721/2543
f 2219/3775/2573 2252/3722/2537 2249/3721/2543 2220/3774/2572
f 2222/3776/2574 2253/3719/2541 2251/3716/2538 2221/3777/2575
f 2221/3777/2575 2251/3716/2538 2252/3715/2537 2219/3778/2573
f 2253/3719/2541 2222/3776/2574 2223/3779/2576 2250/3711/2533
f 2257/3780/2577 2255/3757/2565 2234/3756/2564 2235/3781/2578
f 2260/3752/2560 2248/3738/2548 2244/3737/2547 2257/3780/2577
f 2259/3782/2569 2256/3751/2559 2232/3754/2562 2231/3783/2570
f 2258/3758/2566 2245/3742/2552 2246/3741/2551 2259/3771/2569
f 2255/3757/2565 2247/3745/2555 2245/3742/2552 2258/3758/2566
f 2259/3782/2569 2246/3748/2551 2243/3747/2557 2256/3751/2559
f 2248/3738/2548 2260/3752/2560 2256/3751/2559 2243/3747/2557
f 2247/3745/2555 2255/3757/2565 2257/3780/2577 2244/3737/2547
f 2274/3784/2579 2271/3785/2580 2272/3786/2581 2278/3787/2582
f 2276/3788/2583 2267/3789/2584 2269/3790/2585 2275/3791/2586
f 2275/3791/2586 2269/3790/2585 2270/3792/2587 2277/3793/2588
f 2273/3794/2589 2268/3795/2590 2267/3796/2584 2276/3797/2583
f 2261/3798/2591 2263/3799/2591 2264/3800/2591 2265/3801/2591 2266/3802/2591 2262/3803/2591
f 2268/3804/2592 2272/3805/2592 2271/3806/2592 2270/3807/2592 2269/3808/2592 2267/3809/2592
f 2272/3786/2581 2268/3795/2590 2273/3794/2589 2278/3787/2582
f 2270/3792/2587 2271/3785/2580 2274/3784/2579 2277/3793/2588
f 2280/3810/2593 2273/3794/2589 2276/3797/2583 2283/3811/2594
f 2282/3812/2595 2275/3791/2586 2277/3793/2588 2279/3813/2596
f 2283/3814/2594 2276/3788/2583 2275/3791/2586 2282/3812/2595
f 2281/3815/2597 2274/3784/2579 2278/3787/2582 2284/3816/2598
f 2281/3815/2597 2265/3817/2599 2264/3818/2600 2279/3813/2596
f 2261/3819/2601 2283/3814/2594 2282/3812/2595 2263/3820/2602
f 2263/3820/2602 2282/3812/2595 2279/3813/2596 2264/3818/2600
f 2280/3810/2593 2283/3811/2594 2261/3821/2601 2262/3822/2603
f 2278/3787/2582 2273/3794/2589 2280/3810/2593 2284/3816/2598
f 2277/3793/2588 2274/3784/2579 2281/3815/2597 2279/3813/2596
f 2294/3823/2604 2285/3824/2605 2288/3825/2605 2293/3826/2604
f 2295/3827/2606 2291/3828/2607 2285/3824/2608 2294/3823/2609
f 2293/3826/2610 2288/3825/2611 2292/3829/2612 2296/3830/2613
f 2289/3831/2614 2290/3832/2615 2296/3830/2613 2295/3833/2606
f 2287/3834/2616 2294/3823/2604 2293/3826/2604 2286/3835/2616
f 2289/3836/2614 2295/3827/2606 2294/3823/2609 2287/3834/2617
f 2286/3835/2618 2293/3826/2610 2296/3830/2613 2290/3832/2615
f 2289/3837/2619 2287/3838/2619 2286/3839/2619 2290/3840/2619
f 2292/3829/2612 2291/3841/2607 2295/3833/2606 2296/3830/2613
f 2280/3810/2593 2262/3822/2603 2266/3842/2620 2284/3816/2598
f 2260/3752/2560 2257/3780/2577 2235/3781/2578 2236/3753/2561
f 2328/3843/2621 2307/3844/2622 2308/3845/2623 2332/3846/2624
f 2330/3847/2625 2303/3848/2626 2305/3849/2627 2329/3850/2628
f 2329/3850/2628 2305/3849/2627 2306/3851/2629 2331/3852/2630
f 2327/3853/2631 2304/3854/2632 2303/3855/2626 2330/3856/2625
f 2297/3857/2633 2299/3858/2633 2300/3859/2633 2301/3860/2633 2302/3861/2633 2298/3862/2633
f 2304/3863/2634 2308/3864/2634 2307/3865/2634 2306/3866/2634 2305/3867/2634 2303/3868/2634
f 2322/3869/2635 2319/3870/2636 2320/3871/2637 2326/3872/2638
f 2324/3873/2639 2315/3874/2640 2317/3875/2641 2323/3876/2642
f 2323/3876/2642 2317/3875/2641 2318/3877/2643 2325/3878/2644
f 2321/3879/2645 2316/3880/2646 2315/3881/2640 2324/3882/2639
f 2334/3883/2647 2310/3884/2648 2314/3885/2649 2338/3886/2650
f 2311/3887/2651 2336/3888/2652 2333/3889/2653 2312/3890/2654
f 2309/3891/2655 2311/3892/2655 2312/3893/2655 2313/3894/2655 2314/3895/2655 2310/3896/2655
f 2316/3897/2656 2320/3898/2656 2319/3899/2656 2318/3900/2656 2317/3901/2656 2315/3902/2656
f 2320/3871/2637 2316/3880/2646 2321/3879/2645 2326/3872/2638
f 2318/3877/2643 2319/3870/2636 2322/3869/2635 2325/3878/2644
f 2336/3888/2652 2311/3887/2651 2309/3903/2657 2337/3904/2658
f 2308/3845/2623 2304/3854/2632 2327/3853/2631 2332/3846/2624
f 2306/3851/2629 2307/3844/2622 2328/3843/2621 2331/3852/2630
f 2327/3853/2631 2298/3905/2659 2302/3906/2660 2332/3846/2624
f 2297/3907/2661 2298/3905/2659 2327/3853/2631 2330/3856/2625
f 2300/3908/2662 2299/3909/2663 2329/3850/2628 2331/3852/2630
f 2299/3909/2663 2297/3910/2661 2330/3847/2625 2329/3850/2628
f 2328/3843/2621 2301/3911/2664 2300/3908/2662 2331/3852/2630
f 2335/3912/2665 2313/3913/2666 2312/3890/2654 2333/3889/2653
f 2338/3886/2650 2335/3912/2665 2322/3869/2635 2326/3872/2638
f 2337/3914/2658 2309/3915/2657 2310/3884/2648 2334/3883/2647
f 2336/3888/2652 2337/3904/2658 2324/3873/2639 2323/3876/2642
f 2333/3889/2653 2336/3888/2652 2323/3876/2642 2325/3878/2644
f 2337/3914/2658 2334/3883/2647 2321/3879/2645 2324/3882/2639
f 2326/3872/2638 2321/3879/2645 2334/3883/2647 2338/3886/2650
f 2325/3878/2644 2322/3869/2635 2335/3912/2665 2333/3889/2653
f 2352/3916/2667 2356/3917/2668 2350/3918/2669 2349/3919/2670
f 2354/3920/2671 2353/3921/2672 2347/3922/2673 2345/3923/2674
f 2353/3921/2672 2355/3924/2675 2348/3925/2676 2347/3922/2673
f 2351/3926/2677 2354/3927/2671 2345/3928/2674 2346/3929/2678
f 2339/3930/2679 2340/3931/2679 2344/3932/2679 2343/3933/2679 2342/3934/2679 2341/3935/2679
f 2346/3936/2680 2345/3937/2680 2347/3938/2680 2348/3939/2680 2349/3940/2680 2350/3941/2680
f 2350/3918/2669 2356/3917/2668 2351/3926/2677 2346/3929/2678
f 2356/3917/2668 2362/3942/2681 2358/3943/2682 2351/3926/2677
f 2358/3943/2682 2361/3944/2683 2354/3927/2671 2351/3926/2677
f 2360/3945/2684 2357/3946/2685 2355/3924/2675 2353/3921/2672
f 2361/3947/2683 2360/3945/2684 2353/3921/2672 2354/3920/2671
f 2380/3948/2686 2344/3949/2687 2340/3950/2688 2376/3951/2689
f 2339/3952/2690 2341/3953/2691 2378/3954/2692 2379/3955/2693
f 2372/3956/2694 2371/3957/2695 2367/3958/2696 2368/3959/2696
f 2364/3960/2697 2365/3961/2698 2371/3957/2695 2372/3956/2694
f 2371/3957/2695 2374/3962/2699 2370/3963/2700 2367/3958/2701
f 2373/3964/2702 2372/3956/2703 2368/3959/2704 2369/3965/2705
f 2363/3966/2706 2373/3967/2702 2374/3962/2699 2366/3968/2707
f 2343/3969/2708 2344/3949/2687 2380/3948/2686 2377/3970/2709
f 2363/3971/2706 2364/3960/2710 2372/3956/2703 2373/3964/2702
f 2365/3961/2698 2366/3968/2711 2374/3962/2699 2371/3957/2695
f 2363/3972/2712 2366/3973/2712 2365/3974/2712 2364/3975/2712
f 2370/3963/2700 2374/3962/2699 2373/3967/2702 2369/3976/2705
f 2380/3948/2686 2362/3942/2681 2359/3977/2713 2377/3970/2709
f 2340/3950/2688 2339/3978/2690 2379/3979/2693 2376/3951/2689
f 2375/3980/2714 2342/3981/2715 2343/3969/2708 2377/3970/2709
f 2378/3954/2692 2360/3945/2684 2361/3947/2683 2379/3955/2693
f 2375/3980/2714 2357/3946/2685 2360/3945/2684 2378/3954/2692
f 2379/3979/2693 2361/3944/2683 2358/3943/2682 2376/3951/2689
f 2362/3942/2681 2380/3948/2686 2376/3951/2689 2358/3943/2682
f 2357/3946/2685 2375/3980/2714 2377/3970/2709 2359/3977/2713
f 2341/3953/2691 2342/3981/2715 2375/3980/2714 2378/3954/2692
f 2338/3886/2650 2314/3885/2649 2313/3913/2666 2335/3912/2665
f 2332/3846/2624 2302/3906/2660 2301/3911/2664 2328/3843/2621
f 2359/3977/2713 2362/3942/2681 2356/3917/2668 2352/3916/2667
f 2394/3982/2716 2398/3983/2717 2392/3984/2718 2391/3985/2719
f 2396/3986/2720 2395/3987/2721 2389/3988/2722 2387/3989/2723
f 2395/3987/2721 2397/3990/2724 2390/3991/2725 2389/3988/2722
f 2393/3992/2726 2396/3993/2720 2387/3994/2723 2388/3995/2727
f 2381/3996/2728 2382/3997/2728 2386/3998/2728 2385/3999/2728 2384/4000/2728 2383/4001/2728
f 2388/4002/2729 2387/4003/2729 2389/4004/2729 2390/4005/2729 2391/4006/2729 2392/4007/2729
f 2392/3984/2718 2398/3983/2717 2393/3992/2726 2388/3995/2727
f 2390/3991/2725 2397/3990/2724 2394/3982/2716 2391/3985/2719
f 2398/3983/2717 2404/4008/2730 2400/4009/2731 2393/3992/2726
f 2400/4009/2731 2403/4010/2732 2396/3993/2720 2393/3992/2726
f 2402/4011/2733 2399/4012/2734 2397/3990/2724 2395/3987/2721
f 2403/4013/2732 2402/4011/2733 2395/3987/2721 2396/3986/2720
f 2397/3990/2724 2399/4012/2734 2401/4014/2735 2394/3982/2716
f 2410/4015/2736 2386/4016/2737 2382/4017/2738 2406/4018/2739
f 2381/4019/2740 2383/4020/2741 2408/4021/2742 2409/4022/2743
f 2385/4023/2744 2386/4016/2737 2410/4015/2736 2407/4024/2745
f 2410/4015/2736 2404/4008/2730 2401/4014/2735 2407/4024/2745
f 2382/4017/2738 2381/4025/2740 2409/4026/2743 2406/4018/2739
f 2405/4027/2746 2384/4028/2747 2385/4023/2744 2407/4024/2745
f 2408/4021/2742 2402/4011/2733 2403/4013/2732 2409/4022/2743
f 2405/4027/2746 2399/4012/2734 2402/4011/2733 2408/4021/2742
f 2409/4026/2743 2403/4010/2732 2400/4009/2731 2406/4018/2739
f 2404/4008/2730 2410/4015/2736 2406/4018/2739 2400/4009/2731
f 2399/4012/2734 2405/4027/2746 2407/4024/2745 2401/4014/2735
f 2383/4020/2741 2384/4028/2747 2405/4027/2746 2408/4021/2742
f 2401/4014/2735 2404/4008/2730 2398/3983/2717 2394/3982/2716
f 2424/4029/2748 2421/4030/2749 2422/4031/2750 2428/4032/2751
f 2426/4033/2752 2417/4034/2753 2419/4035/2754 2425/4036/2755
f 2425/4036/2755 2419/4035/2754 2420/4037/2756 2427/4038/2757
f 2423/4039/2758 2418/4040/2759 2417/4041/2753 2426/4042/2752
f 2411/4043/2760 2413/4044/2760 2414/4045/2760 2415/4046/2760 2416/4047/2760 2412/4048/2760
f 2418/4049/2761 2422/4050/2761 2421/4051/2761 2420/4052/2761 2419/4053/2761 2417/4054/2761
f 2422/4031/2750 2418/4040/2759 2423/4039/2758 2428/4032/2751
f 2420/4037/2756 2421/4030/2749 2424/4029/2748 2427/4038/2757
f 2430/4055/2762 2423/4039/2758 2426/4042/2752 2433/4056/2763
f 2432/4057/2764 2425/4036/2755 2427/4038/2757 2429/4058/2765
f 2433/4059/2763 2426/4033/2752 2425/4036/2755 2432/4057/2764
f 2431/4060/2766 2424/4029/2748 2428/4032/2751 2434/4061/2767
f 2430/4055/2762 2436/4062/2768 2440/4063/2769 2434/4061/2767
f 2440/4063/2769 2437/4064/2770 2431/4060/2766 2434/4061/2767
f 2438/4065/2771 2439/4066/2772 2433/4059/2763 2432/4057/2764
f 2435/4067/2773 2438/4065/2771 2432/4057/2764 2429/4058/2765
f 2428/4032/2751 2423/4039/2758 2430/4055/2762 2434/4061/2767
f 2427/4038/2757 2424/4029/2748 2431/4060/2766 2429/4058/2765
f 2440/4063/2769 2436/4062/2768 2412/4068/2774 2416/4069/2775
f 2411/4070/2776 2439/4066/2772 2438/4065/2771 2413/4071/2777
f 2431/4060/2766 2437/4064/2770 2435/4067/2773 2429/4058/2765
f 2415/4072/2778 2437/4064/2770 2440/4063/2769 2416/4069/2775
f 2412/4068/2774 2436/4062/2768 2439/4073/2772 2411/4074/2776
f 2435/4067/2773 2437/4064/2770 2415/4072/2778 2414/4075/2779
f 2413/4071/2777 2438/4065/2771 2435/4067/2773 2414/4075/2779
f 2439/4073/2772 2436/4062/2768 2430/4055/2762 2433/4056/2763
f 2250/3711/2533 2223/3779/2576 2224/3773/2571 2254/3712/2534
f 2472/4076/2780 2476/4077/2781 2452/4078/2782 2451/4079/2783
f 2474/4080/2784 2473/4081/2785 2449/4082/2786 2447/4083/2787
f 2473/4081/2785 2475/4084/2788 2450/4085/2789 2449/4082/2786
f 2471/4086/2790 2474/4087/2784 2447/4088/2787 2448/4089/2791
f 2441/4090/2792 2442/4091/2792 2446/4092/2792 2445/4093/2792 2444/4094/2792 2443/4095/2792
f 2448/4096/2793 2447/4097/2793 2449/4098/2793 2450/4099/2793 2451/4100/2793 2452/4101/2793
f 2466/4102/2794 2470/4103/2795 2464/4104/2796 2463/4105/2797
f 2468/4106/2798 2467/4107/2799 2461/4108/2800 2459/4109/2801
f 2467/4107/2799 2469/4110/2802 2462/4111/2803 2461/4108/2800
f 2465/4112/2804 2468/4113/2798 2459/4114/2801 2460/4115/2805
f 2478/4116/2806 2482/4117/2807 2458/4118/2808 2454/4119/2809
f 2455/4120/2810 2456/4121/2811 2477/4122/2812 2480/4123/2813
f 2453/4124/2814 2454/4125/2814 2458/4126/2814 2457/4127/2814 2456/4128/2814 2455/4129/2814
f 2460/4130/2815 2459/4131/2815 2461/4132/2815 2462/4133/2815 2463/4134/2815 2464/4135/2815
f 2464/4104/2796 2470/4103/2795 2465/4112/2804 2460/4115/2805
f 2462/4111/2803 2469/4110/2802 2466/4102/2794 2463/4105/2797
f 2480/4123/2813 2481/4136/2816 2453/4137/2817 2455/4120/2810
f 2452/4078/2782 2476/4077/2781 2471/4086/2790 2448/4089/2791
f 2450/4085/2789 2475/4084/2788 2472/4076/2780 2451/4079/2783
f 2476/4077/2781 2446/4138/2818 2442/4139/2819 2471/4086/2790
f 2441/4140/2820 2474/4087/2784 2471/4086/2790 2442/4139/2819
f 2444/4141/2821 2475/4084/2788 2473/4081/2785 2443/4142/2822
f 2443/4142/2822 2473/4081/2785 2474/4080/2784 2441/4143/2820
f 2475/4084/2788 2444/4141/2821 2445/4144/2823 2472/4076/2780
f 2479/4145/2824 2477/4122/2812 2456/4121/2811 2457/4146/2825
f 2482/4117/2807 2470/4103/2795 2466/4102/2794 2479/4145/2824
f 2481/4147/2816 2478/4116/2806 2454/4119/2809 2453/4148/2817
f 2480/4123/2813 2467/4107/2799 2468/4106/2798 2481/4136/2816
f 2477/4122/2812 2469/4110/2802 2467/4107/2799 2480/4123/2813
f 2481/4147/2816 2468/4113/2798 2465/4112/2804 2478/4116/2806
f 2470/4103/2795 2482/4117/2807 2478/4116/2806 2465/4112/2804
f 2469/4110/2802 2477/4122/2812 2479/4145/2824 2466/4102/2794
f 2496/4149/2826 2493/4150/2827 2494/4151/2828 2500/4152/2829
f 2498/4153/2830 2489/4154/2831 2491/4155/2832 2497/4156/2833
f 2497/4156/2833 2491/4155/2832 2492/4157/2834 2499/4158/2835
f 2495/4159/2836 2490/4160/2837 2489/4161/2831 2498/4162/2830
f 2483/4163/2838 2485/4164/2838 2486/4165/2838 2487/4166/2838 2488/4167/2838 2484/4168/2838
f 2490/4169/2839 2494/4170/2839 2493/4171/2839 2492/4172/2839 2491/4173/2839 2489/4174/2839
f 2494/4151/2828 2490/4160/2837 2495/4159/2836 2500/4152/2829
f 2492/4157/2834 2493/4150/2827 2496/4149/2826 2499/4158/2835
f 2502/4175/2840 2495/4159/2836 2498/4162/2830 2505/4176/2841
f 2504/4177/2842 2497/4156/2833 2499/4158/2835 2501/4178/2843
f 2505/4179/2841 2498/4153/2830 2497/4156/2833 2504/4177/2842
f 2503/4180/2844 2496/4149/2826 2500/4152/2829 2506/4181/2845
f 2502/4175/2840 2532/4182/2846 2536/4183/2847 2506/4181/2845
f 2536/4183/2847 2533/4184/2848 2503/4180/2844 2506/4181/2845
f 2534/4185/2849 2535/4186/2850 2505/4179/2841 2504/4177/2842
f 2531/4187/2851 2534/4185/2849 2504/4177/2842 2501/4178/2843
f 2500/4152/2829 2495/4159/2836 2502/4175/2840 2506/4181/2845
f 2499/4158/2835 2496/4149/2826 2503/4180/2844 2501/4178/2843
f 2536/4183/2847 2532/4182/2846 2484/4188/2852 2488/4189/2853
f 2483/4190/2854 2535/4186/2850 2534/4185/2849 2485/4191/2855
f 2503/4180/2844 2533/4184/2848 2531/4187/2851 2501/4178/2843
f 2522/4192/2856 2516/4193/2857 2515/4194/2857 2521/4195/2858
f 2509/4196/2859 2522/4192/2856 2521/4195/2858 2511/4197/2860
f 2521/4195/2858 2515/4194/2861 2518/4198/2862 2524/4199/2863
f 2523/4200/2864 2517/4201/2865 2516/4193/2866 2522/4192/2867
f 2528/4202/2868 2508/4203/2869 2514/4204/2869 2527/4205/2868
f 2507/4206/2870 2512/4207/2871 2524/4199/2863 2523/4208/2864
f 2487/4209/2872 2533/4184/2848 2536/4183/2847 2488/4189/2853
f 2529/4210/2873 2525/4211/2874 2508/4203/2875 2528/4202/2876
f 2527/4205/2877 2514/4204/2878 2526/4212/2879 2530/4213/2880
f 2507/4214/2870 2523/4200/2864 2522/4192/2867 2509/4196/2881
f 2511/4197/2860 2521/4195/2858 2524/4199/2863 2512/4207/2871
f 2519/4215/2882 2520/4216/2883 2530/4213/2880 2529/4217/2873
f 2513/4218/2884 2528/4202/2868 2527/4205/2868 2510/4219/2884
f 2507/4220/2885 2509/4221/2885 2511/4222/2885 2512/4223/2885
f 2518/4198/2862 2517/4224/2865 2523/4208/2864 2524/4199/2863
f 2519/4225/2882 2529/4210/2873 2528/4202/2876 2513/4218/2886
f 2510/4219/2887 2527/4205/2877 2530/4213/2880 2520/4216/2883
f 2519/4226/2888 2513/4227/2888 2510/4228/2888 2520/4229/2888
f 2526/4212/2879 2525/4230/2874 2529/4217/2873 2530/4213/2880
f 2484/4188/2852 2532/4182/2846 2535/4231/2850 2483/4232/2854
f 2531/4187/2851 2533/4184/2848 2487/4209/2872 2486/4233/2889
f 2485/4191/2855 2534/4185/2849 2531/4187/2851 2486/4233/2889
f 2482/4117/2807 2479/4145/2824 2457/4146/2825 2458/4118/2808
f 2568/4234/2890 2547/4235/2891 2548/4236/2892 2572/4237/2893
f 2570/4238/2894 2543/4239/2895 2545/4240/2896 2569/4241/2897
f 2569/4241/2897 2545/4240/2896 2546/4242/2898 2571/4243/2899
f 2567/4244/2900 2544/4245/2901 2543/4246/2895 2570/4247/2894
f 2537/4248/2902 2539/4249/2902 2540/4250/2902 2541/4251/2902 2542/4252/2902 2538/4253/2902
f 2544/4254/2903 2548/4255/2903 2547/4256/2903 2546/4257/2903 2545/4258/2903 2543/4259/2903
f 2562/4260/2904 2559/4261/2905 2560/4262/2906 2566/4263/2907
f 2564/4264/2908 2555/4265/2909 2557/4266/2910 2563/4267/2911
f 2563/4267/2911 2557/4266/2910 2558/4268/2912 2565/4269/2913
f 2561/4270/2914 2556/4271/2915 2555/4272/2909 2564/4273/2908
f 2574/4274/2916 2550/4275/2917 2554/4276/2918 2578/4277/2919
f 2551/4278/2920 2576/4279/2921 2573/4280/2922 2552/4281/2923
f 2549/4282/2924 2551/4283/2924 2552/4284/2924 2553/4285/2924 2554/4286/2924 2550/4287/2924
f 2556/4288/2925 2560/4289/2925 2559/4290/2925 2558/4291/2925 2557/4292/2925 2555/4293/2925
f 2560/4262/2906 2556/4271/2915 2561/4270/2914 2566/4263/2907
f 2558/4268/2912 2559/4261/2905 2562/4260/2904 2565/4269/2913
f 2576/4279/2921 2551/4278/2920 2549/4294/2926 2577/4295/2927
f 2548/4236/2892 2544/4245/2901 2567/4244/2900 2572/4237/2893
f 2546/4242/2898 2547/4235/2891 2568/4234/2890 2571/4243/2899
f 2567/4244/2900 2538/4296/2928 2542/4297/2929 2572/4237/2893
f 2537/4298/2930 2538/4296/2928 2567/4244/2900 2570/4247/2894
f 2540/4299/2931 2539/4300/2932 2569/4241/2897 2571/4243/2899
f 2539/4300/2932 2537/4301/2930 2570/4238/2894 2569/4241/2897
f 2568/4234/2890 2541/4302/2933 2540/4299/2931 2571/4243/2899
f 2575/4303/2934 2553/4304/2935 2552/4281/2923 2573/4280/2922
f 2578/4277/2919 2575/4303/2934 2562/4260/2904 2566/4263/2907
f 2577/4305/2927 2549/4306/2926 2550/4275/2917 2574/4274/2916
f 2576/4279/2921 2577/4295/2927 2564/4264/2908 2563/4267/2911
f 2573/4280/2922 2576/4279/2921 2563/4267/2911 2565/4269/2913
f 2577/4305/2927 2574/4274/2916 2561/4270/2914 2564/4273/2908
f 2566/4263/2907 2561/4270/2914 2574/4274/2916 2578/4277/2919
f 2565/4269/2913 2562/4260/2904 2575/4303/2934 2573/4280/2922
f 2592/4307/2936 2596/4308/2937 2590/4309/2938 2589/4310/2939
f 2594/4311/2940 2593/4312/2941 2587/4313/2942 2585/4314/2943
f 2593/4312/2941 2595/4315/2944 2588/4316/2945 2587/4313/2942
f 2591/4317/2946 2594/4318/2940 2585/4319/2943 2586/4320/2947
f 2579/4321/2948 2580/4322/2948 2584/4323/2948 2583/4324/2948 2582/4325/2948 2581/4326/2948
f 2586/4327/2949 2585/4328/2949 2587/4329/2949 2588/4330/2949 2589/4331/2949 2590/4332/2949
f 2590/4309/2938 2596/4308/2937 2591/4317/2946 2586/4320/2947
f 2596/4308/2937 2602/4333/2950 2598/4334/2951 2591/4317/2946
f 2598/4334/2951 2601/4335/2952 2594/4318/2940 2591/4317/2946
f 2600/4336/2953 2597/4337/2954 2595/4315/2944 2593/4312/2941
f 2601/4338/2952 2600/4336/2953 2593/4312/2941 2594/4311/2940
f 2620/4339/2955 2584/4340/2956 2580/4341/2957 2616/4342/2958
f 2579/4343/2959 2581/4344/2960 2618/4345/2961 2619/4346/2962
f 2612/4347/2963 2611/4348/2964 2607/4349/2965 2608/4350/2965
f 2604/4351/2966 2605/4352/2967 2611/4348/2964 2612/4347/2963
f 2611/4348/2964 2614/4353/2968 2610/4354/2969 2607/4349/2970
f 2613/4355/2971 2612/4347/2972 2608/4350/2973 2609/4356/2974
f 2603/4357/2975 2613/4358/2971 2614/4353/2968 2606/4359/2976
f 2583/4360/2977 2584/4340/2956 2620/4339/2955 2617/4361/2978
f 2603/4362/2975 2604/4351/2979 2612/4347/2972 2613/4355/2971
f 2605/4352/2967 2606/4359/2980 2614/4353/2968 2611/4348/2964
f 2603/4363/2981 2606/4364/2981 2605/4365/2981 2604/4366/2981
f 2610/4354/2969 2614/4353/2968 2613/4358/2971 2609/4367/2974
f 2620/4339/2955 2602/4333/2950 2599/4368/2982 2617/4361/2978
f 2580/4341/2957 2579/4369/2959 2619/4370/2962 2616/4342/2958
f 2615/4371/2983 2582/4372/2984 2583/4360/2977 2617/4361/2978
f 2618/4345/2961 2600/4336/2953 2601/4338/2952 2619/4346/2962
f 2615/4371/2983 2597/4337/2954 2600/4336/2953 2618/4345/2961
f 2619/4370/2962 2601/4335/2952 2598/4334/2951 2616/4342/2958
f 2602/4333/2950 2620/4339/2955 2616/4342/2958 2598/4334/2951
f 2597/4337/2954 2615/4371/2983 2617/4361/2978 2599/4368/2982
f 2581/4344/2960 2582/4372/2984 2615/4371/2983 2618/4345/2961
f 2578/4277/2919 2554/4276/2918 2553/4304/2935 2575/4303/2934
f 2572/4237/2893 2542/4297/2929 2541/4302/2933 2568/4234/2890
f 2599/4368/2982 2602/4333/2950 2596/4308/2937 2592/4307/2936
f 2535/4231/2850 2532/4182/2846 2502/4175/2840 2505/4176/2841
f 2472/4076/2780 2445/4144/2823 2446/4138/2818 2476/4077/2781
f 2634/4373/2780 2638/4374/2781 2632/4375/2782 2631/4376/2783
f 2636/4377/2784 2635/4378/2785 2629/4379/2786 2627/4380/2787
f 2635/4378/2785 2637/4381/2788 2630/4382/2789 2629/4379/2786
f 2633/4383/2985 2636/4384/2784 2627/4385/2787 2628/4386/2791
f 2621/4387/2986 2622/4388/2986 2626/4389/2986 2625/4390/2986 2624/4391/2986 2623/4392/2986
f 2628/4393/2987 2627/4394/2987 2629/4395/2987 2630/4396/2987 2631/4397/2987 2632/4398/2987
f 2632/4375/2782 2638/4374/2781 2633/4383/2985 2628/4386/2791
f 2630/4382/2789 2637/4381/2788 2634/4373/2780 2631/4376/2783
f 2638/4374/2781 2626/4399/2818 2622/4400/2819 2633/4383/2985
f 2621/4401/2820 2636/4384/2784 2633/4383/2985 2622/4400/2819
f 2624/4402/2821 2637/4381/2788 2635/4378/2785 2623/4403/2822
f 2623/4403/2822 2635/4378/2785 2636/4377/2784 2621/4404/2820
f 2637/4381/2788 2624/4402/2821 2625/4405/2823 2634/4373/2780
f 2652/4406/2988 2649/4407/2989 2650/4408/2990 2656/4409/2991
f 2654/4410/2992 2645/4411/2993 2647/4412/2994 2653/4413/2995
f 2653/4413/2995 2647/4412/2994 2648/4414/2996 2655/4415/2997
f 2651/4416/2998 2646/4417/2999 2645/4418/2993 2654/4419/2992
f 2639/4420/2838 2641/4421/2838 2642/4422/2838 2643/4423/2838 2644/4424/2838 2640/4425/2838
f 2646/4426/2839 2650/4427/2839 2649/4428/2839 2648/4429/2839 2647/4430/2839 2645/4431/2839
f 2650/4408/2990 2646/4417/2999 2651/4416/2998 2656/4409/2991
f 2648/4414/2996 2649/4407/2989 2652/4406/2988 2655/4415/2997
f 2658/4432/2840 2651/4416/2998 2654/4419/2992 2661/4433/2841
f 2660/4434/2842 2653/4413/2995 2655/4415/2997 2657/4435/2843
f 2661/4436/2841 2654/4410/2992 2653/4413/2995 2660/4434/2842
f 2659/4437/2844 2652/4406/2988 2656/4409/2991 2662/4438/2845
f 2658/4432/2840 2664/4439/2846 2668/4440/2847 2662/4438/2845
f 2668/4440/2847 2665/4441/2848 2659/4437/2844 2662/4438/2845
f 2666/4442/2849 2667/4443/2850 2661/4436/2841 2660/4434/2842
f 2663/4444/2851 2666/4442/2849 2660/4434/2842 2657/4435/2843
f 2656/4409/2991 2651/4416/2998 2658/4432/2840 2662/4438/2845
f 2655/4415/2997 2652/4406/2988 2659/4437/2844 2657/4435/2843
f 2668/4440/2847 2664/4439/2846 2640/4445/2852 2644/4446/2853
f 2639/4447/2854 2667/4443/2850 2666/4442/2849 2641/4448/2855
f 2659/4437/2844 2665/4441/2848 2663/4444/2851 2657/4435/2843
f 2643/4449/2872 2665/4441/2848 2668/4440/2847 2644/4446/2853
f 2640/4445/2852 2664/4439/2846 2667/4450/2850 2639/4451/2854
f 2663/4444/2851 2665/4441/2848 2643/4449/2872 2642/4452/2889
f 2641/4448/2855 2666/4442/2849 2663/4444/2851 2642/4452/2889
f 2700/4453/2890 2679/4454/2891 2680/4455/3000 2704/4456/2893
f 2702/4457/2894 2675/4458/2895 2677/4459/2896 2701/4460/2897
f 2701/4460/2897 2677/4459/2896 2678/4461/2898 2703/4462/2899
f 2699/4463/2900 2676/4464/2901 2675/4465/2895 2702/4466/2894
f 2669/4467/2902 2671/4468/2902 2672/4469/2902 2673/4470/2902 2674/4471/2902 2670/4472/2902
f 2676/4473/2903 2680/4474/2903 2679/4475/2903 2678/4476/2903 2677/4477/2903 2675/4478/2903
f 2694/4479/2904 2691/4480/2905 2692/4481/3001 2698/4482/2907
f 2696/4483/2908 2687/4484/3002 2689/4485/2910 2695/4486/2911
f 2695/4486/2911 2689/4485/2910 2690/4487/2912 2697/4488/2913
f 2693/4489/2914 2688/4490/2915 2687/4491/3002 2696/4492/2908
f 2706/4493/2916 2682/4494/3003 2686/4495/2918 2710/4496/2919
f 2683/4497/2920 2708/4498/2921 2705/4499/2922 2684/4500/2923
f 2681/4501/2924 2683/4502/2924 2684/4503/2924 2685/4504/2924 2686/4505/2924 2682/4506/2924
f 2688/4507/3004 2692/4508/3004 2691/4509/3004 2690/4510/3004 2689/4511/3004 2687/4512/3004
f 2692/4481/3001 2688/4490/2915 2693/4489/2914 2698/4482/2907
f 2690/4487/2912 2691/4480/2905 2694/4479/2904 2697/4488/2913
f 2708/4498/2921 2683/4497/2920 2681/4513/2926 2709/4514/2927
f 2680/4455/3000 2676/4464/2901 2699/4463/2900 2704/4456/2893
f 2678/4461/2898 2679/4454/2891 2700/4453/2890 2703/4462/2899
f 2699/4463/2900 2670/4515/2928 2674/4516/2929 2704/4456/2893
f 2669/4517/2930 2670/4515/2928 2699/4463/2900 2702/4466/2894
f 2672/4518/2931 2671/4519/2932 2701/4460/2897 2703/4462/2899
f 2671/4519/2932 2669/4520/2930 2702/4457/2894 2701/4460/2897
f 2700/4453/2890 2673/4521/2933 2672/4518/2931 2703/4462/2899
f 2707/4522/3005 2685/4523/2935 2684/4500/2923 2705/4499/2922
f 2710/4496/2919 2707/4522/3005 2694/4479/2904 2698/4482/2907
f 2709/4524/2927 2681/4525/2926 2682/4494/3003 2706/4493/2916
f 2708/4498/2921 2709/4514/2927 2696/4483/2908 2695/4486/2911
f 2705/4499/2922 2708/4498/2921 2695/4486/2911 2697/4488/2913
f 2709/4524/2927 2706/4493/2916 2693/4489/2914 2696/4492/2908
f 2698/4482/2907 2693/4489/2914 2706/4493/2916 2710/4496/2919
f 2697/4488/2913 2694/4479/2904 2707/4522/3005 2705/4499/2922
f 2724/4526/2936 2728/4527/2937 2722/4528/2938 2721/4529/2939
f 2726/4530/2940 2725/4531/2941 2719/4532/2942 2717/4533/3006
f 2725/4531/2941 2727/4534/2944 2720/4535/2945 2719/4532/2942
f 2723/4536/2946 2726/4537/2940 2717/4538/3006 2718/4539/2947
f 2711/4540/2948 2712/4541/2948 2716/4542/2948 2715/4543/2948 2714/4544/2948 2713/4545/2948
f 2718/4546/3007 2717/4547/3007 2719/4548/3007 2720/4549/3007 2721/4550/3007 2722/4551/3007
f 2722/4528/2938 2728/4527/2937 2723/4536/2946 2718/4539/2947
f 2728/4527/2937 2734/4552/2950 2730/4553/2951 2723/4536/2946
f 2730/4553/2951 2733/4554/2952 2726/4537/2940 2723/4536/2946
f 2732/4555/2953 2729/4556/2954 2727/4534/2944 2725/4531/2941
f 2733/4557/2952 2732/4555/2953 2725/4531/2941 2726/4530/2940
f 2752/4558/2955 2716/4559/2956 2712/4560/3008 2748/4561/3009
f 2711/4562/2959 2713/4563/2960 2750/4564/2961 2751/4565/2962
f 2744/4566/2963 2743/4567/2964 2739/4568/2965 2740/4569/2965
f 2736/4570/2966 2737/4571/2967 2743/4567/2964 2744/4566/2963
f 2743/4567/2964 2746/4572/2968 2742/4573/2969 2739/4568/2970
f 2745/4574/3010 2744/4566/2972 2740/4569/2973 2741/4575/2974
f 2735/4576/3011 2745/4577/3010 2746/4572/2968 2738/4578/3012
f 2715/4579/2977 2716/4559/2956 2752/4558/2955 2749/4580/2978
f 2735/4581/3011 2736/4570/2979 2744/4566/2972 2745/4574/3010
f 2737/4571/2967 2738/4578/2980 2746/4572/2968 2743/4567/2964
f 2735/4582/2981 2738/4583/2981 2737/4584/2981 2736/4585/2981
f 2742/4573/2969 2746/4572/2968 2745/4577/3010 2741/4586/2974
f 2752/4558/2955 2734/4552/2950 2731/4587/2982 2749/4580/2978
f 2712/4560/3008 2711/4588/2959 2751/4589/2962 2748/4561/3009
f 2747/4590/2983 2714/4591/2984 2715/4579/2977 2749/4580/2978
f 2750/4564/2961 2732/4555/2953 2733/4557/2952 2751/4565/2962
f 2747/4590/2983 2729/4556/2954 2732/4555/2953 2750/4564/2961
f 2751/4589/2962 2733/4554/2952 2730/4553/2951 2748/4561/3009
f 2734/4552/2950 2752/4558/2955 2748/4561/3009 2730/4553/2951
f 2729/4556/2954 2747/4590/2983 2749/4580/2978 2731/4587/2982
f 2713/4563/2960 2714/4591/2984 2747/4590/2983 2750/4564/2961
f 2710/4496/2919 2686/4495/2918 2685/4523/2935 2707/4522/3005
f 2704/4456/2893 2674/4516/2929 2673/4521/2933 2700/4453/2890
f 2731/4587/2982 2734/4552/2950 2728/4527/2937 2724/4526/2936
f 2667/4450/2850 2664/4439/2846 2658/4432/2840 2661/4433/2841
f 2634/4373/2780 2625/4405/2823 2626/4399/2818 2638/4374/2781
f 2766/4592/3013 2770/4593/3014 2764/4594/3015 2763/4595/3016
f 2768/4596/3017 2767/4597/3018 2761/4598/3019 2759/4599/3020
f 2767/4597/3018 2769/4600/3021 2762/4601/3022 2761/4598/3019
f 2765/4602/3023 2768/4603/3017 2759/4604/3020 2760/4605/3024
f 2753/4606/3025 2754/4607/3025 2758/4608/3025 2757/4609/3025 2756/4610/3025 2755/4611/3025
f 2760/4612/3026 2759/4613/3026 2761/4614/3026 2762/4615/3026 2763/4616/3026 2764/4617/3026
f 2764/4594/3015 2770/4593/3014 2765/4602/3023 2760/4605/3024
f 2762/4601/3022 2769/4600/3021 2766/4592/3013 2763/4595/3016
f 2770/4593/3014 2758/4618/3027 2754/4619/3028 2765/4602/3023
f 2753/4620/3029 2768/4603/3017 2765/4602/3023 2754/4619/3028
f 2756/4621/3030 2769/4600/3021 2767/4597/3018 2755/4622/3031
f 2755/4622/3031 2767/4597/3018 2768/4596/3017 2753/4623/3029
f 2769/4600/3021 2756/4621/3030 2757/4624/3032 2766/4592/3013
f 2784/4625/3033 2781/4626/3034 2782/4627/3035 2788/4628/3036
f 2786/4629/3037 2777/4630/3038 2779/4631/3039 2785/4632/3040
f 2785/4632/3040 2779/4631/3039 2780/4633/3041 2787/4634/3042
f 2783/4635/3043 2778/4636/3044 2777/4637/3038 2786/4638/3037
f 2771/4639/3045 2773/4640/3045 2774/4641/3045 2775/4642/3045 2776/4643/3045 2772/4644/3045
f 2778/4645/3046 2782/4646/3046 2781/4647/3046 2780/4648/3046 2779/4649/3046 2777/4650/3046
f 2782/4627/3035 2778/4636/3044 2783/4635/3043 2788/4628/3036
f 2780/4633/3041 2781/4626/3034 2784/4625/3033 2787/4634/3042
f 2790/4651/3047 2783/4635/3043 2786/4638/3037 2793/4652/3048
f 2792/4653/3049 2785/4632/3040 2787/4634/3042 2789/4654/3050
f 2793/4655/3048 2786/4629/3037 2785/4632/3040 2792/4653/3049
f 2791/4656/3051 2784/4625/3033 2788/4628/3036 2794/4657/3052
f 2790/4651/3047 2820/4658/3053 2824/4659/3054 2794/4657/3052
f 2824/4659/3054 2821/4660/3055 2791/4656/3051 2794/4657/3052
f 2822/4661/3056 2823/4662/3057 2793/4655/3048 2792/4653/3049
f 2819/4663/3058 2822/4661/3056 2792/4653/3049 2789/4654/3050
f 2788/4628/3036 2783/4635/3043 2790/4651/3047 2794/4657/3052
f 2787/4634/3042 2784/4625/3033 2791/4656/3051 2789/4654/3050
f 2824/4659/3054 2820/4658/3053 2772/4664/3059 2776/4665/3060
f 2771/4666/3061 2823/4662/3057 2822/4661/3056 2773/4667/3062
f 2791/4656/3051 2821/4660/3055 2819/4663/3058 2789/4654/3050
f 2810/4668/3063 2804/4669/3064 2803/4670/3064 2809/4671/3065
f 2797/4672/3066 2810/4668/3063 2809/4671/3065 2799/4673/3067
f 2809/4671/3065 2803/4670/3068 2806/4674/3069 2812/4675/3070
f 2811/4676/3071 2805/4677/3072 2804/4669/3073 2810/4668/3074
f 2816/4678/3075 2796/4679/3076 2802/4680/3076 2815/4681/3075
f 2795/4682/3077 2800/4683/3078 2812/4675/3070 2811/4684/3071
f 2775/4685/3079 2821/4660/3055 2824/4659/3054 2776/4665/3060
f 2817/4686/3080 2813/4687/3081 2796/4679/3082 2816/4678/3083
f 2815/4681/3084 2802/4680/3085 2814/4688/3086 2818/4689/3087
f 2795/4690/3077 2811/4676/3071 2810/4668/3074 2797/4672/3088
f 2799/4673/3067 2809/4671/3065 2812/4675/3070 2800/4683/3078
f 2807/4691/3089 2808/4692/3090 2818/4689/3087 2817/4693/3080
f 2801/4694/3091 2816/4678/3075 2815/4681/3075 2798/4695/3091
f 2795/4696/3092 2797/4697/3092 2799/4698/3092 2800/4699/3092
f 2806/4674/3069 2805/4700/3072 2811/4684/3071 2812/4675/3070
f 2807/4701/3089 2817/4686/3080 2816/4678/3083 2801/4694/3093
f 2798/4695/3094 2815/4681/3084 2818/4689/3087 2808/4692/3090
f 2807/4702/3095 2801/4703/3095 2798/4704/3095 2808/4705/3095
f 2814/4688/3086 2813/4706/3081 2817/4693/3080 2818/4689/3087
f 2772/4664/3059 2820/4658/3053 2823/4707/3057 2771/4708/3061
f 2819/4663/3058 2821/4660/3055 2775/4685/3079 2774/4709/3096
f 2773/4667/3062 2822/4661/3056 2819/4663/3058 2774/4709/3096
f 2856/4710/3097 2835/4711/3098 2836/4712/3099 2860/4713/3100
f 2858/4714/3101 2831/4715/3102 2833/4716/3103 2857/4717/3104
f 2857/4717/3104 2833/4716/3103 2834/4718/3105 2859/4719/3106
f 2855/4720/3107 2832/4721/3108 2831/4722/3102 2858/4723/3101
f 2825/4724/3109 2827/4725/3109 2828/4726/3109 2829/4727/3109 2830/4728/3109 2826/4729/3109
f 2832/4730/3110 2836/4731/3110 2835/4732/3110 2834/4733/3110 2833/4734/3110 2831/4735/3110
f 2850/4736/3111 2847/4737/3112 2848/4738/3113 2854/4739/3114
f 2852/4740/3115 2843/4741/3116 2845/4742/3117 2851/4743/3118
f 2851/4743/3118 2845/4742/3117 2846/4744/3119 2853/4745/3120
f 2849/4746/3121 2844/4747/3122 2843/4748/3116 2852/4749/3115
f 2862/4750/3123 2838/4751/3124 2842/4752/3125 2866/4753/3126
f 2839/4754/3127 2864/4755/3128 2861/4756/3129 2840/4757/3130
f 2837/4758/3131 2839/4759/3131 2840/4760/3131 2841/4761/3131 2842/4762/3131 2838/4763/3131
f 2844/4764/3132 2848/4765/3132 2847/4766/3132 2846/4767/3132 2845/4768/3132 2843/4769/3132
f 2848/4738/3113 2844/4747/3122 2849/4746/3121 2854/4739/3114
f 2846/4744/3119 2847/4737/3112 2850/4736/3111 2853/4745/3120
f 2864/4755/3128 2839/4754/3127 2837/4770/3133 2865/4771/3134
f 2836/4712/3099 2832/4721/3108 2855/4720/3107 2860/4713/3100
f 2834/4718/3105 2835/4711/3098 2856/4710/3097 2859/4719/3106
f 2855/4720/3107 2826/4772/3135 2830/4773/3136 2860/4713/3100
f 2825/4774/3137 2826/4772/3135 2855/4720/3107 2858/4723/3101
f 2828/4775/3138 2827/4776/3139 2857/4717/3104 2859/4719/3106
f 2827/4776/3139 2825/4777/3137 2858/4714/3101 2857/4717/3104
f 2856/4710/3097 2829/4778/3140 2828/4775/3138 2859/4719/3106
f 2863/4779/3141 2841/4780/3142 2840/4757/3130 2861/4756/3129
f 2866/4753/3126 2863/4779/3141 2850/4736/3111 2854/4739/3114
f 2865/4781/3134 2837/4782/3133 2838/4751/3124 2862/4750/3123
f 2864/4755/3128 2865/4771/3134 2852/4740/3115 2851/4743/3118
f 2861/4756/3129 2864/4755/3128 2851/4743/3118 2853/4745/3120
f 2865/4781/3134 2862/4750/3123 2849/4746/3121 2852/4749/3115
f 2854/4739/3114 2849/4746/3121 2862/4750/3123 2866/4753/3126
f 2853/4745/3120 2850/4736/3111 2863/4779/3141 2861/4756/3129
f 2880/4783/3143 2884/4784/3144 2878/4785/3145 2877/4786/3146
f 2882/4787/3147 2881/4788/3148 2875/4789/3149 2873/4790/3150
f 2881/4788/3148 2883/4791/3151 2876/4792/3152 2875/4789/3149
f 2879/4793/3153 2882/4794/3147 2873/4795/3150 2874/4796/3154
f 2867/4797/3155 2868/4798/3155 2872/4799/3155 2871/4800/3155 2870/4801/3155 2869/4802/3155
f 2874/4803/3156 2873/4804/3156 2875/4805/3156 2876/4806/3156 2877/4807/3156 2878/4808/3156
f 2878/4785/3145 2884/4784/3144 2879/4793/3153 2874/4796/3154
f 2884/4784/3144 2890/4809/3157 2886/4810/3158 2879/4793/3153
f 2886/4810/3158 2889/4811/3159 2882/4794/3147 2879/4793/3153
f 2888/4812/3160 2885/4813/3161 2883/4791/3151 2881/4788/3148
f 2889/4814/3159 2888/4812/3160 2881/4788/3148 2882/4787/3147
f 2908/4815/3162 2872/4816/3163 2868/4817/3164 2904/4818/3165
f 2867/4819/3166 2869/4820/3167 2906/4821/3168 2907/4822/3169
f 2900/4823/3170 2899/4824/3171 2895/4825/3172 2896/4826/3172
f 2892/4827/3173 2893/4828/3174 2899/4824/3171 2900/4823/3170
f 2899/4824/3171 2902/4829/3175 2898/4830/3176 2895/4825/3177
f 2901/4831/3178 2900/4823/3179 2896/4826/3180 2897/4832/3181
f 2891/4833/3182 2901/4834/3178 2902/4829/3175 2894/4835/3183
f 2871/4836/3184 2872/4816/3163 2908/4815/3162 2905/4837/3185
f 2891/4838/3182 2892/4827/3186 2900/4823/3179 2901/4831/3178
f 2893/4828/3174 2894/4835/3187 2902/4829/3175 2899/4824/3171
f 2891/4839/3188 2894/4840/3188 2893/4841/3188 2892/4842/3188
f 2898/4830/3176 2902/4829/3175 2901/4834/3178 2897/4843/3181
f 2908/4815/3162 2890/4809/3157 2887/4844/3189 2905/4837/3185
f 2868/4817/3164 2867/4845/3166 2907/4846/3169 2904/4818/3165
f 2903/4847/3190 2870/4848/3191 2871/4836/3184 2905/4837/3185
f 2906/4821/3168 2888/4812/3160 2889/4814/3159 2907/4822/3169
f 2903/4847/3190 2885/4813/3161 2888/4812/3160 2906/4821/3168
f 2907/4846/3169 2889/4811/3159 2886/4810/3158 2904/4818/3165
f 2890/4809/3157 2908/4815/3162 2904/4818/3165 2886/4810/3158
f 2885/4813/3161 2903/4847/3190 2905/4837/3185 2887/4844/3189
f 2869/4820/3167 2870/4848/3191 2903/4847/3190 2906/4821/3168
f 2866/4753/3126 2842/4752/3125 2841/4780/3142 2863/4779/3141
f 2860/4713/3100 2830/4773/3136 2829/4778/3140 2856/4710/3097
f 2887/4844/3189 2890/4809/3157 2884/4784/3144 2880/4783/3143
f 2823/4707/3057 2820/4658/3053 2790/4651/3047 2793/4652/3048
f 2766/4592/3013 2757/4624/3032 2758/4618/3027 2770/4593/3014
f 2922/4849/3192 2926/4850/3014 2920/4851/3015 2919/4852/3016
f 2924/4853/3017 2923/4854/3018 2917/4855/3019 2915/4856/3020
f 2923/4854/3018 2925/4857/3021 2918/4858/3022 2917/4855/3019
f 2921/4859/3023 2924/4860/3017 2915/4861/3020 2916/4862/3024
f 2909/4863/3193 2910/4864/3193 2914/4865/3193 2913/4866/3193 2912/4867/3193 2911/4868/3193
f 2916/4869/3194 2915/4870/3194 2917/4871/3194 2918/4872/3194 2919/4873/3194 2920/4874/3194
f 2920/4851/3015 2926/4850/3014 2921/4859/3023 2916/4862/3024
f 2918/4858/3022 2925/4857/3021 2922/4849/3192 2919/4852/3016
f 2926/4850/3014 2914/4875/3027 2910/4876/3028 2921/4859/3023
f 2909/4877/3029 2924/4860/3017 2921/4859/3023 2910/4876/3028
f 2912/4878/3030 2925/4857/3021 2923/4854/3018 2911/4879/3031
f 2911/4879/3031 2923/4854/3018 2924/4853/3017 2909/4880/3029
f 2925/4857/3021 2912/4878/3030 2913/4881/3032 2922/4849/3192
f 2940/4882/3195 2937/4883/3196 2938/4884/3197 2944/4885/3198
f 2942/4886/3199 2933/4887/3200 2935/4888/3201 2941/4889/3202
f 2941/4889/3202 2935/4888/3201 2936/4890/3203 2943/4891/3204
f 2939/4892/3205 2934/4893/3206 2933/4894/3200 2942/4895/3199
f 2927/4896/3045 2929/4897/3045 2930/4898/3045 2931/4899/3045 2932/4900/3045 2928/4901/3045
f 2934/4902/3046 2938/4903/3046 2937/4904/3046 2936/4905/3046 2935/4906/3046 2933/4907/3046
f 2938/4884/3197 2934/4893/3206 2939/4892/3205 2944/4885/3198
f 2936/4890/3203 2937/4883/3196 2940/4882/3195 2943/4891/3204
f 2946/4908/3047 2939/4892/3205 2942/4895/3199 2949/4909/3048
f 2948/4910/3049 2941/4889/3202 2943/4891/3204 2945/4911/3050
f 2949/4912/3048 2942/4886/3199 2941/4889/3202 2948/4910/3049
f 2947/4913/3051 2940/4882/3195 2944/4885/3198 2950/4914/3052
f 2946/4908/3047 2952/4915/3053 2956/4916/3054 2950/4914/3052
f 2956/4916/3054 2953/4917/3055 2947/4913/3051 2950/4914/3052
f 2954/4918/3056 2955/4919/3057 2949/4912/3048 2948/4910/3049
f 2951/4920/3058 2954/4918/3056 2948/4910/3049 2945/4911/3050
f 2944/4885/3198 2939/4892/3205 2946/4908/3047 2950/4914/3052
f 2943/4891/3204 2940/4882/3195 2947/4913/3051 2945/4911/3050
f 2956/4916/3054 2952/4915/3053 2928/4921/3059 2932/4922/3060
f 2927/4923/3061 2955/4919/3057 2954/4918/3056 2929/4924/3062
f 2947/4913/3051 2953/4917/3055 2951/4920/3058 2945/4911/3050
f 2931/4925/3079 2953/4917/3055 2956/4916/3054 2932/4922/3060
f 2928/4921/3059 2952/4915/3053 2955/4926/3057 2927/4927/3061
f 2951/4920/3058 2953/4917/3055 2931/4925/3079 2930/4928/3207
f 2929/4924/3062 2954/4918/3056 2951/4920/3058 2930/4928/3207
f 2988/4929/3097 2967/4930/3098 2968/4931/3099 2992/4932/3100
f 2990/4933/3101 2963/4934/3102 2965/4935/3103 2989/4936/3104
f 2989/4936/3104 2965/4935/3103 2966/4937/3105 2991/4938/3106
f 2987/4939/3107 2964/4940/3108 2963/4941/3102 2990/4942/3101
f 2957/4943/3109 2959/4944/3109 2960/4945/3109 2961/4946/3109 2962/4947/3109 2958/4948/3109
f 2964/4949/3110 2968/4950/3110 2967/4951/3110 2966/4952/3110 2965/4953/3110 2963/4954/3110
f 2982/4955/3111 2979/4956/3112 2980/4957/3208 2986/4958/3114
f 2984/4959/3115 2975/4960/3209 2977/4961/3117 2983/4962/3118
f 2983/4962/3118 2977/4961/3117 2978/4963/3119 2985/4964/3120
f 2981/4965/3121 2976/4966/3122 2975/4967/3209 2984/4968/3115
f 2994/4969/3123 2970/4970/3124 2974/4971/3125 2998/4972/3126
f 2971/4973/3127 2996/4974/3128 2993/4975/3129 2972/4976/3130
f 2969/4977/3131 2971/4978/3131 2972/4979/3131 2973/4980/3131 2974/4981/3131 2970/4982/3131
f 2976/4983/3210 2980/4984/3210 2979/4985/3210 2978/4986/3210 2977/4987/3210 2975/4988/3210
f 2980/4957/3208 2976/4966/3122 2981/4965/3121 2986/4958/3114
f 2978/4963/3119 2979/4956/3112 2982/4955/3111 2985/4964/3120
f 2996/4974/3128 2971/4973/3127 2969/4989/3133 2997/4990/3134
f 2968/4931/3099 2964/4940/3108 2987/4939/3107 2992/4932/3100
f 2966/4937/3105 2967/4930/3098 2988/4929/3097 2991/4938/3106
f 2987/4939/3107 2958/4991/3135 2962/4992/3136 2992/4932/3100
f 2957/4993/3137 2958/4991/3135 2987/4939/3107 2990/4942/3101
f 2960/4994/3138 2959/4995/3139 2989/4936/3104 2991/4938/3106
f 2959/4995/3139 2957/4996/3137 2990/4933/3101 2989/4936/3104
f 2988/4929/3097 2961/4997/3140 2960/4994/3138 2991/4938/3106
f 2995/4998/3141 2973/4999/3142 2972/4976/3130 2993/4975/3129
f 2998/4972/3126 2995/4998/3141 2982/4955/3111 2986/4958/3114
f 2997/5000/3134 2969/5001/3133 2970/4970/3124 2994/4969/3123
f 2996/4974/3128 2997/4990/3134 2984/4959/3115 2983/4962/3118
f 2993/4975/3129 2996/4974/3128 2983/4962/3118 2985/4964/3120
f 2997/5000/3134 2994/4969/3123 2981/4965/3121 2984/4968/3115
f 2986/4958/3114 2981/4965/3121 2994/4969/3123 2998/4972/3126
f 2985/4964/3120 2982/4955/3111 2995/4998/3141 2993/4975/3129
f 3012/5002/3143 3016/5003/3144 3010/5004/3145 3009/5005/3146
f 3014/5006/3147 3013/5007/3148 3007/5008/3149 3005/5009/3150
f 3013/5007/3148 3015/5010/3151 3008/5011/3152 3007/5008/3149
f 3011/5012/3153 3014/5013/3147 3005/5014/3150 3006/5015/3154
f 2999/5016/3155 3000/5017/3155 3004/5018/3155 3003/5019/3155 3002/5020/3155 3001/5021/3155
f 3006/5022/3156 3005/5023/3156 3007/5024/3156 3008/5025/3156 3009/5026/3156 3010/5027/3156
f 3010/5004/3145 3016/5003/3144 3011/5012/3153 3006/5015/3154
f 3016/5003/3144 3022/5028/3157 3018/5029/3158 3011/5012/3153
f 3018/5029/3158 3021/5030/3159 3014/5013/3147 3011/5012/3153
f 3020/5031/3160 3017/5032/3161 3015/5010/3151 3013/5007/3148
f 3021/5033/3159 3020/5031/3160 3013/5007/3148 3014/5006/3147
f 3028/5034/3162 3004/5035/3163 3000/5036/3164 3024/5037/3211
f 2999/5038/3166 3001/5039/3167 3026/5040/3168 3027/5041/3169
f 3003/5042/3184 3004/5035/3163 3028/5034/3162 3025/5043/3185
f 3028/5034/3162 3022/5028/3157 3019/5044/3189 3025/5043/3185
f 3000/5036/3164 2999/5045/3166 3027/5046/3169 3024/5037/3211
f 3023/5047/3190 3002/5048/3191 3003/5042/3184 3025/5043/3185
f 3026/5040/3168 3020/5031/3160 3021/5033/3159 3027/5041/3169
f 3023/5047/3190 3017/5032/3161 3020/5031/3160 3026/5040/3168
f 3027/5046/3169 3021/5030/3159 3018/5029/3158 3024/5037/3211
f 3022/5028/3157 3028/5034/3162 3024/5037/3211 3018/5029/3158
f 3017/5032/3161 3023/5047/3190 3025/5043/3185 3019/5044/3189
f 3001/5039/3167 3002/5048/3191 3023/5047/3190 3026/5040/3168
f 2998/4972/3126 2974/4971/3125 2973/4999/3142 2995/4998/3141
f 2992/4932/3100 2962/4992/3136 2961/4997/3140 2988/4929/3097
f 3019/5044/3189 3022/5028/3157 3016/5003/3144 3012/5002/3143
f 2955/4926/3057 2952/4915/3053 2946/4908/3047 2949/4909/3048
f 2922/4849/3192 2913/4881/3032 2914/4875/3027 2926/4850/3014
f 2265/3817/2599 2281/3815/2597 2284/3816/2598 2266/3842/2620
o construction.010_Cube.033
v 1.814529 0.018923 4.108291
v 1.350568 0.018923 4.108291
v -0.564785 14.879858 2.512430
v -0.841145 14.879858 2.512430
v 1.814529 0.018923 3.406807
v 1.350568 0.018923 3.406807
v -0.564785 14.879858 1.981540
v -0.841145 14.879858 1.981540
v 1.350570 0.018922 -3.363331
v 1.814529 0.018922 -3.363331
v -0.841144 14.879857 -1.938069
v -0.564785 14.879857 -1.938069
v 1.350570 0.018922 -4.064814
v 1.814529 0.018922 -4.064814
v -0.841144 14.879857 -2.468958
v -0.564785 14.879857 -2.468958
v -10.576290 0.018923 3.406806
v -10.112330 0.018923 3.406806
v -7.945422 14.879858 1.981540
v -7.669063 14.879858 1.981540
v -10.576290 0.018923 4.108290
v -10.112330 0.018923 4.108290
v -7.945422 14.879858 2.512430
v -7.669063 14.879858 2.512430
v -10.112330 0.018922 -4.064815
v -10.576290 0.018922 -4.064815
v -7.669063 14.879857 -2.468959
v -7.945422 14.879857 -2.468959
v -10.112330 0.018922 -3.363332
v -10.576290 0.018922 -3.363332
v -7.669063 14.879857 -1.938069
v -7.945422 14.879857 -1.938069
v -10.148825 0.961409 4.001525
v -10.099714 1.250708 3.969374
v 1.403011 0.961408 4.001526
v 1.358799 1.250708 3.969375
v -10.148825 0.961409 3.570764
v -10.099714 1.250708 3.542093
v 1.403011 0.961408 3.570765
v 1.358799 1.250707 3.542094
v -10.099714 1.250706 -3.498618
v -10.148825 0.961408 -3.527288
v 1.358799 1.250705 -3.498617
v 1.403011 0.961407 -3.527288
v -10.099715 1.250705 -3.925899
v -10.148825 0.961408 -3.958049
v 1.358799 1.250705 -3.925898
v 1.403011 0.961407 -3.958049
v -8.946977 8.687596 2.805053
v -8.997276 8.398298 2.833724
v 0.332008 8.687594 2.805053
v 0.377291 8.398297 2.833725
v -8.946977 8.687596 3.142877
v -8.997276 8.398298 3.175028
v 0.332008 8.687594 3.142877
v 0.377291 8.398298 3.175028
v -8.984991 8.312883 -3.002177
v -8.932568 8.602181 -2.970027
v 0.384606 8.312881 -3.002177
v 0.337409 8.602180 -2.970026
v -8.984991 8.312883 -2.674877
v -8.932568 8.602181 -2.646206
v 0.384606 8.312881 -2.674877
v 0.337409 8.602180 -2.646206
v -9.310591 5.899313 3.452752
v -9.261482 6.188611 3.420601
v 0.648364 5.899312 3.452753
v 0.604151 6.188611 3.420602
v -9.310591 5.899313 3.081389
v -9.261482 6.188611 3.052718
v 0.648364 5.899312 3.081389
v 0.604151 6.188610 3.052718
v -9.261482 6.188609 -3.009243
v -9.310591 5.899312 -3.037915
v 0.604151 6.188608 -3.009243
v 0.648364 5.899311 -3.037914
v -9.261482 6.188609 -3.377127
v -9.310591 5.899312 -3.409278
v 0.604151 6.188608 -3.377127
v 0.648364 5.899311 -3.409278
v -8.251357 12.245346 2.398015
v -8.303787 11.956048 2.427716
v -0.279920 12.245344 2.398016
v -0.232718 11.956048 2.427716
v -8.251357 12.245346 2.686435
v -8.303787 11.956048 2.719740
v -0.279920 12.245344 2.686435
v -0.232718 11.956048 2.719740
v -8.303788 11.956047 -2.676269
v -8.251358 12.245346 -2.642964
v -0.232718 11.956047 -2.676268
v -0.279920 12.245344 -2.642963
v -8.303788 11.956047 -2.384244
v -8.251358 12.245346 -2.354544
v -0.232718 11.956047 -2.384244
v -0.279920 12.245344 -2.354544
v 1.569287 1.002476 3.891840
v 1.536627 1.209642 3.869426
v 1.569287 1.002474 -3.848362
v 1.536627 1.209641 -3.825948
v 1.261174 1.002476 3.891840
v 1.230299 1.209642 3.869426
v 1.261174 1.002474 -3.848362
v 1.230299 1.209640 -3.825948
v 0.121922 8.646529 3.064784
v 0.152798 8.439364 3.087199
v 0.121922 8.646527 -3.021309
v 0.152798 8.439363 -3.043723
v 0.364191 8.646529 3.064784
v 0.396851 8.439364 3.087199
v 0.364191 8.646527 -3.021309
v 0.396851 8.439363 -3.043723
v -9.025382 8.439364 3.087199
v -8.989147 8.646529 3.064785
v -9.025385 8.439363 -3.043724
v -8.989149 8.646527 -3.021309
v -8.781328 8.439364 3.087199
v -8.746879 8.646529 3.064784
v -8.781331 8.439363 -3.043724
v -8.746881 8.646527 -3.021309
v 0.790819 5.940379 3.357579
v 0.758159 6.147545 3.335165
v 0.790819 5.940377 -3.314103
v 0.758159 6.147543 -3.291688
v 0.525240 5.940379 3.357579
v 0.494365 6.147545 3.335165
v 0.525240 5.940377 -3.314103
v 0.494365 6.147543 -3.291688
v -9.162443 6.147544 3.335165
v -9.196894 5.940379 3.357579
v -9.162443 6.147542 -3.291689
v -9.196894 5.940377 -3.314103
v -9.426237 6.147544 3.335165
v -9.462472 5.940379 3.357579
v -9.426237 6.147542 -3.291689
v -9.462472 5.940377 -3.314103
v -0.614012 13.584434 2.530523
v -0.583136 13.377268 2.552938
v -0.614011 13.584431 -2.487050
v -0.583136 13.377267 -2.509464
v -0.414278 13.584434 2.530523
v -0.381618 13.377268 2.552938
v -0.414277 13.584431 -2.487050
v -0.381618 13.377267 -2.509464
v -8.161707 13.377267 2.552938
v -8.125473 13.584433 2.530524
v -8.161709 13.377266 -2.509464
v -8.125475 13.584431 -2.487050
v -7.960189 13.377267 2.552938
v -7.925738 13.584433 2.530523
v -7.960191 13.377266 -2.509464
v -7.925741 13.584431 -2.487050
v 0.303626 8.539329 2.560590
v 0.301987 8.991723 2.758794
v -0.490561 14.144815 -2.176652
v 0.140219 8.527142 2.567396
v 0.133946 8.985531 2.765654
v -0.645175 14.140230 -2.154715
v -0.510257 13.877005 -2.547521
v -0.640762 13.856970 -2.544400
v 0.145399 8.508137 -2.605993
v 0.057916 8.960531 -2.793944
v -0.717036 14.113626 2.144295
v 0.302880 8.495951 -2.561856
v 0.219819 8.954339 -2.748423
v -0.563230 14.109040 2.171321
v -0.662741 13.845815 2.503029
v -0.537687 13.825780 2.540479
v 1.239574 1.769778 3.334817
v 1.237935 2.222173 3.533021
v 0.445387 7.375265 -2.922404
v 1.076167 1.757591 3.341623
v 1.069894 2.215981 3.539881
v 0.290773 7.370680 -2.900466
v 0.425690 7.107454 -3.293272
v 0.295186 7.087420 -3.290151
v 1.081347 1.738587 -3.351744
v 0.993864 2.190981 -3.539694
v 0.218911 7.344076 2.918522
v 1.238829 1.726400 -3.307606
v 1.155767 2.184789 -3.494174
v 0.372718 7.339490 2.945548
v 0.273206 7.076264 3.277256
v 0.398261 7.056230 3.314706
v -8.897476 8.539328 -2.561596
v -8.895838 8.991722 -2.759800
v -8.103291 14.144816 2.175645
v -8.734070 8.527142 -2.568402
v -8.727797 8.985530 -2.766659
v -7.948676 14.140230 2.153708
v -8.083593 13.877005 2.546514
v -7.953088 13.856971 2.543393
v -8.645432 8.508138 2.604987
v -8.557949 8.960533 2.792938
v -7.876814 14.113625 -2.145302
v -8.802914 8.495952 2.560850
v -8.719852 8.954340 2.747417
v -8.030621 14.109039 -2.172328
v -7.931109 13.845814 -2.504036
v -8.056164 13.825779 -2.541487
v -9.833425 1.769777 -3.335821
v -9.831785 2.222172 -3.534024
v -9.039237 7.375266 2.921398
v -9.670017 1.757590 -3.342626
v -9.663744 2.215981 -3.540884
v -8.884623 7.370681 2.899461
v -9.019541 7.107455 3.292267
v -8.889034 7.087420 3.289146
v -9.770077 1.738588 3.350741
v -9.682594 2.190982 3.538691
v -8.812761 7.344075 -2.919527
v -9.927559 1.726401 3.306603
v -9.844498 2.184790 3.493170
v -8.966569 7.339489 -2.946553
v -8.867057 7.076263 -3.278261
v -8.992111 7.056229 -3.315711
v -3.992645 21.211351 -0.353248
v -3.993825 20.835447 -0.383922
v -4.006006 17.907347 4.837611
v -3.991724 17.532873 4.460744
v -4.110300 21.221027 -0.363017
v -4.114815 20.840239 -0.391855
v -4.099790 17.923576 4.828638
v -4.103046 17.535799 4.440162
v -3.992645 21.211351 0.353244
v -3.993825 20.835447 0.383918
v -4.006006 17.851292 -4.962500
v -3.991724 17.532871 -4.460747
v -4.110300 21.221027 0.363013
v -4.114815 20.840239 0.391851
v -4.099790 17.867519 -4.953526
v -4.103046 17.535795 -4.440165
v 0.619483 19.029528 3.190627
v 0.618581 19.026783 2.982492
v 0.609159 14.955467 3.188555
v 0.620663 14.955467 2.983968
v 0.497879 19.031902 3.192346
v 0.494368 19.028379 2.982388
v 0.506099 14.955467 3.193865
v 0.502940 14.955467 2.978426
v 0.448318 14.955467 3.086146
v 0.431204 19.030142 3.087367
v 0.681730 19.028154 3.086559
v 0.673332 14.955467 3.086261
v 0.478110 14.955466 0.876646
v 0.482682 14.955466 1.188393
v 0.465707 20.543777 0.882379
v 0.470787 20.549498 1.186196
v 0.648460 14.955466 0.884665
v 0.631814 14.955466 1.180709
v 0.645446 20.541185 0.882530
v 0.646753 20.545643 1.183708
v 0.399072 14.955466 1.032520
v 0.374307 20.546637 1.034287
v 0.736827 20.543415 1.033119
v 0.724675 14.955466 1.032687
v 1.156175 19.270649 2.015438
v 1.176647 19.537148 2.020041
v 1.146901 19.270781 2.132610
v 1.162856 19.534966 2.133794
v 0.794028 21.730335 -1.290519
v 0.792849 21.354431 -1.321193
v 0.645809 17.348690 4.840666
v 0.676374 21.740013 -1.300288
v 0.671857 21.359224 -1.329126
v 0.534486 17.351616 4.820084
v 0.631628 17.580599 5.080038
v 0.537663 17.596806 5.071014
v -8.671015 19.029528 3.190627
v -8.670113 19.026783 2.982492
v -8.660691 14.955467 3.188555
v -8.672195 14.955467 2.983968
v -8.549410 19.031902 3.192346
v -8.545900 19.028379 2.982388
v -8.557631 14.955467 3.193865
v -8.554471 14.955467 2.978426
v -8.499849 14.955467 3.086146
v -8.482737 19.030142 3.087367
v -8.733263 19.028154 3.086559
v -8.724864 14.955467 3.086261
v -8.529642 14.955466 0.876646
v -8.534214 14.955466 1.188393
v -8.517239 20.543777 0.882379
v -8.522319 20.549498 1.186196
v -8.699991 14.955466 0.884665
v -8.683346 14.955466 1.180709
v -8.696978 20.541185 0.882530
v -8.698284 20.545643 1.183708
v -8.450603 14.955466 1.032520
v -8.425838 20.546637 1.034287
v -8.788359 20.543415 1.033119
v -8.776206 14.955466 1.032687
v -4.067863 19.265619 2.026676
v -4.067863 19.539076 2.030819
v -9.291902 19.270649 2.015438
v -9.312374 19.537148 2.020041
v -4.067863 19.272654 2.135342
v -4.067863 19.532335 2.120261
v -9.282627 19.270781 2.132610
v -9.298583 19.534966 2.133794
v -8.929760 21.730337 -1.290519
v -8.928579 21.354431 -1.321193
v -8.781534 17.348690 4.840666
v -8.812104 21.740013 -1.300288
v -8.807589 21.359224 -1.329126
v -8.670212 17.351616 4.820084
v -8.767353 17.580599 5.080038
v -8.673389 17.596806 5.071014
v 0.619483 19.029526 -3.190631
v 0.618581 19.026781 -2.982496
v 0.609159 14.955465 -3.188557
v 0.620663 14.955465 -2.983970
v 0.497879 19.031900 -3.192350
v 0.494368 19.028378 -2.982391
v 0.506099 14.955465 -3.193867
v 0.502940 14.955465 -2.978428
v 0.448318 14.955465 -3.086148
v 0.431204 19.030140 -3.087371
v 0.681730 19.028152 -3.086563
v 0.673332 14.955465 -3.086263
v 0.478110 14.955466 -0.876649
v 0.482682 14.955466 -1.188396
v 0.465707 20.543777 -0.882383
v 0.470787 20.549498 -1.186200
v 0.648460 14.955466 -0.884668
v 0.631814 14.955466 -1.180711
v 0.645446 20.541185 -0.882534
v 0.646753 20.545643 -1.183712
v 0.399072 14.955466 -1.032522
v 0.374307 20.546637 -1.034292
v 0.736827 20.543415 -1.033123
v 0.724675 14.955466 -1.032689
v 1.156175 19.270649 -2.015442
v 1.176647 19.537148 -2.020045
v 1.146901 19.270781 -2.132614
v 1.162856 19.534966 -2.133798
v 0.794028 21.730335 1.290514
v 0.792849 21.354431 1.321189
v 0.645809 17.348688 -4.840670
v 0.676374 21.740013 1.300284
v 0.671857 21.359224 1.329122
v 0.534486 17.351612 -4.820087
v 0.631628 17.580597 -5.080040
v 0.537663 17.596804 -5.071017
v -8.671015 19.029526 -3.190631
v -8.670113 19.026781 -2.982496
v -8.660691 14.955465 -3.188557
v -8.672195 14.955465 -2.983970
v -8.549410 19.031900 -3.192350
v -8.545900 19.028378 -2.982391
v -8.557631 14.955465 -3.193867
v -8.554471 14.955465 -2.978428
v -8.499849 14.955465 -3.086148
v -8.482737 19.030140 -3.087371
v -8.733263 19.028152 -3.086563
v -8.724864 14.955465 -3.086263
v -8.529642 14.955466 -0.876649
v -8.534214 14.955466 -1.188396
v -8.517239 20.543777 -0.882383
v -8.522319 20.549498 -1.186200
v -8.699991 14.955466 -0.884668
v -8.683346 14.955466 -1.180711
v -8.696978 20.541185 -0.882534
v -8.698284 20.545643 -1.183712
v -8.450603 14.955466 -1.032522
v -8.425838 20.546637 -1.034292
v -8.788359 20.543415 -1.033123
v -8.776206 14.955466 -1.032689
v -4.067863 19.265619 -2.026680
v -4.067863 19.539076 -2.030823
v -9.291902 19.270649 -2.015442
v -9.312374 19.537148 -2.020045
v -4.067863 19.272654 -2.135346
v -4.067863 19.532335 -2.120265
v -9.282627 19.270781 -2.132614
v -9.298583 19.534966 -2.133798
v -8.929760 21.730337 1.290514
v -8.928579 21.354431 1.321188
v -8.781534 17.348688 -4.840670
v -8.812104 21.740013 1.300283
v -8.807589 21.359224 1.329121
v -8.670212 17.351614 -4.820087
v -8.767353 17.580597 -5.080040
v -8.673389 17.596804 -5.071017
v 1.014616 18.102867 4.119332
v 1.026336 17.891508 4.546268
v 1.034062 18.044506 4.073863
v 1.024009 17.818945 4.408392
v 0.887190 18.262842 3.893621
v 0.869611 18.124075 4.182482
v 0.884683 18.183231 3.839034
v 0.871364 18.039061 4.060771
v 0.992627 18.394842 3.524951
v 0.871326 18.184834 3.837793
v 0.970937 18.454262 3.587721
v 0.872982 18.281496 3.950836
v -4.063024 18.391623 3.527392
v -4.056798 18.178743 3.833085
v -4.068199 18.464916 3.584658
v -4.076575 18.275640 3.936195
v -4.069342 18.128042 4.170944
v -4.072764 18.046974 4.060966
v -4.066253 18.182348 3.840461
v -4.070771 18.263762 3.900791
v -4.068314 18.102716 4.122812
v -4.064917 17.893450 4.538691
v -4.068172 18.038179 4.073249
v 1.037661 18.846146 2.998576
v 1.028592 18.727364 3.277082
v 1.033776 18.766943 2.943950
v 1.030029 18.631113 3.150907
v 1.018043 18.627054 3.180889
v 1.013133 18.394087 3.522152
v 1.044496 18.699686 3.222788
v 1.012021 18.481108 3.645461
v 1.007695 19.238865 2.232088
v 0.951550 18.993839 2.608369
v 1.022637 19.310102 2.264656
v 0.988063 19.065693 2.726943
v 1.010946 19.534449 1.911133
v 1.030122 19.325487 2.334486
v 1.037806 19.473604 1.865102
v 1.027258 19.244177 2.214373
v 1.035809 18.993656 2.613641
v 1.032075 18.771765 2.941153
v 1.020188 19.062006 2.645562
v 1.038762 18.866756 3.059067
v 1.035840 19.710472 1.695630
v 1.032916 19.578770 1.972151
v 1.038949 19.624699 1.641154
v 1.030684 19.480503 1.851714
v 0.993493 19.828913 1.334884
v 1.030108 19.628315 1.636472
v 0.983645 19.897682 1.378854
v 1.042564 19.721495 1.742924
v -4.066844 19.832479 1.332505
v -4.071074 19.621298 1.638072
v -4.068679 19.899612 1.377574
v -4.068662 19.714680 1.742351
v -4.055702 19.568094 1.973533
v -4.068906 19.487225 1.842605
v -4.061598 19.623425 1.625495
v -4.068019 19.691612 1.675426
v -4.069499 19.589823 1.911269
v -4.064591 19.369001 2.339423
v -4.077400 19.512756 1.870002
v -4.066965 19.281805 2.216776
v -4.068334 18.964609 2.603301
v -4.068050 18.740273 2.944288
v -4.070082 19.039139 2.651761
v -4.059395 18.829401 3.046703
v -4.068687 18.708908 3.287974
v -4.069131 18.633621 3.158650
v -4.069388 18.767204 2.948473
v -4.067482 18.852894 2.993244
v -4.073470 18.392601 3.528725
v -4.066852 18.474773 3.650270
v -4.059033 18.635635 3.178829
v -4.062613 18.708406 3.213141
v -4.077875 19.246223 2.183262
v -4.068398 18.988668 2.561198
v -4.070663 19.066561 2.686695
v 1.037462 20.279858 0.798364
v 1.026736 20.162506 1.081351
v 1.027514 20.197973 0.745259
v 1.030682 20.066433 0.956289
v 1.019960 20.056437 0.984369
v 1.012439 19.831078 1.322087
v 1.042046 20.141144 1.024066
v 1.017622 19.909187 1.442931
v 1.029207 20.671789 0.029438
v 1.048674 20.425663 0.412102
v 1.027658 20.751926 0.052791
v 1.030984 20.500919 0.511719
v 1.078355 20.439135 0.405864
v 1.024135 20.210697 0.737157
v 1.058955 20.501673 0.452034
v 1.042285 20.308521 0.849737
v -4.069073 20.430187 0.400115
v -4.068711 20.202421 0.741259
v -4.071303 20.507048 0.451855
v -4.067417 20.300978 0.849378
v -4.070874 20.196663 1.067927
v -4.066598 20.109615 0.958046
v -4.064618 20.250149 0.739485
v -4.068755 20.324583 0.789106
v -4.070211 19.848402 1.321015
v -4.066867 19.915211 1.440484
v -4.066708 20.069244 0.964715
v -4.062841 20.138018 1.017523
v -4.066041 20.672998 0.014490
v -4.072160 20.416471 0.408443
v -4.063432 20.752325 0.064500
v -4.066219 20.513496 0.518281
v -2.375499 19.122372 2.140587
v -2.368663 18.944872 2.641161
v -2.363298 18.868994 2.517972
v -2.371078 19.189724 2.176749
v -0.668410 20.144938 0.956874
v -0.664610 20.282976 0.795278
v -0.672467 20.238003 1.076877
v -0.669864 20.203575 0.743334
v 0.033065 17.956802 4.544790
v 0.035608 18.040258 4.073743
v 0.025671 18.099844 4.120009
v 0.030546 17.880836 4.410145
v -9.072438 18.102867 4.119332
v -9.135465 17.891508 4.546268
v -9.089847 18.044506 4.073863
v -9.119595 17.818945 4.408392
v -9.182172 18.262842 3.893621
v -9.164593 18.124075 4.182482
v -9.179665 18.183231 3.839034
v -9.166346 18.039061 4.060771
v -9.176844 18.394842 3.524951
v -9.166307 18.184834 3.837793
v -9.155153 18.454262 3.587721
v -9.167964 18.281496 3.950836
v -4.072703 18.429811 3.527392
v -4.078929 18.216930 3.833085
v -4.067528 18.503105 3.584658
v -4.059152 18.313828 3.936195
v -4.066385 18.128042 4.170944
v -4.062963 18.046974 4.060966
v -4.069474 18.182348 3.840461
v -4.064956 18.263762 3.900791
v -4.067413 18.102716 4.122812
v -4.070810 17.893450 4.538691
v -4.067556 18.038179 4.073249
v -4.067863 17.803431 4.417376
v -9.105288 18.846146 2.998576
v -9.064859 18.727364 3.277082
v -9.107135 18.766943 2.943950
v -9.076263 18.631113 3.150907
v -9.153770 18.627054 3.180889
v -9.148859 18.394087 3.522152
v -9.180223 18.699686 3.222788
v -9.147748 18.481108 3.645461
v -9.144611 19.238865 2.232088
v -9.116762 18.993839 2.608369
v -9.137848 19.310102 2.264656
v -9.099577 19.065693 2.726943
v -9.146673 19.534449 1.911133
v -9.165849 19.325487 2.334486
v -9.173532 19.473604 1.865102
v -9.162985 19.244177 2.214373
v -9.171535 18.993656 2.613641
v -9.167803 18.771765 2.941153
v -9.155915 19.062006 2.645562
v -9.174490 18.866756 3.059067
v -9.171566 19.710472 1.695630
v -9.168644 19.578770 1.972151
v -9.174676 19.624699 1.641154
v -9.166410 19.480503 1.851714
v -9.292622 19.828913 1.334884
v -9.232513 19.628315 1.636472
v -9.279436 19.897682 1.378854
v -9.232287 19.721495 1.742924
v -4.068883 19.832479 1.332505
v -4.064652 19.621298 1.638072
v -4.067048 19.899612 1.377574
v -4.067065 19.714680 1.742351
v -4.080025 19.568094 1.973533
v -4.066820 19.487225 1.842605
v -4.074129 19.623425 1.625495
v -4.067708 19.691612 1.675426
v -4.066228 19.551634 1.911269
v -4.071136 19.330812 2.339423
v -4.058327 19.474569 1.870002
v -4.068762 19.243616 2.216776
v -4.067393 18.964609 2.603301
v -4.067677 18.740273 2.944288
v -4.065644 19.039139 2.651761
v -4.076332 18.829401 3.046703
v -4.067039 18.708908 3.287974
v -4.066596 18.633621 3.158650
v -4.066339 18.767204 2.948473
v -4.068244 18.852894 2.993244
v -4.062257 18.392601 3.528725
v -4.068875 18.474773 3.650270
v -4.076694 18.635635 3.178829
v -4.073113 18.708406 3.213141
v -4.057852 19.246223 2.226969
v -4.067328 18.988668 2.604905
v -4.067863 19.311634 2.221222
v -4.065064 19.066561 2.730402
v -9.173190 20.279858 0.798364
v -9.162464 20.162506 1.081351
v -9.163241 20.197973 0.745259
v -9.166409 20.066433 0.956289
v -9.155687 20.056437 0.984369
v -9.148167 19.831078 1.322087
v -9.177773 20.141144 1.024066
v -9.153349 19.909187 1.442931
v -9.164933 20.671789 0.029438
v -9.184402 20.425663 0.412102
v -9.163383 20.751926 0.052791
v -9.166711 20.500919 0.511719
v -9.291567 20.439135 0.405864
v -9.210604 20.210697 0.737157
v -9.265293 20.501673 0.452034
v -9.217764 20.308521 0.849737
v -4.066654 20.468376 0.400115
v -4.067017 20.240610 0.741259
v -4.064424 20.545237 0.451855
v -4.068310 20.339165 0.849378
v -4.064853 20.158474 1.067927
v -4.069129 20.071426 0.958046
v -4.071110 20.211960 0.739485
v -4.066972 20.286394 0.789106
v -4.065516 19.848402 1.321015
v -4.068860 19.915211 1.440484
v -4.069020 20.069244 0.964715
v -4.072886 20.138018 1.017523
v -4.069686 20.672998 -0.029217
v -4.063567 20.416471 0.364736
v -4.072295 20.752325 0.020793
v -4.069508 20.513496 0.474574
v -7.455202 19.221422 2.139850
v -7.476724 19.124197 2.658006
v -7.488556 19.033678 2.549426
v -7.450222 19.294888 2.163435
v -7.467316 20.144938 0.956874
v -7.471117 20.282976 0.795278
v -7.463260 20.238003 1.076877
v -7.465863 20.203575 0.743334
v -8.168793 17.956802 4.544790
v -8.171335 18.040258 4.073743
v -8.161400 18.099844 4.120009
v -8.166273 17.880836 4.410145
v 1.014616 18.102865 -4.119336
v 1.026336 17.891506 -4.546271
v 1.034062 18.044504 -4.073866
v 1.024009 17.818943 -4.408395
v 0.887190 18.262840 -3.893625
v 0.869611 18.124073 -4.182486
v 0.884683 18.183229 -3.839037
v 0.871364 18.039059 -4.060776
v 0.992627 18.394840 -3.524955
v 0.871326 18.184832 -3.837796
v 0.970937 18.454260 -3.587724
v 0.872982 18.281494 -3.950840
v -4.063024 18.391621 -3.527395
v -4.056798 18.178741 -3.833088
v -4.068199 18.464914 -3.584661
v -4.076575 18.275639 -3.936198
v -4.069342 18.128040 -4.170948
v -4.072764 18.046972 -4.060970
v -4.066253 18.182346 -3.840465
v -4.070771 18.263760 -3.900794
v -4.068314 18.102715 -4.122816
v -4.064917 17.893448 -4.538694
v -4.068172 18.038177 -4.073253
v 1.037661 18.846144 -2.998580
v 1.028592 18.727362 -3.277086
v 1.033776 18.766943 -2.943954
v 1.030029 18.631111 -3.150910
v 1.018043 18.627052 -3.180893
v 1.013133 18.394085 -3.522156
v 1.044496 18.699684 -3.222791
v 1.012021 18.481106 -3.645464
v 1.007695 19.238865 -2.232092
v 0.951550 18.993839 -2.608373
v 1.022637 19.310102 -2.264659
v 0.988063 19.065693 -2.726947
v 1.010946 19.534449 -1.911137
v 1.030122 19.325487 -2.334490
v 1.037806 19.473604 -1.865106
v 1.027258 19.244177 -2.214377
v 1.035809 18.993656 -2.613645
v 1.032075 18.771765 -2.941157
v 1.020188 19.062006 -2.645566
v 1.038762 18.866755 -3.059071
v 1.035840 19.710472 -1.695634
v 1.032916 19.578770 -1.972155
v 1.038949 19.624699 -1.641158
v 1.030684 19.480503 -1.851718
v 0.993493 19.828913 -1.334888
v 1.030108 19.628315 -1.636476
v 0.983645 19.897682 -1.378858
v 1.042564 19.721495 -1.742928
v -4.066844 19.832479 -1.332509
v -4.071074 19.621298 -1.638075
v -4.068679 19.899612 -1.377578
v -4.068662 19.714680 -1.742355
v -4.055702 19.568094 -1.973536
v -4.068906 19.487225 -1.842608
v -4.061598 19.623425 -1.625499
v -4.068019 19.691612 -1.675430
v -4.069499 19.589823 -1.911273
v -4.064591 19.369001 -2.339427
v -4.077400 19.512756 -1.870006
v -4.066965 19.281805 -2.216780
v -4.068334 18.964609 -2.603304
v -4.068050 18.740271 -2.944291
v -4.070082 19.039139 -2.651765
v -4.059395 18.829399 -3.046707
v -4.068687 18.708906 -3.287978
v -4.069131 18.633619 -3.158654
v -4.069388 18.767204 -2.948477
v -4.067482 18.852892 -2.993248
v -4.073470 18.392599 -3.528729
v -4.066852 18.474771 -3.650273
v -4.059033 18.635633 -3.178833
v -4.062613 18.708405 -3.213145
v -4.077875 19.246223 -2.183266
v -4.068398 18.988668 -2.561202
v -4.070663 19.066561 -2.686699
v 1.037462 20.279858 -0.798368
v 1.026736 20.162506 -1.081355
v 1.027514 20.197973 -0.745263
v 1.030682 20.066433 -0.956292
v 1.019960 20.056437 -0.984373
v 1.012439 19.831078 -1.322091
v 1.042046 20.141144 -1.024070
v 1.017622 19.909187 -1.442935
v 1.029207 20.671789 -0.029443
v 1.048674 20.425663 -0.412106
v 1.027658 20.751926 -0.052795
v 1.030984 20.500919 -0.511723
v 1.078355 20.439135 -0.405868
v 1.024135 20.210697 -0.737161
v 1.058955 20.501673 -0.452038
v 1.042285 20.308521 -0.849741
v -4.069073 20.430187 -0.400119
v -4.068711 20.202421 -0.741263
v -4.071303 20.507048 -0.451860
v -4.067417 20.300978 -0.849382
v -4.070874 20.196663 -1.067931
v -4.066598 20.109615 -0.958050
v -4.064618 20.250149 -0.739489
v -4.068755 20.324583 -0.789110
v -4.070211 19.848402 -1.321019
v -4.066867 19.915211 -1.440488
v -4.066708 20.069244 -0.964719
v -4.062841 20.138018 -1.017527
v -4.066041 20.672998 -0.014494
v -4.072160 20.416471 -0.408447
v -4.063432 20.752325 -0.064504
v -4.066219 20.513496 -0.518285
v -2.375499 19.122372 -2.140591
v -2.368663 18.944872 -2.641165
v -2.363298 18.868994 -2.517975
v -2.371078 19.189724 -2.176753
v -0.668410 20.144938 -0.956878
v -0.664610 20.282976 -0.795282
v -0.672467 20.238003 -1.076881
v -0.669864 20.203575 -0.743338
v 0.033065 17.956800 -4.544793
v 0.035608 18.040257 -4.073747
v 0.025671 18.099842 -4.120013
v 0.030546 17.880835 -4.410148
v -9.072438 18.102865 -4.119336
v -9.135465 17.891506 -4.546271
v -9.089847 18.044504 -4.073866
v -9.119595 17.818943 -4.408395
v -9.182172 18.262840 -3.893625
v -9.164593 18.124073 -4.182486
v -9.179665 18.183229 -3.839037
v -9.166346 18.039059 -4.060776
v -9.176844 18.394840 -3.524955
v -9.166307 18.184832 -3.837796
v -9.155153 18.454260 -3.587724
v -9.167964 18.281494 -3.950840
v -4.072703 18.429810 -3.527395
v -4.078929 18.216928 -3.833088
v -4.067528 18.503103 -3.584661
v -4.059152 18.313826 -3.936198
v -4.066385 18.128040 -4.170948
v -4.062963 18.046972 -4.060970
v -4.069474 18.182346 -3.840465
v -4.064956 18.263760 -3.900794
v -4.067413 18.102715 -4.122816
v -4.070810 17.893448 -4.538694
v -4.067556 18.038177 -4.073253
v -4.067863 17.803429 -4.417379
v -9.105288 18.846144 -2.998580
v -9.064859 18.727362 -3.277086
v -9.107135 18.766943 -2.943954
v -9.076263 18.631111 -3.150910
v -9.153770 18.627052 -3.180893
v -9.148859 18.394085 -3.522156
v -9.180223 18.699684 -3.222791
v -9.147748 18.481106 -3.645464
v -9.144611 19.238865 -2.232092
v -9.116762 18.993839 -2.608373
v -9.137848 19.310102 -2.264659
v -9.099577 19.065693 -2.726947
v -9.146673 19.534449 -1.911137
v -9.165849 19.325487 -2.334490
v -9.173532 19.473604 -1.865106
v -9.162985 19.244177 -2.214377
v -9.171535 18.993656 -2.613645
v -9.167803 18.771765 -2.941157
v -9.155915 19.062006 -2.645566
v -9.174490 18.866755 -3.059071
v -9.171566 19.710472 -1.695634
v -9.168644 19.578770 -1.972155
v -9.174676 19.624699 -1.641158
v -9.166410 19.480503 -1.851718
v -9.292622 19.828913 -1.334888
v -9.232513 19.628315 -1.636476
v -9.279436 19.897682 -1.378858
v -9.232287 19.721495 -1.742928
v -4.068883 19.832479 -1.332509
v -4.064652 19.621298 -1.638075
v -4.067048 19.899612 -1.377578
v -4.067065 19.714680 -1.742355
v -4.080025 19.568094 -1.973536
v -4.066820 19.487225 -1.842608
v -4.074129 19.623425 -1.625499
v -4.067708 19.691612 -1.675430
v -4.066228 19.551634 -1.911273
v -4.071136 19.330812 -2.339427
v -4.058327 19.474569 -1.870006
v -4.068762 19.243616 -2.216780
v -4.067393 18.964609 -2.603304
v -4.067677 18.740271 -2.944291
v -4.065644 19.039139 -2.651765
v -4.076332 18.829399 -3.046707
v -4.067039 18.708906 -3.287978
v -4.066596 18.633619 -3.158654
v -4.066339 18.767204 -2.948477
v -4.068244 18.852892 -2.993248
v -4.062257 18.392599 -3.528729
v -4.068875 18.474771 -3.650273
v -4.076694 18.635633 -3.178833
v -4.073113 18.708405 -3.213145
v -4.057852 19.246223 -2.226973
v -4.067328 18.988668 -2.604909
v -4.067863 19.311634 -2.221226
v -4.065064 19.066561 -2.730406
v -9.173190 20.279858 -0.798368
v -9.162464 20.162506 -1.081355
v -9.163241 20.197973 -0.745263
v -9.166409 20.066433 -0.956292
v -9.155687 20.056437 -0.984373
v -9.148167 19.831078 -1.322091
v -9.177773 20.141144 -1.024070
v -9.153349 19.909187 -1.442935
v -9.164933 20.671789 -0.029443
v -9.184402 20.425663 -0.412106
v -9.163383 20.751926 -0.052795
v -9.166711 20.500919 -0.511723
v -9.291567 20.439135 -0.405868
v -9.210604 20.210697 -0.737161
v -9.265293 20.501673 -0.452038
v -9.217764 20.308521 -0.849741
v -4.066654 20.468376 -0.400119
v -4.067017 20.240610 -0.741263
v -4.064424 20.545237 -0.451860
v -4.068310 20.339165 -0.849382
v -4.064853 20.158474 -1.067931
v -4.069129 20.071426 -0.958050
v -4.071110 20.211960 -0.739489
v -4.066972 20.286394 -0.789110
v -4.065516 19.848402 -1.321019
v -4.068860 19.915211 -1.440488
v -4.069020 20.069244 -0.964719
v -4.072886 20.138018 -1.017527
v -4.069686 20.672998 0.029213
v -4.063567 20.416471 -0.364740
v -4.072295 20.752325 -0.020797
v -4.069508 20.513496 -0.474578
v -7.455202 19.221422 -2.139853
v -7.476724 19.124197 -2.658010
v -7.488556 19.033678 -2.549429
v -7.450222 19.294888 -2.163438
v -7.467316 20.144938 -0.956878
v -7.471117 20.282976 -0.795282
v -7.463260 20.238003 -1.076881
v -7.465863 20.203575 -0.743338
v -8.168793 17.956800 -4.544793
v -8.171335 18.040257 -4.073747
v -8.161400 18.099842 -4.120013
v -8.166273 17.880835 -4.410148
v -9.012568 14.849097 -0.127263
v -8.992971 14.849746 0.426716
v -9.010231 15.018091 -0.124328
v -9.004787 15.026493 0.415287
v -8.999319 15.018063 -1.943700
v -9.028154 15.016209 -0.978879
v -8.989567 14.874730 -1.963415
v -9.010006 14.874558 -0.960753
v -8.979109 14.866390 -2.864818
v -9.006081 14.862167 -1.961301
v -9.017807 15.016478 -2.868652
v -8.992104 15.022049 -1.983789
v -9.024652 15.014338 -0.992001
v -9.004143 15.022610 -0.136046
v -9.003557 14.863831 -0.986952
v -9.008072 14.851416 -0.146497
v -9.028378 14.849096 -3.437169
v -9.019676 14.849745 -2.883189
v -9.026041 15.018090 -3.434233
v -9.031492 15.026491 -2.894619
v -8.999319 15.018064 2.626268
v -9.028154 15.016209 3.591090
v -8.989567 14.874731 2.606553
v -9.010006 14.874559 3.609216
v -8.979109 14.866392 1.705150
v -9.006081 14.862169 2.608666
v -9.017807 15.016479 1.701316
v -8.992104 15.022051 2.586180
v -9.028378 14.849098 1.132799
v -9.019676 14.849747 1.686779
v -9.026041 15.018091 1.135734
v -9.031492 15.026493 1.675348
v -9.024652 15.014338 0.474571
v -9.004143 15.022610 1.124015
v -9.003557 14.863832 0.479619
v -9.008072 14.851416 1.113565
v 0.588218 14.849097 -0.127262
v 0.568620 14.849746 0.426717
v 0.585881 15.018091 -0.124327
v 0.580436 15.026493 0.415288
v 0.706397 15.018063 -1.943699
v 0.735231 15.016209 -0.978878
v 0.696644 14.874730 -1.963414
v 0.717084 14.874558 -0.960752
v 1.254070 14.866390 -2.864818
v 1.281042 14.862167 -1.961300
v 1.292769 15.016478 -2.868651
v 1.267065 15.022049 -1.983788
v 0.600301 15.014338 -0.992000
v 0.579791 15.022610 -0.136045
v 0.579207 14.863831 -0.986951
v 0.583722 14.851416 -0.146496
v 1.231084 14.849096 -3.437169
v 1.222383 14.849745 -2.883189
v 1.228747 15.018090 -3.434233
v 1.234199 15.026491 -2.894618
v -3.898647 14.859797 -2.882780
v -3.898647 15.014999 -2.899709
v -3.898647 15.023054 -3.436616
v -3.898647 14.855339 -3.445312
v -3.898647 14.865424 -2.850361
v -3.898647 14.861179 -1.960548
v -3.898647 15.018250 -2.864462
v -3.898647 15.022678 -1.969932
v -3.898647 15.022566 -0.994066
v -3.898647 15.029367 -0.127992
v -3.898647 14.862638 -0.992505
v -3.898647 14.861225 -0.146018
v -3.898647 14.859798 0.427127
v -3.898647 15.015001 0.410196
v -3.898647 15.023056 -0.126709
v -3.898647 14.855341 -0.135406
v -3.898647 15.013468 -1.949728
v -3.898647 15.024691 -0.983732
v -3.898647 14.873058 -1.968956
v -3.898647 14.869068 -0.972629
v 1.202025 15.018064 2.626269
v 1.230860 15.016209 3.591090
v 1.192272 14.874731 2.606553
v 1.212712 14.874559 3.609216
v 1.310615 14.866392 1.705150
v 1.337587 14.862169 2.608668
v 1.349314 15.016479 1.701316
v 1.323610 15.022051 2.586180
v 0.547322 14.849098 1.132800
v 0.538621 14.849747 1.686779
v 0.544986 15.018091 1.135735
v 0.550436 15.026493 1.675349
v 0.600301 15.014338 0.474571
v 0.579791 15.022610 1.124016
v 0.579207 14.863832 0.479620
v 0.583722 14.851416 1.113565
v -3.898647 15.022566 0.472505
v -3.898647 15.029367 1.132071
v -3.898647 14.862639 0.474066
v -3.898647 14.861225 1.114044
v -3.898647 14.859798 1.687188
v -3.898647 15.015002 1.670259
v -3.898647 15.023056 1.133352
v -3.898647 14.855341 1.124657
v -3.898647 14.865427 1.719607
v -3.898647 14.861181 2.609421
v -3.898647 15.018251 1.705507
v -3.898647 15.022680 2.600035
v -3.898647 15.013470 2.620240
v -3.898647 15.024692 3.586236
v -3.898647 14.873060 2.601012
v -3.898647 14.869070 3.597339
v 0.620303 18.802725 2.760602
v 0.619123 19.133959 2.631188
v 0.472083 19.107517 -2.642362
v 0.502649 18.799986 2.770272
v 0.498132 19.134298 2.637833
v 0.360759 19.116352 -2.628858
v 0.457901 18.782352 -2.694830
v 0.363937 18.773741 -2.683041
vt 0.723677 0.252030
vt 0.728453 0.343800
vt 0.617937 0.341935
vt 0.619045 0.252030
vt 0.525366 0.204546
vt 0.616560 0.199214
vt 0.616560 0.321353
vt 0.527714 0.321106
vt 0.750952 -0.633789
vt 0.750951 2.126320
vt 0.674696 2.126320
vt 0.674698 -0.633789
vt 0.271350 1.859088
vt 0.208401 1.859088
vt 0.208403 0.479033
vt 0.271351 0.479033
vt 0.542568 1.273150
vt 0.479619 1.273150
vt 0.479620 -0.106904
vt 0.542568 -0.106904
vt 0.625232 0.592998
vt 0.533813 0.576877
vt 0.535262 0.479734
vt 0.625232 0.474805
vt 0.192480 0.374039
vt 0.032834 0.374039
vt 0.032835 -1.006016
vt 0.192481 -1.006016
vt 0.185199 0.479033
vt 0.185198 1.859088
vt 0.025553 1.859087
vt 0.025554 0.479032
vt 0.422407 2.126320
vt 0.422409 -0.633789
vt 1.079495 2.126320
vt 1.003240 2.126320
vt 1.003241 -0.633789
vt 1.079495 -0.633789
vt 0.709551 2.308338
vt 0.538724 2.308338
vt 0.538724 2.013146
vt 0.709552 2.012266
vt 0.525366 0.204546
vt 0.616560 0.199214
vt 0.616560 0.321353
vt 0.527714 0.321106
vt 0.750952 -0.633789
vt 0.750951 2.126320
vt 0.674696 2.126320
vt 0.674698 -0.633789
vt 0.479619 -0.528849
vt 0.479620 -1.908904
vt 0.542568 -1.908904
vt 0.542568 -0.528849
vt 0.217901 -0.528849
vt 0.009631 -0.528849
vt 0.009632 -1.908903
vt 0.217901 -1.908904
vt 0.539295 0.694662
vt 0.630873 0.694680
vt 0.630873 0.810796
vt 0.541356 0.806449
vt 0.422407 2.126320
vt 0.422409 -0.633789
vt 0.638296 0.811041
vt 0.638296 0.906776
vt 0.540272 0.905065
vt 0.539295 0.813083
vt 0.723677 0.252030
vt 0.728453 0.343800
vt 0.617937 0.341935
vt 0.619045 0.252030
vt 0.271350 1.859088
vt 0.208401 1.859088
vt 0.208403 0.479033
vt 0.271351 0.479033
vt 0.741522 0.335351
vt 0.489233 0.335351
vt 0.489234 -0.584685
vt 0.741523 -0.584685
vt 0.542568 1.273150
vt 0.479619 1.273150
vt 0.479620 -0.106904
vt 0.542568 -0.106904
vt 0.625232 0.592998
vt 0.533813 0.576877
vt 0.535262 0.479734
vt 0.625232 0.474805
vt 0.217901 0.374039
vt 0.009631 0.374039
vt 0.009632 -1.006016
vt 0.217901 -1.006016
vt 1.079495 0.335351
vt 1.003241 0.335351
vt 1.003242 -0.584685
vt 1.079495 -0.584685
vt 0.271350 -0.528849
vt 0.208401 -0.528849
vt 0.208403 -1.908904
vt 0.271351 -1.908903
vt 0.525366 0.204546
vt 0.616560 0.199214
vt 0.616560 0.321353
vt 0.527714 0.321106
vt 0.750952 -0.633789
vt 0.750951 2.126320
vt 0.674696 2.126320
vt 0.674698 -0.633789
vt 0.422407 2.126320
vt 0.422409 -0.633789
vt 0.271350 1.859088
vt 0.208401 1.859088
vt 0.208403 0.479033
vt 0.271351 0.479033
vt 0.542568 1.273150
vt 0.479619 1.273150
vt 0.479620 -0.106904
vt 0.542568 -0.106904
vt 0.625232 0.592998
vt 0.533813 0.576877
vt 0.535262 0.479734
vt 0.625232 0.474805
vt 0.192480 0.374039
vt 0.032834 0.374039
vt 0.032835 -1.006016
vt 0.192481 -1.006016
vt 0.185199 0.479033
vt 0.185198 1.859088
vt 0.025553 1.859087
vt 0.025554 0.479032
vt 1.079495 2.126320
vt 1.003240 2.126320
vt 1.003241 -0.633789
vt 1.079495 -0.633789
vt 0.094794 0.799060
vt 0.265622 0.799061
vt 0.265621 2.312029
vt 0.094793 2.312029
vt 0.761184 2.308338
vt 0.709551 2.308338
vt 0.709552 0.795370
vt 0.761184 0.795370
vt 0.538724 2.308338
vt 0.538724 0.795370
vt 0.000132 1.859087
vt 0.000133 0.479032
vt 1.079495 2.126320
vt 1.003240 2.126320
vt 1.003241 -0.633789
vt 1.079495 -0.633789
vt 0.000133 -1.908904
vt 0.000132 -0.528849
vt 0.512258 0.300195
vt 0.710930 0.300195
vt 0.710930 0.760213
vt 0.512257 0.760213
vt 0.487091 2.308338
vt 0.487092 0.795370
vt 0.525366 0.204546
vt 0.616560 0.199214
vt 0.616560 0.321353
vt 0.527714 0.321106
vt 0.750951 1.206284
vt 0.750951 2.126320
vt 0.674696 2.126320
vt 0.674697 1.206284
vt 0.479619 -0.528849
vt 0.479620 -1.908904
vt 0.542568 -1.908904
vt 0.542568 -0.528849
vt 0.217901 -0.528849
vt 0.009631 -0.528849
vt 0.009632 -1.908903
vt 0.217901 -1.908904
vt 0.539295 0.694662
vt 0.630873 0.694680
vt 0.630873 0.810796
vt 0.541356 0.806449
vt 0.422407 2.126320
vt 0.422408 1.206284
vt 0.638296 0.811041
vt 0.638296 0.906776
vt 0.540272 0.905065
vt 0.539295 0.813083
vt 0.741522 0.795370
vt 0.489233 0.795370
vt 0.489234 -0.584685
vt 0.741523 -0.584685
vt 0.271350 1.859088
vt 0.208401 1.859088
vt 0.208403 0.479033
vt 0.271351 0.479033
vt 1.079495 0.795370
vt 1.003241 0.795370
vt 1.003242 -0.584685
vt 1.079495 -0.584685
vt 0.542568 1.273150
vt 0.479619 1.273150
vt 0.479620 -0.106904
vt 0.542568 -0.106904
vt 0.625232 0.592998
vt 0.533813 0.576877
vt 0.535262 0.479734
vt 0.625232 0.474805
vt 0.217901 0.374039
vt 0.009631 0.374039
vt 0.009632 -1.006016
vt 0.217901 -1.006016
vt 0.747540 0.795370
vt 0.687492 0.795370
vt 0.687493 -0.584685
vt 0.747541 -0.584685
vt 0.271350 -0.528849
vt 0.208401 -0.528849
vt 0.208403 -1.908904
vt 0.271351 -1.908903
vt 0.000132 1.859087
vt 0.000133 0.479032
vt 0.674698 -0.633789
vt 0.422409 -0.633789
vt 1.079495 1.206284
vt 1.003240 1.206284
vt 1.003241 -0.633789
vt 1.079495 -0.633789
vt 0.000133 -1.908904
vt 0.000132 -0.528849
vt 0.512259 -0.619842
vt 0.710931 -0.619841
vt 0.710930 0.760213
vt 0.512257 0.760213
vt 0.747541 0.335351
vt 0.687493 0.335351
vt 0.687493 -0.584685
vt 0.747541 -0.584685
vt 0.747540 0.795370
vt 0.687492 0.795370
vt 1.079495 0.795370
vt 1.003241 0.795370
vt 0.741522 0.795370
vt 0.489233 0.795370
vt 1.003240 2.126320
vt 1.079495 2.126320
vt 0.750952 -0.633789
vt 0.761184 2.308338
vt 0.761184 2.013972
vt 0.487091 2.013168
vt 0.487092 0.795370
vt 0.538724 0.795370
vt 0.094793 2.017663
vt 0.265621 2.016859
vt 0.265621 2.312029
vt 0.094793 2.312029
vt 0.709552 0.795370
vt 0.761184 0.795370
vt 0.094794 0.799060
vt 0.265622 0.799061
vt 0.487091 2.308338
vt 0.723677 0.252030
vt 0.619045 0.252030
vt 0.617937 0.341935
vt 0.728453 0.343800
vt 0.525366 0.204546
vt 0.527714 0.321106
vt 0.616560 0.321353
vt 0.616560 0.199214
vt 0.750952 -0.633789
vt 0.674698 -0.633789
vt 0.674696 2.126320
vt 0.750951 2.126320
vt 0.271350 1.859088
vt 0.271351 0.479033
vt 0.208403 0.479033
vt 0.208401 1.859088
vt 0.542568 1.273150
vt 0.542568 -0.106904
vt 0.479620 -0.106904
vt 0.479619 1.273150
vt 0.625232 0.592998
vt 0.625232 0.474805
vt 0.535262 0.479734
vt 0.533813 0.576877
vt 0.192480 0.374039
vt 0.192481 -1.006016
vt 0.032835 -1.006016
vt 0.032834 0.374039
vt 0.185199 0.479033
vt 0.025554 0.479032
vt 0.025553 1.859087
vt 0.185198 1.859088
vt 0.422409 -0.633789
vt 0.422407 2.126320
vt 1.079495 2.126320
vt 1.079495 -0.633789
vt 1.003241 -0.633789
vt 1.003240 2.126320
vt 0.709551 2.308338
vt 0.709552 2.012266
vt 0.538724 2.013146
vt 0.538724 2.308338
vt 0.525366 0.204546
vt 0.527714 0.321106
vt 0.616560 0.321353
vt 0.616560 0.199214
vt 0.750952 -0.633789
vt 0.674698 -0.633789
vt 0.674696 2.126320
vt 0.750951 2.126320
vt 0.479619 -0.528849
vt 0.542568 -0.528849
vt 0.542568 -1.908904
vt 0.479620 -1.908904
vt 0.217901 -0.528849
vt 0.217901 -1.908904
vt 0.009632 -1.908903
vt 0.009631 -0.528849
vt 0.539295 0.694662
vt 0.541356 0.806449
vt 0.630873 0.810796
vt 0.630873 0.694680
vt 0.422409 -0.633789
vt 0.422407 2.126320
vt 0.638296 0.811041
vt 0.539295 0.813083
vt 0.540272 0.905065
vt 0.638296 0.906776
vt 0.741522 -0.124667
vt 0.741523 -0.584685
vt 0.489234 -0.584685
vt 0.489234 -0.124667
vt 0.723677 0.252030
vt 0.619045 0.252030
vt 0.617937 0.341935
vt 0.728453 0.343800
vt 0.271350 1.859088
vt 0.271351 0.479033
vt 0.208403 0.479033
vt 0.208401 1.859088
vt 1.079495 -0.124667
vt 1.079495 -0.584685
vt 1.003242 -0.584685
vt 1.003241 -0.124667
vt 0.542568 1.273150
vt 0.542568 -0.106904
vt 0.479620 -0.106904
vt 0.479619 1.273150
vt 0.625232 0.592998
vt 0.625232 0.474805
vt 0.535262 0.479734
vt 0.533813 0.576877
vt 0.217901 0.374039
vt 0.217901 -1.006016
vt 0.009632 -1.006016
vt 0.009631 0.374039
vt 0.747541 -0.124667
vt 0.747541 -0.584685
vt 0.687493 -0.584685
vt 0.687493 -0.124667
vt 0.271350 -0.528849
vt 0.271351 -1.908903
vt 0.208403 -1.908904
vt 0.208401 -0.528849
vt 0.525366 0.204546
vt 0.527714 0.321106
vt 0.616560 0.321353
vt 0.616560 0.199214
vt 0.750952 -0.633789
vt 0.674698 -0.633789
vt 0.674696 2.126320
vt 0.750951 2.126320
vt 0.422409 -0.633789
vt 0.422407 2.126320
vt 0.271350 1.859088
vt 0.271351 0.479033
vt 0.208403 0.479033
vt 0.208401 1.859088
vt 0.542568 1.273150
vt 0.542568 -0.106904
vt 0.479620 -0.106904
vt 0.479619 1.273150
vt 0.625232 0.592998
vt 0.625232 0.474805
vt 0.535262 0.479734
vt 0.533813 0.576877
vt 0.192480 0.374039
vt 0.192481 -1.006016
vt 0.032835 -1.006016
vt 0.032834 0.374039
vt 0.185199 0.479033
vt 0.025554 0.479032
vt 0.025553 1.859087
vt 0.185198 1.859088
vt 1.079495 2.126320
vt 1.079495 -0.633789
vt 1.003241 -0.633789
vt 1.003240 2.126320
vt 0.094794 0.799060
vt 0.094793 2.312029
vt 0.265621 2.312029
vt 0.265622 0.799061
vt 0.761184 2.308338
vt 0.761184 0.795370
vt 0.709552 0.795370
vt 0.709551 2.308338
vt 0.538724 0.795370
vt 0.538724 2.308338
vt 0.000133 0.479032
vt 0.000132 1.859087
vt 1.079495 2.126320
vt 1.079495 -0.633789
vt 1.003241 -0.633789
vt 1.003240 2.126320
vt 0.000133 -1.908904
vt 0.000132 -0.528849
vt 0.747540 0.795370
vt 0.687492 0.795370
vt 0.487092 0.795370
vt 0.487091 2.308338
vt 0.525366 0.204546
vt 0.527714 0.321106
vt 0.616560 0.321353
vt 0.616560 0.199214
vt 0.750951 1.206284
vt 0.674697 1.206284
vt 0.674696 2.126320
vt 0.750951 2.126320
vt 0.479619 -0.528849
vt 0.542568 -0.528849
vt 0.542568 -1.908904
vt 0.479620 -1.908904
vt 0.217901 -0.528849
vt 0.217901 -1.908904
vt 0.009632 -1.908903
vt 0.009631 -0.528849
vt 0.539295 0.694662
vt 0.541356 0.806449
vt 0.630873 0.810796
vt 0.630873 0.694680
vt 0.422408 1.206284
vt 0.422407 2.126320
vt 0.638296 0.811041
vt 0.539295 0.813083
vt 0.540272 0.905065
vt 0.638296 0.906776
vt 0.741522 0.795370
vt 0.741523 -0.584685
vt 0.489234 -0.584685
vt 0.489233 0.795370
vt 0.271350 1.859088
vt 0.271351 0.479033
vt 0.208403 0.479033
vt 0.208401 1.859088
vt 1.079495 0.795370
vt 1.079495 -0.584685
vt 1.003242 -0.584685
vt 1.003241 0.795370
vt 0.542568 1.273150
vt 0.542568 -0.106904
vt 0.479620 -0.106904
vt 0.479619 1.273150
vt 0.625232 0.592998
vt 0.625232 0.474805
vt 0.535262 0.479734
vt 0.533813 0.576877
vt 0.217901 0.374039
vt 0.217901 -1.006016
vt 0.009632 -1.006016
vt 0.009631 0.374039
vt 0.747540 0.795370
vt 0.747541 -0.584685
vt 0.687493 -0.584685
vt 0.687492 0.795370
vt 0.271350 -0.528849
vt 0.271351 -1.908903
vt 0.208403 -1.908904
vt 0.208401 -0.528849
vt 0.000133 0.479032
vt 0.000132 1.859087
vt 0.674698 -0.633789
vt 0.422409 -0.633789
vt 1.079495 1.206284
vt 1.079495 -0.633789
vt 1.003241 -0.633789
vt 1.003240 1.206284
vt 0.000133 -1.908904
vt 0.000132 -0.528849
vt 0.512259 -0.619842
vt 0.512257 0.760213
vt 0.710930 0.760213
vt 0.710931 -0.619841
vt 0.512259 -0.619842
vt 0.512258 -0.159823
vt 0.710930 -0.159823
vt 0.710931 -0.619841
vt 1.079495 0.795370
vt 0.489233 0.795370
vt 1.003240 2.126320
vt 1.079495 2.126320
vt 0.750952 -0.633789
vt 0.761184 2.308338
vt 0.761184 2.013972
vt 0.487091 2.013168
vt 0.487092 0.795370
vt 0.094793 2.017663
vt 0.094793 2.312029
vt 0.265621 2.312029
vt 0.265621 2.016859
vt 0.709552 0.795370
vt 0.761184 0.795370
vt 0.094794 0.799060
vt 0.265622 0.799061
vt 0.487091 2.308338
vt 0.710931 -0.619841
vt 0.512259 -0.619842
vt 0.512257 0.760213
vt 0.710930 0.760213
vt 0.723677 0.252030
vt 0.619045 0.252030
vt 0.617937 0.341935
vt 0.728453 0.343800
vt 0.525366 0.204546
vt 0.527714 0.321106
vt 0.616560 0.321353
vt 0.616560 0.199214
vt 0.750952 -0.633789
vt 0.674698 -0.633789
vt 0.674696 2.126320
vt 0.750951 2.126320
vt 0.271350 1.859088
vt 0.271351 0.479033
vt 0.208403 0.479033
vt 0.208401 1.859088
vt 0.542568 1.273150
vt 0.542568 -0.106904
vt 0.479620 -0.106904
vt 0.479619 1.273150
vt 0.625232 0.592998
vt 0.625232 0.474805
vt 0.535262 0.479734
vt 0.533813 0.576877
vt 0.192480 0.374039
vt 0.192481 -1.006016
vt 0.032835 -1.006016
vt 0.032834 0.374039
vt 0.185199 0.479033
vt 0.025554 0.479032
vt 0.025553 1.859087
vt 0.185198 1.859088
vt 0.422409 -0.633789
vt 0.422407 2.126320
vt 1.079495 2.126320
vt 1.079495 -0.633789
vt 1.003241 -0.633789
vt 1.003240 2.126320
vt 0.709551 2.308338
vt 0.709552 2.012266
vt 0.538724 2.013146
vt 0.538724 2.308338
vt 0.525366 0.204546
vt 0.527714 0.321106
vt 0.616560 0.321353
vt 0.616560 0.199214
vt 0.750952 -0.633789
vt 0.674698 -0.633789
vt 0.674696 2.126320
vt 0.750951 2.126320
vt 0.479619 -0.528849
vt 0.542568 -0.528849
vt 0.542568 -1.908904
vt 0.479620 -1.908904
vt 0.217901 -0.528849
vt 0.217901 -1.908904
vt 0.009632 -1.908903
vt 0.009631 -0.528849
vt 0.539295 0.694662
vt 0.541356 0.806449
vt 0.630873 0.810796
vt 0.630873 0.694680
vt 0.422409 -0.633789
vt 0.422407 2.126320
vt 0.638296 0.811041
vt 0.539295 0.813083
vt 0.540272 0.905065
vt 0.638296 0.906776
vt 0.723677 0.252030
vt 0.619045 0.252030
vt 0.617937 0.341935
vt 0.728453 0.343800
vt 0.271350 1.859088
vt 0.271351 0.479033
vt 0.208403 0.479033
vt 0.208401 1.859088
vt 0.741522 0.335351
vt 0.741523 -0.584685
vt 0.489234 -0.584685
vt 0.489233 0.335351
vt 0.542568 1.273150
vt 0.542568 -0.106904
vt 0.479620 -0.106904
vt 0.479619 1.273150
vt 0.625232 0.592998
vt 0.625232 0.474805
vt 0.535262 0.479734
vt 0.533813 0.576877
vt 0.217901 0.374039
vt 0.217901 -1.006016
vt 0.009632 -1.006016
vt 0.009631 0.374039
vt 1.079495 0.335351
vt 1.079495 -0.584685
vt 1.003242 -0.584685
vt 1.003241 0.335351
vt 0.271350 -0.528849
vt 0.271351 -1.908903
vt 0.208403 -1.908904
vt 0.208401 -0.528849
vt 0.525366 0.204546
vt 0.527714 0.321106
vt 0.616560 0.321353
vt 0.616560 0.199214
vt 0.750952 -0.633789
vt 0.674698 -0.633789
vt 0.674696 2.126320
vt 0.750951 2.126320
vt 0.422409 -0.633789
vt 0.422407 2.126320
vt 0.271350 1.859088
vt 0.271351 0.479033
vt 0.208403 0.479033
vt 0.208401 1.859088
vt 0.542568 1.273150
vt 0.542568 -0.106904
vt 0.479620 -0.106904
vt 0.479619 1.273150
vt 0.625232 0.592998
vt 0.625232 0.474805
vt 0.535262 0.479734
vt 0.533813 0.576877
vt 0.192480 0.374039
vt 0.192481 -1.006016
vt 0.032835 -1.006016
vt 0.032834 0.374039
vt 0.185199 0.479033
vt 0.025554 0.479032
vt 0.025553 1.859087
vt 0.185198 1.859088
vt 1.079495 2.126320
vt 1.079495 -0.633789
vt 1.003241 -0.633789
vt 1.003240 2.126320
vt 0.094794 0.799060
vt 0.094793 2.312029
vt 0.265621 2.312029
vt 0.265622 0.799061
vt 0.761184 2.308338
vt 0.761184 0.795370
vt 0.709552 0.795370
vt 0.709551 2.308338
vt 0.538724 0.795370
vt 0.538724 2.308338
vt 0.000133 0.479032
vt 0.000132 1.859087
vt 1.079495 2.126320
vt 1.079495 -0.633789
vt 1.003241 -0.633789
vt 1.003240 2.126320
vt 0.000133 -1.908904
vt 0.000132 -0.528849
vt 0.512258 0.300195
vt 0.512257 0.760213
vt 0.710930 0.760213
vt 0.710930 0.300195
vt 0.487092 0.795370
vt 0.487091 2.308338
vt 0.525366 0.204546
vt 0.527714 0.321106
vt 0.616560 0.321353
vt 0.616560 0.199214
vt 0.750951 1.206284
vt 0.674697 1.206284
vt 0.674696 2.126320
vt 0.750951 2.126320
vt 0.479619 -0.528849
vt 0.542568 -0.528849
vt 0.542568 -1.908904
vt 0.479620 -1.908904
vt 0.217901 -0.528849
vt 0.217901 -1.908904
vt 0.009632 -1.908903
vt 0.009631 -0.528849
vt 0.539295 0.694662
vt 0.541356 0.806449
vt 0.630873 0.810796
vt 0.630873 0.694680
vt 0.422408 1.206284
vt 0.422407 2.126320
vt 0.638296 0.811041
vt 0.539295 0.813083
vt 0.540272 0.905065
vt 0.638296 0.906776
vt 0.741522 0.795370
vt 0.741523 -0.584685
vt 0.489234 -0.584685
vt 0.489233 0.795370
vt 0.271350 1.859088
vt 0.271351 0.479033
vt 0.208403 0.479033
vt 0.208401 1.859088
vt 1.079495 0.795370
vt 1.079495 -0.584685
vt 1.003242 -0.584685
vt 1.003241 0.795370
vt 0.542568 1.273150
vt 0.542568 -0.106904
vt 0.479620 -0.106904
vt 0.479619 1.273150
vt 0.625232 0.592998
vt 0.625232 0.474805
vt 0.535262 0.479734
vt 0.533813 0.576877
vt 0.217901 0.374039
vt 0.217901 -1.006016
vt 0.009632 -1.006016
vt 0.009631 0.374039
vt 0.747540 0.795370
vt 0.747541 -0.584685
vt 0.687493 -0.584685
vt 0.687492 0.795370
vt 0.271350 -0.528849
vt 0.271351 -1.908903
vt 0.208403 -1.908904
vt 0.208401 -0.528849
vt 0.000133 0.479032
vt 0.000132 1.859087
vt 0.674698 -0.633789
vt 0.422409 -0.633789
vt 1.079495 1.206284
vt 1.079495 -0.633789
vt 1.003241 -0.633789
vt 1.003240 1.206284
vt 0.000133 -1.908904
vt 0.000132 -0.528849
vt 0.512259 -0.619842
vt 0.512257 0.760213
vt 0.710930 0.760213
vt 0.710931 -0.619841
vt 0.747541 0.335351
vt 0.747541 -0.584685
vt 0.687493 -0.584685
vt 0.687493 0.335351
vt 0.747540 0.795370
vt 0.687492 0.795370
vt 1.079495 0.795370
vt 1.003241 0.795370
vt 0.741522 0.795370
vt 0.489233 0.795370
vt 1.003240 2.126320
vt 1.079495 2.126320
vt 0.750952 -0.633789
vt 0.761184 2.308338
vt 0.761184 2.013972
vt 0.487091 2.013168
vt 0.538724 0.795370
vt 0.487092 0.795370
vt 0.094793 2.017663
vt 0.094793 2.312029
vt 0.265621 2.312029
vt 0.265621 2.016859
vt 0.709552 0.795370
vt 0.761184 0.795370
vt 0.094794 0.799060
vt 0.265622 0.799061
vt 0.487091 2.308338
vt 0.723677 0.252030
vt 0.728453 0.343800
vt 0.617937 0.341935
vt 0.619045 0.252030
vt 0.525366 0.204546
vt 0.616560 0.199214
vt 0.616560 0.321353
vt 0.527714 0.321106
vt 0.750952 -0.633789
vt 0.750951 2.126320
vt 0.674696 2.126320
vt 0.674698 -0.633789
vt 0.271350 1.859088
vt 0.208401 1.859088
vt 0.208403 0.479033
vt 0.271351 0.479033
vt 0.542568 1.273150
vt 0.479619 1.273150
vt 0.479620 -0.106904
vt 0.542568 -0.106904
vt 0.625232 0.592998
vt 0.533813 0.576877
vt 0.535262 0.479734
vt 0.625232 0.474805
vt 0.192480 0.374039
vt 0.032834 0.374039
vt 0.032835 -1.006016
vt 0.192481 -1.006016
vt 0.185199 0.479033
vt 0.185198 1.859088
vt 0.025553 1.859087
vt 0.025554 0.479032
vt 0.422407 2.126320
vt 0.422409 -0.633789
vt 1.079495 2.126320
vt 1.003240 2.126320
vt 1.003241 -0.633789
vt 1.079495 -0.633789
vt 0.709551 2.308338
vt 0.538724 2.308338
vt 0.538724 2.013146
vt 0.709552 2.012266
vt 0.525366 0.204546
vt 0.616560 0.199214
vt 0.616560 0.321353
vt 0.527714 0.321106
vt 0.750952 -0.633789
vt 0.750951 2.126320
vt 0.674696 2.126320
vt 0.674698 -0.633789
vt 0.479619 -0.528849
vt 0.479620 -1.908904
vt 0.542568 -1.908904
vt 0.542568 -0.528849
vt 0.217901 -0.528849
vt 0.009631 -0.528849
vt 0.009632 -1.908903
vt 0.217901 -1.908904
vt 0.539295 0.694662
vt 0.630873 0.694680
vt 0.630873 0.810796
vt 0.541356 0.806449
vt 0.422407 2.126320
vt 0.422409 -0.633789
vt 0.638296 0.811041
vt 0.638296 0.906776
vt 0.540272 0.905065
vt 0.539295 0.813083
vt 0.741522 -0.124667
vt 0.489234 -0.124667
vt 0.489234 -0.584685
vt 0.741523 -0.584685
vt 0.723677 0.252030
vt 0.728453 0.343800
vt 0.617937 0.341935
vt 0.619045 0.252030
vt 0.271350 1.859088
vt 0.208401 1.859088
vt 0.208403 0.479033
vt 0.271351 0.479033
vt 1.079495 -0.124667
vt 1.003241 -0.124667
vt 1.003242 -0.584685
vt 1.079495 -0.584685
vt 0.542568 1.273150
vt 0.479619 1.273150
vt 0.479620 -0.106904
vt 0.542568 -0.106904
vt 0.625232 0.592998
vt 0.533813 0.576877
vt 0.535262 0.479734
vt 0.625232 0.474805
vt 0.217901 0.374039
vt 0.009631 0.374039
vt 0.009632 -1.006016
vt 0.217901 -1.006016
vt 0.747541 -0.124667
vt 0.687493 -0.124667
vt 0.687493 -0.584685
vt 0.747541 -0.584685
vt 0.271350 -0.528849
vt 0.208401 -0.528849
vt 0.208403 -1.908904
vt 0.271351 -1.908903
vt 0.525366 0.204546
vt 0.616560 0.199214
vt 0.616560 0.321353
vt 0.527714 0.321106
vt 0.750952 -0.633789
vt 0.750951 2.126320
vt 0.674696 2.126320
vt 0.674698 -0.633789
vt 0.422407 2.126320
vt 0.422409 -0.633789
vt 0.271350 1.859088
vt 0.208401 1.859088
vt 0.208403 0.479033
vt 0.271351 0.479033
vt 0.542568 1.273150
vt 0.479619 1.273150
vt 0.479620 -0.106904
vt 0.542568 -0.106904
vt 0.625232 0.592998
vt 0.533813 0.576877
vt 0.535262 0.479734
vt 0.625232 0.474805
vt 0.192480 0.374039
vt 0.032834 0.374039
vt 0.032835 -1.006016
vt 0.192481 -1.006016
vt 0.185199 0.479033
vt 0.185198 1.859088
vt 0.025553 1.859087
vt 0.025554 0.479032
vt 1.079495 2.126320
vt 1.003240 2.126320
vt 1.003241 -0.633789
vt 1.079495 -0.633789
vt 0.094794 0.799060
vt 0.265622 0.799061
vt 0.265621 2.312029
vt 0.094793 2.312029
vt 0.761184 2.308338
vt 0.709551 2.308338
vt 0.709552 0.795370
vt 0.761184 0.795370
vt 0.538724 2.308338
vt 0.538724 0.795370
vt 0.000132 1.859087
vt 0.000133 0.479032
vt 1.079495 2.126320
vt 1.003240 2.126320
vt 1.003241 -0.633789
vt 1.079495 -0.633789
vt 0.000133 -1.908904
vt 0.000132 -0.528849
vt 0.747540 0.795370
vt 0.687492 0.795370
vt 0.487091 2.308338
vt 0.487092 0.795370
vt 0.525366 0.204546
vt 0.616560 0.199214
vt 0.616560 0.321353
vt 0.527714 0.321106
vt 0.750951 1.206284
vt 0.750951 2.126320
vt 0.674696 2.126320
vt 0.674697 1.206284
vt 0.479619 -0.528849
vt 0.479620 -1.908904
vt 0.542568 -1.908904
vt 0.542568 -0.528849
vt 0.217901 -0.528849
vt 0.009631 -0.528849
vt 0.009632 -1.908903
vt 0.217901 -1.908904
vt 0.539295 0.694662
vt 0.630873 0.694680
vt 0.630873 0.810796
vt 0.541356 0.806449
vt 0.422407 2.126320
vt 0.422408 1.206284
vt 0.638296 0.811041
vt 0.638296 0.906776
vt 0.540272 0.905065
vt 0.539295 0.813083
vt 0.741522 0.795370
vt 0.489233 0.795370
vt 0.489234 -0.584685
vt 0.741523 -0.584685
vt 0.271350 1.859088
vt 0.208401 1.859088
vt 0.208403 0.479033
vt 0.271351 0.479033
vt 1.079495 0.795370
vt 1.003241 0.795370
vt 1.003242 -0.584685
vt 1.079495 -0.584685
vt 0.542568 1.273150
vt 0.479619 1.273150
vt 0.479620 -0.106904
vt 0.542568 -0.106904
vt 0.625232 0.592998
vt 0.533813 0.576877
vt 0.535262 0.479734
vt 0.625232 0.474805
vt 0.217901 0.374039
vt 0.009631 0.374039
vt 0.009632 -1.006016
vt 0.217901 -1.006016
vt 0.747540 0.795370
vt 0.687492 0.795370
vt 0.687493 -0.584685
vt 0.747541 -0.584685
vt 0.271350 -0.528849
vt 0.208401 -0.528849
vt 0.208403 -1.908904
vt 0.271351 -1.908903
vt 0.000132 1.859087
vt 0.000133 0.479032
vt 0.674698 -0.633789
vt 0.422409 -0.633789
vt 1.079495 1.206284
vt 1.003240 1.206284
vt 1.003241 -0.633789
vt 1.079495 -0.633789
vt 0.000133 -1.908904
vt 0.000132 -0.528849
vt 0.512259 -0.619842
vt 0.710931 -0.619841
vt 0.710930 0.760213
vt 0.512257 0.760213
vt 0.512259 -0.619842
vt 0.710931 -0.619841
vt 0.710930 -0.159823
vt 0.512258 -0.159823
vt 1.079495 0.795370
vt 0.489233 0.795370
vt 1.003240 2.126320
vt 1.079495 2.126320
vt 0.750952 -0.633789
vt 0.761184 2.308338
vt 0.761184 2.013972
vt 0.487091 2.013168
vt 0.487092 0.795370
vt 0.094793 2.017663
vt 0.265621 2.016859
vt 0.265621 2.312029
vt 0.094793 2.312029
vt 0.709552 0.795370
vt 0.761184 0.795370
vt 0.094794 0.799060
vt 0.265622 0.799061
vt 0.487091 2.308338
vt 0.710931 -0.619841
vt 0.512259 -0.619842
vt 0.710930 0.760213
vt 0.512257 0.760213
vt 0.525366 -0.263614
vt 0.616560 -0.268945
vt 0.616560 -0.146806
vt 0.527714 -0.147053
vt 0.750952 -0.247618
vt 0.750951 1.132437
vt 0.674696 1.132437
vt 0.674698 -0.247618
vt 0.422407 1.132437
vt 0.422409 -0.247618
vt 0.638296 0.811041
vt 0.638296 0.906776
vt 0.540272 0.905065
vt 0.539295 0.813083
vt 0.741522 0.701041
vt 0.489233 0.701041
vt 0.489234 0.011014
vt 0.741523 0.011014
vt 0.723677 0.276833
vt 0.728453 0.368603
vt 0.617937 0.366739
vt 0.619045 0.276833
vt 0.271350 1.232900
vt 0.208401 1.232900
vt 0.208403 0.542872
vt 0.271351 0.542872
vt 1.079495 0.701041
vt 1.003241 0.701041
vt 1.003242 0.011014
vt 1.079495 0.011013
vt 0.542568 0.939931
vt 0.479619 0.939931
vt 0.479620 0.249904
vt 0.542568 0.249904
vt 0.625232 0.592998
vt 0.533813 0.576877
vt 0.535262 0.479734
vt 0.625232 0.474805
vt 0.217901 0.490375
vt 0.009631 0.490375
vt 0.009632 -0.199652
vt 0.217901 -0.199652
vt 0.747540 0.701041
vt 0.687492 0.701041
vt 0.687493 0.011013
vt 0.747541 0.011014
vt 0.525366 0.204546
vt 0.616560 0.199214
vt 0.616560 0.321353
vt 0.527714 0.321106
vt 0.750952 -0.013538
vt 0.750951 1.366516
vt 0.674696 1.366516
vt 0.674698 -0.013539
vt 0.422407 1.366516
vt 0.422409 -0.013539
vt 1.079495 1.366516
vt 1.003240 1.366516
vt 1.003241 -0.013538
vt 1.079495 -0.013538
vt 0.002873 1.366516
vt 0.002874 -0.013538
vt 0.255163 -0.013538
vt 0.255162 1.366516
vt 0.094794 0.715288
vt 0.265622 0.715288
vt 0.265621 1.471772
vt 0.094793 1.471772
vt 0.761184 1.469926
vt 0.709551 1.469926
vt 0.709552 0.713442
vt 0.761184 0.713442
vt 0.538724 1.469927
vt 0.538724 0.713442
vt 0.000132 1.232900
vt 0.000133 0.542872
vt 1.079495 1.132437
vt 1.003240 1.132437
vt 1.003241 -0.247618
vt 1.079495 -0.247618
vt 0.002873 1.132437
vt 0.002874 -0.247618
vt 0.255163 -0.247618
vt 0.255162 1.132437
vt 0.512259 -0.006565
vt 0.710931 -0.006565
vt 0.710930 0.683463
vt 0.512257 0.683463
vt 0.487091 1.469927
vt 0.487092 0.713442
vt 0.638296 0.342882
vt 0.638296 0.438617
vt 0.540272 0.436906
vt 0.539295 0.344924
vt 0.741522 0.466961
vt 0.489233 0.466961
vt 0.489234 -0.223066
vt 0.741523 -0.223066
vt 0.723677 0.252030
vt 0.728453 0.343800
vt 0.617937 0.341935
vt 0.619045 0.252030
vt 1.079495 0.466961
vt 1.003241 0.466961
vt 1.003242 -0.223066
vt 1.079495 -0.223066
vt 0.747540 0.466961
vt 0.687492 0.466961
vt 0.687493 -0.223066
vt 0.747541 -0.223066
vt 0.525366 -0.263614
vt 0.616560 -0.268945
vt 0.616560 -0.146806
vt 0.527714 -0.147053
vt 0.750952 -0.247618
vt 0.750951 1.132437
vt 0.674696 1.132437
vt 0.674698 -0.247618
vt 0.422407 1.132437
vt 0.422409 -0.247618
vt 0.271350 1.232900
vt 0.208401 1.232900
vt 0.208403 0.542872
vt 0.271351 0.542872
vt 0.542568 0.939931
vt 0.479619 0.939931
vt 0.479620 0.249904
vt 0.542568 0.249904
vt 0.625232 0.592998
vt 0.533813 0.576877
vt 0.535262 0.479734
vt 0.625232 0.474805
vt 0.192480 0.490375
vt 0.032834 0.490375
vt 0.032835 -0.199652
vt 0.192481 -0.199652
vt 0.185199 0.542872
vt 0.185198 1.232900
vt 0.025553 1.232900
vt 0.025554 0.542872
vt 1.079495 1.132437
vt 1.003240 1.132437
vt 1.003241 -0.247618
vt 1.079495 -0.247618
vt 0.002873 1.132437
vt 0.002874 -0.247618
vt 0.255163 -0.247618
vt 0.255162 1.132437
vt 0.094794 0.702886
vt 0.265622 0.702886
vt 0.265621 1.459371
vt 0.094793 1.459370
vt 0.761184 1.457525
vt 0.709551 1.457525
vt 0.709552 0.701041
vt 0.761184 0.701041
vt 0.538724 1.457525
vt 0.538724 0.701041
vt 0.512259 -0.240645
vt 0.710931 -0.240644
vt 0.710930 0.449383
vt 0.512257 0.449383
vt 0.487091 1.457525
vt 0.487092 0.701041
vt 0.525366 -0.263614
vt 0.527714 -0.147053
vt 0.616560 -0.146806
vt 0.616560 -0.268945
vt 0.674696 1.132437
vt 0.750951 1.132437
vt 0.422407 1.132437
vt 0.638296 0.811041
vt 0.539295 0.813083
vt 0.540272 0.905065
vt 0.638296 0.906776
vt 0.741523 0.011014
vt 0.489234 0.011014
vt 0.723677 0.276833
vt 0.619045 0.276833
vt 0.617937 0.366739
vt 0.728453 0.368603
vt 0.271351 0.542872
vt 0.208403 0.542872
vt 1.079495 0.011013
vt 1.003242 0.011014
vt 0.542568 0.249904
vt 0.479620 0.249904
vt 0.625232 0.592998
vt 0.625232 0.474805
vt 0.535262 0.479734
vt 0.533813 0.576877
vt 0.217901 -0.199652
vt 0.009632 -0.199652
vt 0.747541 0.011014
vt 0.687493 0.011013
vt 0.525366 0.204546
vt 0.527714 0.321106
vt 0.616560 0.321353
vt 0.616560 0.199214
vt 0.674696 1.366516
vt 0.750951 1.366516
vt 0.422407 1.366516
vt 1.079495 1.366516
vt 1.003240 1.366516
vt 0.002873 1.366516
vt 0.255162 1.366516
vt 0.094793 1.471772
vt 0.265621 1.471772
vt 0.761184 1.469926
vt 0.709551 1.469926
vt 0.538724 1.469927
vt 0.000133 0.542872
vt 1.079495 1.132437
vt 1.003240 1.132437
vt 0.002873 1.132437
vt 0.255162 1.132437
vt 0.512259 -0.006565
vt 0.710931 -0.006565
vt 0.487091 1.469927
vt 0.638296 0.342882
vt 0.539295 0.344924
vt 0.540272 0.436906
vt 0.638296 0.438617
vt 0.741523 -0.223066
vt 0.489234 -0.223066
vt 0.723677 0.252030
vt 0.619045 0.252030
vt 0.617937 0.341935
vt 0.728453 0.343800
vt 1.079495 -0.223066
vt 1.003242 -0.223066
vt 0.747541 -0.223066
vt 0.687493 -0.223066
vt 0.525366 -0.263614
vt 0.527714 -0.147053
vt 0.616560 -0.146806
vt 0.616560 -0.268945
vt 0.674696 1.132437
vt 0.750951 1.132437
vt 0.422407 1.132437
vt 0.271351 0.542872
vt 0.208403 0.542872
vt 0.542568 0.249904
vt 0.479620 0.249904
vt 0.625232 0.592998
vt 0.625232 0.474805
vt 0.535262 0.479734
vt 0.533813 0.576877
vt 0.192481 -0.199652
vt 0.032835 -0.199652
vt 0.185199 0.542872
vt 0.025554 0.542872
vt 1.079495 1.132437
vt 1.003240 1.132437
vt 0.002873 1.132437
vt 0.255162 1.132437
vt 0.094793 1.459370
vt 0.265621 1.459371
vt 0.761184 1.457525
vt 0.709551 1.457525
vt 0.538724 1.457525
vt 0.512259 -0.240645
vt 0.710931 -0.240644
vt 0.487091 1.457525
vt 0.548248 -0.035488
vt 0.701624 -0.034998
vt 0.706940 1.076019
vt 0.540442 1.078417
vt 0.541608 0.145942
vt 0.718296 0.152638
vt 0.737222 0.171798
vt 0.543847 0.171798
vt 0.721420 0.077251
vt 0.508868 0.077251
vt 0.527412 0.051817
vt 0.705446 0.051471
vt 0.573272 1.062344
vt 0.563738 -0.042408
vt 0.746840 -0.043185
vt 0.726125 1.065871
vt 0.201757 -0.040668
vt 0.259912 -0.052036
vt 0.252105 1.061869
vt 0.205247 1.068422
vt 0.506300 -0.054096
vt 0.511615 1.056921
vt 0.548248 -0.035488
vt 0.540442 1.078417
vt 0.706940 1.076019
vt 0.701624 -0.034998
vt 0.541608 0.145942
vt 0.543847 0.171798
vt 0.737222 0.171798
vt 0.718296 0.152638
vt 0.721420 0.077251
vt 0.705446 0.051471
vt 0.527412 0.051817
vt 0.508868 0.077251
vt 0.573272 1.062344
vt 0.726125 1.065871
vt 0.746840 -0.043185
vt 0.563738 -0.042408
vt 0.201757 -0.040668
vt 0.205247 1.068422
vt 0.252105 1.061869
vt 0.259912 -0.052036
vt 0.506300 -0.054096
vt 0.511615 1.056921
vt 0.548248 -0.512880
vt 0.701624 -0.512390
vt 0.706940 0.598627
vt 0.540442 0.601025
vt 0.541608 -0.331450
vt 0.718296 -0.324754
vt 0.737222 -0.305594
vt 0.543847 -0.305594
vt 0.721420 -0.400141
vt 0.508868 -0.400141
vt 0.527412 -0.425575
vt 0.705446 -0.425921
vt 0.573272 0.584952
vt 0.563738 -0.519800
vt 0.746840 -0.520577
vt 0.726125 0.588479
vt 0.201757 -0.518059
vt 0.259912 -0.529427
vt 0.252105 0.584477
vt 0.205247 0.591030
vt 0.506300 -0.531488
vt 0.511615 0.579529
vt 0.548248 -0.512880
vt 0.540442 0.601025
vt 0.706940 0.598627
vt 0.701624 -0.512390
vt 0.541608 -0.331450
vt 0.543847 -0.305594
vt 0.737222 -0.305594
vt 0.718296 -0.324754
vt 0.721420 -0.400141
vt 0.705446 -0.425921
vt 0.527412 -0.425575
vt 0.508868 -0.400141
vt 0.573272 0.584952
vt 0.726125 0.588479
vt 0.746840 -0.520577
vt 0.563738 -0.519800
vt 0.201757 -0.518059
vt 0.205247 0.591030
vt 0.252105 0.584477
vt 0.259912 -0.529427
vt 0.506300 -0.531488
vt 0.511615 0.579529
vt 0.548248 -0.035488
vt 0.701624 -0.034998
vt 0.706940 1.076019
vt 0.540442 1.078417
vt 0.573272 1.062344
vt 0.563738 -0.042408
vt 0.746840 -0.043185
vt 0.726125 1.065871
vt 0.201757 -0.040668
vt 0.259912 -0.052036
vt 0.252105 1.061869
vt 0.205247 1.068422
vt 0.506300 -0.054096
vt 0.511615 1.056921
vt 0.548248 -0.035488
vt 0.540442 1.078417
vt 0.706940 1.076019
vt 0.701624 -0.034998
vt 0.573272 1.062344
vt 0.726125 1.065871
vt 0.746840 -0.043185
vt 0.563738 -0.042408
vt 0.201757 -0.040668
vt 0.205247 1.068422
vt 0.252105 1.061869
vt 0.259912 -0.052036
vt 0.506300 -0.054096
vt 0.511615 1.056921
vt 0.548248 -0.512880
vt 0.701624 -0.512390
vt 0.706940 0.598627
vt 0.540442 0.601025
vt 0.573272 0.584952
vt 0.563738 -0.519800
vt 0.746840 -0.520577
vt 0.726125 0.588479
vt 0.201757 -0.518059
vt 0.259912 -0.529427
vt 0.252105 0.584477
vt 0.205247 0.591030
vt 0.506300 -0.531488
vt 0.511615 0.579529
vt 0.548248 -0.512880
vt 0.540442 0.601025
vt 0.706940 0.598627
vt 0.701624 -0.512390
vt 0.573272 0.584952
vt 0.726125 0.588479
vt 0.746840 -0.520577
vt 0.563738 -0.519800
vt 0.201757 -0.518059
vt 0.205247 0.591030
vt 0.252105 0.584477
vt 0.259912 -0.529427
vt 0.506300 -0.531488
vt 0.511615 0.579529
vt 0.036405 0.697825
vt 0.189781 0.698315
vt 0.195097 1.809333
vt 0.028599 1.811730
vt 0.061430 1.795657
vt 0.051895 0.690905
vt 0.234997 0.690129
vt 0.214283 1.799185
vt -0.310086 0.692646
vt -0.251931 0.681278
vt -0.259738 1.795183
vt -0.306596 1.801735
vt -0.005543 0.679217
vt -0.000228 1.790235
vt 0.036405 0.697825
vt 0.028599 1.811730
vt 0.195097 1.809333
vt 0.189781 0.698315
vt 0.061430 1.795657
vt 0.214283 1.799185
vt 0.234997 0.690129
vt 0.051895 0.690905
vt -0.310086 0.692646
vt -0.306596 1.801735
vt -0.259738 1.795183
vt -0.251931 0.681278
vt -0.005543 0.679217
vt -0.000228 1.790235
vt 0.036405 0.220433
vt 0.189781 0.220923
vt 0.195097 1.331941
vt 0.028599 1.334338
vt 0.061430 1.318265
vt 0.051895 0.213514
vt 0.234997 0.212737
vt 0.214283 1.321793
vt -0.310086 0.215254
vt -0.251931 0.203886
vt -0.259738 1.317791
vt -0.306596 1.324343
vt -0.005543 0.201825
vt -0.000228 1.312843
vt 0.036405 0.220433
vt 0.028599 1.334338
vt 0.195097 1.331941
vt 0.189781 0.220923
vt 0.061430 1.318265
vt 0.214283 1.321793
vt 0.234997 0.212737
vt 0.051895 0.213514
vt -0.310086 0.215254
vt -0.306596 1.324343
vt -0.259738 1.317791
vt -0.251931 0.203886
vt -0.005543 0.201825
vt -0.000228 1.312843
vt 0.548248 -0.035488
vt 0.701624 -0.034998
vt 0.706940 1.076019
vt 0.540442 1.078417
vt 0.573272 1.062344
vt 0.563738 -0.042408
vt 0.746840 -0.043185
vt 0.726125 1.065871
vt 0.201757 -0.040668
vt 0.259912 -0.052036
vt 0.252105 1.061869
vt 0.205247 1.068422
vt 0.506300 -0.054096
vt 0.511615 1.056921
vt 0.548248 -0.512880
vt 0.701624 -0.512390
vt 0.706940 0.598627
vt 0.540442 0.601025
vt 0.573272 0.584952
vt 0.563738 -0.519800
vt 0.746840 -0.520577
vt 0.726125 0.588479
vt 0.201757 -0.518059
vt 0.259912 -0.529427
vt 0.252105 0.584477
vt 0.205247 0.591030
vt 0.506300 -0.531488
vt 0.511615 0.579529
vt 0.548248 -0.512880
vt 0.540442 0.601025
vt 0.706940 0.598627
vt 0.701624 -0.512390
vt 0.573272 0.584952
vt 0.726125 0.588479
vt 0.746840 -0.520577
vt 0.563738 -0.519800
vt 0.201757 -0.518059
vt 0.205247 0.591030
vt 0.252105 0.584477
vt 0.259912 -0.529427
vt 0.506300 -0.531488
vt 0.511615 0.579529
vt 0.036405 0.697825
vt 0.189781 0.698315
vt 0.195097 1.809333
vt 0.028599 1.811730
vt 0.061430 1.795657
vt 0.051895 0.690905
vt 0.234997 0.690129
vt 0.214283 1.799185
vt -0.310086 0.692646
vt -0.251931 0.681278
vt -0.259738 1.795183
vt -0.306596 1.801735
vt -0.005543 0.679217
vt -0.000228 1.790235
vt 0.036405 0.697825
vt 0.028599 1.811730
vt 0.195097 1.809333
vt 0.189781 0.698315
vt 0.061430 1.795657
vt 0.214283 1.799185
vt 0.234997 0.690129
vt 0.051895 0.690905
vt -0.310086 0.692646
vt -0.306596 1.801735
vt -0.259738 1.795183
vt -0.251931 0.681278
vt -0.005543 0.679217
vt -0.000228 1.790235
vt 0.036405 0.220433
vt 0.189781 0.220923
vt 0.195097 1.331941
vt 0.028599 1.334338
vt 0.061430 1.318265
vt 0.051895 0.213514
vt 0.234997 0.212737
vt 0.214283 1.321793
vt -0.310086 0.215254
vt -0.251931 0.203886
vt -0.259738 1.317791
vt -0.306596 1.324343
vt -0.005543 0.201825
vt -0.000228 1.312843
vt 0.036405 0.220433
vt 0.028599 1.334338
vt 0.195097 1.331941
vt 0.189781 0.220923
vt 0.061430 1.318265
vt 0.214283 1.321793
vt 0.234997 0.212737
vt 0.051895 0.213514
vt -0.310086 0.215254
vt -0.306596 1.324343
vt -0.259738 1.317791
vt -0.251931 0.203886
vt -0.005543 0.201825
vt -0.000228 1.312843
vt 0.533813 0.662785
vt 0.536097 0.610188
vt 0.644518 0.610509
vt 0.644518 0.662638
vt 0.422410 -0.142769
vt 0.674699 -0.096974
vt 0.674696 1.505701
vt 0.422407 1.539343
vt 1.079495 1.539343
vt 1.003240 1.539343
vt 1.003242 -0.142769
vt 1.079495 -0.142769
vt 0.750951 1.539343
vt 0.674696 1.539343
vt 0.674699 -0.130110
vt 0.750953 -0.130118
vt 1.003240 1.505701
vt 1.003242 -0.109126
vt 0.025831 0.410421
vt 0.023530 0.396157
vt 0.236710 0.396157
vt 0.228247 0.412936
vt 0.533813 0.662785
vt 0.536097 0.610188
vt 0.644518 0.610509
vt 0.644518 0.662638
vt 0.422410 -0.142769
vt 0.674699 -0.096974
vt 0.674696 1.505701
vt 0.422407 1.539343
vt 1.079495 1.539343
vt 1.003240 1.539343
vt 1.003242 -0.142769
vt 1.079495 -0.142769
vt 0.750951 1.539343
vt 0.674696 1.539343
vt 0.674699 -0.130110
vt 0.750953 -0.130118
vt 1.003240 1.505701
vt 1.003242 -0.109126
vt 0.025831 0.410421
vt 0.023530 0.396157
vt 0.236710 0.396157
vt 0.228247 0.412936
vt 0.533813 0.662785
vt 0.536097 0.610188
vt 0.644518 0.610509
vt 0.644518 0.662638
vt 0.422410 -0.142769
vt 0.674699 -0.096974
vt 0.674696 1.505701
vt 0.422407 1.539343
vt 1.079495 1.539343
vt 1.003240 1.539343
vt 1.003242 -0.142769
vt 1.079495 -0.142769
vt 0.750951 1.539343
vt 0.674696 1.539343
vt 0.674699 -0.130110
vt 0.750953 -0.130118
vt 1.003240 1.505701
vt 1.003242 -0.109126
vt 0.025831 0.410421
vt 0.023530 0.396157
vt 0.236710 0.396157
vt 0.228247 0.412936
vt 0.533813 0.662785
vt 0.536097 0.610188
vt 0.644518 0.610509
vt 0.644518 0.662638
vt 0.422410 -0.142769
vt 0.674699 -0.096974
vt 0.674696 1.505701
vt 0.422407 1.539343
vt 1.079495 1.539343
vt 1.003240 1.539343
vt 1.003242 -0.142769
vt 1.079495 -0.142769
vt 0.750951 1.539343
vt 0.674696 1.539343
vt 0.674699 -0.130110
vt 0.750953 -0.130118
vt 1.003240 1.505701
vt 1.003242 -0.109126
vt 0.025831 0.410421
vt 0.023530 0.396157
vt 0.236710 0.396157
vt 0.228247 0.412936
vt 0.533813 0.662785
vt 0.536097 0.610188
vt 0.644518 0.610509
vt 0.644518 0.662638
vt 0.422410 -0.142769
vt 0.674699 -0.096974
vt 0.674696 1.505701
vt 0.422407 1.539343
vt 1.079495 1.539343
vt 1.003240 1.539343
vt 1.003242 -0.142769
vt 1.079495 -0.142769
vt 0.750951 1.539343
vt 0.674696 1.539343
vt 0.674699 -0.130110
vt 0.750953 -0.130118
vt 1.003240 1.505701
vt 1.003242 -0.109126
vt 0.025831 0.410421
vt 0.023530 0.396157
vt 0.236710 0.396157
vt 0.228247 0.412936
vt 0.533813 0.662785
vt 0.536097 0.610188
vt 0.644518 0.610509
vt 0.644518 0.662638
vt 0.422410 -0.142769
vt 0.674699 -0.096974
vt 0.674696 1.505701
vt 0.422407 1.539343
vt 1.079495 1.539343
vt 1.003240 1.539343
vt 1.003242 -0.142769
vt 1.079495 -0.142769
vt 0.750951 1.539343
vt 0.674696 1.539343
vt 0.674699 -0.130110
vt 0.750953 -0.130118
vt 1.003240 1.505701
vt 1.003242 -0.109126
vt 0.025831 0.410421
vt 0.023530 0.396157
vt 0.236710 0.396157
vt 0.228247 0.412936
vt 0.533813 0.662785
vt 0.536097 0.610188
vt 0.644518 0.610509
vt 0.644518 0.662638
vt 0.422410 -0.142769
vt 0.674699 -0.096974
vt 0.674696 1.505701
vt 0.422407 1.539343
vt 1.079495 1.539343
vt 1.003240 1.539343
vt 1.003242 -0.142769
vt 1.079495 -0.142769
vt 0.750951 1.539343
vt 0.674696 1.539343
vt 0.674699 -0.130110
vt 0.750953 -0.130118
vt 1.003240 1.505701
vt 1.003242 -0.109126
vt 0.025831 0.410421
vt 0.023530 0.396157
vt 0.236710 0.396157
vt 0.228247 0.412936
vt 0.533813 0.662785
vt 0.536097 0.610188
vt 0.644518 0.610509
vt 0.644518 0.662638
vt 0.422410 -0.142769
vt 0.674699 -0.096974
vt 0.674696 1.505701
vt 0.422407 1.539343
vt 1.079495 1.539343
vt 1.003240 1.539343
vt 1.003242 -0.142769
vt 1.079495 -0.142769
vt 0.750951 1.539343
vt 0.674696 1.539343
vt 0.674699 -0.130110
vt 0.750953 -0.130118
vt 1.003240 1.505701
vt 1.003242 -0.109126
vt 0.025831 0.410421
vt 0.023530 0.396157
vt 0.236710 0.396157
vt 0.228247 0.412936
vt 0.533813 1.354326
vt 0.536097 1.235322
vt 0.644518 1.236048
vt 0.644518 1.353994
vt 0.626872 1.053396
vt 0.639587 0.937590
vt 0.731727 0.935341
vt 0.731727 1.057438
vt 0.750951 3.337615
vt 0.674696 3.337615
vt 0.674700 -0.468309
vt 0.750953 -0.468309
vt 1.079495 3.337615
vt 1.003240 3.337615
vt 1.003242 -0.468309
vt 1.079495 -0.468309
vt 1.003240 3.261497
vt 1.003242 -0.392190
vt 0.422410 -0.392190
vt 0.422407 3.261497
vt 0.533813 1.354326
vt 0.644518 1.353994
vt 0.644518 1.236048
vt 0.536097 1.235322
vt 0.626872 1.053396
vt 0.731727 1.057438
vt 0.731727 0.935341
vt 0.639587 0.937590
vt 0.750951 3.337615
vt 0.750953 -0.468309
vt 0.674700 -0.468309
vt 0.674696 3.337615
vt 1.079495 3.337615
vt 1.079495 -0.468309
vt 1.003242 -0.468309
vt 1.003240 3.337615
vt 1.003240 3.261497
vt 1.003242 -0.392190
vt 0.422410 -0.392190
vt 0.422407 3.261497
vt -0.116890 0.736949
vt -0.117691 0.760712
vt -0.161029 0.773067
vt -0.199586 0.763970
vt -0.199586 0.738721
vt -0.158665 0.724446
vt 0.640658 1.430474
vt 0.590412 1.430874
vt 0.599798 0.588848
vt 0.642427 0.588924
vt 0.511749 0.749403
vt 0.485682 0.727707
vt 0.513254 0.706028
vt 0.563500 0.706407
vt 0.589186 0.727914
vt 0.563069 0.749403
vt 0.888925 0.588841
vt 0.894355 1.430876
vt 0.842975 1.430631
vt 0.838425 0.588953
vt 0.788526 0.588964
vt 0.792356 1.430275
vt 0.741045 1.429949
vt 0.739841 0.588969
vt 0.690756 1.430238
vt 0.692313 0.588973
vt 0.087932 0.670953
vt 0.086773 0.705338
vt 0.024061 0.723215
vt -0.031731 0.710053
vt -0.031731 0.673516
vt 0.027482 0.652860
vt 0.895586 0.587610
vt 0.909130 -0.567864
vt 0.970821 -0.567749
vt 0.968294 0.586950
vt -0.265909 0.715618
vt -0.303633 0.684224
vt -0.263740 0.652851
vt -0.191029 0.653400
vt -0.153857 0.684521
vt -0.191648 0.715618
vt 1.327523 -0.567877
vt 1.335404 0.587610
vt 1.261050 0.587201
vt 1.254447 -0.567706
vt 1.182245 -0.567688
vt 1.187809 0.586621
vt 1.113555 0.586093
vt 1.111789 -0.567681
vt 1.040786 0.586562
vt 1.043012 -0.567675
vt 0.052985 0.686830
vt 0.055129 0.593243
vt 0.156914 0.593814
vt 0.156914 0.686568
vt -0.037085 -0.310190
vt 0.191835 -0.310190
vt 0.191832 2.235447
vt -0.037088 2.235447
vt 0.489943 2.235447
vt 0.261023 2.235447
vt 0.261025 -0.310190
vt 0.489944 -0.310190
vt 0.559134 2.235447
vt 0.559134 -0.310190
vt 0.533813 0.690264
vt 0.536097 0.571259
vt 0.644518 0.571986
vt 0.644518 0.689932
vt 0.422410 -1.132371
vt 0.674699 -1.028757
vt 0.674696 2.597435
vt 0.422407 2.673553
vt 1.079495 2.673553
vt 1.003240 2.673553
vt 1.003242 -1.132371
vt 1.079495 -1.132371
vt 0.750951 2.673553
vt 0.674696 2.673553
vt 0.674699 -1.103729
vt 0.750953 -1.103747
vt 1.003240 2.597435
vt 1.003242 -1.056252
vt 0.025831 0.119269
vt 0.023530 0.086994
vt 0.236710 0.086994
vt 0.228247 0.124959
vt -0.262744 0.716849
vt -0.220329 0.728802
vt -0.224862 0.753647
vt -0.268732 0.766153
vt -0.303633 0.753910
vt -0.303633 0.728967
vt 1.454448 1.430479
vt 1.452710 0.588925
vt 1.495340 0.588850
vt 1.504692 1.430881
vt 0.562462 0.704797
vt 0.511149 0.704410
vt 0.485682 0.682727
vt 0.512014 0.661416
vt 0.562266 0.661416
vt 0.589181 0.683300
vt 1.206205 0.588841
vt 1.256705 0.588953
vt 1.252139 1.430636
vt 1.200760 1.430881
vt 1.306601 0.588965
vt 1.355290 0.588970
vt 1.354070 1.429954
vt 1.302758 1.430279
vt 1.402823 0.588974
vt 1.404351 1.430243
vt 0.527805 0.588841
vt 0.589181 0.606138
vt 0.582620 0.642088
vt 0.519139 0.660185
vt 0.468636 0.642470
vt 0.468636 0.606376
vt 0.453305 0.587622
vt 0.380597 0.586962
vt 0.378070 -0.567749
vt 0.439757 -0.567864
vt 0.109473 0.651630
vt 0.035220 0.651069
vt -0.001626 0.619689
vt 0.036482 0.588853
vt 0.109202 0.588854
vt 0.148142 0.620525
vt 0.021378 -0.567877
vt 0.094451 -0.567706
vt 0.087837 0.587213
vt 0.013483 0.587622
vt 0.166651 -0.567688
vt 0.237104 -0.567681
vt 0.235334 0.586105
vt 0.161079 0.586633
vt 0.305882 -0.567675
vt 0.308106 0.586574
vt 0.052985 0.686830
vt 0.156914 0.686568
vt 0.156914 0.593814
vt 0.055129 0.593243
vt -0.037088 2.235447
vt 0.191832 2.235447
vt 0.489943 2.235447
vt 0.261023 2.235447
vt 0.559134 2.235447
vt 0.533813 0.690264
vt 0.644518 0.689932
vt 0.644518 0.571986
vt 0.536097 0.571259
vt 0.422410 -1.132371
vt 0.422407 2.673553
vt 0.674696 2.597435
vt 0.674699 -1.028757
vt 1.079495 2.673553
vt 1.079495 -1.132371
vt 1.003242 -1.132371
vt 1.003240 2.673553
vt 0.750951 2.673553
vt 0.750953 -1.103747
vt 0.674699 -1.103729
vt 0.674696 2.673553
vt 1.003240 2.597435
vt 1.003242 -1.056252
vt 0.025831 0.119269
vt 0.228247 0.124959
vt 0.236710 0.086994
vt 0.023530 0.086994
vt 0.010684 0.773750
vt -0.031731 0.761797
vt -0.027197 0.736952
vt 0.016672 0.724446
vt 0.051573 0.736689
vt 0.051573 0.761632
vt 0.403060 1.430491
vt 0.401322 0.588937
vt 0.443952 0.588861
vt 0.453305 1.430892
vt -0.381645 0.661427
vt -0.330332 0.661814
vt -0.304864 0.683498
vt -0.331196 0.704808
vt -0.381448 0.704809
vt -0.408363 0.682924
vt 0.154817 0.588853
vt 0.205317 0.588965
vt 0.200752 1.430647
vt 0.149373 1.430892
vt 0.255213 0.588976
vt 0.303902 0.588981
vt 0.302683 1.429965
vt 0.251371 1.430291
vt 0.351435 0.588985
vt 0.352964 1.430255
vt -0.364033 0.660196
vt -0.425409 0.642900
vt -0.418848 0.606949
vt -0.355367 0.588853
vt -0.304864 0.606568
vt -0.304864 0.642662
vt 0.012252 0.587623
vt -0.060456 0.586963
vt -0.062983 -0.567749
vt -0.001296 -0.567864
vt -0.113959 0.588853
vt -0.039706 0.589414
vt -0.002857 0.620792
vt -0.040964 0.651629
vt -0.113684 0.651629
vt -0.152626 0.619959
vt -0.419676 -0.567877
vt -0.346603 -0.567706
vt -0.353217 0.587213
vt -0.427570 0.587623
vt -0.274402 -0.567688
vt -0.203950 -0.567681
vt -0.205720 0.586106
vt -0.279974 0.586634
vt -0.135171 -0.567675
vt -0.132947 0.586575
vt 0.052985 0.686830
vt 0.156914 0.686568
vt 0.156914 0.593814
vt 0.055129 0.593243
vt -0.037085 -0.310190
vt -0.037088 2.235447
vt 0.191832 2.235447
vt 0.191835 -0.310190
vt 0.489943 2.235447
vt 0.489944 -0.310190
vt 0.261025 -0.310190
vt 0.261023 2.235447
vt 0.559134 2.235447
vt 0.559134 -0.310190
vt 0.533813 0.690264
vt 0.644518 0.689932
vt 0.644518 0.571986
vt 0.536097 0.571259
vt 0.422410 -1.132371
vt 0.422407 2.673553
vt 0.674696 2.597435
vt 0.674699 -1.028757
vt 1.079495 2.673553
vt 1.079495 -1.132371
vt 1.003242 -1.132371
vt 1.003240 2.673553
vt 0.750951 2.673553
vt 0.750953 -1.103747
vt 0.674699 -1.103729
vt 0.674696 2.673553
vt 1.003240 2.597435
vt 1.003242 -1.056252
vt 0.025831 0.119269
vt 0.228247 0.124959
vt 0.236710 0.086994
vt 0.023530 0.086994
vt -0.115659 0.760563
vt -0.114857 0.736801
vt -0.071519 0.724446
vt -0.032962 0.733543
vt -0.032962 0.758792
vt -0.073883 0.773067
vt 0.945831 1.430475
vt 0.895586 1.430876
vt 0.904955 0.588850
vt 0.947584 0.588925
vt -0.330926 0.706040
vt -0.304859 0.727735
vt -0.332430 0.749414
vt -0.382676 0.749036
vt -0.408363 0.727529
vt -0.382245 0.706040
vt 1.194082 0.588841
vt 1.199529 1.430876
vt 1.148150 1.430631
vt 1.143581 0.588953
vt 1.093683 0.588965
vt 1.097531 1.430275
vt 1.046219 1.429950
vt 1.044998 0.588970
vt 0.995930 1.430239
vt 0.997470 0.588974
vt -0.152626 0.705123
vt -0.151466 0.670737
vt -0.088755 0.652860
vt -0.032962 0.666023
vt -0.032962 0.702559
vt -0.092176 0.723215
vt 0.454536 0.587610
vt 0.468079 -0.567864
vt 0.529770 -0.567749
vt 0.527245 0.586950
vt -0.191580 0.588853
vt -0.153857 0.620248
vt -0.193751 0.651620
vt -0.266462 0.651071
vt -0.303633 0.619950
vt -0.265842 0.588853
vt 0.886472 -0.567877
vt 0.894354 0.587610
vt 0.820001 0.587201
vt 0.813396 -0.567706
vt 0.741194 -0.567688
vt 0.746760 0.586621
vt 0.672506 0.586093
vt 0.670738 -0.567681
vt 0.599737 0.586562
vt 0.601960 -0.567675
vt 0.052985 0.686830
vt 0.055129 0.593243
vt 0.156914 0.593814
vt 0.156914 0.686568
vt 0.191832 2.235447
vt -0.037088 2.235447
vt 0.489943 2.235447
vt 0.261023 2.235447
vt 0.559134 2.235447
vt 0.533813 0.690264
vt 0.536097 0.571259
vt 0.644518 0.571986
vt 0.644518 0.689932
vt 0.422410 -1.132371
vt 0.674699 -1.028757
vt 0.674696 2.597435
vt 0.422407 2.673553
vt 1.079495 2.673553
vt 1.003240 2.673553
vt 1.003242 -1.132371
vt 1.079495 -1.132371
vt 0.750951 2.673553
vt 0.674696 2.673553
vt 0.674699 -1.103729
vt 0.750953 -1.103747
vt 1.003240 2.597435
vt 1.003242 -1.056252
vt 0.025831 0.119269
vt 0.023530 0.086994
vt 0.236710 0.086994
vt 0.228247 0.124959
vt 0.533813 0.662785
vt 0.536097 0.610188
vt 0.644518 0.610509
vt 0.644518 0.662638
vt 0.422410 -0.142769
vt 0.674699 -0.096974
vt 0.674696 1.505701
vt 0.422407 1.539343
vt 1.079495 1.539343
vt 1.003240 1.539343
vt 1.003242 -0.142769
vt 1.079495 -0.142769
vt 0.750951 1.539343
vt 0.674696 1.539343
vt 0.674699 -0.130110
vt 0.750953 -0.130118
vt 1.003240 1.505701
vt 1.003242 -0.109126
vt 0.025831 0.410421
vt 0.023530 0.396157
vt 0.236710 0.396157
vt 0.228247 0.412936
vn 0.9965 0.0739 0.0402
vn 0.9984 -0.0435 0.0363
vn -0.0016 -0.8128 0.5826
vn -0.0004 -0.7450 0.6671
vn 0.0005 0.6709 -0.7416
vn 0.9624 -0.1393 0.2333
vn -0.0004 0.8921 0.4519
vn 0.0009 -0.8256 -0.5643
vn 0.0002 0.8976 0.4408
vn -0.0007 0.5809 -0.8140
vn -0.0255 -0.8668 -0.4980
vn -0.0087 -0.8662 -0.4996
vn -0.0089 -0.8662 -0.4996
vn 0.9996 -0.0267 0.0124
vn 0.0023 -0.8302 0.5574
vn 0.0018 0.4640 -0.8858
vn -0.0000 0.8851 0.4655
vn 0.9913 -0.1288 -0.0276
vn -0.0008 0.9090 0.4167
vn 0.9579 -0.2808 -0.0603
vn 0.9928 0.1086 0.0505
vn 0.0046 -0.7675 0.6410
vn 0.0165 0.8847 0.4659
vn 0.0155 0.8847 0.4659
vn -0.0436 0.8841 0.4653
vn -0.0021 0.4901 -0.8716
vn 0.9988 0.0481 0.0071
vn -0.0056 0.8940 0.4480
vn 0.0106 0.4656 -0.8849
vn 0.0104 0.4645 -0.8855
vn 0.0082 0.4434 -0.8963
vn 0.0013 -0.8227 0.5684
vn 0.9998 -0.0111 0.0167
vn -0.0001 -0.8144 0.5804
vn -0.0034 0.9139 0.4060
vn 0.0011 -0.7488 0.6628
vn 0.0006 0.5481 -0.8364
vn 0.9921 0.0762 -0.0993
vn -0.0005 0.8960 0.4440
vn 0.0003 -0.8276 -0.5613
vn 0.0018 0.5613 -0.8276
vn 0.0009 -0.8363 -0.5483
vn 0.0089 0.8928 0.4504
vn 0.0045 0.5353 -0.8447
vn -0.0067 -0.8340 -0.5517
vn 0.0053 -0.8317 -0.5552
vn 0.0004 0.5162 -0.8564
vn -0.0009 -0.8400 -0.5426
vn -0.0008 -0.8236 -0.5672
vn -0.0155 -0.8321 -0.5544
vn -0.0127 -0.8323 -0.5542
vn -0.0732 -0.8270 -0.5574
vn -0.0061 -0.8214 0.5703
vn 0.9995 -0.0326 -0.0011
vn -0.0147 -0.7896 0.6134
vn -0.0366 -0.7917 0.6098
vn -0.0137 -0.7895 0.6136
vn 0.0027 0.5159 -0.8567
vn -0.0002 0.8798 0.4753
vn 0.9909 -0.1298 -0.0366
vn 0.0103 0.9582 0.2860
vn 0.0216 0.9607 0.2769
vn 0.0107 0.9582 0.2857
vn 0.9947 0.0984 0.0312
vn 0.0020 0.8811 0.4729
vn 0.0014 -0.7471 0.6647
vn 0.0004 0.4180 -0.9085
vn 0.0003 0.5748 -0.8183
vn 0.9963 -0.0561 0.0645
vn -0.0002 0.8937 0.4487
vn -0.0001 -0.7723 0.6352
vn -0.0021 -0.8563 0.5165
vn 0.0015 -0.8276 -0.5613
vn -0.0006 0.9556 0.2948
vn 0.0054 0.5482 -0.8363
vn 0.0056 0.5483 -0.8362
vn 0.0084 0.5509 -0.8345
vn -0.0014 -0.8411 -0.5408
vn 0.0016 -0.8395 -0.5434
vn -0.0007 -0.8453 -0.5343
vn -0.0154 -0.8526 0.5223
vn -0.0135 -0.8527 0.5222
vn 0.0177 -0.8542 0.5197
vn -0.0466 -0.8502 0.5243
vn 0.0128 0.4864 -0.8737
vn 0.0755 0.8822 0.4648
vn -0.0224 -0.9125 -0.4085
vn -0.0120 -0.9104 -0.4135
vn -0.0118 -0.9104 -0.4136
vn 0.0026 0.5456 -0.8380
vn 0.0082 -0.7870 0.6169
vn -0.0013 -0.9082 -0.4186
vn -0.0025 0.6135 -0.7897
vn -0.0014 0.6124 -0.7905
vn -0.0012 0.6122 -0.7907
vn -0.0209 -0.8589 0.5118
vn 0.0145 -0.8391 0.5438
vn -0.0207 -0.8588 0.5120
vn 0.0108 0.9228 0.3851
vn 0.0112 0.9228 0.3851
vn 0.0288 0.9231 0.3835
vn 0.0080 -0.8653 -0.5012
vn -0.0002 0.6111 -0.7915
vn -0.0070 0.9222 0.3866
vn -0.0560 -0.8763 0.4786
vn -0.9929 0.1004 -0.0634
vn -0.9984 -0.0435 0.0363
vn 0.0016 -0.8128 0.5826
vn 0.0060 -0.7452 0.6668
vn -0.0056 0.6714 -0.7411
vn -0.9959 0.0803 0.0421
vn -0.0063 0.8921 0.4519
vn 0.0053 -0.8255 -0.5644
vn -0.0002 0.8976 0.4408
vn 0.0007 0.5809 -0.8140
vn 0.0271 -0.8675 -0.4967
vn 0.0098 -0.8665 -0.4990
vn 0.0095 -0.8665 -0.4990
vn -0.9916 -0.0488 0.1200
vn -0.0024 -0.8302 0.5575
vn -0.0018 0.4640 -0.8858
vn -0.9913 -0.1288 -0.0276
vn 0.0008 0.9091 0.4166
vn -0.9928 0.0516 0.1084
vn 0.0031 0.9208 0.3899
vn 0.0085 0.9174 0.3979
vn 0.0035 0.9206 0.3906
vn -0.9928 0.1086 0.0505
vn -0.0046 -0.7675 0.6410
vn -0.0161 0.2530 -0.9673
vn -0.0497 0.3648 -0.9297
vn -0.0135 0.2443 -0.9696
vn 0.0021 0.4901 -0.8716
vn -0.9988 0.0481 0.0071
vn 0.0056 0.8940 0.4480
vn 0.0103 -0.8136 0.5814
vn 0.0474 -0.8155 0.5768
vn 0.0139 -0.8138 0.5810
vn -0.0013 -0.8227 0.5684
vn -0.9998 -0.0111 0.0167
vn 0.0001 -0.8144 0.5804
vn 0.0034 0.9139 0.4060
vn -0.0011 -0.7487 0.6629
vn -0.0006 0.5481 -0.8364
vn -0.9899 -0.0434 0.1350
vn 0.0005 0.8961 0.4439
vn -0.0003 -0.8276 -0.5613
vn -0.0018 0.5613 -0.8276
vn -0.0009 -0.8363 -0.5483
vn -0.0022 0.8928 0.4505
vn -0.0005 0.5349 -0.8449
vn 0.0004 -0.8341 -0.5517
vn -0.0053 -0.8317 -0.5552
vn -0.0004 0.5163 -0.8564
vn 0.0009 -0.8400 -0.5426
vn 0.0008 -0.8236 -0.5672
vn -0.0231 -0.8109 0.5848
vn -0.0000 -0.8215 0.5702
vn -0.9995 -0.0326 -0.0011
vn 0.0104 -0.7896 0.6136
vn 0.0092 -0.7895 0.6137
vn 0.0366 -0.7917 0.6098
vn -0.0027 0.5159 -0.8567
vn 0.0002 0.8798 0.4753
vn -0.9909 -0.1298 -0.0366
vn -0.0049 0.9582 0.2859
vn -0.0054 0.9583 0.2857
vn -0.0216 0.9607 0.2769
vn -0.9947 0.0985 0.0312
vn 0.0021 0.8811 0.4729
vn 0.0042 -0.7470 0.6648
vn -0.0082 0.4179 -0.9085
vn -0.0045 0.5754 -0.8179
vn -0.9875 -0.0347 0.1540
vn -0.0064 0.8935 0.4489
vn 0.0055 -0.7725 0.6351
vn 0.0021 -0.8563 0.5165
vn 0.0046 -0.8273 -0.5618
vn 0.0113 0.9556 0.2946
vn -0.0024 0.5482 -0.8364
vn -0.0022 0.5510 -0.8345
vn -0.0024 0.5484 -0.8362
vn 0.0014 -0.8411 -0.5408
vn -0.0063 -0.8394 -0.5434
vn 0.0007 -0.8453 -0.5343
vn -0.0161 -0.8758 -0.4824
vn -0.0035 -0.8731 -0.4875
vn -0.0048 -0.8734 -0.4869
vn 0.0204 0.1281 -0.9916
vn -0.0018 0.9239 0.3826
vn 0.0224 -0.9125 -0.4085
vn 0.0067 -0.9104 -0.4136
vn 0.0069 -0.9104 -0.4136
vn -0.0026 0.5456 -0.8381
vn -0.0170 -0.7867 0.6170
vn -0.0089 -0.9081 -0.4186
vn 0.0027 0.6135 -0.7897
vn 0.0013 0.6122 -0.7907
vn 0.0015 0.6124 -0.7905
vn 0.0218 -0.8582 0.5129
vn 0.0217 -0.8581 0.5130
vn -0.0145 -0.8391 0.5438
vn -0.0116 0.9231 0.3843
vn -0.0305 0.9237 0.3818
vn -0.0121 0.9232 0.3842
vn -0.0080 -0.8653 -0.5012
vn 0.0002 0.6111 -0.7916
vn 0.0070 0.9222 0.3866
vn 0.0579 -0.8749 0.4808
vn 0.0450 -0.8345 -0.5492
vn 0.0077 -0.8706 -0.4919
vn 0.9965 0.0739 -0.0402
vn 0.9984 -0.0435 -0.0363
vn -0.0016 -0.8127 -0.5826
vn -0.0004 -0.7450 -0.6671
vn 0.0005 0.6708 0.7416
vn 0.9624 -0.1393 -0.2333
vn -0.0004 0.8921 -0.4519
vn 0.0009 -0.8256 0.5643
vn 0.0002 0.8976 -0.4408
vn -0.0007 0.5809 0.8140
vn -0.0255 -0.8668 0.4980
vn -0.0089 -0.8662 0.4996
vn -0.0087 -0.8662 0.4996
vn 0.9996 -0.0267 -0.0124
vn 0.0023 -0.8302 -0.5574
vn 0.0018 0.4640 0.8858
vn -0.0000 0.8851 -0.4655
vn 0.9913 -0.1288 0.0276
vn -0.0008 0.9091 -0.4167
vn 0.9579 -0.2808 0.0603
vn 0.9928 0.1086 -0.0505
vn 0.0046 -0.7675 -0.6410
vn 0.0165 0.8847 -0.4659
vn -0.0436 0.8841 -0.4653
vn 0.0155 0.8847 -0.4659
vn -0.0021 0.4901 0.8716
vn 0.9988 0.0481 -0.0071
vn -0.0056 0.8940 -0.4480
vn 0.0106 0.4656 0.8849
vn 0.0082 0.4434 0.8963
vn 0.0104 0.4645 0.8855
vn 0.0013 -0.8227 -0.5685
vn 0.9998 -0.0111 -0.0167
vn -0.0001 -0.8144 -0.5804
vn -0.0034 0.9139 -0.4060
vn 0.0011 -0.7488 -0.6628
vn 0.0006 0.5481 0.8364
vn 0.9921 0.0762 0.0993
vn -0.0005 0.8960 -0.4440
vn 0.0003 -0.8276 0.5613
vn 0.0018 0.5613 0.8276
vn 0.0009 -0.8363 0.5483
vn 0.0089 0.8928 -0.4504
vn 0.0045 0.5353 0.8447
vn -0.0067 -0.8340 0.5517
vn 0.0053 -0.8317 0.5552
vn 0.0004 0.5163 0.8564
vn -0.0009 -0.8400 0.5426
vn -0.0008 -0.8236 0.5672
vn -0.0155 -0.8321 0.5544
vn -0.0732 -0.8270 0.5574
vn -0.0127 -0.8323 0.5542
vn -0.0061 -0.8214 -0.5703
vn 0.9995 -0.0326 0.0011
vn -0.0147 -0.7896 -0.6134
vn -0.0137 -0.7895 -0.6136
vn -0.0366 -0.7917 -0.6098
vn 0.0027 0.5159 0.8567
vn -0.0002 0.8798 -0.4753
vn 0.9909 -0.1298 0.0366
vn 0.0103 0.9582 -0.2860
vn 0.0107 0.9582 -0.2857
vn 0.0216 0.9607 -0.2769
vn 0.9947 0.0984 -0.0312
vn 0.0020 0.8811 -0.4729
vn 0.0014 -0.7471 -0.6647
vn 0.0004 0.4180 0.9085
vn 0.0003 0.5748 0.8183
vn 0.9963 -0.0561 -0.0645
vn -0.0002 0.8937 -0.4487
vn -0.0001 -0.7723 -0.6352
vn -0.0021 -0.8563 -0.5165
vn 0.0015 -0.8276 0.5613
vn -0.0006 0.9556 -0.2948
vn 0.0054 0.5482 0.8363
vn 0.0084 0.5509 0.8345
vn 0.0056 0.5483 0.8362
vn -0.0014 -0.8411 0.5408
vn 0.0016 -0.8395 0.5434
vn -0.0007 -0.8453 0.5343
vn -0.0154 -0.8526 -0.5223
vn 0.0177 -0.8542 -0.5197
vn -0.0135 -0.8527 -0.5222
vn -0.0466 -0.8502 -0.5243
vn 0.0128 0.4864 0.8737
vn 0.0755 0.8822 -0.4648
vn -0.0224 -0.9125 0.4085
vn -0.0118 -0.9104 0.4136
vn -0.0120 -0.9104 0.4135
vn 0.0026 0.5456 0.8381
vn 0.0082 -0.7870 -0.6169
vn -0.0013 -0.9082 0.4186
vn -0.0025 0.6136 0.7896
vn -0.0012 0.6122 0.7907
vn -0.0014 0.6124 0.7905
vn -0.0209 -0.8589 -0.5118
vn -0.0207 -0.8588 -0.5120
vn 0.0145 -0.8391 -0.5438
vn 0.0108 0.9228 -0.3851
vn 0.0288 0.9231 -0.3835
vn 0.0112 0.9228 -0.3851
vn 0.0080 -0.8653 0.5012
vn -0.0002 0.6111 0.7915
vn -0.0070 0.9222 -0.3866
vn -0.0560 -0.8763 -0.4786
vn -0.9929 0.1004 0.0634
vn -0.9984 -0.0435 -0.0363
vn 0.0016 -0.8127 -0.5826
vn 0.0060 -0.7452 -0.6668
vn -0.0056 0.6714 0.7411
vn -0.9959 0.0804 -0.0421
vn -0.0063 0.8921 -0.4519
vn 0.0053 -0.8255 0.5644
vn -0.0002 0.8976 -0.4408
vn 0.0007 0.5809 0.8140
vn 0.0271 -0.8675 0.4968
vn 0.0095 -0.8665 0.4990
vn 0.0098 -0.8665 0.4990
vn -0.9916 -0.0488 -0.1200
vn -0.0024 -0.8302 -0.5575
vn -0.0018 0.4640 0.8858
vn -0.9913 -0.1288 0.0276
vn 0.0008 0.9091 -0.4166
vn -0.9928 0.0516 -0.1084
vn 0.0031 0.9208 -0.3899
vn 0.0035 0.9206 -0.3906
vn 0.0085 0.9174 -0.3979
vn -0.9928 0.1085 -0.0505
vn -0.0046 -0.7675 -0.6410
vn -0.0161 0.2530 0.9673
vn -0.0135 0.2443 0.9696
vn -0.0497 0.3648 0.9297
vn 0.0021 0.4901 0.8716
vn -0.9988 0.0481 -0.0071
vn 0.0056 0.8940 -0.4480
vn 0.0103 -0.8136 -0.5814
vn 0.0139 -0.8138 -0.5810
vn 0.0474 -0.8155 -0.5768
vn -0.0013 -0.8227 -0.5685
vn -0.9998 -0.0111 -0.0167
vn 0.0001 -0.8144 -0.5804
vn 0.0034 0.9139 -0.4060
vn -0.0011 -0.7487 -0.6629
vn -0.0006 0.5481 0.8364
vn -0.9899 -0.0434 -0.1350
vn 0.0005 0.8961 -0.4439
vn -0.0003 -0.8276 0.5613
vn -0.0018 0.5613 0.8276
vn -0.0009 -0.8363 0.5483
vn -0.0022 0.8928 -0.4505
vn -0.0005 0.5349 0.8449
vn 0.0004 -0.8341 0.5517
vn -0.0053 -0.8317 0.5552
vn -0.0004 0.5163 0.8564
vn 0.0009 -0.8400 0.5426
vn 0.0008 -0.8236 0.5672
vn -0.0231 -0.8109 -0.5848
vn -0.0000 -0.8215 -0.5702
vn -0.9995 -0.0326 0.0011
vn 0.0104 -0.7896 -0.6136
vn 0.0366 -0.7917 -0.6098
vn 0.0092 -0.7895 -0.6137
vn -0.0027 0.5159 0.8567
vn 0.0002 0.8798 -0.4753
vn -0.9909 -0.1298 0.0366
vn -0.0049 0.9582 -0.2859
vn -0.0216 0.9607 -0.2769
vn -0.0054 0.9583 -0.2857
vn -0.9947 0.0985 -0.0312
vn 0.0021 0.8811 -0.4729
vn 0.0042 -0.7470 -0.6648
vn -0.0082 0.4179 0.9085
vn -0.0045 0.5754 0.8179
vn -0.9875 -0.0347 -0.1540
vn -0.0064 0.8935 -0.4489
vn 0.0055 -0.7725 -0.6350
vn 0.0021 -0.8563 -0.5165
vn 0.0046 -0.8273 0.5618
vn 0.0113 0.9556 -0.2946
vn -0.0024 0.5482 0.8364
vn -0.0024 0.5484 0.8362
vn -0.0022 0.5509 0.8345
vn 0.0014 -0.8411 0.5408
vn -0.0063 -0.8394 0.5434
vn 0.0007 -0.8453 0.5343
vn -0.0161 -0.8758 0.4824
vn -0.0048 -0.8734 0.4869
vn -0.0035 -0.8731 0.4875
vn 0.0204 0.1281 0.9916
vn -0.0018 0.9239 -0.3826
vn 0.0224 -0.9125 0.4085
vn 0.0069 -0.9104 0.4136
vn 0.0067 -0.9104 0.4136
vn -0.0026 0.5456 0.8381
vn -0.0170 -0.7868 -0.6170
vn -0.0089 -0.9081 0.4186
vn 0.0027 0.6135 0.7897
vn 0.0015 0.6124 0.7905
vn 0.0013 0.6122 0.7907
vn 0.0218 -0.8582 -0.5129
vn -0.0145 -0.8391 -0.5438
vn 0.0217 -0.8581 -0.5130
vn -0.0116 0.9231 -0.3843
vn -0.0121 0.9232 -0.3842
vn -0.0305 0.9237 -0.3818
vn -0.0080 -0.8653 0.5012
vn 0.0002 0.6111 0.7915
vn 0.0070 0.9222 -0.3866
vn 0.0579 -0.8749 -0.4808
vn 0.0450 -0.8345 0.5492
vn 0.0077 -0.8706 0.4919
vn -0.9994 -0.0268 0.0231
vn -0.0000 0.0851 0.9964
vn 0.0005 0.0851 0.9964
vn -0.0001 -1.0000 0.0045
vn 0.0016 -1.0000 0.0045
vn -0.9949 -0.0973 -0.0250
vn 0.0000 -1.0000 -0.0021
vn -0.0007 -1.0000 -0.0021
vn -0.9968 -0.0796 -0.0006
vn 0.0000 -0.0836 0.9965
vn -0.0007 -0.0836 0.9965
vn 0.0001 0.1359 -0.9907
vn -0.0010 0.1359 -0.9907
vn 0.0001 -0.0213 -0.9998
vn -0.0007 -0.0213 -0.9998
vn -0.9985 -0.0534 0.0093
vn -0.0001 -1.0000 -0.0082
vn 0.0008 -1.0000 -0.0082
vn -0.0001 0.0980 0.9952
vn 0.0016 0.0979 0.9952
vn -0.9996 -0.0273 0.0032
vn 0.0000 -1.0000 0.0046
vn 0.0016 -1.0000 0.0046
vn -0.0011 0.0345 -0.9994
vn -0.0000 0.0345 -0.9994
vn 0.0006 1.0000 -0.0003
vn 0.0000 1.0000 -0.0003
vn -0.0000 -1.0000 -0.0047
vn -0.0002 -1.0000 -0.0047
vn 0.0018 -0.0589 -0.9983
vn 0.0000 -0.0589 -0.9983
vn -0.0002 1.0000 -0.0056
vn -0.0000 1.0000 -0.0056
vn -0.0015 1.0000 -0.0087
vn 0.0001 1.0000 -0.0087
vn 0.0001 0.0345 -0.9994
vn -0.0004 1.0000 -0.0049
vn 0.0000 1.0000 -0.0049
vn -0.0014 0.0987 0.9951
vn -0.0000 0.0987 0.9951
vn -0.9968 -0.0795 -0.0006
vn 0.0000 0.1359 -0.9907
vn 0.0000 0.0979 0.9952
vn -0.0001 -1.0000 0.0046
vn -0.9985 -0.0535 0.0123
vn -0.0001 -0.9999 -0.0109
vn 0.0008 -0.9999 -0.0109
vn -0.0015 0.9999 -0.0115
vn 0.0001 0.9999 -0.0115
vn 0.9994 -0.0268 0.0231
vn -0.0005 0.0851 0.9964
vn -0.0018 -1.0000 0.0045
vn 0.9949 -0.0973 -0.0250
vn 0.0008 -1.0000 -0.0021
vn 0.9968 -0.0796 -0.0006
vn 0.0008 -0.0836 0.9965
vn 0.0012 0.1359 -0.9907
vn 0.0008 -0.0213 -0.9998
vn 0.9985 -0.0534 0.0093
vn -0.0010 -1.0000 -0.0082
vn -0.0018 0.0980 0.9952
vn 0.9996 -0.0273 0.0032
vn -0.0016 -1.0000 0.0046
vn 0.0011 0.0345 -0.9994
vn -0.0006 1.0000 -0.0003
vn 0.0002 -1.0000 -0.0047
vn -0.0018 -0.0589 -0.9983
vn 0.0002 1.0000 -0.0056
vn 0.0017 1.0000 -0.0087
vn 0.0012 0.0345 -0.9994
vn -0.0007 1.0000 -0.0003
vn 0.0004 1.0000 -0.0049
vn 0.0014 0.0987 0.9951
vn 0.0007 -1.0000 -0.0021
vn 0.0010 0.1359 -0.9907
vn -0.0016 0.0979 0.9952
vn -0.0018 -1.0000 0.0046
vn 0.9985 -0.0535 0.0123
vn -0.0010 -0.9999 -0.0109
vn 0.0017 0.9999 -0.0115
vn 0.0014 0.0988 0.9951
vn 0.0000 0.1068 0.9943
vn 0.0000 1.0000 0.0000
vn 0.0000 -1.0000 0.0000
vn 0.0000 -0.0955 -0.9954
vn -0.9893 -0.1459 0.0000
vn 0.9874 0.1581 0.0000
vn 0.0000 -0.0955 0.9954
vn 0.0000 0.1068 -0.9943
vn 0.9868 -0.1622 0.0000
vn -0.9847 0.1743 0.0000
vn -0.0000 0.1105 0.9939
vn 0.0000 -0.0986 -0.9951
vn -0.0000 -0.0986 0.9951
vn 0.0000 0.1105 -0.9939
vn 0.0000 -0.1021 -0.9948
vn -0.0000 0.1144 0.9934
vn 0.0000 0.1144 -0.9934
vn -0.0000 -0.1021 0.9948
vn 0.9878 0.1557 -0.0000
vn -0.9891 -0.1474 0.0000
vn -0.9850 0.1723 0.0000
vn 0.9865 -0.1640 -0.0000
vn 0.0598 -0.3980 0.9154
vn -0.9943 -0.0749 0.0764
vn 0.0410 0.6938 0.7190
vn 0.0508 -0.6869 -0.7249
vn 0.9933 0.0551 -0.1013
vn -0.1206 0.8050 -0.5809
vn 0.2373 -0.3311 -0.9133
vn 0.9889 0.1485 0.0049
vn 0.1837 0.6938 -0.6964
vn -0.2728 -0.6869 0.6736
vn -0.9844 -0.1738 0.0264
vn -0.0705 0.7916 0.6070
vn -0.9956 -0.0664 0.0656
vn 0.0294 0.7825 0.6219
vn 0.0636 -0.7738 -0.6302
vn 0.9952 0.0438 -0.0871
vn 0.9890 0.1480 0.0042
vn 0.1653 0.7801 -0.6035
vn -0.2569 -0.7682 0.5864
vn -0.9840 -0.1766 0.0225
vn -0.0598 -0.3980 -0.9154
vn 0.9943 -0.0749 -0.0764
vn -0.0410 0.6938 -0.7190
vn -0.0508 -0.6869 0.7249
vn -0.9933 0.0551 0.1013
vn 0.1206 0.8050 0.5809
vn -0.2373 -0.3311 0.9133
vn -0.9900 0.1409 0.0055
vn -0.1840 0.6920 0.6980
vn 0.2732 -0.6844 -0.6759
vn 0.9854 -0.1662 -0.0366
vn 0.0705 0.7916 -0.6070
vn 0.9956 -0.0664 -0.0656
vn -0.0294 0.7825 -0.6219
vn -0.0636 -0.7738 0.6302
vn -0.9952 0.0438 0.0871
vn -0.9879 0.1545 -0.0131
vn -0.1650 0.7813 0.6020
vn 0.2565 -0.7700 -0.5842
vn 0.9830 -0.1831 -0.0137
vn 0.0784 0.0776 -0.9939
vn -0.1655 -0.7000 0.6947
vn 0.0557 0.8425 0.5357
vn 0.0417 -0.8251 -0.5634
vn 0.9999 0.0124 0.0093
vn -1.0000 0.0066 0.0065
vn 0.0784 0.0776 0.9939
vn -0.1544 -0.8328 -0.5317
vn 0.0562 0.8442 -0.5331
vn 0.0418 -0.8251 0.5634
vn 0.9999 0.0120 -0.0090
vn -1.0000 0.0062 -0.0062
vn 0.5187 -0.0013 0.8550
vn -0.5065 -0.0020 0.8623
vn -0.5133 -0.0013 0.8582
vn 0.5137 -0.0013 0.8580
vn 0.0106 0.9998 -0.0151
vn -0.9999 -0.0029 0.0157
vn -0.9998 -0.0030 0.0201
vn -0.5043 -0.0014 -0.8635
vn -0.4978 -0.0012 -0.8673
vn 0.5102 -0.0002 -0.8600
vn 0.5074 -0.0002 -0.8617
vn 0.9997 -0.0016 0.0259
vn 0.9997 -0.0017 0.0261
vn -0.5065 -0.0021 0.8623
vn -0.5139 -0.0013 0.8579
vn 0.5129 -0.0013 0.8584
vn 0.5186 -0.0014 0.8550
vn 0.0119 0.9998 -0.0170
vn -0.9999 -0.0031 0.0157
vn -0.9998 -0.0031 0.0207
vn -0.5049 -0.0015 -0.8632
vn -0.4978 -0.0013 -0.8673
vn 0.5072 -0.0004 -0.8619
vn 0.9997 -0.0018 0.0259
vn 0.9997 -0.0018 0.0261
vn 0.9927 -0.0692 0.0985
vn 0.0000 0.0163 -0.9999
vn -0.0021 0.0163 -0.9999
vn -0.0010 0.0266 0.9996
vn -0.0000 0.0266 0.9996
vn 0.0003 -0.9995 0.0317
vn 0.0000 -0.9995 0.0317
vn -0.0001 0.9990 0.0439
vn -0.0000 0.9990 0.0439
vn -0.9998 0.0172 -0.0109
vn 0.0390 -0.8379 -0.5445
vn 0.0538 0.8363 0.5456
vn 0.9995 0.0081 0.0299
vn -0.1650 -0.7087 0.6859
vn -0.4774 -0.0005 0.8787
vn -0.4897 -0.0013 0.8719
vn 0.4527 -0.0013 0.8916
vn 0.4639 -0.0022 0.8859
vn -0.0106 0.9998 -0.0151
vn 1.0000 -0.0030 0.0034
vn 0.9998 -0.0029 0.0186
vn 0.4896 -0.0014 -0.8719
vn -0.5235 -0.0002 -0.8520
vn -0.5195 -0.0002 -0.8545
vn 0.5079 -0.0010 -0.8614
vn -0.9999 -0.0017 0.0122
vn -0.9998 -0.0017 0.0208
vn 0.4642 -0.0023 0.8857
vn -0.4764 -0.0004 0.8792
vn -0.4905 -0.0013 0.8715
vn 0.4521 -0.0013 0.8920
vn -0.0119 0.9998 -0.0170
vn 1.0000 -0.0031 0.0029
vn 0.9998 -0.0030 0.0198
vn 0.4890 -0.0015 -0.8723
vn -0.5237 -0.0004 -0.8519
vn -0.5194 -0.0002 -0.8545
vn 0.5090 -0.0010 -0.8608
vn -0.9999 -0.0018 0.0122
vn -0.9998 -0.0018 0.0218
vn -0.9927 -0.0692 0.0985
vn 0.0021 0.0163 -0.9999
vn 0.0010 0.0266 0.9996
vn -0.0003 -0.9995 0.0317
vn 0.0001 0.9990 0.0439
vn -0.0784 0.0776 -0.9939
vn 0.9998 0.0171 -0.0109
vn -0.0390 -0.8379 -0.5445
vn -0.0538 0.8363 0.5456
vn -0.9995 0.0081 0.0299
vn 0.1650 -0.7087 0.6859
vn 0.4774 -0.0005 -0.8787
vn 0.4897 -0.0013 -0.8719
vn -0.4527 -0.0013 -0.8916
vn -0.4639 -0.0022 -0.8859
vn 0.0106 0.9998 0.0151
vn -1.0000 -0.0030 -0.0034
vn -0.9998 -0.0029 -0.0185
vn -0.4896 -0.0014 0.8719
vn 0.5235 -0.0002 0.8520
vn 0.5195 -0.0002 0.8545
vn -0.5079 -0.0010 0.8614
vn 0.9999 -0.0017 -0.0122
vn 0.9998 -0.0017 -0.0208
vn -0.4642 -0.0023 -0.8857
vn 0.4764 -0.0004 -0.8792
vn 0.4905 -0.0013 -0.8715
vn -0.4521 -0.0013 -0.8920
vn 0.0119 0.9998 0.0170
vn -1.0000 -0.0031 -0.0029
vn -0.9998 -0.0030 -0.0198
vn -0.4890 -0.0015 0.8723
vn 0.5237 -0.0004 0.8519
vn 0.5194 -0.0002 0.8545
vn -0.5090 -0.0010 0.8608
vn 0.9999 -0.0018 -0.0122
vn 0.9998 -0.0018 -0.0218
vn 0.9927 -0.0692 -0.0985
vn -0.0000 0.0163 0.9999
vn -0.0021 0.0163 0.9999
vn -0.0010 0.0266 -0.9996
vn -0.0000 0.0266 -0.9996
vn 0.0003 -0.9995 -0.0317
vn -0.0000 -0.9995 -0.0317
vn -0.0001 0.9990 -0.0439
vn 0.0000 0.9990 -0.0439
vn -0.9998 0.0172 0.0109
vn 0.0390 -0.8379 0.5445
vn 0.0538 0.8363 -0.5456
vn 0.9995 0.0081 -0.0299
vn -0.1650 -0.7087 -0.6859
vn -0.5187 -0.0013 -0.8550
vn 0.5065 -0.0020 -0.8623
vn 0.5133 -0.0013 -0.8582
vn -0.5137 -0.0013 -0.8580
vn -0.0106 0.9998 0.0151
vn 0.9999 -0.0029 -0.0156
vn 0.9998 -0.0030 -0.0201
vn 0.5043 -0.0014 0.8635
vn 0.4978 -0.0012 0.8673
vn -0.5102 -0.0002 0.8600
vn -0.5074 -0.0002 0.8617
vn -0.9997 -0.0016 -0.0260
vn -0.9997 -0.0017 -0.0261
vn 0.5065 -0.0021 -0.8623
vn 0.5139 -0.0013 -0.8579
vn -0.5129 -0.0013 -0.8584
vn -0.5186 -0.0014 -0.8550
vn -0.0119 0.9998 0.0170
vn 0.9999 -0.0031 -0.0157
vn 0.9998 -0.0031 -0.0207
vn 0.5049 -0.0015 0.8632
vn 0.4978 -0.0013 0.8673
vn -0.5072 -0.0004 0.8619
vn -0.9997 -0.0018 -0.0259
vn -0.9997 -0.0018 -0.0261
vn -0.9927 -0.0692 -0.0985
vn 0.0021 0.0163 0.9999
vn 0.0010 0.0266 -0.9996
vn -0.0003 -0.9995 -0.0317
vn 0.0001 0.9990 -0.0439
vn -0.0784 0.0776 0.9939
vn 0.9998 0.0171 0.0109
vn -0.0390 -0.8379 0.5445
vn -0.0538 0.8363 -0.5456
vn -0.9995 0.0081 -0.0299
vn 0.1650 -0.7087 -0.6859
vn 0.0598 0.3659 0.9287
vn -0.9996 -0.0084 0.0258
vn 0.0390 0.9992 -0.0053
vn 0.0538 -0.9985 0.0028
vn 0.9993 -0.0232 -0.0287
vn -0.1206 0.1585 -0.9800
usemtl dark_logwood_pattern.004
s 1
f 3413/5049/3212 3414/5050/3212 3416/5051/3212 3415/5052/3212
f 3417/5053/3213 3418/5054/3213 3420/5055/3213 3419/5056/3213
f 3430/5057/3214 3420/5058/3214 3418/5059/3214 3429/5060/3214
f 3428/5061/3215 3426/5062/3215 3422/5063/3215 3424/5064/3215
f 3425/5065/3216 3427/5066/3216 3423/5067/3216 3421/5068/3216
f 3422/5069/3217 3421/5070/3217 3423/5071/3217 3424/5072/3217
f 3427/5073/3218 3428/5074/3218 3424/5075/3218 3423/5076/3218
f 3422/5077/3219 3426/5078/3219 3425/5079/3219 3421/5080/3219
f 3429/5060/3220 3418/5059/3220 3417/5081/3220 3432/5082/3220
f 3417/5083/3221 3419/5084/3221 3431/5085/3221 3432/5086/3221
f 3415/5087/3222 3416/5088/3222 3534/5089/3223 3532/5090/3224
f 3436/5091/3225 3437/5092/3225 3439/5093/3225 3438/5094/3225
f 3481/5095/3226 3439/5096/3226 3437/5097/3226 3480/5098/3226
f 3487/5099/3227 3442/5100/3227 3440/5101/3227 3486/5102/3227
f 3487/5103/3228 3485/5104/3228 3443/5105/3228 3442/5106/3228
f 3442/5107/3229 3443/5108/3229 3441/5109/3229 3440/5110/3229
f 3480/5098/3230 3437/5097/3230 3436/5111/3230 3483/5112/3230
f 3446/5113/3231 3447/5114/3231 3445/5115/3231 3444/5116/3231
f 3448/5117/3232 3449/5118/3232 3451/5119/3232 3450/5120/3232
f 3479/5121/3233 3477/5122/3233 3453/5123/3233 3455/5124/3233
f 3526/5125/3234 3524/5126/3235 3447/5127/3236 3446/5128/3236
f 3476/5129/3237 3478/5130/3237 3454/5131/3237 3452/5132/3237
f 3453/5133/3238 3452/5134/3238 3454/5135/3238 3455/5136/3238
f 3478/5137/3239 3479/5138/3239 3455/5139/3239 3454/5140/3239
f 3523/5141/3240 3526/5142/3241 3446/5143/3242 3444/5144/3242
f 3485/5145/3243 3484/5146/3243 3441/5147/3243 3443/5148/3243
f 3456/5149/3244 3457/5150/3244 3459/5151/3244 3458/5152/3244
f 3469/5153/3245 3459/5154/3245 3457/5155/3245 3468/5156/3245
f 3468/5156/3246 3457/5155/3246 3456/5157/3246 3471/5158/3246
f 3467/5159/3247 3465/5160/3247 3461/5161/3247 3463/5162/3247
f 3464/5163/3248 3466/5164/3248 3462/5165/3248 3460/5166/3248
f 3461/5167/3249 3460/5168/3249 3462/5169/3249 3463/5170/3249
f 3466/5171/3250 3467/5172/3250 3463/5173/3250 3462/5174/3250
f 3461/5175/3251 3465/5176/3251 3464/5177/3251 3460/5178/3251
f 3456/5179/3252 3458/5180/3252 3470/5181/3252 3471/5182/3252
f 3459/5154/3253 3469/5153/3253 3470/5181/3253 3458/5180/3253
f 3472/5183/3254 3473/5184/3254 3449/5185/3254 3448/5186/3254
f 3448/5187/3255 3450/5188/3255 3474/5189/3255 3472/5190/3255
f 3450/5188/3256 3451/5191/3256 3475/5192/3256 3474/5189/3256
f 3453/5123/3257 3477/5122/3257 3476/5193/3257 3452/5194/3257
f 3436/5195/3258 3438/5196/3258 3482/5197/3258 3483/5198/3258
f 3439/5096/3259 3481/5095/3259 3482/5197/3259 3438/5196/3259
f 3440/5199/3260 3441/5147/3260 3484/5146/3260 3486/5200/3260
f 3523/5201/3261 3525/5202/3262 3489/5203/3263 3488/5204/3263
f 3451/5191/3264 3449/5205/3264 3473/5206/3264 3475/5192/3264
f 3491/5207/3265 3492/5208/3265 3494/5209/3265 3493/5210/3265
f 3527/5211/3266 3494/5212/3267 3492/5213/3267 3529/5214/3268
f 3518/5215/3269 3497/5216/3269 3495/5217/3269 3517/5218/3269
f 3518/5219/3270 3516/5220/3270 3498/5221/3270 3497/5222/3270
f 3497/5223/3271 3498/5224/3271 3496/5225/3271 3495/5226/3271
f 3529/5214/3272 3492/5213/3273 3491/5227/3273 3528/5228/3274
f 3501/5229/3275 3502/5230/3275 3500/5231/3275 3499/5232/3275
f 3521/5233/3276 3522/5234/3276 3502/5235/3276 3501/5236/3276
f 3510/5237/3277 3508/5238/3277 3504/5239/3277 3506/5240/3277
f 3519/5241/3278 3521/5242/3278 3501/5243/3278 3499/5244/3278
f 3507/5245/3279 3509/5246/3279 3505/5247/3279 3503/5248/3279
f 3504/5249/3280 3503/5250/3280 3505/5251/3280 3506/5252/3280
f 3509/5253/3281 3510/5254/3281 3506/5255/3281 3505/5256/3281
f 3522/5257/3282 3520/5258/3282 3500/5259/3282 3502/5260/3282
f 3516/5261/3283 3515/5262/3283 3496/5263/3283 3498/5264/3283
f 3504/5239/3284 3508/5238/3284 3507/5265/3284 3503/5266/3284
f 3511/5267/3285 3529/5214/3272 3528/5228/3274 3514/5268/3285
f 3528/5269/3286 3530/5270/3287 3513/5271/3288 3514/5272/3288
f 3495/5273/3289 3496/5263/3289 3515/5262/3289 3517/5274/3289
f 3499/5275/3290 3500/5276/3290 3520/5277/3290 3519/5278/3290
f 3420/5058/3291 3430/5057/3291 3431/5085/3291 3419/5084/3291
f 3524/5279/3292 3525/5280/3293 3445/5281/3294 3447/5282/3294
f 3490/5283/3295 3489/5284/3295 3525/5280/3293 3524/5279/3292
f 3488/5285/3296 3613/5286/3296 3526/5142/3241 3523/5141/3240
f 3613/5287/3297 3490/5288/3297 3524/5126/3235 3526/5125/3234
f 3494/5212/3298 3527/5211/3299 3530/5270/3300 3493/5289/3298
f 3491/5290/3301 3493/5289/3301 3530/5270/3287 3528/5269/3286
f 3512/5291/3302 3527/5211/3266 3529/5214/3268 3511/5267/3302
f 3527/5211/3299 3512/5291/3303 3513/5271/3303 3530/5270/3300
f 3413/5292/3304 3415/5087/3304 3532/5090/3305 3533/5293/3306
f 3531/5294/3307 3434/5295/3308 3558/5296/3308 3534/5089/3309
f 3533/5297/3310 3531/5298/3311 3414/5299/3312 3413/5300/3312
f 3534/5089/3223 3558/5296/3313 3435/5301/3313 3532/5090/3224
f 3532/5090/3305 3435/5301/3314 3433/5302/3314 3533/5293/3306
f 3433/5303/3315 3434/5304/3315 3531/5298/3311 3533/5297/3310
f 3416/5088/3316 3414/5305/3316 3531/5294/3307 3534/5089/3309
f 3535/5306/3317 3537/5307/3317 3538/5308/3317 3536/5309/3317
f 3539/5310/3318 3541/5311/3318 3542/5312/3318 3540/5313/3318
f 3552/5314/3319 3551/5315/3319 3540/5316/3319 3542/5317/3319
f 3550/5318/3320 3546/5319/3320 3544/5320/3320 3548/5321/3320
f 3547/5322/3321 3543/5323/3321 3545/5324/3321 3549/5325/3321
f 3544/5326/3322 3546/5327/3322 3545/5328/3322 3543/5329/3322
f 3549/5330/3323 3545/5331/3323 3546/5332/3323 3550/5333/3323
f 3544/5334/3324 3543/5335/3324 3547/5336/3324 3548/5337/3324
f 3551/5315/3325 3554/5338/3325 3539/5339/3325 3540/5316/3325
f 3539/5340/3326 3554/5341/3326 3553/5342/3326 3541/5343/3326
f 3537/5344/3327 3656/5345/3328 3658/5346/3329 3538/5347/3327
f 3559/5348/3330 3561/5349/3330 3562/5350/3330 3560/5351/3330
f 3604/5352/3331 3603/5353/3331 3560/5354/3331 3562/5355/3331
f 3610/5356/3332 3609/5357/3332 3563/5358/3332 3565/5359/3332
f 3610/5360/3228 3565/5361/3228 3566/5362/3228 3608/5363/3228
f 3565/5364/3333 3563/5365/3333 3564/5366/3333 3566/5367/3333
f 3603/5353/3334 3606/5368/3334 3559/5369/3334 3560/5354/3334
f 3569/5370/3335 3567/5371/3335 3568/5372/3335 3570/5373/3335
f 3650/5374/3336 3569/5375/3337 3570/5376/3337 3648/5377/3338
f 3571/5378/3339 3573/5379/3339 3574/5380/3339 3572/5381/3339
f 3602/5382/3340 3578/5383/3340 3576/5384/3340 3600/5385/3340
f 3647/5386/3341 3567/5387/3342 3569/5388/3342 3650/5389/3343
f 3599/5390/3344 3575/5391/3344 3577/5392/3344 3601/5393/3344
f 3576/5394/3345 3578/5395/3345 3577/5396/3345 3575/5397/3345
f 3601/5398/3346 3577/5399/3346 3578/5400/3346 3602/5401/3346
f 3648/5402/3347 3570/5403/3348 3568/5404/3348 3649/5405/3349
f 3608/5406/3350 3566/5407/3350 3564/5408/3350 3607/5409/3350
f 3579/5410/3351 3581/5411/3351 3582/5412/3351 3580/5413/3351
f 3592/5414/3352 3591/5415/3352 3580/5416/3352 3582/5417/3352
f 3591/5415/3353 3594/5418/3353 3579/5419/3353 3580/5416/3353
f 3590/5420/3354 3586/5421/3354 3584/5422/3354 3588/5423/3354
f 3587/5424/3355 3583/5425/3355 3585/5426/3355 3589/5427/3355
f 3584/5428/3356 3586/5429/3356 3585/5430/3356 3583/5431/3356
f 3589/5432/3357 3585/5433/3357 3586/5434/3357 3590/5435/3357
f 3584/5436/3358 3583/5437/3358 3587/5438/3358 3588/5439/3358
f 3579/5440/3359 3594/5441/3359 3593/5442/3359 3581/5443/3359
f 3582/5417/3360 3581/5443/3360 3593/5442/3360 3592/5414/3360
f 3595/5444/3361 3571/5445/3361 3572/5446/3361 3596/5447/3361
f 3571/5448/3362 3595/5449/3362 3597/5450/3362 3573/5451/3362
f 3573/5451/3363 3597/5450/3363 3598/5452/3363 3574/5453/3363
f 3576/5384/3364 3575/5454/3364 3599/5455/3364 3600/5385/3364
f 3559/5456/3365 3606/5457/3365 3605/5458/3365 3561/5459/3365
f 3562/5355/3366 3561/5459/3366 3605/5458/3366 3604/5352/3366
f 3563/5460/3367 3609/5461/3367 3607/5409/3367 3564/5408/3367
f 3614/5462/3368 3648/5402/3347 3649/5405/3349 3612/5463/3368
f 3574/5453/3369 3598/5452/3369 3596/5464/3369 3572/5465/3369
f 3615/5466/3370 3617/5467/3370 3618/5468/3370 3616/5469/3370
f 3651/5470/3371 3653/5471/3372 3616/5472/3373 3618/5473/3373
f 3642/5474/3374 3641/5475/3374 3619/5476/3374 3621/5477/3374
f 3642/5478/3375 3621/5479/3375 3622/5480/3375 3640/5481/3375
f 3621/5482/3376 3619/5483/3376 3620/5484/3376 3622/5485/3376
f 3653/5471/3377 3652/5486/3378 3615/5487/3379 3616/5472/3379
f 3625/5488/3380 3623/5489/3380 3624/5490/3380 3626/5491/3380
f 3645/5492/3381 3625/5493/3381 3626/5494/3381 3646/5495/3381
f 3634/5496/3382 3630/5497/3382 3628/5498/3382 3632/5499/3382
f 3643/5500/3383 3623/5501/3383 3625/5502/3383 3645/5503/3383
f 3631/5504/3384 3627/5505/3384 3629/5506/3384 3633/5507/3384
f 3628/5508/3385 3630/5509/3385 3629/5510/3385 3627/5511/3385
f 3633/5512/3386 3629/5513/3386 3630/5514/3386 3634/5515/3386
f 3646/5516/3387 3626/5517/3387 3624/5518/3387 3644/5519/3387
f 3640/5520/3388 3622/5521/3388 3620/5522/3388 3639/5523/3388
f 3628/5498/3389 3627/5524/3389 3631/5525/3389 3632/5499/3389
f 3635/5526/3390 3638/5527/3390 3652/5486/3378 3653/5471/3377
f 3652/5528/3391 3638/5529/3392 3637/5530/3392 3654/5531/3393
f 3619/5532/3394 3641/5533/3394 3639/5523/3394 3620/5522/3394
f 3623/5534/3395 3643/5535/3395 3644/5536/3395 3624/5537/3395
f 3542/5317/3396 3541/5343/3396 3553/5342/3396 3552/5314/3396
f 3567/5538/3397 3647/5539/3398 3649/5540/3399 3568/5541/3397
f 3611/5542/3400 3647/5386/3341 3650/5389/3343 3613/5286/3400
f 3613/5287/3401 3650/5374/3336 3648/5377/3338 3614/5543/3401
f 3618/5473/3402 3617/5544/3402 3654/5531/3403 3651/5470/3404
f 3615/5545/3405 3652/5528/3391 3654/5531/3393 3617/5544/3405
f 3636/5546/3406 3635/5526/3406 3653/5471/3372 3651/5470/3371
f 3651/5470/3404 3654/5531/3403 3637/5530/3407 3636/5546/3407
f 3535/5547/3408 3657/5548/3409 3656/5345/3410 3537/5344/3408
f 3655/5549/3411 3658/5346/3412 3558/5296/3413 3556/5550/3413
f 3657/5551/3414 3535/5552/3415 3536/5553/3415 3655/5554/3416
f 3658/5346/3329 3656/5345/3328 3557/5555/3417 3558/5296/3417
f 3656/5345/3410 3657/5548/3409 3555/5556/3418 3557/5555/3418
f 3555/5557/3419 3657/5551/3414 3655/5554/3416 3556/5558/3419
f 3538/5347/3420 3658/5346/3412 3655/5549/3411 3536/5559/3420
f 3445/5560/3421 3525/5202/3262 3523/5201/3261 3444/5561/3421
f 3647/5539/3398 3611/5562/3422 3612/5563/3422 3649/5540/3399
f 3659/5564/3423 3661/5565/3423 3662/5566/3423 3660/5567/3423
f 3663/5568/3424 3665/5569/3424 3666/5570/3424 3664/5571/3424
f 3676/5572/3425 3675/5573/3425 3664/5574/3425 3666/5575/3425
f 3674/5576/3426 3670/5577/3426 3668/5578/3426 3672/5579/3426
f 3671/5580/3427 3667/5581/3427 3669/5582/3427 3673/5583/3427
f 3668/5584/3428 3670/5585/3428 3669/5586/3428 3667/5587/3428
f 3673/5588/3429 3669/5589/3429 3670/5590/3429 3674/5591/3429
f 3668/5592/3430 3667/5593/3430 3671/5594/3430 3672/5595/3430
f 3675/5573/3431 3678/5596/3431 3663/5597/3431 3664/5574/3431
f 3663/5598/3432 3678/5599/3432 3677/5600/3432 3665/5601/3432
f 3661/5602/3433 3778/5603/3434 3780/5604/3435 3662/5605/3433
f 3682/5606/3436 3684/5607/3436 3685/5608/3436 3683/5609/3436
f 3727/5610/3437 3726/5611/3437 3683/5612/3437 3685/5613/3437
f 3733/5614/3438 3732/5615/3438 3686/5616/3438 3688/5617/3438
f 3733/5618/3439 3688/5619/3439 3689/5620/3439 3731/5621/3439
f 3688/5622/3440 3686/5623/3440 3687/5624/3440 3689/5625/3440
f 3726/5611/3441 3729/5626/3441 3682/5627/3441 3683/5612/3441
f 3692/5628/3442 3690/5629/3442 3691/5630/3442 3693/5631/3442
f 3694/5632/3443 3696/5633/3443 3697/5634/3443 3695/5635/3443
f 3725/5636/3444 3701/5637/3444 3699/5638/3444 3723/5639/3444
f 3772/5640/3445 3692/5641/3446 3693/5642/3446 3770/5643/3447
f 3722/5644/3448 3698/5645/3448 3700/5646/3448 3724/5647/3448
f 3699/5648/3449 3701/5649/3449 3700/5650/3449 3698/5651/3449
f 3724/5652/3450 3700/5653/3450 3701/5654/3450 3725/5655/3450
f 3769/5656/3451 3690/5657/3452 3692/5658/3452 3772/5659/3453
f 3731/5660/3454 3689/5661/3454 3687/5662/3454 3730/5663/3454
f 3702/5664/3455 3704/5665/3455 3705/5666/3455 3703/5667/3455
f 3715/5668/3456 3714/5669/3456 3703/5670/3456 3705/5671/3456
f 3714/5669/3457 3717/5672/3457 3702/5673/3457 3703/5670/3457
f 3713/5674/3458 3709/5675/3458 3707/5676/3458 3711/5677/3458
f 3710/5678/3459 3706/5679/3459 3708/5680/3459 3712/5681/3459
f 3707/5682/3460 3709/5683/3460 3708/5684/3460 3706/5685/3460
f 3712/5686/3461 3708/5687/3461 3709/5688/3461 3713/5689/3461
f 3707/5690/3462 3706/5691/3462 3710/5692/3462 3711/5693/3462
f 3702/5694/3463 3717/5695/3463 3716/5696/3463 3704/5697/3463
f 3705/5671/3464 3704/5697/3464 3716/5696/3464 3715/5668/3464
f 3718/5698/3465 3694/5699/3465 3695/5700/3465 3719/5701/3465
f 3694/5702/3466 3718/5703/3466 3720/5704/3466 3696/5705/3466
f 3696/5705/3467 3720/5704/3467 3721/5706/3467 3697/5707/3467
f 3699/5638/3468 3698/5708/3468 3722/5709/3468 3723/5639/3468
f 3682/5710/3469 3729/5711/3469 3728/5712/3469 3684/5713/3469
f 3685/5613/3470 3684/5713/3470 3728/5712/3470 3727/5610/3470
f 3686/5714/3471 3732/5715/3471 3730/5663/3471 3687/5662/3471
f 3769/5716/3472 3734/5717/3473 3735/5718/3473 3771/5719/3474
f 3697/5707/3475 3721/5706/3475 3719/5720/3475 3695/5721/3475
f 3737/5722/3476 3739/5723/3476 3740/5724/3476 3738/5725/3476
f 3773/5726/3477 3775/5727/3478 3738/5728/3479 3740/5729/3479
f 3764/5730/3480 3763/5731/3480 3741/5732/3480 3743/5733/3480
f 3764/5734/3481 3743/5735/3481 3744/5736/3481 3762/5737/3481
f 3743/5738/3482 3741/5739/3482 3742/5740/3482 3744/5741/3482
f 3775/5727/3483 3774/5742/3484 3737/5743/3485 3738/5728/3485
f 3747/5744/3486 3745/5745/3486 3746/5746/3486 3748/5747/3486
f 3767/5748/3487 3747/5749/3487 3748/5750/3487 3768/5751/3487
f 3756/5752/3488 3752/5753/3488 3750/5754/3488 3754/5755/3488
f 3765/5756/3489 3745/5757/3489 3747/5758/3489 3767/5759/3489
f 3753/5760/3490 3749/5761/3490 3751/5762/3490 3755/5763/3490
f 3750/5764/3491 3752/5765/3491 3751/5766/3491 3749/5767/3491
f 3755/5768/3492 3751/5769/3492 3752/5770/3492 3756/5771/3492
f 3768/5772/3493 3748/5773/3493 3746/5774/3493 3766/5775/3493
f 3762/5776/3494 3744/5777/3494 3742/5778/3494 3761/5779/3494
f 3750/5754/3495 3749/5780/3495 3753/5781/3495 3754/5755/3495
f 3757/5782/3496 3760/5783/3496 3774/5742/3484 3775/5727/3483
f 3774/5784/3497 3760/5785/3498 3759/5786/3498 3776/5787/3499
f 3741/5788/3500 3763/5789/3500 3761/5779/3500 3742/5778/3500
f 3745/5790/3501 3765/5791/3501 3766/5792/3501 3746/5793/3501
f 3666/5575/3502 3665/5601/3502 3677/5600/3502 3676/5572/3502
f 3770/5794/3503 3693/5795/3504 3691/5796/3504 3771/5797/3505
f 3736/5798/3506 3770/5794/3503 3771/5797/3505 3735/5799/3506
f 3734/5800/3507 3769/5656/3451 3772/5659/3453 3859/5801/3507
f 3859/5802/3508 3772/5640/3445 3770/5643/3447 3736/5803/3508
f 3740/5729/3509 3739/5804/3509 3776/5787/3510 3773/5726/3511
f 3737/5805/3512 3774/5784/3497 3776/5787/3499 3739/5804/3512
f 3758/5806/3513 3757/5782/3513 3775/5727/3478 3773/5726/3477
f 3773/5726/3511 3776/5787/3510 3759/5786/3514 3758/5806/3514
f 3659/5807/3515 3779/5808/3516 3778/5603/3517 3661/5602/3515
f 3777/5809/3518 3780/5604/3519 3804/5810/3520 3680/5811/3520
f 3779/5812/3521 3659/5813/3522 3660/5814/3522 3777/5815/3523
f 3780/5604/3435 3778/5603/3434 3681/5816/3524 3804/5810/3524
f 3778/5603/3517 3779/5808/3516 3679/5817/3525 3681/5816/3525
f 3679/5818/3526 3779/5812/3521 3777/5815/3523 3680/5819/3526
f 3662/5605/3527 3780/5604/3519 3777/5809/3518 3660/5820/3527
f 3781/5821/3528 3782/5822/3528 3784/5823/3528 3783/5824/3528
f 3785/5825/3529 3786/5826/3529 3788/5827/3529 3787/5828/3529
f 3798/5829/3530 3788/5830/3530 3786/5831/3530 3797/5832/3530
f 3796/5833/3531 3794/5834/3531 3790/5835/3531 3792/5836/3531
f 3793/5837/3532 3795/5838/3532 3791/5839/3532 3789/5840/3532
f 3790/5841/3533 3789/5842/3533 3791/5843/3533 3792/5844/3533
f 3795/5845/3534 3796/5846/3534 3792/5847/3534 3791/5848/3534
f 3790/5849/3535 3794/5850/3535 3793/5851/3535 3789/5852/3535
f 3797/5832/3536 3786/5831/3536 3785/5853/3536 3800/5854/3536
f 3785/5855/3537 3787/5856/3537 3799/5857/3537 3800/5858/3537
f 3783/5859/3538 3784/5860/3538 3904/5861/3539 3902/5862/3540
f 3805/5863/3541 3806/5864/3541 3808/5865/3541 3807/5866/3541
f 3850/5867/3542 3808/5868/3542 3806/5869/3542 3849/5870/3542
f 3856/5871/3543 3811/5872/3543 3809/5873/3543 3855/5874/3543
f 3856/5875/3439 3854/5876/3439 3812/5877/3439 3811/5878/3439
f 3811/5879/3544 3812/5880/3544 3810/5881/3544 3809/5882/3544
f 3849/5870/3545 3806/5869/3545 3805/5883/3545 3852/5884/3545
f 3815/5885/3546 3816/5886/3546 3814/5887/3546 3813/5888/3546
f 3896/5889/3547 3894/5890/3548 3816/5891/3549 3815/5892/3549
f 3817/5893/3550 3818/5894/3550 3820/5895/3550 3819/5896/3550
f 3848/5897/3551 3846/5898/3551 3822/5899/3551 3824/5900/3551
f 3893/5901/3552 3896/5902/3553 3815/5903/3554 3813/5904/3554
f 3845/5905/3555 3847/5906/3555 3823/5907/3555 3821/5908/3555
f 3822/5909/3556 3821/5910/3556 3823/5911/3556 3824/5912/3556
f 3847/5913/3557 3848/5914/3557 3824/5915/3557 3823/5916/3557
f 3894/5917/3558 3895/5918/3559 3814/5919/3560 3816/5920/3560
f 3854/5921/3561 3853/5922/3561 3810/5923/3561 3812/5924/3561
f 3825/5925/3562 3826/5926/3562 3828/5927/3562 3827/5928/3562
f 3838/5929/3563 3828/5930/3563 3826/5931/3563 3837/5932/3563
f 3837/5932/3564 3826/5931/3564 3825/5933/3564 3840/5934/3564
f 3836/5935/3565 3834/5936/3565 3830/5937/3565 3832/5938/3565
f 3833/5939/3566 3835/5940/3566 3831/5941/3566 3829/5942/3566
f 3830/5943/3567 3829/5944/3567 3831/5945/3567 3832/5946/3567
f 3835/5947/3568 3836/5948/3568 3832/5949/3568 3831/5950/3568
f 3830/5951/3569 3834/5952/3569 3833/5953/3569 3829/5954/3569
f 3825/5955/3570 3827/5956/3570 3839/5957/3570 3840/5958/3570
f 3828/5930/3571 3838/5929/3571 3839/5957/3571 3827/5956/3571
f 3841/5959/3572 3842/5960/3572 3818/5961/3572 3817/5962/3572
f 3817/5963/3573 3819/5964/3573 3843/5965/3573 3841/5966/3573
f 3819/5964/3574 3820/5967/3574 3844/5968/3574 3843/5965/3574
f 3822/5899/3575 3846/5898/3575 3845/5969/3575 3821/5970/3575
f 3805/5971/3576 3807/5972/3576 3851/5973/3576 3852/5974/3576
f 3808/5868/3577 3850/5867/3577 3851/5973/3577 3807/5972/3577
f 3809/5975/3578 3810/5923/3578 3853/5922/3578 3855/5976/3578
f 3860/5977/3579 3858/5978/3579 3895/5918/3559 3894/5917/3558
f 3820/5967/3580 3818/5979/3580 3842/5980/3580 3844/5968/3580
f 3861/5981/3581 3862/5982/3581 3864/5983/3581 3863/5984/3581
f 3897/5985/3582 3864/5986/3583 3862/5987/3583 3899/5988/3584
f 3888/5989/3585 3867/5990/3585 3865/5991/3585 3887/5992/3585
f 3888/5993/3586 3886/5994/3586 3868/5995/3586 3867/5996/3586
f 3867/5997/3587 3868/5998/3587 3866/5999/3587 3865/6000/3587
f 3899/5988/3588 3862/5987/3589 3861/6001/3589 3898/6002/3590
f 3871/6003/3591 3872/6004/3591 3870/6005/3591 3869/6006/3591
f 3891/6007/3592 3892/6008/3592 3872/6009/3592 3871/6010/3592
f 3880/6011/3593 3878/6012/3593 3874/6013/3593 3876/6014/3593
f 3889/6015/3594 3891/6016/3594 3871/6017/3594 3869/6018/3594
f 3877/6019/3595 3879/6020/3595 3875/6021/3595 3873/6022/3595
f 3874/6023/3596 3873/6024/3596 3875/6025/3596 3876/6026/3596
f 3879/6027/3597 3880/6028/3597 3876/6029/3597 3875/6030/3597
f 3892/6031/3598 3890/6032/3598 3870/6033/3598 3872/6034/3598
f 3886/6035/3599 3885/6036/3599 3866/6037/3599 3868/6038/3599
f 3874/6013/3600 3878/6012/3600 3877/6039/3600 3873/6040/3600
f 3881/6041/3601 3899/5988/3588 3898/6002/3590 3884/6042/3601
f 3898/6043/3602 3900/6044/3603 3883/6045/3604 3884/6046/3604
f 3865/6047/3605 3866/6037/3605 3885/6036/3605 3887/6048/3605
f 3869/6049/3606 3870/6050/3606 3890/6051/3606 3889/6052/3606
f 3788/5830/3607 3798/5829/3607 3799/5857/3607 3787/5856/3607
f 3813/6053/3608 3814/6054/3608 3895/6055/3609 3893/6056/3610
f 3857/6057/3611 3859/5801/3611 3896/5902/3553 3893/5901/3552
f 3859/5802/3612 3860/6058/3612 3894/5890/3548 3896/5889/3547
f 3864/5986/3613 3897/5985/3614 3900/6044/3615 3863/6059/3613
f 3861/6060/3616 3863/6059/3616 3900/6044/3603 3898/6043/3602
f 3882/6061/3617 3897/5985/3582 3899/5988/3584 3881/6041/3617
f 3897/5985/3614 3882/6061/3618 3883/6045/3618 3900/6044/3615
f 3781/6062/3619 3783/5859/3619 3902/5862/3620 3903/6063/3621
f 3901/6064/3622 3802/6065/3623 3804/5810/3623 3904/5861/3624
f 3903/6066/3625 3901/6067/3626 3782/6068/3627 3781/6069/3627
f 3904/5861/3539 3804/5810/3628 3803/6070/3628 3902/5862/3540
f 3902/5862/3620 3803/6070/3629 3801/6071/3629 3903/6063/3621
f 3801/6072/3630 3802/6073/3630 3901/6067/3626 3903/6066/3625
f 3784/5860/3631 3782/6074/3631 3901/6064/3622 3904/5861/3624
f 3691/6075/3632 3690/6076/3632 3769/5716/3472 3771/5719/3474
f 3893/6056/3610 3895/6055/3609 3858/6077/3633 3857/6078/3633
f 3905/6079/3634 3906/6080/3634 3908/6081/3634 3907/6082/3634
f 3974/6083/3635 3908/6084/3636 3906/6085/3636 3973/6086/3635
f 3973/6086/3637 3906/6085/3638 3905/6087/3638 3976/6088/3637
f 3911/6089/3639 3912/6090/3639 3910/6091/3639 3909/6092/3639
f 3979/6093/3640 3980/6094/3640 3912/6095/3641 3911/6096/3641
f 3913/6097/3642 3914/6098/3642 3916/6099/3642 3915/6100/3642
f 3972/6101/3643 3970/6102/3643 3918/6103/3644 3920/6104/3644
f 3977/6105/3645 3979/6106/3645 3911/6107/3646 3909/6108/3646
f 3969/6109/3647 3971/6110/3647 3919/6111/3648 3917/6112/3648
f 3918/6113/3649 3917/6114/3649 3919/6115/3649 3920/6116/3649
f 3971/6117/3650 3972/6118/3650 3920/6119/3651 3919/6120/3651
f 3980/6121/3652 3978/6122/3652 3910/6123/3653 3912/6124/3653
f 3921/6125/3654 3922/6126/3654 3924/6127/3654 3923/6128/3654
f 3962/6129/3635 3924/6130/3636 3922/6131/3636 3961/6132/3635
f 3961/6132/3655 3922/6131/3656 3921/6133/3656 3964/6134/3655
f 3921/6135/3657 3923/6136/3657 3963/6137/3658 3964/6138/3658
f 3924/6139/3659 3962/6140/3660 3963/6141/3660 3923/6142/3659
f 3965/6143/3661 3966/6144/3661 3914/6145/3662 3913/6146/3662
f 3913/6147/3663 3915/6148/3663 3967/6149/3664 3965/6150/3664
f 3915/6148/3665 3916/6151/3665 3968/6152/3666 3967/6149/3666
f 3918/6103/3667 3970/6102/3668 3969/6153/3668 3917/6154/3667
f 3905/6155/3657 3907/6156/3657 3975/6157/3669 3976/6158/3669
f 3908/6159/3659 3974/6160/3660 3975/6161/3660 3907/6162/3659
f 3909/6163/3670 3910/6164/3670 3978/6165/3671 3977/6166/3671
f 3916/6151/3672 3914/6167/3672 3966/6168/3673 3968/6152/3673
f 3927/6169/3639 3928/6170/3639 3926/6171/3639 3925/6172/3639
f 4011/6173/3640 4012/6174/3640 3928/6175/3641 3927/6176/3641
f 3929/6177/3674 3930/6178/3674 3932/6179/3674 3931/6180/3674
f 4009/6181/3675 4011/6182/3675 3927/6183/3646 3925/6184/3646
f 4012/6185/3676 4010/6186/3676 3926/6187/3653 3928/6188/3653
f 3933/6189/3654 3934/6190/3654 3936/6191/3654 3935/6192/3654
f 4002/6193/3635 3936/6194/3636 3934/6195/3636 4001/6196/3635
f 4001/6196/3677 3934/6195/3656 3933/6197/3656 4004/6198/3677
f 4000/6199/3643 3998/6200/3643 3938/6201/3644 3940/6202/3644
f 3997/6203/3647 3999/6204/3647 3939/6205/3648 3937/6206/3648
f 3938/6207/3678 3937/6208/3678 3939/6209/3678 3940/6210/3678
f 3999/6211/3679 4000/6212/3679 3940/6213/3680 3939/6214/3680
f 3938/6215/3681 3998/6216/3682 3997/6217/3682 3937/6218/3681
f 3933/6219/3657 3935/6220/3657 4003/6221/3669 4004/6222/3669
f 3936/6223/3659 4002/6224/3660 4003/6225/3660 3935/6226/3659
f 4005/6227/3661 4006/6228/3661 3930/6229/3662 3929/6230/3662
f 3929/6231/3663 3931/6232/3663 4007/6233/3664 4005/6234/3664
f 3931/6232/3665 3932/6235/3665 4008/6236/3666 4007/6233/3666
f 3925/6237/3670 3926/6238/3670 4010/6239/3671 4009/6240/3671
f 3932/6235/3672 3930/6241/3672 4006/6242/3673 4008/6236/3673
f 3941/6243/3683 3943/6244/3683 3944/6245/3683 3942/6246/3683
f 3974/6083/3635 3973/6086/3635 3942/6247/3684 3944/6248/3684
f 3973/6086/3637 3976/6088/3637 3941/6249/3685 3942/6247/3685
f 3947/6250/3686 3945/6251/3686 3946/6252/3686 3948/6253/3686
f 3979/6093/3640 3947/6254/3687 3948/6255/3687 3980/6094/3640
f 3949/6256/3688 3951/6257/3688 3952/6258/3688 3950/6259/3688
f 3972/6101/3643 3956/6260/3689 3954/6261/3689 3970/6102/3643
f 3977/6105/3645 3945/6262/3690 3947/6263/3690 3979/6106/3645
f 3969/6109/3647 3953/6264/3691 3955/6265/3691 3971/6110/3647
f 3954/6266/3692 3956/6267/3692 3955/6268/3692 3953/6269/3692
f 3971/6117/3650 3955/6270/3693 3956/6271/3693 3972/6118/3650
f 3980/6121/3652 3948/6272/3694 3946/6273/3694 3978/6122/3652
f 3957/6274/3695 3959/6275/3695 3960/6276/3695 3958/6277/3695
f 3962/6129/3635 3961/6132/3635 3958/6278/3684 3960/6279/3684
f 3961/6132/3655 3964/6134/3655 3957/6280/3696 3958/6278/3696
f 3957/6281/3697 3964/6138/3658 3963/6137/3658 3959/6282/3697
f 3960/6283/3698 3959/6284/3698 3963/6141/3660 3962/6140/3660
f 3965/6143/3661 3949/6285/3699 3950/6286/3699 3966/6144/3661
f 3949/6287/3700 3965/6150/3664 3967/6149/3664 3951/6288/3700
f 3951/6288/3701 3967/6149/3666 3968/6152/3666 3952/6289/3701
f 3954/6261/3702 3953/6290/3702 3969/6153/3668 3970/6102/3668
f 3941/6291/3703 3976/6158/3669 3975/6157/3669 3943/6292/3703
f 3944/6293/3704 3943/6294/3704 3975/6161/3660 3974/6160/3660
f 3945/6295/3705 3977/6166/3671 3978/6165/3671 3946/6296/3705
f 3952/6289/3706 3968/6152/3673 3966/6168/3673 3950/6297/3706
f 3983/6298/3686 3981/6299/3686 3982/6300/3686 3984/6301/3686
f 4011/6173/3640 3983/6302/3707 3984/6303/3707 4012/6174/3640
f 3985/6304/3688 3987/6305/3688 3988/6306/3688 3986/6307/3688
f 4009/6181/3675 3981/6308/3708 3983/6309/3708 4011/6182/3675
f 4012/6185/3676 3984/6310/3709 3982/6311/3709 4010/6186/3676
f 3989/6312/3695 3991/6313/3695 3992/6314/3695 3990/6315/3695
f 4002/6193/3635 4001/6196/3635 3990/6316/3684 3992/6317/3684
f 4001/6196/3677 4004/6198/3677 3989/6318/3710 3990/6316/3710
f 4000/6199/3643 3996/6319/3689 3994/6320/3689 3998/6200/3643
f 3997/6203/3647 3993/6321/3691 3995/6322/3691 3999/6204/3647
f 3994/6323/3711 3996/6324/3711 3995/6325/3711 3993/6326/3711
f 3999/6211/3679 3995/6327/3712 3996/6328/3712 4000/6212/3679
f 3994/6329/3713 3993/6330/3713 3997/6217/3682 3998/6216/3682
f 3989/6331/3703 4004/6222/3669 4003/6221/3669 3991/6332/3703
f 3992/6333/3704 3991/6334/3704 4003/6225/3660 4002/6224/3660
f 4005/6227/3661 3985/6335/3699 3986/6336/3699 4006/6228/3661
f 3985/6337/3700 4005/6234/3664 4007/6233/3664 3987/6338/3700
f 3987/6338/3701 4007/6233/3666 4008/6236/3666 3988/6339/3701
f 3981/6340/3705 4009/6240/3671 4010/6239/3671 3982/6341/3705
f 3988/6339/3714 4008/6236/3673 4006/6242/3673 3986/6342/3714
usemtl pattern_logwood.003
f 3030/6343/3715 3029/6344/3715 3031/6345/3715 3032/6346/3715
f 3035/6347/3716 3036/6348/3716 3032/6349/3716 3031/6350/3716
f 3034/6351/3717 3033/6352/3717 3029/6353/3717 3030/6354/3717
f 3035/6355/3718 3033/6356/3718 3034/6357/3718 3036/6358/3718
f 3034/6359/3719 3030/6360/3719 3032/6361/3719 3036/6362/3719
f 3029/6363/3720 3033/6356/3720 3035/6355/3720 3031/6364/3720
f 3038/6365/3721 3040/6366/3721 3039/6367/3721 3037/6368/3721
f 3043/6369/3716 3039/6370/3716 3040/6371/3716 3044/6372/3716
f 3042/6373/3717 3038/6374/3717 3037/6375/3717 3041/6376/3717
f 3043/6377/3722 3044/6378/3722 3042/6379/3722 3041/6380/3722
f 3042/6381/3720 3044/6382/3720 3040/6383/3720 3038/6384/3720
f 3037/6385/3719 3039/6386/3719 3043/6377/3719 3041/6380/3719
f 3046/6387/3718 3045/6388/3718 3047/6389/3718 3048/6390/3718
f 3051/6391/3716 3052/6392/3716 3048/6393/3716 3047/6394/3716
f 3050/6395/3717 3049/6396/3717 3045/6397/3717 3046/6398/3717
f 3051/6399/3715 3049/6400/3715 3050/6401/3715 3052/6402/3715
f 3050/6403/3723 3046/6404/3723 3048/6405/3723 3052/6406/3723
f 3045/6407/3724 3049/6400/3724 3051/6399/3724 3047/6408/3724
f 3054/6409/3722 3056/6410/3722 3055/6411/3722 3053/6412/3722
f 3059/6413/3716 3055/6414/3716 3056/6415/3716 3060/6416/3716
f 3058/6417/3717 3054/6418/3717 3053/6419/3717 3057/6420/3717
f 3059/6421/3721 3060/6422/3721 3058/6423/3721 3057/6424/3721
f 3058/6425/3724 3060/6426/3724 3056/6427/3724 3054/6428/3724
f 3053/6429/3723 3055/6430/3723 3059/6421/3723 3057/6424/3723
f 3062/6431/3725 3061/6432/3725 3063/6433/3725 3064/6434/3725
f 3067/6435/3726 3065/6436/3726 3066/6437/3726 3068/6438/3726
f 3066/6439/3716 3062/6440/3716 3064/6441/3716 3068/6442/3716
f 3061/6443/3717 3065/6436/3717 3067/6435/3717 3063/6444/3717
f 3070/6445/3727 3072/6446/3727 3071/6447/3727 3069/6448/3727
f 3075/6449/3728 3076/6450/3728 3074/6451/3728 3073/6452/3728
f 3074/6453/3717 3076/6454/3717 3072/6455/3717 3070/6456/3717
f 3069/6457/3716 3071/6458/3716 3075/6449/3716 3073/6452/3716
f 3078/6459/3726 3077/6460/3726 3079/6461/3726 3080/6462/3726
f 3083/6463/3725 3081/6464/3725 3082/6465/3725 3084/6466/3725
f 3082/6467/3717 3078/6468/3717 3080/6469/3717 3084/6470/3717
f 3077/6471/3716 3081/6464/3716 3083/6463/3716 3079/6472/3716
f 3086/6473/3728 3088/6474/3728 3087/6475/3728 3085/6476/3728
f 3091/6477/3727 3092/6478/3727 3090/6479/3727 3089/6480/3727
f 3090/6481/3716 3092/6482/3716 3088/6483/3716 3086/6484/3716
f 3085/6485/3717 3087/6486/3717 3091/6477/3717 3089/6480/3717
f 3094/6487/3725 3093/6488/3725 3095/6489/3725 3096/6490/3725
f 3099/6491/3726 3097/6492/3726 3098/6493/3726 3100/6494/3726
f 3098/6495/3716 3094/6496/3716 3096/6497/3716 3100/6498/3716
f 3093/6499/3717 3097/6492/3717 3099/6491/3717 3095/6500/3717
f 3102/6501/3727 3104/6502/3727 3103/6503/3727 3101/6504/3727
f 3107/6505/3728 3108/6506/3728 3106/6507/3728 3105/6508/3728
f 3106/6509/3717 3108/6510/3717 3104/6511/3717 3102/6512/3717
f 3101/6513/3716 3103/6514/3716 3107/6505/3716 3105/6508/3716
f 3110/6515/3729 3109/6516/3729 3111/6517/3729 3112/6518/3729
f 3115/6519/3730 3113/6520/3730 3114/6521/3730 3116/6522/3730
f 3114/6523/3717 3110/6524/3717 3112/6525/3717 3116/6526/3717
f 3109/6527/3716 3113/6520/3716 3115/6519/3716 3111/6528/3716
f 3118/6529/3731 3120/6530/3731 3119/6531/3731 3117/6532/3731
f 3123/6533/3732 3124/6534/3732 3122/6535/3732 3121/6536/3732
f 3122/6537/3716 3124/6538/3716 3120/6539/3716 3118/6540/3716
f 3117/6541/3717 3119/6542/3717 3123/6533/3717 3121/6536/3717
f 3126/6543/3733 3125/6544/3733 3127/6545/3733 3128/6546/3733
f 3131/6547/3734 3129/6548/3734 3130/6549/3734 3132/6550/3734
f 3130/6551/3716 3126/6552/3716 3128/6553/3716 3132/6554/3716
f 3125/6555/3717 3129/6548/3717 3131/6547/3717 3127/6556/3717
f 3134/6557/3734 3133/6558/3734 3135/6559/3734 3136/6560/3734
f 3139/6561/3733 3137/6562/3733 3138/6563/3733 3140/6564/3733
f 3138/6565/3717 3134/6566/3717 3136/6567/3717 3140/6568/3717
f 3133/6569/3716 3137/6562/3716 3139/6561/3716 3135/6570/3716
f 3142/6571/3735 3144/6572/3735 3143/6573/3735 3141/6574/3735
f 3147/6575/3736 3148/6576/3736 3146/6577/3736 3145/6578/3736
f 3146/6579/3716 3148/6580/3716 3144/6581/3716 3142/6582/3716
f 3141/6583/3717 3143/6584/3717 3147/6575/3717 3145/6578/3717
f 3150/6585/3733 3149/6586/3733 3151/6587/3733 3152/6588/3733
f 3155/6589/3734 3153/6590/3734 3154/6591/3734 3156/6592/3734
f 3154/6593/3716 3150/6594/3716 3152/6595/3716 3156/6596/3716
f 3149/6597/3717 3153/6590/3717 3155/6589/3717 3151/6598/3717
f 3158/6599/3736 3160/6600/3736 3159/6601/3736 3157/6602/3736
f 3163/6603/3735 3164/6604/3735 3162/6605/3735 3161/6606/3735
f 3162/6607/3717 3164/6608/3717 3160/6609/3717 3158/6610/3717
f 3157/6611/3716 3159/6612/3716 3163/6603/3716 3161/6606/3716
f 3166/6613/3734 3165/6614/3734 3167/6615/3734 3168/6616/3734
f 3171/6617/3733 3169/6618/3733 3170/6619/3733 3172/6620/3733
f 3170/6621/3717 3166/6622/3717 3168/6623/3717 3172/6624/3717
f 3165/6625/3716 3169/6618/3716 3171/6617/3716 3167/6626/3716
f 3174/6627/3735 3176/6628/3735 3175/6629/3735 3173/6630/3735
f 3179/6631/3736 3180/6632/3736 3178/6633/3736 3177/6634/3736
f 3178/6635/3716 3180/6636/3716 3176/6637/3716 3174/6638/3716
f 3173/6639/3717 3175/6640/3717 3179/6631/3717 3177/6634/3717
f 3185/6641/3737 3184/6642/3737 3181/6643/3737 3182/6644/3737
f 3186/6645/3738 3188/6646/3738 3184/6647/3738 3185/6648/3738
f 3185/6649/3739 3182/6650/3739 3183/6651/3739 3186/6652/3739
f 3181/6653/3740 3184/6654/3740 3188/6655/3740 3187/6656/3740
f 3182/6657/3741 3181/6653/3741 3187/6656/3741 3183/6658/3741
f 3187/6659/3742 3188/6660/3742 3186/6661/3742 3183/6662/3742
f 3193/6663/3743 3192/6664/3743 3189/6665/3743 3190/6666/3743
f 3194/6667/3744 3196/6668/3744 3192/6669/3744 3193/6670/3744
f 3193/6671/3745 3190/6672/3745 3191/6673/3745 3194/6674/3745
f 3189/6675/3746 3192/6676/3746 3196/6677/3746 3195/6678/3746
f 3190/6679/3747 3189/6675/3747 3195/6678/3747 3191/6680/3747
f 3195/6681/3748 3196/6682/3748 3194/6683/3748 3191/6684/3748
f 3201/6685/3737 3200/6686/3737 3197/6687/3737 3198/6688/3737
f 3202/6689/3749 3204/6690/3749 3200/6691/3749 3201/6692/3749
f 3201/6693/3750 3198/6694/3750 3199/6695/3750 3202/6696/3750
f 3197/6697/3751 3200/6698/3751 3204/6699/3751 3203/6700/3751
f 3198/6701/3752 3197/6697/3752 3203/6700/3752 3199/6702/3752
f 3203/6703/3742 3204/6704/3742 3202/6705/3742 3199/6706/3742
f 3209/6707/3743 3208/6708/3743 3205/6709/3743 3206/6710/3743
f 3210/6711/3753 3212/6712/3753 3208/6713/3753 3209/6714/3753
f 3209/6715/3754 3206/6716/3754 3207/6717/3754 3210/6718/3754
f 3205/6719/3755 3208/6720/3755 3212/6721/3755 3211/6722/3755
f 3206/6723/3756 3205/6719/3756 3211/6722/3756 3207/6724/3756
f 3211/6725/3748 3212/6726/3748 3210/6727/3748 3207/6728/3748
f 3217/6729/3757 3216/6730/3757 3213/6731/3757 3214/6732/3757
f 3218/6733/3758 3220/6734/3758 3216/6735/3758 3217/6736/3758
f 3217/6737/3759 3214/6738/3759 3215/6739/3759 3218/6740/3759
f 3213/6741/3760 3216/6742/3760 3220/6743/3760 3219/6744/3760
f 3214/6745/3761 3213/6741/3761 3219/6744/3761 3215/6746/3761
f 3219/6747/3762 3220/6748/3762 3218/6749/3762 3215/6750/3762
f 3225/6751/3763 3224/6752/3763 3221/6753/3763 3222/6754/3763
f 3226/6755/3764 3228/6756/3764 3224/6757/3764 3225/6758/3764
f 3225/6759/3765 3222/6760/3765 3223/6761/3765 3226/6762/3765
f 3221/6763/3766 3224/6764/3766 3228/6765/3766 3227/6766/3766
f 3222/6767/3767 3221/6763/3767 3227/6766/3767 3223/6768/3767
f 3227/6769/3768 3228/6770/3768 3226/6771/3768 3223/6772/3768
f 3233/6773/3757 3232/6774/3757 3229/6775/3757 3230/6776/3757
f 3234/6777/3769 3236/6778/3769 3232/6779/3769 3233/6780/3769
f 3233/6781/3770 3230/6782/3770 3231/6783/3770 3234/6784/3770
f 3229/6785/3771 3232/6786/3771 3236/6787/3771 3235/6788/3771
f 3230/6789/3772 3229/6785/3772 3235/6788/3772 3231/6790/3772
f 3235/6791/3762 3236/6792/3762 3234/6793/3762 3231/6794/3762
f 3241/6795/3763 3240/6796/3763 3237/6797/3763 3238/6798/3763
f 3242/6799/3773 3244/6800/3773 3240/6801/3773 3241/6802/3773
f 3241/6803/3774 3238/6804/3774 3239/6805/3774 3242/6806/3774
f 3237/6807/3775 3240/6808/3775 3244/6809/3775 3243/6810/3775
f 3238/6811/3776 3237/6807/3776 3243/6810/3776 3239/6812/3776
f 3243/6813/3768 3244/6814/3768 3242/6815/3768 3239/6816/3768
f 3250/6817/3777 3249/6818/3777 3245/6819/3777 3246/6820/3777
f 3248/6821/3778 3247/6822/3778 3251/6823/3778 3252/6824/3778
f 3245/6825/3779 3249/6826/3779 3251/6827/3779 3247/6828/3779
f 3250/6829/3780 3246/6830/3780 3248/6831/3780 3252/6832/3780
f 3246/6833/3781 3245/6825/3781 3247/6828/3781 3248/6834/3781
f 3252/6835/3782 3251/6827/3782 3249/6826/3782 3250/6836/3782
f 3258/6837/3783 3254/6838/3783 3253/6839/3783 3257/6840/3783
f 3256/6841/3784 3260/6842/3784 3259/6843/3784 3255/6844/3784
f 3253/6845/3785 3255/6846/3785 3259/6847/3785 3257/6848/3785
f 3258/6849/3786 3260/6850/3786 3256/6851/3786 3254/6852/3786
f 3254/6853/3787 3256/6854/3787 3255/6846/3787 3253/6845/3787
f 3260/6855/3788 3258/6856/3788 3257/6848/3788 3259/6847/3788
f 3264/6857/3717 3272/6858/3717 3263/6859/3717 3267/6860/3717 3269/6861/3717 3268/6862/3717
f 3261/6863/3789 3265/6864/3790 3267/6865/3791 3263/6866/3792
f 3266/6867/3793 3270/6868/3793 3265/6869/3793 3261/6870/3793 3271/6871/3793 3262/6872/3793
f 3267/6873/3791 3265/6874/3790 3270/6875/3794 3269/6876/3795
f 3268/6877/3796 3266/6878/3797 3262/6879/3798 3264/6880/3799
f 3264/6880/3799 3262/6879/3798 3271/6881/3800 3272/6882/3801
f 3272/6882/3801 3271/6881/3800 3261/6863/3789 3263/6866/3792
f 3269/6876/3795 3270/6875/3794 3266/6878/3797 3268/6877/3796
f 3277/6883/3717 3284/6884/3717 3278/6885/3717 3274/6886/3717 3281/6887/3717 3273/6888/3717
f 3276/6889/3802 3274/6890/3803 3278/6891/3804 3280/6892/3805
f 3275/6893/3806 3282/6894/3806 3276/6895/3806 3280/6896/3806 3283/6897/3806 3279/6898/3806
f 3274/6899/3803 3276/6900/3802 3282/6901/3807 3281/6902/3808
f 3273/6903/3809 3275/6904/3810 3279/6905/3798 3277/6906/3811
f 3279/6905/3798 3283/6907/3812 3284/6908/3813 3277/6906/3811
f 3284/6908/3813 3283/6907/3812 3280/6892/3805 3278/6891/3804
f 3281/6902/3808 3282/6901/3807 3275/6904/3810 3273/6903/3809
f 3285/6909/3814 3286/6910/3814 3288/6911/3814 3287/6912/3814
f 3321/6913/3815 3322/6914/3815 3286/6915/3816 3285/6916/3816
f 3287/6917/3817 3288/6918/3817 3326/6919/3818 3325/6920/3818
f 3285/6921/3819 3287/6917/3819 3325/6920/3820 3321/6922/3820
f 3288/6918/3821 3286/6915/3821 3322/6914/3822 3326/6919/3822
f 3293/6923/3777 3292/6924/3777 3289/6925/3777 3290/6926/3777
f 3294/6927/3823 3296/6928/3823 3292/6929/3823 3293/6930/3823
f 3293/6931/3824 3290/6932/3824 3291/6933/3824 3294/6934/3824
f 3289/6935/3825 3292/6936/3825 3296/6937/3825 3295/6938/3825
f 3290/6939/3826 3289/6935/3826 3295/6938/3826 3291/6940/3826
f 3295/6941/3827 3296/6942/3827 3294/6943/3827 3291/6944/3827
f 3300/6945/3717 3304/6946/3717 3305/6947/3717 3303/6948/3717 3299/6949/3717 3308/6950/3717
f 3297/6951/3828 3299/6952/3829 3303/6953/3830 3301/6954/3831
f 3302/6955/3832 3298/6956/3832 3307/6957/3832 3297/6958/3832 3301/6959/3832 3306/6960/3832
f 3303/6961/3830 3305/6962/3833 3306/6963/3834 3301/6964/3831
f 3304/6965/3835 3300/6966/3836 3298/6967/3837 3302/6968/3838
f 3300/6966/3836 3308/6969/3839 3307/6970/3840 3298/6967/3837
f 3308/6969/3839 3299/6952/3829 3297/6951/3828 3307/6970/3840
f 3305/6962/3833 3304/6965/3835 3302/6968/3838 3306/6963/3834
f 3313/6971/3717 3309/6972/3717 3317/6973/3717 3310/6974/3717 3314/6975/3717 3320/6976/3717
f 3312/6977/3841 3316/6978/3842 3314/6979/3843 3310/6980/3844
f 3311/6981/3845 3315/6982/3845 3319/6983/3845 3316/6984/3845 3312/6985/3845 3318/6986/3845
f 3310/6987/3844 3317/6988/3846 3318/6989/3847 3312/6990/3841
f 3309/6991/3848 3313/6992/3849 3315/6993/3850 3311/6994/3851
f 3315/6993/3850 3313/6992/3849 3320/6995/3852 3319/6996/3853
f 3320/6995/3852 3314/6979/3843 3316/6978/3842 3319/6996/3853
f 3317/6988/3846 3309/6991/3848 3311/6994/3851 3318/6989/3847
f 3323/6997/3854 3327/6998/3854 3328/6999/3854 3324/7000/3854
f 3321/6913/3815 3323/7001/3855 3324/7002/3855 3322/6914/3815
f 3327/7003/3856 3325/6920/3818 3326/6919/3818 3328/7004/3856
f 3323/7005/3857 3321/6922/3820 3325/6920/3820 3327/7003/3857
f 3328/7004/3858 3326/6919/3822 3322/6914/3822 3324/7002/3858
f 3333/7006/3859 3330/7007/3859 3329/7008/3859 3332/7009/3859
f 3334/7010/3860 3333/7011/3860 3332/7012/3860 3336/7013/3860
f 3333/7014/3861 3334/7015/3861 3331/7016/3861 3330/7017/3861
f 3329/7018/3862 3335/7019/3862 3336/7020/3862 3332/7021/3862
f 3330/7022/3863 3331/7023/3863 3335/7019/3863 3329/7018/3863
f 3335/7024/3864 3331/7025/3864 3334/7026/3864 3336/7027/3864
f 3340/7028/3717 3344/7029/3717 3345/7030/3717 3343/7031/3717 3339/7032/3717 3348/7033/3717
f 3337/7034/3865 3339/7035/3866 3343/7036/3867 3341/7037/3868
f 3342/7038/3869 3338/7039/3869 3347/7040/3869 3337/7041/3869 3341/7042/3869 3346/7043/3869
f 3343/7044/3867 3345/7045/3870 3346/7046/3871 3341/7047/3868
f 3344/7048/3872 3340/7049/3873 3338/7050/3874 3342/7051/3875
f 3340/7049/3873 3348/7052/3876 3347/7053/3877 3338/7050/3874
f 3348/7052/3876 3339/7035/3866 3337/7034/3865 3347/7053/3877
f 3345/7045/3870 3344/7048/3872 3342/7051/3875 3346/7046/3871
f 3353/7054/3717 3349/7055/3717 3357/7056/3717 3350/7057/3717 3354/7058/3717 3360/7059/3717
f 3352/7060/3878 3356/7061/3879 3354/7062/3880 3350/7063/3881
f 3351/7064/3882 3355/7065/3882 3359/7066/3882 3356/7067/3882 3352/7068/3882 3358/7069/3882
f 3350/7070/3881 3357/7071/3883 3358/7072/3884 3352/7073/3878
f 3349/7074/3885 3353/7075/3886 3355/7076/3887 3351/7077/3888
f 3355/7076/3887 3353/7075/3886 3360/7078/3889 3359/7079/3890
f 3360/7078/3889 3354/7062/3880 3356/7061/3879 3359/7079/3890
f 3357/7071/3883 3349/7074/3885 3351/7077/3888 3358/7072/3884
f 3361/7080/3891 3363/7081/3891 3364/7082/3891 3362/7083/3891
f 3397/7084/3892 3361/7085/3893 3362/7086/3893 3398/7087/3892
f 3363/7088/3894 3401/7089/3895 3402/7090/3895 3364/7091/3894
f 3361/7092/3896 3397/7093/3897 3401/7089/3897 3363/7088/3896
f 3364/7091/3898 3402/7090/3899 3398/7087/3899 3362/7086/3898
f 3369/7094/3783 3366/7095/3783 3365/7096/3783 3368/7097/3783
f 3370/7098/3900 3369/7099/3900 3368/7100/3900 3372/7101/3900
f 3369/7102/3901 3370/7103/3901 3367/7104/3901 3366/7105/3901
f 3365/7106/3902 3371/7107/3902 3372/7108/3902 3368/7109/3902
f 3366/7110/3903 3367/7111/3903 3371/7107/3903 3365/7106/3903
f 3371/7112/3904 3367/7113/3904 3370/7114/3904 3372/7115/3904
f 3376/7116/3717 3384/7117/3717 3375/7118/3717 3379/7119/3717 3381/7120/3717 3380/7121/3717
f 3373/7122/3905 3377/7123/3906 3379/7124/3907 3375/7125/3908
f 3378/7126/3909 3382/7127/3909 3377/7128/3909 3373/7129/3909 3383/7130/3909 3374/7131/3909
f 3379/7132/3907 3377/7133/3906 3382/7134/3910 3381/7135/3911
f 3380/7136/3912 3378/7137/3913 3374/7138/3914 3376/7139/3915
f 3376/7139/3915 3374/7138/3914 3383/7140/3916 3384/7141/3917
f 3384/7141/3917 3383/7140/3916 3373/7122/3905 3375/7125/3908
f 3381/7135/3911 3382/7134/3910 3378/7137/3913 3380/7136/3912
f 3389/7142/3717 3396/7143/3717 3390/7144/3717 3386/7145/3717 3393/7146/3717 3385/7147/3717
f 3388/7148/3918 3386/7149/3919 3390/7150/3920 3392/7151/3921
f 3387/7152/3922 3394/7153/3922 3388/7154/3922 3392/7155/3922 3395/7156/3922 3391/7157/3922
f 3386/7158/3919 3388/7159/3918 3394/7160/3923 3393/7161/3924
f 3385/7162/3925 3387/7163/3926 3391/7164/3914 3389/7165/3927
f 3391/7164/3914 3395/7166/3928 3396/7167/3929 3389/7165/3927
f 3396/7167/3929 3395/7166/3928 3392/7151/3921 3390/7150/3920
f 3393/7161/3924 3394/7160/3923 3387/7163/3926 3385/7162/3925
f 3399/7168/3930 3400/7169/3930 3404/7170/3930 3403/7171/3930
f 3397/7084/3892 3398/7087/3892 3400/7172/3931 3399/7173/3931
f 3403/7174/3932 3404/7175/3932 3402/7090/3895 3401/7089/3895
f 3399/7176/3933 3403/7174/3933 3401/7089/3897 3397/7093/3897
f 3404/7175/3934 3400/7172/3934 3398/7087/3899 3402/7090/3899
f 3409/7177/3935 3408/7178/3935 3405/7179/3935 3406/7180/3935
f 3410/7181/3936 3412/7182/3936 3408/7183/3936 3409/7184/3936
f 3409/7185/3937 3406/7186/3937 3407/7187/3937 3410/7188/3937
f 3405/7189/3938 3408/7190/3938 3412/7191/3938 3411/7192/3938
f 3406/7193/3939 3405/7189/3939 3411/7192/3939 3407/7194/3939
f 3411/7195/3940 3412/7196/3940 3410/7197/3940 3407/7198/3940
f 4017/7199/3941 4016/7200/3941 4013/7201/3941 4014/7202/3941
f 4018/7203/3942 4020/7204/3942 4016/7205/3942 4017/7206/3942
f 4017/7207/3943 4014/7208/3943 4015/7209/3943 4018/7210/3943
f 4013/7211/3944 4016/7212/3944 4020/7213/3944 4019/7214/3944
f 4014/7215/3945 4013/7211/3945 4019/7214/3945 4015/7216/3945
f 4019/7217/3946 4020/7218/3946 4018/7219/3946 4015/7220/3946
