# Blender v2.79 (sub 0) OBJ File: 'roofing.blend'
# www.blender.org
mtllib roofing.mtl
o Cube.001
v 7.847973 10.527643 -8.755445
v 7.865830 10.672588 -9.181181
v 7.384835 10.703587 -8.786253
v 7.405358 10.660257 -9.216579
v 7.791794 0.527357 -8.792114
v 7.898808 0.549932 -9.134645
v 7.419671 0.409935 -8.815052
v 7.374913 0.395670 -9.186878
v 8.594902 10.687473 -8.776285
v 8.518845 10.643295 -9.211956
v 7.874863 10.729048 -8.793549
v 7.906121 10.686047 -9.150557
v 8.507416 0.347195 -8.752613
v 8.591591 0.410574 -9.139744
v 7.809388 0.422541 -8.792099
v 7.893364 0.524143 -9.245531
v 9.497696 10.559351 -8.736279
v 9.420891 10.748720 -9.105659
v 8.581436 10.739073 -8.787355
v 8.560730 10.623735 -9.227720
v 9.465855 0.420900 -8.783720
v 9.364960 0.394678 -9.151966
v 8.524681 0.403063 -8.712769
v 8.495224 0.364813 -9.105312
v 4.462441 4.814909 -8.718319
v 4.407032 4.730263 -9.174192
v 3.784298 4.801264 -8.860962
v 3.870167 4.717260 -9.152832
v 4.392106 0.550140 -8.697384
v 4.384068 0.421301 -9.160221
v 3.875138 0.473799 -8.866594
v 3.826237 0.372541 -9.071117
v 3.609799 4.740927 -8.671257
v 3.617581 4.750492 -9.074064
v 3.084126 4.659107 -8.680943
v 3.020310 4.769386 -9.153318
v 3.973217 0.485115 -8.739397
v 4.021027 0.479259 -9.102127
v 3.478074 0.293064 -8.693924
v 3.435715 0.428286 -9.005503
v 5.558075 4.814379 -8.741072
v 5.561253 4.689415 -9.139568
v 4.416352 4.724586 -8.775358
v 4.417782 4.725431 -9.188929
v 5.663212 0.421104 -8.795052
v 5.621270 0.440910 -9.183155
v 4.376957 0.494200 -8.758944
v 4.414990 0.444860 -9.174953
v 6.333218 4.753033 -8.768169
v 6.292481 4.726810 -9.168917
v 5.648194 4.753490 -8.820663
v 5.659417 4.736300 -9.167744
v 6.306004 0.468353 -8.762838
v 6.292126 0.445927 -9.158588
v 5.603524 0.447384 -8.875736
v 5.649857 0.388824 -9.149319
v 0.966202 4.608582 -8.956377
v 0.977345 4.579454 -9.376387
v 0.179882 4.741814 -8.890326
v 0.106968 4.797335 -9.343946
v 0.551304 0.372503 -8.931429
v 0.602440 0.496321 -9.307953
v -0.268905 0.443613 -8.909094
v -0.391254 0.545229 -9.379932
v 2.310471 4.706457 -8.782764
v 2.304928 4.715002 -9.148769
v 1.626206 4.803556 -8.708664
v 1.575589 4.765110 -9.161289
v 2.365548 0.430880 -8.830675
v 2.328354 0.438345 -9.190571
v 1.654541 0.418653 -8.774986
v 1.565743 0.432325 -9.179199
v 3.285828 4.660707 -8.767235
v 3.252633 4.727886 -9.162989
v 2.374424 4.630688 -8.746443
v 2.358613 4.769884 -9.163559
v 3.242329 0.385214 -8.714418
v 3.265088 0.501951 -9.107246
v 2.413655 0.396215 -8.802391
v 2.369851 0.414267 -9.152798
v -2.366523 4.716379 -8.772217
v -2.457103 4.718754 -9.167002
v -3.107810 4.769936 -8.771549
v -3.173919 4.648558 -9.170807
v -2.438854 0.399677 -8.775898
v -2.425281 0.435766 -9.176500
v -3.142528 0.431601 -8.713663
v -3.209423 0.364870 -9.125011
v -0.822525 4.691179 -8.789810
v -0.839870 4.624367 -9.176592
v -1.558563 4.792177 -8.792843
v -1.551521 4.729433 -9.222876
v -0.855594 0.521152 -8.788099
v -0.783023 0.432516 -9.268915
v -1.548183 0.461733 -8.817169
v -1.584179 0.339462 -9.101170
v -0.075042 4.707571 -8.749157
v -0.121124 4.715916 -9.181496
v -0.727741 4.773174 -8.805763
v -0.832038 4.793865 -9.182018
v -0.069698 0.332077 -8.838175
v -0.109623 0.413702 -9.164280
v -0.827190 0.330156 -8.732368
v -0.801384 0.324858 -9.102243
v -4.455802 4.632195 -8.944023
v -4.472030 4.680227 -9.328392
v -5.290592 4.752726 -8.948549
v -5.359092 4.817223 -9.316141
v -4.900268 0.392315 -8.951466
v -4.971408 0.467590 -9.340254
v -5.710441 0.463718 -8.966747
v -5.787025 0.528936 -9.328131
v -5.523254 4.754091 -8.736191
v -5.545379 4.721327 -9.181637
v -6.121047 4.761465 -8.823112
v -6.148757 4.702576 -9.097593
v -5.532852 0.500322 -8.719522
v -5.535842 0.430182 -9.160631
v -6.166996 0.409246 -8.788740
v -6.144340 0.343487 -9.077129
v -3.759265 4.604219 -8.808725
v -3.834518 4.718998 -9.279428
v -4.649688 4.731909 -8.782736
v -4.650081 4.723139 -9.175142
v -3.800029 0.441385 -8.785955
v -3.761814 0.377405 -9.177317
v -4.685676 0.311373 -8.834536
v -4.623405 0.405048 -9.206608
v -3.162200 4.712324 -8.776154
v -3.174114 4.839432 -9.214361
v -3.727321 4.644442 -8.757236
v -3.714298 4.670906 -9.158255
v -3.194873 0.401476 -8.733980
v -3.185264 0.437613 -9.212711
v -3.708854 0.409590 -8.748034
v -3.738899 0.430950 -9.168461
v -8.647209 10.681484 -8.772432
v -8.560234 10.749535 -9.075594
v -9.439655 10.689590 -8.709190
v -9.411865 10.586981 -9.176163
v -8.549599 0.539209 -8.816578
v -8.595284 0.428671 -9.159676
v -9.480522 0.513994 -8.746777
v -9.500969 0.437078 -9.144226
v -7.243156 10.642715 -8.842178
v -7.274623 10.576923 -9.166378
v -7.757995 10.714115 -8.789810
v -7.770477 10.678936 -9.179636
v -7.189708 0.499048 -8.778679
v -7.241527 0.412766 -9.195852
v -7.687046 0.495106 -8.783247
v -7.774913 0.440737 -9.177111
v 7.613506 0.080713 10.007204
v 7.654708 0.478300 9.903706
v 6.546649 -0.000439 9.993664
v 6.504638 0.393915 10.124743
v 7.592556 -0.064430 -10.003540
v 7.603783 0.393465 -9.905672
v 6.581639 0.028385 -9.971464
v 6.557862 0.342772 -9.916430
v 9.844429 -0.028755 9.489750
v 9.764812 0.340626 9.839170
v 8.894695 0.022322 9.821363
v 8.873234 0.462687 9.608551
v 9.811424 0.018688 -9.889000
v 9.706841 0.386934 -9.937384
v 8.835865 -0.052263 -9.921911
v 8.805332 0.340279 -9.992489
v 4.625228 -0.000456 9.766954
v 4.567794 0.455418 9.610765
v 3.922313 0.142187 9.741774
v 4.011318 0.434057 9.586775
v 4.552323 -0.021391 -9.768190
v 4.543992 0.441446 -10.005922
v 4.016472 0.147820 -9.909052
v 3.965783 0.352341 -10.095894
v 5.760887 -0.000456 9.408142
v 5.764179 0.398041 9.177559
v 4.577457 0.033833 9.242456
v 4.578937 0.447403 9.244019
v 5.869866 0.053524 -9.984016
v 5.826390 0.441628 -9.947474
v 4.536622 0.017416 -9.849138
v 4.576046 0.433426 -9.940180
v 1.599815 0.019188 9.679653
v 1.622859 0.437689 9.634237
v 0.815128 0.020384 9.758753
v 0.753135 0.372536 9.629673
v 1.612370 -0.039968 -9.809061
v 1.624619 0.496058 -9.738026
v 0.841660 -0.055511 -10.116617
v 0.766739 0.334192 -10.036386
v 2.394645 0.033184 9.319189
v 2.388900 0.399187 9.334955
v 1.685382 -0.040916 9.498350
v 1.632915 0.411707 9.427410
v 2.451733 0.081093 -9.958183
v 2.413182 0.440989 -9.944410
v 1.714753 0.025404 -9.980743
v 1.622712 0.429617 -9.955519
v 3.405632 0.009693 9.584021
v 3.371223 0.405447 9.707975
v 2.460937 -0.011099 9.528627
v 2.444541 0.406015 9.785465
v 3.360547 -0.043123 -9.970913
v 3.384137 0.349705 -9.755514
v 2.501599 0.044849 -9.950611
v 2.456192 0.395256 -9.917309
v -1.721119 0.079435 9.690645
v -1.643746 0.431997 9.636808
v -2.495484 0.035799 9.630922
v -2.472275 0.346231 9.689861
v -1.637462 0.044106 -10.021330
v -1.645053 0.427038 -9.789770
v -2.484943 0.047075 -9.939613
v -2.493980 0.427797 -9.985031
v -2.453206 0.007568 9.402372
v -2.547093 0.402353 9.406757
v -3.221570 0.006901 9.501196
v -3.290097 0.406158 9.277233
v -2.528175 0.011250 -9.950878
v -2.514106 0.411852 -9.884289
v -3.257556 -0.050983 -9.891972
v -3.326896 0.360363 -10.015102
v -0.852799 0.002869 9.573427
v -0.870781 0.389652 9.450151
v -1.615727 0.005903 9.759789
v -1.608429 0.435936 9.644014
v -0.887077 0.001160 -9.786900
v -0.811855 0.481976 -9.950449
v -1.604965 0.030230 -9.896538
v -1.642276 0.314230 -10.122152
v -0.078015 -0.037624 9.675209
v -0.125779 0.394716 9.690611
v -0.754555 0.018984 9.796261
v -0.862664 0.395239 9.834442
v -0.072475 0.051395 -10.064238
v -0.113853 0.377502 -9.913626
v -0.857635 -0.054409 -10.067781
v -0.830886 0.315464 -10.077559
v -4.844201 0.029171 9.580284
v -4.863122 0.413538 9.665283
v -5.712731 0.033697 9.626570
v -5.786438 0.401289 9.730879
v -4.849258 0.036612 -9.956242
v -4.926170 0.425402 -9.832651
v -5.690147 0.051893 -9.995207
v -5.772239 0.413277 -9.891270
v -5.725251 -0.000303 9.729048
v -5.748185 0.445145 9.668596
v -6.344883 0.086620 9.742655
v -6.373608 0.361101 9.633993
v -5.735198 -0.016970 -9.785795
v -5.738300 0.424139 -9.915216
v -6.392509 0.052248 -9.953846
v -6.369026 0.340637 -10.075186
v -3.277947 0.007088 9.646425
v -3.290295 0.445295 9.880960
v -3.863713 -0.011829 9.521173
v -3.850213 0.389191 9.570004
v -3.311813 -0.035086 -9.973742
v -3.301853 0.443645 -9.907064
v -3.844570 -0.021030 -9.958769
v -3.875709 0.399395 -9.919357
v -8.963326 0.055191 9.630522
v -8.873173 0.358356 9.756094
v -9.784721 -0.008049 9.645483
v -9.755917 0.458923 9.456152
v -8.862152 0.099339 -9.755281
v -8.909504 0.442436 -9.959244
v -9.827080 0.029539 -9.801809
v -9.848274 0.426987 -9.943727
v -6.365292 0.020452 9.281063
v -6.446465 0.445532 9.151581
v -7.464581 0.009785 9.286486
v -7.509896 0.403656 9.302219
v -6.392204 -0.064650 -10.112518
v -6.332172 0.396984 -9.821198
v -7.489803 -0.006851 -9.949219
v -7.487133 0.402500 -9.878281
v 10.150524 1.185898 -8.809273
v 10.054596 1.092390 -8.353397
v 10.135059 0.041433 -8.666630
v 10.039860 0.186350 -8.374760
v -9.961006 1.067196 -8.830206
v -10.107018 1.053629 -8.367371
v -10.047523 0.194740 -8.660997
v -10.162281 0.112213 -8.456474
v -10.045856 1.430407 7.974393
v -10.029041 1.336899 7.518520
v -10.030388 0.041433 7.831750
v -10.014305 0.186350 7.539880
v 9.986561 1.311705 7.995326
v 10.132572 1.298138 7.532490
v 10.073074 0.194740 7.826117
v 10.187832 0.112213 7.621594
v 10.150524 1.185898 8.242563
v 10.054596 1.092390 8.698437
v 10.135059 0.041433 8.385204
v 10.039860 0.186350 8.677076
v -9.961006 1.067196 8.221628
v -10.107018 1.053629 8.684465
v -10.047523 0.194740 8.390839
v -10.162281 0.112213 8.595360
v -10.045856 1.430407 -9.092737
v -10.029041 1.336899 -9.548611
v -10.030388 0.041433 -9.235380
v -10.014305 0.186350 -9.527250
v 9.986561 1.311705 -9.071806
v 10.132572 1.298138 -9.534643
v 10.073074 0.194740 -9.241016
v 10.187832 0.112213 -9.445538
v -9.357918 9.637877 8.388199
v -9.380848 10.083323 8.324953
v -9.754215 9.724798 8.402435
v -9.782940 9.999279 8.288752
v -9.363914 9.581835 -9.622219
v -9.363209 10.042665 -9.598345
v -9.805641 9.706930 -9.576723
v -9.786255 10.021336 -9.606722
v 3.254940 10.592714 8.262371
v 3.293144 10.571066 8.529783
v 3.273689 9.608780 8.265520
v 3.320453 9.525024 8.521261
v -3.153389 10.636265 8.267550
v -3.097958 10.548832 8.538036
v -3.172940 9.683857 8.278181
v -3.126362 9.590605 8.529602
v 5.743067 10.720524 7.948540
v 5.809794 10.671633 8.216808
v 6.549723 10.674734 7.875647
v 6.583243 10.661125 8.303577
v 5.809615 0.473953 7.887719
v 5.832724 0.421267 8.319656
v 6.571021 0.371883 7.915684
v 6.476477 0.310318 8.268269
v -9.128067 11.017687 7.974393
v -9.111256 10.924181 7.518520
v -9.112602 9.628716 7.831750
v -9.096519 9.773630 7.539880
v 8.989136 10.898987 7.995326
v 9.135147 10.885420 7.532490
v 9.075649 9.782022 7.826117
v 9.190407 9.699492 7.621594
v -9.128067 11.017687 -8.477129
v -9.111256 10.924181 -8.933002
v -9.112602 9.628716 -8.619772
v -9.096519 9.773630 -8.911642
v 8.989136 10.898987 -8.456196
v 9.135147 10.885420 -8.919033
v 9.075649 9.782022 -8.625406
v 9.190407 9.699492 -8.829927
v -6.513610 10.861719 -8.753866
v -6.471385 11.262465 -8.711681
v -5.803562 10.914215 -8.754601
v -5.815193 11.261293 -8.726948
v -6.292981 10.856388 8.309547
v -6.278592 11.252138 8.345623
v -5.564835 10.969286 8.343285
v -5.612862 11.242868 8.437481
v -2.343910 10.886974 -8.449150
v -2.338161 11.252977 -8.462894
v -1.634647 10.812872 -8.605349
v -1.582176 11.265495 -8.543503
v -2.400998 10.934881 8.357500
v -2.362446 11.294779 8.345491
v -1.664017 10.879194 8.377169
v -1.571972 11.283405 8.355177
v 1.771859 10.933226 -8.772997
v 1.694485 11.285788 -8.726061
v 2.546223 10.889589 -8.720928
v 2.523015 11.200022 -8.772314
v 1.688202 10.897896 8.412554
v 1.695793 11.280827 8.210672
v 2.535682 10.900866 8.341309
v 2.544715 11.281586 8.380907
v 5.775990 10.853489 -8.806479
v 5.798924 11.298933 -8.753777
v 6.395623 10.940409 -8.818342
v 6.424347 11.214890 -8.723608
v 5.785938 10.836817 8.207205
v 5.789039 11.277927 8.320040
v 6.443252 10.906036 8.353716
v 6.419765 11.194424 8.459507
v -10.019451 9.631660 9.209753
v -10.004807 9.673597 9.459427
v -9.754677 9.530590 9.319792
v -9.754078 9.708073 9.465635
v -10.994347 22.651701 -1.198074
v -11.037991 22.729963 -1.089636
v -10.799057 22.710211 -1.223413
v -10.761955 22.821989 -1.106047
v -12.334488 8.028582 9.848344
v -12.300148 8.112123 9.991162
v -11.736389 7.933996 9.788394
v -11.719288 8.100700 9.951413
v -12.024967 22.850309 -1.187826
v -11.968708 22.961988 -1.077922
v -11.426991 22.710089 -1.348444
v -11.408894 22.844210 -1.222459
v -12.030884 16.286787 4.181953
v -12.038471 16.206846 4.052188
v -11.518684 16.061544 4.065448
v -11.543327 16.320375 4.148202
v -10.645245 16.261282 4.206453
v -10.658867 16.236605 4.014556
v -10.396400 16.469854 4.149593
v -10.429855 16.254557 4.130268
v 11.877281 8.902046 9.284972
v 11.866203 9.001062 9.408364
v 12.463562 8.729589 9.232738
v 12.479103 8.920261 9.396518
v 12.410419 22.878717 -1.988584
v 12.416561 22.975630 -1.872710
v 13.013680 22.791273 -2.091696
v 13.048424 22.916292 -1.938830
v 11.810074 14.373068 4.420216
v 12.414165 14.420961 4.503560
v 11.797668 14.485048 4.511934
v 12.406139 14.234579 4.346380
v -12.235416 22.722914 -1.303887
v -12.371330 22.782469 -1.169352
v -12.462845 22.705484 -1.183962
v -12.450188 22.673288 -1.373067
v -12.371902 22.569410 -1.526274
v -12.304203 22.659346 -1.445858
v -11.138584 10.095249 9.073256
v -11.208229 10.192022 9.236850
v -11.328625 10.169689 9.275529
v -11.346203 10.040836 9.118114
v -11.332096 9.927439 9.015319
v -11.186016 9.981632 9.016704
v -11.817287 19.102823 1.012210
v -11.919048 19.133162 1.099004
v -11.886379 18.925913 0.849012
v -12.054867 19.055891 0.979333
v -11.960480 18.929636 0.772623
v -12.015564 19.104265 1.123796
v -11.405586 12.459139 7.005552
v -11.467934 12.584927 7.116148
v -11.453033 12.340757 6.915470
v -11.642838 12.441759 6.979053
v -11.576015 12.311272 6.900199
v -11.597576 12.573591 7.144157
v -12.235416 22.722914 0.118158
v -12.371330 22.782469 -0.016377
v -12.462845 22.705484 -0.001768
v -12.450188 22.673288 0.187338
v -12.371902 22.569410 0.340545
v -12.304203 22.659346 0.260128
v -11.138584 10.095249 -10.258986
v -11.208229 10.192022 -10.422580
v -11.328625 10.169689 -10.461259
v -11.346203 10.040836 -10.303843
v -11.332096 9.927439 -10.201049
v -11.186016 9.981632 -10.202434
v -11.817287 19.102823 -2.197939
v -11.919048 19.133162 -2.284733
v -11.886379 18.925913 -2.034741
v -12.054867 19.055891 -2.165061
v -11.960480 18.929636 -1.958352
v -12.015564 19.104265 -2.309525
v -11.405586 12.459139 -8.191279
v -11.467934 12.584927 -8.301877
v -11.453033 12.340757 -8.101199
v -11.642838 12.441759 -8.164783
v -11.576015 12.311272 -8.085929
v -11.597576 12.573591 -8.329886
v -2.452312 17.783072 -3.560637
v -2.482105 17.926680 -3.820669
v -2.447700 18.092901 -3.859412
v -2.515014 18.156897 -3.682377
v -2.476970 18.152960 -3.442633
v -2.500190 17.984896 -3.492651
v 11.894379 16.040483 -5.526647
v 11.916737 16.069651 -5.703853
v 11.934654 16.200674 -5.788990
v 11.931065 16.276552 -5.633192
v 11.950378 16.337229 -5.529530
v 11.939735 16.125593 -5.482669
v 1.145024 16.978380 -4.168990
v 1.125630 17.086306 -4.301355
v 1.178051 17.184614 -4.056807
v 1.076847 17.298353 -4.316168
v 1.109043 17.289171 -4.037857
v 1.122433 17.188910 -4.384826
v 9.515121 15.687319 -4.874379
v 9.477776 15.705332 -5.032978
v 9.538548 15.792944 -4.798051
v 9.466827 15.992022 -4.980396
v 9.526749 15.957922 -4.837934
v 9.478020 15.861040 -5.125906
v -5.757088 9.307278 10.057718
v -5.738915 9.148911 9.837326
v -5.559163 9.670238 9.671293
v -5.517483 9.558210 9.428104
v -11.936356 12.502665 7.695871
v -11.881912 12.387251 7.440788
v -11.830841 12.893862 7.298881
v -11.781506 12.797464 7.053894
v 3.556011 17.619509 2.957434
v 3.571998 17.459661 2.737659
v 3.490341 18.349451 2.305693
v 3.508640 18.244131 2.052088
v -2.691826 15.820356 4.126654
v -2.664269 15.719233 3.854616
v -2.844452 16.509512 3.517823
v -2.824448 16.423231 3.258481
v 6.506424 16.575655 3.596416
v 6.519569 16.764540 3.792353
v 6.969345 17.050566 3.177610
v 7.007145 17.269979 3.333704
v 10.270088 9.270790 9.324499
v 10.308323 9.514067 9.476761
v 10.770119 9.626190 8.980635
v 10.813946 9.852251 9.120522
v -8.513901 21.712854 0.188843
v -8.516750 21.601793 0.026579
v -8.891113 21.975550 -0.049433
v -8.915535 21.891409 -0.225337
v -9.973217 17.693289 3.163030
v -9.999195 17.615202 2.970990
v -10.366409 17.878752 2.999462
v -10.396538 17.805552 2.821802
v 10.638435 17.267687 2.959321
v 10.660820 17.426531 3.037117
v 10.368187 17.260130 2.993252
v 10.324211 17.337538 3.068058
v 8.862724 18.905882 2.323668
v 8.869816 19.108088 2.453784
v 8.558640 18.936724 2.268097
v 8.572933 19.041311 2.403841
v 6.706104 18.966425 2.163593
v 6.696701 19.148104 2.300680
v 6.479218 19.081663 2.023333
v 6.485165 19.178476 2.346915
v 10.180687 22.137243 -0.726468
v 10.148010 22.239481 -0.631146
v 10.459328 22.172033 -0.768773
v 10.487415 22.294123 -0.667371
v 8.602135 22.000105 -0.585762
v 8.618832 22.122026 -0.440555
v 8.907070 21.983534 -0.551854
v 8.916122 22.140730 -0.370683
v 6.496773 21.931776 -0.571689
v 6.506779 22.111288 -0.364696
v 6.734852 21.934492 -0.571516
v 6.736980 22.111036 -0.371176
v 3.811497 19.089750 1.978392
v 3.810589 19.229860 2.169359
v 3.477005 19.144812 1.956583
v 3.482105 19.230371 2.154299
v 3.304127 21.804804 -0.637527
v 3.307034 21.948095 -0.465923
v 3.638435 21.826780 -0.656245
v 3.631851 21.970648 -0.481860
v 2.341827 18.539709 2.840508
v 2.349655 18.736883 2.975687
v 2.038627 18.570536 2.784417
v 2.051979 18.670656 2.925298
v 2.084488 21.719740 -0.788662
v 2.101776 21.836729 -0.639034
v 2.390278 21.703310 -0.754831
v 2.398239 21.855299 -0.568578
v 5.347782 18.816442 2.693062
v 5.366051 18.964075 2.781198
v 5.058842 18.810591 2.726128
v 5.025490 18.876905 2.806490
v 4.741291 22.313681 -1.425102
v 4.719593 22.406340 -1.318175
v 5.037518 22.346910 -1.463671
v 5.057674 22.457499 -1.350948
v 1.112179 18.118799 3.609314
v 1.136993 18.268091 3.694670
v 0.842422 18.110216 3.644911
v 0.797676 18.178068 3.727245
v -0.582108 18.908339 2.322271
v -0.574490 19.110102 2.450395
v -0.886070 18.932764 2.270029
v -0.872288 19.038599 2.406433
v -2.747467 18.780687 2.182283
v -2.756912 18.962496 2.319356
v -2.974403 18.896158 2.041935
v -2.968430 18.993002 2.365353
v -1.787613 18.635767 2.444204
v -1.789318 18.779036 2.632109
v -2.122753 18.688231 2.424269
v -2.117332 18.778612 2.618661
v 0.787342 21.599421 -0.183205
v 0.756435 21.693197 -0.077890
v 1.066349 21.634378 -0.226371
v 1.093529 21.748880 -0.115672
v -0.576912 21.998175 -0.582868
v -0.560101 22.119200 -0.438523
v -0.271820 21.985411 -0.555140
v -0.262619 22.143984 -0.373071
v -2.348629 22.502554 -0.969764
v -2.346401 22.649500 -0.801937
v -2.015068 22.526056 -0.990531
v -2.021034 22.673990 -0.818870
v -2.962624 21.577837 -0.254470
v -2.952602 21.757490 -0.047514
v -2.724575 21.580389 -0.254110
v -2.722424 21.756998 -0.053891
v -5.635059 19.090521 1.980701
v -5.636597 19.233046 2.169397
v -5.970051 19.143911 1.960108
v -5.964718 19.233023 2.155306
v -6.081352 21.608622 -0.196535
v -6.078938 21.754637 -0.027738
v -5.747589 21.631464 -0.216586
v -5.753696 21.778376 -0.044338
v -7.134373 18.430616 2.836249
v -7.126549 18.627790 2.971429
v -7.437576 18.461443 2.780158
v -7.424221 18.561567 2.921039
v -7.391716 21.610647 -0.792920
v -7.374428 21.727640 -0.643294
v -7.085926 21.594217 -0.759091
v -7.077961 21.746206 -0.572837
v -4.105164 18.809610 2.695719
v -4.085854 18.955645 2.790416
v -4.395233 18.814535 2.719890
v -4.428207 18.877645 2.799566
v -5.349598 21.633833 -1.048782
v -5.370365 21.728621 -0.939550
v -5.051567 21.661085 -1.075921
v -5.031017 21.764566 -0.960333
v -10.198761 18.094542 2.251510
v -10.163258 18.211668 2.367488
v -10.484863 18.153986 2.297155
v -10.508709 18.207834 2.392328
v -10.372719 22.300459 -1.423961
v -10.400177 22.397280 -1.326016
v -10.077499 22.343679 -1.464652
v -10.060917 22.462465 -1.357579
v -8.374813 18.430616 2.836249
v -8.366989 18.627790 2.971428
v -8.678017 18.461443 2.780158
v -8.664661 18.561567 2.921039
v -8.632156 21.610647 -0.792920
v -8.614868 21.727640 -0.643294
v -8.326366 21.594217 -0.759091
v -8.318405 21.746206 -0.572838
v 9.684574 18.417135 -4.099503
v 9.666885 18.594030 -4.137810
v 9.953430 18.403513 -4.161072
v 9.997967 18.496668 -4.214028
v 6.102207 18.993479 -3.392319
v 6.110405 19.163416 -3.541181
v 6.327435 19.118723 -3.253149
v 6.322491 19.193129 -3.587529
v 6.835426 18.179171 -3.822694
v 6.837147 18.314566 -4.016334
v 7.170574 18.232347 -3.804982
v 7.165154 18.314665 -4.002922
v 10.944328 22.259966 -0.164557
v 10.978443 22.383032 -0.234247
v 10.668072 22.299643 -0.091355
v 10.641556 22.444429 -0.153747
v 7.293541 22.076258 -0.839751
v 7.291321 22.216166 -1.013471
v 6.959991 22.100645 -0.819924
v 6.965950 22.241392 -0.997546
v 6.380428 21.376543 -0.826647
v 6.369652 21.540663 -1.047841
v 6.141212 21.377134 -0.830513
v 6.140717 21.538137 -1.042355
v 2.803169 18.822161 -3.360616
v 2.804020 18.954546 -3.557659
v 3.137757 18.881010 -3.339412
v 3.132508 18.957087 -3.540590
v 3.409199 21.679541 -0.802155
v 3.406082 21.815580 -0.980273
v 3.074684 21.700285 -0.786500
v 3.081230 21.836138 -0.966463
v 1.844929 18.424238 -3.792884
v 1.836613 18.612234 -3.938302
v 2.147503 18.453520 -3.740041
v 2.135185 18.546106 -3.888060
v 1.453327 21.776239 0.155804
v 1.435852 21.883253 -0.000906
v 1.147007 21.760256 0.125969
v 1.139793 21.902449 -0.069662
v 0.427891 18.851698 -2.480806
v 0.400150 18.982874 -2.586107
v 0.696884 18.839251 -2.520543
v 0.742996 18.889864 -2.618308
v -1.017616 18.586088 -3.461903
v -1.026478 18.770403 -3.613123
v -0.715824 18.620165 -3.405584
v -0.727863 18.707571 -3.558243
v -3.244190 18.831144 -3.362909
v -3.238830 18.988344 -3.520709
v -3.023018 18.955740 -3.220059
v -3.025299 19.017855 -3.570832
v -2.589412 18.299013 -3.909527
v -2.590824 18.418432 -4.115155
v -2.257557 18.349352 -3.892980
v -2.260727 18.416891 -4.104770
v 0.729652 21.650126 0.602810
v 0.758003 21.727247 0.477117
v 0.450008 21.686384 0.646360
v 0.425110 21.787592 0.517388
v -0.703888 21.337694 0.421722
v -0.722023 21.441370 0.260647
v -1.010830 21.319685 0.387682
v -1.017147 21.455900 0.187560
v -2.290020 21.510942 0.535886
v -2.293903 21.634604 0.348121
v -2.625954 21.537638 0.556868
v -2.616688 21.663954 0.366262
v -3.013863 21.175611 0.704780
v -3.024849 21.327082 0.469013
v -3.255009 21.177591 0.698143
v -3.251633 21.326422 0.475870
v -6.377728 18.912603 -3.191124
v -6.379082 19.030714 -3.397339
v -6.046028 18.960470 -3.176272
v -6.048843 19.028494 -3.388529
v -6.159775 21.519915 0.517573
v -6.163486 21.642469 0.329390
v -6.495789 21.547777 0.540161
v -6.486187 21.674059 0.348935
v -7.697723 18.442072 -3.832938
v -7.706406 18.627302 -3.982651
v -7.395733 18.474852 -3.777630
v -7.407810 18.563654 -3.929000
v -7.449463 21.668470 0.500814
v -7.467403 21.772982 0.340865
v -7.756237 21.650934 0.467887
v -7.762768 21.788755 0.269008
v -10.648361 17.967005 -4.111930
v -10.665405 18.115690 -4.201219
v -10.359173 17.958654 -4.145256
v -10.326088 18.026613 -4.224484
v -10.092018 22.132071 -0.389183
v -10.069206 22.224062 -0.494819
v -10.387699 22.167662 -0.350824
v -10.408371 22.278315 -0.463174
v -8.942570 18.340731 -3.766550
v -8.968651 18.531515 -3.906305
v -8.642441 18.426889 -3.727618
v -8.667774 18.518759 -3.870994
v -8.570065 21.597723 0.300473
v -8.584015 21.704721 0.141440
v -8.876816 21.584070 0.260395
v -8.879608 21.722410 0.063450
v -10.143795 20.181444 -1.611394
v -10.098721 20.080690 -1.455192
v -10.136513 20.923903 -1.195869
v -10.089371 20.821035 -1.051063
v 11.323402 20.309752 -1.673746
v 11.395424 20.170343 -1.483563
v 11.401581 20.995481 -1.082833
v 11.283005 20.942816 -0.918459
v -9.771912 19.471563 -2.474257
v -9.892548 19.262594 -2.323955
v -9.906441 19.874838 -1.989125
v -9.981800 19.711065 -1.892977
v 11.207542 19.772844 -2.389551
v 11.234287 19.665712 -2.287726
v 11.180798 20.232187 -2.089545
v 11.208282 20.144369 -1.862290
v -10.838066 17.898386 -3.963308
v -10.873924 17.848875 -3.871752
v -10.843315 18.621126 -3.429100
v -10.905102 18.449556 -3.239878
v 11.482330 18.379671 -3.906392
v 11.437862 18.285646 -3.739876
v 11.400242 19.187998 -3.343368
v 11.435780 19.042997 -3.218992
v -9.924068 18.668005 -3.058555
v -9.906586 18.607458 -2.896523
v -9.741337 18.989149 -2.716671
v -9.767494 18.845247 -2.665231
v 11.226135 18.709044 -3.065368
v 11.253544 18.564039 -2.892947
v 11.233849 18.998503 -2.773443
v 11.143494 18.858446 -2.603240
v 11.758167 14.552210 -6.298114
v 11.705261 14.629824 -6.575477
v 11.749630 14.187811 -6.801815
v 11.697128 14.249521 -6.864782
v -9.767532 14.489988 -6.321230
v -9.920063 14.604620 -6.577212
v -9.857964 14.253538 -6.754509
v -9.977825 14.163733 -6.823275
v 12.133194 13.612478 -7.074581
v 12.138298 13.751181 -7.213448
v 12.114883 13.259607 -7.383990
v 12.187332 13.399775 -7.618232
v -10.096542 13.644567 -7.142288
v -10.109833 13.782682 -7.225994
v -10.265152 13.271917 -7.391693
v -10.100998 13.317377 -7.482094
v 11.165974 15.718275 -5.284605
v 11.087624 15.843176 -5.428794
v 11.109802 14.964022 -5.964833
v 11.110153 15.098036 -6.122309
v -10.286316 15.826796 -5.268544
v -10.263191 15.913855 -5.430042
v -10.199726 14.925962 -5.973961
v -10.258507 15.086576 -6.112514
v 11.675312 16.850302 -4.262563
v 11.658714 16.922934 -4.456763
v 11.675598 16.419580 -4.696711
v 11.664654 16.490915 -4.817483
v -9.853741 16.828119 -4.273765
v -9.880669 16.915632 -4.448550
v -9.878586 16.426805 -4.767128
v -9.948311 16.471807 -4.807928
v 11.875935 11.525562 -8.799048
v 11.880779 11.642792 -8.906417
v 11.936462 10.702303 -9.312276
v 11.911919 10.848045 -9.516006
v -10.177116 11.595833 -8.806639
v -10.169216 11.687328 -8.927111
v -10.191986 10.766947 -9.350153
v -10.176739 10.853586 -9.536234
v 11.667103 15.503813 -6.194965
v 11.709923 15.608591 -6.354211
v 11.672085 14.884806 -6.721238
v 11.759293 15.025812 -6.879068
v -10.785564 12.395767 -8.637560
v -10.648758 12.541918 -8.755842
v -10.732029 11.914022 -9.196386
v -10.708282 11.973030 -9.331493
v 11.351814 19.858240 1.504776
v 11.327652 19.759996 1.347508
v 11.343987 20.667315 1.045529
v 11.328144 20.633532 0.867615
v -11.705429 20.871706 0.767568
v -11.729958 20.739786 0.574212
v -11.728241 21.608648 0.173662
v -11.688152 21.543806 0.014426
v 11.177185 19.431368 1.868296
v 11.240891 19.222399 1.717993
v 11.248226 19.834642 1.383163
v 11.288017 19.670870 1.287016
v -10.805992 19.375120 1.783590
v -10.856644 19.267984 1.681764
v -10.755348 19.834463 1.483583
v -10.807400 19.746645 1.256329
v 11.230167 19.113108 2.252861
v 11.220627 19.052092 2.091177
v 11.125450 19.420019 1.921046
v 11.141281 19.278887 1.867486
v -10.748158 17.462225 2.857286
v -10.798012 17.313948 2.686037
v -10.776798 17.751715 2.568168
v -10.604149 17.627649 2.389877
v -10.141914 14.522451 5.344625
v -10.042625 14.615801 5.617963
v -10.134949 14.194475 5.873304
v -10.035091 14.256678 5.933921
v 11.555847 13.673479 5.826268
v 11.636288 13.800203 6.076800
v 11.600025 13.465193 6.277247
v 11.662312 13.375933 6.354884
v -10.969021 12.845900 6.145816
v -10.978691 12.984602 6.284683
v -10.934349 12.493029 6.455226
v -11.071541 12.633198 6.689468
v 11.729721 13.250055 6.634039
v 11.736736 13.388174 6.717747
v 11.818756 12.877407 6.883446
v 11.732071 12.922865 6.973847
v -11.848839 15.823431 4.255666
v -11.702332 15.956102 4.397944
v -11.723392 15.074358 4.932994
v -11.725941 15.208029 5.090713
v 11.626232 16.380487 4.499178
v 11.613552 16.465998 4.661156
v 11.592300 15.474401 5.204203
v 11.621986 15.637915 5.342192
v -11.153809 17.356913 2.903606
v -11.122379 17.429544 3.097806
v -11.154350 16.926188 3.337755
v -11.133621 16.997526 3.458526
v 12.906078 16.822550 3.641158
v 12.920300 16.910059 3.815941
v 12.919197 16.421236 4.134520
v 12.956017 16.466238 4.175320
v -11.535725 11.852060 8.069243
v -11.543926 11.969635 8.176440
v -11.660854 11.032734 8.582269
v -11.613373 11.177292 8.786229
v 12.042351 11.300587 8.241996
v 12.038525 11.392408 8.362327
v 12.044567 10.471897 8.786311
v 12.036732 10.559139 8.972196
v 0.265297 14.992990 -6.050427
v 0.136338 15.144682 -6.204677
v 0.214573 15.796804 -5.388474
v 0.267212 15.911783 -5.459719
v 0.370587 14.331842 -6.866304
v 0.190136 14.396639 -6.932750
v 0.392693 14.610460 -6.409051
v 0.262142 14.760489 -6.701940
v 0.172406 13.367311 -7.459370
v 0.356858 13.407228 -7.607353
v 0.195866 13.673162 -7.186450
v 0.287495 13.812624 -7.283555
v 0.529293 13.565954 -7.829006
v 0.611027 13.667261 -7.987631
v 0.534489 14.103563 -7.271665
v 0.556942 14.184122 -7.438620
v 0.093110 10.800285 -9.411636
v 0.122311 10.962627 -9.634300
v 0.125901 11.537817 -8.841333
v 0.066544 11.633720 -8.957430
v 0.392498 16.435186 -4.672522
v 0.334358 16.421743 -4.670995
v 0.379311 16.866423 -4.175421
v 0.331268 16.892172 -4.388124
v 0.308113 18.706697 -3.584295
v 0.381783 18.548918 -3.365011
v 0.466465 17.936201 -4.077120
v 0.377182 17.900793 -3.896187
v 0.355190 19.064116 -2.806696
v 0.240914 18.889242 -2.737568
v 0.259503 18.736959 -3.131610
v 0.247479 18.625029 -2.932182
v 0.228760 19.767305 -2.001320
v 0.256504 19.726706 -1.853316
v 0.291916 19.370249 -2.356729
v 0.305889 19.250017 -2.245885
v 0.275642 20.756525 -1.051213
v 0.179874 20.703840 -0.830551
v 0.247238 20.060301 -1.393875
v 0.194668 20.202444 -1.570983
v 0.260593 20.791410 0.389323
v 0.293041 20.701796 0.267941
v 0.138535 20.008242 0.760382
v 0.322601 20.191286 0.908955
v 0.318752 19.937849 1.429205
v 0.364452 19.810671 1.292902
v 0.298942 19.467531 1.919102
v 0.280086 19.356047 1.781555
v 0.214466 18.774122 2.153620
v 0.354607 18.684931 2.017790
v 0.468662 18.530806 2.490937
v 0.273128 18.469282 2.337706
v 0.178959 16.399004 4.015664
v 0.256531 16.463804 4.140078
v 0.182377 16.814516 3.557060
v 0.178112 16.852995 3.752250
v -5.304745 18.351740 -3.686893
v -5.228889 17.769796 -4.404662
v -5.310692 18.516409 -3.891144
v -5.291458 17.727331 -4.268417
v 7.444264 13.297331 -7.636760
v 7.531579 13.772600 -7.464260
v 7.618920 13.402369 -7.840812
v 7.473931 13.633738 -7.340143
v 5.469162 15.360262 5.477505
v 5.435692 16.071413 4.615797
v 5.392258 15.215261 5.286800
v 5.471828 16.166101 4.760673
v -2.490834 12.024654 8.146101
v -2.515072 11.345921 8.864159
v -2.459115 12.133736 8.240284
v -2.563984 11.197281 8.674114
v -2.147969 12.980486 6.918478
v -2.371800 13.088150 7.114475
v -2.281208 13.356253 6.674566
v -2.194607 13.475317 6.776001
v -2.431355 14.015284 6.042660
v -2.431427 14.083353 6.065676
v -2.431221 14.305990 5.507114
v -2.431229 14.379530 5.787769
v 13.758057 21.867941 0.052903
v 13.728455 21.861612 -0.228394
v 13.748466 22.154062 -0.044939
v 13.729057 22.168394 -0.312089
v -12.533203 21.269026 0.086949
v -12.568607 21.229074 -0.600559
v -12.561150 21.879728 -0.019135
v -12.517395 21.853868 -0.615404
v 0.173531 21.495733 -0.537637
v 0.207928 21.457941 -1.098167
v 0.018650 20.872831 -1.103071
v 0.249496 20.932962 -0.443437
v -7.249775 15.151720 5.369036
v -7.180271 16.044230 4.844049
v -7.203869 15.282904 5.559078
v -7.300945 15.922445 4.707452
v -10.305210 21.788221 -1.551808
v -10.352402 21.654886 -1.683587
v -9.582085 21.704523 -1.573171
v -9.568439 21.721270 -1.792191
v -10.019806 8.602993 9.935480
v -9.907417 8.501823 9.758038
v -9.282921 8.711617 9.841200
v -9.230881 8.556581 9.636139
v -9.439972 21.918024 0.432891
v -9.408440 21.795805 0.584195
v -10.058990 21.831820 0.281867
v -10.095478 21.861315 0.501459
v -9.052376 9.601776 -10.612654
v -9.155666 9.512690 -10.425726
v -9.691017 9.713385 -10.519699
v -9.733971 9.570986 -10.304056
v -9.793503 18.766291 -3.087431
v -9.831264 18.723829 -2.896951
v -9.168266 18.634272 -2.880592
v -9.169830 18.742586 -3.045266
v -7.525414 21.269033 -1.365235
v -7.572762 21.137545 -1.498633
v -6.802288 21.185335 -1.386599
v -6.788799 21.203920 -1.607237
v -6.949845 9.461687 9.787090
v -6.837616 9.362366 9.608030
v -6.212964 9.570311 9.692810
v -6.161076 9.417120 9.486130
v -6.325947 21.241743 -0.072077
v -6.294289 21.121607 0.081235
v -6.944969 21.155535 -0.223101
v -6.981331 21.187120 -0.001500
v -5.934810 9.915867 -10.388563
v -6.037975 9.828863 -10.199627
v -6.303577 10.027475 -10.295609
v -6.346408 9.887159 -10.077957
v -6.493237 19.587229 -1.982536
v -6.530872 19.546854 -1.790047
v -6.137749 19.457293 -1.773689
v -6.139435 19.563520 -1.940370
v 9.475128 21.918024 0.432892
v 9.443596 21.795805 0.584196
v 10.094147 21.831820 0.281867
v 10.130634 21.861315 0.501460
v 9.087532 9.601776 -10.612654
v 9.190823 9.512690 -10.425726
v 9.726173 9.713385 -10.519699
v 9.769127 9.570986 -10.304056
v 9.828659 18.766291 -3.087430
v 9.866421 18.723829 -2.896950
v 9.203423 18.634272 -2.880591
v 9.204987 18.742586 -3.045265
v 7.560570 21.269033 -1.365234
v 7.607918 21.137545 -1.498632
v 7.071106 21.185335 -1.386598
v 7.057613 21.203920 -1.607237
v 7.092067 10.007305 8.861084
v 6.979835 9.907984 8.682024
v 6.588840 10.115929 8.766804
v 6.536952 9.962738 8.560123
v 6.361103 21.241743 -0.072077
v 6.329445 21.121607 0.081235
v 6.980125 21.155535 -0.223100
v 7.016487 21.187120 -0.001500
v 5.969967 9.915867 -10.388563
v 6.073132 9.828863 -10.199627
v 6.608609 10.027475 -10.295609
v 6.651436 9.887159 -10.077957
v 6.798267 19.587229 -1.982535
v 6.835903 19.546854 -1.790046
v 6.172905 19.457293 -1.773688
v 6.174591 19.563520 -1.940369
v 2.426041 21.008509 0.057437
v 2.394310 20.894960 0.217527
v 3.045063 20.922300 -0.093588
v 3.081348 20.960474 0.134792
v 2.056984 9.640751 -10.673634
v 2.160077 9.560341 -10.477919
v 2.503544 9.752361 -10.580677
v 2.546303 9.618637 -10.356247
v 2.659748 19.587229 -1.982535
v 2.697311 19.553450 -1.783267
v 2.226395 19.463884 -1.766909
v 2.228153 19.563520 -1.940369
v 11.858261 23.308878 -1.435935
v 11.831306 23.064367 -1.725478
v 12.195961 23.224009 -1.395973
v 12.215649 23.131845 -1.762825
v 10.633785 10.028465 9.600290
v 10.720490 9.817011 9.280197
v 10.984558 10.137877 9.574281
v 11.030411 9.873510 9.219815
v -10.826385 19.545881 0.920412
v -10.783260 19.354624 0.623891
v -10.819420 20.955294 0.131620
v -10.774315 20.760019 -0.143265
v 12.646484 20.276815 0.753174
v 12.722366 20.012178 0.392149
v 12.728855 21.578531 -0.368556
v 12.603928 21.478559 -0.680586
v -12.169884 18.940615 1.779356
v -12.285301 18.543924 1.494036
v -12.298592 19.706156 0.858428
v -12.370686 19.395258 0.675914
v 11.517761 19.512537 1.618563
v 11.545944 19.309160 1.425269
v 11.489586 20.384508 1.049062
v 11.518547 20.217798 0.617665
v -10.618870 18.192621 2.249094
v -10.602142 18.077684 1.941509
v -10.444046 18.802256 1.600099
v -10.469074 18.529081 1.502448
v 10.982193 18.273531 2.389699
v 11.011074 17.998255 2.062388
v 10.990318 18.823000 1.835534
v 10.895123 18.557135 1.512439
v 12.280724 13.294916 5.818970
v 12.286102 13.558210 6.082583
v 12.261433 12.625061 6.406323
v 12.337761 12.891138 6.850983
v -11.104271 14.044416 5.947488
v -11.116989 14.306608 6.106390
v -11.265587 13.337023 6.420940
v -11.108536 13.423315 6.592544
v 11.109112 15.475431 3.769608
v 11.026566 15.712526 4.043322
v 11.049934 14.043631 5.060878
v 11.050304 14.298029 5.359815
v -11.997349 15.379221 3.711677
v -11.975227 15.544485 4.018246
v -11.914505 13.669168 5.050767
v -11.970749 13.974070 5.313780
v 11.472317 16.648523 3.046505
v 11.454826 16.786402 3.415154
v 11.472618 15.830881 3.870652
v 11.461082 15.966299 4.099911
v -11.150955 16.606413 3.067766
v -11.176720 16.772535 3.399557
v -11.174721 15.844595 4.004314
v -11.241432 15.930025 4.081766
v 12.384872 11.451500 7.593766
v 12.389858 11.617994 7.725035
v 12.433357 10.462217 8.173829
v 12.407372 10.682844 8.488013
v -12.153351 10.024618 8.652448
v -12.148544 10.149796 8.804194
v -12.173630 9.058449 9.351773
v -12.161781 9.172276 9.627885
v 11.840843 19.545881 -2.288115
v 11.815765 19.354624 -1.991595
v 11.821159 21.078947 -1.417062
v 11.804008 21.011595 -1.080666
v -11.789207 19.789450 -2.406482
v -11.815331 19.524817 -2.045456
v -11.817566 21.173891 -1.284751
v -11.774551 21.073919 -0.972722
v 11.568596 18.940615 -3.147061
v 11.635712 18.543924 -2.861740
v 11.643440 19.706156 -2.226132
v 11.685368 19.395258 -2.043617
v -11.208286 18.833845 -2.986267
v -11.256744 18.630465 -2.792973
v -11.159836 19.705812 -2.416766
v -11.209633 19.539099 -1.985369
v 11.448273 16.745451 -4.643486
v 11.468498 16.653944 -4.469349
v 11.444427 18.116007 -3.627585
v 11.479950 17.794577 -3.268013
v -11.293835 16.783361 -4.635500
v -11.212349 16.610811 -4.318554
v -11.158077 18.327566 -3.562765
v -11.220665 18.047007 -3.327879
v -10.865059 14.261774 -6.373457
v -10.769211 14.409094 -6.899983
v -10.849594 13.570028 -7.329636
v -10.754475 13.687178 -7.449168
v 12.318157 13.978590 -6.279413
v 12.403023 14.196199 -6.765338
v 12.368469 13.529741 -7.101904
v 12.435158 13.359259 -7.232437
v -11.149910 13.294916 -7.186674
v -11.159161 13.558210 -7.450285
v -11.116737 12.625061 -7.774027
v -11.247993 12.891138 -8.218688
v 11.855629 13.355825 -7.315195
v 11.863026 13.618021 -7.474096
v 11.949440 12.648430 -7.788644
v 11.858112 12.734722 -7.960250
v -11.562050 15.589991 -5.285714
v -11.420101 15.827085 -5.559429
v -11.460289 14.158190 -6.576984
v -11.460922 14.412588 -6.875922
v 11.719261 15.508131 -5.786391
v 11.706398 15.673391 -6.092960
v 11.671085 13.798079 -7.125482
v 11.703793 14.102976 -7.388496
v -10.805145 16.648523 -4.414209
v -10.775078 16.786402 -4.782858
v -10.805664 15.830881 -5.238355
v -10.785831 15.966299 -5.467614
v 11.440319 16.606413 -4.435470
v 11.455303 16.772535 -4.767262
v 11.454140 15.844595 -5.372018
v 11.492935 15.930025 -5.449469
v -11.298332 10.947052 -9.415883
v -11.307110 11.169584 -9.619699
v -11.420158 9.832668 -9.863189
v -11.375683 10.109337 -10.249923
v 12.594452 11.035419 -9.388736
v 12.590057 11.209105 -9.617421
v 12.607357 9.955376 -9.935082
v 12.598869 10.119850 -10.288314
v 0.178665 14.213182 5.371770
v 0.055286 14.501131 5.664579
v 0.130134 15.739061 4.115183
v 0.180496 15.957323 4.250422
v 0.089798 12.829515 6.549412
v 0.266266 12.905287 6.830328
v 0.112240 13.410112 6.031332
v 0.199901 13.674841 6.215664
v 0.264671 18.944563 1.770994
v 0.155338 18.612597 1.639769
v 0.173122 18.323526 2.387775
v 0.161621 18.111040 2.009206
v 0.143711 19.502024 0.881581
v 0.170254 19.424952 0.600628
v 0.204132 18.748285 1.556253
v 0.217503 18.520052 1.345839
v 0.188564 20.637564 -0.142978
v 0.096943 20.537550 -0.561860
v 0.161388 19.315920 0.507498
v 0.111095 19.585749 0.843702
v 0.167095 20.680346 -1.190033
v 0.198872 20.513563 -0.958222
v 0.068829 19.182222 -1.899653
v 0.242451 19.548624 -2.173653
v 0.229809 19.902075 -2.313535
v 0.273533 19.660646 -2.054792
v 0.210858 19.009264 -3.243507
v 0.192818 18.797632 -2.982403
v 0.063145 18.383661 -3.677670
v 0.055691 18.092478 -3.274505
v -0.055443 16.922686 -4.664988
v 0.076657 16.864901 -4.496696
v 0.096066 15.802404 -5.146399
v 0.170281 15.925409 -5.382571
v 0.099335 16.591169 -4.275832
v 0.095257 16.664209 -4.646359
v -0.049801 13.568277 -7.144197
v 0.137390 13.711748 -7.167554
v -0.048526 14.169611 -6.163522
v 0.076142 14.265509 -6.704256
v 0.323868 12.693008 -7.880774
v 0.124543 12.877848 -8.229948
v 0.197487 13.420443 -7.457848
v 0.285069 13.634344 -7.627247
v -11.579433 20.676641 -0.125824
v -11.546036 21.052706 -0.033146
v -11.556023 20.441164 -0.661997
v -11.557983 21.022871 -1.101461
v 12.960651 21.016226 -0.030759
v 12.977291 21.592028 -0.120278
v 12.976002 20.911249 -1.036496
v 13.019085 21.268049 -1.203960
v 0.176601 19.979853 -1.022672
v 0.259026 20.669714 -1.264785
v 0.180233 20.240194 -0.039362
v 0.175701 20.744593 -0.224789
v 7.046955 12.696671 6.886157
v 7.130493 13.598871 6.558693
v 7.214054 12.896067 7.273505
v 7.075336 13.335276 6.323088
v 5.006917 14.096418 -7.507801
v 4.993309 15.446184 -5.869164
v 4.931530 13.828588 -7.144103
v 5.028965 15.622599 -6.144895
v -5.065761 11.444765 -9.427097
v -5.083595 10.647160 -10.275454
v -5.038322 11.655504 -9.590322
v -5.130252 10.337637 -9.913713
v -5.254147 20.277025 -0.830475
v -5.261597 20.954908 -0.222746
v -5.225906 21.030676 -1.276901
v -5.276028 20.751207 -0.290180
v -1.590164 15.145113 3.476267
v -1.820538 15.656710 3.530237
v -1.761902 16.280764 2.502197
v -1.836723 16.568293 2.688692
v 9.479076 10.312855 8.338606
v 9.471073 10.526270 8.645016
v 9.465469 11.286661 7.726244
v 9.469635 11.450773 7.857499
v -8.317394 8.593470 8.976280
v -8.323730 8.717747 9.262220
v -8.331989 9.569866 8.313784
v -8.326485 9.699160 8.464903
v -6.532536 10.637514 7.882934
v -6.463566 10.699596 8.266336
v -5.665066 10.726210 7.965209
v -5.699722 10.692507 8.271976
v -6.492928 0.376932 7.821760
v -6.504391 0.449520 8.163212
v -5.673557 0.367510 7.867256
v -5.782417 0.446190 8.337091
v 8.633953 10.759415 7.845585
v 8.627079 10.639162 8.235489
v 9.468140 10.806131 7.921044
v 9.469597 10.674862 8.261528
v 8.664234 0.526314 7.852416
v 8.621605 0.428562 8.244764
v 9.478920 0.410011 7.813681
v 9.473721 0.533016 8.209681
v 7.345402 10.685204 -8.844582
v 7.385155 10.629107 -9.242170
v 6.316147 10.677860 -8.763432
v 6.275616 10.748901 -9.157784
v 7.325188 0.389452 -8.699438
v 7.336022 0.442492 -9.157333
v 6.349904 0.406836 -8.792253
v 6.326958 0.436661 -9.106640
v 1.543656 4.716660 -8.774445
v 1.565888 4.692043 -9.192945
v 0.786621 4.759525 -8.775640
v 0.726815 4.689569 -9.127792
v 1.555767 0.477051 -8.715286
v 1.567582 0.515549 -9.251314
v 0.812218 0.310368 -8.699745
v 0.739937 0.353851 -9.089449
v -1.660240 4.760559 -8.814041
v -1.585594 4.731384 -9.166601
v -2.407314 4.728193 -8.770405
v -2.384922 4.760136 -9.080837
v -1.579532 0.399958 -8.778711
v -1.586856 0.525452 -9.161642
v -2.397144 0.444242 -8.781681
v -2.405860 0.419628 -9.162401
v -7.809093 10.694424 -8.790854
v -7.746997 10.642729 -9.223761
v -8.518127 10.672096 -8.797707
v -8.547680 10.738043 -9.153137
v -7.757228 0.303091 -8.778868
v -7.812507 0.434439 -9.193830
v -8.574852 0.423843 -8.798779
v -8.536194 0.288059 -9.218899
v -6.140739 4.724512 -8.800560
v -6.219047 4.654339 -9.225639
v -7.201286 4.727453 -8.789892
v -7.245002 4.735979 -9.183764
v -6.166702 0.330463 -8.715458
v -6.108783 0.488348 -9.177092
v -7.225616 0.418964 -8.773256
v -7.223041 0.457411 -9.182608
v 8.134438 -0.017681 9.076929
v 8.152946 0.408054 9.344374
v 7.654380 0.013126 9.401569
v 7.675651 0.443453 9.321621
v 8.076202 0.018988 -9.769173
v 8.187126 0.361519 -9.727518
v 7.690491 0.041927 -9.985834
v 7.644097 0.413754 -10.012157
v 8.908649 0.004305 9.269409
v 8.829815 0.439978 9.187889
v 8.162308 0.021568 9.346119
v 8.194706 0.378576 9.266773
v 8.817970 -0.019367 -10.101648
v 8.905220 0.367764 -9.984703
v 8.094444 0.020121 -9.962622
v 8.181488 0.473553 -9.775146
v 3.941764 -0.009361 9.630093
v 3.950187 0.393444 9.646280
v 3.394718 0.000322 9.576082
v 3.332996 0.472700 9.790918
v 3.919701 0.058779 -9.920008
v 3.968937 0.421509 -9.939585
v 3.399949 0.013304 -10.182652
v 3.361393 0.324884 -9.925823
v 6.564346 0.007931 9.668703
v 6.522121 0.408676 9.620317
v 5.854297 0.060425 9.669544
v 5.865928 0.407503 9.637827
v 6.536141 0.002598 -9.903181
v 6.521752 0.398348 -9.944561
v 5.807999 0.115496 -9.941877
v 5.856022 0.389078 -10.049921
v 0.776184 0.026295 9.187033
v 0.789001 0.446302 9.135765
v -0.042801 -0.039759 9.266890
v -0.120663 0.413862 9.353750
v 0.801529 0.001345 -9.956173
v 0.848885 0.377871 -9.717522
v -0.049724 -0.020990 -9.997791
v -0.180759 0.449848 -9.836481
v -3.896824 -0.024654 9.085495
v -3.974827 0.446049 9.297281
v -4.819771 -0.050642 9.321104
v -4.820179 0.341763 9.304922
v -3.939075 -0.047424 -9.881456
v -3.899463 0.343939 -9.999514
v -4.857078 0.001156 -10.121349
v -4.792530 0.373230 -9.948505
v -8.094593 -0.024513 9.431421
v -8.030228 0.408398 9.336042
v -8.829529 -0.017660 9.390224
v -8.860161 0.337772 9.511909
v -8.040833 -0.036497 -10.136221
v -8.098133 0.378468 -9.893864
v -8.888325 -0.016584 -9.913412
v -8.848255 0.403536 -10.163954
v -7.507981 0.065132 9.558292
v -7.540600 0.389334 9.436895
v -8.041634 0.012766 9.690041
v -8.054565 0.402592 9.625124
v -7.452583 0.001635 -9.830082
v -7.506294 0.418808 -9.989290
v -7.968090 0.006201 -9.837355
v -8.059166 0.400066 -9.937681
v -2.135788 22.821989 -1.106047
v -2.172890 22.710211 -1.223413
v -2.411823 22.729963 -1.089636
v -2.368179 22.651701 -1.198074
v -1.127911 9.708073 9.465635
v -1.128510 9.530590 9.319792
v -1.378640 9.673597 9.459427
v -1.393284 9.631660 9.209753
v 1.236953 10.018642 9.115227
v 1.304206 10.251438 9.266973
v 1.602275 10.142397 9.249359
v 1.597992 10.256920 9.264482
v 1.824272 22.427977 -1.939030
v 1.866871 22.653013 -1.774202
v 2.102833 22.586500 -1.808348
v 2.175491 22.622328 -1.839842
v 2.336204 9.212894 9.154131
v 2.328151 9.335833 9.306742
v 2.624446 9.233519 9.137381
v 2.654251 9.330551 9.409018
v 2.346508 22.744925 -1.777573
v 2.316437 22.849993 -1.664982
v 2.619659 22.758772 -1.865559
v 2.635155 22.772993 -1.748055
v -11.457649 9.868769 9.719501
v -11.406456 10.049101 9.866063
v -11.064342 9.843952 9.748433
v -11.072762 9.969809 9.834010
v -2.019078 16.261282 4.206453
v -2.032700 16.236605 4.014557
v -1.770233 16.469854 4.149593
v -1.803684 16.254557 4.130268
v 2.586132 14.750082 5.226008
v 2.615516 14.764109 5.503330
v 2.313759 14.714758 5.340885
v 2.299663 14.866346 5.414088
v 1.753589 14.600172 5.384375
v 1.731403 14.640902 5.431274
v 1.402733 14.461042 5.224273
v 1.482109 14.631521 5.420259
v -11.410202 22.618803 -1.407129
v -11.447113 22.714045 -1.251207
v -11.028618 22.610979 -1.361131
v -11.064556 22.738688 -1.139983
v -9.686646 9.451097 9.643591
v -9.641781 9.596611 9.774197
v -9.311989 9.479422 9.676785
v -9.296196 9.581902 9.770401
v -9.141464 22.461821 -1.404041
v -9.111328 22.594225 -1.268435
v -8.756485 22.540014 -1.329468
v -8.760818 22.600882 -1.302455
v -11.476254 16.465895 4.319978
v -11.472496 16.370016 4.156431
v -11.060753 16.493544 4.374885
v -11.064758 16.366529 4.250869
v -8.794228 16.135725 4.103558
v -8.773933 16.270025 4.167425
v -9.171726 16.090406 4.047473
v -9.110661 16.201040 4.179628
v 7.451972 9.451097 9.643591
v 7.496837 9.596611 9.774197
v 7.826629 9.479422 9.676785
v 7.842422 9.581902 9.770401
v 7.997154 22.461821 -1.404040
v 8.027290 22.594225 -1.268434
v 8.382130 22.540014 -1.329467
v 8.377800 22.600882 -1.302455
v 8.344391 16.135725 4.103559
v 8.364685 16.270025 4.167426
v 7.966892 16.090406 4.047474
v 8.027954 16.201040 4.179629
v 2.169048 22.821989 0.295552
v 2.206150 22.710211 0.412918
v 2.445084 22.729963 0.279141
v 2.401440 22.651701 0.387579
v 1.161171 9.708069 -10.276133
v 1.161770 9.530590 -10.130287
v 1.411900 9.673594 -10.269924
v 1.426545 9.631660 -10.020248
v 2.052338 16.261282 -5.016949
v 2.065960 16.236605 -4.825052
v 1.803494 16.469854 -4.960089
v 1.836945 16.254557 -4.940764
v -9.107426 0.473953 6.432388
v -9.372719 0.421267 6.476291
v -9.124603 0.371883 7.879100
v -9.341156 0.310318 7.699468
v -9.138756 12.928068 6.326330
v -9.357037 11.153112 7.848035
v -9.320065 12.795500 6.439981
v -9.106632 11.151360 7.849538
v -2.053070 21.103388 -1.347071
v -2.100449 20.972281 -1.480814
v -1.565868 21.019686 -1.368435
v -1.552410 21.038664 -1.589419
v -4.725178 9.616394 10.311298
v -4.612980 9.517458 10.131893
v -4.224217 9.725018 10.217020
v -4.172364 9.572212 10.009993
v -2.390884 21.008509 0.057437
v -2.359154 20.894960 0.217527
v -3.009907 20.922300 -0.093588
v -3.046192 20.960474 0.134792
v -2.021827 9.640751 -10.673634
v -2.124919 9.560341 -10.477919
v -2.660469 9.752361 -10.580677
v -2.703224 9.618637 -10.356247
v -2.816673 19.587229 -1.982535
v -2.854237 19.553450 -1.783267
v -2.191238 19.463884 -1.766909
v -2.192997 19.563520 -1.940370
v 10.340366 21.788221 -1.551807
v 10.387558 21.654886 -1.683586
v 9.768291 21.704523 -1.573170
v 9.754646 21.721270 -1.792190
v 10.054962 8.602993 9.935480
v 9.942574 8.501823 9.758038
v 9.469124 8.711617 9.841200
v 9.417084 8.556581 9.636139
v 2.322987 21.150419 -1.298019
v 2.371529 20.972281 -1.480814
v 1.599861 21.066721 -1.319383
v 1.587566 21.038664 -1.589418
v 2.967372 9.872276 9.499683
v 2.856338 9.726311 9.271223
v 2.230487 9.980902 9.405403
v 2.179798 9.781067 9.149324
v -11.363289 16.745451 3.275781
v -11.398067 16.653944 3.101644
v -11.356682 18.116007 2.259881
v -11.417767 17.794577 1.900310
v 11.733212 16.745436 3.410603
v 11.685825 16.572889 3.093657
v 11.654266 18.289640 2.337869
v 11.690662 18.009081 2.102982
v 11.820328 12.680698 6.384251
v 11.864582 12.851543 6.706921
v 11.800541 11.475229 7.340510
v 11.892258 11.696272 7.677382
v -12.308372 12.555910 6.349700
v -12.176102 12.795307 6.607156
v -12.295906 11.598564 7.384536
v -12.275475 11.696838 7.648542
v 12.334103 18.389479 -3.453948
v 12.324375 18.274542 -3.146363
v 12.232437 18.999109 -2.804953
v 12.246990 18.725939 -2.707301
v -11.749222 18.270536 -3.629741
v -11.798885 17.995260 -3.302431
v -11.763199 18.820005 -3.075575
v -11.599495 18.554140 -2.752481
v -11.731964 12.680698 -7.751954
v -11.808067 12.851543 -8.074626
v -11.697941 11.475229 -8.708213
v -11.855659 11.696272 -9.045087
v 12.321030 12.555910 -7.717405
v 12.244110 12.795307 -7.974863
v 12.313778 11.598564 -8.752242
v 12.301899 11.696838 -9.016248
v 0.146423 11.454124 7.238913
v 0.223022 11.618296 7.560289
v 0.192135 12.504215 6.220758
v 0.211128 12.641640 6.546333
v 0.155743 18.788195 -3.010495
v 0.288849 18.594339 -2.764977
v 0.385853 18.290041 -3.673702
v 0.199494 18.203279 -3.367927
v 0.363099 11.712833 -8.697210
v 0.297135 11.819807 -8.946659
v 0.357247 12.692169 -7.661613
v 0.158516 12.835728 -8.014334
v -8.683662 12.770531 7.038402
v -8.774147 11.575014 7.801710
v -8.759323 12.547535 6.769409
v -8.728188 11.684015 8.075024
v 2.446518 18.168795 2.204518
v -2.169212 17.744627 1.717917
v 2.510715 17.811274 1.882095
v -2.101425 17.363985 1.382049
v -2.030766 16.506914 2.936096
v 2.589481 16.841528 3.380793
v -2.112209 16.381075 2.647758
v 2.500801 16.704458 3.056475
v 10.110970 4.968203 -9.581509
v 10.094154 4.874695 -9.125635
v 10.095501 3.579231 -9.438868
v 10.079418 3.724146 -9.146996
v -9.921448 4.849501 -9.602438
v -10.067459 4.835934 -9.139601
v -10.007965 3.732538 -9.433228
v -10.122719 3.650009 -9.228706
v 0.723978 4.650906 -9.386757
v 0.630470 4.656564 -8.822847
v -0.664994 4.656111 -9.210312
v -0.520079 4.661523 -8.849270
v 0.605276 11.392351 -9.412645
v 0.591709 11.441487 -8.840122
v -0.511687 11.421467 -9.203335
v -0.594216 11.460083 -8.950345
v -10.045856 4.843431 -8.381170
v -10.029041 4.766797 -8.837044
v -10.030388 3.705110 -8.523811
v -10.014305 3.823874 -8.815683
v 9.986561 4.746149 -8.360243
v 10.132572 4.735030 -8.823080
v 10.073078 3.830751 -8.529453
v 10.187832 3.763115 -8.733974
v -10.045856 9.164921 8.514608
v -10.029040 9.088287 8.058735
v -10.030387 8.026600 8.371967
v -10.014304 8.145365 8.080095
v 9.986562 9.067640 8.535536
v 10.132573 9.056520 8.072699
v 10.073079 8.152243 8.366325
v 10.187833 8.084606 8.161804
v -5.540024 0.385007 -0.878603
v -5.619641 0.035586 -0.509222
v -6.489758 0.053393 -0.827526
v -6.511220 0.266206 -0.387162
v -5.573029 20.831303 -0.831160
v -5.677613 20.879688 -0.462914
v -6.548588 20.864216 -0.902111
v -6.579121 20.934792 -0.509569
vt 0.526945 0.172513
vt 0.733982 0.180913
vt 0.718384 0.218610
vt 0.526945 0.224754
vt 0.719019 -0.197491
vt 0.719019 -0.165431
vt 0.490803 -0.165431
vt 0.490803 -0.197491
vt 0.432175 -0.165431
vt 0.490804 0.770342
vt 0.432175 0.770342
vt 0.490804 0.802402
vt 0.719020 0.770342
vt 0.719020 0.802402
vt 0.777649 0.770342
vt 0.777649 -0.165431
vt 1.211492 -0.197491
vt 1.211492 0.738283
vt 0.988342 0.738283
vt 0.988342 -0.197491
vt 0.725987 -0.441353
vt 0.725987 -0.409293
vt 0.497771 -0.409293
vt 0.497771 -0.441353
vt 0.439142 -0.409293
vt 0.497772 0.526480
vt 0.439142 0.526480
vt 0.497772 0.558540
vt 0.725988 0.526480
vt 0.725988 0.558540
vt 0.784617 0.526480
vt 0.784616 -0.409293
vt 1.218460 -0.441353
vt 1.218460 0.494421
vt 0.995310 0.494421
vt 0.995309 -0.441353
vt 0.456278 0.000053
vt 0.456278 0.032113
vt 0.233128 0.032113
vt 0.233128 0.000053
vt 0.233129 0.999946
vt 0.233129 0.967887
vt 0.456279 0.967887
vt 0.456279 0.999946
vt 0.171966 0.032113
vt 0.171967 0.967887
vt 0.517441 0.967886
vt 0.517441 0.032113
vt 0.961127 0.000053
vt 0.961127 0.935828
vt 0.737977 0.935828
vt 0.737977 0.000053
vt 0.957300 0.374239
vt 0.957300 0.386152
vt 0.729084 0.386152
vt 0.729084 0.374239
vt 0.670456 0.386152
vt 0.729085 0.733872
vt 0.670456 0.733872
vt 0.729085 0.745785
vt 0.957302 0.733872
vt 0.957302 0.745785
vt 1.015930 0.733871
vt 1.015930 0.386152
vt 1.449774 0.374239
vt 1.449773 0.721959
vt 1.226623 0.721959
vt 1.226623 0.374239
vt 0.193008 0.502406
vt 0.193008 0.509554
vt 0.046097 0.509554
vt 0.046097 0.502406
vt 0.009400 0.509554
vt 0.046097 0.718186
vt 0.009400 0.718186
vt 0.046097 0.725334
vt 0.193009 0.718186
vt 0.193009 0.725334
vt 0.229706 0.718186
vt 0.229706 0.509554
vt 0.674294 0.497641
vt 0.674294 0.706273
vt 0.540404 0.706273
vt 0.540404 0.497641
vt 0.237706 0.579730
vt 0.237706 0.591644
vt 0.009490 0.591644
vt 0.009490 0.579730
vt -0.049139 0.591644
vt 0.009491 0.939363
vt -0.049139 0.939363
vt 0.009491 0.951276
vt 0.237707 0.939363
vt 0.237707 0.951276
vt 0.296335 0.939363
vt 0.296335 0.591644
vt 0.730179 0.579730
vt 0.730179 0.927451
vt 0.507028 0.927451
vt 0.507028 0.579730
vt 0.220043 0.757308
vt 0.220043 0.769221
vt -0.003107 0.769221
vt -0.003107 0.757308
vt -0.003106 1.128854
vt -0.003106 1.116941
vt 0.220044 1.116941
vt 0.220044 1.128854
vt -0.064269 0.769221
vt -0.064269 1.116941
vt 0.281206 1.116941
vt 0.281206 0.769221
vt 0.724892 0.757308
vt 0.724892 1.105029
vt 0.501742 1.105029
vt 0.501742 0.757308
vt 0.491979 0.428097
vt 0.491979 0.440010
vt 0.247126 0.440010
vt 0.247126 0.428097
vt 0.185964 0.440010
vt 0.247127 0.787730
vt 0.185964 0.787730
vt 0.247127 0.799643
vt 0.491980 0.787730
vt 0.491980 0.799643
vt 0.553142 0.787730
vt 0.553141 0.440010
vt 0.968924 0.428097
vt 0.968924 0.775817
vt 0.745774 0.775817
vt 0.745774 0.428097
vt 0.191136 0.649189
vt 0.191136 0.656648
vt 0.048248 0.656648
vt 0.048248 0.649189
vt 0.011540 0.656648
vt 0.048248 0.874359
vt 0.011540 0.874359
vt 0.048248 0.881818
vt 0.191136 0.874359
vt 0.191136 0.881818
vt 0.227844 0.874359
vt 0.227844 0.656648
vt 0.684556 0.644735
vt 0.684555 0.862446
vt 0.544839 0.862446
vt 0.544839 0.644735
vt 0.456278 0.697303
vt 0.456278 0.709216
vt 0.233128 0.709216
vt 0.233128 0.697303
vt 0.233129 1.068848
vt 0.233129 1.056935
vt 0.456279 1.056935
vt 0.456279 1.068848
vt 0.171966 0.709216
vt 0.171967 1.056935
vt 0.517441 1.056935
vt 0.517441 0.709216
vt 0.961127 0.697303
vt 0.961127 1.045023
vt 0.737977 1.045023
vt 0.737977 0.697303
vt 0.491979 0.592117
vt 0.491979 0.604030
vt 0.247126 0.604030
vt 0.247126 0.592117
vt 0.185964 0.604030
vt 0.247127 0.951750
vt 0.185964 0.951750
vt 0.247127 0.963663
vt 0.491980 0.951750
vt 0.491980 0.963663
vt 0.553142 0.951750
vt 0.553141 0.604030
vt 0.968924 0.592117
vt 0.968924 0.939838
vt 0.745774 0.939838
vt 0.745774 0.592117
vt 0.680344 0.521953
vt 0.680344 0.529100
vt 0.543414 0.529100
vt 0.543414 0.521953
vt 0.508237 0.529100
vt 0.543415 0.737732
vt 0.508237 0.737732
vt 0.543415 0.744880
vt 0.680345 0.737732
vt 0.680345 0.744880
vt 0.715522 0.737732
vt 0.715522 0.529100
vt 1.173830 0.517187
vt 1.173830 0.725820
vt 1.039940 0.725820
vt 1.039940 0.517187
vt 0.217997 0.447643
vt 0.217997 0.459556
vt -0.005153 0.459556
vt -0.005153 0.447643
vt -0.005152 0.819189
vt -0.005152 0.807276
vt 0.217998 0.807276
vt 0.217998 0.819189
vt -0.066315 0.459556
vt -0.066315 0.807276
vt 0.279160 0.807276
vt 0.279159 0.459556
vt 0.722846 0.447643
vt 0.722846 0.795364
vt 0.499696 0.795364
vt 0.499696 0.447643
vt 0.723985 0.366155
vt 0.723985 0.378586
vt 0.485838 0.378586
vt 0.485838 0.366155
vt 0.424658 0.378586
vt 0.485839 0.741437
vt 0.424658 0.741437
vt 0.485839 0.753868
vt 0.723986 0.741437
vt 0.723986 0.753868
vt 0.785166 0.741437
vt 0.785165 0.378586
vt 1.216347 0.366673
vt 1.216347 0.729524
vt 0.983487 0.729524
vt 0.983487 0.366673
vt 0.443008 0.666426
vt 0.443008 0.673574
vt 0.296097 0.673574
vt 0.296097 0.666426
vt 0.259400 0.673574
vt 0.296097 0.882206
vt 0.259400 0.882206
vt 0.296097 0.889354
vt 0.443009 0.882206
vt 0.443009 0.889354
vt 0.479706 0.882206
vt 0.479706 0.673574
vt 0.924294 0.661661
vt 0.924294 0.870294
vt 0.790404 0.870294
vt 0.790404 0.661661
vt 0.680344 0.357932
vt 0.680344 0.365080
vt 0.543414 0.365080
vt 0.543414 0.357932
vt 0.508237 0.365080
vt 0.543415 0.573712
vt 0.508237 0.573712
vt 0.543415 0.580860
vt 0.680345 0.573712
vt 0.680345 0.580860
vt 0.715522 0.573712
vt 0.715522 0.365080
vt 1.173830 0.353167
vt 1.173830 0.561799
vt 1.039940 0.561799
vt 1.039940 0.353167
vt 0.220043 0.671669
vt 0.220043 0.683582
vt -0.003107 0.683582
vt -0.003107 0.671669
vt -0.003106 1.043215
vt -0.003106 1.031302
vt 0.220044 1.031302
vt 0.220044 1.043215
vt -0.064269 0.683582
vt -0.064269 1.031302
vt 0.281206 1.031302
vt 0.281206 0.683582
vt 0.724892 0.671669
vt 0.724892 1.019390
vt 0.501742 1.019390
vt 0.501742 0.671669
vt 0.196205 0.134377
vt 0.196205 0.154450
vt 0.042900 0.154450
vt 0.042900 0.134377
vt 0.004606 0.154450
vt 0.042901 0.740345
vt 0.004606 0.740345
vt 0.042901 0.760419
vt 0.196206 0.740345
vt 0.196206 0.760419
vt 0.234499 0.740345
vt 0.234499 0.154450
vt 0.677207 0.122390
vt 0.677207 0.708286
vt 0.537491 0.708286
vt 0.537491 0.122390
vt 0.001470 0.958414
vt 0.001470 0.990474
vt -0.226746 0.990474
vt -0.226746 0.958414
vt -0.285374 0.990474
vt -0.226745 1.926247
vt -0.285374 1.926247
vt -0.226745 1.958307
vt 0.001472 1.926247
vt 0.001472 1.958307
vt 0.060100 1.926247
vt 0.060100 0.990474
vt 0.493944 0.958414
vt 0.493943 1.894188
vt 0.270793 1.894188
vt 0.270793 0.958414
vt 0.255744 0.980675
vt 0.255744 1.042628
vt 0.010891 1.042628
vt 0.010891 0.980675
vt -0.050271 1.042628
vt 0.010892 2.850919
vt -0.050271 2.850919
vt 0.010892 2.912873
vt 0.255745 2.850919
vt 0.255745 2.912873
vt 0.316906 2.850919
vt 0.316906 1.042628
vt 0.732689 1.010567
vt 0.732689 2.818861
vt 0.509539 2.818861
vt 0.509539 1.010567
vt 0.456278 -0.011021
vt 0.456278 0.050932
vt 0.233128 0.050932
vt 0.233128 -0.011021
vt 0.233129 1.921177
vt 0.233129 1.859224
vt 0.456279 1.859224
vt 0.456279 1.921177
vt 0.171966 0.050932
vt 0.171967 1.859224
vt 0.517441 1.859224
vt 0.517441 0.050932
vt 0.961127 0.018872
vt 0.961127 1.827166
vt 0.737977 1.827166
vt 0.737977 0.018872
vt 0.957300 -0.208566
vt 0.957300 -0.146613
vt 0.729084 -0.146613
vt 0.729084 -0.208566
vt 0.670456 -0.146613
vt 0.729085 1.661679
vt 0.670456 1.661679
vt 0.729085 1.723632
vt 0.957302 1.661679
vt 0.957302 1.723632
vt 1.015930 1.661679
vt 1.015930 -0.146613
vt 1.449774 -0.178673
vt 1.449773 1.629621
vt 1.226623 1.629621
vt 1.226623 -0.178673
vt 0.479893 0.344448
vt 0.479893 0.406401
vt 0.251677 0.406401
vt 0.251677 0.344448
vt 0.193048 0.406401
vt 0.251678 2.214693
vt 0.193049 2.214693
vt 0.251678 2.276646
vt 0.479894 2.214693
vt 0.479894 2.276646
vt 0.538523 2.214692
vt 0.538523 0.406401
vt 0.972366 0.374340
vt 0.972366 2.182634
vt 0.749216 2.182634
vt 0.749216 0.374340
vt 0.482784 0.732217
vt 0.482784 0.794170
vt 0.254568 0.794170
vt 0.254568 0.732217
vt 0.195939 0.794170
vt 0.254569 2.602462
vt 0.195939 2.602462
vt 0.254569 2.664415
vt 0.482785 2.602462
vt 0.482785 2.664415
vt 0.541414 2.602462
vt 0.541414 0.794170
vt 0.975257 0.762109
vt 0.975257 2.570404
vt 0.752107 2.570404
vt 0.752107 0.762109
vt 0.191136 0.705664
vt 0.191136 0.744453
vt 0.048248 0.744453
vt 0.048248 0.705664
vt 0.011540 0.744453
vt 0.048248 1.876641
vt 0.011540 1.876641
vt 0.048248 1.915430
vt 0.191136 1.876641
vt 0.191136 1.915430
vt 0.227844 1.876641
vt 0.227844 0.744453
vt 0.684556 0.712393
vt 0.684555 1.844582
vt 0.544839 1.844582
vt 0.544839 0.712393
vt 0.456278 0.660854
vt 0.456278 0.722807
vt 0.233128 0.722807
vt 0.233128 0.660854
vt 0.233129 2.593052
vt 0.233129 2.531099
vt 0.456279 2.531099
vt 0.456279 2.593052
vt 0.171966 0.722807
vt 0.171967 2.531099
vt 0.517441 2.531099
vt 0.517441 0.722807
vt 0.961127 0.690747
vt 0.961127 2.499041
vt 0.737977 2.499041
vt 0.737977 0.690747
vt 0.482784 0.060342
vt 0.482784 0.122295
vt 0.254568 0.122295
vt 0.254568 0.060342
vt 0.195939 0.122295
vt 0.254569 1.930587
vt 0.195939 1.930587
vt 0.254569 1.992539
vt 0.482785 1.930587
vt 0.482785 1.992539
vt 0.541414 1.930586
vt 0.541414 0.122295
vt 0.975257 0.090234
vt 0.975257 1.898528
vt 0.752107 1.898528
vt 0.752107 0.090234
vt 0.491979 0.377783
vt 0.491979 0.439736
vt 0.247126 0.439736
vt 0.247126 0.377783
vt 0.185964 0.439736
vt 0.247127 2.248028
vt 0.185964 2.248028
vt 0.247127 2.309981
vt 0.491980 2.248028
vt 0.491980 2.309981
vt 0.553142 2.248028
vt 0.553141 0.439736
vt 0.968924 0.407675
vt 0.968924 2.215970
vt 0.745774 2.215970
vt 0.745774 0.407675
vt 0.680344 0.375419
vt 0.680344 0.412590
vt 0.543414 0.412590
vt 0.543414 0.375419
vt 0.508237 0.412590
vt 0.543415 1.497566
vt 0.508237 1.497566
vt 0.543415 1.534737
vt 0.680345 1.497566
vt 0.680345 1.534737
vt 0.715522 1.497566
vt 0.715522 0.412590
vt 1.173830 0.380530
vt 1.173830 1.465507
vt 1.039940 1.465507
vt 1.039940 0.380530
vt 0.217997 -0.011021
vt 0.217997 0.050932
vt -0.005153 0.050932
vt -0.005153 -0.011021
vt -0.005152 1.921177
vt -0.005152 1.859224
vt 0.217998 1.859224
vt 0.217998 1.921177
vt -0.066315 0.050932
vt -0.066315 1.859224
vt 0.279160 1.859224
vt 0.279159 0.050932
vt 0.722846 0.018872
vt 0.722846 1.827166
vt 0.499696 1.827166
vt 0.499696 0.018872
vt 0.723985 -0.250605
vt 0.723985 -0.185957
vt 0.485838 -0.185957
vt 0.485838 -0.250605
vt 0.424658 -0.185957
vt 0.485839 1.701023
vt 0.424658 1.701023
vt 0.485839 1.765672
vt 0.723986 1.701023
vt 0.723986 1.765672
vt 0.785166 1.701023
vt 0.785165 -0.185957
vt 1.216347 -0.218017
vt 1.216347 1.668965
vt 0.983487 1.668965
vt 0.983487 -0.218017
vt 0.443008 0.764222
vt 0.443008 0.801394
vt 0.296097 0.801394
vt 0.296097 0.764222
vt 0.259400 0.801394
vt 0.296097 1.886369
vt 0.259400 1.886369
vt 0.296097 1.923541
vt 0.443009 1.886369
vt 0.443009 1.923541
vt 0.479706 1.886369
vt 0.479706 0.801394
vt 0.924294 0.769334
vt 0.924294 1.854311
vt 0.790404 1.854311
vt 0.790404 0.769334
vt 0.220043 0.591871
vt 0.220043 0.653824
vt -0.003107 0.653824
vt -0.003107 0.591871
vt -0.003106 2.524069
vt -0.003106 2.462116
vt 0.220044 2.462116
vt 0.220044 2.524069
vt -0.064269 0.653824
vt -0.064269 2.462116
vt 0.281206 2.462116
vt 0.281206 0.653824
vt 0.724892 0.621763
vt 0.724892 2.430058
vt 0.501742 2.430058
vt 0.501742 0.621763
vt 0.196205 0.297593
vt 0.196205 0.336382
vt 0.042900 0.336382
vt 0.042900 0.297593
vt 0.004606 0.336382
vt 0.042901 1.468570
vt 0.004606 1.468570
vt 0.042901 1.507359
vt 0.196206 1.468570
vt 0.196206 1.507359
vt 0.234499 1.468570
vt 0.234499 0.336382
vt 0.677207 0.304322
vt 0.677207 1.436511
vt 0.537491 1.436511
vt 0.537491 0.304322
vt 0.456278 0.219448
vt 0.456278 0.281401
vt 0.233128 0.281401
vt 0.233128 0.219448
vt 0.233129 2.151646
vt 0.233129 2.089693
vt 0.456279 2.089693
vt 0.456279 2.151646
vt 0.171966 0.281401
vt 0.171967 2.089693
vt 0.517441 2.089693
vt 0.517441 0.281401
vt 0.961127 0.249340
vt 0.961127 2.057635
vt 0.737977 2.057635
vt 0.737977 0.249340
vt 0.498199 -0.208566
vt 0.498199 -0.146613
vt 0.300136 -0.146613
vt 0.300136 -0.208566
vt 0.249254 -0.146613
vt 0.300137 1.661679
vt 0.249254 1.661679
vt 0.300137 1.723632
vt 0.498200 1.661679
vt 0.498200 1.723632
vt 0.549082 1.661679
vt 0.549082 -0.146613
vt 0.991007 -0.178673
vt 0.991007 1.629621
vt 0.797340 1.629621
vt 0.797340 -0.178673
vt 0.209137 -0.208566
vt 0.209137 -0.146613
vt 0.011074 -0.146613
vt 0.011074 -0.208566
vt -0.039809 -0.146613
vt 0.011075 1.661679
vt -0.039809 1.661679
vt 0.011075 1.723632
vt 0.209138 1.661679
vt 0.209138 1.723632
vt 0.260020 1.661679
vt 0.260020 -0.146613
vt 0.701944 -0.178673
vt 0.701944 1.629621
vt 0.508278 1.629621
vt 0.508278 -0.178673
vt 0.498199 0.137137
vt 0.498199 0.199090
vt 0.300136 0.199090
vt 0.300136 0.137137
vt 0.249254 0.199090
vt 0.300137 2.007382
vt 0.249254 2.007382
vt 0.300137 2.069335
vt 0.498200 2.007382
vt 0.498200 2.069335
vt 0.549082 2.007382
vt 0.549082 0.199090
vt 0.991007 0.167030
vt 0.991007 1.975324
vt 0.797340 1.975324
vt 0.797340 0.167030
vt 0.209137 0.113700
vt 0.209137 0.175653
vt 0.011074 0.175653
vt 0.011074 0.113700
vt -0.039809 0.175653
vt 0.011075 1.983945
vt -0.039809 1.983945
vt 0.011075 2.045897
vt 0.209138 1.983945
vt 0.209138 2.045897
vt 0.260020 1.983945
vt 0.260020 0.175653
vt 0.701944 0.143592
vt 0.701944 1.951887
vt 0.508278 1.951887
vt 0.508278 0.143592
vt 0.443008 0.764222
vt 0.443008 0.801394
vt 0.296097 0.801394
vt 0.296097 0.764222
vt 0.259400 0.801394
vt 0.296097 1.886369
vt 0.259400 1.886369
vt 0.296097 1.923541
vt 0.443009 1.886369
vt 0.443009 1.923541
vt 0.479706 1.886369
vt 0.479706 0.801394
vt 0.902031 0.769334
vt 0.902031 1.854311
vt 0.812668 1.854311
vt 0.812668 0.769334
vt 0.320526 1.886369
vt 0.320526 0.801394
vt 0.418580 0.801394
vt 0.418580 1.886369
vt 0.690596 0.263367
vt 0.690596 0.294946
vt 0.519226 0.294946
vt 0.519226 0.263367
vt 0.475201 0.294946
vt 0.519227 1.216688
vt 0.475202 1.216688
vt 0.519227 1.248267
vt 0.690597 1.216688
vt 0.690597 1.248267
vt 0.734622 1.216688
vt 0.734622 0.294946
vt 1.183700 0.273183
vt 1.183700 1.194926
vt 1.016134 1.194926
vt 1.016134 0.273183
vt 0.718414 0.743291
vt 0.718414 0.775351
vt 0.490198 0.775351
vt 0.490198 0.743291
vt 0.431569 0.775351
vt 0.490199 1.711124
vt 0.431569 1.711124
vt 0.490199 1.743184
vt 0.718415 1.711124
vt 0.718415 1.743184
vt 0.777044 1.711124
vt 0.777043 0.775351
vt 1.210887 0.743291
vt 1.210887 1.679065
vt 0.987737 1.679065
vt 0.987736 0.743291
vt 0.469570 -0.208566
vt 0.469570 -0.146613
vt 0.271507 -0.146613
vt 0.271507 -0.208566
vt 0.220624 -0.146613
vt 0.271508 1.661679
vt 0.220624 1.661679
vt 0.271508 1.723632
vt 0.469571 1.661679
vt 0.469571 1.723632
vt 0.520453 1.661679
vt 0.520453 -0.146613
vt 0.962377 -0.178673
vt 0.962377 1.629621
vt 0.768711 1.629621
vt 0.768711 -0.178673
vt 0.221538 -0.208566
vt 0.221538 -0.146613
vt 0.023475 -0.146613
vt 0.023475 -0.208566
vt -0.027407 -0.146613
vt 0.023476 1.661679
vt -0.027407 1.661679
vt 0.023476 1.723632
vt 0.221539 1.661679
vt 0.221539 1.723632
vt 0.272421 1.661679
vt 0.272421 -0.146613
vt 0.714346 -0.178673
vt 0.714346 1.629621
vt 0.520679 1.629621
vt 0.520679 -0.178673
vt 0.220043 0.822340
vt 0.220043 0.884293
vt -0.003107 0.884293
vt -0.003107 0.822340
vt -0.003106 2.754538
vt -0.003106 2.692584
vt 0.220044 2.692584
vt 0.220044 2.754538
vt -0.064269 0.884293
vt -0.064269 2.692584
vt 0.281206 2.692584
vt 0.281206 0.884293
vt 0.724892 0.852232
vt 0.724892 2.660526
vt 0.501742 2.660526
vt 0.501742 0.852232
vt 0.191136 0.705664
vt 0.191136 0.744453
vt 0.048248 0.744453
vt 0.048248 0.705664
vt 0.011540 0.744453
vt 0.048248 1.876641
vt 0.011540 1.876641
vt 0.048248 1.915430
vt 0.191136 1.876641
vt 0.191136 1.915430
vt 0.227844 1.876641
vt 0.227844 0.744453
vt 0.684556 0.712393
vt 0.684555 1.844582
vt 0.544839 1.844582
vt 0.544839 0.712393
vt 0.482784 0.060342
vt 0.482784 0.122295
vt 0.254568 0.122295
vt 0.254568 0.060342
vt 0.195939 0.122295
vt 0.254569 1.930587
vt 0.195939 1.930587
vt 0.254569 1.992539
vt 0.482785 1.930587
vt 0.482785 1.992539
vt 0.541414 1.930586
vt 0.541414 0.122295
vt 0.975257 0.090234
vt 0.975257 1.898528
vt 0.752107 1.898528
vt 0.752107 0.090234
vt 0.443008 0.764222
vt 0.443008 0.801394
vt 0.296097 0.801394
vt 0.296097 0.764222
vt 0.259400 0.801394
vt 0.296097 1.886369
vt 0.259400 1.886369
vt 0.296097 1.923541
vt 0.443009 1.886369
vt 0.443009 1.923541
vt 0.479706 1.886369
vt 0.479706 0.801394
vt 0.924294 0.769334
vt 0.924294 1.854311
vt 0.790404 1.854311
vt 0.790404 0.769334
vt 0.505669 0.757533
vt 0.505669 -0.146613
vt 0.462513 -0.146613
vt 0.462513 0.757533
vt 0.294527 1.723632
vt 0.462513 1.723632
vt 0.462513 1.661679
vt 0.294527 1.661679
vt 0.955654 0.725474
vt 0.791396 0.725474
vt 0.791396 1.629621
vt 0.955654 1.629621
vt 0.294527 0.757533
vt 0.294526 -0.146613
vt 0.462513 -0.208566
vt 0.294526 -0.208566
vt 0.251371 0.757533
vt 0.251371 1.661679
vt 0.471853 1.373411
vt 0.471853 0.469265
vt 0.426832 0.469265
vt 0.426832 1.373411
vt 0.931681 1.341352
vt 0.767423 1.341352
vt 0.767423 2.245499
vt 0.931681 2.245499
vt 0.426832 0.407312
vt 0.262575 0.407312
vt 0.262575 0.469265
vt 0.262575 1.373411
vt 0.217554 1.373411
vt 0.217554 2.277557
vt 0.262575 2.277557
vt 0.262575 2.339510
vt 0.426833 2.339510
vt 0.426833 2.277557
vt 0.217554 0.469265
vt 0.471853 2.277557
vt 0.931681 0.437205
vt 0.767423 0.437205
vt 0.505669 1.661679
vt 0.251370 -0.146613
vt 0.955654 -0.178673
vt 0.791396 -0.178673
vt 0.213930 0.893148
vt 0.213930 0.272010
vt 0.174226 0.272010
vt 0.174226 0.893663
vt 0.174226 0.215744
vt 0.019675 0.215744
vt 0.019675 0.272010
vt 0.019676 1.970573
vt 0.174227 1.970573
vt 0.174227 1.914307
vt 0.019676 1.914307
vt -0.020029 0.892125
vt -0.020029 1.914307
vt 0.019675 0.892894
vt 0.213931 1.914307
vt 0.667516 0.225505
vt 0.516396 0.225505
vt 0.516396 0.846644
vt 0.667516 0.845621
vt -0.020029 0.272010
vt 0.516396 1.867804
vt 0.667516 1.867804
vt 0.671063 1.187252
vt 0.647984 1.187176
vt 0.648110 0.914162
vt 0.671189 0.914239
vt 0.858088 0.220769
vt 0.828002 0.246823
vt 0.828002 0.194714
vt 0.624905 1.187100
vt 0.601827 1.187023
vt 0.601953 0.914010
vt 0.625032 0.914086
vt 0.578748 1.186947
vt 0.555669 1.186871
vt 0.555795 0.913857
vt 0.578874 0.913934
vt 0.737746 0.220769
vt 0.848899 0.308822
vt 0.796789 0.323865
vt 0.744680 0.308822
vt 0.602225 0.325808
vt 0.579146 0.325499
vt 0.532590 1.186794
vt 0.532716 0.913781
vt 0.556067 0.324528
vt 0.556125 0.199034
vt 0.579204 0.199111
vt 0.767831 0.246823
vt 0.767831 0.194714
vt 0.744680 0.278737
vt 0.796789 0.263694
vt 0.848899 0.278737
vt 0.532989 0.323525
vt 0.533047 0.198958
vt 0.625304 0.325337
vt 0.602283 0.199187
vt 0.625362 0.199263
vt 0.648383 0.323132
vt 0.648441 0.199340
vt 0.671462 0.323982
vt 0.671519 0.199416
vt 0.671063 1.187252
vt 0.671189 0.914239
vt 0.648110 0.914162
vt 0.647984 1.187176
vt 0.858088 0.220769
vt 0.828002 0.194714
vt 0.828002 0.246823
vt 0.624905 1.187100
vt 0.625032 0.914086
vt 0.601953 0.914010
vt 0.601827 1.187023
vt 0.578748 1.186947
vt 0.578874 0.913934
vt 0.555795 0.913857
vt 0.555669 1.186871
vt 0.737746 0.220769
vt 0.848899 0.308822
vt 0.744680 0.308822
vt 0.796789 0.323865
vt 0.602225 0.325808
vt 0.579146 0.325499
vt 0.532716 0.913781
vt 0.532590 1.186794
vt 0.579204 0.199111
vt 0.556125 0.199034
vt 0.556067 0.324528
vt 0.767831 0.246823
vt 0.767831 0.194714
vt 0.744680 0.278737
vt 0.796789 0.263694
vt 0.848899 0.278737
vt 0.533047 0.198958
vt 0.532989 0.323525
vt 0.625304 0.325337
vt 0.625362 0.199263
vt 0.602283 0.199187
vt 0.648383 0.323132
vt 0.648441 0.199340
vt 0.671462 0.323982
vt 0.671519 0.199416
vt 0.432782 0.999752
vt 0.409703 0.999676
vt 0.409829 0.726662
vt 0.432908 0.726739
vt 0.386624 0.999600
vt 0.363545 0.999523
vt 0.363671 0.726510
vt 0.386750 0.726586
vt 0.340466 0.999447
vt 0.317388 0.999371
vt 0.317514 0.726357
vt 0.340593 0.726434
vt 0.363943 0.138308
vt 0.340865 0.137999
vt 0.294309 0.999294
vt 0.294435 0.726281
vt 0.317786 0.137028
vt 0.317844 0.011534
vt 0.340923 0.011611
vt 0.294708 0.136025
vt 0.294765 0.011458
vt 0.387022 0.137837
vt 0.364002 0.011687
vt 0.387081 0.011763
vt 0.410102 0.135632
vt 0.410159 0.011840
vt 0.433181 0.136482
vt 0.433238 0.011916
vt 0.583933 0.385227
vt 0.633985 0.373996
vt 0.646292 0.402545
vt 0.940779 0.559548
vt 0.870884 0.592880
vt 0.841752 0.548270
vt 0.883001 0.531524
vt 0.946997 0.594323
vt 0.816417 0.594323
vt 0.671121 0.387955
vt 0.583583 0.409412
vt 0.583583 0.366099
vt 0.690596 0.241874
vt 0.690596 0.274842
vt 0.519226 0.274842
vt 0.519226 0.241874
vt 0.475201 0.274842
vt 0.519227 1.237111
vt 0.475202 1.237111
vt 0.519227 1.270079
vt 0.690597 1.237111
vt 0.690597 1.270079
vt 0.734622 1.237111
vt 0.734622 0.274842
vt 1.183700 0.252122
vt 1.183700 1.214392
vt 1.016134 1.214392
vt 1.016134 0.252122
vt 0.454361 0.241874
vt 0.454361 0.274842
vt 0.282991 0.274842
vt 0.282991 0.241874
vt 0.238966 0.274842
vt 0.282992 1.237111
vt 0.238966 1.237111
vt 0.282992 1.270079
vt 0.454362 1.237111
vt 0.454362 1.270079
vt 0.498387 1.237111
vt 0.498387 0.274842
vt 0.947465 0.252122
vt 0.947465 1.214392
vt 0.779899 1.214392
vt 0.779899 0.252122
vt 0.454361 0.241874
vt 0.454361 0.274842
vt 0.282991 0.274842
vt 0.282991 0.241874
vt 0.238966 0.274842
vt 0.282992 1.237111
vt 0.238966 1.237111
vt 0.282992 1.270079
vt 0.454362 1.237111
vt 0.454362 1.270079
vt 0.498387 1.237111
vt 0.498387 0.274842
vt 0.947465 0.252122
vt 0.947465 1.214392
vt 0.779899 1.214392
vt 0.779899 0.252122
vt 0.454361 -0.580321
vt 0.454361 -0.529529
vt 0.282991 -0.529529
vt 0.282991 -0.580321
vt 0.238966 -0.529529
vt 0.282992 0.952989
vt 0.238966 0.952989
vt 0.282992 1.003781
vt 0.454362 0.952989
vt 0.454362 1.003781
vt 0.498387 0.952989
vt 0.498387 -0.529529
vt 0.947465 -0.564532
vt 0.947465 0.917987
vt 0.779899 0.917987
vt 0.779899 -0.564532
vt 0.477906 0.025025
vt 0.477906 0.075227
vt 0.239759 0.075227
vt 0.239759 0.025025
vt 0.443008 0.553901
vt 0.443008 0.582766
vt 0.296097 0.582766
vt 0.296097 0.553901
vt 0.001470 0.899740
vt 0.001470 0.947848
vt -0.226746 0.947848
vt -0.226746 0.899740
vt 0.239760 0.444571
vt 0.477907 0.443736
vt 0.970269 0.025506
vt 0.970269 0.395476
vt 0.737408 0.396322
vt 0.737408 0.025506
vt 0.539087 0.446042
vt 0.539087 0.075227
vt 0.178580 0.075227
vt 0.178580 0.445196
vt 0.296097 0.795075
vt 0.443009 0.793745
vt 0.924294 0.540577
vt 0.924294 0.752682
vt 0.790404 0.753370
vt 0.790404 0.540577
vt 0.479706 0.795559
vt 0.479706 0.582766
vt 0.259400 0.582766
vt 0.259400 0.794871
vt -0.226745 1.305290
vt 0.001471 1.305344
vt 0.493944 0.899136
vt 0.493944 1.250821
vt 0.270793 1.258243
vt 0.270793 0.899136
vt 0.060100 1.306956
vt 0.060100 0.947848
vt -0.285374 0.947848
vt -0.285374 1.299533
vt -0.037832 0.477295
vt -0.037832 0.525404
vt -0.260982 0.525404
vt -0.260982 0.477295
vt -0.260981 0.879540
vt -0.037831 0.881027
vt 0.467018 0.476757
vt 0.467018 0.828205
vt 0.243867 0.831591
vt 0.243867 0.476757
vt 0.023331 0.880238
vt 0.023331 0.525404
vt -0.322143 0.525404
vt -0.322143 0.876851
vt 0.443008 0.553901
vt 0.443008 0.582766
vt 0.296097 0.582766
vt 0.296097 0.553901
vt 0.296097 0.795075
vt 0.443009 0.793745
vt 0.924294 0.540577
vt 0.924294 0.752682
vt 0.790404 0.753370
vt 0.790404 0.540577
vt 0.479706 0.795559
vt 0.479706 0.582766
vt 0.259400 0.582766
vt 0.259400 0.794871
vt 0.723985 -0.280112
vt 0.723985 -0.229910
vt 0.485838 -0.229910
vt 0.485838 -0.280112
vt 0.485838 0.139434
vt 0.723985 0.138599
vt 1.216347 -0.279631
vt 1.216347 0.090339
vt 0.983487 0.091185
vt 0.983487 -0.279631
vt 0.785165 0.140905
vt 0.785165 -0.229910
vt 0.424658 -0.229910
vt 0.424658 0.140059
vt 0.351025 0.644619
vt 0.351025 0.748834
vt 0.276739 0.738938
vt 0.281029 0.654290
vt 0.591808 0.139251
vt 0.676785 0.133247
vt 0.676785 0.238928
vt 0.589273 0.228815
vt 0.633980 0.828218
vt 0.633980 0.898404
vt 0.566103 0.900258
vt 0.563872 0.827901
vt -0.129120 0.868970
vt -0.130200 0.765396
vt -0.039371 0.763489
vt -0.039371 0.869753
vt 0.577044 0.573201
vt 0.662021 0.567198
vt 0.662021 0.672878
vt 0.574508 0.662765
vt 0.911560 0.292909
vt 0.911560 0.402795
vt 0.837175 0.394642
vt 0.841692 0.300217
vt 0.723985 -0.280112
vt 0.723985 -0.229910
vt 0.485838 -0.229910
vt 0.485838 -0.280112
vt 0.196930 0.859038
vt 0.196930 0.887903
vt 0.050018 0.887903
vt 0.050018 0.859038
vt 0.001470 0.899740
vt 0.001470 0.947848
vt -0.226746 0.947848
vt -0.226746 0.899740
vt -0.078243 0.268129
vt -0.078243 0.316237
vt -0.220570 0.316237
vt -0.220570 0.268129
vt 0.485838 0.139434
vt 0.723985 0.138599
vt 1.216347 -0.279631
vt 1.216347 0.090339
vt 0.983487 0.091185
vt 0.983487 -0.279631
vt 0.785165 0.140905
vt 0.785165 -0.229910
vt 0.424658 -0.229910
vt 0.424658 0.140059
vt 0.050019 1.100213
vt 0.196930 1.098882
vt 0.678216 0.845714
vt 0.678216 1.057819
vt 0.544326 1.058507
vt 0.544326 0.845714
vt 0.233628 1.100696
vt 0.233628 0.887903
vt 0.013321 0.887903
vt 0.013321 1.100008
vt -0.220570 0.670373
vt -0.078243 0.671861
vt 0.426606 0.267591
vt 0.426606 0.619038
vt 0.284279 0.622425
vt 0.284279 0.267591
vt -0.039233 0.671071
vt -0.039233 0.316237
vt -0.259580 0.316237
vt -0.259580 0.667684
vt -0.226745 1.305290
vt 0.001471 1.305344
vt 0.493944 0.899136
vt 0.493944 1.250821
vt 0.270793 1.258243
vt 0.270793 0.899136
vt 0.060100 1.306956
vt 0.060100 0.947848
vt -0.285374 0.947848
vt -0.285374 1.299533
vt 0.208247 0.172158
vt 0.208247 0.220267
vt -0.014903 0.220267
vt -0.014903 0.172158
vt -0.014903 0.574403
vt 0.208247 0.575890
vt 0.713096 0.171620
vt 0.713096 0.523068
vt 0.489946 0.526454
vt 0.489946 0.171620
vt 0.269409 0.575101
vt 0.269409 0.220267
vt -0.076065 0.220267
vt -0.076065 0.571714
vt 0.196930 0.859038
vt 0.196930 0.887903
vt 0.050018 0.887903
vt 0.050018 0.859038
vt 0.050019 1.100213
vt 0.196930 1.098882
vt 0.678216 0.845714
vt 0.678216 1.057819
vt 0.544326 1.058507
vt 0.544326 0.845714
vt 0.233628 1.100696
vt 0.233628 0.887903
vt 0.013321 0.887903
vt 0.013321 1.100008
vt 0.723985 -0.280112
vt 0.723985 -0.229910
vt 0.485838 -0.229910
vt 0.485838 -0.280112
vt 0.485838 0.139434
vt 0.723985 0.138599
vt 1.216347 -0.279631
vt 1.216347 0.090339
vt 0.983487 0.091185
vt 0.983487 -0.279631
vt 0.785165 0.140905
vt 0.785165 -0.229910
vt 0.424658 -0.229910
vt 0.424658 0.140059
vt 0.597103 0.339482
vt 0.597103 0.443697
vt 0.522817 0.433801
vt 0.527107 0.349153
vt 0.345730 0.444388
vt 0.430707 0.438384
vt 0.430707 0.544066
vt 0.343194 0.533952
vt -0.198991 0.487549
vt -0.199680 0.383975
vt -0.141749 0.382068
vt -0.141749 0.488332
vt 0.633980 0.828218
vt 0.633980 0.898404
vt 0.566103 0.900258
vt 0.563872 0.827901
vt 0.116958 0.563833
vt 0.115878 0.460259
vt 0.206707 0.458352
vt 0.206707 0.564616
vt 0.330965 0.878338
vt 0.415942 0.872335
vt 0.415942 0.978015
vt 0.328430 0.967902
vt 0.911560 0.292909
vt 0.911560 0.402795
vt 0.837175 0.394642
vt 0.841692 0.300217
vt 0.477906 0.025025
vt 0.477906 0.075227
vt 0.239759 0.075227
vt 0.239759 0.025025
vt 0.239760 0.444571
vt 0.477907 0.443736
vt 0.970269 0.025506
vt 0.970269 0.395476
vt 0.737408 0.396322
vt 0.737408 0.025506
vt 0.539087 0.446042
vt 0.539087 0.075227
vt 0.178580 0.075227
vt 0.178580 0.445196
vt 0.665481 0.598046
vt 0.665481 0.707932
vt 0.591096 0.699779
vt 0.595613 0.605354
vt 0.443008 0.553901
vt 0.443008 0.582766
vt 0.296097 0.582766
vt 0.296097 0.553901
vt 0.296097 0.795075
vt 0.443009 0.793745
vt 0.924294 0.540577
vt 0.924294 0.752682
vt 0.790404 0.753370
vt 0.790404 0.540577
vt 0.479706 0.795559
vt 0.479706 0.582766
vt 0.259400 0.582766
vt 0.259400 0.794871
vt 0.577044 0.573201
vt 0.662021 0.567198
vt 0.662021 0.672878
vt 0.574508 0.662765
vt 0.477906 0.025025
vt 0.477906 0.075227
vt 0.239759 0.075227
vt 0.239759 0.025025
vt 0.001470 0.899740
vt 0.001470 0.947848
vt -0.226746 0.947848
vt -0.226746 0.899740
vt 0.208247 0.172158
vt 0.208247 0.220267
vt -0.014903 0.220267
vt -0.014903 0.172158
vt 0.239760 0.444571
vt 0.477907 0.443736
vt 0.970269 0.025506
vt 0.970269 0.395476
vt 0.737408 0.396322
vt 0.737408 0.025506
vt 0.539087 0.446042
vt 0.539087 0.075227
vt 0.178580 0.075227
vt 0.178580 0.445196
vt -0.014903 0.574403
vt 0.208247 0.575890
vt 0.713096 0.171620
vt 0.713096 0.523068
vt 0.489946 0.526454
vt 0.489946 0.171620
vt 0.269409 0.575101
vt 0.269409 0.220267
vt -0.076065 0.220267
vt -0.076065 0.571714
vt -0.226745 1.305290
vt 0.001471 1.305344
vt 0.493944 0.899136
vt 0.493944 1.250821
vt 0.270793 1.258243
vt 0.270793 0.899136
vt 0.060100 1.306956
vt 0.060100 0.947848
vt -0.285374 0.947848
vt -0.285374 1.299533
vt -0.037832 0.477295
vt -0.037832 0.525404
vt -0.260982 0.525404
vt -0.260982 0.477295
vt -0.260981 0.879540
vt -0.037831 0.881027
vt 0.467018 0.476757
vt 0.467018 0.828205
vt 0.243867 0.831591
vt 0.243867 0.476757
vt 0.023331 0.880238
vt 0.023331 0.525404
vt -0.322143 0.525404
vt -0.322143 0.876851
vt 0.443008 0.553901
vt 0.443008 0.582766
vt 0.296097 0.582766
vt 0.296097 0.553901
vt 0.296097 0.795075
vt 0.443009 0.793745
vt 0.924294 0.540577
vt 0.924294 0.752682
vt 0.790404 0.753370
vt 0.790404 0.540577
vt 0.479706 0.795559
vt 0.479706 0.582766
vt 0.259400 0.582766
vt 0.259400 0.794871
vt 0.351025 0.644619
vt 0.351025 0.748834
vt 0.276739 0.738938
vt 0.281029 0.654290
vt 0.030932 0.391578
vt 0.029851 0.288005
vt 0.120680 0.286097
vt 0.120680 0.392362
vt 0.633980 0.828218
vt 0.633980 0.898404
vt 0.566103 0.900258
vt 0.563872 0.827901
vt -0.129120 0.868970
vt -0.130200 0.765396
vt -0.039371 0.763489
vt -0.039371 0.869753
vt 0.577044 0.573201
vt 0.662021 0.567198
vt 0.662021 0.672878
vt 0.574508 0.662765
vt 0.723985 -0.280112
vt 0.723985 -0.229910
vt 0.485838 -0.229910
vt 0.485838 -0.280112
vt 0.196930 0.859038
vt 0.196930 0.887903
vt 0.050018 0.887903
vt 0.050018 0.859038
vt 0.001470 0.899740
vt 0.001470 0.947848
vt -0.226746 0.947848
vt -0.226746 0.899740
vt -0.037832 0.477295
vt -0.037832 0.525404
vt -0.260982 0.525404
vt -0.260982 0.477295
vt 0.485838 0.139434
vt 0.723985 0.138599
vt 1.216347 -0.279631
vt 1.216347 0.090339
vt 0.983487 0.091185
vt 0.983487 -0.279631
vt 0.785165 0.140905
vt 0.785165 -0.229910
vt 0.424658 -0.229910
vt 0.424658 0.140059
vt 0.050019 1.100213
vt 0.196930 1.098882
vt 0.678216 0.845714
vt 0.678216 1.057819
vt 0.544326 1.058507
vt 0.544326 0.845714
vt 0.233628 1.100696
vt 0.233628 0.887903
vt 0.013321 0.887903
vt 0.013321 1.100008
vt -0.260981 0.879540
vt -0.037831 0.881027
vt 0.467018 0.476757
vt 0.467018 0.828205
vt 0.243867 0.831591
vt 0.243867 0.476757
vt 0.023331 0.880238
vt 0.023331 0.525404
vt -0.322143 0.525404
vt -0.322143 0.876851
vt -0.226745 1.305290
vt 0.001471 1.305344
vt 0.493944 0.899136
vt 0.493944 1.250821
vt 0.270793 1.258243
vt 0.270793 0.899136
vt 0.060100 1.306956
vt 0.060100 0.947848
vt -0.285374 0.947848
vt -0.285374 1.299533
vt 0.208247 0.172158
vt 0.208247 0.220267
vt -0.014903 0.220267
vt -0.014903 0.172158
vt -0.014903 0.574403
vt 0.208247 0.575890
vt 0.713096 0.171620
vt 0.713096 0.523068
vt 0.489946 0.526454
vt 0.489946 0.171620
vt 0.269409 0.575101
vt 0.269409 0.220267
vt -0.076065 0.220267
vt -0.076065 0.571714
vt 0.196930 0.859038
vt 0.196930 0.887903
vt 0.050018 0.887903
vt 0.050018 0.859038
vt 0.050019 1.100213
vt 0.196930 1.098882
vt 0.678216 0.845714
vt 0.678216 1.057819
vt 0.544326 1.058507
vt 0.544326 0.845714
vt 0.233628 1.100696
vt 0.233628 0.887903
vt 0.013321 0.887903
vt 0.013321 1.100008
vt 0.597103 0.339482
vt 0.597103 0.443697
vt 0.522817 0.433801
vt 0.527107 0.349153
vt 0.345730 0.444388
vt 0.430707 0.438384
vt 0.430707 0.544066
vt 0.343194 0.533952
vt -0.215147 0.696715
vt -0.216227 0.593142
vt -0.125398 0.591235
vt -0.125398 0.697499
vt 0.633980 0.828218
vt 0.633980 0.898404
vt 0.566103 0.900258
vt 0.563872 0.827901
vt 0.116958 0.563833
vt 0.115878 0.460259
vt 0.206707 0.458352
vt 0.206707 0.564616
vt 0.330965 0.878338
vt 0.415942 0.872335
vt 0.415942 0.978015
vt 0.328430 0.967902
vt 0.477906 0.025025
vt 0.477906 0.075227
vt 0.239759 0.075227
vt 0.239759 0.025025
vt 0.239760 0.444571
vt 0.477907 0.443736
vt 0.970269 0.025506
vt 0.970269 0.395476
vt 0.737408 0.396322
vt 0.737408 0.025506
vt 0.539087 0.446042
vt 0.539087 0.075227
vt 0.178580 0.075227
vt 0.178580 0.445196
vt 0.665481 0.598046
vt 0.665481 0.707932
vt 0.591096 0.699779
vt 0.595613 0.605354
vt 0.443008 0.553901
vt 0.443008 0.582766
vt 0.296097 0.582766
vt 0.296097 0.553901
vt 0.296097 0.795075
vt 0.443009 0.793745
vt 0.924294 0.540577
vt 0.924294 0.752682
vt 0.790404 0.753370
vt 0.790404 0.540577
vt 0.479706 0.795559
vt 0.479706 0.582766
vt 0.259400 0.582766
vt 0.259400 0.794871
vt 0.577044 0.573201
vt 0.662021 0.567198
vt 0.662021 0.672878
vt 0.574508 0.662765
vt 0.931681 0.923019
vt 0.767423 0.923019
vt 0.767423 1.827166
vt 0.931681 1.827166
vt 0.262575 1.921177
vt 0.426833 1.921177
vt 0.426833 1.859224
vt 0.262575 1.859224
vt 0.426832 -0.011021
vt 0.262575 -0.011021
vt 0.262575 0.050932
vt 0.426832 0.050932
vt 0.471853 0.955078
vt 0.471853 0.050932
vt 0.426832 0.955078
vt 0.262575 0.955078
vt 0.217554 0.955078
vt 0.217554 1.859224
vt 1.189014 0.481612
vt 1.024756 0.481612
vt 1.024756 1.385760
vt 1.189014 1.385760
vt 0.484730 0.513672
vt 0.484730 1.417818
vt 0.527887 1.417818
vt 0.527886 0.513672
vt 0.695872 -0.452427
vt 0.527886 -0.452427
vt 0.527886 -0.390474
vt 0.695872 -0.390474
vt 0.739029 0.513672
vt 0.739029 -0.390474
vt 0.695873 0.513672
vt 0.527887 1.479771
vt 0.695873 1.479771
vt 0.695873 1.417818
vt 0.703243 2.366788
vt 0.538985 2.366788
vt 0.538985 2.818861
vt 0.703243 2.818861
vt -0.001819 2.398847
vt -0.001819 2.850919
vt 0.043202 2.850919
vt 0.043202 2.398847
vt 0.223434 0.980675
vt 0.043201 0.980675
vt 0.043201 1.042628
vt 0.223434 1.042628
vt 0.268454 1.946774
vt 0.268454 1.042628
vt 0.223434 1.946774
vt 0.043201 1.946774
vt 0.043202 2.912873
vt 0.223434 2.912873
vt 0.223434 2.850919
vt 1.182046 0.725474
vt 1.017788 0.725474
vt 1.017788 1.629621
vt 1.182046 1.629621
vt 0.688905 -0.208566
vt 0.520918 -0.208566
vt 0.520918 -0.146613
vt 0.688905 -0.146613
vt 0.477763 0.757533
vt 0.477763 1.661679
vt 0.520919 1.661679
vt 0.520919 0.757533
vt 0.732061 0.757533
vt 0.732061 -0.146613
vt 0.688905 0.757533
vt 0.520919 1.723632
vt 0.688905 1.723632
vt 0.688905 1.661679
vt 0.927186 -0.208566
vt 0.759199 -0.208566
vt 0.759199 -0.146613
vt 0.927186 -0.146613
vt 0.716044 0.757533
vt 0.716044 1.661679
vt 0.759200 1.661679
vt 0.759200 0.757533
vt 0.759200 1.723632
vt 0.927187 1.723632
vt 0.927187 1.661679
vt 0.970342 0.757533
vt 0.970342 -0.146613
vt 0.927186 0.757533
vt 1.420327 0.725474
vt 1.256069 0.725474
vt 1.256070 1.629621
vt 1.420327 1.629621
vt 0.173622 0.322816
vt 0.065483 0.322816
vt 0.065483 0.359988
vt 0.173622 0.359988
vt 0.038471 0.902476
vt 0.038471 1.444963
vt 0.065483 1.444963
vt 0.065483 0.902476
vt 0.065483 1.482135
vt 0.173623 1.482135
vt 0.173623 1.444963
vt 0.426832 1.626953
vt 0.262575 1.626953
vt 0.262575 2.531099
vt 0.426833 2.531099
vt 0.656627 0.870416
vt 0.558072 0.870416
vt 0.558072 1.412905
vt 0.656627 1.412905
vt 0.449778 0.344448
vt 0.281792 0.344448
vt 0.281792 0.406401
vt 0.449778 0.406401
vt 0.238636 1.310547
vt 0.238636 2.214693
vt 0.281793 2.214693
vt 0.281792 1.310547
vt 0.281793 2.276646
vt 0.449779 2.276646
vt 0.449779 2.214693
vt 0.492935 1.310547
vt 0.492935 0.406401
vt 0.449779 1.310547
vt 0.942920 1.278487
vt 0.778662 1.278487
vt 0.778662 2.182634
vt 0.942920 2.182634
vt 0.190597 0.822340
vt 0.026339 0.822340
vt 0.026339 0.884293
vt 0.190597 0.884293
vt 0.026340 2.754538
vt 0.190598 2.754538
vt 0.190598 2.692584
vt 0.026340 2.692584
vt -0.018681 1.788438
vt -0.018681 2.692584
vt 0.026340 1.788438
vt 0.235618 1.788438
vt 0.235618 0.884293
vt 0.190597 1.788438
vt 0.695446 1.756379
vt 0.531188 1.756379
vt 0.531188 2.660526
vt 0.695446 2.660526
vt 0.172281 0.705664
vt 0.067103 0.705664
vt 0.067103 0.744453
vt 0.172281 0.744453
vt 0.040083 1.310547
vt 0.040083 1.876641
vt 0.067103 1.876641
vt 0.067103 1.310547
vt 0.067103 1.915430
vt 0.172281 1.915430
vt 0.172281 1.876641
vt 0.199301 1.310547
vt 0.199301 0.744453
vt 0.172281 1.310547
vt 0.666119 1.278487
vt 0.563276 1.278487
vt 0.563276 1.844582
vt 0.666119 1.844582
vt 0.426832 0.660854
vt 0.262575 0.660854
vt 0.262575 0.722807
vt 0.426832 0.722807
vt 0.262575 2.593052
vt 0.426833 2.593052
vt 0.471853 1.626953
vt 0.471853 0.722807
vt 0.931681 1.594894
vt 0.767423 1.594894
vt 0.767423 2.499041
vt 0.931681 2.499041
vt 0.931681 0.923019
vt 0.767423 0.923019
vt 0.767423 1.827166
vt 0.931681 1.827166
vt 0.262575 1.921177
vt 0.426833 1.921177
vt 0.426833 1.859224
vt 0.262575 1.859224
vt 0.426832 -0.011021
vt 0.262575 -0.011021
vt 0.262575 0.050932
vt 0.426832 0.050932
vt 0.471853 0.955078
vt 0.471853 0.050932
vt 0.426832 0.955078
vt 0.262575 0.955078
vt 0.217554 0.955078
vt 0.217554 1.859224
vt 1.189014 0.481612
vt 1.024756 0.481612
vt 1.024756 1.385760
vt 1.189014 1.385760
vt 0.484730 0.513672
vt 0.484730 1.417818
vt 0.527887 1.417818
vt 0.527886 0.513672
vt 0.695872 -0.452427
vt 0.527886 -0.452427
vt 0.527886 -0.390474
vt 0.695872 -0.390474
vt 0.739029 0.513672
vt 0.739029 -0.390474
vt 0.695873 0.513672
vt 0.527887 1.479771
vt 0.695873 1.479771
vt 0.695873 1.417818
vt 0.213930 0.474815
vt 0.213930 -0.146323
vt 0.174226 -0.146323
vt 0.174226 0.475330
vt 1.182046 0.725474
vt 1.017788 0.725474
vt 1.017788 1.629621
vt 1.182046 1.629621
vt 0.688905 -0.208566
vt 0.520918 -0.208566
vt 0.520918 -0.146613
vt 0.688905 -0.146613
vt 0.477763 0.757533
vt 0.477763 1.661679
vt 0.520919 1.661679
vt 0.520919 0.757533
vt 0.732061 0.757533
vt 0.732061 -0.146613
vt 0.688905 0.757533
vt 0.520919 1.723632
vt 0.688905 1.723632
vt 0.688905 1.661679
vt 0.927186 -0.208566
vt 0.759199 -0.208566
vt 0.759199 -0.146613
vt 0.927186 -0.146613
vt 0.759200 1.723632
vt 0.927187 1.723632
vt 0.927187 1.661679
vt 0.759200 1.661679
vt 0.927186 0.536382
vt 0.759200 0.536200
vt 0.173622 0.322816
vt 0.065483 0.322816
vt 0.065483 0.359988
vt 0.173622 0.359988
vt 0.065483 1.482135
vt 0.173623 1.482135
vt 0.173623 1.444963
vt 0.065483 1.444963
vt 0.173623 0.771998
vt 0.065483 0.770596
vt 0.449778 0.344448
vt 0.281792 0.344448
vt 0.281792 0.406401
vt 0.449778 0.406401
vt 0.238636 1.762620
vt 0.238636 2.214693
vt 0.281793 2.214693
vt 0.281793 1.762620
vt 0.281793 2.276646
vt 0.449779 2.276646
vt 0.449779 2.214693
vt 0.942920 1.730561
vt 0.778662 1.730561
vt 0.778662 2.182634
vt 0.942920 2.182634
vt 0.190597 0.822340
vt 0.026339 0.822340
vt 0.026339 0.884293
vt 0.190597 0.884293
vt 0.026340 2.754538
vt 0.190598 2.754538
vt 0.190598 2.692584
vt 0.026340 2.692584
vt -0.018681 1.788438
vt -0.018681 2.692584
vt 0.026340 1.788438
vt 0.235618 1.788438
vt 0.235618 0.884293
vt 0.190597 1.788438
vt 0.695446 1.756379
vt 0.531188 1.756379
vt 0.531188 2.660526
vt 0.695446 2.660526
vt 0.174226 -0.202589
vt 0.019675 -0.202589
vt 0.019675 -0.146323
vt 0.019676 1.552240
vt 0.174227 1.552240
vt 0.174227 1.495974
vt 0.019676 1.495974
vt -0.020029 0.473792
vt -0.020029 1.495974
vt 0.019675 0.474561
vt 0.942920 0.374340
vt 0.778662 0.374340
vt 0.492935 2.214692
vt 0.238636 0.406401
vt 1.420327 -0.178673
vt 1.256069 -0.178673
vt 0.970342 1.661679
vt 0.716044 -0.146613
vt 0.173623 0.902476
vt 0.200635 1.444963
vt 0.200635 0.902476
vt 0.065483 0.548977
vt 0.173622 0.549108
vt 0.931681 0.690747
vt 0.767423 0.690747
vt 0.471853 2.531099
vt 0.217554 0.722807
vt 0.217554 1.626953
vt 0.666119 0.712393
vt 0.563276 0.712393
vt 0.199301 1.876641
vt 0.040083 0.744453
vt 0.695446 0.852232
vt 0.531188 0.852232
vt 0.235618 2.692584
vt -0.018681 0.884293
vt 0.223434 2.398847
vt 0.268455 2.398847
vt -0.001819 1.042628
vt -0.001819 1.946774
vt 0.703243 1.010567
vt 0.538985 1.010567
vt 0.538985 1.914714
vt 0.703243 1.914714
vt 0.732061 1.661679
vt 0.477762 -0.146613
vt 1.182046 -0.178673
vt 1.017788 -0.178673
vt 0.739029 1.417818
vt 0.484730 -0.390474
vt 1.189014 -0.422535
vt 1.024756 -0.422535
vt 0.217554 0.050932
vt 0.471853 1.859224
vt 0.931681 0.018872
vt 0.767423 0.018872
vt 0.217554 0.050932
vt 0.471853 1.859224
vt 0.931681 0.018872
vt 0.767423 0.018872
vt 0.739029 1.417818
vt 0.484730 -0.390474
vt 1.189014 -0.422535
vt 1.024756 -0.422535
vt 0.732061 1.661679
vt 0.477762 -0.146613
vt 1.182046 -0.178673
vt 1.017788 -0.178673
vt 0.695446 0.852232
vt 0.531188 0.852232
vt 0.235618 2.692584
vt -0.018681 0.884293
vt 0.970342 0.538525
vt 0.970342 -0.146613
vt 1.420327 -0.178673
vt 1.256069 -0.178673
vt 1.256069 0.506466
vt 1.420327 0.506305
vt 0.492935 0.743729
vt 0.449779 0.743201
vt 0.449779 1.762620
vt 0.492935 1.762619
vt 0.200635 0.771004
vt 0.200635 0.359988
vt 0.656627 0.327928
vt 0.558072 0.327928
vt 0.558072 0.738945
vt 0.656626 0.740201
vt 0.268455 2.850919
vt 0.038471 0.359988
vt 0.038471 0.549995
vt 0.200635 0.550048
vt 0.200635 0.359988
vt 0.656627 0.517935
vt 0.558072 0.517988
vt 0.656627 0.327928
vt 0.558072 0.327928
vt 0.492935 2.214692
vt 0.213931 1.495974
vt 0.667516 -0.192828
vt 0.516396 -0.192828
vt 0.516396 0.428311
vt 0.667516 0.427288
vt -0.020029 -0.146323
vt 0.516396 1.449471
vt 0.667516 1.449471
vt 0.558072 1.412905
vt 0.656626 1.412905
vt 0.200635 1.444963
vt 0.038471 0.772261
vt 0.038471 1.444963
vt 0.038471 0.359988
vt 1.256070 1.629621
vt 1.420327 1.629621
vt 0.970342 1.661679
vt 0.716044 0.538364
vt 0.716044 1.661679
vt 0.716044 -0.146613
vt 0.217555 2.531099
vt 0.931681 0.923019
vt 0.767423 0.923019
vt 0.767423 1.827166
vt 0.931681 1.827166
vt 0.262575 1.921177
vt 0.426833 1.921177
vt 0.426833 1.859224
vt 0.262575 1.859224
vt 0.426832 -0.011021
vt 0.262575 -0.011021
vt 0.262575 0.050932
vt 0.426832 0.050932
vt 0.471853 0.955078
vt 0.471853 0.050932
vt 0.426832 0.955078
vt 0.262575 0.955078
vt 0.217554 0.955078
vt 0.217554 1.859224
vt 0.217554 0.050932
vt 0.471853 1.859224
vt 0.931681 0.018872
vt 0.767423 0.018872
vt 0.281792 0.743138
vt 0.942920 0.710240
vt 0.778662 0.711669
vt 0.238636 0.406401
vt 0.238636 0.742300
vt 0.492935 0.406401
vt 0.942920 0.374340
vt 0.778662 0.374340
vt 0.722846 -0.486492
vt 0.722846 1.321802
vt 0.499696 1.321802
vt 0.499696 -0.486492
vt -0.005152 1.415813
vt -0.005152 1.353860
vt 0.217998 1.353860
vt 0.217998 1.415813
vt 0.217997 -0.516385
vt 0.217997 -0.454432
vt -0.005153 -0.454432
vt -0.005153 -0.516385
vt 0.279160 1.353860
vt 0.279159 -0.454432
vt -0.066315 -0.454432
vt -0.066315 1.353860
vt -0.005152 1.415813
vt -0.005152 1.353860
vt 0.217998 1.353860
vt 0.217998 1.415813
vt 0.217997 -0.516385
vt 0.217997 -0.454432
vt -0.005153 -0.454432
vt -0.005153 -0.516385
vt -0.005152 0.951573
vt 0.217998 0.960040
vt 0.279160 1.353860
vt 0.279160 0.955659
vt -0.066315 -0.454432
vt -0.066315 0.952403
vt -0.066315 1.353860
vt 0.722846 0.920344
vt 0.722846 1.321802
vt 0.499696 1.321802
vt 0.499696 0.923600
vt 0.279159 -0.454432
vt 0.722846 -0.486492
vt 0.499696 -0.486492
vt 0.722846 -0.102044
vt 0.722846 1.706251
vt 0.499696 1.706251
vt 0.499696 -0.102044
vt -0.005152 1.800262
vt -0.005152 1.738309
vt 0.217998 1.738309
vt 0.217998 1.800262
vt 0.217997 -0.131936
vt 0.217997 -0.069983
vt -0.005153 -0.069983
vt -0.005153 -0.131936
vt 0.279160 1.738309
vt 0.279159 -0.069983
vt -0.066315 -0.069983
vt -0.066315 1.738309
vt -0.005152 1.800262
vt -0.005152 1.738309
vt 0.217998 1.738309
vt 0.217998 1.800262
vt 0.217997 -0.131936
vt 0.217997 -0.069983
vt -0.005153 -0.069983
vt -0.005153 -0.131936
vt -0.005152 1.336022
vt 0.217998 1.344489
vt 0.279160 1.738309
vt 0.279160 1.340107
vt -0.066315 -0.069983
vt -0.066315 1.336852
vt -0.066315 1.738309
vt 0.722846 1.304793
vt 0.722846 1.706251
vt 0.499696 1.706251
vt 0.499696 1.308049
vt 0.279159 -0.069983
vt 0.722846 -0.102044
vt 0.499696 -0.102044
vt -0.005152 1.415813
vt 0.217998 1.415813
vt 0.217998 1.353860
vt -0.005152 1.353860
vt 0.217997 -0.516385
vt -0.005153 -0.516385
vt -0.005153 -0.454432
vt 0.217997 -0.454432
vt 0.217998 0.960040
vt -0.005152 0.951573
vt 0.279160 1.353860
vt 0.279160 0.955659
vt -0.066315 -0.454432
vt -0.066315 0.952403
vt -0.066315 1.353860
vt 0.722846 0.920344
vt 0.499696 0.923600
vt 0.499696 1.321802
vt 0.722846 1.321802
vt 0.279159 -0.454432
vt 0.722846 -0.486492
vt 0.499696 -0.486492
vt 0.970878 -0.102044
vt 0.747727 -0.102044
vt 0.747727 1.706251
vt 0.970877 1.706251
vt 0.242879 1.800262
vt 0.466029 1.800262
vt 0.466029 1.738309
vt 0.242879 1.738309
vt 0.466028 -0.131936
vt 0.242878 -0.131936
vt 0.242878 -0.069983
vt 0.466028 -0.069983
vt 0.527191 1.738309
vt 0.527191 -0.069983
vt 0.181717 -0.069983
vt 0.181717 1.738309
vt -0.005152 1.800262
vt 0.217998 1.800262
vt 0.217998 1.738309
vt -0.005152 1.738309
vt 0.217997 -0.131936
vt -0.005153 -0.131936
vt -0.005153 -0.069983
vt 0.217997 -0.069983
vt 0.217998 1.344489
vt -0.005152 1.336022
vt 0.279160 1.738309
vt 0.279160 1.340107
vt -0.066315 -0.069983
vt -0.066315 1.336852
vt -0.066315 1.738309
vt 0.722846 1.304793
vt 0.499696 1.308049
vt 0.499696 1.706251
vt 0.722846 1.706251
vt 0.279159 -0.069983
vt 0.722846 -0.102044
vt 0.499696 -0.102044
vt 0.255281 1.784760
vt 0.478431 1.784760
vt 0.478431 1.722807
vt 0.255281 1.722807
vt 0.478430 -0.147438
vt 0.255280 -0.147438
vt 0.255280 -0.085485
vt 0.478430 -0.085485
vt 0.478431 1.328987
vt 0.255281 1.320520
vt 0.539593 1.722807
vt 0.539593 1.324605
vt 0.194118 -0.085485
vt 0.194118 1.321350
vt 0.194118 1.722807
vt 0.983279 1.289291
vt 0.760129 1.292547
vt 0.760129 1.690749
vt 0.983279 1.690749
vt 0.539592 -0.085485
vt 0.983279 -0.117546
vt 0.760129 -0.117546
vt 0.988611 -0.486492
vt 0.988611 1.321802
vt 0.765460 1.321802
vt 0.765460 -0.486492
vt 0.260612 1.415813
vt 0.260612 1.353860
vt 0.483763 1.353860
vt 0.483763 1.415813
vt 0.483761 -0.516385
vt 0.483761 -0.454432
vt 0.260611 -0.454432
vt 0.260611 -0.516385
vt 0.544924 1.353860
vt 0.544924 -0.454432
vt 0.199450 -0.454432
vt 0.199450 1.353860
vt 0.961127 0.923019
vt 0.961127 1.827166
vt 0.737977 1.827166
vt 0.737977 0.923019
vt 0.233129 1.921177
vt 0.233129 1.859224
vt 0.456279 1.859224
vt 0.456279 1.921177
vt 0.456278 -0.011021
vt 0.456278 0.050932
vt 0.233128 0.050932
vt 0.233128 -0.011021
vt 0.517441 0.955078
vt 0.456279 0.955078
vt 0.517441 0.050932
vt 0.233129 0.955078
vt 0.171966 0.955078
vt 0.171967 1.859224
vt 1.218460 0.481612
vt 1.218460 1.385760
vt 0.995310 1.385760
vt 0.995310 0.481612
vt 0.439142 0.513672
vt 0.497771 0.513672
vt 0.497772 1.417818
vt 0.439142 1.417818
vt 0.725987 -0.452427
vt 0.725987 -0.390474
vt 0.497771 -0.390474
vt 0.497771 -0.452427
vt 0.784617 0.513672
vt 0.725987 0.513672
vt 0.784616 -0.390474
vt 0.497772 1.479771
vt 0.725988 1.417818
vt 0.725988 1.479771
vt 1.211492 0.725474
vt 1.211492 1.629621
vt 0.988342 1.629621
vt 0.988342 0.725474
vt 0.719019 -0.208566
vt 0.719019 -0.146613
vt 0.490803 -0.146613
vt 0.490803 -0.208566
vt 0.432175 0.757533
vt 0.490804 0.757533
vt 0.490804 1.661679
vt 0.432175 1.661679
vt 0.777649 0.757533
vt 0.719020 0.757533
vt 0.777649 -0.146613
vt 0.490804 1.723632
vt 0.719020 1.661679
vt 0.719020 1.723632
vt 0.193008 0.322816
vt 0.193008 0.359988
vt 0.046097 0.359988
vt 0.046097 0.322816
vt 0.009400 0.902476
vt 0.046097 0.902476
vt 0.046097 1.444963
vt 0.009400 1.444963
vt 0.046097 1.482135
vt 0.193009 1.444963
vt 0.193009 1.482135
vt 0.674294 0.870416
vt 0.674294 1.412905
vt 0.540404 1.412905
vt 0.540404 0.870416
vt 0.479893 0.344448
vt 0.479893 0.406401
vt 0.251677 0.406401
vt 0.251677 0.344448
vt 0.193048 1.310547
vt 0.251678 1.310547
vt 0.251678 2.214693
vt 0.193049 2.214693
vt 0.251678 2.276646
vt 0.479894 2.214693
vt 0.479894 2.276646
vt 0.538523 1.310547
vt 0.479894 1.310547
vt 0.538523 0.406401
vt 0.972366 1.278487
vt 0.972366 2.182634
vt 0.749216 2.182634
vt 0.749216 1.278487
vt 0.220043 0.822340
vt 0.220043 0.884293
vt -0.003107 0.884293
vt -0.003107 0.822340
vt -0.003106 2.754538
vt -0.003106 2.692584
vt 0.220044 2.692584
vt 0.220044 2.754538
vt -0.018341 1.978573
vt 0.220044 1.982007
vt 0.281206 2.692584
vt 0.281206 1.977866
vt 0.234145 0.033945
vt 0.234145 0.081016
vt 0.005238 0.081016
vt 0.005238 0.033945
vt 0.005239 1.502012
vt 0.005239 1.454941
vt 0.234146 1.454941
vt 0.234146 1.502012
vt 0.234145 0.244769
vt 0.292952 0.244724
vt 0.292952 1.240754
vt 0.234146 1.240717
vt 0.726610 0.048956
vt 0.726610 0.214156
vt 0.502784 0.212664
vt 0.502784 0.048956
vt 0.961127 0.923019
vt 0.961127 1.827166
vt 0.737977 1.827166
vt 0.737977 0.923019
vt 0.233129 1.921177
vt 0.233129 1.859224
vt 0.456279 1.859224
vt 0.456279 1.921177
vt 0.456278 -0.011021
vt 0.456278 0.050932
vt 0.233128 0.050932
vt 0.233128 -0.011021
vt 0.517441 0.955078
vt 0.456279 0.955078
vt 0.517441 0.050932
vt 0.233129 0.955078
vt 0.171966 0.955078
vt 0.171967 1.859224
vt 1.218460 0.481612
vt 1.218460 1.385760
vt 0.995310 1.385760
vt 0.995310 0.481612
vt 0.439142 0.513672
vt 0.497771 0.513672
vt 0.497772 1.417818
vt 0.439142 1.417818
vt 0.725987 -0.452427
vt 0.725987 -0.390474
vt 0.497771 -0.390474
vt 0.497771 -0.452427
vt 0.784617 0.513672
vt 0.725987 0.513672
vt 0.784616 -0.390474
vt 0.497772 1.479771
vt 0.725988 1.417818
vt 0.725988 1.479771
vt -0.050271 1.946774
vt 0.010891 1.946774
vt 0.010892 2.850919
vt -0.050271 2.850919
vt 0.011540 1.027500
vt 0.048248 1.027500
vt 0.048248 1.876641
vt 0.011540 1.876641
vt 0.255744 0.980675
vt 0.255744 1.042628
vt 0.010891 1.042628
vt 0.010891 0.980675
vt 0.316906 1.946774
vt 0.255744 1.946774
vt 0.316906 1.042628
vt 0.010892 2.912873
vt 0.255745 2.850919
vt 0.255745 2.912873
vt 0.957300 -0.208566
vt 0.957300 -0.146613
vt 0.729084 -0.146613
vt 0.729084 -0.208566
vt 0.670456 0.757533
vt 0.729085 0.757533
vt 0.729085 1.661679
vt 0.670456 1.661679
vt 0.729085 1.723632
vt 0.957302 1.661679
vt 0.957302 1.723632
vt 1.015930 0.757533
vt 0.957301 0.757533
vt 1.015930 -0.146613
vt 1.449774 0.725474
vt 1.449773 1.629621
vt 1.226623 1.629621
vt 1.226623 0.725474
vt 0.193008 0.322816
vt 0.193008 0.359988
vt 0.046097 0.359988
vt 0.046097 0.322816
vt 0.009400 0.902476
vt 0.046097 0.902476
vt 0.046097 1.444963
vt 0.009400 1.444963
vt 0.046097 1.482135
vt 0.193009 1.444963
vt 0.193009 1.482135
vt 0.229706 0.902476
vt 0.193009 0.902476
vt 0.229706 0.359988
vt 0.674294 0.870416
vt 0.674294 1.412905
vt 0.540404 1.412905
vt 0.540404 0.870416
vt 0.479893 0.344448
vt 0.479893 0.406401
vt 0.251677 0.406401
vt 0.251677 0.344448
vt 0.193049 1.762620
vt 0.251678 1.762620
vt 0.251678 2.214693
vt 0.193049 2.214693
vt 0.251678 2.276646
vt 0.479894 2.214693
vt 0.479894 2.276646
vt 0.193048 0.406401
vt 0.972366 1.730561
vt 0.972366 2.182634
vt 0.749216 2.182634
vt 0.749216 1.730561
vt 0.972366 0.374340
vt 0.749216 0.374340
vt 0.220043 0.822340
vt 0.220043 0.884293
vt -0.003107 0.884293
vt -0.003107 0.822340
vt -0.003106 2.754538
vt -0.003106 2.692584
vt 0.220044 2.692584
vt 0.220044 2.754538
vt -0.064269 1.788438
vt -0.003107 1.788438
vt -0.064269 2.692584
vt 0.281206 1.788438
vt 0.220044 1.788438
vt 0.281206 0.884293
vt 0.724892 1.756379
vt 0.724892 2.660526
vt 0.501742 2.660526
vt 0.501742 1.756379
vt 0.191136 0.705664
vt 0.191136 0.744453
vt 0.048248 0.744453
vt 0.048248 0.705664
vt 0.048248 1.915430
vt 0.191136 1.876641
vt 0.191136 1.915430
vt 0.227844 1.027500
vt 0.191136 1.027500
vt 0.227844 0.744453
vt 0.227844 1.876641
vt 0.972366 0.374340
vt 0.749216 0.374340
vt 0.538523 2.214692
vt 0.193048 0.406401
vt 0.193009 0.902476
vt 0.229706 1.444963
vt 0.229706 0.902476
vt 0.046097 0.548977
vt 0.193009 0.549108
vt -12.530045 3.045235
vt -5.653981 2.472687
vt -0.064269 2.692584
vt 0.677889 1.927472
vt 0.724892 2.660526
vt 0.501742 2.660526
vt 0.501742 1.945807
vt 0.777649 1.661679
vt 0.432175 -0.146613
vt 1.211492 -0.178673
vt 0.988342 -0.178673
vt 0.784617 1.417818
vt 0.439142 -0.390474
vt 1.218460 -0.422535
vt 0.995309 -0.422535
vt 0.171966 0.050932
vt 0.517441 1.859224
vt 0.961127 0.018872
vt 0.737977 0.018872
vt 0.171966 0.050932
vt 0.517441 1.859224
vt 0.961127 0.018872
vt 0.737977 0.018872
vt 0.784617 1.417818
vt 0.439142 -0.390474
vt 1.218460 -0.422535
vt 0.995309 -0.422535
vt -0.050271 1.042628
vt 0.732689 1.010567
vt 0.732689 1.914714
vt 0.509539 1.914714
vt 0.509539 1.010567
vt 0.724892 0.852232
vt 0.501742 0.852232
vt 0.281206 2.692584
vt -0.064269 0.884293
vt 1.449774 -0.178673
vt 1.226623 -0.178673
vt 1.015930 1.661679
vt 0.670456 -0.146613
vt 0.538523 1.762619
vt 0.479894 1.762620
vt 0.538523 0.406401
vt 0.674294 0.327928
vt 0.540404 0.327928
vt 0.229706 1.444963
vt 0.009400 0.359988
vt 0.238645 0.822340
vt 0.238645 0.884293
vt 0.015495 0.884293
vt 0.015495 0.822340
vt 0.015496 2.754538
vt 0.015496 2.692584
vt 0.238646 2.692584
vt 0.238646 2.754538
vt -0.045666 1.788438
vt 0.015496 1.788438
vt -0.045666 2.692584
vt 0.299808 1.336365
vt 0.238646 1.336365
vt 0.299808 0.884293
vt 0.743495 1.756379
vt 0.743495 2.660526
vt 0.520344 2.660526
vt 0.520344 1.756379
vt 0.015496 1.336365
vt 0.238646 1.788438
vt 0.743495 1.304306
vt 0.520344 1.304306
vt 0.299808 2.692584
vt 0.299808 1.788438
vt -0.045666 1.336365
vt 0.009400 0.359988
vt 0.009400 0.549995
vt 0.229706 0.550048
vt 0.229706 0.359988
vt 0.674294 0.517935
vt 0.540404 0.517988
vt 0.674294 0.327928
vt 0.540404 0.327928
vt 0.538523 2.214692
vt 0.684556 0.712393
vt 0.684556 0.995440
vt 0.544839 0.995440
vt 0.544839 0.712393
vt 0.684555 1.844582
vt 0.544839 1.844582
vt 0.732689 2.818861
vt 0.509539 2.818861
vt 0.011540 0.744453
vt -0.045666 0.884293
vt 0.743495 0.852232
vt 0.520344 0.852232
vt 0.005239 1.240090
vt 0.724892 0.852232
vt 0.501742 0.852232
vt 0.281206 0.884293
vt -0.064269 0.884293
vt 0.316906 2.850919
vt 0.005238 0.245464
vt 0.292952 0.081016
vt 0.726610 1.207345
vt 0.502784 1.208696
vt -0.053568 0.081016
vt -0.053568 0.246216
vt 0.726610 1.422882
vt 0.502784 1.422882
vt 0.292952 1.454940
vt -0.053568 1.454941
vt -0.053568 1.239404
vt 0.191136 0.542448
vt 0.191136 0.562521
vt 0.048248 0.562521
vt 0.048248 0.542448
vt 0.011540 0.562521
vt 0.048248 1.148417
vt 0.011540 1.148417
vt 0.048248 1.168490
vt 0.191136 1.148417
vt 0.191136 1.168490
vt 0.227844 1.148417
vt 0.227844 0.562521
vt 0.684556 0.530461
vt 0.684555 1.116358
vt 0.544839 1.116358
vt 0.544839 0.530461
vt 0.196205 0.134377
vt 0.196205 0.154450
vt 0.042900 0.154450
vt 0.042900 0.134377
vt 0.004606 0.154450
vt 0.042901 0.740345
vt 0.004606 0.740345
vt 0.042901 0.760419
vt 0.196206 0.740345
vt 0.196206 0.760419
vt 0.234499 0.740345
vt 0.234499 0.154450
vt 0.677207 0.122390
vt 0.677207 0.708286
vt 0.537491 0.708286
vt 0.537491 0.122390
vt 0.255744 0.991749
vt 0.255744 1.023809
vt 0.010891 1.023809
vt 0.010891 0.991749
vt -0.050271 1.023809
vt 0.010892 1.959582
vt -0.050271 1.959582
vt 0.010892 1.991642
vt 0.255745 1.959582
vt 0.255745 1.991642
vt 0.316906 1.959582
vt 0.316906 1.023809
vt 0.732689 0.991749
vt 0.732689 1.927523
vt 0.509539 1.927523
vt 0.509539 0.991749
vt 0.482784 0.723820
vt 0.482784 0.735733
vt 0.254568 0.735733
vt 0.254568 0.723820
vt 0.195939 0.735733
vt 0.254569 1.083453
vt 0.195939 1.083453
vt 0.254569 1.095366
vt 0.482785 1.083453
vt 0.482785 1.095366
vt 0.541414 1.083453
vt 0.541414 0.735733
vt 0.975257 0.723820
vt 0.975257 1.071540
vt 0.752107 1.071540
vt 0.752107 0.723820
vt 0.482784 0.474161
vt 0.482784 0.486074
vt 0.254568 0.486074
vt 0.254568 0.474161
vt 0.195939 0.486074
vt 0.254569 0.833794
vt 0.195939 0.833794
vt 0.254569 0.845707
vt 0.482785 0.833794
vt 0.482785 0.845707
vt 0.541414 0.833794
vt 0.541414 0.486074
vt 0.975257 0.474161
vt 0.975257 0.821881
vt 0.752107 0.821881
vt 0.752107 0.474161
vt 0.721065 0.405400
vt 0.721065 0.437461
vt 0.492849 0.437461
vt 0.492849 0.405400
vt 0.434221 0.437461
vt 0.492850 1.373234
vt 0.434221 1.373234
vt 0.492850 1.405293
vt 0.721066 1.373234
vt 0.721066 1.405293
vt 0.779695 1.373233
vt 0.779695 0.437461
vt 1.213538 0.405400
vt 1.213538 1.341175
vt 0.990388 1.341175
vt 0.990388 0.405400
vt 0.456278 0.533282
vt 0.456278 0.545195
vt 0.233128 0.545195
vt 0.233128 0.533282
vt 0.233129 0.904828
vt 0.233129 0.892915
vt 0.456279 0.892915
vt 0.456279 0.904828
vt 0.171966 0.545195
vt 0.171967 0.892915
vt 0.517441 0.892915
vt 0.517441 0.545195
vt 0.961127 0.533282
vt 0.961127 0.881003
vt 0.737977 0.881003
vt 0.737977 0.533282
vt 0.719019 -0.208566
vt 0.719019 -0.146613
vt 0.490803 -0.146613
vt 0.490803 -0.208566
vt 0.432175 -0.146613
vt 0.490804 1.661679
vt 0.432175 1.661679
vt 0.490804 1.723632
vt 0.719020 1.661679
vt 0.719020 1.723632
vt 0.777649 1.661679
vt 0.777649 -0.146613
vt 1.211492 -0.178673
vt 1.211492 1.629621
vt 0.988342 1.629621
vt 0.988342 -0.178673
vt 0.725987 -0.452427
vt 0.725987 -0.390474
vt 0.497771 -0.390474
vt 0.497771 -0.452427
vt 0.439142 -0.390474
vt 0.497772 1.417818
vt 0.439142 1.417818
vt 0.497772 1.479771
vt 0.725988 1.417818
vt 0.725988 1.479771
vt 0.784617 1.417818
vt 0.784616 -0.390474
vt 1.218460 -0.422535
vt 1.218460 1.385760
vt 0.995310 1.385760
vt 0.995309 -0.422535
vt 0.193008 0.322816
vt 0.193008 0.359988
vt 0.046097 0.359988
vt 0.046097 0.322816
vt 0.009400 0.359988
vt 0.046097 1.444963
vt 0.009400 1.444963
vt 0.046097 1.482135
vt 0.193009 1.444963
vt 0.193009 1.482135
vt 0.229706 1.444963
vt 0.229706 0.359988
vt 0.674294 0.327928
vt 0.674294 1.412905
vt 0.540404 1.412905
vt 0.540404 0.327928
vt 0.220043 0.822340
vt 0.220043 0.884293
vt -0.003107 0.884293
vt -0.003107 0.822340
vt -0.003106 2.754538
vt -0.003106 2.692584
vt 0.220044 2.692584
vt 0.220044 2.754538
vt -0.064269 0.884293
vt -0.064269 2.692584
vt 0.281206 2.692584
vt 0.281206 0.884293
vt 0.724892 0.852232
vt 0.724892 2.660526
vt 0.501742 2.660526
vt 0.501742 0.852232
vt 0.491979 -0.063623
vt 0.491979 -0.001670
vt 0.247126 -0.001670
vt 0.247126 -0.063623
vt 0.185964 -0.001670
vt 0.247127 1.806621
vt 0.185964 1.806621
vt 0.247127 1.868575
vt 0.491980 1.806621
vt 0.491980 1.868575
vt 0.553142 1.806621
vt 0.553141 -0.001670
vt 0.968924 -0.033731
vt 0.968924 1.774563
vt 0.745774 1.774563
vt 0.745774 -0.033731
vt 0.680344 -0.065987
vt 0.680344 -0.028816
vt 0.543414 -0.028816
vt 0.543414 -0.065987
vt 0.508237 -0.028816
vt 0.543415 1.056159
vt 0.508237 1.056159
vt 0.543415 1.093331
vt 0.680345 1.056159
vt 0.680345 1.093331
vt 0.715522 1.056159
vt 0.715522 -0.028816
vt 1.173830 -0.060876
vt 1.173830 1.024101
vt 1.039940 1.024101
vt 1.039940 -0.060876
vt 0.721065 0.394326
vt 0.721065 0.456279
vt 0.492849 0.456279
vt 0.492849 0.394326
vt 0.434221 0.456279
vt 0.492850 2.264571
vt 0.434221 2.264571
vt 0.492850 2.326524
vt 0.721066 2.264571
vt 0.721066 2.326524
vt 0.779695 2.264571
vt 0.779695 0.456279
vt 1.213538 0.424219
vt 1.213538 2.232513
vt 0.990388 2.232513
vt 0.990388 0.424219
vt 0.001470 0.947339
vt 0.001470 1.009293
vt -0.226746 1.009293
vt -0.226746 0.947339
vt -0.285374 1.009293
vt -0.226745 2.817584
vt -0.285374 2.817584
vt -0.226745 2.879537
vt 0.001472 2.817584
vt 0.001472 2.879537
vt 0.060100 2.817584
vt 0.060100 1.009293
vt 0.493944 0.977232
vt 0.493943 2.785526
vt 0.270793 2.785526
vt 0.270793 0.977232
vt 0.301494 0.513672
vt 0.469481 0.513672
vt 0.469480 -0.390474
vt 0.301494 -0.390474
vt 1.182046 0.725474
vt 1.017788 0.725474
vt 1.017788 1.629621
vt 1.182046 1.629621
vt 0.688905 -0.208566
vt 0.520918 -0.208566
vt 0.520918 -0.146613
vt 0.688905 -0.146613
vt 0.477763 0.757533
vt 0.477763 1.661679
vt 0.520919 1.661679
vt 0.520919 0.757533
vt 0.732061 0.757533
vt 0.732061 -0.146613
vt 0.688905 0.757533
vt 0.520919 1.723632
vt 0.688905 1.723632
vt 0.688905 1.661679
vt 0.927186 -0.208566
vt 0.759199 -0.208566
vt 0.759199 -0.146613
vt 0.927186 -0.146613
vt 0.759200 1.723632
vt 0.927187 1.723632
vt 0.927187 1.661679
vt 0.759200 1.661679
vt 0.927186 0.536382
vt 0.759200 0.536200
vt -0.052770 0.322816
vt -0.160909 0.322816
vt -0.160909 0.359988
vt -0.052770 0.359988
vt -0.160909 1.482135
vt -0.052769 1.482135
vt -0.052769 1.444963
vt -0.160909 1.444963
vt -0.052769 0.771998
vt -0.160909 0.770596
vt 0.301494 1.479771
vt 0.469481 1.479771
vt 0.469481 1.417818
vt 0.301494 1.417818
vt 0.732061 1.661679
vt 0.477762 -0.146613
vt 1.182046 -0.178673
vt 1.017788 -0.178673
vt 0.970342 0.538525
vt 0.970342 -0.146613
vt 1.420327 -0.178673
vt 1.256069 -0.178673
vt 1.256069 0.506466
vt 1.420327 0.506305
vt -0.025757 0.771004
vt -0.025757 0.359988
vt 0.430234 0.327928
vt 0.331680 0.327928
vt 0.331680 0.738945
vt 0.430234 0.740201
vt 0.331680 1.412905
vt 0.430234 1.412905
vt -0.025757 1.444963
vt -0.187921 0.772261
vt -0.187921 1.444963
vt -0.187921 0.359988
vt 1.256070 1.629621
vt 1.420327 1.629621
vt 0.970342 1.661679
vt 0.716044 0.538364
vt 0.716044 1.661679
vt 0.716044 -0.146613
vt 0.962622 0.481612
vt 0.798364 0.481612
vt 0.798364 1.385760
vt 0.962622 1.385760
vt 0.469480 -0.452427
vt 0.301494 -0.452427
vt 0.258338 0.513672
vt 0.258338 1.417818
vt 0.512637 0.513672
vt 0.512636 -0.390474
vt 0.190597 1.240673
vt 0.026339 1.240673
vt 0.026339 1.302626
vt 0.190597 1.302626
vt 0.026340 3.172871
vt 0.190598 3.172871
vt 0.190598 3.110917
vt 0.026340 3.110917
vt -0.018681 2.206771
vt -0.018681 3.110917
vt 0.026340 2.206771
vt 0.235618 2.206771
vt 0.235618 1.302626
vt 0.190597 2.206771
vt 0.695446 2.174712
vt 0.531188 2.174712
vt 0.531188 3.078859
vt 0.695446 3.078859
vt 0.512637 1.417818
vt 0.258338 -0.390474
vt 0.962622 -0.422535
vt 0.798364 -0.422535
vt 0.695446 1.270565
vt 0.531188 1.270565
vt 0.235618 3.110917
vt -0.018681 1.302626
vt -0.035795 0.822340
vt -0.200053 0.822340
vt -0.200053 0.884293
vt -0.035795 0.884293
vt -0.200052 2.754538
vt -0.035794 2.754538
vt -0.035794 2.692584
vt -0.200052 2.692584
vt -0.245073 1.788438
vt -0.245073 2.692584
vt -0.200052 1.788438
vt 0.009226 1.788438
vt 0.009226 0.884293
vt -0.035795 1.788438
vt 0.469054 1.756379
vt 0.304796 1.756379
vt 0.304796 2.660526
vt 0.469054 2.660526
vt 0.469054 0.852232
vt 0.304796 0.852232
vt 0.009226 2.692584
vt -0.245073 0.884293
vt 1.182046 0.725474
vt 1.017788 0.725474
vt 1.017788 1.629621
vt 1.182046 1.629621
vt 0.688905 -0.208566
vt 0.520918 -0.208566
vt 0.520918 -0.146613
vt 0.688905 -0.146613
vt 0.477763 0.757533
vt 0.477763 1.661679
vt 0.520919 1.661679
vt 0.520919 0.757533
vt 0.732061 0.757533
vt 0.732061 -0.146613
vt 0.688905 0.757533
vt 0.520919 1.723632
vt 0.688905 1.723632
vt 0.688905 1.661679
vt 0.732061 1.661679
vt 0.477762 -0.146613
vt 1.182046 -0.178673
vt 1.017788 -0.178673
vt 0.254569 2.598770
vt 0.254569 2.552342
vt 0.482785 2.552342
vt 0.482785 2.598770
vt 0.541414 2.552342
vt 0.482784 1.422776
vt 0.541414 1.415681
vt 0.254568 1.559862
vt 0.195939 1.562262
vt 0.195939 2.552342
vt 0.752107 1.369254
vt 0.975257 1.515834
vt 0.975257 2.505916
vt 0.752107 2.505916
vt 0.983279 -0.117546
vt 0.983279 1.690749
vt 0.760129 1.690749
vt 0.760129 -0.117546
vt 0.255281 1.784760
vt 0.255281 1.722807
vt 0.478431 1.722807
vt 0.478431 1.784760
vt 0.478430 -0.147438
vt 0.478430 -0.085485
vt 0.255280 -0.085485
vt 0.255280 -0.147438
vt 0.539593 1.722807
vt 0.539592 -0.085485
vt 0.194118 -0.085485
vt 0.194118 1.722807
vt 0.255281 1.784760
vt 0.255281 1.722807
vt 0.478431 1.722807
vt 0.478431 1.784760
vt 0.478430 -0.147438
vt 0.478430 -0.085485
vt 0.255280 -0.085485
vt 0.255280 -0.147438
vt 0.255281 1.320520
vt 0.478431 1.328987
vt 0.539593 1.722807
vt 0.539593 1.324605
vt 0.194118 -0.085485
vt 0.194118 1.321350
vt 0.194118 1.722807
vt 0.983279 1.289291
vt 0.983279 1.690749
vt 0.760129 1.690749
vt 0.760129 1.292547
vt 0.539592 -0.085485
vt 0.983279 -0.117546
vt 0.760129 -0.117546
vt 0.970878 -0.486492
vt 0.747727 -0.486492
vt 0.747727 1.321802
vt 0.970877 1.321802
vt 0.242879 1.415813
vt 0.466029 1.415813
vt 0.466029 1.353860
vt 0.242879 1.353860
vt 0.466028 -0.516385
vt 0.242878 -0.516385
vt 0.242878 -0.454432
vt 0.466028 -0.454432
vt 0.527191 1.353860
vt 0.527191 -0.454432
vt 0.181717 -0.454432
vt 0.181717 1.353860
vt 1.231310 -0.117546
vt 1.008160 -0.117546
vt 1.008160 1.690749
vt 1.231310 1.690749
vt 0.503312 1.784760
vt 0.726462 1.784760
vt 0.726462 1.722807
vt 0.503312 1.722807
vt 0.726461 -0.147438
vt 0.503311 -0.147438
vt 0.503311 -0.085485
vt 0.726461 -0.085485
vt 0.787624 1.722807
vt 0.787624 -0.085485
vt 0.442150 -0.085485
vt 0.442150 1.722807
vt 0.732689 2.111946
vt 0.732689 2.818861
vt 0.509539 2.818861
vt 0.509539 2.111657
vt 0.255744 0.980675
vt 0.255744 1.042628
vt 0.010891 1.042628
vt 0.010891 0.980675
vt 0.010892 2.912873
vt 0.010892 2.850919
vt 0.255745 2.850919
vt 0.255745 2.912873
vt 0.961127 2.679786
vt 0.961127 3.191570
vt 0.737977 3.191570
vt 0.737977 2.678109
vt 0.456278 0.780508
vt 0.456278 0.850157
vt 0.233128 0.850157
vt 0.233128 0.780508
vt 0.233129 3.297261
vt 0.233129 3.227612
vt 0.456279 3.227612
vt 0.456279 3.297261
vt 0.517441 1.866629
vt 0.456279 1.866630
vt 0.517441 0.850157
vt 0.171966 1.866630
vt 0.233129 1.866630
vt 0.233129 2.714285
vt 0.171967 2.715827
vt 1.211492 0.725474
vt 1.211492 1.629621
vt 0.988342 1.629621
vt 0.988342 0.725474
vt 0.719019 -0.208566
vt 0.719019 -0.146613
vt 0.490803 -0.146613
vt 0.490803 -0.208566
vt 0.432175 0.757533
vt 0.490804 0.757533
vt 0.490804 1.661679
vt 0.432175 1.661679
vt 0.777649 0.757533
vt 0.719020 0.757533
vt 0.777649 -0.146613
vt 0.490804 1.723632
vt 0.719020 1.661679
vt 0.719020 1.723632
vt 0.456278 0.660854
vt 0.456278 0.722807
vt 0.233128 0.722807
vt 0.233128 0.660854
vt 0.233129 2.593052
vt 0.233129 2.531099
vt 0.456279 2.531099
vt 0.456279 2.593052
vt 0.171966 1.626953
vt 0.233129 1.626953
vt 0.171967 2.531099
vt 0.517441 1.626953
vt 0.456279 1.626953
vt 0.517441 0.722807
vt 0.961127 1.594894
vt 0.961127 2.499041
vt 0.737977 2.499041
vt 0.737977 1.594894
vt 0.517441 3.227611
vt 0.456279 2.717765
vt 0.517441 2.714149
vt 0.961127 0.814114
vt 0.961127 1.830587
vt 0.737977 1.830587
vt 0.737977 0.814114
vt 0.171966 0.850157
vt 0.732689 1.010567
vt 0.732689 1.708364
vt 0.509539 1.708680
vt 0.509539 1.010567
vt 0.316906 1.740739
vt 0.255744 1.740458
vt 0.316906 1.042628
vt 0.777649 1.661679
vt 0.432175 -0.146613
vt 1.211492 -0.178673
vt 0.988342 -0.178673
vt 0.961127 0.690747
vt 0.737977 0.690747
vt 0.517441 2.531099
vt 0.171966 0.722807
vt 0.010891 2.143406
vt 0.255744 2.146071
vt -0.050271 2.144004
vt -0.050271 2.850919
vt 0.316906 2.143716
vt 0.316906 2.850919
vt -0.050271 1.042628
vt 0.010891 1.740053
vt -0.050271 1.740423
vt 0.171967 3.227612
vt 0.436666 -0.330526
vt 0.436666 -0.283901
vt 0.287606 -0.283901
vt 0.287606 -0.330526
vt 0.249312 -0.283901
vt 0.287607 1.077001
vt 0.249312 1.077001
vt 0.287607 1.123626
vt 0.436667 1.077001
vt 0.436667 1.123626
vt 0.474960 1.077001
vt 0.474960 -0.283901
vt 0.944132 -0.645470
vt 0.944132 1.162824
vt 0.750465 1.162824
vt 0.750465 -0.645470
vt 0.436666 0.418443
vt 0.436666 0.437588
vt 0.287606 0.437588
vt 0.287606 0.418443
vt 0.249312 0.437588
vt 0.287607 0.996394
vt 0.249312 0.996394
vt 0.287607 1.015538
vt 0.436667 0.996394
vt 0.436667 1.015538
vt 0.474960 0.996394
vt 0.474960 0.437588
vt 0.944132 0.289123
vt 0.944132 1.031634
vt 0.750465 1.031634
vt 0.750465 0.289123
vt 0.198385 -0.330526
vt 0.198385 -0.283901
vt 0.049325 -0.283901
vt 0.049325 -0.330526
vt 0.011031 -0.283901
vt 0.049325 1.077001
vt 0.011031 1.077001
vt 0.049325 1.123626
vt 0.198385 1.077001
vt 0.198385 1.123626
vt 0.236679 1.077001
vt 0.236679 -0.283901
vt 0.705850 -0.645470
vt 0.705850 1.162824
vt 0.512184 1.162824
vt 0.512184 -0.645470
vt 0.198385 0.153849
vt 0.198385 0.200474
vt 0.049325 0.200474
vt 0.049325 0.153849
vt 0.011031 0.200474
vt 0.049325 1.561376
vt 0.011031 1.561376
vt 0.049325 1.608001
vt 0.198385 1.561376
vt 0.198385 1.608001
vt 0.236679 1.561376
vt 0.236679 0.200474
vt 0.705850 -0.161095
vt 0.705850 1.647199
vt 0.512184 1.647199
vt 0.512184 -0.161095
vt 0.410302 -0.265467
vt 0.410302 -0.213273
vt 0.302542 -0.213273
vt 0.302542 -0.265467
vt 0.302543 1.362355
vt 0.302543 1.310161
vt 0.410303 1.310161
vt 0.410303 1.362355
vt 0.273007 -0.213273
vt 0.273007 1.310161
vt 0.439838 1.310161
vt 0.439838 -0.213273
vt 0.963496 -0.609351
vt 0.963495 1.728763
vt 0.798109 1.728763
vt 0.798109 -0.609351
vn -0.0000 0.6509 0.7592
vn 0.1645 0.9786 0.1235
vn -0.9995 -0.0002 0.0302
vn 0.2891 -0.9572 0.0141
vn 0.9871 -0.0011 0.1602
vn -0.0644 -0.0032 0.9979
vn 0.0893 -0.0037 -0.9960
vn 0.0590 0.9919 -0.1124
vn -0.9901 0.0044 -0.1405
vn -0.1093 -0.9710 -0.2125
vn 1.0000 -0.0007 0.0098
vn -0.0399 0.0015 0.9992
vn 0.0340 0.0012 -0.9994
vn 0.0221 0.9958 0.0884
vn 0.0314 -0.9964 0.0791
vn -0.9982 0.0065 0.0589
vn 0.9720 -0.0031 -0.2349
vn 0.0108 0.0013 0.9999
vn 0.0439 -0.0039 -0.9990
vn 0.0006 0.9755 -0.2200
vn -0.9974 -0.0060 -0.0720
vn 0.0862 -0.9441 0.3182
vn 0.9977 -0.0111 -0.0663
vn -0.2526 0.0011 0.9676
vn -0.0998 -0.0102 -0.9950
vn -0.0664 0.9880 0.1395
vn -0.9903 -0.0904 0.1058
vn 0.1927 -0.9640 -0.1834
vn 0.9934 0.0885 0.0726
vn 0.0367 -0.0062 0.9993
vn -0.0143 -0.0153 -0.9998
vn -0.0177 0.9883 -0.1512
vn -0.9988 0.0048 -0.0478
vn -0.0302 -0.9989 0.0368
vn 0.9985 0.0197 -0.0518
vn 0.0008 -0.0044 1.0000
vn 0.0176 0.0036 -0.9998
vn 0.0098 0.9982 -0.0583
vn 0.0481 -0.9913 0.1223
vn -0.9956 0.0066 -0.0931
vn 0.9977 -0.0033 -0.0682
vn -0.1183 -0.0048 0.9930
vn -0.0081 -0.0033 -1.0000
vn 0.2082 0.9780 0.0148
vn -0.9691 0.1059 0.2227
vn -0.0570 -0.9660 -0.2522
vn 0.9934 -0.0936 0.0665
vn 0.0543 -0.0048 0.9985
vn 0.0203 -0.0060 -0.9998
vn 0.1016 0.9939 -0.0433
vn -0.9870 -0.0036 0.1607
vn 0.0110 -0.9995 -0.0295
vn 0.9982 0.0098 -0.0586
vn 0.0919 -0.0122 0.9957
vn 0.0010 0.0069 -1.0000
vn 0.0092 0.9693 0.2455
vn 0.0576 -0.9820 -0.1797
vn -0.9971 -0.0063 0.0762
vn 0.9999 -0.0038 -0.0141
vn -0.0386 -0.0003 0.9993
vn 0.0260 -0.0077 -0.9996
vn -0.0110 0.9892 -0.1461
vn -0.9871 0.0100 0.1597
vn 0.0289 -0.9989 0.0358
vn 0.9953 -0.0045 -0.0966
vn 0.0438 0.0057 0.9990
vn -0.0314 -0.0042 -0.9995
vn 0.1444 0.9770 -0.1568
vn -0.9992 0.0030 0.0397
vn 0.1225 -0.9552 0.2693
vn 0.9980 0.0022 0.0631
vn -0.0225 -0.0026 0.9997
vn -0.0801 -0.0036 -0.9968
vn 0.1040 0.9944 0.0164
vn 0.0494 -0.9927 -0.1099
vn -0.9944 0.0095 0.1048
vn 0.9937 0.0029 -0.1123
vn 0.0348 -0.0021 0.9994
vn -0.0437 -0.0113 -0.9990
vn 0.1472 0.9805 0.1301
vn -0.9729 0.0954 0.2106
vn -0.0799 -0.9825 -0.1683
vn 0.9856 -0.1098 -0.1289
vn -0.0122 -0.0018 0.9999
vn -0.0138 0.0043 -0.9999
vn -0.0091 0.9920 -0.1257
vn -1.0000 0.0048 0.0079
vn 0.1413 -0.9725 0.1850
vn 0.9996 -0.0001 -0.0283
vn -0.1262 0.0067 0.9920
vn -0.1365 -0.0050 -0.9906
vn 0.0852 0.9898 0.1141
vn -0.9968 0.0018 -0.0805
vn 0.0598 -0.9977 -0.0309
vn 0.9991 0.0031 -0.0427
vn -0.0127 -0.0033 0.9999
vn -0.0448 -0.0087 -0.9990
vn -0.1944 0.9649 0.1763
vn -0.0032 -0.9980 -0.0637
vn -0.9998 0.0007 0.0208
vn 1.0000 -0.0050 -0.0034
vn 0.0042 0.0060 1.0000
vn -0.0916 0.0014 -0.9958
vn -0.0921 0.9940 -0.0583
vn -0.9999 0.0064 -0.0098
vn 0.0202 -0.9697 0.2436
vn 0.9980 0.0027 0.0636
vn 0.0770 -0.0038 0.9970
vn 0.0482 0.0023 -0.9988
vn 0.1617 0.9757 -0.1479
vn -0.9919 -0.0032 0.1274
vn -0.0206 -0.9845 0.1743
vn 0.9936 0.0040 -0.1125
vn 0.0474 0.0037 0.9989
vn -0.0052 0.0013 -1.0000
vn 0.0957 -0.0345 0.9948
vn -0.9958 -0.0919 -0.0021
vn -0.0062 0.1941 -0.9810
vn 0.9981 -0.0612 -0.0014
vn -0.0056 -1.0000 0.0029
vn -0.0617 0.9981 -0.0034
vn 0.0389 -0.1615 0.9861
vn 0.0554 -0.1446 -0.9879
vn -0.9981 -0.0611 0.0035
vn 0.9700 0.2429 -0.0017
vn 0.0104 -0.9999 0.0007
vn 0.0423 0.9991 -0.0021
vn 0.0010 0.3842 0.9233
vn -0.9971 0.0760 -0.0014
vn 0.1367 -0.5231 -0.8412
vn 0.9975 0.0703 -0.0025
vn -0.2442 -0.9697 0.0002
vn -0.0967 0.9953 -0.0023
vn -0.0307 0.2715 0.9620
vn -0.9988 0.0494 0.0011
vn -0.0537 -0.0678 -0.9963
vn 0.9986 0.0521 0.0046
vn 0.0007 -1.0000 -0.0010
vn 0.0169 0.9999 0.0008
vn 0.0353 0.2224 0.9743
vn -0.9834 -0.1815 -0.0005
vn 0.3267 0.1739 -0.9290
vn 0.9993 -0.0370 0.0004
vn 0.0087 -1.0000 0.0034
vn -0.1304 0.9915 0.0005
vn 0.1785 0.0788 0.9808
vn -0.9861 -0.1663 -0.0008
vn 0.0196 0.0543 -0.9983
vn 0.9981 0.0608 0.0022
vn 0.0891 -0.9960 -0.0027
vn 0.0008 1.0000 0.0015
vn 0.0153 -0.4234 0.9058
vn 0.0984 0.3184 -0.9428
vn -0.9968 -0.0797 -0.0014
vn 0.9999 0.0141 -0.0009
vn -0.0372 -0.9993 -0.0001
vn 0.0249 0.9997 -0.0017
vn -0.0036 -0.0072 1.0000
vn -0.9998 0.0205 0.0003
vn 0.0654 0.2377 -0.9691
vn 0.9955 -0.0950 0.0022
vn 0.0251 -0.9997 0.0007
vn -0.0508 0.9987 0.0020
vn -0.0190 0.2629 0.9646
vn -0.9860 -0.1667 0.0023
vn 0.0513 -0.0659 -0.9965
vn 0.9950 0.0999 -0.0010
vn 0.0421 -0.9991 0.0013
vn -0.0305 0.9995 -0.0009
vn 0.2446 0.2753 0.9297
vn -0.9991 -0.0417 0.0007
vn 0.1985 -0.4523 -0.8695
vn 0.9978 -0.0657 0.0005
vn -0.0217 -0.9998 -0.0006
vn -0.0772 0.9970 -0.0008
vn 0.1830 -0.0299 0.9827
vn 0.0866 0.1993 -0.9761
vn -0.9941 -0.1085 0.0022
vn 0.9932 0.1166 0.0007
vn 0.0336 -0.9994 -0.0005
vn -0.0422 0.9991 -0.0025
vn 0.0616 -0.2365 0.9697
vn -0.9780 -0.2087 -0.0011
vn 0.0556 0.3006 -0.9521
vn 0.9923 0.1235 -0.0017
vn -0.0116 -0.9999 -0.0007
vn -0.0138 0.9999 0.0006
vn -0.0159 0.2276 0.9736
vn -1.0000 -0.0089 0.0011
vn 0.2370 -0.3217 -0.9167
vn 0.9996 0.0293 -0.0000
vn -0.1215 -0.9926 0.0015
vn -0.1320 0.9912 -0.0011
vn -0.3218 -0.3025 0.8972
vn -0.0056 0.1170 -0.9931
vn -0.9998 -0.0215 0.0002
vn 1.0000 0.0030 -0.0012
vn 0.0042 -1.0000 0.0013
vn -0.0883 0.9961 0.0003
vn -0.1617 0.1062 0.9811
vn -0.9999 0.0101 0.0035
vn 0.0336 -0.4204 -0.9067
vn 0.9978 -0.0659 0.0014
vn 0.0743 -0.9972 -0.0020
vn 0.0465 0.9989 0.0012
vn 0.0676 0.1475 0.9867
vn -0.0326 0.3858 -0.9220
vn -0.9986 -0.0530 0.0001
vn 0.9997 0.0234 0.0022
vn -0.0212 -0.9998 0.0027
vn -0.0164 0.9999 -0.0014
vn 0.9689 0.0004 0.2476
vn -0.0022 -0.9923 0.1238
vn -0.9327 0.0572 -0.3562
vn -0.0040 0.9934 0.1147
vn 0.0002 -0.1528 -0.9883
vn -0.0022 -0.0596 0.9982
vn -0.9990 -0.0098 -0.0446
vn 0.0022 -0.9923 -0.1241
vn 0.9327 0.0450 0.3580
vn 0.0040 0.9933 -0.1151
vn -0.0003 -0.1235 0.9923
vn 0.0022 -0.0472 -0.9989
vn -0.0259 0.2368 0.9712
vn -0.9999 -0.0155 0.0015
vn -0.0437 -0.0068 -0.9990
vn 0.9997 0.0245 0.0003
vn -0.2451 -0.9695 0.0024
vn -0.1266 0.9919 -0.0006
vn 0.9875 0.0228 -0.1558
vn -0.0108 -0.9447 -0.3277
vn -0.9795 0.0248 0.2000
vn 0.0018 0.9801 0.1984
vn -0.0015 -0.0071 -1.0000
vn 0.0013 -0.0085 1.0000
vn 0.0347 0.9958 0.0844
vn 0.9970 -0.0041 0.0776
vn -0.1506 -0.9762 -0.1559
vn -0.9919 -0.0041 0.1267
vn -0.0286 0.0009 -0.9996
vn -0.0247 0.0034 0.9997
vn -0.9990 -0.0097 -0.0446
vn 0.0024 -0.9923 -0.1241
vn 0.0044 0.9934 -0.1150
vn 0.0025 -0.0472 -0.9989
vn -0.0152 0.0936 -0.9955
vn -0.0737 -0.1941 0.9782
vn 0.9951 0.0982 -0.0129
vn -0.9975 0.0697 0.0121
vn 0.1143 -0.9935 -0.0001
vn 0.0079 1.0000 0.0007
vn -0.1563 0.0690 -0.9853
vn 0.9861 -0.1664 0.0010
vn -0.0171 0.0474 0.9987
vn -0.9981 0.0608 -0.0026
vn -0.0891 -0.9960 0.0031
vn -0.0008 1.0000 -0.0018
vn 0.0031 -0.0062 -1.0000
vn 0.9998 0.0205 -0.0004
vn -0.0574 0.2087 0.9763
vn -0.9955 -0.0950 -0.0025
vn -0.0251 -0.9997 -0.0008
vn 0.0508 0.9987 -0.0023
vn 0.0139 0.1996 -0.9798
vn 1.0000 -0.0089 -0.0013
vn -0.2107 -0.2860 0.9348
vn -0.9996 0.0293 0.0000
vn 0.1215 -0.9926 -0.0017
vn 0.1320 0.9912 0.0013
vn -0.9982 -0.0288 0.0532
vn -0.9967 -0.0412 0.0700
vn -0.9947 -0.1007 -0.0210
vn -0.2878 0.7286 -0.6215
vn 0.2626 -0.5885 -0.7646
vn 0.2630 -0.5922 -0.7617
vn 0.2686 -0.6024 -0.7517
vn -0.2300 0.6039 0.7631
vn -0.2230 0.5985 0.7695
vn -0.2104 0.5943 0.7762
vn -0.2180 -0.8498 0.4799
vn 0.9733 -0.0861 -0.2127
vn 0.9697 -0.1204 -0.2125
vn 0.9887 -0.0477 -0.1423
vn -0.9859 0.1152 0.1211
vn -0.9907 0.0999 0.0925
vn -0.9850 0.1142 0.1291
vn -0.2020 -0.5806 -0.7888
vn -0.2081 -0.5918 -0.7788
vn -0.2538 -0.6037 -0.7557
vn -0.0158 -0.7725 0.6348
vn 0.1120 0.6014 0.7911
vn 0.1121 0.5943 0.7964
vn 0.0442 0.5766 0.8158
vn 0.9996 -0.0013 0.0286
vn 0.9997 0.0033 0.0250
vn 0.9996 0.0035 0.0289
vn -0.0334 0.6973 -0.7160
vn 0.9995 -0.0011 0.0326
vn 0.1801 0.6154 0.7674
vn -0.9790 0.1295 0.1572
vn -0.1554 -0.5667 -0.8091
vn -0.2426 0.6079 0.7560
vn -0.9923 -0.1071 -0.0625
vn 0.9882 -0.0218 -0.1519
vn 0.2568 -0.5781 -0.7745
vn -0.9983 -0.0208 -0.0545
vn -0.9970 -0.0583 -0.0516
vn -0.9984 -0.0101 -0.0553
vn -0.1098 -0.6989 0.7067
vn 0.0043 0.7707 -0.6371
vn 0.9975 -0.0588 -0.0398
vn 0.9943 -0.1001 -0.0366
vn 0.9970 -0.0675 -0.0392
vn 0.1063 0.5942 0.7973
vn 0.0987 0.6283 0.7717
vn 0.0982 0.6303 0.7701
vn -0.9979 0.0278 -0.0581
vn 0.0904 0.6632 0.7430
vn -0.2468 -0.6452 -0.7231
vn -0.2354 -0.6096 -0.7570
vn -0.2364 -0.6129 -0.7540
vn 0.9988 -0.0264 -0.0423
vn -0.2245 -0.5760 -0.7861
vn 0.8710 -0.1856 -0.4549
vn 0.9791 0.1774 0.0998
vn 0.9846 0.1521 0.0863
vn 0.7854 -0.3485 -0.5115
vn 0.6081 -0.5424 0.5797
vn 0.3276 -0.7090 0.6245
vn 0.3053 -0.6525 0.6936
vn 0.3461 0.5296 0.7745
vn -0.7659 0.2767 0.5804
vn -0.6859 0.4178 0.5958
vn 0.3948 0.5691 0.7213
vn -0.9765 -0.1833 -0.1131
vn -0.0772 -0.5359 -0.8407
vn -0.2096 -0.5897 -0.7800
vn -0.9860 -0.1482 -0.0770
vn 0.2213 -0.6951 0.6840
vn -0.1587 0.8348 -0.5271
vn -0.2413 0.7415 -0.6261
vn -0.2488 0.8585 -0.4484
vn -0.6084 0.5001 0.6162
vn -0.9953 -0.0964 -0.0114
vn -0.4587 -0.6206 -0.6359
vn -0.5316 -0.5960 -0.6019
vn -0.9948 -0.1006 0.0159
vn 0.3244 -0.7494 0.5772
vn 0.2297 -0.6378 0.7351
vn -0.6179 0.7672 -0.1720
vn -0.3321 0.8860 -0.3235
vn -0.0031 0.9132 -0.4074
vn 0.7024 -0.4420 -0.5579
vn 0.5938 -0.4960 -0.6336
vn 0.5443 0.5883 0.5980
vn -0.6631 0.4511 0.5973
vn 0.5483 0.5876 0.5951
vn 0.9956 0.0936 0.0060
vn 0.9962 0.0474 -0.0724
vn 0.8710 -0.1856 0.4549
vn 0.7854 -0.3485 0.5115
vn 0.9846 0.1521 -0.0863
vn 0.9791 0.1774 -0.0998
vn 0.6080 -0.5424 -0.5797
vn 0.3053 -0.6525 -0.6936
vn 0.3276 -0.7090 -0.6245
vn 0.3461 0.5296 -0.7745
vn 0.3948 0.5691 -0.7213
vn -0.6859 0.4178 -0.5958
vn -0.7659 0.2767 -0.5804
vn -0.9765 -0.1833 0.1131
vn -0.9860 -0.1482 0.0770
vn -0.2096 -0.5897 0.7800
vn -0.0772 -0.5359 0.8407
vn 0.2213 -0.6951 -0.6840
vn -0.1587 0.8348 0.5271
vn -0.2488 0.8585 0.4484
vn -0.2413 0.7415 0.6261
vn -0.6084 0.5001 -0.6162
vn -0.9953 -0.0964 0.0114
vn -0.9948 -0.1006 -0.0159
vn -0.5316 -0.5960 0.6019
vn -0.4587 -0.6206 0.6359
vn 0.3244 -0.7494 -0.5772
vn 0.2297 -0.6378 -0.7351
vn -0.6179 0.7672 0.1720
vn -0.3321 0.8860 0.3235
vn -0.0031 0.9132 0.4074
vn 0.5938 -0.4960 0.6336
vn 0.7024 -0.4420 0.5579
vn 0.5443 0.5883 -0.5980
vn 0.5483 0.5876 -0.5951
vn -0.6631 0.4511 -0.5973
vn 0.9956 0.0936 -0.0060
vn 0.9962 0.0474 0.0724
vn 0.0855 -0.2976 0.9508
vn -0.1270 -0.8905 0.4369
vn -0.1391 -0.9423 0.3046
vn 0.0687 -0.2286 0.9711
vn -0.2523 -0.6271 -0.7369
vn -0.0315 0.4213 -0.9064
vn -0.0840 0.1481 -0.9854
vn -0.2168 -0.7052 -0.6750
vn 0.1960 0.9559 -0.2188
vn 0.2695 0.6327 0.7260
vn 0.2239 0.6222 0.7502
vn 0.1533 0.9361 -0.3165
vn -0.1871 0.0829 -0.9788
vn -0.0307 0.9386 -0.3437
vn 0.1140 0.7097 0.6952
vn 0.0352 0.8470 0.5305
vn -0.2107 0.9181 -0.3357
vn 0.1745 -0.2387 0.9553
vn 0.2843 -0.1034 0.9531
vn -0.1015 -0.8240 -0.5575
vn -0.2768 0.2461 -0.9289
vn -0.0638 -0.7626 -0.6437
vn 0.0680 -0.9309 0.3590
vn 0.2331 -0.9046 0.3568
vn -0.9957 -0.0821 0.0435
vn -0.9972 -0.0121 -0.0737
vn -0.9851 -0.0770 -0.1539
vn 0.9888 -0.1488 -0.0077
vn 0.9951 -0.0682 -0.0721
vn 0.9759 -0.2096 -0.0614
vn 0.8753 -0.4825 0.0310
vn 0.9935 -0.0919 0.0676
vn 0.9873 -0.0800 -0.1371
vn -0.9174 0.1001 -0.3850
vn -0.9739 -0.2265 -0.0135
vn -0.9835 0.0890 0.1575
vn 0.9353 -0.2395 0.2605
vn 0.5172 0.8177 -0.2527
vn -0.9752 0.0372 -0.2181
vn -0.5370 -0.7639 0.3578
vn 0.0912 0.6996 0.7087
vn -0.0743 -0.6797 -0.7297
vn 0.9949 0.0993 0.0164
vn -0.3213 0.8790 -0.3523
vn -0.9742 -0.2254 -0.0077
vn 0.3193 -0.8251 0.4661
vn -0.0486 0.6591 0.7504
vn 0.0431 -0.6482 -0.7603
vn -0.8106 0.4371 -0.3897
vn 0.8943 0.1222 -0.4305
vn 0.6988 -0.4621 0.5460
vn -0.9119 -0.1863 0.3658
vn -0.0624 -0.6349 -0.7701
vn 0.0829 0.6402 0.7637
vn 0.6860 0.6048 -0.4045
vn -0.9416 0.3368 -0.0046
vn -0.5167 -0.7621 0.3903
vn 0.9531 -0.2922 0.0785
vn -0.0588 0.6085 0.7914
vn 0.0367 -0.6043 -0.7959
vn 0.1725 -0.5233 0.8345
vn -0.0939 -0.6483 0.7556
vn -0.3675 -0.7971 0.4791
vn -0.0488 0.6022 0.7969
vn -0.0634 -0.6061 -0.7929
vn 0.9851 -0.0801 -0.1520
vn -0.9550 -0.2010 -0.2181
vn -0.2385 0.6623 0.7103
vn 0.0542 -0.6816 -0.7297
vn 0.9994 -0.0304 -0.0167
vn -0.9962 0.0666 0.0562
vn 0.1337 0.6675 0.7325
vn 0.0590 -0.6746 -0.7358
vn 0.9998 0.0041 0.0172
vn -0.9996 0.0232 0.0180
vn -0.0999 -0.8600 0.5004
vn -0.0224 0.6937 0.7199
vn -0.0311 -0.6965 -0.7169
vn 0.9987 0.0479 -0.0168
vn -0.9989 -0.0273 0.0385
vn -0.0902 -0.6742 0.7330
vn -0.2348 0.7299 0.6420
vn 0.0393 -0.7502 -0.6601
vn 0.9994 -0.0319 -0.0145
vn -0.9961 0.0725 0.0508
vn 0.1616 -0.6035 0.7808
vn -0.0982 0.7544 0.6490
vn -0.0279 -0.7640 -0.6447
vn 0.9913 -0.0542 -0.1199
vn -0.9716 -0.2112 -0.1063
vn -0.1875 0.6455 -0.7404
vn 0.1095 0.7511 -0.6510
vn -0.0128 0.7530 -0.6579
vn -0.0853 0.7663 -0.6369
vn 0.1057 0.7723 -0.6264
vn -0.1715 0.7225 -0.6698
vn 0.1835 -0.5902 0.7861
vn -0.0706 -0.6476 0.7587
vn -0.3684 -0.7966 0.4793
vn -0.0928 -0.8492 0.5199
vn -0.0878 0.7331 0.6744
vn -0.0382 -0.7378 -0.6739
vn 0.9874 -0.1107 -0.1129
vn -0.9555 -0.2233 -0.1929
vn -0.2376 0.6733 0.7001
vn 0.0537 -0.6841 -0.7274
vn 0.9969 -0.0729 0.0306
vn -0.9933 0.1148 0.0155
vn -0.0212 0.6618 0.7494
vn -0.0297 -0.6640 -0.7472
vn 0.9989 0.0453 -0.0154
vn -0.9990 -0.0256 0.0378
vn 0.1344 0.6458 0.7515
vn 0.0700 -0.6522 -0.7548
vn 0.9998 0.0044 0.0170
vn -0.9996 0.0215 0.0190
vn -0.0955 -0.8519 0.5150
vn -0.0209 0.6547 0.7556
vn -0.0294 -0.6567 -0.7535
vn 0.9993 0.0374 -0.0089
vn -0.9993 -0.0171 0.0323
vn -0.2347 0.7299 0.6420
vn -0.9961 0.0726 0.0508
vn 0.1134 -0.6319 0.7667
vn -0.1035 0.7808 0.6161
vn -0.0217 -0.8016 -0.5974
vn 0.9746 0.0311 -0.2217
vn -0.9475 -0.3198 -0.0022
vn -0.1934 0.7046 -0.6827
vn 0.0858 0.7533 -0.6521
vn -0.0921 0.7513 -0.6536
vn -0.0118 0.7527 -0.6582
vn -0.0895 0.7551 -0.6495
vn -0.1232 0.7442 -0.6565
vn 0.0018 -0.7772 0.6292
vn -0.0049 0.6615 0.7499
vn -0.1288 -0.6556 -0.7441
vn 0.9874 -0.1183 -0.1055
vn -0.9787 -0.1215 -0.1652
vn -0.1960 0.6705 -0.7155
vn -0.2643 -0.2851 -0.9213
vn 0.3809 -0.8262 -0.4152
vn 0.0926 -0.8699 -0.4845
vn 0.0066 0.7164 -0.6976
vn 0.0968 -0.7274 0.6794
vn -0.9594 -0.0447 0.2783
vn 0.9490 -0.3084 0.0648
vn 0.0203 0.6083 -0.7934
vn 0.0288 -0.6097 0.7921
vn -0.9995 0.0306 0.0021
vn 0.9996 -0.0112 -0.0272
vn -0.1325 0.7242 -0.6767
vn -0.0134 -0.7319 0.6813
vn -0.9998 0.0189 -0.0040
vn 0.9997 0.0060 -0.0257
vn 0.1082 -0.8803 -0.4620
vn 0.0221 0.6666 -0.7451
vn 0.0320 -0.6705 0.7412
vn -0.9972 0.0687 0.0293
vn 0.9974 -0.0507 -0.0504
vn 0.0746 -0.7181 -0.6919
vn 0.2307 0.7599 -0.6078
vn -0.0308 -0.7635 0.6451
vn -0.9898 -0.1222 -0.0733
vn 0.9834 0.1802 0.0219
vn 0.2851 0.4174 0.8628
vn 0.0923 0.7775 0.6221
vn -0.0012 0.7997 0.6004
vn 0.0767 0.7937 0.6034
vn -0.0905 0.8101 0.5793
vn -0.2022 -0.7205 -0.6633
vn 0.0882 -0.7395 -0.6673
vn 0.3792 -0.8505 -0.3645
vn 0.0836 -0.9091 -0.4081
vn 0.0951 0.7359 -0.6704
vn 0.0358 -0.7418 0.6697
vn -0.9875 -0.1130 0.1098
vn 0.9562 -0.2203 0.1927
vn 0.2252 0.7938 -0.5650
vn -0.0162 -0.8152 0.5789
vn -0.9995 -0.0253 0.0201
vn 0.9961 0.0707 -0.0527
vn 0.0314 0.8099 -0.5857
vn 0.0326 -0.8112 0.5839
vn -0.9999 0.0096 -0.0139
vn 0.9998 0.0209 -0.0076
vn -0.1232 0.8590 -0.4969
vn 0.0696 -0.8660 0.4952
vn -0.9998 0.0145 -0.0113
vn 0.9996 0.0229 -0.0143
vn 0.0773 -0.9107 -0.4058
vn 0.0329 0.8176 -0.5749
vn 0.0312 -0.8185 0.5736
vn -0.9997 -0.0071 -0.0251
vn 0.9992 0.0401 0.0028
vn 0.0845 -0.7340 -0.6739
vn 0.2273 0.7814 -0.5811
vn -0.0204 -0.8014 0.5978
vn -0.9993 -0.0341 0.0120
vn 0.9957 0.0797 -0.0465
vn 0.2034 0.8007 0.5635
vn -0.1035 0.8253 0.5551
vn 0.1032 0.8292 0.5493
vn 0.0026 0.8363 0.5483
vn 0.1099 0.8304 0.5463
vn -0.1001 0.8214 0.5615
vn -0.1634 -0.5982 -0.7845
vn 0.0794 0.6614 -0.7459
vn 0.0407 -0.6689 0.7423
vn -0.9912 -0.0487 0.1228
vn 0.9737 -0.1828 0.1362
vn 0.1759 0.7201 0.6712
vn 0.1711 -0.6816 -0.7115
vn 0.1568 0.7700 -0.6185
vn 0.0476 -0.7818 0.6217
vn -0.9981 -0.0372 0.0492
vn 0.9940 0.0758 -0.0793
vn -0.1058 0.8164 0.5677
vn 0.0009 -0.5982 0.8013
vn 0.0010 -0.5997 0.8002
vn -0.0150 -0.5733 0.8192
vn -0.9688 -0.1115 0.2214
vn 0.9934 -0.0560 0.1001
vn -0.0067 0.9495 0.3138
vn -0.0194 0.9671 0.2538
vn -0.0070 0.9426 0.3340
vn -0.0020 0.6300 -0.7766
vn -0.0019 0.6266 -0.7794
vn -0.0149 0.6682 -0.7438
vn 0.0027 -0.8012 -0.5984
vn 0.0029 -0.8078 -0.5895
vn 0.0027 -0.7999 -0.6001
vn 0.0110 -0.6575 0.7533
vn 0.0113 -0.6569 0.7539
vn -0.0042 -0.6652 0.7466
vn 0.0125 -0.6468 -0.7626
vn 0.0041 -0.6223 -0.7828
vn 0.0127 -0.6487 -0.7609
vn 0.9882 0.1245 -0.0891
vn -0.0185 0.8730 0.4873
vn -0.0366 0.9438 0.3284
vn -0.0191 0.8849 0.4654
vn -0.0081 0.6729 -0.7396
vn -0.0084 0.6671 -0.7449
vn -0.0284 0.6056 -0.7952
vn -0.8919 0.2012 -0.4050
vn 0.0076 -0.6810 0.7322
vn 0.0076 -0.6807 0.7325
vn 0.0398 -0.7024 0.7106
vn 0.0004 -0.9600 -0.2801
vn -0.0499 -0.9184 -0.3924
vn 0.0024 -0.9528 -0.3035
vn 0.9986 0.0207 0.0477
vn -0.0515 0.7631 0.6443
vn -0.0444 0.7425 0.6683
vn -0.0521 0.7578 0.6504
vn 0.0110 0.5556 -0.8314
vn 0.0103 0.5554 -0.8315
vn -0.0077 0.5551 -0.8318
vn -0.9646 0.1588 -0.2104
vn -0.0014 -0.6521 0.7582
vn -0.0013 -0.6520 0.7583
vn 0.0061 -0.6479 0.7617
vn 0.9841 -0.0042 0.1773
vn 0.0004 -0.8621 -0.5068
vn 0.0015 -0.9025 -0.4307
vn 0.0004 -0.8637 -0.5040
vn 0.0010 0.5129 0.8584
vn -0.0034 0.6065 0.7951
vn 0.0007 0.4750 0.8800
vn -0.0022 0.7124 -0.7017
vn -0.0022 0.7135 -0.7007
vn 0.0062 0.7067 -0.7075
vn -0.9271 0.2888 0.2389
vn 0.9556 0.2046 -0.2122
vn 0.0034 -0.9484 -0.3169
vn 0.0167 -0.9892 0.1459
vn 0.0069 -0.9194 -0.3933
vn -0.7133 -0.4124 0.5667
vn -0.0018 0.9130 0.4081
vn 0.0038 0.9292 0.3697
vn -0.0019 0.9168 0.3994
vn 0.0003 -0.8477 0.5305
vn 0.0003 -0.8483 0.5295
vn 0.0133 -0.8663 0.4994
vn -0.0029 0.5441 -0.8390
vn -0.0030 0.5403 -0.8415
vn 0.0139 0.5718 -0.8203
vn 0.9864 -0.0938 0.1349
vn -0.0041 -0.9300 -0.3675
vn 0.0053 -0.9439 -0.3303
vn -0.0066 -0.9334 -0.3588
vn -0.8589 0.3745 -0.3493
vn -0.0209 0.7071 -0.7068
vn -0.0212 0.7087 -0.7052
vn -0.0245 0.7193 -0.6943
vn 0.0098 -0.6342 0.7731
vn 0.0098 -0.6328 0.7742
vn 0.0079 -0.6114 0.7913
vn 0.9812 0.1178 -0.1526
vn 0.0004 -0.7066 -0.7076
vn -0.0018 -0.6845 -0.7290
vn 0.0003 -0.7143 -0.6998
vn -0.9950 -0.0887 0.0450
vn 0.0029 0.7071 0.7071
vn -0.0001 0.6682 0.7440
vn 0.0028 0.7178 0.6963
vn -0.0004 -0.6382 0.7699
vn -0.0004 -0.6386 0.7695
vn 0.0084 -0.6253 0.7804
vn 0.0007 0.6787 -0.7344
vn 0.0006 0.6777 -0.7354
vn 0.0074 0.6889 -0.7248
vn 0.9964 0.0615 -0.0590
vn -0.9341 -0.1977 0.2973
vn 0.0003 -0.8687 -0.4953
vn 0.0056 -0.7705 -0.6375
vn 0.0021 -0.8757 -0.4829
vn -0.0009 0.9660 0.2586
vn 0.0010 0.9720 0.2349
vn -0.0009 0.9670 0.2548
vn -0.0010 -0.7497 0.6618
vn -0.0009 -0.7493 0.6622
vn -0.0043 -0.7655 0.6435
vn -0.0002 0.5775 -0.8164
vn -0.0001 0.5775 -0.8164
vn -0.0103 0.5805 -0.8142
vn 0.9979 0.0633 -0.0097
vn -0.0001 -0.8309 -0.5564
vn 0.0019 -0.8541 -0.5201
vn -0.0001 -0.8327 -0.5537
vn -0.9977 0.0468 -0.0481
vn 0.0017 0.7581 0.6521
vn -0.0026 0.7233 0.6905
vn 0.0018 0.7505 0.6608
vn -0.0021 -0.5751 0.8181
vn -0.0021 -0.5752 0.8180
vn 0.0031 -0.5796 0.8149
vn 0.0009 0.6546 -0.7560
vn 0.0009 0.6548 -0.7558
vn 0.0083 0.6599 -0.7513
vn 0.9512 -0.1777 0.2523
vn -0.8951 0.3295 -0.3004
vn -0.1716 0.8486 0.5004
vn -0.1555 0.8719 0.4643
vn -0.1872 0.8438 0.5029
vn 0.0215 -0.7106 0.7033
vn 0.0073 -0.7081 0.7061
vn 0.0281 -0.7375 0.6748
vn -0.0167 0.6978 -0.7161
vn 0.0086 -0.5501 -0.8350
vn 0.0065 -0.5529 -0.8332
vn 0.0377 -0.5295 -0.8474
vn 0.9938 -0.0507 -0.0986
vn -0.9992 -0.0146 -0.0360
vn 0.0504 0.9051 -0.4223
vn 0.0702 0.8815 -0.4670
vn 0.0491 0.9039 -0.4249
vn -0.0032 0.6068 0.7948
vn -0.0027 0.6053 0.7960
vn 0.0286 0.6408 0.7672
vn -0.0533 -0.7193 0.6927
vn -0.0558 -0.7157 0.6962
vn -0.0544 -0.7150 0.6970
vn -0.0010 -0.7068 -0.7074
vn -0.0010 -0.7063 -0.7079
vn -0.0111 -0.7127 -0.7014
vn -0.0012 -0.6994 0.7147
vn -0.0013 -0.6683 0.7438
vn -0.0012 -0.7023 0.7119
vn -0.9596 0.2289 0.1639
vn -0.0013 0.7784 -0.6278
vn -0.0069 0.8608 -0.5089
vn -0.0014 0.7580 -0.6522
vn -0.0004 0.6977 0.7164
vn -0.0005 0.6966 0.7175
vn -0.0085 0.6479 0.7617
vn 0.9660 0.1151 0.2316
vn 0.0145 0.6923 -0.7214
vn -0.0065 0.6646 -0.7472
vn 0.0209 0.7006 -0.7133
vn 0.0450 -0.7727 -0.6332
vn 0.0418 -0.7724 -0.6337
vn 0.0305 -0.7753 -0.6309
vn -0.9514 -0.0363 -0.3060
vn 0.0915 -0.9135 0.3964
vn 0.0579 -0.9425 0.3290
vn 0.0696 -0.8988 0.4328
vn -0.0667 0.7304 -0.6798
vn -0.0959 0.7766 -0.6227
vn -0.0808 0.6928 -0.7166
vn -0.0359 0.7578 0.6515
vn -0.0410 0.7568 0.6523
vn -0.0474 0.7502 0.6595
vn 0.9721 0.1845 -0.1449
vn -0.8595 0.3891 0.3313
vn 0.8855 -0.3054 -0.3502
vn 0.0117 0.6112 0.7914
vn 0.0074 0.6426 0.7661
vn 0.0076 0.6411 0.7674
vn -0.9537 -0.1717 -0.2470
vn 0.9538 0.2196 0.2049
vn 0.0110 0.5705 0.8213
vn -0.0231 0.6333 0.7736
vn -0.0414 0.6654 0.7454
vn -0.9404 0.1926 0.2803
vn 0.0306 -0.7776 0.6280
vn 0.0439 -0.7355 0.6761
vn 0.0166 -0.7743 0.6326
vn 0.9990 -0.0360 -0.0267
vn 0.0074 -0.6250 -0.7806
vn 0.0082 -0.6247 -0.7808
vn 0.0156 -0.6158 -0.7878
vn -0.9871 0.1155 0.1107
vn 0.9802 -0.1096 -0.1647
vn -0.0483 -0.8448 0.5328
vn -0.0026 -0.8320 0.5547
vn -0.0240 -0.8562 0.5160
vn 0.0316 0.9536 -0.2993
vn 0.0634 0.9585 -0.2779
vn 0.0314 0.9533 -0.3004
vn 0.0062 -0.7431 -0.6691
vn 0.0061 -0.7422 -0.6702
vn 0.0061 -0.7589 -0.6512
vn -0.0066 0.6704 0.7420
vn -0.0085 0.6701 0.7422
vn -0.0106 0.6731 0.7394
vn -0.9913 0.1304 0.0153
vn 0.9995 0.0190 0.0270
vn -0.0158 -0.8219 0.5695
vn -0.0478 -0.8437 0.5346
vn -0.0229 -0.8269 0.5618
vn -0.0061 0.6673 -0.7448
vn -0.0098 -0.6526 0.7576
vn 0.0058 0.7542 0.6566
vn 0.0027 -0.7367 -0.6763
vn -0.0197 0.5120 -0.8587
vn -0.0117 -0.8309 0.5563
vn -0.0076 0.8992 0.4375
vn -0.0051 -0.7197 -0.6943
vn -0.0105 0.5536 -0.8327
vn -0.0144 0.6048 -0.7962
vn -0.0145 0.5991 -0.8006
vn 0.0026 0.5453 0.8382
vn 0.0109 0.5807 0.8140
vn 0.0116 0.5707 0.8211
vn 0.0028 0.6908 -0.7230
vn 0.0036 0.6957 -0.7184
vn 0.0367 0.7373 -0.6746
vn 0.0119 -0.6837 0.7297
vn -0.1865 0.8172 0.5454
vn 0.1533 -0.8224 -0.5479
vn 0.1802 -0.8520 -0.4916
vn 0.1650 -0.8563 -0.4895
vn -0.0065 0.6495 -0.7603
vn -0.0076 -0.5703 0.8214
vn 0.0062 0.7845 0.6201
vn -0.0019 -0.8105 -0.5857
vn 0.0099 0.5743 -0.8186
vn 0.0023 -0.7339 0.6793
vn -0.0029 0.9597 0.2811
vn -0.0012 -0.8998 -0.4362
vn 0.0006 0.5621 -0.8271
vn 0.0006 0.5613 -0.8276
vn 0.0027 0.7732 0.6342
vn 0.0018 0.7737 0.6336
vn 0.0403 -0.9413 -0.3352
vn 0.0423 -0.9519 -0.3035
vn 0.0412 -0.9564 -0.2891
vn 0.0129 -0.5992 0.8005
vn -0.0020 -0.6196 0.7849
vn -0.0027 -0.6202 0.7844
vn -0.0107 0.7192 -0.6948
vn 0.0055 0.3516 0.9361
vn -0.0006 -0.8227 -0.5684
vn -0.0087 -0.6561 0.7546
vn 0.0111 0.7255 -0.6882
vn 0.0026 0.7666 0.6422
vn 0.0230 -0.6807 -0.7322
vn 0.0265 -0.6490 0.7604
vn 0.0025 -0.7932 -0.6089
vn 0.0114 0.5845 -0.8113
vn 0.0057 0.9198 0.3923
vn 0.0160 -0.6219 0.7829
vn -0.0520 -0.7185 0.6936
vn -0.0348 0.5690 0.8216
vn 0.0296 0.9247 -0.3796
vn -0.0227 -0.5728 -0.8194
vn 0.0077 0.7444 0.6677
vn 0.0051 0.6251 -0.7805
vn -0.0011 -0.7382 0.6746
vn 0.0091 -0.7004 -0.7137
vn -0.0293 0.7643 0.6442
vn -0.0490 0.6144 -0.7875
vn 0.1022 -0.8688 0.4844
vn 0.0565 -0.7696 -0.6360
vn -0.0045 0.6674 0.7447
vn 0.0062 -0.7258 -0.6879
vn -0.0005 0.9466 -0.3223
vn -0.0704 -0.8599 0.5057
vn 0.0034 0.6715 0.7410
vn 0.0413 0.9444 -0.3263
vn 0.0346 0.9552 -0.2939
vn 0.0414 0.9442 -0.3268
vn -0.0114 -0.8645 -0.5025
vn -0.0199 -0.8786 -0.4772
vn -0.0203 -0.8792 -0.4760
vn 0.0342 0.7386 -0.6733
vn 0.0072 0.7726 -0.6349
vn -0.0309 0.8343 -0.5505
vn -0.0343 0.8284 -0.5591
vn -0.0751 0.7208 0.6890
vn 0.0029 0.6501 -0.7598
vn 0.0037 0.6813 -0.7320
vn 0.0020 0.6165 -0.7874
vn 0.0793 -0.5912 -0.8026
vn 0.0443 -0.5757 -0.8165
vn 0.0289 -0.5686 -0.8221
vn 0.0671 0.7538 0.6537
vn -0.0539 0.5776 -0.8145
vn 0.0208 -0.8775 -0.4792
vn 0.0004 -0.8994 -0.4371
vn 0.0013 -0.9046 -0.4263
vn -0.0031 0.6486 0.7611
vn -0.0370 0.6917 0.7212
vn -0.0022 0.6398 0.7685
vn -0.0116 -0.6620 0.7494
vn -0.0113 -0.6622 0.7493
vn -0.0459 -0.6578 0.7518
vn -0.0514 0.8629 -0.5028
vn -0.0160 0.6500 0.7598
vn -0.0104 0.6631 0.7484
vn -0.0080 0.6624 0.7491
vn 0.0255 0.6048 0.7959
vn 0.0046 0.6105 0.7920
vn 0.0036 0.6108 0.7918
vn 0.0418 0.7265 -0.6859
vn -0.0174 0.6162 0.7874
vn 0.0178 -0.5358 -0.8441
vn -0.0023 -0.5395 -0.8420
vn -0.0009 -0.5393 -0.8421
vn 0.0092 -0.8033 0.5955
vn -0.0210 -0.5428 -0.8396
vn -0.0064 -0.5517 -0.8340
vn 0.0012 0.5840 -0.8118
vn 0.0013 -0.8778 0.4790
vn -0.0055 -0.8843 0.4668
vn 0.0138 -0.8656 0.5006
vn 0.0203 -0.8589 0.5118
vn -0.0288 -0.8925 -0.4501
vn 0.0480 0.9322 -0.3587
vn -0.0421 -0.9173 0.3959
vn -0.0405 -0.9825 -0.1818
vn -0.0419 -0.9078 0.4174
vn -0.0288 -0.5243 0.8510
vn 0.1822 -0.8891 -0.4199
vn 0.1849 -0.8837 -0.4299
vn 0.0056 -0.0359 -0.9993
vn 0.0215 -0.0653 -0.9976
vn 0.0669 -0.1019 -0.9925
vn 0.9959 -0.0122 -0.0892
vn -0.9998 0.0181 -0.0074
vn -0.0083 0.9989 -0.0455
vn 0.0285 0.9982 -0.0530
vn -0.0119 0.9993 -0.0366
vn -0.0028 0.2008 0.9796
vn 0.0001 0.1879 0.9822
vn 0.0453 0.1720 0.9841
vn 0.0111 -0.9978 0.0661
vn 0.0678 -0.9964 0.0516
vn 0.0317 -0.9974 0.0647
vn -0.0240 -0.9966 0.0788
vn -0.0483 0.2158 0.9753
vn -0.0491 0.9984 -0.0292
vn -0.0389 -0.0005 -0.9992
vn -0.0431 0.6784 0.7334
vn 0.0414 -0.6435 -0.7643
vn 0.0453 -0.6443 -0.7634
vn -0.0858 0.6810 0.7273
vn -0.0478 -0.7918 0.6090
vn -0.0239 -0.8002 0.5992
vn -0.0153 -0.8031 0.5956
vn 0.0547 0.7109 -0.7011
vn 0.0868 -0.6528 -0.7525
vn -0.0643 -0.6557 -0.7523
vn -0.0162 0.9493 -0.3140
vn 0.1818 -0.7791 0.6000
vn 0.9860 0.1225 0.1128
vn 0.0483 0.6583 0.7512
vn -0.9857 -0.1254 -0.1127
vn -0.0586 0.9687 0.2414
vn -0.2093 -0.8129 -0.5435
vn 0.0668 0.7400 -0.6693
vn 0.0520 0.6894 -0.7225
vn 0.0523 0.6904 -0.7216
vn -0.9790 0.1061 -0.1739
vn -0.9820 0.1076 -0.1550
vn -0.9806 0.1069 -0.1645
vn 0.9689 -0.1537 0.1940
vn 0.9943 -0.0391 0.0988
vn 0.9973 -0.0088 0.0734
vn 0.9938 0.1079 -0.0254
vn -0.0676 -0.6839 0.7265
vn -0.1332 -0.7350 0.6648
vn -0.0763 -0.6910 0.7188
vn 0.0372 0.6360 -0.7708
vn -0.9833 0.1083 -0.1461
vn -0.0098 -0.6333 0.7739
vn -0.0575 -0.6864 -0.7250
vn -0.0151 0.9530 -0.3025
vn 0.1813 -0.7857 0.5915
vn 0.9834 0.1492 0.1035
vn 0.0455 0.6889 0.7234
vn -0.9846 -0.1459 -0.0966
vn -0.0564 0.9718 0.2288
vn -0.3631 -0.7517 -0.5506
vn 0.0822 0.7498 -0.6565
vn 0.0763 0.7045 -0.7055
vn 0.0766 0.7067 -0.7034
vn -0.9809 -0.0801 -0.1770
vn -0.9865 0.0497 -0.1560
vn -0.9857 -0.0190 -0.1675
vn 0.9691 -0.1537 0.1930
vn 0.9939 -0.0359 0.1040
vn 0.9972 0.0017 0.0752
vn 0.9924 0.1214 -0.0175
vn -0.0884 -0.6982 0.7104
vn -0.1662 -0.7440 0.6471
vn -0.1058 -0.7091 0.6971
vn 0.0702 0.6567 -0.7509
vn -0.9835 0.1069 -0.1459
vn -0.0246 -0.6549 0.7553
vn 0.0586 0.9687 0.2414
vn 0.2093 -0.8129 -0.5435
vn -0.0668 0.7400 -0.6693
vn -0.0523 0.6904 -0.7216
vn -0.0520 0.6894 -0.7225
vn 0.9790 0.1061 -0.1739
vn 0.9806 0.1069 -0.1645
vn 0.9820 0.1076 -0.1550
vn -0.9689 -0.1537 0.1940
vn -0.9973 -0.0088 0.0734
vn -0.9943 -0.0391 0.0988
vn -0.9938 0.1079 -0.0254
vn 0.0676 -0.6839 0.7265
vn 0.0763 -0.6910 0.7188
vn 0.1332 -0.7350 0.6648
vn -0.0372 0.6360 -0.7708
vn 0.9833 0.1083 -0.1461
vn 0.0098 -0.6333 0.7739
vn 0.0890 -0.6711 -0.7360
vn 0.0219 0.9531 -0.3019
vn -0.2677 -0.7500 0.6049
vn -0.9843 0.1410 0.1062
vn -0.0687 0.6741 0.7354
vn 0.9850 -0.1399 -0.1012
vn 0.0564 0.9718 0.2288
vn 0.2085 -0.8199 -0.5332
vn -0.0653 0.7469 -0.6618
vn -0.0531 0.7044 -0.7079
vn -0.0527 0.7029 -0.7093
vn 0.9815 0.0812 -0.1737
vn 0.9823 0.0896 -0.1646
vn 0.9830 0.0989 -0.1545
vn -0.9691 -0.1537 0.1930
vn -0.9972 0.0017 0.0752
vn -0.9939 -0.0359 0.1040
vn -0.9924 0.1214 -0.0175
vn 0.0696 -0.6971 0.7136
vn 0.0786 -0.7036 0.7063
vn 0.1334 -0.7402 0.6590
vn -0.0402 0.6574 -0.7524
vn 0.9835 0.1069 -0.1459
vn 0.0139 -0.6549 0.7556
vn 0.0495 0.9806 0.1897
vn 0.2966 -0.8053 -0.5134
vn -0.0572 0.8161 -0.5751
vn -0.0581 0.7452 -0.6643
vn -0.0581 0.7420 -0.6678
vn 0.9847 -0.0408 -0.1696
vn 0.9868 0.0050 -0.1620
vn 0.9862 0.0693 -0.1507
vn -0.9693 -0.1557 0.1901
vn -0.9972 0.0197 0.0727
vn -0.9928 -0.0400 0.1131
vn -0.9901 0.1398 -0.0100
vn 0.0836 -0.7334 0.6746
vn 0.0975 -0.7489 0.6555
vn 0.1568 -0.8092 0.5663
vn -0.0581 0.6589 -0.7500
vn 0.9836 0.1092 -0.1433
vn 0.0207 -0.6569 0.7537
vn 0.0058 -0.6388 -0.7694
vn 0.0231 0.8894 -0.4565
vn 0.2684 -0.7616 0.5899
vn 0.9953 -0.0108 0.0958
vn -0.0384 0.6424 0.7654
vn -0.9949 0.0040 -0.1005
vn 0.0024 -0.5965 -0.8026
vn -0.0269 -0.5731 -0.8190
vn 0.0037 -0.5987 -0.8010
vn -0.9918 -0.0575 -0.1142
vn 0.9980 -0.0312 -0.0558
vn -0.0332 0.9433 -0.3304
vn -0.0324 0.9513 -0.3064
vn -0.0760 0.9673 -0.2421
vn -0.0063 0.6275 0.7786
vn -0.0341 0.6682 0.7432
vn -0.0070 0.6264 0.7794
vn 0.0285 -0.7986 0.6012
vn 0.0255 -0.7981 0.6019
vn 0.0052 -0.8078 0.5894
vn 0.0207 -0.6573 -0.7534
vn -0.0065 -0.6652 -0.7467
vn 0.0213 -0.6569 -0.7536
vn 0.0221 -0.6470 0.7622
vn 0.0225 -0.6482 0.7612
vn 0.0063 -0.6221 0.7829
vn 0.9963 0.0697 0.0499
vn -0.0344 0.8754 -0.4821
vn -0.0355 0.8819 -0.4702
vn -0.0669 0.9424 -0.3277
vn -0.0162 0.6715 0.7408
vn -0.0520 0.6051 0.7944
vn -0.0170 0.6682 0.7438
vn -0.9689 0.1102 0.2217
vn 0.0015 -0.6517 -0.7585
vn 0.0108 -0.6477 -0.7618
vn 0.0016 -0.6517 -0.7585
vn 0.9950 -0.0023 -0.0995
vn -0.0025 -0.8627 0.5058
vn -0.0026 -0.8632 0.5048
vn 0.0028 -0.9025 0.4307
vn 0.0047 0.5067 -0.8621
vn 0.0070 0.4796 -0.8774
vn 0.0027 0.6045 -0.7966
vn -0.0074 0.7128 0.7014
vn 0.0035 0.7071 0.7071
vn -0.0082 0.7133 0.7008
vn -0.9799 0.1538 -0.1273
vn 0.9958 -0.0526 -0.0756
vn -0.0494 -0.9181 0.3932
vn -0.0302 -0.9285 0.3702
vn -0.0478 -0.9287 0.3678
vn -0.9577 0.2105 0.1963
vn 0.0003 -0.6326 -0.7745
vn -0.0233 -0.6078 -0.7938
vn -0.0002 -0.6309 -0.7759
vn 0.9941 0.0662 0.0858
vn 0.0069 -0.7066 0.7076
vn 0.0094 -0.7119 0.7022
vn 0.0099 -0.6823 0.7310
vn -0.9987 -0.0449 -0.0228
vn -0.0059 0.7102 -0.7040
vn -0.0042 0.7159 -0.6982
vn -0.0033 0.6681 -0.7441
vn 0.0059 -0.6379 -0.7701
vn 0.0466 -0.6239 -0.7801
vn 0.0063 -0.6382 -0.7699
vn -0.0075 0.6786 0.7344
vn 0.0311 0.6883 0.7248
vn -0.0053 0.6781 0.7349
vn 0.9989 0.0343 0.0328
vn -0.9819 -0.1048 -0.1575
vn 0.0674 0.6532 0.7541
vn 0.0085 0.6578 0.7531
vn 0.0092 0.6578 0.7532
vn -0.0497 0.6600 0.7496
vn -0.0238 0.7500 -0.6611
vn -0.0086 0.7698 -0.6382
vn -0.0036 0.7762 -0.6305
vn 0.9991 0.0418 0.0108
vn -0.9992 0.0332 0.0204
vn -0.0808 0.6563 -0.7501
vn -0.0816 0.6588 -0.7479
vn -0.0302 0.7301 -0.6826
vn -0.0281 0.7313 -0.6815
vn -0.0155 -0.5194 -0.8544
vn 0.0052 -0.5339 -0.8455
vn 0.0033 -0.5326 -0.8463
vn -0.0018 -0.5492 0.8357
vn 0.0229 -0.5274 0.8493
vn -0.0023 -0.5505 0.8348
vn 0.9981 -0.0223 0.0575
vn -0.9998 -0.0103 0.0195
vn 0.0040 0.9124 0.4093
vn 0.0031 0.9128 0.4083
vn 0.0376 0.8992 0.4359
vn 0.0044 0.6081 -0.7938
vn 0.0301 0.6422 -0.7660
vn 0.0042 0.6067 -0.7949
vn -0.0035 -0.7122 -0.7020
vn -0.0036 -0.7111 -0.7030
vn -0.0010 -0.7150 -0.6992
vn -0.0018 -0.7067 0.7075
vn -0.0202 -0.7126 0.7013
vn -0.0016 -0.7064 0.7078
vn -0.0023 -0.7002 -0.7140
vn -0.0023 -0.7016 -0.7126
vn -0.0024 -0.6683 -0.7438
vn -0.9892 0.1189 -0.0851
vn -0.0027 0.7738 0.6334
vn -0.0025 0.7628 0.6467
vn -0.0127 0.8607 0.5089
vn -0.0010 0.6973 -0.7167
vn -0.0157 0.6478 -0.7617
vn -0.0009 0.6969 -0.7172
vn 0.9891 0.0654 -0.1316
vn -0.0212 -0.9106 -0.4128
vn 0.0093 -0.9080 -0.4189
vn -0.0147 -0.9190 -0.3941
vn 0.0062 -0.8224 -0.5689
vn 0.0065 -0.8210 -0.5709
vn -0.0219 -0.8327 -0.5532
vn -0.9990 0.0121 0.0442
vn 0.0081 0.7626 0.6468
vn 0.0086 0.7622 0.6473
vn -0.0015 0.7448 0.6673
vn 0.0008 0.5718 -0.8204
vn -0.0102 0.5660 -0.8244
vn 0.0026 0.5714 -0.8206
vn 0.9966 0.0528 -0.0632
vn -0.9593 0.1960 -0.2033
vn 0.0089 -0.8387 -0.5446
vn 0.0065 -0.7474 -0.6644
vn -0.0155 -0.9889 0.1480
vn 0.9609 -0.1628 0.2238
vn 0.0086 0.9651 0.2617
vn 0.0100 0.9667 0.2557
vn 0.0064 0.9747 0.2235
vn -0.0106 -0.8475 0.5307
vn -0.0065 -0.8642 0.5031
vn -0.0106 -0.8475 0.5306
vn 0.0134 0.5904 -0.8070
vn 0.0206 0.6223 -0.7825
vn 0.0122 0.5881 -0.8087
vn -0.9876 -0.0896 0.1289
vn -0.0003 -0.8752 -0.4838
vn -0.0003 -0.8776 -0.4794
vn 0.0000 -0.8870 -0.4618
vn 0.9851 0.1259 -0.1174
vn 0.0004 0.6193 0.7851
vn 0.0006 0.6302 0.7764
vn 0.0086 0.6712 0.7412
vn 0.0041 -0.5601 0.8284
vn -0.0110 -0.5310 0.8473
vn 0.0038 -0.5572 0.8304
vn 0.0056 0.6224 -0.7827
vn -0.0078 0.6944 -0.7195
vn 0.0052 0.6315 -0.7754
vn -0.9829 0.1126 -0.1459
vn -0.0160 -0.7590 -0.6508
vn -0.0204 -0.7717 -0.6357
vn 0.0056 -0.7387 -0.6741
vn 0.9996 -0.0261 0.0133
vn -0.0157 -0.7814 -0.6238
vn -0.0380 -0.7827 -0.6212
vn 0.0072 -0.6308 0.7759
vn -0.0045 -0.6176 0.7864
vn 0.0063 -0.6306 0.7761
vn 0.0306 -0.6496 0.7596
vn 0.0175 -0.6437 0.7651
vn -0.9967 0.0588 -0.0563
vn 0.9938 -0.0617 0.0927
vn -0.0018 -0.8556 -0.5177
vn -0.0017 -0.8598 -0.5107
vn -0.0054 -0.8319 -0.5549
vn 0.0017 0.9545 0.2982
vn 0.0017 0.9545 0.2983
vn 0.0045 0.9616 0.2745
vn 0.0014 -0.7426 0.6698
vn 0.0130 -0.7588 0.6512
vn 0.0016 -0.7429 0.6694
vn 0.0014 0.6707 -0.7417
vn 0.0125 0.6739 -0.7387
vn 0.0014 0.6705 -0.7419
vn -0.9965 0.0825 0.0095
vn 0.9998 0.0169 -0.0123
vn -0.0051 0.6978 0.7163
vn -0.0058 0.6952 0.7188
vn -0.0520 0.6468 0.7609
vn 0.0171 0.7133 0.7007
vn -0.0028 0.5373 -0.8434
vn -0.0436 0.5378 -0.8420
vn -0.0023 0.5379 -0.8430
vn -0.0439 0.6674 0.7434
vn -0.0357 -0.6522 -0.7572
vn -0.0069 0.7557 -0.6549
vn 0.0065 -0.7365 0.6764
vn 0.0154 0.5547 0.8319
vn -0.0125 0.6022 0.7982
vn -0.0091 0.6030 0.7977
vn 0.0376 0.5417 -0.8398
vn 0.0354 0.5703 -0.8207
vn 0.0413 0.5772 -0.8156
vn 0.0002 0.6919 0.7220
vn 0.0622 0.7360 0.6741
vn 0.0015 0.6942 0.7197
vn 0.0047 -0.3325 0.9431
vn 0.0225 -0.2732 0.9617
vn 0.0458 -0.1930 0.9801
vn -0.0079 -0.6925 -0.7214
vn -0.0787 -0.7104 -0.6994
vn -0.0174 -0.6951 -0.7187
vn -0.0191 0.7189 0.6949
vn 0.0098 0.3518 -0.9360
vn -0.0076 -0.8228 0.5683
vn -0.0077 -0.6556 -0.7551
vn 0.0171 0.7251 0.6884
vn 0.0040 0.7666 -0.6421
vn 0.0421 -0.6803 0.7317
vn 0.0485 -0.6485 -0.7597
vn 0.0486 -0.7884 0.6132
vn 0.0204 0.5845 0.8112
vn 0.0103 0.9198 -0.3922
vn 0.0333 -0.6215 -0.7827
vn -0.0061 -0.7084 -0.7058
vn -0.0218 0.5706 -0.8209
vn -0.0299 0.9239 0.3815
vn -0.0271 -0.5718 0.8200
vn 0.0140 0.7444 -0.6676
vn 0.0093 0.6250 0.7806
vn -0.0021 -0.7382 -0.6746
vn 0.0169 -0.7002 0.7137
vn -0.0134 0.5684 -0.8226
vn 0.0138 0.5771 -0.8165
vn 0.0117 -0.9013 -0.4330
vn 0.0127 -0.6389 0.7692
vn 0.0071 -0.6686 0.7435
vn -0.0024 -0.6750 0.7378
vn -0.0095 0.6673 -0.7447
vn -0.0101 -0.7257 0.6879
vn -0.0012 0.9466 0.3223
vn 0.0012 -0.8744 -0.4852
vn 0.0053 0.5563 -0.8310
vn -0.0138 -0.8317 0.5551
vn 0.0122 0.9556 0.2943
vn 0.0192 -0.4966 -0.8678
vn 0.0063 0.8306 0.5568
vn 0.0096 0.8307 0.5566
vn 0.0299 0.7940 0.6072
vn 0.0280 0.7966 0.6038
vn 0.0189 0.5518 -0.8338
vn 0.0184 -0.5844 0.8112
vn -0.0085 0.5688 0.8224
vn -0.0005 -0.8696 -0.4938
vn -0.9995 0.0285 -0.0119
vn 0.9978 -0.0534 0.0382
vn -0.0114 -0.3984 -0.9171
vn -0.0064 -0.3975 -0.9176
vn 0.0237 -0.3668 -0.9300
vn 0.0083 -0.0623 0.9980
vn 0.0077 -0.0534 0.9985
vn 0.0266 -0.2681 0.9630
vn 0.0111 -0.9492 0.3146
vn 0.0655 -0.9814 0.1806
vn 0.0121 -0.9493 0.3141
vn 0.0314 0.9995 0.0104
vn 0.0078 0.9997 0.0217
vn 0.0288 0.9995 0.0143
vn -0.0543 0.9808 -0.1874
vn -0.0118 0.9942 -0.1065
vn -0.0124 0.9945 -0.1040
vn -0.0322 -0.8709 0.4904
vn -0.0291 -0.8684 0.4950
vn -0.0199 0.2468 0.9689
vn -0.0178 0.2011 0.9794
vn -0.0182 0.2017 0.9793
vn -0.0351 -0.4917 -0.8701
vn -0.0354 -0.4911 -0.8704
vn 0.0354 -0.8765 0.4800
vn -0.0022 -0.9039 0.4278
vn -0.0004 -0.8997 0.4365
vn -0.0011 0.6463 -0.7630
vn 0.0014 0.6414 -0.7672
vn -0.0628 0.6902 -0.7209
vn -0.0166 -0.6621 -0.7493
vn -0.0159 -0.6622 -0.7492
vn -0.0779 -0.6567 -0.7501
vn -0.0123 0.8626 0.5057
vn 0.0069 0.6513 -0.7588
vn -0.0049 0.6626 -0.7490
vn 0.0358 -0.3898 0.9202
vn 0.0022 -0.4100 0.9121
vn 0.0018 -0.4115 0.9114
vn -0.0100 -0.4268 0.9043
vn -0.0170 -0.7152 0.6988
vn -0.0088 -0.7321 0.6812
vn 0.0140 0.5427 -0.8398
vn 0.0617 -0.7894 -0.6107
vn -0.0295 -0.5522 -0.8332
vn 0.0086 -0.8347 0.5506
vn -0.0167 0.6736 -0.7389
vn -0.0211 0.6614 -0.7498
vn 0.1447 0.6304 0.7627
vn 0.0558 0.6372 0.7687
vn 0.0522 0.6373 0.7688
vn 0.0533 -0.6738 -0.7370
vn 0.0115 0.7946 -0.6070
vn -0.0181 -0.4066 0.9134
vn 0.0178 0.7799 0.6257
vn -0.0035 0.7886 0.6148
vn -0.0185 0.6397 0.7684
vn 0.0026 0.6404 0.7680
vn -0.0164 0.6398 0.7684
vn -0.0707 0.6215 -0.7802
vn -0.0608 -0.5594 -0.8266
vn -0.0593 -0.5593 -0.8269
vn 0.0737 -0.8153 0.5743
vn 0.0886 -0.8404 0.5347
vn 0.0883 -0.8399 0.5355
vn -0.1434 -0.5678 -0.8106
vn 0.0335 0.7646 -0.6436
vn 0.0111 -0.8970 0.4419
vn -0.0722 -0.9181 0.3897
vn 0.0205 -0.8940 0.4476
vn -0.0478 0.9981 -0.0387
vn 0.9833 -0.0046 0.1820
vn -0.0335 -0.9834 0.1784
vn -0.9969 -0.0006 0.0792
vn 0.0752 0.0078 -0.9971
vn -0.1200 -0.0011 0.9928
vn -0.0660 0.9436 0.3245
vn 1.0000 0.0007 0.0051
vn -0.0057 -0.9995 0.0317
vn -0.9980 -0.0013 -0.0635
vn 0.0225 0.0049 -0.9997
vn 0.0055 -0.0021 1.0000
vn 0.0539 0.9984 0.0188
vn -0.9961 -0.0040 0.0886
vn -0.0035 -0.9943 -0.1066
vn 0.9983 -0.0027 0.0590
vn -0.0058 0.0057 1.0000
vn -0.0640 -0.0066 -0.9979
vn 0.0202 0.9922 -0.1227
vn -0.9845 -0.0021 0.1754
vn 0.1928 -0.9762 -0.0990
vn 0.9994 0.0016 0.0357
vn 0.0083 0.0156 0.9998
vn -0.1352 0.0021 -0.9908
vn -0.0020 1.0000 0.0039
vn -0.9998 0.0015 -0.0198
vn 0.0375 -0.9906 -0.1316
vn 0.9957 0.0097 0.0924
vn 0.0260 0.0031 0.9997
vn -0.0529 0.0091 -0.9986
vn 0.0491 0.9986 0.0201
vn -0.9999 0.0022 -0.0119
vn 0.0165 -0.9999 0.0050
vn 1.0000 -0.0006 0.0080
vn -0.0175 0.0005 0.9998
vn -0.0299 0.0018 -0.9996
vn 0.0383 0.9960 -0.0807
vn -0.0194 -0.9751 -0.2211
vn -0.9987 0.0004 0.0512
vn 0.9997 0.0095 -0.0220
vn -0.0217 0.0118 0.9997
vn -0.0171 -0.0062 -0.9998
vn 0.2798 -0.2178 0.9350
vn -0.9995 -0.0313 -0.0001
vn 0.4734 -0.0239 -0.8805
vn 0.9861 -0.1659 -0.0006
vn -0.0622 -0.9981 -0.0017
vn 0.0862 0.9963 -0.0020
vn 0.1032 0.2036 0.9736
vn -0.9894 0.1455 0.0024
vn -0.1826 0.3681 -0.9117
vn 0.9999 -0.0102 -0.0004
vn -0.0385 -0.9993 0.0008
vn 0.0328 0.9995 0.0006
vn 0.0560 -0.2516 0.9662
vn -0.9919 -0.1266 -0.0004
vn 0.1646 0.3250 -0.9313
vn 0.9972 -0.0751 -0.0003
vn 0.0341 -0.9994 -0.0021
vn -0.0146 0.9999 -0.0031
vn 0.0174 0.1072 0.9941
vn 0.0840 -0.2211 -0.9716
vn -0.9954 0.0960 0.0015
vn 0.9975 0.0708 -0.0008
vn -0.1142 -0.9935 -0.0010
vn -0.0079 1.0000 -0.0007
vn 0.1712 -0.0274 0.9848
vn -0.9753 -0.2208 0.0014
vn 0.0880 0.4323 -0.8974
vn 0.9971 -0.0759 0.0024
vn 0.0528 -0.9986 0.0002
vn 0.0203 0.9998 -0.0009
vn 0.1482 -0.2058 0.9673
vn -0.9965 0.0835 0.0004
vn 0.1060 0.0568 -0.9927
vn 0.9990 0.0444 0.0007
vn -0.0123 -0.9999 -0.0007
vn -0.0432 0.9991 -0.0019
vn 0.0872 -0.0369 0.9955
vn -0.9999 0.0124 0.0012
vn 0.0293 -0.0092 -0.9995
vn 1.0000 -0.0083 -0.0004
vn -0.0169 -0.9999 0.0003
vn -0.0289 0.9996 0.0010
vn 0.2733 0.2592 0.9264
vn -0.9913 -0.1319 -0.0017
vn -0.0353 -0.3103 -0.9500
vn 0.9932 0.1165 0.0022
vn 0.0457 -0.9990 0.0020
vn -0.0050 1.0000 0.0007
vn -0.0862 0.6533 0.7521
vn -0.0872 0.6534 0.7520
vn 0.0214 0.6478 0.7615
vn -0.0989 -0.4163 0.9038
vn -0.0005 0.4553 -0.8903
vn 0.0979 0.6646 0.7408
vn 0.0328 0.6633 0.7477
vn 0.0353 0.6634 0.7475
vn -0.0421 -0.8861 0.4616
vn -0.0389 0.8861 -0.4619
vn 0.1783 0.6564 0.7330
vn 0.0594 0.6342 0.7709
vn -0.0253 0.6123 0.7902
vn 0.0829 0.8648 -0.4953
vn -0.2426 0.6079 0.7561
vn -0.0298 0.6594 0.7512
vn -0.9698 0.1847 0.1595
vn -0.9641 0.1954 0.1799
vn 0.4825 -0.5851 -0.6517
vn 0.5168 -0.5795 -0.6302
vn 0.5178 -0.5793 -0.6295
vn -0.1447 0.5729 0.8067
vn -0.9958 -0.0586 -0.0708
vn -0.9980 -0.0395 -0.0499
vn -0.9934 -0.0738 -0.0874
vn -0.1336 -0.5694 -0.8111
vn -0.1653 -0.6012 -0.7818
vn -0.1826 -0.6180 -0.7647
vn -0.2137 -0.6473 -0.7316
vn -0.9899 -0.0924 -0.1077
vn 0.9910 -0.0863 -0.1022
vn 0.9896 -0.0977 -0.1055
vn 0.9926 -0.0716 -0.0980
vn 0.9936 -0.0607 -0.0949
vn 0.5512 -0.5727 -0.6068
vn -0.9749 0.1739 0.1389
vn 0.9706 -0.1834 -0.1562
vn 0.7896 -0.4331 -0.4348
vn 0.9733 -0.1756 -0.1476
vn 0.9821 0.1048 0.1567
vn 0.1077 -0.6531 -0.7496
vn 0.1084 -0.6538 -0.7489
vn 0.1220 -0.6623 -0.7393
vn -0.0818 -0.5949 0.7997
vn 0.9986 0.0337 0.0403
vn 0.9972 0.0480 0.0568
vn 0.9990 0.0288 0.0346
vn -0.9986 0.0335 0.0407
vn -0.9935 0.0703 0.0893
vn -1.0000 -0.0062 -0.0058
vn -0.0177 -0.6682 0.7438
vn -0.0325 0.6460 -0.7626
vn 0.9952 -0.0875 -0.0431
vn 0.9968 -0.0542 -0.0587
vn 0.9926 -0.0942 -0.0760
vn -0.9650 0.1914 0.1791
vn -0.9601 0.2209 0.1717
vn -0.9653 0.1906 0.1784
vn 0.1918 -0.6376 -0.7461
vn 0.1902 -0.6379 -0.7463
vn 0.2292 -0.6320 -0.7403
vn -0.0268 0.6491 0.7603
vn -0.0272 0.6475 0.7616
vn -0.0335 0.6455 0.7631
vn -0.1953 0.6512 0.7334
vn -0.9940 -0.0688 -0.0854
vn 0.9999 0.0083 0.0110
vn 0.0941 -0.6444 -0.7589
vn -0.0206 0.6511 0.7587
vn 0.1521 -0.6426 -0.7509
vn -0.9696 0.1601 0.1849
vn 0.9917 -0.1185 -0.0492
vn -0.9653 0.1905 0.1784
vn -0.2626 -0.5885 0.7646
vn -0.2630 -0.5922 0.7617
vn -0.2686 -0.6024 0.7517
vn 0.2180 -0.8498 -0.4798
vn -0.9733 -0.0861 0.2127
vn -0.9697 -0.1204 0.2125
vn -0.9887 -0.0477 0.1423
vn 0.9982 -0.0288 -0.0532
vn 0.9967 -0.0412 -0.0700
vn 0.9947 -0.1007 0.0210
vn 0.2300 0.6039 -0.7631
vn 0.2230 0.5985 -0.7695
vn 0.2104 0.5943 -0.7762
vn 0.2878 0.7286 0.6215
vn 0.2426 0.6079 -0.7561
vn 0.9923 -0.1071 0.0625
vn -0.9882 -0.0218 0.1519
vn -0.2568 -0.5781 0.7745
vn 0.2508 -0.9649 -0.0783
vn -0.3308 -0.0051 -0.9437
vn -1.0000 0.0016 -0.0010
vn -0.3611 -0.0051 0.9325
vn 1.0000 0.0005 -0.0047
vn -0.0795 -0.7004 -0.7093
vn -0.0216 0.9539 -0.2995
vn 0.2688 -0.7509 0.6033
vn 0.9841 -0.0571 0.1680
vn 0.0648 0.7052 0.7060
vn -0.9779 0.0090 -0.2090
vn -0.0495 0.9806 0.1897
vn -0.2056 -0.8412 -0.5001
vn 0.0489 0.8147 -0.5778
vn 0.0449 0.7409 -0.6701
vn 0.0450 0.7432 -0.6676
vn -0.9804 0.0987 -0.1703
vn -0.9829 0.1064 -0.1506
vn -0.9815 0.1019 -0.1621
vn 0.9693 -0.1557 0.1901
vn 0.9928 -0.0400 0.1131
vn 0.9972 0.0197 0.0727
vn 0.9901 0.1398 -0.0100
vn -0.0710 -0.7332 0.6763
vn -0.1349 -0.8072 0.5746
vn -0.0798 -0.7441 0.6633
vn 0.0405 0.6593 -0.7508
vn -0.9836 0.1092 -0.1433
vn -0.0143 -0.6569 0.7538
vn 0.0810 -0.6552 -0.7511
vn 0.0202 0.9493 -0.3136
vn -0.2300 -0.7600 0.6079
vn -0.9860 0.1225 0.1128
vn -0.0608 0.6580 0.7506
vn 0.9857 -0.1254 -0.1127
vn 0.0571 -0.6881 -0.7234
vn 0.0251 0.9106 -0.4126
vn -0.1825 -0.7705 0.6108
vn -0.9940 0.0423 0.1007
vn -0.0453 0.6914 0.7211
vn 0.9926 -0.0539 -0.1084
vn 0.0319 -0.7586 -0.6507
vn -0.0626 -0.7565 -0.6510
vn -0.0627 -0.7564 -0.6511
vn 0.0322 -0.7586 -0.6507
vn 0.9996 0.0071 -0.0257
vn -0.9900 0.0902 0.1080
vn -0.0285 -0.7148 -0.6987
vn 0.0772 -0.7288 -0.6803
vn -0.0293 -0.7146 -0.6989
vn 0.9844 -0.1093 -0.1380
vn -0.9679 0.1978 0.1553
vn -0.0152 0.8831 -0.4689
vn -0.0152 0.8818 -0.4713
vn -0.0090 0.9034 -0.4287
vn 0.0067 -0.8827 0.4699
vn 0.0066 -0.8867 0.4622
vn 0.0055 -0.9147 0.4040
vn 0.0116 -0.9136 0.4064
vn 0.0145 0.6843 0.7290
vn -0.0171 0.6731 0.7393
vn 0.0141 0.6842 0.7292
vn 0.0045 -0.7754 0.6315
vn -0.0007 -0.7776 0.6287
vn 0.0048 -0.7753 0.6316
vn -0.9855 -0.0040 0.1695
vn 0.0060 -0.9176 -0.3975
vn 0.0133 -0.9062 -0.4227
vn 0.0124 -0.9511 -0.3088
vn -0.0126 0.7110 0.7030
vn -0.0070 0.6889 0.7249
vn -0.0017 0.7772 0.6292
vn 0.0009 0.7608 -0.6490
vn 0.0010 0.7581 -0.6522
vn 0.0016 0.7617 -0.6480
vn 0.9931 0.0907 0.0750
vn -0.9558 -0.1825 0.2304
vn 0.9888 0.1175 -0.0923
vn 0.0030 -0.8969 -0.4423
vn 0.0025 -0.9022 -0.4312
vn -0.0111 -0.9291 -0.3697
vn 0.0021 0.8825 0.4703
vn 0.0021 0.8746 0.4849
vn -0.0025 0.9062 0.4229
vn -0.0003 -0.7026 0.7116
vn -0.0045 -0.7303 0.6831
vn -0.0004 -0.7029 0.7113
vn 0.0029 0.6705 -0.7419
vn 0.0020 0.6591 -0.7520
vn 0.0029 0.6714 -0.7411
vn 0.0852 0.7317 -0.6763
vn -0.0017 0.8378 -0.5460
vn -0.0140 0.8515 -0.5242
vn 0.0142 -0.6588 -0.7522
vn -0.0168 -0.6833 -0.7299
vn -0.0164 -0.6837 -0.7296
vn -0.0840 0.6896 0.7193
vn 0.0259 0.6952 0.7184
vn 0.0257 0.6950 0.7186
vn -0.0011 -0.8630 0.5053
vn 0.0130 -0.6482 -0.7613
vn 0.0698 -0.7041 -0.7066
vn 0.0701 -0.7045 -0.7063
vn 0.0097 0.6625 -0.7490
vn 0.0101 0.6628 -0.7487
vn 0.0031 0.6581 -0.7529
vn 0.0015 0.7643 -0.6449
vn -0.0172 0.5885 0.8083
vn 0.0059 -0.8690 -0.4947
vn 0.0101 -0.7730 0.6344
vn 0.0037 0.6825 -0.7308
vn 0.0038 -0.6737 0.7390
vn 0.0066 0.8483 0.5294
vn 0.0152 -0.8701 -0.4926
vn 0.0584 0.6518 0.7562
vn -0.0407 0.6636 0.7470
vn -0.0312 0.6626 0.7483
vn 0.0575 0.6511 0.7568
vn 0.0082 -0.9117 0.4108
vn 0.0148 -0.9148 0.4036
vn -0.0067 -0.9044 0.4267
vn 0.0003 -0.9103 0.4139
vn -0.0103 0.7039 -0.7102
vn 0.0024 0.6867 -0.7269
vn 0.0041 0.6845 -0.7290
vn -0.0102 0.7037 -0.7105
vn -0.0128 -0.8994 0.4370
vn 0.0043 -0.9088 0.4173
vn 0.0125 -0.9130 0.4077
vn -0.0483 -0.9299 0.3647
vn -0.0650 0.6428 0.7633
vn -0.0716 0.6457 0.7602
vn -0.0078 0.6162 0.7875
vn 0.9990 -0.0098 0.0446
vn -0.0022 -0.9923 0.1241
vn -0.9327 0.0450 -0.3580
vn -0.0040 0.9933 0.1151
vn 0.0003 -0.1235 -0.9923
vn -0.0022 -0.0472 0.9989
vn -0.0033 -0.9999 0.0122
vn -0.9949 0.0065 0.1006
vn 0.0161 0.9945 -0.1038
vn 0.9956 0.0119 0.0932
vn -0.1522 -0.0010 -0.9884
vn -0.0583 0.0082 0.9983
vn -0.9989 -0.0119 -0.0446
vn 0.0018 -0.9948 -0.1020
vn 0.9322 0.0548 0.3578
vn 0.0033 0.9955 -0.0945
vn -0.0003 -0.1501 0.9887
vn 0.0022 -0.0575 -0.9983
vn 0.0389 -0.9861 -0.1615
vn 0.0554 0.9879 -0.1446
vn -0.9981 -0.0033 -0.0612
vn 0.9701 0.0016 0.2429
vn 0.0104 -0.0006 -0.9999
vn 0.0423 0.0020 0.9991
usemtl planks
s off
f 1496/1/1 1493/2/1 1495/3/1 1494/4/1
s 1
f 1/5/2 2/6/2 4/7/2 3/8/2
f 3/9/3 4/7/3 8/10/3 7/11/3
f 7/12/4 8/10/4 6/13/4 5/14/4
f 5/15/5 6/13/5 2/6/5 1/16/5
f 3/17/6 7/18/6 5/19/6 1/20/6
f 8/10/7 4/7/7 2/6/7 6/13/7
f 9/21/8 10/22/8 12/23/8 11/24/8
f 11/25/9 12/23/9 16/26/9 15/27/9
f 15/28/10 16/26/10 14/29/10 13/30/10
f 13/31/11 14/29/11 10/22/11 9/32/11
f 11/33/12 15/34/12 13/35/12 9/36/12
f 16/26/13 12/23/13 10/22/13 14/29/13
f 17/37/14 18/38/14 20/39/14 19/40/14
f 23/41/15 24/42/15 22/43/15 21/44/15
f 19/45/16 20/39/16 24/42/16 23/46/16
f 21/47/17 22/43/17 18/38/17 17/48/17
f 19/49/18 23/50/18 21/51/18 17/52/18
f 24/42/19 20/39/19 18/38/19 22/43/19
f 25/53/20 26/54/20 28/55/20 27/56/20
f 27/57/21 28/55/21 32/58/21 31/59/21
f 31/60/22 32/58/22 30/61/22 29/62/22
f 29/63/23 30/61/23 26/54/23 25/64/23
f 27/65/24 31/66/24 29/67/24 25/68/24
f 32/58/25 28/55/25 26/54/25 30/61/25
f 33/69/26 34/70/26 36/71/26 35/72/26
f 35/73/27 36/71/27 40/74/27 39/75/27
f 39/76/28 40/74/28 38/77/28 37/78/28
f 37/79/29 38/77/29 34/70/29 33/80/29
f 35/81/30 39/82/30 37/83/30 33/84/30
f 40/74/31 36/71/31 34/70/31 38/77/31
f 41/85/32 42/86/32 44/87/32 43/88/32
f 43/89/33 44/87/33 48/90/33 47/91/33
f 47/92/34 48/90/34 46/93/34 45/94/34
f 45/95/35 46/93/35 42/86/35 41/96/35
f 43/97/36 47/98/36 45/99/36 41/100/36
f 48/90/37 44/87/37 42/86/37 46/93/37
f 49/101/38 50/102/38 52/103/38 51/104/38
f 55/105/39 56/106/39 54/107/39 53/108/39
f 51/109/40 52/103/40 56/106/40 55/110/40
f 53/111/41 54/107/41 50/102/41 49/112/41
f 51/113/42 55/114/42 53/115/42 49/116/42
f 56/106/43 52/103/43 50/102/43 54/107/43
f 57/117/44 58/118/44 60/119/44 59/120/44
f 59/121/45 60/119/45 64/122/45 63/123/45
f 63/124/46 64/122/46 62/125/46 61/126/46
f 61/127/47 62/125/47 58/118/47 57/128/47
f 59/129/48 63/130/48 61/131/48 57/132/48
f 64/122/49 60/119/49 58/118/49 62/125/49
f 65/133/50 66/134/50 68/135/50 67/136/50
f 67/137/51 68/135/51 72/138/51 71/139/51
f 71/140/52 72/138/52 70/141/52 69/142/52
f 69/143/53 70/141/53 66/134/53 65/144/53
f 67/145/54 71/146/54 69/147/54 65/148/54
f 72/138/55 68/135/55 66/134/55 70/141/55
f 73/149/56 74/150/56 76/151/56 75/152/56
f 79/153/57 80/154/57 78/155/57 77/156/57
f 75/157/58 76/151/58 80/154/58 79/158/58
f 77/159/59 78/155/59 74/150/59 73/160/59
f 75/161/60 79/162/60 77/163/60 73/164/60
f 80/154/61 76/151/61 74/150/61 78/155/61
f 81/165/62 82/166/62 84/167/62 83/168/62
f 83/169/63 84/167/63 88/170/63 87/171/63
f 87/172/64 88/170/64 86/173/64 85/174/64
f 85/175/65 86/173/65 82/166/65 81/176/65
f 83/177/66 87/178/66 85/179/66 81/180/66
f 88/170/67 84/167/67 82/166/67 86/173/67
f 89/181/68 90/182/68 92/183/68 91/184/68
f 91/185/69 92/183/69 96/186/69 95/187/69
f 95/188/70 96/186/70 94/189/70 93/190/70
f 93/191/71 94/189/71 90/182/71 89/192/71
f 91/193/72 95/194/72 93/195/72 89/196/72
f 96/186/73 92/183/73 90/182/73 94/189/73
f 97/197/74 98/198/74 100/199/74 99/200/74
f 103/201/75 104/202/75 102/203/75 101/204/75
f 99/205/76 100/199/76 104/202/76 103/206/76
f 101/207/77 102/203/77 98/198/77 97/208/77
f 99/209/78 103/210/78 101/211/78 97/212/78
f 104/202/79 100/199/79 98/198/79 102/203/79
f 105/213/80 106/214/80 108/215/80 107/216/80
f 107/217/81 108/215/81 112/218/81 111/219/81
f 111/220/82 112/218/82 110/221/82 109/222/82
f 109/223/83 110/221/83 106/214/83 105/224/83
f 107/225/84 111/226/84 109/227/84 105/228/84
f 112/218/85 108/215/85 106/214/85 110/221/85
f 113/229/86 114/230/86 116/231/86 115/232/86
f 115/233/87 116/231/87 120/234/87 119/235/87
f 119/236/88 120/234/88 118/237/88 117/238/88
f 117/239/89 118/237/89 114/230/89 113/240/89
f 115/241/90 119/242/90 117/243/90 113/244/90
f 120/234/91 116/231/91 114/230/91 118/237/91
f 121/245/92 122/246/92 124/247/92 123/248/92
f 123/249/93 124/247/93 128/250/93 127/251/93
f 127/252/94 128/250/94 126/253/94 125/254/94
f 125/255/95 126/253/95 122/246/95 121/256/95
f 123/257/96 127/258/96 125/259/96 121/260/96
f 128/250/97 124/247/97 122/246/97 126/253/97
f 129/261/98 130/262/98 132/263/98 131/264/98
f 135/265/99 136/266/99 134/267/99 133/268/99
f 131/269/100 132/263/100 136/266/100 135/270/100
f 133/271/101 134/267/101 130/262/101 129/272/101
f 131/273/102 135/274/102 133/275/102 129/276/102
f 136/266/103 132/263/103 130/262/103 134/267/103
f 137/277/104 138/278/104 140/279/104 139/280/104
f 139/281/105 140/279/105 144/282/105 143/283/105
f 143/284/106 144/282/106 142/285/106 141/286/106
f 141/287/107 142/285/107 138/278/107 137/288/107
f 139/289/108 143/290/108 141/291/108 137/292/108
f 144/282/109 140/279/109 138/278/109 142/285/109
f 145/293/110 146/294/110 148/295/110 147/296/110
f 147/297/111 148/295/111 152/298/111 151/299/111
f 151/300/112 152/298/112 150/301/112 149/302/112
f 149/303/113 150/301/113 146/294/113 145/304/113
f 147/305/114 151/306/114 149/307/114 145/308/114
f 152/298/115 148/295/115 146/294/115 150/301/115
f 153/309/116 154/310/116 156/311/116 155/312/116
f 155/313/117 156/311/117 160/314/117 159/315/117
f 159/316/118 160/314/118 158/317/118 157/318/118
f 157/319/119 158/317/119 154/310/119 153/320/119
f 155/321/120 159/322/120 157/323/120 153/324/120
f 160/314/121 156/311/121 154/310/121 158/317/121
f 161/325/122 162/326/122 164/327/122 163/328/122
f 167/329/123 168/330/123 166/331/123 165/332/123
f 163/333/124 164/327/124 168/330/124 167/334/124
f 165/335/125 166/331/125 162/326/125 161/336/125
f 163/337/126 167/338/126 165/339/126 161/340/126
f 168/330/127 164/327/127 162/326/127 166/331/127
f 169/341/128 170/342/128 172/343/128 171/344/128
f 171/345/129 172/343/129 176/346/129 175/347/129
f 175/348/130 176/346/130 174/349/130 173/350/130
f 173/351/131 174/349/131 170/342/131 169/352/131
f 171/353/132 175/354/132 173/355/132 169/356/132
f 176/346/133 172/343/133 170/342/133 174/349/133
f 177/357/134 178/358/134 180/359/134 179/360/134
f 179/361/135 180/359/135 184/362/135 183/363/135
f 183/364/136 184/362/136 182/365/136 181/366/136
f 181/367/137 182/365/137 178/358/137 177/368/137
f 179/369/138 183/370/138 181/371/138 177/372/138
f 184/362/139 180/359/139 178/358/139 182/365/139
f 185/373/140 186/374/140 188/375/140 187/376/140
f 187/377/141 188/375/141 192/378/141 191/379/141
f 191/380/142 192/378/142 190/381/142 189/382/142
f 189/383/143 190/381/143 186/374/143 185/384/143
f 187/385/144 191/386/144 189/387/144 185/388/144
f 192/378/145 188/375/145 186/374/145 190/381/145
f 193/389/146 194/390/146 196/391/146 195/392/146
f 195/393/147 196/391/147 200/394/147 199/395/147
f 199/396/148 200/394/148 198/397/148 197/398/148
f 197/399/149 198/397/149 194/390/149 193/400/149
f 195/401/150 199/402/150 197/403/150 193/404/150
f 200/394/151 196/391/151 194/390/151 198/397/151
f 201/405/152 202/406/152 204/407/152 203/408/152
f 207/409/153 208/410/153 206/411/153 205/412/153
f 203/413/154 204/407/154 208/410/154 207/414/154
f 205/415/155 206/411/155 202/406/155 201/416/155
f 203/417/156 207/418/156 205/419/156 201/420/156
f 208/410/157 204/407/157 202/406/157 206/411/157
f 209/421/158 210/422/158 212/423/158 211/424/158
f 211/425/159 212/423/159 216/426/159 215/427/159
f 215/428/160 216/426/160 214/429/160 213/430/160
f 213/431/161 214/429/161 210/422/161 209/432/161
f 211/433/162 215/434/162 213/435/162 209/436/162
f 216/426/163 212/423/163 210/422/163 214/429/163
f 217/437/164 218/438/164 220/439/164 219/440/164
f 219/441/165 220/439/165 224/442/165 223/443/165
f 223/444/166 224/442/166 222/445/166 221/446/166
f 221/447/167 222/445/167 218/438/167 217/448/167
f 219/449/168 223/450/168 221/451/168 217/452/168
f 224/442/169 220/439/169 218/438/169 222/445/169
f 225/453/170 226/454/170 228/455/170 227/456/170
f 227/457/171 228/455/171 232/458/171 231/459/171
f 231/460/172 232/458/172 230/461/172 229/462/172
f 229/463/173 230/461/173 226/454/173 225/464/173
f 227/465/174 231/466/174 229/467/174 225/468/174
f 232/458/175 228/455/175 226/454/175 230/461/175
f 233/469/176 234/470/176 236/471/176 235/472/176
f 239/473/177 240/474/177 238/475/177 237/476/177
f 235/477/178 236/471/178 240/474/178 239/478/178
f 237/479/179 238/475/179 234/470/179 233/480/179
f 235/481/180 239/482/180 237/483/180 233/484/180
f 240/474/181 236/471/181 234/470/181 238/475/181
f 241/485/182 242/486/182 244/487/182 243/488/182
f 243/489/183 244/487/183 248/490/183 247/491/183
f 247/492/184 248/490/184 246/493/184 245/494/184
f 245/495/185 246/493/185 242/486/185 241/496/185
f 243/497/186 247/498/186 245/499/186 241/500/186
f 248/490/187 244/487/187 242/486/187 246/493/187
f 249/501/188 250/502/188 252/503/188 251/504/188
f 251/505/189 252/503/189 256/506/189 255/507/189
f 255/508/190 256/506/190 254/509/190 253/510/190
f 253/511/191 254/509/191 250/502/191 249/512/191
f 251/513/192 255/514/192 253/515/192 249/516/192
f 256/506/193 252/503/193 250/502/193 254/509/193
f 257/517/194 258/518/194 260/519/194 259/520/194
f 263/521/195 264/522/195 262/523/195 261/524/195
f 259/525/196 260/519/196 264/522/196 263/526/196
f 261/527/197 262/523/197 258/518/197 257/528/197
f 259/529/198 263/530/198 261/531/198 257/532/198
f 264/522/199 260/519/199 258/518/199 262/523/199
f 265/533/200 266/534/200 268/535/200 267/536/200
f 267/537/201 268/535/201 272/538/201 271/539/201
f 271/540/202 272/538/202 270/541/202 269/542/202
f 269/543/203 270/541/203 266/534/203 265/544/203
f 267/545/204 271/546/204 269/547/204 265/548/204
f 272/538/205 268/535/205 266/534/205 270/541/205
f 273/549/206 274/550/206 276/551/206 275/552/206
f 279/553/207 280/554/207 278/555/207 277/556/207
f 275/557/208 276/551/208 280/554/208 279/558/208
f 277/559/209 278/555/209 274/550/209 273/560/209
f 275/561/210 279/562/210 277/563/210 273/564/210
f 280/554/211 276/551/211 274/550/211 278/555/211
f 281/565/212 282/566/212 284/567/212 283/568/212
f 283/569/213 284/567/213 288/570/213 287/571/213
f 287/572/214 288/570/214 286/573/214 285/574/214
f 285/575/215 286/573/215 282/566/215 281/576/215
f 283/577/216 287/578/216 285/579/216 281/580/216
f 288/570/217 284/567/217 282/566/217 286/573/217
f 289/581/218 290/582/218 292/583/218 291/584/218
f 291/585/219 292/583/219 296/586/219 295/587/219
f 295/588/220 296/586/220 294/589/220 293/590/220
f 293/591/221 294/589/221 290/582/221 289/592/221
f 291/593/222 295/594/222 293/595/222 289/596/222
f 296/586/223 292/583/223 290/582/223 294/589/223
f 297/597/212 298/598/212 300/599/212 299/600/212
f 299/601/213 300/599/213 304/602/213 303/603/213
f 303/604/214 304/602/214 302/605/214 301/606/214
f 301/607/215 302/605/215 298/598/215 297/608/215
f 299/609/216 303/610/216 301/611/216 297/612/216
f 304/602/217 300/599/217 298/598/217 302/605/217
f 305/613/218 306/614/218 308/615/218 307/616/218
f 307/617/219 308/615/219 312/618/219 311/619/219
f 311/620/220 312/618/220 310/621/220 309/622/220
f 309/623/221 310/621/221 306/614/221 305/624/221
f 307/625/222 311/626/222 309/627/222 305/628/222
f 312/618/223 308/615/223 306/614/223 310/621/223
f 313/629/224 314/630/224 316/631/224 315/632/224
f 315/633/225 316/631/225 320/634/225 319/635/225
f 319/636/226 320/634/226 318/637/226 317/638/226
f 317/639/227 318/637/227 314/630/227 313/640/227
f 315/641/228 319/642/228 317/643/228 313/644/228
f 320/645/229 316/646/229 314/647/229 318/648/229
f 321/649/230 322/650/230 324/651/230 323/652/230
f 323/653/231 324/651/231 328/654/231 327/655/231
f 327/656/232 328/654/232 326/657/232 325/658/232
f 325/659/233 326/657/233 322/650/233 321/660/233
f 323/661/234 327/662/234 325/663/234 321/664/234
f 328/654/235 324/651/235 322/650/235 326/657/235
f 329/665/236 330/666/236 332/667/236 331/668/236
f 331/669/237 332/667/237 336/670/237 335/671/237
f 335/672/238 336/670/238 334/673/238 333/674/238
f 333/675/239 334/673/239 330/666/239 329/676/239
f 331/677/240 335/678/240 333/679/240 329/680/240
f 336/670/241 332/667/241 330/666/241 334/673/241
f 337/681/242 338/682/242 340/683/242 339/684/242
f 339/685/243 340/683/243 344/686/243 343/687/243
f 343/688/220 344/686/220 342/689/220 341/690/220
f 341/691/244 342/689/244 338/682/244 337/692/244
f 339/693/222 343/694/222 341/695/222 337/696/222
f 344/686/245 340/683/245 338/682/245 342/689/245
f 345/697/242 346/698/242 348/699/242 347/700/242
f 347/701/243 348/699/243 352/702/243 351/703/243
f 351/704/220 352/702/220 350/705/220 349/706/220
f 349/707/244 350/705/244 346/698/244 345/708/244
f 347/709/222 351/710/222 349/711/222 345/712/222
f 352/702/245 348/699/245 346/698/245 350/705/245
f 353/713/246 354/714/246 356/715/246 355/716/246
f 359/717/247 360/718/247 358/719/247 357/720/247
f 355/721/248 356/715/248 360/718/248 359/722/248
f 357/723/249 358/719/249 354/714/249 353/724/249
f 355/725/250 359/726/250 357/727/250 353/728/250
f 360/718/251 356/715/251 354/714/251 358/719/251
f 361/729/252 362/730/252 364/731/252 363/732/252
f 363/733/253 364/731/253 368/734/253 367/735/253
f 367/736/254 368/734/254 366/737/254 365/738/254
f 365/739/255 366/737/255 362/730/255 361/740/255
f 363/741/256 367/742/256 365/743/256 361/744/256
f 368/734/257 364/731/257 362/730/257 366/737/257
f 369/745/258 370/746/258 372/747/258 371/748/258
f 371/749/259 372/747/259 376/750/259 375/751/259
f 375/752/260 376/750/260 374/753/260 373/754/260
f 373/755/261 374/753/261 370/746/261 369/756/261
f 371/757/262 375/758/262 373/759/262 369/760/262
f 376/750/263 372/747/263 370/746/263 374/753/263
f 377/761/264 378/762/264 380/763/264 379/764/264
f 379/765/265 380/763/265 384/766/265 383/767/265
f 383/768/266 384/766/266 382/769/266 381/770/266
f 381/771/267 382/769/267 378/762/267 377/772/267
f 379/773/268 383/774/268 381/775/268 377/776/268
f 384/766/269 380/763/269 378/762/269 382/769/269
f 406/777/270 385/778/271 386/779/271 405/780/272
f 391/781/273 389/782/273 390/783/273 392/784/273
f 408/785/274 406/786/275 389/787/276 391/788/276
f 407/789/277 405/780/278 386/779/279 388/790/279
f 385/791/280 387/792/280 388/790/280 386/779/280
f 408/793/281 391/794/282 392/784/282 407/789/283
f 402/795/284 393/796/285 394/797/285 401/798/286
f 403/799/287 402/800/288 397/801/289 399/802/289
f 393/803/290 395/804/290 396/805/290 394/797/290
f 404/806/291 401/798/292 394/797/293 396/805/293
f 403/807/294 399/808/295 400/809/295 404/806/296
f 399/810/297 397/811/297 398/812/297 400/809/297
f 395/813/298 403/807/294 404/806/296 396/805/298
f 400/809/299 398/812/299 401/798/292 404/806/291
f 397/814/300 402/795/284 401/798/286 398/812/300
f 395/815/301 393/816/301 402/800/288 403/799/287
f 392/784/302 390/783/302 405/780/278 407/789/277
f 389/817/303 406/777/270 405/780/272 390/783/303
f 387/818/304 408/793/281 407/789/283 388/790/304
f 387/819/305 385/820/305 406/786/275 408/785/274
f 417/821/306 409/822/307 410/823/307 419/824/308
f 409/825/309 411/826/309 412/827/309 410/823/309
f 415/828/310 413/829/310 414/830/310 416/831/310
f 420/832/311 415/833/312 416/831/312 418/834/313
f 416/831/314 414/830/314 419/824/315 418/834/316
f 413/835/317 417/821/306 419/824/308 414/830/317
f 419/824/315 410/823/318 412/827/318 418/834/316
f 411/836/319 409/837/319 417/838/320 420/839/321
f 411/840/322 420/832/311 418/834/313 412/827/322
f 420/839/321 417/838/320 413/841/323 415/842/323
f 426/843/324 421/844/325 433/845/326 435/846/327
f 427/847/328 428/848/329 432/849/330
f 422/850/331 423/851/332 438/852/333 434/853/334
f 424/854/335 425/855/336 437/856/337 436/857/338
f 423/851/332 424/854/335 436/857/338 438/852/333
f 430/858/339 432/849/330 428/848/329
f 426/859/340 425/860/341 424/861/342
f 444/862/343 438/852/333 436/857/338 442/863/344
f 425/855/336 426/864/324 435/865/327 437/856/337
f 442/863/344 443/866/345 431/867/346 430/868/347
f 421/844/325 422/850/331 434/853/334 433/845/326
f 428/848/329 429/869/348 430/858/339
f 430/858/339 431/870/349 432/849/330
f 423/871/350 422/872/351 424/861/342
f 422/872/351 421/873/352 426/859/340
f 424/861/342 422/872/351 426/859/340
f 443/866/345 441/874/353 432/875/354 431/867/346
f 440/876/355 444/862/343 429/877/356 428/878/357
f 444/862/343 442/863/344 430/868/347 429/877/356
f 439/879/358 440/876/355 428/878/357 427/880/359
f 441/881/353 439/879/358 427/880/359 432/882/354
f 443/866/345 437/856/337 435/865/327 441/874/353
f 440/876/355 434/853/334 438/852/333 444/862/343
f 442/863/344 436/857/338 437/856/337 443/866/345
f 441/881/353 435/846/327 433/845/326 439/879/358
f 439/879/358 433/845/326 434/853/334 440/876/355
f 450/883/360 459/884/361 457/885/362 445/886/363
f 451/887/364 456/888/365 452/889/366
f 446/890/367 458/891/368 462/892/369 447/893/370
f 448/894/371 460/895/372 461/896/373 449/897/374
f 447/893/370 462/892/369 460/895/372 448/894/371
f 454/898/375 452/889/366 456/888/365
f 450/899/376 448/900/377 449/901/378
f 468/902/379 466/903/380 460/895/372 462/892/369
f 449/897/374 461/896/373 459/904/361 450/905/360
f 466/903/380 454/906/381 455/907/382 467/908/383
f 445/886/363 457/885/362 458/891/368 446/890/367
f 452/889/366 454/898/375 453/909/384
f 454/898/375 456/888/365 455/910/385
f 447/911/386 448/900/377 446/912/387
f 446/912/387 450/899/376 445/913/388
f 448/900/377 450/899/376 446/912/387
f 467/908/383 455/907/382 456/914/389 465/915/390
f 464/916/391 452/917/392 453/918/393 468/902/379
f 468/902/379 453/918/393 454/906/381 466/903/380
f 463/919/394 451/920/395 452/917/392 464/916/391
f 465/921/390 456/922/389 451/920/395 463/919/394
f 467/908/383 465/915/390 459/904/361 461/896/373
f 464/916/391 468/902/379 462/892/369 458/891/368
f 466/903/380 467/908/383 461/896/373 460/895/372
f 465/921/390 463/919/394 457/885/362 459/884/361
f 463/919/394 464/916/391 458/891/368 457/885/362
f 474/923/396 469/924/397 481/925/398 483/926/399
f 470/927/400 471/928/401 486/929/402 482/930/403
f 472/931/404 473/932/405 485/933/406 484/934/407
f 471/928/401 472/931/404 484/934/407 486/929/402
f 492/935/408 486/929/402 484/934/407 490/936/409
f 473/932/405 474/937/396 483/938/399 485/933/406
f 490/936/409 491/939/410 479/940/411 478/941/412
f 469/924/397 470/927/400 482/930/403 481/925/398
f 491/939/410 489/942/413 480/943/414 479/940/411
f 488/944/415 492/935/408 477/945/416 476/946/417
f 492/935/408 490/936/409 478/941/412 477/945/416
f 487/947/418 488/944/415 476/946/417 475/948/419
f 489/949/413 487/947/418 475/948/419 480/950/414
f 491/939/410 485/933/406 483/938/399 489/942/413
f 488/944/415 482/930/403 486/929/402 492/935/408
f 490/936/409 484/934/407 485/933/406 491/939/410
f 489/949/413 483/926/399 481/925/398 487/947/418
f 487/947/418 481/925/398 482/930/403 488/944/415
f 474/951/420 472/952/421 470/953/422
f 476/954/423 478/955/424 480/956/425
f 475/957/426 476/954/423 480/956/425
f 476/954/423 477/958/427 478/955/424
f 478/955/424 479/959/428 480/956/425
f 471/960/429 470/953/422 472/952/421
f 470/953/422 469/961/430 474/951/420
f 474/951/420 473/962/431 472/952/421
f 493/963/432 494/964/432 496/965/432 495/966/432
f 495/967/433 496/965/433 500/968/433 499/969/433
f 499/970/434 500/968/434 498/971/434 497/972/434
f 497/973/435 498/971/435 494/964/435 493/974/435
f 495/975/436 499/976/436 497/977/436 493/978/436
f 500/968/437 496/965/437 494/964/437 498/971/437
f 501/979/438 502/980/438 504/981/438 503/982/438
f 503/983/439 504/981/439 508/984/439 507/985/439
f 507/986/440 508/984/440 506/987/440 505/988/440
f 505/989/441 506/987/441 502/980/441 501/990/441
f 503/991/442 507/992/442 505/993/442 501/994/442
f 508/984/443 504/981/443 502/980/443 506/987/443
f 509/995/444 510/996/444 512/997/444 511/998/444
f 511/999/445 512/997/445 516/1000/445 515/1001/445
f 515/1002/446 516/1000/446 514/1003/446 513/1004/446
f 513/1005/447 514/1003/447 510/996/447 509/1006/447
f 511/1007/448 515/1008/448 513/1009/448 509/1010/448
f 516/1000/449 512/997/449 510/996/449 514/1003/449
f 517/1011/450 518/1012/450 520/1013/450 519/1014/450
f 519/1015/451 520/1013/451 524/1016/451 523/1017/451
f 523/1018/452 524/1016/452 522/1019/452 521/1020/452
f 521/1021/453 522/1019/453 518/1012/453 517/1022/453
f 519/1023/454 523/1024/454 521/1025/454 517/1026/454
f 524/1016/455 520/1013/455 518/1012/455 522/1019/455
f 525/1027/456 526/1028/456 528/1029/456 527/1030/456
f 529/1031/457 530/1032/457 532/1033/457 531/1034/457
f 533/1035/458 534/1036/458 536/1037/458 535/1038/458
f 538/1039/459 528/1029/459 526/1028/459 540/1040/459
f 527/1041/460 537/1042/460 539/1043/460 525/1044/460
f 539/1045/461 540/1040/461 526/1028/461 525/1046/461
f 527/1047/462 528/1029/462 538/1039/462 537/1048/462
f 542/1049/463 532/1033/463 530/1032/463 544/1050/463
f 531/1051/464 541/1052/464 543/1053/464 529/1054/464
f 543/1055/465 544/1050/465 530/1032/465 529/1056/465
f 531/1057/466 532/1033/466 542/1049/466 541/1058/466
f 546/1059/467 536/1037/467 534/1036/467 548/1060/467
f 535/1061/468 545/1062/468 547/1063/468 533/1064/468
f 547/1065/469 548/1060/469 534/1036/469 533/1066/469
f 535/1067/470 536/1037/470 546/1059/470 545/1068/470
f 549/1069/471 550/1070/471 552/1071/471 551/1072/471
f 554/1073/472 552/1071/472 550/1070/472 556/1074/472
f 551/1075/473 553/1076/473 555/1077/473 549/1078/473
f 555/1079/474 556/1074/474 550/1070/474 549/1080/474
f 551/1081/475 552/1071/475 554/1073/475 553/1082/475
f 557/1083/476 558/1084/476 560/1085/476 559/1086/476
f 562/1087/477 560/1085/477 558/1084/477 564/1088/477
f 559/1089/478 561/1090/478 563/1091/478 557/1092/478
f 563/1093/479 564/1088/479 558/1084/479 557/1094/479
f 559/1095/480 560/1085/480 562/1087/480 561/1096/480
f 565/1097/481 566/1098/481 568/1099/481 567/1100/481
f 570/1101/482 568/1099/482 566/1098/482 572/1102/482
f 567/1103/483 569/1104/483 571/1105/483 565/1106/483
f 571/1107/484 572/1102/484 566/1098/484 565/1108/484
f 567/1109/485 568/1099/485 570/1101/485 569/1110/485
f 538/1111/486 540/1112/486 539/1113/486 537/1114/486
f 542/1115/487 544/1116/487 543/1117/487 541/1118/487
f 546/1119/488 548/1120/488 547/1121/488 545/1122/488
f 554/1123/489 556/1124/489 555/1125/489 553/1126/489
f 562/1127/490 564/1128/490 563/1129/490 561/1130/490
f 570/1131/491 572/1132/491 571/1133/491 569/1134/491
f 573/1135/492 574/1136/492 576/1137/492 575/1138/492
f 577/1139/493 578/1140/493 580/1141/493 579/1142/493
f 581/1143/494 582/1144/494 584/1145/494 583/1146/494
f 585/1147/495 586/1148/495 588/1149/495 587/1150/495
f 590/1151/496 576/1137/496 574/1136/496 592/1152/496
f 575/1153/497 589/1154/497 591/1155/497 573/1156/497
f 591/1157/498 592/1152/498 574/1136/498 573/1158/498
f 575/1159/499 576/1137/499 590/1151/499 589/1160/499
f 594/1161/500 580/1141/500 578/1140/500 596/1162/500
f 579/1163/501 593/1164/501 595/1165/501 577/1166/501
f 595/1167/502 596/1162/502 578/1140/502 577/1168/502
f 579/1169/503 580/1141/503 594/1161/503 593/1170/503
f 598/1171/504 588/1149/504 586/1148/504 600/1172/504
f 587/1173/505 597/1174/505 599/1175/505 585/1176/505
f 599/1177/506 600/1172/506 586/1148/506 585/1178/506
f 587/1179/507 588/1149/507 598/1171/507 597/1180/507
f 602/1181/508 584/1145/508 582/1144/508 604/1182/508
f 583/1183/509 601/1184/509 603/1185/509 581/1186/509
f 603/1187/510 604/1182/510 582/1144/510 581/1188/510
f 583/1189/511 584/1145/511 602/1181/511 601/1190/511
f 605/1191/512 606/1192/512 608/1193/512 607/1194/512
f 610/1195/513 608/1193/513 606/1192/513 612/1196/513
f 607/1197/514 609/1198/514 611/1199/514 605/1200/514
f 611/1201/515 612/1196/515 606/1192/515 605/1202/515
f 607/1203/516 608/1193/516 610/1195/516 609/1204/516
f 613/1205/476 614/1206/476 616/1207/476 615/1208/476
f 618/1209/517 616/1207/517 614/1206/517 620/1210/517
f 615/1211/478 617/1212/478 619/1213/478 613/1214/478
f 619/1215/479 620/1210/479 614/1206/479 613/1216/479
f 615/1217/518 616/1207/518 618/1209/518 617/1218/518
f 621/1219/519 622/1220/519 624/1221/519 623/1222/519
f 626/1223/520 624/1221/520 622/1220/520 628/1224/520
f 623/1225/521 625/1226/521 627/1227/521 621/1228/521
f 627/1229/522 628/1224/522 622/1220/522 621/1230/522
f 623/1231/523 624/1221/523 626/1223/523 625/1232/523
f 590/1233/524 592/1234/524 591/1235/524 589/1236/524
f 594/1237/525 596/1238/525 595/1239/525 593/1240/525
f 598/1241/526 600/1242/526 599/1243/526 597/1244/526
f 602/1245/527 604/1246/527 603/1247/527 601/1248/527
f 610/1249/528 612/1250/528 611/1251/528 609/1252/528
f 618/1253/490 620/1254/490 619/1255/490 617/1256/490
f 626/1257/529 628/1258/529 627/1259/529 625/1260/529
f 629/1261/530 630/1262/530 632/1263/530 631/1264/530
f 634/1265/531 632/1263/531 630/1262/531 636/1266/531
f 631/1267/532 633/1268/532 635/1269/532 629/1270/532
f 635/1271/533 636/1266/533 630/1262/533 629/1272/533
f 631/1273/534 632/1263/534 634/1265/534 633/1274/534
f 634/1275/535 636/1276/535 635/1277/535 633/1278/535
f 637/1279/476 638/1280/476 640/1281/476 639/1282/476
f 642/1283/517 640/1281/517 638/1280/517 644/1284/517
f 639/1285/478 641/1286/478 643/1287/478 637/1288/478
f 643/1289/479 644/1284/479 638/1280/479 637/1290/479
f 639/1291/480 640/1281/480 642/1283/480 641/1292/480
f 642/1293/490 644/1294/490 643/1295/490 641/1296/490
f 645/1297/536 646/1298/536 648/1299/536 647/1300/536
f 649/1301/537 650/1302/537 652/1303/537 651/1304/537
f 653/1305/538 654/1306/538 656/1307/538 655/1308/538
f 658/1309/539 648/1299/539 646/1298/539 660/1310/539
f 647/1311/540 657/1312/540 659/1313/540 645/1314/540
f 659/1315/541 660/1310/541 646/1298/541 645/1316/541
f 647/1317/542 648/1299/542 658/1309/542 657/1318/542
f 662/1319/543 656/1307/543 654/1306/543 664/1320/543
f 655/1321/544 661/1322/544 663/1323/544 653/1324/544
f 663/1325/545 664/1320/545 654/1306/545 653/1326/545
f 655/1327/546 656/1307/546 662/1319/546 661/1328/546
f 666/1329/547 652/1303/547 650/1302/547 668/1330/547
f 651/1331/548 665/1332/548 667/1333/548 649/1334/548
f 667/1335/549 668/1330/549 650/1302/549 649/1336/549
f 651/1337/550 652/1303/550 666/1329/550 665/1338/550
f 669/1339/551 670/1340/551 672/1341/551 671/1342/551
f 674/1343/552 672/1341/552 670/1340/552 676/1344/552
f 671/1345/553 673/1346/553 675/1347/553 669/1348/553
f 675/1349/554 676/1344/554 670/1340/554 669/1350/554
f 671/1351/555 672/1341/555 674/1343/555 673/1352/555
f 677/1353/556 678/1354/556 680/1355/556 679/1356/556
f 682/1357/557 680/1355/557 678/1354/557 684/1358/557
f 679/1359/558 681/1360/558 683/1361/558 677/1362/558
f 683/1363/559 684/1358/559 678/1354/559 677/1364/559
f 679/1365/560 680/1355/560 682/1357/560 681/1366/560
f 658/1367/561 660/1368/561 659/1369/561 657/1370/561
f 662/1371/562 664/1372/562 663/1373/562 661/1374/562
f 666/1375/563 668/1376/563 667/1377/563 665/1378/563
f 674/1379/564 676/1380/564 675/1381/564 673/1382/564
f 682/1383/565 684/1384/565 683/1385/565 681/1386/565
f 685/1387/566 686/1388/566 688/1389/566 687/1390/566
f 689/1391/567 690/1392/567 692/1393/567 691/1394/567
f 693/1395/568 694/1396/568 696/1397/568 695/1398/568
f 697/1399/569 698/1400/569 700/1401/569 699/1402/569
f 702/1403/570 688/1389/570 686/1388/570 704/1404/570
f 687/1405/571 701/1406/571 703/1407/571 685/1408/571
f 703/1409/572 704/1404/572 686/1388/572 685/1410/572
f 687/1411/573 688/1389/573 702/1403/573 701/1412/573
f 706/1413/574 692/1393/574 690/1392/574 708/1414/574
f 691/1415/575 705/1416/575 707/1417/575 689/1418/575
f 707/1419/576 708/1414/576 690/1392/576 689/1420/576
f 691/1421/577 692/1393/577 706/1413/577 705/1422/577
f 710/1423/578 700/1401/578 698/1400/578 712/1424/578
f 699/1425/579 709/1426/579 711/1427/579 697/1428/579
f 711/1429/580 712/1424/580 698/1400/580 697/1430/580
f 699/1431/581 700/1401/581 710/1423/581 709/1432/581
f 714/1433/582 696/1397/582 694/1396/582 716/1434/582
f 695/1435/583 713/1436/583 715/1437/583 693/1438/583
f 715/1439/584 716/1434/584 694/1396/584 693/1440/584
f 695/1441/585 696/1397/585 714/1433/585 713/1442/585
f 717/1443/586 718/1444/586 720/1445/586 719/1446/586
f 722/1447/587 720/1445/587 718/1444/587 724/1448/587
f 719/1449/588 721/1450/588 723/1451/588 717/1452/588
f 723/1453/589 724/1448/589 718/1444/589 717/1454/589
f 719/1455/590 720/1445/590 722/1447/590 721/1456/590
f 725/1457/591 726/1458/591 728/1459/591 727/1460/591
f 730/1461/592 728/1459/592 726/1458/592 732/1462/592
f 727/1463/593 729/1464/593 731/1465/593 725/1466/593
f 731/1467/594 732/1462/594 726/1458/594 725/1468/594
f 727/1469/595 728/1459/595 730/1461/595 729/1470/595
f 702/1471/596 704/1472/596 703/1473/596 701/1474/596
f 706/1475/597 708/1476/597 707/1477/597 705/1478/597
f 710/1479/598 712/1480/598 711/1481/598 709/1482/598
f 714/1483/599 716/1484/599 715/1485/599 713/1486/599
f 722/1487/600 724/1488/600 723/1489/600 721/1490/600
f 730/1491/601 732/1492/601 731/1493/601 729/1494/601
f 733/1495/602 734/1496/602 736/1497/602 735/1498/602
f 738/1499/603 736/1497/603 734/1496/603 740/1500/603
f 735/1501/604 737/1502/604 739/1503/604 733/1504/604
f 739/1505/605 740/1500/605 734/1496/605 733/1506/605
f 735/1507/606 736/1497/606 738/1499/606 737/1508/606
f 738/1509/607 740/1510/607 739/1511/607 737/1512/607
f 741/1513/608 742/1514/608 744/1515/608 743/1516/608
f 746/1517/609 744/1515/609 742/1514/609 748/1518/609
f 743/1519/610 745/1520/610 747/1521/610 741/1522/610
f 747/1523/611 748/1518/611 742/1514/611 741/1524/611
f 743/1525/612 744/1515/612 746/1517/612 745/1526/612
f 746/1527/613 748/1528/613 747/1529/613 745/1530/613
f 931/1531/614 930/1532/615 752/1533/616 750/1534/616
f 750/1535/617 752/1536/617 751/1537/617 749/1538/617
f 756/1539/618 754/1540/618 753/1541/618 755/1542/618
f 930/1543/619 756/1544/620 755/1542/620 929/1545/621
f 932/1546/622 929/1545/623 755/1542/624 753/1541/624
f 931/1547/625 750/1548/626 749/1538/626 932/1546/627
f 928/1549/628 926/1550/629 760/1551/630 758/1552/630
f 928/1553/631 758/1554/632 757/1555/632 927/1556/633
f 764/1557/634 762/1558/634 761/1559/634 763/1560/634
f 926/1561/635 764/1562/636 763/1560/636 925/1563/637
f 927/1556/638 925/1563/639 763/1560/640 761/1559/640
f 758/1564/641 760/1565/641 759/1566/641 757/1555/641
f 952/1567/642 949/1568/643 768/1569/644 766/1570/644
f 952/1571/645 766/1572/646 765/1573/646 950/1574/647
f 772/1575/648 770/1576/648 769/1577/648 771/1578/648
f 918/1579/649 772/1580/650 771/1578/650 917/1581/651
f 919/1582/652 917/1581/653 771/1578/654 769/1577/654
f 766/1583/655 768/1584/655 767/1585/655 765/1573/655
f 924/1586/656 922/1587/657 776/1588/658 774/1589/658
f 780/1590/659 778/1591/659 777/1592/659 779/1593/659
f 924/1594/660 774/1595/661 773/1596/661 923/1597/662
f 922/1598/663 780/1599/664 779/1593/664 921/1600/665
f 923/1597/666 921/1600/667 779/1593/668 777/1592/668
f 774/1601/669 776/1602/669 775/1603/669 773/1596/669
f 781/1604/670 783/1605/670 784/1606/670 782/1607/670
f 897/1608/671 787/1609/672 788/1610/672 898/1611/673
f 787/1612/674 785/1613/674 786/1614/674 788/1610/674
f 899/1615/675 781/1616/676 782/1607/676 900/1617/677
f 897/1618/678 899/1619/679 785/1620/680 787/1621/680
f 898/1611/681 900/1617/682 782/1607/683 784/1606/683
f 789/1622/684 791/1623/684 792/1624/684 790/1625/684
f 901/1626/685 795/1627/686 796/1628/686 902/1629/687
f 795/1630/688 793/1631/688 794/1632/688 796/1628/688
f 908/1633/689 906/1634/690 828/1635/691 826/1636/691
f 901/1637/692 903/1638/693 793/1639/694 795/1640/694
f 797/1641/695 799/1642/695 800/1643/695 798/1644/695
f 893/1645/696 803/1646/697 804/1647/697 894/1648/698
f 803/1649/699 801/1650/699 802/1651/699 804/1647/699
f 895/1652/700 797/1653/701 798/1644/701 896/1654/702
f 893/1655/703 895/1656/704 801/1657/705 803/1658/705
f 894/1648/706 896/1654/707 798/1644/708 800/1643/708
f 805/1659/709 807/1660/709 808/1661/709 806/1662/709
f 811/1663/710 809/1664/710 810/1665/710 812/1666/710
f 913/1667/711 811/1668/712 812/1666/712 914/1669/713
f 915/1670/714 805/1671/715 806/1662/715 916/1672/716
f 913/1673/717 915/1674/718 809/1675/719 811/1676/719
f 914/1669/720 916/1672/721 806/1662/722 808/1661/722
f 813/1677/723 815/1678/723 816/1679/723 814/1680/723
f 909/1681/724 819/1682/725 820/1683/725 910/1684/726
f 819/1685/727 817/1686/727 818/1687/727 820/1683/727
f 911/1688/728 813/1689/729 814/1680/729 912/1690/730
f 909/1691/731 911/1692/732 817/1693/733 819/1694/733
f 910/1684/734 912/1690/735 814/1680/736 816/1679/736
f 821/1695/737 823/1696/737 824/1697/737 822/1698/737
f 827/1699/738 825/1700/738 826/1636/738 828/1635/738
f 907/1701/739 821/1702/740 822/1698/740 908/1633/741
f 905/1703/742 907/1704/743 825/1705/744 827/1706/744
f 906/1634/690 908/1633/689 822/1698/745 824/1697/745
f 935/1707/746 934/1708/747 832/1709/748 830/1710/748
f 830/1711/749 832/1712/749 831/1713/749 829/1714/749
f 836/1715/750 834/1716/750 833/1717/750 835/1718/750
f 934/1719/751 836/1720/752 835/1718/752 933/1721/753
f 936/1722/754 933/1721/755 835/1718/756 833/1717/756
f 935/1723/757 830/1724/758 829/1714/758 936/1722/759
f 940/1725/760 938/1726/761 840/1727/762 838/1728/762
f 940/1729/763 838/1730/764 837/1731/764 939/1732/765
f 844/1733/766 842/1734/766 841/1735/766 843/1736/766
f 938/1737/767 844/1738/768 843/1736/768 937/1739/769
f 939/1732/770 937/1739/771 843/1736/772 841/1735/772
f 838/1740/773 840/1741/773 839/1742/773 837/1731/773
f 961/1743/774 885/1744/775 886/1745/775 963/1746/776
f 944/1747/777 942/1748/778 848/1749/779 846/1750/779
f 852/1751/780 850/1752/780 849/1753/780 851/1754/780
f 944/1755/781 846/1756/782 845/1757/782 943/1758/783
f 942/1759/784 852/1760/785 851/1754/785 941/1761/786
f 943/1758/787 941/1761/788 851/1754/789 849/1753/789
f 846/1762/790 848/1763/790 847/1764/790 845/1757/790
f 853/1765/791 855/1766/791 856/1767/791 854/1768/791
f 859/1769/792 857/1770/792 858/1771/792 860/1772/792
f 860/1772/793 858/1771/793 972/1773/794 970/1774/795
f 861/1775/796 863/1776/796 864/1777/796 862/1778/796
f 867/1779/797 865/1780/797 866/1781/797 868/1782/797
f 868/1782/798 866/1781/798 968/1783/799 966/1784/800
f 869/1785/801 871/1786/801 872/1787/801 870/1788/801
f 959/1789/802 875/1790/803 876/1791/803 957/1792/804
f 875/1793/805 873/1794/805 874/1795/805 876/1791/805
f 959/1796/806 958/1797/807 873/1798/808 875/1799/808
f 877/1800/809 879/1801/809 880/1802/809 878/1803/809
f 883/1804/810 881/1805/810 882/1806/810 884/1807/810
f 945/1808/811 883/1809/812 884/1807/812 946/1810/813
f 947/1811/814 877/1812/815 878/1803/815 948/1813/816
f 945/1814/817 947/1815/818 881/1816/819 883/1817/819
f 946/1810/820 948/1813/821 878/1803/822 880/1802/822
f 885/1818/823 887/1819/823 888/1820/823 886/1745/823
f 891/1821/824 889/1822/824 890/1823/824 892/1824/824
f 964/1825/825 891/1826/826 892/1824/826 962/1827/827
f 804/1647/828 802/1651/828 896/1654/707 894/1648/706
f 799/1828/829 797/1829/829 895/1656/704 893/1655/703
f 801/1830/830 895/1652/700 896/1654/702 802/1651/830
f 799/1831/831 893/1645/696 894/1648/698 800/1643/831
f 788/1610/832 786/1614/832 900/1617/682 898/1611/681
f 783/1832/833 781/1833/833 899/1619/679 897/1618/678
f 785/1834/834 899/1615/675 900/1617/677 786/1614/834
f 783/1835/835 897/1608/671 898/1611/673 784/1606/835
f 796/1628/836 794/1632/836 904/1836/837 902/1629/838
f 793/1837/839 903/1838/840 904/1836/841 794/1632/839
f 955/1839/842 954/1840/843 790/1625/844 792/1624/844
f 823/1841/845 821/1842/845 907/1704/743 905/1703/742
f 907/1701/739 908/1633/741 826/1636/846 825/1843/846
f 823/1844/847 905/1845/848 906/1634/849 824/1697/847
f 820/1683/850 818/1687/850 912/1690/735 910/1684/734
f 815/1846/851 813/1847/851 911/1692/732 909/1691/731
f 817/1848/852 911/1688/728 912/1690/730 818/1687/852
f 815/1849/853 909/1681/724 910/1684/726 816/1679/853
f 812/1666/854 810/1665/854 916/1672/721 914/1669/720
f 807/1850/855 805/1851/855 915/1674/718 913/1673/717
f 809/1852/856 915/1670/714 916/1672/716 810/1665/856
f 807/1853/857 913/1667/711 914/1669/713 808/1661/857
f 950/1574/858 951/1854/859 917/1581/653 919/1582/652
f 949/1855/860 918/1579/649 917/1581/651 951/1854/861
f 770/1856/862 920/1857/863 919/1582/864 769/1577/862
f 770/1858/865 772/1859/865 918/1860/866 920/1861/867
f 773/1596/868 775/1603/868 921/1600/667 923/1597/666
f 776/1862/869 922/1598/663 921/1600/665 775/1603/869
f 778/1863/870 924/1594/660 923/1597/662 777/1592/870
f 778/1864/871 780/1865/871 922/1587/657 924/1586/656
f 757/1555/872 759/1566/872 925/1563/639 927/1556/638
f 760/1866/873 926/1561/635 925/1563/637 759/1566/873
f 762/1867/874 928/1553/631 927/1556/633 761/1559/874
f 762/1868/875 764/1869/875 926/1550/629 928/1549/628
f 754/1870/876 931/1547/625 932/1546/627 753/1541/876
f 749/1538/877 751/1537/877 929/1545/623 932/1546/622
f 752/1871/878 930/1543/619 929/1545/621 751/1537/878
f 754/1872/879 756/1873/879 930/1532/615 931/1531/614
f 834/1874/880 935/1723/757 936/1722/759 833/1717/880
f 829/1714/881 831/1713/881 933/1721/755 936/1722/754
f 832/1875/882 934/1719/751 933/1721/753 831/1713/882
f 834/1876/883 836/1877/883 934/1708/747 935/1707/746
f 837/1731/884 839/1742/884 937/1739/771 939/1732/770
f 840/1878/885 938/1737/767 937/1739/769 839/1742/885
f 842/1879/886 940/1729/763 939/1732/765 841/1735/886
f 842/1880/887 844/1881/887 938/1726/761 940/1725/760
f 845/1757/888 847/1764/888 941/1761/788 943/1758/787
f 848/1882/889 942/1759/784 941/1761/786 847/1764/889
f 850/1883/890 944/1755/781 943/1758/783 849/1753/890
f 850/1884/891 852/1885/891 942/1748/778 944/1747/777
f 884/1807/892 882/1806/892 948/1813/821 946/1810/820
f 879/1886/893 877/1887/893 947/1815/818 945/1814/817
f 881/1888/894 947/1811/814 948/1813/816 882/1806/894
f 879/1889/895 945/1808/811 946/1810/813 880/1802/895
f 970/1774/795 972/1773/794 854/1768/896 856/1767/896
f 971/1890/897 853/1891/898 854/1768/898 972/1773/899
f 855/1892/900 853/1893/900 971/1894/901 969/1895/902
f 988/1896/903 986/1897/904 960/1898/905 958/1899/906
f 966/1784/800 968/1783/799 862/1778/907 864/1777/907
f 967/1900/908 861/1901/909 862/1778/909 968/1783/910
f 863/1902/911 861/1903/911 967/1904/912 965/1905/913
f 768/1906/914 949/1855/860 951/1854/861 767/1585/914
f 765/1573/915 767/1585/915 951/1854/859 950/1574/858
f 920/1857/863 952/1571/645 950/1574/647 919/1582/864
f 920/1861/867 918/1860/866 949/1568/643 952/1567/642
f 791/1907/916 953/1908/917 955/1839/918 792/1624/916
f 955/1839/918 953/1908/917 901/1626/685 902/1629/687
f 956/1909/919 789/1910/920 790/1625/920 954/1840/921
f 953/1911/922 956/1912/923 903/1638/693 901/1637/692
f 902/1629/838 904/1836/837 954/1840/843 955/1839/842
f 903/1838/840 956/1909/919 954/1840/921 904/1836/841
f 791/1913/924 789/1914/924 956/1912/923 953/1911/922
f 873/1915/925 958/1899/906 960/1898/905 874/1795/925
f 876/1791/926 874/1795/926 960/1898/927 957/1792/928
f 892/1824/929 890/1823/929 963/1746/930 962/1827/931
f 889/1916/932 961/1743/774 963/1746/776 890/1823/932
f 963/1746/930 886/1745/933 888/1820/933 962/1827/931
f 887/1917/934 885/1918/934 961/1919/935 964/1920/936
f 887/1921/937 964/1825/825 962/1827/827 888/1820/937
f 964/1920/936 961/1919/935 889/1922/938 891/1923/938
f 967/1904/912 865/1924/939 867/1925/939 965/1905/913
f 865/1926/940 967/1900/908 968/1783/910 866/1781/940
f 965/1927/941 867/1928/942 868/1782/942 966/1784/943
f 863/1929/944 965/1927/941 966/1784/943 864/1777/944
f 971/1894/901 857/1930/945 859/1931/945 969/1895/902
f 857/1932/946 971/1890/897 972/1773/899 858/1771/946
f 969/1933/947 859/1934/948 860/1772/948 970/1774/949
f 855/1935/950 969/1933/947 970/1774/949 856/1767/950
f 905/1845/848 827/1936/951 828/1635/952 906/1634/849
f 983/1937/953 982/1938/954 976/1939/955 974/1940/955
f 974/1941/956 976/1942/956 975/1943/956 973/1944/956
f 980/1945/957 978/1946/957 977/1947/957 979/1948/957
f 982/1949/958 980/1950/959 979/1948/959 981/1951/960
f 984/1952/961 981/1951/962 979/1948/963 977/1947/963
f 983/1953/964 974/1954/965 973/1944/965 984/1952/966
f 978/1955/967 983/1953/964 984/1952/966 977/1947/967
f 973/1944/968 975/1943/968 981/1951/962 984/1952/961
f 976/1956/969 982/1949/958 981/1951/960 975/1943/969
f 978/1957/970 980/1958/970 982/1938/954 983/1937/953
f 986/1897/971 987/1959/971 957/1792/928 960/1898/927
f 985/1960/972 988/1961/973 958/1797/807 959/1796/806
f 987/1959/971 986/1897/971 870/1788/974 872/1787/974
f 871/1962/975 985/1963/976 987/1959/977 872/1787/975
f 988/1896/903 869/1964/978 870/1788/978 986/1897/904
f 871/1965/979 869/1966/979 988/1961/973 985/1960/972
f 987/1959/977 985/1963/976 959/1789/802 957/1792/804
f 994/1967/980 990/1968/980 992/1969/980 996/1970/980
f 990/1971/981 989/1972/981 991/1973/981 992/1974/981
f 996/1975/982 995/1976/982 993/1977/982 994/1978/982
f 992/1979/983 991/1973/983 995/1976/983 996/1980/983
f 989/1972/984 993/1977/984 995/1976/984 991/1973/984
f 994/1981/985 993/1977/985 989/1972/985 990/1982/985
f 998/1983/986 997/1984/986 999/1985/986 1000/1986/986
f 1004/1987/987 1003/1988/987 1001/1989/987 1002/1990/987
f 997/1984/988 1008/1991/989 1005/1992/990 999/1985/988
f 1000/1993/991 999/1985/991 1005/1992/992 1006/1994/993
f 1002/1995/994 1001/1989/994 1008/1991/995 1007/1996/996
f 1007/1996/996 1008/1991/995 997/1984/997 998/1997/997
f 1007/1998/998 998/1999/999 1000/2000/999 1006/2001/1000
f 1008/1991/989 1001/1989/1001 1003/1988/1001 1005/1992/990
f 1005/1992/992 1003/1988/1002 1004/2002/1002 1006/1994/993
f 1002/2003/1003 1007/1998/998 1006/2001/1000 1004/2004/1003
f 1014/2005/1004 1010/2006/1004 1012/2007/1004 1016/2008/1004
f 1010/2009/1005 1009/2010/1005 1011/2011/1005 1012/2012/1005
f 1016/2013/1006 1015/2014/1006 1013/2015/1006 1014/2016/1006
f 1012/2017/1007 1011/2011/1007 1015/2014/1007 1016/2018/1007
f 1009/2010/1008 1013/2015/1008 1015/2014/1008 1011/2011/1008
f 1014/2019/1009 1013/2015/1009 1009/2010/1009 1010/2020/1009
f 1018/2021/1010 1017/2022/1010 1019/2023/1010 1020/2024/1010
f 1024/2025/1011 1023/2026/1011 1021/2027/1011 1022/2028/1011
f 1017/2022/1012 1028/2029/1013 1025/2030/1014 1019/2023/1012
f 1020/2031/1015 1019/2023/1015 1025/2030/1016 1026/2032/1017
f 1022/2033/1018 1021/2027/1018 1028/2029/1019 1027/2034/1020
f 1027/2034/1020 1028/2029/1019 1017/2022/1021 1018/2035/1021
f 1027/2036/1022 1018/2037/1023 1020/2038/1023 1026/2039/1024
f 1028/2029/1013 1021/2027/1025 1023/2026/1025 1025/2030/1014
f 1025/2030/1016 1023/2026/1026 1024/2040/1026 1026/2032/1017
f 1022/2041/1027 1027/2036/1022 1026/2039/1024 1024/2042/1027
f 1030/2043/1028 1032/2044/1028 1031/2045/1028 1029/2046/1028
f 1036/2047/1029 1034/2048/1029 1033/2049/1029 1035/2050/1029
f 1029/2046/1030 1031/2045/1030 1037/2051/1031 1040/2052/1032
f 1032/2053/1033 1038/2054/1034 1037/2051/1035 1031/2045/1033
f 1034/2055/1036 1039/2056/1037 1040/2052/1038 1033/2049/1036
f 1039/2056/1037 1030/2057/1039 1029/2046/1039 1040/2052/1038
f 1039/2058/1040 1038/2059/1041 1032/2060/1042 1030/2061/1042
f 1040/2052/1032 1037/2051/1031 1035/2050/1043 1033/2049/1043
f 1037/2051/1035 1038/2054/1034 1036/2062/1044 1035/2050/1044
f 1034/2063/1045 1036/2064/1045 1038/2059/1041 1039/2058/1040
f 1046/2065/1046 1048/2066/1046 1044/2067/1046 1042/2068/1046
f 1042/2069/1047 1044/2070/1047 1043/2071/1047 1041/2072/1047
f 1048/2073/1048 1046/2074/1048 1045/2075/1048 1047/2076/1048
f 1044/2077/1049 1048/2078/1049 1047/2076/1049 1043/2071/1049
f 1041/2072/1050 1043/2071/1050 1047/2076/1050 1045/2075/1050
f 1046/2079/1051 1042/2080/1051 1041/2072/1051 1045/2075/1051
f 1050/2081/1052 1052/2082/1052 1051/2083/1052 1049/2084/1052
f 1056/2085/1053 1054/2086/1053 1053/2087/1053 1055/2088/1053
f 1049/2084/1054 1051/2083/1054 1057/2089/1055 1060/2090/1056
f 1052/2091/1057 1058/2092/1058 1057/2089/1059 1051/2083/1057
f 1054/2093/1060 1059/2094/1061 1060/2090/1062 1053/2087/1060
f 1059/2094/1061 1050/2095/1063 1049/2084/1063 1060/2090/1062
f 1059/2096/1064 1058/2097/1065 1052/2098/1066 1050/2099/1066
f 1060/2090/1056 1057/2089/1055 1055/2088/1067 1053/2087/1067
f 1057/2089/1059 1058/2092/1058 1056/2100/1068 1055/2088/1068
f 1054/2101/1069 1056/2102/1069 1058/2097/1065 1059/2096/1064
f 1062/2103/1070 1064/2104/1070 1063/2105/1070 1061/2106/1070
f 1068/2107/1071 1066/2108/1071 1065/2109/1071 1067/2110/1071
f 1061/2106/1072 1063/2105/1072 1069/2111/1073 1072/2112/1074
f 1064/2113/1075 1070/2114/1076 1069/2111/1077 1063/2105/1075
f 1066/2115/1078 1071/2116/1079 1072/2112/1080 1065/2109/1078
f 1071/2116/1079 1062/2117/1081 1061/2106/1081 1072/2112/1080
f 1071/2118/1082 1070/2119/1083 1064/2120/1084 1062/2121/1084
f 1072/2112/1074 1069/2111/1073 1067/2110/1085 1065/2109/1085
f 1069/2111/1077 1070/2114/1076 1068/2122/1086 1067/2110/1086
f 1066/2123/1087 1068/2124/1087 1070/2119/1083 1071/2118/1082
f 1078/2125/1088 1074/2126/1088 1076/2127/1088 1080/2128/1088
f 1074/2129/1089 1073/2130/1089 1075/2131/1089 1076/2132/1089
f 1080/2133/1090 1079/2134/1090 1077/2135/1090 1078/2136/1090
f 1076/2137/1091 1075/2131/1091 1079/2134/1091 1080/2138/1091
f 1073/2130/1092 1077/2135/1092 1079/2134/1092 1075/2131/1092
f 1078/2139/1093 1077/2135/1093 1073/2130/1093 1074/2140/1093
f 1219/2141/1094 1082/2142/1095 1084/2143/1095 1218/2144/1096
f 1082/2145/1097 1081/2146/1097 1083/2147/1097 1084/2148/1097
f 1088/2149/1098 1087/2150/1098 1085/2151/1098 1086/2152/1098
f 1218/2153/1099 1217/2154/1100 1087/2150/1101 1088/2155/1101
f 1220/2156/1102 1085/2151/1103 1087/2150/1103 1217/2154/1104
f 1219/2157/1105 1220/2156/1106 1081/2146/1107 1082/2158/1107
f 1216/2159/1108 1090/2160/1109 1092/2161/1109 1214/2162/1110
f 1216/2163/1111 1215/2164/1112 1089/2165/1113 1090/2166/1113
f 1096/2167/1114 1095/2168/1114 1093/2169/1114 1094/2170/1114
f 1214/2171/1115 1213/2172/1116 1095/2168/1117 1096/2173/1117
f 1215/2164/1118 1093/2169/1119 1095/2168/1119 1213/2172/1120
f 1090/2174/1121 1089/2165/1121 1091/2175/1121 1092/2176/1121
f 1212/2177/1122 1098/2178/1123 1100/2179/1123 1210/2180/1124
f 1104/2181/1125 1103/2182/1125 1101/2183/1125 1102/2184/1125
f 1212/2185/1126 1211/2186/1127 1097/2187/1128 1098/2188/1128
f 1210/2189/1129 1209/2190/1130 1103/2182/1131 1104/2191/1131
f 1211/2186/1132 1101/2183/1133 1103/2182/1133 1209/2190/1134
f 1098/2192/1135 1097/2187/1135 1099/2193/1135 1100/2194/1135
f 1105/2195/1136 1106/2196/1136 1108/2197/1136 1107/2198/1136
f 1205/2199/1137 1206/2200/1138 1112/2201/1139 1111/2202/1139
f 1111/2203/1140 1112/2201/1140 1110/2204/1140 1109/2205/1140
f 1205/2206/1141 1111/2207/1142 1109/2208/1142 1207/2209/1143
f 1113/2210/1144 1114/2211/1144 1116/2212/1144 1115/2213/1144
f 1201/2214/1145 1202/2215/1146 1120/2216/1147 1119/2217/1147
f 1119/2218/1148 1120/2216/1148 1118/2219/1148 1117/2220/1148
f 1203/2221/1149 1204/2222/1150 1114/2211/1151 1113/2223/1151
f 1201/2224/1152 1119/2225/1153 1117/2226/1153 1203/2227/1154
f 1202/2215/1155 1116/2212/1156 1114/2211/1156 1204/2222/1157
f 1121/2228/1158 1122/2229/1158 1124/2230/1158 1123/2231/1158
f 1127/2232/1159 1128/2233/1159 1126/2234/1159 1125/2235/1159
f 1128/2233/1160 1274/2236/1161 1276/2237/1162 1126/2234/1160
f 1274/2236/1161 1124/2230/1163 1122/2229/1163 1276/2237/1162
f 1125/2238/1164 1126/2234/1164 1276/2237/1165 1275/2239/1166
f 1129/2240/1167 1130/2241/1167 1132/2242/1167 1131/2243/1167
f 1135/2244/1168 1136/2245/1168 1134/2246/1168 1133/2247/1168
f 1280/2248/1169 1279/2249/1170 1283/2250/1171 1284/2251/1172
f 1131/2252/1173 1277/2253/1174 1279/2254/1175 1129/2255/1173
f 1223/2256/1176 1138/2257/1177 1140/2258/1177 1222/2259/1178
f 1138/2260/1179 1137/2261/1179 1139/2262/1179 1140/2263/1179
f 1144/2264/1180 1143/2265/1180 1141/2266/1180 1142/2267/1180
f 1222/2268/1181 1221/2269/1182 1143/2265/1183 1144/2270/1183
f 1224/2271/1184 1141/2266/1185 1143/2265/1185 1221/2269/1186
f 1223/2272/1187 1224/2271/1188 1137/2261/1189 1138/2273/1189
f 1228/2274/1190 1146/2275/1191 1148/2276/1191 1226/2277/1192
f 1228/2278/1193 1227/2279/1194 1145/2280/1195 1146/2281/1195
f 1152/2282/1196 1151/2283/1196 1149/2284/1196 1150/2285/1196
f 1226/2286/1197 1225/2287/1198 1151/2283/1199 1152/2288/1199
f 1227/2279/1200 1149/2284/1201 1151/2283/1201 1225/2287/1202
f 1146/2289/1203 1145/2280/1203 1147/2290/1203 1148/2291/1203
f 1232/2292/1204 1231/2293/1205 1153/2294/1206 1154/2295/1206
f 1268/2296/1207 1266/2297/1208 1200/2298/1209 1199/2299/1209
f 1160/2300/1210 1159/2301/1210 1157/2302/1210 1158/2303/1210
f 1230/2304/1211 1229/2305/1212 1159/2301/1213 1160/2306/1213
f 1231/2293/1214 1157/2302/1215 1159/2301/1215 1229/2305/1216
f 1154/2307/1217 1153/2294/1217 1155/2308/1217 1156/2309/1217
f 1161/2310/1218 1162/2311/1218 1164/2312/1218 1163/2313/1218
f 1237/2314/1219 1238/2315/1220 1168/2316/1221 1167/2317/1221
f 1167/2318/1222 1168/2316/1222 1166/2319/1222 1165/2320/1222
f 1239/2321/1223 1240/2322/1224 1162/2311/1225 1161/2323/1225
f 1237/2324/1226 1167/2325/1227 1165/2326/1227 1239/2327/1228
f 1238/2315/1229 1164/2312/1230 1162/2311/1230 1240/2322/1231
f 1169/2328/1232 1170/2329/1232 1172/2330/1232 1171/2331/1232
f 1241/2332/1233 1242/2333/1234 1176/2334/1235 1175/2335/1235
f 1175/2336/1236 1176/2334/1236 1174/2337/1236 1173/2338/1236
f 1243/2339/1237 1244/2340/1238 1170/2329/1239 1169/2341/1239
f 1241/2342/1240 1175/2343/1241 1173/2344/1241 1243/2345/1242
f 1242/2333/1243 1172/2330/1244 1170/2329/1244 1244/2340/1245
f 1177/2346/1246 1178/2347/1246 1180/2348/1246 1179/2349/1246
f 1263/2350/1247 1261/2351/1248 1184/2352/1249 1183/2353/1249
f 1183/2354/1250 1184/2352/1250 1182/2355/1250 1181/2356/1250
f 1180/2348/1251 1261/2351/1248 1263/2350/1247 1179/2357/1252
f 1263/2358/1253 1183/2359/1254 1181/2360/1254 1262/2361/1255
f 1179/2362/1256 1263/2358/1253 1262/2361/1255 1177/2363/1257
f 1185/2364/1258 1186/2365/1258 1188/2366/1258 1187/2367/1258
f 1191/2368/1259 1192/2369/1259 1190/2370/1259 1189/2371/1259
f 1233/2372/1260 1234/2373/1261 1192/2369/1262 1191/2374/1262
f 1235/2375/1263 1236/2376/1264 1186/2365/1265 1185/2377/1265
f 1233/2378/1266 1191/2379/1267 1189/2380/1267 1235/2381/1268
f 1234/2373/1269 1188/2366/1270 1186/2365/1270 1236/2376/1271
f 1193/2382/1272 1194/2383/1272 1196/2384/1272 1195/2385/1272
f 1199/2386/1273 1200/2298/1273 1198/2387/1273 1197/2388/1273
f 1265/2389/1274 1267/2390/1275 1194/2383/1276 1193/2391/1276
f 1197/2392/1277 1198/2387/1277 1267/2390/1275 1265/2389/1274
f 1266/2297/1278 1196/2384/1279 1194/2383/1279 1267/2390/1280
f 1120/2216/1281 1202/2215/1155 1204/2222/1157 1118/2219/1281
f 1115/2393/1282 1201/2224/1152 1203/2227/1154 1113/2394/1282
f 1117/2395/1283 1118/2219/1283 1204/2222/1150 1203/2221/1149
f 1115/2396/1284 1116/2212/1284 1202/2215/1146 1201/2214/1145
f 1112/2201/1285 1206/2200/1286 1208/2397/1287 1110/2204/1285
f 1109/2398/1288 1110/2204/1288 1208/2397/1289 1207/2399/1290
f 1259/2400/1291 1108/2197/1292 1106/2196/1292 1258/2401/1293
f 1273/2402/1294 1274/2403/1295 1128/2233/1296 1127/2404/1296
f 1273/2405/1297 1127/2406/1298 1125/2407/1298 1275/2408/1299
f 1097/2187/1300 1211/2186/1132 1209/2190/1134 1099/2193/1300
f 1100/2409/1301 1099/2193/1301 1209/2190/1130 1210/2189/1129
f 1102/2410/1302 1101/2183/1302 1211/2186/1127 1212/2185/1126
f 1102/2411/1303 1212/2177/1122 1210/2180/1124 1104/2412/1303
f 1089/2165/1304 1215/2164/1118 1213/2172/1120 1091/2175/1304
f 1092/2413/1305 1091/2175/1305 1213/2172/1116 1214/2171/1115
f 1094/2414/1306 1093/2169/1306 1215/2164/1112 1216/2163/1111
f 1094/2415/1307 1216/2159/1108 1214/2162/1110 1096/2416/1307
f 1086/2417/1308 1085/2151/1308 1220/2156/1106 1219/2157/1105
f 1081/2146/1309 1220/2156/1102 1217/2154/1104 1083/2147/1309
f 1084/2418/1310 1083/2147/1310 1217/2154/1100 1218/2153/1099
f 1086/2419/1311 1219/2141/1094 1218/2144/1096 1088/2420/1311
f 1142/2421/1312 1141/2266/1312 1224/2271/1188 1223/2272/1187
f 1137/2261/1313 1224/2271/1184 1221/2269/1186 1139/2262/1313
f 1140/2422/1314 1139/2262/1314 1221/2269/1182 1222/2268/1181
f 1142/2423/1315 1223/2256/1176 1222/2259/1178 1144/2424/1315
f 1145/2280/1316 1227/2279/1200 1225/2287/1202 1147/2290/1316
f 1148/2425/1317 1147/2290/1317 1225/2287/1198 1226/2286/1197
f 1150/2426/1318 1149/2284/1318 1227/2279/1194 1228/2278/1193
f 1150/2427/1319 1228/2274/1190 1226/2277/1192 1152/2428/1319
f 1153/2294/1320 1231/2293/1214 1229/2305/1216 1155/2308/1321
f 1158/2429/1322 1157/2302/1322 1231/2293/1205 1232/2292/1204
f 1158/2430/1323 1232/2431/1324 1230/2432/1325 1160/2433/1323
f 1192/2369/1326 1234/2373/1269 1236/2376/1271 1190/2370/1326
f 1187/2434/1327 1233/2378/1266 1235/2381/1268 1185/2435/1327
f 1189/2436/1328 1190/2370/1328 1236/2376/1264 1235/2375/1263
f 1187/2437/1329 1188/2366/1329 1234/2373/1261 1233/2372/1260
f 1168/2316/1330 1238/2315/1229 1240/2322/1231 1166/2319/1330
f 1163/2438/1331 1237/2324/1226 1239/2327/1228 1161/2439/1331
f 1165/2440/1332 1166/2319/1332 1240/2322/1224 1239/2321/1223
f 1163/2441/1333 1164/2312/1333 1238/2315/1220 1237/2314/1219
f 1262/2442/1334 1264/2443/1335 1178/2347/1336 1177/2444/1337
f 1176/2334/1338 1242/2333/1243 1244/2340/1245 1174/2337/1338
f 1171/2445/1339 1241/2342/1240 1243/2345/1242 1169/2446/1339
f 1173/2447/1340 1174/2337/1340 1244/2340/1238 1243/2339/1237
f 1171/2448/1341 1172/2330/1341 1242/2333/1234 1241/2332/1233
f 1245/2449/1342 1246/2450/1342 1248/2451/1342 1247/2452/1342
f 1251/2453/1343 1252/2454/1343 1250/2455/1343 1249/2456/1343
f 1253/2457/1344 1254/2458/1345 1252/2454/1346 1251/2459/1346
f 1272/2460/1347 1270/2461/1348 1246/2450/1349 1245/2462/1349
f 1253/2463/1350 1251/2464/1351 1249/2465/1351 1255/2466/1352
f 1271/2467/1353 1248/2451/1354 1246/2450/1354 1270/2461/1355
f 1252/2454/1356 1254/2458/1357 1256/2468/1358 1250/2455/1356
f 1269/2469/1359 1253/2463/1350 1255/2466/1352 1272/2470/1360
f 1249/2471/1361 1250/2455/1361 1256/2468/1362 1255/2472/1363
f 1269/2473/1364 1271/2467/1365 1254/2458/1345 1253/2457/1344
f 1107/2474/1366 1108/2197/1366 1259/2400/1367 1257/2475/1368
f 1259/2400/1367 1206/2200/1138 1205/2199/1137 1257/2475/1368
f 1260/2476/1369 1258/2401/1370 1106/2196/1371 1105/2477/1371
f 1257/2478/1372 1205/2206/1141 1207/2209/1143 1260/2479/1373
f 1206/2200/1286 1259/2400/1291 1258/2401/1293 1208/2397/1287
f 1207/2399/1290 1208/2397/1289 1258/2401/1370 1260/2476/1369
f 1107/2480/1374 1257/2478/1372 1260/2479/1373 1105/2481/1374
f 1181/2482/1375 1182/2355/1375 1264/2443/1335 1262/2442/1334
f 1184/2352/1376 1261/2351/1377 1264/2443/1377 1182/2355/1376
f 1195/2483/1378 1268/2484/1379 1265/2485/1380 1193/2486/1378
f 1268/2484/1379 1199/2487/1381 1197/2488/1381 1265/2485/1380
f 1232/2431/1324 1154/2489/1382 1156/2490/1383 1230/2432/1325
f 1200/2298/1384 1266/2297/1278 1267/2390/1280 1198/2387/1384
f 1195/2491/1385 1196/2384/1385 1266/2297/1208 1268/2296/1207
f 1247/2492/1386 1248/2451/1386 1271/2467/1365 1269/2473/1364
f 1247/2493/1387 1269/2469/1359 1272/2470/1360 1245/2494/1387
f 1254/2458/1357 1271/2467/1353 1270/2461/1355 1256/2468/1358
f 1255/2472/1363 1256/2468/1362 1270/2461/1348 1272/2460/1347
f 1261/2351/1377 1180/2348/1388 1178/2347/1389 1264/2443/1377
f 1136/2245/1390 1282/2495/1391 1284/2251/1392 1134/2246/1390
f 1123/2496/1393 1273/2405/1297 1275/2408/1299 1121/2497/1393
f 1276/2237/1165 1122/2229/1394 1121/2498/1394 1275/2239/1166
f 1123/2499/1395 1124/2230/1395 1274/2403/1295 1273/2402/1294
f 1156/2500/1396 1155/2308/1397 1229/2305/1212 1230/2304/1211
f 1278/2501/1398 1132/2242/1399 1130/2241/1399 1280/2248/1400
f 1279/2249/1170 1280/2248/1169 1130/2241/1401 1129/2502/1401
f 1278/2501/1398 1280/2248/1400 1284/2251/1392 1282/2495/1391
f 1281/2503/1402 1283/2504/1403 1279/2254/1175 1277/2253/1174
f 1131/2505/1404 1132/2242/1404 1278/2501/1405 1277/2506/1406
f 1281/2503/1402 1135/2507/1407 1133/2508/1407 1283/2504/1403
f 1133/2509/1408 1134/2246/1408 1284/2251/1172 1283/2250/1171
f 1282/2495/1409 1136/2245/1410 1135/2510/1410 1281/2511/1411
f 1282/2495/1409 1281/2511/1411 1277/2506/1406 1278/2501/1405
f 1285/2512/1412 1286/2513/1412 1288/2514/1412 1287/2515/1412
f 1287/2516/1413 1288/2514/1413 1292/2517/1413 1291/2518/1413
f 1291/2519/1414 1292/2517/1414 1290/2520/1414 1289/2521/1414
f 1289/2522/1415 1290/2520/1415 1286/2513/1415 1285/2523/1415
f 1287/2524/1416 1291/2525/1416 1289/2526/1416 1285/2527/1416
f 1292/2517/1417 1288/2514/1417 1286/2513/1417 1290/2520/1417
f 1293/2528/1418 1294/2529/1418 1296/2530/1418 1295/2531/1418
f 1295/2532/1419 1296/2530/1419 1300/2533/1419 1299/2534/1419
f 1299/2535/1420 1300/2533/1420 1298/2536/1420 1297/2537/1420
f 1297/2538/1421 1298/2536/1421 1294/2529/1421 1293/2539/1421
f 1295/2540/1422 1299/2541/1422 1297/2542/1422 1293/2543/1422
f 1300/2533/1423 1296/2530/1423 1294/2529/1423 1298/2536/1423
f 1301/2544/1424 1302/2545/1424 1304/2546/1424 1303/2547/1424
f 1303/2548/1425 1304/2546/1425 1308/2549/1425 1307/2550/1425
f 1307/2551/1426 1308/2549/1426 1306/2552/1426 1305/2553/1426
f 1305/2554/1427 1306/2552/1427 1302/2545/1427 1301/2555/1427
f 1303/2556/1428 1307/2557/1428 1305/2558/1428 1301/2559/1428
f 1308/2549/1429 1304/2546/1429 1302/2545/1429 1306/2552/1429
f 1309/2560/1430 1310/2561/1430 1312/2562/1430 1311/2563/1430
f 1311/2564/1431 1312/2562/1431 1316/2565/1431 1315/2566/1431
f 1315/2567/1432 1316/2565/1432 1314/2568/1432 1313/2569/1432
f 1313/2570/1433 1314/2568/1433 1310/2561/1433 1309/2571/1433
f 1311/2572/1434 1315/2573/1434 1313/2574/1434 1309/2575/1434
f 1316/2565/1435 1312/2562/1435 1310/2561/1435 1314/2568/1435
f 1317/2576/1436 1318/2577/1436 1320/2578/1436 1319/2579/1436
f 1319/2580/1437 1320/2578/1437 1324/2581/1437 1323/2582/1437
f 1323/2583/1438 1324/2581/1438 1322/2584/1438 1321/2585/1438
f 1321/2586/1439 1322/2584/1439 1318/2577/1439 1317/2587/1439
f 1319/2588/1440 1323/2589/1440 1321/2590/1440 1317/2591/1440
f 1324/2581/1441 1320/2578/1441 1318/2577/1441 1322/2584/1441
f 1325/2592/1442 1326/2593/1442 1328/2594/1442 1327/2595/1442
f 1327/2596/1443 1328/2594/1443 1332/2597/1443 1331/2598/1443
f 1331/2599/1444 1332/2597/1444 1330/2600/1444 1329/2601/1444
f 1329/2602/1445 1330/2600/1445 1326/2593/1445 1325/2603/1445
f 1327/2604/1446 1331/2605/1446 1329/2606/1446 1325/2607/1446
f 1332/2597/1447 1328/2594/1447 1326/2593/1447 1330/2600/1447
f 1333/2608/1448 1334/2609/1448 1336/2610/1448 1335/2611/1448
f 1339/2612/1449 1340/2613/1449 1338/2614/1449 1337/2615/1449
f 1335/2616/1450 1336/2610/1450 1340/2613/1450 1339/2617/1450
f 1337/2618/1451 1338/2614/1451 1334/2609/1451 1333/2619/1451
f 1335/2620/1452 1339/2621/1452 1337/2622/1452 1333/2623/1452
f 1340/2613/1453 1336/2610/1453 1334/2609/1453 1338/2614/1453
f 1341/2624/1454 1342/2625/1454 1344/2626/1454 1343/2627/1454
f 1343/2628/1455 1344/2626/1455 1348/2629/1455 1347/2630/1455
f 1347/2631/1456 1348/2629/1456 1346/2632/1456 1345/2633/1456
f 1345/2634/1457 1346/2632/1457 1342/2625/1457 1341/2635/1457
f 1343/2636/1458 1347/2637/1458 1345/2638/1458 1341/2639/1458
f 1348/2629/1459 1344/2626/1459 1342/2625/1459 1346/2632/1459
f 1349/2640/1460 1350/2641/1460 1352/2642/1460 1351/2643/1460
f 1351/2644/1461 1352/2642/1461 1356/2645/1461 1355/2646/1461
f 1355/2647/1462 1356/2645/1462 1354/2648/1462 1353/2649/1462
f 1353/2650/1463 1354/2648/1463 1350/2641/1463 1349/2651/1463
f 1351/2652/1464 1355/2653/1464 1353/2654/1464 1349/2655/1464
f 1356/2645/1465 1352/2642/1465 1350/2641/1465 1354/2648/1465
f 1357/2656/1466 1358/2657/1466 1360/2658/1466 1359/2659/1466
f 1359/2660/1467 1360/2658/1467 1364/2661/1467 1363/2662/1467
f 1363/2663/1468 1364/2661/1468 1362/2664/1468 1361/2665/1468
f 1361/2666/1469 1362/2664/1469 1358/2657/1469 1357/2667/1469
f 1359/2668/1470 1363/2669/1470 1361/2670/1470 1357/2671/1470
f 1364/2661/1471 1360/2658/1471 1358/2657/1471 1362/2664/1471
f 1365/2672/1472 1366/2673/1472 1368/2674/1472 1367/2675/1472
f 1371/2676/1473 1372/2677/1473 1370/2678/1473 1369/2679/1473
f 1367/2680/1474 1368/2674/1474 1372/2677/1474 1371/2681/1474
f 1369/2682/1475 1370/2678/1475 1366/2673/1475 1365/2683/1475
f 1367/2684/1476 1371/2685/1476 1369/2686/1476 1365/2687/1476
f 1372/2677/1477 1368/2674/1477 1366/2673/1477 1370/2678/1477
f 1373/2688/1478 1374/2689/1478 1376/2690/1478 1375/2691/1478
f 1375/2692/1479 1376/2690/1479 1380/2693/1479 1379/2694/1479
f 1379/2695/1480 1380/2693/1480 1378/2696/1480 1377/2697/1480
f 1377/2698/1481 1378/2696/1481 1374/2689/1481 1373/2699/1481
f 1375/2700/1482 1379/2701/1482 1377/2702/1482 1373/2703/1482
f 1380/2693/1483 1376/2690/1483 1374/2689/1483 1378/2696/1483
f 1381/2704/1484 1382/2705/1484 1384/2706/1484 1383/2707/1484
f 1383/2708/1485 1384/2706/1485 1388/2709/1485 1387/2710/1485
f 1387/2711/1486 1388/2709/1486 1386/2712/1486 1385/2713/1486
f 1385/2714/1487 1386/2712/1487 1382/2705/1487 1381/2715/1487
f 1383/2716/1488 1387/2717/1488 1385/2718/1488 1381/2719/1488
f 1388/2709/1489 1384/2706/1489 1382/2705/1489 1386/2712/1489
f 1389/2720/1490 1390/2721/1490 1392/2722/1490 1391/2723/1490
f 1391/2724/1491 1392/2722/1491 1396/2725/1491 1395/2726/1491
f 1395/2727/1492 1396/2725/1492 1394/2728/1492 1393/2729/1492
f 1393/2730/1493 1394/2728/1493 1390/2721/1493 1389/2731/1493
f 1391/2732/1494 1395/2733/1494 1393/2734/1494 1389/2735/1494
f 1396/2725/1495 1392/2722/1495 1390/2721/1495 1394/2728/1495
f 1397/2736/1496 1398/2737/1496 1400/2738/1496 1399/2739/1496
f 1399/2740/1497 1400/2738/1497 1404/2741/1497 1403/2742/1497
f 1403/2743/1498 1404/2741/1498 1402/2744/1498 1401/2745/1498
f 1401/2746/1499 1402/2744/1499 1398/2737/1499 1397/2747/1499
f 1399/2748/1500 1403/2749/1500 1401/2750/1500 1397/2751/1500
f 1404/2741/1501 1400/2738/1501 1398/2737/1501 1402/2744/1501
f 1459/2752/1502 1457/2753/1503 1430/2754/1504 1432/2755/1504
f 1436/2756/274 1434/2757/275 1408/2758/276 1406/2759/276
f 1412/2760/280 1410/2761/280 1409/2762/280 1411/2763/280
f 1436/2764/281 1406/2765/282 1405/2766/282 1435/2767/283
f 1434/2768/270 1412/2769/271 1411/2763/271 1433/2770/272
f 1435/2767/277 1433/2770/278 1411/2763/279 1409/2762/279
f 1406/2771/273 1408/2772/273 1407/2773/273 1405/2766/273
f 1413/2774/1505 1415/2775/1505 1416/2776/1505 1414/2777/1505
f 1419/2778/1506 1417/2779/1506 1418/2780/1506 1420/2781/1506
f 1420/2781/1507 1418/2780/1507 1444/2782/1508 1442/2783/1509
f 1421/2784/1510 1423/2785/1510 1424/2786/1510 1422/2787/1510
f 1427/2788/1511 1425/2789/1511 1426/2790/1511 1428/2791/1511
f 1428/2791/1512 1426/2790/1512 1440/2792/1513 1438/2793/1514
f 1447/2794/1515 1445/2795/1515 1446/2796/1515 1448/2797/1515
f 1405/2766/1516 1407/2773/1516 1433/2770/278 1435/2767/277
f 1408/2798/303 1434/2768/270 1433/2770/272 1407/2773/303
f 1410/2799/304 1436/2764/281 1435/2767/283 1409/2762/304
f 1410/2800/305 1412/2801/305 1434/2757/275 1436/2756/274
f 1442/2783/1509 1444/2782/1508 1414/2777/1517 1416/2776/1517
f 1443/2802/1518 1413/2803/1519 1414/2777/1519 1444/2782/1518
f 1415/2804/1520 1413/2805/1520 1443/2806/1521 1441/2807/1522
f 1438/2793/1514 1440/2792/1513 1422/2787/1523 1424/2786/1523
f 1439/2808/1524 1421/2809/1525 1422/2787/1525 1440/2792/1526
f 1423/2810/1527 1421/2811/1527 1439/2812/1528 1437/2813/1529
f 1439/2812/1528 1425/2814/1530 1427/2815/1530 1437/2813/1529
f 1425/2816/1531 1439/2808/1524 1440/2792/1526 1426/2790/1531
f 1437/2817/1532 1427/2818/1533 1428/2791/1533 1438/2793/1534
f 1423/2819/1535 1437/2817/1532 1438/2793/1534 1424/2786/1535
f 1443/2806/1521 1417/2820/1536 1419/2821/1536 1441/2807/1522
f 1417/2822/1537 1443/2802/1518 1444/2782/1518 1418/2780/1537
f 1441/2823/1538 1419/2824/1539 1420/2781/1539 1442/2783/1540
f 1415/2825/1541 1441/2823/1538 1442/2783/1540 1416/2776/1541
f 1460/2826/1542 1458/2827/1543 1445/2828/1544 1447/2829/1544
f 1429/2830/1545 1431/2831/1545 1432/2755/1545 1430/2754/1545
f 1460/2832/1546 1447/2833/1547 1448/2797/1547 1459/2752/1548
f 1458/2834/1549 1429/2835/1550 1430/2754/1550 1457/2753/1551
f 1449/2836/1552 1451/2837/1552 1452/2838/1552 1450/2839/1552
f 1455/2840/1553 1453/2841/1553 1454/2842/1553 1456/2843/1553
f 1461/2844/1554 1455/2845/1555 1456/2843/1555 1462/2846/1556
f 1463/2847/1557 1449/2848/1558 1450/2839/1558 1464/2849/1559
f 1461/2850/1560 1463/2851/1561 1453/2852/1562 1455/2853/1562
f 1462/2846/1563 1464/2849/1564 1450/2839/1565 1452/2838/1565
f 1448/2797/1566 1446/2796/1566 1457/2753/1503 1459/2752/1502
f 1445/2854/1567 1458/2834/1549 1457/2753/1551 1446/2796/1567
f 1431/2855/1568 1460/2832/1546 1459/2752/1548 1432/2755/1568
f 1431/2856/1569 1429/2857/1569 1458/2827/1543 1460/2826/1542
f 1456/2843/1570 1454/2842/1570 1464/2849/1564 1462/2846/1563
f 1451/2858/1571 1449/2859/1571 1463/2851/1561 1461/2850/1560
f 1453/2860/1572 1463/2847/1557 1464/2849/1559 1454/2842/1572
f 1451/2861/1573 1461/2844/1554 1462/2846/1556 1452/2838/1573
f 1465/2862/1552 1467/2863/1552 1468/2864/1552 1466/2865/1552
f 1471/2866/1553 1469/2867/1553 1470/2868/1553 1472/2869/1553
f 1473/2870/1554 1471/2871/1555 1472/2869/1555 1474/2872/1556
f 1475/2873/1557 1465/2874/1558 1466/2865/1558 1476/2875/1574
f 1473/2876/1560 1475/2877/1561 1469/2878/1562 1471/2879/1562
f 1474/2872/1563 1476/2875/1564 1466/2865/1565 1468/2864/1565
f 1472/2869/1570 1470/2868/1570 1476/2875/1564 1474/2872/1563
f 1467/2880/1571 1465/2881/1571 1475/2877/1561 1473/2876/1560
f 1469/2882/1572 1475/2873/1557 1476/2875/1574 1470/2868/1572
f 1467/2883/1573 1473/2870/1554 1474/2872/1556 1468/2864/1573
f 1488/2884/1575 1486/2885/1576 1480/2886/1577 1478/2887/1577
f 1484/2888/1578 1482/2889/1578 1481/2890/1578 1483/2891/1578
f 1488/2892/1579 1478/2893/1580 1477/2894/1580 1487/2895/1581
f 1486/2896/1582 1484/2897/1583 1483/2891/1583 1485/2898/1584
f 1487/2895/1585 1485/2898/1586 1483/2891/1587 1481/2890/1587
f 1478/2899/1588 1480/2900/1588 1479/2901/1588 1477/2894/1588
f 1477/2894/1589 1479/2901/1589 1485/2898/1586 1487/2895/1585
f 1480/2902/1590 1486/2896/1582 1485/2898/1584 1479/2901/1590
f 1482/2903/1591 1488/2892/1579 1487/2895/1581 1481/2890/1591
f 1482/2904/1592 1484/2905/1592 1486/2885/1576 1488/2884/1575
f 1491/2906/1593 1492/2907/1593 1490/2908/1593 1489/2909/1593
f 1489/2910/1594 1490/2908/1594 1495/2911/1594 1493/2912/1594
f 1492/2907/1595 1494/2913/1595 1495/2911/1595 1490/2908/1595
f 1496/2914/1596 1494/2913/1596 1492/2907/1596 1491/2915/1596
f 1493/2916/1597 1496/2917/1597 1491/2918/1597 1489/2919/1597
f 1502/2920/1598 1498/2921/1598 1500/2922/1598 1504/2923/1598
f 1498/2924/1599 1497/2925/1599 1499/2926/1599 1500/2927/1599
f 1504/2928/1600 1503/2929/1600 1501/2930/1600 1502/2931/1600
f 1500/2932/1601 1499/2926/1601 1503/2929/1601 1504/2933/1601
f 1497/2925/1602 1501/2930/1602 1503/2929/1602 1499/2926/1602
f 1502/2934/1603 1501/2930/1603 1497/2925/1603 1498/2935/1603
f 1506/2936/1604 1505/2937/1604 1507/2938/1604 1508/2939/1604
f 1512/2940/1605 1511/2941/1605 1509/2942/1605 1510/2943/1605
f 1505/2937/1606 1516/2944/1607 1513/2945/1608 1507/2938/1606
f 1508/2946/1609 1507/2938/1609 1513/2945/1610 1514/2947/1611
f 1510/2948/1612 1509/2942/1612 1516/2944/1613 1515/2949/1614
f 1515/2949/1614 1516/2944/1613 1505/2937/1615 1506/2950/1615
f 1515/2951/1616 1506/2952/1617 1508/2953/1617 1514/2954/1618
f 1516/2944/1607 1509/2942/1619 1511/2941/1619 1513/2945/1608
f 1513/2945/1610 1511/2941/1620 1512/2955/1620 1514/2947/1611
f 1510/2956/1621 1515/2951/1616 1514/2954/1618 1512/2957/1621
f 1522/2958/1622 1524/2959/1622 1520/2960/1622 1518/2961/1622
f 1518/2962/1623 1520/2963/1623 1519/2964/1623 1517/2965/1623
f 1524/2966/1624 1522/2967/1624 1521/2968/1624 1523/2969/1624
f 1520/2970/1625 1524/2971/1625 1523/2969/1625 1519/2964/1625
f 1517/2965/1626 1519/2964/1626 1523/2969/1626 1521/2968/1626
f 1522/2972/1627 1518/2973/1627 1517/2965/1627 1521/2968/1627
f 1530/2974/1628 1532/2975/1628 1528/2976/1628 1526/2977/1628
f 1526/2978/1629 1528/2979/1629 1527/2980/1629 1525/2981/1629
f 1532/2982/1630 1530/2983/1630 1529/2984/1630 1531/2985/1630
f 1528/2986/1631 1532/2987/1631 1531/2985/1631 1527/2980/1631
f 1525/2981/1632 1527/2980/1632 1531/2985/1632 1529/2984/1632
f 1530/2988/1633 1526/2989/1633 1525/2981/1633 1529/2984/1633
f 1587/2990/1634 1534/2991/1635 1536/2992/1636 1584/2993/1637
f 1540/2994/1638 1539/2995/1638 1537/2996/1638 1538/2997/1638
f 1534/2998/1639 1533/2999/1639 1535/3000/1639 1536/3001/1639
f 1578/3002/1640 1547/3003/1641 1545/3004/1641 1579/3005/1642
f 1541/3006/1643 1542/3007/1643 1544/3008/1643 1543/3009/1643
f 1547/3010/1644 1548/3011/1644 1546/3012/1644 1545/3013/1644
f 1567/3014/1645 1568/3015/1646 1542/3007/1647 1541/3016/1647
f 1565/3017/1648 1566/3018/1649 1580/3019/1650 1578/3020/1651
f 1566/3018/1652 1544/3008/1653 1542/3007/1653 1568/3015/1654
f 1572/3021/1655 1550/3022/1656 1552/3023/1656 1570/3024/1657
f 1556/3025/1658 1555/3026/1658 1553/3027/1658 1554/3028/1658
f 1572/3029/1659 1571/3030/1660 1549/3031/1661 1550/3032/1661
f 1570/3033/1662 1569/3034/1663 1555/3026/1664 1556/3035/1664
f 1571/3030/1665 1553/3027/1666 1555/3026/1666 1569/3034/1667
f 1550/3036/1668 1549/3031/1668 1551/3037/1668 1552/3038/1668
f 1557/3039/1669 1558/3040/1669 1560/3041/1669 1559/3042/1669
f 1563/3043/1670 1564/3044/1670 1562/3045/1670 1561/3046/1670
f 1573/3047/1671 1574/3048/1672 1564/3044/1673 1563/3049/1673
f 1575/3050/1674 1576/3051/1675 1558/3040/1676 1557/3052/1676
f 1573/3053/1677 1563/3054/1678 1561/3055/1678 1575/3056/1679
f 1574/3048/1680 1560/3041/1681 1558/3040/1681 1576/3051/1682
f 1545/3057/1683 1546/3012/1683 1577/3058/1684 1579/3059/1685
f 1543/3060/1686 1565/3061/1687 1567/3062/1688 1541/3063/1686
f 1548/3011/1689 1580/3019/1690 1577/3058/1691 1546/3012/1689
f 1543/3064/1692 1544/3008/1692 1566/3018/1649 1565/3017/1648
f 1538/3065/1693 1588/3066/1694 1583/3067/1695 1540/3068/1693
f 1583/3069/1696 1581/3070/1697 1539/2995/1698 1540/3071/1698
f 1549/3031/1699 1571/3030/1665 1569/3034/1667 1551/3037/1699
f 1552/3072/1700 1551/3037/1700 1569/3034/1663 1570/3033/1662
f 1554/3073/1701 1553/3027/1701 1571/3030/1660 1572/3029/1659
f 1554/3074/1702 1572/3021/1655 1570/3024/1657 1556/3075/1702
f 1564/3044/1703 1574/3048/1680 1576/3051/1682 1562/3045/1703
f 1559/3076/1704 1573/3053/1677 1575/3056/1679 1557/3077/1704
f 1561/3078/1705 1562/3045/1705 1576/3051/1675 1575/3050/1674
f 1559/3079/1706 1560/3041/1706 1574/3048/1672 1573/3047/1671
f 1533/2999/1707 1585/3080/1708 1582/3081/1709 1535/3000/1710
f 1587/3082/1711 1585/3080/1712 1533/2999/1713 1534/3083/1714
f 1535/3000/1715 1582/3081/1716 1584/3084/1717 1536/3085/1718
f 1538/3086/1719 1537/2996/1719 1586/3087/1720 1588/3088/1721
f 1578/3020/1651 1580/3019/1650 1548/3011/1722 1547/3089/1722
f 1565/3061/1687 1578/3002/1640 1579/3005/1642 1567/3062/1688
f 1580/3019/1690 1566/3018/1652 1568/3015/1654 1577/3058/1691
f 1577/3058/1684 1568/3015/1646 1567/3014/1645 1579/3059/1685
f 1586/3087/1723 1581/3070/1724 1582/3081/1709 1585/3080/1708
f 1581/3070/1697 1583/3069/1696 1584/3084/1717 1582/3081/1716
f 1585/3080/1712 1587/3082/1711 1588/3088/1721 1586/3087/1720
f 1587/2990/1634 1584/2993/1637 1583/3067/1695 1588/3066/1694
f 1586/3087/1723 1537/2996/1725 1539/2995/1725 1581/3070/1724
f 1589/3090/1726 1590/3091/1726 1592/3092/1726 1591/3093/1726
f 1591/3094/1727 1592/3092/1727 1596/3095/1727 1595/3096/1727
f 1595/3097/1728 1596/3095/1728 1594/3098/1728 1593/3099/1728
f 1593/3100/1729 1594/3098/1729 1590/3091/1729 1589/3101/1729
f 1591/3102/1730 1595/3103/1730 1593/3104/1730 1589/3105/1730
f 1596/3095/1731 1592/3092/1731 1590/3091/1731 1594/3098/1731
f 1597/3106/1732 1598/3107/1732 1600/3108/1732 1599/3109/1732
f 1599/3110/1733 1600/3108/1733 1604/3111/1733 1603/3112/1733
f 1603/3113/1734 1604/3111/1734 1602/3114/1734 1601/3115/1734
f 1601/3116/1735 1602/3114/1735 1598/3107/1735 1597/3117/1735
f 1599/3118/1736 1603/3119/1736 1601/3120/1736 1597/3121/1736
f 1604/3111/1737 1600/3108/1737 1598/3107/1737 1602/3114/1737
f 1605/3122/1738 1606/3123/1738 1608/3124/1738 1607/3125/1738
f 1607/3126/1739 1608/3124/1739 1612/3127/1739 1611/3128/1739
f 1611/3129/1740 1612/3127/1740 1610/3130/1740 1609/3131/1740
f 1609/3132/1741 1610/3130/1741 1606/3123/1741 1605/3133/1741
f 1607/3134/1742 1611/3135/1742 1609/3136/1742 1605/3137/1742
f 1612/3127/1743 1608/3124/1743 1606/3123/1743 1610/3130/1743
f 1613/3138/1738 1614/3139/1738 1616/3140/1738 1615/3141/1738
f 1615/3142/1739 1616/3140/1739 1620/3143/1739 1619/3144/1739
f 1619/3145/1740 1620/3143/1740 1618/3146/1740 1617/3147/1740
f 1617/3148/1741 1618/3146/1741 1614/3139/1741 1613/3149/1741
f 1615/3150/1742 1619/3151/1742 1617/3152/1742 1613/3153/1742
f 1620/3143/1743 1616/3140/1743 1614/3139/1743 1618/3146/1743
f 1621/3154/1744 1622/3155/1744 1624/3156/1744 1623/3157/1744
f 1627/3158/1745 1628/3159/1745 1626/3160/1745 1625/3161/1745
f 1623/3162/1746 1624/3156/1746 1628/3159/1746 1627/3163/1746
f 1625/3164/1747 1626/3160/1747 1622/3155/1747 1621/3165/1747
f 1623/3166/1748 1627/3167/1748 1625/3168/1748 1621/3169/1748
f 1628/3159/1749 1624/3156/1749 1622/3155/1749 1626/3160/1749
